Calling target program-options parser
[09:14:22.394] [bmv2] [D] [thread 103364] Set default default entry for table 'MyIngress.ipv4_lpm': MyIngress.drop - 
Adding interface s3-eth1 as port 1
[09:14:22.394] [bmv2] [D] [thread 103364] Adding interface s3-eth1 as port 1
Adding interface s3-eth2 as port 2
[09:14:22.420] [bmv2] [D] [thread 103364] Adding interface s3-eth2 as port 2
Server listening on 0.0.0.0:50248
[09:14:22.432] [bmv2] [I] [thread 103364] Starting Thrift server on port 9287
[09:14:22.432] [bmv2] [I] [thread 103364] Thrift server was started
[09:14:22.461] [bmv2] [D] [thread 103379] [0.0] [cxt 0] Processing packet received on port 2
[09:14:22.461] [bmv2] [D] [thread 103379] [0.0] [cxt 0] Parser 'parser': start
[09:14:22.461] [bmv2] [D] [thread 103379] [0.0] [cxt 0] Parser 'parser' entering state 'start'
[09:14:22.461] [bmv2] [D] [thread 103379] [0.0] [cxt 0] Extracting header 'ethernet'
[09:14:22.461] [bmv2] [D] [thread 103379] [0.0] [cxt 0] Parser state 'start': key is 86dd
[09:14:22.461] [bmv2] [T] [thread 103379] [0.0] [cxt 0] Bytes parsed: 14
[09:14:22.462] [bmv2] [D] [thread 103379] [0.0] [cxt 0] Parser 'parser': end
[09:14:22.462] [bmv2] [D] [thread 103379] [0.0] [cxt 0] Pipeline 'ingress': start
[09:14:22.462] [bmv2] [T] [thread 103379] [0.0] [cxt 0] switch.p4(116) Condition "hdr.ipv4.isValid()" (node_2) is false
[09:14:22.462] [bmv2] [D] [thread 103379] [0.0] [cxt 0] Pipeline 'ingress': end
[09:14:22.462] [bmv2] [D] [thread 103379] [0.0] [cxt 0] Egress port is 0
[09:14:22.463] [bmv2] [D] [thread 103380] [0.0] [cxt 0] Pipeline 'egress': start
[09:14:22.463] [bmv2] [D] [thread 103380] [0.0] [cxt 0] Pipeline 'egress': end
[09:14:22.463] [bmv2] [D] [thread 103380] [0.0] [cxt 0] Deparser 'deparser': start
[09:14:22.463] [bmv2] [T] [thread 103380] [0.0] [cxt 0] Skipping checksum 'cksum' update because condition not met
[09:14:22.463] [bmv2] [D] [thread 103380] [0.0] [cxt 0] Deparsing header 'ethernet'
[09:14:22.463] [bmv2] [D] [thread 103380] [0.0] [cxt 0] Deparser 'deparser': end
[09:14:22.464] [bmv2] [D] [thread 103384] [0.0] [cxt 0] Transmitting packet of size 110 out of port 0
[09:14:22.464] [bmv2] [D] [thread 103379] [1.0] [cxt 0] Processing packet received on port 2
[09:14:22.464] [bmv2] [D] [thread 103379] [1.0] [cxt 0] Parser 'parser': start
[09:14:22.464] [bmv2] [D] [thread 103379] [1.0] [cxt 0] Parser 'parser' entering state 'start'
[09:14:22.464] [bmv2] [D] [thread 103379] [1.0] [cxt 0] Extracting header 'ethernet'
[09:14:22.464] [bmv2] [D] [thread 103379] [1.0] [cxt 0] Parser state 'start': key is 86dd
[09:14:22.464] [bmv2] [T] [thread 103379] [1.0] [cxt 0] Bytes parsed: 14
[09:14:22.464] [bmv2] [D] [thread 103379] [1.0] [cxt 0] Parser 'parser': end
[09:14:22.464] [bmv2] [D] [thread 103379] [1.0] [cxt 0] Pipeline 'ingress': start
[09:14:22.464] [bmv2] [T] [thread 103379] [1.0] [cxt 0] switch.p4(116) Condition "hdr.ipv4.isValid()" (node_2) is false
[09:14:22.464] [bmv2] [D] [thread 103379] [1.0] [cxt 0] Pipeline 'ingress': end
[09:14:22.464] [bmv2] [D] [thread 103379] [1.0] [cxt 0] Egress port is 0
[09:14:22.465] [bmv2] [D] [thread 103380] [1.0] [cxt 0] Pipeline 'egress': start
[09:14:22.465] [bmv2] [D] [thread 103379] [2.0] [cxt 0] Processing packet received on port 2
[09:14:22.465] [bmv2] [D] [thread 103379] [2.0] [cxt 0] Parser 'parser': start
[09:14:22.465] [bmv2] [D] [thread 103379] [2.0] [cxt 0] Parser 'parser' entering state 'start'
[09:14:22.465] [bmv2] [D] [thread 103379] [2.0] [cxt 0] Extracting header 'ethernet'
[09:14:22.466] [bmv2] [D] [thread 103379] [2.0] [cxt 0] Parser state 'start': key is 86dd
[09:14:22.466] [bmv2] [T] [thread 103379] [2.0] [cxt 0] Bytes parsed: 14
[09:14:22.466] [bmv2] [D] [thread 103379] [2.0] [cxt 0] Parser 'parser': end
[09:14:22.466] [bmv2] [D] [thread 103379] [2.0] [cxt 0] Pipeline 'ingress': start
[09:14:22.466] [bmv2] [T] [thread 103379] [2.0] [cxt 0] switch.p4(116) Condition "hdr.ipv4.isValid()" (node_2) is false
[09:14:22.466] [bmv2] [D] [thread 103379] [2.0] [cxt 0] Pipeline 'ingress': end
[09:14:22.466] [bmv2] [D] [thread 103379] [2.0] [cxt 0] Egress port is 0
[09:14:22.466] [bmv2] [D] [thread 103380] [1.0] [cxt 0] Pipeline 'egress': end
[09:14:22.466] [bmv2] [D] [thread 103380] [1.0] [cxt 0] Deparser 'deparser': start
[09:14:22.466] [bmv2] [T] [thread 103380] [1.0] [cxt 0] Skipping checksum 'cksum' update because condition not met
[09:14:22.466] [bmv2] [D] [thread 103380] [1.0] [cxt 0] Deparsing header 'ethernet'
[09:14:22.466] [bmv2] [D] [thread 103380] [1.0] [cxt 0] Deparser 'deparser': end
[09:14:22.466] [bmv2] [D] [thread 103384] [1.0] [cxt 0] Transmitting packet of size 70 out of port 0
[09:14:22.466] [bmv2] [D] [thread 103380] [2.0] [cxt 0] Pipeline 'egress': start
[09:14:22.466] [bmv2] [D] [thread 103380] [2.0] [cxt 0] Pipeline 'egress': end
[09:14:22.466] [bmv2] [D] [thread 103380] [2.0] [cxt 0] Deparser 'deparser': start
[09:14:22.466] [bmv2] [T] [thread 103380] [2.0] [cxt 0] Skipping checksum 'cksum' update because condition not met
[09:14:22.466] [bmv2] [D] [thread 103380] [2.0] [cxt 0] Deparsing header 'ethernet'
[09:14:22.466] [bmv2] [D] [thread 103380] [2.0] [cxt 0] Deparser 'deparser': end
[09:14:22.466] [bmv2] [D] [thread 103384] [2.0] [cxt 0] Transmitting packet of size 90 out of port 0
[09:14:22.563] [bmv2] [D] [thread 103379] [3.0] [cxt 0] Processing packet received on port 2
[09:14:22.563] [bmv2] [D] [thread 103379] [3.0] [cxt 0] Parser 'parser': start
[09:14:22.563] [bmv2] [D] [thread 103379] [3.0] [cxt 0] Parser 'parser' entering state 'start'
[09:14:22.563] [bmv2] [D] [thread 103379] [3.0] [cxt 0] Extracting header 'ethernet'
[09:14:22.563] [bmv2] [D] [thread 103379] [3.0] [cxt 0] Parser state 'start': key is 86dd
[09:14:22.563] [bmv2] [T] [thread 103379] [3.0] [cxt 0] Bytes parsed: 14
[09:14:22.563] [bmv2] [D] [thread 103379] [3.0] [cxt 0] Parser 'parser': end
[09:14:22.563] [bmv2] [D] [thread 103379] [3.0] [cxt 0] Pipeline 'ingress': start
[09:14:22.563] [bmv2] [T] [thread 103379] [3.0] [cxt 0] switch.p4(116) Condition "hdr.ipv4.isValid()" (node_2) is false
[09:14:22.563] [bmv2] [D] [thread 103379] [3.0] [cxt 0] Pipeline 'ingress': end
[09:14:22.563] [bmv2] [D] [thread 103379] [3.0] [cxt 0] Egress port is 0
[09:14:22.565] [bmv2] [D] [thread 103380] [3.0] [cxt 0] Pipeline 'egress': start
[09:14:22.565] [bmv2] [D] [thread 103380] [3.0] [cxt 0] Pipeline 'egress': end
[09:14:22.565] [bmv2] [D] [thread 103380] [3.0] [cxt 0] Deparser 'deparser': start
[09:14:22.565] [bmv2] [T] [thread 103380] [3.0] [cxt 0] Skipping checksum 'cksum' update because condition not met
[09:14:22.565] [bmv2] [D] [thread 103380] [3.0] [cxt 0] Deparsing header 'ethernet'
[09:14:22.565] [bmv2] [D] [thread 103380] [3.0] [cxt 0] Deparser 'deparser': end
[09:14:22.565] [bmv2] [D] [thread 103384] [3.0] [cxt 0] Transmitting packet of size 203 out of port 0
[09:14:22.601] [bmv2] [D] [thread 103379] [4.0] [cxt 0] Processing packet received on port 2
[09:14:22.601] [bmv2] [D] [thread 103379] [4.0] [cxt 0] Parser 'parser': start
[09:14:22.601] [bmv2] [D] [thread 103379] [4.0] [cxt 0] Parser 'parser' entering state 'start'
[09:14:22.601] [bmv2] [D] [thread 103379] [4.0] [cxt 0] Extracting header 'ethernet'
[09:14:22.601] [bmv2] [D] [thread 103379] [4.0] [cxt 0] Parser state 'start': key is 86dd
[09:14:22.601] [bmv2] [T] [thread 103379] [4.0] [cxt 0] Bytes parsed: 14
[09:14:22.601] [bmv2] [D] [thread 103379] [4.0] [cxt 0] Parser 'parser': end
[09:14:22.601] [bmv2] [D] [thread 103379] [4.0] [cxt 0] Pipeline 'ingress': start
[09:14:22.601] [bmv2] [T] [thread 103379] [4.0] [cxt 0] switch.p4(116) Condition "hdr.ipv4.isValid()" (node_2) is false
[09:14:22.601] [bmv2] [D] [thread 103379] [4.0] [cxt 0] Pipeline 'ingress': end
[09:14:22.601] [bmv2] [D] [thread 103379] [4.0] [cxt 0] Egress port is 0
[09:14:22.603] [bmv2] [D] [thread 103380] [4.0] [cxt 0] Pipeline 'egress': start
[09:14:22.603] [bmv2] [D] [thread 103380] [4.0] [cxt 0] Pipeline 'egress': end
[09:14:22.603] [bmv2] [D] [thread 103380] [4.0] [cxt 0] Deparser 'deparser': start
[09:14:22.603] [bmv2] [T] [thread 103380] [4.0] [cxt 0] Skipping checksum 'cksum' update because condition not met
[09:14:22.603] [bmv2] [D] [thread 103380] [4.0] [cxt 0] Deparsing header 'ethernet'
[09:14:22.603] [bmv2] [D] [thread 103380] [4.0] [cxt 0] Deparser 'deparser': end
[09:14:22.604] [bmv2] [D] [thread 103384] [4.0] [cxt 0] Transmitting packet of size 211 out of port 0
[09:14:22.716] [bmv2] [D] [thread 103379] [5.0] [cxt 0] Processing packet received on port 2
[09:14:22.716] [bmv2] [D] [thread 103379] [5.0] [cxt 0] Parser 'parser': start
[09:14:22.716] [bmv2] [D] [thread 103379] [5.0] [cxt 0] Parser 'parser' entering state 'start'
[09:14:22.716] [bmv2] [D] [thread 103379] [5.0] [cxt 0] Extracting header 'ethernet'
[09:14:22.716] [bmv2] [D] [thread 103379] [5.0] [cxt 0] Parser state 'start': key is 86dd
[09:14:22.716] [bmv2] [T] [thread 103379] [5.0] [cxt 0] Bytes parsed: 14
[09:14:22.716] [bmv2] [D] [thread 103379] [5.0] [cxt 0] Parser 'parser': end
[09:14:22.716] [bmv2] [D] [thread 103379] [5.0] [cxt 0] Pipeline 'ingress': start
[09:14:22.716] [bmv2] [T] [thread 103379] [5.0] [cxt 0] switch.p4(116) Condition "hdr.ipv4.isValid()" (node_2) is false
[09:14:22.716] [bmv2] [D] [thread 103379] [5.0] [cxt 0] Pipeline 'ingress': end
[09:14:22.716] [bmv2] [D] [thread 103379] [5.0] [cxt 0] Egress port is 0
[09:14:22.716] [bmv2] [D] [thread 103379] [6.0] [cxt 0] Processing packet received on port 2
[09:14:22.716] [bmv2] [D] [thread 103379] [6.0] [cxt 0] Parser 'parser': start
[09:14:22.716] [bmv2] [D] [thread 103379] [6.0] [cxt 0] Parser 'parser' entering state 'start'
[09:14:22.716] [bmv2] [D] [thread 103379] [6.0] [cxt 0] Extracting header 'ethernet'
[09:14:22.716] [bmv2] [D] [thread 103379] [6.0] [cxt 0] Parser state 'start': key is 86dd
[09:14:22.716] [bmv2] [T] [thread 103379] [6.0] [cxt 0] Bytes parsed: 14
[09:14:22.716] [bmv2] [D] [thread 103379] [6.0] [cxt 0] Parser 'parser': end
[09:14:22.716] [bmv2] [D] [thread 103379] [6.0] [cxt 0] Pipeline 'ingress': start
[09:14:22.716] [bmv2] [T] [thread 103379] [6.0] [cxt 0] switch.p4(116) Condition "hdr.ipv4.isValid()" (node_2) is false
[09:14:22.716] [bmv2] [D] [thread 103379] [6.0] [cxt 0] Pipeline 'ingress': end
[09:14:22.716] [bmv2] [D] [thread 103379] [6.0] [cxt 0] Egress port is 0
[09:14:22.716] [bmv2] [D] [thread 103380] [5.0] [cxt 0] Pipeline 'egress': start
[09:14:22.716] [bmv2] [D] [thread 103380] [5.0] [cxt 0] Pipeline 'egress': end
[09:14:22.716] [bmv2] [D] [thread 103380] [5.0] [cxt 0] Deparser 'deparser': start
[09:14:22.716] [bmv2] [T] [thread 103380] [5.0] [cxt 0] Skipping checksum 'cksum' update because condition not met
[09:14:22.716] [bmv2] [D] [thread 103380] [5.0] [cxt 0] Deparsing header 'ethernet'
[09:14:22.716] [bmv2] [D] [thread 103380] [5.0] [cxt 0] Deparser 'deparser': end
[09:14:22.716] [bmv2] [D] [thread 103380] [6.0] [cxt 0] Pipeline 'egress': start
[09:14:22.716] [bmv2] [D] [thread 103380] [6.0] [cxt 0] Pipeline 'egress': end
[09:14:22.716] [bmv2] [D] [thread 103380] [6.0] [cxt 0] Deparser 'deparser': start
[09:14:22.716] [bmv2] [T] [thread 103380] [6.0] [cxt 0] Skipping checksum 'cksum' update because condition not met
[09:14:22.716] [bmv2] [D] [thread 103380] [6.0] [cxt 0] Deparsing header 'ethernet'
[09:14:22.716] [bmv2] [D] [thread 103380] [6.0] [cxt 0] Deparser 'deparser': end
[09:14:22.716] [bmv2] [D] [thread 103384] [5.0] [cxt 0] Transmitting packet of size 110 out of port 0
[09:14:22.716] [bmv2] [D] [thread 103384] [6.0] [cxt 0] Transmitting packet of size 70 out of port 0
[09:14:22.722] [bmv2] [D] [thread 103379] [7.0] [cxt 0] Processing packet received on port 2
[09:14:22.722] [bmv2] [D] [thread 103379] [7.0] [cxt 0] Parser 'parser': start
[09:14:22.722] [bmv2] [D] [thread 103379] [7.0] [cxt 0] Parser 'parser' entering state 'start'
[09:14:22.722] [bmv2] [D] [thread 103379] [7.0] [cxt 0] Extracting header 'ethernet'
[09:14:22.722] [bmv2] [D] [thread 103379] [7.0] [cxt 0] Parser state 'start': key is 86dd
[09:14:22.722] [bmv2] [T] [thread 103379] [7.0] [cxt 0] Bytes parsed: 14
[09:14:22.722] [bmv2] [D] [thread 103379] [7.0] [cxt 0] Parser 'parser': end
[09:14:22.722] [bmv2] [D] [thread 103379] [7.0] [cxt 0] Pipeline 'ingress': start
[09:14:22.722] [bmv2] [T] [thread 103379] [7.0] [cxt 0] switch.p4(116) Condition "hdr.ipv4.isValid()" (node_2) is false
[09:14:22.722] [bmv2] [D] [thread 103379] [7.0] [cxt 0] Pipeline 'ingress': end
[09:14:22.722] [bmv2] [D] [thread 103379] [7.0] [cxt 0] Egress port is 0
[09:14:22.722] [bmv2] [D] [thread 103380] [7.0] [cxt 0] Pipeline 'egress': start
[09:14:22.722] [bmv2] [D] [thread 103380] [7.0] [cxt 0] Pipeline 'egress': end
[09:14:22.722] [bmv2] [D] [thread 103380] [7.0] [cxt 0] Deparser 'deparser': start
[09:14:22.722] [bmv2] [T] [thread 103380] [7.0] [cxt 0] Skipping checksum 'cksum' update because condition not met
[09:14:22.722] [bmv2] [D] [thread 103380] [7.0] [cxt 0] Deparsing header 'ethernet'
[09:14:22.722] [bmv2] [D] [thread 103380] [7.0] [cxt 0] Deparser 'deparser': end
[09:14:22.722] [bmv2] [D] [thread 103384] [7.0] [cxt 0] Transmitting packet of size 90 out of port 0
[09:14:22.819] [bmv2] [D] [thread 103379] [8.0] [cxt 0] Processing packet received on port 2
[09:14:22.820] [bmv2] [D] [thread 103379] [8.0] [cxt 0] Parser 'parser': start
[09:14:22.820] [bmv2] [D] [thread 103379] [8.0] [cxt 0] Parser 'parser' entering state 'start'
[09:14:22.820] [bmv2] [D] [thread 103379] [8.0] [cxt 0] Extracting header 'ethernet'
[09:14:22.820] [bmv2] [D] [thread 103379] [8.0] [cxt 0] Parser state 'start': key is 86dd
[09:14:22.820] [bmv2] [T] [thread 103379] [8.0] [cxt 0] Bytes parsed: 14
[09:14:22.820] [bmv2] [D] [thread 103379] [8.0] [cxt 0] Parser 'parser': end
[09:14:22.820] [bmv2] [D] [thread 103379] [8.0] [cxt 0] Pipeline 'ingress': start
[09:14:22.820] [bmv2] [T] [thread 103379] [8.0] [cxt 0] switch.p4(116) Condition "hdr.ipv4.isValid()" (node_2) is false
[09:14:22.820] [bmv2] [D] [thread 103379] [8.0] [cxt 0] Pipeline 'ingress': end
[09:14:22.820] [bmv2] [D] [thread 103379] [8.0] [cxt 0] Egress port is 0
[09:14:22.820] [bmv2] [D] [thread 103380] [8.0] [cxt 0] Pipeline 'egress': start
[09:14:22.820] [bmv2] [D] [thread 103380] [8.0] [cxt 0] Pipeline 'egress': end
[09:14:22.820] [bmv2] [D] [thread 103380] [8.0] [cxt 0] Deparser 'deparser': start
[09:14:22.820] [bmv2] [T] [thread 103380] [8.0] [cxt 0] Skipping checksum 'cksum' update because condition not met
[09:14:22.820] [bmv2] [D] [thread 103380] [8.0] [cxt 0] Deparsing header 'ethernet'
[09:14:22.820] [bmv2] [D] [thread 103380] [8.0] [cxt 0] Deparser 'deparser': end
[09:14:22.820] [bmv2] [D] [thread 103384] [8.0] [cxt 0] Transmitting packet of size 203 out of port 0
[09:14:22.828] [bmv2] [D] [thread 103379] [9.0] [cxt 0] Processing packet received on port 2
[09:14:22.828] [bmv2] [D] [thread 103379] [9.0] [cxt 0] Parser 'parser': start
[09:14:22.828] [bmv2] [D] [thread 103379] [9.0] [cxt 0] Parser 'parser' entering state 'start'
[09:14:22.828] [bmv2] [D] [thread 103379] [9.0] [cxt 0] Extracting header 'ethernet'
[09:14:22.828] [bmv2] [D] [thread 103379] [9.0] [cxt 0] Parser state 'start': key is 86dd
[09:14:22.828] [bmv2] [T] [thread 103379] [9.0] [cxt 0] Bytes parsed: 14
[09:14:22.828] [bmv2] [D] [thread 103379] [9.0] [cxt 0] Parser 'parser': end
[09:14:22.828] [bmv2] [D] [thread 103379] [9.0] [cxt 0] Pipeline 'ingress': start
[09:14:22.828] [bmv2] [T] [thread 103379] [9.0] [cxt 0] switch.p4(116) Condition "hdr.ipv4.isValid()" (node_2) is false
[09:14:22.828] [bmv2] [D] [thread 103379] [9.0] [cxt 0] Pipeline 'ingress': end
[09:14:22.828] [bmv2] [D] [thread 103379] [9.0] [cxt 0] Egress port is 0
[09:14:22.828] [bmv2] [D] [thread 103380] [9.0] [cxt 0] Pipeline 'egress': start
[09:14:22.829] [bmv2] [D] [thread 103380] [9.0] [cxt 0] Pipeline 'egress': end
[09:14:22.829] [bmv2] [D] [thread 103380] [9.0] [cxt 0] Deparser 'deparser': start
[09:14:22.829] [bmv2] [T] [thread 103380] [9.0] [cxt 0] Skipping checksum 'cksum' update because condition not met
[09:14:22.829] [bmv2] [D] [thread 103380] [9.0] [cxt 0] Deparsing header 'ethernet'
[09:14:22.829] [bmv2] [D] [thread 103380] [9.0] [cxt 0] Deparser 'deparser': end
[09:14:22.829] [bmv2] [D] [thread 103384] [9.0] [cxt 0] Transmitting packet of size 211 out of port 0
[09:14:22.834] [bmv2] [D] [thread 103379] [10.0] [cxt 0] Processing packet received on port 2
[09:14:22.834] [bmv2] [D] [thread 103379] [10.0] [cxt 0] Parser 'parser': start
[09:14:22.834] [bmv2] [D] [thread 103379] [10.0] [cxt 0] Parser 'parser' entering state 'start'
[09:14:22.834] [bmv2] [D] [thread 103379] [10.0] [cxt 0] Extracting header 'ethernet'
[09:14:22.834] [bmv2] [D] [thread 103379] [10.0] [cxt 0] Parser state 'start': key is 86dd
[09:14:22.834] [bmv2] [T] [thread 103379] [10.0] [cxt 0] Bytes parsed: 14
[09:14:22.834] [bmv2] [D] [thread 103379] [10.0] [cxt 0] Parser 'parser': end
[09:14:22.834] [bmv2] [D] [thread 103379] [10.0] [cxt 0] Pipeline 'ingress': start
[09:14:22.834] [bmv2] [T] [thread 103379] [10.0] [cxt 0] switch.p4(116) Condition "hdr.ipv4.isValid()" (node_2) is false
[09:14:22.834] [bmv2] [D] [thread 103379] [10.0] [cxt 0] Pipeline 'ingress': end
[09:14:22.834] [bmv2] [D] [thread 103379] [10.0] [cxt 0] Egress port is 0
[09:14:22.835] [bmv2] [D] [thread 103380] [10.0] [cxt 0] Pipeline 'egress': start
[09:14:22.835] [bmv2] [D] [thread 103380] [10.0] [cxt 0] Pipeline 'egress': end
[09:14:22.835] [bmv2] [D] [thread 103380] [10.0] [cxt 0] Deparser 'deparser': start
[09:14:22.835] [bmv2] [T] [thread 103380] [10.0] [cxt 0] Skipping checksum 'cksum' update because condition not met
[09:14:22.835] [bmv2] [D] [thread 103380] [10.0] [cxt 0] Deparsing header 'ethernet'
[09:14:22.835] [bmv2] [D] [thread 103380] [10.0] [cxt 0] Deparser 'deparser': end
[09:14:22.835] [bmv2] [D] [thread 103384] [10.0] [cxt 0] Transmitting packet of size 211 out of port 0
[09:14:22.932] [bmv2] [D] [thread 103379] [11.0] [cxt 0] Processing packet received on port 2
[09:14:22.932] [bmv2] [D] [thread 103379] [11.0] [cxt 0] Parser 'parser': start
[09:14:22.932] [bmv2] [D] [thread 103379] [11.0] [cxt 0] Parser 'parser' entering state 'start'
[09:14:22.932] [bmv2] [D] [thread 103379] [11.0] [cxt 0] Extracting header 'ethernet'
[09:14:22.932] [bmv2] [D] [thread 103379] [11.0] [cxt 0] Parser state 'start': key is 86dd
[09:14:22.932] [bmv2] [T] [thread 103379] [11.0] [cxt 0] Bytes parsed: 14
[09:14:22.932] [bmv2] [D] [thread 103379] [11.0] [cxt 0] Parser 'parser': end
[09:14:22.932] [bmv2] [D] [thread 103379] [11.0] [cxt 0] Pipeline 'ingress': start
[09:14:22.932] [bmv2] [T] [thread 103379] [11.0] [cxt 0] switch.p4(116) Condition "hdr.ipv4.isValid()" (node_2) is false
[09:14:22.932] [bmv2] [D] [thread 103379] [11.0] [cxt 0] Pipeline 'ingress': end
[09:14:22.932] [bmv2] [D] [thread 103379] [11.0] [cxt 0] Egress port is 0
[09:14:22.932] [bmv2] [D] [thread 103380] [11.0] [cxt 0] Pipeline 'egress': start
[09:14:22.932] [bmv2] [D] [thread 103380] [11.0] [cxt 0] Pipeline 'egress': end
[09:14:22.932] [bmv2] [D] [thread 103380] [11.0] [cxt 0] Deparser 'deparser': start
[09:14:22.932] [bmv2] [T] [thread 103380] [11.0] [cxt 0] Skipping checksum 'cksum' update because condition not met
[09:14:22.932] [bmv2] [D] [thread 103380] [11.0] [cxt 0] Deparsing header 'ethernet'
[09:14:22.932] [bmv2] [D] [thread 103380] [11.0] [cxt 0] Deparser 'deparser': end
[09:14:22.933] [bmv2] [D] [thread 103384] [11.0] [cxt 0] Transmitting packet of size 110 out of port 0
[09:14:22.969] [bmv2] [D] [thread 103379] [12.0] [cxt 0] Processing packet received on port 1
[09:14:22.969] [bmv2] [D] [thread 103379] [12.0] [cxt 0] Parser 'parser': start
[09:14:22.969] [bmv2] [D] [thread 103379] [12.0] [cxt 0] Parser 'parser' entering state 'start'
[09:14:22.969] [bmv2] [D] [thread 103379] [12.0] [cxt 0] Extracting header 'ethernet'
[09:14:22.969] [bmv2] [D] [thread 103379] [12.0] [cxt 0] Parser state 'start': key is 86dd
[09:14:22.969] [bmv2] [T] [thread 103379] [12.0] [cxt 0] Bytes parsed: 14
[09:14:22.969] [bmv2] [D] [thread 103379] [12.0] [cxt 0] Parser 'parser': end
[09:14:22.969] [bmv2] [D] [thread 103379] [12.0] [cxt 0] Pipeline 'ingress': start
[09:14:22.969] [bmv2] [T] [thread 103379] [12.0] [cxt 0] switch.p4(116) Condition "hdr.ipv4.isValid()" (node_2) is false
[09:14:22.969] [bmv2] [D] [thread 103379] [12.0] [cxt 0] Pipeline 'ingress': end
[09:14:22.969] [bmv2] [D] [thread 103379] [12.0] [cxt 0] Egress port is 0
[09:14:22.969] [bmv2] [D] [thread 103380] [12.0] [cxt 0] Pipeline 'egress': start
[09:14:22.969] [bmv2] [D] [thread 103380] [12.0] [cxt 0] Pipeline 'egress': end
[09:14:22.969] [bmv2] [D] [thread 103380] [12.0] [cxt 0] Deparser 'deparser': start
[09:14:22.969] [bmv2] [T] [thread 103380] [12.0] [cxt 0] Skipping checksum 'cksum' update because condition not met
[09:14:22.969] [bmv2] [D] [thread 103380] [12.0] [cxt 0] Deparsing header 'ethernet'
[09:14:22.969] [bmv2] [D] [thread 103380] [12.0] [cxt 0] Deparser 'deparser': end
[09:14:22.969] [bmv2] [D] [thread 103379] [13.0] [cxt 0] Processing packet received on port 1
[09:14:22.969] [bmv2] [D] [thread 103379] [13.0] [cxt 0] Parser 'parser': start
[09:14:22.969] [bmv2] [D] [thread 103379] [13.0] [cxt 0] Parser 'parser' entering state 'start'
[09:14:22.969] [bmv2] [D] [thread 103379] [13.0] [cxt 0] Extracting header 'ethernet'
[09:14:22.969] [bmv2] [D] [thread 103379] [13.0] [cxt 0] Parser state 'start': key is 86dd
[09:14:22.969] [bmv2] [T] [thread 103379] [13.0] [cxt 0] Bytes parsed: 14
[09:14:22.969] [bmv2] [D] [thread 103379] [13.0] [cxt 0] Parser 'parser': end
[09:14:22.969] [bmv2] [D] [thread 103379] [13.0] [cxt 0] Pipeline 'ingress': start
[09:14:22.969] [bmv2] [T] [thread 103379] [13.0] [cxt 0] switch.p4(116) Condition "hdr.ipv4.isValid()" (node_2) is false
[09:14:22.969] [bmv2] [D] [thread 103379] [13.0] [cxt 0] Pipeline 'ingress': end
[09:14:22.969] [bmv2] [D] [thread 103379] [13.0] [cxt 0] Egress port is 0
[09:14:22.969] [bmv2] [D] [thread 103380] [13.0] [cxt 0] Pipeline 'egress': start
[09:14:22.969] [bmv2] [D] [thread 103380] [13.0] [cxt 0] Pipeline 'egress': end
[09:14:22.969] [bmv2] [D] [thread 103380] [13.0] [cxt 0] Deparser 'deparser': start
[09:14:22.969] [bmv2] [T] [thread 103380] [13.0] [cxt 0] Skipping checksum 'cksum' update because condition not met
[09:14:22.969] [bmv2] [D] [thread 103380] [13.0] [cxt 0] Deparsing header 'ethernet'
[09:14:22.969] [bmv2] [D] [thread 103380] [13.0] [cxt 0] Deparser 'deparser': end
[09:14:22.969] [bmv2] [D] [thread 103384] [12.0] [cxt 0] Transmitting packet of size 90 out of port 0
[09:14:22.969] [bmv2] [D] [thread 103384] [13.0] [cxt 0] Transmitting packet of size 70 out of port 0
[09:14:22.974] [bmv2] [D] [thread 103379] [14.0] [cxt 0] Processing packet received on port 1
[09:14:22.974] [bmv2] [D] [thread 103379] [14.0] [cxt 0] Parser 'parser': start
[09:14:22.974] [bmv2] [D] [thread 103379] [14.0] [cxt 0] Parser 'parser' entering state 'start'
[09:14:22.974] [bmv2] [D] [thread 103379] [14.0] [cxt 0] Extracting header 'ethernet'
[09:14:22.974] [bmv2] [D] [thread 103379] [14.0] [cxt 0] Parser state 'start': key is 86dd
[09:14:22.974] [bmv2] [T] [thread 103379] [14.0] [cxt 0] Bytes parsed: 14
[09:14:22.974] [bmv2] [D] [thread 103379] [14.0] [cxt 0] Parser 'parser': end
[09:14:22.974] [bmv2] [D] [thread 103379] [14.0] [cxt 0] Pipeline 'ingress': start
[09:14:22.974] [bmv2] [T] [thread 103379] [14.0] [cxt 0] switch.p4(116) Condition "hdr.ipv4.isValid()" (node_2) is false
[09:14:22.974] [bmv2] [D] [thread 103379] [14.0] [cxt 0] Pipeline 'ingress': end
[09:14:22.974] [bmv2] [D] [thread 103379] [14.0] [cxt 0] Egress port is 0
[09:14:22.974] [bmv2] [D] [thread 103380] [14.0] [cxt 0] Pipeline 'egress': start
[09:14:22.974] [bmv2] [D] [thread 103380] [14.0] [cxt 0] Pipeline 'egress': end
[09:14:22.974] [bmv2] [D] [thread 103380] [14.0] [cxt 0] Deparser 'deparser': start
[09:14:22.974] [bmv2] [T] [thread 103380] [14.0] [cxt 0] Skipping checksum 'cksum' update because condition not met
[09:14:22.974] [bmv2] [D] [thread 103380] [14.0] [cxt 0] Deparsing header 'ethernet'
[09:14:22.974] [bmv2] [D] [thread 103380] [14.0] [cxt 0] Deparser 'deparser': end
[09:14:22.974] [bmv2] [D] [thread 103384] [14.0] [cxt 0] Transmitting packet of size 90 out of port 0
[09:14:22.999] [bmv2] [D] [thread 103379] [15.0] [cxt 0] Processing packet received on port 2
[09:14:22.999] [bmv2] [D] [thread 103379] [15.0] [cxt 0] Parser 'parser': start
[09:14:22.999] [bmv2] [D] [thread 103379] [15.0] [cxt 0] Parser 'parser' entering state 'start'
[09:14:22.999] [bmv2] [D] [thread 103379] [15.0] [cxt 0] Extracting header 'ethernet'
[09:14:22.999] [bmv2] [D] [thread 103379] [15.0] [cxt 0] Parser state 'start': key is 86dd
[09:14:22.999] [bmv2] [T] [thread 103379] [15.0] [cxt 0] Bytes parsed: 14
[09:14:22.999] [bmv2] [D] [thread 103379] [15.0] [cxt 0] Parser 'parser': end
[09:14:22.999] [bmv2] [D] [thread 103379] [15.0] [cxt 0] Pipeline 'ingress': start
[09:14:22.999] [bmv2] [T] [thread 103379] [15.0] [cxt 0] switch.p4(116) Condition "hdr.ipv4.isValid()" (node_2) is false
[09:14:22.999] [bmv2] [D] [thread 103379] [15.0] [cxt 0] Pipeline 'ingress': end
[09:14:22.999] [bmv2] [D] [thread 103379] [15.0] [cxt 0] Egress port is 0
[09:14:22.999] [bmv2] [D] [thread 103380] [15.0] [cxt 0] Pipeline 'egress': start
[09:14:22.999] [bmv2] [D] [thread 103380] [15.0] [cxt 0] Pipeline 'egress': end
[09:14:22.999] [bmv2] [D] [thread 103380] [15.0] [cxt 0] Deparser 'deparser': start
[09:14:22.999] [bmv2] [T] [thread 103380] [15.0] [cxt 0] Skipping checksum 'cksum' update because condition not met
[09:14:22.999] [bmv2] [D] [thread 103380] [15.0] [cxt 0] Deparsing header 'ethernet'
[09:14:22.999] [bmv2] [D] [thread 103380] [15.0] [cxt 0] Deparser 'deparser': end
[09:14:22.999] [bmv2] [D] [thread 103384] [15.0] [cxt 0] Transmitting packet of size 90 out of port 0
[09:14:23.033] [bmv2] [D] [thread 103379] [16.0] [cxt 0] Processing packet received on port 2
[09:14:23.033] [bmv2] [D] [thread 103379] [16.0] [cxt 0] Parser 'parser': start
[09:14:23.033] [bmv2] [D] [thread 103379] [16.0] [cxt 0] Parser 'parser' entering state 'start'
[09:14:23.033] [bmv2] [D] [thread 103379] [16.0] [cxt 0] Extracting header 'ethernet'
[09:14:23.033] [bmv2] [D] [thread 103379] [16.0] [cxt 0] Parser state 'start': key is 86dd
[09:14:23.033] [bmv2] [T] [thread 103379] [16.0] [cxt 0] Bytes parsed: 14
[09:14:23.033] [bmv2] [D] [thread 103379] [16.0] [cxt 0] Parser 'parser': end
[09:14:23.033] [bmv2] [D] [thread 103379] [16.0] [cxt 0] Pipeline 'ingress': start
[09:14:23.033] [bmv2] [T] [thread 103379] [16.0] [cxt 0] switch.p4(116) Condition "hdr.ipv4.isValid()" (node_2) is false
[09:14:23.033] [bmv2] [D] [thread 103379] [16.0] [cxt 0] Pipeline 'ingress': end
[09:14:23.033] [bmv2] [D] [thread 103379] [16.0] [cxt 0] Egress port is 0
[09:14:23.033] [bmv2] [D] [thread 103380] [16.0] [cxt 0] Pipeline 'egress': start
[09:14:23.033] [bmv2] [D] [thread 103380] [16.0] [cxt 0] Pipeline 'egress': end
[09:14:23.033] [bmv2] [D] [thread 103380] [16.0] [cxt 0] Deparser 'deparser': start
[09:14:23.033] [bmv2] [T] [thread 103380] [16.0] [cxt 0] Skipping checksum 'cksum' update because condition not met
[09:14:23.033] [bmv2] [D] [thread 103380] [16.0] [cxt 0] Deparsing header 'ethernet'
[09:14:23.033] [bmv2] [D] [thread 103380] [16.0] [cxt 0] Deparser 'deparser': end
[09:14:23.033] [bmv2] [D] [thread 103384] [16.0] [cxt 0] Transmitting packet of size 90 out of port 0
[09:14:23.082] [bmv2] [D] [thread 103379] [17.0] [cxt 0] Processing packet received on port 1
[09:14:23.082] [bmv2] [D] [thread 103379] [17.0] [cxt 0] Parser 'parser': start
[09:14:23.082] [bmv2] [D] [thread 103379] [17.0] [cxt 0] Parser 'parser' entering state 'start'
[09:14:23.082] [bmv2] [D] [thread 103379] [17.0] [cxt 0] Extracting header 'ethernet'
[09:14:23.082] [bmv2] [D] [thread 103379] [17.0] [cxt 0] Parser state 'start': key is 86dd
[09:14:23.082] [bmv2] [T] [thread 103379] [17.0] [cxt 0] Bytes parsed: 14
[09:14:23.082] [bmv2] [D] [thread 103379] [17.0] [cxt 0] Parser 'parser': end
[09:14:23.082] [bmv2] [D] [thread 103379] [17.0] [cxt 0] Pipeline 'ingress': start
[09:14:23.082] [bmv2] [T] [thread 103379] [17.0] [cxt 0] switch.p4(116) Condition "hdr.ipv4.isValid()" (node_2) is false
[09:14:23.082] [bmv2] [D] [thread 103379] [17.0] [cxt 0] Pipeline 'ingress': end
[09:14:23.082] [bmv2] [D] [thread 103379] [17.0] [cxt 0] Egress port is 0
[09:14:23.083] [bmv2] [D] [thread 103379] [18.0] [cxt 0] Processing packet received on port 2
[09:14:23.083] [bmv2] [D] [thread 103379] [18.0] [cxt 0] Parser 'parser': start
[09:14:23.083] [bmv2] [D] [thread 103379] [18.0] [cxt 0] Parser 'parser' entering state 'start'
[09:14:23.083] [bmv2] [D] [thread 103379] [18.0] [cxt 0] Extracting header 'ethernet'
[09:14:23.083] [bmv2] [D] [thread 103379] [18.0] [cxt 0] Parser state 'start': key is 86dd
[09:14:23.083] [bmv2] [T] [thread 103379] [18.0] [cxt 0] Bytes parsed: 14
[09:14:23.083] [bmv2] [D] [thread 103379] [18.0] [cxt 0] Parser 'parser': end
[09:14:23.083] [bmv2] [D] [thread 103379] [18.0] [cxt 0] Pipeline 'ingress': start
[09:14:23.083] [bmv2] [T] [thread 103379] [18.0] [cxt 0] switch.p4(116) Condition "hdr.ipv4.isValid()" (node_2) is false
[09:14:23.083] [bmv2] [D] [thread 103379] [18.0] [cxt 0] Pipeline 'ingress': end
[09:14:23.083] [bmv2] [D] [thread 103379] [18.0] [cxt 0] Egress port is 0
[09:14:23.083] [bmv2] [D] [thread 103379] [19.0] [cxt 0] Processing packet received on port 2
[09:14:23.083] [bmv2] [D] [thread 103379] [19.0] [cxt 0] Parser 'parser': start
[09:14:23.083] [bmv2] [D] [thread 103379] [19.0] [cxt 0] Parser 'parser' entering state 'start'
[09:14:23.083] [bmv2] [D] [thread 103379] [19.0] [cxt 0] Extracting header 'ethernet'
[09:14:23.083] [bmv2] [D] [thread 103379] [19.0] [cxt 0] Parser state 'start': key is 86dd
[09:14:23.083] [bmv2] [T] [thread 103379] [19.0] [cxt 0] Bytes parsed: 14
[09:14:23.083] [bmv2] [D] [thread 103379] [19.0] [cxt 0] Parser 'parser': end
[09:14:23.083] [bmv2] [D] [thread 103379] [19.0] [cxt 0] Pipeline 'ingress': start
[09:14:23.083] [bmv2] [T] [thread 103379] [19.0] [cxt 0] switch.p4(116) Condition "hdr.ipv4.isValid()" (node_2) is false
[09:14:23.083] [bmv2] [D] [thread 103379] [19.0] [cxt 0] Pipeline 'ingress': end
[09:14:23.083] [bmv2] [D] [thread 103379] [19.0] [cxt 0] Egress port is 0
[09:14:23.084] [bmv2] [D] [thread 103380] [17.0] [cxt 0] Pipeline 'egress': start
[09:14:23.084] [bmv2] [D] [thread 103380] [17.0] [cxt 0] Pipeline 'egress': end
[09:14:23.084] [bmv2] [D] [thread 103380] [17.0] [cxt 0] Deparser 'deparser': start
[09:14:23.084] [bmv2] [T] [thread 103380] [17.0] [cxt 0] Skipping checksum 'cksum' update because condition not met
[09:14:23.084] [bmv2] [D] [thread 103380] [17.0] [cxt 0] Deparsing header 'ethernet'
[09:14:23.084] [bmv2] [D] [thread 103380] [17.0] [cxt 0] Deparser 'deparser': end
[09:14:23.084] [bmv2] [D] [thread 103380] [18.0] [cxt 0] Pipeline 'egress': start
[09:14:23.084] [bmv2] [D] [thread 103380] [18.0] [cxt 0] Pipeline 'egress': end
[09:14:23.084] [bmv2] [D] [thread 103380] [18.0] [cxt 0] Deparser 'deparser': start
[09:14:23.084] [bmv2] [T] [thread 103380] [18.0] [cxt 0] Skipping checksum 'cksum' update because condition not met
[09:14:23.084] [bmv2] [D] [thread 103380] [18.0] [cxt 0] Deparsing header 'ethernet'
[09:14:23.084] [bmv2] [D] [thread 103380] [18.0] [cxt 0] Deparser 'deparser': end
[09:14:23.084] [bmv2] [D] [thread 103380] [19.0] [cxt 0] Pipeline 'egress': start
[09:14:23.084] [bmv2] [D] [thread 103380] [19.0] [cxt 0] Pipeline 'egress': end
[09:14:23.084] [bmv2] [D] [thread 103380] [19.0] [cxt 0] Deparser 'deparser': start
[09:14:23.084] [bmv2] [T] [thread 103380] [19.0] [cxt 0] Skipping checksum 'cksum' update because condition not met
[09:14:23.084] [bmv2] [D] [thread 103380] [19.0] [cxt 0] Deparsing header 'ethernet'
[09:14:23.084] [bmv2] [D] [thread 103380] [19.0] [cxt 0] Deparser 'deparser': end
[09:14:23.086] [bmv2] [D] [thread 103384] [17.0] [cxt 0] Transmitting packet of size 203 out of port 0
[09:14:23.086] [bmv2] [D] [thread 103384] [18.0] [cxt 0] Transmitting packet of size 211 out of port 0
[09:14:23.086] [bmv2] [D] [thread 103384] [19.0] [cxt 0] Transmitting packet of size 211 out of port 0
[09:14:23.086] [bmv2] [D] [thread 103379] [20.0] [cxt 0] Processing packet received on port 1
[09:14:23.086] [bmv2] [D] [thread 103379] [20.0] [cxt 0] Parser 'parser': start
[09:14:23.086] [bmv2] [D] [thread 103379] [20.0] [cxt 0] Parser 'parser' entering state 'start'
[09:14:23.086] [bmv2] [D] [thread 103379] [20.0] [cxt 0] Extracting header 'ethernet'
[09:14:23.086] [bmv2] [D] [thread 103379] [20.0] [cxt 0] Parser state 'start': key is 86dd
[09:14:23.086] [bmv2] [T] [thread 103379] [20.0] [cxt 0] Bytes parsed: 14
[09:14:23.086] [bmv2] [D] [thread 103379] [20.0] [cxt 0] Parser 'parser': end
[09:14:23.086] [bmv2] [D] [thread 103379] [20.0] [cxt 0] Pipeline 'ingress': start
[09:14:23.086] [bmv2] [T] [thread 103379] [20.0] [cxt 0] switch.p4(116) Condition "hdr.ipv4.isValid()" (node_2) is false
[09:14:23.086] [bmv2] [D] [thread 103379] [20.0] [cxt 0] Pipeline 'ingress': end
[09:14:23.086] [bmv2] [D] [thread 103379] [20.0] [cxt 0] Egress port is 0
[09:14:23.086] [bmv2] [D] [thread 103380] [20.0] [cxt 0] Pipeline 'egress': start
[09:14:23.086] [bmv2] [D] [thread 103380] [20.0] [cxt 0] Pipeline 'egress': end
[09:14:23.086] [bmv2] [D] [thread 103380] [20.0] [cxt 0] Deparser 'deparser': start
[09:14:23.086] [bmv2] [T] [thread 103380] [20.0] [cxt 0] Skipping checksum 'cksum' update because condition not met
[09:14:23.086] [bmv2] [D] [thread 103380] [20.0] [cxt 0] Deparsing header 'ethernet'
[09:14:23.086] [bmv2] [D] [thread 103380] [20.0] [cxt 0] Deparser 'deparser': end
[09:14:23.086] [bmv2] [D] [thread 103384] [20.0] [cxt 0] Transmitting packet of size 211 out of port 0
[09:14:23.285] [bmv2] [D] [thread 103379] [21.0] [cxt 0] Processing packet received on port 2
[09:14:23.285] [bmv2] [D] [thread 103379] [21.0] [cxt 0] Parser 'parser': start
[09:14:23.285] [bmv2] [D] [thread 103379] [21.0] [cxt 0] Parser 'parser' entering state 'start'
[09:14:23.285] [bmv2] [D] [thread 103379] [21.0] [cxt 0] Extracting header 'ethernet'
[09:14:23.285] [bmv2] [D] [thread 103379] [21.0] [cxt 0] Parser state 'start': key is 86dd
[09:14:23.285] [bmv2] [T] [thread 103379] [21.0] [cxt 0] Bytes parsed: 14
[09:14:23.285] [bmv2] [D] [thread 103379] [21.0] [cxt 0] Parser 'parser': end
[09:14:23.285] [bmv2] [D] [thread 103379] [21.0] [cxt 0] Pipeline 'ingress': start
[09:14:23.285] [bmv2] [T] [thread 103379] [21.0] [cxt 0] switch.p4(116) Condition "hdr.ipv4.isValid()" (node_2) is false
[09:14:23.285] [bmv2] [D] [thread 103379] [21.0] [cxt 0] Pipeline 'ingress': end
[09:14:23.285] [bmv2] [D] [thread 103379] [21.0] [cxt 0] Egress port is 0
[09:14:23.285] [bmv2] [D] [thread 103380] [21.0] [cxt 0] Pipeline 'egress': start
[09:14:23.285] [bmv2] [D] [thread 103380] [21.0] [cxt 0] Pipeline 'egress': end
[09:14:23.285] [bmv2] [D] [thread 103380] [21.0] [cxt 0] Deparser 'deparser': start
[09:14:23.285] [bmv2] [T] [thread 103380] [21.0] [cxt 0] Skipping checksum 'cksum' update because condition not met
[09:14:23.285] [bmv2] [D] [thread 103380] [21.0] [cxt 0] Deparsing header 'ethernet'
[09:14:23.285] [bmv2] [D] [thread 103380] [21.0] [cxt 0] Deparser 'deparser': end
[09:14:23.285] [bmv2] [D] [thread 103384] [21.0] [cxt 0] Transmitting packet of size 199 out of port 0
[09:14:23.341] [bmv2] [D] [thread 103379] [22.0] [cxt 0] Processing packet received on port 1
[09:14:23.341] [bmv2] [D] [thread 103379] [22.0] [cxt 0] Parser 'parser': start
[09:14:23.341] [bmv2] [D] [thread 103379] [22.0] [cxt 0] Parser 'parser' entering state 'start'
[09:14:23.341] [bmv2] [D] [thread 103379] [22.0] [cxt 0] Extracting header 'ethernet'
[09:14:23.341] [bmv2] [D] [thread 103379] [22.0] [cxt 0] Parser state 'start': key is 86dd
[09:14:23.341] [bmv2] [T] [thread 103379] [22.0] [cxt 0] Bytes parsed: 14
[09:14:23.341] [bmv2] [D] [thread 103379] [22.0] [cxt 0] Parser 'parser': end
[09:14:23.341] [bmv2] [D] [thread 103379] [22.0] [cxt 0] Pipeline 'ingress': start
[09:14:23.341] [bmv2] [T] [thread 103379] [22.0] [cxt 0] switch.p4(116) Condition "hdr.ipv4.isValid()" (node_2) is false
[09:14:23.341] [bmv2] [D] [thread 103379] [22.0] [cxt 0] Pipeline 'ingress': end
[09:14:23.341] [bmv2] [D] [thread 103379] [22.0] [cxt 0] Egress port is 0
[09:14:23.341] [bmv2] [D] [thread 103379] [23.0] [cxt 0] Processing packet received on port 2
[09:14:23.341] [bmv2] [D] [thread 103379] [23.0] [cxt 0] Parser 'parser': start
[09:14:23.341] [bmv2] [D] [thread 103379] [23.0] [cxt 0] Parser 'parser' entering state 'start'
[09:14:23.341] [bmv2] [D] [thread 103379] [23.0] [cxt 0] Extracting header 'ethernet'
[09:14:23.341] [bmv2] [D] [thread 103379] [23.0] [cxt 0] Parser state 'start': key is 86dd
[09:14:23.341] [bmv2] [T] [thread 103379] [23.0] [cxt 0] Bytes parsed: 14
[09:14:23.341] [bmv2] [D] [thread 103379] [23.0] [cxt 0] Parser 'parser': end
[09:14:23.341] [bmv2] [D] [thread 103379] [23.0] [cxt 0] Pipeline 'ingress': start
[09:14:23.341] [bmv2] [T] [thread 103379] [23.0] [cxt 0] switch.p4(116) Condition "hdr.ipv4.isValid()" (node_2) is false
[09:14:23.341] [bmv2] [D] [thread 103379] [23.0] [cxt 0] Pipeline 'ingress': end
[09:14:23.341] [bmv2] [D] [thread 103379] [23.0] [cxt 0] Egress port is 0
[09:14:23.342] [bmv2] [D] [thread 103380] [22.0] [cxt 0] Pipeline 'egress': start
[09:14:23.342] [bmv2] [D] [thread 103380] [22.0] [cxt 0] Pipeline 'egress': end
[09:14:23.342] [bmv2] [D] [thread 103380] [22.0] [cxt 0] Deparser 'deparser': start
[09:14:23.342] [bmv2] [T] [thread 103380] [22.0] [cxt 0] Skipping checksum 'cksum' update because condition not met
[09:14:23.342] [bmv2] [D] [thread 103380] [22.0] [cxt 0] Deparsing header 'ethernet'
[09:14:23.342] [bmv2] [D] [thread 103380] [22.0] [cxt 0] Deparser 'deparser': end
[09:14:23.342] [bmv2] [D] [thread 103380] [23.0] [cxt 0] Pipeline 'egress': start
[09:14:23.342] [bmv2] [D] [thread 103380] [23.0] [cxt 0] Pipeline 'egress': end
[09:14:23.342] [bmv2] [D] [thread 103380] [23.0] [cxt 0] Deparser 'deparser': start
[09:14:23.342] [bmv2] [T] [thread 103380] [23.0] [cxt 0] Skipping checksum 'cksum' update because condition not met
[09:14:23.342] [bmv2] [D] [thread 103380] [23.0] [cxt 0] Deparsing header 'ethernet'
[09:14:23.342] [bmv2] [D] [thread 103380] [23.0] [cxt 0] Deparser 'deparser': end
[09:14:23.342] [bmv2] [D] [thread 103384] [22.0] [cxt 0] Transmitting packet of size 211 out of port 0
[09:14:23.342] [bmv2] [D] [thread 103384] [23.0] [cxt 0] Transmitting packet of size 211 out of port 0
[09:14:23.344] [bmv2] [D] [thread 103379] [24.0] [cxt 0] Processing packet received on port 1
[09:14:23.344] [bmv2] [D] [thread 103379] [24.0] [cxt 0] Parser 'parser': start
[09:14:23.344] [bmv2] [D] [thread 103379] [24.0] [cxt 0] Parser 'parser' entering state 'start'
[09:14:23.344] [bmv2] [D] [thread 103379] [24.0] [cxt 0] Extracting header 'ethernet'
[09:14:23.344] [bmv2] [D] [thread 103379] [24.0] [cxt 0] Parser state 'start': key is 86dd
[09:14:23.344] [bmv2] [T] [thread 103379] [24.0] [cxt 0] Bytes parsed: 14
[09:14:23.344] [bmv2] [D] [thread 103379] [24.0] [cxt 0] Parser 'parser': end
[09:14:23.344] [bmv2] [D] [thread 103379] [24.0] [cxt 0] Pipeline 'ingress': start
[09:14:23.344] [bmv2] [T] [thread 103379] [24.0] [cxt 0] switch.p4(116) Condition "hdr.ipv4.isValid()" (node_2) is false
[09:14:23.344] [bmv2] [D] [thread 103379] [24.0] [cxt 0] Pipeline 'ingress': end
[09:14:23.344] [bmv2] [D] [thread 103379] [24.0] [cxt 0] Egress port is 0
[09:14:23.344] [bmv2] [D] [thread 103380] [24.0] [cxt 0] Pipeline 'egress': start
[09:14:23.344] [bmv2] [D] [thread 103380] [24.0] [cxt 0] Pipeline 'egress': end
[09:14:23.346] [bmv2] [D] [thread 103380] [24.0] [cxt 0] Deparser 'deparser': start
[09:14:23.346] [bmv2] [T] [thread 103380] [24.0] [cxt 0] Skipping checksum 'cksum' update because condition not met
[09:14:23.346] [bmv2] [D] [thread 103380] [24.0] [cxt 0] Deparsing header 'ethernet'
[09:14:23.346] [bmv2] [D] [thread 103380] [24.0] [cxt 0] Deparser 'deparser': end
[09:14:23.346] [bmv2] [D] [thread 103384] [24.0] [cxt 0] Transmitting packet of size 110 out of port 0
[09:14:23.517] [bmv2] [D] [thread 103379] [25.0] [cxt 0] Processing packet received on port 2
[09:14:23.517] [bmv2] [D] [thread 103379] [25.0] [cxt 0] Parser 'parser': start
[09:14:23.517] [bmv2] [D] [thread 103379] [25.0] [cxt 0] Parser 'parser' entering state 'start'
[09:14:23.517] [bmv2] [D] [thread 103379] [25.0] [cxt 0] Extracting header 'ethernet'
[09:14:23.517] [bmv2] [D] [thread 103379] [25.0] [cxt 0] Parser state 'start': key is 86dd
[09:14:23.517] [bmv2] [T] [thread 103379] [25.0] [cxt 0] Bytes parsed: 14
[09:14:23.517] [bmv2] [D] [thread 103379] [25.0] [cxt 0] Parser 'parser': end
[09:14:23.517] [bmv2] [D] [thread 103379] [25.0] [cxt 0] Pipeline 'ingress': start
[09:14:23.517] [bmv2] [T] [thread 103379] [25.0] [cxt 0] switch.p4(116) Condition "hdr.ipv4.isValid()" (node_2) is false
[09:14:23.517] [bmv2] [D] [thread 103379] [25.0] [cxt 0] Pipeline 'ingress': end
[09:14:23.517] [bmv2] [D] [thread 103379] [25.0] [cxt 0] Egress port is 0
[09:14:23.523] [bmv2] [D] [thread 103380] [25.0] [cxt 0] Pipeline 'egress': start
[09:14:23.524] [bmv2] [D] [thread 103380] [25.0] [cxt 0] Pipeline 'egress': end
[09:14:23.524] [bmv2] [D] [thread 103380] [25.0] [cxt 0] Deparser 'deparser': start
[09:14:23.524] [bmv2] [T] [thread 103380] [25.0] [cxt 0] Skipping checksum 'cksum' update because condition not met
[09:14:23.524] [bmv2] [D] [thread 103380] [25.0] [cxt 0] Deparsing header 'ethernet'
[09:14:23.524] [bmv2] [D] [thread 103380] [25.0] [cxt 0] Deparser 'deparser': end
[09:14:23.524] [bmv2] [D] [thread 103384] [25.0] [cxt 0] Transmitting packet of size 110 out of port 0
[09:14:23.542] [bmv2] [D] [thread 103379] [26.0] [cxt 0] Processing packet received on port 2
[09:14:23.542] [bmv2] [D] [thread 103379] [26.0] [cxt 0] Parser 'parser': start
[09:14:23.542] [bmv2] [D] [thread 103379] [26.0] [cxt 0] Parser 'parser' entering state 'start'
[09:14:23.542] [bmv2] [D] [thread 103379] [26.0] [cxt 0] Extracting header 'ethernet'
[09:14:23.542] [bmv2] [D] [thread 103379] [26.0] [cxt 0] Parser state 'start': key is 86dd
[09:14:23.542] [bmv2] [T] [thread 103379] [26.0] [cxt 0] Bytes parsed: 14
[09:14:23.542] [bmv2] [D] [thread 103379] [26.0] [cxt 0] Parser 'parser': end
[09:14:23.542] [bmv2] [D] [thread 103379] [26.0] [cxt 0] Pipeline 'ingress': start
[09:14:23.542] [bmv2] [T] [thread 103379] [26.0] [cxt 0] switch.p4(116) Condition "hdr.ipv4.isValid()" (node_2) is false
[09:14:23.542] [bmv2] [D] [thread 103379] [26.0] [cxt 0] Pipeline 'ingress': end
[09:14:23.542] [bmv2] [D] [thread 103379] [26.0] [cxt 0] Egress port is 0
[09:14:23.542] [bmv2] [D] [thread 103380] [26.0] [cxt 0] Pipeline 'egress': start
[09:14:23.542] [bmv2] [D] [thread 103380] [26.0] [cxt 0] Pipeline 'egress': end
[09:14:23.542] [bmv2] [D] [thread 103380] [26.0] [cxt 0] Deparser 'deparser': start
[09:14:23.542] [bmv2] [T] [thread 103380] [26.0] [cxt 0] Skipping checksum 'cksum' update because condition not met
[09:14:23.542] [bmv2] [D] [thread 103380] [26.0] [cxt 0] Deparsing header 'ethernet'
[09:14:23.542] [bmv2] [D] [thread 103380] [26.0] [cxt 0] Deparser 'deparser': end
[09:14:23.542] [bmv2] [D] [thread 103384] [26.0] [cxt 0] Transmitting packet of size 199 out of port 0
[09:14:23.588] [bmv2] [D] [thread 103379] [27.0] [cxt 0] Processing packet received on port 2
[09:14:23.588] [bmv2] [D] [thread 103379] [27.0] [cxt 0] Parser 'parser': start
[09:14:23.588] [bmv2] [D] [thread 103379] [27.0] [cxt 0] Parser 'parser' entering state 'start'
[09:14:23.588] [bmv2] [D] [thread 103379] [27.0] [cxt 0] Extracting header 'ethernet'
[09:14:23.588] [bmv2] [D] [thread 103379] [27.0] [cxt 0] Parser state 'start': key is 86dd
[09:14:23.588] [bmv2] [T] [thread 103379] [27.0] [cxt 0] Bytes parsed: 14
[09:14:23.588] [bmv2] [D] [thread 103379] [27.0] [cxt 0] Parser 'parser': end
[09:14:23.588] [bmv2] [D] [thread 103379] [27.0] [cxt 0] Pipeline 'ingress': start
[09:14:23.588] [bmv2] [T] [thread 103379] [27.0] [cxt 0] switch.p4(116) Condition "hdr.ipv4.isValid()" (node_2) is false
[09:14:23.588] [bmv2] [D] [thread 103379] [27.0] [cxt 0] Pipeline 'ingress': end
[09:14:23.588] [bmv2] [D] [thread 103379] [27.0] [cxt 0] Egress port is 0
[09:14:23.588] [bmv2] [D] [thread 103380] [27.0] [cxt 0] Pipeline 'egress': start
[09:14:23.588] [bmv2] [D] [thread 103380] [27.0] [cxt 0] Pipeline 'egress': end
[09:14:23.588] [bmv2] [D] [thread 103380] [27.0] [cxt 0] Deparser 'deparser': start
[09:14:23.588] [bmv2] [T] [thread 103380] [27.0] [cxt 0] Skipping checksum 'cksum' update because condition not met
[09:14:23.588] [bmv2] [D] [thread 103380] [27.0] [cxt 0] Deparsing header 'ethernet'
[09:14:23.588] [bmv2] [D] [thread 103380] [27.0] [cxt 0] Deparser 'deparser': end
[09:14:23.588] [bmv2] [D] [thread 103384] [27.0] [cxt 0] Transmitting packet of size 203 out of port 0
[09:14:23.592] [bmv2] [D] [thread 103379] [28.0] [cxt 0] Processing packet received on port 1
[09:14:23.592] [bmv2] [D] [thread 103379] [28.0] [cxt 0] Parser 'parser': start
[09:14:23.592] [bmv2] [D] [thread 103379] [28.0] [cxt 0] Parser 'parser' entering state 'start'
[09:14:23.592] [bmv2] [D] [thread 103379] [28.0] [cxt 0] Extracting header 'ethernet'
[09:14:23.592] [bmv2] [D] [thread 103379] [28.0] [cxt 0] Parser state 'start': key is 86dd
[09:14:23.592] [bmv2] [T] [thread 103379] [28.0] [cxt 0] Bytes parsed: 14
[09:14:23.592] [bmv2] [D] [thread 103379] [28.0] [cxt 0] Parser 'parser': end
[09:14:23.592] [bmv2] [D] [thread 103379] [28.0] [cxt 0] Pipeline 'ingress': start
[09:14:23.592] [bmv2] [T] [thread 103379] [28.0] [cxt 0] switch.p4(116) Condition "hdr.ipv4.isValid()" (node_2) is false
[09:14:23.592] [bmv2] [D] [thread 103379] [28.0] [cxt 0] Pipeline 'ingress': end
[09:14:23.592] [bmv2] [D] [thread 103379] [28.0] [cxt 0] Egress port is 0
[09:14:23.593] [bmv2] [D] [thread 103380] [28.0] [cxt 0] Pipeline 'egress': start
[09:14:23.593] [bmv2] [D] [thread 103380] [28.0] [cxt 0] Pipeline 'egress': end
[09:14:23.593] [bmv2] [D] [thread 103380] [28.0] [cxt 0] Deparser 'deparser': start
[09:14:23.593] [bmv2] [T] [thread 103380] [28.0] [cxt 0] Skipping checksum 'cksum' update because condition not met
[09:14:23.593] [bmv2] [D] [thread 103380] [28.0] [cxt 0] Deparsing header 'ethernet'
[09:14:23.593] [bmv2] [D] [thread 103380] [28.0] [cxt 0] Deparser 'deparser': end
[09:14:23.593] [bmv2] [D] [thread 103384] [28.0] [cxt 0] Transmitting packet of size 211 out of port 0
[09:14:23.736] [bmv2] [D] [thread 103379] [29.0] [cxt 0] Processing packet received on port 1
[09:14:23.736] [bmv2] [D] [thread 103379] [29.0] [cxt 0] Parser 'parser': start
[09:14:23.736] [bmv2] [D] [thread 103379] [29.0] [cxt 0] Parser 'parser' entering state 'start'
[09:14:23.736] [bmv2] [D] [thread 103379] [29.0] [cxt 0] Extracting header 'ethernet'
[09:14:23.736] [bmv2] [D] [thread 103379] [29.0] [cxt 0] Parser state 'start': key is 86dd
[09:14:23.736] [bmv2] [T] [thread 103379] [29.0] [cxt 0] Bytes parsed: 14
[09:14:23.736] [bmv2] [D] [thread 103379] [29.0] [cxt 0] Parser 'parser': end
[09:14:23.736] [bmv2] [D] [thread 103379] [29.0] [cxt 0] Pipeline 'ingress': start
[09:14:23.736] [bmv2] [T] [thread 103379] [29.0] [cxt 0] switch.p4(116) Condition "hdr.ipv4.isValid()" (node_2) is false
[09:14:23.736] [bmv2] [D] [thread 103379] [29.0] [cxt 0] Pipeline 'ingress': end
[09:14:23.736] [bmv2] [D] [thread 103379] [29.0] [cxt 0] Egress port is 0
[09:14:23.736] [bmv2] [D] [thread 103380] [29.0] [cxt 0] Pipeline 'egress': start
[09:14:23.736] [bmv2] [D] [thread 103380] [29.0] [cxt 0] Pipeline 'egress': end
[09:14:23.736] [bmv2] [D] [thread 103380] [29.0] [cxt 0] Deparser 'deparser': start
[09:14:23.736] [bmv2] [T] [thread 103380] [29.0] [cxt 0] Skipping checksum 'cksum' update because condition not met
[09:14:23.736] [bmv2] [D] [thread 103380] [29.0] [cxt 0] Deparsing header 'ethernet'
[09:14:23.736] [bmv2] [D] [thread 103380] [29.0] [cxt 0] Deparser 'deparser': end
[09:14:23.736] [bmv2] [D] [thread 103384] [29.0] [cxt 0] Transmitting packet of size 90 out of port 0
[09:14:23.795] [bmv2] [D] [thread 103379] [30.0] [cxt 0] Processing packet received on port 1
[09:14:23.795] [bmv2] [D] [thread 103379] [30.0] [cxt 0] Parser 'parser': start
[09:14:23.795] [bmv2] [D] [thread 103379] [30.0] [cxt 0] Parser 'parser' entering state 'start'
[09:14:23.795] [bmv2] [D] [thread 103379] [30.0] [cxt 0] Extracting header 'ethernet'
[09:14:23.795] [bmv2] [D] [thread 103379] [30.0] [cxt 0] Parser state 'start': key is 86dd
[09:14:23.795] [bmv2] [T] [thread 103379] [30.0] [cxt 0] Bytes parsed: 14
[09:14:23.795] [bmv2] [D] [thread 103379] [30.0] [cxt 0] Parser 'parser': end
[09:14:23.795] [bmv2] [D] [thread 103379] [30.0] [cxt 0] Pipeline 'ingress': start
[09:14:23.795] [bmv2] [T] [thread 103379] [30.0] [cxt 0] switch.p4(116) Condition "hdr.ipv4.isValid()" (node_2) is false
[09:14:23.795] [bmv2] [D] [thread 103379] [30.0] [cxt 0] Pipeline 'ingress': end
[09:14:23.795] [bmv2] [D] [thread 103379] [30.0] [cxt 0] Egress port is 0
[09:14:23.795] [bmv2] [D] [thread 103380] [30.0] [cxt 0] Pipeline 'egress': start
[09:14:23.795] [bmv2] [D] [thread 103380] [30.0] [cxt 0] Pipeline 'egress': end
[09:14:23.795] [bmv2] [D] [thread 103380] [30.0] [cxt 0] Deparser 'deparser': start
[09:14:23.795] [bmv2] [T] [thread 103380] [30.0] [cxt 0] Skipping checksum 'cksum' update because condition not met
[09:14:23.795] [bmv2] [D] [thread 103380] [30.0] [cxt 0] Deparsing header 'ethernet'
[09:14:23.795] [bmv2] [D] [thread 103380] [30.0] [cxt 0] Deparser 'deparser': end
[09:14:23.795] [bmv2] [D] [thread 103384] [30.0] [cxt 0] Transmitting packet of size 199 out of port 0
[09:14:23.834] [bmv2] [D] [thread 103379] [31.0] [cxt 0] Processing packet received on port 2
[09:14:23.834] [bmv2] [D] [thread 103379] [31.0] [cxt 0] Parser 'parser': start
[09:14:23.834] [bmv2] [D] [thread 103379] [31.0] [cxt 0] Parser 'parser' entering state 'start'
[09:14:23.834] [bmv2] [D] [thread 103379] [31.0] [cxt 0] Extracting header 'ethernet'
[09:14:23.834] [bmv2] [D] [thread 103379] [31.0] [cxt 0] Parser state 'start': key is 86dd
[09:14:23.834] [bmv2] [T] [thread 103379] [31.0] [cxt 0] Bytes parsed: 14
[09:14:23.834] [bmv2] [D] [thread 103379] [31.0] [cxt 0] Parser 'parser': end
[09:14:23.834] [bmv2] [D] [thread 103379] [31.0] [cxt 0] Pipeline 'ingress': start
[09:14:23.834] [bmv2] [T] [thread 103379] [31.0] [cxt 0] switch.p4(116) Condition "hdr.ipv4.isValid()" (node_2) is false
[09:14:23.834] [bmv2] [D] [thread 103379] [31.0] [cxt 0] Pipeline 'ingress': end
[09:14:23.834] [bmv2] [D] [thread 103379] [31.0] [cxt 0] Egress port is 0
[09:14:23.834] [bmv2] [D] [thread 103380] [31.0] [cxt 0] Pipeline 'egress': start
[09:14:23.834] [bmv2] [D] [thread 103380] [31.0] [cxt 0] Pipeline 'egress': end
[09:14:23.834] [bmv2] [D] [thread 103380] [31.0] [cxt 0] Deparser 'deparser': start
[09:14:23.834] [bmv2] [T] [thread 103380] [31.0] [cxt 0] Skipping checksum 'cksum' update because condition not met
[09:14:23.834] [bmv2] [D] [thread 103380] [31.0] [cxt 0] Deparsing header 'ethernet'
[09:14:23.834] [bmv2] [D] [thread 103380] [31.0] [cxt 0] Deparser 'deparser': end
[09:14:23.834] [bmv2] [D] [thread 103384] [31.0] [cxt 0] Transmitting packet of size 203 out of port 0
[09:14:24.024] [bmv2] [W] [thread 103419] [P4Runtime] p4::tmp::P4DeviceConfig is deprecated
[09:14:24.024] [bmv2] [D] [thread 103419] Set default default entry for table 'MyIngress.ipv4_lpm': MyIngress.drop - 
[09:14:24.024] [bmv2] [D] [thread 103419] simple_switch target has been notified of a config swap
[09:14:24.024] [bmv2] [D] [thread 103421] Set default entry for table 'MyIngress.ipv4_lpm': MyIngress.drop - 
[09:14:24.024] [bmv2] [D] [thread 103419] Entry 0 added to table 'MyIngress.ipv4_lpm'
[09:14:24.024] [bmv2] [D] [thread 103419] Dumping entry 0
Match key:
* hdr.ipv4.dstAddr    : LPM       0a000101/32
Action entry: MyIngress.ipv4_forward - 80000000200,2,

[09:14:24.034] [bmv2] [D] [thread 103421] Entry 1 added to table 'MyIngress.ipv4_lpm'
[09:14:24.034] [bmv2] [D] [thread 103421] Dumping entry 1
Match key:
* hdr.ipv4.dstAddr    : LPM       0a000202/32
Action entry: MyIngress.ipv4_forward - 80000000222,1,

[09:14:24.074] [bmv2] [D] [thread 103379] [32.0] [cxt 0] Processing packet received on port 1
[09:14:24.074] [bmv2] [D] [thread 103379] [32.0] [cxt 0] Parser 'parser': start
[09:14:24.074] [bmv2] [D] [thread 103379] [32.0] [cxt 0] Parser 'parser' entering state 'start'
[09:14:24.074] [bmv2] [D] [thread 103379] [32.0] [cxt 0] Extracting header 'ethernet'
[09:14:24.074] [bmv2] [D] [thread 103379] [32.0] [cxt 0] Parser state 'start': key is 86dd
[09:14:24.074] [bmv2] [T] [thread 103379] [32.0] [cxt 0] Bytes parsed: 14
[09:14:24.074] [bmv2] [D] [thread 103379] [32.0] [cxt 0] Parser 'parser': end
[09:14:24.074] [bmv2] [D] [thread 103379] [32.0] [cxt 0] Pipeline 'ingress': start
[09:14:24.074] [bmv2] [T] [thread 103379] [32.0] [cxt 0] switch.p4(116) Condition "hdr.ipv4.isValid()" (node_2) is false
[09:14:24.074] [bmv2] [D] [thread 103379] [32.0] [cxt 0] Pipeline 'ingress': end
[09:14:24.074] [bmv2] [D] [thread 103379] [32.0] [cxt 0] Egress port is 0
[09:14:24.075] [bmv2] [D] [thread 103380] [32.0] [cxt 0] Pipeline 'egress': start
[09:14:24.075] [bmv2] [D] [thread 103380] [32.0] [cxt 0] Pipeline 'egress': end
[09:14:24.075] [bmv2] [D] [thread 103380] [32.0] [cxt 0] Deparser 'deparser': start
[09:14:24.075] [bmv2] [T] [thread 103380] [32.0] [cxt 0] Skipping checksum 'cksum' update because condition not met
[09:14:24.075] [bmv2] [D] [thread 103380] [32.0] [cxt 0] Deparsing header 'ethernet'
[09:14:24.075] [bmv2] [D] [thread 103380] [32.0] [cxt 0] Deparser 'deparser': end
[09:14:24.075] [bmv2] [D] [thread 103384] [32.0] [cxt 0] Transmitting packet of size 203 out of port 0
[09:14:24.350] [bmv2] [D] [thread 103379] [33.0] [cxt 0] Processing packet received on port 2
[09:14:24.350] [bmv2] [D] [thread 103379] [33.0] [cxt 0] Parser 'parser': start
[09:14:24.350] [bmv2] [D] [thread 103379] [33.0] [cxt 0] Parser 'parser' entering state 'start'
[09:14:24.350] [bmv2] [D] [thread 103379] [33.0] [cxt 0] Extracting header 'ethernet'
[09:14:24.350] [bmv2] [D] [thread 103379] [33.0] [cxt 0] Parser state 'start': key is 86dd
[09:14:24.350] [bmv2] [T] [thread 103379] [33.0] [cxt 0] Bytes parsed: 14
[09:14:24.350] [bmv2] [D] [thread 103379] [33.0] [cxt 0] Parser 'parser': end
[09:14:24.357] [bmv2] [D] [thread 103379] [33.0] [cxt 0] Pipeline 'ingress': start
[09:14:24.357] [bmv2] [T] [thread 103379] [33.0] [cxt 0] switch.p4(116) Condition "hdr.ipv4.isValid()" (node_2) is false
[09:14:24.357] [bmv2] [D] [thread 103379] [33.0] [cxt 0] Pipeline 'ingress': end
[09:14:24.357] [bmv2] [D] [thread 103379] [33.0] [cxt 0] Egress port is 0
[09:14:24.357] [bmv2] [D] [thread 103380] [33.0] [cxt 0] Pipeline 'egress': start
[09:14:24.357] [bmv2] [D] [thread 103380] [33.0] [cxt 0] Pipeline 'egress': end
[09:14:24.357] [bmv2] [D] [thread 103380] [33.0] [cxt 0] Deparser 'deparser': start
[09:14:24.357] [bmv2] [T] [thread 103380] [33.0] [cxt 0] Skipping checksum 'cksum' update because condition not met
[09:14:24.357] [bmv2] [D] [thread 103380] [33.0] [cxt 0] Deparsing header 'ethernet'
[09:14:24.357] [bmv2] [D] [thread 103380] [33.0] [cxt 0] Deparser 'deparser': end
[09:14:24.357] [bmv2] [D] [thread 103384] [33.0] [cxt 0] Transmitting packet of size 199 out of port 0
[09:14:24.674] [bmv2] [D] [thread 103379] [34.0] [cxt 0] Processing packet received on port 2
[09:14:24.676] [bmv2] [D] [thread 103379] [34.0] [cxt 0] Parser 'parser': start
[09:14:24.676] [bmv2] [D] [thread 103379] [34.0] [cxt 0] Parser 'parser' entering state 'start'
[09:14:24.676] [bmv2] [D] [thread 103379] [34.0] [cxt 0] Extracting header 'ethernet'
[09:14:24.676] [bmv2] [D] [thread 103379] [34.0] [cxt 0] Parser state 'start': key is 86dd
[09:14:24.676] [bmv2] [T] [thread 103379] [34.0] [cxt 0] Bytes parsed: 14
[09:14:24.676] [bmv2] [D] [thread 103379] [34.0] [cxt 0] Parser 'parser': end
[09:14:24.676] [bmv2] [D] [thread 103379] [34.0] [cxt 0] Pipeline 'ingress': start
[09:14:24.676] [bmv2] [T] [thread 103379] [34.0] [cxt 0] switch.p4(116) Condition "hdr.ipv4.isValid()" (node_2) is false
[09:14:24.676] [bmv2] [D] [thread 103379] [34.0] [cxt 0] Pipeline 'ingress': end
[09:14:24.676] [bmv2] [D] [thread 103379] [34.0] [cxt 0] Egress port is 0
[09:14:24.676] [bmv2] [D] [thread 103380] [34.0] [cxt 0] Pipeline 'egress': start
[09:14:24.676] [bmv2] [D] [thread 103380] [34.0] [cxt 0] Pipeline 'egress': end
[09:14:24.676] [bmv2] [D] [thread 103380] [34.0] [cxt 0] Deparser 'deparser': start
[09:14:24.676] [bmv2] [T] [thread 103380] [34.0] [cxt 0] Skipping checksum 'cksum' update because condition not met
[09:14:24.676] [bmv2] [D] [thread 103380] [34.0] [cxt 0] Deparsing header 'ethernet'
[09:14:24.676] [bmv2] [D] [thread 103380] [34.0] [cxt 0] Deparser 'deparser': end
[09:14:24.676] [bmv2] [D] [thread 103384] [34.0] [cxt 0] Transmitting packet of size 199 out of port 0
[09:14:24.864] [bmv2] [D] [thread 103379] [35.0] [cxt 0] Processing packet received on port 1
[09:14:24.864] [bmv2] [D] [thread 103379] [35.0] [cxt 0] Parser 'parser': start
[09:14:24.864] [bmv2] [D] [thread 103379] [35.0] [cxt 0] Parser 'parser' entering state 'start'
[09:14:24.864] [bmv2] [D] [thread 103379] [35.0] [cxt 0] Extracting header 'ethernet'
[09:14:24.864] [bmv2] [D] [thread 103379] [35.0] [cxt 0] Parser state 'start': key is 86dd
[09:14:24.864] [bmv2] [T] [thread 103379] [35.0] [cxt 0] Bytes parsed: 14
[09:14:24.864] [bmv2] [D] [thread 103379] [35.0] [cxt 0] Parser 'parser': end
[09:14:24.864] [bmv2] [D] [thread 103379] [35.0] [cxt 0] Pipeline 'ingress': start
[09:14:24.864] [bmv2] [T] [thread 103379] [35.0] [cxt 0] switch.p4(116) Condition "hdr.ipv4.isValid()" (node_2) is false
[09:14:24.864] [bmv2] [D] [thread 103379] [35.0] [cxt 0] Pipeline 'ingress': end
[09:14:24.864] [bmv2] [D] [thread 103379] [35.0] [cxt 0] Egress port is 0
[09:14:24.864] [bmv2] [D] [thread 103380] [35.0] [cxt 0] Pipeline 'egress': start
[09:14:24.864] [bmv2] [D] [thread 103380] [35.0] [cxt 0] Pipeline 'egress': end
[09:14:24.864] [bmv2] [D] [thread 103380] [35.0] [cxt 0] Deparser 'deparser': start
[09:14:24.864] [bmv2] [T] [thread 103380] [35.0] [cxt 0] Skipping checksum 'cksum' update because condition not met
[09:14:24.864] [bmv2] [D] [thread 103380] [35.0] [cxt 0] Deparsing header 'ethernet'
[09:14:24.865] [bmv2] [D] [thread 103380] [35.0] [cxt 0] Deparser 'deparser': end
[09:14:24.865] [bmv2] [D] [thread 103384] [35.0] [cxt 0] Transmitting packet of size 199 out of port 0
[09:14:25.588] [bmv2] [D] [thread 103379] [36.0] [cxt 0] Processing packet received on port 2
[09:14:25.588] [bmv2] [D] [thread 103379] [36.0] [cxt 0] Parser 'parser': start
[09:14:25.588] [bmv2] [D] [thread 103379] [36.0] [cxt 0] Parser 'parser' entering state 'start'
[09:14:25.588] [bmv2] [D] [thread 103379] [36.0] [cxt 0] Extracting header 'ethernet'
[09:14:25.588] [bmv2] [D] [thread 103379] [36.0] [cxt 0] Parser state 'start': key is 86dd
[09:14:25.588] [bmv2] [T] [thread 103379] [36.0] [cxt 0] Bytes parsed: 14
[09:14:25.588] [bmv2] [D] [thread 103379] [36.0] [cxt 0] Parser 'parser': end
[09:14:25.588] [bmv2] [D] [thread 103379] [36.0] [cxt 0] Pipeline 'ingress': start
[09:14:25.588] [bmv2] [T] [thread 103379] [36.0] [cxt 0] switch.p4(116) Condition "hdr.ipv4.isValid()" (node_2) is false
[09:14:25.588] [bmv2] [D] [thread 103379] [36.0] [cxt 0] Pipeline 'ingress': end
[09:14:25.588] [bmv2] [D] [thread 103379] [36.0] [cxt 0] Egress port is 0
[09:14:25.588] [bmv2] [D] [thread 103380] [36.0] [cxt 0] Pipeline 'egress': start
[09:14:25.588] [bmv2] [D] [thread 103380] [36.0] [cxt 0] Pipeline 'egress': end
[09:14:25.588] [bmv2] [D] [thread 103380] [36.0] [cxt 0] Deparser 'deparser': start
[09:14:25.588] [bmv2] [T] [thread 103380] [36.0] [cxt 0] Skipping checksum 'cksum' update because condition not met
[09:14:25.588] [bmv2] [D] [thread 103380] [36.0] [cxt 0] Deparsing header 'ethernet'
[09:14:25.588] [bmv2] [D] [thread 103380] [36.0] [cxt 0] Deparser 'deparser': end
[09:14:25.588] [bmv2] [D] [thread 103384] [36.0] [cxt 0] Transmitting packet of size 203 out of port 0
[09:14:25.846] [bmv2] [D] [thread 103379] [37.0] [cxt 0] Processing packet received on port 2
[09:14:25.846] [bmv2] [D] [thread 103379] [37.0] [cxt 0] Parser 'parser': start
[09:14:25.846] [bmv2] [D] [thread 103379] [37.0] [cxt 0] Parser 'parser' entering state 'start'
[09:14:25.846] [bmv2] [D] [thread 103379] [37.0] [cxt 0] Extracting header 'ethernet'
[09:14:25.847] [bmv2] [D] [thread 103379] [37.0] [cxt 0] Parser state 'start': key is 86dd
[09:14:25.847] [bmv2] [T] [thread 103379] [37.0] [cxt 0] Bytes parsed: 14
[09:14:25.847] [bmv2] [D] [thread 103379] [37.0] [cxt 0] Parser 'parser': end
[09:14:25.847] [bmv2] [D] [thread 103379] [37.0] [cxt 0] Pipeline 'ingress': start
[09:14:25.847] [bmv2] [T] [thread 103379] [37.0] [cxt 0] switch.p4(116) Condition "hdr.ipv4.isValid()" (node_2) is false
[09:14:25.847] [bmv2] [D] [thread 103379] [37.0] [cxt 0] Pipeline 'ingress': end
[09:14:25.847] [bmv2] [D] [thread 103379] [37.0] [cxt 0] Egress port is 0
[09:14:25.847] [bmv2] [D] [thread 103380] [37.0] [cxt 0] Pipeline 'egress': start
[09:14:25.847] [bmv2] [D] [thread 103380] [37.0] [cxt 0] Pipeline 'egress': end
[09:14:25.847] [bmv2] [D] [thread 103380] [37.0] [cxt 0] Deparser 'deparser': start
[09:14:25.847] [bmv2] [T] [thread 103380] [37.0] [cxt 0] Skipping checksum 'cksum' update because condition not met
[09:14:25.847] [bmv2] [D] [thread 103380] [37.0] [cxt 0] Deparsing header 'ethernet'
[09:14:25.847] [bmv2] [D] [thread 103380] [37.0] [cxt 0] Deparser 'deparser': end
[09:14:25.847] [bmv2] [D] [thread 103384] [37.0] [cxt 0] Transmitting packet of size 203 out of port 0
[09:14:26.173] [bmv2] [D] [thread 103379] [38.0] [cxt 0] Processing packet received on port 1
[09:14:26.173] [bmv2] [D] [thread 103379] [38.0] [cxt 0] Parser 'parser': start
[09:14:26.173] [bmv2] [D] [thread 103379] [38.0] [cxt 0] Parser 'parser' entering state 'start'
[09:14:26.173] [bmv2] [D] [thread 103379] [38.0] [cxt 0] Extracting header 'ethernet'
[09:14:26.173] [bmv2] [D] [thread 103379] [38.0] [cxt 0] Parser state 'start': key is 86dd
[09:14:26.173] [bmv2] [T] [thread 103379] [38.0] [cxt 0] Bytes parsed: 14
[09:14:26.173] [bmv2] [D] [thread 103379] [38.0] [cxt 0] Parser 'parser': end
[09:14:26.173] [bmv2] [D] [thread 103379] [38.0] [cxt 0] Pipeline 'ingress': start
[09:14:26.173] [bmv2] [T] [thread 103379] [38.0] [cxt 0] switch.p4(116) Condition "hdr.ipv4.isValid()" (node_2) is false
[09:14:26.173] [bmv2] [D] [thread 103379] [38.0] [cxt 0] Pipeline 'ingress': end
[09:14:26.173] [bmv2] [D] [thread 103379] [38.0] [cxt 0] Egress port is 0
[09:14:26.173] [bmv2] [D] [thread 103380] [38.0] [cxt 0] Pipeline 'egress': start
[09:14:26.173] [bmv2] [D] [thread 103380] [38.0] [cxt 0] Pipeline 'egress': end
[09:14:26.173] [bmv2] [D] [thread 103380] [38.0] [cxt 0] Deparser 'deparser': start
[09:14:26.173] [bmv2] [T] [thread 103380] [38.0] [cxt 0] Skipping checksum 'cksum' update because condition not met
[09:14:26.173] [bmv2] [D] [thread 103380] [38.0] [cxt 0] Deparsing header 'ethernet'
[09:14:26.173] [bmv2] [D] [thread 103380] [38.0] [cxt 0] Deparser 'deparser': end
[09:14:26.178] [bmv2] [D] [thread 103384] [38.0] [cxt 0] Transmitting packet of size 203 out of port 0
[09:14:26.434] [bmv2] [D] [thread 103379] [39.0] [cxt 0] Processing packet received on port 2
[09:14:26.435] [bmv2] [D] [thread 103379] [39.0] [cxt 0] Parser 'parser': start
[09:14:26.435] [bmv2] [D] [thread 103379] [39.0] [cxt 0] Parser 'parser' entering state 'start'
[09:14:26.435] [bmv2] [D] [thread 103379] [39.0] [cxt 0] Extracting header 'ethernet'
[09:14:26.435] [bmv2] [D] [thread 103379] [39.0] [cxt 0] Parser state 'start': key is 86dd
[09:14:26.435] [bmv2] [T] [thread 103379] [39.0] [cxt 0] Bytes parsed: 14
[09:14:26.436] [bmv2] [D] [thread 103379] [39.0] [cxt 0] Parser 'parser': end
[09:14:26.436] [bmv2] [D] [thread 103379] [39.0] [cxt 0] Pipeline 'ingress': start
[09:14:26.436] [bmv2] [T] [thread 103379] [39.0] [cxt 0] switch.p4(116) Condition "hdr.ipv4.isValid()" (node_2) is false
[09:14:26.436] [bmv2] [D] [thread 103379] [39.0] [cxt 0] Pipeline 'ingress': end
[09:14:26.436] [bmv2] [D] [thread 103379] [39.0] [cxt 0] Egress port is 0
[09:14:26.436] [bmv2] [D] [thread 103380] [39.0] [cxt 0] Pipeline 'egress': start
[09:14:26.436] [bmv2] [D] [thread 103380] [39.0] [cxt 0] Pipeline 'egress': end
[09:14:26.436] [bmv2] [D] [thread 103380] [39.0] [cxt 0] Deparser 'deparser': start
[09:14:26.436] [bmv2] [T] [thread 103380] [39.0] [cxt 0] Skipping checksum 'cksum' update because condition not met
[09:14:26.436] [bmv2] [D] [thread 103380] [39.0] [cxt 0] Deparsing header 'ethernet'
[09:14:26.436] [bmv2] [D] [thread 103380] [39.0] [cxt 0] Deparser 'deparser': end
[09:14:26.436] [bmv2] [D] [thread 103384] [39.0] [cxt 0] Transmitting packet of size 199 out of port 0
[09:14:26.742] [bmv2] [D] [thread 103379] [40.0] [cxt 0] Processing packet received on port 2
[09:14:26.743] [bmv2] [D] [thread 103379] [40.0] [cxt 0] Parser 'parser': start
[09:14:26.743] [bmv2] [D] [thread 103379] [40.0] [cxt 0] Parser 'parser' entering state 'start'
[09:14:26.743] [bmv2] [D] [thread 103379] [40.0] [cxt 0] Extracting header 'ethernet'
[09:14:26.743] [bmv2] [D] [thread 103379] [40.0] [cxt 0] Parser state 'start': key is 86dd
[09:14:26.743] [bmv2] [T] [thread 103379] [40.0] [cxt 0] Bytes parsed: 14
[09:14:26.743] [bmv2] [D] [thread 103379] [40.0] [cxt 0] Parser 'parser': end
[09:14:26.743] [bmv2] [D] [thread 103379] [40.0] [cxt 0] Pipeline 'ingress': start
[09:14:26.743] [bmv2] [T] [thread 103379] [40.0] [cxt 0] switch.p4(116) Condition "hdr.ipv4.isValid()" (node_2) is false
[09:14:26.743] [bmv2] [D] [thread 103379] [40.0] [cxt 0] Pipeline 'ingress': end
[09:14:26.743] [bmv2] [D] [thread 103379] [40.0] [cxt 0] Egress port is 0
[09:14:26.743] [bmv2] [D] [thread 103380] [40.0] [cxt 0] Pipeline 'egress': start
[09:14:26.743] [bmv2] [D] [thread 103380] [40.0] [cxt 0] Pipeline 'egress': end
[09:14:26.743] [bmv2] [D] [thread 103380] [40.0] [cxt 0] Deparser 'deparser': start
[09:14:26.743] [bmv2] [T] [thread 103380] [40.0] [cxt 0] Skipping checksum 'cksum' update because condition not met
[09:14:26.743] [bmv2] [D] [thread 103380] [40.0] [cxt 0] Deparsing header 'ethernet'
[09:14:26.743] [bmv2] [D] [thread 103380] [40.0] [cxt 0] Deparser 'deparser': end
[09:14:26.743] [bmv2] [D] [thread 103384] [40.0] [cxt 0] Transmitting packet of size 199 out of port 0
[09:14:26.818] [bmv2] [D] [thread 103379] [41.0] [cxt 0] Processing packet received on port 1
[09:14:26.818] [bmv2] [D] [thread 103379] [41.0] [cxt 0] Parser 'parser': start
[09:14:26.818] [bmv2] [D] [thread 103379] [41.0] [cxt 0] Parser 'parser' entering state 'start'
[09:14:26.818] [bmv2] [D] [thread 103379] [41.0] [cxt 0] Extracting header 'ethernet'
[09:14:26.818] [bmv2] [D] [thread 103379] [41.0] [cxt 0] Parser state 'start': key is 86dd
[09:14:26.818] [bmv2] [T] [thread 103379] [41.0] [cxt 0] Bytes parsed: 14
[09:14:26.818] [bmv2] [D] [thread 103379] [41.0] [cxt 0] Parser 'parser': end
[09:14:26.818] [bmv2] [D] [thread 103379] [41.0] [cxt 0] Pipeline 'ingress': start
[09:14:26.818] [bmv2] [T] [thread 103379] [41.0] [cxt 0] switch.p4(116) Condition "hdr.ipv4.isValid()" (node_2) is false
[09:14:26.818] [bmv2] [D] [thread 103379] [41.0] [cxt 0] Pipeline 'ingress': end
[09:14:26.818] [bmv2] [D] [thread 103379] [41.0] [cxt 0] Egress port is 0
[09:14:26.818] [bmv2] [D] [thread 103380] [41.0] [cxt 0] Pipeline 'egress': start
[09:14:26.818] [bmv2] [D] [thread 103380] [41.0] [cxt 0] Pipeline 'egress': end
[09:14:26.818] [bmv2] [D] [thread 103380] [41.0] [cxt 0] Deparser 'deparser': start
[09:14:26.818] [bmv2] [T] [thread 103380] [41.0] [cxt 0] Skipping checksum 'cksum' update because condition not met
[09:14:26.818] [bmv2] [D] [thread 103380] [41.0] [cxt 0] Deparsing header 'ethernet'
[09:14:26.818] [bmv2] [D] [thread 103380] [41.0] [cxt 0] Deparser 'deparser': end
[09:14:26.818] [bmv2] [D] [thread 103384] [41.0] [cxt 0] Transmitting packet of size 70 out of port 0
[09:14:26.956] [bmv2] [D] [thread 103379] [42.0] [cxt 0] Processing packet received on port 1
[09:14:26.956] [bmv2] [D] [thread 103379] [42.0] [cxt 0] Parser 'parser': start
[09:14:26.956] [bmv2] [D] [thread 103379] [42.0] [cxt 0] Parser 'parser' entering state 'start'
[09:14:26.956] [bmv2] [D] [thread 103379] [42.0] [cxt 0] Extracting header 'ethernet'
[09:14:26.956] [bmv2] [D] [thread 103379] [42.0] [cxt 0] Parser state 'start': key is 86dd
[09:14:26.956] [bmv2] [T] [thread 103379] [42.0] [cxt 0] Bytes parsed: 14
[09:14:26.956] [bmv2] [D] [thread 103379] [42.0] [cxt 0] Parser 'parser': end
[09:14:26.956] [bmv2] [D] [thread 103379] [42.0] [cxt 0] Pipeline 'ingress': start
[09:14:26.956] [bmv2] [T] [thread 103379] [42.0] [cxt 0] switch.p4(116) Condition "hdr.ipv4.isValid()" (node_2) is false
[09:14:26.956] [bmv2] [D] [thread 103379] [42.0] [cxt 0] Pipeline 'ingress': end
[09:14:26.956] [bmv2] [D] [thread 103379] [42.0] [cxt 0] Egress port is 0
[09:14:26.956] [bmv2] [D] [thread 103380] [42.0] [cxt 0] Pipeline 'egress': start
[09:14:26.956] [bmv2] [D] [thread 103380] [42.0] [cxt 0] Pipeline 'egress': end
[09:14:26.956] [bmv2] [D] [thread 103380] [42.0] [cxt 0] Deparser 'deparser': start
[09:14:26.956] [bmv2] [T] [thread 103380] [42.0] [cxt 0] Skipping checksum 'cksum' update because condition not met
[09:14:26.956] [bmv2] [D] [thread 103380] [42.0] [cxt 0] Deparsing header 'ethernet'
[09:14:26.956] [bmv2] [D] [thread 103380] [42.0] [cxt 0] Deparser 'deparser': end
[09:14:26.956] [bmv2] [D] [thread 103384] [42.0] [cxt 0] Transmitting packet of size 199 out of port 0
[09:14:26.963] [bmv2] [D] [thread 103379] [43.0] [cxt 0] Processing packet received on port 2
[09:14:26.963] [bmv2] [D] [thread 103379] [43.0] [cxt 0] Parser 'parser': start
[09:14:26.963] [bmv2] [D] [thread 103379] [43.0] [cxt 0] Parser 'parser' entering state 'start'
[09:14:26.964] [bmv2] [D] [thread 103379] [43.0] [cxt 0] Extracting header 'ethernet'
[09:14:26.964] [bmv2] [D] [thread 103379] [43.0] [cxt 0] Parser state 'start': key is 86dd
[09:14:26.964] [bmv2] [T] [thread 103379] [43.0] [cxt 0] Bytes parsed: 14
[09:14:26.964] [bmv2] [D] [thread 103379] [43.0] [cxt 0] Parser 'parser': end
[09:14:26.964] [bmv2] [D] [thread 103379] [43.0] [cxt 0] Pipeline 'ingress': start
[09:14:26.964] [bmv2] [T] [thread 103379] [43.0] [cxt 0] switch.p4(116) Condition "hdr.ipv4.isValid()" (node_2) is false
[09:14:26.964] [bmv2] [D] [thread 103379] [43.0] [cxt 0] Pipeline 'ingress': end
[09:14:26.964] [bmv2] [D] [thread 103379] [43.0] [cxt 0] Egress port is 0
[09:14:26.964] [bmv2] [D] [thread 103380] [43.0] [cxt 0] Pipeline 'egress': start
[09:14:26.964] [bmv2] [D] [thread 103380] [43.0] [cxt 0] Pipeline 'egress': end
[09:14:26.964] [bmv2] [D] [thread 103380] [43.0] [cxt 0] Deparser 'deparser': start
[09:14:26.964] [bmv2] [T] [thread 103380] [43.0] [cxt 0] Skipping checksum 'cksum' update because condition not met
[09:14:26.964] [bmv2] [D] [thread 103380] [43.0] [cxt 0] Deparsing header 'ethernet'
[09:14:26.964] [bmv2] [D] [thread 103380] [43.0] [cxt 0] Deparser 'deparser': end
[09:14:26.964] [bmv2] [D] [thread 103384] [43.0] [cxt 0] Transmitting packet of size 70 out of port 0
[09:14:27.155] [bmv2] [D] [thread 103379] [44.0] [cxt 0] Processing packet received on port 2
[09:14:27.155] [bmv2] [D] [thread 103379] [44.0] [cxt 0] Parser 'parser': start
[09:14:27.155] [bmv2] [D] [thread 103379] [44.0] [cxt 0] Parser 'parser' entering state 'start'
[09:14:27.155] [bmv2] [D] [thread 103379] [44.0] [cxt 0] Extracting header 'ethernet'
[09:14:27.155] [bmv2] [D] [thread 103379] [44.0] [cxt 0] Parser state 'start': key is 0800
[09:14:27.155] [bmv2] [T] [thread 103379] [44.0] [cxt 0] Bytes parsed: 14
[09:14:27.155] [bmv2] [D] [thread 103379] [44.0] [cxt 0] Parser 'parser' entering state 'parse_ipv4'
[09:14:27.155] [bmv2] [D] [thread 103379] [44.0] [cxt 0] Extracting header 'ipv4'
[09:14:27.155] [bmv2] [D] [thread 103379] [44.0] [cxt 0] Parser state 'parse_ipv4' has no switch, going to default next state
[09:14:27.155] [bmv2] [T] [thread 103379] [44.0] [cxt 0] Bytes parsed: 34
[09:14:27.155] [bmv2] [D] [thread 103379] [44.0] [cxt 0] Parser 'parser': end
[09:14:27.155] [bmv2] [D] [thread 103379] [44.0] [cxt 0] Pipeline 'ingress': start
[09:14:27.155] [bmv2] [T] [thread 103379] [44.0] [cxt 0] switch.p4(116) Condition "hdr.ipv4.isValid()" (node_2) is true
[09:14:27.155] [bmv2] [T] [thread 103379] [44.0] [cxt 0] Applying table 'MyIngress.ipv4_lpm'
[09:14:27.155] [bmv2] [D] [thread 103379] [44.0] [cxt 0] Looking up key:
* hdr.ipv4.dstAddr    : 0a000202

[09:14:27.155] [bmv2] [D] [thread 103379] [44.0] [cxt 0] Table 'MyIngress.ipv4_lpm': hit with handle 1
[09:14:27.155] [bmv2] [D] [thread 103379] [44.0] [cxt 0] Dumping entry 1
Match key:
* hdr.ipv4.dstAddr    : LPM       0a000202/32
Action entry: MyIngress.ipv4_forward - 80000000222,1,

[09:14:27.155] [bmv2] [D] [thread 103379] [44.0] [cxt 0] Action entry is MyIngress.ipv4_forward - 80000000222,1,
[09:14:27.155] [bmv2] [T] [thread 103379] [44.0] [cxt 0] Action MyIngress.ipv4_forward
[09:14:27.155] [bmv2] [T] [thread 103379] [44.0] [cxt 0] switch.p4(96) Primitive standard_metadata.egress_spec = port
[09:14:27.155] [bmv2] [T] [thread 103379] [44.0] [cxt 0] switch.p4(97) Primitive hdr.ethernet.srcAddr = hdr.ethernet.dstAddr
[09:14:27.155] [bmv2] [T] [thread 103379] [44.0] [cxt 0] switch.p4(98) Primitive hdr.ethernet.dstAddr = dstAddr
[09:14:27.155] [bmv2] [T] [thread 103379] [44.0] [cxt 0] switch.p4(99) Primitive hdr.ipv4.ttl = hdr.ipv4.ttl - 1
[09:14:27.155] [bmv2] [D] [thread 103379] [44.0] [cxt 0] Pipeline 'ingress': end
[09:14:27.155] [bmv2] [D] [thread 103379] [44.0] [cxt 0] Egress port is 1
[09:14:27.155] [bmv2] [D] [thread 103381] [44.0] [cxt 0] Pipeline 'egress': start
[09:14:27.155] [bmv2] [D] [thread 103381] [44.0] [cxt 0] Pipeline 'egress': end
[09:14:27.156] [bmv2] [D] [thread 103381] [44.0] [cxt 0] Deparser 'deparser': start
[09:14:27.156] [bmv2] [D] [thread 103381] [44.0] [cxt 0] Updating checksum 'cksum'
[09:14:27.156] [bmv2] [D] [thread 103381] [44.0] [cxt 0] Deparsing header 'ethernet'
[09:14:27.156] [bmv2] [D] [thread 103381] [44.0] [cxt 0] Deparsing header 'ipv4'
[09:14:27.156] [bmv2] [D] [thread 103381] [44.0] [cxt 0] Deparser 'deparser': end
[09:14:27.156] [bmv2] [D] [thread 103384] [44.0] [cxt 0] Transmitting packet of size 48 out of port 1
[09:14:27.157] [bmv2] [D] [thread 103379] [45.0] [cxt 0] Processing packet received on port 1
[09:14:27.157] [bmv2] [D] [thread 103379] [45.0] [cxt 0] Parser 'parser': start
[09:14:27.157] [bmv2] [D] [thread 103379] [45.0] [cxt 0] Parser 'parser' entering state 'start'
[09:14:27.157] [bmv2] [D] [thread 103379] [45.0] [cxt 0] Extracting header 'ethernet'
[09:14:27.157] [bmv2] [D] [thread 103379] [45.0] [cxt 0] Parser state 'start': key is 0800
[09:14:27.157] [bmv2] [T] [thread 103379] [45.0] [cxt 0] Bytes parsed: 14
[09:14:27.157] [bmv2] [D] [thread 103379] [45.0] [cxt 0] Parser 'parser' entering state 'parse_ipv4'
[09:14:27.157] [bmv2] [D] [thread 103379] [45.0] [cxt 0] Extracting header 'ipv4'
[09:14:27.157] [bmv2] [D] [thread 103379] [45.0] [cxt 0] Parser state 'parse_ipv4' has no switch, going to default next state
[09:14:27.157] [bmv2] [T] [thread 103379] [45.0] [cxt 0] Bytes parsed: 34
[09:14:27.157] [bmv2] [D] [thread 103379] [45.0] [cxt 0] Parser 'parser': end
[09:14:27.157] [bmv2] [D] [thread 103379] [45.0] [cxt 0] Pipeline 'ingress': start
[09:14:27.157] [bmv2] [T] [thread 103379] [45.0] [cxt 0] switch.p4(116) Condition "hdr.ipv4.isValid()" (node_2) is true
[09:14:27.157] [bmv2] [T] [thread 103379] [45.0] [cxt 0] Applying table 'MyIngress.ipv4_lpm'
[09:14:27.157] [bmv2] [D] [thread 103379] [45.0] [cxt 0] Looking up key:
* hdr.ipv4.dstAddr    : 0a000101

[09:14:27.157] [bmv2] [D] [thread 103379] [45.0] [cxt 0] Table 'MyIngress.ipv4_lpm': hit with handle 0
[09:14:27.157] [bmv2] [D] [thread 103379] [45.0] [cxt 0] Dumping entry 0
Match key:
* hdr.ipv4.dstAddr    : LPM       0a000101/32
Action entry: MyIngress.ipv4_forward - 80000000200,2,

[09:14:27.157] [bmv2] [D] [thread 103379] [45.0] [cxt 0] Action entry is MyIngress.ipv4_forward - 80000000200,2,
[09:14:27.157] [bmv2] [T] [thread 103379] [45.0] [cxt 0] Action MyIngress.ipv4_forward
[09:14:27.157] [bmv2] [T] [thread 103379] [45.0] [cxt 0] switch.p4(96) Primitive standard_metadata.egress_spec = port
[09:14:27.157] [bmv2] [T] [thread 103379] [45.0] [cxt 0] switch.p4(97) Primitive hdr.ethernet.srcAddr = hdr.ethernet.dstAddr
[09:14:27.157] [bmv2] [T] [thread 103379] [45.0] [cxt 0] switch.p4(98) Primitive hdr.ethernet.dstAddr = dstAddr
[09:14:27.157] [bmv2] [T] [thread 103379] [45.0] [cxt 0] switch.p4(99) Primitive hdr.ipv4.ttl = hdr.ipv4.ttl - 1
[09:14:27.157] [bmv2] [D] [thread 103379] [45.0] [cxt 0] Pipeline 'ingress': end
[09:14:27.157] [bmv2] [D] [thread 103379] [45.0] [cxt 0] Egress port is 2
[09:14:27.157] [bmv2] [D] [thread 103382] [45.0] [cxt 0] Pipeline 'egress': start
[09:14:27.157] [bmv2] [D] [thread 103382] [45.0] [cxt 0] Pipeline 'egress': end
[09:14:27.157] [bmv2] [D] [thread 103382] [45.0] [cxt 0] Deparser 'deparser': start
[09:14:27.157] [bmv2] [D] [thread 103382] [45.0] [cxt 0] Updating checksum 'cksum'
[09:14:27.157] [bmv2] [D] [thread 103382] [45.0] [cxt 0] Deparsing header 'ethernet'
[09:14:27.157] [bmv2] [D] [thread 103382] [45.0] [cxt 0] Deparsing header 'ipv4'
[09:14:27.157] [bmv2] [D] [thread 103382] [45.0] [cxt 0] Deparser 'deparser': end
[09:14:27.157] [bmv2] [D] [thread 103384] [45.0] [cxt 0] Transmitting packet of size 76 out of port 2
[09:14:27.165] [bmv2] [D] [thread 103379] [46.0] [cxt 0] Processing packet received on port 1
[09:14:27.165] [bmv2] [D] [thread 103379] [46.0] [cxt 0] Parser 'parser': start
[09:14:27.165] [bmv2] [D] [thread 103379] [46.0] [cxt 0] Parser 'parser' entering state 'start'
[09:14:27.165] [bmv2] [D] [thread 103379] [46.0] [cxt 0] Extracting header 'ethernet'
[09:14:27.165] [bmv2] [D] [thread 103379] [46.0] [cxt 0] Parser state 'start': key is 0800
[09:14:27.165] [bmv2] [T] [thread 103379] [46.0] [cxt 0] Bytes parsed: 14
[09:14:27.165] [bmv2] [D] [thread 103379] [46.0] [cxt 0] Parser 'parser' entering state 'parse_ipv4'
[09:14:27.165] [bmv2] [D] [thread 103379] [46.0] [cxt 0] Extracting header 'ipv4'
[09:14:27.165] [bmv2] [D] [thread 103379] [46.0] [cxt 0] Parser state 'parse_ipv4' has no switch, going to default next state
[09:14:27.165] [bmv2] [T] [thread 103379] [46.0] [cxt 0] Bytes parsed: 34
[09:14:27.165] [bmv2] [D] [thread 103379] [46.0] [cxt 0] Parser 'parser': end
[09:14:27.165] [bmv2] [D] [thread 103379] [46.0] [cxt 0] Pipeline 'ingress': start
[09:14:27.165] [bmv2] [T] [thread 103379] [46.0] [cxt 0] switch.p4(116) Condition "hdr.ipv4.isValid()" (node_2) is true
[09:14:27.165] [bmv2] [T] [thread 103379] [46.0] [cxt 0] Applying table 'MyIngress.ipv4_lpm'
[09:14:27.165] [bmv2] [D] [thread 103379] [46.0] [cxt 0] Looking up key:
* hdr.ipv4.dstAddr    : 0a000101

[09:14:27.165] [bmv2] [D] [thread 103379] [46.0] [cxt 0] Table 'MyIngress.ipv4_lpm': hit with handle 0
[09:14:27.165] [bmv2] [D] [thread 103379] [46.0] [cxt 0] Dumping entry 0
Match key:
* hdr.ipv4.dstAddr    : LPM       0a000101/32
Action entry: MyIngress.ipv4_forward - 80000000200,2,

[09:14:27.165] [bmv2] [D] [thread 103379] [46.0] [cxt 0] Action entry is MyIngress.ipv4_forward - 80000000200,2,
[09:14:27.165] [bmv2] [T] [thread 103379] [46.0] [cxt 0] Action MyIngress.ipv4_forward
[09:14:27.165] [bmv2] [T] [thread 103379] [46.0] [cxt 0] switch.p4(96) Primitive standard_metadata.egress_spec = port
[09:14:27.165] [bmv2] [T] [thread 103379] [46.0] [cxt 0] switch.p4(97) Primitive hdr.ethernet.srcAddr = hdr.ethernet.dstAddr
[09:14:27.165] [bmv2] [T] [thread 103379] [46.0] [cxt 0] switch.p4(98) Primitive hdr.ethernet.dstAddr = dstAddr
[09:14:27.165] [bmv2] [T] [thread 103379] [46.0] [cxt 0] switch.p4(99) Primitive hdr.ipv4.ttl = hdr.ipv4.ttl - 1
[09:14:27.165] [bmv2] [D] [thread 103379] [46.0] [cxt 0] Pipeline 'ingress': end
[09:14:27.165] [bmv2] [D] [thread 103379] [46.0] [cxt 0] Egress port is 2
[09:14:27.165] [bmv2] [D] [thread 103382] [46.0] [cxt 0] Pipeline 'egress': start
[09:14:27.165] [bmv2] [D] [thread 103382] [46.0] [cxt 0] Pipeline 'egress': end
[09:14:27.165] [bmv2] [D] [thread 103382] [46.0] [cxt 0] Deparser 'deparser': start
[09:14:27.165] [bmv2] [D] [thread 103382] [46.0] [cxt 0] Updating checksum 'cksum'
[09:14:27.165] [bmv2] [D] [thread 103382] [46.0] [cxt 0] Deparsing header 'ethernet'
[09:14:27.165] [bmv2] [D] [thread 103382] [46.0] [cxt 0] Deparsing header 'ipv4'
[09:14:27.165] [bmv2] [D] [thread 103382] [46.0] [cxt 0] Deparser 'deparser': end
[09:14:27.165] [bmv2] [D] [thread 103384] [46.0] [cxt 0] Transmitting packet of size 308 out of port 2
[09:14:27.167] [bmv2] [D] [thread 103379] [47.0] [cxt 0] Processing packet received on port 2
[09:14:27.167] [bmv2] [D] [thread 103379] [47.0] [cxt 0] Parser 'parser': start
[09:14:27.167] [bmv2] [D] [thread 103379] [47.0] [cxt 0] Parser 'parser' entering state 'start'
[09:14:27.167] [bmv2] [D] [thread 103379] [47.0] [cxt 0] Extracting header 'ethernet'
[09:14:27.167] [bmv2] [D] [thread 103379] [47.0] [cxt 0] Parser state 'start': key is 0800
[09:14:27.167] [bmv2] [T] [thread 103379] [47.0] [cxt 0] Bytes parsed: 14
[09:14:27.167] [bmv2] [D] [thread 103379] [47.0] [cxt 0] Parser 'parser' entering state 'parse_ipv4'
[09:14:27.167] [bmv2] [D] [thread 103379] [47.0] [cxt 0] Extracting header 'ipv4'
[09:14:27.167] [bmv2] [D] [thread 103379] [47.0] [cxt 0] Parser state 'parse_ipv4' has no switch, going to default next state
[09:14:27.167] [bmv2] [T] [thread 103379] [47.0] [cxt 0] Bytes parsed: 34
[09:14:27.167] [bmv2] [D] [thread 103379] [47.0] [cxt 0] Parser 'parser': end
[09:14:27.167] [bmv2] [D] [thread 103379] [47.0] [cxt 0] Pipeline 'ingress': start
[09:14:27.167] [bmv2] [T] [thread 103379] [47.0] [cxt 0] switch.p4(116) Condition "hdr.ipv4.isValid()" (node_2) is true
[09:14:27.167] [bmv2] [T] [thread 103379] [47.0] [cxt 0] Applying table 'MyIngress.ipv4_lpm'
[09:14:27.167] [bmv2] [D] [thread 103379] [47.0] [cxt 0] Looking up key:
* hdr.ipv4.dstAddr    : 0a000202

[09:14:27.173] [bmv2] [D] [thread 103379] [47.0] [cxt 0] Table 'MyIngress.ipv4_lpm': hit with handle 1
[09:14:27.173] [bmv2] [D] [thread 103379] [47.0] [cxt 0] Dumping entry 1
Match key:
* hdr.ipv4.dstAddr    : LPM       0a000202/32
Action entry: MyIngress.ipv4_forward - 80000000222,1,

[09:14:27.173] [bmv2] [D] [thread 103379] [47.0] [cxt 0] Action entry is MyIngress.ipv4_forward - 80000000222,1,
[09:14:27.173] [bmv2] [T] [thread 103379] [47.0] [cxt 0] Action MyIngress.ipv4_forward
[09:14:27.173] [bmv2] [T] [thread 103379] [47.0] [cxt 0] switch.p4(96) Primitive standard_metadata.egress_spec = port
[09:14:27.173] [bmv2] [T] [thread 103379] [47.0] [cxt 0] switch.p4(97) Primitive hdr.ethernet.srcAddr = hdr.ethernet.dstAddr
[09:14:27.173] [bmv2] [T] [thread 103379] [47.0] [cxt 0] switch.p4(98) Primitive hdr.ethernet.dstAddr = dstAddr
[09:14:27.173] [bmv2] [T] [thread 103379] [47.0] [cxt 0] switch.p4(99) Primitive hdr.ipv4.ttl = hdr.ipv4.ttl - 1
[09:14:27.173] [bmv2] [D] [thread 103379] [47.0] [cxt 0] Pipeline 'ingress': end
[09:14:27.173] [bmv2] [D] [thread 103379] [47.0] [cxt 0] Egress port is 1
[09:14:27.173] [bmv2] [D] [thread 103381] [47.0] [cxt 0] Pipeline 'egress': start
[09:14:27.173] [bmv2] [D] [thread 103381] [47.0] [cxt 0] Pipeline 'egress': end
[09:14:27.173] [bmv2] [D] [thread 103381] [47.0] [cxt 0] Deparser 'deparser': start
[09:14:27.173] [bmv2] [D] [thread 103381] [47.0] [cxt 0] Updating checksum 'cksum'
[09:14:27.173] [bmv2] [D] [thread 103381] [47.0] [cxt 0] Deparsing header 'ethernet'
[09:14:27.173] [bmv2] [D] [thread 103381] [47.0] [cxt 0] Deparsing header 'ipv4'
[09:14:27.173] [bmv2] [D] [thread 103381] [47.0] [cxt 0] Deparser 'deparser': end
[09:14:27.173] [bmv2] [D] [thread 103384] [47.0] [cxt 0] Transmitting packet of size 336 out of port 1
[09:14:27.450] [bmv2] [D] [thread 103379] [48.0] [cxt 0] Processing packet received on port 2
[09:14:27.450] [bmv2] [D] [thread 103379] [48.0] [cxt 0] Parser 'parser': start
[09:14:27.450] [bmv2] [D] [thread 103379] [48.0] [cxt 0] Parser 'parser' entering state 'start'
[09:14:27.450] [bmv2] [D] [thread 103379] [48.0] [cxt 0] Extracting header 'ethernet'
[09:14:27.450] [bmv2] [D] [thread 103379] [48.0] [cxt 0] Parser state 'start': key is 86dd
[09:14:27.450] [bmv2] [T] [thread 103379] [48.0] [cxt 0] Bytes parsed: 14
[09:14:27.450] [bmv2] [D] [thread 103379] [48.0] [cxt 0] Parser 'parser': end
[09:14:27.450] [bmv2] [D] [thread 103379] [48.0] [cxt 0] Pipeline 'ingress': start
[09:14:27.450] [bmv2] [T] [thread 103379] [48.0] [cxt 0] switch.p4(116) Condition "hdr.ipv4.isValid()" (node_2) is false
[09:14:27.450] [bmv2] [D] [thread 103379] [48.0] [cxt 0] Pipeline 'ingress': end
[09:14:27.450] [bmv2] [D] [thread 103379] [48.0] [cxt 0] Egress port is 0
[09:14:27.450] [bmv2] [D] [thread 103380] [48.0] [cxt 0] Pipeline 'egress': start
[09:14:27.450] [bmv2] [D] [thread 103380] [48.0] [cxt 0] Pipeline 'egress': end
[09:14:27.450] [bmv2] [D] [thread 103380] [48.0] [cxt 0] Deparser 'deparser': start
[09:14:27.450] [bmv2] [T] [thread 103380] [48.0] [cxt 0] Skipping checksum 'cksum' update because condition not met
[09:14:27.450] [bmv2] [D] [thread 103380] [48.0] [cxt 0] Deparsing header 'ethernet'
[09:14:27.450] [bmv2] [D] [thread 103380] [48.0] [cxt 0] Deparser 'deparser': end
[09:14:27.450] [bmv2] [D] [thread 103384] [48.0] [cxt 0] Transmitting packet of size 70 out of port 0
[09:14:27.939] [bmv2] [D] [thread 103379] [49.0] [cxt 0] Processing packet received on port 2
[09:14:27.939] [bmv2] [D] [thread 103379] [49.0] [cxt 0] Parser 'parser': start
[09:14:27.939] [bmv2] [D] [thread 103379] [49.0] [cxt 0] Parser 'parser' entering state 'start'
[09:14:27.939] [bmv2] [D] [thread 103379] [49.0] [cxt 0] Extracting header 'ethernet'
[09:14:27.939] [bmv2] [D] [thread 103379] [49.0] [cxt 0] Parser state 'start': key is 0800
[09:14:27.939] [bmv2] [T] [thread 103379] [49.0] [cxt 0] Bytes parsed: 14
[09:14:27.939] [bmv2] [D] [thread 103379] [49.0] [cxt 0] Parser 'parser' entering state 'parse_ipv4'
[09:14:27.939] [bmv2] [D] [thread 103379] [49.0] [cxt 0] Extracting header 'ipv4'
[09:14:27.939] [bmv2] [D] [thread 103379] [49.0] [cxt 0] Parser state 'parse_ipv4' has no switch, going to default next state
[09:14:27.939] [bmv2] [T] [thread 103379] [49.0] [cxt 0] Bytes parsed: 34
[09:14:27.939] [bmv2] [D] [thread 103379] [49.0] [cxt 0] Parser 'parser': end
[09:14:27.939] [bmv2] [D] [thread 103379] [49.0] [cxt 0] Pipeline 'ingress': start
[09:14:27.939] [bmv2] [T] [thread 103379] [49.0] [cxt 0] switch.p4(116) Condition "hdr.ipv4.isValid()" (node_2) is true
[09:14:27.939] [bmv2] [T] [thread 103379] [49.0] [cxt 0] Applying table 'MyIngress.ipv4_lpm'
[09:14:27.939] [bmv2] [D] [thread 103379] [49.0] [cxt 0] Looking up key:
* hdr.ipv4.dstAddr    : 0a000202

[09:14:27.939] [bmv2] [D] [thread 103379] [49.0] [cxt 0] Table 'MyIngress.ipv4_lpm': hit with handle 1
[09:14:27.939] [bmv2] [D] [thread 103379] [49.0] [cxt 0] Dumping entry 1
Match key:
* hdr.ipv4.dstAddr    : LPM       0a000202/32
Action entry: MyIngress.ipv4_forward - 80000000222,1,

[09:14:27.939] [bmv2] [D] [thread 103379] [49.0] [cxt 0] Action entry is MyIngress.ipv4_forward - 80000000222,1,
[09:14:27.939] [bmv2] [T] [thread 103379] [49.0] [cxt 0] Action MyIngress.ipv4_forward
[09:14:27.939] [bmv2] [T] [thread 103379] [49.0] [cxt 0] switch.p4(96) Primitive standard_metadata.egress_spec = port
[09:14:27.939] [bmv2] [T] [thread 103379] [49.0] [cxt 0] switch.p4(97) Primitive hdr.ethernet.srcAddr = hdr.ethernet.dstAddr
[09:14:27.939] [bmv2] [T] [thread 103379] [49.0] [cxt 0] switch.p4(98) Primitive hdr.ethernet.dstAddr = dstAddr
[09:14:27.939] [bmv2] [T] [thread 103379] [49.0] [cxt 0] switch.p4(99) Primitive hdr.ipv4.ttl = hdr.ipv4.ttl - 1
[09:14:27.939] [bmv2] [D] [thread 103379] [49.0] [cxt 0] Pipeline 'ingress': end
[09:14:27.939] [bmv2] [D] [thread 103379] [49.0] [cxt 0] Egress port is 1
[09:14:27.939] [bmv2] [D] [thread 103381] [49.0] [cxt 0] Pipeline 'egress': start
[09:14:27.939] [bmv2] [D] [thread 103381] [49.0] [cxt 0] Pipeline 'egress': end
[09:14:27.939] [bmv2] [D] [thread 103381] [49.0] [cxt 0] Deparser 'deparser': start
[09:14:27.939] [bmv2] [D] [thread 103381] [49.0] [cxt 0] Updating checksum 'cksum'
[09:14:27.939] [bmv2] [D] [thread 103381] [49.0] [cxt 0] Deparsing header 'ethernet'
[09:14:27.939] [bmv2] [D] [thread 103381] [49.0] [cxt 0] Deparsing header 'ipv4'
[09:14:27.939] [bmv2] [D] [thread 103381] [49.0] [cxt 0] Deparser 'deparser': end
[09:14:27.939] [bmv2] [D] [thread 103384] [49.0] [cxt 0] Transmitting packet of size 48 out of port 1
[09:14:27.939] [bmv2] [D] [thread 103379] [50.0] [cxt 0] Processing packet received on port 1
[09:14:27.939] [bmv2] [D] [thread 103379] [50.0] [cxt 0] Parser 'parser': start
[09:14:27.939] [bmv2] [D] [thread 103379] [50.0] [cxt 0] Parser 'parser' entering state 'start'
[09:14:27.939] [bmv2] [D] [thread 103379] [50.0] [cxt 0] Extracting header 'ethernet'
[09:14:27.939] [bmv2] [D] [thread 103379] [50.0] [cxt 0] Parser state 'start': key is 0800
[09:14:27.939] [bmv2] [T] [thread 103379] [50.0] [cxt 0] Bytes parsed: 14
[09:14:27.939] [bmv2] [D] [thread 103379] [50.0] [cxt 0] Parser 'parser' entering state 'parse_ipv4'
[09:14:27.939] [bmv2] [D] [thread 103379] [50.0] [cxt 0] Extracting header 'ipv4'
[09:14:27.939] [bmv2] [D] [thread 103379] [50.0] [cxt 0] Parser state 'parse_ipv4' has no switch, going to default next state
[09:14:27.939] [bmv2] [T] [thread 103379] [50.0] [cxt 0] Bytes parsed: 34
[09:14:27.939] [bmv2] [D] [thread 103379] [50.0] [cxt 0] Parser 'parser': end
[09:14:27.939] [bmv2] [D] [thread 103379] [50.0] [cxt 0] Pipeline 'ingress': start
[09:14:27.939] [bmv2] [T] [thread 103379] [50.0] [cxt 0] switch.p4(116) Condition "hdr.ipv4.isValid()" (node_2) is true
[09:14:27.939] [bmv2] [T] [thread 103379] [50.0] [cxt 0] Applying table 'MyIngress.ipv4_lpm'
[09:14:27.939] [bmv2] [D] [thread 103379] [50.0] [cxt 0] Looking up key:
* hdr.ipv4.dstAddr    : 0a000101

[09:14:27.939] [bmv2] [D] [thread 103379] [50.0] [cxt 0] Table 'MyIngress.ipv4_lpm': hit with handle 0
[09:14:27.939] [bmv2] [D] [thread 103379] [50.0] [cxt 0] Dumping entry 0
Match key:
* hdr.ipv4.dstAddr    : LPM       0a000101/32
Action entry: MyIngress.ipv4_forward - 80000000200,2,

[09:14:27.939] [bmv2] [D] [thread 103379] [50.0] [cxt 0] Action entry is MyIngress.ipv4_forward - 80000000200,2,
[09:14:27.939] [bmv2] [T] [thread 103379] [50.0] [cxt 0] Action MyIngress.ipv4_forward
[09:14:27.939] [bmv2] [T] [thread 103379] [50.0] [cxt 0] switch.p4(96) Primitive standard_metadata.egress_spec = port
[09:14:27.939] [bmv2] [T] [thread 103379] [50.0] [cxt 0] switch.p4(97) Primitive hdr.ethernet.srcAddr = hdr.ethernet.dstAddr
[09:14:27.939] [bmv2] [T] [thread 103379] [50.0] [cxt 0] switch.p4(98) Primitive hdr.ethernet.dstAddr = dstAddr
[09:14:27.939] [bmv2] [T] [thread 103379] [50.0] [cxt 0] switch.p4(99) Primitive hdr.ipv4.ttl = hdr.ipv4.ttl - 1
[09:14:27.939] [bmv2] [D] [thread 103379] [50.0] [cxt 0] Pipeline 'ingress': end
[09:14:27.939] [bmv2] [D] [thread 103379] [50.0] [cxt 0] Egress port is 2
[09:14:27.939] [bmv2] [D] [thread 103382] [50.0] [cxt 0] Pipeline 'egress': start
[09:14:27.939] [bmv2] [D] [thread 103382] [50.0] [cxt 0] Pipeline 'egress': end
[09:14:27.939] [bmv2] [D] [thread 103382] [50.0] [cxt 0] Deparser 'deparser': start
[09:14:27.939] [bmv2] [D] [thread 103382] [50.0] [cxt 0] Updating checksum 'cksum'
[09:14:27.939] [bmv2] [D] [thread 103382] [50.0] [cxt 0] Deparsing header 'ethernet'
[09:14:27.939] [bmv2] [D] [thread 103382] [50.0] [cxt 0] Deparsing header 'ipv4'
[09:14:27.939] [bmv2] [D] [thread 103382] [50.0] [cxt 0] Deparser 'deparser': end
[09:14:27.939] [bmv2] [D] [thread 103384] [50.0] [cxt 0] Transmitting packet of size 76 out of port 2
[09:14:27.962] [bmv2] [D] [thread 103379] [51.0] [cxt 0] Processing packet received on port 1
[09:14:27.962] [bmv2] [D] [thread 103379] [51.0] [cxt 0] Parser 'parser': start
[09:14:27.962] [bmv2] [D] [thread 103379] [51.0] [cxt 0] Parser 'parser' entering state 'start'
[09:14:27.962] [bmv2] [D] [thread 103379] [51.0] [cxt 0] Extracting header 'ethernet'
[09:14:27.962] [bmv2] [D] [thread 103379] [51.0] [cxt 0] Parser state 'start': key is 0800
[09:14:27.962] [bmv2] [T] [thread 103379] [51.0] [cxt 0] Bytes parsed: 14
[09:14:27.962] [bmv2] [D] [thread 103379] [51.0] [cxt 0] Parser 'parser' entering state 'parse_ipv4'
[09:14:27.962] [bmv2] [D] [thread 103379] [51.0] [cxt 0] Extracting header 'ipv4'
[09:14:27.962] [bmv2] [D] [thread 103379] [51.0] [cxt 0] Parser state 'parse_ipv4' has no switch, going to default next state
[09:14:27.962] [bmv2] [T] [thread 103379] [51.0] [cxt 0] Bytes parsed: 34
[09:14:27.962] [bmv2] [D] [thread 103379] [51.0] [cxt 0] Parser 'parser': end
[09:14:27.962] [bmv2] [D] [thread 103379] [51.0] [cxt 0] Pipeline 'ingress': start
[09:14:27.962] [bmv2] [T] [thread 103379] [51.0] [cxt 0] switch.p4(116) Condition "hdr.ipv4.isValid()" (node_2) is true
[09:14:27.962] [bmv2] [T] [thread 103379] [51.0] [cxt 0] Applying table 'MyIngress.ipv4_lpm'
[09:14:27.962] [bmv2] [D] [thread 103379] [51.0] [cxt 0] Looking up key:
* hdr.ipv4.dstAddr    : 0a000101

[09:14:27.962] [bmv2] [D] [thread 103379] [51.0] [cxt 0] Table 'MyIngress.ipv4_lpm': hit with handle 0
[09:14:27.962] [bmv2] [D] [thread 103379] [51.0] [cxt 0] Dumping entry 0
Match key:
* hdr.ipv4.dstAddr    : LPM       0a000101/32
Action entry: MyIngress.ipv4_forward - 80000000200,2,

[09:14:27.962] [bmv2] [D] [thread 103379] [51.0] [cxt 0] Action entry is MyIngress.ipv4_forward - 80000000200,2,
[09:14:27.962] [bmv2] [T] [thread 103379] [51.0] [cxt 0] Action MyIngress.ipv4_forward
[09:14:27.962] [bmv2] [T] [thread 103379] [51.0] [cxt 0] switch.p4(96) Primitive standard_metadata.egress_spec = port
[09:14:27.962] [bmv2] [T] [thread 103379] [51.0] [cxt 0] switch.p4(97) Primitive hdr.ethernet.srcAddr = hdr.ethernet.dstAddr
[09:14:27.962] [bmv2] [T] [thread 103379] [51.0] [cxt 0] switch.p4(98) Primitive hdr.ethernet.dstAddr = dstAddr
[09:14:27.962] [bmv2] [T] [thread 103379] [51.0] [cxt 0] switch.p4(99) Primitive hdr.ipv4.ttl = hdr.ipv4.ttl - 1
[09:14:27.962] [bmv2] [D] [thread 103379] [51.0] [cxt 0] Pipeline 'ingress': end
[09:14:27.962] [bmv2] [D] [thread 103379] [51.0] [cxt 0] Egress port is 2
[09:14:27.962] [bmv2] [D] [thread 103382] [51.0] [cxt 0] Pipeline 'egress': start
[09:14:27.962] [bmv2] [D] [thread 103382] [51.0] [cxt 0] Pipeline 'egress': end
[09:14:27.962] [bmv2] [D] [thread 103382] [51.0] [cxt 0] Deparser 'deparser': start
[09:14:27.962] [bmv2] [D] [thread 103382] [51.0] [cxt 0] Updating checksum 'cksum'
[09:14:27.962] [bmv2] [D] [thread 103382] [51.0] [cxt 0] Deparsing header 'ethernet'
[09:14:27.962] [bmv2] [D] [thread 103382] [51.0] [cxt 0] Deparsing header 'ipv4'
[09:14:27.962] [bmv2] [D] [thread 103382] [51.0] [cxt 0] Deparser 'deparser': end
[09:14:27.962] [bmv2] [D] [thread 103384] [51.0] [cxt 0] Transmitting packet of size 308 out of port 2
[09:14:27.967] [bmv2] [D] [thread 103379] [52.0] [cxt 0] Processing packet received on port 2
[09:14:27.967] [bmv2] [D] [thread 103379] [52.0] [cxt 0] Parser 'parser': start
[09:14:27.967] [bmv2] [D] [thread 103379] [52.0] [cxt 0] Parser 'parser' entering state 'start'
[09:14:27.967] [bmv2] [D] [thread 103379] [52.0] [cxt 0] Extracting header 'ethernet'
[09:14:27.967] [bmv2] [D] [thread 103379] [52.0] [cxt 0] Parser state 'start': key is 0800
[09:14:27.967] [bmv2] [T] [thread 103379] [52.0] [cxt 0] Bytes parsed: 14
[09:14:27.967] [bmv2] [D] [thread 103379] [52.0] [cxt 0] Parser 'parser' entering state 'parse_ipv4'
[09:14:27.967] [bmv2] [D] [thread 103379] [52.0] [cxt 0] Extracting header 'ipv4'
[09:14:27.967] [bmv2] [D] [thread 103379] [52.0] [cxt 0] Parser state 'parse_ipv4' has no switch, going to default next state
[09:14:27.967] [bmv2] [T] [thread 103379] [52.0] [cxt 0] Bytes parsed: 34
[09:14:27.967] [bmv2] [D] [thread 103379] [52.0] [cxt 0] Parser 'parser': end
[09:14:27.967] [bmv2] [D] [thread 103379] [52.0] [cxt 0] Pipeline 'ingress': start
[09:14:27.967] [bmv2] [T] [thread 103379] [52.0] [cxt 0] switch.p4(116) Condition "hdr.ipv4.isValid()" (node_2) is true
[09:14:27.967] [bmv2] [T] [thread 103379] [52.0] [cxt 0] Applying table 'MyIngress.ipv4_lpm'
[09:14:27.967] [bmv2] [D] [thread 103379] [52.0] [cxt 0] Looking up key:
* hdr.ipv4.dstAddr    : 0a000202

[09:14:27.967] [bmv2] [D] [thread 103379] [52.0] [cxt 0] Table 'MyIngress.ipv4_lpm': hit with handle 1
[09:14:27.967] [bmv2] [D] [thread 103379] [52.0] [cxt 0] Dumping entry 1
Match key:
* hdr.ipv4.dstAddr    : LPM       0a000202/32
Action entry: MyIngress.ipv4_forward - 80000000222,1,

[09:14:27.967] [bmv2] [D] [thread 103379] [52.0] [cxt 0] Action entry is MyIngress.ipv4_forward - 80000000222,1,
[09:14:27.967] [bmv2] [T] [thread 103379] [52.0] [cxt 0] Action MyIngress.ipv4_forward
[09:14:27.967] [bmv2] [T] [thread 103379] [52.0] [cxt 0] switch.p4(96) Primitive standard_metadata.egress_spec = port
[09:14:27.967] [bmv2] [T] [thread 103379] [52.0] [cxt 0] switch.p4(97) Primitive hdr.ethernet.srcAddr = hdr.ethernet.dstAddr
[09:14:27.967] [bmv2] [T] [thread 103379] [52.0] [cxt 0] switch.p4(98) Primitive hdr.ethernet.dstAddr = dstAddr
[09:14:27.967] [bmv2] [T] [thread 103379] [52.0] [cxt 0] switch.p4(99) Primitive hdr.ipv4.ttl = hdr.ipv4.ttl - 1
[09:14:27.967] [bmv2] [D] [thread 103379] [52.0] [cxt 0] Pipeline 'ingress': end
[09:14:27.967] [bmv2] [D] [thread 103379] [52.0] [cxt 0] Egress port is 1
[09:14:27.967] [bmv2] [D] [thread 103381] [52.0] [cxt 0] Pipeline 'egress': start
[09:14:27.967] [bmv2] [D] [thread 103381] [52.0] [cxt 0] Pipeline 'egress': end
[09:14:27.967] [bmv2] [D] [thread 103381] [52.0] [cxt 0] Deparser 'deparser': start
[09:14:27.967] [bmv2] [D] [thread 103381] [52.0] [cxt 0] Updating checksum 'cksum'
[09:14:27.972] [bmv2] [D] [thread 103381] [52.0] [cxt 0] Deparsing header 'ethernet'
[09:14:27.972] [bmv2] [D] [thread 103381] [52.0] [cxt 0] Deparsing header 'ipv4'
[09:14:27.972] [bmv2] [D] [thread 103381] [52.0] [cxt 0] Deparser 'deparser': end
[09:14:27.972] [bmv2] [D] [thread 103384] [52.0] [cxt 0] Transmitting packet of size 336 out of port 1
[09:14:29.027] [bmv2] [D] [thread 103379] [53.0] [cxt 0] Processing packet received on port 2
[09:14:29.027] [bmv2] [D] [thread 103379] [53.0] [cxt 0] Parser 'parser': start
[09:14:29.027] [bmv2] [D] [thread 103379] [53.0] [cxt 0] Parser 'parser' entering state 'start'
[09:14:29.027] [bmv2] [D] [thread 103379] [53.0] [cxt 0] Extracting header 'ethernet'
[09:14:29.027] [bmv2] [D] [thread 103379] [53.0] [cxt 0] Parser state 'start': key is 0800
[09:14:29.027] [bmv2] [T] [thread 103379] [53.0] [cxt 0] Bytes parsed: 14
[09:14:29.027] [bmv2] [D] [thread 103379] [53.0] [cxt 0] Parser 'parser' entering state 'parse_ipv4'
[09:14:29.027] [bmv2] [D] [thread 103379] [53.0] [cxt 0] Extracting header 'ipv4'
[09:14:29.027] [bmv2] [D] [thread 103379] [53.0] [cxt 0] Parser state 'parse_ipv4' has no switch, going to default next state
[09:14:29.027] [bmv2] [T] [thread 103379] [53.0] [cxt 0] Bytes parsed: 34
[09:14:29.027] [bmv2] [D] [thread 103379] [53.0] [cxt 0] Parser 'parser': end
[09:14:29.027] [bmv2] [D] [thread 103379] [53.0] [cxt 0] Pipeline 'ingress': start
[09:14:29.027] [bmv2] [T] [thread 103379] [53.0] [cxt 0] switch.p4(116) Condition "hdr.ipv4.isValid()" (node_2) is true
[09:14:29.027] [bmv2] [T] [thread 103379] [53.0] [cxt 0] Applying table 'MyIngress.ipv4_lpm'
[09:14:29.027] [bmv2] [D] [thread 103379] [53.0] [cxt 0] Looking up key:
* hdr.ipv4.dstAddr    : 0a000202

[09:14:29.027] [bmv2] [D] [thread 103379] [53.0] [cxt 0] Table 'MyIngress.ipv4_lpm': hit with handle 1
[09:14:29.027] [bmv2] [D] [thread 103379] [53.0] [cxt 0] Dumping entry 1
Match key:
* hdr.ipv4.dstAddr    : LPM       0a000202/32
Action entry: MyIngress.ipv4_forward - 80000000222,1,

[09:14:29.027] [bmv2] [D] [thread 103379] [53.0] [cxt 0] Action entry is MyIngress.ipv4_forward - 80000000222,1,
[09:14:29.027] [bmv2] [T] [thread 103379] [53.0] [cxt 0] Action MyIngress.ipv4_forward
[09:14:29.027] [bmv2] [T] [thread 103379] [53.0] [cxt 0] switch.p4(96) Primitive standard_metadata.egress_spec = port
[09:14:29.027] [bmv2] [T] [thread 103379] [53.0] [cxt 0] switch.p4(97) Primitive hdr.ethernet.srcAddr = hdr.ethernet.dstAddr
[09:14:29.027] [bmv2] [T] [thread 103379] [53.0] [cxt 0] switch.p4(98) Primitive hdr.ethernet.dstAddr = dstAddr
[09:14:29.027] [bmv2] [T] [thread 103379] [53.0] [cxt 0] switch.p4(99) Primitive hdr.ipv4.ttl = hdr.ipv4.ttl - 1
[09:14:29.027] [bmv2] [D] [thread 103379] [53.0] [cxt 0] Pipeline 'ingress': end
[09:14:29.027] [bmv2] [D] [thread 103379] [53.0] [cxt 0] Egress port is 1
[09:14:29.027] [bmv2] [D] [thread 103381] [53.0] [cxt 0] Pipeline 'egress': start
[09:14:29.027] [bmv2] [D] [thread 103381] [53.0] [cxt 0] Pipeline 'egress': end
[09:14:29.027] [bmv2] [D] [thread 103381] [53.0] [cxt 0] Deparser 'deparser': start
[09:14:29.027] [bmv2] [D] [thread 103381] [53.0] [cxt 0] Updating checksum 'cksum'
[09:14:29.027] [bmv2] [D] [thread 103381] [53.0] [cxt 0] Deparsing header 'ethernet'
[09:14:29.027] [bmv2] [D] [thread 103381] [53.0] [cxt 0] Deparsing header 'ipv4'
[09:14:29.027] [bmv2] [D] [thread 103381] [53.0] [cxt 0] Deparser 'deparser': end
[09:14:29.027] [bmv2] [D] [thread 103384] [53.0] [cxt 0] Transmitting packet of size 48 out of port 1
[09:14:29.028] [bmv2] [D] [thread 103379] [54.0] [cxt 0] Processing packet received on port 1
[09:14:29.028] [bmv2] [D] [thread 103379] [54.0] [cxt 0] Parser 'parser': start
[09:14:29.028] [bmv2] [D] [thread 103379] [54.0] [cxt 0] Parser 'parser' entering state 'start'
[09:14:29.028] [bmv2] [D] [thread 103379] [54.0] [cxt 0] Extracting header 'ethernet'
[09:14:29.028] [bmv2] [D] [thread 103379] [54.0] [cxt 0] Parser state 'start': key is 0800
[09:14:29.028] [bmv2] [T] [thread 103379] [54.0] [cxt 0] Bytes parsed: 14
[09:14:29.028] [bmv2] [D] [thread 103379] [54.0] [cxt 0] Parser 'parser' entering state 'parse_ipv4'
[09:14:29.028] [bmv2] [D] [thread 103379] [54.0] [cxt 0] Extracting header 'ipv4'
[09:14:29.028] [bmv2] [D] [thread 103379] [54.0] [cxt 0] Parser state 'parse_ipv4' has no switch, going to default next state
[09:14:29.028] [bmv2] [T] [thread 103379] [54.0] [cxt 0] Bytes parsed: 34
[09:14:29.028] [bmv2] [D] [thread 103379] [54.0] [cxt 0] Parser 'parser': end
[09:14:29.028] [bmv2] [D] [thread 103379] [54.0] [cxt 0] Pipeline 'ingress': start
[09:14:29.028] [bmv2] [T] [thread 103379] [54.0] [cxt 0] switch.p4(116) Condition "hdr.ipv4.isValid()" (node_2) is true
[09:14:29.028] [bmv2] [T] [thread 103379] [54.0] [cxt 0] Applying table 'MyIngress.ipv4_lpm'
[09:14:29.028] [bmv2] [D] [thread 103379] [54.0] [cxt 0] Looking up key:
* hdr.ipv4.dstAddr    : 0a000101

[09:14:29.028] [bmv2] [D] [thread 103379] [54.0] [cxt 0] Table 'MyIngress.ipv4_lpm': hit with handle 0
[09:14:29.028] [bmv2] [D] [thread 103379] [54.0] [cxt 0] Dumping entry 0
Match key:
* hdr.ipv4.dstAddr    : LPM       0a000101/32
Action entry: MyIngress.ipv4_forward - 80000000200,2,

[09:14:29.028] [bmv2] [D] [thread 103379] [54.0] [cxt 0] Action entry is MyIngress.ipv4_forward - 80000000200,2,
[09:14:29.028] [bmv2] [T] [thread 103379] [54.0] [cxt 0] Action MyIngress.ipv4_forward
[09:14:29.028] [bmv2] [T] [thread 103379] [54.0] [cxt 0] switch.p4(96) Primitive standard_metadata.egress_spec = port
[09:14:29.028] [bmv2] [T] [thread 103379] [54.0] [cxt 0] switch.p4(97) Primitive hdr.ethernet.srcAddr = hdr.ethernet.dstAddr
[09:14:29.028] [bmv2] [T] [thread 103379] [54.0] [cxt 0] switch.p4(98) Primitive hdr.ethernet.dstAddr = dstAddr
[09:14:29.028] [bmv2] [T] [thread 103379] [54.0] [cxt 0] switch.p4(99) Primitive hdr.ipv4.ttl = hdr.ipv4.ttl - 1
[09:14:29.028] [bmv2] [D] [thread 103379] [54.0] [cxt 0] Pipeline 'ingress': end
[09:14:29.028] [bmv2] [D] [thread 103379] [54.0] [cxt 0] Egress port is 2
[09:14:29.028] [bmv2] [D] [thread 103382] [54.0] [cxt 0] Pipeline 'egress': start
[09:14:29.028] [bmv2] [D] [thread 103382] [54.0] [cxt 0] Pipeline 'egress': end
[09:14:29.028] [bmv2] [D] [thread 103382] [54.0] [cxt 0] Deparser 'deparser': start
[09:14:29.028] [bmv2] [D] [thread 103382] [54.0] [cxt 0] Updating checksum 'cksum'
[09:14:29.028] [bmv2] [D] [thread 103382] [54.0] [cxt 0] Deparsing header 'ethernet'
[09:14:29.028] [bmv2] [D] [thread 103382] [54.0] [cxt 0] Deparsing header 'ipv4'
[09:14:29.028] [bmv2] [D] [thread 103382] [54.0] [cxt 0] Deparser 'deparser': end
[09:14:29.028] [bmv2] [D] [thread 103384] [54.0] [cxt 0] Transmitting packet of size 76 out of port 2
[09:14:29.059] [bmv2] [D] [thread 103379] [55.0] [cxt 0] Processing packet received on port 1
[09:14:29.059] [bmv2] [D] [thread 103379] [55.0] [cxt 0] Parser 'parser': start
[09:14:29.059] [bmv2] [D] [thread 103379] [55.0] [cxt 0] Parser 'parser' entering state 'start'
[09:14:29.059] [bmv2] [D] [thread 103379] [55.0] [cxt 0] Extracting header 'ethernet'
[09:14:29.059] [bmv2] [D] [thread 103379] [55.0] [cxt 0] Parser state 'start': key is 0800
[09:14:29.059] [bmv2] [T] [thread 103379] [55.0] [cxt 0] Bytes parsed: 14
[09:14:29.059] [bmv2] [D] [thread 103379] [55.0] [cxt 0] Parser 'parser' entering state 'parse_ipv4'
[09:14:29.059] [bmv2] [D] [thread 103379] [55.0] [cxt 0] Extracting header 'ipv4'
[09:14:29.059] [bmv2] [D] [thread 103379] [55.0] [cxt 0] Parser state 'parse_ipv4' has no switch, going to default next state
[09:14:29.059] [bmv2] [T] [thread 103379] [55.0] [cxt 0] Bytes parsed: 34
[09:14:29.059] [bmv2] [D] [thread 103379] [55.0] [cxt 0] Parser 'parser': end
[09:14:29.059] [bmv2] [D] [thread 103379] [55.0] [cxt 0] Pipeline 'ingress': start
[09:14:29.059] [bmv2] [T] [thread 103379] [55.0] [cxt 0] switch.p4(116) Condition "hdr.ipv4.isValid()" (node_2) is true
[09:14:29.059] [bmv2] [T] [thread 103379] [55.0] [cxt 0] Applying table 'MyIngress.ipv4_lpm'
[09:14:29.059] [bmv2] [D] [thread 103379] [55.0] [cxt 0] Looking up key:
* hdr.ipv4.dstAddr    : 0a000101

[09:14:29.059] [bmv2] [D] [thread 103379] [55.0] [cxt 0] Table 'MyIngress.ipv4_lpm': hit with handle 0
[09:14:29.059] [bmv2] [D] [thread 103379] [55.0] [cxt 0] Dumping entry 0
Match key:
* hdr.ipv4.dstAddr    : LPM       0a000101/32
Action entry: MyIngress.ipv4_forward - 80000000200,2,

[09:14:29.059] [bmv2] [D] [thread 103379] [55.0] [cxt 0] Action entry is MyIngress.ipv4_forward - 80000000200,2,
[09:14:29.059] [bmv2] [T] [thread 103379] [55.0] [cxt 0] Action MyIngress.ipv4_forward
[09:14:29.059] [bmv2] [T] [thread 103379] [55.0] [cxt 0] switch.p4(96) Primitive standard_metadata.egress_spec = port
[09:14:29.059] [bmv2] [T] [thread 103379] [55.0] [cxt 0] switch.p4(97) Primitive hdr.ethernet.srcAddr = hdr.ethernet.dstAddr
[09:14:29.059] [bmv2] [T] [thread 103379] [55.0] [cxt 0] switch.p4(98) Primitive hdr.ethernet.dstAddr = dstAddr
[09:14:29.059] [bmv2] [T] [thread 103379] [55.0] [cxt 0] switch.p4(99) Primitive hdr.ipv4.ttl = hdr.ipv4.ttl - 1
[09:14:29.059] [bmv2] [D] [thread 103379] [55.0] [cxt 0] Pipeline 'ingress': end
[09:14:29.059] [bmv2] [D] [thread 103379] [55.0] [cxt 0] Egress port is 2
[09:14:29.059] [bmv2] [D] [thread 103382] [55.0] [cxt 0] Pipeline 'egress': start
[09:14:29.059] [bmv2] [D] [thread 103382] [55.0] [cxt 0] Pipeline 'egress': end
[09:14:29.059] [bmv2] [D] [thread 103382] [55.0] [cxt 0] Deparser 'deparser': start
[09:14:29.059] [bmv2] [D] [thread 103382] [55.0] [cxt 0] Updating checksum 'cksum'
[09:14:29.059] [bmv2] [D] [thread 103382] [55.0] [cxt 0] Deparsing header 'ethernet'
[09:14:29.059] [bmv2] [D] [thread 103382] [55.0] [cxt 0] Deparsing header 'ipv4'
[09:14:29.059] [bmv2] [D] [thread 103382] [55.0] [cxt 0] Deparser 'deparser': end
[09:14:29.059] [bmv2] [D] [thread 103384] [55.0] [cxt 0] Transmitting packet of size 308 out of port 2
[09:14:29.068] [bmv2] [D] [thread 103379] [56.0] [cxt 0] Processing packet received on port 2
[09:14:29.068] [bmv2] [D] [thread 103379] [56.0] [cxt 0] Parser 'parser': start
[09:14:29.068] [bmv2] [D] [thread 103379] [56.0] [cxt 0] Parser 'parser' entering state 'start'
[09:14:29.068] [bmv2] [D] [thread 103379] [56.0] [cxt 0] Extracting header 'ethernet'
[09:14:29.068] [bmv2] [D] [thread 103379] [56.0] [cxt 0] Parser state 'start': key is 0800
[09:14:29.068] [bmv2] [T] [thread 103379] [56.0] [cxt 0] Bytes parsed: 14
[09:14:29.068] [bmv2] [D] [thread 103379] [56.0] [cxt 0] Parser 'parser' entering state 'parse_ipv4'
[09:14:29.068] [bmv2] [D] [thread 103379] [56.0] [cxt 0] Extracting header 'ipv4'
[09:14:29.069] [bmv2] [D] [thread 103379] [56.0] [cxt 0] Parser state 'parse_ipv4' has no switch, going to default next state
[09:14:29.069] [bmv2] [T] [thread 103379] [56.0] [cxt 0] Bytes parsed: 34
[09:14:29.069] [bmv2] [D] [thread 103379] [56.0] [cxt 0] Parser 'parser': end
[09:14:29.069] [bmv2] [D] [thread 103379] [56.0] [cxt 0] Pipeline 'ingress': start
[09:14:29.069] [bmv2] [T] [thread 103379] [56.0] [cxt 0] switch.p4(116) Condition "hdr.ipv4.isValid()" (node_2) is true
[09:14:29.069] [bmv2] [T] [thread 103379] [56.0] [cxt 0] Applying table 'MyIngress.ipv4_lpm'
[09:14:29.069] [bmv2] [D] [thread 103379] [56.0] [cxt 0] Looking up key:
* hdr.ipv4.dstAddr    : 0a000202

[09:14:29.069] [bmv2] [D] [thread 103379] [56.0] [cxt 0] Table 'MyIngress.ipv4_lpm': hit with handle 1
[09:14:29.069] [bmv2] [D] [thread 103379] [56.0] [cxt 0] Dumping entry 1
Match key:
* hdr.ipv4.dstAddr    : LPM       0a000202/32
Action entry: MyIngress.ipv4_forward - 80000000222,1,

[09:14:29.069] [bmv2] [D] [thread 103379] [56.0] [cxt 0] Action entry is MyIngress.ipv4_forward - 80000000222,1,
[09:14:29.069] [bmv2] [T] [thread 103379] [56.0] [cxt 0] Action MyIngress.ipv4_forward
[09:14:29.069] [bmv2] [T] [thread 103379] [56.0] [cxt 0] switch.p4(96) Primitive standard_metadata.egress_spec = port
[09:14:29.069] [bmv2] [T] [thread 103379] [56.0] [cxt 0] switch.p4(97) Primitive hdr.ethernet.srcAddr = hdr.ethernet.dstAddr
[09:14:29.069] [bmv2] [T] [thread 103379] [56.0] [cxt 0] switch.p4(98) Primitive hdr.ethernet.dstAddr = dstAddr
[09:14:29.069] [bmv2] [T] [thread 103379] [56.0] [cxt 0] switch.p4(99) Primitive hdr.ipv4.ttl = hdr.ipv4.ttl - 1
[09:14:29.069] [bmv2] [D] [thread 103379] [56.0] [cxt 0] Pipeline 'ingress': end
[09:14:29.069] [bmv2] [D] [thread 103379] [56.0] [cxt 0] Egress port is 1
[09:14:29.070] [bmv2] [D] [thread 103381] [56.0] [cxt 0] Pipeline 'egress': start
[09:14:29.070] [bmv2] [D] [thread 103381] [56.0] [cxt 0] Pipeline 'egress': end
[09:14:29.070] [bmv2] [D] [thread 103381] [56.0] [cxt 0] Deparser 'deparser': start
[09:14:29.070] [bmv2] [D] [thread 103381] [56.0] [cxt 0] Updating checksum 'cksum'
[09:14:29.070] [bmv2] [D] [thread 103381] [56.0] [cxt 0] Deparsing header 'ethernet'
[09:14:29.070] [bmv2] [D] [thread 103381] [56.0] [cxt 0] Deparsing header 'ipv4'
[09:14:29.070] [bmv2] [D] [thread 103381] [56.0] [cxt 0] Deparser 'deparser': end
[09:14:29.070] [bmv2] [D] [thread 103384] [56.0] [cxt 0] Transmitting packet of size 336 out of port 1
[09:14:29.639] [bmv2] [D] [thread 103379] [57.0] [cxt 0] Processing packet received on port 2
[09:14:29.639] [bmv2] [D] [thread 103379] [57.0] [cxt 0] Parser 'parser': start
[09:14:29.639] [bmv2] [D] [thread 103379] [57.0] [cxt 0] Parser 'parser' entering state 'start'
[09:14:29.639] [bmv2] [D] [thread 103379] [57.0] [cxt 0] Extracting header 'ethernet'
[09:14:29.639] [bmv2] [D] [thread 103379] [57.0] [cxt 0] Parser state 'start': key is 86dd
[09:14:29.639] [bmv2] [T] [thread 103379] [57.0] [cxt 0] Bytes parsed: 14
[09:14:29.639] [bmv2] [D] [thread 103379] [57.0] [cxt 0] Parser 'parser': end
[09:14:29.639] [bmv2] [D] [thread 103379] [57.0] [cxt 0] Pipeline 'ingress': start
[09:14:29.639] [bmv2] [T] [thread 103379] [57.0] [cxt 0] switch.p4(116) Condition "hdr.ipv4.isValid()" (node_2) is false
[09:14:29.639] [bmv2] [D] [thread 103379] [57.0] [cxt 0] Pipeline 'ingress': end
[09:14:29.639] [bmv2] [D] [thread 103379] [57.0] [cxt 0] Egress port is 0
[09:14:29.639] [bmv2] [D] [thread 103380] [57.0] [cxt 0] Pipeline 'egress': start
[09:14:29.639] [bmv2] [D] [thread 103380] [57.0] [cxt 0] Pipeline 'egress': end
[09:14:29.639] [bmv2] [D] [thread 103380] [57.0] [cxt 0] Deparser 'deparser': start
[09:14:29.639] [bmv2] [T] [thread 103380] [57.0] [cxt 0] Skipping checksum 'cksum' update because condition not met
[09:14:29.639] [bmv2] [D] [thread 103380] [57.0] [cxt 0] Deparsing header 'ethernet'
[09:14:29.639] [bmv2] [D] [thread 103380] [57.0] [cxt 0] Deparser 'deparser': end
[09:14:29.639] [bmv2] [D] [thread 103384] [57.0] [cxt 0] Transmitting packet of size 203 out of port 0
[09:14:29.920] [bmv2] [D] [thread 103379] [58.0] [cxt 0] Processing packet received on port 2
[09:14:29.920] [bmv2] [D] [thread 103379] [58.0] [cxt 0] Parser 'parser': start
[09:14:29.920] [bmv2] [D] [thread 103379] [58.0] [cxt 0] Parser 'parser' entering state 'start'
[09:14:29.920] [bmv2] [D] [thread 103379] [58.0] [cxt 0] Extracting header 'ethernet'
[09:14:29.920] [bmv2] [D] [thread 103379] [58.0] [cxt 0] Parser state 'start': key is 86dd
[09:14:29.920] [bmv2] [T] [thread 103379] [58.0] [cxt 0] Bytes parsed: 14
[09:14:29.920] [bmv2] [D] [thread 103379] [58.0] [cxt 0] Parser 'parser': end
[09:14:29.920] [bmv2] [D] [thread 103379] [58.0] [cxt 0] Pipeline 'ingress': start
[09:14:29.920] [bmv2] [T] [thread 103379] [58.0] [cxt 0] switch.p4(116) Condition "hdr.ipv4.isValid()" (node_2) is false
[09:14:29.920] [bmv2] [D] [thread 103379] [58.0] [cxt 0] Pipeline 'ingress': end
[09:14:29.920] [bmv2] [D] [thread 103379] [58.0] [cxt 0] Egress port is 0
[09:14:29.920] [bmv2] [D] [thread 103380] [58.0] [cxt 0] Pipeline 'egress': start
[09:14:29.920] [bmv2] [D] [thread 103380] [58.0] [cxt 0] Pipeline 'egress': end
[09:14:29.924] [bmv2] [D] [thread 103380] [58.0] [cxt 0] Deparser 'deparser': start
[09:14:29.924] [bmv2] [T] [thread 103380] [58.0] [cxt 0] Skipping checksum 'cksum' update because condition not met
[09:14:29.924] [bmv2] [D] [thread 103380] [58.0] [cxt 0] Deparsing header 'ethernet'
[09:14:29.924] [bmv2] [D] [thread 103380] [58.0] [cxt 0] Deparser 'deparser': end
[09:14:29.924] [bmv2] [D] [thread 103384] [58.0] [cxt 0] Transmitting packet of size 203 out of port 0
[09:14:30.137] [bmv2] [D] [thread 103379] [59.0] [cxt 0] Processing packet received on port 1
[09:14:30.137] [bmv2] [D] [thread 103379] [59.0] [cxt 0] Parser 'parser': start
[09:14:30.137] [bmv2] [D] [thread 103379] [59.0] [cxt 0] Parser 'parser' entering state 'start'
[09:14:30.137] [bmv2] [D] [thread 103379] [59.0] [cxt 0] Extracting header 'ethernet'
[09:14:30.137] [bmv2] [D] [thread 103379] [59.0] [cxt 0] Parser state 'start': key is 86dd
[09:14:30.137] [bmv2] [T] [thread 103379] [59.0] [cxt 0] Bytes parsed: 14
[09:14:30.137] [bmv2] [D] [thread 103379] [59.0] [cxt 0] Parser 'parser': end
[09:14:30.137] [bmv2] [D] [thread 103379] [59.0] [cxt 0] Pipeline 'ingress': start
[09:14:30.137] [bmv2] [T] [thread 103379] [59.0] [cxt 0] switch.p4(116) Condition "hdr.ipv4.isValid()" (node_2) is false
[09:14:30.137] [bmv2] [D] [thread 103379] [59.0] [cxt 0] Pipeline 'ingress': end
[09:14:30.137] [bmv2] [D] [thread 103379] [59.0] [cxt 0] Egress port is 0
[09:14:30.137] [bmv2] [D] [thread 103380] [59.0] [cxt 0] Pipeline 'egress': start
[09:14:30.137] [bmv2] [D] [thread 103380] [59.0] [cxt 0] Pipeline 'egress': end
[09:14:30.137] [bmv2] [D] [thread 103380] [59.0] [cxt 0] Deparser 'deparser': start
[09:14:30.137] [bmv2] [T] [thread 103380] [59.0] [cxt 0] Skipping checksum 'cksum' update because condition not met
[09:14:30.137] [bmv2] [D] [thread 103380] [59.0] [cxt 0] Deparsing header 'ethernet'
[09:14:30.137] [bmv2] [D] [thread 103380] [59.0] [cxt 0] Deparser 'deparser': end
[09:14:30.137] [bmv2] [D] [thread 103384] [59.0] [cxt 0] Transmitting packet of size 203 out of port 0
[09:14:30.541] [bmv2] [D] [thread 103379] [60.0] [cxt 0] Processing packet received on port 2
[09:14:30.541] [bmv2] [D] [thread 103379] [60.0] [cxt 0] Parser 'parser': start
[09:14:30.541] [bmv2] [D] [thread 103379] [60.0] [cxt 0] Parser 'parser' entering state 'start'
[09:14:30.541] [bmv2] [D] [thread 103379] [60.0] [cxt 0] Extracting header 'ethernet'
[09:14:30.541] [bmv2] [D] [thread 103379] [60.0] [cxt 0] Parser state 'start': key is 0800
[09:14:30.541] [bmv2] [T] [thread 103379] [60.0] [cxt 0] Bytes parsed: 14
[09:14:30.541] [bmv2] [D] [thread 103379] [60.0] [cxt 0] Parser 'parser' entering state 'parse_ipv4'
[09:14:30.541] [bmv2] [D] [thread 103379] [60.0] [cxt 0] Extracting header 'ipv4'
[09:14:30.541] [bmv2] [D] [thread 103379] [60.0] [cxt 0] Parser state 'parse_ipv4' has no switch, going to default next state
[09:14:30.541] [bmv2] [T] [thread 103379] [60.0] [cxt 0] Bytes parsed: 34
[09:14:30.541] [bmv2] [D] [thread 103379] [60.0] [cxt 0] Parser 'parser': end
[09:14:30.541] [bmv2] [D] [thread 103379] [60.0] [cxt 0] Pipeline 'ingress': start
[09:14:30.541] [bmv2] [T] [thread 103379] [60.0] [cxt 0] switch.p4(116) Condition "hdr.ipv4.isValid()" (node_2) is true
[09:14:30.541] [bmv2] [T] [thread 103379] [60.0] [cxt 0] Applying table 'MyIngress.ipv4_lpm'
[09:14:30.541] [bmv2] [D] [thread 103379] [60.0] [cxt 0] Looking up key:
* hdr.ipv4.dstAddr    : 0a000202

[09:14:30.541] [bmv2] [D] [thread 103379] [60.0] [cxt 0] Table 'MyIngress.ipv4_lpm': hit with handle 1
[09:14:30.541] [bmv2] [D] [thread 103379] [60.0] [cxt 0] Dumping entry 1
Match key:
* hdr.ipv4.dstAddr    : LPM       0a000202/32
Action entry: MyIngress.ipv4_forward - 80000000222,1,

[09:14:30.541] [bmv2] [D] [thread 103379] [60.0] [cxt 0] Action entry is MyIngress.ipv4_forward - 80000000222,1,
[09:14:30.541] [bmv2] [T] [thread 103379] [60.0] [cxt 0] Action MyIngress.ipv4_forward
[09:14:30.541] [bmv2] [T] [thread 103379] [60.0] [cxt 0] switch.p4(96) Primitive standard_metadata.egress_spec = port
[09:14:30.541] [bmv2] [T] [thread 103379] [60.0] [cxt 0] switch.p4(97) Primitive hdr.ethernet.srcAddr = hdr.ethernet.dstAddr
[09:14:30.541] [bmv2] [T] [thread 103379] [60.0] [cxt 0] switch.p4(98) Primitive hdr.ethernet.dstAddr = dstAddr
[09:14:30.541] [bmv2] [T] [thread 103379] [60.0] [cxt 0] switch.p4(99) Primitive hdr.ipv4.ttl = hdr.ipv4.ttl - 1
[09:14:30.541] [bmv2] [D] [thread 103379] [60.0] [cxt 0] Pipeline 'ingress': end
[09:14:30.541] [bmv2] [D] [thread 103379] [60.0] [cxt 0] Egress port is 1
[09:14:30.541] [bmv2] [D] [thread 103381] [60.0] [cxt 0] Pipeline 'egress': start
[09:14:30.541] [bmv2] [D] [thread 103381] [60.0] [cxt 0] Pipeline 'egress': end
[09:14:30.541] [bmv2] [D] [thread 103381] [60.0] [cxt 0] Deparser 'deparser': start
[09:14:30.541] [bmv2] [D] [thread 103381] [60.0] [cxt 0] Updating checksum 'cksum'
[09:14:30.541] [bmv2] [D] [thread 103381] [60.0] [cxt 0] Deparsing header 'ethernet'
[09:14:30.541] [bmv2] [D] [thread 103381] [60.0] [cxt 0] Deparsing header 'ipv4'
[09:14:30.541] [bmv2] [D] [thread 103381] [60.0] [cxt 0] Deparser 'deparser': end
[09:14:30.544] [bmv2] [D] [thread 103384] [60.0] [cxt 0] Transmitting packet of size 48 out of port 1
[09:14:30.544] [bmv2] [D] [thread 103379] [61.0] [cxt 0] Processing packet received on port 1
[09:14:30.544] [bmv2] [D] [thread 103379] [61.0] [cxt 0] Parser 'parser': start
[09:14:30.544] [bmv2] [D] [thread 103379] [61.0] [cxt 0] Parser 'parser' entering state 'start'
[09:14:30.544] [bmv2] [D] [thread 103379] [61.0] [cxt 0] Extracting header 'ethernet'
[09:14:30.544] [bmv2] [D] [thread 103379] [61.0] [cxt 0] Parser state 'start': key is 0800
[09:14:30.544] [bmv2] [T] [thread 103379] [61.0] [cxt 0] Bytes parsed: 14
[09:14:30.544] [bmv2] [D] [thread 103379] [61.0] [cxt 0] Parser 'parser' entering state 'parse_ipv4'
[09:14:30.544] [bmv2] [D] [thread 103379] [61.0] [cxt 0] Extracting header 'ipv4'
[09:14:30.544] [bmv2] [D] [thread 103379] [61.0] [cxt 0] Parser state 'parse_ipv4' has no switch, going to default next state
[09:14:30.544] [bmv2] [T] [thread 103379] [61.0] [cxt 0] Bytes parsed: 34
[09:14:30.544] [bmv2] [D] [thread 103379] [61.0] [cxt 0] Parser 'parser': end
[09:14:30.544] [bmv2] [D] [thread 103379] [61.0] [cxt 0] Pipeline 'ingress': start
[09:14:30.544] [bmv2] [T] [thread 103379] [61.0] [cxt 0] switch.p4(116) Condition "hdr.ipv4.isValid()" (node_2) is true
[09:14:30.544] [bmv2] [T] [thread 103379] [61.0] [cxt 0] Applying table 'MyIngress.ipv4_lpm'
[09:14:30.544] [bmv2] [D] [thread 103379] [61.0] [cxt 0] Looking up key:
* hdr.ipv4.dstAddr    : 0a000101

[09:14:30.544] [bmv2] [D] [thread 103379] [61.0] [cxt 0] Table 'MyIngress.ipv4_lpm': hit with handle 0
[09:14:30.544] [bmv2] [D] [thread 103379] [61.0] [cxt 0] Dumping entry 0
Match key:
* hdr.ipv4.dstAddr    : LPM       0a000101/32
Action entry: MyIngress.ipv4_forward - 80000000200,2,

[09:14:30.544] [bmv2] [D] [thread 103379] [61.0] [cxt 0] Action entry is MyIngress.ipv4_forward - 80000000200,2,
[09:14:30.544] [bmv2] [T] [thread 103379] [61.0] [cxt 0] Action MyIngress.ipv4_forward
[09:14:30.544] [bmv2] [T] [thread 103379] [61.0] [cxt 0] switch.p4(96) Primitive standard_metadata.egress_spec = port
[09:14:30.544] [bmv2] [T] [thread 103379] [61.0] [cxt 0] switch.p4(97) Primitive hdr.ethernet.srcAddr = hdr.ethernet.dstAddr
[09:14:30.544] [bmv2] [T] [thread 103379] [61.0] [cxt 0] switch.p4(98) Primitive hdr.ethernet.dstAddr = dstAddr
[09:14:30.544] [bmv2] [T] [thread 103379] [61.0] [cxt 0] switch.p4(99) Primitive hdr.ipv4.ttl = hdr.ipv4.ttl - 1
[09:14:30.544] [bmv2] [D] [thread 103379] [61.0] [cxt 0] Pipeline 'ingress': end
[09:14:30.544] [bmv2] [D] [thread 103379] [61.0] [cxt 0] Egress port is 2
[09:14:30.546] [bmv2] [D] [thread 103382] [61.0] [cxt 0] Pipeline 'egress': start
[09:14:30.546] [bmv2] [D] [thread 103382] [61.0] [cxt 0] Pipeline 'egress': end
[09:14:30.546] [bmv2] [D] [thread 103382] [61.0] [cxt 0] Deparser 'deparser': start
[09:14:30.546] [bmv2] [D] [thread 103382] [61.0] [cxt 0] Updating checksum 'cksum'
[09:14:30.546] [bmv2] [D] [thread 103382] [61.0] [cxt 0] Deparsing header 'ethernet'
[09:14:30.546] [bmv2] [D] [thread 103382] [61.0] [cxt 0] Deparsing header 'ipv4'
[09:14:30.546] [bmv2] [D] [thread 103382] [61.0] [cxt 0] Deparser 'deparser': end
[09:14:30.546] [bmv2] [D] [thread 103384] [61.0] [cxt 0] Transmitting packet of size 76 out of port 2
[09:14:30.573] [bmv2] [D] [thread 103379] [62.0] [cxt 0] Processing packet received on port 1
[09:14:30.573] [bmv2] [D] [thread 103379] [62.0] [cxt 0] Parser 'parser': start
[09:14:30.573] [bmv2] [D] [thread 103379] [62.0] [cxt 0] Parser 'parser' entering state 'start'
[09:14:30.573] [bmv2] [D] [thread 103379] [62.0] [cxt 0] Extracting header 'ethernet'
[09:14:30.573] [bmv2] [D] [thread 103379] [62.0] [cxt 0] Parser state 'start': key is 0800
[09:14:30.573] [bmv2] [T] [thread 103379] [62.0] [cxt 0] Bytes parsed: 14
[09:14:30.573] [bmv2] [D] [thread 103379] [62.0] [cxt 0] Parser 'parser' entering state 'parse_ipv4'
[09:14:30.573] [bmv2] [D] [thread 103379] [62.0] [cxt 0] Extracting header 'ipv4'
[09:14:30.573] [bmv2] [D] [thread 103379] [62.0] [cxt 0] Parser state 'parse_ipv4' has no switch, going to default next state
[09:14:30.573] [bmv2] [T] [thread 103379] [62.0] [cxt 0] Bytes parsed: 34
[09:14:30.573] [bmv2] [D] [thread 103379] [62.0] [cxt 0] Parser 'parser': end
[09:14:30.573] [bmv2] [D] [thread 103379] [62.0] [cxt 0] Pipeline 'ingress': start
[09:14:30.573] [bmv2] [T] [thread 103379] [62.0] [cxt 0] switch.p4(116) Condition "hdr.ipv4.isValid()" (node_2) is true
[09:14:30.573] [bmv2] [T] [thread 103379] [62.0] [cxt 0] Applying table 'MyIngress.ipv4_lpm'
[09:14:30.573] [bmv2] [D] [thread 103379] [62.0] [cxt 0] Looking up key:
* hdr.ipv4.dstAddr    : 0a000101

[09:14:30.573] [bmv2] [D] [thread 103379] [62.0] [cxt 0] Table 'MyIngress.ipv4_lpm': hit with handle 0
[09:14:30.573] [bmv2] [D] [thread 103379] [62.0] [cxt 0] Dumping entry 0
Match key:
* hdr.ipv4.dstAddr    : LPM       0a000101/32
Action entry: MyIngress.ipv4_forward - 80000000200,2,

[09:14:30.573] [bmv2] [D] [thread 103379] [62.0] [cxt 0] Action entry is MyIngress.ipv4_forward - 80000000200,2,
[09:14:30.573] [bmv2] [T] [thread 103379] [62.0] [cxt 0] Action MyIngress.ipv4_forward
[09:14:30.573] [bmv2] [T] [thread 103379] [62.0] [cxt 0] switch.p4(96) Primitive standard_metadata.egress_spec = port
[09:14:30.573] [bmv2] [T] [thread 103379] [62.0] [cxt 0] switch.p4(97) Primitive hdr.ethernet.srcAddr = hdr.ethernet.dstAddr
[09:14:30.573] [bmv2] [T] [thread 103379] [62.0] [cxt 0] switch.p4(98) Primitive hdr.ethernet.dstAddr = dstAddr
[09:14:30.573] [bmv2] [T] [thread 103379] [62.0] [cxt 0] switch.p4(99) Primitive hdr.ipv4.ttl = hdr.ipv4.ttl - 1
[09:14:30.573] [bmv2] [D] [thread 103379] [62.0] [cxt 0] Pipeline 'ingress': end
[09:14:30.573] [bmv2] [D] [thread 103379] [62.0] [cxt 0] Egress port is 2
[09:14:30.573] [bmv2] [D] [thread 103382] [62.0] [cxt 0] Pipeline 'egress': start
[09:14:30.573] [bmv2] [D] [thread 103382] [62.0] [cxt 0] Pipeline 'egress': end
[09:14:30.573] [bmv2] [D] [thread 103382] [62.0] [cxt 0] Deparser 'deparser': start
[09:14:30.573] [bmv2] [D] [thread 103382] [62.0] [cxt 0] Updating checksum 'cksum'
[09:14:30.573] [bmv2] [D] [thread 103382] [62.0] [cxt 0] Deparsing header 'ethernet'
[09:14:30.573] [bmv2] [D] [thread 103382] [62.0] [cxt 0] Deparsing header 'ipv4'
[09:14:30.573] [bmv2] [D] [thread 103382] [62.0] [cxt 0] Deparser 'deparser': end
[09:14:30.573] [bmv2] [D] [thread 103384] [62.0] [cxt 0] Transmitting packet of size 308 out of port 2
[09:14:30.582] [bmv2] [D] [thread 103379] [63.0] [cxt 0] Processing packet received on port 2
[09:14:30.582] [bmv2] [D] [thread 103379] [63.0] [cxt 0] Parser 'parser': start
[09:14:30.582] [bmv2] [D] [thread 103379] [63.0] [cxt 0] Parser 'parser' entering state 'start'
[09:14:30.582] [bmv2] [D] [thread 103379] [63.0] [cxt 0] Extracting header 'ethernet'
[09:14:30.582] [bmv2] [D] [thread 103379] [63.0] [cxt 0] Parser state 'start': key is 0800
[09:14:30.582] [bmv2] [T] [thread 103379] [63.0] [cxt 0] Bytes parsed: 14
[09:14:30.582] [bmv2] [D] [thread 103379] [63.0] [cxt 0] Parser 'parser' entering state 'parse_ipv4'
[09:14:30.582] [bmv2] [D] [thread 103379] [63.0] [cxt 0] Extracting header 'ipv4'
[09:14:30.582] [bmv2] [D] [thread 103379] [63.0] [cxt 0] Parser state 'parse_ipv4' has no switch, going to default next state
[09:14:30.582] [bmv2] [T] [thread 103379] [63.0] [cxt 0] Bytes parsed: 34
[09:14:30.582] [bmv2] [D] [thread 103379] [63.0] [cxt 0] Parser 'parser': end
[09:14:30.582] [bmv2] [D] [thread 103379] [63.0] [cxt 0] Pipeline 'ingress': start
[09:14:30.582] [bmv2] [T] [thread 103379] [63.0] [cxt 0] switch.p4(116) Condition "hdr.ipv4.isValid()" (node_2) is true
[09:14:30.582] [bmv2] [T] [thread 103379] [63.0] [cxt 0] Applying table 'MyIngress.ipv4_lpm'
[09:14:30.582] [bmv2] [D] [thread 103379] [63.0] [cxt 0] Looking up key:
* hdr.ipv4.dstAddr    : 0a000202

[09:14:30.582] [bmv2] [D] [thread 103379] [63.0] [cxt 0] Table 'MyIngress.ipv4_lpm': hit with handle 1
[09:14:30.582] [bmv2] [D] [thread 103379] [63.0] [cxt 0] Dumping entry 1
Match key:
* hdr.ipv4.dstAddr    : LPM       0a000202/32
Action entry: MyIngress.ipv4_forward - 80000000222,1,

[09:14:30.582] [bmv2] [D] [thread 103379] [63.0] [cxt 0] Action entry is MyIngress.ipv4_forward - 80000000222,1,
[09:14:30.582] [bmv2] [T] [thread 103379] [63.0] [cxt 0] Action MyIngress.ipv4_forward
[09:14:30.582] [bmv2] [T] [thread 103379] [63.0] [cxt 0] switch.p4(96) Primitive standard_metadata.egress_spec = port
[09:14:30.582] [bmv2] [T] [thread 103379] [63.0] [cxt 0] switch.p4(97) Primitive hdr.ethernet.srcAddr = hdr.ethernet.dstAddr
[09:14:30.582] [bmv2] [T] [thread 103379] [63.0] [cxt 0] switch.p4(98) Primitive hdr.ethernet.dstAddr = dstAddr
[09:14:30.582] [bmv2] [T] [thread 103379] [63.0] [cxt 0] switch.p4(99) Primitive hdr.ipv4.ttl = hdr.ipv4.ttl - 1
[09:14:30.582] [bmv2] [D] [thread 103379] [63.0] [cxt 0] Pipeline 'ingress': end
[09:14:30.582] [bmv2] [D] [thread 103379] [63.0] [cxt 0] Egress port is 1
[09:14:30.582] [bmv2] [D] [thread 103381] [63.0] [cxt 0] Pipeline 'egress': start
[09:14:30.582] [bmv2] [D] [thread 103381] [63.0] [cxt 0] Pipeline 'egress': end
[09:14:30.582] [bmv2] [D] [thread 103381] [63.0] [cxt 0] Deparser 'deparser': start
[09:14:30.582] [bmv2] [D] [thread 103381] [63.0] [cxt 0] Updating checksum 'cksum'
[09:14:30.582] [bmv2] [D] [thread 103381] [63.0] [cxt 0] Deparsing header 'ethernet'
[09:14:30.582] [bmv2] [D] [thread 103381] [63.0] [cxt 0] Deparsing header 'ipv4'
[09:14:30.582] [bmv2] [D] [thread 103381] [63.0] [cxt 0] Deparser 'deparser': end
[09:14:30.582] [bmv2] [D] [thread 103384] [63.0] [cxt 0] Transmitting packet of size 336 out of port 1
[09:14:31.508] [bmv2] [D] [thread 103379] [64.0] [cxt 0] Processing packet received on port 2
[09:14:31.508] [bmv2] [D] [thread 103379] [64.0] [cxt 0] Parser 'parser': start
[09:14:31.508] [bmv2] [D] [thread 103379] [64.0] [cxt 0] Parser 'parser' entering state 'start'
[09:14:31.508] [bmv2] [D] [thread 103379] [64.0] [cxt 0] Extracting header 'ethernet'
[09:14:31.508] [bmv2] [D] [thread 103379] [64.0] [cxt 0] Parser state 'start': key is 0800
[09:14:31.508] [bmv2] [T] [thread 103379] [64.0] [cxt 0] Bytes parsed: 14
[09:14:31.508] [bmv2] [D] [thread 103379] [64.0] [cxt 0] Parser 'parser' entering state 'parse_ipv4'
[09:14:31.508] [bmv2] [D] [thread 103379] [64.0] [cxt 0] Extracting header 'ipv4'
[09:14:31.508] [bmv2] [D] [thread 103379] [64.0] [cxt 0] Parser state 'parse_ipv4' has no switch, going to default next state
[09:14:31.508] [bmv2] [T] [thread 103379] [64.0] [cxt 0] Bytes parsed: 34
[09:14:31.508] [bmv2] [D] [thread 103379] [64.0] [cxt 0] Parser 'parser': end
[09:14:31.508] [bmv2] [D] [thread 103379] [64.0] [cxt 0] Pipeline 'ingress': start
[09:14:31.508] [bmv2] [T] [thread 103379] [64.0] [cxt 0] switch.p4(116) Condition "hdr.ipv4.isValid()" (node_2) is true
[09:14:31.508] [bmv2] [T] [thread 103379] [64.0] [cxt 0] Applying table 'MyIngress.ipv4_lpm'
[09:14:31.508] [bmv2] [D] [thread 103379] [64.0] [cxt 0] Looking up key:
* hdr.ipv4.dstAddr    : 0a000202

[09:14:31.508] [bmv2] [D] [thread 103379] [64.0] [cxt 0] Table 'MyIngress.ipv4_lpm': hit with handle 1
[09:14:31.508] [bmv2] [D] [thread 103379] [64.0] [cxt 0] Dumping entry 1
Match key:
* hdr.ipv4.dstAddr    : LPM       0a000202/32
Action entry: MyIngress.ipv4_forward - 80000000222,1,

[09:14:31.508] [bmv2] [D] [thread 103379] [64.0] [cxt 0] Action entry is MyIngress.ipv4_forward - 80000000222,1,
[09:14:31.508] [bmv2] [T] [thread 103379] [64.0] [cxt 0] Action MyIngress.ipv4_forward
[09:14:31.508] [bmv2] [T] [thread 103379] [64.0] [cxt 0] switch.p4(96) Primitive standard_metadata.egress_spec = port
[09:14:31.508] [bmv2] [T] [thread 103379] [64.0] [cxt 0] switch.p4(97) Primitive hdr.ethernet.srcAddr = hdr.ethernet.dstAddr
[09:14:31.508] [bmv2] [T] [thread 103379] [64.0] [cxt 0] switch.p4(98) Primitive hdr.ethernet.dstAddr = dstAddr
[09:14:31.508] [bmv2] [T] [thread 103379] [64.0] [cxt 0] switch.p4(99) Primitive hdr.ipv4.ttl = hdr.ipv4.ttl - 1
[09:14:31.508] [bmv2] [D] [thread 103379] [64.0] [cxt 0] Pipeline 'ingress': end
[09:14:31.508] [bmv2] [D] [thread 103379] [64.0] [cxt 0] Egress port is 1
[09:14:31.508] [bmv2] [D] [thread 103381] [64.0] [cxt 0] Pipeline 'egress': start
[09:14:31.508] [bmv2] [D] [thread 103381] [64.0] [cxt 0] Pipeline 'egress': end
[09:14:31.509] [bmv2] [D] [thread 103381] [64.0] [cxt 0] Deparser 'deparser': start
[09:14:31.509] [bmv2] [D] [thread 103381] [64.0] [cxt 0] Updating checksum 'cksum'
[09:14:31.509] [bmv2] [D] [thread 103381] [64.0] [cxt 0] Deparsing header 'ethernet'
[09:14:31.509] [bmv2] [D] [thread 103381] [64.0] [cxt 0] Deparsing header 'ipv4'
[09:14:31.509] [bmv2] [D] [thread 103381] [64.0] [cxt 0] Deparser 'deparser': end
[09:14:31.509] [bmv2] [D] [thread 103384] [64.0] [cxt 0] Transmitting packet of size 48 out of port 1
[09:14:31.509] [bmv2] [D] [thread 103379] [65.0] [cxt 0] Processing packet received on port 1
[09:14:31.509] [bmv2] [D] [thread 103379] [65.0] [cxt 0] Parser 'parser': start
[09:14:31.509] [bmv2] [D] [thread 103379] [65.0] [cxt 0] Parser 'parser' entering state 'start'
[09:14:31.509] [bmv2] [D] [thread 103379] [65.0] [cxt 0] Extracting header 'ethernet'
[09:14:31.509] [bmv2] [D] [thread 103379] [65.0] [cxt 0] Parser state 'start': key is 0800
[09:14:31.509] [bmv2] [T] [thread 103379] [65.0] [cxt 0] Bytes parsed: 14
[09:14:31.509] [bmv2] [D] [thread 103379] [65.0] [cxt 0] Parser 'parser' entering state 'parse_ipv4'
[09:14:31.509] [bmv2] [D] [thread 103379] [65.0] [cxt 0] Extracting header 'ipv4'
[09:14:31.509] [bmv2] [D] [thread 103379] [65.0] [cxt 0] Parser state 'parse_ipv4' has no switch, going to default next state
[09:14:31.509] [bmv2] [T] [thread 103379] [65.0] [cxt 0] Bytes parsed: 34
[09:14:31.509] [bmv2] [D] [thread 103379] [65.0] [cxt 0] Parser 'parser': end
[09:14:31.509] [bmv2] [D] [thread 103379] [65.0] [cxt 0] Pipeline 'ingress': start
[09:14:31.509] [bmv2] [T] [thread 103379] [65.0] [cxt 0] switch.p4(116) Condition "hdr.ipv4.isValid()" (node_2) is true
[09:14:31.509] [bmv2] [T] [thread 103379] [65.0] [cxt 0] Applying table 'MyIngress.ipv4_lpm'
[09:14:31.509] [bmv2] [D] [thread 103379] [65.0] [cxt 0] Looking up key:
* hdr.ipv4.dstAddr    : 0a000101

[09:14:31.509] [bmv2] [D] [thread 103379] [65.0] [cxt 0] Table 'MyIngress.ipv4_lpm': hit with handle 0
[09:14:31.509] [bmv2] [D] [thread 103379] [65.0] [cxt 0] Dumping entry 0
Match key:
* hdr.ipv4.dstAddr    : LPM       0a000101/32
Action entry: MyIngress.ipv4_forward - 80000000200,2,

[09:14:31.509] [bmv2] [D] [thread 103379] [65.0] [cxt 0] Action entry is MyIngress.ipv4_forward - 80000000200,2,
[09:14:31.509] [bmv2] [T] [thread 103379] [65.0] [cxt 0] Action MyIngress.ipv4_forward
[09:14:31.509] [bmv2] [T] [thread 103379] [65.0] [cxt 0] switch.p4(96) Primitive standard_metadata.egress_spec = port
[09:14:31.509] [bmv2] [T] [thread 103379] [65.0] [cxt 0] switch.p4(97) Primitive hdr.ethernet.srcAddr = hdr.ethernet.dstAddr
[09:14:31.509] [bmv2] [T] [thread 103379] [65.0] [cxt 0] switch.p4(98) Primitive hdr.ethernet.dstAddr = dstAddr
[09:14:31.509] [bmv2] [T] [thread 103379] [65.0] [cxt 0] switch.p4(99) Primitive hdr.ipv4.ttl = hdr.ipv4.ttl - 1
[09:14:31.509] [bmv2] [D] [thread 103379] [65.0] [cxt 0] Pipeline 'ingress': end
[09:14:31.509] [bmv2] [D] [thread 103379] [65.0] [cxt 0] Egress port is 2
[09:14:31.509] [bmv2] [D] [thread 103382] [65.0] [cxt 0] Pipeline 'egress': start
[09:14:31.510] [bmv2] [D] [thread 103382] [65.0] [cxt 0] Pipeline 'egress': end
[09:14:31.510] [bmv2] [D] [thread 103382] [65.0] [cxt 0] Deparser 'deparser': start
[09:14:31.510] [bmv2] [D] [thread 103382] [65.0] [cxt 0] Updating checksum 'cksum'
[09:14:31.510] [bmv2] [D] [thread 103382] [65.0] [cxt 0] Deparsing header 'ethernet'
[09:14:31.510] [bmv2] [D] [thread 103382] [65.0] [cxt 0] Deparsing header 'ipv4'
[09:14:31.510] [bmv2] [D] [thread 103382] [65.0] [cxt 0] Deparser 'deparser': end
[09:14:31.510] [bmv2] [D] [thread 103384] [65.0] [cxt 0] Transmitting packet of size 76 out of port 2
[09:14:31.525] [bmv2] [D] [thread 103379] [66.0] [cxt 0] Processing packet received on port 1
[09:14:31.525] [bmv2] [D] [thread 103379] [66.0] [cxt 0] Parser 'parser': start
[09:14:31.525] [bmv2] [D] [thread 103379] [66.0] [cxt 0] Parser 'parser' entering state 'start'
[09:14:31.525] [bmv2] [D] [thread 103379] [66.0] [cxt 0] Extracting header 'ethernet'
[09:14:31.525] [bmv2] [D] [thread 103379] [66.0] [cxt 0] Parser state 'start': key is 0800
[09:14:31.525] [bmv2] [T] [thread 103379] [66.0] [cxt 0] Bytes parsed: 14
[09:14:31.525] [bmv2] [D] [thread 103379] [66.0] [cxt 0] Parser 'parser' entering state 'parse_ipv4'
[09:14:31.525] [bmv2] [D] [thread 103379] [66.0] [cxt 0] Extracting header 'ipv4'
[09:14:31.525] [bmv2] [D] [thread 103379] [66.0] [cxt 0] Parser state 'parse_ipv4' has no switch, going to default next state
[09:14:31.525] [bmv2] [T] [thread 103379] [66.0] [cxt 0] Bytes parsed: 34
[09:14:31.525] [bmv2] [D] [thread 103379] [66.0] [cxt 0] Parser 'parser': end
[09:14:31.525] [bmv2] [D] [thread 103379] [66.0] [cxt 0] Pipeline 'ingress': start
[09:14:31.525] [bmv2] [T] [thread 103379] [66.0] [cxt 0] switch.p4(116) Condition "hdr.ipv4.isValid()" (node_2) is true
[09:14:31.525] [bmv2] [T] [thread 103379] [66.0] [cxt 0] Applying table 'MyIngress.ipv4_lpm'
[09:14:31.526] [bmv2] [D] [thread 103379] [66.0] [cxt 0] Looking up key:
* hdr.ipv4.dstAddr    : 0a000101

[09:14:31.526] [bmv2] [D] [thread 103379] [66.0] [cxt 0] Table 'MyIngress.ipv4_lpm': hit with handle 0
[09:14:31.526] [bmv2] [D] [thread 103379] [66.0] [cxt 0] Dumping entry 0
Match key:
* hdr.ipv4.dstAddr    : LPM       0a000101/32
Action entry: MyIngress.ipv4_forward - 80000000200,2,

[09:14:31.526] [bmv2] [D] [thread 103379] [66.0] [cxt 0] Action entry is MyIngress.ipv4_forward - 80000000200,2,
[09:14:31.526] [bmv2] [T] [thread 103379] [66.0] [cxt 0] Action MyIngress.ipv4_forward
[09:14:31.526] [bmv2] [T] [thread 103379] [66.0] [cxt 0] switch.p4(96) Primitive standard_metadata.egress_spec = port
[09:14:31.526] [bmv2] [T] [thread 103379] [66.0] [cxt 0] switch.p4(97) Primitive hdr.ethernet.srcAddr = hdr.ethernet.dstAddr
[09:14:31.526] [bmv2] [T] [thread 103379] [66.0] [cxt 0] switch.p4(98) Primitive hdr.ethernet.dstAddr = dstAddr
[09:14:31.526] [bmv2] [T] [thread 103379] [66.0] [cxt 0] switch.p4(99) Primitive hdr.ipv4.ttl = hdr.ipv4.ttl - 1
[09:14:31.526] [bmv2] [D] [thread 103379] [66.0] [cxt 0] Pipeline 'ingress': end
[09:14:31.526] [bmv2] [D] [thread 103379] [66.0] [cxt 0] Egress port is 2
[09:14:31.526] [bmv2] [D] [thread 103382] [66.0] [cxt 0] Pipeline 'egress': start
[09:14:31.526] [bmv2] [D] [thread 103382] [66.0] [cxt 0] Pipeline 'egress': end
[09:14:31.526] [bmv2] [D] [thread 103382] [66.0] [cxt 0] Deparser 'deparser': start
[09:14:31.526] [bmv2] [D] [thread 103382] [66.0] [cxt 0] Updating checksum 'cksum'
[09:14:31.526] [bmv2] [D] [thread 103382] [66.0] [cxt 0] Deparsing header 'ethernet'
[09:14:31.526] [bmv2] [D] [thread 103382] [66.0] [cxt 0] Deparsing header 'ipv4'
[09:14:31.526] [bmv2] [D] [thread 103382] [66.0] [cxt 0] Deparser 'deparser': end
[09:14:31.526] [bmv2] [D] [thread 103384] [66.0] [cxt 0] Transmitting packet of size 308 out of port 2
[09:14:31.535] [bmv2] [D] [thread 103379] [67.0] [cxt 0] Processing packet received on port 2
[09:14:31.535] [bmv2] [D] [thread 103379] [67.0] [cxt 0] Parser 'parser': start
[09:14:31.535] [bmv2] [D] [thread 103379] [67.0] [cxt 0] Parser 'parser' entering state 'start'
[09:14:31.535] [bmv2] [D] [thread 103379] [67.0] [cxt 0] Extracting header 'ethernet'
[09:14:31.535] [bmv2] [D] [thread 103379] [67.0] [cxt 0] Parser state 'start': key is 0800
[09:14:31.535] [bmv2] [T] [thread 103379] [67.0] [cxt 0] Bytes parsed: 14
[09:14:31.535] [bmv2] [D] [thread 103379] [67.0] [cxt 0] Parser 'parser' entering state 'parse_ipv4'
[09:14:31.535] [bmv2] [D] [thread 103379] [67.0] [cxt 0] Extracting header 'ipv4'
[09:14:31.535] [bmv2] [D] [thread 103379] [67.0] [cxt 0] Parser state 'parse_ipv4' has no switch, going to default next state
[09:14:31.535] [bmv2] [T] [thread 103379] [67.0] [cxt 0] Bytes parsed: 34
[09:14:31.535] [bmv2] [D] [thread 103379] [67.0] [cxt 0] Parser 'parser': end
[09:14:31.535] [bmv2] [D] [thread 103379] [67.0] [cxt 0] Pipeline 'ingress': start
[09:14:31.535] [bmv2] [T] [thread 103379] [67.0] [cxt 0] switch.p4(116) Condition "hdr.ipv4.isValid()" (node_2) is true
[09:14:31.535] [bmv2] [T] [thread 103379] [67.0] [cxt 0] Applying table 'MyIngress.ipv4_lpm'
[09:14:31.535] [bmv2] [D] [thread 103379] [67.0] [cxt 0] Looking up key:
* hdr.ipv4.dstAddr    : 0a000202

[09:14:31.535] [bmv2] [D] [thread 103379] [67.0] [cxt 0] Table 'MyIngress.ipv4_lpm': hit with handle 1
[09:14:31.535] [bmv2] [D] [thread 103379] [67.0] [cxt 0] Dumping entry 1
Match key:
* hdr.ipv4.dstAddr    : LPM       0a000202/32
Action entry: MyIngress.ipv4_forward - 80000000222,1,

[09:14:31.535] [bmv2] [D] [thread 103379] [67.0] [cxt 0] Action entry is MyIngress.ipv4_forward - 80000000222,1,
[09:14:31.535] [bmv2] [T] [thread 103379] [67.0] [cxt 0] Action MyIngress.ipv4_forward
[09:14:31.535] [bmv2] [T] [thread 103379] [67.0] [cxt 0] switch.p4(96) Primitive standard_metadata.egress_spec = port
[09:14:31.535] [bmv2] [T] [thread 103379] [67.0] [cxt 0] switch.p4(97) Primitive hdr.ethernet.srcAddr = hdr.ethernet.dstAddr
[09:14:31.535] [bmv2] [T] [thread 103379] [67.0] [cxt 0] switch.p4(98) Primitive hdr.ethernet.dstAddr = dstAddr
[09:14:31.535] [bmv2] [T] [thread 103379] [67.0] [cxt 0] switch.p4(99) Primitive hdr.ipv4.ttl = hdr.ipv4.ttl - 1
[09:14:31.535] [bmv2] [D] [thread 103379] [67.0] [cxt 0] Pipeline 'ingress': end
[09:14:31.535] [bmv2] [D] [thread 103379] [67.0] [cxt 0] Egress port is 1
[09:14:31.535] [bmv2] [D] [thread 103381] [67.0] [cxt 0] Pipeline 'egress': start
[09:14:31.535] [bmv2] [D] [thread 103381] [67.0] [cxt 0] Pipeline 'egress': end
[09:14:31.535] [bmv2] [D] [thread 103381] [67.0] [cxt 0] Deparser 'deparser': start
[09:14:31.535] [bmv2] [D] [thread 103381] [67.0] [cxt 0] Updating checksum 'cksum'
[09:14:31.535] [bmv2] [D] [thread 103381] [67.0] [cxt 0] Deparsing header 'ethernet'
[09:14:31.535] [bmv2] [D] [thread 103381] [67.0] [cxt 0] Deparsing header 'ipv4'
[09:14:31.535] [bmv2] [D] [thread 103381] [67.0] [cxt 0] Deparser 'deparser': end
[09:14:31.536] [bmv2] [D] [thread 103384] [67.0] [cxt 0] Transmitting packet of size 336 out of port 1
[09:14:32.473] [bmv2] [D] [thread 103379] [68.0] [cxt 0] Processing packet received on port 2
[09:14:32.473] [bmv2] [D] [thread 103379] [68.0] [cxt 0] Parser 'parser': start
[09:14:32.473] [bmv2] [D] [thread 103379] [68.0] [cxt 0] Parser 'parser' entering state 'start'
[09:14:32.473] [bmv2] [D] [thread 103379] [68.0] [cxt 0] Extracting header 'ethernet'
[09:14:32.473] [bmv2] [D] [thread 103379] [68.0] [cxt 0] Parser state 'start': key is 0800
[09:14:32.473] [bmv2] [T] [thread 103379] [68.0] [cxt 0] Bytes parsed: 14
[09:14:32.473] [bmv2] [D] [thread 103379] [68.0] [cxt 0] Parser 'parser' entering state 'parse_ipv4'
[09:14:32.473] [bmv2] [D] [thread 103379] [68.0] [cxt 0] Extracting header 'ipv4'
[09:14:32.473] [bmv2] [D] [thread 103379] [68.0] [cxt 0] Parser state 'parse_ipv4' has no switch, going to default next state
[09:14:32.473] [bmv2] [T] [thread 103379] [68.0] [cxt 0] Bytes parsed: 34
[09:14:32.473] [bmv2] [D] [thread 103379] [68.0] [cxt 0] Parser 'parser': end
[09:14:32.473] [bmv2] [D] [thread 103379] [68.0] [cxt 0] Pipeline 'ingress': start
[09:14:32.473] [bmv2] [T] [thread 103379] [68.0] [cxt 0] switch.p4(116) Condition "hdr.ipv4.isValid()" (node_2) is true
[09:14:32.473] [bmv2] [T] [thread 103379] [68.0] [cxt 0] Applying table 'MyIngress.ipv4_lpm'
[09:14:32.473] [bmv2] [D] [thread 103379] [68.0] [cxt 0] Looking up key:
* hdr.ipv4.dstAddr    : 0a000202

[09:14:32.473] [bmv2] [D] [thread 103379] [68.0] [cxt 0] Table 'MyIngress.ipv4_lpm': hit with handle 1
[09:14:32.473] [bmv2] [D] [thread 103379] [68.0] [cxt 0] Dumping entry 1
Match key:
* hdr.ipv4.dstAddr    : LPM       0a000202/32
Action entry: MyIngress.ipv4_forward - 80000000222,1,

[09:14:32.473] [bmv2] [D] [thread 103379] [68.0] [cxt 0] Action entry is MyIngress.ipv4_forward - 80000000222,1,
[09:14:32.473] [bmv2] [T] [thread 103379] [68.0] [cxt 0] Action MyIngress.ipv4_forward
[09:14:32.473] [bmv2] [T] [thread 103379] [68.0] [cxt 0] switch.p4(96) Primitive standard_metadata.egress_spec = port
[09:14:32.473] [bmv2] [T] [thread 103379] [68.0] [cxt 0] switch.p4(97) Primitive hdr.ethernet.srcAddr = hdr.ethernet.dstAddr
[09:14:32.473] [bmv2] [T] [thread 103379] [68.0] [cxt 0] switch.p4(98) Primitive hdr.ethernet.dstAddr = dstAddr
[09:14:32.473] [bmv2] [T] [thread 103379] [68.0] [cxt 0] switch.p4(99) Primitive hdr.ipv4.ttl = hdr.ipv4.ttl - 1
[09:14:32.473] [bmv2] [D] [thread 103379] [68.0] [cxt 0] Pipeline 'ingress': end
[09:14:32.473] [bmv2] [D] [thread 103379] [68.0] [cxt 0] Egress port is 1
[09:14:32.473] [bmv2] [D] [thread 103381] [68.0] [cxt 0] Pipeline 'egress': start
[09:14:32.473] [bmv2] [D] [thread 103381] [68.0] [cxt 0] Pipeline 'egress': end
[09:14:32.473] [bmv2] [D] [thread 103381] [68.0] [cxt 0] Deparser 'deparser': start
[09:14:32.473] [bmv2] [D] [thread 103381] [68.0] [cxt 0] Updating checksum 'cksum'
[09:14:32.474] [bmv2] [D] [thread 103381] [68.0] [cxt 0] Deparsing header 'ethernet'
[09:14:32.474] [bmv2] [D] [thread 103381] [68.0] [cxt 0] Deparsing header 'ipv4'
[09:14:32.474] [bmv2] [D] [thread 103381] [68.0] [cxt 0] Deparser 'deparser': end
[09:14:32.474] [bmv2] [D] [thread 103384] [68.0] [cxt 0] Transmitting packet of size 48 out of port 1
[09:14:32.474] [bmv2] [D] [thread 103379] [69.0] [cxt 0] Processing packet received on port 1
[09:14:32.476] [bmv2] [D] [thread 103379] [69.0] [cxt 0] Parser 'parser': start
[09:14:32.476] [bmv2] [D] [thread 103379] [69.0] [cxt 0] Parser 'parser' entering state 'start'
[09:14:32.476] [bmv2] [D] [thread 103379] [69.0] [cxt 0] Extracting header 'ethernet'
[09:14:32.476] [bmv2] [D] [thread 103379] [69.0] [cxt 0] Parser state 'start': key is 0800
[09:14:32.476] [bmv2] [T] [thread 103379] [69.0] [cxt 0] Bytes parsed: 14
[09:14:32.476] [bmv2] [D] [thread 103379] [69.0] [cxt 0] Parser 'parser' entering state 'parse_ipv4'
[09:14:32.476] [bmv2] [D] [thread 103379] [69.0] [cxt 0] Extracting header 'ipv4'
[09:14:32.476] [bmv2] [D] [thread 103379] [69.0] [cxt 0] Parser state 'parse_ipv4' has no switch, going to default next state
[09:14:32.476] [bmv2] [T] [thread 103379] [69.0] [cxt 0] Bytes parsed: 34
[09:14:32.476] [bmv2] [D] [thread 103379] [69.0] [cxt 0] Parser 'parser': end
[09:14:32.476] [bmv2] [D] [thread 103379] [69.0] [cxt 0] Pipeline 'ingress': start
[09:14:32.476] [bmv2] [T] [thread 103379] [69.0] [cxt 0] switch.p4(116) Condition "hdr.ipv4.isValid()" (node_2) is true
[09:14:32.476] [bmv2] [T] [thread 103379] [69.0] [cxt 0] Applying table 'MyIngress.ipv4_lpm'
[09:14:32.476] [bmv2] [D] [thread 103379] [69.0] [cxt 0] Looking up key:
* hdr.ipv4.dstAddr    : 0a000101

[09:14:32.476] [bmv2] [D] [thread 103379] [69.0] [cxt 0] Table 'MyIngress.ipv4_lpm': hit with handle 0
[09:14:32.476] [bmv2] [D] [thread 103379] [69.0] [cxt 0] Dumping entry 0
Match key:
* hdr.ipv4.dstAddr    : LPM       0a000101/32
Action entry: MyIngress.ipv4_forward - 80000000200,2,

[09:14:32.476] [bmv2] [D] [thread 103379] [69.0] [cxt 0] Action entry is MyIngress.ipv4_forward - 80000000200,2,
[09:14:32.476] [bmv2] [T] [thread 103379] [69.0] [cxt 0] Action MyIngress.ipv4_forward
[09:14:32.476] [bmv2] [T] [thread 103379] [69.0] [cxt 0] switch.p4(96) Primitive standard_metadata.egress_spec = port
[09:14:32.476] [bmv2] [T] [thread 103379] [69.0] [cxt 0] switch.p4(97) Primitive hdr.ethernet.srcAddr = hdr.ethernet.dstAddr
[09:14:32.476] [bmv2] [T] [thread 103379] [69.0] [cxt 0] switch.p4(98) Primitive hdr.ethernet.dstAddr = dstAddr
[09:14:32.476] [bmv2] [T] [thread 103379] [69.0] [cxt 0] switch.p4(99) Primitive hdr.ipv4.ttl = hdr.ipv4.ttl - 1
[09:14:32.476] [bmv2] [D] [thread 103379] [69.0] [cxt 0] Pipeline 'ingress': end
[09:14:32.476] [bmv2] [D] [thread 103379] [69.0] [cxt 0] Egress port is 2
[09:14:32.477] [bmv2] [D] [thread 103382] [69.0] [cxt 0] Pipeline 'egress': start
[09:14:32.477] [bmv2] [D] [thread 103382] [69.0] [cxt 0] Pipeline 'egress': end
[09:14:32.477] [bmv2] [D] [thread 103382] [69.0] [cxt 0] Deparser 'deparser': start
[09:14:32.477] [bmv2] [D] [thread 103382] [69.0] [cxt 0] Updating checksum 'cksum'
[09:14:32.477] [bmv2] [D] [thread 103382] [69.0] [cxt 0] Deparsing header 'ethernet'
[09:14:32.477] [bmv2] [D] [thread 103382] [69.0] [cxt 0] Deparsing header 'ipv4'
[09:14:32.477] [bmv2] [D] [thread 103382] [69.0] [cxt 0] Deparser 'deparser': end
[09:14:32.477] [bmv2] [D] [thread 103384] [69.0] [cxt 0] Transmitting packet of size 76 out of port 2
[09:14:32.509] [bmv2] [D] [thread 103379] [70.0] [cxt 0] Processing packet received on port 1
[09:14:32.509] [bmv2] [D] [thread 103379] [70.0] [cxt 0] Parser 'parser': start
[09:14:32.509] [bmv2] [D] [thread 103379] [70.0] [cxt 0] Parser 'parser' entering state 'start'
[09:14:32.509] [bmv2] [D] [thread 103379] [70.0] [cxt 0] Extracting header 'ethernet'
[09:14:32.509] [bmv2] [D] [thread 103379] [70.0] [cxt 0] Parser state 'start': key is 0800
[09:14:32.510] [bmv2] [T] [thread 103379] [70.0] [cxt 0] Bytes parsed: 14
[09:14:32.510] [bmv2] [D] [thread 103379] [70.0] [cxt 0] Parser 'parser' entering state 'parse_ipv4'
[09:14:32.510] [bmv2] [D] [thread 103379] [70.0] [cxt 0] Extracting header 'ipv4'
[09:14:32.510] [bmv2] [D] [thread 103379] [70.0] [cxt 0] Parser state 'parse_ipv4' has no switch, going to default next state
[09:14:32.510] [bmv2] [T] [thread 103379] [70.0] [cxt 0] Bytes parsed: 34
[09:14:32.510] [bmv2] [D] [thread 103379] [70.0] [cxt 0] Parser 'parser': end
[09:14:32.510] [bmv2] [D] [thread 103379] [70.0] [cxt 0] Pipeline 'ingress': start
[09:14:32.510] [bmv2] [T] [thread 103379] [70.0] [cxt 0] switch.p4(116) Condition "hdr.ipv4.isValid()" (node_2) is true
[09:14:32.510] [bmv2] [T] [thread 103379] [70.0] [cxt 0] Applying table 'MyIngress.ipv4_lpm'
[09:14:32.511] [bmv2] [D] [thread 103379] [70.0] [cxt 0] Looking up key:
* hdr.ipv4.dstAddr    : 0a000101

[09:14:32.511] [bmv2] [D] [thread 103379] [70.0] [cxt 0] Table 'MyIngress.ipv4_lpm': hit with handle 0
[09:14:32.511] [bmv2] [D] [thread 103379] [70.0] [cxt 0] Dumping entry 0
Match key:
* hdr.ipv4.dstAddr    : LPM       0a000101/32
Action entry: MyIngress.ipv4_forward - 80000000200,2,

[09:14:32.511] [bmv2] [D] [thread 103379] [70.0] [cxt 0] Action entry is MyIngress.ipv4_forward - 80000000200,2,
[09:14:32.511] [bmv2] [T] [thread 103379] [70.0] [cxt 0] Action MyIngress.ipv4_forward
[09:14:32.511] [bmv2] [T] [thread 103379] [70.0] [cxt 0] switch.p4(96) Primitive standard_metadata.egress_spec = port
[09:14:32.511] [bmv2] [T] [thread 103379] [70.0] [cxt 0] switch.p4(97) Primitive hdr.ethernet.srcAddr = hdr.ethernet.dstAddr
[09:14:32.511] [bmv2] [T] [thread 103379] [70.0] [cxt 0] switch.p4(98) Primitive hdr.ethernet.dstAddr = dstAddr
[09:14:32.511] [bmv2] [T] [thread 103379] [70.0] [cxt 0] switch.p4(99) Primitive hdr.ipv4.ttl = hdr.ipv4.ttl - 1
[09:14:32.511] [bmv2] [D] [thread 103379] [70.0] [cxt 0] Pipeline 'ingress': end
[09:14:32.511] [bmv2] [D] [thread 103379] [70.0] [cxt 0] Egress port is 2
[09:14:32.511] [bmv2] [D] [thread 103382] [70.0] [cxt 0] Pipeline 'egress': start
[09:14:32.511] [bmv2] [D] [thread 103382] [70.0] [cxt 0] Pipeline 'egress': end
[09:14:32.511] [bmv2] [D] [thread 103382] [70.0] [cxt 0] Deparser 'deparser': start
[09:14:32.511] [bmv2] [D] [thread 103382] [70.0] [cxt 0] Updating checksum 'cksum'
[09:14:32.511] [bmv2] [D] [thread 103382] [70.0] [cxt 0] Deparsing header 'ethernet'
[09:14:32.511] [bmv2] [D] [thread 103382] [70.0] [cxt 0] Deparsing header 'ipv4'
[09:14:32.511] [bmv2] [D] [thread 103382] [70.0] [cxt 0] Deparser 'deparser': end
[09:14:32.512] [bmv2] [D] [thread 103384] [70.0] [cxt 0] Transmitting packet of size 308 out of port 2
[09:14:32.524] [bmv2] [D] [thread 103379] [71.0] [cxt 0] Processing packet received on port 2
[09:14:32.524] [bmv2] [D] [thread 103379] [71.0] [cxt 0] Parser 'parser': start
[09:14:32.524] [bmv2] [D] [thread 103379] [71.0] [cxt 0] Parser 'parser' entering state 'start'
[09:14:32.525] [bmv2] [D] [thread 103379] [71.0] [cxt 0] Extracting header 'ethernet'
[09:14:32.525] [bmv2] [D] [thread 103379] [71.0] [cxt 0] Parser state 'start': key is 0800
[09:14:32.525] [bmv2] [T] [thread 103379] [71.0] [cxt 0] Bytes parsed: 14
[09:14:32.525] [bmv2] [D] [thread 103379] [71.0] [cxt 0] Parser 'parser' entering state 'parse_ipv4'
[09:14:32.525] [bmv2] [D] [thread 103379] [71.0] [cxt 0] Extracting header 'ipv4'
[09:14:32.525] [bmv2] [D] [thread 103379] [71.0] [cxt 0] Parser state 'parse_ipv4' has no switch, going to default next state
[09:14:32.525] [bmv2] [T] [thread 103379] [71.0] [cxt 0] Bytes parsed: 34
[09:14:32.525] [bmv2] [D] [thread 103379] [71.0] [cxt 0] Parser 'parser': end
[09:14:32.525] [bmv2] [D] [thread 103379] [71.0] [cxt 0] Pipeline 'ingress': start
[09:14:32.525] [bmv2] [T] [thread 103379] [71.0] [cxt 0] switch.p4(116) Condition "hdr.ipv4.isValid()" (node_2) is true
[09:14:32.525] [bmv2] [T] [thread 103379] [71.0] [cxt 0] Applying table 'MyIngress.ipv4_lpm'
[09:14:32.525] [bmv2] [D] [thread 103379] [71.0] [cxt 0] Looking up key:
* hdr.ipv4.dstAddr    : 0a000202

[09:14:32.525] [bmv2] [D] [thread 103379] [71.0] [cxt 0] Table 'MyIngress.ipv4_lpm': hit with handle 1
[09:14:32.525] [bmv2] [D] [thread 103379] [71.0] [cxt 0] Dumping entry 1
Match key:
* hdr.ipv4.dstAddr    : LPM       0a000202/32
Action entry: MyIngress.ipv4_forward - 80000000222,1,

[09:14:32.525] [bmv2] [D] [thread 103379] [71.0] [cxt 0] Action entry is MyIngress.ipv4_forward - 80000000222,1,
[09:14:32.525] [bmv2] [T] [thread 103379] [71.0] [cxt 0] Action MyIngress.ipv4_forward
[09:14:32.525] [bmv2] [T] [thread 103379] [71.0] [cxt 0] switch.p4(96) Primitive standard_metadata.egress_spec = port
[09:14:32.525] [bmv2] [T] [thread 103379] [71.0] [cxt 0] switch.p4(97) Primitive hdr.ethernet.srcAddr = hdr.ethernet.dstAddr
[09:14:32.525] [bmv2] [T] [thread 103379] [71.0] [cxt 0] switch.p4(98) Primitive hdr.ethernet.dstAddr = dstAddr
[09:14:32.525] [bmv2] [T] [thread 103379] [71.0] [cxt 0] switch.p4(99) Primitive hdr.ipv4.ttl = hdr.ipv4.ttl - 1
[09:14:32.525] [bmv2] [D] [thread 103379] [71.0] [cxt 0] Pipeline 'ingress': end
[09:14:32.525] [bmv2] [D] [thread 103379] [71.0] [cxt 0] Egress port is 1
[09:14:32.526] [bmv2] [D] [thread 103381] [71.0] [cxt 0] Pipeline 'egress': start
[09:14:32.527] [bmv2] [D] [thread 103381] [71.0] [cxt 0] Pipeline 'egress': end
[09:14:32.527] [bmv2] [D] [thread 103381] [71.0] [cxt 0] Deparser 'deparser': start
[09:14:32.527] [bmv2] [D] [thread 103381] [71.0] [cxt 0] Updating checksum 'cksum'
[09:14:32.527] [bmv2] [D] [thread 103381] [71.0] [cxt 0] Deparsing header 'ethernet'
[09:14:32.527] [bmv2] [D] [thread 103381] [71.0] [cxt 0] Deparsing header 'ipv4'
[09:14:32.527] [bmv2] [D] [thread 103381] [71.0] [cxt 0] Deparser 'deparser': end
[09:14:32.527] [bmv2] [D] [thread 103384] [71.0] [cxt 0] Transmitting packet of size 336 out of port 1
[09:14:33.506] [bmv2] [D] [thread 103379] [72.0] [cxt 0] Processing packet received on port 2
[09:14:33.506] [bmv2] [D] [thread 103379] [72.0] [cxt 0] Parser 'parser': start
[09:14:33.506] [bmv2] [D] [thread 103379] [72.0] [cxt 0] Parser 'parser' entering state 'start'
[09:14:33.506] [bmv2] [D] [thread 103379] [72.0] [cxt 0] Extracting header 'ethernet'
[09:14:33.506] [bmv2] [D] [thread 103379] [72.0] [cxt 0] Parser state 'start': key is 0800
[09:14:33.506] [bmv2] [T] [thread 103379] [72.0] [cxt 0] Bytes parsed: 14
[09:14:33.506] [bmv2] [D] [thread 103379] [72.0] [cxt 0] Parser 'parser' entering state 'parse_ipv4'
[09:14:33.506] [bmv2] [D] [thread 103379] [72.0] [cxt 0] Extracting header 'ipv4'
[09:14:33.506] [bmv2] [D] [thread 103379] [72.0] [cxt 0] Parser state 'parse_ipv4' has no switch, going to default next state
[09:14:33.506] [bmv2] [T] [thread 103379] [72.0] [cxt 0] Bytes parsed: 34
[09:14:33.506] [bmv2] [D] [thread 103379] [72.0] [cxt 0] Parser 'parser': end
[09:14:33.506] [bmv2] [D] [thread 103379] [72.0] [cxt 0] Pipeline 'ingress': start
[09:14:33.506] [bmv2] [T] [thread 103379] [72.0] [cxt 0] switch.p4(116) Condition "hdr.ipv4.isValid()" (node_2) is true
[09:14:33.506] [bmv2] [T] [thread 103379] [72.0] [cxt 0] Applying table 'MyIngress.ipv4_lpm'
[09:14:33.506] [bmv2] [D] [thread 103379] [72.0] [cxt 0] Looking up key:
* hdr.ipv4.dstAddr    : 0a000202

[09:14:33.506] [bmv2] [D] [thread 103379] [72.0] [cxt 0] Table 'MyIngress.ipv4_lpm': hit with handle 1
[09:14:33.506] [bmv2] [D] [thread 103379] [72.0] [cxt 0] Dumping entry 1
Match key:
* hdr.ipv4.dstAddr    : LPM       0a000202/32
Action entry: MyIngress.ipv4_forward - 80000000222,1,

[09:14:33.506] [bmv2] [D] [thread 103379] [72.0] [cxt 0] Action entry is MyIngress.ipv4_forward - 80000000222,1,
[09:14:33.506] [bmv2] [T] [thread 103379] [72.0] [cxt 0] Action MyIngress.ipv4_forward
[09:14:33.506] [bmv2] [T] [thread 103379] [72.0] [cxt 0] switch.p4(96) Primitive standard_metadata.egress_spec = port
[09:14:33.506] [bmv2] [T] [thread 103379] [72.0] [cxt 0] switch.p4(97) Primitive hdr.ethernet.srcAddr = hdr.ethernet.dstAddr
[09:14:33.506] [bmv2] [T] [thread 103379] [72.0] [cxt 0] switch.p4(98) Primitive hdr.ethernet.dstAddr = dstAddr
[09:14:33.506] [bmv2] [T] [thread 103379] [72.0] [cxt 0] switch.p4(99) Primitive hdr.ipv4.ttl = hdr.ipv4.ttl - 1
[09:14:33.506] [bmv2] [D] [thread 103379] [72.0] [cxt 0] Pipeline 'ingress': end
[09:14:33.506] [bmv2] [D] [thread 103379] [72.0] [cxt 0] Egress port is 1
[09:14:33.506] [bmv2] [D] [thread 103381] [72.0] [cxt 0] Pipeline 'egress': start
[09:14:33.506] [bmv2] [D] [thread 103381] [72.0] [cxt 0] Pipeline 'egress': end
[09:14:33.506] [bmv2] [D] [thread 103381] [72.0] [cxt 0] Deparser 'deparser': start
[09:14:33.506] [bmv2] [D] [thread 103381] [72.0] [cxt 0] Updating checksum 'cksum'
[09:14:33.506] [bmv2] [D] [thread 103381] [72.0] [cxt 0] Deparsing header 'ethernet'
[09:14:33.506] [bmv2] [D] [thread 103381] [72.0] [cxt 0] Deparsing header 'ipv4'
[09:14:33.506] [bmv2] [D] [thread 103381] [72.0] [cxt 0] Deparser 'deparser': end
[09:14:33.506] [bmv2] [D] [thread 103384] [72.0] [cxt 0] Transmitting packet of size 48 out of port 1
[09:14:33.506] [bmv2] [D] [thread 103379] [73.0] [cxt 0] Processing packet received on port 1
[09:14:33.506] [bmv2] [D] [thread 103379] [73.0] [cxt 0] Parser 'parser': start
[09:14:33.506] [bmv2] [D] [thread 103379] [73.0] [cxt 0] Parser 'parser' entering state 'start'
[09:14:33.506] [bmv2] [D] [thread 103379] [73.0] [cxt 0] Extracting header 'ethernet'
[09:14:33.506] [bmv2] [D] [thread 103379] [73.0] [cxt 0] Parser state 'start': key is 0800
[09:14:33.506] [bmv2] [T] [thread 103379] [73.0] [cxt 0] Bytes parsed: 14
[09:14:33.506] [bmv2] [D] [thread 103379] [73.0] [cxt 0] Parser 'parser' entering state 'parse_ipv4'
[09:14:33.506] [bmv2] [D] [thread 103379] [73.0] [cxt 0] Extracting header 'ipv4'
[09:14:33.506] [bmv2] [D] [thread 103379] [73.0] [cxt 0] Parser state 'parse_ipv4' has no switch, going to default next state
[09:14:33.506] [bmv2] [T] [thread 103379] [73.0] [cxt 0] Bytes parsed: 34
[09:14:33.506] [bmv2] [D] [thread 103379] [73.0] [cxt 0] Parser 'parser': end
[09:14:33.506] [bmv2] [D] [thread 103379] [73.0] [cxt 0] Pipeline 'ingress': start
[09:14:33.506] [bmv2] [T] [thread 103379] [73.0] [cxt 0] switch.p4(116) Condition "hdr.ipv4.isValid()" (node_2) is true
[09:14:33.506] [bmv2] [T] [thread 103379] [73.0] [cxt 0] Applying table 'MyIngress.ipv4_lpm'
[09:14:33.506] [bmv2] [D] [thread 103379] [73.0] [cxt 0] Looking up key:
* hdr.ipv4.dstAddr    : 0a000101

[09:14:33.506] [bmv2] [D] [thread 103379] [73.0] [cxt 0] Table 'MyIngress.ipv4_lpm': hit with handle 0
[09:14:33.506] [bmv2] [D] [thread 103379] [73.0] [cxt 0] Dumping entry 0
Match key:
* hdr.ipv4.dstAddr    : LPM       0a000101/32
Action entry: MyIngress.ipv4_forward - 80000000200,2,

[09:14:33.506] [bmv2] [D] [thread 103379] [73.0] [cxt 0] Action entry is MyIngress.ipv4_forward - 80000000200,2,
[09:14:33.506] [bmv2] [T] [thread 103379] [73.0] [cxt 0] Action MyIngress.ipv4_forward
[09:14:33.506] [bmv2] [T] [thread 103379] [73.0] [cxt 0] switch.p4(96) Primitive standard_metadata.egress_spec = port
[09:14:33.506] [bmv2] [T] [thread 103379] [73.0] [cxt 0] switch.p4(97) Primitive hdr.ethernet.srcAddr = hdr.ethernet.dstAddr
[09:14:33.506] [bmv2] [T] [thread 103379] [73.0] [cxt 0] switch.p4(98) Primitive hdr.ethernet.dstAddr = dstAddr
[09:14:33.506] [bmv2] [T] [thread 103379] [73.0] [cxt 0] switch.p4(99) Primitive hdr.ipv4.ttl = hdr.ipv4.ttl - 1
[09:14:33.506] [bmv2] [D] [thread 103379] [73.0] [cxt 0] Pipeline 'ingress': end
[09:14:33.506] [bmv2] [D] [thread 103379] [73.0] [cxt 0] Egress port is 2
[09:14:33.506] [bmv2] [D] [thread 103382] [73.0] [cxt 0] Pipeline 'egress': start
[09:14:33.506] [bmv2] [D] [thread 103382] [73.0] [cxt 0] Pipeline 'egress': end
[09:14:33.506] [bmv2] [D] [thread 103382] [73.0] [cxt 0] Deparser 'deparser': start
[09:14:33.506] [bmv2] [D] [thread 103382] [73.0] [cxt 0] Updating checksum 'cksum'
[09:14:33.506] [bmv2] [D] [thread 103382] [73.0] [cxt 0] Deparsing header 'ethernet'
[09:14:33.506] [bmv2] [D] [thread 103382] [73.0] [cxt 0] Deparsing header 'ipv4'
[09:14:33.506] [bmv2] [D] [thread 103382] [73.0] [cxt 0] Deparser 'deparser': end
[09:14:33.506] [bmv2] [D] [thread 103384] [73.0] [cxt 0] Transmitting packet of size 76 out of port 2
[09:14:33.528] [bmv2] [D] [thread 103379] [74.0] [cxt 0] Processing packet received on port 1
[09:14:33.528] [bmv2] [D] [thread 103379] [74.0] [cxt 0] Parser 'parser': start
[09:14:33.528] [bmv2] [D] [thread 103379] [74.0] [cxt 0] Parser 'parser' entering state 'start'
[09:14:33.528] [bmv2] [D] [thread 103379] [74.0] [cxt 0] Extracting header 'ethernet'
[09:14:33.528] [bmv2] [D] [thread 103379] [74.0] [cxt 0] Parser state 'start': key is 0800
[09:14:33.528] [bmv2] [T] [thread 103379] [74.0] [cxt 0] Bytes parsed: 14
[09:14:33.528] [bmv2] [D] [thread 103379] [74.0] [cxt 0] Parser 'parser' entering state 'parse_ipv4'
[09:14:33.528] [bmv2] [D] [thread 103379] [74.0] [cxt 0] Extracting header 'ipv4'
[09:14:33.528] [bmv2] [D] [thread 103379] [74.0] [cxt 0] Parser state 'parse_ipv4' has no switch, going to default next state
[09:14:33.528] [bmv2] [T] [thread 103379] [74.0] [cxt 0] Bytes parsed: 34
[09:14:33.528] [bmv2] [D] [thread 103379] [74.0] [cxt 0] Parser 'parser': end
[09:14:33.528] [bmv2] [D] [thread 103379] [74.0] [cxt 0] Pipeline 'ingress': start
[09:14:33.528] [bmv2] [T] [thread 103379] [74.0] [cxt 0] switch.p4(116) Condition "hdr.ipv4.isValid()" (node_2) is true
[09:14:33.528] [bmv2] [T] [thread 103379] [74.0] [cxt 0] Applying table 'MyIngress.ipv4_lpm'
[09:14:33.528] [bmv2] [D] [thread 103379] [74.0] [cxt 0] Looking up key:
* hdr.ipv4.dstAddr    : 0a000101

[09:14:33.528] [bmv2] [D] [thread 103379] [74.0] [cxt 0] Table 'MyIngress.ipv4_lpm': hit with handle 0
[09:14:33.528] [bmv2] [D] [thread 103379] [74.0] [cxt 0] Dumping entry 0
Match key:
* hdr.ipv4.dstAddr    : LPM       0a000101/32
Action entry: MyIngress.ipv4_forward - 80000000200,2,

[09:14:33.528] [bmv2] [D] [thread 103379] [74.0] [cxt 0] Action entry is MyIngress.ipv4_forward - 80000000200,2,
[09:14:33.528] [bmv2] [T] [thread 103379] [74.0] [cxt 0] Action MyIngress.ipv4_forward
[09:14:33.528] [bmv2] [T] [thread 103379] [74.0] [cxt 0] switch.p4(96) Primitive standard_metadata.egress_spec = port
[09:14:33.528] [bmv2] [T] [thread 103379] [74.0] [cxt 0] switch.p4(97) Primitive hdr.ethernet.srcAddr = hdr.ethernet.dstAddr
[09:14:33.528] [bmv2] [T] [thread 103379] [74.0] [cxt 0] switch.p4(98) Primitive hdr.ethernet.dstAddr = dstAddr
[09:14:33.528] [bmv2] [T] [thread 103379] [74.0] [cxt 0] switch.p4(99) Primitive hdr.ipv4.ttl = hdr.ipv4.ttl - 1
[09:14:33.528] [bmv2] [D] [thread 103379] [74.0] [cxt 0] Pipeline 'ingress': end
[09:14:33.528] [bmv2] [D] [thread 103379] [74.0] [cxt 0] Egress port is 2
[09:14:33.528] [bmv2] [D] [thread 103382] [74.0] [cxt 0] Pipeline 'egress': start
[09:14:33.528] [bmv2] [D] [thread 103382] [74.0] [cxt 0] Pipeline 'egress': end
[09:14:33.528] [bmv2] [D] [thread 103382] [74.0] [cxt 0] Deparser 'deparser': start
[09:14:33.528] [bmv2] [D] [thread 103382] [74.0] [cxt 0] Updating checksum 'cksum'
[09:14:33.528] [bmv2] [D] [thread 103382] [74.0] [cxt 0] Deparsing header 'ethernet'
[09:14:33.528] [bmv2] [D] [thread 103382] [74.0] [cxt 0] Deparsing header 'ipv4'
[09:14:33.528] [bmv2] [D] [thread 103382] [74.0] [cxt 0] Deparser 'deparser': end
[09:14:33.528] [bmv2] [D] [thread 103384] [74.0] [cxt 0] Transmitting packet of size 308 out of port 2
[09:14:33.533] [bmv2] [D] [thread 103379] [75.0] [cxt 0] Processing packet received on port 2
[09:14:33.533] [bmv2] [D] [thread 103379] [75.0] [cxt 0] Parser 'parser': start
[09:14:33.533] [bmv2] [D] [thread 103379] [75.0] [cxt 0] Parser 'parser' entering state 'start'
[09:14:33.533] [bmv2] [D] [thread 103379] [75.0] [cxt 0] Extracting header 'ethernet'
[09:14:33.533] [bmv2] [D] [thread 103379] [75.0] [cxt 0] Parser state 'start': key is 0800
[09:14:33.533] [bmv2] [T] [thread 103379] [75.0] [cxt 0] Bytes parsed: 14
[09:14:33.533] [bmv2] [D] [thread 103379] [75.0] [cxt 0] Parser 'parser' entering state 'parse_ipv4'
[09:14:33.533] [bmv2] [D] [thread 103379] [75.0] [cxt 0] Extracting header 'ipv4'
[09:14:33.533] [bmv2] [D] [thread 103379] [75.0] [cxt 0] Parser state 'parse_ipv4' has no switch, going to default next state
[09:14:33.533] [bmv2] [T] [thread 103379] [75.0] [cxt 0] Bytes parsed: 34
[09:14:33.533] [bmv2] [D] [thread 103379] [75.0] [cxt 0] Parser 'parser': end
[09:14:33.533] [bmv2] [D] [thread 103379] [75.0] [cxt 0] Pipeline 'ingress': start
[09:14:33.533] [bmv2] [T] [thread 103379] [75.0] [cxt 0] switch.p4(116) Condition "hdr.ipv4.isValid()" (node_2) is true
[09:14:33.533] [bmv2] [T] [thread 103379] [75.0] [cxt 0] Applying table 'MyIngress.ipv4_lpm'
[09:14:33.533] [bmv2] [D] [thread 103379] [75.0] [cxt 0] Looking up key:
* hdr.ipv4.dstAddr    : 0a000202

[09:14:33.533] [bmv2] [D] [thread 103379] [75.0] [cxt 0] Table 'MyIngress.ipv4_lpm': hit with handle 1
[09:14:33.533] [bmv2] [D] [thread 103379] [75.0] [cxt 0] Dumping entry 1
Match key:
* hdr.ipv4.dstAddr    : LPM       0a000202/32
Action entry: MyIngress.ipv4_forward - 80000000222,1,

[09:14:33.533] [bmv2] [D] [thread 103379] [75.0] [cxt 0] Action entry is MyIngress.ipv4_forward - 80000000222,1,
[09:14:33.533] [bmv2] [T] [thread 103379] [75.0] [cxt 0] Action MyIngress.ipv4_forward
[09:14:33.533] [bmv2] [T] [thread 103379] [75.0] [cxt 0] switch.p4(96) Primitive standard_metadata.egress_spec = port
[09:14:33.533] [bmv2] [T] [thread 103379] [75.0] [cxt 0] switch.p4(97) Primitive hdr.ethernet.srcAddr = hdr.ethernet.dstAddr
[09:14:33.533] [bmv2] [T] [thread 103379] [75.0] [cxt 0] switch.p4(98) Primitive hdr.ethernet.dstAddr = dstAddr
[09:14:33.533] [bmv2] [T] [thread 103379] [75.0] [cxt 0] switch.p4(99) Primitive hdr.ipv4.ttl = hdr.ipv4.ttl - 1
[09:14:33.533] [bmv2] [D] [thread 103379] [75.0] [cxt 0] Pipeline 'ingress': end
[09:14:33.533] [bmv2] [D] [thread 103379] [75.0] [cxt 0] Egress port is 1
[09:14:33.533] [bmv2] [D] [thread 103381] [75.0] [cxt 0] Pipeline 'egress': start
[09:14:33.533] [bmv2] [D] [thread 103381] [75.0] [cxt 0] Pipeline 'egress': end
[09:14:33.533] [bmv2] [D] [thread 103381] [75.0] [cxt 0] Deparser 'deparser': start
[09:14:33.533] [bmv2] [D] [thread 103381] [75.0] [cxt 0] Updating checksum 'cksum'
[09:14:33.533] [bmv2] [D] [thread 103381] [75.0] [cxt 0] Deparsing header 'ethernet'
[09:14:33.533] [bmv2] [D] [thread 103381] [75.0] [cxt 0] Deparsing header 'ipv4'
[09:14:33.533] [bmv2] [D] [thread 103381] [75.0] [cxt 0] Deparser 'deparser': end
[09:14:33.533] [bmv2] [D] [thread 103384] [75.0] [cxt 0] Transmitting packet of size 336 out of port 1
[09:14:34.568] [bmv2] [D] [thread 103379] [76.0] [cxt 0] Processing packet received on port 2
[09:14:34.570] [bmv2] [D] [thread 103379] [76.0] [cxt 0] Parser 'parser': start
[09:14:34.570] [bmv2] [D] [thread 103379] [76.0] [cxt 0] Parser 'parser' entering state 'start'
[09:14:34.570] [bmv2] [D] [thread 103379] [76.0] [cxt 0] Extracting header 'ethernet'
[09:14:34.570] [bmv2] [D] [thread 103379] [76.0] [cxt 0] Parser state 'start': key is 0800
[09:14:34.570] [bmv2] [T] [thread 103379] [76.0] [cxt 0] Bytes parsed: 14
[09:14:34.570] [bmv2] [D] [thread 103379] [76.0] [cxt 0] Parser 'parser' entering state 'parse_ipv4'
[09:14:34.570] [bmv2] [D] [thread 103379] [76.0] [cxt 0] Extracting header 'ipv4'
[09:14:34.570] [bmv2] [D] [thread 103379] [76.0] [cxt 0] Parser state 'parse_ipv4' has no switch, going to default next state
[09:14:34.570] [bmv2] [T] [thread 103379] [76.0] [cxt 0] Bytes parsed: 34
[09:14:34.570] [bmv2] [D] [thread 103379] [76.0] [cxt 0] Parser 'parser': end
[09:14:34.570] [bmv2] [D] [thread 103379] [76.0] [cxt 0] Pipeline 'ingress': start
[09:14:34.570] [bmv2] [T] [thread 103379] [76.0] [cxt 0] switch.p4(116) Condition "hdr.ipv4.isValid()" (node_2) is true
[09:14:34.570] [bmv2] [T] [thread 103379] [76.0] [cxt 0] Applying table 'MyIngress.ipv4_lpm'
[09:14:34.570] [bmv2] [D] [thread 103379] [76.0] [cxt 0] Looking up key:
* hdr.ipv4.dstAddr    : 0a000202

[09:14:34.570] [bmv2] [D] [thread 103379] [76.0] [cxt 0] Table 'MyIngress.ipv4_lpm': hit with handle 1
[09:14:34.570] [bmv2] [D] [thread 103379] [76.0] [cxt 0] Dumping entry 1
Match key:
* hdr.ipv4.dstAddr    : LPM       0a000202/32
Action entry: MyIngress.ipv4_forward - 80000000222,1,

[09:14:34.570] [bmv2] [D] [thread 103379] [76.0] [cxt 0] Action entry is MyIngress.ipv4_forward - 80000000222,1,
[09:14:34.570] [bmv2] [T] [thread 103379] [76.0] [cxt 0] Action MyIngress.ipv4_forward
[09:14:34.570] [bmv2] [T] [thread 103379] [76.0] [cxt 0] switch.p4(96) Primitive standard_metadata.egress_spec = port
[09:14:34.570] [bmv2] [T] [thread 103379] [76.0] [cxt 0] switch.p4(97) Primitive hdr.ethernet.srcAddr = hdr.ethernet.dstAddr
[09:14:34.570] [bmv2] [T] [thread 103379] [76.0] [cxt 0] switch.p4(98) Primitive hdr.ethernet.dstAddr = dstAddr
[09:14:34.570] [bmv2] [T] [thread 103379] [76.0] [cxt 0] switch.p4(99) Primitive hdr.ipv4.ttl = hdr.ipv4.ttl - 1
[09:14:34.570] [bmv2] [D] [thread 103379] [76.0] [cxt 0] Pipeline 'ingress': end
[09:14:34.570] [bmv2] [D] [thread 103379] [76.0] [cxt 0] Egress port is 1
[09:14:34.572] [bmv2] [D] [thread 103381] [76.0] [cxt 0] Pipeline 'egress': start
[09:14:34.572] [bmv2] [D] [thread 103381] [76.0] [cxt 0] Pipeline 'egress': end
[09:14:34.572] [bmv2] [D] [thread 103381] [76.0] [cxt 0] Deparser 'deparser': start
[09:14:34.572] [bmv2] [D] [thread 103381] [76.0] [cxt 0] Updating checksum 'cksum'
[09:14:34.572] [bmv2] [D] [thread 103381] [76.0] [cxt 0] Deparsing header 'ethernet'
[09:14:34.572] [bmv2] [D] [thread 103381] [76.0] [cxt 0] Deparsing header 'ipv4'
[09:14:34.572] [bmv2] [D] [thread 103381] [76.0] [cxt 0] Deparser 'deparser': end
[09:14:34.572] [bmv2] [D] [thread 103384] [76.0] [cxt 0] Transmitting packet of size 48 out of port 1
[09:14:34.572] [bmv2] [D] [thread 103379] [77.0] [cxt 0] Processing packet received on port 1
[09:14:34.572] [bmv2] [D] [thread 103379] [77.0] [cxt 0] Parser 'parser': start
[09:14:34.572] [bmv2] [D] [thread 103379] [77.0] [cxt 0] Parser 'parser' entering state 'start'
[09:14:34.572] [bmv2] [D] [thread 103379] [77.0] [cxt 0] Extracting header 'ethernet'
[09:14:34.572] [bmv2] [D] [thread 103379] [77.0] [cxt 0] Parser state 'start': key is 0800
[09:14:34.572] [bmv2] [T] [thread 103379] [77.0] [cxt 0] Bytes parsed: 14
[09:14:34.572] [bmv2] [D] [thread 103379] [77.0] [cxt 0] Parser 'parser' entering state 'parse_ipv4'
[09:14:34.572] [bmv2] [D] [thread 103379] [77.0] [cxt 0] Extracting header 'ipv4'
[09:14:34.572] [bmv2] [D] [thread 103379] [77.0] [cxt 0] Parser state 'parse_ipv4' has no switch, going to default next state
[09:14:34.572] [bmv2] [T] [thread 103379] [77.0] [cxt 0] Bytes parsed: 34
[09:14:34.572] [bmv2] [D] [thread 103379] [77.0] [cxt 0] Parser 'parser': end
[09:14:34.572] [bmv2] [D] [thread 103379] [77.0] [cxt 0] Pipeline 'ingress': start
[09:14:34.572] [bmv2] [T] [thread 103379] [77.0] [cxt 0] switch.p4(116) Condition "hdr.ipv4.isValid()" (node_2) is true
[09:14:34.572] [bmv2] [T] [thread 103379] [77.0] [cxt 0] Applying table 'MyIngress.ipv4_lpm'
[09:14:34.572] [bmv2] [D] [thread 103379] [77.0] [cxt 0] Looking up key:
* hdr.ipv4.dstAddr    : 0a000101

[09:14:34.572] [bmv2] [D] [thread 103379] [77.0] [cxt 0] Table 'MyIngress.ipv4_lpm': hit with handle 0
[09:14:34.572] [bmv2] [D] [thread 103379] [77.0] [cxt 0] Dumping entry 0
Match key:
* hdr.ipv4.dstAddr    : LPM       0a000101/32
Action entry: MyIngress.ipv4_forward - 80000000200,2,

[09:14:34.572] [bmv2] [D] [thread 103379] [77.0] [cxt 0] Action entry is MyIngress.ipv4_forward - 80000000200,2,
[09:14:34.572] [bmv2] [T] [thread 103379] [77.0] [cxt 0] Action MyIngress.ipv4_forward
[09:14:34.572] [bmv2] [T] [thread 103379] [77.0] [cxt 0] switch.p4(96) Primitive standard_metadata.egress_spec = port
[09:14:34.572] [bmv2] [T] [thread 103379] [77.0] [cxt 0] switch.p4(97) Primitive hdr.ethernet.srcAddr = hdr.ethernet.dstAddr
[09:14:34.572] [bmv2] [T] [thread 103379] [77.0] [cxt 0] switch.p4(98) Primitive hdr.ethernet.dstAddr = dstAddr
[09:14:34.572] [bmv2] [T] [thread 103379] [77.0] [cxt 0] switch.p4(99) Primitive hdr.ipv4.ttl = hdr.ipv4.ttl - 1
[09:14:34.572] [bmv2] [D] [thread 103379] [77.0] [cxt 0] Pipeline 'ingress': end
[09:14:34.572] [bmv2] [D] [thread 103379] [77.0] [cxt 0] Egress port is 2
[09:14:34.572] [bmv2] [D] [thread 103382] [77.0] [cxt 0] Pipeline 'egress': start
[09:14:34.572] [bmv2] [D] [thread 103382] [77.0] [cxt 0] Pipeline 'egress': end
[09:14:34.578] [bmv2] [D] [thread 103382] [77.0] [cxt 0] Deparser 'deparser': start
[09:14:34.578] [bmv2] [D] [thread 103382] [77.0] [cxt 0] Updating checksum 'cksum'
[09:14:34.578] [bmv2] [D] [thread 103382] [77.0] [cxt 0] Deparsing header 'ethernet'
[09:14:34.578] [bmv2] [D] [thread 103382] [77.0] [cxt 0] Deparsing header 'ipv4'
[09:14:34.578] [bmv2] [D] [thread 103382] [77.0] [cxt 0] Deparser 'deparser': end
[09:14:34.578] [bmv2] [D] [thread 103384] [77.0] [cxt 0] Transmitting packet of size 76 out of port 2
[09:14:34.602] [bmv2] [D] [thread 103379] [78.0] [cxt 0] Processing packet received on port 1
[09:14:34.602] [bmv2] [D] [thread 103379] [78.0] [cxt 0] Parser 'parser': start
[09:14:34.602] [bmv2] [D] [thread 103379] [78.0] [cxt 0] Parser 'parser' entering state 'start'
[09:14:34.602] [bmv2] [D] [thread 103379] [78.0] [cxt 0] Extracting header 'ethernet'
[09:14:34.602] [bmv2] [D] [thread 103379] [78.0] [cxt 0] Parser state 'start': key is 0800
[09:14:34.602] [bmv2] [T] [thread 103379] [78.0] [cxt 0] Bytes parsed: 14
[09:14:34.602] [bmv2] [D] [thread 103379] [78.0] [cxt 0] Parser 'parser' entering state 'parse_ipv4'
[09:14:34.602] [bmv2] [D] [thread 103379] [78.0] [cxt 0] Extracting header 'ipv4'
[09:14:34.602] [bmv2] [D] [thread 103379] [78.0] [cxt 0] Parser state 'parse_ipv4' has no switch, going to default next state
[09:14:34.602] [bmv2] [T] [thread 103379] [78.0] [cxt 0] Bytes parsed: 34
[09:14:34.602] [bmv2] [D] [thread 103379] [78.0] [cxt 0] Parser 'parser': end
[09:14:34.602] [bmv2] [D] [thread 103379] [78.0] [cxt 0] Pipeline 'ingress': start
[09:14:34.602] [bmv2] [T] [thread 103379] [78.0] [cxt 0] switch.p4(116) Condition "hdr.ipv4.isValid()" (node_2) is true
[09:14:34.602] [bmv2] [T] [thread 103379] [78.0] [cxt 0] Applying table 'MyIngress.ipv4_lpm'
[09:14:34.602] [bmv2] [D] [thread 103379] [78.0] [cxt 0] Looking up key:
* hdr.ipv4.dstAddr    : 0a000101

[09:14:34.602] [bmv2] [D] [thread 103379] [78.0] [cxt 0] Table 'MyIngress.ipv4_lpm': hit with handle 0
[09:14:34.602] [bmv2] [D] [thread 103379] [78.0] [cxt 0] Dumping entry 0
Match key:
* hdr.ipv4.dstAddr    : LPM       0a000101/32
Action entry: MyIngress.ipv4_forward - 80000000200,2,

[09:14:34.602] [bmv2] [D] [thread 103379] [78.0] [cxt 0] Action entry is MyIngress.ipv4_forward - 80000000200,2,
[09:14:34.602] [bmv2] [T] [thread 103379] [78.0] [cxt 0] Action MyIngress.ipv4_forward
[09:14:34.602] [bmv2] [T] [thread 103379] [78.0] [cxt 0] switch.p4(96) Primitive standard_metadata.egress_spec = port
[09:14:34.602] [bmv2] [T] [thread 103379] [78.0] [cxt 0] switch.p4(97) Primitive hdr.ethernet.srcAddr = hdr.ethernet.dstAddr
[09:14:34.602] [bmv2] [T] [thread 103379] [78.0] [cxt 0] switch.p4(98) Primitive hdr.ethernet.dstAddr = dstAddr
[09:14:34.602] [bmv2] [T] [thread 103379] [78.0] [cxt 0] switch.p4(99) Primitive hdr.ipv4.ttl = hdr.ipv4.ttl - 1
[09:14:34.602] [bmv2] [D] [thread 103379] [78.0] [cxt 0] Pipeline 'ingress': end
[09:14:34.602] [bmv2] [D] [thread 103379] [78.0] [cxt 0] Egress port is 2
[09:14:34.602] [bmv2] [D] [thread 103382] [78.0] [cxt 0] Pipeline 'egress': start
[09:14:34.602] [bmv2] [D] [thread 103382] [78.0] [cxt 0] Pipeline 'egress': end
[09:14:34.602] [bmv2] [D] [thread 103382] [78.0] [cxt 0] Deparser 'deparser': start
[09:14:34.602] [bmv2] [D] [thread 103382] [78.0] [cxt 0] Updating checksum 'cksum'
[09:14:34.602] [bmv2] [D] [thread 103382] [78.0] [cxt 0] Deparsing header 'ethernet'
[09:14:34.602] [bmv2] [D] [thread 103382] [78.0] [cxt 0] Deparsing header 'ipv4'
[09:14:34.602] [bmv2] [D] [thread 103382] [78.0] [cxt 0] Deparser 'deparser': end
[09:14:34.602] [bmv2] [D] [thread 103384] [78.0] [cxt 0] Transmitting packet of size 308 out of port 2
[09:14:34.602] [bmv2] [D] [thread 103379] [79.0] [cxt 0] Processing packet received on port 2
[09:14:34.602] [bmv2] [D] [thread 103379] [79.0] [cxt 0] Parser 'parser': start
[09:14:34.602] [bmv2] [D] [thread 103379] [79.0] [cxt 0] Parser 'parser' entering state 'start'
[09:14:34.602] [bmv2] [D] [thread 103379] [79.0] [cxt 0] Extracting header 'ethernet'
[09:14:34.602] [bmv2] [D] [thread 103379] [79.0] [cxt 0] Parser state 'start': key is 0800
[09:14:34.602] [bmv2] [T] [thread 103379] [79.0] [cxt 0] Bytes parsed: 14
[09:14:34.602] [bmv2] [D] [thread 103379] [79.0] [cxt 0] Parser 'parser' entering state 'parse_ipv4'
[09:14:34.602] [bmv2] [D] [thread 103379] [79.0] [cxt 0] Extracting header 'ipv4'
[09:14:34.602] [bmv2] [D] [thread 103379] [79.0] [cxt 0] Parser state 'parse_ipv4' has no switch, going to default next state
[09:14:34.602] [bmv2] [T] [thread 103379] [79.0] [cxt 0] Bytes parsed: 34
[09:14:34.602] [bmv2] [D] [thread 103379] [79.0] [cxt 0] Parser 'parser': end
[09:14:34.602] [bmv2] [D] [thread 103379] [79.0] [cxt 0] Pipeline 'ingress': start
[09:14:34.602] [bmv2] [T] [thread 103379] [79.0] [cxt 0] switch.p4(116) Condition "hdr.ipv4.isValid()" (node_2) is true
[09:14:34.602] [bmv2] [T] [thread 103379] [79.0] [cxt 0] Applying table 'MyIngress.ipv4_lpm'
[09:14:34.602] [bmv2] [D] [thread 103379] [79.0] [cxt 0] Looking up key:
* hdr.ipv4.dstAddr    : 0a000202

[09:14:34.602] [bmv2] [D] [thread 103379] [79.0] [cxt 0] Table 'MyIngress.ipv4_lpm': hit with handle 1
[09:14:34.602] [bmv2] [D] [thread 103379] [79.0] [cxt 0] Dumping entry 1
Match key:
* hdr.ipv4.dstAddr    : LPM       0a000202/32
Action entry: MyIngress.ipv4_forward - 80000000222,1,

[09:14:34.602] [bmv2] [D] [thread 103379] [79.0] [cxt 0] Action entry is MyIngress.ipv4_forward - 80000000222,1,
[09:14:34.602] [bmv2] [T] [thread 103379] [79.0] [cxt 0] Action MyIngress.ipv4_forward
[09:14:34.602] [bmv2] [T] [thread 103379] [79.0] [cxt 0] switch.p4(96) Primitive standard_metadata.egress_spec = port
[09:14:34.602] [bmv2] [T] [thread 103379] [79.0] [cxt 0] switch.p4(97) Primitive hdr.ethernet.srcAddr = hdr.ethernet.dstAddr
[09:14:34.602] [bmv2] [T] [thread 103379] [79.0] [cxt 0] switch.p4(98) Primitive hdr.ethernet.dstAddr = dstAddr
[09:14:34.602] [bmv2] [T] [thread 103379] [79.0] [cxt 0] switch.p4(99) Primitive hdr.ipv4.ttl = hdr.ipv4.ttl - 1
[09:14:34.602] [bmv2] [D] [thread 103379] [79.0] [cxt 0] Pipeline 'ingress': end
[09:14:34.602] [bmv2] [D] [thread 103379] [79.0] [cxt 0] Egress port is 1
[09:14:34.602] [bmv2] [D] [thread 103381] [79.0] [cxt 0] Pipeline 'egress': start
[09:14:34.602] [bmv2] [D] [thread 103381] [79.0] [cxt 0] Pipeline 'egress': end
[09:14:34.602] [bmv2] [D] [thread 103381] [79.0] [cxt 0] Deparser 'deparser': start
[09:14:34.602] [bmv2] [D] [thread 103381] [79.0] [cxt 0] Updating checksum 'cksum'
[09:14:34.602] [bmv2] [D] [thread 103381] [79.0] [cxt 0] Deparsing header 'ethernet'
[09:14:34.602] [bmv2] [D] [thread 103381] [79.0] [cxt 0] Deparsing header 'ipv4'
[09:14:34.602] [bmv2] [D] [thread 103381] [79.0] [cxt 0] Deparser 'deparser': end
[09:14:34.602] [bmv2] [D] [thread 103384] [79.0] [cxt 0] Transmitting packet of size 336 out of port 1
[09:14:34.641] [bmv2] [D] [thread 103379] [80.0] [cxt 0] Processing packet received on port 1
[09:14:34.641] [bmv2] [D] [thread 103379] [80.0] [cxt 0] Parser 'parser': start
[09:14:34.641] [bmv2] [D] [thread 103379] [80.0] [cxt 0] Parser 'parser' entering state 'start'
[09:14:34.641] [bmv2] [D] [thread 103379] [80.0] [cxt 0] Extracting header 'ethernet'
[09:14:34.641] [bmv2] [D] [thread 103379] [80.0] [cxt 0] Parser state 'start': key is 86dd
[09:14:34.641] [bmv2] [T] [thread 103379] [80.0] [cxt 0] Bytes parsed: 14
[09:14:34.641] [bmv2] [D] [thread 103379] [80.0] [cxt 0] Parser 'parser': end
[09:14:34.641] [bmv2] [D] [thread 103379] [80.0] [cxt 0] Pipeline 'ingress': start
[09:14:34.641] [bmv2] [T] [thread 103379] [80.0] [cxt 0] switch.p4(116) Condition "hdr.ipv4.isValid()" (node_2) is false
[09:14:34.641] [bmv2] [D] [thread 103379] [80.0] [cxt 0] Pipeline 'ingress': end
[09:14:34.641] [bmv2] [D] [thread 103379] [80.0] [cxt 0] Egress port is 0
[09:14:34.641] [bmv2] [D] [thread 103380] [80.0] [cxt 0] Pipeline 'egress': start
[09:14:34.641] [bmv2] [D] [thread 103380] [80.0] [cxt 0] Pipeline 'egress': end
[09:14:34.641] [bmv2] [D] [thread 103380] [80.0] [cxt 0] Deparser 'deparser': start
[09:14:34.641] [bmv2] [T] [thread 103380] [80.0] [cxt 0] Skipping checksum 'cksum' update because condition not met
[09:14:34.641] [bmv2] [D] [thread 103380] [80.0] [cxt 0] Deparsing header 'ethernet'
[09:14:34.641] [bmv2] [D] [thread 103380] [80.0] [cxt 0] Deparser 'deparser': end
[09:14:34.650] [bmv2] [D] [thread 103384] [80.0] [cxt 0] Transmitting packet of size 70 out of port 0
[09:14:35.596] [bmv2] [D] [thread 103379] [81.0] [cxt 0] Processing packet received on port 2
[09:14:35.596] [bmv2] [D] [thread 103379] [81.0] [cxt 0] Parser 'parser': start
[09:14:35.596] [bmv2] [D] [thread 103379] [81.0] [cxt 0] Parser 'parser' entering state 'start'
[09:14:35.596] [bmv2] [D] [thread 103379] [81.0] [cxt 0] Extracting header 'ethernet'
[09:14:35.596] [bmv2] [D] [thread 103379] [81.0] [cxt 0] Parser state 'start': key is 0800
[09:14:35.596] [bmv2] [T] [thread 103379] [81.0] [cxt 0] Bytes parsed: 14
[09:14:35.596] [bmv2] [D] [thread 103379] [81.0] [cxt 0] Parser 'parser' entering state 'parse_ipv4'
[09:14:35.596] [bmv2] [D] [thread 103379] [81.0] [cxt 0] Extracting header 'ipv4'
[09:14:35.596] [bmv2] [D] [thread 103379] [81.0] [cxt 0] Parser state 'parse_ipv4' has no switch, going to default next state
[09:14:35.596] [bmv2] [T] [thread 103379] [81.0] [cxt 0] Bytes parsed: 34
[09:14:35.596] [bmv2] [D] [thread 103379] [81.0] [cxt 0] Parser 'parser': end
[09:14:35.596] [bmv2] [D] [thread 103379] [81.0] [cxt 0] Pipeline 'ingress': start
[09:14:35.596] [bmv2] [T] [thread 103379] [81.0] [cxt 0] switch.p4(116) Condition "hdr.ipv4.isValid()" (node_2) is true
[09:14:35.596] [bmv2] [T] [thread 103379] [81.0] [cxt 0] Applying table 'MyIngress.ipv4_lpm'
[09:14:35.596] [bmv2] [D] [thread 103379] [81.0] [cxt 0] Looking up key:
* hdr.ipv4.dstAddr    : 0a000202

[09:14:35.596] [bmv2] [D] [thread 103379] [81.0] [cxt 0] Table 'MyIngress.ipv4_lpm': hit with handle 1
[09:14:35.596] [bmv2] [D] [thread 103379] [81.0] [cxt 0] Dumping entry 1
Match key:
* hdr.ipv4.dstAddr    : LPM       0a000202/32
Action entry: MyIngress.ipv4_forward - 80000000222,1,

[09:14:35.596] [bmv2] [D] [thread 103379] [81.0] [cxt 0] Action entry is MyIngress.ipv4_forward - 80000000222,1,
[09:14:35.596] [bmv2] [T] [thread 103379] [81.0] [cxt 0] Action MyIngress.ipv4_forward
[09:14:35.596] [bmv2] [T] [thread 103379] [81.0] [cxt 0] switch.p4(96) Primitive standard_metadata.egress_spec = port
[09:14:35.596] [bmv2] [T] [thread 103379] [81.0] [cxt 0] switch.p4(97) Primitive hdr.ethernet.srcAddr = hdr.ethernet.dstAddr
[09:14:35.596] [bmv2] [T] [thread 103379] [81.0] [cxt 0] switch.p4(98) Primitive hdr.ethernet.dstAddr = dstAddr
[09:14:35.596] [bmv2] [T] [thread 103379] [81.0] [cxt 0] switch.p4(99) Primitive hdr.ipv4.ttl = hdr.ipv4.ttl - 1
[09:14:35.596] [bmv2] [D] [thread 103379] [81.0] [cxt 0] Pipeline 'ingress': end
[09:14:35.596] [bmv2] [D] [thread 103379] [81.0] [cxt 0] Egress port is 1
[09:14:35.596] [bmv2] [D] [thread 103381] [81.0] [cxt 0] Pipeline 'egress': start
[09:14:35.596] [bmv2] [D] [thread 103381] [81.0] [cxt 0] Pipeline 'egress': end
[09:14:35.596] [bmv2] [D] [thread 103381] [81.0] [cxt 0] Deparser 'deparser': start
[09:14:35.596] [bmv2] [D] [thread 103381] [81.0] [cxt 0] Updating checksum 'cksum'
[09:14:35.596] [bmv2] [D] [thread 103381] [81.0] [cxt 0] Deparsing header 'ethernet'
[09:14:35.596] [bmv2] [D] [thread 103381] [81.0] [cxt 0] Deparsing header 'ipv4'
[09:14:35.596] [bmv2] [D] [thread 103381] [81.0] [cxt 0] Deparser 'deparser': end
[09:14:35.596] [bmv2] [D] [thread 103384] [81.0] [cxt 0] Transmitting packet of size 48 out of port 1
[09:14:35.599] [bmv2] [D] [thread 103379] [82.0] [cxt 0] Processing packet received on port 1
[09:14:35.599] [bmv2] [D] [thread 103379] [82.0] [cxt 0] Parser 'parser': start
[09:14:35.599] [bmv2] [D] [thread 103379] [82.0] [cxt 0] Parser 'parser' entering state 'start'
[09:14:35.599] [bmv2] [D] [thread 103379] [82.0] [cxt 0] Extracting header 'ethernet'
[09:14:35.599] [bmv2] [D] [thread 103379] [82.0] [cxt 0] Parser state 'start': key is 0800
[09:14:35.599] [bmv2] [T] [thread 103379] [82.0] [cxt 0] Bytes parsed: 14
[09:14:35.599] [bmv2] [D] [thread 103379] [82.0] [cxt 0] Parser 'parser' entering state 'parse_ipv4'
[09:14:35.599] [bmv2] [D] [thread 103379] [82.0] [cxt 0] Extracting header 'ipv4'
[09:14:35.599] [bmv2] [D] [thread 103379] [82.0] [cxt 0] Parser state 'parse_ipv4' has no switch, going to default next state
[09:14:35.599] [bmv2] [T] [thread 103379] [82.0] [cxt 0] Bytes parsed: 34
[09:14:35.599] [bmv2] [D] [thread 103379] [82.0] [cxt 0] Parser 'parser': end
[09:14:35.599] [bmv2] [D] [thread 103379] [82.0] [cxt 0] Pipeline 'ingress': start
[09:14:35.599] [bmv2] [T] [thread 103379] [82.0] [cxt 0] switch.p4(116) Condition "hdr.ipv4.isValid()" (node_2) is true
[09:14:35.599] [bmv2] [T] [thread 103379] [82.0] [cxt 0] Applying table 'MyIngress.ipv4_lpm'
[09:14:35.599] [bmv2] [D] [thread 103379] [82.0] [cxt 0] Looking up key:
* hdr.ipv4.dstAddr    : 0a000101

[09:14:35.599] [bmv2] [D] [thread 103379] [82.0] [cxt 0] Table 'MyIngress.ipv4_lpm': hit with handle 0
[09:14:35.599] [bmv2] [D] [thread 103379] [82.0] [cxt 0] Dumping entry 0
Match key:
* hdr.ipv4.dstAddr    : LPM       0a000101/32
Action entry: MyIngress.ipv4_forward - 80000000200,2,

[09:14:35.599] [bmv2] [D] [thread 103379] [82.0] [cxt 0] Action entry is MyIngress.ipv4_forward - 80000000200,2,
[09:14:35.599] [bmv2] [T] [thread 103379] [82.0] [cxt 0] Action MyIngress.ipv4_forward
[09:14:35.599] [bmv2] [T] [thread 103379] [82.0] [cxt 0] switch.p4(96) Primitive standard_metadata.egress_spec = port
[09:14:35.599] [bmv2] [T] [thread 103379] [82.0] [cxt 0] switch.p4(97) Primitive hdr.ethernet.srcAddr = hdr.ethernet.dstAddr
[09:14:35.599] [bmv2] [T] [thread 103379] [82.0] [cxt 0] switch.p4(98) Primitive hdr.ethernet.dstAddr = dstAddr
[09:14:35.599] [bmv2] [T] [thread 103379] [82.0] [cxt 0] switch.p4(99) Primitive hdr.ipv4.ttl = hdr.ipv4.ttl - 1
[09:14:35.599] [bmv2] [D] [thread 103379] [82.0] [cxt 0] Pipeline 'ingress': end
[09:14:35.599] [bmv2] [D] [thread 103379] [82.0] [cxt 0] Egress port is 2
[09:14:35.599] [bmv2] [D] [thread 103382] [82.0] [cxt 0] Pipeline 'egress': start
[09:14:35.599] [bmv2] [D] [thread 103382] [82.0] [cxt 0] Pipeline 'egress': end
[09:14:35.599] [bmv2] [D] [thread 103382] [82.0] [cxt 0] Deparser 'deparser': start
[09:14:35.599] [bmv2] [D] [thread 103382] [82.0] [cxt 0] Updating checksum 'cksum'
[09:14:35.599] [bmv2] [D] [thread 103382] [82.0] [cxt 0] Deparsing header 'ethernet'
[09:14:35.599] [bmv2] [D] [thread 103382] [82.0] [cxt 0] Deparsing header 'ipv4'
[09:14:35.599] [bmv2] [D] [thread 103382] [82.0] [cxt 0] Deparser 'deparser': end
[09:14:35.599] [bmv2] [D] [thread 103384] [82.0] [cxt 0] Transmitting packet of size 76 out of port 2
[09:14:35.604] [bmv2] [D] [thread 103379] [83.0] [cxt 0] Processing packet received on port 1
[09:14:35.604] [bmv2] [D] [thread 103379] [83.0] [cxt 0] Parser 'parser': start
[09:14:35.604] [bmv2] [D] [thread 103379] [83.0] [cxt 0] Parser 'parser' entering state 'start'
[09:14:35.604] [bmv2] [D] [thread 103379] [83.0] [cxt 0] Extracting header 'ethernet'
[09:14:35.604] [bmv2] [D] [thread 103379] [83.0] [cxt 0] Parser state 'start': key is 0800
[09:14:35.604] [bmv2] [T] [thread 103379] [83.0] [cxt 0] Bytes parsed: 14
[09:14:35.604] [bmv2] [D] [thread 103379] [83.0] [cxt 0] Parser 'parser' entering state 'parse_ipv4'
[09:14:35.604] [bmv2] [D] [thread 103379] [83.0] [cxt 0] Extracting header 'ipv4'
[09:14:35.604] [bmv2] [D] [thread 103379] [83.0] [cxt 0] Parser state 'parse_ipv4' has no switch, going to default next state
[09:14:35.604] [bmv2] [T] [thread 103379] [83.0] [cxt 0] Bytes parsed: 34
[09:14:35.604] [bmv2] [D] [thread 103379] [83.0] [cxt 0] Parser 'parser': end
[09:14:35.604] [bmv2] [D] [thread 103379] [83.0] [cxt 0] Pipeline 'ingress': start
[09:14:35.604] [bmv2] [T] [thread 103379] [83.0] [cxt 0] switch.p4(116) Condition "hdr.ipv4.isValid()" (node_2) is true
[09:14:35.604] [bmv2] [T] [thread 103379] [83.0] [cxt 0] Applying table 'MyIngress.ipv4_lpm'
[09:14:35.604] [bmv2] [D] [thread 103379] [83.0] [cxt 0] Looking up key:
* hdr.ipv4.dstAddr    : 0a000101

[09:14:35.604] [bmv2] [D] [thread 103379] [83.0] [cxt 0] Table 'MyIngress.ipv4_lpm': hit with handle 0
[09:14:35.604] [bmv2] [D] [thread 103379] [83.0] [cxt 0] Dumping entry 0
Match key:
* hdr.ipv4.dstAddr    : LPM       0a000101/32
Action entry: MyIngress.ipv4_forward - 80000000200,2,

[09:14:35.604] [bmv2] [D] [thread 103379] [83.0] [cxt 0] Action entry is MyIngress.ipv4_forward - 80000000200,2,
[09:14:35.604] [bmv2] [T] [thread 103379] [83.0] [cxt 0] Action MyIngress.ipv4_forward
[09:14:35.604] [bmv2] [T] [thread 103379] [83.0] [cxt 0] switch.p4(96) Primitive standard_metadata.egress_spec = port
[09:14:35.604] [bmv2] [T] [thread 103379] [83.0] [cxt 0] switch.p4(97) Primitive hdr.ethernet.srcAddr = hdr.ethernet.dstAddr
[09:14:35.604] [bmv2] [T] [thread 103379] [83.0] [cxt 0] switch.p4(98) Primitive hdr.ethernet.dstAddr = dstAddr
[09:14:35.604] [bmv2] [T] [thread 103379] [83.0] [cxt 0] switch.p4(99) Primitive hdr.ipv4.ttl = hdr.ipv4.ttl - 1
[09:14:35.604] [bmv2] [D] [thread 103379] [83.0] [cxt 0] Pipeline 'ingress': end
[09:14:35.604] [bmv2] [D] [thread 103379] [83.0] [cxt 0] Egress port is 2
[09:14:35.604] [bmv2] [D] [thread 103382] [83.0] [cxt 0] Pipeline 'egress': start
[09:14:35.604] [bmv2] [D] [thread 103382] [83.0] [cxt 0] Pipeline 'egress': end
[09:14:35.604] [bmv2] [D] [thread 103382] [83.0] [cxt 0] Deparser 'deparser': start
[09:14:35.604] [bmv2] [D] [thread 103382] [83.0] [cxt 0] Updating checksum 'cksum'
[09:14:35.604] [bmv2] [D] [thread 103382] [83.0] [cxt 0] Deparsing header 'ethernet'
[09:14:35.604] [bmv2] [D] [thread 103382] [83.0] [cxt 0] Deparsing header 'ipv4'
[09:14:35.604] [bmv2] [D] [thread 103382] [83.0] [cxt 0] Deparser 'deparser': end
[09:14:35.605] [bmv2] [D] [thread 103384] [83.0] [cxt 0] Transmitting packet of size 308 out of port 2
[09:14:35.610] [bmv2] [D] [thread 103379] [84.0] [cxt 0] Processing packet received on port 2
[09:14:35.610] [bmv2] [D] [thread 103379] [84.0] [cxt 0] Parser 'parser': start
[09:14:35.610] [bmv2] [D] [thread 103379] [84.0] [cxt 0] Parser 'parser' entering state 'start'
[09:14:35.610] [bmv2] [D] [thread 103379] [84.0] [cxt 0] Extracting header 'ethernet'
[09:14:35.610] [bmv2] [D] [thread 103379] [84.0] [cxt 0] Parser state 'start': key is 0800
[09:14:35.610] [bmv2] [T] [thread 103379] [84.0] [cxt 0] Bytes parsed: 14
[09:14:35.610] [bmv2] [D] [thread 103379] [84.0] [cxt 0] Parser 'parser' entering state 'parse_ipv4'
[09:14:35.610] [bmv2] [D] [thread 103379] [84.0] [cxt 0] Extracting header 'ipv4'
[09:14:35.610] [bmv2] [D] [thread 103379] [84.0] [cxt 0] Parser state 'parse_ipv4' has no switch, going to default next state
[09:14:35.610] [bmv2] [T] [thread 103379] [84.0] [cxt 0] Bytes parsed: 34
[09:14:35.610] [bmv2] [D] [thread 103379] [84.0] [cxt 0] Parser 'parser': end
[09:14:35.610] [bmv2] [D] [thread 103379] [84.0] [cxt 0] Pipeline 'ingress': start
[09:14:35.610] [bmv2] [T] [thread 103379] [84.0] [cxt 0] switch.p4(116) Condition "hdr.ipv4.isValid()" (node_2) is true
[09:14:35.610] [bmv2] [T] [thread 103379] [84.0] [cxt 0] Applying table 'MyIngress.ipv4_lpm'
[09:14:35.610] [bmv2] [D] [thread 103379] [84.0] [cxt 0] Looking up key:
* hdr.ipv4.dstAddr    : 0a000202

[09:14:35.610] [bmv2] [D] [thread 103379] [84.0] [cxt 0] Table 'MyIngress.ipv4_lpm': hit with handle 1
[09:14:35.610] [bmv2] [D] [thread 103379] [84.0] [cxt 0] Dumping entry 1
Match key:
* hdr.ipv4.dstAddr    : LPM       0a000202/32
Action entry: MyIngress.ipv4_forward - 80000000222,1,

[09:14:35.610] [bmv2] [D] [thread 103379] [84.0] [cxt 0] Action entry is MyIngress.ipv4_forward - 80000000222,1,
[09:14:35.610] [bmv2] [T] [thread 103379] [84.0] [cxt 0] Action MyIngress.ipv4_forward
[09:14:35.610] [bmv2] [T] [thread 103379] [84.0] [cxt 0] switch.p4(96) Primitive standard_metadata.egress_spec = port
[09:14:35.610] [bmv2] [T] [thread 103379] [84.0] [cxt 0] switch.p4(97) Primitive hdr.ethernet.srcAddr = hdr.ethernet.dstAddr
[09:14:35.610] [bmv2] [T] [thread 103379] [84.0] [cxt 0] switch.p4(98) Primitive hdr.ethernet.dstAddr = dstAddr
[09:14:35.610] [bmv2] [T] [thread 103379] [84.0] [cxt 0] switch.p4(99) Primitive hdr.ipv4.ttl = hdr.ipv4.ttl - 1
[09:14:35.610] [bmv2] [D] [thread 103379] [84.0] [cxt 0] Pipeline 'ingress': end
[09:14:35.610] [bmv2] [D] [thread 103379] [84.0] [cxt 0] Egress port is 1
[09:14:35.610] [bmv2] [D] [thread 103381] [84.0] [cxt 0] Pipeline 'egress': start
[09:14:35.610] [bmv2] [D] [thread 103381] [84.0] [cxt 0] Pipeline 'egress': end
[09:14:35.610] [bmv2] [D] [thread 103381] [84.0] [cxt 0] Deparser 'deparser': start
[09:14:35.610] [bmv2] [D] [thread 103381] [84.0] [cxt 0] Updating checksum 'cksum'
[09:14:35.610] [bmv2] [D] [thread 103381] [84.0] [cxt 0] Deparsing header 'ethernet'
[09:14:35.610] [bmv2] [D] [thread 103381] [84.0] [cxt 0] Deparsing header 'ipv4'
[09:14:35.610] [bmv2] [D] [thread 103381] [84.0] [cxt 0] Deparser 'deparser': end
[09:14:35.610] [bmv2] [D] [thread 103384] [84.0] [cxt 0] Transmitting packet of size 336 out of port 1
[09:14:35.641] [bmv2] [D] [thread 103379] [85.0] [cxt 0] Processing packet received on port 2
[09:14:35.641] [bmv2] [D] [thread 103379] [85.0] [cxt 0] Parser 'parser': start
[09:14:35.641] [bmv2] [D] [thread 103379] [85.0] [cxt 0] Parser 'parser' entering state 'start'
[09:14:35.641] [bmv2] [D] [thread 103379] [85.0] [cxt 0] Extracting header 'ethernet'
[09:14:35.641] [bmv2] [D] [thread 103379] [85.0] [cxt 0] Parser state 'start': key is 86dd
[09:14:35.641] [bmv2] [T] [thread 103379] [85.0] [cxt 0] Bytes parsed: 14
[09:14:35.641] [bmv2] [D] [thread 103379] [85.0] [cxt 0] Parser 'parser': end
[09:14:35.641] [bmv2] [D] [thread 103379] [85.0] [cxt 0] Pipeline 'ingress': start
[09:14:35.641] [bmv2] [T] [thread 103379] [85.0] [cxt 0] switch.p4(116) Condition "hdr.ipv4.isValid()" (node_2) is false
[09:14:35.641] [bmv2] [D] [thread 103379] [85.0] [cxt 0] Pipeline 'ingress': end
[09:14:35.641] [bmv2] [D] [thread 103379] [85.0] [cxt 0] Egress port is 0
[09:14:35.641] [bmv2] [D] [thread 103380] [85.0] [cxt 0] Pipeline 'egress': start
[09:14:35.641] [bmv2] [D] [thread 103380] [85.0] [cxt 0] Pipeline 'egress': end
[09:14:35.641] [bmv2] [D] [thread 103380] [85.0] [cxt 0] Deparser 'deparser': start
[09:14:35.641] [bmv2] [D] [thread 103379] [86.0] [cxt 0] Processing packet received on port 2
[09:14:35.641] [bmv2] [T] [thread 103380] [85.0] [cxt 0] Skipping checksum 'cksum' update because condition not met
[09:14:35.641] [bmv2] [D] [thread 103379] [86.0] [cxt 0] Parser 'parser': start
[09:14:35.641] [bmv2] [D] [thread 103380] [85.0] [cxt 0] Deparsing header 'ethernet'
[09:14:35.641] [bmv2] [D] [thread 103379] [86.0] [cxt 0] Parser 'parser' entering state 'start'
[09:14:35.641] [bmv2] [D] [thread 103380] [85.0] [cxt 0] Deparser 'deparser': end
[09:14:35.641] [bmv2] [D] [thread 103379] [86.0] [cxt 0] Extracting header 'ethernet'
[09:14:35.641] [bmv2] [D] [thread 103379] [86.0] [cxt 0] Parser state 'start': key is 86dd
[09:14:35.641] [bmv2] [T] [thread 103379] [86.0] [cxt 0] Bytes parsed: 14
[09:14:35.641] [bmv2] [D] [thread 103379] [86.0] [cxt 0] Parser 'parser': end
[09:14:35.641] [bmv2] [D] [thread 103379] [86.0] [cxt 0] Pipeline 'ingress': start
[09:14:35.641] [bmv2] [D] [thread 103384] [85.0] [cxt 0] Transmitting packet of size 70 out of port 0
[09:14:35.641] [bmv2] [T] [thread 103379] [86.0] [cxt 0] switch.p4(116) Condition "hdr.ipv4.isValid()" (node_2) is false
[09:14:35.641] [bmv2] [D] [thread 103379] [86.0] [cxt 0] Pipeline 'ingress': end
[09:14:35.641] [bmv2] [D] [thread 103379] [86.0] [cxt 0] Egress port is 0
[09:14:35.641] [bmv2] [D] [thread 103380] [86.0] [cxt 0] Pipeline 'egress': start
[09:14:35.641] [bmv2] [D] [thread 103380] [86.0] [cxt 0] Pipeline 'egress': end
[09:14:35.641] [bmv2] [D] [thread 103380] [86.0] [cxt 0] Deparser 'deparser': start
[09:14:35.641] [bmv2] [T] [thread 103380] [86.0] [cxt 0] Skipping checksum 'cksum' update because condition not met
[09:14:35.641] [bmv2] [D] [thread 103380] [86.0] [cxt 0] Deparsing header 'ethernet'
[09:14:35.641] [bmv2] [D] [thread 103380] [86.0] [cxt 0] Deparser 'deparser': end
[09:14:35.641] [bmv2] [D] [thread 103384] [86.0] [cxt 0] Transmitting packet of size 70 out of port 0
[09:14:36.626] [bmv2] [D] [thread 103379] [87.0] [cxt 0] Processing packet received on port 2
[09:14:36.626] [bmv2] [D] [thread 103379] [87.0] [cxt 0] Parser 'parser': start
[09:14:36.626] [bmv2] [D] [thread 103379] [87.0] [cxt 0] Parser 'parser' entering state 'start'
[09:14:36.626] [bmv2] [D] [thread 103379] [87.0] [cxt 0] Extracting header 'ethernet'
[09:14:36.626] [bmv2] [D] [thread 103379] [87.0] [cxt 0] Parser state 'start': key is 0800
[09:14:36.626] [bmv2] [T] [thread 103379] [87.0] [cxt 0] Bytes parsed: 14
[09:14:36.626] [bmv2] [D] [thread 103379] [87.0] [cxt 0] Parser 'parser' entering state 'parse_ipv4'
[09:14:36.626] [bmv2] [D] [thread 103379] [87.0] [cxt 0] Extracting header 'ipv4'
[09:14:36.626] [bmv2] [D] [thread 103379] [87.0] [cxt 0] Parser state 'parse_ipv4' has no switch, going to default next state
[09:14:36.626] [bmv2] [T] [thread 103379] [87.0] [cxt 0] Bytes parsed: 34
[09:14:36.626] [bmv2] [D] [thread 103379] [87.0] [cxt 0] Parser 'parser': end
[09:14:36.626] [bmv2] [D] [thread 103379] [87.0] [cxt 0] Pipeline 'ingress': start
[09:14:36.626] [bmv2] [T] [thread 103379] [87.0] [cxt 0] switch.p4(116) Condition "hdr.ipv4.isValid()" (node_2) is true
[09:14:36.626] [bmv2] [T] [thread 103379] [87.0] [cxt 0] Applying table 'MyIngress.ipv4_lpm'
[09:14:36.626] [bmv2] [D] [thread 103379] [87.0] [cxt 0] Looking up key:
* hdr.ipv4.dstAddr    : 0a000202

[09:14:36.626] [bmv2] [D] [thread 103379] [87.0] [cxt 0] Table 'MyIngress.ipv4_lpm': hit with handle 1
[09:14:36.626] [bmv2] [D] [thread 103379] [87.0] [cxt 0] Dumping entry 1
Match key:
* hdr.ipv4.dstAddr    : LPM       0a000202/32
Action entry: MyIngress.ipv4_forward - 80000000222,1,

[09:14:36.626] [bmv2] [D] [thread 103379] [87.0] [cxt 0] Action entry is MyIngress.ipv4_forward - 80000000222,1,
[09:14:36.626] [bmv2] [T] [thread 103379] [87.0] [cxt 0] Action MyIngress.ipv4_forward
[09:14:36.626] [bmv2] [T] [thread 103379] [87.0] [cxt 0] switch.p4(96) Primitive standard_metadata.egress_spec = port
[09:14:36.626] [bmv2] [T] [thread 103379] [87.0] [cxt 0] switch.p4(97) Primitive hdr.ethernet.srcAddr = hdr.ethernet.dstAddr
[09:14:36.626] [bmv2] [T] [thread 103379] [87.0] [cxt 0] switch.p4(98) Primitive hdr.ethernet.dstAddr = dstAddr
[09:14:36.626] [bmv2] [T] [thread 103379] [87.0] [cxt 0] switch.p4(99) Primitive hdr.ipv4.ttl = hdr.ipv4.ttl - 1
[09:14:36.626] [bmv2] [D] [thread 103379] [87.0] [cxt 0] Pipeline 'ingress': end
[09:14:36.626] [bmv2] [D] [thread 103379] [87.0] [cxt 0] Egress port is 1
[09:14:36.626] [bmv2] [D] [thread 103381] [87.0] [cxt 0] Pipeline 'egress': start
[09:14:36.626] [bmv2] [D] [thread 103381] [87.0] [cxt 0] Pipeline 'egress': end
[09:14:36.626] [bmv2] [D] [thread 103381] [87.0] [cxt 0] Deparser 'deparser': start
[09:14:36.626] [bmv2] [D] [thread 103381] [87.0] [cxt 0] Updating checksum 'cksum'
[09:14:36.626] [bmv2] [D] [thread 103381] [87.0] [cxt 0] Deparsing header 'ethernet'
[09:14:36.626] [bmv2] [D] [thread 103381] [87.0] [cxt 0] Deparsing header 'ipv4'
[09:14:36.626] [bmv2] [D] [thread 103381] [87.0] [cxt 0] Deparser 'deparser': end
[09:14:36.626] [bmv2] [D] [thread 103384] [87.0] [cxt 0] Transmitting packet of size 48 out of port 1
[09:14:36.633] [bmv2] [D] [thread 103379] [88.0] [cxt 0] Processing packet received on port 1
[09:14:36.633] [bmv2] [D] [thread 103379] [88.0] [cxt 0] Parser 'parser': start
[09:14:36.633] [bmv2] [D] [thread 103379] [88.0] [cxt 0] Parser 'parser' entering state 'start'
[09:14:36.633] [bmv2] [D] [thread 103379] [88.0] [cxt 0] Extracting header 'ethernet'
[09:14:36.633] [bmv2] [D] [thread 103379] [88.0] [cxt 0] Parser state 'start': key is 0800
[09:14:36.633] [bmv2] [T] [thread 103379] [88.0] [cxt 0] Bytes parsed: 14
[09:14:36.633] [bmv2] [D] [thread 103379] [88.0] [cxt 0] Parser 'parser' entering state 'parse_ipv4'
[09:14:36.633] [bmv2] [D] [thread 103379] [88.0] [cxt 0] Extracting header 'ipv4'
[09:14:36.633] [bmv2] [D] [thread 103379] [88.0] [cxt 0] Parser state 'parse_ipv4' has no switch, going to default next state
[09:14:36.633] [bmv2] [T] [thread 103379] [88.0] [cxt 0] Bytes parsed: 34
[09:14:36.633] [bmv2] [D] [thread 103379] [88.0] [cxt 0] Parser 'parser': end
[09:14:36.633] [bmv2] [D] [thread 103379] [88.0] [cxt 0] Pipeline 'ingress': start
[09:14:36.633] [bmv2] [T] [thread 103379] [88.0] [cxt 0] switch.p4(116) Condition "hdr.ipv4.isValid()" (node_2) is true
[09:14:36.633] [bmv2] [T] [thread 103379] [88.0] [cxt 0] Applying table 'MyIngress.ipv4_lpm'
[09:14:36.633] [bmv2] [D] [thread 103379] [88.0] [cxt 0] Looking up key:
* hdr.ipv4.dstAddr    : 0a000101

[09:14:36.633] [bmv2] [D] [thread 103379] [88.0] [cxt 0] Table 'MyIngress.ipv4_lpm': hit with handle 0
[09:14:36.633] [bmv2] [D] [thread 103379] [88.0] [cxt 0] Dumping entry 0
Match key:
* hdr.ipv4.dstAddr    : LPM       0a000101/32
Action entry: MyIngress.ipv4_forward - 80000000200,2,

[09:14:36.633] [bmv2] [D] [thread 103379] [88.0] [cxt 0] Action entry is MyIngress.ipv4_forward - 80000000200,2,
[09:14:36.633] [bmv2] [T] [thread 103379] [88.0] [cxt 0] Action MyIngress.ipv4_forward
[09:14:36.633] [bmv2] [T] [thread 103379] [88.0] [cxt 0] switch.p4(96) Primitive standard_metadata.egress_spec = port
[09:14:36.633] [bmv2] [T] [thread 103379] [88.0] [cxt 0] switch.p4(97) Primitive hdr.ethernet.srcAddr = hdr.ethernet.dstAddr
[09:14:36.633] [bmv2] [T] [thread 103379] [88.0] [cxt 0] switch.p4(98) Primitive hdr.ethernet.dstAddr = dstAddr
[09:14:36.633] [bmv2] [T] [thread 103379] [88.0] [cxt 0] switch.p4(99) Primitive hdr.ipv4.ttl = hdr.ipv4.ttl - 1
[09:14:36.633] [bmv2] [D] [thread 103379] [88.0] [cxt 0] Pipeline 'ingress': end
[09:14:36.633] [bmv2] [D] [thread 103379] [88.0] [cxt 0] Egress port is 2
[09:14:36.635] [bmv2] [D] [thread 103382] [88.0] [cxt 0] Pipeline 'egress': start
[09:14:36.636] [bmv2] [D] [thread 103382] [88.0] [cxt 0] Pipeline 'egress': end
[09:14:36.636] [bmv2] [D] [thread 103382] [88.0] [cxt 0] Deparser 'deparser': start
[09:14:36.636] [bmv2] [D] [thread 103382] [88.0] [cxt 0] Updating checksum 'cksum'
[09:14:36.636] [bmv2] [D] [thread 103382] [88.0] [cxt 0] Deparsing header 'ethernet'
[09:14:36.636] [bmv2] [D] [thread 103382] [88.0] [cxt 0] Deparsing header 'ipv4'
[09:14:36.637] [bmv2] [D] [thread 103382] [88.0] [cxt 0] Deparser 'deparser': end
[09:14:36.637] [bmv2] [D] [thread 103384] [88.0] [cxt 0] Transmitting packet of size 76 out of port 2
[09:14:36.740] [bmv2] [D] [thread 103379] [89.0] [cxt 0] Processing packet received on port 1
[09:14:36.740] [bmv2] [D] [thread 103379] [89.0] [cxt 0] Parser 'parser': start
[09:14:36.740] [bmv2] [D] [thread 103379] [89.0] [cxt 0] Parser 'parser' entering state 'start'
[09:14:36.740] [bmv2] [D] [thread 103379] [89.0] [cxt 0] Extracting header 'ethernet'
[09:14:36.740] [bmv2] [D] [thread 103379] [89.0] [cxt 0] Parser state 'start': key is 0800
[09:14:36.740] [bmv2] [T] [thread 103379] [89.0] [cxt 0] Bytes parsed: 14
[09:14:36.740] [bmv2] [D] [thread 103379] [89.0] [cxt 0] Parser 'parser' entering state 'parse_ipv4'
[09:14:36.740] [bmv2] [D] [thread 103379] [89.0] [cxt 0] Extracting header 'ipv4'
[09:14:36.740] [bmv2] [D] [thread 103379] [89.0] [cxt 0] Parser state 'parse_ipv4' has no switch, going to default next state
[09:14:36.740] [bmv2] [T] [thread 103379] [89.0] [cxt 0] Bytes parsed: 34
[09:14:36.740] [bmv2] [D] [thread 103379] [89.0] [cxt 0] Parser 'parser': end
[09:14:36.740] [bmv2] [D] [thread 103379] [89.0] [cxt 0] Pipeline 'ingress': start
[09:14:36.740] [bmv2] [T] [thread 103379] [89.0] [cxt 0] switch.p4(116) Condition "hdr.ipv4.isValid()" (node_2) is true
[09:14:36.740] [bmv2] [T] [thread 103379] [89.0] [cxt 0] Applying table 'MyIngress.ipv4_lpm'
[09:14:36.740] [bmv2] [D] [thread 103379] [89.0] [cxt 0] Looking up key:
* hdr.ipv4.dstAddr    : 0a000101

[09:14:36.740] [bmv2] [D] [thread 103379] [89.0] [cxt 0] Table 'MyIngress.ipv4_lpm': hit with handle 0
[09:14:36.740] [bmv2] [D] [thread 103379] [89.0] [cxt 0] Dumping entry 0
Match key:
* hdr.ipv4.dstAddr    : LPM       0a000101/32
Action entry: MyIngress.ipv4_forward - 80000000200,2,

[09:14:36.740] [bmv2] [D] [thread 103379] [89.0] [cxt 0] Action entry is MyIngress.ipv4_forward - 80000000200,2,
[09:14:36.740] [bmv2] [T] [thread 103379] [89.0] [cxt 0] Action MyIngress.ipv4_forward
[09:14:36.740] [bmv2] [T] [thread 103379] [89.0] [cxt 0] switch.p4(96) Primitive standard_metadata.egress_spec = port
[09:14:36.740] [bmv2] [T] [thread 103379] [89.0] [cxt 0] switch.p4(97) Primitive hdr.ethernet.srcAddr = hdr.ethernet.dstAddr
[09:14:36.740] [bmv2] [T] [thread 103379] [89.0] [cxt 0] switch.p4(98) Primitive hdr.ethernet.dstAddr = dstAddr
[09:14:36.740] [bmv2] [T] [thread 103379] [89.0] [cxt 0] switch.p4(99) Primitive hdr.ipv4.ttl = hdr.ipv4.ttl - 1
[09:14:36.740] [bmv2] [D] [thread 103379] [89.0] [cxt 0] Pipeline 'ingress': end
[09:14:36.740] [bmv2] [D] [thread 103379] [89.0] [cxt 0] Egress port is 2
[09:14:36.746] [bmv2] [D] [thread 103382] [89.0] [cxt 0] Pipeline 'egress': start
[09:14:36.746] [bmv2] [D] [thread 103382] [89.0] [cxt 0] Pipeline 'egress': end
[09:14:36.746] [bmv2] [D] [thread 103382] [89.0] [cxt 0] Deparser 'deparser': start
[09:14:36.746] [bmv2] [D] [thread 103382] [89.0] [cxt 0] Updating checksum 'cksum'
[09:14:36.746] [bmv2] [D] [thread 103382] [89.0] [cxt 0] Deparsing header 'ethernet'
[09:14:36.746] [bmv2] [D] [thread 103382] [89.0] [cxt 0] Deparsing header 'ipv4'
[09:14:36.746] [bmv2] [D] [thread 103382] [89.0] [cxt 0] Deparser 'deparser': end
[09:14:36.746] [bmv2] [D] [thread 103384] [89.0] [cxt 0] Transmitting packet of size 308 out of port 2
[09:14:36.752] [bmv2] [D] [thread 103379] [90.0] [cxt 0] Processing packet received on port 2
[09:14:36.752] [bmv2] [D] [thread 103379] [90.0] [cxt 0] Parser 'parser': start
[09:14:36.752] [bmv2] [D] [thread 103379] [90.0] [cxt 0] Parser 'parser' entering state 'start'
[09:14:36.752] [bmv2] [D] [thread 103379] [90.0] [cxt 0] Extracting header 'ethernet'
[09:14:36.752] [bmv2] [D] [thread 103379] [90.0] [cxt 0] Parser state 'start': key is 0800
[09:14:36.752] [bmv2] [T] [thread 103379] [90.0] [cxt 0] Bytes parsed: 14
[09:14:36.752] [bmv2] [D] [thread 103379] [90.0] [cxt 0] Parser 'parser' entering state 'parse_ipv4'
[09:14:36.752] [bmv2] [D] [thread 103379] [90.0] [cxt 0] Extracting header 'ipv4'
[09:14:36.752] [bmv2] [D] [thread 103379] [90.0] [cxt 0] Parser state 'parse_ipv4' has no switch, going to default next state
[09:14:36.752] [bmv2] [T] [thread 103379] [90.0] [cxt 0] Bytes parsed: 34
[09:14:36.752] [bmv2] [D] [thread 103379] [90.0] [cxt 0] Parser 'parser': end
[09:14:36.752] [bmv2] [D] [thread 103379] [90.0] [cxt 0] Pipeline 'ingress': start
[09:14:36.752] [bmv2] [T] [thread 103379] [90.0] [cxt 0] switch.p4(116) Condition "hdr.ipv4.isValid()" (node_2) is true
[09:14:36.752] [bmv2] [T] [thread 103379] [90.0] [cxt 0] Applying table 'MyIngress.ipv4_lpm'
[09:14:36.752] [bmv2] [D] [thread 103379] [90.0] [cxt 0] Looking up key:
* hdr.ipv4.dstAddr    : 0a000202

[09:14:36.752] [bmv2] [D] [thread 103379] [90.0] [cxt 0] Table 'MyIngress.ipv4_lpm': hit with handle 1
[09:14:36.752] [bmv2] [D] [thread 103379] [90.0] [cxt 0] Dumping entry 1
Match key:
* hdr.ipv4.dstAddr    : LPM       0a000202/32
Action entry: MyIngress.ipv4_forward - 80000000222,1,

[09:14:36.752] [bmv2] [D] [thread 103379] [90.0] [cxt 0] Action entry is MyIngress.ipv4_forward - 80000000222,1,
[09:14:36.752] [bmv2] [T] [thread 103379] [90.0] [cxt 0] Action MyIngress.ipv4_forward
[09:14:36.752] [bmv2] [T] [thread 103379] [90.0] [cxt 0] switch.p4(96) Primitive standard_metadata.egress_spec = port
[09:14:36.752] [bmv2] [T] [thread 103379] [90.0] [cxt 0] switch.p4(97) Primitive hdr.ethernet.srcAddr = hdr.ethernet.dstAddr
[09:14:36.752] [bmv2] [T] [thread 103379] [90.0] [cxt 0] switch.p4(98) Primitive hdr.ethernet.dstAddr = dstAddr
[09:14:36.752] [bmv2] [T] [thread 103379] [90.0] [cxt 0] switch.p4(99) Primitive hdr.ipv4.ttl = hdr.ipv4.ttl - 1
[09:14:36.752] [bmv2] [D] [thread 103379] [90.0] [cxt 0] Pipeline 'ingress': end
[09:14:36.752] [bmv2] [D] [thread 103379] [90.0] [cxt 0] Egress port is 1
[09:14:36.752] [bmv2] [D] [thread 103381] [90.0] [cxt 0] Pipeline 'egress': start
[09:14:36.752] [bmv2] [D] [thread 103381] [90.0] [cxt 0] Pipeline 'egress': end
[09:14:36.752] [bmv2] [D] [thread 103381] [90.0] [cxt 0] Deparser 'deparser': start
[09:14:36.752] [bmv2] [D] [thread 103381] [90.0] [cxt 0] Updating checksum 'cksum'
[09:14:36.752] [bmv2] [D] [thread 103381] [90.0] [cxt 0] Deparsing header 'ethernet'
[09:14:36.752] [bmv2] [D] [thread 103381] [90.0] [cxt 0] Deparsing header 'ipv4'
[09:14:36.752] [bmv2] [D] [thread 103381] [90.0] [cxt 0] Deparser 'deparser': end
[09:14:36.752] [bmv2] [D] [thread 103384] [90.0] [cxt 0] Transmitting packet of size 336 out of port 1
[09:14:37.606] [bmv2] [D] [thread 103379] [91.0] [cxt 0] Processing packet received on port 2
[09:14:37.606] [bmv2] [D] [thread 103379] [91.0] [cxt 0] Parser 'parser': start
[09:14:37.606] [bmv2] [D] [thread 103379] [91.0] [cxt 0] Parser 'parser' entering state 'start'
[09:14:37.606] [bmv2] [D] [thread 103379] [91.0] [cxt 0] Extracting header 'ethernet'
[09:14:37.606] [bmv2] [D] [thread 103379] [91.0] [cxt 0] Parser state 'start': key is 86dd
[09:14:37.606] [bmv2] [T] [thread 103379] [91.0] [cxt 0] Bytes parsed: 14
[09:14:37.606] [bmv2] [D] [thread 103379] [91.0] [cxt 0] Parser 'parser': end
[09:14:37.606] [bmv2] [D] [thread 103379] [91.0] [cxt 0] Pipeline 'ingress': start
[09:14:37.606] [bmv2] [T] [thread 103379] [91.0] [cxt 0] switch.p4(116) Condition "hdr.ipv4.isValid()" (node_2) is false
[09:14:37.606] [bmv2] [D] [thread 103379] [91.0] [cxt 0] Pipeline 'ingress': end
[09:14:37.612] [bmv2] [D] [thread 103379] [91.0] [cxt 0] Egress port is 0
[09:14:37.612] [bmv2] [D] [thread 103380] [91.0] [cxt 0] Pipeline 'egress': start
[09:14:37.612] [bmv2] [D] [thread 103380] [91.0] [cxt 0] Pipeline 'egress': end
[09:14:37.612] [bmv2] [D] [thread 103380] [91.0] [cxt 0] Deparser 'deparser': start
[09:14:37.612] [bmv2] [T] [thread 103380] [91.0] [cxt 0] Skipping checksum 'cksum' update because condition not met
[09:14:37.612] [bmv2] [D] [thread 103380] [91.0] [cxt 0] Deparsing header 'ethernet'
[09:14:37.612] [bmv2] [D] [thread 103380] [91.0] [cxt 0] Deparser 'deparser': end
[09:14:37.612] [bmv2] [D] [thread 103384] [91.0] [cxt 0] Transmitting packet of size 203 out of port 0
[09:14:37.677] [bmv2] [D] [thread 103379] [92.0] [cxt 0] Processing packet received on port 2
[09:14:37.677] [bmv2] [D] [thread 103379] [92.0] [cxt 0] Parser 'parser': start
[09:14:37.677] [bmv2] [D] [thread 103379] [92.0] [cxt 0] Parser 'parser' entering state 'start'
[09:14:37.677] [bmv2] [D] [thread 103379] [92.0] [cxt 0] Extracting header 'ethernet'
[09:14:37.677] [bmv2] [D] [thread 103379] [92.0] [cxt 0] Parser state 'start': key is 0800
[09:14:37.677] [bmv2] [T] [thread 103379] [92.0] [cxt 0] Bytes parsed: 14
[09:14:37.677] [bmv2] [D] [thread 103379] [92.0] [cxt 0] Parser 'parser' entering state 'parse_ipv4'
[09:14:37.677] [bmv2] [D] [thread 103379] [92.0] [cxt 0] Extracting header 'ipv4'
[09:14:37.677] [bmv2] [D] [thread 103379] [92.0] [cxt 0] Parser state 'parse_ipv4' has no switch, going to default next state
[09:14:37.677] [bmv2] [T] [thread 103379] [92.0] [cxt 0] Bytes parsed: 34
[09:14:37.677] [bmv2] [D] [thread 103379] [92.0] [cxt 0] Parser 'parser': end
[09:14:37.677] [bmv2] [D] [thread 103379] [92.0] [cxt 0] Pipeline 'ingress': start
[09:14:37.677] [bmv2] [T] [thread 103379] [92.0] [cxt 0] switch.p4(116) Condition "hdr.ipv4.isValid()" (node_2) is true
[09:14:37.677] [bmv2] [T] [thread 103379] [92.0] [cxt 0] Applying table 'MyIngress.ipv4_lpm'
[09:14:37.677] [bmv2] [D] [thread 103379] [92.0] [cxt 0] Looking up key:
* hdr.ipv4.dstAddr    : 0a000202

[09:14:37.677] [bmv2] [D] [thread 103379] [92.0] [cxt 0] Table 'MyIngress.ipv4_lpm': hit with handle 1
[09:14:37.677] [bmv2] [D] [thread 103379] [92.0] [cxt 0] Dumping entry 1
Match key:
* hdr.ipv4.dstAddr    : LPM       0a000202/32
Action entry: MyIngress.ipv4_forward - 80000000222,1,

[09:14:37.677] [bmv2] [D] [thread 103379] [92.0] [cxt 0] Action entry is MyIngress.ipv4_forward - 80000000222,1,
[09:14:37.677] [bmv2] [T] [thread 103379] [92.0] [cxt 0] Action MyIngress.ipv4_forward
[09:14:37.677] [bmv2] [T] [thread 103379] [92.0] [cxt 0] switch.p4(96) Primitive standard_metadata.egress_spec = port
[09:14:37.677] [bmv2] [T] [thread 103379] [92.0] [cxt 0] switch.p4(97) Primitive hdr.ethernet.srcAddr = hdr.ethernet.dstAddr
[09:14:37.677] [bmv2] [T] [thread 103379] [92.0] [cxt 0] switch.p4(98) Primitive hdr.ethernet.dstAddr = dstAddr
[09:14:37.677] [bmv2] [T] [thread 103379] [92.0] [cxt 0] switch.p4(99) Primitive hdr.ipv4.ttl = hdr.ipv4.ttl - 1
[09:14:37.677] [bmv2] [D] [thread 103379] [92.0] [cxt 0] Pipeline 'ingress': end
[09:14:37.677] [bmv2] [D] [thread 103379] [92.0] [cxt 0] Egress port is 1
[09:14:37.677] [bmv2] [D] [thread 103381] [92.0] [cxt 0] Pipeline 'egress': start
[09:14:37.677] [bmv2] [D] [thread 103381] [92.0] [cxt 0] Pipeline 'egress': end
[09:14:37.677] [bmv2] [D] [thread 103381] [92.0] [cxt 0] Deparser 'deparser': start
[09:14:37.677] [bmv2] [D] [thread 103381] [92.0] [cxt 0] Updating checksum 'cksum'
[09:14:37.677] [bmv2] [D] [thread 103381] [92.0] [cxt 0] Deparsing header 'ethernet'
[09:14:37.677] [bmv2] [D] [thread 103381] [92.0] [cxt 0] Deparsing header 'ipv4'
[09:14:37.677] [bmv2] [D] [thread 103381] [92.0] [cxt 0] Deparser 'deparser': end
[09:14:37.677] [bmv2] [D] [thread 103384] [92.0] [cxt 0] Transmitting packet of size 48 out of port 1
[09:14:37.677] [bmv2] [D] [thread 103379] [93.0] [cxt 0] Processing packet received on port 1
[09:14:37.677] [bmv2] [D] [thread 103379] [93.0] [cxt 0] Parser 'parser': start
[09:14:37.677] [bmv2] [D] [thread 103379] [93.0] [cxt 0] Parser 'parser' entering state 'start'
[09:14:37.677] [bmv2] [D] [thread 103379] [93.0] [cxt 0] Extracting header 'ethernet'
[09:14:37.677] [bmv2] [D] [thread 103379] [93.0] [cxt 0] Parser state 'start': key is 0800
[09:14:37.677] [bmv2] [T] [thread 103379] [93.0] [cxt 0] Bytes parsed: 14
[09:14:37.677] [bmv2] [D] [thread 103379] [93.0] [cxt 0] Parser 'parser' entering state 'parse_ipv4'
[09:14:37.677] [bmv2] [D] [thread 103379] [93.0] [cxt 0] Extracting header 'ipv4'
[09:14:37.677] [bmv2] [D] [thread 103379] [93.0] [cxt 0] Parser state 'parse_ipv4' has no switch, going to default next state
[09:14:37.677] [bmv2] [T] [thread 103379] [93.0] [cxt 0] Bytes parsed: 34
[09:14:37.677] [bmv2] [D] [thread 103379] [93.0] [cxt 0] Parser 'parser': end
[09:14:37.677] [bmv2] [D] [thread 103379] [93.0] [cxt 0] Pipeline 'ingress': start
[09:14:37.677] [bmv2] [T] [thread 103379] [93.0] [cxt 0] switch.p4(116) Condition "hdr.ipv4.isValid()" (node_2) is true
[09:14:37.677] [bmv2] [T] [thread 103379] [93.0] [cxt 0] Applying table 'MyIngress.ipv4_lpm'
[09:14:37.677] [bmv2] [D] [thread 103379] [93.0] [cxt 0] Looking up key:
* hdr.ipv4.dstAddr    : 0a000101

[09:14:37.677] [bmv2] [D] [thread 103379] [93.0] [cxt 0] Table 'MyIngress.ipv4_lpm': hit with handle 0
[09:14:37.677] [bmv2] [D] [thread 103379] [93.0] [cxt 0] Dumping entry 0
Match key:
* hdr.ipv4.dstAddr    : LPM       0a000101/32
Action entry: MyIngress.ipv4_forward - 80000000200,2,

[09:14:37.677] [bmv2] [D] [thread 103379] [93.0] [cxt 0] Action entry is MyIngress.ipv4_forward - 80000000200,2,
[09:14:37.677] [bmv2] [T] [thread 103379] [93.0] [cxt 0] Action MyIngress.ipv4_forward
[09:14:37.677] [bmv2] [T] [thread 103379] [93.0] [cxt 0] switch.p4(96) Primitive standard_metadata.egress_spec = port
[09:14:37.677] [bmv2] [T] [thread 103379] [93.0] [cxt 0] switch.p4(97) Primitive hdr.ethernet.srcAddr = hdr.ethernet.dstAddr
[09:14:37.677] [bmv2] [T] [thread 103379] [93.0] [cxt 0] switch.p4(98) Primitive hdr.ethernet.dstAddr = dstAddr
[09:14:37.677] [bmv2] [T] [thread 103379] [93.0] [cxt 0] switch.p4(99) Primitive hdr.ipv4.ttl = hdr.ipv4.ttl - 1
[09:14:37.677] [bmv2] [D] [thread 103379] [93.0] [cxt 0] Pipeline 'ingress': end
[09:14:37.677] [bmv2] [D] [thread 103379] [93.0] [cxt 0] Egress port is 2
[09:14:37.677] [bmv2] [D] [thread 103382] [93.0] [cxt 0] Pipeline 'egress': start
[09:14:37.677] [bmv2] [D] [thread 103382] [93.0] [cxt 0] Pipeline 'egress': end
[09:14:37.677] [bmv2] [D] [thread 103382] [93.0] [cxt 0] Deparser 'deparser': start
[09:14:37.677] [bmv2] [D] [thread 103382] [93.0] [cxt 0] Updating checksum 'cksum'
[09:14:37.677] [bmv2] [D] [thread 103382] [93.0] [cxt 0] Deparsing header 'ethernet'
[09:14:37.677] [bmv2] [D] [thread 103382] [93.0] [cxt 0] Deparsing header 'ipv4'
[09:14:37.677] [bmv2] [D] [thread 103382] [93.0] [cxt 0] Deparser 'deparser': end
[09:14:37.677] [bmv2] [D] [thread 103384] [93.0] [cxt 0] Transmitting packet of size 76 out of port 2
[09:14:37.687] [bmv2] [D] [thread 103379] [94.0] [cxt 0] Processing packet received on port 1
[09:14:37.687] [bmv2] [D] [thread 103379] [94.0] [cxt 0] Parser 'parser': start
[09:14:37.687] [bmv2] [D] [thread 103379] [94.0] [cxt 0] Parser 'parser' entering state 'start'
[09:14:37.687] [bmv2] [D] [thread 103379] [94.0] [cxt 0] Extracting header 'ethernet'
[09:14:37.687] [bmv2] [D] [thread 103379] [94.0] [cxt 0] Parser state 'start': key is 0800
[09:14:37.687] [bmv2] [T] [thread 103379] [94.0] [cxt 0] Bytes parsed: 14
[09:14:37.687] [bmv2] [D] [thread 103379] [94.0] [cxt 0] Parser 'parser' entering state 'parse_ipv4'
[09:14:37.687] [bmv2] [D] [thread 103379] [94.0] [cxt 0] Extracting header 'ipv4'
[09:14:37.687] [bmv2] [D] [thread 103379] [94.0] [cxt 0] Parser state 'parse_ipv4' has no switch, going to default next state
[09:14:37.687] [bmv2] [T] [thread 103379] [94.0] [cxt 0] Bytes parsed: 34
[09:14:37.687] [bmv2] [D] [thread 103379] [94.0] [cxt 0] Parser 'parser': end
[09:14:37.687] [bmv2] [D] [thread 103379] [94.0] [cxt 0] Pipeline 'ingress': start
[09:14:37.687] [bmv2] [T] [thread 103379] [94.0] [cxt 0] switch.p4(116) Condition "hdr.ipv4.isValid()" (node_2) is true
[09:14:37.687] [bmv2] [T] [thread 103379] [94.0] [cxt 0] Applying table 'MyIngress.ipv4_lpm'
[09:14:37.687] [bmv2] [D] [thread 103379] [94.0] [cxt 0] Looking up key:
* hdr.ipv4.dstAddr    : 0a000101

[09:14:37.687] [bmv2] [D] [thread 103379] [94.0] [cxt 0] Table 'MyIngress.ipv4_lpm': hit with handle 0
[09:14:37.687] [bmv2] [D] [thread 103379] [94.0] [cxt 0] Dumping entry 0
Match key:
* hdr.ipv4.dstAddr    : LPM       0a000101/32
Action entry: MyIngress.ipv4_forward - 80000000200,2,

[09:14:37.687] [bmv2] [D] [thread 103379] [94.0] [cxt 0] Action entry is MyIngress.ipv4_forward - 80000000200,2,
[09:14:37.687] [bmv2] [T] [thread 103379] [94.0] [cxt 0] Action MyIngress.ipv4_forward
[09:14:37.687] [bmv2] [T] [thread 103379] [94.0] [cxt 0] switch.p4(96) Primitive standard_metadata.egress_spec = port
[09:14:37.687] [bmv2] [T] [thread 103379] [94.0] [cxt 0] switch.p4(97) Primitive hdr.ethernet.srcAddr = hdr.ethernet.dstAddr
[09:14:37.687] [bmv2] [T] [thread 103379] [94.0] [cxt 0] switch.p4(98) Primitive hdr.ethernet.dstAddr = dstAddr
[09:14:37.687] [bmv2] [T] [thread 103379] [94.0] [cxt 0] switch.p4(99) Primitive hdr.ipv4.ttl = hdr.ipv4.ttl - 1
[09:14:37.687] [bmv2] [D] [thread 103379] [94.0] [cxt 0] Pipeline 'ingress': end
[09:14:37.687] [bmv2] [D] [thread 103379] [94.0] [cxt 0] Egress port is 2
[09:14:37.687] [bmv2] [D] [thread 103382] [94.0] [cxt 0] Pipeline 'egress': start
[09:14:37.687] [bmv2] [D] [thread 103382] [94.0] [cxt 0] Pipeline 'egress': end
[09:14:37.687] [bmv2] [D] [thread 103382] [94.0] [cxt 0] Deparser 'deparser': start
[09:14:37.687] [bmv2] [D] [thread 103382] [94.0] [cxt 0] Updating checksum 'cksum'
[09:14:37.687] [bmv2] [D] [thread 103382] [94.0] [cxt 0] Deparsing header 'ethernet'
[09:14:37.687] [bmv2] [D] [thread 103382] [94.0] [cxt 0] Deparsing header 'ipv4'
[09:14:37.687] [bmv2] [D] [thread 103382] [94.0] [cxt 0] Deparser 'deparser': end
[09:14:37.687] [bmv2] [D] [thread 103384] [94.0] [cxt 0] Transmitting packet of size 308 out of port 2
[09:14:37.693] [bmv2] [D] [thread 103379] [95.0] [cxt 0] Processing packet received on port 2
[09:14:37.693] [bmv2] [D] [thread 103379] [95.0] [cxt 0] Parser 'parser': start
[09:14:37.693] [bmv2] [D] [thread 103379] [95.0] [cxt 0] Parser 'parser' entering state 'start'
[09:14:37.693] [bmv2] [D] [thread 103379] [95.0] [cxt 0] Extracting header 'ethernet'
[09:14:37.693] [bmv2] [D] [thread 103379] [95.0] [cxt 0] Parser state 'start': key is 0800
[09:14:37.698] [bmv2] [T] [thread 103379] [95.0] [cxt 0] Bytes parsed: 14
[09:14:37.698] [bmv2] [D] [thread 103379] [95.0] [cxt 0] Parser 'parser' entering state 'parse_ipv4'
[09:14:37.698] [bmv2] [D] [thread 103379] [95.0] [cxt 0] Extracting header 'ipv4'
[09:14:37.698] [bmv2] [D] [thread 103379] [95.0] [cxt 0] Parser state 'parse_ipv4' has no switch, going to default next state
[09:14:37.698] [bmv2] [T] [thread 103379] [95.0] [cxt 0] Bytes parsed: 34
[09:14:37.698] [bmv2] [D] [thread 103379] [95.0] [cxt 0] Parser 'parser': end
[09:14:37.698] [bmv2] [D] [thread 103379] [95.0] [cxt 0] Pipeline 'ingress': start
[09:14:37.698] [bmv2] [T] [thread 103379] [95.0] [cxt 0] switch.p4(116) Condition "hdr.ipv4.isValid()" (node_2) is true
[09:14:37.698] [bmv2] [T] [thread 103379] [95.0] [cxt 0] Applying table 'MyIngress.ipv4_lpm'
[09:14:37.698] [bmv2] [D] [thread 103379] [95.0] [cxt 0] Looking up key:
* hdr.ipv4.dstAddr    : 0a000202

[09:14:37.698] [bmv2] [D] [thread 103379] [95.0] [cxt 0] Table 'MyIngress.ipv4_lpm': hit with handle 1
[09:14:37.698] [bmv2] [D] [thread 103379] [95.0] [cxt 0] Dumping entry 1
Match key:
* hdr.ipv4.dstAddr    : LPM       0a000202/32
Action entry: MyIngress.ipv4_forward - 80000000222,1,

[09:14:37.698] [bmv2] [D] [thread 103379] [95.0] [cxt 0] Action entry is MyIngress.ipv4_forward - 80000000222,1,
[09:14:37.698] [bmv2] [T] [thread 103379] [95.0] [cxt 0] Action MyIngress.ipv4_forward
[09:14:37.698] [bmv2] [T] [thread 103379] [95.0] [cxt 0] switch.p4(96) Primitive standard_metadata.egress_spec = port
[09:14:37.698] [bmv2] [T] [thread 103379] [95.0] [cxt 0] switch.p4(97) Primitive hdr.ethernet.srcAddr = hdr.ethernet.dstAddr
[09:14:37.698] [bmv2] [T] [thread 103379] [95.0] [cxt 0] switch.p4(98) Primitive hdr.ethernet.dstAddr = dstAddr
[09:14:37.698] [bmv2] [T] [thread 103379] [95.0] [cxt 0] switch.p4(99) Primitive hdr.ipv4.ttl = hdr.ipv4.ttl - 1
[09:14:37.698] [bmv2] [D] [thread 103379] [95.0] [cxt 0] Pipeline 'ingress': end
[09:14:37.698] [bmv2] [D] [thread 103379] [95.0] [cxt 0] Egress port is 1
[09:14:37.698] [bmv2] [D] [thread 103381] [95.0] [cxt 0] Pipeline 'egress': start
[09:14:37.698] [bmv2] [D] [thread 103381] [95.0] [cxt 0] Pipeline 'egress': end
[09:14:37.698] [bmv2] [D] [thread 103381] [95.0] [cxt 0] Deparser 'deparser': start
[09:14:37.698] [bmv2] [D] [thread 103381] [95.0] [cxt 0] Updating checksum 'cksum'
[09:14:37.698] [bmv2] [D] [thread 103381] [95.0] [cxt 0] Deparsing header 'ethernet'
[09:14:37.698] [bmv2] [D] [thread 103381] [95.0] [cxt 0] Deparsing header 'ipv4'
[09:14:37.698] [bmv2] [D] [thread 103381] [95.0] [cxt 0] Deparser 'deparser': end
[09:14:37.698] [bmv2] [D] [thread 103384] [95.0] [cxt 0] Transmitting packet of size 336 out of port 1
[09:14:37.852] [bmv2] [D] [thread 103379] [96.0] [cxt 0] Processing packet received on port 2
[09:14:37.853] [bmv2] [D] [thread 103379] [96.0] [cxt 0] Parser 'parser': start
[09:14:37.853] [bmv2] [D] [thread 103379] [96.0] [cxt 0] Parser 'parser' entering state 'start'
[09:14:37.853] [bmv2] [D] [thread 103379] [96.0] [cxt 0] Extracting header 'ethernet'
[09:14:37.853] [bmv2] [D] [thread 103379] [96.0] [cxt 0] Parser state 'start': key is 86dd
[09:14:37.853] [bmv2] [T] [thread 103379] [96.0] [cxt 0] Bytes parsed: 14
[09:14:37.853] [bmv2] [D] [thread 103379] [96.0] [cxt 0] Parser 'parser': end
[09:14:37.853] [bmv2] [D] [thread 103379] [96.0] [cxt 0] Pipeline 'ingress': start
[09:14:37.853] [bmv2] [T] [thread 103379] [96.0] [cxt 0] switch.p4(116) Condition "hdr.ipv4.isValid()" (node_2) is false
[09:14:37.853] [bmv2] [D] [thread 103379] [96.0] [cxt 0] Pipeline 'ingress': end
[09:14:37.853] [bmv2] [D] [thread 103379] [96.0] [cxt 0] Egress port is 0
[09:14:37.853] [bmv2] [D] [thread 103380] [96.0] [cxt 0] Pipeline 'egress': start
[09:14:37.853] [bmv2] [D] [thread 103380] [96.0] [cxt 0] Pipeline 'egress': end
[09:14:37.853] [bmv2] [D] [thread 103380] [96.0] [cxt 0] Deparser 'deparser': start
[09:14:37.853] [bmv2] [T] [thread 103380] [96.0] [cxt 0] Skipping checksum 'cksum' update because condition not met
[09:14:37.853] [bmv2] [D] [thread 103380] [96.0] [cxt 0] Deparsing header 'ethernet'
[09:14:37.853] [bmv2] [D] [thread 103380] [96.0] [cxt 0] Deparser 'deparser': end
[09:14:37.853] [bmv2] [D] [thread 103384] [96.0] [cxt 0] Transmitting packet of size 203 out of port 0
[09:14:38.167] [bmv2] [D] [thread 103379] [97.0] [cxt 0] Processing packet received on port 1
[09:14:38.170] [bmv2] [D] [thread 103379] [97.0] [cxt 0] Parser 'parser': start
[09:14:38.170] [bmv2] [D] [thread 103379] [97.0] [cxt 0] Parser 'parser' entering state 'start'
[09:14:38.170] [bmv2] [D] [thread 103379] [97.0] [cxt 0] Extracting header 'ethernet'
[09:14:38.170] [bmv2] [D] [thread 103379] [97.0] [cxt 0] Parser state 'start': key is 86dd
[09:14:38.170] [bmv2] [T] [thread 103379] [97.0] [cxt 0] Bytes parsed: 14
[09:14:38.170] [bmv2] [D] [thread 103379] [97.0] [cxt 0] Parser 'parser': end
[09:14:38.170] [bmv2] [D] [thread 103379] [97.0] [cxt 0] Pipeline 'ingress': start
[09:14:38.170] [bmv2] [T] [thread 103379] [97.0] [cxt 0] switch.p4(116) Condition "hdr.ipv4.isValid()" (node_2) is false
[09:14:38.170] [bmv2] [D] [thread 103379] [97.0] [cxt 0] Pipeline 'ingress': end
[09:14:38.170] [bmv2] [D] [thread 103379] [97.0] [cxt 0] Egress port is 0
[09:14:38.170] [bmv2] [D] [thread 103380] [97.0] [cxt 0] Pipeline 'egress': start
[09:14:38.170] [bmv2] [D] [thread 103380] [97.0] [cxt 0] Pipeline 'egress': end
[09:14:38.171] [bmv2] [D] [thread 103380] [97.0] [cxt 0] Deparser 'deparser': start
[09:14:38.171] [bmv2] [T] [thread 103380] [97.0] [cxt 0] Skipping checksum 'cksum' update because condition not met
[09:14:38.171] [bmv2] [D] [thread 103380] [97.0] [cxt 0] Deparsing header 'ethernet'
[09:14:38.171] [bmv2] [D] [thread 103380] [97.0] [cxt 0] Deparser 'deparser': end
[09:14:38.171] [bmv2] [D] [thread 103384] [97.0] [cxt 0] Transmitting packet of size 203 out of port 0
[09:14:38.694] [bmv2] [D] [thread 103379] [98.0] [cxt 0] Processing packet received on port 2
[09:14:38.694] [bmv2] [D] [thread 103379] [98.0] [cxt 0] Parser 'parser': start
[09:14:38.694] [bmv2] [D] [thread 103379] [98.0] [cxt 0] Parser 'parser' entering state 'start'
[09:14:38.694] [bmv2] [D] [thread 103379] [98.0] [cxt 0] Extracting header 'ethernet'
[09:14:38.694] [bmv2] [D] [thread 103379] [98.0] [cxt 0] Parser state 'start': key is 0800
[09:14:38.694] [bmv2] [T] [thread 103379] [98.0] [cxt 0] Bytes parsed: 14
[09:14:38.694] [bmv2] [D] [thread 103379] [98.0] [cxt 0] Parser 'parser' entering state 'parse_ipv4'
[09:14:38.694] [bmv2] [D] [thread 103379] [98.0] [cxt 0] Extracting header 'ipv4'
[09:14:38.694] [bmv2] [D] [thread 103379] [98.0] [cxt 0] Parser state 'parse_ipv4' has no switch, going to default next state
[09:14:38.694] [bmv2] [T] [thread 103379] [98.0] [cxt 0] Bytes parsed: 34
[09:14:38.694] [bmv2] [D] [thread 103379] [98.0] [cxt 0] Parser 'parser': end
[09:14:38.694] [bmv2] [D] [thread 103379] [98.0] [cxt 0] Pipeline 'ingress': start
[09:14:38.694] [bmv2] [T] [thread 103379] [98.0] [cxt 0] switch.p4(116) Condition "hdr.ipv4.isValid()" (node_2) is true
[09:14:38.694] [bmv2] [T] [thread 103379] [98.0] [cxt 0] Applying table 'MyIngress.ipv4_lpm'
[09:14:38.694] [bmv2] [D] [thread 103379] [98.0] [cxt 0] Looking up key:
* hdr.ipv4.dstAddr    : 0a000202

[09:14:38.694] [bmv2] [D] [thread 103379] [98.0] [cxt 0] Table 'MyIngress.ipv4_lpm': hit with handle 1
[09:14:38.694] [bmv2] [D] [thread 103379] [98.0] [cxt 0] Dumping entry 1
Match key:
* hdr.ipv4.dstAddr    : LPM       0a000202/32
Action entry: MyIngress.ipv4_forward - 80000000222,1,

[09:14:38.694] [bmv2] [D] [thread 103379] [98.0] [cxt 0] Action entry is MyIngress.ipv4_forward - 80000000222,1,
[09:14:38.694] [bmv2] [T] [thread 103379] [98.0] [cxt 0] Action MyIngress.ipv4_forward
[09:14:38.694] [bmv2] [T] [thread 103379] [98.0] [cxt 0] switch.p4(96) Primitive standard_metadata.egress_spec = port
[09:14:38.694] [bmv2] [T] [thread 103379] [98.0] [cxt 0] switch.p4(97) Primitive hdr.ethernet.srcAddr = hdr.ethernet.dstAddr
[09:14:38.694] [bmv2] [T] [thread 103379] [98.0] [cxt 0] switch.p4(98) Primitive hdr.ethernet.dstAddr = dstAddr
[09:14:38.694] [bmv2] [T] [thread 103379] [98.0] [cxt 0] switch.p4(99) Primitive hdr.ipv4.ttl = hdr.ipv4.ttl - 1
[09:14:38.694] [bmv2] [D] [thread 103379] [98.0] [cxt 0] Pipeline 'ingress': end
[09:14:38.694] [bmv2] [D] [thread 103379] [98.0] [cxt 0] Egress port is 1
[09:14:38.697] [bmv2] [D] [thread 103381] [98.0] [cxt 0] Pipeline 'egress': start
[09:14:38.698] [bmv2] [D] [thread 103381] [98.0] [cxt 0] Pipeline 'egress': end
[09:14:38.698] [bmv2] [D] [thread 103381] [98.0] [cxt 0] Deparser 'deparser': start
[09:14:38.698] [bmv2] [D] [thread 103381] [98.0] [cxt 0] Updating checksum 'cksum'
[09:14:38.698] [bmv2] [D] [thread 103381] [98.0] [cxt 0] Deparsing header 'ethernet'
[09:14:38.698] [bmv2] [D] [thread 103381] [98.0] [cxt 0] Deparsing header 'ipv4'
[09:14:38.698] [bmv2] [D] [thread 103381] [98.0] [cxt 0] Deparser 'deparser': end
[09:14:38.698] [bmv2] [D] [thread 103384] [98.0] [cxt 0] Transmitting packet of size 48 out of port 1
[09:14:38.707] [bmv2] [D] [thread 103379] [99.0] [cxt 0] Processing packet received on port 1
[09:14:38.707] [bmv2] [D] [thread 103379] [99.0] [cxt 0] Parser 'parser': start
[09:14:38.707] [bmv2] [D] [thread 103379] [99.0] [cxt 0] Parser 'parser' entering state 'start'
[09:14:38.707] [bmv2] [D] [thread 103379] [99.0] [cxt 0] Extracting header 'ethernet'
[09:14:38.707] [bmv2] [D] [thread 103379] [99.0] [cxt 0] Parser state 'start': key is 0800
[09:14:38.707] [bmv2] [T] [thread 103379] [99.0] [cxt 0] Bytes parsed: 14
[09:14:38.707] [bmv2] [D] [thread 103379] [99.0] [cxt 0] Parser 'parser' entering state 'parse_ipv4'
[09:14:38.707] [bmv2] [D] [thread 103379] [99.0] [cxt 0] Extracting header 'ipv4'
[09:14:38.707] [bmv2] [D] [thread 103379] [99.0] [cxt 0] Parser state 'parse_ipv4' has no switch, going to default next state
[09:14:38.707] [bmv2] [T] [thread 103379] [99.0] [cxt 0] Bytes parsed: 34
[09:14:38.707] [bmv2] [D] [thread 103379] [99.0] [cxt 0] Parser 'parser': end
[09:14:38.707] [bmv2] [D] [thread 103379] [99.0] [cxt 0] Pipeline 'ingress': start
[09:14:38.707] [bmv2] [T] [thread 103379] [99.0] [cxt 0] switch.p4(116) Condition "hdr.ipv4.isValid()" (node_2) is true
[09:14:38.707] [bmv2] [T] [thread 103379] [99.0] [cxt 0] Applying table 'MyIngress.ipv4_lpm'
[09:14:38.707] [bmv2] [D] [thread 103379] [99.0] [cxt 0] Looking up key:
* hdr.ipv4.dstAddr    : 0a000101

[09:14:38.707] [bmv2] [D] [thread 103379] [99.0] [cxt 0] Table 'MyIngress.ipv4_lpm': hit with handle 0
[09:14:38.707] [bmv2] [D] [thread 103379] [99.0] [cxt 0] Dumping entry 0
Match key:
* hdr.ipv4.dstAddr    : LPM       0a000101/32
Action entry: MyIngress.ipv4_forward - 80000000200,2,

[09:14:38.707] [bmv2] [D] [thread 103379] [99.0] [cxt 0] Action entry is MyIngress.ipv4_forward - 80000000200,2,
[09:14:38.707] [bmv2] [T] [thread 103379] [99.0] [cxt 0] Action MyIngress.ipv4_forward
[09:14:38.707] [bmv2] [T] [thread 103379] [99.0] [cxt 0] switch.p4(96) Primitive standard_metadata.egress_spec = port
[09:14:38.707] [bmv2] [T] [thread 103379] [99.0] [cxt 0] switch.p4(97) Primitive hdr.ethernet.srcAddr = hdr.ethernet.dstAddr
[09:14:38.707] [bmv2] [T] [thread 103379] [99.0] [cxt 0] switch.p4(98) Primitive hdr.ethernet.dstAddr = dstAddr
[09:14:38.707] [bmv2] [T] [thread 103379] [99.0] [cxt 0] switch.p4(99) Primitive hdr.ipv4.ttl = hdr.ipv4.ttl - 1
[09:14:38.707] [bmv2] [D] [thread 103379] [99.0] [cxt 0] Pipeline 'ingress': end
[09:14:38.707] [bmv2] [D] [thread 103379] [99.0] [cxt 0] Egress port is 2
[09:14:38.707] [bmv2] [D] [thread 103382] [99.0] [cxt 0] Pipeline 'egress': start
[09:14:38.707] [bmv2] [D] [thread 103382] [99.0] [cxt 0] Pipeline 'egress': end
[09:14:38.707] [bmv2] [D] [thread 103382] [99.0] [cxt 0] Deparser 'deparser': start
[09:14:38.707] [bmv2] [D] [thread 103382] [99.0] [cxt 0] Updating checksum 'cksum'
[09:14:38.707] [bmv2] [D] [thread 103382] [99.0] [cxt 0] Deparsing header 'ethernet'
[09:14:38.707] [bmv2] [D] [thread 103382] [99.0] [cxt 0] Deparsing header 'ipv4'
[09:14:38.707] [bmv2] [D] [thread 103382] [99.0] [cxt 0] Deparser 'deparser': end
[09:14:38.707] [bmv2] [D] [thread 103384] [99.0] [cxt 0] Transmitting packet of size 76 out of port 2
[09:14:38.746] [bmv2] [D] [thread 103379] [100.0] [cxt 0] Processing packet received on port 1
[09:14:38.746] [bmv2] [D] [thread 103379] [100.0] [cxt 0] Parser 'parser': start
[09:14:38.746] [bmv2] [D] [thread 103379] [100.0] [cxt 0] Parser 'parser' entering state 'start'
[09:14:38.746] [bmv2] [D] [thread 103379] [100.0] [cxt 0] Extracting header 'ethernet'
[09:14:38.746] [bmv2] [D] [thread 103379] [100.0] [cxt 0] Parser state 'start': key is 0800
[09:14:38.746] [bmv2] [T] [thread 103379] [100.0] [cxt 0] Bytes parsed: 14
[09:14:38.746] [bmv2] [D] [thread 103379] [100.0] [cxt 0] Parser 'parser' entering state 'parse_ipv4'
[09:14:38.746] [bmv2] [D] [thread 103379] [100.0] [cxt 0] Extracting header 'ipv4'
[09:14:38.746] [bmv2] [D] [thread 103379] [100.0] [cxt 0] Parser state 'parse_ipv4' has no switch, going to default next state
[09:14:38.746] [bmv2] [T] [thread 103379] [100.0] [cxt 0] Bytes parsed: 34
[09:14:38.746] [bmv2] [D] [thread 103379] [100.0] [cxt 0] Parser 'parser': end
[09:14:38.746] [bmv2] [D] [thread 103379] [100.0] [cxt 0] Pipeline 'ingress': start
[09:14:38.746] [bmv2] [T] [thread 103379] [100.0] [cxt 0] switch.p4(116) Condition "hdr.ipv4.isValid()" (node_2) is true
[09:14:38.746] [bmv2] [T] [thread 103379] [100.0] [cxt 0] Applying table 'MyIngress.ipv4_lpm'
[09:14:38.746] [bmv2] [D] [thread 103379] [100.0] [cxt 0] Looking up key:
* hdr.ipv4.dstAddr    : 0a000101

[09:14:38.746] [bmv2] [D] [thread 103379] [100.0] [cxt 0] Table 'MyIngress.ipv4_lpm': hit with handle 0
[09:14:38.746] [bmv2] [D] [thread 103379] [100.0] [cxt 0] Dumping entry 0
Match key:
* hdr.ipv4.dstAddr    : LPM       0a000101/32
Action entry: MyIngress.ipv4_forward - 80000000200,2,

[09:14:38.746] [bmv2] [D] [thread 103379] [100.0] [cxt 0] Action entry is MyIngress.ipv4_forward - 80000000200,2,
[09:14:38.746] [bmv2] [T] [thread 103379] [100.0] [cxt 0] Action MyIngress.ipv4_forward
[09:14:38.746] [bmv2] [T] [thread 103379] [100.0] [cxt 0] switch.p4(96) Primitive standard_metadata.egress_spec = port
[09:14:38.746] [bmv2] [T] [thread 103379] [100.0] [cxt 0] switch.p4(97) Primitive hdr.ethernet.srcAddr = hdr.ethernet.dstAddr
[09:14:38.746] [bmv2] [T] [thread 103379] [100.0] [cxt 0] switch.p4(98) Primitive hdr.ethernet.dstAddr = dstAddr
[09:14:38.746] [bmv2] [T] [thread 103379] [100.0] [cxt 0] switch.p4(99) Primitive hdr.ipv4.ttl = hdr.ipv4.ttl - 1
[09:14:38.746] [bmv2] [D] [thread 103379] [100.0] [cxt 0] Pipeline 'ingress': end
[09:14:38.746] [bmv2] [D] [thread 103379] [100.0] [cxt 0] Egress port is 2
[09:14:38.746] [bmv2] [D] [thread 103382] [100.0] [cxt 0] Pipeline 'egress': start
[09:14:38.746] [bmv2] [D] [thread 103382] [100.0] [cxt 0] Pipeline 'egress': end
[09:14:38.746] [bmv2] [D] [thread 103382] [100.0] [cxt 0] Deparser 'deparser': start
[09:14:38.746] [bmv2] [D] [thread 103382] [100.0] [cxt 0] Updating checksum 'cksum'
[09:14:38.746] [bmv2] [D] [thread 103382] [100.0] [cxt 0] Deparsing header 'ethernet'
[09:14:38.746] [bmv2] [D] [thread 103382] [100.0] [cxt 0] Deparsing header 'ipv4'
[09:14:38.746] [bmv2] [D] [thread 103382] [100.0] [cxt 0] Deparser 'deparser': end
[09:14:38.747] [bmv2] [D] [thread 103384] [100.0] [cxt 0] Transmitting packet of size 308 out of port 2
[09:14:38.751] [bmv2] [D] [thread 103379] [101.0] [cxt 0] Processing packet received on port 2
[09:14:38.751] [bmv2] [D] [thread 103379] [101.0] [cxt 0] Parser 'parser': start
[09:14:38.751] [bmv2] [D] [thread 103379] [101.0] [cxt 0] Parser 'parser' entering state 'start'
[09:14:38.751] [bmv2] [D] [thread 103379] [101.0] [cxt 0] Extracting header 'ethernet'
[09:14:38.751] [bmv2] [D] [thread 103379] [101.0] [cxt 0] Parser state 'start': key is 0800
[09:14:38.751] [bmv2] [T] [thread 103379] [101.0] [cxt 0] Bytes parsed: 14
[09:14:38.751] [bmv2] [D] [thread 103379] [101.0] [cxt 0] Parser 'parser' entering state 'parse_ipv4'
[09:14:38.751] [bmv2] [D] [thread 103379] [101.0] [cxt 0] Extracting header 'ipv4'
[09:14:38.751] [bmv2] [D] [thread 103379] [101.0] [cxt 0] Parser state 'parse_ipv4' has no switch, going to default next state
[09:14:38.751] [bmv2] [T] [thread 103379] [101.0] [cxt 0] Bytes parsed: 34
[09:14:38.751] [bmv2] [D] [thread 103379] [101.0] [cxt 0] Parser 'parser': end
[09:14:38.751] [bmv2] [D] [thread 103379] [101.0] [cxt 0] Pipeline 'ingress': start
[09:14:38.751] [bmv2] [T] [thread 103379] [101.0] [cxt 0] switch.p4(116) Condition "hdr.ipv4.isValid()" (node_2) is true
[09:14:38.751] [bmv2] [T] [thread 103379] [101.0] [cxt 0] Applying table 'MyIngress.ipv4_lpm'
[09:14:38.751] [bmv2] [D] [thread 103379] [101.0] [cxt 0] Looking up key:
* hdr.ipv4.dstAddr    : 0a000202

[09:14:38.751] [bmv2] [D] [thread 103379] [101.0] [cxt 0] Table 'MyIngress.ipv4_lpm': hit with handle 1
[09:14:38.752] [bmv2] [D] [thread 103379] [101.0] [cxt 0] Dumping entry 1
Match key:
* hdr.ipv4.dstAddr    : LPM       0a000202/32
Action entry: MyIngress.ipv4_forward - 80000000222,1,

[09:14:38.752] [bmv2] [D] [thread 103379] [101.0] [cxt 0] Action entry is MyIngress.ipv4_forward - 80000000222,1,
[09:14:38.752] [bmv2] [T] [thread 103379] [101.0] [cxt 0] Action MyIngress.ipv4_forward
[09:14:38.752] [bmv2] [T] [thread 103379] [101.0] [cxt 0] switch.p4(96) Primitive standard_metadata.egress_spec = port
[09:14:38.752] [bmv2] [T] [thread 103379] [101.0] [cxt 0] switch.p4(97) Primitive hdr.ethernet.srcAddr = hdr.ethernet.dstAddr
[09:14:38.752] [bmv2] [T] [thread 103379] [101.0] [cxt 0] switch.p4(98) Primitive hdr.ethernet.dstAddr = dstAddr
[09:14:38.752] [bmv2] [T] [thread 103379] [101.0] [cxt 0] switch.p4(99) Primitive hdr.ipv4.ttl = hdr.ipv4.ttl - 1
[09:14:38.752] [bmv2] [D] [thread 103379] [101.0] [cxt 0] Pipeline 'ingress': end
[09:14:38.752] [bmv2] [D] [thread 103379] [101.0] [cxt 0] Egress port is 1
[09:14:38.753] [bmv2] [D] [thread 103381] [101.0] [cxt 0] Pipeline 'egress': start
[09:14:38.753] [bmv2] [D] [thread 103381] [101.0] [cxt 0] Pipeline 'egress': end
[09:14:38.753] [bmv2] [D] [thread 103381] [101.0] [cxt 0] Deparser 'deparser': start
[09:14:38.753] [bmv2] [D] [thread 103381] [101.0] [cxt 0] Updating checksum 'cksum'
[09:14:38.753] [bmv2] [D] [thread 103381] [101.0] [cxt 0] Deparsing header 'ethernet'
[09:14:38.753] [bmv2] [D] [thread 103381] [101.0] [cxt 0] Deparsing header 'ipv4'
[09:14:38.753] [bmv2] [D] [thread 103381] [101.0] [cxt 0] Deparser 'deparser': end
[09:14:38.753] [bmv2] [D] [thread 103384] [101.0] [cxt 0] Transmitting packet of size 336 out of port 1
[09:14:39.701] [bmv2] [D] [thread 103379] [102.0] [cxt 0] Processing packet received on port 2
[09:14:39.703] [bmv2] [D] [thread 103379] [102.0] [cxt 0] Parser 'parser': start
[09:14:39.703] [bmv2] [D] [thread 103379] [102.0] [cxt 0] Parser 'parser' entering state 'start'
[09:14:39.703] [bmv2] [D] [thread 103379] [102.0] [cxt 0] Extracting header 'ethernet'
[09:14:39.703] [bmv2] [D] [thread 103379] [102.0] [cxt 0] Parser state 'start': key is 0800
[09:14:39.703] [bmv2] [T] [thread 103379] [102.0] [cxt 0] Bytes parsed: 14
[09:14:39.703] [bmv2] [D] [thread 103379] [102.0] [cxt 0] Parser 'parser' entering state 'parse_ipv4'
[09:14:39.703] [bmv2] [D] [thread 103379] [102.0] [cxt 0] Extracting header 'ipv4'
[09:14:39.703] [bmv2] [D] [thread 103379] [102.0] [cxt 0] Parser state 'parse_ipv4' has no switch, going to default next state
[09:14:39.703] [bmv2] [T] [thread 103379] [102.0] [cxt 0] Bytes parsed: 34
[09:14:39.703] [bmv2] [D] [thread 103379] [102.0] [cxt 0] Parser 'parser': end
[09:14:39.703] [bmv2] [D] [thread 103379] [102.0] [cxt 0] Pipeline 'ingress': start
[09:14:39.703] [bmv2] [T] [thread 103379] [102.0] [cxt 0] switch.p4(116) Condition "hdr.ipv4.isValid()" (node_2) is true
[09:14:39.703] [bmv2] [T] [thread 103379] [102.0] [cxt 0] Applying table 'MyIngress.ipv4_lpm'
[09:14:39.703] [bmv2] [D] [thread 103379] [102.0] [cxt 0] Looking up key:
* hdr.ipv4.dstAddr    : 0a000202

[09:14:39.703] [bmv2] [D] [thread 103379] [102.0] [cxt 0] Table 'MyIngress.ipv4_lpm': hit with handle 1
[09:14:39.703] [bmv2] [D] [thread 103379] [102.0] [cxt 0] Dumping entry 1
Match key:
* hdr.ipv4.dstAddr    : LPM       0a000202/32
Action entry: MyIngress.ipv4_forward - 80000000222,1,

[09:14:39.703] [bmv2] [D] [thread 103379] [102.0] [cxt 0] Action entry is MyIngress.ipv4_forward - 80000000222,1,
[09:14:39.703] [bmv2] [T] [thread 103379] [102.0] [cxt 0] Action MyIngress.ipv4_forward
[09:14:39.703] [bmv2] [T] [thread 103379] [102.0] [cxt 0] switch.p4(96) Primitive standard_metadata.egress_spec = port
[09:14:39.703] [bmv2] [T] [thread 103379] [102.0] [cxt 0] switch.p4(97) Primitive hdr.ethernet.srcAddr = hdr.ethernet.dstAddr
[09:14:39.703] [bmv2] [T] [thread 103379] [102.0] [cxt 0] switch.p4(98) Primitive hdr.ethernet.dstAddr = dstAddr
[09:14:39.703] [bmv2] [T] [thread 103379] [102.0] [cxt 0] switch.p4(99) Primitive hdr.ipv4.ttl = hdr.ipv4.ttl - 1
[09:14:39.704] [bmv2] [D] [thread 103379] [102.0] [cxt 0] Pipeline 'ingress': end
[09:14:39.704] [bmv2] [D] [thread 103379] [102.0] [cxt 0] Egress port is 1
[09:14:39.704] [bmv2] [D] [thread 103381] [102.0] [cxt 0] Pipeline 'egress': start
[09:14:39.704] [bmv2] [D] [thread 103381] [102.0] [cxt 0] Pipeline 'egress': end
[09:14:39.704] [bmv2] [D] [thread 103381] [102.0] [cxt 0] Deparser 'deparser': start
[09:14:39.704] [bmv2] [D] [thread 103381] [102.0] [cxt 0] Updating checksum 'cksum'
[09:14:39.704] [bmv2] [D] [thread 103381] [102.0] [cxt 0] Deparsing header 'ethernet'
[09:14:39.704] [bmv2] [D] [thread 103381] [102.0] [cxt 0] Deparsing header 'ipv4'
[09:14:39.704] [bmv2] [D] [thread 103381] [102.0] [cxt 0] Deparser 'deparser': end
[09:14:39.704] [bmv2] [D] [thread 103384] [102.0] [cxt 0] Transmitting packet of size 48 out of port 1
[09:14:39.704] [bmv2] [D] [thread 103379] [103.0] [cxt 0] Processing packet received on port 1
[09:14:39.704] [bmv2] [D] [thread 103379] [103.0] [cxt 0] Parser 'parser': start
[09:14:39.704] [bmv2] [D] [thread 103379] [103.0] [cxt 0] Parser 'parser' entering state 'start'
[09:14:39.704] [bmv2] [D] [thread 103379] [103.0] [cxt 0] Extracting header 'ethernet'
[09:14:39.704] [bmv2] [D] [thread 103379] [103.0] [cxt 0] Parser state 'start': key is 0800
[09:14:39.704] [bmv2] [T] [thread 103379] [103.0] [cxt 0] Bytes parsed: 14
[09:14:39.704] [bmv2] [D] [thread 103379] [103.0] [cxt 0] Parser 'parser' entering state 'parse_ipv4'
[09:14:39.704] [bmv2] [D] [thread 103379] [103.0] [cxt 0] Extracting header 'ipv4'
[09:14:39.704] [bmv2] [D] [thread 103379] [103.0] [cxt 0] Parser state 'parse_ipv4' has no switch, going to default next state
[09:14:39.704] [bmv2] [T] [thread 103379] [103.0] [cxt 0] Bytes parsed: 34
[09:14:39.704] [bmv2] [D] [thread 103379] [103.0] [cxt 0] Parser 'parser': end
[09:14:39.704] [bmv2] [D] [thread 103379] [103.0] [cxt 0] Pipeline 'ingress': start
[09:14:39.704] [bmv2] [T] [thread 103379] [103.0] [cxt 0] switch.p4(116) Condition "hdr.ipv4.isValid()" (node_2) is true
[09:14:39.704] [bmv2] [T] [thread 103379] [103.0] [cxt 0] Applying table 'MyIngress.ipv4_lpm'
[09:14:39.704] [bmv2] [D] [thread 103379] [103.0] [cxt 0] Looking up key:
* hdr.ipv4.dstAddr    : 0a000101

[09:14:39.704] [bmv2] [D] [thread 103379] [103.0] [cxt 0] Table 'MyIngress.ipv4_lpm': hit with handle 0
[09:14:39.704] [bmv2] [D] [thread 103379] [103.0] [cxt 0] Dumping entry 0
Match key:
* hdr.ipv4.dstAddr    : LPM       0a000101/32
Action entry: MyIngress.ipv4_forward - 80000000200,2,

[09:14:39.704] [bmv2] [D] [thread 103379] [103.0] [cxt 0] Action entry is MyIngress.ipv4_forward - 80000000200,2,
[09:14:39.704] [bmv2] [T] [thread 103379] [103.0] [cxt 0] Action MyIngress.ipv4_forward
[09:14:39.704] [bmv2] [T] [thread 103379] [103.0] [cxt 0] switch.p4(96) Primitive standard_metadata.egress_spec = port
[09:14:39.704] [bmv2] [T] [thread 103379] [103.0] [cxt 0] switch.p4(97) Primitive hdr.ethernet.srcAddr = hdr.ethernet.dstAddr
[09:14:39.704] [bmv2] [T] [thread 103379] [103.0] [cxt 0] switch.p4(98) Primitive hdr.ethernet.dstAddr = dstAddr
[09:14:39.704] [bmv2] [T] [thread 103379] [103.0] [cxt 0] switch.p4(99) Primitive hdr.ipv4.ttl = hdr.ipv4.ttl - 1
[09:14:39.704] [bmv2] [D] [thread 103379] [103.0] [cxt 0] Pipeline 'ingress': end
[09:14:39.704] [bmv2] [D] [thread 103379] [103.0] [cxt 0] Egress port is 2
[09:14:39.704] [bmv2] [D] [thread 103382] [103.0] [cxt 0] Pipeline 'egress': start
[09:14:39.704] [bmv2] [D] [thread 103382] [103.0] [cxt 0] Pipeline 'egress': end
[09:14:39.704] [bmv2] [D] [thread 103382] [103.0] [cxt 0] Deparser 'deparser': start
[09:14:39.704] [bmv2] [D] [thread 103382] [103.0] [cxt 0] Updating checksum 'cksum'
[09:14:39.704] [bmv2] [D] [thread 103382] [103.0] [cxt 0] Deparsing header 'ethernet'
[09:14:39.704] [bmv2] [D] [thread 103382] [103.0] [cxt 0] Deparsing header 'ipv4'
[09:14:39.704] [bmv2] [D] [thread 103382] [103.0] [cxt 0] Deparser 'deparser': end
[09:14:39.704] [bmv2] [D] [thread 103384] [103.0] [cxt 0] Transmitting packet of size 76 out of port 2
[09:14:39.723] [bmv2] [D] [thread 103379] [104.0] [cxt 0] Processing packet received on port 1
[09:14:39.723] [bmv2] [D] [thread 103379] [104.0] [cxt 0] Parser 'parser': start
[09:14:39.723] [bmv2] [D] [thread 103379] [104.0] [cxt 0] Parser 'parser' entering state 'start'
[09:14:39.723] [bmv2] [D] [thread 103379] [104.0] [cxt 0] Extracting header 'ethernet'
[09:14:39.723] [bmv2] [D] [thread 103379] [104.0] [cxt 0] Parser state 'start': key is 0800
[09:14:39.723] [bmv2] [T] [thread 103379] [104.0] [cxt 0] Bytes parsed: 14
[09:14:39.723] [bmv2] [D] [thread 103379] [104.0] [cxt 0] Parser 'parser' entering state 'parse_ipv4'
[09:14:39.723] [bmv2] [D] [thread 103379] [104.0] [cxt 0] Extracting header 'ipv4'
[09:14:39.723] [bmv2] [D] [thread 103379] [104.0] [cxt 0] Parser state 'parse_ipv4' has no switch, going to default next state
[09:14:39.723] [bmv2] [T] [thread 103379] [104.0] [cxt 0] Bytes parsed: 34
[09:14:39.723] [bmv2] [D] [thread 103379] [104.0] [cxt 0] Parser 'parser': end
[09:14:39.723] [bmv2] [D] [thread 103379] [104.0] [cxt 0] Pipeline 'ingress': start
[09:14:39.723] [bmv2] [T] [thread 103379] [104.0] [cxt 0] switch.p4(116) Condition "hdr.ipv4.isValid()" (node_2) is true
[09:14:39.723] [bmv2] [T] [thread 103379] [104.0] [cxt 0] Applying table 'MyIngress.ipv4_lpm'
[09:14:39.723] [bmv2] [D] [thread 103379] [104.0] [cxt 0] Looking up key:
* hdr.ipv4.dstAddr    : 0a000101

[09:14:39.723] [bmv2] [D] [thread 103379] [104.0] [cxt 0] Table 'MyIngress.ipv4_lpm': hit with handle 0
[09:14:39.723] [bmv2] [D] [thread 103379] [104.0] [cxt 0] Dumping entry 0
Match key:
* hdr.ipv4.dstAddr    : LPM       0a000101/32
Action entry: MyIngress.ipv4_forward - 80000000200,2,

[09:14:39.723] [bmv2] [D] [thread 103379] [104.0] [cxt 0] Action entry is MyIngress.ipv4_forward - 80000000200,2,
[09:14:39.723] [bmv2] [T] [thread 103379] [104.0] [cxt 0] Action MyIngress.ipv4_forward
[09:14:39.723] [bmv2] [T] [thread 103379] [104.0] [cxt 0] switch.p4(96) Primitive standard_metadata.egress_spec = port
[09:14:39.723] [bmv2] [T] [thread 103379] [104.0] [cxt 0] switch.p4(97) Primitive hdr.ethernet.srcAddr = hdr.ethernet.dstAddr
[09:14:39.723] [bmv2] [T] [thread 103379] [104.0] [cxt 0] switch.p4(98) Primitive hdr.ethernet.dstAddr = dstAddr
[09:14:39.723] [bmv2] [T] [thread 103379] [104.0] [cxt 0] switch.p4(99) Primitive hdr.ipv4.ttl = hdr.ipv4.ttl - 1
[09:14:39.723] [bmv2] [D] [thread 103379] [104.0] [cxt 0] Pipeline 'ingress': end
[09:14:39.723] [bmv2] [D] [thread 103379] [104.0] [cxt 0] Egress port is 2
[09:14:39.723] [bmv2] [D] [thread 103382] [104.0] [cxt 0] Pipeline 'egress': start
[09:14:39.723] [bmv2] [D] [thread 103382] [104.0] [cxt 0] Pipeline 'egress': end
[09:14:39.723] [bmv2] [D] [thread 103382] [104.0] [cxt 0] Deparser 'deparser': start
[09:14:39.723] [bmv2] [D] [thread 103382] [104.0] [cxt 0] Updating checksum 'cksum'
[09:14:39.723] [bmv2] [D] [thread 103382] [104.0] [cxt 0] Deparsing header 'ethernet'
[09:14:39.723] [bmv2] [D] [thread 103382] [104.0] [cxt 0] Deparsing header 'ipv4'
[09:14:39.723] [bmv2] [D] [thread 103382] [104.0] [cxt 0] Deparser 'deparser': end
[09:14:39.723] [bmv2] [D] [thread 103384] [104.0] [cxt 0] Transmitting packet of size 308 out of port 2
[09:14:39.731] [bmv2] [D] [thread 103379] [105.0] [cxt 0] Processing packet received on port 2
[09:14:39.731] [bmv2] [D] [thread 103379] [105.0] [cxt 0] Parser 'parser': start
[09:14:39.731] [bmv2] [D] [thread 103379] [105.0] [cxt 0] Parser 'parser' entering state 'start'
[09:14:39.731] [bmv2] [D] [thread 103379] [105.0] [cxt 0] Extracting header 'ethernet'
[09:14:39.731] [bmv2] [D] [thread 103379] [105.0] [cxt 0] Parser state 'start': key is 0800
[09:14:39.731] [bmv2] [T] [thread 103379] [105.0] [cxt 0] Bytes parsed: 14
[09:14:39.731] [bmv2] [D] [thread 103379] [105.0] [cxt 0] Parser 'parser' entering state 'parse_ipv4'
[09:14:39.731] [bmv2] [D] [thread 103379] [105.0] [cxt 0] Extracting header 'ipv4'
[09:14:39.732] [bmv2] [D] [thread 103379] [105.0] [cxt 0] Parser state 'parse_ipv4' has no switch, going to default next state
[09:14:39.732] [bmv2] [T] [thread 103379] [105.0] [cxt 0] Bytes parsed: 34
[09:14:39.732] [bmv2] [D] [thread 103379] [105.0] [cxt 0] Parser 'parser': end
[09:14:39.732] [bmv2] [D] [thread 103379] [105.0] [cxt 0] Pipeline 'ingress': start
[09:14:39.732] [bmv2] [T] [thread 103379] [105.0] [cxt 0] switch.p4(116) Condition "hdr.ipv4.isValid()" (node_2) is true
[09:14:39.732] [bmv2] [T] [thread 103379] [105.0] [cxt 0] Applying table 'MyIngress.ipv4_lpm'
[09:14:39.732] [bmv2] [D] [thread 103379] [105.0] [cxt 0] Looking up key:
* hdr.ipv4.dstAddr    : 0a000202

[09:14:39.733] [bmv2] [D] [thread 103379] [105.0] [cxt 0] Table 'MyIngress.ipv4_lpm': hit with handle 1
[09:14:39.733] [bmv2] [D] [thread 103379] [105.0] [cxt 0] Dumping entry 1
Match key:
* hdr.ipv4.dstAddr    : LPM       0a000202/32
Action entry: MyIngress.ipv4_forward - 80000000222,1,

[09:14:39.733] [bmv2] [D] [thread 103379] [105.0] [cxt 0] Action entry is MyIngress.ipv4_forward - 80000000222,1,
[09:14:39.733] [bmv2] [T] [thread 103379] [105.0] [cxt 0] Action MyIngress.ipv4_forward
[09:14:39.733] [bmv2] [T] [thread 103379] [105.0] [cxt 0] switch.p4(96) Primitive standard_metadata.egress_spec = port
[09:14:39.734] [bmv2] [T] [thread 103379] [105.0] [cxt 0] switch.p4(97) Primitive hdr.ethernet.srcAddr = hdr.ethernet.dstAddr
[09:14:39.734] [bmv2] [T] [thread 103379] [105.0] [cxt 0] switch.p4(98) Primitive hdr.ethernet.dstAddr = dstAddr
[09:14:39.734] [bmv2] [T] [thread 103379] [105.0] [cxt 0] switch.p4(99) Primitive hdr.ipv4.ttl = hdr.ipv4.ttl - 1
[09:14:39.734] [bmv2] [D] [thread 103379] [105.0] [cxt 0] Pipeline 'ingress': end
[09:14:39.735] [bmv2] [D] [thread 103379] [105.0] [cxt 0] Egress port is 1
[09:14:39.735] [bmv2] [D] [thread 103381] [105.0] [cxt 0] Pipeline 'egress': start
[09:14:39.735] [bmv2] [D] [thread 103381] [105.0] [cxt 0] Pipeline 'egress': end
[09:14:39.735] [bmv2] [D] [thread 103381] [105.0] [cxt 0] Deparser 'deparser': start
[09:14:39.735] [bmv2] [D] [thread 103381] [105.0] [cxt 0] Updating checksum 'cksum'
[09:14:39.735] [bmv2] [D] [thread 103381] [105.0] [cxt 0] Deparsing header 'ethernet'
[09:14:39.735] [bmv2] [D] [thread 103381] [105.0] [cxt 0] Deparsing header 'ipv4'
[09:14:39.735] [bmv2] [D] [thread 103381] [105.0] [cxt 0] Deparser 'deparser': end
[09:14:39.735] [bmv2] [D] [thread 103384] [105.0] [cxt 0] Transmitting packet of size 336 out of port 1
open: No such file or directory
open: No such file or directory
open: No such file or directory
