Calling target program-options parser
[09:16:28.008] [bmv2] [D] [thread 105102] Set default default entry for table 'MyIngress.ipv4_lpm': MyIngress.drop - 
Adding interface s2-eth1 as port 1
[09:16:28.014] [bmv2] [D] [thread 105102] Adding interface s2-eth1 as port 1
Adding interface s2-eth2 as port 2
[09:16:28.037] [bmv2] [D] [thread 105102] Adding interface s2-eth2 as port 2
Server listening on 0.0.0.0:50265
[09:16:28.052] [bmv2] [I] [thread 105102] Starting Thrift server on port 9304
[09:16:28.052] [bmv2] [I] [thread 105102] Thrift server was started
[09:16:28.170] [bmv2] [D] [thread 105117] [0.0] [cxt 0] Processing packet received on port 1
[09:16:28.170] [bmv2] [D] [thread 105117] [0.0] [cxt 0] Parser 'parser': start
[09:16:28.170] [bmv2] [D] [thread 105117] [0.0] [cxt 0] Parser 'parser' entering state 'start'
[09:16:28.170] [bmv2] [D] [thread 105117] [0.0] [cxt 0] Extracting header 'ethernet'
[09:16:28.170] [bmv2] [D] [thread 105117] [0.0] [cxt 0] Parser state 'start': key is 86dd
[09:16:28.170] [bmv2] [T] [thread 105117] [0.0] [cxt 0] Bytes parsed: 14
[09:16:28.170] [bmv2] [D] [thread 105117] [0.0] [cxt 0] Parser 'parser': end
[09:16:28.170] [bmv2] [D] [thread 105117] [0.0] [cxt 0] Pipeline 'ingress': start
[09:16:28.170] [bmv2] [T] [thread 105117] [0.0] [cxt 0] switch.p4(116) Condition "hdr.ipv4.isValid()" (node_2) is false
[09:16:28.170] [bmv2] [D] [thread 105117] [0.0] [cxt 0] Pipeline 'ingress': end
[09:16:28.170] [bmv2] [D] [thread 105117] [0.0] [cxt 0] Egress port is 0
[09:16:28.170] [bmv2] [D] [thread 105118] [0.0] [cxt 0] Pipeline 'egress': start
[09:16:28.170] [bmv2] [D] [thread 105118] [0.0] [cxt 0] Pipeline 'egress': end
[09:16:28.170] [bmv2] [D] [thread 105118] [0.0] [cxt 0] Deparser 'deparser': start
[09:16:28.170] [bmv2] [T] [thread 105118] [0.0] [cxt 0] Skipping checksum 'cksum' update because condition not met
[09:16:28.170] [bmv2] [D] [thread 105118] [0.0] [cxt 0] Deparsing header 'ethernet'
[09:16:28.170] [bmv2] [D] [thread 105118] [0.0] [cxt 0] Deparser 'deparser': end
[09:16:28.170] [bmv2] [D] [thread 105122] [0.0] [cxt 0] Transmitting packet of size 90 out of port 0
[09:16:28.665] [bmv2] [D] [thread 105117] [1.0] [cxt 0] Processing packet received on port 1
[09:16:28.665] [bmv2] [D] [thread 105117] [1.0] [cxt 0] Parser 'parser': start
[09:16:28.665] [bmv2] [D] [thread 105117] [1.0] [cxt 0] Parser 'parser' entering state 'start'
[09:16:28.665] [bmv2] [D] [thread 105117] [1.0] [cxt 0] Extracting header 'ethernet'
[09:16:28.665] [bmv2] [D] [thread 105117] [1.0] [cxt 0] Parser state 'start': key is 86dd
[09:16:28.665] [bmv2] [T] [thread 105117] [1.0] [cxt 0] Bytes parsed: 14
[09:16:28.665] [bmv2] [D] [thread 105117] [1.0] [cxt 0] Parser 'parser': end
[09:16:28.665] [bmv2] [D] [thread 105117] [1.0] [cxt 0] Pipeline 'ingress': start
[09:16:28.665] [bmv2] [T] [thread 105117] [1.0] [cxt 0] switch.p4(116) Condition "hdr.ipv4.isValid()" (node_2) is false
[09:16:28.665] [bmv2] [D] [thread 105117] [1.0] [cxt 0] Pipeline 'ingress': end
[09:16:28.665] [bmv2] [D] [thread 105117] [1.0] [cxt 0] Egress port is 0
[09:16:28.665] [bmv2] [D] [thread 105117] [2.0] [cxt 0] Processing packet received on port 1
[09:16:28.665] [bmv2] [D] [thread 105117] [2.0] [cxt 0] Parser 'parser': start
[09:16:28.665] [bmv2] [D] [thread 105117] [2.0] [cxt 0] Parser 'parser' entering state 'start'
[09:16:28.665] [bmv2] [D] [thread 105117] [2.0] [cxt 0] Extracting header 'ethernet'
[09:16:28.665] [bmv2] [D] [thread 105117] [2.0] [cxt 0] Parser state 'start': key is 86dd
[09:16:28.665] [bmv2] [T] [thread 105117] [2.0] [cxt 0] Bytes parsed: 14
[09:16:28.665] [bmv2] [D] [thread 105117] [2.0] [cxt 0] Parser 'parser': end
[09:16:28.665] [bmv2] [D] [thread 105117] [2.0] [cxt 0] Pipeline 'ingress': start
[09:16:28.665] [bmv2] [D] [thread 105118] [1.0] [cxt 0] Pipeline 'egress': start
[09:16:28.665] [bmv2] [D] [thread 105118] [1.0] [cxt 0] Pipeline 'egress': end
[09:16:28.665] [bmv2] [D] [thread 105118] [1.0] [cxt 0] Deparser 'deparser': start
[09:16:28.665] [bmv2] [T] [thread 105118] [1.0] [cxt 0] Skipping checksum 'cksum' update because condition not met
[09:16:28.665] [bmv2] [T] [thread 105117] [2.0] [cxt 0] switch.p4(116) Condition "hdr.ipv4.isValid()" (node_2) is false
[09:16:28.665] [bmv2] [D] [thread 105117] [2.0] [cxt 0] Pipeline 'ingress': end
[09:16:28.665] [bmv2] [D] [thread 105117] [2.0] [cxt 0] Egress port is 0
[09:16:28.665] [bmv2] [D] [thread 105118] [1.0] [cxt 0] Deparsing header 'ethernet'
[09:16:28.665] [bmv2] [D] [thread 105118] [1.0] [cxt 0] Deparser 'deparser': end
[09:16:28.665] [bmv2] [D] [thread 105122] [1.0] [cxt 0] Transmitting packet of size 90 out of port 0
[09:16:28.665] [bmv2] [D] [thread 105118] [2.0] [cxt 0] Pipeline 'egress': start
[09:16:28.670] [bmv2] [D] [thread 105118] [2.0] [cxt 0] Pipeline 'egress': end
[09:16:28.670] [bmv2] [D] [thread 105118] [2.0] [cxt 0] Deparser 'deparser': start
[09:16:28.670] [bmv2] [T] [thread 105118] [2.0] [cxt 0] Skipping checksum 'cksum' update because condition not met
[09:16:28.670] [bmv2] [D] [thread 105118] [2.0] [cxt 0] Deparsing header 'ethernet'
[09:16:28.670] [bmv2] [D] [thread 105118] [2.0] [cxt 0] Deparser 'deparser': end
[09:16:28.670] [bmv2] [D] [thread 105117] [3.0] [cxt 0] Processing packet received on port 1
[09:16:28.670] [bmv2] [D] [thread 105117] [3.0] [cxt 0] Parser 'parser': start
[09:16:28.670] [bmv2] [D] [thread 105117] [3.0] [cxt 0] Parser 'parser' entering state 'start'
[09:16:28.670] [bmv2] [D] [thread 105117] [3.0] [cxt 0] Extracting header 'ethernet'
[09:16:28.670] [bmv2] [D] [thread 105117] [3.0] [cxt 0] Parser state 'start': key is 86dd
[09:16:28.670] [bmv2] [T] [thread 105117] [3.0] [cxt 0] Bytes parsed: 14
[09:16:28.670] [bmv2] [D] [thread 105122] [2.0] [cxt 0] Transmitting packet of size 70 out of port 0
[09:16:28.670] [bmv2] [D] [thread 105117] [3.0] [cxt 0] Parser 'parser': end
[09:16:28.670] [bmv2] [D] [thread 105117] [3.0] [cxt 0] Pipeline 'ingress': start
[09:16:28.670] [bmv2] [T] [thread 105117] [3.0] [cxt 0] switch.p4(116) Condition "hdr.ipv4.isValid()" (node_2) is false
[09:16:28.670] [bmv2] [D] [thread 105117] [3.0] [cxt 0] Pipeline 'ingress': end
[09:16:28.670] [bmv2] [D] [thread 105117] [3.0] [cxt 0] Egress port is 0
[09:16:28.670] [bmv2] [D] [thread 105118] [3.0] [cxt 0] Pipeline 'egress': start
[09:16:28.670] [bmv2] [D] [thread 105118] [3.0] [cxt 0] Pipeline 'egress': end
[09:16:28.670] [bmv2] [D] [thread 105118] [3.0] [cxt 0] Deparser 'deparser': start
[09:16:28.670] [bmv2] [T] [thread 105118] [3.0] [cxt 0] Skipping checksum 'cksum' update because condition not met
[09:16:28.670] [bmv2] [D] [thread 105118] [3.0] [cxt 0] Deparsing header 'ethernet'
[09:16:28.670] [bmv2] [D] [thread 105118] [3.0] [cxt 0] Deparser 'deparser': end
[09:16:28.670] [bmv2] [D] [thread 105122] [3.0] [cxt 0] Transmitting packet of size 90 out of port 0
[09:16:28.754] [bmv2] [D] [thread 105117] [4.0] [cxt 0] Processing packet received on port 1
[09:16:28.754] [bmv2] [D] [thread 105117] [4.0] [cxt 0] Parser 'parser': start
[09:16:28.754] [bmv2] [D] [thread 105117] [4.0] [cxt 0] Parser 'parser' entering state 'start'
[09:16:28.754] [bmv2] [D] [thread 105117] [4.0] [cxt 0] Extracting header 'ethernet'
[09:16:28.754] [bmv2] [D] [thread 105117] [4.0] [cxt 0] Parser state 'start': key is 86dd
[09:16:28.754] [bmv2] [T] [thread 105117] [4.0] [cxt 0] Bytes parsed: 14
[09:16:28.754] [bmv2] [D] [thread 105117] [4.0] [cxt 0] Parser 'parser': end
[09:16:28.754] [bmv2] [D] [thread 105117] [4.0] [cxt 0] Pipeline 'ingress': start
[09:16:28.754] [bmv2] [T] [thread 105117] [4.0] [cxt 0] switch.p4(116) Condition "hdr.ipv4.isValid()" (node_2) is false
[09:16:28.754] [bmv2] [D] [thread 105117] [4.0] [cxt 0] Pipeline 'ingress': end
[09:16:28.754] [bmv2] [D] [thread 105117] [4.0] [cxt 0] Egress port is 0
[09:16:28.754] [bmv2] [D] [thread 105118] [4.0] [cxt 0] Pipeline 'egress': start
[09:16:28.756] [bmv2] [D] [thread 105118] [4.0] [cxt 0] Pipeline 'egress': end
[09:16:28.756] [bmv2] [D] [thread 105118] [4.0] [cxt 0] Deparser 'deparser': start
[09:16:28.756] [bmv2] [T] [thread 105118] [4.0] [cxt 0] Skipping checksum 'cksum' update because condition not met
[09:16:28.756] [bmv2] [D] [thread 105118] [4.0] [cxt 0] Deparsing header 'ethernet'
[09:16:28.757] [bmv2] [D] [thread 105118] [4.0] [cxt 0] Deparser 'deparser': end
[09:16:28.758] [bmv2] [D] [thread 105122] [4.0] [cxt 0] Transmitting packet of size 211 out of port 0
[09:16:28.773] [bmv2] [D] [thread 105117] [5.0] [cxt 0] Processing packet received on port 1
[09:16:28.773] [bmv2] [D] [thread 105117] [5.0] [cxt 0] Parser 'parser': start
[09:16:28.773] [bmv2] [D] [thread 105117] [5.0] [cxt 0] Parser 'parser' entering state 'start'
[09:16:28.773] [bmv2] [D] [thread 105117] [5.0] [cxt 0] Extracting header 'ethernet'
[09:16:28.773] [bmv2] [D] [thread 105117] [5.0] [cxt 0] Parser state 'start': key is 86dd
[09:16:28.773] [bmv2] [T] [thread 105117] [5.0] [cxt 0] Bytes parsed: 14
[09:16:28.773] [bmv2] [D] [thread 105117] [5.0] [cxt 0] Parser 'parser': end
[09:16:28.773] [bmv2] [D] [thread 105117] [5.0] [cxt 0] Pipeline 'ingress': start
[09:16:28.773] [bmv2] [T] [thread 105117] [5.0] [cxt 0] switch.p4(116) Condition "hdr.ipv4.isValid()" (node_2) is false
[09:16:28.773] [bmv2] [D] [thread 105117] [5.0] [cxt 0] Pipeline 'ingress': end
[09:16:28.773] [bmv2] [D] [thread 105117] [5.0] [cxt 0] Egress port is 0
[09:16:28.773] [bmv2] [D] [thread 105118] [5.0] [cxt 0] Pipeline 'egress': start
[09:16:28.773] [bmv2] [D] [thread 105118] [5.0] [cxt 0] Pipeline 'egress': end
[09:16:28.773] [bmv2] [D] [thread 105118] [5.0] [cxt 0] Deparser 'deparser': start
[09:16:28.773] [bmv2] [T] [thread 105118] [5.0] [cxt 0] Skipping checksum 'cksum' update because condition not met
[09:16:28.773] [bmv2] [D] [thread 105118] [5.0] [cxt 0] Deparsing header 'ethernet'
[09:16:28.773] [bmv2] [D] [thread 105118] [5.0] [cxt 0] Deparser 'deparser': end
[09:16:28.773] [bmv2] [D] [thread 105122] [5.0] [cxt 0] Transmitting packet of size 203 out of port 0
[09:16:28.986] [bmv2] [D] [thread 105117] [6.0] [cxt 0] Processing packet received on port 1
[09:16:28.986] [bmv2] [D] [thread 105117] [6.0] [cxt 0] Parser 'parser': start
[09:16:28.986] [bmv2] [D] [thread 105117] [6.0] [cxt 0] Parser 'parser' entering state 'start'
[09:16:28.986] [bmv2] [D] [thread 105117] [6.0] [cxt 0] Extracting header 'ethernet'
[09:16:28.986] [bmv2] [D] [thread 105117] [6.0] [cxt 0] Parser state 'start': key is 86dd
[09:16:28.986] [bmv2] [T] [thread 105117] [6.0] [cxt 0] Bytes parsed: 14
[09:16:28.986] [bmv2] [D] [thread 105117] [6.0] [cxt 0] Parser 'parser': end
[09:16:28.986] [bmv2] [D] [thread 105117] [6.0] [cxt 0] Pipeline 'ingress': start
[09:16:28.986] [bmv2] [T] [thread 105117] [6.0] [cxt 0] switch.p4(116) Condition "hdr.ipv4.isValid()" (node_2) is false
[09:16:28.986] [bmv2] [D] [thread 105117] [6.0] [cxt 0] Pipeline 'ingress': end
[09:16:28.986] [bmv2] [D] [thread 105117] [6.0] [cxt 0] Egress port is 0
[09:16:28.986] [bmv2] [D] [thread 105118] [6.0] [cxt 0] Pipeline 'egress': start
[09:16:28.986] [bmv2] [D] [thread 105118] [6.0] [cxt 0] Pipeline 'egress': end
[09:16:28.986] [bmv2] [D] [thread 105118] [6.0] [cxt 0] Deparser 'deparser': start
[09:16:28.986] [bmv2] [T] [thread 105118] [6.0] [cxt 0] Skipping checksum 'cksum' update because condition not met
[09:16:28.986] [bmv2] [D] [thread 105118] [6.0] [cxt 0] Deparsing header 'ethernet'
[09:16:28.986] [bmv2] [D] [thread 105118] [6.0] [cxt 0] Deparser 'deparser': end
[09:16:28.986] [bmv2] [D] [thread 105117] [7.0] [cxt 0] Processing packet received on port 1
[09:16:28.986] [bmv2] [D] [thread 105117] [7.0] [cxt 0] Parser 'parser': start
[09:16:28.986] [bmv2] [D] [thread 105117] [7.0] [cxt 0] Parser 'parser' entering state 'start'
[09:16:28.986] [bmv2] [D] [thread 105117] [7.0] [cxt 0] Extracting header 'ethernet'
[09:16:28.986] [bmv2] [D] [thread 105117] [7.0] [cxt 0] Parser state 'start': key is 86dd
[09:16:28.986] [bmv2] [T] [thread 105117] [7.0] [cxt 0] Bytes parsed: 14
[09:16:28.986] [bmv2] [D] [thread 105117] [7.0] [cxt 0] Parser 'parser': end
[09:16:28.986] [bmv2] [D] [thread 105117] [7.0] [cxt 0] Pipeline 'ingress': start
[09:16:28.986] [bmv2] [T] [thread 105117] [7.0] [cxt 0] switch.p4(116) Condition "hdr.ipv4.isValid()" (node_2) is false
[09:16:28.986] [bmv2] [D] [thread 105117] [7.0] [cxt 0] Pipeline 'ingress': end
[09:16:28.986] [bmv2] [D] [thread 105117] [7.0] [cxt 0] Egress port is 0
[09:16:28.986] [bmv2] [D] [thread 105122] [6.0] [cxt 0] Transmitting packet of size 110 out of port 0
[09:16:28.986] [bmv2] [D] [thread 105118] [7.0] [cxt 0] Pipeline 'egress': start
[09:16:28.986] [bmv2] [D] [thread 105118] [7.0] [cxt 0] Pipeline 'egress': end
[09:16:28.986] [bmv2] [D] [thread 105118] [7.0] [cxt 0] Deparser 'deparser': start
[09:16:28.986] [bmv2] [T] [thread 105118] [7.0] [cxt 0] Skipping checksum 'cksum' update because condition not met
[09:16:28.986] [bmv2] [D] [thread 105118] [7.0] [cxt 0] Deparsing header 'ethernet'
[09:16:28.986] [bmv2] [D] [thread 105118] [7.0] [cxt 0] Deparser 'deparser': end
[09:16:28.986] [bmv2] [D] [thread 105122] [7.0] [cxt 0] Transmitting packet of size 70 out of port 0
[09:16:28.993] [bmv2] [D] [thread 105117] [8.0] [cxt 0] Processing packet received on port 2
[09:16:28.993] [bmv2] [D] [thread 105117] [8.0] [cxt 0] Parser 'parser': start
[09:16:28.993] [bmv2] [D] [thread 105117] [8.0] [cxt 0] Parser 'parser' entering state 'start'
[09:16:28.993] [bmv2] [D] [thread 105117] [8.0] [cxt 0] Extracting header 'ethernet'
[09:16:28.993] [bmv2] [D] [thread 105117] [8.0] [cxt 0] Parser state 'start': key is 86dd
[09:16:28.993] [bmv2] [T] [thread 105117] [8.0] [cxt 0] Bytes parsed: 14
[09:16:28.993] [bmv2] [D] [thread 105117] [8.0] [cxt 0] Parser 'parser': end
[09:16:28.993] [bmv2] [D] [thread 105117] [8.0] [cxt 0] Pipeline 'ingress': start
[09:16:28.993] [bmv2] [T] [thread 105117] [8.0] [cxt 0] switch.p4(116) Condition "hdr.ipv4.isValid()" (node_2) is false
[09:16:28.993] [bmv2] [D] [thread 105117] [8.0] [cxt 0] Pipeline 'ingress': end
[09:16:28.993] [bmv2] [D] [thread 105117] [8.0] [cxt 0] Egress port is 0
[09:16:28.993] [bmv2] [D] [thread 105117] [9.0] [cxt 0] Processing packet received on port 2
[09:16:28.993] [bmv2] [D] [thread 105117] [9.0] [cxt 0] Parser 'parser': start
[09:16:28.993] [bmv2] [D] [thread 105117] [9.0] [cxt 0] Parser 'parser' entering state 'start'
[09:16:28.993] [bmv2] [D] [thread 105117] [9.0] [cxt 0] Extracting header 'ethernet'
[09:16:28.993] [bmv2] [D] [thread 105117] [9.0] [cxt 0] Parser state 'start': key is 86dd
[09:16:28.993] [bmv2] [T] [thread 105117] [9.0] [cxt 0] Bytes parsed: 14
[09:16:28.993] [bmv2] [D] [thread 105117] [9.0] [cxt 0] Parser 'parser': end
[09:16:28.993] [bmv2] [D] [thread 105117] [9.0] [cxt 0] Pipeline 'ingress': start
[09:16:28.993] [bmv2] [T] [thread 105117] [9.0] [cxt 0] switch.p4(116) Condition "hdr.ipv4.isValid()" (node_2) is false
[09:16:28.993] [bmv2] [D] [thread 105117] [9.0] [cxt 0] Pipeline 'ingress': end
[09:16:28.993] [bmv2] [D] [thread 105117] [9.0] [cxt 0] Egress port is 0
[09:16:28.993] [bmv2] [D] [thread 105118] [8.0] [cxt 0] Pipeline 'egress': start
[09:16:28.993] [bmv2] [D] [thread 105118] [8.0] [cxt 0] Pipeline 'egress': end
[09:16:28.993] [bmv2] [D] [thread 105118] [8.0] [cxt 0] Deparser 'deparser': start
[09:16:28.993] [bmv2] [T] [thread 105118] [8.0] [cxt 0] Skipping checksum 'cksum' update because condition not met
[09:16:28.993] [bmv2] [D] [thread 105118] [8.0] [cxt 0] Deparsing header 'ethernet'
[09:16:28.993] [bmv2] [D] [thread 105118] [8.0] [cxt 0] Deparser 'deparser': end
[09:16:28.993] [bmv2] [D] [thread 105118] [9.0] [cxt 0] Pipeline 'egress': start
[09:16:28.993] [bmv2] [D] [thread 105118] [9.0] [cxt 0] Pipeline 'egress': end
[09:16:28.993] [bmv2] [D] [thread 105118] [9.0] [cxt 0] Deparser 'deparser': start
[09:16:28.993] [bmv2] [T] [thread 105118] [9.0] [cxt 0] Skipping checksum 'cksum' update because condition not met
[09:16:28.993] [bmv2] [D] [thread 105118] [9.0] [cxt 0] Deparsing header 'ethernet'
[09:16:28.993] [bmv2] [D] [thread 105118] [9.0] [cxt 0] Deparser 'deparser': end
[09:16:28.993] [bmv2] [D] [thread 105117] [10.0] [cxt 0] Processing packet received on port 1
[09:16:28.993] [bmv2] [D] [thread 105117] [10.0] [cxt 0] Parser 'parser': start
[09:16:28.993] [bmv2] [D] [thread 105117] [10.0] [cxt 0] Parser 'parser' entering state 'start'
[09:16:28.993] [bmv2] [D] [thread 105117] [10.0] [cxt 0] Extracting header 'ethernet'
[09:16:28.993] [bmv2] [D] [thread 105117] [10.0] [cxt 0] Parser state 'start': key is 86dd
[09:16:28.993] [bmv2] [T] [thread 105117] [10.0] [cxt 0] Bytes parsed: 14
[09:16:28.993] [bmv2] [D] [thread 105117] [10.0] [cxt 0] Parser 'parser': end
[09:16:28.993] [bmv2] [D] [thread 105117] [10.0] [cxt 0] Pipeline 'ingress': start
[09:16:28.993] [bmv2] [T] [thread 105117] [10.0] [cxt 0] switch.p4(116) Condition "hdr.ipv4.isValid()" (node_2) is false
[09:16:28.993] [bmv2] [D] [thread 105117] [10.0] [cxt 0] Pipeline 'ingress': end
[09:16:28.993] [bmv2] [D] [thread 105117] [10.0] [cxt 0] Egress port is 0
[09:16:28.993] [bmv2] [D] [thread 105117] [11.0] [cxt 0] Processing packet received on port 2
[09:16:28.993] [bmv2] [D] [thread 105117] [11.0] [cxt 0] Parser 'parser': start
[09:16:28.993] [bmv2] [D] [thread 105117] [11.0] [cxt 0] Parser 'parser' entering state 'start'
[09:16:28.993] [bmv2] [D] [thread 105117] [11.0] [cxt 0] Extracting header 'ethernet'
[09:16:28.993] [bmv2] [D] [thread 105117] [11.0] [cxt 0] Parser state 'start': key is 86dd
[09:16:28.993] [bmv2] [T] [thread 105117] [11.0] [cxt 0] Bytes parsed: 14
[09:16:28.993] [bmv2] [D] [thread 105117] [11.0] [cxt 0] Parser 'parser': end
[09:16:28.993] [bmv2] [D] [thread 105117] [11.0] [cxt 0] Pipeline 'ingress': start
[09:16:28.993] [bmv2] [T] [thread 105117] [11.0] [cxt 0] switch.p4(116) Condition "hdr.ipv4.isValid()" (node_2) is false
[09:16:28.993] [bmv2] [D] [thread 105117] [11.0] [cxt 0] Pipeline 'ingress': end
[09:16:28.993] [bmv2] [D] [thread 105117] [11.0] [cxt 0] Egress port is 0
[09:16:28.993] [bmv2] [D] [thread 105118] [10.0] [cxt 0] Pipeline 'egress': start
[09:16:28.993] [bmv2] [D] [thread 105118] [10.0] [cxt 0] Pipeline 'egress': end
[09:16:28.993] [bmv2] [D] [thread 105118] [10.0] [cxt 0] Deparser 'deparser': start
[09:16:28.993] [bmv2] [T] [thread 105118] [10.0] [cxt 0] Skipping checksum 'cksum' update because condition not met
[09:16:28.993] [bmv2] [D] [thread 105118] [10.0] [cxt 0] Deparsing header 'ethernet'
[09:16:28.993] [bmv2] [D] [thread 105118] [10.0] [cxt 0] Deparser 'deparser': end
[09:16:28.993] [bmv2] [D] [thread 105118] [11.0] [cxt 0] Pipeline 'egress': start
[09:16:28.993] [bmv2] [D] [thread 105118] [11.0] [cxt 0] Pipeline 'egress': end
[09:16:28.993] [bmv2] [D] [thread 105118] [11.0] [cxt 0] Deparser 'deparser': start
[09:16:28.993] [bmv2] [T] [thread 105118] [11.0] [cxt 0] Skipping checksum 'cksum' update because condition not met
[09:16:28.993] [bmv2] [D] [thread 105118] [11.0] [cxt 0] Deparsing header 'ethernet'
[09:16:28.993] [bmv2] [D] [thread 105118] [11.0] [cxt 0] Deparser 'deparser': end
[09:16:28.993] [bmv2] [D] [thread 105122] [8.0] [cxt 0] Transmitting packet of size 110 out of port 0
[09:16:28.993] [bmv2] [D] [thread 105122] [9.0] [cxt 0] Transmitting packet of size 70 out of port 0
[09:16:28.993] [bmv2] [D] [thread 105122] [10.0] [cxt 0] Transmitting packet of size 90 out of port 0
[09:16:28.993] [bmv2] [D] [thread 105122] [11.0] [cxt 0] Transmitting packet of size 90 out of port 0
[09:16:28.998] [bmv2] [D] [thread 105117] [12.0] [cxt 0] Processing packet received on port 2
[09:16:28.998] [bmv2] [D] [thread 105117] [12.0] [cxt 0] Parser 'parser': start
[09:16:28.998] [bmv2] [D] [thread 105117] [12.0] [cxt 0] Parser 'parser' entering state 'start'
[09:16:28.998] [bmv2] [D] [thread 105117] [12.0] [cxt 0] Extracting header 'ethernet'
[09:16:28.998] [bmv2] [D] [thread 105117] [12.0] [cxt 0] Parser state 'start': key is 86dd
[09:16:28.998] [bmv2] [T] [thread 105117] [12.0] [cxt 0] Bytes parsed: 14
[09:16:28.998] [bmv2] [D] [thread 105117] [12.0] [cxt 0] Parser 'parser': end
[09:16:28.998] [bmv2] [D] [thread 105117] [12.0] [cxt 0] Pipeline 'ingress': start
[09:16:28.998] [bmv2] [T] [thread 105117] [12.0] [cxt 0] switch.p4(116) Condition "hdr.ipv4.isValid()" (node_2) is false
[09:16:28.998] [bmv2] [D] [thread 105117] [12.0] [cxt 0] Pipeline 'ingress': end
[09:16:28.998] [bmv2] [D] [thread 105117] [12.0] [cxt 0] Egress port is 0
[09:16:28.998] [bmv2] [D] [thread 105117] [13.0] [cxt 0] Processing packet received on port 2
[09:16:28.998] [bmv2] [D] [thread 105117] [13.0] [cxt 0] Parser 'parser': start
[09:16:28.998] [bmv2] [D] [thread 105117] [13.0] [cxt 0] Parser 'parser' entering state 'start'
[09:16:28.998] [bmv2] [D] [thread 105117] [13.0] [cxt 0] Extracting header 'ethernet'
[09:16:28.998] [bmv2] [D] [thread 105117] [13.0] [cxt 0] Parser state 'start': key is 86dd
[09:16:28.998] [bmv2] [T] [thread 105117] [13.0] [cxt 0] Bytes parsed: 14
[09:16:28.998] [bmv2] [D] [thread 105117] [13.0] [cxt 0] Parser 'parser': end
[09:16:28.998] [bmv2] [D] [thread 105117] [13.0] [cxt 0] Pipeline 'ingress': start
[09:16:28.998] [bmv2] [T] [thread 105117] [13.0] [cxt 0] switch.p4(116) Condition "hdr.ipv4.isValid()" (node_2) is false
[09:16:28.998] [bmv2] [D] [thread 105117] [13.0] [cxt 0] Pipeline 'ingress': end
[09:16:28.998] [bmv2] [D] [thread 105117] [13.0] [cxt 0] Egress port is 0
[09:16:28.998] [bmv2] [D] [thread 105118] [12.0] [cxt 0] Pipeline 'egress': start
[09:16:28.998] [bmv2] [D] [thread 105118] [12.0] [cxt 0] Pipeline 'egress': end
[09:16:28.998] [bmv2] [D] [thread 105118] [12.0] [cxt 0] Deparser 'deparser': start
[09:16:28.998] [bmv2] [T] [thread 105118] [12.0] [cxt 0] Skipping checksum 'cksum' update because condition not met
[09:16:28.998] [bmv2] [D] [thread 105118] [12.0] [cxt 0] Deparsing header 'ethernet'
[09:16:28.998] [bmv2] [D] [thread 105118] [12.0] [cxt 0] Deparser 'deparser': end
[09:16:28.998] [bmv2] [D] [thread 105118] [13.0] [cxt 0] Pipeline 'egress': start
[09:16:28.998] [bmv2] [D] [thread 105118] [13.0] [cxt 0] Pipeline 'egress': end
[09:16:28.998] [bmv2] [D] [thread 105118] [13.0] [cxt 0] Deparser 'deparser': start
[09:16:28.998] [bmv2] [T] [thread 105118] [13.0] [cxt 0] Skipping checksum 'cksum' update because condition not met
[09:16:28.998] [bmv2] [D] [thread 105118] [13.0] [cxt 0] Deparsing header 'ethernet'
[09:16:28.998] [bmv2] [D] [thread 105118] [13.0] [cxt 0] Deparser 'deparser': end
[09:16:28.998] [bmv2] [D] [thread 105122] [12.0] [cxt 0] Transmitting packet of size 110 out of port 0
[09:16:28.998] [bmv2] [D] [thread 105122] [13.0] [cxt 0] Transmitting packet of size 70 out of port 0
[09:16:29.002] [bmv2] [D] [thread 105117] [14.0] [cxt 0] Processing packet received on port 2
[09:16:29.002] [bmv2] [D] [thread 105117] [14.0] [cxt 0] Parser 'parser': start
[09:16:29.002] [bmv2] [D] [thread 105117] [14.0] [cxt 0] Parser 'parser' entering state 'start'
[09:16:29.002] [bmv2] [D] [thread 105117] [14.0] [cxt 0] Extracting header 'ethernet'
[09:16:29.002] [bmv2] [D] [thread 105117] [14.0] [cxt 0] Parser state 'start': key is 86dd
[09:16:29.002] [bmv2] [T] [thread 105117] [14.0] [cxt 0] Bytes parsed: 14
[09:16:29.002] [bmv2] [D] [thread 105117] [14.0] [cxt 0] Parser 'parser': end
[09:16:29.002] [bmv2] [D] [thread 105117] [14.0] [cxt 0] Pipeline 'ingress': start
[09:16:29.002] [bmv2] [T] [thread 105117] [14.0] [cxt 0] switch.p4(116) Condition "hdr.ipv4.isValid()" (node_2) is false
[09:16:29.002] [bmv2] [D] [thread 105117] [14.0] [cxt 0] Pipeline 'ingress': end
[09:16:29.002] [bmv2] [D] [thread 105117] [14.0] [cxt 0] Egress port is 0
[09:16:29.002] [bmv2] [D] [thread 105118] [14.0] [cxt 0] Pipeline 'egress': start
[09:16:29.002] [bmv2] [D] [thread 105118] [14.0] [cxt 0] Pipeline 'egress': end
[09:16:29.002] [bmv2] [D] [thread 105118] [14.0] [cxt 0] Deparser 'deparser': start
[09:16:29.002] [bmv2] [T] [thread 105118] [14.0] [cxt 0] Skipping checksum 'cksum' update because condition not met
[09:16:29.002] [bmv2] [D] [thread 105118] [14.0] [cxt 0] Deparsing header 'ethernet'
[09:16:29.002] [bmv2] [D] [thread 105118] [14.0] [cxt 0] Deparser 'deparser': end
[09:16:29.002] [bmv2] [D] [thread 105122] [14.0] [cxt 0] Transmitting packet of size 90 out of port 0
[09:16:29.008] [bmv2] [D] [thread 105117] [15.0] [cxt 0] Processing packet received on port 1
[09:16:29.008] [bmv2] [D] [thread 105117] [15.0] [cxt 0] Parser 'parser': start
[09:16:29.008] [bmv2] [D] [thread 105117] [15.0] [cxt 0] Parser 'parser' entering state 'start'
[09:16:29.008] [bmv2] [D] [thread 105117] [15.0] [cxt 0] Extracting header 'ethernet'
[09:16:29.008] [bmv2] [D] [thread 105117] [15.0] [cxt 0] Parser state 'start': key is 86dd
[09:16:29.008] [bmv2] [T] [thread 105117] [15.0] [cxt 0] Bytes parsed: 14
[09:16:29.008] [bmv2] [D] [thread 105117] [15.0] [cxt 0] Parser 'parser': end
[09:16:29.008] [bmv2] [D] [thread 105117] [15.0] [cxt 0] Pipeline 'ingress': start
[09:16:29.008] [bmv2] [T] [thread 105117] [15.0] [cxt 0] switch.p4(116) Condition "hdr.ipv4.isValid()" (node_2) is false
[09:16:29.008] [bmv2] [D] [thread 105117] [15.0] [cxt 0] Pipeline 'ingress': end
[09:16:29.008] [bmv2] [D] [thread 105117] [15.0] [cxt 0] Egress port is 0
[09:16:29.008] [bmv2] [D] [thread 105118] [15.0] [cxt 0] Pipeline 'egress': start
[09:16:29.008] [bmv2] [D] [thread 105118] [15.0] [cxt 0] Pipeline 'egress': end
[09:16:29.008] [bmv2] [D] [thread 105118] [15.0] [cxt 0] Deparser 'deparser': start
[09:16:29.008] [bmv2] [T] [thread 105118] [15.0] [cxt 0] Skipping checksum 'cksum' update because condition not met
[09:16:29.008] [bmv2] [D] [thread 105118] [15.0] [cxt 0] Deparsing header 'ethernet'
[09:16:29.008] [bmv2] [D] [thread 105118] [15.0] [cxt 0] Deparser 'deparser': end
[09:16:29.008] [bmv2] [D] [thread 105122] [15.0] [cxt 0] Transmitting packet of size 211 out of port 0
[09:16:29.013] [bmv2] [D] [thread 105117] [16.0] [cxt 0] Processing packet received on port 1
[09:16:29.013] [bmv2] [D] [thread 105117] [16.0] [cxt 0] Parser 'parser': start
[09:16:29.013] [bmv2] [D] [thread 105117] [16.0] [cxt 0] Parser 'parser' entering state 'start'
[09:16:29.013] [bmv2] [D] [thread 105117] [16.0] [cxt 0] Extracting header 'ethernet'
[09:16:29.013] [bmv2] [D] [thread 105117] [16.0] [cxt 0] Parser state 'start': key is 86dd
[09:16:29.013] [bmv2] [T] [thread 105117] [16.0] [cxt 0] Bytes parsed: 14
[09:16:29.013] [bmv2] [D] [thread 105117] [16.0] [cxt 0] Parser 'parser': end
[09:16:29.013] [bmv2] [D] [thread 105117] [16.0] [cxt 0] Pipeline 'ingress': start
[09:16:29.013] [bmv2] [T] [thread 105117] [16.0] [cxt 0] switch.p4(116) Condition "hdr.ipv4.isValid()" (node_2) is false
[09:16:29.013] [bmv2] [D] [thread 105117] [16.0] [cxt 0] Pipeline 'ingress': end
[09:16:29.013] [bmv2] [D] [thread 105117] [16.0] [cxt 0] Egress port is 0
[09:16:29.013] [bmv2] [D] [thread 105118] [16.0] [cxt 0] Pipeline 'egress': start
[09:16:29.013] [bmv2] [D] [thread 105118] [16.0] [cxt 0] Pipeline 'egress': end
[09:16:29.013] [bmv2] [D] [thread 105118] [16.0] [cxt 0] Deparser 'deparser': start
[09:16:29.013] [bmv2] [T] [thread 105118] [16.0] [cxt 0] Skipping checksum 'cksum' update because condition not met
[09:16:29.013] [bmv2] [D] [thread 105118] [16.0] [cxt 0] Deparsing header 'ethernet'
[09:16:29.013] [bmv2] [D] [thread 105118] [16.0] [cxt 0] Deparser 'deparser': end
[09:16:29.013] [bmv2] [D] [thread 105122] [16.0] [cxt 0] Transmitting packet of size 90 out of port 0
[09:16:29.044] [bmv2] [D] [thread 105117] [17.0] [cxt 0] Processing packet received on port 1
[09:16:29.044] [bmv2] [D] [thread 105117] [17.0] [cxt 0] Parser 'parser': start
[09:16:29.044] [bmv2] [D] [thread 105117] [17.0] [cxt 0] Parser 'parser' entering state 'start'
[09:16:29.044] [bmv2] [D] [thread 105117] [17.0] [cxt 0] Extracting header 'ethernet'
[09:16:29.044] [bmv2] [D] [thread 105117] [17.0] [cxt 0] Parser state 'start': key is 86dd
[09:16:29.044] [bmv2] [T] [thread 105117] [17.0] [cxt 0] Bytes parsed: 14
[09:16:29.044] [bmv2] [D] [thread 105117] [17.0] [cxt 0] Parser 'parser': end
[09:16:29.044] [bmv2] [D] [thread 105117] [17.0] [cxt 0] Pipeline 'ingress': start
[09:16:29.044] [bmv2] [T] [thread 105117] [17.0] [cxt 0] switch.p4(116) Condition "hdr.ipv4.isValid()" (node_2) is false
[09:16:29.044] [bmv2] [D] [thread 105117] [17.0] [cxt 0] Pipeline 'ingress': end
[09:16:29.044] [bmv2] [D] [thread 105117] [17.0] [cxt 0] Egress port is 0
[09:16:29.044] [bmv2] [D] [thread 105118] [17.0] [cxt 0] Pipeline 'egress': start
[09:16:29.044] [bmv2] [D] [thread 105118] [17.0] [cxt 0] Pipeline 'egress': end
[09:16:29.044] [bmv2] [D] [thread 105118] [17.0] [cxt 0] Deparser 'deparser': start
[09:16:29.044] [bmv2] [T] [thread 105118] [17.0] [cxt 0] Skipping checksum 'cksum' update because condition not met
[09:16:29.044] [bmv2] [D] [thread 105118] [17.0] [cxt 0] Deparsing header 'ethernet'
[09:16:29.044] [bmv2] [D] [thread 105118] [17.0] [cxt 0] Deparser 'deparser': end
[09:16:29.044] [bmv2] [D] [thread 105122] [17.0] [cxt 0] Transmitting packet of size 110 out of port 0
[09:16:29.067] [bmv2] [D] [thread 105117] [18.0] [cxt 0] Processing packet received on port 1
[09:16:29.067] [bmv2] [D] [thread 105117] [18.0] [cxt 0] Parser 'parser': start
[09:16:29.067] [bmv2] [D] [thread 105117] [18.0] [cxt 0] Parser 'parser' entering state 'start'
[09:16:29.067] [bmv2] [D] [thread 105117] [18.0] [cxt 0] Extracting header 'ethernet'
[09:16:29.067] [bmv2] [D] [thread 105117] [18.0] [cxt 0] Parser state 'start': key is 86dd
[09:16:29.067] [bmv2] [T] [thread 105117] [18.0] [cxt 0] Bytes parsed: 14
[09:16:29.067] [bmv2] [D] [thread 105117] [18.0] [cxt 0] Parser 'parser': end
[09:16:29.067] [bmv2] [D] [thread 105117] [18.0] [cxt 0] Pipeline 'ingress': start
[09:16:29.067] [bmv2] [T] [thread 105117] [18.0] [cxt 0] switch.p4(116) Condition "hdr.ipv4.isValid()" (node_2) is false
[09:16:29.067] [bmv2] [D] [thread 105117] [18.0] [cxt 0] Pipeline 'ingress': end
[09:16:29.067] [bmv2] [D] [thread 105117] [18.0] [cxt 0] Egress port is 0
[09:16:29.067] [bmv2] [D] [thread 105117] [19.0] [cxt 0] Processing packet received on port 2
[09:16:29.067] [bmv2] [D] [thread 105117] [19.0] [cxt 0] Parser 'parser': start
[09:16:29.067] [bmv2] [D] [thread 105117] [19.0] [cxt 0] Parser 'parser' entering state 'start'
[09:16:29.067] [bmv2] [D] [thread 105117] [19.0] [cxt 0] Extracting header 'ethernet'
[09:16:29.067] [bmv2] [D] [thread 105117] [19.0] [cxt 0] Parser state 'start': key is 86dd
[09:16:29.067] [bmv2] [T] [thread 105117] [19.0] [cxt 0] Bytes parsed: 14
[09:16:29.067] [bmv2] [D] [thread 105117] [19.0] [cxt 0] Parser 'parser': end
[09:16:29.067] [bmv2] [D] [thread 105117] [19.0] [cxt 0] Pipeline 'ingress': start
[09:16:29.067] [bmv2] [T] [thread 105117] [19.0] [cxt 0] switch.p4(116) Condition "hdr.ipv4.isValid()" (node_2) is false
[09:16:29.067] [bmv2] [D] [thread 105117] [19.0] [cxt 0] Pipeline 'ingress': end
[09:16:29.067] [bmv2] [D] [thread 105117] [19.0] [cxt 0] Egress port is 0
[09:16:29.067] [bmv2] [D] [thread 105118] [18.0] [cxt 0] Pipeline 'egress': start
[09:16:29.067] [bmv2] [D] [thread 105118] [18.0] [cxt 0] Pipeline 'egress': end
[09:16:29.067] [bmv2] [D] [thread 105118] [18.0] [cxt 0] Deparser 'deparser': start
[09:16:29.067] [bmv2] [T] [thread 105118] [18.0] [cxt 0] Skipping checksum 'cksum' update because condition not met
[09:16:29.067] [bmv2] [D] [thread 105118] [18.0] [cxt 0] Deparsing header 'ethernet'
[09:16:29.067] [bmv2] [D] [thread 105118] [18.0] [cxt 0] Deparser 'deparser': end
[09:16:29.067] [bmv2] [D] [thread 105118] [19.0] [cxt 0] Pipeline 'egress': start
[09:16:29.067] [bmv2] [D] [thread 105118] [19.0] [cxt 0] Pipeline 'egress': end
[09:16:29.067] [bmv2] [D] [thread 105122] [18.0] [cxt 0] Transmitting packet of size 211 out of port 0
[09:16:29.067] [bmv2] [D] [thread 105118] [19.0] [cxt 0] Deparser 'deparser': start
[09:16:29.067] [bmv2] [T] [thread 105118] [19.0] [cxt 0] Skipping checksum 'cksum' update because condition not met
[09:16:29.067] [bmv2] [D] [thread 105118] [19.0] [cxt 0] Deparsing header 'ethernet'
[09:16:29.067] [bmv2] [D] [thread 105118] [19.0] [cxt 0] Deparser 'deparser': end
[09:16:29.067] [bmv2] [D] [thread 105122] [19.0] [cxt 0] Transmitting packet of size 211 out of port 0
[09:16:29.100] [bmv2] [D] [thread 105117] [20.0] [cxt 0] Processing packet received on port 1
[09:16:29.100] [bmv2] [D] [thread 105117] [20.0] [cxt 0] Parser 'parser': start
[09:16:29.100] [bmv2] [D] [thread 105117] [20.0] [cxt 0] Parser 'parser' entering state 'start'
[09:16:29.100] [bmv2] [D] [thread 105117] [20.0] [cxt 0] Extracting header 'ethernet'
[09:16:29.100] [bmv2] [D] [thread 105117] [20.0] [cxt 0] Parser state 'start': key is 86dd
[09:16:29.100] [bmv2] [T] [thread 105117] [20.0] [cxt 0] Bytes parsed: 14
[09:16:29.100] [bmv2] [D] [thread 105117] [20.0] [cxt 0] Parser 'parser': end
[09:16:29.100] [bmv2] [D] [thread 105117] [20.0] [cxt 0] Pipeline 'ingress': start
[09:16:29.100] [bmv2] [T] [thread 105117] [20.0] [cxt 0] switch.p4(116) Condition "hdr.ipv4.isValid()" (node_2) is false
[09:16:29.100] [bmv2] [D] [thread 105117] [20.0] [cxt 0] Pipeline 'ingress': end
[09:16:29.100] [bmv2] [D] [thread 105117] [20.0] [cxt 0] Egress port is 0
[09:16:29.100] [bmv2] [D] [thread 105117] [21.0] [cxt 0] Processing packet received on port 2
[09:16:29.100] [bmv2] [D] [thread 105117] [21.0] [cxt 0] Parser 'parser': start
[09:16:29.100] [bmv2] [D] [thread 105117] [21.0] [cxt 0] Parser 'parser' entering state 'start'
[09:16:29.100] [bmv2] [D] [thread 105117] [21.0] [cxt 0] Extracting header 'ethernet'
[09:16:29.100] [bmv2] [D] [thread 105117] [21.0] [cxt 0] Parser state 'start': key is 86dd
[09:16:29.100] [bmv2] [T] [thread 105117] [21.0] [cxt 0] Bytes parsed: 14
[09:16:29.100] [bmv2] [D] [thread 105117] [21.0] [cxt 0] Parser 'parser': end
[09:16:29.100] [bmv2] [D] [thread 105117] [21.0] [cxt 0] Pipeline 'ingress': start
[09:16:29.100] [bmv2] [T] [thread 105117] [21.0] [cxt 0] switch.p4(116) Condition "hdr.ipv4.isValid()" (node_2) is false
[09:16:29.100] [bmv2] [D] [thread 105117] [21.0] [cxt 0] Pipeline 'ingress': end
[09:16:29.100] [bmv2] [D] [thread 105117] [21.0] [cxt 0] Egress port is 0
[09:16:29.100] [bmv2] [D] [thread 105117] [22.0] [cxt 0] Processing packet received on port 2
[09:16:29.100] [bmv2] [D] [thread 105117] [22.0] [cxt 0] Parser 'parser': start
[09:16:29.100] [bmv2] [D] [thread 105117] [22.0] [cxt 0] Parser 'parser' entering state 'start'
[09:16:29.100] [bmv2] [D] [thread 105117] [22.0] [cxt 0] Extracting header 'ethernet'
[09:16:29.100] [bmv2] [D] [thread 105117] [22.0] [cxt 0] Parser state 'start': key is 86dd
[09:16:29.100] [bmv2] [T] [thread 105117] [22.0] [cxt 0] Bytes parsed: 14
[09:16:29.100] [bmv2] [D] [thread 105117] [22.0] [cxt 0] Parser 'parser': end
[09:16:29.100] [bmv2] [D] [thread 105118] [20.0] [cxt 0] Pipeline 'egress': start
[09:16:29.100] [bmv2] [D] [thread 105118] [20.0] [cxt 0] Pipeline 'egress': end
[09:16:29.100] [bmv2] [D] [thread 105118] [20.0] [cxt 0] Deparser 'deparser': start
[09:16:29.100] [bmv2] [T] [thread 105118] [20.0] [cxt 0] Skipping checksum 'cksum' update because condition not met
[09:16:29.100] [bmv2] [D] [thread 105118] [20.0] [cxt 0] Deparsing header 'ethernet'
[09:16:29.100] [bmv2] [D] [thread 105118] [20.0] [cxt 0] Deparser 'deparser': end
[09:16:29.100] [bmv2] [D] [thread 105118] [21.0] [cxt 0] Pipeline 'egress': start
[09:16:29.100] [bmv2] [D] [thread 105118] [21.0] [cxt 0] Pipeline 'egress': end
[09:16:29.100] [bmv2] [D] [thread 105118] [21.0] [cxt 0] Deparser 'deparser': start
[09:16:29.100] [bmv2] [T] [thread 105118] [21.0] [cxt 0] Skipping checksum 'cksum' update because condition not met
[09:16:29.100] [bmv2] [D] [thread 105118] [21.0] [cxt 0] Deparsing header 'ethernet'
[09:16:29.100] [bmv2] [D] [thread 105118] [21.0] [cxt 0] Deparser 'deparser': end
[09:16:29.100] [bmv2] [D] [thread 105122] [20.0] [cxt 0] Transmitting packet of size 203 out of port 0
[09:16:29.100] [bmv2] [D] [thread 105122] [21.0] [cxt 0] Transmitting packet of size 203 out of port 0
[09:16:29.100] [bmv2] [D] [thread 105117] [22.0] [cxt 0] Pipeline 'ingress': start
[09:16:29.100] [bmv2] [T] [thread 105117] [22.0] [cxt 0] switch.p4(116) Condition "hdr.ipv4.isValid()" (node_2) is false
[09:16:29.100] [bmv2] [D] [thread 105117] [22.0] [cxt 0] Pipeline 'ingress': end
[09:16:29.100] [bmv2] [D] [thread 105117] [22.0] [cxt 0] Egress port is 0
[09:16:29.102] [bmv2] [D] [thread 105117] [23.0] [cxt 0] Processing packet received on port 2
[09:16:29.102] [bmv2] [D] [thread 105117] [23.0] [cxt 0] Parser 'parser': start
[09:16:29.102] [bmv2] [D] [thread 105117] [23.0] [cxt 0] Parser 'parser' entering state 'start'
[09:16:29.102] [bmv2] [D] [thread 105117] [23.0] [cxt 0] Extracting header 'ethernet'
[09:16:29.102] [bmv2] [D] [thread 105117] [23.0] [cxt 0] Parser state 'start': key is 86dd
[09:16:29.102] [bmv2] [T] [thread 105117] [23.0] [cxt 0] Bytes parsed: 14
[09:16:29.102] [bmv2] [D] [thread 105117] [23.0] [cxt 0] Parser 'parser': end
[09:16:29.102] [bmv2] [D] [thread 105117] [23.0] [cxt 0] Pipeline 'ingress': start
[09:16:29.102] [bmv2] [T] [thread 105117] [23.0] [cxt 0] switch.p4(116) Condition "hdr.ipv4.isValid()" (node_2) is false
[09:16:29.102] [bmv2] [D] [thread 105117] [23.0] [cxt 0] Pipeline 'ingress': end
[09:16:29.102] [bmv2] [D] [thread 105117] [23.0] [cxt 0] Egress port is 0
[09:16:29.102] [bmv2] [D] [thread 105118] [22.0] [cxt 0] Pipeline 'egress': start
[09:16:29.102] [bmv2] [D] [thread 105118] [22.0] [cxt 0] Pipeline 'egress': end
[09:16:29.102] [bmv2] [D] [thread 105118] [22.0] [cxt 0] Deparser 'deparser': start
[09:16:29.102] [bmv2] [T] [thread 105118] [22.0] [cxt 0] Skipping checksum 'cksum' update because condition not met
[09:16:29.102] [bmv2] [D] [thread 105118] [22.0] [cxt 0] Deparsing header 'ethernet'
[09:16:29.102] [bmv2] [D] [thread 105118] [22.0] [cxt 0] Deparser 'deparser': end
[09:16:29.102] [bmv2] [D] [thread 105118] [23.0] [cxt 0] Pipeline 'egress': start
[09:16:29.102] [bmv2] [D] [thread 105118] [23.0] [cxt 0] Pipeline 'egress': end
[09:16:29.102] [bmv2] [D] [thread 105118] [23.0] [cxt 0] Deparser 'deparser': start
[09:16:29.102] [bmv2] [T] [thread 105118] [23.0] [cxt 0] Skipping checksum 'cksum' update because condition not met
[09:16:29.102] [bmv2] [D] [thread 105118] [23.0] [cxt 0] Deparsing header 'ethernet'
[09:16:29.102] [bmv2] [D] [thread 105118] [23.0] [cxt 0] Deparser 'deparser': end
[09:16:29.102] [bmv2] [D] [thread 105122] [22.0] [cxt 0] Transmitting packet of size 211 out of port 0
[09:16:29.102] [bmv2] [D] [thread 105122] [23.0] [cxt 0] Transmitting packet of size 203 out of port 0
[09:16:29.170] [bmv2] [D] [thread 105117] [24.0] [cxt 0] Processing packet received on port 2
[09:16:29.170] [bmv2] [D] [thread 105117] [24.0] [cxt 0] Parser 'parser': start
[09:16:29.170] [bmv2] [D] [thread 105117] [24.0] [cxt 0] Parser 'parser' entering state 'start'
[09:16:29.170] [bmv2] [D] [thread 105117] [24.0] [cxt 0] Extracting header 'ethernet'
[09:16:29.170] [bmv2] [D] [thread 105117] [24.0] [cxt 0] Parser state 'start': key is 86dd
[09:16:29.170] [bmv2] [T] [thread 105117] [24.0] [cxt 0] Bytes parsed: 14
[09:16:29.170] [bmv2] [D] [thread 105117] [24.0] [cxt 0] Parser 'parser': end
[09:16:29.170] [bmv2] [D] [thread 105117] [24.0] [cxt 0] Pipeline 'ingress': start
[09:16:29.170] [bmv2] [T] [thread 105117] [24.0] [cxt 0] switch.p4(116) Condition "hdr.ipv4.isValid()" (node_2) is false
[09:16:29.170] [bmv2] [D] [thread 105117] [24.0] [cxt 0] Pipeline 'ingress': end
[09:16:29.170] [bmv2] [D] [thread 105117] [24.0] [cxt 0] Egress port is 0
[09:16:29.170] [bmv2] [D] [thread 105118] [24.0] [cxt 0] Pipeline 'egress': start
[09:16:29.170] [bmv2] [D] [thread 105118] [24.0] [cxt 0] Pipeline 'egress': end
[09:16:29.170] [bmv2] [D] [thread 105118] [24.0] [cxt 0] Deparser 'deparser': start
[09:16:29.170] [bmv2] [T] [thread 105118] [24.0] [cxt 0] Skipping checksum 'cksum' update because condition not met
[09:16:29.170] [bmv2] [D] [thread 105118] [24.0] [cxt 0] Deparsing header 'ethernet'
[09:16:29.170] [bmv2] [D] [thread 105118] [24.0] [cxt 0] Deparser 'deparser': end
[09:16:29.170] [bmv2] [D] [thread 105122] [24.0] [cxt 0] Transmitting packet of size 90 out of port 0
[09:16:29.208] [bmv2] [D] [thread 105117] [25.0] [cxt 0] Processing packet received on port 2
[09:16:29.208] [bmv2] [D] [thread 105117] [25.0] [cxt 0] Parser 'parser': start
[09:16:29.208] [bmv2] [D] [thread 105117] [25.0] [cxt 0] Parser 'parser' entering state 'start'
[09:16:29.208] [bmv2] [D] [thread 105117] [25.0] [cxt 0] Extracting header 'ethernet'
[09:16:29.208] [bmv2] [D] [thread 105117] [25.0] [cxt 0] Parser state 'start': key is 86dd
[09:16:29.208] [bmv2] [T] [thread 105117] [25.0] [cxt 0] Bytes parsed: 14
[09:16:29.208] [bmv2] [D] [thread 105117] [25.0] [cxt 0] Parser 'parser': end
[09:16:29.208] [bmv2] [D] [thread 105117] [25.0] [cxt 0] Pipeline 'ingress': start
[09:16:29.208] [bmv2] [T] [thread 105117] [25.0] [cxt 0] switch.p4(116) Condition "hdr.ipv4.isValid()" (node_2) is false
[09:16:29.208] [bmv2] [D] [thread 105117] [25.0] [cxt 0] Pipeline 'ingress': end
[09:16:29.208] [bmv2] [D] [thread 105117] [25.0] [cxt 0] Egress port is 0
[09:16:29.209] [bmv2] [D] [thread 105118] [25.0] [cxt 0] Pipeline 'egress': start
[09:16:29.209] [bmv2] [D] [thread 105118] [25.0] [cxt 0] Pipeline 'egress': end
[09:16:29.209] [bmv2] [D] [thread 105118] [25.0] [cxt 0] Deparser 'deparser': start
[09:16:29.209] [bmv2] [T] [thread 105118] [25.0] [cxt 0] Skipping checksum 'cksum' update because condition not met
[09:16:29.209] [bmv2] [D] [thread 105118] [25.0] [cxt 0] Deparsing header 'ethernet'
[09:16:29.209] [bmv2] [D] [thread 105118] [25.0] [cxt 0] Deparser 'deparser': end
[09:16:29.210] [bmv2] [D] [thread 105122] [25.0] [cxt 0] Transmitting packet of size 110 out of port 0
[09:16:29.264] [bmv2] [D] [thread 105117] [26.0] [cxt 0] Processing packet received on port 1
[09:16:29.264] [bmv2] [D] [thread 105117] [26.0] [cxt 0] Parser 'parser': start
[09:16:29.264] [bmv2] [D] [thread 105117] [26.0] [cxt 0] Parser 'parser' entering state 'start'
[09:16:29.264] [bmv2] [D] [thread 105117] [26.0] [cxt 0] Extracting header 'ethernet'
[09:16:29.264] [bmv2] [D] [thread 105117] [26.0] [cxt 0] Parser state 'start': key is 86dd
[09:16:29.264] [bmv2] [T] [thread 105117] [26.0] [cxt 0] Bytes parsed: 14
[09:16:29.264] [bmv2] [D] [thread 105117] [26.0] [cxt 0] Parser 'parser': end
[09:16:29.264] [bmv2] [D] [thread 105117] [26.0] [cxt 0] Pipeline 'ingress': start
[09:16:29.264] [bmv2] [T] [thread 105117] [26.0] [cxt 0] switch.p4(116) Condition "hdr.ipv4.isValid()" (node_2) is false
[09:16:29.264] [bmv2] [D] [thread 105117] [26.0] [cxt 0] Pipeline 'ingress': end
[09:16:29.264] [bmv2] [D] [thread 105117] [26.0] [cxt 0] Egress port is 0
[09:16:29.264] [bmv2] [D] [thread 105118] [26.0] [cxt 0] Pipeline 'egress': start
[09:16:29.264] [bmv2] [D] [thread 105118] [26.0] [cxt 0] Pipeline 'egress': end
[09:16:29.264] [bmv2] [D] [thread 105118] [26.0] [cxt 0] Deparser 'deparser': start
[09:16:29.264] [bmv2] [T] [thread 105118] [26.0] [cxt 0] Skipping checksum 'cksum' update because condition not met
[09:16:29.264] [bmv2] [D] [thread 105118] [26.0] [cxt 0] Deparsing header 'ethernet'
[09:16:29.264] [bmv2] [D] [thread 105118] [26.0] [cxt 0] Deparser 'deparser': end
[09:16:29.264] [bmv2] [D] [thread 105122] [26.0] [cxt 0] Transmitting packet of size 211 out of port 0
[09:16:29.319] [bmv2] [D] [thread 105117] [27.0] [cxt 0] Processing packet received on port 1
[09:16:29.319] [bmv2] [D] [thread 105117] [27.0] [cxt 0] Parser 'parser': start
[09:16:29.319] [bmv2] [D] [thread 105117] [27.0] [cxt 0] Parser 'parser' entering state 'start'
[09:16:29.319] [bmv2] [D] [thread 105117] [27.0] [cxt 0] Extracting header 'ethernet'
[09:16:29.319] [bmv2] [D] [thread 105117] [27.0] [cxt 0] Parser state 'start': key is 86dd
[09:16:29.319] [bmv2] [T] [thread 105117] [27.0] [cxt 0] Bytes parsed: 14
[09:16:29.319] [bmv2] [D] [thread 105117] [27.0] [cxt 0] Parser 'parser': end
[09:16:29.319] [bmv2] [D] [thread 105117] [27.0] [cxt 0] Pipeline 'ingress': start
[09:16:29.319] [bmv2] [T] [thread 105117] [27.0] [cxt 0] switch.p4(116) Condition "hdr.ipv4.isValid()" (node_2) is false
[09:16:29.319] [bmv2] [D] [thread 105117] [27.0] [cxt 0] Pipeline 'ingress': end
[09:16:29.319] [bmv2] [D] [thread 105117] [27.0] [cxt 0] Egress port is 0
[09:16:29.320] [bmv2] [D] [thread 105117] [28.0] [cxt 0] Processing packet received on port 2
[09:16:29.320] [bmv2] [D] [thread 105117] [28.0] [cxt 0] Parser 'parser': start
[09:16:29.320] [bmv2] [D] [thread 105117] [28.0] [cxt 0] Parser 'parser' entering state 'start'
[09:16:29.320] [bmv2] [D] [thread 105117] [28.0] [cxt 0] Extracting header 'ethernet'
[09:16:29.320] [bmv2] [D] [thread 105117] [28.0] [cxt 0] Parser state 'start': key is 86dd
[09:16:29.320] [bmv2] [T] [thread 105117] [28.0] [cxt 0] Bytes parsed: 14
[09:16:29.320] [bmv2] [D] [thread 105117] [28.0] [cxt 0] Parser 'parser': end
[09:16:29.320] [bmv2] [D] [thread 105117] [28.0] [cxt 0] Pipeline 'ingress': start
[09:16:29.320] [bmv2] [T] [thread 105117] [28.0] [cxt 0] switch.p4(116) Condition "hdr.ipv4.isValid()" (node_2) is false
[09:16:29.320] [bmv2] [D] [thread 105117] [28.0] [cxt 0] Pipeline 'ingress': end
[09:16:29.320] [bmv2] [D] [thread 105117] [28.0] [cxt 0] Egress port is 0
[09:16:29.320] [bmv2] [D] [thread 105118] [27.0] [cxt 0] Pipeline 'egress': start
[09:16:29.320] [bmv2] [D] [thread 105118] [27.0] [cxt 0] Pipeline 'egress': end
[09:16:29.320] [bmv2] [D] [thread 105118] [27.0] [cxt 0] Deparser 'deparser': start
[09:16:29.320] [bmv2] [T] [thread 105118] [27.0] [cxt 0] Skipping checksum 'cksum' update because condition not met
[09:16:29.320] [bmv2] [D] [thread 105118] [27.0] [cxt 0] Deparsing header 'ethernet'
[09:16:29.320] [bmv2] [D] [thread 105118] [27.0] [cxt 0] Deparser 'deparser': end
[09:16:29.320] [bmv2] [D] [thread 105118] [28.0] [cxt 0] Pipeline 'egress': start
[09:16:29.320] [bmv2] [D] [thread 105118] [28.0] [cxt 0] Pipeline 'egress': end
[09:16:29.320] [bmv2] [D] [thread 105118] [28.0] [cxt 0] Deparser 'deparser': start
[09:16:29.320] [bmv2] [T] [thread 105118] [28.0] [cxt 0] Skipping checksum 'cksum' update because condition not met
[09:16:29.320] [bmv2] [D] [thread 105118] [28.0] [cxt 0] Deparsing header 'ethernet'
[09:16:29.320] [bmv2] [D] [thread 105118] [28.0] [cxt 0] Deparser 'deparser': end
[09:16:29.320] [bmv2] [D] [thread 105122] [27.0] [cxt 0] Transmitting packet of size 211 out of port 0
[09:16:29.320] [bmv2] [D] [thread 105122] [28.0] [cxt 0] Transmitting packet of size 211 out of port 0
[09:16:29.388] [bmv2] [D] [thread 105117] [29.0] [cxt 0] Processing packet received on port 2
[09:16:29.388] [bmv2] [D] [thread 105117] [29.0] [cxt 0] Parser 'parser': start
[09:16:29.388] [bmv2] [D] [thread 105117] [29.0] [cxt 0] Parser 'parser' entering state 'start'
[09:16:29.388] [bmv2] [D] [thread 105117] [29.0] [cxt 0] Extracting header 'ethernet'
[09:16:29.388] [bmv2] [D] [thread 105117] [29.0] [cxt 0] Parser state 'start': key is 86dd
[09:16:29.388] [bmv2] [T] [thread 105117] [29.0] [cxt 0] Bytes parsed: 14
[09:16:29.388] [bmv2] [D] [thread 105117] [29.0] [cxt 0] Parser 'parser': end
[09:16:29.388] [bmv2] [D] [thread 105117] [29.0] [cxt 0] Pipeline 'ingress': start
[09:16:29.388] [bmv2] [T] [thread 105117] [29.0] [cxt 0] switch.p4(116) Condition "hdr.ipv4.isValid()" (node_2) is false
[09:16:29.388] [bmv2] [D] [thread 105117] [29.0] [cxt 0] Pipeline 'ingress': end
[09:16:29.388] [bmv2] [D] [thread 105117] [29.0] [cxt 0] Egress port is 0
[09:16:29.388] [bmv2] [D] [thread 105118] [29.0] [cxt 0] Pipeline 'egress': start
[09:16:29.388] [bmv2] [D] [thread 105118] [29.0] [cxt 0] Pipeline 'egress': end
[09:16:29.388] [bmv2] [D] [thread 105118] [29.0] [cxt 0] Deparser 'deparser': start
[09:16:29.388] [bmv2] [T] [thread 105118] [29.0] [cxt 0] Skipping checksum 'cksum' update because condition not met
[09:16:29.388] [bmv2] [D] [thread 105118] [29.0] [cxt 0] Deparsing header 'ethernet'
[09:16:29.388] [bmv2] [D] [thread 105118] [29.0] [cxt 0] Deparser 'deparser': end
[09:16:29.388] [bmv2] [D] [thread 105122] [29.0] [cxt 0] Transmitting packet of size 211 out of port 0
[09:16:29.435] [bmv2] [D] [thread 105117] [30.0] [cxt 0] Processing packet received on port 2
[09:16:29.435] [bmv2] [D] [thread 105117] [30.0] [cxt 0] Parser 'parser': start
[09:16:29.435] [bmv2] [D] [thread 105117] [30.0] [cxt 0] Parser 'parser' entering state 'start'
[09:16:29.435] [bmv2] [D] [thread 105117] [30.0] [cxt 0] Extracting header 'ethernet'
[09:16:29.435] [bmv2] [D] [thread 105117] [30.0] [cxt 0] Parser state 'start': key is 86dd
[09:16:29.435] [bmv2] [T] [thread 105117] [30.0] [cxt 0] Bytes parsed: 14
[09:16:29.435] [bmv2] [D] [thread 105117] [30.0] [cxt 0] Parser 'parser': end
[09:16:29.435] [bmv2] [D] [thread 105117] [30.0] [cxt 0] Pipeline 'ingress': start
[09:16:29.435] [bmv2] [T] [thread 105117] [30.0] [cxt 0] switch.p4(116) Condition "hdr.ipv4.isValid()" (node_2) is false
[09:16:29.435] [bmv2] [D] [thread 105117] [30.0] [cxt 0] Pipeline 'ingress': end
[09:16:29.435] [bmv2] [D] [thread 105117] [30.0] [cxt 0] Egress port is 0
[09:16:29.435] [bmv2] [D] [thread 105118] [30.0] [cxt 0] Pipeline 'egress': start
[09:16:29.435] [bmv2] [D] [thread 105118] [30.0] [cxt 0] Pipeline 'egress': end
[09:16:29.435] [bmv2] [D] [thread 105118] [30.0] [cxt 0] Deparser 'deparser': start
[09:16:29.435] [bmv2] [T] [thread 105118] [30.0] [cxt 0] Skipping checksum 'cksum' update because condition not met
[09:16:29.435] [bmv2] [D] [thread 105118] [30.0] [cxt 0] Deparsing header 'ethernet'
[09:16:29.435] [bmv2] [D] [thread 105118] [30.0] [cxt 0] Deparser 'deparser': end
[09:16:29.435] [bmv2] [D] [thread 105122] [30.0] [cxt 0] Transmitting packet of size 110 out of port 0
[09:16:29.462] [bmv2] [D] [thread 105117] [31.0] [cxt 0] Processing packet received on port 1
[09:16:29.462] [bmv2] [D] [thread 105117] [31.0] [cxt 0] Parser 'parser': start
[09:16:29.462] [bmv2] [D] [thread 105117] [31.0] [cxt 0] Parser 'parser' entering state 'start'
[09:16:29.462] [bmv2] [D] [thread 105117] [31.0] [cxt 0] Extracting header 'ethernet'
[09:16:29.462] [bmv2] [D] [thread 105117] [31.0] [cxt 0] Parser state 'start': key is 86dd
[09:16:29.462] [bmv2] [T] [thread 105117] [31.0] [cxt 0] Bytes parsed: 14
[09:16:29.462] [bmv2] [D] [thread 105117] [31.0] [cxt 0] Parser 'parser': end
[09:16:29.462] [bmv2] [D] [thread 105117] [31.0] [cxt 0] Pipeline 'ingress': start
[09:16:29.462] [bmv2] [T] [thread 105117] [31.0] [cxt 0] switch.p4(116) Condition "hdr.ipv4.isValid()" (node_2) is false
[09:16:29.462] [bmv2] [D] [thread 105117] [31.0] [cxt 0] Pipeline 'ingress': end
[09:16:29.462] [bmv2] [D] [thread 105117] [31.0] [cxt 0] Egress port is 0
[09:16:29.462] [bmv2] [D] [thread 105118] [31.0] [cxt 0] Pipeline 'egress': start
[09:16:29.462] [bmv2] [D] [thread 105118] [31.0] [cxt 0] Pipeline 'egress': end
[09:16:29.462] [bmv2] [D] [thread 105118] [31.0] [cxt 0] Deparser 'deparser': start
[09:16:29.462] [bmv2] [T] [thread 105118] [31.0] [cxt 0] Skipping checksum 'cksum' update because condition not met
[09:16:29.462] [bmv2] [D] [thread 105118] [31.0] [cxt 0] Deparsing header 'ethernet'
[09:16:29.462] [bmv2] [D] [thread 105118] [31.0] [cxt 0] Deparser 'deparser': end
[09:16:29.465] [bmv2] [D] [thread 105122] [31.0] [cxt 0] Transmitting packet of size 199 out of port 0
[09:16:29.567] [bmv2] [D] [thread 105117] [32.0] [cxt 0] Processing packet received on port 1
[09:16:29.567] [bmv2] [D] [thread 105117] [32.0] [cxt 0] Parser 'parser': start
[09:16:29.567] [bmv2] [D] [thread 105117] [32.0] [cxt 0] Parser 'parser' entering state 'start'
[09:16:29.567] [bmv2] [D] [thread 105117] [32.0] [cxt 0] Extracting header 'ethernet'
[09:16:29.567] [bmv2] [D] [thread 105117] [32.0] [cxt 0] Parser state 'start': key is 86dd
[09:16:29.567] [bmv2] [T] [thread 105117] [32.0] [cxt 0] Bytes parsed: 14
[09:16:29.567] [bmv2] [D] [thread 105117] [32.0] [cxt 0] Parser 'parser': end
[09:16:29.567] [bmv2] [D] [thread 105117] [32.0] [cxt 0] Pipeline 'ingress': start
[09:16:29.567] [bmv2] [T] [thread 105117] [32.0] [cxt 0] switch.p4(116) Condition "hdr.ipv4.isValid()" (node_2) is false
[09:16:29.567] [bmv2] [D] [thread 105117] [32.0] [cxt 0] Pipeline 'ingress': end
[09:16:29.567] [bmv2] [D] [thread 105117] [32.0] [cxt 0] Egress port is 0
[09:16:29.567] [bmv2] [D] [thread 105117] [33.0] [cxt 0] Processing packet received on port 2
[09:16:29.567] [bmv2] [D] [thread 105117] [33.0] [cxt 0] Parser 'parser': start
[09:16:29.567] [bmv2] [D] [thread 105117] [33.0] [cxt 0] Parser 'parser' entering state 'start'
[09:16:29.567] [bmv2] [D] [thread 105117] [33.0] [cxt 0] Extracting header 'ethernet'
[09:16:29.567] [bmv2] [D] [thread 105117] [33.0] [cxt 0] Parser state 'start': key is 86dd
[09:16:29.567] [bmv2] [T] [thread 105117] [33.0] [cxt 0] Bytes parsed: 14
[09:16:29.567] [bmv2] [D] [thread 105117] [33.0] [cxt 0] Parser 'parser': end
[09:16:29.567] [bmv2] [D] [thread 105117] [33.0] [cxt 0] Pipeline 'ingress': start
[09:16:29.567] [bmv2] [T] [thread 105117] [33.0] [cxt 0] switch.p4(116) Condition "hdr.ipv4.isValid()" (node_2) is false
[09:16:29.567] [bmv2] [D] [thread 105117] [33.0] [cxt 0] Pipeline 'ingress': end
[09:16:29.567] [bmv2] [D] [thread 105117] [33.0] [cxt 0] Egress port is 0
[09:16:29.567] [bmv2] [D] [thread 105118] [32.0] [cxt 0] Pipeline 'egress': start
[09:16:29.567] [bmv2] [D] [thread 105118] [32.0] [cxt 0] Pipeline 'egress': end
[09:16:29.567] [bmv2] [D] [thread 105118] [32.0] [cxt 0] Deparser 'deparser': start
[09:16:29.567] [bmv2] [T] [thread 105118] [32.0] [cxt 0] Skipping checksum 'cksum' update because condition not met
[09:16:29.567] [bmv2] [D] [thread 105118] [32.0] [cxt 0] Deparsing header 'ethernet'
[09:16:29.567] [bmv2] [D] [thread 105118] [32.0] [cxt 0] Deparser 'deparser': end
[09:16:29.567] [bmv2] [D] [thread 105118] [33.0] [cxt 0] Pipeline 'egress': start
[09:16:29.567] [bmv2] [D] [thread 105118] [33.0] [cxt 0] Pipeline 'egress': end
[09:16:29.567] [bmv2] [D] [thread 105118] [33.0] [cxt 0] Deparser 'deparser': start
[09:16:29.567] [bmv2] [T] [thread 105118] [33.0] [cxt 0] Skipping checksum 'cksum' update because condition not met
[09:16:29.567] [bmv2] [D] [thread 105118] [33.0] [cxt 0] Deparsing header 'ethernet'
[09:16:29.567] [bmv2] [D] [thread 105118] [33.0] [cxt 0] Deparser 'deparser': end
[09:16:29.567] [bmv2] [D] [thread 105122] [32.0] [cxt 0] Transmitting packet of size 211 out of port 0
[09:16:29.567] [bmv2] [D] [thread 105122] [33.0] [cxt 0] Transmitting packet of size 211 out of port 0
[09:16:29.715] [bmv2] [D] [thread 105117] [34.0] [cxt 0] Processing packet received on port 1
[09:16:29.715] [bmv2] [D] [thread 105117] [34.0] [cxt 0] Parser 'parser': start
[09:16:29.715] [bmv2] [D] [thread 105117] [34.0] [cxt 0] Parser 'parser' entering state 'start'
[09:16:29.715] [bmv2] [D] [thread 105117] [34.0] [cxt 0] Extracting header 'ethernet'
[09:16:29.715] [bmv2] [D] [thread 105117] [34.0] [cxt 0] Parser state 'start': key is 86dd
[09:16:29.715] [bmv2] [T] [thread 105117] [34.0] [cxt 0] Bytes parsed: 14
[09:16:29.715] [bmv2] [D] [thread 105117] [34.0] [cxt 0] Parser 'parser': end
[09:16:29.715] [bmv2] [D] [thread 105117] [34.0] [cxt 0] Pipeline 'ingress': start
[09:16:29.715] [bmv2] [T] [thread 105117] [34.0] [cxt 0] switch.p4(116) Condition "hdr.ipv4.isValid()" (node_2) is false
[09:16:29.715] [bmv2] [D] [thread 105117] [34.0] [cxt 0] Pipeline 'ingress': end
[09:16:29.715] [bmv2] [D] [thread 105117] [34.0] [cxt 0] Egress port is 0
[09:16:29.715] [bmv2] [D] [thread 105117] [35.0] [cxt 0] Processing packet received on port 2
[09:16:29.715] [bmv2] [D] [thread 105117] [35.0] [cxt 0] Parser 'parser': start
[09:16:29.715] [bmv2] [D] [thread 105117] [35.0] [cxt 0] Parser 'parser' entering state 'start'
[09:16:29.715] [bmv2] [D] [thread 105117] [35.0] [cxt 0] Extracting header 'ethernet'
[09:16:29.715] [bmv2] [D] [thread 105117] [35.0] [cxt 0] Parser state 'start': key is 86dd
[09:16:29.715] [bmv2] [T] [thread 105117] [35.0] [cxt 0] Bytes parsed: 14
[09:16:29.715] [bmv2] [D] [thread 105117] [35.0] [cxt 0] Parser 'parser': end
[09:16:29.715] [bmv2] [D] [thread 105117] [35.0] [cxt 0] Pipeline 'ingress': start
[09:16:29.715] [bmv2] [T] [thread 105117] [35.0] [cxt 0] switch.p4(116) Condition "hdr.ipv4.isValid()" (node_2) is false
[09:16:29.715] [bmv2] [D] [thread 105117] [35.0] [cxt 0] Pipeline 'ingress': end
[09:16:29.715] [bmv2] [D] [thread 105117] [35.0] [cxt 0] Egress port is 0
[09:16:29.715] [bmv2] [D] [thread 105118] [34.0] [cxt 0] Pipeline 'egress': start
[09:16:29.721] [bmv2] [D] [thread 105118] [34.0] [cxt 0] Pipeline 'egress': end
[09:16:29.721] [bmv2] [D] [thread 105118] [34.0] [cxt 0] Deparser 'deparser': start
[09:16:29.721] [bmv2] [T] [thread 105118] [34.0] [cxt 0] Skipping checksum 'cksum' update because condition not met
[09:16:29.721] [bmv2] [D] [thread 105118] [34.0] [cxt 0] Deparsing header 'ethernet'
[09:16:29.721] [bmv2] [D] [thread 105118] [34.0] [cxt 0] Deparser 'deparser': end
[09:16:29.721] [bmv2] [D] [thread 105118] [35.0] [cxt 0] Pipeline 'egress': start
[09:16:29.721] [bmv2] [D] [thread 105118] [35.0] [cxt 0] Pipeline 'egress': end
[09:16:29.721] [bmv2] [D] [thread 105118] [35.0] [cxt 0] Deparser 'deparser': start
[09:16:29.721] [bmv2] [T] [thread 105118] [35.0] [cxt 0] Skipping checksum 'cksum' update because condition not met
[09:16:29.721] [bmv2] [D] [thread 105118] [35.0] [cxt 0] Deparsing header 'ethernet'
[09:16:29.721] [bmv2] [D] [thread 105118] [35.0] [cxt 0] Deparser 'deparser': end
[09:16:29.721] [bmv2] [D] [thread 105117] [36.0] [cxt 0] Processing packet received on port 1
[09:16:29.721] [bmv2] [D] [thread 105117] [36.0] [cxt 0] Parser 'parser': start
[09:16:29.721] [bmv2] [D] [thread 105117] [36.0] [cxt 0] Parser 'parser' entering state 'start'
[09:16:29.721] [bmv2] [D] [thread 105117] [36.0] [cxt 0] Extracting header 'ethernet'
[09:16:29.721] [bmv2] [D] [thread 105117] [36.0] [cxt 0] Parser state 'start': key is 86dd
[09:16:29.721] [bmv2] [T] [thread 105117] [36.0] [cxt 0] Bytes parsed: 14
[09:16:29.721] [bmv2] [D] [thread 105117] [36.0] [cxt 0] Parser 'parser': end
[09:16:29.721] [bmv2] [D] [thread 105117] [36.0] [cxt 0] Pipeline 'ingress': start
[09:16:29.721] [bmv2] [T] [thread 105117] [36.0] [cxt 0] switch.p4(116) Condition "hdr.ipv4.isValid()" (node_2) is false
[09:16:29.721] [bmv2] [D] [thread 105117] [36.0] [cxt 0] Pipeline 'ingress': end
[09:16:29.721] [bmv2] [D] [thread 105117] [36.0] [cxt 0] Egress port is 0
[09:16:29.721] [bmv2] [D] [thread 105117] [37.0] [cxt 0] Processing packet received on port 2
[09:16:29.721] [bmv2] [D] [thread 105117] [37.0] [cxt 0] Parser 'parser': start
[09:16:29.721] [bmv2] [D] [thread 105117] [37.0] [cxt 0] Parser 'parser' entering state 'start'
[09:16:29.721] [bmv2] [D] [thread 105117] [37.0] [cxt 0] Extracting header 'ethernet'
[09:16:29.721] [bmv2] [D] [thread 105117] [37.0] [cxt 0] Parser state 'start': key is 86dd
[09:16:29.721] [bmv2] [T] [thread 105117] [37.0] [cxt 0] Bytes parsed: 14
[09:16:29.721] [bmv2] [D] [thread 105117] [37.0] [cxt 0] Parser 'parser': end
[09:16:29.721] [bmv2] [D] [thread 105117] [37.0] [cxt 0] Pipeline 'ingress': start
[09:16:29.721] [bmv2] [T] [thread 105117] [37.0] [cxt 0] switch.p4(116) Condition "hdr.ipv4.isValid()" (node_2) is false
[09:16:29.721] [bmv2] [D] [thread 105117] [37.0] [cxt 0] Pipeline 'ingress': end
[09:16:29.721] [bmv2] [D] [thread 105117] [37.0] [cxt 0] Egress port is 0
[09:16:29.721] [bmv2] [D] [thread 105122] [34.0] [cxt 0] Transmitting packet of size 110 out of port 0
[09:16:29.721] [bmv2] [D] [thread 105122] [35.0] [cxt 0] Transmitting packet of size 211 out of port 0
[09:16:29.721] [bmv2] [D] [thread 105118] [36.0] [cxt 0] Pipeline 'egress': start
[09:16:29.721] [bmv2] [D] [thread 105118] [36.0] [cxt 0] Pipeline 'egress': end
[09:16:29.721] [bmv2] [D] [thread 105118] [36.0] [cxt 0] Deparser 'deparser': start
[09:16:29.721] [bmv2] [T] [thread 105118] [36.0] [cxt 0] Skipping checksum 'cksum' update because condition not met
[09:16:29.721] [bmv2] [D] [thread 105118] [36.0] [cxt 0] Deparsing header 'ethernet'
[09:16:29.721] [bmv2] [D] [thread 105118] [36.0] [cxt 0] Deparser 'deparser': end
[09:16:29.721] [bmv2] [D] [thread 105118] [37.0] [cxt 0] Pipeline 'egress': start
[09:16:29.721] [bmv2] [D] [thread 105118] [37.0] [cxt 0] Pipeline 'egress': end
[09:16:29.721] [bmv2] [D] [thread 105118] [37.0] [cxt 0] Deparser 'deparser': start
[09:16:29.721] [bmv2] [T] [thread 105118] [37.0] [cxt 0] Skipping checksum 'cksum' update because condition not met
[09:16:29.721] [bmv2] [D] [thread 105118] [37.0] [cxt 0] Deparsing header 'ethernet'
[09:16:29.721] [bmv2] [D] [thread 105118] [37.0] [cxt 0] Deparser 'deparser': end
[09:16:29.721] [bmv2] [D] [thread 105122] [36.0] [cxt 0] Transmitting packet of size 90 out of port 0
[09:16:29.721] [bmv2] [D] [thread 105122] [37.0] [cxt 0] Transmitting packet of size 90 out of port 0
[09:16:29.766] [bmv2] [D] [thread 105117] [38.0] [cxt 0] Processing packet received on port 1
[09:16:29.766] [bmv2] [D] [thread 105117] [38.0] [cxt 0] Parser 'parser': start
[09:16:29.766] [bmv2] [D] [thread 105117] [38.0] [cxt 0] Parser 'parser' entering state 'start'
[09:16:29.766] [bmv2] [D] [thread 105117] [38.0] [cxt 0] Extracting header 'ethernet'
[09:16:29.766] [bmv2] [D] [thread 105117] [38.0] [cxt 0] Parser state 'start': key is 86dd
[09:16:29.766] [bmv2] [T] [thread 105117] [38.0] [cxt 0] Bytes parsed: 14
[09:16:29.766] [bmv2] [D] [thread 105117] [38.0] [cxt 0] Parser 'parser': end
[09:16:29.766] [bmv2] [D] [thread 105117] [38.0] [cxt 0] Pipeline 'ingress': start
[09:16:29.766] [bmv2] [T] [thread 105117] [38.0] [cxt 0] switch.p4(116) Condition "hdr.ipv4.isValid()" (node_2) is false
[09:16:29.766] [bmv2] [D] [thread 105117] [38.0] [cxt 0] Pipeline 'ingress': end
[09:16:29.766] [bmv2] [D] [thread 105117] [38.0] [cxt 0] Egress port is 0
[09:16:29.766] [bmv2] [D] [thread 105117] [39.0] [cxt 0] Processing packet received on port 2
[09:16:29.766] [bmv2] [D] [thread 105117] [39.0] [cxt 0] Parser 'parser': start
[09:16:29.766] [bmv2] [D] [thread 105117] [39.0] [cxt 0] Parser 'parser' entering state 'start'
[09:16:29.766] [bmv2] [D] [thread 105117] [39.0] [cxt 0] Extracting header 'ethernet'
[09:16:29.766] [bmv2] [D] [thread 105117] [39.0] [cxt 0] Parser state 'start': key is 86dd
[09:16:29.766] [bmv2] [T] [thread 105117] [39.0] [cxt 0] Bytes parsed: 14
[09:16:29.766] [bmv2] [D] [thread 105117] [39.0] [cxt 0] Parser 'parser': end
[09:16:29.766] [bmv2] [D] [thread 105117] [39.0] [cxt 0] Pipeline 'ingress': start
[09:16:29.766] [bmv2] [T] [thread 105117] [39.0] [cxt 0] switch.p4(116) Condition "hdr.ipv4.isValid()" (node_2) is false
[09:16:29.766] [bmv2] [D] [thread 105117] [39.0] [cxt 0] Pipeline 'ingress': end
[09:16:29.766] [bmv2] [D] [thread 105117] [39.0] [cxt 0] Egress port is 0
[09:16:29.766] [bmv2] [D] [thread 105118] [38.0] [cxt 0] Pipeline 'egress': start
[09:16:29.766] [bmv2] [D] [thread 105118] [38.0] [cxt 0] Pipeline 'egress': end
[09:16:29.766] [bmv2] [D] [thread 105118] [38.0] [cxt 0] Deparser 'deparser': start
[09:16:29.766] [bmv2] [T] [thread 105118] [38.0] [cxt 0] Skipping checksum 'cksum' update because condition not met
[09:16:29.766] [bmv2] [D] [thread 105118] [38.0] [cxt 0] Deparsing header 'ethernet'
[09:16:29.766] [bmv2] [D] [thread 105118] [38.0] [cxt 0] Deparser 'deparser': end
[09:16:29.767] [bmv2] [D] [thread 105118] [39.0] [cxt 0] Pipeline 'egress': start
[09:16:29.767] [bmv2] [D] [thread 105118] [39.0] [cxt 0] Pipeline 'egress': end
[09:16:29.767] [bmv2] [D] [thread 105118] [39.0] [cxt 0] Deparser 'deparser': start
[09:16:29.767] [bmv2] [T] [thread 105118] [39.0] [cxt 0] Skipping checksum 'cksum' update because condition not met
[09:16:29.767] [bmv2] [D] [thread 105118] [39.0] [cxt 0] Deparsing header 'ethernet'
[09:16:29.767] [bmv2] [D] [thread 105118] [39.0] [cxt 0] Deparser 'deparser': end
[09:16:29.767] [bmv2] [D] [thread 105122] [38.0] [cxt 0] Transmitting packet of size 199 out of port 0
[09:16:29.767] [bmv2] [D] [thread 105122] [39.0] [cxt 0] Transmitting packet of size 199 out of port 0
[09:16:29.816] [bmv2] [D] [thread 105117] [40.0] [cxt 0] Processing packet received on port 1
[09:16:29.816] [bmv2] [D] [thread 105117] [40.0] [cxt 0] Parser 'parser': start
[09:16:29.816] [bmv2] [D] [thread 105117] [40.0] [cxt 0] Parser 'parser' entering state 'start'
[09:16:29.816] [bmv2] [D] [thread 105117] [40.0] [cxt 0] Extracting header 'ethernet'
[09:16:29.816] [bmv2] [D] [thread 105117] [40.0] [cxt 0] Parser state 'start': key is 86dd
[09:16:29.816] [bmv2] [T] [thread 105117] [40.0] [cxt 0] Bytes parsed: 14
[09:16:29.816] [bmv2] [D] [thread 105117] [40.0] [cxt 0] Parser 'parser': end
[09:16:29.816] [bmv2] [D] [thread 105117] [40.0] [cxt 0] Pipeline 'ingress': start
[09:16:29.816] [bmv2] [T] [thread 105117] [40.0] [cxt 0] switch.p4(116) Condition "hdr.ipv4.isValid()" (node_2) is false
[09:16:29.816] [bmv2] [D] [thread 105117] [40.0] [cxt 0] Pipeline 'ingress': end
[09:16:29.816] [bmv2] [D] [thread 105117] [40.0] [cxt 0] Egress port is 0
[09:16:29.816] [bmv2] [D] [thread 105118] [40.0] [cxt 0] Pipeline 'egress': start
[09:16:29.816] [bmv2] [D] [thread 105118] [40.0] [cxt 0] Pipeline 'egress': end
[09:16:29.816] [bmv2] [D] [thread 105118] [40.0] [cxt 0] Deparser 'deparser': start
[09:16:29.816] [bmv2] [T] [thread 105118] [40.0] [cxt 0] Skipping checksum 'cksum' update because condition not met
[09:16:29.816] [bmv2] [D] [thread 105118] [40.0] [cxt 0] Deparsing header 'ethernet'
[09:16:29.816] [bmv2] [D] [thread 105118] [40.0] [cxt 0] Deparser 'deparser': end
[09:16:29.816] [bmv2] [D] [thread 105122] [40.0] [cxt 0] Transmitting packet of size 203 out of port 0
[09:16:29.820] [bmv2] [D] [thread 105117] [41.0] [cxt 0] Processing packet received on port 2
[09:16:29.820] [bmv2] [D] [thread 105117] [41.0] [cxt 0] Parser 'parser': start
[09:16:29.820] [bmv2] [D] [thread 105117] [41.0] [cxt 0] Parser 'parser' entering state 'start'
[09:16:29.820] [bmv2] [D] [thread 105117] [41.0] [cxt 0] Extracting header 'ethernet'
[09:16:29.820] [bmv2] [D] [thread 105117] [41.0] [cxt 0] Parser state 'start': key is 86dd
[09:16:29.820] [bmv2] [T] [thread 105117] [41.0] [cxt 0] Bytes parsed: 14
[09:16:29.820] [bmv2] [D] [thread 105117] [41.0] [cxt 0] Parser 'parser': end
[09:16:29.820] [bmv2] [D] [thread 105117] [41.0] [cxt 0] Pipeline 'ingress': start
[09:16:29.820] [bmv2] [T] [thread 105117] [41.0] [cxt 0] switch.p4(116) Condition "hdr.ipv4.isValid()" (node_2) is false
[09:16:29.820] [bmv2] [D] [thread 105117] [41.0] [cxt 0] Pipeline 'ingress': end
[09:16:29.820] [bmv2] [D] [thread 105117] [41.0] [cxt 0] Egress port is 0
[09:16:29.820] [bmv2] [D] [thread 105118] [41.0] [cxt 0] Pipeline 'egress': start
[09:16:29.820] [bmv2] [D] [thread 105118] [41.0] [cxt 0] Pipeline 'egress': end
[09:16:29.820] [bmv2] [D] [thread 105118] [41.0] [cxt 0] Deparser 'deparser': start
[09:16:29.820] [bmv2] [T] [thread 105118] [41.0] [cxt 0] Skipping checksum 'cksum' update because condition not met
[09:16:29.820] [bmv2] [D] [thread 105118] [41.0] [cxt 0] Deparsing header 'ethernet'
[09:16:29.820] [bmv2] [D] [thread 105118] [41.0] [cxt 0] Deparser 'deparser': end
[09:16:29.820] [bmv2] [D] [thread 105122] [41.0] [cxt 0] Transmitting packet of size 199 out of port 0
[09:16:30.131] [bmv2] [D] [thread 105117] [42.0] [cxt 0] Processing packet received on port 1
[09:16:30.131] [bmv2] [D] [thread 105117] [42.0] [cxt 0] Parser 'parser': start
[09:16:30.131] [bmv2] [D] [thread 105117] [42.0] [cxt 0] Parser 'parser' entering state 'start'
[09:16:30.131] [bmv2] [D] [thread 105117] [42.0] [cxt 0] Extracting header 'ethernet'
[09:16:30.131] [bmv2] [D] [thread 105117] [42.0] [cxt 0] Parser state 'start': key is 86dd
[09:16:30.131] [bmv2] [T] [thread 105117] [42.0] [cxt 0] Bytes parsed: 14
[09:16:30.131] [bmv2] [D] [thread 105117] [42.0] [cxt 0] Parser 'parser': end
[09:16:30.131] [bmv2] [D] [thread 105117] [42.0] [cxt 0] Pipeline 'ingress': start
[09:16:30.131] [bmv2] [T] [thread 105117] [42.0] [cxt 0] switch.p4(116) Condition "hdr.ipv4.isValid()" (node_2) is false
[09:16:30.131] [bmv2] [D] [thread 105117] [42.0] [cxt 0] Pipeline 'ingress': end
[09:16:30.131] [bmv2] [D] [thread 105117] [42.0] [cxt 0] Egress port is 0
[09:16:30.131] [bmv2] [D] [thread 105118] [42.0] [cxt 0] Pipeline 'egress': start
[09:16:30.131] [bmv2] [D] [thread 105118] [42.0] [cxt 0] Pipeline 'egress': end
[09:16:30.131] [bmv2] [D] [thread 105118] [42.0] [cxt 0] Deparser 'deparser': start
[09:16:30.131] [bmv2] [T] [thread 105118] [42.0] [cxt 0] Skipping checksum 'cksum' update because condition not met
[09:16:30.131] [bmv2] [D] [thread 105118] [42.0] [cxt 0] Deparsing header 'ethernet'
[09:16:30.131] [bmv2] [D] [thread 105118] [42.0] [cxt 0] Deparser 'deparser': end
[09:16:30.131] [bmv2] [D] [thread 105117] [43.0] [cxt 0] Processing packet received on port 2
[09:16:30.131] [bmv2] [D] [thread 105117] [43.0] [cxt 0] Parser 'parser': start
[09:16:30.131] [bmv2] [D] [thread 105117] [43.0] [cxt 0] Parser 'parser' entering state 'start'
[09:16:30.131] [bmv2] [D] [thread 105117] [43.0] [cxt 0] Extracting header 'ethernet'
[09:16:30.131] [bmv2] [D] [thread 105117] [43.0] [cxt 0] Parser state 'start': key is 86dd
[09:16:30.131] [bmv2] [T] [thread 105117] [43.0] [cxt 0] Bytes parsed: 14
[09:16:30.131] [bmv2] [D] [thread 105117] [43.0] [cxt 0] Parser 'parser': end
[09:16:30.131] [bmv2] [D] [thread 105117] [43.0] [cxt 0] Pipeline 'ingress': start
[09:16:30.131] [bmv2] [T] [thread 105117] [43.0] [cxt 0] switch.p4(116) Condition "hdr.ipv4.isValid()" (node_2) is false
[09:16:30.131] [bmv2] [D] [thread 105117] [43.0] [cxt 0] Pipeline 'ingress': end
[09:16:30.131] [bmv2] [D] [thread 105117] [43.0] [cxt 0] Egress port is 0
[09:16:30.131] [bmv2] [D] [thread 105117] [44.0] [cxt 0] Processing packet received on port 2
[09:16:30.131] [bmv2] [D] [thread 105117] [44.0] [cxt 0] Parser 'parser': start
[09:16:30.131] [bmv2] [D] [thread 105117] [44.0] [cxt 0] Parser 'parser' entering state 'start'
[09:16:30.131] [bmv2] [D] [thread 105117] [44.0] [cxt 0] Extracting header 'ethernet'
[09:16:30.131] [bmv2] [D] [thread 105117] [44.0] [cxt 0] Parser state 'start': key is 86dd
[09:16:30.131] [bmv2] [T] [thread 105117] [44.0] [cxt 0] Bytes parsed: 14
[09:16:30.131] [bmv2] [D] [thread 105117] [44.0] [cxt 0] Parser 'parser': end
[09:16:30.131] [bmv2] [D] [thread 105117] [44.0] [cxt 0] Pipeline 'ingress': start
[09:16:30.131] [bmv2] [T] [thread 105117] [44.0] [cxt 0] switch.p4(116) Condition "hdr.ipv4.isValid()" (node_2) is false
[09:16:30.131] [bmv2] [D] [thread 105117] [44.0] [cxt 0] Pipeline 'ingress': end
[09:16:30.131] [bmv2] [D] [thread 105117] [44.0] [cxt 0] Egress port is 0
[09:16:30.131] [bmv2] [D] [thread 105122] [42.0] [cxt 0] Transmitting packet of size 203 out of port 0
[09:16:30.131] [bmv2] [D] [thread 105118] [43.0] [cxt 0] Pipeline 'egress': start
[09:16:30.131] [bmv2] [D] [thread 105118] [43.0] [cxt 0] Pipeline 'egress': end
[09:16:30.131] [bmv2] [D] [thread 105118] [43.0] [cxt 0] Deparser 'deparser': start
[09:16:30.131] [bmv2] [T] [thread 105118] [43.0] [cxt 0] Skipping checksum 'cksum' update because condition not met
[09:16:30.131] [bmv2] [D] [thread 105118] [43.0] [cxt 0] Deparsing header 'ethernet'
[09:16:30.131] [bmv2] [D] [thread 105118] [43.0] [cxt 0] Deparser 'deparser': end
[09:16:30.131] [bmv2] [D] [thread 105118] [44.0] [cxt 0] Pipeline 'egress': start
[09:16:30.131] [bmv2] [D] [thread 105118] [44.0] [cxt 0] Pipeline 'egress': end
[09:16:30.131] [bmv2] [D] [thread 105118] [44.0] [cxt 0] Deparser 'deparser': start
[09:16:30.131] [bmv2] [T] [thread 105118] [44.0] [cxt 0] Skipping checksum 'cksum' update because condition not met
[09:16:30.131] [bmv2] [D] [thread 105118] [44.0] [cxt 0] Deparsing header 'ethernet'
[09:16:30.131] [bmv2] [D] [thread 105118] [44.0] [cxt 0] Deparser 'deparser': end
[09:16:30.131] [bmv2] [D] [thread 105122] [43.0] [cxt 0] Transmitting packet of size 203 out of port 0
[09:16:30.131] [bmv2] [D] [thread 105122] [44.0] [cxt 0] Transmitting packet of size 203 out of port 0
[09:16:30.157] [bmv2] [W] [thread 105163] [P4Runtime] p4::tmp::P4DeviceConfig is deprecated
[09:16:30.157] [bmv2] [D] [thread 105163] Set default default entry for table 'MyIngress.ipv4_lpm': MyIngress.drop - 
[09:16:30.163] [bmv2] [D] [thread 105163] simple_switch target has been notified of a config swap
[09:16:30.163] [bmv2] [D] [thread 105165] Set default entry for table 'MyIngress.ipv4_lpm': MyIngress.drop - 
[09:16:30.168] [bmv2] [D] [thread 105163] Entry 0 added to table 'MyIngress.ipv4_lpm'
[09:16:30.168] [bmv2] [D] [thread 105163] Dumping entry 0
Match key:
* hdr.ipv4.dstAddr    : LPM       0a000101/32
Action entry: MyIngress.ipv4_forward - 80000000100,1,

[09:16:30.168] [bmv2] [D] [thread 105165] Entry 1 added to table 'MyIngress.ipv4_lpm'
[09:16:30.168] [bmv2] [D] [thread 105165] Dumping entry 1
Match key:
* hdr.ipv4.dstAddr    : LPM       0a000202/32
Action entry: MyIngress.ipv4_forward - 80000000300,2,

[09:16:30.509] [bmv2] [D] [thread 105117] [45.0] [cxt 0] Processing packet received on port 1
[09:16:30.509] [bmv2] [D] [thread 105117] [45.0] [cxt 0] Parser 'parser': start
[09:16:30.509] [bmv2] [D] [thread 105117] [45.0] [cxt 0] Parser 'parser' entering state 'start'
[09:16:30.509] [bmv2] [D] [thread 105117] [45.0] [cxt 0] Extracting header 'ethernet'
[09:16:30.509] [bmv2] [D] [thread 105117] [45.0] [cxt 0] Parser state 'start': key is 86dd
[09:16:30.509] [bmv2] [T] [thread 105117] [45.0] [cxt 0] Bytes parsed: 14
[09:16:30.509] [bmv2] [D] [thread 105117] [45.0] [cxt 0] Parser 'parser': end
[09:16:30.509] [bmv2] [D] [thread 105117] [45.0] [cxt 0] Pipeline 'ingress': start
[09:16:30.509] [bmv2] [T] [thread 105117] [45.0] [cxt 0] switch.p4(116) Condition "hdr.ipv4.isValid()" (node_2) is false
[09:16:30.509] [bmv2] [D] [thread 105117] [45.0] [cxt 0] Pipeline 'ingress': end
[09:16:30.509] [bmv2] [D] [thread 105117] [45.0] [cxt 0] Egress port is 0
[09:16:30.509] [bmv2] [D] [thread 105118] [45.0] [cxt 0] Pipeline 'egress': start
[09:16:30.509] [bmv2] [D] [thread 105118] [45.0] [cxt 0] Pipeline 'egress': end
[09:16:30.509] [bmv2] [D] [thread 105118] [45.0] [cxt 0] Deparser 'deparser': start
[09:16:30.509] [bmv2] [T] [thread 105118] [45.0] [cxt 0] Skipping checksum 'cksum' update because condition not met
[09:16:30.509] [bmv2] [D] [thread 105118] [45.0] [cxt 0] Deparsing header 'ethernet'
[09:16:30.509] [bmv2] [D] [thread 105118] [45.0] [cxt 0] Deparser 'deparser': end
[09:16:30.515] [bmv2] [D] [thread 105122] [45.0] [cxt 0] Transmitting packet of size 199 out of port 0
[09:16:30.799] [bmv2] [D] [thread 105117] [46.0] [cxt 0] Processing packet received on port 1
[09:16:30.799] [bmv2] [D] [thread 105117] [46.0] [cxt 0] Parser 'parser': start
[09:16:30.799] [bmv2] [D] [thread 105117] [46.0] [cxt 0] Parser 'parser' entering state 'start'
[09:16:30.799] [bmv2] [D] [thread 105117] [46.0] [cxt 0] Extracting header 'ethernet'
[09:16:30.799] [bmv2] [D] [thread 105117] [46.0] [cxt 0] Parser state 'start': key is 86dd
[09:16:30.799] [bmv2] [T] [thread 105117] [46.0] [cxt 0] Bytes parsed: 14
[09:16:30.799] [bmv2] [D] [thread 105117] [46.0] [cxt 0] Parser 'parser': end
[09:16:30.799] [bmv2] [D] [thread 105117] [46.0] [cxt 0] Pipeline 'ingress': start
[09:16:30.799] [bmv2] [T] [thread 105117] [46.0] [cxt 0] switch.p4(116) Condition "hdr.ipv4.isValid()" (node_2) is false
[09:16:30.799] [bmv2] [D] [thread 105117] [46.0] [cxt 0] Pipeline 'ingress': end
[09:16:30.799] [bmv2] [D] [thread 105117] [46.0] [cxt 0] Egress port is 0
[09:16:30.799] [bmv2] [D] [thread 105118] [46.0] [cxt 0] Pipeline 'egress': start
[09:16:30.799] [bmv2] [D] [thread 105118] [46.0] [cxt 0] Pipeline 'egress': end
[09:16:30.799] [bmv2] [D] [thread 105118] [46.0] [cxt 0] Deparser 'deparser': start
[09:16:30.799] [bmv2] [T] [thread 105118] [46.0] [cxt 0] Skipping checksum 'cksum' update because condition not met
[09:16:30.799] [bmv2] [D] [thread 105118] [46.0] [cxt 0] Deparsing header 'ethernet'
[09:16:30.799] [bmv2] [D] [thread 105118] [46.0] [cxt 0] Deparser 'deparser': end
[09:16:30.801] [bmv2] [D] [thread 105122] [46.0] [cxt 0] Transmitting packet of size 199 out of port 0
[09:16:30.801] [bmv2] [D] [thread 105117] [47.0] [cxt 0] Processing packet received on port 2
[09:16:30.801] [bmv2] [D] [thread 105117] [47.0] [cxt 0] Parser 'parser': start
[09:16:30.801] [bmv2] [D] [thread 105117] [47.0] [cxt 0] Parser 'parser' entering state 'start'
[09:16:30.801] [bmv2] [D] [thread 105117] [47.0] [cxt 0] Extracting header 'ethernet'
[09:16:30.801] [bmv2] [D] [thread 105117] [47.0] [cxt 0] Parser state 'start': key is 86dd
[09:16:30.801] [bmv2] [T] [thread 105117] [47.0] [cxt 0] Bytes parsed: 14
[09:16:30.801] [bmv2] [D] [thread 105117] [47.0] [cxt 0] Parser 'parser': end
[09:16:30.801] [bmv2] [D] [thread 105117] [47.0] [cxt 0] Pipeline 'ingress': start
[09:16:30.801] [bmv2] [T] [thread 105117] [47.0] [cxt 0] switch.p4(116) Condition "hdr.ipv4.isValid()" (node_2) is false
[09:16:30.801] [bmv2] [D] [thread 105117] [47.0] [cxt 0] Pipeline 'ingress': end
[09:16:30.801] [bmv2] [D] [thread 105117] [47.0] [cxt 0] Egress port is 0
[09:16:30.801] [bmv2] [D] [thread 105118] [47.0] [cxt 0] Pipeline 'egress': start
[09:16:30.801] [bmv2] [D] [thread 105118] [47.0] [cxt 0] Pipeline 'egress': end
[09:16:30.801] [bmv2] [D] [thread 105118] [47.0] [cxt 0] Deparser 'deparser': start
[09:16:30.801] [bmv2] [T] [thread 105118] [47.0] [cxt 0] Skipping checksum 'cksum' update because condition not met
[09:16:30.801] [bmv2] [D] [thread 105118] [47.0] [cxt 0] Deparsing header 'ethernet'
[09:16:30.801] [bmv2] [D] [thread 105118] [47.0] [cxt 0] Deparser 'deparser': end
[09:16:30.801] [bmv2] [D] [thread 105122] [47.0] [cxt 0] Transmitting packet of size 199 out of port 0
[09:16:30.854] [bmv2] [D] [thread 105117] [48.0] [cxt 0] Processing packet received on port 2
[09:16:30.854] [bmv2] [D] [thread 105117] [48.0] [cxt 0] Parser 'parser': start
[09:16:30.854] [bmv2] [D] [thread 105117] [48.0] [cxt 0] Parser 'parser' entering state 'start'
[09:16:30.854] [bmv2] [D] [thread 105117] [48.0] [cxt 0] Extracting header 'ethernet'
[09:16:30.854] [bmv2] [D] [thread 105117] [48.0] [cxt 0] Parser state 'start': key is 86dd
[09:16:30.854] [bmv2] [T] [thread 105117] [48.0] [cxt 0] Bytes parsed: 14
[09:16:30.854] [bmv2] [D] [thread 105117] [48.0] [cxt 0] Parser 'parser': end
[09:16:30.854] [bmv2] [D] [thread 105117] [48.0] [cxt 0] Pipeline 'ingress': start
[09:16:30.854] [bmv2] [T] [thread 105117] [48.0] [cxt 0] switch.p4(116) Condition "hdr.ipv4.isValid()" (node_2) is false
[09:16:30.854] [bmv2] [D] [thread 105117] [48.0] [cxt 0] Pipeline 'ingress': end
[09:16:30.854] [bmv2] [D] [thread 105117] [48.0] [cxt 0] Egress port is 0
[09:16:30.854] [bmv2] [D] [thread 105118] [48.0] [cxt 0] Pipeline 'egress': start
[09:16:30.854] [bmv2] [D] [thread 105118] [48.0] [cxt 0] Pipeline 'egress': end
[09:16:30.854] [bmv2] [D] [thread 105118] [48.0] [cxt 0] Deparser 'deparser': start
[09:16:30.854] [bmv2] [T] [thread 105118] [48.0] [cxt 0] Skipping checksum 'cksum' update because condition not met
[09:16:30.854] [bmv2] [D] [thread 105118] [48.0] [cxt 0] Deparsing header 'ethernet'
[09:16:30.854] [bmv2] [D] [thread 105118] [48.0] [cxt 0] Deparser 'deparser': end
[09:16:30.854] [bmv2] [D] [thread 105122] [48.0] [cxt 0] Transmitting packet of size 199 out of port 0
[09:16:31.855] [bmv2] [D] [thread 105117] [49.0] [cxt 0] Processing packet received on port 1
[09:16:31.855] [bmv2] [D] [thread 105117] [49.0] [cxt 0] Parser 'parser': start
[09:16:31.855] [bmv2] [D] [thread 105117] [49.0] [cxt 0] Parser 'parser' entering state 'start'
[09:16:31.855] [bmv2] [D] [thread 105117] [49.0] [cxt 0] Extracting header 'ethernet'
[09:16:31.855] [bmv2] [D] [thread 105117] [49.0] [cxt 0] Parser state 'start': key is 86dd
[09:16:31.855] [bmv2] [T] [thread 105117] [49.0] [cxt 0] Bytes parsed: 14
[09:16:31.855] [bmv2] [D] [thread 105117] [49.0] [cxt 0] Parser 'parser': end
[09:16:31.855] [bmv2] [D] [thread 105117] [49.0] [cxt 0] Pipeline 'ingress': start
[09:16:31.855] [bmv2] [T] [thread 105117] [49.0] [cxt 0] switch.p4(116) Condition "hdr.ipv4.isValid()" (node_2) is false
[09:16:31.856] [bmv2] [D] [thread 105117] [49.0] [cxt 0] Pipeline 'ingress': end
[09:16:31.856] [bmv2] [D] [thread 105117] [49.0] [cxt 0] Egress port is 0
[09:16:31.856] [bmv2] [D] [thread 105118] [49.0] [cxt 0] Pipeline 'egress': start
[09:16:31.856] [bmv2] [D] [thread 105118] [49.0] [cxt 0] Pipeline 'egress': end
[09:16:31.856] [bmv2] [D] [thread 105118] [49.0] [cxt 0] Deparser 'deparser': start
[09:16:31.856] [bmv2] [T] [thread 105118] [49.0] [cxt 0] Skipping checksum 'cksum' update because condition not met
[09:16:31.856] [bmv2] [D] [thread 105118] [49.0] [cxt 0] Deparsing header 'ethernet'
[09:16:31.856] [bmv2] [D] [thread 105118] [49.0] [cxt 0] Deparser 'deparser': end
[09:16:31.857] [bmv2] [D] [thread 105122] [49.0] [cxt 0] Transmitting packet of size 203 out of port 0
[09:16:32.232] [bmv2] [D] [thread 105117] [50.0] [cxt 0] Processing packet received on port 1
[09:16:32.232] [bmv2] [D] [thread 105117] [50.0] [cxt 0] Parser 'parser': start
[09:16:32.232] [bmv2] [D] [thread 105117] [50.0] [cxt 0] Parser 'parser' entering state 'start'
[09:16:32.232] [bmv2] [D] [thread 105117] [50.0] [cxt 0] Extracting header 'ethernet'
[09:16:32.232] [bmv2] [D] [thread 105117] [50.0] [cxt 0] Parser state 'start': key is 86dd
[09:16:32.232] [bmv2] [T] [thread 105117] [50.0] [cxt 0] Bytes parsed: 14
[09:16:32.232] [bmv2] [D] [thread 105117] [50.0] [cxt 0] Parser 'parser': end
[09:16:32.232] [bmv2] [D] [thread 105117] [50.0] [cxt 0] Pipeline 'ingress': start
[09:16:32.232] [bmv2] [T] [thread 105117] [50.0] [cxt 0] switch.p4(116) Condition "hdr.ipv4.isValid()" (node_2) is false
[09:16:32.232] [bmv2] [D] [thread 105117] [50.0] [cxt 0] Pipeline 'ingress': end
[09:16:32.232] [bmv2] [D] [thread 105117] [50.0] [cxt 0] Egress port is 0
[09:16:32.232] [bmv2] [D] [thread 105117] [51.0] [cxt 0] Processing packet received on port 2
[09:16:32.232] [bmv2] [D] [thread 105117] [51.0] [cxt 0] Parser 'parser': start
[09:16:32.232] [bmv2] [D] [thread 105118] [50.0] [cxt 0] Pipeline 'egress': start
[09:16:32.232] [bmv2] [D] [thread 105118] [50.0] [cxt 0] Pipeline 'egress': end
[09:16:32.232] [bmv2] [D] [thread 105118] [50.0] [cxt 0] Deparser 'deparser': start
[09:16:32.232] [bmv2] [T] [thread 105118] [50.0] [cxt 0] Skipping checksum 'cksum' update because condition not met
[09:16:32.232] [bmv2] [D] [thread 105118] [50.0] [cxt 0] Deparsing header 'ethernet'
[09:16:32.232] [bmv2] [D] [thread 105118] [50.0] [cxt 0] Deparser 'deparser': end
[09:16:32.232] [bmv2] [D] [thread 105117] [51.0] [cxt 0] Parser 'parser' entering state 'start'
[09:16:32.232] [bmv2] [D] [thread 105117] [51.0] [cxt 0] Extracting header 'ethernet'
[09:16:32.232] [bmv2] [D] [thread 105117] [51.0] [cxt 0] Parser state 'start': key is 86dd
[09:16:32.232] [bmv2] [T] [thread 105117] [51.0] [cxt 0] Bytes parsed: 14
[09:16:32.232] [bmv2] [D] [thread 105117] [51.0] [cxt 0] Parser 'parser': end
[09:16:32.232] [bmv2] [D] [thread 105117] [51.0] [cxt 0] Pipeline 'ingress': start
[09:16:32.232] [bmv2] [T] [thread 105117] [51.0] [cxt 0] switch.p4(116) Condition "hdr.ipv4.isValid()" (node_2) is false
[09:16:32.232] [bmv2] [D] [thread 105117] [51.0] [cxt 0] Pipeline 'ingress': end
[09:16:32.232] [bmv2] [D] [thread 105117] [51.0] [cxt 0] Egress port is 0
[09:16:32.232] [bmv2] [D] [thread 105117] [52.0] [cxt 0] Processing packet received on port 2
[09:16:32.232] [bmv2] [D] [thread 105117] [52.0] [cxt 0] Parser 'parser': start
[09:16:32.232] [bmv2] [D] [thread 105117] [52.0] [cxt 0] Parser 'parser' entering state 'start'
[09:16:32.232] [bmv2] [D] [thread 105117] [52.0] [cxt 0] Extracting header 'ethernet'
[09:16:32.232] [bmv2] [D] [thread 105118] [51.0] [cxt 0] Pipeline 'egress': start
[09:16:32.232] [bmv2] [D] [thread 105118] [51.0] [cxt 0] Pipeline 'egress': end
[09:16:32.232] [bmv2] [D] [thread 105118] [51.0] [cxt 0] Deparser 'deparser': start
[09:16:32.232] [bmv2] [T] [thread 105118] [51.0] [cxt 0] Skipping checksum 'cksum' update because condition not met
[09:16:32.232] [bmv2] [D] [thread 105118] [51.0] [cxt 0] Deparsing header 'ethernet'
[09:16:32.232] [bmv2] [D] [thread 105118] [51.0] [cxt 0] Deparser 'deparser': end
[09:16:32.232] [bmv2] [D] [thread 105117] [52.0] [cxt 0] Parser state 'start': key is 86dd
[09:16:32.232] [bmv2] [T] [thread 105117] [52.0] [cxt 0] Bytes parsed: 14
[09:16:32.232] [bmv2] [D] [thread 105117] [52.0] [cxt 0] Parser 'parser': end
[09:16:32.232] [bmv2] [D] [thread 105117] [52.0] [cxt 0] Pipeline 'ingress': start
[09:16:32.232] [bmv2] [T] [thread 105117] [52.0] [cxt 0] switch.p4(116) Condition "hdr.ipv4.isValid()" (node_2) is false
[09:16:32.232] [bmv2] [D] [thread 105117] [52.0] [cxt 0] Pipeline 'ingress': end
[09:16:32.232] [bmv2] [D] [thread 105117] [52.0] [cxt 0] Egress port is 0
[09:16:32.238] [bmv2] [D] [thread 105122] [50.0] [cxt 0] Transmitting packet of size 203 out of port 0
[09:16:32.238] [bmv2] [D] [thread 105122] [51.0] [cxt 0] Transmitting packet of size 203 out of port 0
[09:16:32.238] [bmv2] [D] [thread 105118] [52.0] [cxt 0] Pipeline 'egress': start
[09:16:32.238] [bmv2] [D] [thread 105118] [52.0] [cxt 0] Pipeline 'egress': end
[09:16:32.238] [bmv2] [D] [thread 105118] [52.0] [cxt 0] Deparser 'deparser': start
[09:16:32.238] [bmv2] [T] [thread 105118] [52.0] [cxt 0] Skipping checksum 'cksum' update because condition not met
[09:16:32.238] [bmv2] [D] [thread 105118] [52.0] [cxt 0] Deparsing header 'ethernet'
[09:16:32.238] [bmv2] [D] [thread 105118] [52.0] [cxt 0] Deparser 'deparser': end
[09:16:32.238] [bmv2] [D] [thread 105122] [52.0] [cxt 0] Transmitting packet of size 203 out of port 0
[09:16:32.373] [bmv2] [D] [thread 105117] [53.0] [cxt 0] Processing packet received on port 1
[09:16:32.373] [bmv2] [D] [thread 105117] [53.0] [cxt 0] Parser 'parser': start
[09:16:32.373] [bmv2] [D] [thread 105117] [53.0] [cxt 0] Parser 'parser' entering state 'start'
[09:16:32.373] [bmv2] [D] [thread 105117] [53.0] [cxt 0] Extracting header 'ethernet'
[09:16:32.373] [bmv2] [D] [thread 105117] [53.0] [cxt 0] Parser state 'start': key is 86dd
[09:16:32.378] [bmv2] [T] [thread 105117] [53.0] [cxt 0] Bytes parsed: 14
[09:16:32.378] [bmv2] [D] [thread 105117] [53.0] [cxt 0] Parser 'parser': end
[09:16:32.378] [bmv2] [D] [thread 105117] [53.0] [cxt 0] Pipeline 'ingress': start
[09:16:32.378] [bmv2] [T] [thread 105117] [53.0] [cxt 0] switch.p4(116) Condition "hdr.ipv4.isValid()" (node_2) is false
[09:16:32.378] [bmv2] [D] [thread 105117] [53.0] [cxt 0] Pipeline 'ingress': end
[09:16:32.378] [bmv2] [D] [thread 105117] [53.0] [cxt 0] Egress port is 0
[09:16:32.378] [bmv2] [D] [thread 105118] [53.0] [cxt 0] Pipeline 'egress': start
[09:16:32.378] [bmv2] [D] [thread 105118] [53.0] [cxt 0] Pipeline 'egress': end
[09:16:32.378] [bmv2] [D] [thread 105118] [53.0] [cxt 0] Deparser 'deparser': start
[09:16:32.378] [bmv2] [T] [thread 105118] [53.0] [cxt 0] Skipping checksum 'cksum' update because condition not met
[09:16:32.378] [bmv2] [D] [thread 105118] [53.0] [cxt 0] Deparsing header 'ethernet'
[09:16:32.378] [bmv2] [D] [thread 105118] [53.0] [cxt 0] Deparser 'deparser': end
[09:16:32.378] [bmv2] [D] [thread 105122] [53.0] [cxt 0] Transmitting packet of size 70 out of port 0
[09:16:32.551] [bmv2] [D] [thread 105117] [54.0] [cxt 0] Processing packet received on port 1
[09:16:32.551] [bmv2] [D] [thread 105117] [54.0] [cxt 0] Parser 'parser': start
[09:16:32.551] [bmv2] [D] [thread 105117] [54.0] [cxt 0] Parser 'parser' entering state 'start'
[09:16:32.551] [bmv2] [D] [thread 105117] [54.0] [cxt 0] Extracting header 'ethernet'
[09:16:32.551] [bmv2] [D] [thread 105117] [54.0] [cxt 0] Parser state 'start': key is 86dd
[09:16:32.551] [bmv2] [T] [thread 105117] [54.0] [cxt 0] Bytes parsed: 14
[09:16:32.551] [bmv2] [D] [thread 105117] [54.0] [cxt 0] Parser 'parser': end
[09:16:32.551] [bmv2] [D] [thread 105117] [54.0] [cxt 0] Pipeline 'ingress': start
[09:16:32.551] [bmv2] [T] [thread 105117] [54.0] [cxt 0] switch.p4(116) Condition "hdr.ipv4.isValid()" (node_2) is false
[09:16:32.551] [bmv2] [D] [thread 105117] [54.0] [cxt 0] Pipeline 'ingress': end
[09:16:32.551] [bmv2] [D] [thread 105117] [54.0] [cxt 0] Egress port is 0
[09:16:32.551] [bmv2] [D] [thread 105118] [54.0] [cxt 0] Pipeline 'egress': start
[09:16:32.551] [bmv2] [D] [thread 105118] [54.0] [cxt 0] Pipeline 'egress': end
[09:16:32.551] [bmv2] [D] [thread 105118] [54.0] [cxt 0] Deparser 'deparser': start
[09:16:32.551] [bmv2] [T] [thread 105118] [54.0] [cxt 0] Skipping checksum 'cksum' update because condition not met
[09:16:32.551] [bmv2] [D] [thread 105118] [54.0] [cxt 0] Deparsing header 'ethernet'
[09:16:32.551] [bmv2] [D] [thread 105118] [54.0] [cxt 0] Deparser 'deparser': end
[09:16:32.551] [bmv2] [D] [thread 105122] [54.0] [cxt 0] Transmitting packet of size 199 out of port 0
[09:16:32.676] [bmv2] [D] [thread 105117] [55.0] [cxt 0] Processing packet received on port 1
[09:16:32.676] [bmv2] [D] [thread 105117] [55.0] [cxt 0] Parser 'parser': start
[09:16:32.676] [bmv2] [D] [thread 105117] [55.0] [cxt 0] Parser 'parser' entering state 'start'
[09:16:32.676] [bmv2] [D] [thread 105117] [55.0] [cxt 0] Extracting header 'ethernet'
[09:16:32.676] [bmv2] [D] [thread 105117] [55.0] [cxt 0] Parser state 'start': key is 86dd
[09:16:32.676] [bmv2] [T] [thread 105117] [55.0] [cxt 0] Bytes parsed: 14
[09:16:32.676] [bmv2] [D] [thread 105117] [55.0] [cxt 0] Parser 'parser': end
[09:16:32.676] [bmv2] [D] [thread 105117] [55.0] [cxt 0] Pipeline 'ingress': start
[09:16:32.676] [bmv2] [T] [thread 105117] [55.0] [cxt 0] switch.p4(116) Condition "hdr.ipv4.isValid()" (node_2) is false
[09:16:32.676] [bmv2] [D] [thread 105117] [55.0] [cxt 0] Pipeline 'ingress': end
[09:16:32.676] [bmv2] [D] [thread 105117] [55.0] [cxt 0] Egress port is 0
[09:16:32.677] [bmv2] [D] [thread 105118] [55.0] [cxt 0] Pipeline 'egress': start
[09:16:32.677] [bmv2] [D] [thread 105118] [55.0] [cxt 0] Pipeline 'egress': end
[09:16:32.677] [bmv2] [D] [thread 105118] [55.0] [cxt 0] Deparser 'deparser': start
[09:16:32.677] [bmv2] [T] [thread 105118] [55.0] [cxt 0] Skipping checksum 'cksum' update because condition not met
[09:16:32.677] [bmv2] [D] [thread 105118] [55.0] [cxt 0] Deparsing header 'ethernet'
[09:16:32.677] [bmv2] [D] [thread 105118] [55.0] [cxt 0] Deparser 'deparser': end
[09:16:32.677] [bmv2] [D] [thread 105122] [55.0] [cxt 0] Transmitting packet of size 70 out of port 0
[09:16:32.797] [bmv2] [D] [thread 105117] [56.0] [cxt 0] Processing packet received on port 2
[09:16:32.797] [bmv2] [D] [thread 105117] [56.0] [cxt 0] Parser 'parser': start
[09:16:32.797] [bmv2] [D] [thread 105117] [56.0] [cxt 0] Parser 'parser' entering state 'start'
[09:16:32.797] [bmv2] [D] [thread 105117] [56.0] [cxt 0] Extracting header 'ethernet'
[09:16:32.797] [bmv2] [D] [thread 105117] [56.0] [cxt 0] Parser state 'start': key is 86dd
[09:16:32.797] [bmv2] [T] [thread 105117] [56.0] [cxt 0] Bytes parsed: 14
[09:16:32.797] [bmv2] [D] [thread 105117] [56.0] [cxt 0] Parser 'parser': end
[09:16:32.797] [bmv2] [D] [thread 105117] [56.0] [cxt 0] Pipeline 'ingress': start
[09:16:32.797] [bmv2] [T] [thread 105117] [56.0] [cxt 0] switch.p4(116) Condition "hdr.ipv4.isValid()" (node_2) is false
[09:16:32.797] [bmv2] [D] [thread 105117] [56.0] [cxt 0] Pipeline 'ingress': end
[09:16:32.797] [bmv2] [D] [thread 105117] [56.0] [cxt 0] Egress port is 0
[09:16:32.801] [bmv2] [D] [thread 105118] [56.0] [cxt 0] Pipeline 'egress': start
[09:16:32.801] [bmv2] [D] [thread 105118] [56.0] [cxt 0] Pipeline 'egress': end
[09:16:32.802] [bmv2] [D] [thread 105118] [56.0] [cxt 0] Deparser 'deparser': start
[09:16:32.802] [bmv2] [T] [thread 105118] [56.0] [cxt 0] Skipping checksum 'cksum' update because condition not met
[09:16:32.802] [bmv2] [D] [thread 105118] [56.0] [cxt 0] Deparsing header 'ethernet'
[09:16:32.802] [bmv2] [D] [thread 105118] [56.0] [cxt 0] Deparser 'deparser': end
[09:16:32.804] [bmv2] [D] [thread 105122] [56.0] [cxt 0] Transmitting packet of size 70 out of port 0
[09:16:32.835] [bmv2] [D] [thread 105117] [57.0] [cxt 0] Processing packet received on port 1
[09:16:32.835] [bmv2] [D] [thread 105117] [57.0] [cxt 0] Parser 'parser': start
[09:16:32.835] [bmv2] [D] [thread 105117] [57.0] [cxt 0] Parser 'parser' entering state 'start'
[09:16:32.835] [bmv2] [D] [thread 105117] [57.0] [cxt 0] Extracting header 'ethernet'
[09:16:32.835] [bmv2] [D] [thread 105117] [57.0] [cxt 0] Parser state 'start': key is 86dd
[09:16:32.835] [bmv2] [T] [thread 105117] [57.0] [cxt 0] Bytes parsed: 14
[09:16:32.835] [bmv2] [D] [thread 105117] [57.0] [cxt 0] Parser 'parser': end
[09:16:32.835] [bmv2] [D] [thread 105117] [57.0] [cxt 0] Pipeline 'ingress': start
[09:16:32.835] [bmv2] [T] [thread 105117] [57.0] [cxt 0] switch.p4(116) Condition "hdr.ipv4.isValid()" (node_2) is false
[09:16:32.835] [bmv2] [D] [thread 105117] [57.0] [cxt 0] Pipeline 'ingress': end
[09:16:32.835] [bmv2] [D] [thread 105117] [57.0] [cxt 0] Egress port is 0
[09:16:32.836] [bmv2] [D] [thread 105118] [57.0] [cxt 0] Pipeline 'egress': start
[09:16:32.836] [bmv2] [D] [thread 105117] [58.0] [cxt 0] Processing packet received on port 2
[09:16:32.836] [bmv2] [D] [thread 105117] [58.0] [cxt 0] Parser 'parser': start
[09:16:32.836] [bmv2] [D] [thread 105117] [58.0] [cxt 0] Parser 'parser' entering state 'start'
[09:16:32.836] [bmv2] [D] [thread 105117] [58.0] [cxt 0] Extracting header 'ethernet'
[09:16:32.836] [bmv2] [D] [thread 105118] [57.0] [cxt 0] Pipeline 'egress': end
[09:16:32.836] [bmv2] [D] [thread 105118] [57.0] [cxt 0] Deparser 'deparser': start
[09:16:32.836] [bmv2] [T] [thread 105118] [57.0] [cxt 0] Skipping checksum 'cksum' update because condition not met
[09:16:32.836] [bmv2] [D] [thread 105118] [57.0] [cxt 0] Deparsing header 'ethernet'
[09:16:32.836] [bmv2] [D] [thread 105118] [57.0] [cxt 0] Deparser 'deparser': end
[09:16:32.836] [bmv2] [D] [thread 105117] [58.0] [cxt 0] Parser state 'start': key is 86dd
[09:16:32.836] [bmv2] [T] [thread 105117] [58.0] [cxt 0] Bytes parsed: 14
[09:16:32.836] [bmv2] [D] [thread 105117] [58.0] [cxt 0] Parser 'parser': end
[09:16:32.836] [bmv2] [D] [thread 105117] [58.0] [cxt 0] Pipeline 'ingress': start
[09:16:32.836] [bmv2] [T] [thread 105117] [58.0] [cxt 0] switch.p4(116) Condition "hdr.ipv4.isValid()" (node_2) is false
[09:16:32.836] [bmv2] [D] [thread 105117] [58.0] [cxt 0] Pipeline 'ingress': end
[09:16:32.836] [bmv2] [D] [thread 105117] [58.0] [cxt 0] Egress port is 0
[09:16:32.836] [bmv2] [D] [thread 105122] [57.0] [cxt 0] Transmitting packet of size 199 out of port 0
[09:16:32.837] [bmv2] [D] [thread 105118] [58.0] [cxt 0] Pipeline 'egress': start
[09:16:32.837] [bmv2] [D] [thread 105118] [58.0] [cxt 0] Pipeline 'egress': end
[09:16:32.837] [bmv2] [D] [thread 105118] [58.0] [cxt 0] Deparser 'deparser': start
[09:16:32.837] [bmv2] [T] [thread 105118] [58.0] [cxt 0] Skipping checksum 'cksum' update because condition not met
[09:16:32.837] [bmv2] [D] [thread 105118] [58.0] [cxt 0] Deparsing header 'ethernet'
[09:16:32.837] [bmv2] [D] [thread 105118] [58.0] [cxt 0] Deparser 'deparser': end
[09:16:32.837] [bmv2] [D] [thread 105122] [58.0] [cxt 0] Transmitting packet of size 199 out of port 0
[09:16:32.904] [bmv2] [D] [thread 105117] [59.0] [cxt 0] Processing packet received on port 2
[09:16:32.904] [bmv2] [D] [thread 105117] [59.0] [cxt 0] Parser 'parser': start
[09:16:32.904] [bmv2] [D] [thread 105117] [59.0] [cxt 0] Parser 'parser' entering state 'start'
[09:16:32.904] [bmv2] [D] [thread 105117] [59.0] [cxt 0] Extracting header 'ethernet'
[09:16:32.904] [bmv2] [D] [thread 105117] [59.0] [cxt 0] Parser state 'start': key is 86dd
[09:16:32.904] [bmv2] [T] [thread 105117] [59.0] [cxt 0] Bytes parsed: 14
[09:16:32.904] [bmv2] [D] [thread 105117] [59.0] [cxt 0] Parser 'parser': end
[09:16:32.904] [bmv2] [D] [thread 105117] [59.0] [cxt 0] Pipeline 'ingress': start
[09:16:32.904] [bmv2] [T] [thread 105117] [59.0] [cxt 0] switch.p4(116) Condition "hdr.ipv4.isValid()" (node_2) is false
[09:16:32.904] [bmv2] [D] [thread 105117] [59.0] [cxt 0] Pipeline 'ingress': end
[09:16:32.904] [bmv2] [D] [thread 105117] [59.0] [cxt 0] Egress port is 0
[09:16:32.904] [bmv2] [D] [thread 105118] [59.0] [cxt 0] Pipeline 'egress': start
[09:16:32.904] [bmv2] [D] [thread 105118] [59.0] [cxt 0] Pipeline 'egress': end
[09:16:32.904] [bmv2] [D] [thread 105118] [59.0] [cxt 0] Deparser 'deparser': start
[09:16:32.904] [bmv2] [T] [thread 105118] [59.0] [cxt 0] Skipping checksum 'cksum' update because condition not met
[09:16:32.904] [bmv2] [D] [thread 105118] [59.0] [cxt 0] Deparsing header 'ethernet'
[09:16:32.904] [bmv2] [D] [thread 105118] [59.0] [cxt 0] Deparser 'deparser': end
[09:16:32.904] [bmv2] [D] [thread 105122] [59.0] [cxt 0] Transmitting packet of size 199 out of port 0
[09:16:33.019] [bmv2] [D] [thread 105117] [60.0] [cxt 0] Processing packet received on port 2
[09:16:33.019] [bmv2] [D] [thread 105117] [60.0] [cxt 0] Parser 'parser': start
[09:16:33.019] [bmv2] [D] [thread 105117] [60.0] [cxt 0] Parser 'parser' entering state 'start'
[09:16:33.019] [bmv2] [D] [thread 105117] [60.0] [cxt 0] Extracting header 'ethernet'
[09:16:33.019] [bmv2] [D] [thread 105117] [60.0] [cxt 0] Parser state 'start': key is 86dd
[09:16:33.019] [bmv2] [T] [thread 105117] [60.0] [cxt 0] Bytes parsed: 14
[09:16:33.019] [bmv2] [D] [thread 105117] [60.0] [cxt 0] Parser 'parser': end
[09:16:33.019] [bmv2] [D] [thread 105117] [60.0] [cxt 0] Pipeline 'ingress': start
[09:16:33.019] [bmv2] [T] [thread 105117] [60.0] [cxt 0] switch.p4(116) Condition "hdr.ipv4.isValid()" (node_2) is false
[09:16:33.019] [bmv2] [D] [thread 105117] [60.0] [cxt 0] Pipeline 'ingress': end
[09:16:33.019] [bmv2] [D] [thread 105117] [60.0] [cxt 0] Egress port is 0
[09:16:33.019] [bmv2] [D] [thread 105118] [60.0] [cxt 0] Pipeline 'egress': start
[09:16:33.019] [bmv2] [D] [thread 105118] [60.0] [cxt 0] Pipeline 'egress': end
[09:16:33.019] [bmv2] [D] [thread 105118] [60.0] [cxt 0] Deparser 'deparser': start
[09:16:33.019] [bmv2] [T] [thread 105118] [60.0] [cxt 0] Skipping checksum 'cksum' update because condition not met
[09:16:33.019] [bmv2] [D] [thread 105118] [60.0] [cxt 0] Deparsing header 'ethernet'
[09:16:33.019] [bmv2] [D] [thread 105118] [60.0] [cxt 0] Deparser 'deparser': end
[09:16:33.019] [bmv2] [D] [thread 105122] [60.0] [cxt 0] Transmitting packet of size 70 out of port 0
[09:16:33.236] [bmv2] [D] [thread 105117] [61.0] [cxt 0] Processing packet received on port 1
[09:16:33.236] [bmv2] [D] [thread 105117] [61.0] [cxt 0] Parser 'parser': start
[09:16:33.236] [bmv2] [D] [thread 105117] [61.0] [cxt 0] Parser 'parser' entering state 'start'
[09:16:33.236] [bmv2] [D] [thread 105117] [61.0] [cxt 0] Extracting header 'ethernet'
[09:16:33.236] [bmv2] [D] [thread 105117] [61.0] [cxt 0] Parser state 'start': key is 0800
[09:16:33.236] [bmv2] [T] [thread 105117] [61.0] [cxt 0] Bytes parsed: 14
[09:16:33.236] [bmv2] [D] [thread 105117] [61.0] [cxt 0] Parser 'parser' entering state 'parse_ipv4'
[09:16:33.236] [bmv2] [D] [thread 105117] [61.0] [cxt 0] Extracting header 'ipv4'
[09:16:33.236] [bmv2] [D] [thread 105117] [61.0] [cxt 0] Parser state 'parse_ipv4' has no switch, going to default next state
[09:16:33.236] [bmv2] [T] [thread 105117] [61.0] [cxt 0] Bytes parsed: 34
[09:16:33.236] [bmv2] [D] [thread 105117] [61.0] [cxt 0] Parser 'parser': end
[09:16:33.236] [bmv2] [D] [thread 105117] [61.0] [cxt 0] Pipeline 'ingress': start
[09:16:33.236] [bmv2] [T] [thread 105117] [61.0] [cxt 0] switch.p4(116) Condition "hdr.ipv4.isValid()" (node_2) is true
[09:16:33.236] [bmv2] [T] [thread 105117] [61.0] [cxt 0] Applying table 'MyIngress.ipv4_lpm'
[09:16:33.236] [bmv2] [D] [thread 105117] [61.0] [cxt 0] Looking up key:
* hdr.ipv4.dstAddr    : 0a000202

[09:16:33.236] [bmv2] [D] [thread 105117] [61.0] [cxt 0] Table 'MyIngress.ipv4_lpm': hit with handle 1
[09:16:33.236] [bmv2] [D] [thread 105117] [61.0] [cxt 0] Dumping entry 1
Match key:
* hdr.ipv4.dstAddr    : LPM       0a000202/32
Action entry: MyIngress.ipv4_forward - 80000000300,2,

[09:16:33.236] [bmv2] [D] [thread 105117] [61.0] [cxt 0] Action entry is MyIngress.ipv4_forward - 80000000300,2,
[09:16:33.236] [bmv2] [T] [thread 105117] [61.0] [cxt 0] Action MyIngress.ipv4_forward
[09:16:33.236] [bmv2] [T] [thread 105117] [61.0] [cxt 0] switch.p4(96) Primitive standard_metadata.egress_spec = port
[09:16:33.236] [bmv2] [T] [thread 105117] [61.0] [cxt 0] switch.p4(97) Primitive hdr.ethernet.srcAddr = hdr.ethernet.dstAddr
[09:16:33.236] [bmv2] [T] [thread 105117] [61.0] [cxt 0] switch.p4(98) Primitive hdr.ethernet.dstAddr = dstAddr
[09:16:33.236] [bmv2] [T] [thread 105117] [61.0] [cxt 0] switch.p4(99) Primitive hdr.ipv4.ttl = hdr.ipv4.ttl - 1
[09:16:33.236] [bmv2] [D] [thread 105117] [61.0] [cxt 0] Pipeline 'ingress': end
[09:16:33.236] [bmv2] [D] [thread 105117] [61.0] [cxt 0] Egress port is 2
[09:16:33.236] [bmv2] [D] [thread 105120] [61.0] [cxt 0] Pipeline 'egress': start
[09:16:33.236] [bmv2] [D] [thread 105120] [61.0] [cxt 0] Pipeline 'egress': end
[09:16:33.236] [bmv2] [D] [thread 105120] [61.0] [cxt 0] Deparser 'deparser': start
[09:16:33.236] [bmv2] [D] [thread 105120] [61.0] [cxt 0] Updating checksum 'cksum'
[09:16:33.236] [bmv2] [D] [thread 105120] [61.0] [cxt 0] Deparsing header 'ethernet'
[09:16:33.236] [bmv2] [D] [thread 105120] [61.0] [cxt 0] Deparsing header 'ipv4'
[09:16:33.236] [bmv2] [D] [thread 105120] [61.0] [cxt 0] Deparser 'deparser': end
[09:16:33.236] [bmv2] [D] [thread 105122] [61.0] [cxt 0] Transmitting packet of size 48 out of port 2
[09:16:33.242] [bmv2] [D] [thread 105117] [62.0] [cxt 0] Processing packet received on port 2
[09:16:33.242] [bmv2] [D] [thread 105117] [62.0] [cxt 0] Parser 'parser': start
[09:16:33.242] [bmv2] [D] [thread 105117] [62.0] [cxt 0] Parser 'parser' entering state 'start'
[09:16:33.242] [bmv2] [D] [thread 105117] [62.0] [cxt 0] Extracting header 'ethernet'
[09:16:33.242] [bmv2] [D] [thread 105117] [62.0] [cxt 0] Parser state 'start': key is 0800
[09:16:33.242] [bmv2] [T] [thread 105117] [62.0] [cxt 0] Bytes parsed: 14
[09:16:33.242] [bmv2] [D] [thread 105117] [62.0] [cxt 0] Parser 'parser' entering state 'parse_ipv4'
[09:16:33.242] [bmv2] [D] [thread 105117] [62.0] [cxt 0] Extracting header 'ipv4'
[09:16:33.242] [bmv2] [D] [thread 105117] [62.0] [cxt 0] Parser state 'parse_ipv4' has no switch, going to default next state
[09:16:33.242] [bmv2] [T] [thread 105117] [62.0] [cxt 0] Bytes parsed: 34
[09:16:33.242] [bmv2] [D] [thread 105117] [62.0] [cxt 0] Parser 'parser': end
[09:16:33.242] [bmv2] [D] [thread 105117] [62.0] [cxt 0] Pipeline 'ingress': start
[09:16:33.242] [bmv2] [T] [thread 105117] [62.0] [cxt 0] switch.p4(116) Condition "hdr.ipv4.isValid()" (node_2) is true
[09:16:33.242] [bmv2] [T] [thread 105117] [62.0] [cxt 0] Applying table 'MyIngress.ipv4_lpm'
[09:16:33.242] [bmv2] [D] [thread 105117] [62.0] [cxt 0] Looking up key:
* hdr.ipv4.dstAddr    : 0a000101

[09:16:33.242] [bmv2] [D] [thread 105117] [62.0] [cxt 0] Table 'MyIngress.ipv4_lpm': hit with handle 0
[09:16:33.242] [bmv2] [D] [thread 105117] [62.0] [cxt 0] Dumping entry 0
Match key:
* hdr.ipv4.dstAddr    : LPM       0a000101/32
Action entry: MyIngress.ipv4_forward - 80000000100,1,

[09:16:33.242] [bmv2] [D] [thread 105117] [62.0] [cxt 0] Action entry is MyIngress.ipv4_forward - 80000000100,1,
[09:16:33.242] [bmv2] [T] [thread 105117] [62.0] [cxt 0] Action MyIngress.ipv4_forward
[09:16:33.242] [bmv2] [T] [thread 105117] [62.0] [cxt 0] switch.p4(96) Primitive standard_metadata.egress_spec = port
[09:16:33.242] [bmv2] [T] [thread 105117] [62.0] [cxt 0] switch.p4(97) Primitive hdr.ethernet.srcAddr = hdr.ethernet.dstAddr
[09:16:33.242] [bmv2] [T] [thread 105117] [62.0] [cxt 0] switch.p4(98) Primitive hdr.ethernet.dstAddr = dstAddr
[09:16:33.242] [bmv2] [T] [thread 105117] [62.0] [cxt 0] switch.p4(99) Primitive hdr.ipv4.ttl = hdr.ipv4.ttl - 1
[09:16:33.242] [bmv2] [D] [thread 105117] [62.0] [cxt 0] Pipeline 'ingress': end
[09:16:33.242] [bmv2] [D] [thread 105117] [62.0] [cxt 0] Egress port is 1
[09:16:33.242] [bmv2] [D] [thread 105119] [62.0] [cxt 0] Pipeline 'egress': start
[09:16:33.242] [bmv2] [D] [thread 105119] [62.0] [cxt 0] Pipeline 'egress': end
[09:16:33.242] [bmv2] [D] [thread 105119] [62.0] [cxt 0] Deparser 'deparser': start
[09:16:33.242] [bmv2] [D] [thread 105119] [62.0] [cxt 0] Updating checksum 'cksum'
[09:16:33.242] [bmv2] [D] [thread 105119] [62.0] [cxt 0] Deparsing header 'ethernet'
[09:16:33.242] [bmv2] [D] [thread 105119] [62.0] [cxt 0] Deparsing header 'ipv4'
[09:16:33.242] [bmv2] [D] [thread 105119] [62.0] [cxt 0] Deparser 'deparser': end
[09:16:33.242] [bmv2] [D] [thread 105122] [62.0] [cxt 0] Transmitting packet of size 76 out of port 1
[09:16:33.260] [bmv2] [D] [thread 105117] [63.0] [cxt 0] Processing packet received on port 2
[09:16:33.260] [bmv2] [D] [thread 105117] [63.0] [cxt 0] Parser 'parser': start
[09:16:33.260] [bmv2] [D] [thread 105117] [63.0] [cxt 0] Parser 'parser' entering state 'start'
[09:16:33.260] [bmv2] [D] [thread 105117] [63.0] [cxt 0] Extracting header 'ethernet'
[09:16:33.260] [bmv2] [D] [thread 105117] [63.0] [cxt 0] Parser state 'start': key is 0800
[09:16:33.260] [bmv2] [T] [thread 105117] [63.0] [cxt 0] Bytes parsed: 14
[09:16:33.260] [bmv2] [D] [thread 105117] [63.0] [cxt 0] Parser 'parser' entering state 'parse_ipv4'
[09:16:33.260] [bmv2] [D] [thread 105117] [63.0] [cxt 0] Extracting header 'ipv4'
[09:16:33.260] [bmv2] [D] [thread 105117] [63.0] [cxt 0] Parser state 'parse_ipv4' has no switch, going to default next state
[09:16:33.260] [bmv2] [T] [thread 105117] [63.0] [cxt 0] Bytes parsed: 34
[09:16:33.260] [bmv2] [D] [thread 105117] [63.0] [cxt 0] Parser 'parser': end
[09:16:33.260] [bmv2] [D] [thread 105117] [63.0] [cxt 0] Pipeline 'ingress': start
[09:16:33.260] [bmv2] [T] [thread 105117] [63.0] [cxt 0] switch.p4(116) Condition "hdr.ipv4.isValid()" (node_2) is true
[09:16:33.260] [bmv2] [T] [thread 105117] [63.0] [cxt 0] Applying table 'MyIngress.ipv4_lpm'
[09:16:33.260] [bmv2] [D] [thread 105117] [63.0] [cxt 0] Looking up key:
* hdr.ipv4.dstAddr    : 0a000101

[09:16:33.260] [bmv2] [D] [thread 105117] [63.0] [cxt 0] Table 'MyIngress.ipv4_lpm': hit with handle 0
[09:16:33.260] [bmv2] [D] [thread 105117] [63.0] [cxt 0] Dumping entry 0
Match key:
* hdr.ipv4.dstAddr    : LPM       0a000101/32
Action entry: MyIngress.ipv4_forward - 80000000100,1,

[09:16:33.260] [bmv2] [D] [thread 105117] [63.0] [cxt 0] Action entry is MyIngress.ipv4_forward - 80000000100,1,
[09:16:33.260] [bmv2] [T] [thread 105117] [63.0] [cxt 0] Action MyIngress.ipv4_forward
[09:16:33.260] [bmv2] [T] [thread 105117] [63.0] [cxt 0] switch.p4(96) Primitive standard_metadata.egress_spec = port
[09:16:33.260] [bmv2] [T] [thread 105117] [63.0] [cxt 0] switch.p4(97) Primitive hdr.ethernet.srcAddr = hdr.ethernet.dstAddr
[09:16:33.260] [bmv2] [T] [thread 105117] [63.0] [cxt 0] switch.p4(98) Primitive hdr.ethernet.dstAddr = dstAddr
[09:16:33.260] [bmv2] [T] [thread 105117] [63.0] [cxt 0] switch.p4(99) Primitive hdr.ipv4.ttl = hdr.ipv4.ttl - 1
[09:16:33.260] [bmv2] [D] [thread 105117] [63.0] [cxt 0] Pipeline 'ingress': end
[09:16:33.260] [bmv2] [D] [thread 105117] [63.0] [cxt 0] Egress port is 1
[09:16:33.260] [bmv2] [D] [thread 105119] [63.0] [cxt 0] Pipeline 'egress': start
[09:16:33.260] [bmv2] [D] [thread 105119] [63.0] [cxt 0] Pipeline 'egress': end
[09:16:33.260] [bmv2] [D] [thread 105119] [63.0] [cxt 0] Deparser 'deparser': start
[09:16:33.260] [bmv2] [D] [thread 105119] [63.0] [cxt 0] Updating checksum 'cksum'
[09:16:33.260] [bmv2] [D] [thread 105119] [63.0] [cxt 0] Deparsing header 'ethernet'
[09:16:33.260] [bmv2] [D] [thread 105119] [63.0] [cxt 0] Deparsing header 'ipv4'
[09:16:33.260] [bmv2] [D] [thread 105119] [63.0] [cxt 0] Deparser 'deparser': end
[09:16:33.260] [bmv2] [D] [thread 105122] [63.0] [cxt 0] Transmitting packet of size 308 out of port 1
[09:16:33.264] [bmv2] [D] [thread 105117] [64.0] [cxt 0] Processing packet received on port 1
[09:16:33.264] [bmv2] [D] [thread 105117] [64.0] [cxt 0] Parser 'parser': start
[09:16:33.264] [bmv2] [D] [thread 105117] [64.0] [cxt 0] Parser 'parser' entering state 'start'
[09:16:33.264] [bmv2] [D] [thread 105117] [64.0] [cxt 0] Extracting header 'ethernet'
[09:16:33.264] [bmv2] [D] [thread 105117] [64.0] [cxt 0] Parser state 'start': key is 0800
[09:16:33.264] [bmv2] [T] [thread 105117] [64.0] [cxt 0] Bytes parsed: 14
[09:16:33.264] [bmv2] [D] [thread 105117] [64.0] [cxt 0] Parser 'parser' entering state 'parse_ipv4'
[09:16:33.264] [bmv2] [D] [thread 105117] [64.0] [cxt 0] Extracting header 'ipv4'
[09:16:33.264] [bmv2] [D] [thread 105117] [64.0] [cxt 0] Parser state 'parse_ipv4' has no switch, going to default next state
[09:16:33.264] [bmv2] [T] [thread 105117] [64.0] [cxt 0] Bytes parsed: 34
[09:16:33.264] [bmv2] [D] [thread 105117] [64.0] [cxt 0] Parser 'parser': end
[09:16:33.264] [bmv2] [D] [thread 105117] [64.0] [cxt 0] Pipeline 'ingress': start
[09:16:33.264] [bmv2] [T] [thread 105117] [64.0] [cxt 0] switch.p4(116) Condition "hdr.ipv4.isValid()" (node_2) is true
[09:16:33.264] [bmv2] [T] [thread 105117] [64.0] [cxt 0] Applying table 'MyIngress.ipv4_lpm'
[09:16:33.264] [bmv2] [D] [thread 105117] [64.0] [cxt 0] Looking up key:
* hdr.ipv4.dstAddr    : 0a000202

[09:16:33.264] [bmv2] [D] [thread 105117] [64.0] [cxt 0] Table 'MyIngress.ipv4_lpm': hit with handle 1
[09:16:33.264] [bmv2] [D] [thread 105117] [64.0] [cxt 0] Dumping entry 1
Match key:
* hdr.ipv4.dstAddr    : LPM       0a000202/32
Action entry: MyIngress.ipv4_forward - 80000000300,2,

[09:16:33.264] [bmv2] [D] [thread 105117] [64.0] [cxt 0] Action entry is MyIngress.ipv4_forward - 80000000300,2,
[09:16:33.264] [bmv2] [T] [thread 105117] [64.0] [cxt 0] Action MyIngress.ipv4_forward
[09:16:33.264] [bmv2] [T] [thread 105117] [64.0] [cxt 0] switch.p4(96) Primitive standard_metadata.egress_spec = port
[09:16:33.264] [bmv2] [T] [thread 105117] [64.0] [cxt 0] switch.p4(97) Primitive hdr.ethernet.srcAddr = hdr.ethernet.dstAddr
[09:16:33.264] [bmv2] [T] [thread 105117] [64.0] [cxt 0] switch.p4(98) Primitive hdr.ethernet.dstAddr = dstAddr
[09:16:33.264] [bmv2] [T] [thread 105117] [64.0] [cxt 0] switch.p4(99) Primitive hdr.ipv4.ttl = hdr.ipv4.ttl - 1
[09:16:33.264] [bmv2] [D] [thread 105117] [64.0] [cxt 0] Pipeline 'ingress': end
[09:16:33.264] [bmv2] [D] [thread 105117] [64.0] [cxt 0] Egress port is 2
[09:16:33.264] [bmv2] [D] [thread 105120] [64.0] [cxt 0] Pipeline 'egress': start
[09:16:33.264] [bmv2] [D] [thread 105120] [64.0] [cxt 0] Pipeline 'egress': end
[09:16:33.264] [bmv2] [D] [thread 105120] [64.0] [cxt 0] Deparser 'deparser': start
[09:16:33.264] [bmv2] [D] [thread 105120] [64.0] [cxt 0] Updating checksum 'cksum'
[09:16:33.264] [bmv2] [D] [thread 105120] [64.0] [cxt 0] Deparsing header 'ethernet'
[09:16:33.264] [bmv2] [D] [thread 105120] [64.0] [cxt 0] Deparsing header 'ipv4'
[09:16:33.264] [bmv2] [D] [thread 105120] [64.0] [cxt 0] Deparser 'deparser': end
[09:16:33.264] [bmv2] [D] [thread 105122] [64.0] [cxt 0] Transmitting packet of size 336 out of port 2
[09:16:34.099] [bmv2] [D] [thread 105117] [65.0] [cxt 0] Processing packet received on port 1
[09:16:34.099] [bmv2] [D] [thread 105117] [65.0] [cxt 0] Parser 'parser': start
[09:16:34.099] [bmv2] [D] [thread 105117] [65.0] [cxt 0] Parser 'parser' entering state 'start'
[09:16:34.099] [bmv2] [D] [thread 105117] [65.0] [cxt 0] Extracting header 'ethernet'
[09:16:34.099] [bmv2] [D] [thread 105117] [65.0] [cxt 0] Parser state 'start': key is 0800
[09:16:34.099] [bmv2] [T] [thread 105117] [65.0] [cxt 0] Bytes parsed: 14
[09:16:34.099] [bmv2] [D] [thread 105117] [65.0] [cxt 0] Parser 'parser' entering state 'parse_ipv4'
[09:16:34.099] [bmv2] [D] [thread 105117] [65.0] [cxt 0] Extracting header 'ipv4'
[09:16:34.099] [bmv2] [D] [thread 105117] [65.0] [cxt 0] Parser state 'parse_ipv4' has no switch, going to default next state
[09:16:34.099] [bmv2] [T] [thread 105117] [65.0] [cxt 0] Bytes parsed: 34
[09:16:34.099] [bmv2] [D] [thread 105117] [65.0] [cxt 0] Parser 'parser': end
[09:16:34.099] [bmv2] [D] [thread 105117] [65.0] [cxt 0] Pipeline 'ingress': start
[09:16:34.099] [bmv2] [T] [thread 105117] [65.0] [cxt 0] switch.p4(116) Condition "hdr.ipv4.isValid()" (node_2) is true
[09:16:34.099] [bmv2] [T] [thread 105117] [65.0] [cxt 0] Applying table 'MyIngress.ipv4_lpm'
[09:16:34.099] [bmv2] [D] [thread 105117] [65.0] [cxt 0] Looking up key:
* hdr.ipv4.dstAddr    : 0a000202

[09:16:34.099] [bmv2] [D] [thread 105117] [65.0] [cxt 0] Table 'MyIngress.ipv4_lpm': hit with handle 1
[09:16:34.099] [bmv2] [D] [thread 105117] [65.0] [cxt 0] Dumping entry 1
Match key:
* hdr.ipv4.dstAddr    : LPM       0a000202/32
Action entry: MyIngress.ipv4_forward - 80000000300,2,

[09:16:34.099] [bmv2] [D] [thread 105117] [65.0] [cxt 0] Action entry is MyIngress.ipv4_forward - 80000000300,2,
[09:16:34.099] [bmv2] [T] [thread 105117] [65.0] [cxt 0] Action MyIngress.ipv4_forward
[09:16:34.099] [bmv2] [T] [thread 105117] [65.0] [cxt 0] switch.p4(96) Primitive standard_metadata.egress_spec = port
[09:16:34.099] [bmv2] [T] [thread 105117] [65.0] [cxt 0] switch.p4(97) Primitive hdr.ethernet.srcAddr = hdr.ethernet.dstAddr
[09:16:34.099] [bmv2] [T] [thread 105117] [65.0] [cxt 0] switch.p4(98) Primitive hdr.ethernet.dstAddr = dstAddr
[09:16:34.099] [bmv2] [T] [thread 105117] [65.0] [cxt 0] switch.p4(99) Primitive hdr.ipv4.ttl = hdr.ipv4.ttl - 1
[09:16:34.099] [bmv2] [D] [thread 105117] [65.0] [cxt 0] Pipeline 'ingress': end
[09:16:34.099] [bmv2] [D] [thread 105117] [65.0] [cxt 0] Egress port is 2
[09:16:34.099] [bmv2] [D] [thread 105120] [65.0] [cxt 0] Pipeline 'egress': start
[09:16:34.099] [bmv2] [D] [thread 105120] [65.0] [cxt 0] Pipeline 'egress': end
[09:16:34.099] [bmv2] [D] [thread 105120] [65.0] [cxt 0] Deparser 'deparser': start
[09:16:34.099] [bmv2] [D] [thread 105120] [65.0] [cxt 0] Updating checksum 'cksum'
[09:16:34.099] [bmv2] [D] [thread 105120] [65.0] [cxt 0] Deparsing header 'ethernet'
[09:16:34.099] [bmv2] [D] [thread 105120] [65.0] [cxt 0] Deparsing header 'ipv4'
[09:16:34.099] [bmv2] [D] [thread 105120] [65.0] [cxt 0] Deparser 'deparser': end
[09:16:34.099] [bmv2] [D] [thread 105122] [65.0] [cxt 0] Transmitting packet of size 48 out of port 2
[09:16:34.101] [bmv2] [D] [thread 105117] [66.0] [cxt 0] Processing packet received on port 2
[09:16:34.101] [bmv2] [D] [thread 105117] [66.0] [cxt 0] Parser 'parser': start
[09:16:34.101] [bmv2] [D] [thread 105117] [66.0] [cxt 0] Parser 'parser' entering state 'start'
[09:16:34.101] [bmv2] [D] [thread 105117] [66.0] [cxt 0] Extracting header 'ethernet'
[09:16:34.101] [bmv2] [D] [thread 105117] [66.0] [cxt 0] Parser state 'start': key is 0800
[09:16:34.101] [bmv2] [T] [thread 105117] [66.0] [cxt 0] Bytes parsed: 14
[09:16:34.101] [bmv2] [D] [thread 105117] [66.0] [cxt 0] Parser 'parser' entering state 'parse_ipv4'
[09:16:34.101] [bmv2] [D] [thread 105117] [66.0] [cxt 0] Extracting header 'ipv4'
[09:16:34.101] [bmv2] [D] [thread 105117] [66.0] [cxt 0] Parser state 'parse_ipv4' has no switch, going to default next state
[09:16:34.101] [bmv2] [T] [thread 105117] [66.0] [cxt 0] Bytes parsed: 34
[09:16:34.101] [bmv2] [D] [thread 105117] [66.0] [cxt 0] Parser 'parser': end
[09:16:34.101] [bmv2] [D] [thread 105117] [66.0] [cxt 0] Pipeline 'ingress': start
[09:16:34.101] [bmv2] [T] [thread 105117] [66.0] [cxt 0] switch.p4(116) Condition "hdr.ipv4.isValid()" (node_2) is true
[09:16:34.101] [bmv2] [T] [thread 105117] [66.0] [cxt 0] Applying table 'MyIngress.ipv4_lpm'
[09:16:34.101] [bmv2] [D] [thread 105117] [66.0] [cxt 0] Looking up key:
* hdr.ipv4.dstAddr    : 0a000101

[09:16:34.101] [bmv2] [D] [thread 105117] [66.0] [cxt 0] Table 'MyIngress.ipv4_lpm': hit with handle 0
[09:16:34.101] [bmv2] [D] [thread 105117] [66.0] [cxt 0] Dumping entry 0
Match key:
* hdr.ipv4.dstAddr    : LPM       0a000101/32
Action entry: MyIngress.ipv4_forward - 80000000100,1,

[09:16:34.101] [bmv2] [D] [thread 105117] [66.0] [cxt 0] Action entry is MyIngress.ipv4_forward - 80000000100,1,
[09:16:34.101] [bmv2] [T] [thread 105117] [66.0] [cxt 0] Action MyIngress.ipv4_forward
[09:16:34.101] [bmv2] [T] [thread 105117] [66.0] [cxt 0] switch.p4(96) Primitive standard_metadata.egress_spec = port
[09:16:34.101] [bmv2] [T] [thread 105117] [66.0] [cxt 0] switch.p4(97) Primitive hdr.ethernet.srcAddr = hdr.ethernet.dstAddr
[09:16:34.101] [bmv2] [T] [thread 105117] [66.0] [cxt 0] switch.p4(98) Primitive hdr.ethernet.dstAddr = dstAddr
[09:16:34.101] [bmv2] [T] [thread 105117] [66.0] [cxt 0] switch.p4(99) Primitive hdr.ipv4.ttl = hdr.ipv4.ttl - 1
[09:16:34.101] [bmv2] [D] [thread 105117] [66.0] [cxt 0] Pipeline 'ingress': end
[09:16:34.101] [bmv2] [D] [thread 105117] [66.0] [cxt 0] Egress port is 1
[09:16:34.101] [bmv2] [D] [thread 105119] [66.0] [cxt 0] Pipeline 'egress': start
[09:16:34.101] [bmv2] [D] [thread 105119] [66.0] [cxt 0] Pipeline 'egress': end
[09:16:34.101] [bmv2] [D] [thread 105119] [66.0] [cxt 0] Deparser 'deparser': start
[09:16:34.101] [bmv2] [D] [thread 105119] [66.0] [cxt 0] Updating checksum 'cksum'
[09:16:34.101] [bmv2] [D] [thread 105119] [66.0] [cxt 0] Deparsing header 'ethernet'
[09:16:34.101] [bmv2] [D] [thread 105119] [66.0] [cxt 0] Deparsing header 'ipv4'
[09:16:34.101] [bmv2] [D] [thread 105119] [66.0] [cxt 0] Deparser 'deparser': end
[09:16:34.101] [bmv2] [D] [thread 105122] [66.0] [cxt 0] Transmitting packet of size 76 out of port 1
[09:16:34.138] [bmv2] [D] [thread 105117] [67.0] [cxt 0] Processing packet received on port 2
[09:16:34.138] [bmv2] [D] [thread 105117] [67.0] [cxt 0] Parser 'parser': start
[09:16:34.140] [bmv2] [D] [thread 105117] [67.0] [cxt 0] Parser 'parser' entering state 'start'
[09:16:34.140] [bmv2] [D] [thread 105117] [67.0] [cxt 0] Extracting header 'ethernet'
[09:16:34.140] [bmv2] [D] [thread 105117] [67.0] [cxt 0] Parser state 'start': key is 0800
[09:16:34.140] [bmv2] [T] [thread 105117] [67.0] [cxt 0] Bytes parsed: 14
[09:16:34.140] [bmv2] [D] [thread 105117] [67.0] [cxt 0] Parser 'parser' entering state 'parse_ipv4'
[09:16:34.140] [bmv2] [D] [thread 105117] [67.0] [cxt 0] Extracting header 'ipv4'
[09:16:34.140] [bmv2] [D] [thread 105117] [67.0] [cxt 0] Parser state 'parse_ipv4' has no switch, going to default next state
[09:16:34.140] [bmv2] [T] [thread 105117] [67.0] [cxt 0] Bytes parsed: 34
[09:16:34.140] [bmv2] [D] [thread 105117] [67.0] [cxt 0] Parser 'parser': end
[09:16:34.140] [bmv2] [D] [thread 105117] [67.0] [cxt 0] Pipeline 'ingress': start
[09:16:34.140] [bmv2] [T] [thread 105117] [67.0] [cxt 0] switch.p4(116) Condition "hdr.ipv4.isValid()" (node_2) is true
[09:16:34.140] [bmv2] [T] [thread 105117] [67.0] [cxt 0] Applying table 'MyIngress.ipv4_lpm'
[09:16:34.140] [bmv2] [D] [thread 105117] [67.0] [cxt 0] Looking up key:
* hdr.ipv4.dstAddr    : 0a000101

[09:16:34.140] [bmv2] [D] [thread 105117] [67.0] [cxt 0] Table 'MyIngress.ipv4_lpm': hit with handle 0
[09:16:34.140] [bmv2] [D] [thread 105117] [67.0] [cxt 0] Dumping entry 0
Match key:
* hdr.ipv4.dstAddr    : LPM       0a000101/32
Action entry: MyIngress.ipv4_forward - 80000000100,1,

[09:16:34.140] [bmv2] [D] [thread 105117] [67.0] [cxt 0] Action entry is MyIngress.ipv4_forward - 80000000100,1,
[09:16:34.140] [bmv2] [T] [thread 105117] [67.0] [cxt 0] Action MyIngress.ipv4_forward
[09:16:34.140] [bmv2] [T] [thread 105117] [67.0] [cxt 0] switch.p4(96) Primitive standard_metadata.egress_spec = port
[09:16:34.140] [bmv2] [T] [thread 105117] [67.0] [cxt 0] switch.p4(97) Primitive hdr.ethernet.srcAddr = hdr.ethernet.dstAddr
[09:16:34.140] [bmv2] [T] [thread 105117] [67.0] [cxt 0] switch.p4(98) Primitive hdr.ethernet.dstAddr = dstAddr
[09:16:34.140] [bmv2] [T] [thread 105117] [67.0] [cxt 0] switch.p4(99) Primitive hdr.ipv4.ttl = hdr.ipv4.ttl - 1
[09:16:34.140] [bmv2] [D] [thread 105117] [67.0] [cxt 0] Pipeline 'ingress': end
[09:16:34.140] [bmv2] [D] [thread 105117] [67.0] [cxt 0] Egress port is 1
[09:16:34.140] [bmv2] [D] [thread 105119] [67.0] [cxt 0] Pipeline 'egress': start
[09:16:34.140] [bmv2] [D] [thread 105119] [67.0] [cxt 0] Pipeline 'egress': end
[09:16:34.140] [bmv2] [D] [thread 105119] [67.0] [cxt 0] Deparser 'deparser': start
[09:16:34.140] [bmv2] [D] [thread 105119] [67.0] [cxt 0] Updating checksum 'cksum'
[09:16:34.140] [bmv2] [D] [thread 105119] [67.0] [cxt 0] Deparsing header 'ethernet'
[09:16:34.140] [bmv2] [D] [thread 105119] [67.0] [cxt 0] Deparsing header 'ipv4'
[09:16:34.140] [bmv2] [D] [thread 105119] [67.0] [cxt 0] Deparser 'deparser': end
[09:16:34.140] [bmv2] [D] [thread 105122] [67.0] [cxt 0] Transmitting packet of size 308 out of port 1
[09:16:34.142] [bmv2] [D] [thread 105117] [68.0] [cxt 0] Processing packet received on port 1
[09:16:34.142] [bmv2] [D] [thread 105117] [68.0] [cxt 0] Parser 'parser': start
[09:16:34.142] [bmv2] [D] [thread 105117] [68.0] [cxt 0] Parser 'parser' entering state 'start'
[09:16:34.142] [bmv2] [D] [thread 105117] [68.0] [cxt 0] Extracting header 'ethernet'
[09:16:34.142] [bmv2] [D] [thread 105117] [68.0] [cxt 0] Parser state 'start': key is 0800
[09:16:34.142] [bmv2] [T] [thread 105117] [68.0] [cxt 0] Bytes parsed: 14
[09:16:34.142] [bmv2] [D] [thread 105117] [68.0] [cxt 0] Parser 'parser' entering state 'parse_ipv4'
[09:16:34.142] [bmv2] [D] [thread 105117] [68.0] [cxt 0] Extracting header 'ipv4'
[09:16:34.142] [bmv2] [D] [thread 105117] [68.0] [cxt 0] Parser state 'parse_ipv4' has no switch, going to default next state
[09:16:34.142] [bmv2] [T] [thread 105117] [68.0] [cxt 0] Bytes parsed: 34
[09:16:34.142] [bmv2] [D] [thread 105117] [68.0] [cxt 0] Parser 'parser': end
[09:16:34.142] [bmv2] [D] [thread 105117] [68.0] [cxt 0] Pipeline 'ingress': start
[09:16:34.142] [bmv2] [T] [thread 105117] [68.0] [cxt 0] switch.p4(116) Condition "hdr.ipv4.isValid()" (node_2) is true
[09:16:34.142] [bmv2] [T] [thread 105117] [68.0] [cxt 0] Applying table 'MyIngress.ipv4_lpm'
[09:16:34.142] [bmv2] [D] [thread 105117] [68.0] [cxt 0] Looking up key:
* hdr.ipv4.dstAddr    : 0a000202

[09:16:34.142] [bmv2] [D] [thread 105117] [68.0] [cxt 0] Table 'MyIngress.ipv4_lpm': hit with handle 1
[09:16:34.142] [bmv2] [D] [thread 105117] [68.0] [cxt 0] Dumping entry 1
Match key:
* hdr.ipv4.dstAddr    : LPM       0a000202/32
Action entry: MyIngress.ipv4_forward - 80000000300,2,

[09:16:34.142] [bmv2] [D] [thread 105117] [68.0] [cxt 0] Action entry is MyIngress.ipv4_forward - 80000000300,2,
[09:16:34.142] [bmv2] [T] [thread 105117] [68.0] [cxt 0] Action MyIngress.ipv4_forward
[09:16:34.142] [bmv2] [T] [thread 105117] [68.0] [cxt 0] switch.p4(96) Primitive standard_metadata.egress_spec = port
[09:16:34.142] [bmv2] [T] [thread 105117] [68.0] [cxt 0] switch.p4(97) Primitive hdr.ethernet.srcAddr = hdr.ethernet.dstAddr
[09:16:34.142] [bmv2] [T] [thread 105117] [68.0] [cxt 0] switch.p4(98) Primitive hdr.ethernet.dstAddr = dstAddr
[09:16:34.142] [bmv2] [T] [thread 105117] [68.0] [cxt 0] switch.p4(99) Primitive hdr.ipv4.ttl = hdr.ipv4.ttl - 1
[09:16:34.142] [bmv2] [D] [thread 105117] [68.0] [cxt 0] Pipeline 'ingress': end
[09:16:34.142] [bmv2] [D] [thread 105117] [68.0] [cxt 0] Egress port is 2
[09:16:34.142] [bmv2] [D] [thread 105120] [68.0] [cxt 0] Pipeline 'egress': start
[09:16:34.142] [bmv2] [D] [thread 105120] [68.0] [cxt 0] Pipeline 'egress': end
[09:16:34.142] [bmv2] [D] [thread 105120] [68.0] [cxt 0] Deparser 'deparser': start
[09:16:34.142] [bmv2] [D] [thread 105120] [68.0] [cxt 0] Updating checksum 'cksum'
[09:16:34.142] [bmv2] [D] [thread 105120] [68.0] [cxt 0] Deparsing header 'ethernet'
[09:16:34.142] [bmv2] [D] [thread 105120] [68.0] [cxt 0] Deparsing header 'ipv4'
[09:16:34.142] [bmv2] [D] [thread 105120] [68.0] [cxt 0] Deparser 'deparser': end
[09:16:34.142] [bmv2] [D] [thread 105122] [68.0] [cxt 0] Transmitting packet of size 336 out of port 2
[09:16:35.174] [bmv2] [D] [thread 105117] [69.0] [cxt 0] Processing packet received on port 1
[09:16:35.174] [bmv2] [D] [thread 105117] [69.0] [cxt 0] Parser 'parser': start
[09:16:35.174] [bmv2] [D] [thread 105117] [69.0] [cxt 0] Parser 'parser' entering state 'start'
[09:16:35.174] [bmv2] [D] [thread 105117] [69.0] [cxt 0] Extracting header 'ethernet'
[09:16:35.174] [bmv2] [D] [thread 105117] [69.0] [cxt 0] Parser state 'start': key is 0800
[09:16:35.174] [bmv2] [T] [thread 105117] [69.0] [cxt 0] Bytes parsed: 14
[09:16:35.174] [bmv2] [D] [thread 105117] [69.0] [cxt 0] Parser 'parser' entering state 'parse_ipv4'
[09:16:35.174] [bmv2] [D] [thread 105117] [69.0] [cxt 0] Extracting header 'ipv4'
[09:16:35.174] [bmv2] [D] [thread 105117] [69.0] [cxt 0] Parser state 'parse_ipv4' has no switch, going to default next state
[09:16:35.174] [bmv2] [T] [thread 105117] [69.0] [cxt 0] Bytes parsed: 34
[09:16:35.174] [bmv2] [D] [thread 105117] [69.0] [cxt 0] Parser 'parser': end
[09:16:35.174] [bmv2] [D] [thread 105117] [69.0] [cxt 0] Pipeline 'ingress': start
[09:16:35.174] [bmv2] [T] [thread 105117] [69.0] [cxt 0] switch.p4(116) Condition "hdr.ipv4.isValid()" (node_2) is true
[09:16:35.174] [bmv2] [T] [thread 105117] [69.0] [cxt 0] Applying table 'MyIngress.ipv4_lpm'
[09:16:35.174] [bmv2] [D] [thread 105117] [69.0] [cxt 0] Looking up key:
* hdr.ipv4.dstAddr    : 0a000202

[09:16:35.174] [bmv2] [D] [thread 105117] [69.0] [cxt 0] Table 'MyIngress.ipv4_lpm': hit with handle 1
[09:16:35.174] [bmv2] [D] [thread 105117] [69.0] [cxt 0] Dumping entry 1
Match key:
* hdr.ipv4.dstAddr    : LPM       0a000202/32
Action entry: MyIngress.ipv4_forward - 80000000300,2,

[09:16:35.174] [bmv2] [D] [thread 105117] [69.0] [cxt 0] Action entry is MyIngress.ipv4_forward - 80000000300,2,
[09:16:35.174] [bmv2] [T] [thread 105117] [69.0] [cxt 0] Action MyIngress.ipv4_forward
[09:16:35.174] [bmv2] [T] [thread 105117] [69.0] [cxt 0] switch.p4(96) Primitive standard_metadata.egress_spec = port
[09:16:35.174] [bmv2] [T] [thread 105117] [69.0] [cxt 0] switch.p4(97) Primitive hdr.ethernet.srcAddr = hdr.ethernet.dstAddr
[09:16:35.174] [bmv2] [T] [thread 105117] [69.0] [cxt 0] switch.p4(98) Primitive hdr.ethernet.dstAddr = dstAddr
[09:16:35.174] [bmv2] [T] [thread 105117] [69.0] [cxt 0] switch.p4(99) Primitive hdr.ipv4.ttl = hdr.ipv4.ttl - 1
[09:16:35.174] [bmv2] [D] [thread 105117] [69.0] [cxt 0] Pipeline 'ingress': end
[09:16:35.174] [bmv2] [D] [thread 105117] [69.0] [cxt 0] Egress port is 2
[09:16:35.174] [bmv2] [D] [thread 105120] [69.0] [cxt 0] Pipeline 'egress': start
[09:16:35.174] [bmv2] [D] [thread 105120] [69.0] [cxt 0] Pipeline 'egress': end
[09:16:35.174] [bmv2] [D] [thread 105120] [69.0] [cxt 0] Deparser 'deparser': start
[09:16:35.174] [bmv2] [D] [thread 105120] [69.0] [cxt 0] Updating checksum 'cksum'
[09:16:35.174] [bmv2] [D] [thread 105120] [69.0] [cxt 0] Deparsing header 'ethernet'
[09:16:35.174] [bmv2] [D] [thread 105120] [69.0] [cxt 0] Deparsing header 'ipv4'
[09:16:35.174] [bmv2] [D] [thread 105120] [69.0] [cxt 0] Deparser 'deparser': end
[09:16:35.174] [bmv2] [D] [thread 105122] [69.0] [cxt 0] Transmitting packet of size 48 out of port 2
[09:16:35.178] [bmv2] [D] [thread 105117] [70.0] [cxt 0] Processing packet received on port 2
[09:16:35.178] [bmv2] [D] [thread 105117] [70.0] [cxt 0] Parser 'parser': start
[09:16:35.178] [bmv2] [D] [thread 105117] [70.0] [cxt 0] Parser 'parser' entering state 'start'
[09:16:35.178] [bmv2] [D] [thread 105117] [70.0] [cxt 0] Extracting header 'ethernet'
[09:16:35.178] [bmv2] [D] [thread 105117] [70.0] [cxt 0] Parser state 'start': key is 0800
[09:16:35.178] [bmv2] [T] [thread 105117] [70.0] [cxt 0] Bytes parsed: 14
[09:16:35.178] [bmv2] [D] [thread 105117] [70.0] [cxt 0] Parser 'parser' entering state 'parse_ipv4'
[09:16:35.178] [bmv2] [D] [thread 105117] [70.0] [cxt 0] Extracting header 'ipv4'
[09:16:35.178] [bmv2] [D] [thread 105117] [70.0] [cxt 0] Parser state 'parse_ipv4' has no switch, going to default next state
[09:16:35.178] [bmv2] [T] [thread 105117] [70.0] [cxt 0] Bytes parsed: 34
[09:16:35.178] [bmv2] [D] [thread 105117] [70.0] [cxt 0] Parser 'parser': end
[09:16:35.178] [bmv2] [D] [thread 105117] [70.0] [cxt 0] Pipeline 'ingress': start
[09:16:35.178] [bmv2] [T] [thread 105117] [70.0] [cxt 0] switch.p4(116) Condition "hdr.ipv4.isValid()" (node_2) is true
[09:16:35.178] [bmv2] [T] [thread 105117] [70.0] [cxt 0] Applying table 'MyIngress.ipv4_lpm'
[09:16:35.178] [bmv2] [D] [thread 105117] [70.0] [cxt 0] Looking up key:
* hdr.ipv4.dstAddr    : 0a000101

[09:16:35.178] [bmv2] [D] [thread 105117] [70.0] [cxt 0] Table 'MyIngress.ipv4_lpm': hit with handle 0
[09:16:35.178] [bmv2] [D] [thread 105117] [70.0] [cxt 0] Dumping entry 0
Match key:
* hdr.ipv4.dstAddr    : LPM       0a000101/32
Action entry: MyIngress.ipv4_forward - 80000000100,1,

[09:16:35.178] [bmv2] [D] [thread 105117] [70.0] [cxt 0] Action entry is MyIngress.ipv4_forward - 80000000100,1,
[09:16:35.178] [bmv2] [T] [thread 105117] [70.0] [cxt 0] Action MyIngress.ipv4_forward
[09:16:35.178] [bmv2] [T] [thread 105117] [70.0] [cxt 0] switch.p4(96) Primitive standard_metadata.egress_spec = port
[09:16:35.178] [bmv2] [T] [thread 105117] [70.0] [cxt 0] switch.p4(97) Primitive hdr.ethernet.srcAddr = hdr.ethernet.dstAddr
[09:16:35.178] [bmv2] [T] [thread 105117] [70.0] [cxt 0] switch.p4(98) Primitive hdr.ethernet.dstAddr = dstAddr
[09:16:35.178] [bmv2] [T] [thread 105117] [70.0] [cxt 0] switch.p4(99) Primitive hdr.ipv4.ttl = hdr.ipv4.ttl - 1
[09:16:35.178] [bmv2] [D] [thread 105117] [70.0] [cxt 0] Pipeline 'ingress': end
[09:16:35.178] [bmv2] [D] [thread 105117] [70.0] [cxt 0] Egress port is 1
[09:16:35.178] [bmv2] [D] [thread 105119] [70.0] [cxt 0] Pipeline 'egress': start
[09:16:35.178] [bmv2] [D] [thread 105119] [70.0] [cxt 0] Pipeline 'egress': end
[09:16:35.178] [bmv2] [D] [thread 105119] [70.0] [cxt 0] Deparser 'deparser': start
[09:16:35.178] [bmv2] [D] [thread 105119] [70.0] [cxt 0] Updating checksum 'cksum'
[09:16:35.178] [bmv2] [D] [thread 105119] [70.0] [cxt 0] Deparsing header 'ethernet'
[09:16:35.178] [bmv2] [D] [thread 105119] [70.0] [cxt 0] Deparsing header 'ipv4'
[09:16:35.178] [bmv2] [D] [thread 105119] [70.0] [cxt 0] Deparser 'deparser': end
[09:16:35.178] [bmv2] [D] [thread 105122] [70.0] [cxt 0] Transmitting packet of size 76 out of port 1
[09:16:35.205] [bmv2] [D] [thread 105117] [71.0] [cxt 0] Processing packet received on port 2
[09:16:35.205] [bmv2] [D] [thread 105117] [71.0] [cxt 0] Parser 'parser': start
[09:16:35.205] [bmv2] [D] [thread 105117] [71.0] [cxt 0] Parser 'parser' entering state 'start'
[09:16:35.205] [bmv2] [D] [thread 105117] [71.0] [cxt 0] Extracting header 'ethernet'
[09:16:35.205] [bmv2] [D] [thread 105117] [71.0] [cxt 0] Parser state 'start': key is 0800
[09:16:35.205] [bmv2] [T] [thread 105117] [71.0] [cxt 0] Bytes parsed: 14
[09:16:35.205] [bmv2] [D] [thread 105117] [71.0] [cxt 0] Parser 'parser' entering state 'parse_ipv4'
[09:16:35.205] [bmv2] [D] [thread 105117] [71.0] [cxt 0] Extracting header 'ipv4'
[09:16:35.205] [bmv2] [D] [thread 105117] [71.0] [cxt 0] Parser state 'parse_ipv4' has no switch, going to default next state
[09:16:35.205] [bmv2] [T] [thread 105117] [71.0] [cxt 0] Bytes parsed: 34
[09:16:35.205] [bmv2] [D] [thread 105117] [71.0] [cxt 0] Parser 'parser': end
[09:16:35.205] [bmv2] [D] [thread 105117] [71.0] [cxt 0] Pipeline 'ingress': start
[09:16:35.205] [bmv2] [T] [thread 105117] [71.0] [cxt 0] switch.p4(116) Condition "hdr.ipv4.isValid()" (node_2) is true
[09:16:35.205] [bmv2] [T] [thread 105117] [71.0] [cxt 0] Applying table 'MyIngress.ipv4_lpm'
[09:16:35.205] [bmv2] [D] [thread 105117] [71.0] [cxt 0] Looking up key:
* hdr.ipv4.dstAddr    : 0a000101

[09:16:35.205] [bmv2] [D] [thread 105117] [71.0] [cxt 0] Table 'MyIngress.ipv4_lpm': hit with handle 0
[09:16:35.205] [bmv2] [D] [thread 105117] [71.0] [cxt 0] Dumping entry 0
Match key:
* hdr.ipv4.dstAddr    : LPM       0a000101/32
Action entry: MyIngress.ipv4_forward - 80000000100,1,

[09:16:35.205] [bmv2] [D] [thread 105117] [71.0] [cxt 0] Action entry is MyIngress.ipv4_forward - 80000000100,1,
[09:16:35.205] [bmv2] [T] [thread 105117] [71.0] [cxt 0] Action MyIngress.ipv4_forward
[09:16:35.205] [bmv2] [T] [thread 105117] [71.0] [cxt 0] switch.p4(96) Primitive standard_metadata.egress_spec = port
[09:16:35.205] [bmv2] [T] [thread 105117] [71.0] [cxt 0] switch.p4(97) Primitive hdr.ethernet.srcAddr = hdr.ethernet.dstAddr
[09:16:35.205] [bmv2] [T] [thread 105117] [71.0] [cxt 0] switch.p4(98) Primitive hdr.ethernet.dstAddr = dstAddr
[09:16:35.205] [bmv2] [T] [thread 105117] [71.0] [cxt 0] switch.p4(99) Primitive hdr.ipv4.ttl = hdr.ipv4.ttl - 1
[09:16:35.205] [bmv2] [D] [thread 105117] [71.0] [cxt 0] Pipeline 'ingress': end
[09:16:35.205] [bmv2] [D] [thread 105117] [71.0] [cxt 0] Egress port is 1
[09:16:35.205] [bmv2] [D] [thread 105119] [71.0] [cxt 0] Pipeline 'egress': start
[09:16:35.213] [bmv2] [D] [thread 105119] [71.0] [cxt 0] Pipeline 'egress': end
[09:16:35.213] [bmv2] [D] [thread 105119] [71.0] [cxt 0] Deparser 'deparser': start
[09:16:35.213] [bmv2] [D] [thread 105119] [71.0] [cxt 0] Updating checksum 'cksum'
[09:16:35.213] [bmv2] [D] [thread 105119] [71.0] [cxt 0] Deparsing header 'ethernet'
[09:16:35.213] [bmv2] [D] [thread 105119] [71.0] [cxt 0] Deparsing header 'ipv4'
[09:16:35.213] [bmv2] [D] [thread 105119] [71.0] [cxt 0] Deparser 'deparser': end
[09:16:35.213] [bmv2] [D] [thread 105122] [71.0] [cxt 0] Transmitting packet of size 308 out of port 1
[09:16:35.218] [bmv2] [D] [thread 105117] [72.0] [cxt 0] Processing packet received on port 1
[09:16:35.218] [bmv2] [D] [thread 105117] [72.0] [cxt 0] Parser 'parser': start
[09:16:35.218] [bmv2] [D] [thread 105117] [72.0] [cxt 0] Parser 'parser' entering state 'start'
[09:16:35.218] [bmv2] [D] [thread 105117] [72.0] [cxt 0] Extracting header 'ethernet'
[09:16:35.218] [bmv2] [D] [thread 105117] [72.0] [cxt 0] Parser state 'start': key is 0800
[09:16:35.218] [bmv2] [T] [thread 105117] [72.0] [cxt 0] Bytes parsed: 14
[09:16:35.218] [bmv2] [D] [thread 105117] [72.0] [cxt 0] Parser 'parser' entering state 'parse_ipv4'
[09:16:35.218] [bmv2] [D] [thread 105117] [72.0] [cxt 0] Extracting header 'ipv4'
[09:16:35.218] [bmv2] [D] [thread 105117] [72.0] [cxt 0] Parser state 'parse_ipv4' has no switch, going to default next state
[09:16:35.218] [bmv2] [T] [thread 105117] [72.0] [cxt 0] Bytes parsed: 34
[09:16:35.218] [bmv2] [D] [thread 105117] [72.0] [cxt 0] Parser 'parser': end
[09:16:35.218] [bmv2] [D] [thread 105117] [72.0] [cxt 0] Pipeline 'ingress': start
[09:16:35.218] [bmv2] [T] [thread 105117] [72.0] [cxt 0] switch.p4(116) Condition "hdr.ipv4.isValid()" (node_2) is true
[09:16:35.218] [bmv2] [T] [thread 105117] [72.0] [cxt 0] Applying table 'MyIngress.ipv4_lpm'
[09:16:35.218] [bmv2] [D] [thread 105117] [72.0] [cxt 0] Looking up key:
* hdr.ipv4.dstAddr    : 0a000202

[09:16:35.218] [bmv2] [D] [thread 105117] [72.0] [cxt 0] Table 'MyIngress.ipv4_lpm': hit with handle 1
[09:16:35.218] [bmv2] [D] [thread 105117] [72.0] [cxt 0] Dumping entry 1
Match key:
* hdr.ipv4.dstAddr    : LPM       0a000202/32
Action entry: MyIngress.ipv4_forward - 80000000300,2,

[09:16:35.218] [bmv2] [D] [thread 105117] [72.0] [cxt 0] Action entry is MyIngress.ipv4_forward - 80000000300,2,
[09:16:35.218] [bmv2] [T] [thread 105117] [72.0] [cxt 0] Action MyIngress.ipv4_forward
[09:16:35.218] [bmv2] [T] [thread 105117] [72.0] [cxt 0] switch.p4(96) Primitive standard_metadata.egress_spec = port
[09:16:35.218] [bmv2] [T] [thread 105117] [72.0] [cxt 0] switch.p4(97) Primitive hdr.ethernet.srcAddr = hdr.ethernet.dstAddr
[09:16:35.218] [bmv2] [T] [thread 105117] [72.0] [cxt 0] switch.p4(98) Primitive hdr.ethernet.dstAddr = dstAddr
[09:16:35.218] [bmv2] [T] [thread 105117] [72.0] [cxt 0] switch.p4(99) Primitive hdr.ipv4.ttl = hdr.ipv4.ttl - 1
[09:16:35.218] [bmv2] [D] [thread 105117] [72.0] [cxt 0] Pipeline 'ingress': end
[09:16:35.218] [bmv2] [D] [thread 105117] [72.0] [cxt 0] Egress port is 2
[09:16:35.218] [bmv2] [D] [thread 105120] [72.0] [cxt 0] Pipeline 'egress': start
[09:16:35.218] [bmv2] [D] [thread 105120] [72.0] [cxt 0] Pipeline 'egress': end
[09:16:35.218] [bmv2] [D] [thread 105120] [72.0] [cxt 0] Deparser 'deparser': start
[09:16:35.218] [bmv2] [D] [thread 105120] [72.0] [cxt 0] Updating checksum 'cksum'
[09:16:35.218] [bmv2] [D] [thread 105120] [72.0] [cxt 0] Deparsing header 'ethernet'
[09:16:35.218] [bmv2] [D] [thread 105120] [72.0] [cxt 0] Deparsing header 'ipv4'
[09:16:35.218] [bmv2] [D] [thread 105120] [72.0] [cxt 0] Deparser 'deparser': end
[09:16:35.218] [bmv2] [D] [thread 105122] [72.0] [cxt 0] Transmitting packet of size 336 out of port 2
[09:16:35.868] [bmv2] [D] [thread 105117] [73.0] [cxt 0] Processing packet received on port 1
[09:16:35.869] [bmv2] [D] [thread 105117] [73.0] [cxt 0] Parser 'parser': start
[09:16:35.869] [bmv2] [D] [thread 105117] [73.0] [cxt 0] Parser 'parser' entering state 'start'
[09:16:35.869] [bmv2] [D] [thread 105117] [73.0] [cxt 0] Extracting header 'ethernet'
[09:16:35.869] [bmv2] [D] [thread 105117] [73.0] [cxt 0] Parser state 'start': key is 86dd
[09:16:35.869] [bmv2] [T] [thread 105117] [73.0] [cxt 0] Bytes parsed: 14
[09:16:35.869] [bmv2] [D] [thread 105117] [73.0] [cxt 0] Parser 'parser': end
[09:16:35.869] [bmv2] [D] [thread 105117] [73.0] [cxt 0] Pipeline 'ingress': start
[09:16:35.869] [bmv2] [T] [thread 105117] [73.0] [cxt 0] switch.p4(116) Condition "hdr.ipv4.isValid()" (node_2) is false
[09:16:35.869] [bmv2] [D] [thread 105117] [73.0] [cxt 0] Pipeline 'ingress': end
[09:16:35.869] [bmv2] [D] [thread 105117] [73.0] [cxt 0] Egress port is 0
[09:16:35.869] [bmv2] [D] [thread 105118] [73.0] [cxt 0] Pipeline 'egress': start
[09:16:35.869] [bmv2] [D] [thread 105118] [73.0] [cxt 0] Pipeline 'egress': end
[09:16:35.869] [bmv2] [D] [thread 105118] [73.0] [cxt 0] Deparser 'deparser': start
[09:16:35.869] [bmv2] [T] [thread 105118] [73.0] [cxt 0] Skipping checksum 'cksum' update because condition not met
[09:16:35.869] [bmv2] [D] [thread 105118] [73.0] [cxt 0] Deparsing header 'ethernet'
[09:16:35.869] [bmv2] [D] [thread 105118] [73.0] [cxt 0] Deparser 'deparser': end
[09:16:35.869] [bmv2] [D] [thread 105122] [73.0] [cxt 0] Transmitting packet of size 203 out of port 0
[09:16:36.180] [bmv2] [D] [thread 105117] [74.0] [cxt 0] Processing packet received on port 1
[09:16:36.180] [bmv2] [D] [thread 105117] [74.0] [cxt 0] Parser 'parser': start
[09:16:36.180] [bmv2] [D] [thread 105117] [74.0] [cxt 0] Parser 'parser' entering state 'start'
[09:16:36.180] [bmv2] [D] [thread 105117] [74.0] [cxt 0] Extracting header 'ethernet'
[09:16:36.180] [bmv2] [D] [thread 105117] [74.0] [cxt 0] Parser state 'start': key is 86dd
[09:16:36.180] [bmv2] [T] [thread 105117] [74.0] [cxt 0] Bytes parsed: 14
[09:16:36.180] [bmv2] [D] [thread 105117] [74.0] [cxt 0] Parser 'parser': end
[09:16:36.180] [bmv2] [D] [thread 105117] [74.0] [cxt 0] Pipeline 'ingress': start
[09:16:36.180] [bmv2] [T] [thread 105117] [74.0] [cxt 0] switch.p4(116) Condition "hdr.ipv4.isValid()" (node_2) is false
[09:16:36.180] [bmv2] [D] [thread 105117] [74.0] [cxt 0] Pipeline 'ingress': end
[09:16:36.180] [bmv2] [D] [thread 105117] [74.0] [cxt 0] Egress port is 0
[09:16:36.180] [bmv2] [D] [thread 105117] [75.0] [cxt 0] Processing packet received on port 2
[09:16:36.180] [bmv2] [D] [thread 105117] [75.0] [cxt 0] Parser 'parser': start
[09:16:36.180] [bmv2] [D] [thread 105117] [75.0] [cxt 0] Parser 'parser' entering state 'start'
[09:16:36.180] [bmv2] [D] [thread 105117] [75.0] [cxt 0] Extracting header 'ethernet'
[09:16:36.180] [bmv2] [D] [thread 105117] [75.0] [cxt 0] Parser state 'start': key is 86dd
[09:16:36.180] [bmv2] [T] [thread 105117] [75.0] [cxt 0] Bytes parsed: 14
[09:16:36.180] [bmv2] [D] [thread 105117] [75.0] [cxt 0] Parser 'parser': end
[09:16:36.180] [bmv2] [D] [thread 105117] [75.0] [cxt 0] Pipeline 'ingress': start
[09:16:36.180] [bmv2] [T] [thread 105117] [75.0] [cxt 0] switch.p4(116) Condition "hdr.ipv4.isValid()" (node_2) is false
[09:16:36.180] [bmv2] [D] [thread 105117] [75.0] [cxt 0] Pipeline 'ingress': end
[09:16:36.180] [bmv2] [D] [thread 105117] [75.0] [cxt 0] Egress port is 0
[09:16:36.180] [bmv2] [D] [thread 105117] [76.0] [cxt 0] Processing packet received on port 2
[09:16:36.180] [bmv2] [D] [thread 105117] [76.0] [cxt 0] Parser 'parser': start
[09:16:36.180] [bmv2] [D] [thread 105117] [76.0] [cxt 0] Parser 'parser' entering state 'start'
[09:16:36.180] [bmv2] [D] [thread 105117] [76.0] [cxt 0] Extracting header 'ethernet'
[09:16:36.180] [bmv2] [D] [thread 105117] [76.0] [cxt 0] Parser state 'start': key is 86dd
[09:16:36.180] [bmv2] [T] [thread 105117] [76.0] [cxt 0] Bytes parsed: 14
[09:16:36.180] [bmv2] [D] [thread 105117] [76.0] [cxt 0] Parser 'parser': end
[09:16:36.180] [bmv2] [D] [thread 105117] [76.0] [cxt 0] Pipeline 'ingress': start
[09:16:36.180] [bmv2] [T] [thread 105117] [76.0] [cxt 0] switch.p4(116) Condition "hdr.ipv4.isValid()" (node_2) is false
[09:16:36.180] [bmv2] [D] [thread 105117] [76.0] [cxt 0] Pipeline 'ingress': end
[09:16:36.180] [bmv2] [D] [thread 105117] [76.0] [cxt 0] Egress port is 0
[09:16:36.180] [bmv2] [D] [thread 105118] [74.0] [cxt 0] Pipeline 'egress': start
[09:16:36.180] [bmv2] [D] [thread 105118] [74.0] [cxt 0] Pipeline 'egress': end
[09:16:36.180] [bmv2] [D] [thread 105118] [74.0] [cxt 0] Deparser 'deparser': start
[09:16:36.180] [bmv2] [T] [thread 105118] [74.0] [cxt 0] Skipping checksum 'cksum' update because condition not met
[09:16:36.180] [bmv2] [D] [thread 105118] [74.0] [cxt 0] Deparsing header 'ethernet'
[09:16:36.180] [bmv2] [D] [thread 105118] [74.0] [cxt 0] Deparser 'deparser': end
[09:16:36.180] [bmv2] [D] [thread 105118] [75.0] [cxt 0] Pipeline 'egress': start
[09:16:36.180] [bmv2] [D] [thread 105118] [75.0] [cxt 0] Pipeline 'egress': end
[09:16:36.180] [bmv2] [D] [thread 105118] [75.0] [cxt 0] Deparser 'deparser': start
[09:16:36.180] [bmv2] [T] [thread 105118] [75.0] [cxt 0] Skipping checksum 'cksum' update because condition not met
[09:16:36.180] [bmv2] [D] [thread 105118] [75.0] [cxt 0] Deparsing header 'ethernet'
[09:16:36.180] [bmv2] [D] [thread 105118] [75.0] [cxt 0] Deparser 'deparser': end
[09:16:36.180] [bmv2] [D] [thread 105118] [76.0] [cxt 0] Pipeline 'egress': start
[09:16:36.180] [bmv2] [D] [thread 105118] [76.0] [cxt 0] Pipeline 'egress': end
[09:16:36.180] [bmv2] [D] [thread 105118] [76.0] [cxt 0] Deparser 'deparser': start
[09:16:36.180] [bmv2] [T] [thread 105118] [76.0] [cxt 0] Skipping checksum 'cksum' update because condition not met
[09:16:36.180] [bmv2] [D] [thread 105118] [76.0] [cxt 0] Deparsing header 'ethernet'
[09:16:36.180] [bmv2] [D] [thread 105118] [76.0] [cxt 0] Deparser 'deparser': end
[09:16:36.180] [bmv2] [D] [thread 105122] [74.0] [cxt 0] Transmitting packet of size 203 out of port 0
[09:16:36.180] [bmv2] [D] [thread 105122] [75.0] [cxt 0] Transmitting packet of size 203 out of port 0
[09:16:36.180] [bmv2] [D] [thread 105122] [76.0] [cxt 0] Transmitting packet of size 203 out of port 0
[09:16:36.807] [bmv2] [D] [thread 105117] [77.0] [cxt 0] Processing packet received on port 1
[09:16:36.807] [bmv2] [D] [thread 105117] [77.0] [cxt 0] Parser 'parser': start
[09:16:36.807] [bmv2] [D] [thread 105117] [77.0] [cxt 0] Parser 'parser' entering state 'start'
[09:16:36.807] [bmv2] [D] [thread 105117] [77.0] [cxt 0] Extracting header 'ethernet'
[09:16:36.807] [bmv2] [D] [thread 105117] [77.0] [cxt 0] Parser state 'start': key is 0800
[09:16:36.807] [bmv2] [T] [thread 105117] [77.0] [cxt 0] Bytes parsed: 14
[09:16:36.807] [bmv2] [D] [thread 105117] [77.0] [cxt 0] Parser 'parser' entering state 'parse_ipv4'
[09:16:36.807] [bmv2] [D] [thread 105117] [77.0] [cxt 0] Extracting header 'ipv4'
[09:16:36.807] [bmv2] [D] [thread 105117] [77.0] [cxt 0] Parser state 'parse_ipv4' has no switch, going to default next state
[09:16:36.807] [bmv2] [T] [thread 105117] [77.0] [cxt 0] Bytes parsed: 34
[09:16:36.807] [bmv2] [D] [thread 105117] [77.0] [cxt 0] Parser 'parser': end
[09:16:36.807] [bmv2] [D] [thread 105117] [77.0] [cxt 0] Pipeline 'ingress': start
[09:16:36.807] [bmv2] [T] [thread 105117] [77.0] [cxt 0] switch.p4(116) Condition "hdr.ipv4.isValid()" (node_2) is true
[09:16:36.807] [bmv2] [T] [thread 105117] [77.0] [cxt 0] Applying table 'MyIngress.ipv4_lpm'
[09:16:36.807] [bmv2] [D] [thread 105117] [77.0] [cxt 0] Looking up key:
* hdr.ipv4.dstAddr    : 0a000202

[09:16:36.807] [bmv2] [D] [thread 105117] [77.0] [cxt 0] Table 'MyIngress.ipv4_lpm': hit with handle 1
[09:16:36.807] [bmv2] [D] [thread 105117] [77.0] [cxt 0] Dumping entry 1
Match key:
* hdr.ipv4.dstAddr    : LPM       0a000202/32
Action entry: MyIngress.ipv4_forward - 80000000300,2,

[09:16:36.807] [bmv2] [D] [thread 105117] [77.0] [cxt 0] Action entry is MyIngress.ipv4_forward - 80000000300,2,
[09:16:36.807] [bmv2] [T] [thread 105117] [77.0] [cxt 0] Action MyIngress.ipv4_forward
[09:16:36.807] [bmv2] [T] [thread 105117] [77.0] [cxt 0] switch.p4(96) Primitive standard_metadata.egress_spec = port
[09:16:36.807] [bmv2] [T] [thread 105117] [77.0] [cxt 0] switch.p4(97) Primitive hdr.ethernet.srcAddr = hdr.ethernet.dstAddr
[09:16:36.807] [bmv2] [T] [thread 105117] [77.0] [cxt 0] switch.p4(98) Primitive hdr.ethernet.dstAddr = dstAddr
[09:16:36.807] [bmv2] [T] [thread 105117] [77.0] [cxt 0] switch.p4(99) Primitive hdr.ipv4.ttl = hdr.ipv4.ttl - 1
[09:16:36.807] [bmv2] [D] [thread 105117] [77.0] [cxt 0] Pipeline 'ingress': end
[09:16:36.807] [bmv2] [D] [thread 105117] [77.0] [cxt 0] Egress port is 2
[09:16:36.807] [bmv2] [D] [thread 105120] [77.0] [cxt 0] Pipeline 'egress': start
[09:16:36.807] [bmv2] [D] [thread 105120] [77.0] [cxt 0] Pipeline 'egress': end
[09:16:36.807] [bmv2] [D] [thread 105120] [77.0] [cxt 0] Deparser 'deparser': start
[09:16:36.807] [bmv2] [D] [thread 105120] [77.0] [cxt 0] Updating checksum 'cksum'
[09:16:36.807] [bmv2] [D] [thread 105120] [77.0] [cxt 0] Deparsing header 'ethernet'
[09:16:36.807] [bmv2] [D] [thread 105120] [77.0] [cxt 0] Deparsing header 'ipv4'
[09:16:36.807] [bmv2] [D] [thread 105120] [77.0] [cxt 0] Deparser 'deparser': end
[09:16:36.807] [bmv2] [D] [thread 105122] [77.0] [cxt 0] Transmitting packet of size 48 out of port 2
[09:16:36.807] [bmv2] [D] [thread 105117] [78.0] [cxt 0] Processing packet received on port 2
[09:16:36.807] [bmv2] [D] [thread 105117] [78.0] [cxt 0] Parser 'parser': start
[09:16:36.807] [bmv2] [D] [thread 105117] [78.0] [cxt 0] Parser 'parser' entering state 'start'
[09:16:36.807] [bmv2] [D] [thread 105117] [78.0] [cxt 0] Extracting header 'ethernet'
[09:16:36.807] [bmv2] [D] [thread 105117] [78.0] [cxt 0] Parser state 'start': key is 0800
[09:16:36.807] [bmv2] [T] [thread 105117] [78.0] [cxt 0] Bytes parsed: 14
[09:16:36.807] [bmv2] [D] [thread 105117] [78.0] [cxt 0] Parser 'parser' entering state 'parse_ipv4'
[09:16:36.807] [bmv2] [D] [thread 105117] [78.0] [cxt 0] Extracting header 'ipv4'
[09:16:36.807] [bmv2] [D] [thread 105117] [78.0] [cxt 0] Parser state 'parse_ipv4' has no switch, going to default next state
[09:16:36.807] [bmv2] [T] [thread 105117] [78.0] [cxt 0] Bytes parsed: 34
[09:16:36.807] [bmv2] [D] [thread 105117] [78.0] [cxt 0] Parser 'parser': end
[09:16:36.807] [bmv2] [D] [thread 105117] [78.0] [cxt 0] Pipeline 'ingress': start
[09:16:36.807] [bmv2] [T] [thread 105117] [78.0] [cxt 0] switch.p4(116) Condition "hdr.ipv4.isValid()" (node_2) is true
[09:16:36.807] [bmv2] [T] [thread 105117] [78.0] [cxt 0] Applying table 'MyIngress.ipv4_lpm'
[09:16:36.807] [bmv2] [D] [thread 105117] [78.0] [cxt 0] Looking up key:
* hdr.ipv4.dstAddr    : 0a000101

[09:16:36.807] [bmv2] [D] [thread 105117] [78.0] [cxt 0] Table 'MyIngress.ipv4_lpm': hit with handle 0
[09:16:36.807] [bmv2] [D] [thread 105117] [78.0] [cxt 0] Dumping entry 0
Match key:
* hdr.ipv4.dstAddr    : LPM       0a000101/32
Action entry: MyIngress.ipv4_forward - 80000000100,1,

[09:16:36.807] [bmv2] [D] [thread 105117] [78.0] [cxt 0] Action entry is MyIngress.ipv4_forward - 80000000100,1,
[09:16:36.807] [bmv2] [T] [thread 105117] [78.0] [cxt 0] Action MyIngress.ipv4_forward
[09:16:36.807] [bmv2] [T] [thread 105117] [78.0] [cxt 0] switch.p4(96) Primitive standard_metadata.egress_spec = port
[09:16:36.807] [bmv2] [T] [thread 105117] [78.0] [cxt 0] switch.p4(97) Primitive hdr.ethernet.srcAddr = hdr.ethernet.dstAddr
[09:16:36.807] [bmv2] [T] [thread 105117] [78.0] [cxt 0] switch.p4(98) Primitive hdr.ethernet.dstAddr = dstAddr
[09:16:36.807] [bmv2] [T] [thread 105117] [78.0] [cxt 0] switch.p4(99) Primitive hdr.ipv4.ttl = hdr.ipv4.ttl - 1
[09:16:36.807] [bmv2] [D] [thread 105117] [78.0] [cxt 0] Pipeline 'ingress': end
[09:16:36.807] [bmv2] [D] [thread 105117] [78.0] [cxt 0] Egress port is 1
[09:16:36.807] [bmv2] [D] [thread 105119] [78.0] [cxt 0] Pipeline 'egress': start
[09:16:36.807] [bmv2] [D] [thread 105119] [78.0] [cxt 0] Pipeline 'egress': end
[09:16:36.807] [bmv2] [D] [thread 105119] [78.0] [cxt 0] Deparser 'deparser': start
[09:16:36.807] [bmv2] [D] [thread 105119] [78.0] [cxt 0] Updating checksum 'cksum'
[09:16:36.807] [bmv2] [D] [thread 105119] [78.0] [cxt 0] Deparsing header 'ethernet'
[09:16:36.807] [bmv2] [D] [thread 105119] [78.0] [cxt 0] Deparsing header 'ipv4'
[09:16:36.807] [bmv2] [D] [thread 105119] [78.0] [cxt 0] Deparser 'deparser': end
[09:16:36.807] [bmv2] [D] [thread 105122] [78.0] [cxt 0] Transmitting packet of size 76 out of port 1
[09:16:36.835] [bmv2] [D] [thread 105117] [79.0] [cxt 0] Processing packet received on port 2
[09:16:36.835] [bmv2] [D] [thread 105117] [79.0] [cxt 0] Parser 'parser': start
[09:16:36.835] [bmv2] [D] [thread 105117] [79.0] [cxt 0] Parser 'parser' entering state 'start'
[09:16:36.835] [bmv2] [D] [thread 105117] [79.0] [cxt 0] Extracting header 'ethernet'
[09:16:36.835] [bmv2] [D] [thread 105117] [79.0] [cxt 0] Parser state 'start': key is 0800
[09:16:36.835] [bmv2] [T] [thread 105117] [79.0] [cxt 0] Bytes parsed: 14
[09:16:36.835] [bmv2] [D] [thread 105117] [79.0] [cxt 0] Parser 'parser' entering state 'parse_ipv4'
[09:16:36.835] [bmv2] [D] [thread 105117] [79.0] [cxt 0] Extracting header 'ipv4'
[09:16:36.835] [bmv2] [D] [thread 105117] [79.0] [cxt 0] Parser state 'parse_ipv4' has no switch, going to default next state
[09:16:36.835] [bmv2] [T] [thread 105117] [79.0] [cxt 0] Bytes parsed: 34
[09:16:36.835] [bmv2] [D] [thread 105117] [79.0] [cxt 0] Parser 'parser': end
[09:16:36.835] [bmv2] [D] [thread 105117] [79.0] [cxt 0] Pipeline 'ingress': start
[09:16:36.835] [bmv2] [T] [thread 105117] [79.0] [cxt 0] switch.p4(116) Condition "hdr.ipv4.isValid()" (node_2) is true
[09:16:36.835] [bmv2] [T] [thread 105117] [79.0] [cxt 0] Applying table 'MyIngress.ipv4_lpm'
[09:16:36.835] [bmv2] [D] [thread 105117] [79.0] [cxt 0] Looking up key:
* hdr.ipv4.dstAddr    : 0a000101

[09:16:36.835] [bmv2] [D] [thread 105117] [79.0] [cxt 0] Table 'MyIngress.ipv4_lpm': hit with handle 0
[09:16:36.835] [bmv2] [D] [thread 105117] [79.0] [cxt 0] Dumping entry 0
Match key:
* hdr.ipv4.dstAddr    : LPM       0a000101/32
Action entry: MyIngress.ipv4_forward - 80000000100,1,

[09:16:36.835] [bmv2] [D] [thread 105117] [79.0] [cxt 0] Action entry is MyIngress.ipv4_forward - 80000000100,1,
[09:16:36.835] [bmv2] [T] [thread 105117] [79.0] [cxt 0] Action MyIngress.ipv4_forward
[09:16:36.835] [bmv2] [T] [thread 105117] [79.0] [cxt 0] switch.p4(96) Primitive standard_metadata.egress_spec = port
[09:16:36.835] [bmv2] [T] [thread 105117] [79.0] [cxt 0] switch.p4(97) Primitive hdr.ethernet.srcAddr = hdr.ethernet.dstAddr
[09:16:36.835] [bmv2] [T] [thread 105117] [79.0] [cxt 0] switch.p4(98) Primitive hdr.ethernet.dstAddr = dstAddr
[09:16:36.835] [bmv2] [T] [thread 105117] [79.0] [cxt 0] switch.p4(99) Primitive hdr.ipv4.ttl = hdr.ipv4.ttl - 1
[09:16:36.835] [bmv2] [D] [thread 105117] [79.0] [cxt 0] Pipeline 'ingress': end
[09:16:36.835] [bmv2] [D] [thread 105117] [79.0] [cxt 0] Egress port is 1
[09:16:36.835] [bmv2] [D] [thread 105119] [79.0] [cxt 0] Pipeline 'egress': start
[09:16:36.837] [bmv2] [D] [thread 105119] [79.0] [cxt 0] Pipeline 'egress': end
[09:16:36.837] [bmv2] [D] [thread 105119] [79.0] [cxt 0] Deparser 'deparser': start
[09:16:36.837] [bmv2] [D] [thread 105119] [79.0] [cxt 0] Updating checksum 'cksum'
[09:16:36.837] [bmv2] [D] [thread 105119] [79.0] [cxt 0] Deparsing header 'ethernet'
[09:16:36.837] [bmv2] [D] [thread 105119] [79.0] [cxt 0] Deparsing header 'ipv4'
[09:16:36.837] [bmv2] [D] [thread 105119] [79.0] [cxt 0] Deparser 'deparser': end
[09:16:36.837] [bmv2] [D] [thread 105122] [79.0] [cxt 0] Transmitting packet of size 308 out of port 1
[09:16:36.837] [bmv2] [D] [thread 105117] [80.0] [cxt 0] Processing packet received on port 1
[09:16:36.837] [bmv2] [D] [thread 105117] [80.0] [cxt 0] Parser 'parser': start
[09:16:36.837] [bmv2] [D] [thread 105117] [80.0] [cxt 0] Parser 'parser' entering state 'start'
[09:16:36.837] [bmv2] [D] [thread 105117] [80.0] [cxt 0] Extracting header 'ethernet'
[09:16:36.837] [bmv2] [D] [thread 105117] [80.0] [cxt 0] Parser state 'start': key is 0800
[09:16:36.837] [bmv2] [T] [thread 105117] [80.0] [cxt 0] Bytes parsed: 14
[09:16:36.837] [bmv2] [D] [thread 105117] [80.0] [cxt 0] Parser 'parser' entering state 'parse_ipv4'
[09:16:36.837] [bmv2] [D] [thread 105117] [80.0] [cxt 0] Extracting header 'ipv4'
[09:16:36.837] [bmv2] [D] [thread 105117] [80.0] [cxt 0] Parser state 'parse_ipv4' has no switch, going to default next state
[09:16:36.837] [bmv2] [T] [thread 105117] [80.0] [cxt 0] Bytes parsed: 34
[09:16:36.837] [bmv2] [D] [thread 105117] [80.0] [cxt 0] Parser 'parser': end
[09:16:36.837] [bmv2] [D] [thread 105117] [80.0] [cxt 0] Pipeline 'ingress': start
[09:16:36.837] [bmv2] [T] [thread 105117] [80.0] [cxt 0] switch.p4(116) Condition "hdr.ipv4.isValid()" (node_2) is true
[09:16:36.837] [bmv2] [T] [thread 105117] [80.0] [cxt 0] Applying table 'MyIngress.ipv4_lpm'
[09:16:36.837] [bmv2] [D] [thread 105117] [80.0] [cxt 0] Looking up key:
* hdr.ipv4.dstAddr    : 0a000202

[09:16:36.837] [bmv2] [D] [thread 105117] [80.0] [cxt 0] Table 'MyIngress.ipv4_lpm': hit with handle 1
[09:16:36.837] [bmv2] [D] [thread 105117] [80.0] [cxt 0] Dumping entry 1
Match key:
* hdr.ipv4.dstAddr    : LPM       0a000202/32
Action entry: MyIngress.ipv4_forward - 80000000300,2,

[09:16:36.837] [bmv2] [D] [thread 105117] [80.0] [cxt 0] Action entry is MyIngress.ipv4_forward - 80000000300,2,
[09:16:36.837] [bmv2] [T] [thread 105117] [80.0] [cxt 0] Action MyIngress.ipv4_forward
[09:16:36.837] [bmv2] [T] [thread 105117] [80.0] [cxt 0] switch.p4(96) Primitive standard_metadata.egress_spec = port
[09:16:36.837] [bmv2] [T] [thread 105117] [80.0] [cxt 0] switch.p4(97) Primitive hdr.ethernet.srcAddr = hdr.ethernet.dstAddr
[09:16:36.837] [bmv2] [T] [thread 105117] [80.0] [cxt 0] switch.p4(98) Primitive hdr.ethernet.dstAddr = dstAddr
[09:16:36.837] [bmv2] [T] [thread 105117] [80.0] [cxt 0] switch.p4(99) Primitive hdr.ipv4.ttl = hdr.ipv4.ttl - 1
[09:16:36.837] [bmv2] [D] [thread 105117] [80.0] [cxt 0] Pipeline 'ingress': end
[09:16:36.837] [bmv2] [D] [thread 105117] [80.0] [cxt 0] Egress port is 2
[09:16:36.837] [bmv2] [D] [thread 105120] [80.0] [cxt 0] Pipeline 'egress': start
[09:16:36.837] [bmv2] [D] [thread 105120] [80.0] [cxt 0] Pipeline 'egress': end
[09:16:36.837] [bmv2] [D] [thread 105120] [80.0] [cxt 0] Deparser 'deparser': start
[09:16:36.837] [bmv2] [D] [thread 105120] [80.0] [cxt 0] Updating checksum 'cksum'
[09:16:36.837] [bmv2] [D] [thread 105120] [80.0] [cxt 0] Deparsing header 'ethernet'
[09:16:36.837] [bmv2] [D] [thread 105120] [80.0] [cxt 0] Deparsing header 'ipv4'
[09:16:36.837] [bmv2] [D] [thread 105120] [80.0] [cxt 0] Deparser 'deparser': end
[09:16:36.842] [bmv2] [D] [thread 105122] [80.0] [cxt 0] Transmitting packet of size 336 out of port 2
[09:16:37.885] [bmv2] [D] [thread 105117] [81.0] [cxt 0] Processing packet received on port 1
[09:16:37.885] [bmv2] [D] [thread 105117] [81.0] [cxt 0] Parser 'parser': start
[09:16:37.885] [bmv2] [D] [thread 105117] [81.0] [cxt 0] Parser 'parser' entering state 'start'
[09:16:37.885] [bmv2] [D] [thread 105117] [81.0] [cxt 0] Extracting header 'ethernet'
[09:16:37.885] [bmv2] [D] [thread 105117] [81.0] [cxt 0] Parser state 'start': key is 0800
[09:16:37.885] [bmv2] [T] [thread 105117] [81.0] [cxt 0] Bytes parsed: 14
[09:16:37.885] [bmv2] [D] [thread 105117] [81.0] [cxt 0] Parser 'parser' entering state 'parse_ipv4'
[09:16:37.885] [bmv2] [D] [thread 105117] [81.0] [cxt 0] Extracting header 'ipv4'
[09:16:37.885] [bmv2] [D] [thread 105117] [81.0] [cxt 0] Parser state 'parse_ipv4' has no switch, going to default next state
[09:16:37.885] [bmv2] [T] [thread 105117] [81.0] [cxt 0] Bytes parsed: 34
[09:16:37.885] [bmv2] [D] [thread 105117] [81.0] [cxt 0] Parser 'parser': end
[09:16:37.885] [bmv2] [D] [thread 105117] [81.0] [cxt 0] Pipeline 'ingress': start
[09:16:37.885] [bmv2] [T] [thread 105117] [81.0] [cxt 0] switch.p4(116) Condition "hdr.ipv4.isValid()" (node_2) is true
[09:16:37.885] [bmv2] [T] [thread 105117] [81.0] [cxt 0] Applying table 'MyIngress.ipv4_lpm'
[09:16:37.885] [bmv2] [D] [thread 105117] [81.0] [cxt 0] Looking up key:
* hdr.ipv4.dstAddr    : 0a000202

[09:16:37.885] [bmv2] [D] [thread 105117] [81.0] [cxt 0] Table 'MyIngress.ipv4_lpm': hit with handle 1
[09:16:37.885] [bmv2] [D] [thread 105117] [81.0] [cxt 0] Dumping entry 1
Match key:
* hdr.ipv4.dstAddr    : LPM       0a000202/32
Action entry: MyIngress.ipv4_forward - 80000000300,2,

[09:16:37.885] [bmv2] [D] [thread 105117] [81.0] [cxt 0] Action entry is MyIngress.ipv4_forward - 80000000300,2,
[09:16:37.885] [bmv2] [T] [thread 105117] [81.0] [cxt 0] Action MyIngress.ipv4_forward
[09:16:37.885] [bmv2] [T] [thread 105117] [81.0] [cxt 0] switch.p4(96) Primitive standard_metadata.egress_spec = port
[09:16:37.885] [bmv2] [T] [thread 105117] [81.0] [cxt 0] switch.p4(97) Primitive hdr.ethernet.srcAddr = hdr.ethernet.dstAddr
[09:16:37.885] [bmv2] [T] [thread 105117] [81.0] [cxt 0] switch.p4(98) Primitive hdr.ethernet.dstAddr = dstAddr
[09:16:37.885] [bmv2] [T] [thread 105117] [81.0] [cxt 0] switch.p4(99) Primitive hdr.ipv4.ttl = hdr.ipv4.ttl - 1
[09:16:37.885] [bmv2] [D] [thread 105117] [81.0] [cxt 0] Pipeline 'ingress': end
[09:16:37.885] [bmv2] [D] [thread 105117] [81.0] [cxt 0] Egress port is 2
[09:16:37.885] [bmv2] [D] [thread 105120] [81.0] [cxt 0] Pipeline 'egress': start
[09:16:37.885] [bmv2] [D] [thread 105120] [81.0] [cxt 0] Pipeline 'egress': end
[09:16:37.885] [bmv2] [D] [thread 105120] [81.0] [cxt 0] Deparser 'deparser': start
[09:16:37.885] [bmv2] [D] [thread 105120] [81.0] [cxt 0] Updating checksum 'cksum'
[09:16:37.885] [bmv2] [D] [thread 105120] [81.0] [cxt 0] Deparsing header 'ethernet'
[09:16:37.885] [bmv2] [D] [thread 105120] [81.0] [cxt 0] Deparsing header 'ipv4'
[09:16:37.885] [bmv2] [D] [thread 105120] [81.0] [cxt 0] Deparser 'deparser': end
[09:16:37.885] [bmv2] [D] [thread 105122] [81.0] [cxt 0] Transmitting packet of size 48 out of port 2
[09:16:37.886] [bmv2] [D] [thread 105117] [82.0] [cxt 0] Processing packet received on port 2
[09:16:37.886] [bmv2] [D] [thread 105117] [82.0] [cxt 0] Parser 'parser': start
[09:16:37.886] [bmv2] [D] [thread 105117] [82.0] [cxt 0] Parser 'parser' entering state 'start'
[09:16:37.886] [bmv2] [D] [thread 105117] [82.0] [cxt 0] Extracting header 'ethernet'
[09:16:37.886] [bmv2] [D] [thread 105117] [82.0] [cxt 0] Parser state 'start': key is 0800
[09:16:37.886] [bmv2] [T] [thread 105117] [82.0] [cxt 0] Bytes parsed: 14
[09:16:37.886] [bmv2] [D] [thread 105117] [82.0] [cxt 0] Parser 'parser' entering state 'parse_ipv4'
[09:16:37.886] [bmv2] [D] [thread 105117] [82.0] [cxt 0] Extracting header 'ipv4'
[09:16:37.886] [bmv2] [D] [thread 105117] [82.0] [cxt 0] Parser state 'parse_ipv4' has no switch, going to default next state
[09:16:37.886] [bmv2] [T] [thread 105117] [82.0] [cxt 0] Bytes parsed: 34
[09:16:37.886] [bmv2] [D] [thread 105117] [82.0] [cxt 0] Parser 'parser': end
[09:16:37.886] [bmv2] [D] [thread 105117] [82.0] [cxt 0] Pipeline 'ingress': start
[09:16:37.886] [bmv2] [T] [thread 105117] [82.0] [cxt 0] switch.p4(116) Condition "hdr.ipv4.isValid()" (node_2) is true
[09:16:37.886] [bmv2] [T] [thread 105117] [82.0] [cxt 0] Applying table 'MyIngress.ipv4_lpm'
[09:16:37.886] [bmv2] [D] [thread 105117] [82.0] [cxt 0] Looking up key:
* hdr.ipv4.dstAddr    : 0a000101

[09:16:37.886] [bmv2] [D] [thread 105117] [82.0] [cxt 0] Table 'MyIngress.ipv4_lpm': hit with handle 0
[09:16:37.886] [bmv2] [D] [thread 105117] [82.0] [cxt 0] Dumping entry 0
Match key:
* hdr.ipv4.dstAddr    : LPM       0a000101/32
Action entry: MyIngress.ipv4_forward - 80000000100,1,

[09:16:37.886] [bmv2] [D] [thread 105117] [82.0] [cxt 0] Action entry is MyIngress.ipv4_forward - 80000000100,1,
[09:16:37.886] [bmv2] [T] [thread 105117] [82.0] [cxt 0] Action MyIngress.ipv4_forward
[09:16:37.886] [bmv2] [T] [thread 105117] [82.0] [cxt 0] switch.p4(96) Primitive standard_metadata.egress_spec = port
[09:16:37.886] [bmv2] [T] [thread 105117] [82.0] [cxt 0] switch.p4(97) Primitive hdr.ethernet.srcAddr = hdr.ethernet.dstAddr
[09:16:37.886] [bmv2] [T] [thread 105117] [82.0] [cxt 0] switch.p4(98) Primitive hdr.ethernet.dstAddr = dstAddr
[09:16:37.886] [bmv2] [T] [thread 105117] [82.0] [cxt 0] switch.p4(99) Primitive hdr.ipv4.ttl = hdr.ipv4.ttl - 1
[09:16:37.886] [bmv2] [D] [thread 105117] [82.0] [cxt 0] Pipeline 'ingress': end
[09:16:37.886] [bmv2] [D] [thread 105117] [82.0] [cxt 0] Egress port is 1
[09:16:37.886] [bmv2] [D] [thread 105119] [82.0] [cxt 0] Pipeline 'egress': start
[09:16:37.886] [bmv2] [D] [thread 105119] [82.0] [cxt 0] Pipeline 'egress': end
[09:16:37.886] [bmv2] [D] [thread 105119] [82.0] [cxt 0] Deparser 'deparser': start
[09:16:37.886] [bmv2] [D] [thread 105119] [82.0] [cxt 0] Updating checksum 'cksum'
[09:16:37.886] [bmv2] [D] [thread 105119] [82.0] [cxt 0] Deparsing header 'ethernet'
[09:16:37.886] [bmv2] [D] [thread 105119] [82.0] [cxt 0] Deparsing header 'ipv4'
[09:16:37.886] [bmv2] [D] [thread 105119] [82.0] [cxt 0] Deparser 'deparser': end
[09:16:37.886] [bmv2] [D] [thread 105122] [82.0] [cxt 0] Transmitting packet of size 76 out of port 1
[09:16:37.911] [bmv2] [D] [thread 105117] [83.0] [cxt 0] Processing packet received on port 2
[09:16:37.911] [bmv2] [D] [thread 105117] [83.0] [cxt 0] Parser 'parser': start
[09:16:37.911] [bmv2] [D] [thread 105117] [83.0] [cxt 0] Parser 'parser' entering state 'start'
[09:16:37.911] [bmv2] [D] [thread 105117] [83.0] [cxt 0] Extracting header 'ethernet'
[09:16:37.911] [bmv2] [D] [thread 105117] [83.0] [cxt 0] Parser state 'start': key is 0800
[09:16:37.911] [bmv2] [T] [thread 105117] [83.0] [cxt 0] Bytes parsed: 14
[09:16:37.911] [bmv2] [D] [thread 105117] [83.0] [cxt 0] Parser 'parser' entering state 'parse_ipv4'
[09:16:37.911] [bmv2] [D] [thread 105117] [83.0] [cxt 0] Extracting header 'ipv4'
[09:16:37.911] [bmv2] [D] [thread 105117] [83.0] [cxt 0] Parser state 'parse_ipv4' has no switch, going to default next state
[09:16:37.911] [bmv2] [T] [thread 105117] [83.0] [cxt 0] Bytes parsed: 34
[09:16:37.911] [bmv2] [D] [thread 105117] [83.0] [cxt 0] Parser 'parser': end
[09:16:37.911] [bmv2] [D] [thread 105117] [83.0] [cxt 0] Pipeline 'ingress': start
[09:16:37.911] [bmv2] [T] [thread 105117] [83.0] [cxt 0] switch.p4(116) Condition "hdr.ipv4.isValid()" (node_2) is true
[09:16:37.911] [bmv2] [T] [thread 105117] [83.0] [cxt 0] Applying table 'MyIngress.ipv4_lpm'
[09:16:37.911] [bmv2] [D] [thread 105117] [83.0] [cxt 0] Looking up key:
* hdr.ipv4.dstAddr    : 0a000101

[09:16:37.911] [bmv2] [D] [thread 105117] [83.0] [cxt 0] Table 'MyIngress.ipv4_lpm': hit with handle 0
[09:16:37.911] [bmv2] [D] [thread 105117] [83.0] [cxt 0] Dumping entry 0
Match key:
* hdr.ipv4.dstAddr    : LPM       0a000101/32
Action entry: MyIngress.ipv4_forward - 80000000100,1,

[09:16:37.911] [bmv2] [D] [thread 105117] [83.0] [cxt 0] Action entry is MyIngress.ipv4_forward - 80000000100,1,
[09:16:37.911] [bmv2] [T] [thread 105117] [83.0] [cxt 0] Action MyIngress.ipv4_forward
[09:16:37.911] [bmv2] [T] [thread 105117] [83.0] [cxt 0] switch.p4(96) Primitive standard_metadata.egress_spec = port
[09:16:37.911] [bmv2] [T] [thread 105117] [83.0] [cxt 0] switch.p4(97) Primitive hdr.ethernet.srcAddr = hdr.ethernet.dstAddr
[09:16:37.911] [bmv2] [T] [thread 105117] [83.0] [cxt 0] switch.p4(98) Primitive hdr.ethernet.dstAddr = dstAddr
[09:16:37.911] [bmv2] [T] [thread 105117] [83.0] [cxt 0] switch.p4(99) Primitive hdr.ipv4.ttl = hdr.ipv4.ttl - 1
[09:16:37.911] [bmv2] [D] [thread 105117] [83.0] [cxt 0] Pipeline 'ingress': end
[09:16:37.911] [bmv2] [D] [thread 105117] [83.0] [cxt 0] Egress port is 1
[09:16:37.911] [bmv2] [D] [thread 105119] [83.0] [cxt 0] Pipeline 'egress': start
[09:16:37.911] [bmv2] [D] [thread 105119] [83.0] [cxt 0] Pipeline 'egress': end
[09:16:37.911] [bmv2] [D] [thread 105119] [83.0] [cxt 0] Deparser 'deparser': start
[09:16:37.911] [bmv2] [D] [thread 105119] [83.0] [cxt 0] Updating checksum 'cksum'
[09:16:37.911] [bmv2] [D] [thread 105119] [83.0] [cxt 0] Deparsing header 'ethernet'
[09:16:37.911] [bmv2] [D] [thread 105119] [83.0] [cxt 0] Deparsing header 'ipv4'
[09:16:37.911] [bmv2] [D] [thread 105119] [83.0] [cxt 0] Deparser 'deparser': end
[09:16:37.911] [bmv2] [D] [thread 105122] [83.0] [cxt 0] Transmitting packet of size 308 out of port 1
[09:16:37.916] [bmv2] [D] [thread 105117] [84.0] [cxt 0] Processing packet received on port 1
[09:16:37.916] [bmv2] [D] [thread 105117] [84.0] [cxt 0] Parser 'parser': start
[09:16:37.916] [bmv2] [D] [thread 105117] [84.0] [cxt 0] Parser 'parser' entering state 'start'
[09:16:37.916] [bmv2] [D] [thread 105117] [84.0] [cxt 0] Extracting header 'ethernet'
[09:16:37.916] [bmv2] [D] [thread 105117] [84.0] [cxt 0] Parser state 'start': key is 0800
[09:16:37.916] [bmv2] [T] [thread 105117] [84.0] [cxt 0] Bytes parsed: 14
[09:16:37.916] [bmv2] [D] [thread 105117] [84.0] [cxt 0] Parser 'parser' entering state 'parse_ipv4'
[09:16:37.916] [bmv2] [D] [thread 105117] [84.0] [cxt 0] Extracting header 'ipv4'
[09:16:37.916] [bmv2] [D] [thread 105117] [84.0] [cxt 0] Parser state 'parse_ipv4' has no switch, going to default next state
[09:16:37.916] [bmv2] [T] [thread 105117] [84.0] [cxt 0] Bytes parsed: 34
[09:16:37.916] [bmv2] [D] [thread 105117] [84.0] [cxt 0] Parser 'parser': end
[09:16:37.916] [bmv2] [D] [thread 105117] [84.0] [cxt 0] Pipeline 'ingress': start
[09:16:37.916] [bmv2] [T] [thread 105117] [84.0] [cxt 0] switch.p4(116) Condition "hdr.ipv4.isValid()" (node_2) is true
[09:16:37.916] [bmv2] [T] [thread 105117] [84.0] [cxt 0] Applying table 'MyIngress.ipv4_lpm'
[09:16:37.916] [bmv2] [D] [thread 105117] [84.0] [cxt 0] Looking up key:
* hdr.ipv4.dstAddr    : 0a000202

[09:16:37.916] [bmv2] [D] [thread 105117] [84.0] [cxt 0] Table 'MyIngress.ipv4_lpm': hit with handle 1
[09:16:37.916] [bmv2] [D] [thread 105117] [84.0] [cxt 0] Dumping entry 1
Match key:
* hdr.ipv4.dstAddr    : LPM       0a000202/32
Action entry: MyIngress.ipv4_forward - 80000000300,2,

[09:16:37.916] [bmv2] [D] [thread 105117] [84.0] [cxt 0] Action entry is MyIngress.ipv4_forward - 80000000300,2,
[09:16:37.916] [bmv2] [T] [thread 105117] [84.0] [cxt 0] Action MyIngress.ipv4_forward
[09:16:37.916] [bmv2] [T] [thread 105117] [84.0] [cxt 0] switch.p4(96) Primitive standard_metadata.egress_spec = port
[09:16:37.916] [bmv2] [T] [thread 105117] [84.0] [cxt 0] switch.p4(97) Primitive hdr.ethernet.srcAddr = hdr.ethernet.dstAddr
[09:16:37.916] [bmv2] [T] [thread 105117] [84.0] [cxt 0] switch.p4(98) Primitive hdr.ethernet.dstAddr = dstAddr
[09:16:37.916] [bmv2] [T] [thread 105117] [84.0] [cxt 0] switch.p4(99) Primitive hdr.ipv4.ttl = hdr.ipv4.ttl - 1
[09:16:37.916] [bmv2] [D] [thread 105117] [84.0] [cxt 0] Pipeline 'ingress': end
[09:16:37.916] [bmv2] [D] [thread 105117] [84.0] [cxt 0] Egress port is 2
[09:16:37.916] [bmv2] [D] [thread 105120] [84.0] [cxt 0] Pipeline 'egress': start
[09:16:37.916] [bmv2] [D] [thread 105120] [84.0] [cxt 0] Pipeline 'egress': end
[09:16:37.916] [bmv2] [D] [thread 105120] [84.0] [cxt 0] Deparser 'deparser': start
[09:16:37.916] [bmv2] [D] [thread 105120] [84.0] [cxt 0] Updating checksum 'cksum'
[09:16:37.916] [bmv2] [D] [thread 105120] [84.0] [cxt 0] Deparsing header 'ethernet'
[09:16:37.916] [bmv2] [D] [thread 105120] [84.0] [cxt 0] Deparsing header 'ipv4'
[09:16:37.916] [bmv2] [D] [thread 105120] [84.0] [cxt 0] Deparser 'deparser': end
[09:16:37.916] [bmv2] [D] [thread 105122] [84.0] [cxt 0] Transmitting packet of size 336 out of port 2
[09:16:38.749] [bmv2] [D] [thread 105117] [85.0] [cxt 0] Processing packet received on port 1
[09:16:38.749] [bmv2] [D] [thread 105117] [85.0] [cxt 0] Parser 'parser': start
[09:16:38.749] [bmv2] [D] [thread 105117] [85.0] [cxt 0] Parser 'parser' entering state 'start'
[09:16:38.749] [bmv2] [D] [thread 105117] [85.0] [cxt 0] Extracting header 'ethernet'
[09:16:38.749] [bmv2] [D] [thread 105117] [85.0] [cxt 0] Parser state 'start': key is 0800
[09:16:38.749] [bmv2] [T] [thread 105117] [85.0] [cxt 0] Bytes parsed: 14
[09:16:38.749] [bmv2] [D] [thread 105117] [85.0] [cxt 0] Parser 'parser' entering state 'parse_ipv4'
[09:16:38.749] [bmv2] [D] [thread 105117] [85.0] [cxt 0] Extracting header 'ipv4'
[09:16:38.749] [bmv2] [D] [thread 105117] [85.0] [cxt 0] Parser state 'parse_ipv4' has no switch, going to default next state
[09:16:38.749] [bmv2] [T] [thread 105117] [85.0] [cxt 0] Bytes parsed: 34
[09:16:38.749] [bmv2] [D] [thread 105117] [85.0] [cxt 0] Parser 'parser': end
[09:16:38.749] [bmv2] [D] [thread 105117] [85.0] [cxt 0] Pipeline 'ingress': start
[09:16:38.749] [bmv2] [T] [thread 105117] [85.0] [cxt 0] switch.p4(116) Condition "hdr.ipv4.isValid()" (node_2) is true
[09:16:38.749] [bmv2] [T] [thread 105117] [85.0] [cxt 0] Applying table 'MyIngress.ipv4_lpm'
[09:16:38.749] [bmv2] [D] [thread 105117] [85.0] [cxt 0] Looking up key:
* hdr.ipv4.dstAddr    : 0a000202

[09:16:38.749] [bmv2] [D] [thread 105117] [85.0] [cxt 0] Table 'MyIngress.ipv4_lpm': hit with handle 1
[09:16:38.749] [bmv2] [D] [thread 105117] [85.0] [cxt 0] Dumping entry 1
Match key:
* hdr.ipv4.dstAddr    : LPM       0a000202/32
Action entry: MyIngress.ipv4_forward - 80000000300,2,

[09:16:38.749] [bmv2] [D] [thread 105117] [85.0] [cxt 0] Action entry is MyIngress.ipv4_forward - 80000000300,2,
[09:16:38.749] [bmv2] [T] [thread 105117] [85.0] [cxt 0] Action MyIngress.ipv4_forward
[09:16:38.749] [bmv2] [T] [thread 105117] [85.0] [cxt 0] switch.p4(96) Primitive standard_metadata.egress_spec = port
[09:16:38.749] [bmv2] [T] [thread 105117] [85.0] [cxt 0] switch.p4(97) Primitive hdr.ethernet.srcAddr = hdr.ethernet.dstAddr
[09:16:38.749] [bmv2] [T] [thread 105117] [85.0] [cxt 0] switch.p4(98) Primitive hdr.ethernet.dstAddr = dstAddr
[09:16:38.749] [bmv2] [T] [thread 105117] [85.0] [cxt 0] switch.p4(99) Primitive hdr.ipv4.ttl = hdr.ipv4.ttl - 1
[09:16:38.749] [bmv2] [D] [thread 105117] [85.0] [cxt 0] Pipeline 'ingress': end
[09:16:38.749] [bmv2] [D] [thread 105117] [85.0] [cxt 0] Egress port is 2
[09:16:38.749] [bmv2] [D] [thread 105120] [85.0] [cxt 0] Pipeline 'egress': start
[09:16:38.749] [bmv2] [D] [thread 105120] [85.0] [cxt 0] Pipeline 'egress': end
[09:16:38.749] [bmv2] [D] [thread 105120] [85.0] [cxt 0] Deparser 'deparser': start
[09:16:38.749] [bmv2] [D] [thread 105120] [85.0] [cxt 0] Updating checksum 'cksum'
[09:16:38.749] [bmv2] [D] [thread 105120] [85.0] [cxt 0] Deparsing header 'ethernet'
[09:16:38.749] [bmv2] [D] [thread 105120] [85.0] [cxt 0] Deparsing header 'ipv4'
[09:16:38.749] [bmv2] [D] [thread 105120] [85.0] [cxt 0] Deparser 'deparser': end
[09:16:38.749] [bmv2] [D] [thread 105122] [85.0] [cxt 0] Transmitting packet of size 48 out of port 2
[09:16:38.761] [bmv2] [D] [thread 105117] [86.0] [cxt 0] Processing packet received on port 2
[09:16:38.761] [bmv2] [D] [thread 105117] [86.0] [cxt 0] Parser 'parser': start
[09:16:38.761] [bmv2] [D] [thread 105117] [86.0] [cxt 0] Parser 'parser' entering state 'start'
[09:16:38.761] [bmv2] [D] [thread 105117] [86.0] [cxt 0] Extracting header 'ethernet'
[09:16:38.762] [bmv2] [D] [thread 105117] [86.0] [cxt 0] Parser state 'start': key is 0800
[09:16:38.762] [bmv2] [T] [thread 105117] [86.0] [cxt 0] Bytes parsed: 14
[09:16:38.762] [bmv2] [D] [thread 105117] [86.0] [cxt 0] Parser 'parser' entering state 'parse_ipv4'
[09:16:38.762] [bmv2] [D] [thread 105117] [86.0] [cxt 0] Extracting header 'ipv4'
[09:16:38.762] [bmv2] [D] [thread 105117] [86.0] [cxt 0] Parser state 'parse_ipv4' has no switch, going to default next state
[09:16:38.762] [bmv2] [T] [thread 105117] [86.0] [cxt 0] Bytes parsed: 34
[09:16:38.762] [bmv2] [D] [thread 105117] [86.0] [cxt 0] Parser 'parser': end
[09:16:38.762] [bmv2] [D] [thread 105117] [86.0] [cxt 0] Pipeline 'ingress': start
[09:16:38.762] [bmv2] [T] [thread 105117] [86.0] [cxt 0] switch.p4(116) Condition "hdr.ipv4.isValid()" (node_2) is true
[09:16:38.762] [bmv2] [T] [thread 105117] [86.0] [cxt 0] Applying table 'MyIngress.ipv4_lpm'
[09:16:38.762] [bmv2] [D] [thread 105117] [86.0] [cxt 0] Looking up key:
* hdr.ipv4.dstAddr    : 0a000101

[09:16:38.763] [bmv2] [D] [thread 105117] [86.0] [cxt 0] Table 'MyIngress.ipv4_lpm': hit with handle 0
[09:16:38.763] [bmv2] [D] [thread 105117] [86.0] [cxt 0] Dumping entry 0
Match key:
* hdr.ipv4.dstAddr    : LPM       0a000101/32
Action entry: MyIngress.ipv4_forward - 80000000100,1,

[09:16:38.763] [bmv2] [D] [thread 105117] [86.0] [cxt 0] Action entry is MyIngress.ipv4_forward - 80000000100,1,
[09:16:38.763] [bmv2] [T] [thread 105117] [86.0] [cxt 0] Action MyIngress.ipv4_forward
[09:16:38.763] [bmv2] [T] [thread 105117] [86.0] [cxt 0] switch.p4(96) Primitive standard_metadata.egress_spec = port
[09:16:38.763] [bmv2] [T] [thread 105117] [86.0] [cxt 0] switch.p4(97) Primitive hdr.ethernet.srcAddr = hdr.ethernet.dstAddr
[09:16:38.763] [bmv2] [T] [thread 105117] [86.0] [cxt 0] switch.p4(98) Primitive hdr.ethernet.dstAddr = dstAddr
[09:16:38.763] [bmv2] [T] [thread 105117] [86.0] [cxt 0] switch.p4(99) Primitive hdr.ipv4.ttl = hdr.ipv4.ttl - 1
[09:16:38.763] [bmv2] [D] [thread 105117] [86.0] [cxt 0] Pipeline 'ingress': end
[09:16:38.763] [bmv2] [D] [thread 105117] [86.0] [cxt 0] Egress port is 1
[09:16:38.764] [bmv2] [D] [thread 105119] [86.0] [cxt 0] Pipeline 'egress': start
[09:16:38.764] [bmv2] [D] [thread 105119] [86.0] [cxt 0] Pipeline 'egress': end
[09:16:38.764] [bmv2] [D] [thread 105119] [86.0] [cxt 0] Deparser 'deparser': start
[09:16:38.764] [bmv2] [D] [thread 105119] [86.0] [cxt 0] Updating checksum 'cksum'
[09:16:38.764] [bmv2] [D] [thread 105119] [86.0] [cxt 0] Deparsing header 'ethernet'
[09:16:38.764] [bmv2] [D] [thread 105119] [86.0] [cxt 0] Deparsing header 'ipv4'
[09:16:38.764] [bmv2] [D] [thread 105119] [86.0] [cxt 0] Deparser 'deparser': end
[09:16:38.774] [bmv2] [D] [thread 105122] [86.0] [cxt 0] Transmitting packet of size 76 out of port 1
[09:16:38.798] [bmv2] [D] [thread 105117] [87.0] [cxt 0] Processing packet received on port 2
[09:16:38.798] [bmv2] [D] [thread 105117] [87.0] [cxt 0] Parser 'parser': start
[09:16:38.800] [bmv2] [D] [thread 105117] [87.0] [cxt 0] Parser 'parser' entering state 'start'
[09:16:38.800] [bmv2] [D] [thread 105117] [87.0] [cxt 0] Extracting header 'ethernet'
[09:16:38.800] [bmv2] [D] [thread 105117] [87.0] [cxt 0] Parser state 'start': key is 0800
[09:16:38.800] [bmv2] [T] [thread 105117] [87.0] [cxt 0] Bytes parsed: 14
[09:16:38.800] [bmv2] [D] [thread 105117] [87.0] [cxt 0] Parser 'parser' entering state 'parse_ipv4'
[09:16:38.800] [bmv2] [D] [thread 105117] [87.0] [cxt 0] Extracting header 'ipv4'
[09:16:38.800] [bmv2] [D] [thread 105117] [87.0] [cxt 0] Parser state 'parse_ipv4' has no switch, going to default next state
[09:16:38.800] [bmv2] [T] [thread 105117] [87.0] [cxt 0] Bytes parsed: 34
[09:16:38.800] [bmv2] [D] [thread 105117] [87.0] [cxt 0] Parser 'parser': end
[09:16:38.800] [bmv2] [D] [thread 105117] [87.0] [cxt 0] Pipeline 'ingress': start
[09:16:38.800] [bmv2] [T] [thread 105117] [87.0] [cxt 0] switch.p4(116) Condition "hdr.ipv4.isValid()" (node_2) is true
[09:16:38.800] [bmv2] [T] [thread 105117] [87.0] [cxt 0] Applying table 'MyIngress.ipv4_lpm'
[09:16:38.800] [bmv2] [D] [thread 105117] [87.0] [cxt 0] Looking up key:
* hdr.ipv4.dstAddr    : 0a000101

[09:16:38.800] [bmv2] [D] [thread 105117] [87.0] [cxt 0] Table 'MyIngress.ipv4_lpm': hit with handle 0
[09:16:38.800] [bmv2] [D] [thread 105117] [87.0] [cxt 0] Dumping entry 0
Match key:
* hdr.ipv4.dstAddr    : LPM       0a000101/32
Action entry: MyIngress.ipv4_forward - 80000000100,1,

[09:16:38.800] [bmv2] [D] [thread 105117] [87.0] [cxt 0] Action entry is MyIngress.ipv4_forward - 80000000100,1,
[09:16:38.800] [bmv2] [T] [thread 105117] [87.0] [cxt 0] Action MyIngress.ipv4_forward
[09:16:38.802] [bmv2] [T] [thread 105117] [87.0] [cxt 0] switch.p4(96) Primitive standard_metadata.egress_spec = port
[09:16:38.802] [bmv2] [T] [thread 105117] [87.0] [cxt 0] switch.p4(97) Primitive hdr.ethernet.srcAddr = hdr.ethernet.dstAddr
[09:16:38.802] [bmv2] [T] [thread 105117] [87.0] [cxt 0] switch.p4(98) Primitive hdr.ethernet.dstAddr = dstAddr
[09:16:38.802] [bmv2] [T] [thread 105117] [87.0] [cxt 0] switch.p4(99) Primitive hdr.ipv4.ttl = hdr.ipv4.ttl - 1
[09:16:38.802] [bmv2] [D] [thread 105117] [87.0] [cxt 0] Pipeline 'ingress': end
[09:16:38.802] [bmv2] [D] [thread 105117] [87.0] [cxt 0] Egress port is 1
[09:16:38.802] [bmv2] [D] [thread 105119] [87.0] [cxt 0] Pipeline 'egress': start
[09:16:38.802] [bmv2] [D] [thread 105119] [87.0] [cxt 0] Pipeline 'egress': end
[09:16:38.802] [bmv2] [D] [thread 105119] [87.0] [cxt 0] Deparser 'deparser': start
[09:16:38.802] [bmv2] [D] [thread 105119] [87.0] [cxt 0] Updating checksum 'cksum'
[09:16:38.802] [bmv2] [D] [thread 105119] [87.0] [cxt 0] Deparsing header 'ethernet'
[09:16:38.802] [bmv2] [D] [thread 105119] [87.0] [cxt 0] Deparsing header 'ipv4'
[09:16:38.802] [bmv2] [D] [thread 105119] [87.0] [cxt 0] Deparser 'deparser': end
[09:16:38.808] [bmv2] [D] [thread 105122] [87.0] [cxt 0] Transmitting packet of size 308 out of port 1
[09:16:38.808] [bmv2] [D] [thread 105117] [88.0] [cxt 0] Processing packet received on port 1
[09:16:38.808] [bmv2] [D] [thread 105117] [88.0] [cxt 0] Parser 'parser': start
[09:16:38.808] [bmv2] [D] [thread 105117] [88.0] [cxt 0] Parser 'parser' entering state 'start'
[09:16:38.808] [bmv2] [D] [thread 105117] [88.0] [cxt 0] Extracting header 'ethernet'
[09:16:38.808] [bmv2] [D] [thread 105117] [88.0] [cxt 0] Parser state 'start': key is 0800
[09:16:38.808] [bmv2] [T] [thread 105117] [88.0] [cxt 0] Bytes parsed: 14
[09:16:38.808] [bmv2] [D] [thread 105117] [88.0] [cxt 0] Parser 'parser' entering state 'parse_ipv4'
[09:16:38.808] [bmv2] [D] [thread 105117] [88.0] [cxt 0] Extracting header 'ipv4'
[09:16:38.808] [bmv2] [D] [thread 105117] [88.0] [cxt 0] Parser state 'parse_ipv4' has no switch, going to default next state
[09:16:38.808] [bmv2] [T] [thread 105117] [88.0] [cxt 0] Bytes parsed: 34
[09:16:38.808] [bmv2] [D] [thread 105117] [88.0] [cxt 0] Parser 'parser': end
[09:16:38.808] [bmv2] [D] [thread 105117] [88.0] [cxt 0] Pipeline 'ingress': start
[09:16:38.808] [bmv2] [T] [thread 105117] [88.0] [cxt 0] switch.p4(116) Condition "hdr.ipv4.isValid()" (node_2) is true
[09:16:38.808] [bmv2] [T] [thread 105117] [88.0] [cxt 0] Applying table 'MyIngress.ipv4_lpm'
[09:16:38.808] [bmv2] [D] [thread 105117] [88.0] [cxt 0] Looking up key:
* hdr.ipv4.dstAddr    : 0a000202

[09:16:38.808] [bmv2] [D] [thread 105117] [88.0] [cxt 0] Table 'MyIngress.ipv4_lpm': hit with handle 1
[09:16:38.808] [bmv2] [D] [thread 105117] [88.0] [cxt 0] Dumping entry 1
Match key:
* hdr.ipv4.dstAddr    : LPM       0a000202/32
Action entry: MyIngress.ipv4_forward - 80000000300,2,

[09:16:38.808] [bmv2] [D] [thread 105117] [88.0] [cxt 0] Action entry is MyIngress.ipv4_forward - 80000000300,2,
[09:16:38.808] [bmv2] [T] [thread 105117] [88.0] [cxt 0] Action MyIngress.ipv4_forward
[09:16:38.808] [bmv2] [T] [thread 105117] [88.0] [cxt 0] switch.p4(96) Primitive standard_metadata.egress_spec = port
[09:16:38.808] [bmv2] [T] [thread 105117] [88.0] [cxt 0] switch.p4(97) Primitive hdr.ethernet.srcAddr = hdr.ethernet.dstAddr
[09:16:38.808] [bmv2] [T] [thread 105117] [88.0] [cxt 0] switch.p4(98) Primitive hdr.ethernet.dstAddr = dstAddr
[09:16:38.808] [bmv2] [T] [thread 105117] [88.0] [cxt 0] switch.p4(99) Primitive hdr.ipv4.ttl = hdr.ipv4.ttl - 1
[09:16:38.808] [bmv2] [D] [thread 105117] [88.0] [cxt 0] Pipeline 'ingress': end
[09:16:38.808] [bmv2] [D] [thread 105117] [88.0] [cxt 0] Egress port is 2
[09:16:38.808] [bmv2] [D] [thread 105120] [88.0] [cxt 0] Pipeline 'egress': start
[09:16:38.808] [bmv2] [D] [thread 105120] [88.0] [cxt 0] Pipeline 'egress': end
[09:16:38.808] [bmv2] [D] [thread 105120] [88.0] [cxt 0] Deparser 'deparser': start
[09:16:38.808] [bmv2] [D] [thread 105120] [88.0] [cxt 0] Updating checksum 'cksum'
[09:16:38.808] [bmv2] [D] [thread 105120] [88.0] [cxt 0] Deparsing header 'ethernet'
[09:16:38.808] [bmv2] [D] [thread 105120] [88.0] [cxt 0] Deparsing header 'ipv4'
[09:16:38.808] [bmv2] [D] [thread 105120] [88.0] [cxt 0] Deparser 'deparser': end
[09:16:38.808] [bmv2] [D] [thread 105122] [88.0] [cxt 0] Transmitting packet of size 336 out of port 2
[09:16:39.588] [bmv2] [D] [thread 105117] [89.0] [cxt 0] Processing packet received on port 1
[09:16:39.588] [bmv2] [D] [thread 105117] [89.0] [cxt 0] Parser 'parser': start
[09:16:39.588] [bmv2] [D] [thread 105117] [89.0] [cxt 0] Parser 'parser' entering state 'start'
[09:16:39.588] [bmv2] [D] [thread 105117] [89.0] [cxt 0] Extracting header 'ethernet'
[09:16:39.588] [bmv2] [D] [thread 105117] [89.0] [cxt 0] Parser state 'start': key is 86dd
[09:16:39.588] [bmv2] [T] [thread 105117] [89.0] [cxt 0] Bytes parsed: 14
[09:16:39.588] [bmv2] [D] [thread 105117] [89.0] [cxt 0] Parser 'parser': end
[09:16:39.588] [bmv2] [D] [thread 105117] [89.0] [cxt 0] Pipeline 'ingress': start
[09:16:39.588] [bmv2] [T] [thread 105117] [89.0] [cxt 0] switch.p4(116) Condition "hdr.ipv4.isValid()" (node_2) is false
[09:16:39.588] [bmv2] [D] [thread 105117] [89.0] [cxt 0] Pipeline 'ingress': end
[09:16:39.588] [bmv2] [D] [thread 105117] [89.0] [cxt 0] Egress port is 0
[09:16:39.588] [bmv2] [D] [thread 105118] [89.0] [cxt 0] Pipeline 'egress': start
[09:16:39.588] [bmv2] [D] [thread 105118] [89.0] [cxt 0] Pipeline 'egress': end
[09:16:39.588] [bmv2] [D] [thread 105118] [89.0] [cxt 0] Deparser 'deparser': start
[09:16:39.588] [bmv2] [T] [thread 105118] [89.0] [cxt 0] Skipping checksum 'cksum' update because condition not met
[09:16:39.588] [bmv2] [D] [thread 105118] [89.0] [cxt 0] Deparsing header 'ethernet'
[09:16:39.588] [bmv2] [D] [thread 105118] [89.0] [cxt 0] Deparser 'deparser': end
[09:16:39.593] [bmv2] [D] [thread 105122] [89.0] [cxt 0] Transmitting packet of size 70 out of port 0
[09:16:39.832] [bmv2] [D] [thread 105117] [90.0] [cxt 0] Processing packet received on port 1
[09:16:39.832] [bmv2] [D] [thread 105117] [90.0] [cxt 0] Parser 'parser': start
[09:16:39.832] [bmv2] [D] [thread 105117] [90.0] [cxt 0] Parser 'parser' entering state 'start'
[09:16:39.832] [bmv2] [D] [thread 105117] [90.0] [cxt 0] Extracting header 'ethernet'
[09:16:39.832] [bmv2] [D] [thread 105117] [90.0] [cxt 0] Parser state 'start': key is 0800
[09:16:39.832] [bmv2] [T] [thread 105117] [90.0] [cxt 0] Bytes parsed: 14
[09:16:39.832] [bmv2] [D] [thread 105117] [90.0] [cxt 0] Parser 'parser' entering state 'parse_ipv4'
[09:16:39.832] [bmv2] [D] [thread 105117] [90.0] [cxt 0] Extracting header 'ipv4'
[09:16:39.832] [bmv2] [D] [thread 105117] [90.0] [cxt 0] Parser state 'parse_ipv4' has no switch, going to default next state
[09:16:39.832] [bmv2] [T] [thread 105117] [90.0] [cxt 0] Bytes parsed: 34
[09:16:39.832] [bmv2] [D] [thread 105117] [90.0] [cxt 0] Parser 'parser': end
[09:16:39.832] [bmv2] [D] [thread 105117] [90.0] [cxt 0] Pipeline 'ingress': start
[09:16:39.832] [bmv2] [T] [thread 105117] [90.0] [cxt 0] switch.p4(116) Condition "hdr.ipv4.isValid()" (node_2) is true
[09:16:39.832] [bmv2] [T] [thread 105117] [90.0] [cxt 0] Applying table 'MyIngress.ipv4_lpm'
[09:16:39.832] [bmv2] [D] [thread 105117] [90.0] [cxt 0] Looking up key:
* hdr.ipv4.dstAddr    : 0a000202

[09:16:39.832] [bmv2] [D] [thread 105117] [90.0] [cxt 0] Table 'MyIngress.ipv4_lpm': hit with handle 1
[09:16:39.832] [bmv2] [D] [thread 105117] [90.0] [cxt 0] Dumping entry 1
Match key:
* hdr.ipv4.dstAddr    : LPM       0a000202/32
Action entry: MyIngress.ipv4_forward - 80000000300,2,

[09:16:39.832] [bmv2] [D] [thread 105117] [90.0] [cxt 0] Action entry is MyIngress.ipv4_forward - 80000000300,2,
[09:16:39.832] [bmv2] [T] [thread 105117] [90.0] [cxt 0] Action MyIngress.ipv4_forward
[09:16:39.832] [bmv2] [T] [thread 105117] [90.0] [cxt 0] switch.p4(96) Primitive standard_metadata.egress_spec = port
[09:16:39.832] [bmv2] [T] [thread 105117] [90.0] [cxt 0] switch.p4(97) Primitive hdr.ethernet.srcAddr = hdr.ethernet.dstAddr
[09:16:39.832] [bmv2] [T] [thread 105117] [90.0] [cxt 0] switch.p4(98) Primitive hdr.ethernet.dstAddr = dstAddr
[09:16:39.832] [bmv2] [T] [thread 105117] [90.0] [cxt 0] switch.p4(99) Primitive hdr.ipv4.ttl = hdr.ipv4.ttl - 1
[09:16:39.832] [bmv2] [D] [thread 105117] [90.0] [cxt 0] Pipeline 'ingress': end
[09:16:39.832] [bmv2] [D] [thread 105117] [90.0] [cxt 0] Egress port is 2
[09:16:39.832] [bmv2] [D] [thread 105120] [90.0] [cxt 0] Pipeline 'egress': start
[09:16:39.832] [bmv2] [D] [thread 105120] [90.0] [cxt 0] Pipeline 'egress': end
[09:16:39.832] [bmv2] [D] [thread 105120] [90.0] [cxt 0] Deparser 'deparser': start
[09:16:39.833] [bmv2] [D] [thread 105120] [90.0] [cxt 0] Updating checksum 'cksum'
[09:16:39.833] [bmv2] [D] [thread 105120] [90.0] [cxt 0] Deparsing header 'ethernet'
[09:16:39.833] [bmv2] [D] [thread 105120] [90.0] [cxt 0] Deparsing header 'ipv4'
[09:16:39.833] [bmv2] [D] [thread 105120] [90.0] [cxt 0] Deparser 'deparser': end
[09:16:39.833] [bmv2] [D] [thread 105122] [90.0] [cxt 0] Transmitting packet of size 48 out of port 2
[09:16:39.834] [bmv2] [D] [thread 105117] [91.0] [cxt 0] Processing packet received on port 2
[09:16:39.834] [bmv2] [D] [thread 105117] [91.0] [cxt 0] Parser 'parser': start
[09:16:39.834] [bmv2] [D] [thread 105117] [91.0] [cxt 0] Parser 'parser' entering state 'start'
[09:16:39.834] [bmv2] [D] [thread 105117] [91.0] [cxt 0] Extracting header 'ethernet'
[09:16:39.834] [bmv2] [D] [thread 105117] [91.0] [cxt 0] Parser state 'start': key is 0800
[09:16:39.834] [bmv2] [T] [thread 105117] [91.0] [cxt 0] Bytes parsed: 14
[09:16:39.834] [bmv2] [D] [thread 105117] [91.0] [cxt 0] Parser 'parser' entering state 'parse_ipv4'
[09:16:39.834] [bmv2] [D] [thread 105117] [91.0] [cxt 0] Extracting header 'ipv4'
[09:16:39.834] [bmv2] [D] [thread 105117] [91.0] [cxt 0] Parser state 'parse_ipv4' has no switch, going to default next state
[09:16:39.834] [bmv2] [T] [thread 105117] [91.0] [cxt 0] Bytes parsed: 34
[09:16:39.834] [bmv2] [D] [thread 105117] [91.0] [cxt 0] Parser 'parser': end
[09:16:39.834] [bmv2] [D] [thread 105117] [91.0] [cxt 0] Pipeline 'ingress': start
[09:16:39.834] [bmv2] [T] [thread 105117] [91.0] [cxt 0] switch.p4(116) Condition "hdr.ipv4.isValid()" (node_2) is true
[09:16:39.834] [bmv2] [T] [thread 105117] [91.0] [cxt 0] Applying table 'MyIngress.ipv4_lpm'
[09:16:39.834] [bmv2] [D] [thread 105117] [91.0] [cxt 0] Looking up key:
* hdr.ipv4.dstAddr    : 0a000101

[09:16:39.834] [bmv2] [D] [thread 105117] [91.0] [cxt 0] Table 'MyIngress.ipv4_lpm': hit with handle 0
[09:16:39.834] [bmv2] [D] [thread 105117] [91.0] [cxt 0] Dumping entry 0
Match key:
* hdr.ipv4.dstAddr    : LPM       0a000101/32
Action entry: MyIngress.ipv4_forward - 80000000100,1,

[09:16:39.834] [bmv2] [D] [thread 105117] [91.0] [cxt 0] Action entry is MyIngress.ipv4_forward - 80000000100,1,
[09:16:39.834] [bmv2] [T] [thread 105117] [91.0] [cxt 0] Action MyIngress.ipv4_forward
[09:16:39.834] [bmv2] [T] [thread 105117] [91.0] [cxt 0] switch.p4(96) Primitive standard_metadata.egress_spec = port
[09:16:39.834] [bmv2] [T] [thread 105117] [91.0] [cxt 0] switch.p4(97) Primitive hdr.ethernet.srcAddr = hdr.ethernet.dstAddr
[09:16:39.834] [bmv2] [T] [thread 105117] [91.0] [cxt 0] switch.p4(98) Primitive hdr.ethernet.dstAddr = dstAddr
[09:16:39.834] [bmv2] [T] [thread 105117] [91.0] [cxt 0] switch.p4(99) Primitive hdr.ipv4.ttl = hdr.ipv4.ttl - 1
[09:16:39.834] [bmv2] [D] [thread 105117] [91.0] [cxt 0] Pipeline 'ingress': end
[09:16:39.834] [bmv2] [D] [thread 105117] [91.0] [cxt 0] Egress port is 1
[09:16:39.834] [bmv2] [D] [thread 105119] [91.0] [cxt 0] Pipeline 'egress': start
[09:16:39.834] [bmv2] [D] [thread 105119] [91.0] [cxt 0] Pipeline 'egress': end
[09:16:39.834] [bmv2] [D] [thread 105119] [91.0] [cxt 0] Deparser 'deparser': start
[09:16:39.834] [bmv2] [D] [thread 105119] [91.0] [cxt 0] Updating checksum 'cksum'
[09:16:39.834] [bmv2] [D] [thread 105119] [91.0] [cxt 0] Deparsing header 'ethernet'
[09:16:39.834] [bmv2] [D] [thread 105119] [91.0] [cxt 0] Deparsing header 'ipv4'
[09:16:39.834] [bmv2] [D] [thread 105119] [91.0] [cxt 0] Deparser 'deparser': end
[09:16:39.834] [bmv2] [D] [thread 105122] [91.0] [cxt 0] Transmitting packet of size 76 out of port 1
[09:16:39.918] [bmv2] [D] [thread 105117] [92.0] [cxt 0] Processing packet received on port 2
[09:16:39.918] [bmv2] [D] [thread 105117] [92.0] [cxt 0] Parser 'parser': start
[09:16:39.918] [bmv2] [D] [thread 105117] [92.0] [cxt 0] Parser 'parser' entering state 'start'
[09:16:39.918] [bmv2] [D] [thread 105117] [92.0] [cxt 0] Extracting header 'ethernet'
[09:16:39.918] [bmv2] [D] [thread 105117] [92.0] [cxt 0] Parser state 'start': key is 0800
[09:16:39.918] [bmv2] [T] [thread 105117] [92.0] [cxt 0] Bytes parsed: 14
[09:16:39.918] [bmv2] [D] [thread 105117] [92.0] [cxt 0] Parser 'parser' entering state 'parse_ipv4'
[09:16:39.918] [bmv2] [D] [thread 105117] [92.0] [cxt 0] Extracting header 'ipv4'
[09:16:39.918] [bmv2] [D] [thread 105117] [92.0] [cxt 0] Parser state 'parse_ipv4' has no switch, going to default next state
[09:16:39.918] [bmv2] [T] [thread 105117] [92.0] [cxt 0] Bytes parsed: 34
[09:16:39.918] [bmv2] [D] [thread 105117] [92.0] [cxt 0] Parser 'parser': end
[09:16:39.918] [bmv2] [D] [thread 105117] [92.0] [cxt 0] Pipeline 'ingress': start
[09:16:39.918] [bmv2] [T] [thread 105117] [92.0] [cxt 0] switch.p4(116) Condition "hdr.ipv4.isValid()" (node_2) is true
[09:16:39.918] [bmv2] [T] [thread 105117] [92.0] [cxt 0] Applying table 'MyIngress.ipv4_lpm'
[09:16:39.918] [bmv2] [D] [thread 105117] [92.0] [cxt 0] Looking up key:
* hdr.ipv4.dstAddr    : 0a000101

[09:16:39.918] [bmv2] [D] [thread 105117] [92.0] [cxt 0] Table 'MyIngress.ipv4_lpm': hit with handle 0
[09:16:39.918] [bmv2] [D] [thread 105117] [92.0] [cxt 0] Dumping entry 0
Match key:
* hdr.ipv4.dstAddr    : LPM       0a000101/32
Action entry: MyIngress.ipv4_forward - 80000000100,1,

[09:16:39.918] [bmv2] [D] [thread 105117] [92.0] [cxt 0] Action entry is MyIngress.ipv4_forward - 80000000100,1,
[09:16:39.918] [bmv2] [T] [thread 105117] [92.0] [cxt 0] Action MyIngress.ipv4_forward
[09:16:39.918] [bmv2] [T] [thread 105117] [92.0] [cxt 0] switch.p4(96) Primitive standard_metadata.egress_spec = port
[09:16:39.918] [bmv2] [T] [thread 105117] [92.0] [cxt 0] switch.p4(97) Primitive hdr.ethernet.srcAddr = hdr.ethernet.dstAddr
[09:16:39.918] [bmv2] [T] [thread 105117] [92.0] [cxt 0] switch.p4(98) Primitive hdr.ethernet.dstAddr = dstAddr
[09:16:39.918] [bmv2] [T] [thread 105117] [92.0] [cxt 0] switch.p4(99) Primitive hdr.ipv4.ttl = hdr.ipv4.ttl - 1
[09:16:39.918] [bmv2] [D] [thread 105117] [92.0] [cxt 0] Pipeline 'ingress': end
[09:16:39.918] [bmv2] [D] [thread 105117] [92.0] [cxt 0] Egress port is 1
[09:16:39.918] [bmv2] [D] [thread 105119] [92.0] [cxt 0] Pipeline 'egress': start
[09:16:39.918] [bmv2] [D] [thread 105119] [92.0] [cxt 0] Pipeline 'egress': end
[09:16:39.918] [bmv2] [D] [thread 105119] [92.0] [cxt 0] Deparser 'deparser': start
[09:16:39.918] [bmv2] [D] [thread 105119] [92.0] [cxt 0] Updating checksum 'cksum'
[09:16:39.918] [bmv2] [D] [thread 105119] [92.0] [cxt 0] Deparsing header 'ethernet'
[09:16:39.918] [bmv2] [D] [thread 105119] [92.0] [cxt 0] Deparsing header 'ipv4'
[09:16:39.918] [bmv2] [D] [thread 105119] [92.0] [cxt 0] Deparser 'deparser': end
[09:16:39.918] [bmv2] [D] [thread 105122] [92.0] [cxt 0] Transmitting packet of size 308 out of port 1
[09:16:39.923] [bmv2] [D] [thread 105117] [93.0] [cxt 0] Processing packet received on port 1
[09:16:39.923] [bmv2] [D] [thread 105117] [93.0] [cxt 0] Parser 'parser': start
[09:16:39.923] [bmv2] [D] [thread 105117] [93.0] [cxt 0] Parser 'parser' entering state 'start'
[09:16:39.923] [bmv2] [D] [thread 105117] [93.0] [cxt 0] Extracting header 'ethernet'
[09:16:39.923] [bmv2] [D] [thread 105117] [93.0] [cxt 0] Parser state 'start': key is 0800
[09:16:39.923] [bmv2] [T] [thread 105117] [93.0] [cxt 0] Bytes parsed: 14
[09:16:39.923] [bmv2] [D] [thread 105117] [93.0] [cxt 0] Parser 'parser' entering state 'parse_ipv4'
[09:16:39.923] [bmv2] [D] [thread 105117] [93.0] [cxt 0] Extracting header 'ipv4'
[09:16:39.923] [bmv2] [D] [thread 105117] [93.0] [cxt 0] Parser state 'parse_ipv4' has no switch, going to default next state
[09:16:39.923] [bmv2] [T] [thread 105117] [93.0] [cxt 0] Bytes parsed: 34
[09:16:39.923] [bmv2] [D] [thread 105117] [93.0] [cxt 0] Parser 'parser': end
[09:16:39.923] [bmv2] [D] [thread 105117] [93.0] [cxt 0] Pipeline 'ingress': start
[09:16:39.923] [bmv2] [T] [thread 105117] [93.0] [cxt 0] switch.p4(116) Condition "hdr.ipv4.isValid()" (node_2) is true
[09:16:39.923] [bmv2] [T] [thread 105117] [93.0] [cxt 0] Applying table 'MyIngress.ipv4_lpm'
[09:16:39.923] [bmv2] [D] [thread 105117] [93.0] [cxt 0] Looking up key:
* hdr.ipv4.dstAddr    : 0a000202

[09:16:39.923] [bmv2] [D] [thread 105117] [93.0] [cxt 0] Table 'MyIngress.ipv4_lpm': hit with handle 1
[09:16:39.923] [bmv2] [D] [thread 105117] [93.0] [cxt 0] Dumping entry 1
Match key:
* hdr.ipv4.dstAddr    : LPM       0a000202/32
Action entry: MyIngress.ipv4_forward - 80000000300,2,

[09:16:39.923] [bmv2] [D] [thread 105117] [93.0] [cxt 0] Action entry is MyIngress.ipv4_forward - 80000000300,2,
[09:16:39.923] [bmv2] [T] [thread 105117] [93.0] [cxt 0] Action MyIngress.ipv4_forward
[09:16:39.923] [bmv2] [T] [thread 105117] [93.0] [cxt 0] switch.p4(96) Primitive standard_metadata.egress_spec = port
[09:16:39.923] [bmv2] [T] [thread 105117] [93.0] [cxt 0] switch.p4(97) Primitive hdr.ethernet.srcAddr = hdr.ethernet.dstAddr
[09:16:39.923] [bmv2] [T] [thread 105117] [93.0] [cxt 0] switch.p4(98) Primitive hdr.ethernet.dstAddr = dstAddr
[09:16:39.923] [bmv2] [T] [thread 105117] [93.0] [cxt 0] switch.p4(99) Primitive hdr.ipv4.ttl = hdr.ipv4.ttl - 1
[09:16:39.923] [bmv2] [D] [thread 105117] [93.0] [cxt 0] Pipeline 'ingress': end
[09:16:39.923] [bmv2] [D] [thread 105117] [93.0] [cxt 0] Egress port is 2
[09:16:39.923] [bmv2] [D] [thread 105120] [93.0] [cxt 0] Pipeline 'egress': start
[09:16:39.923] [bmv2] [D] [thread 105120] [93.0] [cxt 0] Pipeline 'egress': end
[09:16:39.923] [bmv2] [D] [thread 105120] [93.0] [cxt 0] Deparser 'deparser': start
[09:16:39.923] [bmv2] [D] [thread 105120] [93.0] [cxt 0] Updating checksum 'cksum'
[09:16:39.923] [bmv2] [D] [thread 105120] [93.0] [cxt 0] Deparsing header 'ethernet'
[09:16:39.923] [bmv2] [D] [thread 105120] [93.0] [cxt 0] Deparsing header 'ipv4'
[09:16:39.923] [bmv2] [D] [thread 105120] [93.0] [cxt 0] Deparser 'deparser': end
[09:16:39.928] [bmv2] [D] [thread 105122] [93.0] [cxt 0] Transmitting packet of size 336 out of port 2
[09:16:40.570] [bmv2] [D] [thread 105117] [94.0] [cxt 0] Processing packet received on port 2
[09:16:40.570] [bmv2] [D] [thread 105117] [94.0] [cxt 0] Parser 'parser': start
[09:16:40.570] [bmv2] [D] [thread 105117] [94.0] [cxt 0] Parser 'parser' entering state 'start'
[09:16:40.570] [bmv2] [D] [thread 105117] [94.0] [cxt 0] Extracting header 'ethernet'
[09:16:40.570] [bmv2] [D] [thread 105117] [94.0] [cxt 0] Parser state 'start': key is 86dd
[09:16:40.570] [bmv2] [T] [thread 105117] [94.0] [cxt 0] Bytes parsed: 14
[09:16:40.570] [bmv2] [D] [thread 105117] [94.0] [cxt 0] Parser 'parser': end
[09:16:40.570] [bmv2] [D] [thread 105117] [94.0] [cxt 0] Pipeline 'ingress': start
[09:16:40.570] [bmv2] [T] [thread 105117] [94.0] [cxt 0] switch.p4(116) Condition "hdr.ipv4.isValid()" (node_2) is false
[09:16:40.570] [bmv2] [D] [thread 105117] [94.0] [cxt 0] Pipeline 'ingress': end
[09:16:40.570] [bmv2] [D] [thread 105117] [94.0] [cxt 0] Egress port is 0
[09:16:40.570] [bmv2] [D] [thread 105117] [95.0] [cxt 0] Processing packet received on port 1
[09:16:40.570] [bmv2] [D] [thread 105117] [95.0] [cxt 0] Parser 'parser': start
[09:16:40.570] [bmv2] [D] [thread 105117] [95.0] [cxt 0] Parser 'parser' entering state 'start'
[09:16:40.570] [bmv2] [D] [thread 105117] [95.0] [cxt 0] Extracting header 'ethernet'
[09:16:40.570] [bmv2] [D] [thread 105117] [95.0] [cxt 0] Parser state 'start': key is 86dd
[09:16:40.570] [bmv2] [T] [thread 105117] [95.0] [cxt 0] Bytes parsed: 14
[09:16:40.570] [bmv2] [D] [thread 105117] [95.0] [cxt 0] Parser 'parser': end
[09:16:40.570] [bmv2] [D] [thread 105117] [95.0] [cxt 0] Pipeline 'ingress': start
[09:16:40.570] [bmv2] [T] [thread 105117] [95.0] [cxt 0] switch.p4(116) Condition "hdr.ipv4.isValid()" (node_2) is false
[09:16:40.571] [bmv2] [D] [thread 105117] [95.0] [cxt 0] Pipeline 'ingress': end
[09:16:40.571] [bmv2] [D] [thread 105117] [95.0] [cxt 0] Egress port is 0
[09:16:40.571] [bmv2] [D] [thread 105118] [94.0] [cxt 0] Pipeline 'egress': start
[09:16:40.571] [bmv2] [D] [thread 105118] [94.0] [cxt 0] Pipeline 'egress': end
[09:16:40.571] [bmv2] [D] [thread 105118] [94.0] [cxt 0] Deparser 'deparser': start
[09:16:40.571] [bmv2] [T] [thread 105118] [94.0] [cxt 0] Skipping checksum 'cksum' update because condition not met
[09:16:40.571] [bmv2] [D] [thread 105118] [94.0] [cxt 0] Deparsing header 'ethernet'
[09:16:40.571] [bmv2] [D] [thread 105118] [94.0] [cxt 0] Deparser 'deparser': end
[09:16:40.571] [bmv2] [D] [thread 105118] [95.0] [cxt 0] Pipeline 'egress': start
[09:16:40.571] [bmv2] [D] [thread 105118] [95.0] [cxt 0] Pipeline 'egress': end
[09:16:40.571] [bmv2] [D] [thread 105118] [95.0] [cxt 0] Deparser 'deparser': start
[09:16:40.571] [bmv2] [T] [thread 105118] [95.0] [cxt 0] Skipping checksum 'cksum' update because condition not met
[09:16:40.571] [bmv2] [D] [thread 105118] [95.0] [cxt 0] Deparsing header 'ethernet'
[09:16:40.571] [bmv2] [D] [thread 105118] [95.0] [cxt 0] Deparser 'deparser': end
[09:16:40.571] [bmv2] [D] [thread 105122] [94.0] [cxt 0] Transmitting packet of size 70 out of port 0
[09:16:40.571] [bmv2] [D] [thread 105122] [95.0] [cxt 0] Transmitting packet of size 70 out of port 0
[09:16:40.851] [bmv2] [D] [thread 105117] [96.0] [cxt 0] Processing packet received on port 1
[09:16:40.851] [bmv2] [D] [thread 105117] [96.0] [cxt 0] Parser 'parser': start
[09:16:40.851] [bmv2] [D] [thread 105117] [96.0] [cxt 0] Parser 'parser' entering state 'start'
[09:16:40.851] [bmv2] [D] [thread 105117] [96.0] [cxt 0] Extracting header 'ethernet'
[09:16:40.851] [bmv2] [D] [thread 105117] [96.0] [cxt 0] Parser state 'start': key is 0800
[09:16:40.851] [bmv2] [T] [thread 105117] [96.0] [cxt 0] Bytes parsed: 14
[09:16:40.851] [bmv2] [D] [thread 105117] [96.0] [cxt 0] Parser 'parser' entering state 'parse_ipv4'
[09:16:40.851] [bmv2] [D] [thread 105117] [96.0] [cxt 0] Extracting header 'ipv4'
[09:16:40.851] [bmv2] [D] [thread 105117] [96.0] [cxt 0] Parser state 'parse_ipv4' has no switch, going to default next state
[09:16:40.851] [bmv2] [T] [thread 105117] [96.0] [cxt 0] Bytes parsed: 34
[09:16:40.851] [bmv2] [D] [thread 105117] [96.0] [cxt 0] Parser 'parser': end
[09:16:40.851] [bmv2] [D] [thread 105117] [96.0] [cxt 0] Pipeline 'ingress': start
[09:16:40.851] [bmv2] [T] [thread 105117] [96.0] [cxt 0] switch.p4(116) Condition "hdr.ipv4.isValid()" (node_2) is true
[09:16:40.851] [bmv2] [T] [thread 105117] [96.0] [cxt 0] Applying table 'MyIngress.ipv4_lpm'
[09:16:40.851] [bmv2] [D] [thread 105117] [96.0] [cxt 0] Looking up key:
* hdr.ipv4.dstAddr    : 0a000202

[09:16:40.852] [bmv2] [D] [thread 105117] [96.0] [cxt 0] Table 'MyIngress.ipv4_lpm': hit with handle 1
[09:16:40.852] [bmv2] [D] [thread 105117] [96.0] [cxt 0] Dumping entry 1
Match key:
* hdr.ipv4.dstAddr    : LPM       0a000202/32
Action entry: MyIngress.ipv4_forward - 80000000300,2,

[09:16:40.852] [bmv2] [D] [thread 105117] [96.0] [cxt 0] Action entry is MyIngress.ipv4_forward - 80000000300,2,
[09:16:40.852] [bmv2] [T] [thread 105117] [96.0] [cxt 0] Action MyIngress.ipv4_forward
[09:16:40.852] [bmv2] [T] [thread 105117] [96.0] [cxt 0] switch.p4(96) Primitive standard_metadata.egress_spec = port
[09:16:40.852] [bmv2] [T] [thread 105117] [96.0] [cxt 0] switch.p4(97) Primitive hdr.ethernet.srcAddr = hdr.ethernet.dstAddr
[09:16:40.852] [bmv2] [T] [thread 105117] [96.0] [cxt 0] switch.p4(98) Primitive hdr.ethernet.dstAddr = dstAddr
[09:16:40.852] [bmv2] [T] [thread 105117] [96.0] [cxt 0] switch.p4(99) Primitive hdr.ipv4.ttl = hdr.ipv4.ttl - 1
[09:16:40.852] [bmv2] [D] [thread 105117] [96.0] [cxt 0] Pipeline 'ingress': end
[09:16:40.852] [bmv2] [D] [thread 105117] [96.0] [cxt 0] Egress port is 2
[09:16:40.852] [bmv2] [D] [thread 105120] [96.0] [cxt 0] Pipeline 'egress': start
[09:16:40.852] [bmv2] [D] [thread 105120] [96.0] [cxt 0] Pipeline 'egress': end
[09:16:40.852] [bmv2] [D] [thread 105120] [96.0] [cxt 0] Deparser 'deparser': start
[09:16:40.852] [bmv2] [D] [thread 105120] [96.0] [cxt 0] Updating checksum 'cksum'
[09:16:40.852] [bmv2] [D] [thread 105120] [96.0] [cxt 0] Deparsing header 'ethernet'
[09:16:40.852] [bmv2] [D] [thread 105120] [96.0] [cxt 0] Deparsing header 'ipv4'
[09:16:40.852] [bmv2] [D] [thread 105120] [96.0] [cxt 0] Deparser 'deparser': end
[09:16:40.852] [bmv2] [D] [thread 105122] [96.0] [cxt 0] Transmitting packet of size 48 out of port 2
[09:16:40.854] [bmv2] [D] [thread 105117] [97.0] [cxt 0] Processing packet received on port 2
[09:16:40.854] [bmv2] [D] [thread 105117] [97.0] [cxt 0] Parser 'parser': start
[09:16:40.854] [bmv2] [D] [thread 105117] [97.0] [cxt 0] Parser 'parser' entering state 'start'
[09:16:40.854] [bmv2] [D] [thread 105117] [97.0] [cxt 0] Extracting header 'ethernet'
[09:16:40.854] [bmv2] [D] [thread 105117] [97.0] [cxt 0] Parser state 'start': key is 0800
[09:16:40.854] [bmv2] [T] [thread 105117] [97.0] [cxt 0] Bytes parsed: 14
[09:16:40.854] [bmv2] [D] [thread 105117] [97.0] [cxt 0] Parser 'parser' entering state 'parse_ipv4'
[09:16:40.854] [bmv2] [D] [thread 105117] [97.0] [cxt 0] Extracting header 'ipv4'
[09:16:40.854] [bmv2] [D] [thread 105117] [97.0] [cxt 0] Parser state 'parse_ipv4' has no switch, going to default next state
[09:16:40.854] [bmv2] [T] [thread 105117] [97.0] [cxt 0] Bytes parsed: 34
[09:16:40.855] [bmv2] [D] [thread 105117] [97.0] [cxt 0] Parser 'parser': end
[09:16:40.855] [bmv2] [D] [thread 105117] [97.0] [cxt 0] Pipeline 'ingress': start
[09:16:40.855] [bmv2] [T] [thread 105117] [97.0] [cxt 0] switch.p4(116) Condition "hdr.ipv4.isValid()" (node_2) is true
[09:16:40.855] [bmv2] [T] [thread 105117] [97.0] [cxt 0] Applying table 'MyIngress.ipv4_lpm'
[09:16:40.855] [bmv2] [D] [thread 105117] [97.0] [cxt 0] Looking up key:
* hdr.ipv4.dstAddr    : 0a000101

[09:16:40.855] [bmv2] [D] [thread 105117] [97.0] [cxt 0] Table 'MyIngress.ipv4_lpm': hit with handle 0
[09:16:40.855] [bmv2] [D] [thread 105117] [97.0] [cxt 0] Dumping entry 0
Match key:
* hdr.ipv4.dstAddr    : LPM       0a000101/32
Action entry: MyIngress.ipv4_forward - 80000000100,1,

[09:16:40.855] [bmv2] [D] [thread 105117] [97.0] [cxt 0] Action entry is MyIngress.ipv4_forward - 80000000100,1,
[09:16:40.855] [bmv2] [T] [thread 105117] [97.0] [cxt 0] Action MyIngress.ipv4_forward
[09:16:40.855] [bmv2] [T] [thread 105117] [97.0] [cxt 0] switch.p4(96) Primitive standard_metadata.egress_spec = port
[09:16:40.855] [bmv2] [T] [thread 105117] [97.0] [cxt 0] switch.p4(97) Primitive hdr.ethernet.srcAddr = hdr.ethernet.dstAddr
[09:16:40.855] [bmv2] [T] [thread 105117] [97.0] [cxt 0] switch.p4(98) Primitive hdr.ethernet.dstAddr = dstAddr
[09:16:40.855] [bmv2] [T] [thread 105117] [97.0] [cxt 0] switch.p4(99) Primitive hdr.ipv4.ttl = hdr.ipv4.ttl - 1
[09:16:40.855] [bmv2] [D] [thread 105117] [97.0] [cxt 0] Pipeline 'ingress': end
[09:16:40.855] [bmv2] [D] [thread 105117] [97.0] [cxt 0] Egress port is 1
[09:16:40.855] [bmv2] [D] [thread 105119] [97.0] [cxt 0] Pipeline 'egress': start
[09:16:40.855] [bmv2] [D] [thread 105119] [97.0] [cxt 0] Pipeline 'egress': end
[09:16:40.855] [bmv2] [D] [thread 105119] [97.0] [cxt 0] Deparser 'deparser': start
[09:16:40.855] [bmv2] [D] [thread 105119] [97.0] [cxt 0] Updating checksum 'cksum'
[09:16:40.855] [bmv2] [D] [thread 105119] [97.0] [cxt 0] Deparsing header 'ethernet'
[09:16:40.855] [bmv2] [D] [thread 105119] [97.0] [cxt 0] Deparsing header 'ipv4'
[09:16:40.855] [bmv2] [D] [thread 105119] [97.0] [cxt 0] Deparser 'deparser': end
[09:16:40.855] [bmv2] [D] [thread 105122] [97.0] [cxt 0] Transmitting packet of size 76 out of port 1
[09:16:40.869] [bmv2] [D] [thread 105117] [98.0] [cxt 0] Processing packet received on port 2
[09:16:40.869] [bmv2] [D] [thread 105117] [98.0] [cxt 0] Parser 'parser': start
[09:16:40.869] [bmv2] [D] [thread 105117] [98.0] [cxt 0] Parser 'parser' entering state 'start'
[09:16:40.869] [bmv2] [D] [thread 105117] [98.0] [cxt 0] Extracting header 'ethernet'
[09:16:40.869] [bmv2] [D] [thread 105117] [98.0] [cxt 0] Parser state 'start': key is 0800
[09:16:40.869] [bmv2] [T] [thread 105117] [98.0] [cxt 0] Bytes parsed: 14
[09:16:40.869] [bmv2] [D] [thread 105117] [98.0] [cxt 0] Parser 'parser' entering state 'parse_ipv4'
[09:16:40.869] [bmv2] [D] [thread 105117] [98.0] [cxt 0] Extracting header 'ipv4'
[09:16:40.869] [bmv2] [D] [thread 105117] [98.0] [cxt 0] Parser state 'parse_ipv4' has no switch, going to default next state
[09:16:40.869] [bmv2] [T] [thread 105117] [98.0] [cxt 0] Bytes parsed: 34
[09:16:40.869] [bmv2] [D] [thread 105117] [98.0] [cxt 0] Parser 'parser': end
[09:16:40.869] [bmv2] [D] [thread 105117] [98.0] [cxt 0] Pipeline 'ingress': start
[09:16:40.869] [bmv2] [T] [thread 105117] [98.0] [cxt 0] switch.p4(116) Condition "hdr.ipv4.isValid()" (node_2) is true
[09:16:40.869] [bmv2] [T] [thread 105117] [98.0] [cxt 0] Applying table 'MyIngress.ipv4_lpm'
[09:16:40.869] [bmv2] [D] [thread 105117] [98.0] [cxt 0] Looking up key:
* hdr.ipv4.dstAddr    : 0a000101

[09:16:40.869] [bmv2] [D] [thread 105117] [98.0] [cxt 0] Table 'MyIngress.ipv4_lpm': hit with handle 0
[09:16:40.869] [bmv2] [D] [thread 105117] [98.0] [cxt 0] Dumping entry 0
Match key:
* hdr.ipv4.dstAddr    : LPM       0a000101/32
Action entry: MyIngress.ipv4_forward - 80000000100,1,

[09:16:40.869] [bmv2] [D] [thread 105117] [98.0] [cxt 0] Action entry is MyIngress.ipv4_forward - 80000000100,1,
[09:16:40.869] [bmv2] [T] [thread 105117] [98.0] [cxt 0] Action MyIngress.ipv4_forward
[09:16:40.869] [bmv2] [T] [thread 105117] [98.0] [cxt 0] switch.p4(96) Primitive standard_metadata.egress_spec = port
[09:16:40.869] [bmv2] [T] [thread 105117] [98.0] [cxt 0] switch.p4(97) Primitive hdr.ethernet.srcAddr = hdr.ethernet.dstAddr
[09:16:40.869] [bmv2] [T] [thread 105117] [98.0] [cxt 0] switch.p4(98) Primitive hdr.ethernet.dstAddr = dstAddr
[09:16:40.869] [bmv2] [T] [thread 105117] [98.0] [cxt 0] switch.p4(99) Primitive hdr.ipv4.ttl = hdr.ipv4.ttl - 1
[09:16:40.869] [bmv2] [D] [thread 105117] [98.0] [cxt 0] Pipeline 'ingress': end
[09:16:40.869] [bmv2] [D] [thread 105117] [98.0] [cxt 0] Egress port is 1
[09:16:40.869] [bmv2] [D] [thread 105119] [98.0] [cxt 0] Pipeline 'egress': start
[09:16:40.869] [bmv2] [D] [thread 105119] [98.0] [cxt 0] Pipeline 'egress': end
[09:16:40.869] [bmv2] [D] [thread 105119] [98.0] [cxt 0] Deparser 'deparser': start
[09:16:40.869] [bmv2] [D] [thread 105119] [98.0] [cxt 0] Updating checksum 'cksum'
[09:16:40.869] [bmv2] [D] [thread 105119] [98.0] [cxt 0] Deparsing header 'ethernet'
[09:16:40.871] [bmv2] [D] [thread 105119] [98.0] [cxt 0] Deparsing header 'ipv4'
[09:16:40.871] [bmv2] [D] [thread 105119] [98.0] [cxt 0] Deparser 'deparser': end
[09:16:40.871] [bmv2] [D] [thread 105122] [98.0] [cxt 0] Transmitting packet of size 308 out of port 1
[09:16:40.873] [bmv2] [D] [thread 105117] [99.0] [cxt 0] Processing packet received on port 1
[09:16:40.873] [bmv2] [D] [thread 105117] [99.0] [cxt 0] Parser 'parser': start
[09:16:40.873] [bmv2] [D] [thread 105117] [99.0] [cxt 0] Parser 'parser' entering state 'start'
[09:16:40.873] [bmv2] [D] [thread 105117] [99.0] [cxt 0] Extracting header 'ethernet'
[09:16:40.873] [bmv2] [D] [thread 105117] [99.0] [cxt 0] Parser state 'start': key is 0800
[09:16:40.873] [bmv2] [T] [thread 105117] [99.0] [cxt 0] Bytes parsed: 14
[09:16:40.873] [bmv2] [D] [thread 105117] [99.0] [cxt 0] Parser 'parser' entering state 'parse_ipv4'
[09:16:40.873] [bmv2] [D] [thread 105117] [99.0] [cxt 0] Extracting header 'ipv4'
[09:16:40.873] [bmv2] [D] [thread 105117] [99.0] [cxt 0] Parser state 'parse_ipv4' has no switch, going to default next state
[09:16:40.873] [bmv2] [T] [thread 105117] [99.0] [cxt 0] Bytes parsed: 34
[09:16:40.873] [bmv2] [D] [thread 105117] [99.0] [cxt 0] Parser 'parser': end
[09:16:40.873] [bmv2] [D] [thread 105117] [99.0] [cxt 0] Pipeline 'ingress': start
[09:16:40.873] [bmv2] [T] [thread 105117] [99.0] [cxt 0] switch.p4(116) Condition "hdr.ipv4.isValid()" (node_2) is true
[09:16:40.873] [bmv2] [T] [thread 105117] [99.0] [cxt 0] Applying table 'MyIngress.ipv4_lpm'
[09:16:40.873] [bmv2] [D] [thread 105117] [99.0] [cxt 0] Looking up key:
* hdr.ipv4.dstAddr    : 0a000202

[09:16:40.873] [bmv2] [D] [thread 105117] [99.0] [cxt 0] Table 'MyIngress.ipv4_lpm': hit with handle 1
[09:16:40.873] [bmv2] [D] [thread 105117] [99.0] [cxt 0] Dumping entry 1
Match key:
* hdr.ipv4.dstAddr    : LPM       0a000202/32
Action entry: MyIngress.ipv4_forward - 80000000300,2,

[09:16:40.873] [bmv2] [D] [thread 105117] [99.0] [cxt 0] Action entry is MyIngress.ipv4_forward - 80000000300,2,
[09:16:40.873] [bmv2] [T] [thread 105117] [99.0] [cxt 0] Action MyIngress.ipv4_forward
[09:16:40.873] [bmv2] [T] [thread 105117] [99.0] [cxt 0] switch.p4(96) Primitive standard_metadata.egress_spec = port
[09:16:40.873] [bmv2] [T] [thread 105117] [99.0] [cxt 0] switch.p4(97) Primitive hdr.ethernet.srcAddr = hdr.ethernet.dstAddr
[09:16:40.873] [bmv2] [T] [thread 105117] [99.0] [cxt 0] switch.p4(98) Primitive hdr.ethernet.dstAddr = dstAddr
[09:16:40.873] [bmv2] [T] [thread 105117] [99.0] [cxt 0] switch.p4(99) Primitive hdr.ipv4.ttl = hdr.ipv4.ttl - 1
[09:16:40.873] [bmv2] [D] [thread 105117] [99.0] [cxt 0] Pipeline 'ingress': end
[09:16:40.873] [bmv2] [D] [thread 105117] [99.0] [cxt 0] Egress port is 2
[09:16:40.873] [bmv2] [D] [thread 105120] [99.0] [cxt 0] Pipeline 'egress': start
[09:16:40.873] [bmv2] [D] [thread 105120] [99.0] [cxt 0] Pipeline 'egress': end
[09:16:40.873] [bmv2] [D] [thread 105120] [99.0] [cxt 0] Deparser 'deparser': start
[09:16:40.873] [bmv2] [D] [thread 105120] [99.0] [cxt 0] Updating checksum 'cksum'
[09:16:40.873] [bmv2] [D] [thread 105120] [99.0] [cxt 0] Deparsing header 'ethernet'
[09:16:40.873] [bmv2] [D] [thread 105120] [99.0] [cxt 0] Deparsing header 'ipv4'
[09:16:40.873] [bmv2] [D] [thread 105120] [99.0] [cxt 0] Deparser 'deparser': end
[09:16:40.873] [bmv2] [D] [thread 105122] [99.0] [cxt 0] Transmitting packet of size 336 out of port 2
[09:16:41.593] [bmv2] [D] [thread 105117] [100.0] [cxt 0] Processing packet received on port 2
[09:16:41.593] [bmv2] [D] [thread 105117] [100.0] [cxt 0] Parser 'parser': start
[09:16:41.594] [bmv2] [D] [thread 105117] [100.0] [cxt 0] Parser 'parser' entering state 'start'
[09:16:41.594] [bmv2] [D] [thread 105117] [100.0] [cxt 0] Extracting header 'ethernet'
[09:16:41.594] [bmv2] [D] [thread 105117] [100.0] [cxt 0] Parser state 'start': key is 86dd
[09:16:41.594] [bmv2] [T] [thread 105117] [100.0] [cxt 0] Bytes parsed: 14
[09:16:41.594] [bmv2] [D] [thread 105117] [100.0] [cxt 0] Parser 'parser': end
[09:16:41.594] [bmv2] [D] [thread 105117] [100.0] [cxt 0] Pipeline 'ingress': start
[09:16:41.594] [bmv2] [T] [thread 105117] [100.0] [cxt 0] switch.p4(116) Condition "hdr.ipv4.isValid()" (node_2) is false
[09:16:41.594] [bmv2] [D] [thread 105117] [100.0] [cxt 0] Pipeline 'ingress': end
[09:16:41.594] [bmv2] [D] [thread 105117] [100.0] [cxt 0] Egress port is 0
[09:16:41.594] [bmv2] [D] [thread 105118] [100.0] [cxt 0] Pipeline 'egress': start
[09:16:41.594] [bmv2] [D] [thread 105118] [100.0] [cxt 0] Pipeline 'egress': end
[09:16:41.594] [bmv2] [D] [thread 105118] [100.0] [cxt 0] Deparser 'deparser': start
[09:16:41.594] [bmv2] [T] [thread 105118] [100.0] [cxt 0] Skipping checksum 'cksum' update because condition not met
[09:16:41.594] [bmv2] [D] [thread 105118] [100.0] [cxt 0] Deparsing header 'ethernet'
[09:16:41.594] [bmv2] [D] [thread 105118] [100.0] [cxt 0] Deparser 'deparser': end
[09:16:41.594] [bmv2] [D] [thread 105122] [100.0] [cxt 0] Transmitting packet of size 70 out of port 0
[09:16:41.934] [bmv2] [D] [thread 105117] [101.0] [cxt 0] Processing packet received on port 1
[09:16:41.935] [bmv2] [D] [thread 105117] [101.0] [cxt 0] Parser 'parser': start
[09:16:41.935] [bmv2] [D] [thread 105117] [101.0] [cxt 0] Parser 'parser' entering state 'start'
[09:16:41.935] [bmv2] [D] [thread 105117] [101.0] [cxt 0] Extracting header 'ethernet'
[09:16:41.935] [bmv2] [D] [thread 105117] [101.0] [cxt 0] Parser state 'start': key is 0800
[09:16:41.935] [bmv2] [T] [thread 105117] [101.0] [cxt 0] Bytes parsed: 14
[09:16:41.935] [bmv2] [D] [thread 105117] [101.0] [cxt 0] Parser 'parser' entering state 'parse_ipv4'
[09:16:41.935] [bmv2] [D] [thread 105117] [101.0] [cxt 0] Extracting header 'ipv4'
[09:16:41.935] [bmv2] [D] [thread 105117] [101.0] [cxt 0] Parser state 'parse_ipv4' has no switch, going to default next state
[09:16:41.935] [bmv2] [T] [thread 105117] [101.0] [cxt 0] Bytes parsed: 34
[09:16:41.935] [bmv2] [D] [thread 105117] [101.0] [cxt 0] Parser 'parser': end
[09:16:41.935] [bmv2] [D] [thread 105117] [101.0] [cxt 0] Pipeline 'ingress': start
[09:16:41.935] [bmv2] [T] [thread 105117] [101.0] [cxt 0] switch.p4(116) Condition "hdr.ipv4.isValid()" (node_2) is true
[09:16:41.935] [bmv2] [T] [thread 105117] [101.0] [cxt 0] Applying table 'MyIngress.ipv4_lpm'
[09:16:41.935] [bmv2] [D] [thread 105117] [101.0] [cxt 0] Looking up key:
* hdr.ipv4.dstAddr    : 0a000202

[09:16:41.935] [bmv2] [D] [thread 105117] [101.0] [cxt 0] Table 'MyIngress.ipv4_lpm': hit with handle 1
[09:16:41.935] [bmv2] [D] [thread 105117] [101.0] [cxt 0] Dumping entry 1
Match key:
* hdr.ipv4.dstAddr    : LPM       0a000202/32
Action entry: MyIngress.ipv4_forward - 80000000300,2,

[09:16:41.935] [bmv2] [D] [thread 105117] [101.0] [cxt 0] Action entry is MyIngress.ipv4_forward - 80000000300,2,
[09:16:41.935] [bmv2] [T] [thread 105117] [101.0] [cxt 0] Action MyIngress.ipv4_forward
[09:16:41.935] [bmv2] [T] [thread 105117] [101.0] [cxt 0] switch.p4(96) Primitive standard_metadata.egress_spec = port
[09:16:41.935] [bmv2] [T] [thread 105117] [101.0] [cxt 0] switch.p4(97) Primitive hdr.ethernet.srcAddr = hdr.ethernet.dstAddr
[09:16:41.935] [bmv2] [T] [thread 105117] [101.0] [cxt 0] switch.p4(98) Primitive hdr.ethernet.dstAddr = dstAddr
[09:16:41.935] [bmv2] [T] [thread 105117] [101.0] [cxt 0] switch.p4(99) Primitive hdr.ipv4.ttl = hdr.ipv4.ttl - 1
[09:16:41.935] [bmv2] [D] [thread 105117] [101.0] [cxt 0] Pipeline 'ingress': end
[09:16:41.935] [bmv2] [D] [thread 105117] [101.0] [cxt 0] Egress port is 2
[09:16:41.935] [bmv2] [D] [thread 105120] [101.0] [cxt 0] Pipeline 'egress': start
[09:16:41.936] [bmv2] [D] [thread 105120] [101.0] [cxt 0] Pipeline 'egress': end
[09:16:41.936] [bmv2] [D] [thread 105120] [101.0] [cxt 0] Deparser 'deparser': start
[09:16:41.936] [bmv2] [D] [thread 105120] [101.0] [cxt 0] Updating checksum 'cksum'
[09:16:41.936] [bmv2] [D] [thread 105120] [101.0] [cxt 0] Deparsing header 'ethernet'
[09:16:41.936] [bmv2] [D] [thread 105120] [101.0] [cxt 0] Deparsing header 'ipv4'
[09:16:41.936] [bmv2] [D] [thread 105120] [101.0] [cxt 0] Deparser 'deparser': end
[09:16:41.936] [bmv2] [D] [thread 105122] [101.0] [cxt 0] Transmitting packet of size 48 out of port 2
[09:16:41.941] [bmv2] [D] [thread 105117] [102.0] [cxt 0] Processing packet received on port 2
[09:16:41.942] [bmv2] [D] [thread 105117] [102.0] [cxt 0] Parser 'parser': start
[09:16:41.942] [bmv2] [D] [thread 105117] [102.0] [cxt 0] Parser 'parser' entering state 'start'
[09:16:41.942] [bmv2] [D] [thread 105117] [102.0] [cxt 0] Extracting header 'ethernet'
[09:16:41.942] [bmv2] [D] [thread 105117] [102.0] [cxt 0] Parser state 'start': key is 0800
[09:16:41.942] [bmv2] [T] [thread 105117] [102.0] [cxt 0] Bytes parsed: 14
[09:16:41.942] [bmv2] [D] [thread 105117] [102.0] [cxt 0] Parser 'parser' entering state 'parse_ipv4'
[09:16:41.942] [bmv2] [D] [thread 105117] [102.0] [cxt 0] Extracting header 'ipv4'
[09:16:41.942] [bmv2] [D] [thread 105117] [102.0] [cxt 0] Parser state 'parse_ipv4' has no switch, going to default next state
[09:16:41.942] [bmv2] [T] [thread 105117] [102.0] [cxt 0] Bytes parsed: 34
[09:16:41.942] [bmv2] [D] [thread 105117] [102.0] [cxt 0] Parser 'parser': end
[09:16:41.942] [bmv2] [D] [thread 105117] [102.0] [cxt 0] Pipeline 'ingress': start
[09:16:41.942] [bmv2] [T] [thread 105117] [102.0] [cxt 0] switch.p4(116) Condition "hdr.ipv4.isValid()" (node_2) is true
[09:16:41.942] [bmv2] [T] [thread 105117] [102.0] [cxt 0] Applying table 'MyIngress.ipv4_lpm'
[09:16:41.942] [bmv2] [D] [thread 105117] [102.0] [cxt 0] Looking up key:
* hdr.ipv4.dstAddr    : 0a000101

[09:16:41.942] [bmv2] [D] [thread 105117] [102.0] [cxt 0] Table 'MyIngress.ipv4_lpm': hit with handle 0
[09:16:41.942] [bmv2] [D] [thread 105117] [102.0] [cxt 0] Dumping entry 0
Match key:
* hdr.ipv4.dstAddr    : LPM       0a000101/32
Action entry: MyIngress.ipv4_forward - 80000000100,1,

[09:16:41.942] [bmv2] [D] [thread 105117] [102.0] [cxt 0] Action entry is MyIngress.ipv4_forward - 80000000100,1,
[09:16:41.942] [bmv2] [T] [thread 105117] [102.0] [cxt 0] Action MyIngress.ipv4_forward
[09:16:41.942] [bmv2] [T] [thread 105117] [102.0] [cxt 0] switch.p4(96) Primitive standard_metadata.egress_spec = port
[09:16:41.942] [bmv2] [T] [thread 105117] [102.0] [cxt 0] switch.p4(97) Primitive hdr.ethernet.srcAddr = hdr.ethernet.dstAddr
[09:16:41.942] [bmv2] [T] [thread 105117] [102.0] [cxt 0] switch.p4(98) Primitive hdr.ethernet.dstAddr = dstAddr
[09:16:41.942] [bmv2] [T] [thread 105117] [102.0] [cxt 0] switch.p4(99) Primitive hdr.ipv4.ttl = hdr.ipv4.ttl - 1
[09:16:41.942] [bmv2] [D] [thread 105117] [102.0] [cxt 0] Pipeline 'ingress': end
[09:16:41.942] [bmv2] [D] [thread 105117] [102.0] [cxt 0] Egress port is 1
[09:16:41.942] [bmv2] [D] [thread 105119] [102.0] [cxt 0] Pipeline 'egress': start
[09:16:41.943] [bmv2] [D] [thread 105119] [102.0] [cxt 0] Pipeline 'egress': end
[09:16:41.943] [bmv2] [D] [thread 105119] [102.0] [cxt 0] Deparser 'deparser': start
[09:16:41.943] [bmv2] [D] [thread 105119] [102.0] [cxt 0] Updating checksum 'cksum'
[09:16:41.943] [bmv2] [D] [thread 105119] [102.0] [cxt 0] Deparsing header 'ethernet'
[09:16:41.943] [bmv2] [D] [thread 105119] [102.0] [cxt 0] Deparsing header 'ipv4'
[09:16:41.943] [bmv2] [D] [thread 105119] [102.0] [cxt 0] Deparser 'deparser': end
[09:16:41.943] [bmv2] [D] [thread 105122] [102.0] [cxt 0] Transmitting packet of size 76 out of port 1
[09:16:41.978] [bmv2] [D] [thread 105117] [103.0] [cxt 0] Processing packet received on port 2
[09:16:41.978] [bmv2] [D] [thread 105117] [103.0] [cxt 0] Parser 'parser': start
[09:16:41.978] [bmv2] [D] [thread 105117] [103.0] [cxt 0] Parser 'parser' entering state 'start'
[09:16:41.978] [bmv2] [D] [thread 105117] [103.0] [cxt 0] Extracting header 'ethernet'
[09:16:41.978] [bmv2] [D] [thread 105117] [103.0] [cxt 0] Parser state 'start': key is 0800
[09:16:41.978] [bmv2] [T] [thread 105117] [103.0] [cxt 0] Bytes parsed: 14
[09:16:41.978] [bmv2] [D] [thread 105117] [103.0] [cxt 0] Parser 'parser' entering state 'parse_ipv4'
[09:16:41.978] [bmv2] [D] [thread 105117] [103.0] [cxt 0] Extracting header 'ipv4'
[09:16:41.978] [bmv2] [D] [thread 105117] [103.0] [cxt 0] Parser state 'parse_ipv4' has no switch, going to default next state
[09:16:41.978] [bmv2] [T] [thread 105117] [103.0] [cxt 0] Bytes parsed: 34
[09:16:41.978] [bmv2] [D] [thread 105117] [103.0] [cxt 0] Parser 'parser': end
[09:16:41.978] [bmv2] [D] [thread 105117] [103.0] [cxt 0] Pipeline 'ingress': start
[09:16:41.978] [bmv2] [T] [thread 105117] [103.0] [cxt 0] switch.p4(116) Condition "hdr.ipv4.isValid()" (node_2) is true
[09:16:41.978] [bmv2] [T] [thread 105117] [103.0] [cxt 0] Applying table 'MyIngress.ipv4_lpm'
[09:16:41.978] [bmv2] [D] [thread 105117] [103.0] [cxt 0] Looking up key:
* hdr.ipv4.dstAddr    : 0a000101

[09:16:41.978] [bmv2] [D] [thread 105117] [103.0] [cxt 0] Table 'MyIngress.ipv4_lpm': hit with handle 0
[09:16:41.979] [bmv2] [D] [thread 105117] [103.0] [cxt 0] Dumping entry 0
Match key:
* hdr.ipv4.dstAddr    : LPM       0a000101/32
Action entry: MyIngress.ipv4_forward - 80000000100,1,

[09:16:41.979] [bmv2] [D] [thread 105117] [103.0] [cxt 0] Action entry is MyIngress.ipv4_forward - 80000000100,1,
[09:16:41.979] [bmv2] [T] [thread 105117] [103.0] [cxt 0] Action MyIngress.ipv4_forward
[09:16:41.979] [bmv2] [T] [thread 105117] [103.0] [cxt 0] switch.p4(96) Primitive standard_metadata.egress_spec = port
[09:16:41.979] [bmv2] [T] [thread 105117] [103.0] [cxt 0] switch.p4(97) Primitive hdr.ethernet.srcAddr = hdr.ethernet.dstAddr
[09:16:41.979] [bmv2] [T] [thread 105117] [103.0] [cxt 0] switch.p4(98) Primitive hdr.ethernet.dstAddr = dstAddr
[09:16:41.979] [bmv2] [T] [thread 105117] [103.0] [cxt 0] switch.p4(99) Primitive hdr.ipv4.ttl = hdr.ipv4.ttl - 1
[09:16:41.979] [bmv2] [D] [thread 105117] [103.0] [cxt 0] Pipeline 'ingress': end
[09:16:41.979] [bmv2] [D] [thread 105117] [103.0] [cxt 0] Egress port is 1
[09:16:41.979] [bmv2] [D] [thread 105119] [103.0] [cxt 0] Pipeline 'egress': start
[09:16:41.979] [bmv2] [D] [thread 105119] [103.0] [cxt 0] Pipeline 'egress': end
[09:16:41.979] [bmv2] [D] [thread 105119] [103.0] [cxt 0] Deparser 'deparser': start
[09:16:41.979] [bmv2] [D] [thread 105119] [103.0] [cxt 0] Updating checksum 'cksum'
[09:16:41.979] [bmv2] [D] [thread 105119] [103.0] [cxt 0] Deparsing header 'ethernet'
[09:16:41.979] [bmv2] [D] [thread 105119] [103.0] [cxt 0] Deparsing header 'ipv4'
[09:16:41.979] [bmv2] [D] [thread 105119] [103.0] [cxt 0] Deparser 'deparser': end
[09:16:41.980] [bmv2] [D] [thread 105122] [103.0] [cxt 0] Transmitting packet of size 308 out of port 1
[09:16:41.983] [bmv2] [D] [thread 105117] [104.0] [cxt 0] Processing packet received on port 1
[09:16:41.983] [bmv2] [D] [thread 105117] [104.0] [cxt 0] Parser 'parser': start
[09:16:41.983] [bmv2] [D] [thread 105117] [104.0] [cxt 0] Parser 'parser' entering state 'start'
[09:16:41.983] [bmv2] [D] [thread 105117] [104.0] [cxt 0] Extracting header 'ethernet'
[09:16:41.983] [bmv2] [D] [thread 105117] [104.0] [cxt 0] Parser state 'start': key is 0800
[09:16:41.983] [bmv2] [T] [thread 105117] [104.0] [cxt 0] Bytes parsed: 14
[09:16:41.983] [bmv2] [D] [thread 105117] [104.0] [cxt 0] Parser 'parser' entering state 'parse_ipv4'
[09:16:41.983] [bmv2] [D] [thread 105117] [104.0] [cxt 0] Extracting header 'ipv4'
[09:16:41.983] [bmv2] [D] [thread 105117] [104.0] [cxt 0] Parser state 'parse_ipv4' has no switch, going to default next state
[09:16:41.983] [bmv2] [T] [thread 105117] [104.0] [cxt 0] Bytes parsed: 34
[09:16:41.983] [bmv2] [D] [thread 105117] [104.0] [cxt 0] Parser 'parser': end
[09:16:41.983] [bmv2] [D] [thread 105117] [104.0] [cxt 0] Pipeline 'ingress': start
[09:16:41.983] [bmv2] [T] [thread 105117] [104.0] [cxt 0] switch.p4(116) Condition "hdr.ipv4.isValid()" (node_2) is true
[09:16:41.983] [bmv2] [T] [thread 105117] [104.0] [cxt 0] Applying table 'MyIngress.ipv4_lpm'
[09:16:41.983] [bmv2] [D] [thread 105117] [104.0] [cxt 0] Looking up key:
* hdr.ipv4.dstAddr    : 0a000202

[09:16:41.983] [bmv2] [D] [thread 105117] [104.0] [cxt 0] Table 'MyIngress.ipv4_lpm': hit with handle 1
[09:16:41.983] [bmv2] [D] [thread 105117] [104.0] [cxt 0] Dumping entry 1
Match key:
* hdr.ipv4.dstAddr    : LPM       0a000202/32
Action entry: MyIngress.ipv4_forward - 80000000300,2,

[09:16:41.983] [bmv2] [D] [thread 105117] [104.0] [cxt 0] Action entry is MyIngress.ipv4_forward - 80000000300,2,
[09:16:41.983] [bmv2] [T] [thread 105117] [104.0] [cxt 0] Action MyIngress.ipv4_forward
[09:16:41.983] [bmv2] [T] [thread 105117] [104.0] [cxt 0] switch.p4(96) Primitive standard_metadata.egress_spec = port
[09:16:41.983] [bmv2] [T] [thread 105117] [104.0] [cxt 0] switch.p4(97) Primitive hdr.ethernet.srcAddr = hdr.ethernet.dstAddr
[09:16:41.983] [bmv2] [T] [thread 105117] [104.0] [cxt 0] switch.p4(98) Primitive hdr.ethernet.dstAddr = dstAddr
[09:16:41.983] [bmv2] [T] [thread 105117] [104.0] [cxt 0] switch.p4(99) Primitive hdr.ipv4.ttl = hdr.ipv4.ttl - 1
[09:16:41.983] [bmv2] [D] [thread 105117] [104.0] [cxt 0] Pipeline 'ingress': end
[09:16:41.983] [bmv2] [D] [thread 105117] [104.0] [cxt 0] Egress port is 2
[09:16:41.983] [bmv2] [D] [thread 105120] [104.0] [cxt 0] Pipeline 'egress': start
[09:16:41.983] [bmv2] [D] [thread 105120] [104.0] [cxt 0] Pipeline 'egress': end
[09:16:41.983] [bmv2] [D] [thread 105120] [104.0] [cxt 0] Deparser 'deparser': start
[09:16:41.983] [bmv2] [D] [thread 105120] [104.0] [cxt 0] Updating checksum 'cksum'
[09:16:41.983] [bmv2] [D] [thread 105120] [104.0] [cxt 0] Deparsing header 'ethernet'
[09:16:41.983] [bmv2] [D] [thread 105120] [104.0] [cxt 0] Deparsing header 'ipv4'
[09:16:41.983] [bmv2] [D] [thread 105120] [104.0] [cxt 0] Deparser 'deparser': end
[09:16:41.983] [bmv2] [D] [thread 105122] [104.0] [cxt 0] Transmitting packet of size 336 out of port 2
[09:16:42.934] [bmv2] [D] [thread 105117] [105.0] [cxt 0] Processing packet received on port 1
[09:16:42.934] [bmv2] [D] [thread 105117] [105.0] [cxt 0] Parser 'parser': start
[09:16:42.934] [bmv2] [D] [thread 105117] [105.0] [cxt 0] Parser 'parser' entering state 'start'
[09:16:42.934] [bmv2] [D] [thread 105117] [105.0] [cxt 0] Extracting header 'ethernet'
[09:16:42.934] [bmv2] [D] [thread 105117] [105.0] [cxt 0] Parser state 'start': key is 0800
[09:16:42.934] [bmv2] [T] [thread 105117] [105.0] [cxt 0] Bytes parsed: 14
[09:16:42.934] [bmv2] [D] [thread 105117] [105.0] [cxt 0] Parser 'parser' entering state 'parse_ipv4'
[09:16:42.934] [bmv2] [D] [thread 105117] [105.0] [cxt 0] Extracting header 'ipv4'
[09:16:42.934] [bmv2] [D] [thread 105117] [105.0] [cxt 0] Parser state 'parse_ipv4' has no switch, going to default next state
[09:16:42.934] [bmv2] [T] [thread 105117] [105.0] [cxt 0] Bytes parsed: 34
[09:16:42.934] [bmv2] [D] [thread 105117] [105.0] [cxt 0] Parser 'parser': end
[09:16:42.934] [bmv2] [D] [thread 105117] [105.0] [cxt 0] Pipeline 'ingress': start
[09:16:42.934] [bmv2] [T] [thread 105117] [105.0] [cxt 0] switch.p4(116) Condition "hdr.ipv4.isValid()" (node_2) is true
[09:16:42.934] [bmv2] [T] [thread 105117] [105.0] [cxt 0] Applying table 'MyIngress.ipv4_lpm'
[09:16:42.934] [bmv2] [D] [thread 105117] [105.0] [cxt 0] Looking up key:
* hdr.ipv4.dstAddr    : 0a000202

[09:16:42.934] [bmv2] [D] [thread 105117] [105.0] [cxt 0] Table 'MyIngress.ipv4_lpm': hit with handle 1
[09:16:42.934] [bmv2] [D] [thread 105117] [105.0] [cxt 0] Dumping entry 1
Match key:
* hdr.ipv4.dstAddr    : LPM       0a000202/32
Action entry: MyIngress.ipv4_forward - 80000000300,2,

[09:16:42.934] [bmv2] [D] [thread 105117] [105.0] [cxt 0] Action entry is MyIngress.ipv4_forward - 80000000300,2,
[09:16:42.934] [bmv2] [T] [thread 105117] [105.0] [cxt 0] Action MyIngress.ipv4_forward
[09:16:42.934] [bmv2] [T] [thread 105117] [105.0] [cxt 0] switch.p4(96) Primitive standard_metadata.egress_spec = port
[09:16:42.934] [bmv2] [T] [thread 105117] [105.0] [cxt 0] switch.p4(97) Primitive hdr.ethernet.srcAddr = hdr.ethernet.dstAddr
[09:16:42.934] [bmv2] [T] [thread 105117] [105.0] [cxt 0] switch.p4(98) Primitive hdr.ethernet.dstAddr = dstAddr
[09:16:42.934] [bmv2] [T] [thread 105117] [105.0] [cxt 0] switch.p4(99) Primitive hdr.ipv4.ttl = hdr.ipv4.ttl - 1
[09:16:42.934] [bmv2] [D] [thread 105117] [105.0] [cxt 0] Pipeline 'ingress': end
[09:16:42.934] [bmv2] [D] [thread 105117] [105.0] [cxt 0] Egress port is 2
[09:16:42.934] [bmv2] [D] [thread 105120] [105.0] [cxt 0] Pipeline 'egress': start
[09:16:42.934] [bmv2] [D] [thread 105120] [105.0] [cxt 0] Pipeline 'egress': end
[09:16:42.934] [bmv2] [D] [thread 105120] [105.0] [cxt 0] Deparser 'deparser': start
[09:16:42.934] [bmv2] [D] [thread 105120] [105.0] [cxt 0] Updating checksum 'cksum'
[09:16:42.934] [bmv2] [D] [thread 105120] [105.0] [cxt 0] Deparsing header 'ethernet'
[09:16:42.934] [bmv2] [D] [thread 105120] [105.0] [cxt 0] Deparsing header 'ipv4'
[09:16:42.934] [bmv2] [D] [thread 105120] [105.0] [cxt 0] Deparser 'deparser': end
[09:16:42.934] [bmv2] [D] [thread 105122] [105.0] [cxt 0] Transmitting packet of size 48 out of port 2
[09:16:42.934] [bmv2] [D] [thread 105117] [106.0] [cxt 0] Processing packet received on port 2
[09:16:42.934] [bmv2] [D] [thread 105117] [106.0] [cxt 0] Parser 'parser': start
[09:16:42.934] [bmv2] [D] [thread 105117] [106.0] [cxt 0] Parser 'parser' entering state 'start'
[09:16:42.934] [bmv2] [D] [thread 105117] [106.0] [cxt 0] Extracting header 'ethernet'
[09:16:42.940] [bmv2] [D] [thread 105117] [106.0] [cxt 0] Parser state 'start': key is 0800
[09:16:42.940] [bmv2] [T] [thread 105117] [106.0] [cxt 0] Bytes parsed: 14
[09:16:42.940] [bmv2] [D] [thread 105117] [106.0] [cxt 0] Parser 'parser' entering state 'parse_ipv4'
[09:16:42.940] [bmv2] [D] [thread 105117] [106.0] [cxt 0] Extracting header 'ipv4'
[09:16:42.940] [bmv2] [D] [thread 105117] [106.0] [cxt 0] Parser state 'parse_ipv4' has no switch, going to default next state
[09:16:42.940] [bmv2] [T] [thread 105117] [106.0] [cxt 0] Bytes parsed: 34
[09:16:42.940] [bmv2] [D] [thread 105117] [106.0] [cxt 0] Parser 'parser': end
[09:16:42.940] [bmv2] [D] [thread 105117] [106.0] [cxt 0] Pipeline 'ingress': start
[09:16:42.940] [bmv2] [T] [thread 105117] [106.0] [cxt 0] switch.p4(116) Condition "hdr.ipv4.isValid()" (node_2) is true
[09:16:42.940] [bmv2] [T] [thread 105117] [106.0] [cxt 0] Applying table 'MyIngress.ipv4_lpm'
[09:16:42.940] [bmv2] [D] [thread 105117] [106.0] [cxt 0] Looking up key:
* hdr.ipv4.dstAddr    : 0a000101

[09:16:42.940] [bmv2] [D] [thread 105117] [106.0] [cxt 0] Table 'MyIngress.ipv4_lpm': hit with handle 0
[09:16:42.940] [bmv2] [D] [thread 105117] [106.0] [cxt 0] Dumping entry 0
Match key:
* hdr.ipv4.dstAddr    : LPM       0a000101/32
Action entry: MyIngress.ipv4_forward - 80000000100,1,

[09:16:42.940] [bmv2] [D] [thread 105117] [106.0] [cxt 0] Action entry is MyIngress.ipv4_forward - 80000000100,1,
[09:16:42.940] [bmv2] [T] [thread 105117] [106.0] [cxt 0] Action MyIngress.ipv4_forward
[09:16:42.940] [bmv2] [T] [thread 105117] [106.0] [cxt 0] switch.p4(96) Primitive standard_metadata.egress_spec = port
[09:16:42.940] [bmv2] [T] [thread 105117] [106.0] [cxt 0] switch.p4(97) Primitive hdr.ethernet.srcAddr = hdr.ethernet.dstAddr
[09:16:42.940] [bmv2] [T] [thread 105117] [106.0] [cxt 0] switch.p4(98) Primitive hdr.ethernet.dstAddr = dstAddr
[09:16:42.940] [bmv2] [T] [thread 105117] [106.0] [cxt 0] switch.p4(99) Primitive hdr.ipv4.ttl = hdr.ipv4.ttl - 1
[09:16:42.940] [bmv2] [D] [thread 105117] [106.0] [cxt 0] Pipeline 'ingress': end
[09:16:42.940] [bmv2] [D] [thread 105117] [106.0] [cxt 0] Egress port is 1
[09:16:42.940] [bmv2] [D] [thread 105119] [106.0] [cxt 0] Pipeline 'egress': start
[09:16:42.940] [bmv2] [D] [thread 105119] [106.0] [cxt 0] Pipeline 'egress': end
[09:16:42.940] [bmv2] [D] [thread 105119] [106.0] [cxt 0] Deparser 'deparser': start
[09:16:42.940] [bmv2] [D] [thread 105119] [106.0] [cxt 0] Updating checksum 'cksum'
[09:16:42.940] [bmv2] [D] [thread 105119] [106.0] [cxt 0] Deparsing header 'ethernet'
[09:16:42.940] [bmv2] [D] [thread 105119] [106.0] [cxt 0] Deparsing header 'ipv4'
[09:16:42.940] [bmv2] [D] [thread 105119] [106.0] [cxt 0] Deparser 'deparser': end
[09:16:42.940] [bmv2] [D] [thread 105122] [106.0] [cxt 0] Transmitting packet of size 76 out of port 1
[09:16:42.967] [bmv2] [D] [thread 105117] [107.0] [cxt 0] Processing packet received on port 2
[09:16:42.967] [bmv2] [D] [thread 105117] [107.0] [cxt 0] Parser 'parser': start
[09:16:42.967] [bmv2] [D] [thread 105117] [107.0] [cxt 0] Parser 'parser' entering state 'start'
[09:16:42.967] [bmv2] [D] [thread 105117] [107.0] [cxt 0] Extracting header 'ethernet'
[09:16:42.967] [bmv2] [D] [thread 105117] [107.0] [cxt 0] Parser state 'start': key is 0800
[09:16:42.967] [bmv2] [T] [thread 105117] [107.0] [cxt 0] Bytes parsed: 14
[09:16:42.967] [bmv2] [D] [thread 105117] [107.0] [cxt 0] Parser 'parser' entering state 'parse_ipv4'
[09:16:42.967] [bmv2] [D] [thread 105117] [107.0] [cxt 0] Extracting header 'ipv4'
[09:16:42.967] [bmv2] [D] [thread 105117] [107.0] [cxt 0] Parser state 'parse_ipv4' has no switch, going to default next state
[09:16:42.967] [bmv2] [T] [thread 105117] [107.0] [cxt 0] Bytes parsed: 34
[09:16:42.967] [bmv2] [D] [thread 105117] [107.0] [cxt 0] Parser 'parser': end
[09:16:42.967] [bmv2] [D] [thread 105117] [107.0] [cxt 0] Pipeline 'ingress': start
[09:16:42.967] [bmv2] [T] [thread 105117] [107.0] [cxt 0] switch.p4(116) Condition "hdr.ipv4.isValid()" (node_2) is true
[09:16:42.967] [bmv2] [T] [thread 105117] [107.0] [cxt 0] Applying table 'MyIngress.ipv4_lpm'
[09:16:42.967] [bmv2] [D] [thread 105117] [107.0] [cxt 0] Looking up key:
* hdr.ipv4.dstAddr    : 0a000101

[09:16:42.967] [bmv2] [D] [thread 105117] [107.0] [cxt 0] Table 'MyIngress.ipv4_lpm': hit with handle 0
[09:16:42.967] [bmv2] [D] [thread 105117] [107.0] [cxt 0] Dumping entry 0
Match key:
* hdr.ipv4.dstAddr    : LPM       0a000101/32
Action entry: MyIngress.ipv4_forward - 80000000100,1,

[09:16:42.967] [bmv2] [D] [thread 105117] [107.0] [cxt 0] Action entry is MyIngress.ipv4_forward - 80000000100,1,
[09:16:42.967] [bmv2] [T] [thread 105117] [107.0] [cxt 0] Action MyIngress.ipv4_forward
[09:16:42.967] [bmv2] [T] [thread 105117] [107.0] [cxt 0] switch.p4(96) Primitive standard_metadata.egress_spec = port
[09:16:42.967] [bmv2] [T] [thread 105117] [107.0] [cxt 0] switch.p4(97) Primitive hdr.ethernet.srcAddr = hdr.ethernet.dstAddr
[09:16:42.967] [bmv2] [T] [thread 105117] [107.0] [cxt 0] switch.p4(98) Primitive hdr.ethernet.dstAddr = dstAddr
[09:16:42.967] [bmv2] [T] [thread 105117] [107.0] [cxt 0] switch.p4(99) Primitive hdr.ipv4.ttl = hdr.ipv4.ttl - 1
[09:16:42.967] [bmv2] [D] [thread 105117] [107.0] [cxt 0] Pipeline 'ingress': end
[09:16:42.967] [bmv2] [D] [thread 105117] [107.0] [cxt 0] Egress port is 1
[09:16:42.967] [bmv2] [D] [thread 105119] [107.0] [cxt 0] Pipeline 'egress': start
[09:16:42.967] [bmv2] [D] [thread 105119] [107.0] [cxt 0] Pipeline 'egress': end
[09:16:42.967] [bmv2] [D] [thread 105119] [107.0] [cxt 0] Deparser 'deparser': start
[09:16:42.967] [bmv2] [D] [thread 105119] [107.0] [cxt 0] Updating checksum 'cksum'
[09:16:42.967] [bmv2] [D] [thread 105119] [107.0] [cxt 0] Deparsing header 'ethernet'
[09:16:42.967] [bmv2] [D] [thread 105119] [107.0] [cxt 0] Deparsing header 'ipv4'
[09:16:42.967] [bmv2] [D] [thread 105119] [107.0] [cxt 0] Deparser 'deparser': end
[09:16:42.967] [bmv2] [D] [thread 105122] [107.0] [cxt 0] Transmitting packet of size 308 out of port 1
[09:16:42.969] [bmv2] [D] [thread 105117] [108.0] [cxt 0] Processing packet received on port 1
[09:16:42.969] [bmv2] [D] [thread 105117] [108.0] [cxt 0] Parser 'parser': start
[09:16:42.969] [bmv2] [D] [thread 105117] [108.0] [cxt 0] Parser 'parser' entering state 'start'
[09:16:42.969] [bmv2] [D] [thread 105117] [108.0] [cxt 0] Extracting header 'ethernet'
[09:16:42.969] [bmv2] [D] [thread 105117] [108.0] [cxt 0] Parser state 'start': key is 0800
[09:16:42.969] [bmv2] [T] [thread 105117] [108.0] [cxt 0] Bytes parsed: 14
[09:16:42.969] [bmv2] [D] [thread 105117] [108.0] [cxt 0] Parser 'parser' entering state 'parse_ipv4'
[09:16:42.969] [bmv2] [D] [thread 105117] [108.0] [cxt 0] Extracting header 'ipv4'
[09:16:42.969] [bmv2] [D] [thread 105117] [108.0] [cxt 0] Parser state 'parse_ipv4' has no switch, going to default next state
[09:16:42.969] [bmv2] [T] [thread 105117] [108.0] [cxt 0] Bytes parsed: 34
[09:16:42.969] [bmv2] [D] [thread 105117] [108.0] [cxt 0] Parser 'parser': end
[09:16:42.969] [bmv2] [D] [thread 105117] [108.0] [cxt 0] Pipeline 'ingress': start
[09:16:42.969] [bmv2] [T] [thread 105117] [108.0] [cxt 0] switch.p4(116) Condition "hdr.ipv4.isValid()" (node_2) is true
[09:16:42.969] [bmv2] [T] [thread 105117] [108.0] [cxt 0] Applying table 'MyIngress.ipv4_lpm'
[09:16:42.969] [bmv2] [D] [thread 105117] [108.0] [cxt 0] Looking up key:
* hdr.ipv4.dstAddr    : 0a000202

[09:16:42.969] [bmv2] [D] [thread 105117] [108.0] [cxt 0] Table 'MyIngress.ipv4_lpm': hit with handle 1
[09:16:42.969] [bmv2] [D] [thread 105117] [108.0] [cxt 0] Dumping entry 1
Match key:
* hdr.ipv4.dstAddr    : LPM       0a000202/32
Action entry: MyIngress.ipv4_forward - 80000000300,2,

[09:16:42.969] [bmv2] [D] [thread 105117] [108.0] [cxt 0] Action entry is MyIngress.ipv4_forward - 80000000300,2,
[09:16:42.969] [bmv2] [T] [thread 105117] [108.0] [cxt 0] Action MyIngress.ipv4_forward
[09:16:42.969] [bmv2] [T] [thread 105117] [108.0] [cxt 0] switch.p4(96) Primitive standard_metadata.egress_spec = port
[09:16:42.969] [bmv2] [T] [thread 105117] [108.0] [cxt 0] switch.p4(97) Primitive hdr.ethernet.srcAddr = hdr.ethernet.dstAddr
[09:16:42.969] [bmv2] [T] [thread 105117] [108.0] [cxt 0] switch.p4(98) Primitive hdr.ethernet.dstAddr = dstAddr
[09:16:42.969] [bmv2] [T] [thread 105117] [108.0] [cxt 0] switch.p4(99) Primitive hdr.ipv4.ttl = hdr.ipv4.ttl - 1
[09:16:42.969] [bmv2] [D] [thread 105117] [108.0] [cxt 0] Pipeline 'ingress': end
[09:16:42.969] [bmv2] [D] [thread 105117] [108.0] [cxt 0] Egress port is 2
[09:16:42.969] [bmv2] [D] [thread 105120] [108.0] [cxt 0] Pipeline 'egress': start
[09:16:42.969] [bmv2] [D] [thread 105120] [108.0] [cxt 0] Pipeline 'egress': end
[09:16:42.969] [bmv2] [D] [thread 105120] [108.0] [cxt 0] Deparser 'deparser': start
[09:16:42.969] [bmv2] [D] [thread 105120] [108.0] [cxt 0] Updating checksum 'cksum'
[09:16:42.969] [bmv2] [D] [thread 105120] [108.0] [cxt 0] Deparsing header 'ethernet'
[09:16:42.969] [bmv2] [D] [thread 105120] [108.0] [cxt 0] Deparsing header 'ipv4'
[09:16:42.969] [bmv2] [D] [thread 105120] [108.0] [cxt 0] Deparser 'deparser': end
[09:16:42.969] [bmv2] [D] [thread 105122] [108.0] [cxt 0] Transmitting packet of size 336 out of port 2
[09:16:43.869] [bmv2] [D] [thread 105117] [109.0] [cxt 0] Processing packet received on port 1
[09:16:43.869] [bmv2] [D] [thread 105117] [109.0] [cxt 0] Parser 'parser': start
[09:16:43.869] [bmv2] [D] [thread 105117] [109.0] [cxt 0] Parser 'parser' entering state 'start'
[09:16:43.869] [bmv2] [D] [thread 105117] [109.0] [cxt 0] Extracting header 'ethernet'
[09:16:43.869] [bmv2] [D] [thread 105117] [109.0] [cxt 0] Parser state 'start': key is 86dd
[09:16:43.869] [bmv2] [T] [thread 105117] [109.0] [cxt 0] Bytes parsed: 14
[09:16:43.869] [bmv2] [D] [thread 105117] [109.0] [cxt 0] Parser 'parser': end
[09:16:43.869] [bmv2] [D] [thread 105117] [109.0] [cxt 0] Pipeline 'ingress': start
[09:16:43.869] [bmv2] [T] [thread 105117] [109.0] [cxt 0] switch.p4(116) Condition "hdr.ipv4.isValid()" (node_2) is false
[09:16:43.869] [bmv2] [D] [thread 105117] [109.0] [cxt 0] Pipeline 'ingress': end
[09:16:43.869] [bmv2] [D] [thread 105117] [109.0] [cxt 0] Egress port is 0
[09:16:43.869] [bmv2] [D] [thread 105118] [109.0] [cxt 0] Pipeline 'egress': start
[09:16:43.869] [bmv2] [D] [thread 105118] [109.0] [cxt 0] Pipeline 'egress': end
[09:16:43.869] [bmv2] [D] [thread 105118] [109.0] [cxt 0] Deparser 'deparser': start
[09:16:43.869] [bmv2] [T] [thread 105118] [109.0] [cxt 0] Skipping checksum 'cksum' update because condition not met
[09:16:43.869] [bmv2] [D] [thread 105118] [109.0] [cxt 0] Deparsing header 'ethernet'
[09:16:43.869] [bmv2] [D] [thread 105118] [109.0] [cxt 0] Deparser 'deparser': end
[09:16:43.869] [bmv2] [D] [thread 105122] [109.0] [cxt 0] Transmitting packet of size 203 out of port 0
[09:16:43.924] [bmv2] [D] [thread 105117] [110.0] [cxt 0] Processing packet received on port 1
[09:16:43.924] [bmv2] [D] [thread 105117] [110.0] [cxt 0] Parser 'parser': start
[09:16:43.924] [bmv2] [D] [thread 105117] [110.0] [cxt 0] Parser 'parser' entering state 'start'
[09:16:43.924] [bmv2] [D] [thread 105117] [110.0] [cxt 0] Extracting header 'ethernet'
[09:16:43.924] [bmv2] [D] [thread 105117] [110.0] [cxt 0] Parser state 'start': key is 0800
[09:16:43.924] [bmv2] [T] [thread 105117] [110.0] [cxt 0] Bytes parsed: 14
[09:16:43.924] [bmv2] [D] [thread 105117] [110.0] [cxt 0] Parser 'parser' entering state 'parse_ipv4'
[09:16:43.924] [bmv2] [D] [thread 105117] [110.0] [cxt 0] Extracting header 'ipv4'
[09:16:43.924] [bmv2] [D] [thread 105117] [110.0] [cxt 0] Parser state 'parse_ipv4' has no switch, going to default next state
[09:16:43.924] [bmv2] [T] [thread 105117] [110.0] [cxt 0] Bytes parsed: 34
[09:16:43.924] [bmv2] [D] [thread 105117] [110.0] [cxt 0] Parser 'parser': end
[09:16:43.924] [bmv2] [D] [thread 105117] [110.0] [cxt 0] Pipeline 'ingress': start
[09:16:43.924] [bmv2] [T] [thread 105117] [110.0] [cxt 0] switch.p4(116) Condition "hdr.ipv4.isValid()" (node_2) is true
[09:16:43.924] [bmv2] [T] [thread 105117] [110.0] [cxt 0] Applying table 'MyIngress.ipv4_lpm'
[09:16:43.924] [bmv2] [D] [thread 105117] [110.0] [cxt 0] Looking up key:
* hdr.ipv4.dstAddr    : 0a000202

[09:16:43.924] [bmv2] [D] [thread 105117] [110.0] [cxt 0] Table 'MyIngress.ipv4_lpm': hit with handle 1
[09:16:43.924] [bmv2] [D] [thread 105117] [110.0] [cxt 0] Dumping entry 1
Match key:
* hdr.ipv4.dstAddr    : LPM       0a000202/32
Action entry: MyIngress.ipv4_forward - 80000000300,2,

[09:16:43.924] [bmv2] [D] [thread 105117] [110.0] [cxt 0] Action entry is MyIngress.ipv4_forward - 80000000300,2,
[09:16:43.924] [bmv2] [T] [thread 105117] [110.0] [cxt 0] Action MyIngress.ipv4_forward
[09:16:43.924] [bmv2] [T] [thread 105117] [110.0] [cxt 0] switch.p4(96) Primitive standard_metadata.egress_spec = port
[09:16:43.924] [bmv2] [T] [thread 105117] [110.0] [cxt 0] switch.p4(97) Primitive hdr.ethernet.srcAddr = hdr.ethernet.dstAddr
[09:16:43.924] [bmv2] [T] [thread 105117] [110.0] [cxt 0] switch.p4(98) Primitive hdr.ethernet.dstAddr = dstAddr
[09:16:43.924] [bmv2] [T] [thread 105117] [110.0] [cxt 0] switch.p4(99) Primitive hdr.ipv4.ttl = hdr.ipv4.ttl - 1
[09:16:43.924] [bmv2] [D] [thread 105117] [110.0] [cxt 0] Pipeline 'ingress': end
[09:16:43.924] [bmv2] [D] [thread 105117] [110.0] [cxt 0] Egress port is 2
[09:16:43.924] [bmv2] [D] [thread 105120] [110.0] [cxt 0] Pipeline 'egress': start
[09:16:43.924] [bmv2] [D] [thread 105120] [110.0] [cxt 0] Pipeline 'egress': end
[09:16:43.924] [bmv2] [D] [thread 105120] [110.0] [cxt 0] Deparser 'deparser': start
[09:16:43.924] [bmv2] [D] [thread 105120] [110.0] [cxt 0] Updating checksum 'cksum'
[09:16:43.924] [bmv2] [D] [thread 105120] [110.0] [cxt 0] Deparsing header 'ethernet'
[09:16:43.924] [bmv2] [D] [thread 105120] [110.0] [cxt 0] Deparsing header 'ipv4'
[09:16:43.924] [bmv2] [D] [thread 105120] [110.0] [cxt 0] Deparser 'deparser': end
[09:16:43.924] [bmv2] [D] [thread 105122] [110.0] [cxt 0] Transmitting packet of size 48 out of port 2
[09:16:43.927] [bmv2] [D] [thread 105117] [111.0] [cxt 0] Processing packet received on port 2
[09:16:43.927] [bmv2] [D] [thread 105117] [111.0] [cxt 0] Parser 'parser': start
[09:16:43.927] [bmv2] [D] [thread 105117] [111.0] [cxt 0] Parser 'parser' entering state 'start'
[09:16:43.927] [bmv2] [D] [thread 105117] [111.0] [cxt 0] Extracting header 'ethernet'
[09:16:43.927] [bmv2] [D] [thread 105117] [111.0] [cxt 0] Parser state 'start': key is 0800
[09:16:43.927] [bmv2] [T] [thread 105117] [111.0] [cxt 0] Bytes parsed: 14
[09:16:43.927] [bmv2] [D] [thread 105117] [111.0] [cxt 0] Parser 'parser' entering state 'parse_ipv4'
[09:16:43.927] [bmv2] [D] [thread 105117] [111.0] [cxt 0] Extracting header 'ipv4'
[09:16:43.927] [bmv2] [D] [thread 105117] [111.0] [cxt 0] Parser state 'parse_ipv4' has no switch, going to default next state
[09:16:43.927] [bmv2] [T] [thread 105117] [111.0] [cxt 0] Bytes parsed: 34
[09:16:43.927] [bmv2] [D] [thread 105117] [111.0] [cxt 0] Parser 'parser': end
[09:16:43.927] [bmv2] [D] [thread 105117] [111.0] [cxt 0] Pipeline 'ingress': start
[09:16:43.927] [bmv2] [T] [thread 105117] [111.0] [cxt 0] switch.p4(116) Condition "hdr.ipv4.isValid()" (node_2) is true
[09:16:43.927] [bmv2] [T] [thread 105117] [111.0] [cxt 0] Applying table 'MyIngress.ipv4_lpm'
[09:16:43.927] [bmv2] [D] [thread 105117] [111.0] [cxt 0] Looking up key:
* hdr.ipv4.dstAddr    : 0a000101

[09:16:43.927] [bmv2] [D] [thread 105117] [111.0] [cxt 0] Table 'MyIngress.ipv4_lpm': hit with handle 0
[09:16:43.927] [bmv2] [D] [thread 105117] [111.0] [cxt 0] Dumping entry 0
Match key:
* hdr.ipv4.dstAddr    : LPM       0a000101/32
Action entry: MyIngress.ipv4_forward - 80000000100,1,

[09:16:43.927] [bmv2] [D] [thread 105117] [111.0] [cxt 0] Action entry is MyIngress.ipv4_forward - 80000000100,1,
[09:16:43.927] [bmv2] [T] [thread 105117] [111.0] [cxt 0] Action MyIngress.ipv4_forward
[09:16:43.927] [bmv2] [T] [thread 105117] [111.0] [cxt 0] switch.p4(96) Primitive standard_metadata.egress_spec = port
[09:16:43.927] [bmv2] [T] [thread 105117] [111.0] [cxt 0] switch.p4(97) Primitive hdr.ethernet.srcAddr = hdr.ethernet.dstAddr
[09:16:43.927] [bmv2] [T] [thread 105117] [111.0] [cxt 0] switch.p4(98) Primitive hdr.ethernet.dstAddr = dstAddr
[09:16:43.927] [bmv2] [T] [thread 105117] [111.0] [cxt 0] switch.p4(99) Primitive hdr.ipv4.ttl = hdr.ipv4.ttl - 1
[09:16:43.927] [bmv2] [D] [thread 105117] [111.0] [cxt 0] Pipeline 'ingress': end
[09:16:43.927] [bmv2] [D] [thread 105117] [111.0] [cxt 0] Egress port is 1
[09:16:43.927] [bmv2] [D] [thread 105119] [111.0] [cxt 0] Pipeline 'egress': start
[09:16:43.928] [bmv2] [D] [thread 105119] [111.0] [cxt 0] Pipeline 'egress': end
[09:16:43.928] [bmv2] [D] [thread 105119] [111.0] [cxt 0] Deparser 'deparser': start
[09:16:43.928] [bmv2] [D] [thread 105119] [111.0] [cxt 0] Updating checksum 'cksum'
[09:16:43.928] [bmv2] [D] [thread 105119] [111.0] [cxt 0] Deparsing header 'ethernet'
[09:16:43.928] [bmv2] [D] [thread 105119] [111.0] [cxt 0] Deparsing header 'ipv4'
[09:16:43.928] [bmv2] [D] [thread 105119] [111.0] [cxt 0] Deparser 'deparser': end
[09:16:43.928] [bmv2] [D] [thread 105122] [111.0] [cxt 0] Transmitting packet of size 76 out of port 1
[09:16:44.001] [bmv2] [D] [thread 105117] [112.0] [cxt 0] Processing packet received on port 2
[09:16:44.001] [bmv2] [D] [thread 105117] [112.0] [cxt 0] Parser 'parser': start
[09:16:44.001] [bmv2] [D] [thread 105117] [112.0] [cxt 0] Parser 'parser' entering state 'start'
[09:16:44.001] [bmv2] [D] [thread 105117] [112.0] [cxt 0] Extracting header 'ethernet'
[09:16:44.001] [bmv2] [D] [thread 105117] [112.0] [cxt 0] Parser state 'start': key is 0800
[09:16:44.001] [bmv2] [T] [thread 105117] [112.0] [cxt 0] Bytes parsed: 14
[09:16:44.001] [bmv2] [D] [thread 105117] [112.0] [cxt 0] Parser 'parser' entering state 'parse_ipv4'
[09:16:44.001] [bmv2] [D] [thread 105117] [112.0] [cxt 0] Extracting header 'ipv4'
[09:16:44.001] [bmv2] [D] [thread 105117] [112.0] [cxt 0] Parser state 'parse_ipv4' has no switch, going to default next state
[09:16:44.001] [bmv2] [T] [thread 105117] [112.0] [cxt 0] Bytes parsed: 34
[09:16:44.001] [bmv2] [D] [thread 105117] [112.0] [cxt 0] Parser 'parser': end
[09:16:44.001] [bmv2] [D] [thread 105117] [112.0] [cxt 0] Pipeline 'ingress': start
[09:16:44.001] [bmv2] [T] [thread 105117] [112.0] [cxt 0] switch.p4(116) Condition "hdr.ipv4.isValid()" (node_2) is true
[09:16:44.001] [bmv2] [T] [thread 105117] [112.0] [cxt 0] Applying table 'MyIngress.ipv4_lpm'
[09:16:44.001] [bmv2] [D] [thread 105117] [112.0] [cxt 0] Looking up key:
* hdr.ipv4.dstAddr    : 0a000101

[09:16:44.001] [bmv2] [D] [thread 105117] [112.0] [cxt 0] Table 'MyIngress.ipv4_lpm': hit with handle 0
[09:16:44.001] [bmv2] [D] [thread 105117] [112.0] [cxt 0] Dumping entry 0
Match key:
* hdr.ipv4.dstAddr    : LPM       0a000101/32
Action entry: MyIngress.ipv4_forward - 80000000100,1,

[09:16:44.001] [bmv2] [D] [thread 105117] [112.0] [cxt 0] Action entry is MyIngress.ipv4_forward - 80000000100,1,
[09:16:44.001] [bmv2] [T] [thread 105117] [112.0] [cxt 0] Action MyIngress.ipv4_forward
[09:16:44.001] [bmv2] [T] [thread 105117] [112.0] [cxt 0] switch.p4(96) Primitive standard_metadata.egress_spec = port
[09:16:44.001] [bmv2] [T] [thread 105117] [112.0] [cxt 0] switch.p4(97) Primitive hdr.ethernet.srcAddr = hdr.ethernet.dstAddr
[09:16:44.001] [bmv2] [T] [thread 105117] [112.0] [cxt 0] switch.p4(98) Primitive hdr.ethernet.dstAddr = dstAddr
[09:16:44.001] [bmv2] [T] [thread 105117] [112.0] [cxt 0] switch.p4(99) Primitive hdr.ipv4.ttl = hdr.ipv4.ttl - 1
[09:16:44.001] [bmv2] [D] [thread 105117] [112.0] [cxt 0] Pipeline 'ingress': end
[09:16:44.001] [bmv2] [D] [thread 105117] [112.0] [cxt 0] Egress port is 1
[09:16:44.003] [bmv2] [D] [thread 105119] [112.0] [cxt 0] Pipeline 'egress': start
[09:16:44.003] [bmv2] [D] [thread 105119] [112.0] [cxt 0] Pipeline 'egress': end
[09:16:44.003] [bmv2] [D] [thread 105119] [112.0] [cxt 0] Deparser 'deparser': start
[09:16:44.003] [bmv2] [D] [thread 105119] [112.0] [cxt 0] Updating checksum 'cksum'
[09:16:44.003] [bmv2] [D] [thread 105119] [112.0] [cxt 0] Deparsing header 'ethernet'
[09:16:44.003] [bmv2] [D] [thread 105119] [112.0] [cxt 0] Deparsing header 'ipv4'
[09:16:44.003] [bmv2] [D] [thread 105119] [112.0] [cxt 0] Deparser 'deparser': end
[09:16:44.003] [bmv2] [D] [thread 105122] [112.0] [cxt 0] Transmitting packet of size 308 out of port 1
[09:16:44.006] [bmv2] [D] [thread 105117] [113.0] [cxt 0] Processing packet received on port 1
[09:16:44.006] [bmv2] [D] [thread 105117] [113.0] [cxt 0] Parser 'parser': start
[09:16:44.006] [bmv2] [D] [thread 105117] [113.0] [cxt 0] Parser 'parser' entering state 'start'
[09:16:44.006] [bmv2] [D] [thread 105117] [113.0] [cxt 0] Extracting header 'ethernet'
[09:16:44.006] [bmv2] [D] [thread 105117] [113.0] [cxt 0] Parser state 'start': key is 0800
[09:16:44.006] [bmv2] [T] [thread 105117] [113.0] [cxt 0] Bytes parsed: 14
[09:16:44.006] [bmv2] [D] [thread 105117] [113.0] [cxt 0] Parser 'parser' entering state 'parse_ipv4'
[09:16:44.006] [bmv2] [D] [thread 105117] [113.0] [cxt 0] Extracting header 'ipv4'
[09:16:44.006] [bmv2] [D] [thread 105117] [113.0] [cxt 0] Parser state 'parse_ipv4' has no switch, going to default next state
[09:16:44.006] [bmv2] [T] [thread 105117] [113.0] [cxt 0] Bytes parsed: 34
[09:16:44.006] [bmv2] [D] [thread 105117] [113.0] [cxt 0] Parser 'parser': end
[09:16:44.006] [bmv2] [D] [thread 105117] [113.0] [cxt 0] Pipeline 'ingress': start
[09:16:44.006] [bmv2] [T] [thread 105117] [113.0] [cxt 0] switch.p4(116) Condition "hdr.ipv4.isValid()" (node_2) is true
[09:16:44.006] [bmv2] [T] [thread 105117] [113.0] [cxt 0] Applying table 'MyIngress.ipv4_lpm'
[09:16:44.006] [bmv2] [D] [thread 105117] [113.0] [cxt 0] Looking up key:
* hdr.ipv4.dstAddr    : 0a000202

[09:16:44.006] [bmv2] [D] [thread 105117] [113.0] [cxt 0] Table 'MyIngress.ipv4_lpm': hit with handle 1
[09:16:44.006] [bmv2] [D] [thread 105117] [113.0] [cxt 0] Dumping entry 1
Match key:
* hdr.ipv4.dstAddr    : LPM       0a000202/32
Action entry: MyIngress.ipv4_forward - 80000000300,2,

[09:16:44.006] [bmv2] [D] [thread 105117] [113.0] [cxt 0] Action entry is MyIngress.ipv4_forward - 80000000300,2,
[09:16:44.006] [bmv2] [T] [thread 105117] [113.0] [cxt 0] Action MyIngress.ipv4_forward
[09:16:44.006] [bmv2] [T] [thread 105117] [113.0] [cxt 0] switch.p4(96) Primitive standard_metadata.egress_spec = port
[09:16:44.006] [bmv2] [T] [thread 105117] [113.0] [cxt 0] switch.p4(97) Primitive hdr.ethernet.srcAddr = hdr.ethernet.dstAddr
[09:16:44.006] [bmv2] [T] [thread 105117] [113.0] [cxt 0] switch.p4(98) Primitive hdr.ethernet.dstAddr = dstAddr
[09:16:44.006] [bmv2] [T] [thread 105117] [113.0] [cxt 0] switch.p4(99) Primitive hdr.ipv4.ttl = hdr.ipv4.ttl - 1
[09:16:44.006] [bmv2] [D] [thread 105117] [113.0] [cxt 0] Pipeline 'ingress': end
[09:16:44.006] [bmv2] [D] [thread 105117] [113.0] [cxt 0] Egress port is 2
[09:16:44.007] [bmv2] [D] [thread 105120] [113.0] [cxt 0] Pipeline 'egress': start
[09:16:44.007] [bmv2] [D] [thread 105120] [113.0] [cxt 0] Pipeline 'egress': end
[09:16:44.007] [bmv2] [D] [thread 105120] [113.0] [cxt 0] Deparser 'deparser': start
[09:16:44.007] [bmv2] [D] [thread 105120] [113.0] [cxt 0] Updating checksum 'cksum'
[09:16:44.007] [bmv2] [D] [thread 105120] [113.0] [cxt 0] Deparsing header 'ethernet'
[09:16:44.007] [bmv2] [D] [thread 105120] [113.0] [cxt 0] Deparsing header 'ipv4'
[09:16:44.007] [bmv2] [D] [thread 105120] [113.0] [cxt 0] Deparser 'deparser': end
[09:16:44.007] [bmv2] [D] [thread 105122] [113.0] [cxt 0] Transmitting packet of size 336 out of port 2
[09:16:44.199] [bmv2] [D] [thread 105117] [114.0] [cxt 0] Processing packet received on port 1
[09:16:44.199] [bmv2] [D] [thread 105117] [114.0] [cxt 0] Parser 'parser': start
[09:16:44.199] [bmv2] [D] [thread 105117] [114.0] [cxt 0] Parser 'parser' entering state 'start'
[09:16:44.199] [bmv2] [D] [thread 105117] [114.0] [cxt 0] Extracting header 'ethernet'
[09:16:44.199] [bmv2] [D] [thread 105117] [114.0] [cxt 0] Parser state 'start': key is 86dd
[09:16:44.199] [bmv2] [T] [thread 105117] [114.0] [cxt 0] Bytes parsed: 14
[09:16:44.199] [bmv2] [D] [thread 105117] [114.0] [cxt 0] Parser 'parser': end
[09:16:44.199] [bmv2] [D] [thread 105117] [114.0] [cxt 0] Pipeline 'ingress': start
[09:16:44.199] [bmv2] [T] [thread 105117] [114.0] [cxt 0] switch.p4(116) Condition "hdr.ipv4.isValid()" (node_2) is false
[09:16:44.199] [bmv2] [D] [thread 105117] [114.0] [cxt 0] Pipeline 'ingress': end
[09:16:44.199] [bmv2] [D] [thread 105117] [114.0] [cxt 0] Egress port is 0
[09:16:44.199] [bmv2] [D] [thread 105117] [115.0] [cxt 0] Processing packet received on port 2
[09:16:44.199] [bmv2] [D] [thread 105117] [115.0] [cxt 0] Parser 'parser': start
[09:16:44.199] [bmv2] [D] [thread 105117] [115.0] [cxt 0] Parser 'parser' entering state 'start'
[09:16:44.199] [bmv2] [D] [thread 105117] [115.0] [cxt 0] Extracting header 'ethernet'
[09:16:44.199] [bmv2] [D] [thread 105117] [115.0] [cxt 0] Parser state 'start': key is 86dd
[09:16:44.199] [bmv2] [T] [thread 105117] [115.0] [cxt 0] Bytes parsed: 14
[09:16:44.199] [bmv2] [D] [thread 105117] [115.0] [cxt 0] Parser 'parser': end
[09:16:44.199] [bmv2] [D] [thread 105117] [115.0] [cxt 0] Pipeline 'ingress': start
[09:16:44.199] [bmv2] [T] [thread 105117] [115.0] [cxt 0] switch.p4(116) Condition "hdr.ipv4.isValid()" (node_2) is false
[09:16:44.199] [bmv2] [D] [thread 105117] [115.0] [cxt 0] Pipeline 'ingress': end
[09:16:44.199] [bmv2] [D] [thread 105117] [115.0] [cxt 0] Egress port is 0
[09:16:44.199] [bmv2] [D] [thread 105117] [116.0] [cxt 0] Processing packet received on port 2
[09:16:44.199] [bmv2] [D] [thread 105117] [116.0] [cxt 0] Parser 'parser': start
[09:16:44.199] [bmv2] [D] [thread 105117] [116.0] [cxt 0] Parser 'parser' entering state 'start'
[09:16:44.199] [bmv2] [D] [thread 105118] [114.0] [cxt 0] Pipeline 'egress': start
[09:16:44.199] [bmv2] [D] [thread 105118] [114.0] [cxt 0] Pipeline 'egress': end
[09:16:44.199] [bmv2] [D] [thread 105118] [114.0] [cxt 0] Deparser 'deparser': start
[09:16:44.199] [bmv2] [T] [thread 105118] [114.0] [cxt 0] Skipping checksum 'cksum' update because condition not met
[09:16:44.199] [bmv2] [D] [thread 105118] [114.0] [cxt 0] Deparsing header 'ethernet'
[09:16:44.199] [bmv2] [D] [thread 105118] [114.0] [cxt 0] Deparser 'deparser': end
[09:16:44.199] [bmv2] [D] [thread 105118] [115.0] [cxt 0] Pipeline 'egress': start
[09:16:44.199] [bmv2] [D] [thread 105118] [115.0] [cxt 0] Pipeline 'egress': end
[09:16:44.199] [bmv2] [D] [thread 105118] [115.0] [cxt 0] Deparser 'deparser': start
[09:16:44.199] [bmv2] [T] [thread 105118] [115.0] [cxt 0] Skipping checksum 'cksum' update because condition not met
[09:16:44.199] [bmv2] [D] [thread 105118] [115.0] [cxt 0] Deparsing header 'ethernet'
[09:16:44.199] [bmv2] [D] [thread 105118] [115.0] [cxt 0] Deparser 'deparser': end
[09:16:44.199] [bmv2] [D] [thread 105117] [116.0] [cxt 0] Extracting header 'ethernet'
[09:16:44.201] [bmv2] [D] [thread 105117] [116.0] [cxt 0] Parser state 'start': key is 86dd
[09:16:44.202] [bmv2] [T] [thread 105117] [116.0] [cxt 0] Bytes parsed: 14
[09:16:44.202] [bmv2] [D] [thread 105117] [116.0] [cxt 0] Parser 'parser': end
[09:16:44.202] [bmv2] [D] [thread 105117] [116.0] [cxt 0] Pipeline 'ingress': start
[09:16:44.202] [bmv2] [T] [thread 105117] [116.0] [cxt 0] switch.p4(116) Condition "hdr.ipv4.isValid()" (node_2) is false
[09:16:44.202] [bmv2] [D] [thread 105117] [116.0] [cxt 0] Pipeline 'ingress': end
[09:16:44.202] [bmv2] [D] [thread 105117] [116.0] [cxt 0] Egress port is 0
[09:16:44.199] [bmv2] [D] [thread 105122] [114.0] [cxt 0] Transmitting packet of size 203 out of port 0
[09:16:44.202] [bmv2] [D] [thread 105122] [115.0] [cxt 0] Transmitting packet of size 203 out of port 0
[09:16:44.202] [bmv2] [D] [thread 105118] [116.0] [cxt 0] Pipeline 'egress': start
[09:16:44.202] [bmv2] [D] [thread 105118] [116.0] [cxt 0] Pipeline 'egress': end
[09:16:44.202] [bmv2] [D] [thread 105118] [116.0] [cxt 0] Deparser 'deparser': start
[09:16:44.202] [bmv2] [T] [thread 105118] [116.0] [cxt 0] Skipping checksum 'cksum' update because condition not met
[09:16:44.202] [bmv2] [D] [thread 105118] [116.0] [cxt 0] Deparsing header 'ethernet'
[09:16:44.202] [bmv2] [D] [thread 105118] [116.0] [cxt 0] Deparser 'deparser': end
[09:16:44.202] [bmv2] [D] [thread 105122] [116.0] [cxt 0] Transmitting packet of size 203 out of port 0
[09:16:44.964] [bmv2] [D] [thread 105117] [117.0] [cxt 0] Processing packet received on port 1
[09:16:44.964] [bmv2] [D] [thread 105117] [117.0] [cxt 0] Parser 'parser': start
[09:16:44.964] [bmv2] [D] [thread 105117] [117.0] [cxt 0] Parser 'parser' entering state 'start'
[09:16:44.964] [bmv2] [D] [thread 105117] [117.0] [cxt 0] Extracting header 'ethernet'
[09:16:44.964] [bmv2] [D] [thread 105117] [117.0] [cxt 0] Parser state 'start': key is 0800
[09:16:44.964] [bmv2] [T] [thread 105117] [117.0] [cxt 0] Bytes parsed: 14
[09:16:44.964] [bmv2] [D] [thread 105117] [117.0] [cxt 0] Parser 'parser' entering state 'parse_ipv4'
[09:16:44.964] [bmv2] [D] [thread 105117] [117.0] [cxt 0] Extracting header 'ipv4'
[09:16:44.964] [bmv2] [D] [thread 105117] [117.0] [cxt 0] Parser state 'parse_ipv4' has no switch, going to default next state
[09:16:44.964] [bmv2] [T] [thread 105117] [117.0] [cxt 0] Bytes parsed: 34
[09:16:44.964] [bmv2] [D] [thread 105117] [117.0] [cxt 0] Parser 'parser': end
[09:16:44.964] [bmv2] [D] [thread 105117] [117.0] [cxt 0] Pipeline 'ingress': start
[09:16:44.964] [bmv2] [T] [thread 105117] [117.0] [cxt 0] switch.p4(116) Condition "hdr.ipv4.isValid()" (node_2) is true
[09:16:44.964] [bmv2] [T] [thread 105117] [117.0] [cxt 0] Applying table 'MyIngress.ipv4_lpm'
[09:16:44.964] [bmv2] [D] [thread 105117] [117.0] [cxt 0] Looking up key:
* hdr.ipv4.dstAddr    : 0a000202

[09:16:44.964] [bmv2] [D] [thread 105117] [117.0] [cxt 0] Table 'MyIngress.ipv4_lpm': hit with handle 1
[09:16:44.964] [bmv2] [D] [thread 105117] [117.0] [cxt 0] Dumping entry 1
Match key:
* hdr.ipv4.dstAddr    : LPM       0a000202/32
Action entry: MyIngress.ipv4_forward - 80000000300,2,

[09:16:44.964] [bmv2] [D] [thread 105117] [117.0] [cxt 0] Action entry is MyIngress.ipv4_forward - 80000000300,2,
[09:16:44.964] [bmv2] [T] [thread 105117] [117.0] [cxt 0] Action MyIngress.ipv4_forward
[09:16:44.964] [bmv2] [T] [thread 105117] [117.0] [cxt 0] switch.p4(96) Primitive standard_metadata.egress_spec = port
[09:16:44.964] [bmv2] [T] [thread 105117] [117.0] [cxt 0] switch.p4(97) Primitive hdr.ethernet.srcAddr = hdr.ethernet.dstAddr
[09:16:44.964] [bmv2] [T] [thread 105117] [117.0] [cxt 0] switch.p4(98) Primitive hdr.ethernet.dstAddr = dstAddr
[09:16:44.964] [bmv2] [T] [thread 105117] [117.0] [cxt 0] switch.p4(99) Primitive hdr.ipv4.ttl = hdr.ipv4.ttl - 1
[09:16:44.964] [bmv2] [D] [thread 105117] [117.0] [cxt 0] Pipeline 'ingress': end
[09:16:44.964] [bmv2] [D] [thread 105117] [117.0] [cxt 0] Egress port is 2
[09:16:44.964] [bmv2] [D] [thread 105120] [117.0] [cxt 0] Pipeline 'egress': start
[09:16:44.964] [bmv2] [D] [thread 105120] [117.0] [cxt 0] Pipeline 'egress': end
[09:16:44.964] [bmv2] [D] [thread 105120] [117.0] [cxt 0] Deparser 'deparser': start
[09:16:44.964] [bmv2] [D] [thread 105120] [117.0] [cxt 0] Updating checksum 'cksum'
[09:16:44.964] [bmv2] [D] [thread 105120] [117.0] [cxt 0] Deparsing header 'ethernet'
[09:16:44.964] [bmv2] [D] [thread 105120] [117.0] [cxt 0] Deparsing header 'ipv4'
[09:16:44.965] [bmv2] [D] [thread 105120] [117.0] [cxt 0] Deparser 'deparser': end
[09:16:44.965] [bmv2] [D] [thread 105122] [117.0] [cxt 0] Transmitting packet of size 48 out of port 2
[09:16:44.966] [bmv2] [D] [thread 105117] [118.0] [cxt 0] Processing packet received on port 2
[09:16:44.966] [bmv2] [D] [thread 105117] [118.0] [cxt 0] Parser 'parser': start
[09:16:44.966] [bmv2] [D] [thread 105117] [118.0] [cxt 0] Parser 'parser' entering state 'start'
[09:16:44.966] [bmv2] [D] [thread 105117] [118.0] [cxt 0] Extracting header 'ethernet'
[09:16:44.966] [bmv2] [D] [thread 105117] [118.0] [cxt 0] Parser state 'start': key is 0800
[09:16:44.966] [bmv2] [T] [thread 105117] [118.0] [cxt 0] Bytes parsed: 14
[09:16:44.966] [bmv2] [D] [thread 105117] [118.0] [cxt 0] Parser 'parser' entering state 'parse_ipv4'
[09:16:44.966] [bmv2] [D] [thread 105117] [118.0] [cxt 0] Extracting header 'ipv4'
[09:16:44.966] [bmv2] [D] [thread 105117] [118.0] [cxt 0] Parser state 'parse_ipv4' has no switch, going to default next state
[09:16:44.966] [bmv2] [T] [thread 105117] [118.0] [cxt 0] Bytes parsed: 34
[09:16:44.966] [bmv2] [D] [thread 105117] [118.0] [cxt 0] Parser 'parser': end
[09:16:44.966] [bmv2] [D] [thread 105117] [118.0] [cxt 0] Pipeline 'ingress': start
[09:16:44.966] [bmv2] [T] [thread 105117] [118.0] [cxt 0] switch.p4(116) Condition "hdr.ipv4.isValid()" (node_2) is true
[09:16:44.966] [bmv2] [T] [thread 105117] [118.0] [cxt 0] Applying table 'MyIngress.ipv4_lpm'
[09:16:44.966] [bmv2] [D] [thread 105117] [118.0] [cxt 0] Looking up key:
* hdr.ipv4.dstAddr    : 0a000101

[09:16:44.966] [bmv2] [D] [thread 105117] [118.0] [cxt 0] Table 'MyIngress.ipv4_lpm': hit with handle 0
[09:16:44.966] [bmv2] [D] [thread 105117] [118.0] [cxt 0] Dumping entry 0
Match key:
* hdr.ipv4.dstAddr    : LPM       0a000101/32
Action entry: MyIngress.ipv4_forward - 80000000100,1,

[09:16:44.966] [bmv2] [D] [thread 105117] [118.0] [cxt 0] Action entry is MyIngress.ipv4_forward - 80000000100,1,
[09:16:44.967] [bmv2] [T] [thread 105117] [118.0] [cxt 0] Action MyIngress.ipv4_forward
[09:16:44.967] [bmv2] [T] [thread 105117] [118.0] [cxt 0] switch.p4(96) Primitive standard_metadata.egress_spec = port
[09:16:44.967] [bmv2] [T] [thread 105117] [118.0] [cxt 0] switch.p4(97) Primitive hdr.ethernet.srcAddr = hdr.ethernet.dstAddr
[09:16:44.967] [bmv2] [T] [thread 105117] [118.0] [cxt 0] switch.p4(98) Primitive hdr.ethernet.dstAddr = dstAddr
[09:16:44.967] [bmv2] [T] [thread 105117] [118.0] [cxt 0] switch.p4(99) Primitive hdr.ipv4.ttl = hdr.ipv4.ttl - 1
[09:16:44.967] [bmv2] [D] [thread 105117] [118.0] [cxt 0] Pipeline 'ingress': end
[09:16:44.967] [bmv2] [D] [thread 105117] [118.0] [cxt 0] Egress port is 1
[09:16:44.967] [bmv2] [D] [thread 105119] [118.0] [cxt 0] Pipeline 'egress': start
[09:16:44.967] [bmv2] [D] [thread 105119] [118.0] [cxt 0] Pipeline 'egress': end
[09:16:44.967] [bmv2] [D] [thread 105119] [118.0] [cxt 0] Deparser 'deparser': start
[09:16:44.967] [bmv2] [D] [thread 105119] [118.0] [cxt 0] Updating checksum 'cksum'
[09:16:44.967] [bmv2] [D] [thread 105119] [118.0] [cxt 0] Deparsing header 'ethernet'
[09:16:44.967] [bmv2] [D] [thread 105119] [118.0] [cxt 0] Deparsing header 'ipv4'
[09:16:44.967] [bmv2] [D] [thread 105119] [118.0] [cxt 0] Deparser 'deparser': end
[09:16:44.967] [bmv2] [D] [thread 105122] [118.0] [cxt 0] Transmitting packet of size 76 out of port 1
[09:16:44.974] [bmv2] [D] [thread 105117] [119.0] [cxt 0] Processing packet received on port 2
[09:16:44.974] [bmv2] [D] [thread 105117] [119.0] [cxt 0] Parser 'parser': start
[09:16:44.974] [bmv2] [D] [thread 105117] [119.0] [cxt 0] Parser 'parser' entering state 'start'
[09:16:44.974] [bmv2] [D] [thread 105117] [119.0] [cxt 0] Extracting header 'ethernet'
[09:16:44.974] [bmv2] [D] [thread 105117] [119.0] [cxt 0] Parser state 'start': key is 0800
[09:16:44.974] [bmv2] [T] [thread 105117] [119.0] [cxt 0] Bytes parsed: 14
[09:16:44.974] [bmv2] [D] [thread 105117] [119.0] [cxt 0] Parser 'parser' entering state 'parse_ipv4'
[09:16:44.974] [bmv2] [D] [thread 105117] [119.0] [cxt 0] Extracting header 'ipv4'
[09:16:44.974] [bmv2] [D] [thread 105117] [119.0] [cxt 0] Parser state 'parse_ipv4' has no switch, going to default next state
[09:16:44.974] [bmv2] [T] [thread 105117] [119.0] [cxt 0] Bytes parsed: 34
[09:16:44.974] [bmv2] [D] [thread 105117] [119.0] [cxt 0] Parser 'parser': end
[09:16:44.974] [bmv2] [D] [thread 105117] [119.0] [cxt 0] Pipeline 'ingress': start
[09:16:44.974] [bmv2] [T] [thread 105117] [119.0] [cxt 0] switch.p4(116) Condition "hdr.ipv4.isValid()" (node_2) is true
[09:16:44.974] [bmv2] [T] [thread 105117] [119.0] [cxt 0] Applying table 'MyIngress.ipv4_lpm'
[09:16:44.974] [bmv2] [D] [thread 105117] [119.0] [cxt 0] Looking up key:
* hdr.ipv4.dstAddr    : 0a000101

[09:16:44.974] [bmv2] [D] [thread 105117] [119.0] [cxt 0] Table 'MyIngress.ipv4_lpm': hit with handle 0
[09:16:44.974] [bmv2] [D] [thread 105117] [119.0] [cxt 0] Dumping entry 0
Match key:
* hdr.ipv4.dstAddr    : LPM       0a000101/32
Action entry: MyIngress.ipv4_forward - 80000000100,1,

[09:16:44.974] [bmv2] [D] [thread 105117] [119.0] [cxt 0] Action entry is MyIngress.ipv4_forward - 80000000100,1,
[09:16:44.974] [bmv2] [T] [thread 105117] [119.0] [cxt 0] Action MyIngress.ipv4_forward
[09:16:44.974] [bmv2] [T] [thread 105117] [119.0] [cxt 0] switch.p4(96) Primitive standard_metadata.egress_spec = port
[09:16:44.974] [bmv2] [T] [thread 105117] [119.0] [cxt 0] switch.p4(97) Primitive hdr.ethernet.srcAddr = hdr.ethernet.dstAddr
[09:16:44.974] [bmv2] [T] [thread 105117] [119.0] [cxt 0] switch.p4(98) Primitive hdr.ethernet.dstAddr = dstAddr
[09:16:44.974] [bmv2] [T] [thread 105117] [119.0] [cxt 0] switch.p4(99) Primitive hdr.ipv4.ttl = hdr.ipv4.ttl - 1
[09:16:44.974] [bmv2] [D] [thread 105117] [119.0] [cxt 0] Pipeline 'ingress': end
[09:16:44.974] [bmv2] [D] [thread 105117] [119.0] [cxt 0] Egress port is 1
[09:16:44.975] [bmv2] [D] [thread 105119] [119.0] [cxt 0] Pipeline 'egress': start
[09:16:44.975] [bmv2] [D] [thread 105119] [119.0] [cxt 0] Pipeline 'egress': end
[09:16:44.975] [bmv2] [D] [thread 105119] [119.0] [cxt 0] Deparser 'deparser': start
[09:16:44.975] [bmv2] [D] [thread 105119] [119.0] [cxt 0] Updating checksum 'cksum'
[09:16:44.975] [bmv2] [D] [thread 105119] [119.0] [cxt 0] Deparsing header 'ethernet'
[09:16:44.975] [bmv2] [D] [thread 105119] [119.0] [cxt 0] Deparsing header 'ipv4'
[09:16:44.975] [bmv2] [D] [thread 105119] [119.0] [cxt 0] Deparser 'deparser': end
[09:16:44.975] [bmv2] [D] [thread 105122] [119.0] [cxt 0] Transmitting packet of size 308 out of port 1
[09:16:44.978] [bmv2] [D] [thread 105117] [120.0] [cxt 0] Processing packet received on port 1
[09:16:44.978] [bmv2] [D] [thread 105117] [120.0] [cxt 0] Parser 'parser': start
[09:16:44.978] [bmv2] [D] [thread 105117] [120.0] [cxt 0] Parser 'parser' entering state 'start'
[09:16:44.978] [bmv2] [D] [thread 105117] [120.0] [cxt 0] Extracting header 'ethernet'
[09:16:44.978] [bmv2] [D] [thread 105117] [120.0] [cxt 0] Parser state 'start': key is 0800
[09:16:44.978] [bmv2] [T] [thread 105117] [120.0] [cxt 0] Bytes parsed: 14
[09:16:44.978] [bmv2] [D] [thread 105117] [120.0] [cxt 0] Parser 'parser' entering state 'parse_ipv4'
[09:16:44.978] [bmv2] [D] [thread 105117] [120.0] [cxt 0] Extracting header 'ipv4'
[09:16:44.978] [bmv2] [D] [thread 105117] [120.0] [cxt 0] Parser state 'parse_ipv4' has no switch, going to default next state
[09:16:44.978] [bmv2] [T] [thread 105117] [120.0] [cxt 0] Bytes parsed: 34
[09:16:44.978] [bmv2] [D] [thread 105117] [120.0] [cxt 0] Parser 'parser': end
[09:16:44.978] [bmv2] [D] [thread 105117] [120.0] [cxt 0] Pipeline 'ingress': start
[09:16:44.978] [bmv2] [T] [thread 105117] [120.0] [cxt 0] switch.p4(116) Condition "hdr.ipv4.isValid()" (node_2) is true
[09:16:44.978] [bmv2] [T] [thread 105117] [120.0] [cxt 0] Applying table 'MyIngress.ipv4_lpm'
[09:16:44.978] [bmv2] [D] [thread 105117] [120.0] [cxt 0] Looking up key:
* hdr.ipv4.dstAddr    : 0a000202

[09:16:44.978] [bmv2] [D] [thread 105117] [120.0] [cxt 0] Table 'MyIngress.ipv4_lpm': hit with handle 1
[09:16:44.979] [bmv2] [D] [thread 105117] [120.0] [cxt 0] Dumping entry 1
Match key:
* hdr.ipv4.dstAddr    : LPM       0a000202/32
Action entry: MyIngress.ipv4_forward - 80000000300,2,

[09:16:44.979] [bmv2] [D] [thread 105117] [120.0] [cxt 0] Action entry is MyIngress.ipv4_forward - 80000000300,2,
[09:16:44.979] [bmv2] [T] [thread 105117] [120.0] [cxt 0] Action MyIngress.ipv4_forward
[09:16:44.979] [bmv2] [T] [thread 105117] [120.0] [cxt 0] switch.p4(96) Primitive standard_metadata.egress_spec = port
[09:16:44.979] [bmv2] [T] [thread 105117] [120.0] [cxt 0] switch.p4(97) Primitive hdr.ethernet.srcAddr = hdr.ethernet.dstAddr
[09:16:44.979] [bmv2] [T] [thread 105117] [120.0] [cxt 0] switch.p4(98) Primitive hdr.ethernet.dstAddr = dstAddr
[09:16:44.979] [bmv2] [T] [thread 105117] [120.0] [cxt 0] switch.p4(99) Primitive hdr.ipv4.ttl = hdr.ipv4.ttl - 1
[09:16:44.979] [bmv2] [D] [thread 105117] [120.0] [cxt 0] Pipeline 'ingress': end
[09:16:44.979] [bmv2] [D] [thread 105117] [120.0] [cxt 0] Egress port is 2
[09:16:44.979] [bmv2] [D] [thread 105120] [120.0] [cxt 0] Pipeline 'egress': start
[09:16:44.979] [bmv2] [D] [thread 105120] [120.0] [cxt 0] Pipeline 'egress': end
[09:16:44.979] [bmv2] [D] [thread 105120] [120.0] [cxt 0] Deparser 'deparser': start
[09:16:44.979] [bmv2] [D] [thread 105120] [120.0] [cxt 0] Updating checksum 'cksum'
[09:16:44.979] [bmv2] [D] [thread 105120] [120.0] [cxt 0] Deparsing header 'ethernet'
[09:16:44.979] [bmv2] [D] [thread 105120] [120.0] [cxt 0] Deparsing header 'ipv4'
[09:16:44.979] [bmv2] [D] [thread 105120] [120.0] [cxt 0] Deparser 'deparser': end
[09:16:44.979] [bmv2] [D] [thread 105122] [120.0] [cxt 0] Transmitting packet of size 336 out of port 2
[09:16:46.011] [bmv2] [D] [thread 105117] [121.0] [cxt 0] Processing packet received on port 1
[09:16:46.011] [bmv2] [D] [thread 105117] [121.0] [cxt 0] Parser 'parser': start
[09:16:46.011] [bmv2] [D] [thread 105117] [121.0] [cxt 0] Parser 'parser' entering state 'start'
[09:16:46.012] [bmv2] [D] [thread 105117] [121.0] [cxt 0] Extracting header 'ethernet'
[09:16:46.012] [bmv2] [D] [thread 105117] [121.0] [cxt 0] Parser state 'start': key is 0800
[09:16:46.012] [bmv2] [T] [thread 105117] [121.0] [cxt 0] Bytes parsed: 14
[09:16:46.012] [bmv2] [D] [thread 105117] [121.0] [cxt 0] Parser 'parser' entering state 'parse_ipv4'
[09:16:46.012] [bmv2] [D] [thread 105117] [121.0] [cxt 0] Extracting header 'ipv4'
[09:16:46.012] [bmv2] [D] [thread 105117] [121.0] [cxt 0] Parser state 'parse_ipv4' has no switch, going to default next state
[09:16:46.012] [bmv2] [T] [thread 105117] [121.0] [cxt 0] Bytes parsed: 34
[09:16:46.012] [bmv2] [D] [thread 105117] [121.0] [cxt 0] Parser 'parser': end
[09:16:46.012] [bmv2] [D] [thread 105117] [121.0] [cxt 0] Pipeline 'ingress': start
[09:16:46.012] [bmv2] [T] [thread 105117] [121.0] [cxt 0] switch.p4(116) Condition "hdr.ipv4.isValid()" (node_2) is true
[09:16:46.012] [bmv2] [T] [thread 105117] [121.0] [cxt 0] Applying table 'MyIngress.ipv4_lpm'
[09:16:46.012] [bmv2] [D] [thread 105117] [121.0] [cxt 0] Looking up key:
* hdr.ipv4.dstAddr    : 0a000202

[09:16:46.012] [bmv2] [D] [thread 105117] [121.0] [cxt 0] Table 'MyIngress.ipv4_lpm': hit with handle 1
[09:16:46.012] [bmv2] [D] [thread 105117] [121.0] [cxt 0] Dumping entry 1
Match key:
* hdr.ipv4.dstAddr    : LPM       0a000202/32
Action entry: MyIngress.ipv4_forward - 80000000300,2,

[09:16:46.012] [bmv2] [D] [thread 105117] [121.0] [cxt 0] Action entry is MyIngress.ipv4_forward - 80000000300,2,
[09:16:46.012] [bmv2] [T] [thread 105117] [121.0] [cxt 0] Action MyIngress.ipv4_forward
[09:16:46.012] [bmv2] [T] [thread 105117] [121.0] [cxt 0] switch.p4(96) Primitive standard_metadata.egress_spec = port
[09:16:46.012] [bmv2] [T] [thread 105117] [121.0] [cxt 0] switch.p4(97) Primitive hdr.ethernet.srcAddr = hdr.ethernet.dstAddr
[09:16:46.012] [bmv2] [T] [thread 105117] [121.0] [cxt 0] switch.p4(98) Primitive hdr.ethernet.dstAddr = dstAddr
[09:16:46.012] [bmv2] [T] [thread 105117] [121.0] [cxt 0] switch.p4(99) Primitive hdr.ipv4.ttl = hdr.ipv4.ttl - 1
[09:16:46.012] [bmv2] [D] [thread 105117] [121.0] [cxt 0] Pipeline 'ingress': end
[09:16:46.012] [bmv2] [D] [thread 105117] [121.0] [cxt 0] Egress port is 2
[09:16:46.012] [bmv2] [D] [thread 105120] [121.0] [cxt 0] Pipeline 'egress': start
[09:16:46.012] [bmv2] [D] [thread 105120] [121.0] [cxt 0] Pipeline 'egress': end
[09:16:46.012] [bmv2] [D] [thread 105120] [121.0] [cxt 0] Deparser 'deparser': start
[09:16:46.012] [bmv2] [D] [thread 105120] [121.0] [cxt 0] Updating checksum 'cksum'
[09:16:46.012] [bmv2] [D] [thread 105120] [121.0] [cxt 0] Deparsing header 'ethernet'
[09:16:46.012] [bmv2] [D] [thread 105120] [121.0] [cxt 0] Deparsing header 'ipv4'
[09:16:46.012] [bmv2] [D] [thread 105120] [121.0] [cxt 0] Deparser 'deparser': end
[09:16:46.012] [bmv2] [D] [thread 105122] [121.0] [cxt 0] Transmitting packet of size 48 out of port 2
[09:16:46.015] [bmv2] [D] [thread 105117] [122.0] [cxt 0] Processing packet received on port 2
[09:16:46.015] [bmv2] [D] [thread 105117] [122.0] [cxt 0] Parser 'parser': start
[09:16:46.015] [bmv2] [D] [thread 105117] [122.0] [cxt 0] Parser 'parser' entering state 'start'
[09:16:46.015] [bmv2] [D] [thread 105117] [122.0] [cxt 0] Extracting header 'ethernet'
[09:16:46.015] [bmv2] [D] [thread 105117] [122.0] [cxt 0] Parser state 'start': key is 0800
[09:16:46.015] [bmv2] [T] [thread 105117] [122.0] [cxt 0] Bytes parsed: 14
[09:16:46.015] [bmv2] [D] [thread 105117] [122.0] [cxt 0] Parser 'parser' entering state 'parse_ipv4'
[09:16:46.015] [bmv2] [D] [thread 105117] [122.0] [cxt 0] Extracting header 'ipv4'
[09:16:46.015] [bmv2] [D] [thread 105117] [122.0] [cxt 0] Parser state 'parse_ipv4' has no switch, going to default next state
[09:16:46.015] [bmv2] [T] [thread 105117] [122.0] [cxt 0] Bytes parsed: 34
[09:16:46.015] [bmv2] [D] [thread 105117] [122.0] [cxt 0] Parser 'parser': end
[09:16:46.015] [bmv2] [D] [thread 105117] [122.0] [cxt 0] Pipeline 'ingress': start
[09:16:46.015] [bmv2] [T] [thread 105117] [122.0] [cxt 0] switch.p4(116) Condition "hdr.ipv4.isValid()" (node_2) is true
[09:16:46.015] [bmv2] [T] [thread 105117] [122.0] [cxt 0] Applying table 'MyIngress.ipv4_lpm'
[09:16:46.015] [bmv2] [D] [thread 105117] [122.0] [cxt 0] Looking up key:
* hdr.ipv4.dstAddr    : 0a000101

[09:16:46.015] [bmv2] [D] [thread 105117] [122.0] [cxt 0] Table 'MyIngress.ipv4_lpm': hit with handle 0
[09:16:46.015] [bmv2] [D] [thread 105117] [122.0] [cxt 0] Dumping entry 0
Match key:
* hdr.ipv4.dstAddr    : LPM       0a000101/32
Action entry: MyIngress.ipv4_forward - 80000000100,1,

[09:16:46.015] [bmv2] [D] [thread 105117] [122.0] [cxt 0] Action entry is MyIngress.ipv4_forward - 80000000100,1,
[09:16:46.015] [bmv2] [T] [thread 105117] [122.0] [cxt 0] Action MyIngress.ipv4_forward
[09:16:46.015] [bmv2] [T] [thread 105117] [122.0] [cxt 0] switch.p4(96) Primitive standard_metadata.egress_spec = port
[09:16:46.015] [bmv2] [T] [thread 105117] [122.0] [cxt 0] switch.p4(97) Primitive hdr.ethernet.srcAddr = hdr.ethernet.dstAddr
[09:16:46.015] [bmv2] [T] [thread 105117] [122.0] [cxt 0] switch.p4(98) Primitive hdr.ethernet.dstAddr = dstAddr
[09:16:46.015] [bmv2] [T] [thread 105117] [122.0] [cxt 0] switch.p4(99) Primitive hdr.ipv4.ttl = hdr.ipv4.ttl - 1
[09:16:46.015] [bmv2] [D] [thread 105117] [122.0] [cxt 0] Pipeline 'ingress': end
[09:16:46.015] [bmv2] [D] [thread 105117] [122.0] [cxt 0] Egress port is 1
[09:16:46.015] [bmv2] [D] [thread 105119] [122.0] [cxt 0] Pipeline 'egress': start
[09:16:46.015] [bmv2] [D] [thread 105119] [122.0] [cxt 0] Pipeline 'egress': end
[09:16:46.016] [bmv2] [D] [thread 105119] [122.0] [cxt 0] Deparser 'deparser': start
[09:16:46.016] [bmv2] [D] [thread 105119] [122.0] [cxt 0] Updating checksum 'cksum'
[09:16:46.016] [bmv2] [D] [thread 105119] [122.0] [cxt 0] Deparsing header 'ethernet'
[09:16:46.016] [bmv2] [D] [thread 105119] [122.0] [cxt 0] Deparsing header 'ipv4'
[09:16:46.016] [bmv2] [D] [thread 105119] [122.0] [cxt 0] Deparser 'deparser': end
[09:16:46.016] [bmv2] [D] [thread 105122] [122.0] [cxt 0] Transmitting packet of size 76 out of port 1
[09:16:46.032] [bmv2] [D] [thread 105117] [123.0] [cxt 0] Processing packet received on port 2
[09:16:46.032] [bmv2] [D] [thread 105117] [123.0] [cxt 0] Parser 'parser': start
[09:16:46.032] [bmv2] [D] [thread 105117] [123.0] [cxt 0] Parser 'parser' entering state 'start'
[09:16:46.032] [bmv2] [D] [thread 105117] [123.0] [cxt 0] Extracting header 'ethernet'
[09:16:46.032] [bmv2] [D] [thread 105117] [123.0] [cxt 0] Parser state 'start': key is 0800
[09:16:46.032] [bmv2] [T] [thread 105117] [123.0] [cxt 0] Bytes parsed: 14
[09:16:46.032] [bmv2] [D] [thread 105117] [123.0] [cxt 0] Parser 'parser' entering state 'parse_ipv4'
[09:16:46.032] [bmv2] [D] [thread 105117] [123.0] [cxt 0] Extracting header 'ipv4'
[09:16:46.032] [bmv2] [D] [thread 105117] [123.0] [cxt 0] Parser state 'parse_ipv4' has no switch, going to default next state
[09:16:46.032] [bmv2] [T] [thread 105117] [123.0] [cxt 0] Bytes parsed: 34
[09:16:46.032] [bmv2] [D] [thread 105117] [123.0] [cxt 0] Parser 'parser': end
[09:16:46.032] [bmv2] [D] [thread 105117] [123.0] [cxt 0] Pipeline 'ingress': start
[09:16:46.032] [bmv2] [T] [thread 105117] [123.0] [cxt 0] switch.p4(116) Condition "hdr.ipv4.isValid()" (node_2) is true
[09:16:46.032] [bmv2] [T] [thread 105117] [123.0] [cxt 0] Applying table 'MyIngress.ipv4_lpm'
[09:16:46.032] [bmv2] [D] [thread 105117] [123.0] [cxt 0] Looking up key:
* hdr.ipv4.dstAddr    : 0a000101

[09:16:46.032] [bmv2] [D] [thread 105117] [123.0] [cxt 0] Table 'MyIngress.ipv4_lpm': hit with handle 0
[09:16:46.032] [bmv2] [D] [thread 105117] [123.0] [cxt 0] Dumping entry 0
Match key:
* hdr.ipv4.dstAddr    : LPM       0a000101/32
Action entry: MyIngress.ipv4_forward - 80000000100,1,

[09:16:46.032] [bmv2] [D] [thread 105117] [123.0] [cxt 0] Action entry is MyIngress.ipv4_forward - 80000000100,1,
[09:16:46.032] [bmv2] [T] [thread 105117] [123.0] [cxt 0] Action MyIngress.ipv4_forward
[09:16:46.032] [bmv2] [T] [thread 105117] [123.0] [cxt 0] switch.p4(96) Primitive standard_metadata.egress_spec = port
[09:16:46.032] [bmv2] [T] [thread 105117] [123.0] [cxt 0] switch.p4(97) Primitive hdr.ethernet.srcAddr = hdr.ethernet.dstAddr
[09:16:46.032] [bmv2] [T] [thread 105117] [123.0] [cxt 0] switch.p4(98) Primitive hdr.ethernet.dstAddr = dstAddr
[09:16:46.032] [bmv2] [T] [thread 105117] [123.0] [cxt 0] switch.p4(99) Primitive hdr.ipv4.ttl = hdr.ipv4.ttl - 1
[09:16:46.032] [bmv2] [D] [thread 105117] [123.0] [cxt 0] Pipeline 'ingress': end
[09:16:46.032] [bmv2] [D] [thread 105117] [123.0] [cxt 0] Egress port is 1
[09:16:46.032] [bmv2] [D] [thread 105119] [123.0] [cxt 0] Pipeline 'egress': start
[09:16:46.032] [bmv2] [D] [thread 105119] [123.0] [cxt 0] Pipeline 'egress': end
[09:16:46.033] [bmv2] [D] [thread 105119] [123.0] [cxt 0] Deparser 'deparser': start
[09:16:46.033] [bmv2] [D] [thread 105119] [123.0] [cxt 0] Updating checksum 'cksum'
[09:16:46.033] [bmv2] [D] [thread 105119] [123.0] [cxt 0] Deparsing header 'ethernet'
[09:16:46.033] [bmv2] [D] [thread 105119] [123.0] [cxt 0] Deparsing header 'ipv4'
[09:16:46.033] [bmv2] [D] [thread 105119] [123.0] [cxt 0] Deparser 'deparser': end
[09:16:46.033] [bmv2] [D] [thread 105122] [123.0] [cxt 0] Transmitting packet of size 308 out of port 1
[09:16:46.036] [bmv2] [D] [thread 105117] [124.0] [cxt 0] Processing packet received on port 1
[09:16:46.036] [bmv2] [D] [thread 105117] [124.0] [cxt 0] Parser 'parser': start
[09:16:46.036] [bmv2] [D] [thread 105117] [124.0] [cxt 0] Parser 'parser' entering state 'start'
[09:16:46.036] [bmv2] [D] [thread 105117] [124.0] [cxt 0] Extracting header 'ethernet'
[09:16:46.036] [bmv2] [D] [thread 105117] [124.0] [cxt 0] Parser state 'start': key is 0800
[09:16:46.036] [bmv2] [T] [thread 105117] [124.0] [cxt 0] Bytes parsed: 14
[09:16:46.036] [bmv2] [D] [thread 105117] [124.0] [cxt 0] Parser 'parser' entering state 'parse_ipv4'
[09:16:46.036] [bmv2] [D] [thread 105117] [124.0] [cxt 0] Extracting header 'ipv4'
[09:16:46.036] [bmv2] [D] [thread 105117] [124.0] [cxt 0] Parser state 'parse_ipv4' has no switch, going to default next state
[09:16:46.036] [bmv2] [T] [thread 105117] [124.0] [cxt 0] Bytes parsed: 34
[09:16:46.036] [bmv2] [D] [thread 105117] [124.0] [cxt 0] Parser 'parser': end
[09:16:46.036] [bmv2] [D] [thread 105117] [124.0] [cxt 0] Pipeline 'ingress': start
[09:16:46.036] [bmv2] [T] [thread 105117] [124.0] [cxt 0] switch.p4(116) Condition "hdr.ipv4.isValid()" (node_2) is true
[09:16:46.036] [bmv2] [T] [thread 105117] [124.0] [cxt 0] Applying table 'MyIngress.ipv4_lpm'
[09:16:46.036] [bmv2] [D] [thread 105117] [124.0] [cxt 0] Looking up key:
* hdr.ipv4.dstAddr    : 0a000202

[09:16:46.036] [bmv2] [D] [thread 105117] [124.0] [cxt 0] Table 'MyIngress.ipv4_lpm': hit with handle 1
[09:16:46.036] [bmv2] [D] [thread 105117] [124.0] [cxt 0] Dumping entry 1
Match key:
* hdr.ipv4.dstAddr    : LPM       0a000202/32
Action entry: MyIngress.ipv4_forward - 80000000300,2,

[09:16:46.036] [bmv2] [D] [thread 105117] [124.0] [cxt 0] Action entry is MyIngress.ipv4_forward - 80000000300,2,
[09:16:46.036] [bmv2] [T] [thread 105117] [124.0] [cxt 0] Action MyIngress.ipv4_forward
[09:16:46.036] [bmv2] [T] [thread 105117] [124.0] [cxt 0] switch.p4(96) Primitive standard_metadata.egress_spec = port
[09:16:46.036] [bmv2] [T] [thread 105117] [124.0] [cxt 0] switch.p4(97) Primitive hdr.ethernet.srcAddr = hdr.ethernet.dstAddr
[09:16:46.036] [bmv2] [T] [thread 105117] [124.0] [cxt 0] switch.p4(98) Primitive hdr.ethernet.dstAddr = dstAddr
[09:16:46.036] [bmv2] [T] [thread 105117] [124.0] [cxt 0] switch.p4(99) Primitive hdr.ipv4.ttl = hdr.ipv4.ttl - 1
[09:16:46.036] [bmv2] [D] [thread 105117] [124.0] [cxt 0] Pipeline 'ingress': end
[09:16:46.036] [bmv2] [D] [thread 105117] [124.0] [cxt 0] Egress port is 2
[09:16:46.036] [bmv2] [D] [thread 105120] [124.0] [cxt 0] Pipeline 'egress': start
[09:16:46.036] [bmv2] [D] [thread 105120] [124.0] [cxt 0] Pipeline 'egress': end
[09:16:46.036] [bmv2] [D] [thread 105120] [124.0] [cxt 0] Deparser 'deparser': start
[09:16:46.036] [bmv2] [D] [thread 105120] [124.0] [cxt 0] Updating checksum 'cksum'
[09:16:46.036] [bmv2] [D] [thread 105120] [124.0] [cxt 0] Deparsing header 'ethernet'
[09:16:46.036] [bmv2] [D] [thread 105120] [124.0] [cxt 0] Deparsing header 'ipv4'
[09:16:46.036] [bmv2] [D] [thread 105120] [124.0] [cxt 0] Deparser 'deparser': end
[09:16:46.036] [bmv2] [D] [thread 105122] [124.0] [cxt 0] Transmitting packet of size 336 out of port 2
open: No such file or directory
open: No such file or directory
