Calling target program-options parser
[09:11:31.878] [bmv2] [D] [thread 100943] Set default default entry for table 'MyIngress.ipv4_lpm': MyIngress.drop - 
Adding interface s3-eth1 as port 1
[09:11:31.878] [bmv2] [D] [thread 100943] Adding interface s3-eth1 as port 1
Adding interface s3-eth2 as port 2
[09:11:31.902] [bmv2] [D] [thread 100943] Adding interface s3-eth2 as port 2
Server listening on 0.0.0.0:50224
[09:11:31.924] [bmv2] [I] [thread 100943] Starting Thrift server on port 9263
[09:11:31.929] [bmv2] [I] [thread 100943] Thrift server was started
[09:11:31.971] [bmv2] [D] [thread 100958] [0.0] [cxt 0] Processing packet received on port 1
[09:11:31.971] [bmv2] [D] [thread 100958] [0.0] [cxt 0] Parser 'parser': start
[09:11:31.971] [bmv2] [D] [thread 100958] [0.0] [cxt 0] Parser 'parser' entering state 'start'
[09:11:31.971] [bmv2] [D] [thread 100958] [0.0] [cxt 0] Extracting header 'ethernet'
[09:11:31.971] [bmv2] [D] [thread 100958] [0.0] [cxt 0] Parser state 'start': key is 86dd
[09:11:31.971] [bmv2] [T] [thread 100958] [0.0] [cxt 0] Bytes parsed: 14
[09:11:31.971] [bmv2] [D] [thread 100958] [0.0] [cxt 0] Parser 'parser': end
[09:11:31.971] [bmv2] [D] [thread 100958] [0.0] [cxt 0] Pipeline 'ingress': start
[09:11:31.971] [bmv2] [T] [thread 100958] [0.0] [cxt 0] switch.p4(116) Condition "hdr.ipv4.isValid()" (node_2) is false
[09:11:31.971] [bmv2] [D] [thread 100958] [0.0] [cxt 0] Pipeline 'ingress': end
[09:11:31.971] [bmv2] [D] [thread 100958] [0.0] [cxt 0] Egress port is 0
[09:11:31.975] [bmv2] [D] [thread 100959] [0.0] [cxt 0] Pipeline 'egress': start
[09:11:31.975] [bmv2] [D] [thread 100959] [0.0] [cxt 0] Pipeline 'egress': end
[09:11:31.975] [bmv2] [D] [thread 100959] [0.0] [cxt 0] Deparser 'deparser': start
[09:11:31.975] [bmv2] [T] [thread 100959] [0.0] [cxt 0] Skipping checksum 'cksum' update because condition not met
[09:11:31.975] [bmv2] [D] [thread 100959] [0.0] [cxt 0] Deparsing header 'ethernet'
[09:11:31.975] [bmv2] [D] [thread 100959] [0.0] [cxt 0] Deparser 'deparser': end
[09:11:31.975] [bmv2] [D] [thread 100963] [0.0] [cxt 0] Transmitting packet of size 90 out of port 0
[09:11:31.975] [bmv2] [D] [thread 100958] [1.0] [cxt 0] Processing packet received on port 1
[09:11:31.975] [bmv2] [D] [thread 100958] [1.0] [cxt 0] Parser 'parser': start
[09:11:31.975] [bmv2] [D] [thread 100958] [1.0] [cxt 0] Parser 'parser' entering state 'start'
[09:11:31.975] [bmv2] [D] [thread 100958] [1.0] [cxt 0] Extracting header 'ethernet'
[09:11:31.975] [bmv2] [D] [thread 100958] [1.0] [cxt 0] Parser state 'start': key is 86dd
[09:11:31.975] [bmv2] [T] [thread 100958] [1.0] [cxt 0] Bytes parsed: 14
[09:11:31.975] [bmv2] [D] [thread 100958] [1.0] [cxt 0] Parser 'parser': end
[09:11:31.975] [bmv2] [D] [thread 100958] [1.0] [cxt 0] Pipeline 'ingress': start
[09:11:31.975] [bmv2] [T] [thread 100958] [1.0] [cxt 0] switch.p4(116) Condition "hdr.ipv4.isValid()" (node_2) is false
[09:11:31.975] [bmv2] [D] [thread 100958] [1.0] [cxt 0] Pipeline 'ingress': end
[09:11:31.975] [bmv2] [D] [thread 100958] [1.0] [cxt 0] Egress port is 0
[09:11:31.975] [bmv2] [D] [thread 100959] [1.0] [cxt 0] Pipeline 'egress': start
[09:11:31.975] [bmv2] [D] [thread 100959] [1.0] [cxt 0] Pipeline 'egress': end
[09:11:31.975] [bmv2] [D] [thread 100959] [1.0] [cxt 0] Deparser 'deparser': start
[09:11:31.975] [bmv2] [T] [thread 100959] [1.0] [cxt 0] Skipping checksum 'cksum' update because condition not met
[09:11:31.975] [bmv2] [D] [thread 100959] [1.0] [cxt 0] Deparsing header 'ethernet'
[09:11:31.975] [bmv2] [D] [thread 100959] [1.0] [cxt 0] Deparser 'deparser': end
[09:11:31.975] [bmv2] [D] [thread 100963] [1.0] [cxt 0] Transmitting packet of size 70 out of port 0
[09:11:31.975] [bmv2] [D] [thread 100958] [2.0] [cxt 0] Processing packet received on port 1
[09:11:31.975] [bmv2] [D] [thread 100958] [2.0] [cxt 0] Parser 'parser': start
[09:11:31.975] [bmv2] [D] [thread 100958] [2.0] [cxt 0] Parser 'parser' entering state 'start'
[09:11:31.975] [bmv2] [D] [thread 100958] [2.0] [cxt 0] Extracting header 'ethernet'
[09:11:31.975] [bmv2] [D] [thread 100958] [2.0] [cxt 0] Parser state 'start': key is 86dd
[09:11:31.975] [bmv2] [T] [thread 100958] [2.0] [cxt 0] Bytes parsed: 14
[09:11:31.975] [bmv2] [D] [thread 100958] [2.0] [cxt 0] Parser 'parser': end
[09:11:31.975] [bmv2] [D] [thread 100958] [2.0] [cxt 0] Pipeline 'ingress': start
[09:11:31.975] [bmv2] [T] [thread 100958] [2.0] [cxt 0] switch.p4(116) Condition "hdr.ipv4.isValid()" (node_2) is false
[09:11:31.975] [bmv2] [D] [thread 100958] [2.0] [cxt 0] Pipeline 'ingress': end
[09:11:31.975] [bmv2] [D] [thread 100958] [2.0] [cxt 0] Egress port is 0
[09:11:31.975] [bmv2] [D] [thread 100959] [2.0] [cxt 0] Pipeline 'egress': start
[09:11:31.975] [bmv2] [D] [thread 100959] [2.0] [cxt 0] Pipeline 'egress': end
[09:11:31.975] [bmv2] [D] [thread 100959] [2.0] [cxt 0] Deparser 'deparser': start
[09:11:31.975] [bmv2] [T] [thread 100959] [2.0] [cxt 0] Skipping checksum 'cksum' update because condition not met
[09:11:31.975] [bmv2] [D] [thread 100959] [2.0] [cxt 0] Deparsing header 'ethernet'
[09:11:31.975] [bmv2] [D] [thread 100959] [2.0] [cxt 0] Deparser 'deparser': end
[09:11:31.975] [bmv2] [D] [thread 100963] [2.0] [cxt 0] Transmitting packet of size 90 out of port 0
[09:11:32.036] [bmv2] [D] [thread 100958] [3.0] [cxt 0] Processing packet received on port 1
[09:11:32.036] [bmv2] [D] [thread 100958] [3.0] [cxt 0] Parser 'parser': start
[09:11:32.036] [bmv2] [D] [thread 100958] [3.0] [cxt 0] Parser 'parser' entering state 'start'
[09:11:32.036] [bmv2] [D] [thread 100958] [3.0] [cxt 0] Extracting header 'ethernet'
[09:11:32.036] [bmv2] [D] [thread 100958] [3.0] [cxt 0] Parser state 'start': key is 86dd
[09:11:32.036] [bmv2] [T] [thread 100958] [3.0] [cxt 0] Bytes parsed: 14
[09:11:32.036] [bmv2] [D] [thread 100958] [3.0] [cxt 0] Parser 'parser': end
[09:11:32.036] [bmv2] [D] [thread 100958] [3.0] [cxt 0] Pipeline 'ingress': start
[09:11:32.036] [bmv2] [T] [thread 100958] [3.0] [cxt 0] switch.p4(116) Condition "hdr.ipv4.isValid()" (node_2) is false
[09:11:32.036] [bmv2] [D] [thread 100958] [3.0] [cxt 0] Pipeline 'ingress': end
[09:11:32.036] [bmv2] [D] [thread 100958] [3.0] [cxt 0] Egress port is 0
[09:11:32.036] [bmv2] [D] [thread 100959] [3.0] [cxt 0] Pipeline 'egress': start
[09:11:32.036] [bmv2] [D] [thread 100959] [3.0] [cxt 0] Pipeline 'egress': end
[09:11:32.036] [bmv2] [D] [thread 100959] [3.0] [cxt 0] Deparser 'deparser': start
[09:11:32.036] [bmv2] [T] [thread 100959] [3.0] [cxt 0] Skipping checksum 'cksum' update because condition not met
[09:11:32.036] [bmv2] [D] [thread 100959] [3.0] [cxt 0] Deparsing header 'ethernet'
[09:11:32.036] [bmv2] [D] [thread 100959] [3.0] [cxt 0] Deparser 'deparser': end
[09:11:32.036] [bmv2] [D] [thread 100963] [3.0] [cxt 0] Transmitting packet of size 211 out of port 0
[09:11:32.072] [bmv2] [D] [thread 100958] [4.0] [cxt 0] Processing packet received on port 1
[09:11:32.072] [bmv2] [D] [thread 100958] [4.0] [cxt 0] Parser 'parser': start
[09:11:32.072] [bmv2] [D] [thread 100958] [4.0] [cxt 0] Parser 'parser' entering state 'start'
[09:11:32.072] [bmv2] [D] [thread 100958] [4.0] [cxt 0] Extracting header 'ethernet'
[09:11:32.072] [bmv2] [D] [thread 100958] [4.0] [cxt 0] Parser state 'start': key is 86dd
[09:11:32.072] [bmv2] [T] [thread 100958] [4.0] [cxt 0] Bytes parsed: 14
[09:11:32.072] [bmv2] [D] [thread 100958] [4.0] [cxt 0] Parser 'parser': end
[09:11:32.072] [bmv2] [D] [thread 100958] [4.0] [cxt 0] Pipeline 'ingress': start
[09:11:32.072] [bmv2] [T] [thread 100958] [4.0] [cxt 0] switch.p4(116) Condition "hdr.ipv4.isValid()" (node_2) is false
[09:11:32.072] [bmv2] [D] [thread 100958] [4.0] [cxt 0] Pipeline 'ingress': end
[09:11:32.072] [bmv2] [D] [thread 100958] [4.0] [cxt 0] Egress port is 0
[09:11:32.072] [bmv2] [D] [thread 100959] [4.0] [cxt 0] Pipeline 'egress': start
[09:11:32.072] [bmv2] [D] [thread 100959] [4.0] [cxt 0] Pipeline 'egress': end
[09:11:32.072] [bmv2] [D] [thread 100959] [4.0] [cxt 0] Deparser 'deparser': start
[09:11:32.072] [bmv2] [T] [thread 100959] [4.0] [cxt 0] Skipping checksum 'cksum' update because condition not met
[09:11:32.072] [bmv2] [D] [thread 100959] [4.0] [cxt 0] Deparsing header 'ethernet'
[09:11:32.072] [bmv2] [D] [thread 100959] [4.0] [cxt 0] Deparser 'deparser': end
[09:11:32.072] [bmv2] [D] [thread 100963] [4.0] [cxt 0] Transmitting packet of size 203 out of port 0
[09:11:32.085] [bmv2] [D] [thread 100958] [5.0] [cxt 0] Processing packet received on port 2
[09:11:32.085] [bmv2] [D] [thread 100958] [5.0] [cxt 0] Parser 'parser': start
[09:11:32.085] [bmv2] [D] [thread 100958] [5.0] [cxt 0] Parser 'parser' entering state 'start'
[09:11:32.085] [bmv2] [D] [thread 100958] [5.0] [cxt 0] Extracting header 'ethernet'
[09:11:32.085] [bmv2] [D] [thread 100958] [5.0] [cxt 0] Parser state 'start': key is 86dd
[09:11:32.085] [bmv2] [T] [thread 100958] [5.0] [cxt 0] Bytes parsed: 14
[09:11:32.085] [bmv2] [D] [thread 100958] [5.0] [cxt 0] Parser 'parser': end
[09:11:32.085] [bmv2] [D] [thread 100958] [5.0] [cxt 0] Pipeline 'ingress': start
[09:11:32.085] [bmv2] [T] [thread 100958] [5.0] [cxt 0] switch.p4(116) Condition "hdr.ipv4.isValid()" (node_2) is false
[09:11:32.085] [bmv2] [D] [thread 100958] [5.0] [cxt 0] Pipeline 'ingress': end
[09:11:32.085] [bmv2] [D] [thread 100958] [5.0] [cxt 0] Egress port is 0
[09:11:32.085] [bmv2] [D] [thread 100959] [5.0] [cxt 0] Pipeline 'egress': start
[09:11:32.085] [bmv2] [D] [thread 100959] [5.0] [cxt 0] Pipeline 'egress': end
[09:11:32.085] [bmv2] [D] [thread 100959] [5.0] [cxt 0] Deparser 'deparser': start
[09:11:32.085] [bmv2] [T] [thread 100959] [5.0] [cxt 0] Skipping checksum 'cksum' update because condition not met
[09:11:32.085] [bmv2] [D] [thread 100959] [5.0] [cxt 0] Deparsing header 'ethernet'
[09:11:32.085] [bmv2] [D] [thread 100959] [5.0] [cxt 0] Deparser 'deparser': end
[09:11:32.085] [bmv2] [D] [thread 100963] [5.0] [cxt 0] Transmitting packet of size 211 out of port 0
[09:11:32.091] [bmv2] [D] [thread 100958] [6.0] [cxt 0] Processing packet received on port 2
[09:11:32.091] [bmv2] [D] [thread 100958] [6.0] [cxt 0] Parser 'parser': start
[09:11:32.091] [bmv2] [D] [thread 100958] [6.0] [cxt 0] Parser 'parser' entering state 'start'
[09:11:32.091] [bmv2] [D] [thread 100958] [6.0] [cxt 0] Extracting header 'ethernet'
[09:11:32.091] [bmv2] [D] [thread 100958] [6.0] [cxt 0] Parser state 'start': key is 86dd
[09:11:32.091] [bmv2] [T] [thread 100958] [6.0] [cxt 0] Bytes parsed: 14
[09:11:32.091] [bmv2] [D] [thread 100958] [6.0] [cxt 0] Parser 'parser': end
[09:11:32.091] [bmv2] [D] [thread 100958] [6.0] [cxt 0] Pipeline 'ingress': start
[09:11:32.091] [bmv2] [T] [thread 100958] [6.0] [cxt 0] switch.p4(116) Condition "hdr.ipv4.isValid()" (node_2) is false
[09:11:32.091] [bmv2] [D] [thread 100958] [6.0] [cxt 0] Pipeline 'ingress': end
[09:11:32.091] [bmv2] [D] [thread 100958] [6.0] [cxt 0] Egress port is 0
[09:11:32.091] [bmv2] [D] [thread 100959] [6.0] [cxt 0] Pipeline 'egress': start
[09:11:32.091] [bmv2] [D] [thread 100959] [6.0] [cxt 0] Pipeline 'egress': end
[09:11:32.091] [bmv2] [D] [thread 100959] [6.0] [cxt 0] Deparser 'deparser': start
[09:11:32.091] [bmv2] [T] [thread 100959] [6.0] [cxt 0] Skipping checksum 'cksum' update because condition not met
[09:11:32.091] [bmv2] [D] [thread 100959] [6.0] [cxt 0] Deparsing header 'ethernet'
[09:11:32.091] [bmv2] [D] [thread 100959] [6.0] [cxt 0] Deparser 'deparser': end
[09:11:32.091] [bmv2] [D] [thread 100963] [6.0] [cxt 0] Transmitting packet of size 211 out of port 0
[09:11:32.172] [bmv2] [D] [thread 100958] [7.0] [cxt 0] Processing packet received on port 2
[09:11:32.172] [bmv2] [D] [thread 100958] [7.0] [cxt 0] Parser 'parser': start
[09:11:32.172] [bmv2] [D] [thread 100958] [7.0] [cxt 0] Parser 'parser' entering state 'start'
[09:11:32.172] [bmv2] [D] [thread 100958] [7.0] [cxt 0] Extracting header 'ethernet'
[09:11:32.172] [bmv2] [D] [thread 100958] [7.0] [cxt 0] Parser state 'start': key is 86dd
[09:11:32.172] [bmv2] [T] [thread 100958] [7.0] [cxt 0] Bytes parsed: 14
[09:11:32.172] [bmv2] [D] [thread 100958] [7.0] [cxt 0] Parser 'parser': end
[09:11:32.172] [bmv2] [D] [thread 100958] [7.0] [cxt 0] Pipeline 'ingress': start
[09:11:32.172] [bmv2] [T] [thread 100958] [7.0] [cxt 0] switch.p4(116) Condition "hdr.ipv4.isValid()" (node_2) is false
[09:11:32.172] [bmv2] [D] [thread 100958] [7.0] [cxt 0] Pipeline 'ingress': end
[09:11:32.172] [bmv2] [D] [thread 100958] [7.0] [cxt 0] Egress port is 0
[09:11:32.172] [bmv2] [D] [thread 100959] [7.0] [cxt 0] Pipeline 'egress': start
[09:11:32.172] [bmv2] [D] [thread 100959] [7.0] [cxt 0] Pipeline 'egress': end
[09:11:32.172] [bmv2] [D] [thread 100959] [7.0] [cxt 0] Deparser 'deparser': start
[09:11:32.172] [bmv2] [T] [thread 100959] [7.0] [cxt 0] Skipping checksum 'cksum' update because condition not met
[09:11:32.172] [bmv2] [D] [thread 100959] [7.0] [cxt 0] Deparsing header 'ethernet'
[09:11:32.172] [bmv2] [D] [thread 100959] [7.0] [cxt 0] Deparser 'deparser': end
[09:11:32.172] [bmv2] [D] [thread 100963] [7.0] [cxt 0] Transmitting packet of size 110 out of port 0
[09:11:32.224] [bmv2] [D] [thread 100958] [8.0] [cxt 0] Processing packet received on port 1
[09:11:32.224] [bmv2] [D] [thread 100958] [8.0] [cxt 0] Parser 'parser': start
[09:11:32.224] [bmv2] [D] [thread 100958] [8.0] [cxt 0] Parser 'parser' entering state 'start'
[09:11:32.224] [bmv2] [D] [thread 100958] [8.0] [cxt 0] Extracting header 'ethernet'
[09:11:32.224] [bmv2] [D] [thread 100958] [8.0] [cxt 0] Parser state 'start': key is 86dd
[09:11:32.224] [bmv2] [T] [thread 100958] [8.0] [cxt 0] Bytes parsed: 14
[09:11:32.224] [bmv2] [D] [thread 100958] [8.0] [cxt 0] Parser 'parser': end
[09:11:32.224] [bmv2] [D] [thread 100958] [8.0] [cxt 0] Pipeline 'ingress': start
[09:11:32.224] [bmv2] [T] [thread 100958] [8.0] [cxt 0] switch.p4(116) Condition "hdr.ipv4.isValid()" (node_2) is false
[09:11:32.224] [bmv2] [D] [thread 100958] [8.0] [cxt 0] Pipeline 'ingress': end
[09:11:32.224] [bmv2] [D] [thread 100958] [8.0] [cxt 0] Egress port is 0
[09:11:32.225] [bmv2] [D] [thread 100959] [8.0] [cxt 0] Pipeline 'egress': start
[09:11:32.225] [bmv2] [D] [thread 100959] [8.0] [cxt 0] Pipeline 'egress': end
[09:11:32.225] [bmv2] [D] [thread 100959] [8.0] [cxt 0] Deparser 'deparser': start
[09:11:32.225] [bmv2] [T] [thread 100959] [8.0] [cxt 0] Skipping checksum 'cksum' update because condition not met
[09:11:32.225] [bmv2] [D] [thread 100959] [8.0] [cxt 0] Deparsing header 'ethernet'
[09:11:32.225] [bmv2] [D] [thread 100959] [8.0] [cxt 0] Deparser 'deparser': end
[09:11:32.225] [bmv2] [D] [thread 100963] [8.0] [cxt 0] Transmitting packet of size 110 out of port 0
[09:11:32.290] [bmv2] [D] [thread 100958] [9.0] [cxt 0] Processing packet received on port 1
[09:11:32.290] [bmv2] [D] [thread 100958] [9.0] [cxt 0] Parser 'parser': start
[09:11:32.290] [bmv2] [D] [thread 100958] [9.0] [cxt 0] Parser 'parser' entering state 'start'
[09:11:32.290] [bmv2] [D] [thread 100958] [9.0] [cxt 0] Extracting header 'ethernet'
[09:11:32.290] [bmv2] [D] [thread 100958] [9.0] [cxt 0] Parser state 'start': key is 86dd
[09:11:32.290] [bmv2] [T] [thread 100958] [9.0] [cxt 0] Bytes parsed: 14
[09:11:32.290] [bmv2] [D] [thread 100958] [9.0] [cxt 0] Parser 'parser': end
[09:11:32.290] [bmv2] [D] [thread 100958] [9.0] [cxt 0] Pipeline 'ingress': start
[09:11:32.290] [bmv2] [T] [thread 100958] [9.0] [cxt 0] switch.p4(116) Condition "hdr.ipv4.isValid()" (node_2) is false
[09:11:32.290] [bmv2] [D] [thread 100958] [9.0] [cxt 0] Pipeline 'ingress': end
[09:11:32.290] [bmv2] [D] [thread 100958] [9.0] [cxt 0] Egress port is 0
[09:11:32.290] [bmv2] [D] [thread 100959] [9.0] [cxt 0] Pipeline 'egress': start
[09:11:32.290] [bmv2] [D] [thread 100959] [9.0] [cxt 0] Pipeline 'egress': end
[09:11:32.290] [bmv2] [D] [thread 100959] [9.0] [cxt 0] Deparser 'deparser': start
[09:11:32.290] [bmv2] [T] [thread 100959] [9.0] [cxt 0] Skipping checksum 'cksum' update because condition not met
[09:11:32.290] [bmv2] [D] [thread 100959] [9.0] [cxt 0] Deparsing header 'ethernet'
[09:11:32.290] [bmv2] [D] [thread 100959] [9.0] [cxt 0] Deparser 'deparser': end
[09:11:32.290] [bmv2] [D] [thread 100963] [9.0] [cxt 0] Transmitting packet of size 211 out of port 0
[09:11:32.290] [bmv2] [D] [thread 100958] [10.0] [cxt 0] Processing packet received on port 2
[09:11:32.290] [bmv2] [D] [thread 100958] [10.0] [cxt 0] Parser 'parser': start
[09:11:32.290] [bmv2] [D] [thread 100958] [10.0] [cxt 0] Parser 'parser' entering state 'start'
[09:11:32.290] [bmv2] [D] [thread 100958] [10.0] [cxt 0] Extracting header 'ethernet'
[09:11:32.290] [bmv2] [D] [thread 100958] [10.0] [cxt 0] Parser state 'start': key is 86dd
[09:11:32.290] [bmv2] [T] [thread 100958] [10.0] [cxt 0] Bytes parsed: 14
[09:11:32.290] [bmv2] [D] [thread 100958] [10.0] [cxt 0] Parser 'parser': end
[09:11:32.290] [bmv2] [D] [thread 100958] [10.0] [cxt 0] Pipeline 'ingress': start
[09:11:32.290] [bmv2] [T] [thread 100958] [10.0] [cxt 0] switch.p4(116) Condition "hdr.ipv4.isValid()" (node_2) is false
[09:11:32.290] [bmv2] [D] [thread 100958] [10.0] [cxt 0] Pipeline 'ingress': end
[09:11:32.290] [bmv2] [D] [thread 100958] [10.0] [cxt 0] Egress port is 0
[09:11:32.290] [bmv2] [D] [thread 100959] [10.0] [cxt 0] Pipeline 'egress': start
[09:11:32.290] [bmv2] [D] [thread 100959] [10.0] [cxt 0] Pipeline 'egress': end
[09:11:32.290] [bmv2] [D] [thread 100959] [10.0] [cxt 0] Deparser 'deparser': start
[09:11:32.290] [bmv2] [T] [thread 100959] [10.0] [cxt 0] Skipping checksum 'cksum' update because condition not met
[09:11:32.290] [bmv2] [D] [thread 100959] [10.0] [cxt 0] Deparsing header 'ethernet'
[09:11:32.290] [bmv2] [D] [thread 100959] [10.0] [cxt 0] Deparser 'deparser': end
[09:11:32.290] [bmv2] [D] [thread 100963] [10.0] [cxt 0] Transmitting packet of size 199 out of port 0
[09:11:32.331] [bmv2] [D] [thread 100958] [11.0] [cxt 0] Processing packet received on port 2
[09:11:32.331] [bmv2] [D] [thread 100958] [11.0] [cxt 0] Parser 'parser': start
[09:11:32.331] [bmv2] [D] [thread 100958] [11.0] [cxt 0] Parser 'parser' entering state 'start'
[09:11:32.331] [bmv2] [D] [thread 100958] [11.0] [cxt 0] Extracting header 'ethernet'
[09:11:32.332] [bmv2] [D] [thread 100958] [11.0] [cxt 0] Parser state 'start': key is 86dd
[09:11:32.332] [bmv2] [T] [thread 100958] [11.0] [cxt 0] Bytes parsed: 14
[09:11:32.332] [bmv2] [D] [thread 100958] [11.0] [cxt 0] Parser 'parser': end
[09:11:32.332] [bmv2] [D] [thread 100958] [11.0] [cxt 0] Pipeline 'ingress': start
[09:11:32.332] [bmv2] [T] [thread 100958] [11.0] [cxt 0] switch.p4(116) Condition "hdr.ipv4.isValid()" (node_2) is false
[09:11:32.332] [bmv2] [D] [thread 100958] [11.0] [cxt 0] Pipeline 'ingress': end
[09:11:32.332] [bmv2] [D] [thread 100958] [11.0] [cxt 0] Egress port is 0
[09:11:32.332] [bmv2] [D] [thread 100959] [11.0] [cxt 0] Pipeline 'egress': start
[09:11:32.332] [bmv2] [D] [thread 100959] [11.0] [cxt 0] Pipeline 'egress': end
[09:11:32.332] [bmv2] [D] [thread 100959] [11.0] [cxt 0] Deparser 'deparser': start
[09:11:32.333] [bmv2] [T] [thread 100959] [11.0] [cxt 0] Skipping checksum 'cksum' update because condition not met
[09:11:32.333] [bmv2] [D] [thread 100959] [11.0] [cxt 0] Deparsing header 'ethernet'
[09:11:32.333] [bmv2] [D] [thread 100959] [11.0] [cxt 0] Deparser 'deparser': end
[09:11:32.333] [bmv2] [D] [thread 100963] [11.0] [cxt 0] Transmitting packet of size 211 out of port 0
[09:11:32.477] [bmv2] [D] [thread 100958] [12.0] [cxt 0] Processing packet received on port 2
[09:11:32.477] [bmv2] [D] [thread 100958] [12.0] [cxt 0] Parser 'parser': start
[09:11:32.477] [bmv2] [D] [thread 100958] [12.0] [cxt 0] Parser 'parser' entering state 'start'
[09:11:32.477] [bmv2] [D] [thread 100958] [12.0] [cxt 0] Extracting header 'ethernet'
[09:11:32.477] [bmv2] [D] [thread 100958] [12.0] [cxt 0] Parser state 'start': key is 86dd
[09:11:32.477] [bmv2] [T] [thread 100958] [12.0] [cxt 0] Bytes parsed: 14
[09:11:32.477] [bmv2] [D] [thread 100958] [12.0] [cxt 0] Parser 'parser': end
[09:11:32.477] [bmv2] [D] [thread 100958] [12.0] [cxt 0] Pipeline 'ingress': start
[09:11:32.477] [bmv2] [T] [thread 100958] [12.0] [cxt 0] switch.p4(116) Condition "hdr.ipv4.isValid()" (node_2) is false
[09:11:32.477] [bmv2] [D] [thread 100958] [12.0] [cxt 0] Pipeline 'ingress': end
[09:11:32.477] [bmv2] [D] [thread 100958] [12.0] [cxt 0] Egress port is 0
[09:11:32.477] [bmv2] [D] [thread 100959] [12.0] [cxt 0] Pipeline 'egress': start
[09:11:32.477] [bmv2] [D] [thread 100959] [12.0] [cxt 0] Pipeline 'egress': end
[09:11:32.477] [bmv2] [D] [thread 100959] [12.0] [cxt 0] Deparser 'deparser': start
[09:11:32.477] [bmv2] [T] [thread 100959] [12.0] [cxt 0] Skipping checksum 'cksum' update because condition not met
[09:11:32.477] [bmv2] [D] [thread 100959] [12.0] [cxt 0] Deparsing header 'ethernet'
[09:11:32.477] [bmv2] [D] [thread 100959] [12.0] [cxt 0] Deparser 'deparser': end
[09:11:32.477] [bmv2] [D] [thread 100963] [12.0] [cxt 0] Transmitting packet of size 110 out of port 0
[09:11:32.543] [bmv2] [D] [thread 100958] [13.0] [cxt 0] Processing packet received on port 1
[09:11:32.543] [bmv2] [D] [thread 100958] [13.0] [cxt 0] Parser 'parser': start
[09:11:32.543] [bmv2] [D] [thread 100958] [13.0] [cxt 0] Parser 'parser' entering state 'start'
[09:11:32.543] [bmv2] [D] [thread 100958] [13.0] [cxt 0] Extracting header 'ethernet'
[09:11:32.543] [bmv2] [D] [thread 100958] [13.0] [cxt 0] Parser state 'start': key is 86dd
[09:11:32.543] [bmv2] [T] [thread 100958] [13.0] [cxt 0] Bytes parsed: 14
[09:11:32.543] [bmv2] [D] [thread 100958] [13.0] [cxt 0] Parser 'parser': end
[09:11:32.543] [bmv2] [D] [thread 100958] [13.0] [cxt 0] Pipeline 'ingress': start
[09:11:32.543] [bmv2] [T] [thread 100958] [13.0] [cxt 0] switch.p4(116) Condition "hdr.ipv4.isValid()" (node_2) is false
[09:11:32.543] [bmv2] [D] [thread 100958] [13.0] [cxt 0] Pipeline 'ingress': end
[09:11:32.543] [bmv2] [D] [thread 100958] [13.0] [cxt 0] Egress port is 0
[09:11:32.543] [bmv2] [D] [thread 100958] [14.0] [cxt 0] Processing packet received on port 2
[09:11:32.543] [bmv2] [D] [thread 100958] [14.0] [cxt 0] Parser 'parser': start
[09:11:32.543] [bmv2] [D] [thread 100958] [14.0] [cxt 0] Parser 'parser' entering state 'start'
[09:11:32.543] [bmv2] [D] [thread 100958] [14.0] [cxt 0] Extracting header 'ethernet'
[09:11:32.543] [bmv2] [D] [thread 100958] [14.0] [cxt 0] Parser state 'start': key is 86dd
[09:11:32.543] [bmv2] [T] [thread 100958] [14.0] [cxt 0] Bytes parsed: 14
[09:11:32.543] [bmv2] [D] [thread 100958] [14.0] [cxt 0] Parser 'parser': end
[09:11:32.543] [bmv2] [D] [thread 100958] [14.0] [cxt 0] Pipeline 'ingress': start
[09:11:32.543] [bmv2] [T] [thread 100958] [14.0] [cxt 0] switch.p4(116) Condition "hdr.ipv4.isValid()" (node_2) is false
[09:11:32.543] [bmv2] [D] [thread 100958] [14.0] [cxt 0] Pipeline 'ingress': end
[09:11:32.543] [bmv2] [D] [thread 100958] [14.0] [cxt 0] Egress port is 0
[09:11:32.543] [bmv2] [D] [thread 100958] [15.0] [cxt 0] Processing packet received on port 1
[09:11:32.543] [bmv2] [D] [thread 100958] [15.0] [cxt 0] Parser 'parser': start
[09:11:32.543] [bmv2] [D] [thread 100958] [15.0] [cxt 0] Parser 'parser' entering state 'start'
[09:11:32.543] [bmv2] [D] [thread 100958] [15.0] [cxt 0] Extracting header 'ethernet'
[09:11:32.543] [bmv2] [D] [thread 100958] [15.0] [cxt 0] Parser state 'start': key is 86dd
[09:11:32.543] [bmv2] [T] [thread 100958] [15.0] [cxt 0] Bytes parsed: 14
[09:11:32.543] [bmv2] [D] [thread 100958] [15.0] [cxt 0] Parser 'parser': end
[09:11:32.543] [bmv2] [D] [thread 100958] [15.0] [cxt 0] Pipeline 'ingress': start
[09:11:32.543] [bmv2] [T] [thread 100958] [15.0] [cxt 0] switch.p4(116) Condition "hdr.ipv4.isValid()" (node_2) is false
[09:11:32.543] [bmv2] [D] [thread 100958] [15.0] [cxt 0] Pipeline 'ingress': end
[09:11:32.543] [bmv2] [D] [thread 100958] [15.0] [cxt 0] Egress port is 0
[09:11:32.543] [bmv2] [D] [thread 100959] [13.0] [cxt 0] Pipeline 'egress': start
[09:11:32.543] [bmv2] [D] [thread 100959] [13.0] [cxt 0] Pipeline 'egress': end
[09:11:32.543] [bmv2] [D] [thread 100959] [13.0] [cxt 0] Deparser 'deparser': start
[09:11:32.543] [bmv2] [T] [thread 100959] [13.0] [cxt 0] Skipping checksum 'cksum' update because condition not met
[09:11:32.543] [bmv2] [D] [thread 100959] [13.0] [cxt 0] Deparsing header 'ethernet'
[09:11:32.543] [bmv2] [D] [thread 100959] [13.0] [cxt 0] Deparser 'deparser': end
[09:11:32.543] [bmv2] [D] [thread 100959] [14.0] [cxt 0] Pipeline 'egress': start
[09:11:32.543] [bmv2] [D] [thread 100959] [14.0] [cxt 0] Pipeline 'egress': end
[09:11:32.543] [bmv2] [D] [thread 100959] [14.0] [cxt 0] Deparser 'deparser': start
[09:11:32.543] [bmv2] [T] [thread 100959] [14.0] [cxt 0] Skipping checksum 'cksum' update because condition not met
[09:11:32.543] [bmv2] [D] [thread 100959] [14.0] [cxt 0] Deparsing header 'ethernet'
[09:11:32.543] [bmv2] [D] [thread 100959] [14.0] [cxt 0] Deparser 'deparser': end
[09:11:32.543] [bmv2] [D] [thread 100959] [15.0] [cxt 0] Pipeline 'egress': start
[09:11:32.543] [bmv2] [D] [thread 100959] [15.0] [cxt 0] Pipeline 'egress': end
[09:11:32.543] [bmv2] [D] [thread 100959] [15.0] [cxt 0] Deparser 'deparser': start
[09:11:32.543] [bmv2] [T] [thread 100959] [15.0] [cxt 0] Skipping checksum 'cksum' update because condition not met
[09:11:32.543] [bmv2] [D] [thread 100959] [15.0] [cxt 0] Deparsing header 'ethernet'
[09:11:32.543] [bmv2] [D] [thread 100959] [15.0] [cxt 0] Deparser 'deparser': end
[09:11:32.543] [bmv2] [D] [thread 100963] [13.0] [cxt 0] Transmitting packet of size 90 out of port 0
[09:11:32.548] [bmv2] [D] [thread 100963] [14.0] [cxt 0] Transmitting packet of size 199 out of port 0
[09:11:32.548] [bmv2] [D] [thread 100963] [15.0] [cxt 0] Transmitting packet of size 211 out of port 0
[09:11:32.640] [bmv2] [D] [thread 100958] [16.0] [cxt 0] Processing packet received on port 2
[09:11:32.643] [bmv2] [D] [thread 100958] [16.0] [cxt 0] Parser 'parser': start
[09:11:32.643] [bmv2] [D] [thread 100958] [16.0] [cxt 0] Parser 'parser' entering state 'start'
[09:11:32.644] [bmv2] [D] [thread 100958] [16.0] [cxt 0] Extracting header 'ethernet'
[09:11:32.646] [bmv2] [D] [thread 100958] [16.0] [cxt 0] Parser state 'start': key is 86dd
[09:11:32.648] [bmv2] [T] [thread 100958] [16.0] [cxt 0] Bytes parsed: 14
[09:11:32.648] [bmv2] [D] [thread 100958] [16.0] [cxt 0] Parser 'parser': end
[09:11:32.648] [bmv2] [D] [thread 100958] [16.0] [cxt 0] Pipeline 'ingress': start
[09:11:32.648] [bmv2] [T] [thread 100958] [16.0] [cxt 0] switch.p4(116) Condition "hdr.ipv4.isValid()" (node_2) is false
[09:11:32.648] [bmv2] [D] [thread 100958] [16.0] [cxt 0] Pipeline 'ingress': end
[09:11:32.648] [bmv2] [D] [thread 100958] [16.0] [cxt 0] Egress port is 0
[09:11:32.651] [bmv2] [D] [thread 100959] [16.0] [cxt 0] Pipeline 'egress': start
[09:11:32.651] [bmv2] [D] [thread 100959] [16.0] [cxt 0] Pipeline 'egress': end
[09:11:32.651] [bmv2] [D] [thread 100959] [16.0] [cxt 0] Deparser 'deparser': start
[09:11:32.651] [bmv2] [T] [thread 100959] [16.0] [cxt 0] Skipping checksum 'cksum' update because condition not met
[09:11:32.652] [bmv2] [D] [thread 100959] [16.0] [cxt 0] Deparsing header 'ethernet'
[09:11:32.653] [bmv2] [D] [thread 100959] [16.0] [cxt 0] Deparser 'deparser': end
[09:11:32.653] [bmv2] [D] [thread 100963] [16.0] [cxt 0] Transmitting packet of size 203 out of port 0
[09:11:32.749] [bmv2] [D] [thread 100958] [17.0] [cxt 0] Processing packet received on port 1
[09:11:32.749] [bmv2] [D] [thread 100958] [17.0] [cxt 0] Parser 'parser': start
[09:11:32.749] [bmv2] [D] [thread 100958] [17.0] [cxt 0] Parser 'parser' entering state 'start'
[09:11:32.749] [bmv2] [D] [thread 100958] [17.0] [cxt 0] Extracting header 'ethernet'
[09:11:32.749] [bmv2] [D] [thread 100958] [17.0] [cxt 0] Parser state 'start': key is 86dd
[09:11:32.749] [bmv2] [T] [thread 100958] [17.0] [cxt 0] Bytes parsed: 14
[09:11:32.749] [bmv2] [D] [thread 100958] [17.0] [cxt 0] Parser 'parser': end
[09:11:32.749] [bmv2] [D] [thread 100958] [17.0] [cxt 0] Pipeline 'ingress': start
[09:11:32.749] [bmv2] [T] [thread 100958] [17.0] [cxt 0] switch.p4(116) Condition "hdr.ipv4.isValid()" (node_2) is false
[09:11:32.749] [bmv2] [D] [thread 100958] [17.0] [cxt 0] Pipeline 'ingress': end
[09:11:32.749] [bmv2] [D] [thread 100958] [17.0] [cxt 0] Egress port is 0
[09:11:32.749] [bmv2] [D] [thread 100959] [17.0] [cxt 0] Pipeline 'egress': start
[09:11:32.749] [bmv2] [D] [thread 100959] [17.0] [cxt 0] Pipeline 'egress': end
[09:11:32.749] [bmv2] [D] [thread 100959] [17.0] [cxt 0] Deparser 'deparser': start
[09:11:32.749] [bmv2] [T] [thread 100959] [17.0] [cxt 0] Skipping checksum 'cksum' update because condition not met
[09:11:32.755] [bmv2] [D] [thread 100959] [17.0] [cxt 0] Deparsing header 'ethernet'
[09:11:32.755] [bmv2] [D] [thread 100959] [17.0] [cxt 0] Deparser 'deparser': end
[09:11:32.755] [bmv2] [D] [thread 100963] [17.0] [cxt 0] Transmitting packet of size 199 out of port 0
[09:11:32.877] [bmv2] [D] [thread 100958] [18.0] [cxt 0] Processing packet received on port 2
[09:11:32.877] [bmv2] [D] [thread 100958] [18.0] [cxt 0] Parser 'parser': start
[09:11:32.877] [bmv2] [D] [thread 100958] [18.0] [cxt 0] Parser 'parser' entering state 'start'
[09:11:32.877] [bmv2] [D] [thread 100958] [18.0] [cxt 0] Extracting header 'ethernet'
[09:11:32.877] [bmv2] [D] [thread 100958] [18.0] [cxt 0] Parser state 'start': key is 86dd
[09:11:32.877] [bmv2] [T] [thread 100958] [18.0] [cxt 0] Bytes parsed: 14
[09:11:32.877] [bmv2] [D] [thread 100958] [18.0] [cxt 0] Parser 'parser': end
[09:11:32.877] [bmv2] [D] [thread 100958] [18.0] [cxt 0] Pipeline 'ingress': start
[09:11:32.877] [bmv2] [T] [thread 100958] [18.0] [cxt 0] switch.p4(116) Condition "hdr.ipv4.isValid()" (node_2) is false
[09:11:32.877] [bmv2] [D] [thread 100958] [18.0] [cxt 0] Pipeline 'ingress': end
[09:11:32.877] [bmv2] [D] [thread 100958] [18.0] [cxt 0] Egress port is 0
[09:11:32.877] [bmv2] [D] [thread 100959] [18.0] [cxt 0] Pipeline 'egress': start
[09:11:32.877] [bmv2] [D] [thread 100959] [18.0] [cxt 0] Pipeline 'egress': end
[09:11:32.877] [bmv2] [D] [thread 100959] [18.0] [cxt 0] Deparser 'deparser': start
[09:11:32.877] [bmv2] [T] [thread 100959] [18.0] [cxt 0] Skipping checksum 'cksum' update because condition not met
[09:11:32.877] [bmv2] [D] [thread 100959] [18.0] [cxt 0] Deparsing header 'ethernet'
[09:11:32.877] [bmv2] [D] [thread 100959] [18.0] [cxt 0] Deparser 'deparser': end
[09:11:32.877] [bmv2] [D] [thread 100963] [18.0] [cxt 0] Transmitting packet of size 203 out of port 0
[09:11:33.082] [bmv2] [D] [thread 100958] [19.0] [cxt 0] Processing packet received on port 1
[09:11:33.082] [bmv2] [D] [thread 100958] [19.0] [cxt 0] Parser 'parser': start
[09:11:33.082] [bmv2] [D] [thread 100958] [19.0] [cxt 0] Parser 'parser' entering state 'start'
[09:11:33.082] [bmv2] [D] [thread 100958] [19.0] [cxt 0] Extracting header 'ethernet'
[09:11:33.082] [bmv2] [D] [thread 100958] [19.0] [cxt 0] Parser state 'start': key is 86dd
[09:11:33.082] [bmv2] [T] [thread 100958] [19.0] [cxt 0] Bytes parsed: 14
[09:11:33.082] [bmv2] [D] [thread 100958] [19.0] [cxt 0] Parser 'parser': end
[09:11:33.082] [bmv2] [D] [thread 100958] [19.0] [cxt 0] Pipeline 'ingress': start
[09:11:33.082] [bmv2] [T] [thread 100958] [19.0] [cxt 0] switch.p4(116) Condition "hdr.ipv4.isValid()" (node_2) is false
[09:11:33.082] [bmv2] [D] [thread 100958] [19.0] [cxt 0] Pipeline 'ingress': end
[09:11:33.082] [bmv2] [D] [thread 100958] [19.0] [cxt 0] Egress port is 0
[09:11:33.082] [bmv2] [D] [thread 100959] [19.0] [cxt 0] Pipeline 'egress': start
[09:11:33.082] [bmv2] [D] [thread 100959] [19.0] [cxt 0] Pipeline 'egress': end
[09:11:33.082] [bmv2] [D] [thread 100959] [19.0] [cxt 0] Deparser 'deparser': start
[09:11:33.082] [bmv2] [T] [thread 100959] [19.0] [cxt 0] Skipping checksum 'cksum' update because condition not met
[09:11:33.082] [bmv2] [D] [thread 100959] [19.0] [cxt 0] Deparsing header 'ethernet'
[09:11:33.082] [bmv2] [D] [thread 100959] [19.0] [cxt 0] Deparser 'deparser': end
[09:11:33.082] [bmv2] [D] [thread 100963] [19.0] [cxt 0] Transmitting packet of size 203 out of port 0
[09:11:33.358] [bmv2] [D] [thread 100958] [20.0] [cxt 0] Processing packet received on port 2
[09:11:33.358] [bmv2] [D] [thread 100958] [20.0] [cxt 0] Parser 'parser': start
[09:11:33.358] [bmv2] [D] [thread 100958] [20.0] [cxt 0] Parser 'parser' entering state 'start'
[09:11:33.358] [bmv2] [D] [thread 100958] [20.0] [cxt 0] Extracting header 'ethernet'
[09:11:33.358] [bmv2] [D] [thread 100958] [20.0] [cxt 0] Parser state 'start': key is 86dd
[09:11:33.358] [bmv2] [T] [thread 100958] [20.0] [cxt 0] Bytes parsed: 14
[09:11:33.358] [bmv2] [D] [thread 100958] [20.0] [cxt 0] Parser 'parser': end
[09:11:33.358] [bmv2] [D] [thread 100958] [20.0] [cxt 0] Pipeline 'ingress': start
[09:11:33.358] [bmv2] [T] [thread 100958] [20.0] [cxt 0] switch.p4(116) Condition "hdr.ipv4.isValid()" (node_2) is false
[09:11:33.358] [bmv2] [D] [thread 100958] [20.0] [cxt 0] Pipeline 'ingress': end
[09:11:33.358] [bmv2] [D] [thread 100958] [20.0] [cxt 0] Egress port is 0
[09:11:33.358] [bmv2] [D] [thread 100959] [20.0] [cxt 0] Pipeline 'egress': start
[09:11:33.358] [bmv2] [D] [thread 100959] [20.0] [cxt 0] Pipeline 'egress': end
[09:11:33.358] [bmv2] [D] [thread 100959] [20.0] [cxt 0] Deparser 'deparser': start
[09:11:33.358] [bmv2] [T] [thread 100959] [20.0] [cxt 0] Skipping checksum 'cksum' update because condition not met
[09:11:33.358] [bmv2] [D] [thread 100959] [20.0] [cxt 0] Deparsing header 'ethernet'
[09:11:33.358] [bmv2] [D] [thread 100959] [20.0] [cxt 0] Deparser 'deparser': end
[09:11:33.358] [bmv2] [D] [thread 100963] [20.0] [cxt 0] Transmitting packet of size 199 out of port 0
[09:11:33.543] [bmv2] [D] [thread 100958] [21.0] [cxt 0] Processing packet received on port 2
[09:11:33.543] [bmv2] [D] [thread 100958] [21.0] [cxt 0] Parser 'parser': start
[09:11:33.543] [bmv2] [D] [thread 100958] [21.0] [cxt 0] Parser 'parser' entering state 'start'
[09:11:33.543] [bmv2] [D] [thread 100958] [21.0] [cxt 0] Extracting header 'ethernet'
[09:11:33.543] [bmv2] [D] [thread 100958] [21.0] [cxt 0] Parser state 'start': key is 86dd
[09:11:33.543] [bmv2] [T] [thread 100958] [21.0] [cxt 0] Bytes parsed: 14
[09:11:33.543] [bmv2] [D] [thread 100958] [21.0] [cxt 0] Parser 'parser': end
[09:11:33.543] [bmv2] [D] [thread 100958] [21.0] [cxt 0] Pipeline 'ingress': start
[09:11:33.543] [bmv2] [T] [thread 100958] [21.0] [cxt 0] switch.p4(116) Condition "hdr.ipv4.isValid()" (node_2) is false
[09:11:33.543] [bmv2] [D] [thread 100958] [21.0] [cxt 0] Pipeline 'ingress': end
[09:11:33.543] [bmv2] [D] [thread 100958] [21.0] [cxt 0] Egress port is 0
[09:11:33.543] [bmv2] [D] [thread 100959] [21.0] [cxt 0] Pipeline 'egress': start
[09:11:33.543] [bmv2] [D] [thread 100959] [21.0] [cxt 0] Pipeline 'egress': end
[09:11:33.543] [bmv2] [D] [thread 100959] [21.0] [cxt 0] Deparser 'deparser': start
[09:11:33.543] [bmv2] [T] [thread 100959] [21.0] [cxt 0] Skipping checksum 'cksum' update because condition not met
[09:11:33.543] [bmv2] [D] [thread 100959] [21.0] [cxt 0] Deparsing header 'ethernet'
[09:11:33.543] [bmv2] [D] [thread 100959] [21.0] [cxt 0] Deparser 'deparser': end
[09:11:33.543] [bmv2] [D] [thread 100963] [21.0] [cxt 0] Transmitting packet of size 199 out of port 0
[09:11:33.696] [bmv2] [W] [thread 100989] [P4Runtime] p4::tmp::P4DeviceConfig is deprecated
[09:11:33.701] [bmv2] [D] [thread 100989] Set default default entry for table 'MyIngress.ipv4_lpm': MyIngress.drop - 
[09:11:33.701] [bmv2] [D] [thread 100989] simple_switch target has been notified of a config swap
[09:11:33.706] [bmv2] [D] [thread 100989] Set default entry for table 'MyIngress.ipv4_lpm': MyIngress.drop - 
[09:11:33.708] [bmv2] [D] [thread 100991] Entry 0 added to table 'MyIngress.ipv4_lpm'
[09:11:33.709] [bmv2] [D] [thread 100991] Dumping entry 0
Match key:
* hdr.ipv4.dstAddr    : LPM       0a000101/32
Action entry: MyIngress.ipv4_forward - 80000000200,2,

[09:11:33.710] [bmv2] [D] [thread 100989] Entry 1 added to table 'MyIngress.ipv4_lpm'
[09:11:33.710] [bmv2] [D] [thread 100989] Dumping entry 1
Match key:
* hdr.ipv4.dstAddr    : LPM       0a000202/32
Action entry: MyIngress.ipv4_forward - 80000000222,1,

[09:11:33.761] [bmv2] [D] [thread 100958] [22.0] [cxt 0] Processing packet received on port 1
[09:11:33.761] [bmv2] [D] [thread 100958] [22.0] [cxt 0] Parser 'parser': start
[09:11:33.761] [bmv2] [D] [thread 100958] [22.0] [cxt 0] Parser 'parser' entering state 'start'
[09:11:33.761] [bmv2] [D] [thread 100958] [22.0] [cxt 0] Extracting header 'ethernet'
[09:11:33.761] [bmv2] [D] [thread 100958] [22.0] [cxt 0] Parser state 'start': key is 86dd
[09:11:33.761] [bmv2] [T] [thread 100958] [22.0] [cxt 0] Bytes parsed: 14
[09:11:33.761] [bmv2] [D] [thread 100958] [22.0] [cxt 0] Parser 'parser': end
[09:11:33.761] [bmv2] [D] [thread 100958] [22.0] [cxt 0] Pipeline 'ingress': start
[09:11:33.761] [bmv2] [T] [thread 100958] [22.0] [cxt 0] switch.p4(116) Condition "hdr.ipv4.isValid()" (node_2) is false
[09:11:33.761] [bmv2] [D] [thread 100958] [22.0] [cxt 0] Pipeline 'ingress': end
[09:11:33.761] [bmv2] [D] [thread 100958] [22.0] [cxt 0] Egress port is 0
[09:11:33.761] [bmv2] [D] [thread 100959] [22.0] [cxt 0] Pipeline 'egress': start
[09:11:33.761] [bmv2] [D] [thread 100959] [22.0] [cxt 0] Pipeline 'egress': end
[09:11:33.761] [bmv2] [D] [thread 100959] [22.0] [cxt 0] Deparser 'deparser': start
[09:11:33.762] [bmv2] [T] [thread 100959] [22.0] [cxt 0] Skipping checksum 'cksum' update because condition not met
[09:11:33.762] [bmv2] [D] [thread 100959] [22.0] [cxt 0] Deparsing header 'ethernet'
[09:11:33.762] [bmv2] [D] [thread 100959] [22.0] [cxt 0] Deparser 'deparser': end
[09:11:33.762] [bmv2] [D] [thread 100963] [22.0] [cxt 0] Transmitting packet of size 199 out of port 0
[09:11:34.647] [bmv2] [D] [thread 100958] [23.0] [cxt 0] Processing packet received on port 2
[09:11:34.647] [bmv2] [D] [thread 100958] [23.0] [cxt 0] Parser 'parser': start
[09:11:34.647] [bmv2] [D] [thread 100958] [23.0] [cxt 0] Parser 'parser' entering state 'start'
[09:11:34.647] [bmv2] [D] [thread 100958] [23.0] [cxt 0] Extracting header 'ethernet'
[09:11:34.647] [bmv2] [D] [thread 100958] [23.0] [cxt 0] Parser state 'start': key is 86dd
[09:11:34.647] [bmv2] [T] [thread 100958] [23.0] [cxt 0] Bytes parsed: 14
[09:11:34.647] [bmv2] [D] [thread 100958] [23.0] [cxt 0] Parser 'parser': end
[09:11:34.647] [bmv2] [D] [thread 100958] [23.0] [cxt 0] Pipeline 'ingress': start
[09:11:34.647] [bmv2] [T] [thread 100958] [23.0] [cxt 0] switch.p4(116) Condition "hdr.ipv4.isValid()" (node_2) is false
[09:11:34.647] [bmv2] [D] [thread 100958] [23.0] [cxt 0] Pipeline 'ingress': end
[09:11:34.647] [bmv2] [D] [thread 100958] [23.0] [cxt 0] Egress port is 0
[09:11:34.647] [bmv2] [D] [thread 100959] [23.0] [cxt 0] Pipeline 'egress': start
[09:11:34.647] [bmv2] [D] [thread 100959] [23.0] [cxt 0] Pipeline 'egress': end
[09:11:34.647] [bmv2] [D] [thread 100959] [23.0] [cxt 0] Deparser 'deparser': start
[09:11:34.647] [bmv2] [T] [thread 100959] [23.0] [cxt 0] Skipping checksum 'cksum' update because condition not met
[09:11:34.647] [bmv2] [D] [thread 100959] [23.0] [cxt 0] Deparsing header 'ethernet'
[09:11:34.647] [bmv2] [D] [thread 100959] [23.0] [cxt 0] Deparser 'deparser': end
[09:11:34.647] [bmv2] [D] [thread 100963] [23.0] [cxt 0] Transmitting packet of size 203 out of port 0
[09:11:34.904] [bmv2] [D] [thread 100958] [24.0] [cxt 0] Processing packet received on port 2
[09:11:34.904] [bmv2] [D] [thread 100958] [24.0] [cxt 0] Parser 'parser': start
[09:11:34.904] [bmv2] [D] [thread 100958] [24.0] [cxt 0] Parser 'parser' entering state 'start'
[09:11:34.904] [bmv2] [D] [thread 100958] [24.0] [cxt 0] Extracting header 'ethernet'
[09:11:34.905] [bmv2] [D] [thread 100958] [24.0] [cxt 0] Parser state 'start': key is 86dd
[09:11:34.905] [bmv2] [T] [thread 100958] [24.0] [cxt 0] Bytes parsed: 14
[09:11:34.905] [bmv2] [D] [thread 100958] [24.0] [cxt 0] Parser 'parser': end
[09:11:34.905] [bmv2] [D] [thread 100958] [24.0] [cxt 0] Pipeline 'ingress': start
[09:11:34.905] [bmv2] [T] [thread 100958] [24.0] [cxt 0] switch.p4(116) Condition "hdr.ipv4.isValid()" (node_2) is false
[09:11:34.905] [bmv2] [D] [thread 100958] [24.0] [cxt 0] Pipeline 'ingress': end
[09:11:34.905] [bmv2] [D] [thread 100958] [24.0] [cxt 0] Egress port is 0
[09:11:34.905] [bmv2] [D] [thread 100959] [24.0] [cxt 0] Pipeline 'egress': start
[09:11:34.905] [bmv2] [D] [thread 100959] [24.0] [cxt 0] Pipeline 'egress': end
[09:11:34.906] [bmv2] [D] [thread 100959] [24.0] [cxt 0] Deparser 'deparser': start
[09:11:34.906] [bmv2] [T] [thread 100959] [24.0] [cxt 0] Skipping checksum 'cksum' update because condition not met
[09:11:34.906] [bmv2] [D] [thread 100959] [24.0] [cxt 0] Deparsing header 'ethernet'
[09:11:34.906] [bmv2] [D] [thread 100959] [24.0] [cxt 0] Deparser 'deparser': end
[09:11:34.906] [bmv2] [D] [thread 100963] [24.0] [cxt 0] Transmitting packet of size 203 out of port 0
[09:11:35.113] [bmv2] [D] [thread 100958] [25.0] [cxt 0] Processing packet received on port 1
[09:11:35.113] [bmv2] [D] [thread 100958] [25.0] [cxt 0] Parser 'parser': start
[09:11:35.113] [bmv2] [D] [thread 100958] [25.0] [cxt 0] Parser 'parser' entering state 'start'
[09:11:35.113] [bmv2] [D] [thread 100958] [25.0] [cxt 0] Extracting header 'ethernet'
[09:11:35.113] [bmv2] [D] [thread 100958] [25.0] [cxt 0] Parser state 'start': key is 86dd
[09:11:35.113] [bmv2] [T] [thread 100958] [25.0] [cxt 0] Bytes parsed: 14
[09:11:35.113] [bmv2] [D] [thread 100958] [25.0] [cxt 0] Parser 'parser': end
[09:11:35.113] [bmv2] [D] [thread 100958] [25.0] [cxt 0] Pipeline 'ingress': start
[09:11:35.113] [bmv2] [T] [thread 100958] [25.0] [cxt 0] switch.p4(116) Condition "hdr.ipv4.isValid()" (node_2) is false
[09:11:35.113] [bmv2] [D] [thread 100958] [25.0] [cxt 0] Pipeline 'ingress': end
[09:11:35.113] [bmv2] [D] [thread 100958] [25.0] [cxt 0] Egress port is 0
[09:11:35.113] [bmv2] [D] [thread 100959] [25.0] [cxt 0] Pipeline 'egress': start
[09:11:35.113] [bmv2] [D] [thread 100959] [25.0] [cxt 0] Pipeline 'egress': end
[09:11:35.113] [bmv2] [D] [thread 100959] [25.0] [cxt 0] Deparser 'deparser': start
[09:11:35.113] [bmv2] [T] [thread 100959] [25.0] [cxt 0] Skipping checksum 'cksum' update because condition not met
[09:11:35.113] [bmv2] [D] [thread 100959] [25.0] [cxt 0] Deparsing header 'ethernet'
[09:11:35.113] [bmv2] [D] [thread 100959] [25.0] [cxt 0] Deparser 'deparser': end
[09:11:35.113] [bmv2] [D] [thread 100963] [25.0] [cxt 0] Transmitting packet of size 203 out of port 0
[09:11:35.407] [bmv2] [D] [thread 100958] [26.0] [cxt 0] Processing packet received on port 2
[09:11:35.407] [bmv2] [D] [thread 100958] [26.0] [cxt 0] Parser 'parser': start
[09:11:35.407] [bmv2] [D] [thread 100958] [26.0] [cxt 0] Parser 'parser' entering state 'start'
[09:11:35.407] [bmv2] [D] [thread 100958] [26.0] [cxt 0] Extracting header 'ethernet'
[09:11:35.407] [bmv2] [D] [thread 100958] [26.0] [cxt 0] Parser state 'start': key is 86dd
[09:11:35.407] [bmv2] [T] [thread 100958] [26.0] [cxt 0] Bytes parsed: 14
[09:11:35.407] [bmv2] [D] [thread 100958] [26.0] [cxt 0] Parser 'parser': end
[09:11:35.407] [bmv2] [D] [thread 100958] [26.0] [cxt 0] Pipeline 'ingress': start
[09:11:35.407] [bmv2] [T] [thread 100958] [26.0] [cxt 0] switch.p4(116) Condition "hdr.ipv4.isValid()" (node_2) is false
[09:11:35.407] [bmv2] [D] [thread 100958] [26.0] [cxt 0] Pipeline 'ingress': end
[09:11:35.407] [bmv2] [D] [thread 100958] [26.0] [cxt 0] Egress port is 0
[09:11:35.407] [bmv2] [D] [thread 100959] [26.0] [cxt 0] Pipeline 'egress': start
[09:11:35.407] [bmv2] [D] [thread 100959] [26.0] [cxt 0] Pipeline 'egress': end
[09:11:35.407] [bmv2] [D] [thread 100959] [26.0] [cxt 0] Deparser 'deparser': start
[09:11:35.407] [bmv2] [T] [thread 100959] [26.0] [cxt 0] Skipping checksum 'cksum' update because condition not met
[09:11:35.407] [bmv2] [D] [thread 100959] [26.0] [cxt 0] Deparsing header 'ethernet'
[09:11:35.407] [bmv2] [D] [thread 100959] [26.0] [cxt 0] Deparser 'deparser': end
[09:11:35.407] [bmv2] [D] [thread 100963] [26.0] [cxt 0] Transmitting packet of size 199 out of port 0
[09:11:35.555] [bmv2] [D] [thread 100958] [27.0] [cxt 0] Processing packet received on port 2
[09:11:35.555] [bmv2] [D] [thread 100958] [27.0] [cxt 0] Parser 'parser': start
[09:11:35.555] [bmv2] [D] [thread 100958] [27.0] [cxt 0] Parser 'parser' entering state 'start'
[09:11:35.555] [bmv2] [D] [thread 100958] [27.0] [cxt 0] Extracting header 'ethernet'
[09:11:35.555] [bmv2] [D] [thread 100958] [27.0] [cxt 0] Parser state 'start': key is 86dd
[09:11:35.555] [bmv2] [T] [thread 100958] [27.0] [cxt 0] Bytes parsed: 14
[09:11:35.555] [bmv2] [D] [thread 100958] [27.0] [cxt 0] Parser 'parser': end
[09:11:35.555] [bmv2] [D] [thread 100958] [27.0] [cxt 0] Pipeline 'ingress': start
[09:11:35.555] [bmv2] [T] [thread 100958] [27.0] [cxt 0] switch.p4(116) Condition "hdr.ipv4.isValid()" (node_2) is false
[09:11:35.555] [bmv2] [D] [thread 100958] [27.0] [cxt 0] Pipeline 'ingress': end
[09:11:35.555] [bmv2] [D] [thread 100958] [27.0] [cxt 0] Egress port is 0
[09:11:35.555] [bmv2] [D] [thread 100959] [27.0] [cxt 0] Pipeline 'egress': start
[09:11:35.555] [bmv2] [D] [thread 100959] [27.0] [cxt 0] Pipeline 'egress': end
[09:11:35.555] [bmv2] [D] [thread 100959] [27.0] [cxt 0] Deparser 'deparser': start
[09:11:35.555] [bmv2] [T] [thread 100959] [27.0] [cxt 0] Skipping checksum 'cksum' update because condition not met
[09:11:35.555] [bmv2] [D] [thread 100959] [27.0] [cxt 0] Deparsing header 'ethernet'
[09:11:35.555] [bmv2] [D] [thread 100959] [27.0] [cxt 0] Deparser 'deparser': end
[09:11:35.555] [bmv2] [D] [thread 100963] [27.0] [cxt 0] Transmitting packet of size 199 out of port 0
[09:11:35.631] [bmv2] [D] [thread 100958] [28.0] [cxt 0] Processing packet received on port 2
[09:11:35.631] [bmv2] [D] [thread 100958] [28.0] [cxt 0] Parser 'parser': start
[09:11:35.631] [bmv2] [D] [thread 100958] [28.0] [cxt 0] Parser 'parser' entering state 'start'
[09:11:35.631] [bmv2] [D] [thread 100958] [28.0] [cxt 0] Extracting header 'ethernet'
[09:11:35.631] [bmv2] [D] [thread 100958] [28.0] [cxt 0] Parser state 'start': key is 86dd
[09:11:35.631] [bmv2] [T] [thread 100958] [28.0] [cxt 0] Bytes parsed: 14
[09:11:35.631] [bmv2] [D] [thread 100958] [28.0] [cxt 0] Parser 'parser': end
[09:11:35.631] [bmv2] [D] [thread 100958] [28.0] [cxt 0] Pipeline 'ingress': start
[09:11:35.631] [bmv2] [T] [thread 100958] [28.0] [cxt 0] switch.p4(116) Condition "hdr.ipv4.isValid()" (node_2) is false
[09:11:35.631] [bmv2] [D] [thread 100958] [28.0] [cxt 0] Pipeline 'ingress': end
[09:11:35.631] [bmv2] [D] [thread 100958] [28.0] [cxt 0] Egress port is 0
[09:11:35.631] [bmv2] [D] [thread 100959] [28.0] [cxt 0] Pipeline 'egress': start
[09:11:35.631] [bmv2] [D] [thread 100959] [28.0] [cxt 0] Pipeline 'egress': end
[09:11:35.631] [bmv2] [D] [thread 100959] [28.0] [cxt 0] Deparser 'deparser': start
[09:11:35.631] [bmv2] [T] [thread 100959] [28.0] [cxt 0] Skipping checksum 'cksum' update because condition not met
[09:11:35.631] [bmv2] [D] [thread 100959] [28.0] [cxt 0] Deparsing header 'ethernet'
[09:11:35.631] [bmv2] [D] [thread 100959] [28.0] [cxt 0] Deparser 'deparser': end
[09:11:35.631] [bmv2] [D] [thread 100963] [28.0] [cxt 0] Transmitting packet of size 70 out of port 0
[09:11:35.776] [bmv2] [D] [thread 100958] [29.0] [cxt 0] Processing packet received on port 1
[09:11:35.776] [bmv2] [D] [thread 100958] [29.0] [cxt 0] Parser 'parser': start
[09:11:35.776] [bmv2] [D] [thread 100958] [29.0] [cxt 0] Parser 'parser' entering state 'start'
[09:11:35.776] [bmv2] [D] [thread 100958] [29.0] [cxt 0] Extracting header 'ethernet'
[09:11:35.776] [bmv2] [D] [thread 100958] [29.0] [cxt 0] Parser state 'start': key is 86dd
[09:11:35.776] [bmv2] [T] [thread 100958] [29.0] [cxt 0] Bytes parsed: 14
[09:11:35.776] [bmv2] [D] [thread 100958] [29.0] [cxt 0] Parser 'parser': end
[09:11:35.776] [bmv2] [D] [thread 100958] [29.0] [cxt 0] Pipeline 'ingress': start
[09:11:35.783] [bmv2] [T] [thread 100958] [29.0] [cxt 0] switch.p4(116) Condition "hdr.ipv4.isValid()" (node_2) is false
[09:11:35.783] [bmv2] [D] [thread 100958] [29.0] [cxt 0] Pipeline 'ingress': end
[09:11:35.783] [bmv2] [D] [thread 100958] [29.0] [cxt 0] Egress port is 0
[09:11:35.783] [bmv2] [D] [thread 100959] [29.0] [cxt 0] Pipeline 'egress': start
[09:11:35.783] [bmv2] [D] [thread 100959] [29.0] [cxt 0] Pipeline 'egress': end
[09:11:35.783] [bmv2] [D] [thread 100959] [29.0] [cxt 0] Deparser 'deparser': start
[09:11:35.783] [bmv2] [T] [thread 100959] [29.0] [cxt 0] Skipping checksum 'cksum' update because condition not met
[09:11:35.783] [bmv2] [D] [thread 100959] [29.0] [cxt 0] Deparsing header 'ethernet'
[09:11:35.783] [bmv2] [D] [thread 100959] [29.0] [cxt 0] Deparser 'deparser': end
[09:11:35.783] [bmv2] [D] [thread 100963] [29.0] [cxt 0] Transmitting packet of size 199 out of port 0
[09:11:35.929] [bmv2] [D] [thread 100958] [30.0] [cxt 0] Processing packet received on port 2
[09:11:35.929] [bmv2] [D] [thread 100958] [30.0] [cxt 0] Parser 'parser': start
[09:11:35.929] [bmv2] [D] [thread 100958] [30.0] [cxt 0] Parser 'parser' entering state 'start'
[09:11:35.929] [bmv2] [D] [thread 100958] [30.0] [cxt 0] Extracting header 'ethernet'
[09:11:35.929] [bmv2] [D] [thread 100958] [30.0] [cxt 0] Parser state 'start': key is 86dd
[09:11:35.929] [bmv2] [T] [thread 100958] [30.0] [cxt 0] Bytes parsed: 14
[09:11:35.929] [bmv2] [D] [thread 100958] [30.0] [cxt 0] Parser 'parser': end
[09:11:35.929] [bmv2] [D] [thread 100958] [30.0] [cxt 0] Pipeline 'ingress': start
[09:11:35.929] [bmv2] [T] [thread 100958] [30.0] [cxt 0] switch.p4(116) Condition "hdr.ipv4.isValid()" (node_2) is false
[09:11:35.929] [bmv2] [D] [thread 100958] [30.0] [cxt 0] Pipeline 'ingress': end
[09:11:35.929] [bmv2] [D] [thread 100958] [30.0] [cxt 0] Egress port is 0
[09:11:35.929] [bmv2] [D] [thread 100959] [30.0] [cxt 0] Pipeline 'egress': start
[09:11:35.929] [bmv2] [D] [thread 100959] [30.0] [cxt 0] Pipeline 'egress': end
[09:11:35.929] [bmv2] [D] [thread 100959] [30.0] [cxt 0] Deparser 'deparser': start
[09:11:35.929] [bmv2] [T] [thread 100959] [30.0] [cxt 0] Skipping checksum 'cksum' update because condition not met
[09:11:35.929] [bmv2] [D] [thread 100959] [30.0] [cxt 0] Deparsing header 'ethernet'
[09:11:35.929] [bmv2] [D] [thread 100959] [30.0] [cxt 0] Deparser 'deparser': end
[09:11:35.929] [bmv2] [D] [thread 100963] [30.0] [cxt 0] Transmitting packet of size 70 out of port 0
[09:11:36.441] [bmv2] [D] [thread 100958] [31.0] [cxt 0] Processing packet received on port 1
[09:11:36.441] [bmv2] [D] [thread 100958] [31.0] [cxt 0] Parser 'parser': start
[09:11:36.441] [bmv2] [D] [thread 100958] [31.0] [cxt 0] Parser 'parser' entering state 'start'
[09:11:36.441] [bmv2] [D] [thread 100958] [31.0] [cxt 0] Extracting header 'ethernet'
[09:11:36.441] [bmv2] [D] [thread 100958] [31.0] [cxt 0] Parser state 'start': key is 86dd
[09:11:36.441] [bmv2] [T] [thread 100958] [31.0] [cxt 0] Bytes parsed: 14
[09:11:36.441] [bmv2] [D] [thread 100958] [31.0] [cxt 0] Parser 'parser': end
[09:11:36.441] [bmv2] [D] [thread 100958] [31.0] [cxt 0] Pipeline 'ingress': start
[09:11:36.441] [bmv2] [T] [thread 100958] [31.0] [cxt 0] switch.p4(116) Condition "hdr.ipv4.isValid()" (node_2) is false
[09:11:36.441] [bmv2] [D] [thread 100958] [31.0] [cxt 0] Pipeline 'ingress': end
[09:11:36.441] [bmv2] [D] [thread 100958] [31.0] [cxt 0] Egress port is 0
[09:11:36.441] [bmv2] [D] [thread 100959] [31.0] [cxt 0] Pipeline 'egress': start
[09:11:36.441] [bmv2] [D] [thread 100959] [31.0] [cxt 0] Pipeline 'egress': end
[09:11:36.441] [bmv2] [D] [thread 100959] [31.0] [cxt 0] Deparser 'deparser': start
[09:11:36.441] [bmv2] [T] [thread 100959] [31.0] [cxt 0] Skipping checksum 'cksum' update because condition not met
[09:11:36.441] [bmv2] [D] [thread 100959] [31.0] [cxt 0] Deparsing header 'ethernet'
[09:11:36.441] [bmv2] [D] [thread 100959] [31.0] [cxt 0] Deparser 'deparser': end
[09:11:36.441] [bmv2] [D] [thread 100963] [31.0] [cxt 0] Transmitting packet of size 70 out of port 0
[09:11:36.822] [bmv2] [D] [thread 100958] [32.0] [cxt 0] Processing packet received on port 2
[09:11:36.822] [bmv2] [D] [thread 100958] [32.0] [cxt 0] Parser 'parser': start
[09:11:36.822] [bmv2] [D] [thread 100958] [32.0] [cxt 0] Parser 'parser' entering state 'start'
[09:11:36.822] [bmv2] [D] [thread 100958] [32.0] [cxt 0] Extracting header 'ethernet'
[09:11:36.822] [bmv2] [D] [thread 100958] [32.0] [cxt 0] Parser state 'start': key is 0800
[09:11:36.822] [bmv2] [T] [thread 100958] [32.0] [cxt 0] Bytes parsed: 14
[09:11:36.822] [bmv2] [D] [thread 100958] [32.0] [cxt 0] Parser 'parser' entering state 'parse_ipv4'
[09:11:36.822] [bmv2] [D] [thread 100958] [32.0] [cxt 0] Extracting header 'ipv4'
[09:11:36.822] [bmv2] [D] [thread 100958] [32.0] [cxt 0] Parser state 'parse_ipv4' has no switch, going to default next state
[09:11:36.822] [bmv2] [T] [thread 100958] [32.0] [cxt 0] Bytes parsed: 34
[09:11:36.822] [bmv2] [D] [thread 100958] [32.0] [cxt 0] Parser 'parser': end
[09:11:36.822] [bmv2] [D] [thread 100958] [32.0] [cxt 0] Pipeline 'ingress': start
[09:11:36.822] [bmv2] [T] [thread 100958] [32.0] [cxt 0] switch.p4(116) Condition "hdr.ipv4.isValid()" (node_2) is true
[09:11:36.822] [bmv2] [T] [thread 100958] [32.0] [cxt 0] Applying table 'MyIngress.ipv4_lpm'
[09:11:36.822] [bmv2] [D] [thread 100958] [32.0] [cxt 0] Looking up key:
* hdr.ipv4.dstAddr    : 0a000202

[09:11:36.822] [bmv2] [D] [thread 100958] [32.0] [cxt 0] Table 'MyIngress.ipv4_lpm': hit with handle 1
[09:11:36.822] [bmv2] [D] [thread 100958] [32.0] [cxt 0] Dumping entry 1
Match key:
* hdr.ipv4.dstAddr    : LPM       0a000202/32
Action entry: MyIngress.ipv4_forward - 80000000222,1,

[09:11:36.822] [bmv2] [D] [thread 100958] [32.0] [cxt 0] Action entry is MyIngress.ipv4_forward - 80000000222,1,
[09:11:36.822] [bmv2] [T] [thread 100958] [32.0] [cxt 0] Action MyIngress.ipv4_forward
[09:11:36.822] [bmv2] [T] [thread 100958] [32.0] [cxt 0] switch.p4(96) Primitive standard_metadata.egress_spec = port
[09:11:36.822] [bmv2] [T] [thread 100958] [32.0] [cxt 0] switch.p4(97) Primitive hdr.ethernet.srcAddr = hdr.ethernet.dstAddr
[09:11:36.822] [bmv2] [T] [thread 100958] [32.0] [cxt 0] switch.p4(98) Primitive hdr.ethernet.dstAddr = dstAddr
[09:11:36.822] [bmv2] [T] [thread 100958] [32.0] [cxt 0] switch.p4(99) Primitive hdr.ipv4.ttl = hdr.ipv4.ttl - 1
[09:11:36.822] [bmv2] [D] [thread 100958] [32.0] [cxt 0] Pipeline 'ingress': end
[09:11:36.822] [bmv2] [D] [thread 100958] [32.0] [cxt 0] Egress port is 1
[09:11:36.822] [bmv2] [D] [thread 100960] [32.0] [cxt 0] Pipeline 'egress': start
[09:11:36.822] [bmv2] [D] [thread 100960] [32.0] [cxt 0] Pipeline 'egress': end
[09:11:36.822] [bmv2] [D] [thread 100960] [32.0] [cxt 0] Deparser 'deparser': start
[09:11:36.822] [bmv2] [D] [thread 100960] [32.0] [cxt 0] Updating checksum 'cksum'
[09:11:36.822] [bmv2] [D] [thread 100960] [32.0] [cxt 0] Deparsing header 'ethernet'
[09:11:36.822] [bmv2] [D] [thread 100960] [32.0] [cxt 0] Deparsing header 'ipv4'
[09:11:36.822] [bmv2] [D] [thread 100960] [32.0] [cxt 0] Deparser 'deparser': end
[09:11:36.822] [bmv2] [D] [thread 100963] [32.0] [cxt 0] Transmitting packet of size 48 out of port 1
[09:11:36.822] [bmv2] [D] [thread 100958] [33.0] [cxt 0] Processing packet received on port 1
[09:11:36.822] [bmv2] [D] [thread 100958] [33.0] [cxt 0] Parser 'parser': start
[09:11:36.822] [bmv2] [D] [thread 100958] [33.0] [cxt 0] Parser 'parser' entering state 'start'
[09:11:36.822] [bmv2] [D] [thread 100958] [33.0] [cxt 0] Extracting header 'ethernet'
[09:11:36.822] [bmv2] [D] [thread 100958] [33.0] [cxt 0] Parser state 'start': key is 0800
[09:11:36.822] [bmv2] [T] [thread 100958] [33.0] [cxt 0] Bytes parsed: 14
[09:11:36.822] [bmv2] [D] [thread 100958] [33.0] [cxt 0] Parser 'parser' entering state 'parse_ipv4'
[09:11:36.822] [bmv2] [D] [thread 100958] [33.0] [cxt 0] Extracting header 'ipv4'
[09:11:36.822] [bmv2] [D] [thread 100958] [33.0] [cxt 0] Parser state 'parse_ipv4' has no switch, going to default next state
[09:11:36.822] [bmv2] [T] [thread 100958] [33.0] [cxt 0] Bytes parsed: 34
[09:11:36.822] [bmv2] [D] [thread 100958] [33.0] [cxt 0] Parser 'parser': end
[09:11:36.822] [bmv2] [D] [thread 100958] [33.0] [cxt 0] Pipeline 'ingress': start
[09:11:36.822] [bmv2] [T] [thread 100958] [33.0] [cxt 0] switch.p4(116) Condition "hdr.ipv4.isValid()" (node_2) is true
[09:11:36.822] [bmv2] [T] [thread 100958] [33.0] [cxt 0] Applying table 'MyIngress.ipv4_lpm'
[09:11:36.822] [bmv2] [D] [thread 100958] [33.0] [cxt 0] Looking up key:
* hdr.ipv4.dstAddr    : 0a000101

[09:11:36.822] [bmv2] [D] [thread 100958] [33.0] [cxt 0] Table 'MyIngress.ipv4_lpm': hit with handle 0
[09:11:36.822] [bmv2] [D] [thread 100958] [33.0] [cxt 0] Dumping entry 0
Match key:
* hdr.ipv4.dstAddr    : LPM       0a000101/32
Action entry: MyIngress.ipv4_forward - 80000000200,2,

[09:11:36.822] [bmv2] [D] [thread 100958] [33.0] [cxt 0] Action entry is MyIngress.ipv4_forward - 80000000200,2,
[09:11:36.822] [bmv2] [T] [thread 100958] [33.0] [cxt 0] Action MyIngress.ipv4_forward
[09:11:36.822] [bmv2] [T] [thread 100958] [33.0] [cxt 0] switch.p4(96) Primitive standard_metadata.egress_spec = port
[09:11:36.822] [bmv2] [T] [thread 100958] [33.0] [cxt 0] switch.p4(97) Primitive hdr.ethernet.srcAddr = hdr.ethernet.dstAddr
[09:11:36.822] [bmv2] [T] [thread 100958] [33.0] [cxt 0] switch.p4(98) Primitive hdr.ethernet.dstAddr = dstAddr
[09:11:36.822] [bmv2] [T] [thread 100958] [33.0] [cxt 0] switch.p4(99) Primitive hdr.ipv4.ttl = hdr.ipv4.ttl - 1
[09:11:36.822] [bmv2] [D] [thread 100958] [33.0] [cxt 0] Pipeline 'ingress': end
[09:11:36.822] [bmv2] [D] [thread 100958] [33.0] [cxt 0] Egress port is 2
[09:11:36.822] [bmv2] [D] [thread 100961] [33.0] [cxt 0] Pipeline 'egress': start
[09:11:36.822] [bmv2] [D] [thread 100961] [33.0] [cxt 0] Pipeline 'egress': end
[09:11:36.822] [bmv2] [D] [thread 100961] [33.0] [cxt 0] Deparser 'deparser': start
[09:11:36.822] [bmv2] [D] [thread 100961] [33.0] [cxt 0] Updating checksum 'cksum'
[09:11:36.822] [bmv2] [D] [thread 100961] [33.0] [cxt 0] Deparsing header 'ethernet'
[09:11:36.822] [bmv2] [D] [thread 100961] [33.0] [cxt 0] Deparsing header 'ipv4'
[09:11:36.822] [bmv2] [D] [thread 100961] [33.0] [cxt 0] Deparser 'deparser': end
[09:11:36.822] [bmv2] [D] [thread 100963] [33.0] [cxt 0] Transmitting packet of size 76 out of port 2
[09:11:36.832] [bmv2] [D] [thread 100958] [34.0] [cxt 0] Processing packet received on port 1
[09:11:36.832] [bmv2] [D] [thread 100958] [34.0] [cxt 0] Parser 'parser': start
[09:11:36.832] [bmv2] [D] [thread 100958] [34.0] [cxt 0] Parser 'parser' entering state 'start'
[09:11:36.832] [bmv2] [D] [thread 100958] [34.0] [cxt 0] Extracting header 'ethernet'
[09:11:36.832] [bmv2] [D] [thread 100958] [34.0] [cxt 0] Parser state 'start': key is 0800
[09:11:36.832] [bmv2] [T] [thread 100958] [34.0] [cxt 0] Bytes parsed: 14
[09:11:36.832] [bmv2] [D] [thread 100958] [34.0] [cxt 0] Parser 'parser' entering state 'parse_ipv4'
[09:11:36.832] [bmv2] [D] [thread 100958] [34.0] [cxt 0] Extracting header 'ipv4'
[09:11:36.832] [bmv2] [D] [thread 100958] [34.0] [cxt 0] Parser state 'parse_ipv4' has no switch, going to default next state
[09:11:36.832] [bmv2] [T] [thread 100958] [34.0] [cxt 0] Bytes parsed: 34
[09:11:36.832] [bmv2] [D] [thread 100958] [34.0] [cxt 0] Parser 'parser': end
[09:11:36.832] [bmv2] [D] [thread 100958] [34.0] [cxt 0] Pipeline 'ingress': start
[09:11:36.832] [bmv2] [T] [thread 100958] [34.0] [cxt 0] switch.p4(116) Condition "hdr.ipv4.isValid()" (node_2) is true
[09:11:36.832] [bmv2] [T] [thread 100958] [34.0] [cxt 0] Applying table 'MyIngress.ipv4_lpm'
[09:11:36.832] [bmv2] [D] [thread 100958] [34.0] [cxt 0] Looking up key:
* hdr.ipv4.dstAddr    : 0a000101

[09:11:36.832] [bmv2] [D] [thread 100958] [34.0] [cxt 0] Table 'MyIngress.ipv4_lpm': hit with handle 0
[09:11:36.832] [bmv2] [D] [thread 100958] [34.0] [cxt 0] Dumping entry 0
Match key:
* hdr.ipv4.dstAddr    : LPM       0a000101/32
Action entry: MyIngress.ipv4_forward - 80000000200,2,

[09:11:36.832] [bmv2] [D] [thread 100958] [34.0] [cxt 0] Action entry is MyIngress.ipv4_forward - 80000000200,2,
[09:11:36.832] [bmv2] [T] [thread 100958] [34.0] [cxt 0] Action MyIngress.ipv4_forward
[09:11:36.832] [bmv2] [T] [thread 100958] [34.0] [cxt 0] switch.p4(96) Primitive standard_metadata.egress_spec = port
[09:11:36.832] [bmv2] [T] [thread 100958] [34.0] [cxt 0] switch.p4(97) Primitive hdr.ethernet.srcAddr = hdr.ethernet.dstAddr
[09:11:36.832] [bmv2] [T] [thread 100958] [34.0] [cxt 0] switch.p4(98) Primitive hdr.ethernet.dstAddr = dstAddr
[09:11:36.832] [bmv2] [T] [thread 100958] [34.0] [cxt 0] switch.p4(99) Primitive hdr.ipv4.ttl = hdr.ipv4.ttl - 1
[09:11:36.832] [bmv2] [D] [thread 100958] [34.0] [cxt 0] Pipeline 'ingress': end
[09:11:36.832] [bmv2] [D] [thread 100958] [34.0] [cxt 0] Egress port is 2
[09:11:36.832] [bmv2] [D] [thread 100961] [34.0] [cxt 0] Pipeline 'egress': start
[09:11:36.832] [bmv2] [D] [thread 100961] [34.0] [cxt 0] Pipeline 'egress': end
[09:11:36.832] [bmv2] [D] [thread 100961] [34.0] [cxt 0] Deparser 'deparser': start
[09:11:36.832] [bmv2] [D] [thread 100961] [34.0] [cxt 0] Updating checksum 'cksum'
[09:11:36.832] [bmv2] [D] [thread 100961] [34.0] [cxt 0] Deparsing header 'ethernet'
[09:11:36.832] [bmv2] [D] [thread 100961] [34.0] [cxt 0] Deparsing header 'ipv4'
[09:11:36.832] [bmv2] [D] [thread 100961] [34.0] [cxt 0] Deparser 'deparser': end
[09:11:36.832] [bmv2] [D] [thread 100963] [34.0] [cxt 0] Transmitting packet of size 308 out of port 2
[09:11:36.838] [bmv2] [D] [thread 100958] [35.0] [cxt 0] Processing packet received on port 2
[09:11:36.838] [bmv2] [D] [thread 100958] [35.0] [cxt 0] Parser 'parser': start
[09:11:36.838] [bmv2] [D] [thread 100958] [35.0] [cxt 0] Parser 'parser' entering state 'start'
[09:11:36.838] [bmv2] [D] [thread 100958] [35.0] [cxt 0] Extracting header 'ethernet'
[09:11:36.838] [bmv2] [D] [thread 100958] [35.0] [cxt 0] Parser state 'start': key is 0800
[09:11:36.838] [bmv2] [T] [thread 100958] [35.0] [cxt 0] Bytes parsed: 14
[09:11:36.838] [bmv2] [D] [thread 100958] [35.0] [cxt 0] Parser 'parser' entering state 'parse_ipv4'
[09:11:36.838] [bmv2] [D] [thread 100958] [35.0] [cxt 0] Extracting header 'ipv4'
[09:11:36.838] [bmv2] [D] [thread 100958] [35.0] [cxt 0] Parser state 'parse_ipv4' has no switch, going to default next state
[09:11:36.838] [bmv2] [T] [thread 100958] [35.0] [cxt 0] Bytes parsed: 34
[09:11:36.838] [bmv2] [D] [thread 100958] [35.0] [cxt 0] Parser 'parser': end
[09:11:36.838] [bmv2] [D] [thread 100958] [35.0] [cxt 0] Pipeline 'ingress': start
[09:11:36.838] [bmv2] [T] [thread 100958] [35.0] [cxt 0] switch.p4(116) Condition "hdr.ipv4.isValid()" (node_2) is true
[09:11:36.838] [bmv2] [T] [thread 100958] [35.0] [cxt 0] Applying table 'MyIngress.ipv4_lpm'
[09:11:36.838] [bmv2] [D] [thread 100958] [35.0] [cxt 0] Looking up key:
* hdr.ipv4.dstAddr    : 0a000202

[09:11:36.838] [bmv2] [D] [thread 100958] [35.0] [cxt 0] Table 'MyIngress.ipv4_lpm': hit with handle 1
[09:11:36.838] [bmv2] [D] [thread 100958] [35.0] [cxt 0] Dumping entry 1
Match key:
* hdr.ipv4.dstAddr    : LPM       0a000202/32
Action entry: MyIngress.ipv4_forward - 80000000222,1,

[09:11:36.838] [bmv2] [D] [thread 100958] [35.0] [cxt 0] Action entry is MyIngress.ipv4_forward - 80000000222,1,
[09:11:36.838] [bmv2] [T] [thread 100958] [35.0] [cxt 0] Action MyIngress.ipv4_forward
[09:11:36.838] [bmv2] [T] [thread 100958] [35.0] [cxt 0] switch.p4(96) Primitive standard_metadata.egress_spec = port
[09:11:36.838] [bmv2] [T] [thread 100958] [35.0] [cxt 0] switch.p4(97) Primitive hdr.ethernet.srcAddr = hdr.ethernet.dstAddr
[09:11:36.838] [bmv2] [T] [thread 100958] [35.0] [cxt 0] switch.p4(98) Primitive hdr.ethernet.dstAddr = dstAddr
[09:11:36.838] [bmv2] [T] [thread 100958] [35.0] [cxt 0] switch.p4(99) Primitive hdr.ipv4.ttl = hdr.ipv4.ttl - 1
[09:11:36.838] [bmv2] [D] [thread 100958] [35.0] [cxt 0] Pipeline 'ingress': end
[09:11:36.838] [bmv2] [D] [thread 100958] [35.0] [cxt 0] Egress port is 1
[09:11:36.838] [bmv2] [D] [thread 100960] [35.0] [cxt 0] Pipeline 'egress': start
[09:11:36.838] [bmv2] [D] [thread 100960] [35.0] [cxt 0] Pipeline 'egress': end
[09:11:36.838] [bmv2] [D] [thread 100960] [35.0] [cxt 0] Deparser 'deparser': start
[09:11:36.838] [bmv2] [D] [thread 100960] [35.0] [cxt 0] Updating checksum 'cksum'
[09:11:36.838] [bmv2] [D] [thread 100960] [35.0] [cxt 0] Deparsing header 'ethernet'
[09:11:36.838] [bmv2] [D] [thread 100960] [35.0] [cxt 0] Deparsing header 'ipv4'
[09:11:36.838] [bmv2] [D] [thread 100960] [35.0] [cxt 0] Deparser 'deparser': end
[09:11:36.838] [bmv2] [D] [thread 100963] [35.0] [cxt 0] Transmitting packet of size 336 out of port 1
[09:11:37.609] [bmv2] [D] [thread 100958] [36.0] [cxt 0] Processing packet received on port 2
[09:11:37.609] [bmv2] [D] [thread 100958] [36.0] [cxt 0] Parser 'parser': start
[09:11:37.609] [bmv2] [D] [thread 100958] [36.0] [cxt 0] Parser 'parser' entering state 'start'
[09:11:37.609] [bmv2] [D] [thread 100958] [36.0] [cxt 0] Extracting header 'ethernet'
[09:11:37.614] [bmv2] [D] [thread 100958] [36.0] [cxt 0] Parser state 'start': key is 0800
[09:11:37.614] [bmv2] [T] [thread 100958] [36.0] [cxt 0] Bytes parsed: 14
[09:11:37.614] [bmv2] [D] [thread 100958] [36.0] [cxt 0] Parser 'parser' entering state 'parse_ipv4'
[09:11:37.614] [bmv2] [D] [thread 100958] [36.0] [cxt 0] Extracting header 'ipv4'
[09:11:37.614] [bmv2] [D] [thread 100958] [36.0] [cxt 0] Parser state 'parse_ipv4' has no switch, going to default next state
[09:11:37.614] [bmv2] [T] [thread 100958] [36.0] [cxt 0] Bytes parsed: 34
[09:11:37.614] [bmv2] [D] [thread 100958] [36.0] [cxt 0] Parser 'parser': end
[09:11:37.614] [bmv2] [D] [thread 100958] [36.0] [cxt 0] Pipeline 'ingress': start
[09:11:37.614] [bmv2] [T] [thread 100958] [36.0] [cxt 0] switch.p4(116) Condition "hdr.ipv4.isValid()" (node_2) is true
[09:11:37.614] [bmv2] [T] [thread 100958] [36.0] [cxt 0] Applying table 'MyIngress.ipv4_lpm'
[09:11:37.614] [bmv2] [D] [thread 100958] [36.0] [cxt 0] Looking up key:
* hdr.ipv4.dstAddr    : 0a000202

[09:11:37.614] [bmv2] [D] [thread 100958] [36.0] [cxt 0] Table 'MyIngress.ipv4_lpm': hit with handle 1
[09:11:37.614] [bmv2] [D] [thread 100958] [36.0] [cxt 0] Dumping entry 1
Match key:
* hdr.ipv4.dstAddr    : LPM       0a000202/32
Action entry: MyIngress.ipv4_forward - 80000000222,1,

[09:11:37.614] [bmv2] [D] [thread 100958] [36.0] [cxt 0] Action entry is MyIngress.ipv4_forward - 80000000222,1,
[09:11:37.614] [bmv2] [T] [thread 100958] [36.0] [cxt 0] Action MyIngress.ipv4_forward
[09:11:37.614] [bmv2] [T] [thread 100958] [36.0] [cxt 0] switch.p4(96) Primitive standard_metadata.egress_spec = port
[09:11:37.614] [bmv2] [T] [thread 100958] [36.0] [cxt 0] switch.p4(97) Primitive hdr.ethernet.srcAddr = hdr.ethernet.dstAddr
[09:11:37.614] [bmv2] [T] [thread 100958] [36.0] [cxt 0] switch.p4(98) Primitive hdr.ethernet.dstAddr = dstAddr
[09:11:37.614] [bmv2] [T] [thread 100958] [36.0] [cxt 0] switch.p4(99) Primitive hdr.ipv4.ttl = hdr.ipv4.ttl - 1
[09:11:37.614] [bmv2] [D] [thread 100958] [36.0] [cxt 0] Pipeline 'ingress': end
[09:11:37.614] [bmv2] [D] [thread 100958] [36.0] [cxt 0] Egress port is 1
[09:11:37.614] [bmv2] [D] [thread 100960] [36.0] [cxt 0] Pipeline 'egress': start
[09:11:37.614] [bmv2] [D] [thread 100960] [36.0] [cxt 0] Pipeline 'egress': end
[09:11:37.614] [bmv2] [D] [thread 100960] [36.0] [cxt 0] Deparser 'deparser': start
[09:11:37.614] [bmv2] [D] [thread 100960] [36.0] [cxt 0] Updating checksum 'cksum'
[09:11:37.614] [bmv2] [D] [thread 100960] [36.0] [cxt 0] Deparsing header 'ethernet'
[09:11:37.614] [bmv2] [D] [thread 100960] [36.0] [cxt 0] Deparsing header 'ipv4'
[09:11:37.614] [bmv2] [D] [thread 100960] [36.0] [cxt 0] Deparser 'deparser': end
[09:11:37.614] [bmv2] [D] [thread 100963] [36.0] [cxt 0] Transmitting packet of size 48 out of port 1
[09:11:37.614] [bmv2] [D] [thread 100958] [37.0] [cxt 0] Processing packet received on port 1
[09:11:37.614] [bmv2] [D] [thread 100958] [37.0] [cxt 0] Parser 'parser': start
[09:11:37.614] [bmv2] [D] [thread 100958] [37.0] [cxt 0] Parser 'parser' entering state 'start'
[09:11:37.614] [bmv2] [D] [thread 100958] [37.0] [cxt 0] Extracting header 'ethernet'
[09:11:37.614] [bmv2] [D] [thread 100958] [37.0] [cxt 0] Parser state 'start': key is 0800
[09:11:37.614] [bmv2] [T] [thread 100958] [37.0] [cxt 0] Bytes parsed: 14
[09:11:37.614] [bmv2] [D] [thread 100958] [37.0] [cxt 0] Parser 'parser' entering state 'parse_ipv4'
[09:11:37.614] [bmv2] [D] [thread 100958] [37.0] [cxt 0] Extracting header 'ipv4'
[09:11:37.614] [bmv2] [D] [thread 100958] [37.0] [cxt 0] Parser state 'parse_ipv4' has no switch, going to default next state
[09:11:37.614] [bmv2] [T] [thread 100958] [37.0] [cxt 0] Bytes parsed: 34
[09:11:37.614] [bmv2] [D] [thread 100958] [37.0] [cxt 0] Parser 'parser': end
[09:11:37.614] [bmv2] [D] [thread 100958] [37.0] [cxt 0] Pipeline 'ingress': start
[09:11:37.614] [bmv2] [T] [thread 100958] [37.0] [cxt 0] switch.p4(116) Condition "hdr.ipv4.isValid()" (node_2) is true
[09:11:37.614] [bmv2] [T] [thread 100958] [37.0] [cxt 0] Applying table 'MyIngress.ipv4_lpm'
[09:11:37.614] [bmv2] [D] [thread 100958] [37.0] [cxt 0] Looking up key:
* hdr.ipv4.dstAddr    : 0a000101

[09:11:37.614] [bmv2] [D] [thread 100958] [37.0] [cxt 0] Table 'MyIngress.ipv4_lpm': hit with handle 0
[09:11:37.614] [bmv2] [D] [thread 100958] [37.0] [cxt 0] Dumping entry 0
Match key:
* hdr.ipv4.dstAddr    : LPM       0a000101/32
Action entry: MyIngress.ipv4_forward - 80000000200,2,

[09:11:37.614] [bmv2] [D] [thread 100958] [37.0] [cxt 0] Action entry is MyIngress.ipv4_forward - 80000000200,2,
[09:11:37.614] [bmv2] [T] [thread 100958] [37.0] [cxt 0] Action MyIngress.ipv4_forward
[09:11:37.614] [bmv2] [T] [thread 100958] [37.0] [cxt 0] switch.p4(96) Primitive standard_metadata.egress_spec = port
[09:11:37.614] [bmv2] [T] [thread 100958] [37.0] [cxt 0] switch.p4(97) Primitive hdr.ethernet.srcAddr = hdr.ethernet.dstAddr
[09:11:37.614] [bmv2] [T] [thread 100958] [37.0] [cxt 0] switch.p4(98) Primitive hdr.ethernet.dstAddr = dstAddr
[09:11:37.614] [bmv2] [T] [thread 100958] [37.0] [cxt 0] switch.p4(99) Primitive hdr.ipv4.ttl = hdr.ipv4.ttl - 1
[09:11:37.614] [bmv2] [D] [thread 100958] [37.0] [cxt 0] Pipeline 'ingress': end
[09:11:37.614] [bmv2] [D] [thread 100958] [37.0] [cxt 0] Egress port is 2
[09:11:37.614] [bmv2] [D] [thread 100961] [37.0] [cxt 0] Pipeline 'egress': start
[09:11:37.614] [bmv2] [D] [thread 100961] [37.0] [cxt 0] Pipeline 'egress': end
[09:11:37.614] [bmv2] [D] [thread 100961] [37.0] [cxt 0] Deparser 'deparser': start
[09:11:37.614] [bmv2] [D] [thread 100961] [37.0] [cxt 0] Updating checksum 'cksum'
[09:11:37.614] [bmv2] [D] [thread 100961] [37.0] [cxt 0] Deparsing header 'ethernet'
[09:11:37.614] [bmv2] [D] [thread 100961] [37.0] [cxt 0] Deparsing header 'ipv4'
[09:11:37.614] [bmv2] [D] [thread 100961] [37.0] [cxt 0] Deparser 'deparser': end
[09:11:37.614] [bmv2] [D] [thread 100963] [37.0] [cxt 0] Transmitting packet of size 76 out of port 2
[09:11:37.636] [bmv2] [D] [thread 100958] [38.0] [cxt 0] Processing packet received on port 1
[09:11:37.636] [bmv2] [D] [thread 100958] [38.0] [cxt 0] Parser 'parser': start
[09:11:37.636] [bmv2] [D] [thread 100958] [38.0] [cxt 0] Parser 'parser' entering state 'start'
[09:11:37.636] [bmv2] [D] [thread 100958] [38.0] [cxt 0] Extracting header 'ethernet'
[09:11:37.636] [bmv2] [D] [thread 100958] [38.0] [cxt 0] Parser state 'start': key is 0800
[09:11:37.636] [bmv2] [T] [thread 100958] [38.0] [cxt 0] Bytes parsed: 14
[09:11:37.636] [bmv2] [D] [thread 100958] [38.0] [cxt 0] Parser 'parser' entering state 'parse_ipv4'
[09:11:37.636] [bmv2] [D] [thread 100958] [38.0] [cxt 0] Extracting header 'ipv4'
[09:11:37.636] [bmv2] [D] [thread 100958] [38.0] [cxt 0] Parser state 'parse_ipv4' has no switch, going to default next state
[09:11:37.636] [bmv2] [T] [thread 100958] [38.0] [cxt 0] Bytes parsed: 34
[09:11:37.636] [bmv2] [D] [thread 100958] [38.0] [cxt 0] Parser 'parser': end
[09:11:37.636] [bmv2] [D] [thread 100958] [38.0] [cxt 0] Pipeline 'ingress': start
[09:11:37.636] [bmv2] [T] [thread 100958] [38.0] [cxt 0] switch.p4(116) Condition "hdr.ipv4.isValid()" (node_2) is true
[09:11:37.636] [bmv2] [T] [thread 100958] [38.0] [cxt 0] Applying table 'MyIngress.ipv4_lpm'
[09:11:37.636] [bmv2] [D] [thread 100958] [38.0] [cxt 0] Looking up key:
* hdr.ipv4.dstAddr    : 0a000101

[09:11:37.636] [bmv2] [D] [thread 100958] [38.0] [cxt 0] Table 'MyIngress.ipv4_lpm': hit with handle 0
[09:11:37.636] [bmv2] [D] [thread 100958] [38.0] [cxt 0] Dumping entry 0
Match key:
* hdr.ipv4.dstAddr    : LPM       0a000101/32
Action entry: MyIngress.ipv4_forward - 80000000200,2,

[09:11:37.636] [bmv2] [D] [thread 100958] [38.0] [cxt 0] Action entry is MyIngress.ipv4_forward - 80000000200,2,
[09:11:37.636] [bmv2] [T] [thread 100958] [38.0] [cxt 0] Action MyIngress.ipv4_forward
[09:11:37.636] [bmv2] [T] [thread 100958] [38.0] [cxt 0] switch.p4(96) Primitive standard_metadata.egress_spec = port
[09:11:37.636] [bmv2] [T] [thread 100958] [38.0] [cxt 0] switch.p4(97) Primitive hdr.ethernet.srcAddr = hdr.ethernet.dstAddr
[09:11:37.636] [bmv2] [T] [thread 100958] [38.0] [cxt 0] switch.p4(98) Primitive hdr.ethernet.dstAddr = dstAddr
[09:11:37.636] [bmv2] [T] [thread 100958] [38.0] [cxt 0] switch.p4(99) Primitive hdr.ipv4.ttl = hdr.ipv4.ttl - 1
[09:11:37.636] [bmv2] [D] [thread 100958] [38.0] [cxt 0] Pipeline 'ingress': end
[09:11:37.636] [bmv2] [D] [thread 100958] [38.0] [cxt 0] Egress port is 2
[09:11:37.636] [bmv2] [D] [thread 100961] [38.0] [cxt 0] Pipeline 'egress': start
[09:11:37.636] [bmv2] [D] [thread 100961] [38.0] [cxt 0] Pipeline 'egress': end
[09:11:37.636] [bmv2] [D] [thread 100961] [38.0] [cxt 0] Deparser 'deparser': start
[09:11:37.636] [bmv2] [D] [thread 100961] [38.0] [cxt 0] Updating checksum 'cksum'
[09:11:37.636] [bmv2] [D] [thread 100961] [38.0] [cxt 0] Deparsing header 'ethernet'
[09:11:37.636] [bmv2] [D] [thread 100961] [38.0] [cxt 0] Deparsing header 'ipv4'
[09:11:37.636] [bmv2] [D] [thread 100961] [38.0] [cxt 0] Deparser 'deparser': end
[09:11:37.636] [bmv2] [D] [thread 100963] [38.0] [cxt 0] Transmitting packet of size 308 out of port 2
[09:11:37.647] [bmv2] [D] [thread 100958] [39.0] [cxt 0] Processing packet received on port 2
[09:11:37.647] [bmv2] [D] [thread 100958] [39.0] [cxt 0] Parser 'parser': start
[09:11:37.647] [bmv2] [D] [thread 100958] [39.0] [cxt 0] Parser 'parser' entering state 'start'
[09:11:37.647] [bmv2] [D] [thread 100958] [39.0] [cxt 0] Extracting header 'ethernet'
[09:11:37.647] [bmv2] [D] [thread 100958] [39.0] [cxt 0] Parser state 'start': key is 0800
[09:11:37.647] [bmv2] [T] [thread 100958] [39.0] [cxt 0] Bytes parsed: 14
[09:11:37.647] [bmv2] [D] [thread 100958] [39.0] [cxt 0] Parser 'parser' entering state 'parse_ipv4'
[09:11:37.647] [bmv2] [D] [thread 100958] [39.0] [cxt 0] Extracting header 'ipv4'
[09:11:37.647] [bmv2] [D] [thread 100958] [39.0] [cxt 0] Parser state 'parse_ipv4' has no switch, going to default next state
[09:11:37.647] [bmv2] [T] [thread 100958] [39.0] [cxt 0] Bytes parsed: 34
[09:11:37.647] [bmv2] [D] [thread 100958] [39.0] [cxt 0] Parser 'parser': end
[09:11:37.648] [bmv2] [D] [thread 100958] [39.0] [cxt 0] Pipeline 'ingress': start
[09:11:37.648] [bmv2] [T] [thread 100958] [39.0] [cxt 0] switch.p4(116) Condition "hdr.ipv4.isValid()" (node_2) is true
[09:11:37.648] [bmv2] [T] [thread 100958] [39.0] [cxt 0] Applying table 'MyIngress.ipv4_lpm'
[09:11:37.648] [bmv2] [D] [thread 100958] [39.0] [cxt 0] Looking up key:
* hdr.ipv4.dstAddr    : 0a000202

[09:11:37.648] [bmv2] [D] [thread 100958] [39.0] [cxt 0] Table 'MyIngress.ipv4_lpm': hit with handle 1
[09:11:37.648] [bmv2] [D] [thread 100958] [39.0] [cxt 0] Dumping entry 1
Match key:
* hdr.ipv4.dstAddr    : LPM       0a000202/32
Action entry: MyIngress.ipv4_forward - 80000000222,1,

[09:11:37.648] [bmv2] [D] [thread 100958] [39.0] [cxt 0] Action entry is MyIngress.ipv4_forward - 80000000222,1,
[09:11:37.648] [bmv2] [T] [thread 100958] [39.0] [cxt 0] Action MyIngress.ipv4_forward
[09:11:37.648] [bmv2] [T] [thread 100958] [39.0] [cxt 0] switch.p4(96) Primitive standard_metadata.egress_spec = port
[09:11:37.648] [bmv2] [T] [thread 100958] [39.0] [cxt 0] switch.p4(97) Primitive hdr.ethernet.srcAddr = hdr.ethernet.dstAddr
[09:11:37.648] [bmv2] [T] [thread 100958] [39.0] [cxt 0] switch.p4(98) Primitive hdr.ethernet.dstAddr = dstAddr
[09:11:37.648] [bmv2] [T] [thread 100958] [39.0] [cxt 0] switch.p4(99) Primitive hdr.ipv4.ttl = hdr.ipv4.ttl - 1
[09:11:37.648] [bmv2] [D] [thread 100958] [39.0] [cxt 0] Pipeline 'ingress': end
[09:11:37.648] [bmv2] [D] [thread 100958] [39.0] [cxt 0] Egress port is 1
[09:11:37.648] [bmv2] [D] [thread 100960] [39.0] [cxt 0] Pipeline 'egress': start
[09:11:37.648] [bmv2] [D] [thread 100960] [39.0] [cxt 0] Pipeline 'egress': end
[09:11:37.648] [bmv2] [D] [thread 100960] [39.0] [cxt 0] Deparser 'deparser': start
[09:11:37.648] [bmv2] [D] [thread 100960] [39.0] [cxt 0] Updating checksum 'cksum'
[09:11:37.648] [bmv2] [D] [thread 100960] [39.0] [cxt 0] Deparsing header 'ethernet'
[09:11:37.648] [bmv2] [D] [thread 100960] [39.0] [cxt 0] Deparsing header 'ipv4'
[09:11:37.648] [bmv2] [D] [thread 100960] [39.0] [cxt 0] Deparser 'deparser': end
[09:11:37.648] [bmv2] [D] [thread 100963] [39.0] [cxt 0] Transmitting packet of size 336 out of port 1
[09:11:38.644] [bmv2] [D] [thread 100958] [40.0] [cxt 0] Processing packet received on port 2
[09:11:38.644] [bmv2] [D] [thread 100958] [40.0] [cxt 0] Parser 'parser': start
[09:11:38.644] [bmv2] [D] [thread 100958] [40.0] [cxt 0] Parser 'parser' entering state 'start'
[09:11:38.644] [bmv2] [D] [thread 100958] [40.0] [cxt 0] Extracting header 'ethernet'
[09:11:38.644] [bmv2] [D] [thread 100958] [40.0] [cxt 0] Parser state 'start': key is 86dd
[09:11:38.644] [bmv2] [T] [thread 100958] [40.0] [cxt 0] Bytes parsed: 14
[09:11:38.644] [bmv2] [D] [thread 100958] [40.0] [cxt 0] Parser 'parser': end
[09:11:38.644] [bmv2] [D] [thread 100958] [40.0] [cxt 0] Pipeline 'ingress': start
[09:11:38.644] [bmv2] [T] [thread 100958] [40.0] [cxt 0] switch.p4(116) Condition "hdr.ipv4.isValid()" (node_2) is false
[09:11:38.644] [bmv2] [D] [thread 100958] [40.0] [cxt 0] Pipeline 'ingress': end
[09:11:38.644] [bmv2] [D] [thread 100958] [40.0] [cxt 0] Egress port is 0
[09:11:38.644] [bmv2] [D] [thread 100959] [40.0] [cxt 0] Pipeline 'egress': start
[09:11:38.644] [bmv2] [D] [thread 100959] [40.0] [cxt 0] Pipeline 'egress': end
[09:11:38.644] [bmv2] [D] [thread 100959] [40.0] [cxt 0] Deparser 'deparser': start
[09:11:38.644] [bmv2] [T] [thread 100959] [40.0] [cxt 0] Skipping checksum 'cksum' update because condition not met
[09:11:38.644] [bmv2] [D] [thread 100959] [40.0] [cxt 0] Deparsing header 'ethernet'
[09:11:38.644] [bmv2] [D] [thread 100959] [40.0] [cxt 0] Deparser 'deparser': end
[09:11:38.656] [bmv2] [D] [thread 100963] [40.0] [cxt 0] Transmitting packet of size 203 out of port 0
[09:11:38.660] [bmv2] [D] [thread 100958] [41.0] [cxt 0] Processing packet received on port 2
[09:11:38.660] [bmv2] [D] [thread 100958] [41.0] [cxt 0] Parser 'parser': start
[09:11:38.660] [bmv2] [D] [thread 100958] [41.0] [cxt 0] Parser 'parser' entering state 'start'
[09:11:38.660] [bmv2] [D] [thread 100958] [41.0] [cxt 0] Extracting header 'ethernet'
[09:11:38.660] [bmv2] [D] [thread 100958] [41.0] [cxt 0] Parser state 'start': key is 0800
[09:11:38.660] [bmv2] [T] [thread 100958] [41.0] [cxt 0] Bytes parsed: 14
[09:11:38.660] [bmv2] [D] [thread 100958] [41.0] [cxt 0] Parser 'parser' entering state 'parse_ipv4'
[09:11:38.660] [bmv2] [D] [thread 100958] [41.0] [cxt 0] Extracting header 'ipv4'
[09:11:38.660] [bmv2] [D] [thread 100958] [41.0] [cxt 0] Parser state 'parse_ipv4' has no switch, going to default next state
[09:11:38.660] [bmv2] [T] [thread 100958] [41.0] [cxt 0] Bytes parsed: 34
[09:11:38.660] [bmv2] [D] [thread 100958] [41.0] [cxt 0] Parser 'parser': end
[09:11:38.660] [bmv2] [D] [thread 100958] [41.0] [cxt 0] Pipeline 'ingress': start
[09:11:38.660] [bmv2] [T] [thread 100958] [41.0] [cxt 0] switch.p4(116) Condition "hdr.ipv4.isValid()" (node_2) is true
[09:11:38.660] [bmv2] [T] [thread 100958] [41.0] [cxt 0] Applying table 'MyIngress.ipv4_lpm'
[09:11:38.660] [bmv2] [D] [thread 100958] [41.0] [cxt 0] Looking up key:
* hdr.ipv4.dstAddr    : 0a000202

[09:11:38.660] [bmv2] [D] [thread 100958] [41.0] [cxt 0] Table 'MyIngress.ipv4_lpm': hit with handle 1
[09:11:38.660] [bmv2] [D] [thread 100958] [41.0] [cxt 0] Dumping entry 1
Match key:
* hdr.ipv4.dstAddr    : LPM       0a000202/32
Action entry: MyIngress.ipv4_forward - 80000000222,1,

[09:11:38.660] [bmv2] [D] [thread 100958] [41.0] [cxt 0] Action entry is MyIngress.ipv4_forward - 80000000222,1,
[09:11:38.660] [bmv2] [T] [thread 100958] [41.0] [cxt 0] Action MyIngress.ipv4_forward
[09:11:38.660] [bmv2] [T] [thread 100958] [41.0] [cxt 0] switch.p4(96) Primitive standard_metadata.egress_spec = port
[09:11:38.660] [bmv2] [T] [thread 100958] [41.0] [cxt 0] switch.p4(97) Primitive hdr.ethernet.srcAddr = hdr.ethernet.dstAddr
[09:11:38.660] [bmv2] [T] [thread 100958] [41.0] [cxt 0] switch.p4(98) Primitive hdr.ethernet.dstAddr = dstAddr
[09:11:38.660] [bmv2] [T] [thread 100958] [41.0] [cxt 0] switch.p4(99) Primitive hdr.ipv4.ttl = hdr.ipv4.ttl - 1
[09:11:38.660] [bmv2] [D] [thread 100958] [41.0] [cxt 0] Pipeline 'ingress': end
[09:11:38.660] [bmv2] [D] [thread 100958] [41.0] [cxt 0] Egress port is 1
[09:11:38.660] [bmv2] [D] [thread 100960] [41.0] [cxt 0] Pipeline 'egress': start
[09:11:38.660] [bmv2] [D] [thread 100960] [41.0] [cxt 0] Pipeline 'egress': end
[09:11:38.660] [bmv2] [D] [thread 100960] [41.0] [cxt 0] Deparser 'deparser': start
[09:11:38.660] [bmv2] [D] [thread 100960] [41.0] [cxt 0] Updating checksum 'cksum'
[09:11:38.660] [bmv2] [D] [thread 100960] [41.0] [cxt 0] Deparsing header 'ethernet'
[09:11:38.660] [bmv2] [D] [thread 100960] [41.0] [cxt 0] Deparsing header 'ipv4'
[09:11:38.660] [bmv2] [D] [thread 100960] [41.0] [cxt 0] Deparser 'deparser': end
[09:11:38.660] [bmv2] [D] [thread 100963] [41.0] [cxt 0] Transmitting packet of size 48 out of port 1
[09:11:38.661] [bmv2] [D] [thread 100958] [42.0] [cxt 0] Processing packet received on port 1
[09:11:38.662] [bmv2] [D] [thread 100958] [42.0] [cxt 0] Parser 'parser': start
[09:11:38.662] [bmv2] [D] [thread 100958] [42.0] [cxt 0] Parser 'parser' entering state 'start'
[09:11:38.662] [bmv2] [D] [thread 100958] [42.0] [cxt 0] Extracting header 'ethernet'
[09:11:38.662] [bmv2] [D] [thread 100958] [42.0] [cxt 0] Parser state 'start': key is 0800
[09:11:38.662] [bmv2] [T] [thread 100958] [42.0] [cxt 0] Bytes parsed: 14
[09:11:38.662] [bmv2] [D] [thread 100958] [42.0] [cxt 0] Parser 'parser' entering state 'parse_ipv4'
[09:11:38.662] [bmv2] [D] [thread 100958] [42.0] [cxt 0] Extracting header 'ipv4'
[09:11:38.662] [bmv2] [D] [thread 100958] [42.0] [cxt 0] Parser state 'parse_ipv4' has no switch, going to default next state
[09:11:38.662] [bmv2] [T] [thread 100958] [42.0] [cxt 0] Bytes parsed: 34
[09:11:38.662] [bmv2] [D] [thread 100958] [42.0] [cxt 0] Parser 'parser': end
[09:11:38.662] [bmv2] [D] [thread 100958] [42.0] [cxt 0] Pipeline 'ingress': start
[09:11:38.662] [bmv2] [T] [thread 100958] [42.0] [cxt 0] switch.p4(116) Condition "hdr.ipv4.isValid()" (node_2) is true
[09:11:38.662] [bmv2] [T] [thread 100958] [42.0] [cxt 0] Applying table 'MyIngress.ipv4_lpm'
[09:11:38.662] [bmv2] [D] [thread 100958] [42.0] [cxt 0] Looking up key:
* hdr.ipv4.dstAddr    : 0a000101

[09:11:38.662] [bmv2] [D] [thread 100958] [42.0] [cxt 0] Table 'MyIngress.ipv4_lpm': hit with handle 0
[09:11:38.662] [bmv2] [D] [thread 100958] [42.0] [cxt 0] Dumping entry 0
Match key:
* hdr.ipv4.dstAddr    : LPM       0a000101/32
Action entry: MyIngress.ipv4_forward - 80000000200,2,

[09:11:38.662] [bmv2] [D] [thread 100958] [42.0] [cxt 0] Action entry is MyIngress.ipv4_forward - 80000000200,2,
[09:11:38.662] [bmv2] [T] [thread 100958] [42.0] [cxt 0] Action MyIngress.ipv4_forward
[09:11:38.662] [bmv2] [T] [thread 100958] [42.0] [cxt 0] switch.p4(96) Primitive standard_metadata.egress_spec = port
[09:11:38.662] [bmv2] [T] [thread 100958] [42.0] [cxt 0] switch.p4(97) Primitive hdr.ethernet.srcAddr = hdr.ethernet.dstAddr
[09:11:38.662] [bmv2] [T] [thread 100958] [42.0] [cxt 0] switch.p4(98) Primitive hdr.ethernet.dstAddr = dstAddr
[09:11:38.662] [bmv2] [T] [thread 100958] [42.0] [cxt 0] switch.p4(99) Primitive hdr.ipv4.ttl = hdr.ipv4.ttl - 1
[09:11:38.662] [bmv2] [D] [thread 100958] [42.0] [cxt 0] Pipeline 'ingress': end
[09:11:38.662] [bmv2] [D] [thread 100958] [42.0] [cxt 0] Egress port is 2
[09:11:38.662] [bmv2] [D] [thread 100961] [42.0] [cxt 0] Pipeline 'egress': start
[09:11:38.662] [bmv2] [D] [thread 100961] [42.0] [cxt 0] Pipeline 'egress': end
[09:11:38.662] [bmv2] [D] [thread 100961] [42.0] [cxt 0] Deparser 'deparser': start
[09:11:38.662] [bmv2] [D] [thread 100961] [42.0] [cxt 0] Updating checksum 'cksum'
[09:11:38.662] [bmv2] [D] [thread 100961] [42.0] [cxt 0] Deparsing header 'ethernet'
[09:11:38.662] [bmv2] [D] [thread 100961] [42.0] [cxt 0] Deparsing header 'ipv4'
[09:11:38.662] [bmv2] [D] [thread 100961] [42.0] [cxt 0] Deparser 'deparser': end
[09:11:38.662] [bmv2] [D] [thread 100963] [42.0] [cxt 0] Transmitting packet of size 76 out of port 2
[09:11:38.696] [bmv2] [D] [thread 100958] [43.0] [cxt 0] Processing packet received on port 1
[09:11:38.696] [bmv2] [D] [thread 100958] [43.0] [cxt 0] Parser 'parser': start
[09:11:38.696] [bmv2] [D] [thread 100958] [43.0] [cxt 0] Parser 'parser' entering state 'start'
[09:11:38.696] [bmv2] [D] [thread 100958] [43.0] [cxt 0] Extracting header 'ethernet'
[09:11:38.696] [bmv2] [D] [thread 100958] [43.0] [cxt 0] Parser state 'start': key is 0800
[09:11:38.696] [bmv2] [T] [thread 100958] [43.0] [cxt 0] Bytes parsed: 14
[09:11:38.696] [bmv2] [D] [thread 100958] [43.0] [cxt 0] Parser 'parser' entering state 'parse_ipv4'
[09:11:38.696] [bmv2] [D] [thread 100958] [43.0] [cxt 0] Extracting header 'ipv4'
[09:11:38.696] [bmv2] [D] [thread 100958] [43.0] [cxt 0] Parser state 'parse_ipv4' has no switch, going to default next state
[09:11:38.696] [bmv2] [T] [thread 100958] [43.0] [cxt 0] Bytes parsed: 34
[09:11:38.696] [bmv2] [D] [thread 100958] [43.0] [cxt 0] Parser 'parser': end
[09:11:38.696] [bmv2] [D] [thread 100958] [43.0] [cxt 0] Pipeline 'ingress': start
[09:11:38.696] [bmv2] [T] [thread 100958] [43.0] [cxt 0] switch.p4(116) Condition "hdr.ipv4.isValid()" (node_2) is true
[09:11:38.696] [bmv2] [T] [thread 100958] [43.0] [cxt 0] Applying table 'MyIngress.ipv4_lpm'
[09:11:38.696] [bmv2] [D] [thread 100958] [43.0] [cxt 0] Looking up key:
* hdr.ipv4.dstAddr    : 0a000101

[09:11:38.696] [bmv2] [D] [thread 100958] [43.0] [cxt 0] Table 'MyIngress.ipv4_lpm': hit with handle 0
[09:11:38.696] [bmv2] [D] [thread 100958] [43.0] [cxt 0] Dumping entry 0
Match key:
* hdr.ipv4.dstAddr    : LPM       0a000101/32
Action entry: MyIngress.ipv4_forward - 80000000200,2,

[09:11:38.696] [bmv2] [D] [thread 100958] [43.0] [cxt 0] Action entry is MyIngress.ipv4_forward - 80000000200,2,
[09:11:38.696] [bmv2] [T] [thread 100958] [43.0] [cxt 0] Action MyIngress.ipv4_forward
[09:11:38.696] [bmv2] [T] [thread 100958] [43.0] [cxt 0] switch.p4(96) Primitive standard_metadata.egress_spec = port
[09:11:38.696] [bmv2] [T] [thread 100958] [43.0] [cxt 0] switch.p4(97) Primitive hdr.ethernet.srcAddr = hdr.ethernet.dstAddr
[09:11:38.696] [bmv2] [T] [thread 100958] [43.0] [cxt 0] switch.p4(98) Primitive hdr.ethernet.dstAddr = dstAddr
[09:11:38.696] [bmv2] [T] [thread 100958] [43.0] [cxt 0] switch.p4(99) Primitive hdr.ipv4.ttl = hdr.ipv4.ttl - 1
[09:11:38.696] [bmv2] [D] [thread 100958] [43.0] [cxt 0] Pipeline 'ingress': end
[09:11:38.696] [bmv2] [D] [thread 100958] [43.0] [cxt 0] Egress port is 2
[09:11:38.696] [bmv2] [D] [thread 100961] [43.0] [cxt 0] Pipeline 'egress': start
[09:11:38.696] [bmv2] [D] [thread 100961] [43.0] [cxt 0] Pipeline 'egress': end
[09:11:38.696] [bmv2] [D] [thread 100961] [43.0] [cxt 0] Deparser 'deparser': start
[09:11:38.696] [bmv2] [D] [thread 100961] [43.0] [cxt 0] Updating checksum 'cksum'
[09:11:38.696] [bmv2] [D] [thread 100961] [43.0] [cxt 0] Deparsing header 'ethernet'
[09:11:38.696] [bmv2] [D] [thread 100961] [43.0] [cxt 0] Deparsing header 'ipv4'
[09:11:38.696] [bmv2] [D] [thread 100961] [43.0] [cxt 0] Deparser 'deparser': end
[09:11:38.696] [bmv2] [D] [thread 100963] [43.0] [cxt 0] Transmitting packet of size 308 out of port 2
[09:11:38.701] [bmv2] [D] [thread 100958] [44.0] [cxt 0] Processing packet received on port 2
[09:11:38.701] [bmv2] [D] [thread 100958] [44.0] [cxt 0] Parser 'parser': start
[09:11:38.701] [bmv2] [D] [thread 100958] [44.0] [cxt 0] Parser 'parser' entering state 'start'
[09:11:38.701] [bmv2] [D] [thread 100958] [44.0] [cxt 0] Extracting header 'ethernet'
[09:11:38.701] [bmv2] [D] [thread 100958] [44.0] [cxt 0] Parser state 'start': key is 0800
[09:11:38.701] [bmv2] [T] [thread 100958] [44.0] [cxt 0] Bytes parsed: 14
[09:11:38.701] [bmv2] [D] [thread 100958] [44.0] [cxt 0] Parser 'parser' entering state 'parse_ipv4'
[09:11:38.701] [bmv2] [D] [thread 100958] [44.0] [cxt 0] Extracting header 'ipv4'
[09:11:38.701] [bmv2] [D] [thread 100958] [44.0] [cxt 0] Parser state 'parse_ipv4' has no switch, going to default next state
[09:11:38.701] [bmv2] [T] [thread 100958] [44.0] [cxt 0] Bytes parsed: 34
[09:11:38.701] [bmv2] [D] [thread 100958] [44.0] [cxt 0] Parser 'parser': end
[09:11:38.701] [bmv2] [D] [thread 100958] [44.0] [cxt 0] Pipeline 'ingress': start
[09:11:38.701] [bmv2] [T] [thread 100958] [44.0] [cxt 0] switch.p4(116) Condition "hdr.ipv4.isValid()" (node_2) is true
[09:11:38.708] [bmv2] [T] [thread 100958] [44.0] [cxt 0] Applying table 'MyIngress.ipv4_lpm'
[09:11:38.708] [bmv2] [D] [thread 100958] [44.0] [cxt 0] Looking up key:
* hdr.ipv4.dstAddr    : 0a000202

[09:11:38.708] [bmv2] [D] [thread 100958] [44.0] [cxt 0] Table 'MyIngress.ipv4_lpm': hit with handle 1
[09:11:38.708] [bmv2] [D] [thread 100958] [44.0] [cxt 0] Dumping entry 1
Match key:
* hdr.ipv4.dstAddr    : LPM       0a000202/32
Action entry: MyIngress.ipv4_forward - 80000000222,1,

[09:11:38.708] [bmv2] [D] [thread 100958] [44.0] [cxt 0] Action entry is MyIngress.ipv4_forward - 80000000222,1,
[09:11:38.708] [bmv2] [T] [thread 100958] [44.0] [cxt 0] Action MyIngress.ipv4_forward
[09:11:38.708] [bmv2] [T] [thread 100958] [44.0] [cxt 0] switch.p4(96) Primitive standard_metadata.egress_spec = port
[09:11:38.708] [bmv2] [T] [thread 100958] [44.0] [cxt 0] switch.p4(97) Primitive hdr.ethernet.srcAddr = hdr.ethernet.dstAddr
[09:11:38.708] [bmv2] [T] [thread 100958] [44.0] [cxt 0] switch.p4(98) Primitive hdr.ethernet.dstAddr = dstAddr
[09:11:38.708] [bmv2] [T] [thread 100958] [44.0] [cxt 0] switch.p4(99) Primitive hdr.ipv4.ttl = hdr.ipv4.ttl - 1
[09:11:38.708] [bmv2] [D] [thread 100958] [44.0] [cxt 0] Pipeline 'ingress': end
[09:11:38.708] [bmv2] [D] [thread 100958] [44.0] [cxt 0] Egress port is 1
[09:11:38.708] [bmv2] [D] [thread 100960] [44.0] [cxt 0] Pipeline 'egress': start
[09:11:38.708] [bmv2] [D] [thread 100960] [44.0] [cxt 0] Pipeline 'egress': end
[09:11:38.708] [bmv2] [D] [thread 100960] [44.0] [cxt 0] Deparser 'deparser': start
[09:11:38.708] [bmv2] [D] [thread 100960] [44.0] [cxt 0] Updating checksum 'cksum'
[09:11:38.708] [bmv2] [D] [thread 100960] [44.0] [cxt 0] Deparsing header 'ethernet'
[09:11:38.708] [bmv2] [D] [thread 100960] [44.0] [cxt 0] Deparsing header 'ipv4'
[09:11:38.708] [bmv2] [D] [thread 100960] [44.0] [cxt 0] Deparser 'deparser': end
[09:11:38.708] [bmv2] [D] [thread 100963] [44.0] [cxt 0] Transmitting packet of size 336 out of port 1
[09:11:38.881] [bmv2] [D] [thread 100958] [45.0] [cxt 0] Processing packet received on port 2
[09:11:38.881] [bmv2] [D] [thread 100958] [45.0] [cxt 0] Parser 'parser': start
[09:11:38.881] [bmv2] [D] [thread 100958] [45.0] [cxt 0] Parser 'parser' entering state 'start'
[09:11:38.881] [bmv2] [D] [thread 100958] [45.0] [cxt 0] Extracting header 'ethernet'
[09:11:38.881] [bmv2] [D] [thread 100958] [45.0] [cxt 0] Parser state 'start': key is 86dd
[09:11:38.881] [bmv2] [T] [thread 100958] [45.0] [cxt 0] Bytes parsed: 14
[09:11:38.881] [bmv2] [D] [thread 100958] [45.0] [cxt 0] Parser 'parser': end
[09:11:38.881] [bmv2] [D] [thread 100958] [45.0] [cxt 0] Pipeline 'ingress': start
[09:11:38.881] [bmv2] [T] [thread 100958] [45.0] [cxt 0] switch.p4(116) Condition "hdr.ipv4.isValid()" (node_2) is false
[09:11:38.881] [bmv2] [D] [thread 100958] [45.0] [cxt 0] Pipeline 'ingress': end
[09:11:38.881] [bmv2] [D] [thread 100958] [45.0] [cxt 0] Egress port is 0
[09:11:38.881] [bmv2] [D] [thread 100959] [45.0] [cxt 0] Pipeline 'egress': start
[09:11:38.881] [bmv2] [D] [thread 100959] [45.0] [cxt 0] Pipeline 'egress': end
[09:11:38.881] [bmv2] [D] [thread 100959] [45.0] [cxt 0] Deparser 'deparser': start
[09:11:38.881] [bmv2] [T] [thread 100959] [45.0] [cxt 0] Skipping checksum 'cksum' update because condition not met
[09:11:38.881] [bmv2] [D] [thread 100959] [45.0] [cxt 0] Deparsing header 'ethernet'
[09:11:38.881] [bmv2] [D] [thread 100959] [45.0] [cxt 0] Deparser 'deparser': end
[09:11:38.882] [bmv2] [D] [thread 100963] [45.0] [cxt 0] Transmitting packet of size 203 out of port 0
[09:11:39.127] [bmv2] [D] [thread 100958] [46.0] [cxt 0] Processing packet received on port 1
[09:11:39.127] [bmv2] [D] [thread 100958] [46.0] [cxt 0] Parser 'parser': start
[09:11:39.127] [bmv2] [D] [thread 100958] [46.0] [cxt 0] Parser 'parser' entering state 'start'
[09:11:39.127] [bmv2] [D] [thread 100958] [46.0] [cxt 0] Extracting header 'ethernet'
[09:11:39.127] [bmv2] [D] [thread 100958] [46.0] [cxt 0] Parser state 'start': key is 86dd
[09:11:39.127] [bmv2] [T] [thread 100958] [46.0] [cxt 0] Bytes parsed: 14
[09:11:39.127] [bmv2] [D] [thread 100958] [46.0] [cxt 0] Parser 'parser': end
[09:11:39.127] [bmv2] [D] [thread 100958] [46.0] [cxt 0] Pipeline 'ingress': start
[09:11:39.127] [bmv2] [T] [thread 100958] [46.0] [cxt 0] switch.p4(116) Condition "hdr.ipv4.isValid()" (node_2) is false
[09:11:39.127] [bmv2] [D] [thread 100958] [46.0] [cxt 0] Pipeline 'ingress': end
[09:11:39.127] [bmv2] [D] [thread 100958] [46.0] [cxt 0] Egress port is 0
[09:11:39.127] [bmv2] [D] [thread 100959] [46.0] [cxt 0] Pipeline 'egress': start
[09:11:39.127] [bmv2] [D] [thread 100959] [46.0] [cxt 0] Pipeline 'egress': end
[09:11:39.127] [bmv2] [D] [thread 100959] [46.0] [cxt 0] Deparser 'deparser': start
[09:11:39.127] [bmv2] [T] [thread 100959] [46.0] [cxt 0] Skipping checksum 'cksum' update because condition not met
[09:11:39.127] [bmv2] [D] [thread 100959] [46.0] [cxt 0] Deparsing header 'ethernet'
[09:11:39.127] [bmv2] [D] [thread 100959] [46.0] [cxt 0] Deparser 'deparser': end
[09:11:39.127] [bmv2] [D] [thread 100963] [46.0] [cxt 0] Transmitting packet of size 203 out of port 0
[09:11:40.299] [bmv2] [D] [thread 100958] [47.0] [cxt 0] Processing packet received on port 2
[09:11:40.299] [bmv2] [D] [thread 100958] [47.0] [cxt 0] Parser 'parser': start
[09:11:40.299] [bmv2] [D] [thread 100958] [47.0] [cxt 0] Parser 'parser' entering state 'start'
[09:11:40.299] [bmv2] [D] [thread 100958] [47.0] [cxt 0] Extracting header 'ethernet'
[09:11:40.299] [bmv2] [D] [thread 100958] [47.0] [cxt 0] Parser state 'start': key is 0800
[09:11:40.299] [bmv2] [T] [thread 100958] [47.0] [cxt 0] Bytes parsed: 14
[09:11:40.299] [bmv2] [D] [thread 100958] [47.0] [cxt 0] Parser 'parser' entering state 'parse_ipv4'
[09:11:40.299] [bmv2] [D] [thread 100958] [47.0] [cxt 0] Extracting header 'ipv4'
[09:11:40.299] [bmv2] [D] [thread 100958] [47.0] [cxt 0] Parser state 'parse_ipv4' has no switch, going to default next state
[09:11:40.299] [bmv2] [T] [thread 100958] [47.0] [cxt 0] Bytes parsed: 34
[09:11:40.299] [bmv2] [D] [thread 100958] [47.0] [cxt 0] Parser 'parser': end
[09:11:40.299] [bmv2] [D] [thread 100958] [47.0] [cxt 0] Pipeline 'ingress': start
[09:11:40.299] [bmv2] [T] [thread 100958] [47.0] [cxt 0] switch.p4(116) Condition "hdr.ipv4.isValid()" (node_2) is true
[09:11:40.299] [bmv2] [T] [thread 100958] [47.0] [cxt 0] Applying table 'MyIngress.ipv4_lpm'
[09:11:40.299] [bmv2] [D] [thread 100958] [47.0] [cxt 0] Looking up key:
* hdr.ipv4.dstAddr    : 0a000202

[09:11:40.299] [bmv2] [D] [thread 100958] [47.0] [cxt 0] Table 'MyIngress.ipv4_lpm': hit with handle 1
[09:11:40.299] [bmv2] [D] [thread 100958] [47.0] [cxt 0] Dumping entry 1
Match key:
* hdr.ipv4.dstAddr    : LPM       0a000202/32
Action entry: MyIngress.ipv4_forward - 80000000222,1,

[09:11:40.299] [bmv2] [D] [thread 100958] [47.0] [cxt 0] Action entry is MyIngress.ipv4_forward - 80000000222,1,
[09:11:40.299] [bmv2] [T] [thread 100958] [47.0] [cxt 0] Action MyIngress.ipv4_forward
[09:11:40.299] [bmv2] [T] [thread 100958] [47.0] [cxt 0] switch.p4(96) Primitive standard_metadata.egress_spec = port
[09:11:40.299] [bmv2] [T] [thread 100958] [47.0] [cxt 0] switch.p4(97) Primitive hdr.ethernet.srcAddr = hdr.ethernet.dstAddr
[09:11:40.299] [bmv2] [T] [thread 100958] [47.0] [cxt 0] switch.p4(98) Primitive hdr.ethernet.dstAddr = dstAddr
[09:11:40.299] [bmv2] [T] [thread 100958] [47.0] [cxt 0] switch.p4(99) Primitive hdr.ipv4.ttl = hdr.ipv4.ttl - 1
[09:11:40.299] [bmv2] [D] [thread 100958] [47.0] [cxt 0] Pipeline 'ingress': end
[09:11:40.299] [bmv2] [D] [thread 100958] [47.0] [cxt 0] Egress port is 1
[09:11:40.299] [bmv2] [D] [thread 100960] [47.0] [cxt 0] Pipeline 'egress': start
[09:11:40.299] [bmv2] [D] [thread 100960] [47.0] [cxt 0] Pipeline 'egress': end
[09:11:40.299] [bmv2] [D] [thread 100960] [47.0] [cxt 0] Deparser 'deparser': start
[09:11:40.299] [bmv2] [D] [thread 100960] [47.0] [cxt 0] Updating checksum 'cksum'
[09:11:40.299] [bmv2] [D] [thread 100960] [47.0] [cxt 0] Deparsing header 'ethernet'
[09:11:40.305] [bmv2] [D] [thread 100960] [47.0] [cxt 0] Deparsing header 'ipv4'
[09:11:40.305] [bmv2] [D] [thread 100960] [47.0] [cxt 0] Deparser 'deparser': end
[09:11:40.305] [bmv2] [D] [thread 100963] [47.0] [cxt 0] Transmitting packet of size 48 out of port 1
[09:11:40.305] [bmv2] [D] [thread 100958] [48.0] [cxt 0] Processing packet received on port 1
[09:11:40.305] [bmv2] [D] [thread 100958] [48.0] [cxt 0] Parser 'parser': start
[09:11:40.305] [bmv2] [D] [thread 100958] [48.0] [cxt 0] Parser 'parser' entering state 'start'
[09:11:40.305] [bmv2] [D] [thread 100958] [48.0] [cxt 0] Extracting header 'ethernet'
[09:11:40.305] [bmv2] [D] [thread 100958] [48.0] [cxt 0] Parser state 'start': key is 0800
[09:11:40.305] [bmv2] [T] [thread 100958] [48.0] [cxt 0] Bytes parsed: 14
[09:11:40.305] [bmv2] [D] [thread 100958] [48.0] [cxt 0] Parser 'parser' entering state 'parse_ipv4'
[09:11:40.305] [bmv2] [D] [thread 100958] [48.0] [cxt 0] Extracting header 'ipv4'
[09:11:40.305] [bmv2] [D] [thread 100958] [48.0] [cxt 0] Parser state 'parse_ipv4' has no switch, going to default next state
[09:11:40.305] [bmv2] [T] [thread 100958] [48.0] [cxt 0] Bytes parsed: 34
[09:11:40.305] [bmv2] [D] [thread 100958] [48.0] [cxt 0] Parser 'parser': end
[09:11:40.305] [bmv2] [D] [thread 100958] [48.0] [cxt 0] Pipeline 'ingress': start
[09:11:40.305] [bmv2] [T] [thread 100958] [48.0] [cxt 0] switch.p4(116) Condition "hdr.ipv4.isValid()" (node_2) is true
[09:11:40.305] [bmv2] [T] [thread 100958] [48.0] [cxt 0] Applying table 'MyIngress.ipv4_lpm'
[09:11:40.305] [bmv2] [D] [thread 100958] [48.0] [cxt 0] Looking up key:
* hdr.ipv4.dstAddr    : 0a000101

[09:11:40.305] [bmv2] [D] [thread 100958] [48.0] [cxt 0] Table 'MyIngress.ipv4_lpm': hit with handle 0
[09:11:40.305] [bmv2] [D] [thread 100958] [48.0] [cxt 0] Dumping entry 0
Match key:
* hdr.ipv4.dstAddr    : LPM       0a000101/32
Action entry: MyIngress.ipv4_forward - 80000000200,2,

[09:11:40.305] [bmv2] [D] [thread 100958] [48.0] [cxt 0] Action entry is MyIngress.ipv4_forward - 80000000200,2,
[09:11:40.305] [bmv2] [T] [thread 100958] [48.0] [cxt 0] Action MyIngress.ipv4_forward
[09:11:40.305] [bmv2] [T] [thread 100958] [48.0] [cxt 0] switch.p4(96) Primitive standard_metadata.egress_spec = port
[09:11:40.305] [bmv2] [T] [thread 100958] [48.0] [cxt 0] switch.p4(97) Primitive hdr.ethernet.srcAddr = hdr.ethernet.dstAddr
[09:11:40.305] [bmv2] [T] [thread 100958] [48.0] [cxt 0] switch.p4(98) Primitive hdr.ethernet.dstAddr = dstAddr
[09:11:40.305] [bmv2] [T] [thread 100958] [48.0] [cxt 0] switch.p4(99) Primitive hdr.ipv4.ttl = hdr.ipv4.ttl - 1
[09:11:40.305] [bmv2] [D] [thread 100958] [48.0] [cxt 0] Pipeline 'ingress': end
[09:11:40.305] [bmv2] [D] [thread 100958] [48.0] [cxt 0] Egress port is 2
[09:11:40.305] [bmv2] [D] [thread 100961] [48.0] [cxt 0] Pipeline 'egress': start
[09:11:40.305] [bmv2] [D] [thread 100961] [48.0] [cxt 0] Pipeline 'egress': end
[09:11:40.305] [bmv2] [D] [thread 100961] [48.0] [cxt 0] Deparser 'deparser': start
[09:11:40.305] [bmv2] [D] [thread 100961] [48.0] [cxt 0] Updating checksum 'cksum'
[09:11:40.305] [bmv2] [D] [thread 100961] [48.0] [cxt 0] Deparsing header 'ethernet'
[09:11:40.305] [bmv2] [D] [thread 100961] [48.0] [cxt 0] Deparsing header 'ipv4'
[09:11:40.305] [bmv2] [D] [thread 100961] [48.0] [cxt 0] Deparser 'deparser': end
[09:11:40.305] [bmv2] [D] [thread 100963] [48.0] [cxt 0] Transmitting packet of size 76 out of port 2
[09:11:40.320] [bmv2] [D] [thread 100958] [49.0] [cxt 0] Processing packet received on port 1
[09:11:40.320] [bmv2] [D] [thread 100958] [49.0] [cxt 0] Parser 'parser': start
[09:11:40.320] [bmv2] [D] [thread 100958] [49.0] [cxt 0] Parser 'parser' entering state 'start'
[09:11:40.320] [bmv2] [D] [thread 100958] [49.0] [cxt 0] Extracting header 'ethernet'
[09:11:40.320] [bmv2] [D] [thread 100958] [49.0] [cxt 0] Parser state 'start': key is 0800
[09:11:40.320] [bmv2] [T] [thread 100958] [49.0] [cxt 0] Bytes parsed: 14
[09:11:40.320] [bmv2] [D] [thread 100958] [49.0] [cxt 0] Parser 'parser' entering state 'parse_ipv4'
[09:11:40.320] [bmv2] [D] [thread 100958] [49.0] [cxt 0] Extracting header 'ipv4'
[09:11:40.320] [bmv2] [D] [thread 100958] [49.0] [cxt 0] Parser state 'parse_ipv4' has no switch, going to default next state
[09:11:40.320] [bmv2] [T] [thread 100958] [49.0] [cxt 0] Bytes parsed: 34
[09:11:40.320] [bmv2] [D] [thread 100958] [49.0] [cxt 0] Parser 'parser': end
[09:11:40.320] [bmv2] [D] [thread 100958] [49.0] [cxt 0] Pipeline 'ingress': start
[09:11:40.320] [bmv2] [T] [thread 100958] [49.0] [cxt 0] switch.p4(116) Condition "hdr.ipv4.isValid()" (node_2) is true
[09:11:40.320] [bmv2] [T] [thread 100958] [49.0] [cxt 0] Applying table 'MyIngress.ipv4_lpm'
[09:11:40.320] [bmv2] [D] [thread 100958] [49.0] [cxt 0] Looking up key:
* hdr.ipv4.dstAddr    : 0a000101

[09:11:40.320] [bmv2] [D] [thread 100958] [49.0] [cxt 0] Table 'MyIngress.ipv4_lpm': hit with handle 0
[09:11:40.320] [bmv2] [D] [thread 100958] [49.0] [cxt 0] Dumping entry 0
Match key:
* hdr.ipv4.dstAddr    : LPM       0a000101/32
Action entry: MyIngress.ipv4_forward - 80000000200,2,

[09:11:40.320] [bmv2] [D] [thread 100958] [49.0] [cxt 0] Action entry is MyIngress.ipv4_forward - 80000000200,2,
[09:11:40.320] [bmv2] [T] [thread 100958] [49.0] [cxt 0] Action MyIngress.ipv4_forward
[09:11:40.320] [bmv2] [T] [thread 100958] [49.0] [cxt 0] switch.p4(96) Primitive standard_metadata.egress_spec = port
[09:11:40.320] [bmv2] [T] [thread 100958] [49.0] [cxt 0] switch.p4(97) Primitive hdr.ethernet.srcAddr = hdr.ethernet.dstAddr
[09:11:40.320] [bmv2] [T] [thread 100958] [49.0] [cxt 0] switch.p4(98) Primitive hdr.ethernet.dstAddr = dstAddr
[09:11:40.320] [bmv2] [T] [thread 100958] [49.0] [cxt 0] switch.p4(99) Primitive hdr.ipv4.ttl = hdr.ipv4.ttl - 1
[09:11:40.320] [bmv2] [D] [thread 100958] [49.0] [cxt 0] Pipeline 'ingress': end
[09:11:40.320] [bmv2] [D] [thread 100958] [49.0] [cxt 0] Egress port is 2
[09:11:40.320] [bmv2] [D] [thread 100961] [49.0] [cxt 0] Pipeline 'egress': start
[09:11:40.320] [bmv2] [D] [thread 100961] [49.0] [cxt 0] Pipeline 'egress': end
[09:11:40.320] [bmv2] [D] [thread 100961] [49.0] [cxt 0] Deparser 'deparser': start
[09:11:40.320] [bmv2] [D] [thread 100961] [49.0] [cxt 0] Updating checksum 'cksum'
[09:11:40.320] [bmv2] [D] [thread 100961] [49.0] [cxt 0] Deparsing header 'ethernet'
[09:11:40.320] [bmv2] [D] [thread 100961] [49.0] [cxt 0] Deparsing header 'ipv4'
[09:11:40.320] [bmv2] [D] [thread 100961] [49.0] [cxt 0] Deparser 'deparser': end
[09:11:40.320] [bmv2] [D] [thread 100963] [49.0] [cxt 0] Transmitting packet of size 308 out of port 2
[09:11:40.330] [bmv2] [D] [thread 100958] [50.0] [cxt 0] Processing packet received on port 2
[09:11:40.330] [bmv2] [D] [thread 100958] [50.0] [cxt 0] Parser 'parser': start
[09:11:40.330] [bmv2] [D] [thread 100958] [50.0] [cxt 0] Parser 'parser' entering state 'start'
[09:11:40.330] [bmv2] [D] [thread 100958] [50.0] [cxt 0] Extracting header 'ethernet'
[09:11:40.330] [bmv2] [D] [thread 100958] [50.0] [cxt 0] Parser state 'start': key is 0800
[09:11:40.330] [bmv2] [T] [thread 100958] [50.0] [cxt 0] Bytes parsed: 14
[09:11:40.330] [bmv2] [D] [thread 100958] [50.0] [cxt 0] Parser 'parser' entering state 'parse_ipv4'
[09:11:40.330] [bmv2] [D] [thread 100958] [50.0] [cxt 0] Extracting header 'ipv4'
[09:11:40.330] [bmv2] [D] [thread 100958] [50.0] [cxt 0] Parser state 'parse_ipv4' has no switch, going to default next state
[09:11:40.330] [bmv2] [T] [thread 100958] [50.0] [cxt 0] Bytes parsed: 34
[09:11:40.330] [bmv2] [D] [thread 100958] [50.0] [cxt 0] Parser 'parser': end
[09:11:40.330] [bmv2] [D] [thread 100958] [50.0] [cxt 0] Pipeline 'ingress': start
[09:11:40.330] [bmv2] [T] [thread 100958] [50.0] [cxt 0] switch.p4(116) Condition "hdr.ipv4.isValid()" (node_2) is true
[09:11:40.330] [bmv2] [T] [thread 100958] [50.0] [cxt 0] Applying table 'MyIngress.ipv4_lpm'
[09:11:40.330] [bmv2] [D] [thread 100958] [50.0] [cxt 0] Looking up key:
* hdr.ipv4.dstAddr    : 0a000202

[09:11:40.330] [bmv2] [D] [thread 100958] [50.0] [cxt 0] Table 'MyIngress.ipv4_lpm': hit with handle 1
[09:11:40.330] [bmv2] [D] [thread 100958] [50.0] [cxt 0] Dumping entry 1
Match key:
* hdr.ipv4.dstAddr    : LPM       0a000202/32
Action entry: MyIngress.ipv4_forward - 80000000222,1,

[09:11:40.330] [bmv2] [D] [thread 100958] [50.0] [cxt 0] Action entry is MyIngress.ipv4_forward - 80000000222,1,
[09:11:40.330] [bmv2] [T] [thread 100958] [50.0] [cxt 0] Action MyIngress.ipv4_forward
[09:11:40.330] [bmv2] [T] [thread 100958] [50.0] [cxt 0] switch.p4(96) Primitive standard_metadata.egress_spec = port
[09:11:40.330] [bmv2] [T] [thread 100958] [50.0] [cxt 0] switch.p4(97) Primitive hdr.ethernet.srcAddr = hdr.ethernet.dstAddr
[09:11:40.330] [bmv2] [T] [thread 100958] [50.0] [cxt 0] switch.p4(98) Primitive hdr.ethernet.dstAddr = dstAddr
[09:11:40.330] [bmv2] [T] [thread 100958] [50.0] [cxt 0] switch.p4(99) Primitive hdr.ipv4.ttl = hdr.ipv4.ttl - 1
[09:11:40.330] [bmv2] [D] [thread 100958] [50.0] [cxt 0] Pipeline 'ingress': end
[09:11:40.330] [bmv2] [D] [thread 100958] [50.0] [cxt 0] Egress port is 1
[09:11:40.330] [bmv2] [D] [thread 100960] [50.0] [cxt 0] Pipeline 'egress': start
[09:11:40.330] [bmv2] [D] [thread 100960] [50.0] [cxt 0] Pipeline 'egress': end
[09:11:40.330] [bmv2] [D] [thread 100960] [50.0] [cxt 0] Deparser 'deparser': start
[09:11:40.330] [bmv2] [D] [thread 100960] [50.0] [cxt 0] Updating checksum 'cksum'
[09:11:40.330] [bmv2] [D] [thread 100960] [50.0] [cxt 0] Deparsing header 'ethernet'
[09:11:40.330] [bmv2] [D] [thread 100960] [50.0] [cxt 0] Deparsing header 'ipv4'
[09:11:40.330] [bmv2] [D] [thread 100960] [50.0] [cxt 0] Deparser 'deparser': end
[09:11:40.330] [bmv2] [D] [thread 100963] [50.0] [cxt 0] Transmitting packet of size 336 out of port 1
[09:11:41.313] [bmv2] [D] [thread 100958] [51.0] [cxt 0] Processing packet received on port 2
[09:11:41.313] [bmv2] [D] [thread 100958] [51.0] [cxt 0] Parser 'parser': start
[09:11:41.313] [bmv2] [D] [thread 100958] [51.0] [cxt 0] Parser 'parser' entering state 'start'
[09:11:41.313] [bmv2] [D] [thread 100958] [51.0] [cxt 0] Extracting header 'ethernet'
[09:11:41.313] [bmv2] [D] [thread 100958] [51.0] [cxt 0] Parser state 'start': key is 0800
[09:11:41.313] [bmv2] [T] [thread 100958] [51.0] [cxt 0] Bytes parsed: 14
[09:11:41.313] [bmv2] [D] [thread 100958] [51.0] [cxt 0] Parser 'parser' entering state 'parse_ipv4'
[09:11:41.313] [bmv2] [D] [thread 100958] [51.0] [cxt 0] Extracting header 'ipv4'
[09:11:41.313] [bmv2] [D] [thread 100958] [51.0] [cxt 0] Parser state 'parse_ipv4' has no switch, going to default next state
[09:11:41.313] [bmv2] [T] [thread 100958] [51.0] [cxt 0] Bytes parsed: 34
[09:11:41.313] [bmv2] [D] [thread 100958] [51.0] [cxt 0] Parser 'parser': end
[09:11:41.313] [bmv2] [D] [thread 100958] [51.0] [cxt 0] Pipeline 'ingress': start
[09:11:41.313] [bmv2] [T] [thread 100958] [51.0] [cxt 0] switch.p4(116) Condition "hdr.ipv4.isValid()" (node_2) is true
[09:11:41.313] [bmv2] [T] [thread 100958] [51.0] [cxt 0] Applying table 'MyIngress.ipv4_lpm'
[09:11:41.313] [bmv2] [D] [thread 100958] [51.0] [cxt 0] Looking up key:
* hdr.ipv4.dstAddr    : 0a000202

[09:11:41.313] [bmv2] [D] [thread 100958] [51.0] [cxt 0] Table 'MyIngress.ipv4_lpm': hit with handle 1
[09:11:41.313] [bmv2] [D] [thread 100958] [51.0] [cxt 0] Dumping entry 1
Match key:
* hdr.ipv4.dstAddr    : LPM       0a000202/32
Action entry: MyIngress.ipv4_forward - 80000000222,1,

[09:11:41.313] [bmv2] [D] [thread 100958] [51.0] [cxt 0] Action entry is MyIngress.ipv4_forward - 80000000222,1,
[09:11:41.313] [bmv2] [T] [thread 100958] [51.0] [cxt 0] Action MyIngress.ipv4_forward
[09:11:41.313] [bmv2] [T] [thread 100958] [51.0] [cxt 0] switch.p4(96) Primitive standard_metadata.egress_spec = port
[09:11:41.313] [bmv2] [T] [thread 100958] [51.0] [cxt 0] switch.p4(97) Primitive hdr.ethernet.srcAddr = hdr.ethernet.dstAddr
[09:11:41.313] [bmv2] [T] [thread 100958] [51.0] [cxt 0] switch.p4(98) Primitive hdr.ethernet.dstAddr = dstAddr
[09:11:41.313] [bmv2] [T] [thread 100958] [51.0] [cxt 0] switch.p4(99) Primitive hdr.ipv4.ttl = hdr.ipv4.ttl - 1
[09:11:41.313] [bmv2] [D] [thread 100958] [51.0] [cxt 0] Pipeline 'ingress': end
[09:11:41.313] [bmv2] [D] [thread 100958] [51.0] [cxt 0] Egress port is 1
[09:11:41.313] [bmv2] [D] [thread 100960] [51.0] [cxt 0] Pipeline 'egress': start
[09:11:41.313] [bmv2] [D] [thread 100960] [51.0] [cxt 0] Pipeline 'egress': end
[09:11:41.313] [bmv2] [D] [thread 100960] [51.0] [cxt 0] Deparser 'deparser': start
[09:11:41.313] [bmv2] [D] [thread 100960] [51.0] [cxt 0] Updating checksum 'cksum'
[09:11:41.313] [bmv2] [D] [thread 100960] [51.0] [cxt 0] Deparsing header 'ethernet'
[09:11:41.313] [bmv2] [D] [thread 100960] [51.0] [cxt 0] Deparsing header 'ipv4'
[09:11:41.313] [bmv2] [D] [thread 100960] [51.0] [cxt 0] Deparser 'deparser': end
[09:11:41.313] [bmv2] [D] [thread 100963] [51.0] [cxt 0] Transmitting packet of size 48 out of port 1
[09:11:41.315] [bmv2] [D] [thread 100958] [52.0] [cxt 0] Processing packet received on port 1
[09:11:41.315] [bmv2] [D] [thread 100958] [52.0] [cxt 0] Parser 'parser': start
[09:11:41.315] [bmv2] [D] [thread 100958] [52.0] [cxt 0] Parser 'parser' entering state 'start'
[09:11:41.315] [bmv2] [D] [thread 100958] [52.0] [cxt 0] Extracting header 'ethernet'
[09:11:41.315] [bmv2] [D] [thread 100958] [52.0] [cxt 0] Parser state 'start': key is 0800
[09:11:41.315] [bmv2] [T] [thread 100958] [52.0] [cxt 0] Bytes parsed: 14
[09:11:41.315] [bmv2] [D] [thread 100958] [52.0] [cxt 0] Parser 'parser' entering state 'parse_ipv4'
[09:11:41.315] [bmv2] [D] [thread 100958] [52.0] [cxt 0] Extracting header 'ipv4'
[09:11:41.315] [bmv2] [D] [thread 100958] [52.0] [cxt 0] Parser state 'parse_ipv4' has no switch, going to default next state
[09:11:41.315] [bmv2] [T] [thread 100958] [52.0] [cxt 0] Bytes parsed: 34
[09:11:41.315] [bmv2] [D] [thread 100958] [52.0] [cxt 0] Parser 'parser': end
[09:11:41.315] [bmv2] [D] [thread 100958] [52.0] [cxt 0] Pipeline 'ingress': start
[09:11:41.315] [bmv2] [T] [thread 100958] [52.0] [cxt 0] switch.p4(116) Condition "hdr.ipv4.isValid()" (node_2) is true
[09:11:41.315] [bmv2] [T] [thread 100958] [52.0] [cxt 0] Applying table 'MyIngress.ipv4_lpm'
[09:11:41.315] [bmv2] [D] [thread 100958] [52.0] [cxt 0] Looking up key:
* hdr.ipv4.dstAddr    : 0a000101

[09:11:41.315] [bmv2] [D] [thread 100958] [52.0] [cxt 0] Table 'MyIngress.ipv4_lpm': hit with handle 0
[09:11:41.315] [bmv2] [D] [thread 100958] [52.0] [cxt 0] Dumping entry 0
Match key:
* hdr.ipv4.dstAddr    : LPM       0a000101/32
Action entry: MyIngress.ipv4_forward - 80000000200,2,

[09:11:41.315] [bmv2] [D] [thread 100958] [52.0] [cxt 0] Action entry is MyIngress.ipv4_forward - 80000000200,2,
[09:11:41.315] [bmv2] [T] [thread 100958] [52.0] [cxt 0] Action MyIngress.ipv4_forward
[09:11:41.315] [bmv2] [T] [thread 100958] [52.0] [cxt 0] switch.p4(96) Primitive standard_metadata.egress_spec = port
[09:11:41.315] [bmv2] [T] [thread 100958] [52.0] [cxt 0] switch.p4(97) Primitive hdr.ethernet.srcAddr = hdr.ethernet.dstAddr
[09:11:41.315] [bmv2] [T] [thread 100958] [52.0] [cxt 0] switch.p4(98) Primitive hdr.ethernet.dstAddr = dstAddr
[09:11:41.315] [bmv2] [T] [thread 100958] [52.0] [cxt 0] switch.p4(99) Primitive hdr.ipv4.ttl = hdr.ipv4.ttl - 1
[09:11:41.315] [bmv2] [D] [thread 100958] [52.0] [cxt 0] Pipeline 'ingress': end
[09:11:41.315] [bmv2] [D] [thread 100958] [52.0] [cxt 0] Egress port is 2
[09:11:41.315] [bmv2] [D] [thread 100961] [52.0] [cxt 0] Pipeline 'egress': start
[09:11:41.315] [bmv2] [D] [thread 100961] [52.0] [cxt 0] Pipeline 'egress': end
[09:11:41.315] [bmv2] [D] [thread 100961] [52.0] [cxt 0] Deparser 'deparser': start
[09:11:41.315] [bmv2] [D] [thread 100961] [52.0] [cxt 0] Updating checksum 'cksum'
[09:11:41.315] [bmv2] [D] [thread 100961] [52.0] [cxt 0] Deparsing header 'ethernet'
[09:11:41.315] [bmv2] [D] [thread 100961] [52.0] [cxt 0] Deparsing header 'ipv4'
[09:11:41.315] [bmv2] [D] [thread 100961] [52.0] [cxt 0] Deparser 'deparser': end
[09:11:41.317] [bmv2] [D] [thread 100963] [52.0] [cxt 0] Transmitting packet of size 76 out of port 2
[09:11:41.323] [bmv2] [D] [thread 100958] [53.0] [cxt 0] Processing packet received on port 1
[09:11:41.323] [bmv2] [D] [thread 100958] [53.0] [cxt 0] Parser 'parser': start
[09:11:41.323] [bmv2] [D] [thread 100958] [53.0] [cxt 0] Parser 'parser' entering state 'start'
[09:11:41.323] [bmv2] [D] [thread 100958] [53.0] [cxt 0] Extracting header 'ethernet'
[09:11:41.323] [bmv2] [D] [thread 100958] [53.0] [cxt 0] Parser state 'start': key is 0800
[09:11:41.323] [bmv2] [T] [thread 100958] [53.0] [cxt 0] Bytes parsed: 14
[09:11:41.323] [bmv2] [D] [thread 100958] [53.0] [cxt 0] Parser 'parser' entering state 'parse_ipv4'
[09:11:41.323] [bmv2] [D] [thread 100958] [53.0] [cxt 0] Extracting header 'ipv4'
[09:11:41.323] [bmv2] [D] [thread 100958] [53.0] [cxt 0] Parser state 'parse_ipv4' has no switch, going to default next state
[09:11:41.323] [bmv2] [T] [thread 100958] [53.0] [cxt 0] Bytes parsed: 34
[09:11:41.323] [bmv2] [D] [thread 100958] [53.0] [cxt 0] Parser 'parser': end
[09:11:41.323] [bmv2] [D] [thread 100958] [53.0] [cxt 0] Pipeline 'ingress': start
[09:11:41.323] [bmv2] [T] [thread 100958] [53.0] [cxt 0] switch.p4(116) Condition "hdr.ipv4.isValid()" (node_2) is true
[09:11:41.323] [bmv2] [T] [thread 100958] [53.0] [cxt 0] Applying table 'MyIngress.ipv4_lpm'
[09:11:41.323] [bmv2] [D] [thread 100958] [53.0] [cxt 0] Looking up key:
* hdr.ipv4.dstAddr    : 0a000101

[09:11:41.323] [bmv2] [D] [thread 100958] [53.0] [cxt 0] Table 'MyIngress.ipv4_lpm': hit with handle 0
[09:11:41.323] [bmv2] [D] [thread 100958] [53.0] [cxt 0] Dumping entry 0
Match key:
* hdr.ipv4.dstAddr    : LPM       0a000101/32
Action entry: MyIngress.ipv4_forward - 80000000200,2,

[09:11:41.323] [bmv2] [D] [thread 100958] [53.0] [cxt 0] Action entry is MyIngress.ipv4_forward - 80000000200,2,
[09:11:41.323] [bmv2] [T] [thread 100958] [53.0] [cxt 0] Action MyIngress.ipv4_forward
[09:11:41.323] [bmv2] [T] [thread 100958] [53.0] [cxt 0] switch.p4(96) Primitive standard_metadata.egress_spec = port
[09:11:41.323] [bmv2] [T] [thread 100958] [53.0] [cxt 0] switch.p4(97) Primitive hdr.ethernet.srcAddr = hdr.ethernet.dstAddr
[09:11:41.323] [bmv2] [T] [thread 100958] [53.0] [cxt 0] switch.p4(98) Primitive hdr.ethernet.dstAddr = dstAddr
[09:11:41.323] [bmv2] [T] [thread 100958] [53.0] [cxt 0] switch.p4(99) Primitive hdr.ipv4.ttl = hdr.ipv4.ttl - 1
[09:11:41.323] [bmv2] [D] [thread 100958] [53.0] [cxt 0] Pipeline 'ingress': end
[09:11:41.323] [bmv2] [D] [thread 100958] [53.0] [cxt 0] Egress port is 2
[09:11:41.323] [bmv2] [D] [thread 100961] [53.0] [cxt 0] Pipeline 'egress': start
[09:11:41.323] [bmv2] [D] [thread 100961] [53.0] [cxt 0] Pipeline 'egress': end
[09:11:41.323] [bmv2] [D] [thread 100961] [53.0] [cxt 0] Deparser 'deparser': start
[09:11:41.323] [bmv2] [D] [thread 100961] [53.0] [cxt 0] Updating checksum 'cksum'
[09:11:41.323] [bmv2] [D] [thread 100961] [53.0] [cxt 0] Deparsing header 'ethernet'
[09:11:41.323] [bmv2] [D] [thread 100961] [53.0] [cxt 0] Deparsing header 'ipv4'
[09:11:41.323] [bmv2] [D] [thread 100961] [53.0] [cxt 0] Deparser 'deparser': end
[09:11:41.323] [bmv2] [D] [thread 100963] [53.0] [cxt 0] Transmitting packet of size 308 out of port 2
[09:11:41.333] [bmv2] [D] [thread 100958] [54.0] [cxt 0] Processing packet received on port 2
[09:11:41.333] [bmv2] [D] [thread 100958] [54.0] [cxt 0] Parser 'parser': start
[09:11:41.333] [bmv2] [D] [thread 100958] [54.0] [cxt 0] Parser 'parser' entering state 'start'
[09:11:41.333] [bmv2] [D] [thread 100958] [54.0] [cxt 0] Extracting header 'ethernet'
[09:11:41.333] [bmv2] [D] [thread 100958] [54.0] [cxt 0] Parser state 'start': key is 0800
[09:11:41.333] [bmv2] [T] [thread 100958] [54.0] [cxt 0] Bytes parsed: 14
[09:11:41.333] [bmv2] [D] [thread 100958] [54.0] [cxt 0] Parser 'parser' entering state 'parse_ipv4'
[09:11:41.333] [bmv2] [D] [thread 100958] [54.0] [cxt 0] Extracting header 'ipv4'
[09:11:41.333] [bmv2] [D] [thread 100958] [54.0] [cxt 0] Parser state 'parse_ipv4' has no switch, going to default next state
[09:11:41.333] [bmv2] [T] [thread 100958] [54.0] [cxt 0] Bytes parsed: 34
[09:11:41.333] [bmv2] [D] [thread 100958] [54.0] [cxt 0] Parser 'parser': end
[09:11:41.333] [bmv2] [D] [thread 100958] [54.0] [cxt 0] Pipeline 'ingress': start
[09:11:41.333] [bmv2] [T] [thread 100958] [54.0] [cxt 0] switch.p4(116) Condition "hdr.ipv4.isValid()" (node_2) is true
[09:11:41.333] [bmv2] [T] [thread 100958] [54.0] [cxt 0] Applying table 'MyIngress.ipv4_lpm'
[09:11:41.333] [bmv2] [D] [thread 100958] [54.0] [cxt 0] Looking up key:
* hdr.ipv4.dstAddr    : 0a000202

[09:11:41.333] [bmv2] [D] [thread 100958] [54.0] [cxt 0] Table 'MyIngress.ipv4_lpm': hit with handle 1
[09:11:41.333] [bmv2] [D] [thread 100958] [54.0] [cxt 0] Dumping entry 1
Match key:
* hdr.ipv4.dstAddr    : LPM       0a000202/32
Action entry: MyIngress.ipv4_forward - 80000000222,1,

[09:11:41.333] [bmv2] [D] [thread 100958] [54.0] [cxt 0] Action entry is MyIngress.ipv4_forward - 80000000222,1,
[09:11:41.333] [bmv2] [T] [thread 100958] [54.0] [cxt 0] Action MyIngress.ipv4_forward
[09:11:41.333] [bmv2] [T] [thread 100958] [54.0] [cxt 0] switch.p4(96) Primitive standard_metadata.egress_spec = port
[09:11:41.333] [bmv2] [T] [thread 100958] [54.0] [cxt 0] switch.p4(97) Primitive hdr.ethernet.srcAddr = hdr.ethernet.dstAddr
[09:11:41.333] [bmv2] [T] [thread 100958] [54.0] [cxt 0] switch.p4(98) Primitive hdr.ethernet.dstAddr = dstAddr
[09:11:41.333] [bmv2] [T] [thread 100958] [54.0] [cxt 0] switch.p4(99) Primitive hdr.ipv4.ttl = hdr.ipv4.ttl - 1
[09:11:41.333] [bmv2] [D] [thread 100958] [54.0] [cxt 0] Pipeline 'ingress': end
[09:11:41.333] [bmv2] [D] [thread 100958] [54.0] [cxt 0] Egress port is 1
[09:11:41.333] [bmv2] [D] [thread 100960] [54.0] [cxt 0] Pipeline 'egress': start
[09:11:41.333] [bmv2] [D] [thread 100960] [54.0] [cxt 0] Pipeline 'egress': end
[09:11:41.336] [bmv2] [D] [thread 100960] [54.0] [cxt 0] Deparser 'deparser': start
[09:11:41.336] [bmv2] [D] [thread 100960] [54.0] [cxt 0] Updating checksum 'cksum'
[09:11:41.336] [bmv2] [D] [thread 100960] [54.0] [cxt 0] Deparsing header 'ethernet'
[09:11:41.336] [bmv2] [D] [thread 100960] [54.0] [cxt 0] Deparsing header 'ipv4'
[09:11:41.336] [bmv2] [D] [thread 100960] [54.0] [cxt 0] Deparser 'deparser': end
[09:11:41.336] [bmv2] [D] [thread 100963] [54.0] [cxt 0] Transmitting packet of size 336 out of port 1
[09:11:42.294] [bmv2] [D] [thread 100958] [55.0] [cxt 0] Processing packet received on port 2
[09:11:42.294] [bmv2] [D] [thread 100958] [55.0] [cxt 0] Parser 'parser': start
[09:11:42.294] [bmv2] [D] [thread 100958] [55.0] [cxt 0] Parser 'parser' entering state 'start'
[09:11:42.294] [bmv2] [D] [thread 100958] [55.0] [cxt 0] Extracting header 'ethernet'
[09:11:42.294] [bmv2] [D] [thread 100958] [55.0] [cxt 0] Parser state 'start': key is 0800
[09:11:42.294] [bmv2] [T] [thread 100958] [55.0] [cxt 0] Bytes parsed: 14
[09:11:42.294] [bmv2] [D] [thread 100958] [55.0] [cxt 0] Parser 'parser' entering state 'parse_ipv4'
[09:11:42.294] [bmv2] [D] [thread 100958] [55.0] [cxt 0] Extracting header 'ipv4'
[09:11:42.294] [bmv2] [D] [thread 100958] [55.0] [cxt 0] Parser state 'parse_ipv4' has no switch, going to default next state
[09:11:42.294] [bmv2] [T] [thread 100958] [55.0] [cxt 0] Bytes parsed: 34
[09:11:42.294] [bmv2] [D] [thread 100958] [55.0] [cxt 0] Parser 'parser': end
[09:11:42.294] [bmv2] [D] [thread 100958] [55.0] [cxt 0] Pipeline 'ingress': start
[09:11:42.294] [bmv2] [T] [thread 100958] [55.0] [cxt 0] switch.p4(116) Condition "hdr.ipv4.isValid()" (node_2) is true
[09:11:42.294] [bmv2] [T] [thread 100958] [55.0] [cxt 0] Applying table 'MyIngress.ipv4_lpm'
[09:11:42.294] [bmv2] [D] [thread 100958] [55.0] [cxt 0] Looking up key:
* hdr.ipv4.dstAddr    : 0a000202

[09:11:42.294] [bmv2] [D] [thread 100958] [55.0] [cxt 0] Table 'MyIngress.ipv4_lpm': hit with handle 1
[09:11:42.294] [bmv2] [D] [thread 100958] [55.0] [cxt 0] Dumping entry 1
Match key:
* hdr.ipv4.dstAddr    : LPM       0a000202/32
Action entry: MyIngress.ipv4_forward - 80000000222,1,

[09:11:42.294] [bmv2] [D] [thread 100958] [55.0] [cxt 0] Action entry is MyIngress.ipv4_forward - 80000000222,1,
[09:11:42.294] [bmv2] [T] [thread 100958] [55.0] [cxt 0] Action MyIngress.ipv4_forward
[09:11:42.294] [bmv2] [T] [thread 100958] [55.0] [cxt 0] switch.p4(96) Primitive standard_metadata.egress_spec = port
[09:11:42.294] [bmv2] [T] [thread 100958] [55.0] [cxt 0] switch.p4(97) Primitive hdr.ethernet.srcAddr = hdr.ethernet.dstAddr
[09:11:42.294] [bmv2] [T] [thread 100958] [55.0] [cxt 0] switch.p4(98) Primitive hdr.ethernet.dstAddr = dstAddr
[09:11:42.294] [bmv2] [T] [thread 100958] [55.0] [cxt 0] switch.p4(99) Primitive hdr.ipv4.ttl = hdr.ipv4.ttl - 1
[09:11:42.294] [bmv2] [D] [thread 100958] [55.0] [cxt 0] Pipeline 'ingress': end
[09:11:42.294] [bmv2] [D] [thread 100958] [55.0] [cxt 0] Egress port is 1
[09:11:42.294] [bmv2] [D] [thread 100960] [55.0] [cxt 0] Pipeline 'egress': start
[09:11:42.294] [bmv2] [D] [thread 100960] [55.0] [cxt 0] Pipeline 'egress': end
[09:11:42.294] [bmv2] [D] [thread 100960] [55.0] [cxt 0] Deparser 'deparser': start
[09:11:42.294] [bmv2] [D] [thread 100960] [55.0] [cxt 0] Updating checksum 'cksum'
[09:11:42.294] [bmv2] [D] [thread 100960] [55.0] [cxt 0] Deparsing header 'ethernet'
[09:11:42.294] [bmv2] [D] [thread 100960] [55.0] [cxt 0] Deparsing header 'ipv4'
[09:11:42.294] [bmv2] [D] [thread 100960] [55.0] [cxt 0] Deparser 'deparser': end
[09:11:42.294] [bmv2] [D] [thread 100963] [55.0] [cxt 0] Transmitting packet of size 48 out of port 1
[09:11:42.299] [bmv2] [D] [thread 100958] [56.0] [cxt 0] Processing packet received on port 1
[09:11:42.299] [bmv2] [D] [thread 100958] [56.0] [cxt 0] Parser 'parser': start
[09:11:42.299] [bmv2] [D] [thread 100958] [56.0] [cxt 0] Parser 'parser' entering state 'start'
[09:11:42.299] [bmv2] [D] [thread 100958] [56.0] [cxt 0] Extracting header 'ethernet'
[09:11:42.299] [bmv2] [D] [thread 100958] [56.0] [cxt 0] Parser state 'start': key is 0800
[09:11:42.299] [bmv2] [T] [thread 100958] [56.0] [cxt 0] Bytes parsed: 14
[09:11:42.299] [bmv2] [D] [thread 100958] [56.0] [cxt 0] Parser 'parser' entering state 'parse_ipv4'
[09:11:42.299] [bmv2] [D] [thread 100958] [56.0] [cxt 0] Extracting header 'ipv4'
[09:11:42.299] [bmv2] [D] [thread 100958] [56.0] [cxt 0] Parser state 'parse_ipv4' has no switch, going to default next state
[09:11:42.299] [bmv2] [T] [thread 100958] [56.0] [cxt 0] Bytes parsed: 34
[09:11:42.299] [bmv2] [D] [thread 100958] [56.0] [cxt 0] Parser 'parser': end
[09:11:42.299] [bmv2] [D] [thread 100958] [56.0] [cxt 0] Pipeline 'ingress': start
[09:11:42.299] [bmv2] [T] [thread 100958] [56.0] [cxt 0] switch.p4(116) Condition "hdr.ipv4.isValid()" (node_2) is true
[09:11:42.299] [bmv2] [T] [thread 100958] [56.0] [cxt 0] Applying table 'MyIngress.ipv4_lpm'
[09:11:42.299] [bmv2] [D] [thread 100958] [56.0] [cxt 0] Looking up key:
* hdr.ipv4.dstAddr    : 0a000101

[09:11:42.299] [bmv2] [D] [thread 100958] [56.0] [cxt 0] Table 'MyIngress.ipv4_lpm': hit with handle 0
[09:11:42.299] [bmv2] [D] [thread 100958] [56.0] [cxt 0] Dumping entry 0
Match key:
* hdr.ipv4.dstAddr    : LPM       0a000101/32
Action entry: MyIngress.ipv4_forward - 80000000200,2,

[09:11:42.299] [bmv2] [D] [thread 100958] [56.0] [cxt 0] Action entry is MyIngress.ipv4_forward - 80000000200,2,
[09:11:42.299] [bmv2] [T] [thread 100958] [56.0] [cxt 0] Action MyIngress.ipv4_forward
[09:11:42.299] [bmv2] [T] [thread 100958] [56.0] [cxt 0] switch.p4(96) Primitive standard_metadata.egress_spec = port
[09:11:42.299] [bmv2] [T] [thread 100958] [56.0] [cxt 0] switch.p4(97) Primitive hdr.ethernet.srcAddr = hdr.ethernet.dstAddr
[09:11:42.299] [bmv2] [T] [thread 100958] [56.0] [cxt 0] switch.p4(98) Primitive hdr.ethernet.dstAddr = dstAddr
[09:11:42.299] [bmv2] [T] [thread 100958] [56.0] [cxt 0] switch.p4(99) Primitive hdr.ipv4.ttl = hdr.ipv4.ttl - 1
[09:11:42.299] [bmv2] [D] [thread 100958] [56.0] [cxt 0] Pipeline 'ingress': end
[09:11:42.299] [bmv2] [D] [thread 100958] [56.0] [cxt 0] Egress port is 2
[09:11:42.299] [bmv2] [D] [thread 100961] [56.0] [cxt 0] Pipeline 'egress': start
[09:11:42.299] [bmv2] [D] [thread 100961] [56.0] [cxt 0] Pipeline 'egress': end
[09:11:42.299] [bmv2] [D] [thread 100961] [56.0] [cxt 0] Deparser 'deparser': start
[09:11:42.299] [bmv2] [D] [thread 100961] [56.0] [cxt 0] Updating checksum 'cksum'
[09:11:42.299] [bmv2] [D] [thread 100961] [56.0] [cxt 0] Deparsing header 'ethernet'
[09:11:42.299] [bmv2] [D] [thread 100961] [56.0] [cxt 0] Deparsing header 'ipv4'
[09:11:42.299] [bmv2] [D] [thread 100961] [56.0] [cxt 0] Deparser 'deparser': end
[09:11:42.299] [bmv2] [D] [thread 100963] [56.0] [cxt 0] Transmitting packet of size 76 out of port 2
[09:11:42.315] [bmv2] [D] [thread 100958] [57.0] [cxt 0] Processing packet received on port 1
[09:11:42.315] [bmv2] [D] [thread 100958] [57.0] [cxt 0] Parser 'parser': start
[09:11:42.315] [bmv2] [D] [thread 100958] [57.0] [cxt 0] Parser 'parser' entering state 'start'
[09:11:42.315] [bmv2] [D] [thread 100958] [57.0] [cxt 0] Extracting header 'ethernet'
[09:11:42.315] [bmv2] [D] [thread 100958] [57.0] [cxt 0] Parser state 'start': key is 0800
[09:11:42.315] [bmv2] [T] [thread 100958] [57.0] [cxt 0] Bytes parsed: 14
[09:11:42.315] [bmv2] [D] [thread 100958] [57.0] [cxt 0] Parser 'parser' entering state 'parse_ipv4'
[09:11:42.316] [bmv2] [D] [thread 100958] [57.0] [cxt 0] Extracting header 'ipv4'
[09:11:42.316] [bmv2] [D] [thread 100958] [57.0] [cxt 0] Parser state 'parse_ipv4' has no switch, going to default next state
[09:11:42.316] [bmv2] [T] [thread 100958] [57.0] [cxt 0] Bytes parsed: 34
[09:11:42.316] [bmv2] [D] [thread 100958] [57.0] [cxt 0] Parser 'parser': end
[09:11:42.316] [bmv2] [D] [thread 100958] [57.0] [cxt 0] Pipeline 'ingress': start
[09:11:42.316] [bmv2] [T] [thread 100958] [57.0] [cxt 0] switch.p4(116) Condition "hdr.ipv4.isValid()" (node_2) is true
[09:11:42.316] [bmv2] [T] [thread 100958] [57.0] [cxt 0] Applying table 'MyIngress.ipv4_lpm'
[09:11:42.316] [bmv2] [D] [thread 100958] [57.0] [cxt 0] Looking up key:
* hdr.ipv4.dstAddr    : 0a000101

[09:11:42.316] [bmv2] [D] [thread 100958] [57.0] [cxt 0] Table 'MyIngress.ipv4_lpm': hit with handle 0
[09:11:42.316] [bmv2] [D] [thread 100958] [57.0] [cxt 0] Dumping entry 0
Match key:
* hdr.ipv4.dstAddr    : LPM       0a000101/32
Action entry: MyIngress.ipv4_forward - 80000000200,2,

[09:11:42.316] [bmv2] [D] [thread 100958] [57.0] [cxt 0] Action entry is MyIngress.ipv4_forward - 80000000200,2,
[09:11:42.316] [bmv2] [T] [thread 100958] [57.0] [cxt 0] Action MyIngress.ipv4_forward
[09:11:42.316] [bmv2] [T] [thread 100958] [57.0] [cxt 0] switch.p4(96) Primitive standard_metadata.egress_spec = port
[09:11:42.316] [bmv2] [T] [thread 100958] [57.0] [cxt 0] switch.p4(97) Primitive hdr.ethernet.srcAddr = hdr.ethernet.dstAddr
[09:11:42.316] [bmv2] [T] [thread 100958] [57.0] [cxt 0] switch.p4(98) Primitive hdr.ethernet.dstAddr = dstAddr
[09:11:42.316] [bmv2] [T] [thread 100958] [57.0] [cxt 0] switch.p4(99) Primitive hdr.ipv4.ttl = hdr.ipv4.ttl - 1
[09:11:42.316] [bmv2] [D] [thread 100958] [57.0] [cxt 0] Pipeline 'ingress': end
[09:11:42.316] [bmv2] [D] [thread 100958] [57.0] [cxt 0] Egress port is 2
[09:11:42.317] [bmv2] [D] [thread 100961] [57.0] [cxt 0] Pipeline 'egress': start
[09:11:42.317] [bmv2] [D] [thread 100961] [57.0] [cxt 0] Pipeline 'egress': end
[09:11:42.317] [bmv2] [D] [thread 100961] [57.0] [cxt 0] Deparser 'deparser': start
[09:11:42.317] [bmv2] [D] [thread 100961] [57.0] [cxt 0] Updating checksum 'cksum'
[09:11:42.317] [bmv2] [D] [thread 100961] [57.0] [cxt 0] Deparsing header 'ethernet'
[09:11:42.317] [bmv2] [D] [thread 100961] [57.0] [cxt 0] Deparsing header 'ipv4'
[09:11:42.317] [bmv2] [D] [thread 100961] [57.0] [cxt 0] Deparser 'deparser': end
[09:11:42.317] [bmv2] [D] [thread 100963] [57.0] [cxt 0] Transmitting packet of size 308 out of port 2
[09:11:42.323] [bmv2] [D] [thread 100958] [58.0] [cxt 0] Processing packet received on port 2
[09:11:42.323] [bmv2] [D] [thread 100958] [58.0] [cxt 0] Parser 'parser': start
[09:11:42.323] [bmv2] [D] [thread 100958] [58.0] [cxt 0] Parser 'parser' entering state 'start'
[09:11:42.323] [bmv2] [D] [thread 100958] [58.0] [cxt 0] Extracting header 'ethernet'
[09:11:42.323] [bmv2] [D] [thread 100958] [58.0] [cxt 0] Parser state 'start': key is 0800
[09:11:42.323] [bmv2] [T] [thread 100958] [58.0] [cxt 0] Bytes parsed: 14
[09:11:42.323] [bmv2] [D] [thread 100958] [58.0] [cxt 0] Parser 'parser' entering state 'parse_ipv4'
[09:11:42.323] [bmv2] [D] [thread 100958] [58.0] [cxt 0] Extracting header 'ipv4'
[09:11:42.323] [bmv2] [D] [thread 100958] [58.0] [cxt 0] Parser state 'parse_ipv4' has no switch, going to default next state
[09:11:42.323] [bmv2] [T] [thread 100958] [58.0] [cxt 0] Bytes parsed: 34
[09:11:42.323] [bmv2] [D] [thread 100958] [58.0] [cxt 0] Parser 'parser': end
[09:11:42.323] [bmv2] [D] [thread 100958] [58.0] [cxt 0] Pipeline 'ingress': start
[09:11:42.323] [bmv2] [T] [thread 100958] [58.0] [cxt 0] switch.p4(116) Condition "hdr.ipv4.isValid()" (node_2) is true
[09:11:42.323] [bmv2] [T] [thread 100958] [58.0] [cxt 0] Applying table 'MyIngress.ipv4_lpm'
[09:11:42.323] [bmv2] [D] [thread 100958] [58.0] [cxt 0] Looking up key:
* hdr.ipv4.dstAddr    : 0a000202

[09:11:42.323] [bmv2] [D] [thread 100958] [58.0] [cxt 0] Table 'MyIngress.ipv4_lpm': hit with handle 1
[09:11:42.323] [bmv2] [D] [thread 100958] [58.0] [cxt 0] Dumping entry 1
Match key:
* hdr.ipv4.dstAddr    : LPM       0a000202/32
Action entry: MyIngress.ipv4_forward - 80000000222,1,

[09:11:42.323] [bmv2] [D] [thread 100958] [58.0] [cxt 0] Action entry is MyIngress.ipv4_forward - 80000000222,1,
[09:11:42.323] [bmv2] [T] [thread 100958] [58.0] [cxt 0] Action MyIngress.ipv4_forward
[09:11:42.323] [bmv2] [T] [thread 100958] [58.0] [cxt 0] switch.p4(96) Primitive standard_metadata.egress_spec = port
[09:11:42.323] [bmv2] [T] [thread 100958] [58.0] [cxt 0] switch.p4(97) Primitive hdr.ethernet.srcAddr = hdr.ethernet.dstAddr
[09:11:42.323] [bmv2] [T] [thread 100958] [58.0] [cxt 0] switch.p4(98) Primitive hdr.ethernet.dstAddr = dstAddr
[09:11:42.323] [bmv2] [T] [thread 100958] [58.0] [cxt 0] switch.p4(99) Primitive hdr.ipv4.ttl = hdr.ipv4.ttl - 1
[09:11:42.323] [bmv2] [D] [thread 100958] [58.0] [cxt 0] Pipeline 'ingress': end
[09:11:42.323] [bmv2] [D] [thread 100958] [58.0] [cxt 0] Egress port is 1
[09:11:42.323] [bmv2] [D] [thread 100960] [58.0] [cxt 0] Pipeline 'egress': start
[09:11:42.323] [bmv2] [D] [thread 100960] [58.0] [cxt 0] Pipeline 'egress': end
[09:11:42.323] [bmv2] [D] [thread 100960] [58.0] [cxt 0] Deparser 'deparser': start
[09:11:42.323] [bmv2] [D] [thread 100960] [58.0] [cxt 0] Updating checksum 'cksum'
[09:11:42.323] [bmv2] [D] [thread 100960] [58.0] [cxt 0] Deparsing header 'ethernet'
[09:11:42.323] [bmv2] [D] [thread 100960] [58.0] [cxt 0] Deparsing header 'ipv4'
[09:11:42.323] [bmv2] [D] [thread 100960] [58.0] [cxt 0] Deparser 'deparser': end
[09:11:42.323] [bmv2] [D] [thread 100963] [58.0] [cxt 0] Transmitting packet of size 336 out of port 1
[09:11:43.319] [bmv2] [D] [thread 100958] [59.0] [cxt 0] Processing packet received on port 2
[09:11:43.319] [bmv2] [D] [thread 100958] [59.0] [cxt 0] Parser 'parser': start
[09:11:43.319] [bmv2] [D] [thread 100958] [59.0] [cxt 0] Parser 'parser' entering state 'start'
[09:11:43.319] [bmv2] [D] [thread 100958] [59.0] [cxt 0] Extracting header 'ethernet'
[09:11:43.319] [bmv2] [D] [thread 100958] [59.0] [cxt 0] Parser state 'start': key is 0800
[09:11:43.319] [bmv2] [T] [thread 100958] [59.0] [cxt 0] Bytes parsed: 14
[09:11:43.319] [bmv2] [D] [thread 100958] [59.0] [cxt 0] Parser 'parser' entering state 'parse_ipv4'
[09:11:43.319] [bmv2] [D] [thread 100958] [59.0] [cxt 0] Extracting header 'ipv4'
[09:11:43.319] [bmv2] [D] [thread 100958] [59.0] [cxt 0] Parser state 'parse_ipv4' has no switch, going to default next state
[09:11:43.319] [bmv2] [T] [thread 100958] [59.0] [cxt 0] Bytes parsed: 34
[09:11:43.319] [bmv2] [D] [thread 100958] [59.0] [cxt 0] Parser 'parser': end
[09:11:43.319] [bmv2] [D] [thread 100958] [59.0] [cxt 0] Pipeline 'ingress': start
[09:11:43.319] [bmv2] [T] [thread 100958] [59.0] [cxt 0] switch.p4(116) Condition "hdr.ipv4.isValid()" (node_2) is true
[09:11:43.319] [bmv2] [T] [thread 100958] [59.0] [cxt 0] Applying table 'MyIngress.ipv4_lpm'
[09:11:43.319] [bmv2] [D] [thread 100958] [59.0] [cxt 0] Looking up key:
* hdr.ipv4.dstAddr    : 0a000202

[09:11:43.319] [bmv2] [D] [thread 100958] [59.0] [cxt 0] Table 'MyIngress.ipv4_lpm': hit with handle 1
[09:11:43.319] [bmv2] [D] [thread 100958] [59.0] [cxt 0] Dumping entry 1
Match key:
* hdr.ipv4.dstAddr    : LPM       0a000202/32
Action entry: MyIngress.ipv4_forward - 80000000222,1,

[09:11:43.319] [bmv2] [D] [thread 100958] [59.0] [cxt 0] Action entry is MyIngress.ipv4_forward - 80000000222,1,
[09:11:43.319] [bmv2] [T] [thread 100958] [59.0] [cxt 0] Action MyIngress.ipv4_forward
[09:11:43.319] [bmv2] [T] [thread 100958] [59.0] [cxt 0] switch.p4(96) Primitive standard_metadata.egress_spec = port
[09:11:43.319] [bmv2] [T] [thread 100958] [59.0] [cxt 0] switch.p4(97) Primitive hdr.ethernet.srcAddr = hdr.ethernet.dstAddr
[09:11:43.319] [bmv2] [T] [thread 100958] [59.0] [cxt 0] switch.p4(98) Primitive hdr.ethernet.dstAddr = dstAddr
[09:11:43.319] [bmv2] [T] [thread 100958] [59.0] [cxt 0] switch.p4(99) Primitive hdr.ipv4.ttl = hdr.ipv4.ttl - 1
[09:11:43.319] [bmv2] [D] [thread 100958] [59.0] [cxt 0] Pipeline 'ingress': end
[09:11:43.319] [bmv2] [D] [thread 100958] [59.0] [cxt 0] Egress port is 1
[09:11:43.319] [bmv2] [D] [thread 100960] [59.0] [cxt 0] Pipeline 'egress': start
[09:11:43.319] [bmv2] [D] [thread 100960] [59.0] [cxt 0] Pipeline 'egress': end
[09:11:43.319] [bmv2] [D] [thread 100960] [59.0] [cxt 0] Deparser 'deparser': start
[09:11:43.319] [bmv2] [D] [thread 100960] [59.0] [cxt 0] Updating checksum 'cksum'
[09:11:43.319] [bmv2] [D] [thread 100960] [59.0] [cxt 0] Deparsing header 'ethernet'
[09:11:43.319] [bmv2] [D] [thread 100960] [59.0] [cxt 0] Deparsing header 'ipv4'
[09:11:43.319] [bmv2] [D] [thread 100960] [59.0] [cxt 0] Deparser 'deparser': end
[09:11:43.319] [bmv2] [D] [thread 100963] [59.0] [cxt 0] Transmitting packet of size 48 out of port 1
[09:11:43.319] [bmv2] [D] [thread 100958] [60.0] [cxt 0] Processing packet received on port 1
[09:11:43.319] [bmv2] [D] [thread 100958] [60.0] [cxt 0] Parser 'parser': start
[09:11:43.319] [bmv2] [D] [thread 100958] [60.0] [cxt 0] Parser 'parser' entering state 'start'
[09:11:43.319] [bmv2] [D] [thread 100958] [60.0] [cxt 0] Extracting header 'ethernet'
[09:11:43.319] [bmv2] [D] [thread 100958] [60.0] [cxt 0] Parser state 'start': key is 0800
[09:11:43.319] [bmv2] [T] [thread 100958] [60.0] [cxt 0] Bytes parsed: 14
[09:11:43.319] [bmv2] [D] [thread 100958] [60.0] [cxt 0] Parser 'parser' entering state 'parse_ipv4'
[09:11:43.319] [bmv2] [D] [thread 100958] [60.0] [cxt 0] Extracting header 'ipv4'
[09:11:43.319] [bmv2] [D] [thread 100958] [60.0] [cxt 0] Parser state 'parse_ipv4' has no switch, going to default next state
[09:11:43.319] [bmv2] [T] [thread 100958] [60.0] [cxt 0] Bytes parsed: 34
[09:11:43.319] [bmv2] [D] [thread 100958] [60.0] [cxt 0] Parser 'parser': end
[09:11:43.319] [bmv2] [D] [thread 100958] [60.0] [cxt 0] Pipeline 'ingress': start
[09:11:43.319] [bmv2] [T] [thread 100958] [60.0] [cxt 0] switch.p4(116) Condition "hdr.ipv4.isValid()" (node_2) is true
[09:11:43.319] [bmv2] [T] [thread 100958] [60.0] [cxt 0] Applying table 'MyIngress.ipv4_lpm'
[09:11:43.319] [bmv2] [D] [thread 100958] [60.0] [cxt 0] Looking up key:
* hdr.ipv4.dstAddr    : 0a000101

[09:11:43.319] [bmv2] [D] [thread 100958] [60.0] [cxt 0] Table 'MyIngress.ipv4_lpm': hit with handle 0
[09:11:43.319] [bmv2] [D] [thread 100958] [60.0] [cxt 0] Dumping entry 0
Match key:
* hdr.ipv4.dstAddr    : LPM       0a000101/32
Action entry: MyIngress.ipv4_forward - 80000000200,2,

[09:11:43.319] [bmv2] [D] [thread 100958] [60.0] [cxt 0] Action entry is MyIngress.ipv4_forward - 80000000200,2,
[09:11:43.319] [bmv2] [T] [thread 100958] [60.0] [cxt 0] Action MyIngress.ipv4_forward
[09:11:43.319] [bmv2] [T] [thread 100958] [60.0] [cxt 0] switch.p4(96) Primitive standard_metadata.egress_spec = port
[09:11:43.319] [bmv2] [T] [thread 100958] [60.0] [cxt 0] switch.p4(97) Primitive hdr.ethernet.srcAddr = hdr.ethernet.dstAddr
[09:11:43.319] [bmv2] [T] [thread 100958] [60.0] [cxt 0] switch.p4(98) Primitive hdr.ethernet.dstAddr = dstAddr
[09:11:43.319] [bmv2] [T] [thread 100958] [60.0] [cxt 0] switch.p4(99) Primitive hdr.ipv4.ttl = hdr.ipv4.ttl - 1
[09:11:43.319] [bmv2] [D] [thread 100958] [60.0] [cxt 0] Pipeline 'ingress': end
[09:11:43.319] [bmv2] [D] [thread 100958] [60.0] [cxt 0] Egress port is 2
[09:11:43.319] [bmv2] [D] [thread 100961] [60.0] [cxt 0] Pipeline 'egress': start
[09:11:43.319] [bmv2] [D] [thread 100961] [60.0] [cxt 0] Pipeline 'egress': end
[09:11:43.319] [bmv2] [D] [thread 100961] [60.0] [cxt 0] Deparser 'deparser': start
[09:11:43.319] [bmv2] [D] [thread 100961] [60.0] [cxt 0] Updating checksum 'cksum'
[09:11:43.319] [bmv2] [D] [thread 100961] [60.0] [cxt 0] Deparsing header 'ethernet'
[09:11:43.319] [bmv2] [D] [thread 100961] [60.0] [cxt 0] Deparsing header 'ipv4'
[09:11:43.319] [bmv2] [D] [thread 100961] [60.0] [cxt 0] Deparser 'deparser': end
[09:11:43.319] [bmv2] [D] [thread 100963] [60.0] [cxt 0] Transmitting packet of size 76 out of port 2
[09:11:43.341] [bmv2] [D] [thread 100958] [61.0] [cxt 0] Processing packet received on port 1
[09:11:43.341] [bmv2] [D] [thread 100958] [61.0] [cxt 0] Parser 'parser': start
[09:11:43.341] [bmv2] [D] [thread 100958] [61.0] [cxt 0] Parser 'parser' entering state 'start'
[09:11:43.341] [bmv2] [D] [thread 100958] [61.0] [cxt 0] Extracting header 'ethernet'
[09:11:43.341] [bmv2] [D] [thread 100958] [61.0] [cxt 0] Parser state 'start': key is 0800
[09:11:43.341] [bmv2] [T] [thread 100958] [61.0] [cxt 0] Bytes parsed: 14
[09:11:43.341] [bmv2] [D] [thread 100958] [61.0] [cxt 0] Parser 'parser' entering state 'parse_ipv4'
[09:11:43.341] [bmv2] [D] [thread 100958] [61.0] [cxt 0] Extracting header 'ipv4'
[09:11:43.341] [bmv2] [D] [thread 100958] [61.0] [cxt 0] Parser state 'parse_ipv4' has no switch, going to default next state
[09:11:43.341] [bmv2] [T] [thread 100958] [61.0] [cxt 0] Bytes parsed: 34
[09:11:43.341] [bmv2] [D] [thread 100958] [61.0] [cxt 0] Parser 'parser': end
[09:11:43.341] [bmv2] [D] [thread 100958] [61.0] [cxt 0] Pipeline 'ingress': start
[09:11:43.341] [bmv2] [T] [thread 100958] [61.0] [cxt 0] switch.p4(116) Condition "hdr.ipv4.isValid()" (node_2) is true
[09:11:43.341] [bmv2] [T] [thread 100958] [61.0] [cxt 0] Applying table 'MyIngress.ipv4_lpm'
[09:11:43.341] [bmv2] [D] [thread 100958] [61.0] [cxt 0] Looking up key:
* hdr.ipv4.dstAddr    : 0a000101

[09:11:43.341] [bmv2] [D] [thread 100958] [61.0] [cxt 0] Table 'MyIngress.ipv4_lpm': hit with handle 0
[09:11:43.341] [bmv2] [D] [thread 100958] [61.0] [cxt 0] Dumping entry 0
Match key:
* hdr.ipv4.dstAddr    : LPM       0a000101/32
Action entry: MyIngress.ipv4_forward - 80000000200,2,

[09:11:43.341] [bmv2] [D] [thread 100958] [61.0] [cxt 0] Action entry is MyIngress.ipv4_forward - 80000000200,2,
[09:11:43.341] [bmv2] [T] [thread 100958] [61.0] [cxt 0] Action MyIngress.ipv4_forward
[09:11:43.341] [bmv2] [T] [thread 100958] [61.0] [cxt 0] switch.p4(96) Primitive standard_metadata.egress_spec = port
[09:11:43.341] [bmv2] [T] [thread 100958] [61.0] [cxt 0] switch.p4(97) Primitive hdr.ethernet.srcAddr = hdr.ethernet.dstAddr
[09:11:43.341] [bmv2] [T] [thread 100958] [61.0] [cxt 0] switch.p4(98) Primitive hdr.ethernet.dstAddr = dstAddr
[09:11:43.341] [bmv2] [T] [thread 100958] [61.0] [cxt 0] switch.p4(99) Primitive hdr.ipv4.ttl = hdr.ipv4.ttl - 1
[09:11:43.341] [bmv2] [D] [thread 100958] [61.0] [cxt 0] Pipeline 'ingress': end
[09:11:43.341] [bmv2] [D] [thread 100958] [61.0] [cxt 0] Egress port is 2
[09:11:43.341] [bmv2] [D] [thread 100961] [61.0] [cxt 0] Pipeline 'egress': start
[09:11:43.341] [bmv2] [D] [thread 100961] [61.0] [cxt 0] Pipeline 'egress': end
[09:11:43.341] [bmv2] [D] [thread 100961] [61.0] [cxt 0] Deparser 'deparser': start
[09:11:43.341] [bmv2] [D] [thread 100961] [61.0] [cxt 0] Updating checksum 'cksum'
[09:11:43.341] [bmv2] [D] [thread 100961] [61.0] [cxt 0] Deparsing header 'ethernet'
[09:11:43.341] [bmv2] [D] [thread 100961] [61.0] [cxt 0] Deparsing header 'ipv4'
[09:11:43.341] [bmv2] [D] [thread 100961] [61.0] [cxt 0] Deparser 'deparser': end
[09:11:43.341] [bmv2] [D] [thread 100963] [61.0] [cxt 0] Transmitting packet of size 308 out of port 2
[09:11:43.351] [bmv2] [D] [thread 100958] [62.0] [cxt 0] Processing packet received on port 2
[09:11:43.351] [bmv2] [D] [thread 100958] [62.0] [cxt 0] Parser 'parser': start
[09:11:43.351] [bmv2] [D] [thread 100958] [62.0] [cxt 0] Parser 'parser' entering state 'start'
[09:11:43.351] [bmv2] [D] [thread 100958] [62.0] [cxt 0] Extracting header 'ethernet'
[09:11:43.351] [bmv2] [D] [thread 100958] [62.0] [cxt 0] Parser state 'start': key is 0800
[09:11:43.351] [bmv2] [T] [thread 100958] [62.0] [cxt 0] Bytes parsed: 14
[09:11:43.351] [bmv2] [D] [thread 100958] [62.0] [cxt 0] Parser 'parser' entering state 'parse_ipv4'
[09:11:43.351] [bmv2] [D] [thread 100958] [62.0] [cxt 0] Extracting header 'ipv4'
[09:11:43.351] [bmv2] [D] [thread 100958] [62.0] [cxt 0] Parser state 'parse_ipv4' has no switch, going to default next state
[09:11:43.351] [bmv2] [T] [thread 100958] [62.0] [cxt 0] Bytes parsed: 34
[09:11:43.351] [bmv2] [D] [thread 100958] [62.0] [cxt 0] Parser 'parser': end
[09:11:43.351] [bmv2] [D] [thread 100958] [62.0] [cxt 0] Pipeline 'ingress': start
[09:11:43.351] [bmv2] [T] [thread 100958] [62.0] [cxt 0] switch.p4(116) Condition "hdr.ipv4.isValid()" (node_2) is true
[09:11:43.351] [bmv2] [T] [thread 100958] [62.0] [cxt 0] Applying table 'MyIngress.ipv4_lpm'
[09:11:43.351] [bmv2] [D] [thread 100958] [62.0] [cxt 0] Looking up key:
* hdr.ipv4.dstAddr    : 0a000202

[09:11:43.351] [bmv2] [D] [thread 100958] [62.0] [cxt 0] Table 'MyIngress.ipv4_lpm': hit with handle 1
[09:11:43.351] [bmv2] [D] [thread 100958] [62.0] [cxt 0] Dumping entry 1
Match key:
* hdr.ipv4.dstAddr    : LPM       0a000202/32
Action entry: MyIngress.ipv4_forward - 80000000222,1,

[09:11:43.351] [bmv2] [D] [thread 100958] [62.0] [cxt 0] Action entry is MyIngress.ipv4_forward - 80000000222,1,
[09:11:43.351] [bmv2] [T] [thread 100958] [62.0] [cxt 0] Action MyIngress.ipv4_forward
[09:11:43.351] [bmv2] [T] [thread 100958] [62.0] [cxt 0] switch.p4(96) Primitive standard_metadata.egress_spec = port
[09:11:43.351] [bmv2] [T] [thread 100958] [62.0] [cxt 0] switch.p4(97) Primitive hdr.ethernet.srcAddr = hdr.ethernet.dstAddr
[09:11:43.351] [bmv2] [T] [thread 100958] [62.0] [cxt 0] switch.p4(98) Primitive hdr.ethernet.dstAddr = dstAddr
[09:11:43.351] [bmv2] [T] [thread 100958] [62.0] [cxt 0] switch.p4(99) Primitive hdr.ipv4.ttl = hdr.ipv4.ttl - 1
[09:11:43.351] [bmv2] [D] [thread 100958] [62.0] [cxt 0] Pipeline 'ingress': end
[09:11:43.351] [bmv2] [D] [thread 100958] [62.0] [cxt 0] Egress port is 1
[09:11:43.351] [bmv2] [D] [thread 100960] [62.0] [cxt 0] Pipeline 'egress': start
[09:11:43.351] [bmv2] [D] [thread 100960] [62.0] [cxt 0] Pipeline 'egress': end
[09:11:43.351] [bmv2] [D] [thread 100960] [62.0] [cxt 0] Deparser 'deparser': start
[09:11:43.351] [bmv2] [D] [thread 100960] [62.0] [cxt 0] Updating checksum 'cksum'
[09:11:43.351] [bmv2] [D] [thread 100960] [62.0] [cxt 0] Deparsing header 'ethernet'
[09:11:43.351] [bmv2] [D] [thread 100960] [62.0] [cxt 0] Deparsing header 'ipv4'
[09:11:43.351] [bmv2] [D] [thread 100960] [62.0] [cxt 0] Deparser 'deparser': end
[09:11:43.351] [bmv2] [D] [thread 100963] [62.0] [cxt 0] Transmitting packet of size 336 out of port 1
[09:11:44.134] [bmv2] [D] [thread 100958] [63.0] [cxt 0] Processing packet received on port 2
[09:11:44.140] [bmv2] [D] [thread 100958] [63.0] [cxt 0] Parser 'parser': start
[09:11:44.140] [bmv2] [D] [thread 100958] [63.0] [cxt 0] Parser 'parser' entering state 'start'
[09:11:44.140] [bmv2] [D] [thread 100958] [63.0] [cxt 0] Extracting header 'ethernet'
[09:11:44.140] [bmv2] [D] [thread 100958] [63.0] [cxt 0] Parser state 'start': key is 86dd
[09:11:44.140] [bmv2] [T] [thread 100958] [63.0] [cxt 0] Bytes parsed: 14
[09:11:44.140] [bmv2] [D] [thread 100958] [63.0] [cxt 0] Parser 'parser': end
[09:11:44.140] [bmv2] [D] [thread 100958] [63.0] [cxt 0] Pipeline 'ingress': start
[09:11:44.140] [bmv2] [T] [thread 100958] [63.0] [cxt 0] switch.p4(116) Condition "hdr.ipv4.isValid()" (node_2) is false
[09:11:44.140] [bmv2] [D] [thread 100958] [63.0] [cxt 0] Pipeline 'ingress': end
[09:11:44.140] [bmv2] [D] [thread 100958] [63.0] [cxt 0] Egress port is 0
[09:11:44.140] [bmv2] [D] [thread 100958] [64.0] [cxt 0] Processing packet received on port 2
[09:11:44.140] [bmv2] [D] [thread 100958] [64.0] [cxt 0] Parser 'parser': start
[09:11:44.140] [bmv2] [D] [thread 100958] [64.0] [cxt 0] Parser 'parser' entering state 'start'
[09:11:44.140] [bmv2] [D] [thread 100958] [64.0] [cxt 0] Extracting header 'ethernet'
[09:11:44.140] [bmv2] [D] [thread 100958] [64.0] [cxt 0] Parser state 'start': key is 86dd
[09:11:44.140] [bmv2] [T] [thread 100958] [64.0] [cxt 0] Bytes parsed: 14
[09:11:44.140] [bmv2] [D] [thread 100958] [64.0] [cxt 0] Parser 'parser': end
[09:11:44.140] [bmv2] [D] [thread 100958] [64.0] [cxt 0] Pipeline 'ingress': start
[09:11:44.140] [bmv2] [T] [thread 100958] [64.0] [cxt 0] switch.p4(116) Condition "hdr.ipv4.isValid()" (node_2) is false
[09:11:44.140] [bmv2] [D] [thread 100958] [64.0] [cxt 0] Pipeline 'ingress': end
[09:11:44.140] [bmv2] [D] [thread 100958] [64.0] [cxt 0] Egress port is 0
[09:11:44.140] [bmv2] [D] [thread 100959] [63.0] [cxt 0] Pipeline 'egress': start
[09:11:44.143] [bmv2] [D] [thread 100959] [63.0] [cxt 0] Pipeline 'egress': end
[09:11:44.143] [bmv2] [D] [thread 100959] [63.0] [cxt 0] Deparser 'deparser': start
[09:11:44.143] [bmv2] [T] [thread 100959] [63.0] [cxt 0] Skipping checksum 'cksum' update because condition not met
[09:11:44.143] [bmv2] [D] [thread 100959] [63.0] [cxt 0] Deparsing header 'ethernet'
[09:11:44.143] [bmv2] [D] [thread 100959] [63.0] [cxt 0] Deparser 'deparser': end
[09:11:44.143] [bmv2] [D] [thread 100959] [64.0] [cxt 0] Pipeline 'egress': start
[09:11:44.143] [bmv2] [D] [thread 100959] [64.0] [cxt 0] Pipeline 'egress': end
[09:11:44.143] [bmv2] [D] [thread 100959] [64.0] [cxt 0] Deparser 'deparser': start
[09:11:44.143] [bmv2] [T] [thread 100959] [64.0] [cxt 0] Skipping checksum 'cksum' update because condition not met
[09:11:44.143] [bmv2] [D] [thread 100959] [64.0] [cxt 0] Deparsing header 'ethernet'
[09:11:44.143] [bmv2] [D] [thread 100959] [64.0] [cxt 0] Deparser 'deparser': end
[09:11:44.143] [bmv2] [D] [thread 100963] [63.0] [cxt 0] Transmitting packet of size 70 out of port 0
[09:11:44.143] [bmv2] [D] [thread 100963] [64.0] [cxt 0] Transmitting packet of size 70 out of port 0
[09:11:44.356] [bmv2] [D] [thread 100958] [65.0] [cxt 0] Processing packet received on port 2
[09:11:44.356] [bmv2] [D] [thread 100958] [65.0] [cxt 0] Parser 'parser': start
[09:11:44.356] [bmv2] [D] [thread 100958] [65.0] [cxt 0] Parser 'parser' entering state 'start'
[09:11:44.356] [bmv2] [D] [thread 100958] [65.0] [cxt 0] Extracting header 'ethernet'
[09:11:44.356] [bmv2] [D] [thread 100958] [65.0] [cxt 0] Parser state 'start': key is 0800
[09:11:44.356] [bmv2] [T] [thread 100958] [65.0] [cxt 0] Bytes parsed: 14
[09:11:44.356] [bmv2] [D] [thread 100958] [65.0] [cxt 0] Parser 'parser' entering state 'parse_ipv4'
[09:11:44.356] [bmv2] [D] [thread 100958] [65.0] [cxt 0] Extracting header 'ipv4'
[09:11:44.356] [bmv2] [D] [thread 100958] [65.0] [cxt 0] Parser state 'parse_ipv4' has no switch, going to default next state
[09:11:44.356] [bmv2] [T] [thread 100958] [65.0] [cxt 0] Bytes parsed: 34
[09:11:44.356] [bmv2] [D] [thread 100958] [65.0] [cxt 0] Parser 'parser': end
[09:11:44.356] [bmv2] [D] [thread 100958] [65.0] [cxt 0] Pipeline 'ingress': start
[09:11:44.356] [bmv2] [T] [thread 100958] [65.0] [cxt 0] switch.p4(116) Condition "hdr.ipv4.isValid()" (node_2) is true
[09:11:44.356] [bmv2] [T] [thread 100958] [65.0] [cxt 0] Applying table 'MyIngress.ipv4_lpm'
[09:11:44.356] [bmv2] [D] [thread 100958] [65.0] [cxt 0] Looking up key:
* hdr.ipv4.dstAddr    : 0a000202

[09:11:44.356] [bmv2] [D] [thread 100958] [65.0] [cxt 0] Table 'MyIngress.ipv4_lpm': hit with handle 1
[09:11:44.356] [bmv2] [D] [thread 100958] [65.0] [cxt 0] Dumping entry 1
Match key:
* hdr.ipv4.dstAddr    : LPM       0a000202/32
Action entry: MyIngress.ipv4_forward - 80000000222,1,

[09:11:44.356] [bmv2] [D] [thread 100958] [65.0] [cxt 0] Action entry is MyIngress.ipv4_forward - 80000000222,1,
[09:11:44.356] [bmv2] [T] [thread 100958] [65.0] [cxt 0] Action MyIngress.ipv4_forward
[09:11:44.356] [bmv2] [T] [thread 100958] [65.0] [cxt 0] switch.p4(96) Primitive standard_metadata.egress_spec = port
[09:11:44.356] [bmv2] [T] [thread 100958] [65.0] [cxt 0] switch.p4(97) Primitive hdr.ethernet.srcAddr = hdr.ethernet.dstAddr
[09:11:44.356] [bmv2] [T] [thread 100958] [65.0] [cxt 0] switch.p4(98) Primitive hdr.ethernet.dstAddr = dstAddr
[09:11:44.356] [bmv2] [T] [thread 100958] [65.0] [cxt 0] switch.p4(99) Primitive hdr.ipv4.ttl = hdr.ipv4.ttl - 1
[09:11:44.356] [bmv2] [D] [thread 100958] [65.0] [cxt 0] Pipeline 'ingress': end
[09:11:44.356] [bmv2] [D] [thread 100958] [65.0] [cxt 0] Egress port is 1
[09:11:44.356] [bmv2] [D] [thread 100960] [65.0] [cxt 0] Pipeline 'egress': start
[09:11:44.356] [bmv2] [D] [thread 100960] [65.0] [cxt 0] Pipeline 'egress': end
[09:11:44.356] [bmv2] [D] [thread 100960] [65.0] [cxt 0] Deparser 'deparser': start
[09:11:44.356] [bmv2] [D] [thread 100960] [65.0] [cxt 0] Updating checksum 'cksum'
[09:11:44.356] [bmv2] [D] [thread 100960] [65.0] [cxt 0] Deparsing header 'ethernet'
[09:11:44.356] [bmv2] [D] [thread 100960] [65.0] [cxt 0] Deparsing header 'ipv4'
[09:11:44.356] [bmv2] [D] [thread 100960] [65.0] [cxt 0] Deparser 'deparser': end
[09:11:44.356] [bmv2] [D] [thread 100963] [65.0] [cxt 0] Transmitting packet of size 48 out of port 1
[09:11:44.361] [bmv2] [D] [thread 100958] [66.0] [cxt 0] Processing packet received on port 1
[09:11:44.361] [bmv2] [D] [thread 100958] [66.0] [cxt 0] Parser 'parser': start
[09:11:44.361] [bmv2] [D] [thread 100958] [66.0] [cxt 0] Parser 'parser' entering state 'start'
[09:11:44.361] [bmv2] [D] [thread 100958] [66.0] [cxt 0] Extracting header 'ethernet'
[09:11:44.361] [bmv2] [D] [thread 100958] [66.0] [cxt 0] Parser state 'start': key is 0800
[09:11:44.361] [bmv2] [T] [thread 100958] [66.0] [cxt 0] Bytes parsed: 14
[09:11:44.361] [bmv2] [D] [thread 100958] [66.0] [cxt 0] Parser 'parser' entering state 'parse_ipv4'
[09:11:44.361] [bmv2] [D] [thread 100958] [66.0] [cxt 0] Extracting header 'ipv4'
[09:11:44.361] [bmv2] [D] [thread 100958] [66.0] [cxt 0] Parser state 'parse_ipv4' has no switch, going to default next state
[09:11:44.361] [bmv2] [T] [thread 100958] [66.0] [cxt 0] Bytes parsed: 34
[09:11:44.361] [bmv2] [D] [thread 100958] [66.0] [cxt 0] Parser 'parser': end
[09:11:44.361] [bmv2] [D] [thread 100958] [66.0] [cxt 0] Pipeline 'ingress': start
[09:11:44.361] [bmv2] [T] [thread 100958] [66.0] [cxt 0] switch.p4(116) Condition "hdr.ipv4.isValid()" (node_2) is true
[09:11:44.361] [bmv2] [T] [thread 100958] [66.0] [cxt 0] Applying table 'MyIngress.ipv4_lpm'
[09:11:44.361] [bmv2] [D] [thread 100958] [66.0] [cxt 0] Looking up key:
* hdr.ipv4.dstAddr    : 0a000101

[09:11:44.361] [bmv2] [D] [thread 100958] [66.0] [cxt 0] Table 'MyIngress.ipv4_lpm': hit with handle 0
[09:11:44.361] [bmv2] [D] [thread 100958] [66.0] [cxt 0] Dumping entry 0
Match key:
* hdr.ipv4.dstAddr    : LPM       0a000101/32
Action entry: MyIngress.ipv4_forward - 80000000200,2,

[09:11:44.361] [bmv2] [D] [thread 100958] [66.0] [cxt 0] Action entry is MyIngress.ipv4_forward - 80000000200,2,
[09:11:44.361] [bmv2] [T] [thread 100958] [66.0] [cxt 0] Action MyIngress.ipv4_forward
[09:11:44.361] [bmv2] [T] [thread 100958] [66.0] [cxt 0] switch.p4(96) Primitive standard_metadata.egress_spec = port
[09:11:44.361] [bmv2] [T] [thread 100958] [66.0] [cxt 0] switch.p4(97) Primitive hdr.ethernet.srcAddr = hdr.ethernet.dstAddr
[09:11:44.361] [bmv2] [T] [thread 100958] [66.0] [cxt 0] switch.p4(98) Primitive hdr.ethernet.dstAddr = dstAddr
[09:11:44.361] [bmv2] [T] [thread 100958] [66.0] [cxt 0] switch.p4(99) Primitive hdr.ipv4.ttl = hdr.ipv4.ttl - 1
[09:11:44.361] [bmv2] [D] [thread 100958] [66.0] [cxt 0] Pipeline 'ingress': end
[09:11:44.361] [bmv2] [D] [thread 100958] [66.0] [cxt 0] Egress port is 2
[09:11:44.361] [bmv2] [D] [thread 100961] [66.0] [cxt 0] Pipeline 'egress': start
[09:11:44.361] [bmv2] [D] [thread 100961] [66.0] [cxt 0] Pipeline 'egress': end
[09:11:44.361] [bmv2] [D] [thread 100961] [66.0] [cxt 0] Deparser 'deparser': start
[09:11:44.361] [bmv2] [D] [thread 100961] [66.0] [cxt 0] Updating checksum 'cksum'
[09:11:44.361] [bmv2] [D] [thread 100961] [66.0] [cxt 0] Deparsing header 'ethernet'
[09:11:44.361] [bmv2] [D] [thread 100961] [66.0] [cxt 0] Deparsing header 'ipv4'
[09:11:44.361] [bmv2] [D] [thread 100961] [66.0] [cxt 0] Deparser 'deparser': end
[09:11:44.361] [bmv2] [D] [thread 100963] [66.0] [cxt 0] Transmitting packet of size 76 out of port 2
[09:11:44.382] [bmv2] [D] [thread 100958] [67.0] [cxt 0] Processing packet received on port 1
[09:11:44.382] [bmv2] [D] [thread 100958] [67.0] [cxt 0] Parser 'parser': start
[09:11:44.382] [bmv2] [D] [thread 100958] [67.0] [cxt 0] Parser 'parser' entering state 'start'
[09:11:44.382] [bmv2] [D] [thread 100958] [67.0] [cxt 0] Extracting header 'ethernet'
[09:11:44.382] [bmv2] [D] [thread 100958] [67.0] [cxt 0] Parser state 'start': key is 0800
[09:11:44.382] [bmv2] [T] [thread 100958] [67.0] [cxt 0] Bytes parsed: 14
[09:11:44.382] [bmv2] [D] [thread 100958] [67.0] [cxt 0] Parser 'parser' entering state 'parse_ipv4'
[09:11:44.382] [bmv2] [D] [thread 100958] [67.0] [cxt 0] Extracting header 'ipv4'
[09:11:44.382] [bmv2] [D] [thread 100958] [67.0] [cxt 0] Parser state 'parse_ipv4' has no switch, going to default next state
[09:11:44.382] [bmv2] [T] [thread 100958] [67.0] [cxt 0] Bytes parsed: 34
[09:11:44.382] [bmv2] [D] [thread 100958] [67.0] [cxt 0] Parser 'parser': end
[09:11:44.387] [bmv2] [D] [thread 100958] [67.0] [cxt 0] Pipeline 'ingress': start
[09:11:44.387] [bmv2] [T] [thread 100958] [67.0] [cxt 0] switch.p4(116) Condition "hdr.ipv4.isValid()" (node_2) is true
[09:11:44.387] [bmv2] [T] [thread 100958] [67.0] [cxt 0] Applying table 'MyIngress.ipv4_lpm'
[09:11:44.387] [bmv2] [D] [thread 100958] [67.0] [cxt 0] Looking up key:
* hdr.ipv4.dstAddr    : 0a000101

[09:11:44.387] [bmv2] [D] [thread 100958] [67.0] [cxt 0] Table 'MyIngress.ipv4_lpm': hit with handle 0
[09:11:44.387] [bmv2] [D] [thread 100958] [67.0] [cxt 0] Dumping entry 0
Match key:
* hdr.ipv4.dstAddr    : LPM       0a000101/32
Action entry: MyIngress.ipv4_forward - 80000000200,2,

[09:11:44.387] [bmv2] [D] [thread 100958] [67.0] [cxt 0] Action entry is MyIngress.ipv4_forward - 80000000200,2,
[09:11:44.387] [bmv2] [T] [thread 100958] [67.0] [cxt 0] Action MyIngress.ipv4_forward
[09:11:44.387] [bmv2] [T] [thread 100958] [67.0] [cxt 0] switch.p4(96) Primitive standard_metadata.egress_spec = port
[09:11:44.387] [bmv2] [T] [thread 100958] [67.0] [cxt 0] switch.p4(97) Primitive hdr.ethernet.srcAddr = hdr.ethernet.dstAddr
[09:11:44.387] [bmv2] [T] [thread 100958] [67.0] [cxt 0] switch.p4(98) Primitive hdr.ethernet.dstAddr = dstAddr
[09:11:44.387] [bmv2] [T] [thread 100958] [67.0] [cxt 0] switch.p4(99) Primitive hdr.ipv4.ttl = hdr.ipv4.ttl - 1
[09:11:44.387] [bmv2] [D] [thread 100958] [67.0] [cxt 0] Pipeline 'ingress': end
[09:11:44.387] [bmv2] [D] [thread 100958] [67.0] [cxt 0] Egress port is 2
[09:11:44.387] [bmv2] [D] [thread 100961] [67.0] [cxt 0] Pipeline 'egress': start
[09:11:44.387] [bmv2] [D] [thread 100961] [67.0] [cxt 0] Pipeline 'egress': end
[09:11:44.387] [bmv2] [D] [thread 100961] [67.0] [cxt 0] Deparser 'deparser': start
[09:11:44.387] [bmv2] [D] [thread 100961] [67.0] [cxt 0] Updating checksum 'cksum'
[09:11:44.387] [bmv2] [D] [thread 100961] [67.0] [cxt 0] Deparsing header 'ethernet'
[09:11:44.387] [bmv2] [D] [thread 100961] [67.0] [cxt 0] Deparsing header 'ipv4'
[09:11:44.387] [bmv2] [D] [thread 100961] [67.0] [cxt 0] Deparser 'deparser': end
[09:11:44.387] [bmv2] [D] [thread 100963] [67.0] [cxt 0] Transmitting packet of size 308 out of port 2
[09:11:44.401] [bmv2] [D] [thread 100958] [68.0] [cxt 0] Processing packet received on port 2
[09:11:44.401] [bmv2] [D] [thread 100958] [68.0] [cxt 0] Parser 'parser': start
[09:11:44.401] [bmv2] [D] [thread 100958] [68.0] [cxt 0] Parser 'parser' entering state 'start'
[09:11:44.401] [bmv2] [D] [thread 100958] [68.0] [cxt 0] Extracting header 'ethernet'
[09:11:44.401] [bmv2] [D] [thread 100958] [68.0] [cxt 0] Parser state 'start': key is 0800
[09:11:44.401] [bmv2] [T] [thread 100958] [68.0] [cxt 0] Bytes parsed: 14
[09:11:44.401] [bmv2] [D] [thread 100958] [68.0] [cxt 0] Parser 'parser' entering state 'parse_ipv4'
[09:11:44.401] [bmv2] [D] [thread 100958] [68.0] [cxt 0] Extracting header 'ipv4'
[09:11:44.401] [bmv2] [D] [thread 100958] [68.0] [cxt 0] Parser state 'parse_ipv4' has no switch, going to default next state
[09:11:44.401] [bmv2] [T] [thread 100958] [68.0] [cxt 0] Bytes parsed: 34
[09:11:44.401] [bmv2] [D] [thread 100958] [68.0] [cxt 0] Parser 'parser': end
[09:11:44.401] [bmv2] [D] [thread 100958] [68.0] [cxt 0] Pipeline 'ingress': start
[09:11:44.401] [bmv2] [T] [thread 100958] [68.0] [cxt 0] switch.p4(116) Condition "hdr.ipv4.isValid()" (node_2) is true
[09:11:44.401] [bmv2] [T] [thread 100958] [68.0] [cxt 0] Applying table 'MyIngress.ipv4_lpm'
[09:11:44.401] [bmv2] [D] [thread 100958] [68.0] [cxt 0] Looking up key:
* hdr.ipv4.dstAddr    : 0a000202

[09:11:44.401] [bmv2] [D] [thread 100958] [68.0] [cxt 0] Table 'MyIngress.ipv4_lpm': hit with handle 1
[09:11:44.401] [bmv2] [D] [thread 100958] [68.0] [cxt 0] Dumping entry 1
Match key:
* hdr.ipv4.dstAddr    : LPM       0a000202/32
Action entry: MyIngress.ipv4_forward - 80000000222,1,

[09:11:44.401] [bmv2] [D] [thread 100958] [68.0] [cxt 0] Action entry is MyIngress.ipv4_forward - 80000000222,1,
[09:11:44.401] [bmv2] [T] [thread 100958] [68.0] [cxt 0] Action MyIngress.ipv4_forward
[09:11:44.401] [bmv2] [T] [thread 100958] [68.0] [cxt 0] switch.p4(96) Primitive standard_metadata.egress_spec = port
[09:11:44.401] [bmv2] [T] [thread 100958] [68.0] [cxt 0] switch.p4(97) Primitive hdr.ethernet.srcAddr = hdr.ethernet.dstAddr
[09:11:44.401] [bmv2] [T] [thread 100958] [68.0] [cxt 0] switch.p4(98) Primitive hdr.ethernet.dstAddr = dstAddr
[09:11:44.401] [bmv2] [T] [thread 100958] [68.0] [cxt 0] switch.p4(99) Primitive hdr.ipv4.ttl = hdr.ipv4.ttl - 1
[09:11:44.401] [bmv2] [D] [thread 100958] [68.0] [cxt 0] Pipeline 'ingress': end
[09:11:44.401] [bmv2] [D] [thread 100958] [68.0] [cxt 0] Egress port is 1
[09:11:44.401] [bmv2] [D] [thread 100960] [68.0] [cxt 0] Pipeline 'egress': start
[09:11:44.401] [bmv2] [D] [thread 100960] [68.0] [cxt 0] Pipeline 'egress': end
[09:11:44.401] [bmv2] [D] [thread 100960] [68.0] [cxt 0] Deparser 'deparser': start
[09:11:44.401] [bmv2] [D] [thread 100960] [68.0] [cxt 0] Updating checksum 'cksum'
[09:11:44.401] [bmv2] [D] [thread 100960] [68.0] [cxt 0] Deparsing header 'ethernet'
[09:11:44.401] [bmv2] [D] [thread 100960] [68.0] [cxt 0] Deparsing header 'ipv4'
[09:11:44.401] [bmv2] [D] [thread 100960] [68.0] [cxt 0] Deparser 'deparser': end
[09:11:44.401] [bmv2] [D] [thread 100963] [68.0] [cxt 0] Transmitting packet of size 336 out of port 1
[09:11:45.148] [bmv2] [D] [thread 100958] [69.0] [cxt 0] Processing packet received on port 1
[09:11:45.148] [bmv2] [D] [thread 100958] [69.0] [cxt 0] Parser 'parser': start
[09:11:45.148] [bmv2] [D] [thread 100958] [69.0] [cxt 0] Parser 'parser' entering state 'start'
[09:11:45.148] [bmv2] [D] [thread 100958] [69.0] [cxt 0] Extracting header 'ethernet'
[09:11:45.148] [bmv2] [D] [thread 100958] [69.0] [cxt 0] Parser state 'start': key is 86dd
[09:11:45.148] [bmv2] [T] [thread 100958] [69.0] [cxt 0] Bytes parsed: 14
[09:11:45.148] [bmv2] [D] [thread 100958] [69.0] [cxt 0] Parser 'parser': end
[09:11:45.148] [bmv2] [D] [thread 100958] [69.0] [cxt 0] Pipeline 'ingress': start
[09:11:45.148] [bmv2] [T] [thread 100958] [69.0] [cxt 0] switch.p4(116) Condition "hdr.ipv4.isValid()" (node_2) is false
[09:11:45.148] [bmv2] [D] [thread 100958] [69.0] [cxt 0] Pipeline 'ingress': end
[09:11:45.148] [bmv2] [D] [thread 100958] [69.0] [cxt 0] Egress port is 0
[09:11:45.150] [bmv2] [D] [thread 100959] [69.0] [cxt 0] Pipeline 'egress': start
[09:11:45.150] [bmv2] [D] [thread 100959] [69.0] [cxt 0] Pipeline 'egress': end
[09:11:45.150] [bmv2] [D] [thread 100959] [69.0] [cxt 0] Deparser 'deparser': start
[09:11:45.150] [bmv2] [T] [thread 100959] [69.0] [cxt 0] Skipping checksum 'cksum' update because condition not met
[09:11:45.150] [bmv2] [D] [thread 100959] [69.0] [cxt 0] Deparsing header 'ethernet'
[09:11:45.150] [bmv2] [D] [thread 100959] [69.0] [cxt 0] Deparser 'deparser': end
[09:11:45.150] [bmv2] [D] [thread 100963] [69.0] [cxt 0] Transmitting packet of size 70 out of port 0
[09:11:45.379] [bmv2] [D] [thread 100958] [70.0] [cxt 0] Processing packet received on port 2
[09:11:45.379] [bmv2] [D] [thread 100958] [70.0] [cxt 0] Parser 'parser': start
[09:11:45.379] [bmv2] [D] [thread 100958] [70.0] [cxt 0] Parser 'parser' entering state 'start'
[09:11:45.379] [bmv2] [D] [thread 100958] [70.0] [cxt 0] Extracting header 'ethernet'
[09:11:45.379] [bmv2] [D] [thread 100958] [70.0] [cxt 0] Parser state 'start': key is 0800
[09:11:45.379] [bmv2] [T] [thread 100958] [70.0] [cxt 0] Bytes parsed: 14
[09:11:45.379] [bmv2] [D] [thread 100958] [70.0] [cxt 0] Parser 'parser' entering state 'parse_ipv4'
[09:11:45.379] [bmv2] [D] [thread 100958] [70.0] [cxt 0] Extracting header 'ipv4'
[09:11:45.379] [bmv2] [D] [thread 100958] [70.0] [cxt 0] Parser state 'parse_ipv4' has no switch, going to default next state
[09:11:45.379] [bmv2] [T] [thread 100958] [70.0] [cxt 0] Bytes parsed: 34
[09:11:45.379] [bmv2] [D] [thread 100958] [70.0] [cxt 0] Parser 'parser': end
[09:11:45.379] [bmv2] [D] [thread 100958] [70.0] [cxt 0] Pipeline 'ingress': start
[09:11:45.379] [bmv2] [T] [thread 100958] [70.0] [cxt 0] switch.p4(116) Condition "hdr.ipv4.isValid()" (node_2) is true
[09:11:45.379] [bmv2] [T] [thread 100958] [70.0] [cxt 0] Applying table 'MyIngress.ipv4_lpm'
[09:11:45.379] [bmv2] [D] [thread 100958] [70.0] [cxt 0] Looking up key:
* hdr.ipv4.dstAddr    : 0a000202

[09:11:45.379] [bmv2] [D] [thread 100958] [70.0] [cxt 0] Table 'MyIngress.ipv4_lpm': hit with handle 1
[09:11:45.379] [bmv2] [D] [thread 100958] [70.0] [cxt 0] Dumping entry 1
Match key:
* hdr.ipv4.dstAddr    : LPM       0a000202/32
Action entry: MyIngress.ipv4_forward - 80000000222,1,

[09:11:45.379] [bmv2] [D] [thread 100958] [70.0] [cxt 0] Action entry is MyIngress.ipv4_forward - 80000000222,1,
[09:11:45.379] [bmv2] [T] [thread 100958] [70.0] [cxt 0] Action MyIngress.ipv4_forward
[09:11:45.379] [bmv2] [T] [thread 100958] [70.0] [cxt 0] switch.p4(96) Primitive standard_metadata.egress_spec = port
[09:11:45.379] [bmv2] [T] [thread 100958] [70.0] [cxt 0] switch.p4(97) Primitive hdr.ethernet.srcAddr = hdr.ethernet.dstAddr
[09:11:45.379] [bmv2] [T] [thread 100958] [70.0] [cxt 0] switch.p4(98) Primitive hdr.ethernet.dstAddr = dstAddr
[09:11:45.379] [bmv2] [T] [thread 100958] [70.0] [cxt 0] switch.p4(99) Primitive hdr.ipv4.ttl = hdr.ipv4.ttl - 1
[09:11:45.379] [bmv2] [D] [thread 100958] [70.0] [cxt 0] Pipeline 'ingress': end
[09:11:45.379] [bmv2] [D] [thread 100958] [70.0] [cxt 0] Egress port is 1
[09:11:45.379] [bmv2] [D] [thread 100960] [70.0] [cxt 0] Pipeline 'egress': start
[09:11:45.379] [bmv2] [D] [thread 100960] [70.0] [cxt 0] Pipeline 'egress': end
[09:11:45.379] [bmv2] [D] [thread 100960] [70.0] [cxt 0] Deparser 'deparser': start
[09:11:45.379] [bmv2] [D] [thread 100960] [70.0] [cxt 0] Updating checksum 'cksum'
[09:11:45.379] [bmv2] [D] [thread 100960] [70.0] [cxt 0] Deparsing header 'ethernet'
[09:11:45.379] [bmv2] [D] [thread 100960] [70.0] [cxt 0] Deparsing header 'ipv4'
[09:11:45.379] [bmv2] [D] [thread 100960] [70.0] [cxt 0] Deparser 'deparser': end
[09:11:45.379] [bmv2] [D] [thread 100963] [70.0] [cxt 0] Transmitting packet of size 48 out of port 1
[09:11:45.382] [bmv2] [D] [thread 100958] [71.0] [cxt 0] Processing packet received on port 1
[09:11:45.382] [bmv2] [D] [thread 100958] [71.0] [cxt 0] Parser 'parser': start
[09:11:45.382] [bmv2] [D] [thread 100958] [71.0] [cxt 0] Parser 'parser' entering state 'start'
[09:11:45.382] [bmv2] [D] [thread 100958] [71.0] [cxt 0] Extracting header 'ethernet'
[09:11:45.382] [bmv2] [D] [thread 100958] [71.0] [cxt 0] Parser state 'start': key is 0800
[09:11:45.382] [bmv2] [T] [thread 100958] [71.0] [cxt 0] Bytes parsed: 14
[09:11:45.382] [bmv2] [D] [thread 100958] [71.0] [cxt 0] Parser 'parser' entering state 'parse_ipv4'
[09:11:45.382] [bmv2] [D] [thread 100958] [71.0] [cxt 0] Extracting header 'ipv4'
[09:11:45.382] [bmv2] [D] [thread 100958] [71.0] [cxt 0] Parser state 'parse_ipv4' has no switch, going to default next state
[09:11:45.382] [bmv2] [T] [thread 100958] [71.0] [cxt 0] Bytes parsed: 34
[09:11:45.382] [bmv2] [D] [thread 100958] [71.0] [cxt 0] Parser 'parser': end
[09:11:45.382] [bmv2] [D] [thread 100958] [71.0] [cxt 0] Pipeline 'ingress': start
[09:11:45.382] [bmv2] [T] [thread 100958] [71.0] [cxt 0] switch.p4(116) Condition "hdr.ipv4.isValid()" (node_2) is true
[09:11:45.382] [bmv2] [T] [thread 100958] [71.0] [cxt 0] Applying table 'MyIngress.ipv4_lpm'
[09:11:45.382] [bmv2] [D] [thread 100958] [71.0] [cxt 0] Looking up key:
* hdr.ipv4.dstAddr    : 0a000101

[09:11:45.382] [bmv2] [D] [thread 100958] [71.0] [cxt 0] Table 'MyIngress.ipv4_lpm': hit with handle 0
[09:11:45.382] [bmv2] [D] [thread 100958] [71.0] [cxt 0] Dumping entry 0
Match key:
* hdr.ipv4.dstAddr    : LPM       0a000101/32
Action entry: MyIngress.ipv4_forward - 80000000200,2,

[09:11:45.382] [bmv2] [D] [thread 100958] [71.0] [cxt 0] Action entry is MyIngress.ipv4_forward - 80000000200,2,
[09:11:45.382] [bmv2] [T] [thread 100958] [71.0] [cxt 0] Action MyIngress.ipv4_forward
[09:11:45.382] [bmv2] [T] [thread 100958] [71.0] [cxt 0] switch.p4(96) Primitive standard_metadata.egress_spec = port
[09:11:45.382] [bmv2] [T] [thread 100958] [71.0] [cxt 0] switch.p4(97) Primitive hdr.ethernet.srcAddr = hdr.ethernet.dstAddr
[09:11:45.382] [bmv2] [T] [thread 100958] [71.0] [cxt 0] switch.p4(98) Primitive hdr.ethernet.dstAddr = dstAddr
[09:11:45.382] [bmv2] [T] [thread 100958] [71.0] [cxt 0] switch.p4(99) Primitive hdr.ipv4.ttl = hdr.ipv4.ttl - 1
[09:11:45.382] [bmv2] [D] [thread 100958] [71.0] [cxt 0] Pipeline 'ingress': end
[09:11:45.382] [bmv2] [D] [thread 100958] [71.0] [cxt 0] Egress port is 2
[09:11:45.382] [bmv2] [D] [thread 100961] [71.0] [cxt 0] Pipeline 'egress': start
[09:11:45.382] [bmv2] [D] [thread 100961] [71.0] [cxt 0] Pipeline 'egress': end
[09:11:45.382] [bmv2] [D] [thread 100961] [71.0] [cxt 0] Deparser 'deparser': start
[09:11:45.382] [bmv2] [D] [thread 100961] [71.0] [cxt 0] Updating checksum 'cksum'
[09:11:45.382] [bmv2] [D] [thread 100961] [71.0] [cxt 0] Deparsing header 'ethernet'
[09:11:45.382] [bmv2] [D] [thread 100961] [71.0] [cxt 0] Deparsing header 'ipv4'
[09:11:45.382] [bmv2] [D] [thread 100961] [71.0] [cxt 0] Deparser 'deparser': end
[09:11:45.382] [bmv2] [D] [thread 100963] [71.0] [cxt 0] Transmitting packet of size 76 out of port 2
[09:11:45.440] [bmv2] [D] [thread 100958] [72.0] [cxt 0] Processing packet received on port 1
[09:11:45.440] [bmv2] [D] [thread 100958] [72.0] [cxt 0] Parser 'parser': start
[09:11:45.440] [bmv2] [D] [thread 100958] [72.0] [cxt 0] Parser 'parser' entering state 'start'
[09:11:45.440] [bmv2] [D] [thread 100958] [72.0] [cxt 0] Extracting header 'ethernet'
[09:11:45.440] [bmv2] [D] [thread 100958] [72.0] [cxt 0] Parser state 'start': key is 0800
[09:11:45.440] [bmv2] [T] [thread 100958] [72.0] [cxt 0] Bytes parsed: 14
[09:11:45.440] [bmv2] [D] [thread 100958] [72.0] [cxt 0] Parser 'parser' entering state 'parse_ipv4'
[09:11:45.440] [bmv2] [D] [thread 100958] [72.0] [cxt 0] Extracting header 'ipv4'
[09:11:45.440] [bmv2] [D] [thread 100958] [72.0] [cxt 0] Parser state 'parse_ipv4' has no switch, going to default next state
[09:11:45.440] [bmv2] [T] [thread 100958] [72.0] [cxt 0] Bytes parsed: 34
[09:11:45.440] [bmv2] [D] [thread 100958] [72.0] [cxt 0] Parser 'parser': end
[09:11:45.440] [bmv2] [D] [thread 100958] [72.0] [cxt 0] Pipeline 'ingress': start
[09:11:45.440] [bmv2] [T] [thread 100958] [72.0] [cxt 0] switch.p4(116) Condition "hdr.ipv4.isValid()" (node_2) is true
[09:11:45.440] [bmv2] [T] [thread 100958] [72.0] [cxt 0] Applying table 'MyIngress.ipv4_lpm'
[09:11:45.440] [bmv2] [D] [thread 100958] [72.0] [cxt 0] Looking up key:
* hdr.ipv4.dstAddr    : 0a000101

[09:11:45.440] [bmv2] [D] [thread 100958] [72.0] [cxt 0] Table 'MyIngress.ipv4_lpm': hit with handle 0
[09:11:45.440] [bmv2] [D] [thread 100958] [72.0] [cxt 0] Dumping entry 0
Match key:
* hdr.ipv4.dstAddr    : LPM       0a000101/32
Action entry: MyIngress.ipv4_forward - 80000000200,2,

[09:11:45.440] [bmv2] [D] [thread 100958] [72.0] [cxt 0] Action entry is MyIngress.ipv4_forward - 80000000200,2,
[09:11:45.440] [bmv2] [T] [thread 100958] [72.0] [cxt 0] Action MyIngress.ipv4_forward
[09:11:45.440] [bmv2] [T] [thread 100958] [72.0] [cxt 0] switch.p4(96) Primitive standard_metadata.egress_spec = port
[09:11:45.440] [bmv2] [T] [thread 100958] [72.0] [cxt 0] switch.p4(97) Primitive hdr.ethernet.srcAddr = hdr.ethernet.dstAddr
[09:11:45.440] [bmv2] [T] [thread 100958] [72.0] [cxt 0] switch.p4(98) Primitive hdr.ethernet.dstAddr = dstAddr
[09:11:45.440] [bmv2] [T] [thread 100958] [72.0] [cxt 0] switch.p4(99) Primitive hdr.ipv4.ttl = hdr.ipv4.ttl - 1
[09:11:45.440] [bmv2] [D] [thread 100958] [72.0] [cxt 0] Pipeline 'ingress': end
[09:11:45.440] [bmv2] [D] [thread 100958] [72.0] [cxt 0] Egress port is 2
[09:11:45.440] [bmv2] [D] [thread 100961] [72.0] [cxt 0] Pipeline 'egress': start
[09:11:45.440] [bmv2] [D] [thread 100961] [72.0] [cxt 0] Pipeline 'egress': end
[09:11:45.440] [bmv2] [D] [thread 100961] [72.0] [cxt 0] Deparser 'deparser': start
[09:11:45.440] [bmv2] [D] [thread 100961] [72.0] [cxt 0] Updating checksum 'cksum'
[09:11:45.440] [bmv2] [D] [thread 100961] [72.0] [cxt 0] Deparsing header 'ethernet'
[09:11:45.440] [bmv2] [D] [thread 100961] [72.0] [cxt 0] Deparsing header 'ipv4'
[09:11:45.440] [bmv2] [D] [thread 100961] [72.0] [cxt 0] Deparser 'deparser': end
[09:11:45.440] [bmv2] [D] [thread 100963] [72.0] [cxt 0] Transmitting packet of size 308 out of port 2
[09:11:45.445] [bmv2] [D] [thread 100958] [73.0] [cxt 0] Processing packet received on port 2
[09:11:45.445] [bmv2] [D] [thread 100958] [73.0] [cxt 0] Parser 'parser': start
[09:11:45.445] [bmv2] [D] [thread 100958] [73.0] [cxt 0] Parser 'parser' entering state 'start'
[09:11:45.445] [bmv2] [D] [thread 100958] [73.0] [cxt 0] Extracting header 'ethernet'
[09:11:45.445] [bmv2] [D] [thread 100958] [73.0] [cxt 0] Parser state 'start': key is 0800
[09:11:45.445] [bmv2] [T] [thread 100958] [73.0] [cxt 0] Bytes parsed: 14
[09:11:45.445] [bmv2] [D] [thread 100958] [73.0] [cxt 0] Parser 'parser' entering state 'parse_ipv4'
[09:11:45.445] [bmv2] [D] [thread 100958] [73.0] [cxt 0] Extracting header 'ipv4'
[09:11:45.445] [bmv2] [D] [thread 100958] [73.0] [cxt 0] Parser state 'parse_ipv4' has no switch, going to default next state
[09:11:45.445] [bmv2] [T] [thread 100958] [73.0] [cxt 0] Bytes parsed: 34
[09:11:45.445] [bmv2] [D] [thread 100958] [73.0] [cxt 0] Parser 'parser': end
[09:11:45.445] [bmv2] [D] [thread 100958] [73.0] [cxt 0] Pipeline 'ingress': start
[09:11:45.445] [bmv2] [T] [thread 100958] [73.0] [cxt 0] switch.p4(116) Condition "hdr.ipv4.isValid()" (node_2) is true
[09:11:45.445] [bmv2] [T] [thread 100958] [73.0] [cxt 0] Applying table 'MyIngress.ipv4_lpm'
[09:11:45.445] [bmv2] [D] [thread 100958] [73.0] [cxt 0] Looking up key:
* hdr.ipv4.dstAddr    : 0a000202

[09:11:45.445] [bmv2] [D] [thread 100958] [73.0] [cxt 0] Table 'MyIngress.ipv4_lpm': hit with handle 1
[09:11:45.445] [bmv2] [D] [thread 100958] [73.0] [cxt 0] Dumping entry 1
Match key:
* hdr.ipv4.dstAddr    : LPM       0a000202/32
Action entry: MyIngress.ipv4_forward - 80000000222,1,

[09:11:45.445] [bmv2] [D] [thread 100958] [73.0] [cxt 0] Action entry is MyIngress.ipv4_forward - 80000000222,1,
[09:11:45.445] [bmv2] [T] [thread 100958] [73.0] [cxt 0] Action MyIngress.ipv4_forward
[09:11:45.445] [bmv2] [T] [thread 100958] [73.0] [cxt 0] switch.p4(96) Primitive standard_metadata.egress_spec = port
[09:11:45.445] [bmv2] [T] [thread 100958] [73.0] [cxt 0] switch.p4(97) Primitive hdr.ethernet.srcAddr = hdr.ethernet.dstAddr
[09:11:45.445] [bmv2] [T] [thread 100958] [73.0] [cxt 0] switch.p4(98) Primitive hdr.ethernet.dstAddr = dstAddr
[09:11:45.445] [bmv2] [T] [thread 100958] [73.0] [cxt 0] switch.p4(99) Primitive hdr.ipv4.ttl = hdr.ipv4.ttl - 1
[09:11:45.445] [bmv2] [D] [thread 100958] [73.0] [cxt 0] Pipeline 'ingress': end
[09:11:45.445] [bmv2] [D] [thread 100958] [73.0] [cxt 0] Egress port is 1
[09:11:45.445] [bmv2] [D] [thread 100960] [73.0] [cxt 0] Pipeline 'egress': start
[09:11:45.445] [bmv2] [D] [thread 100960] [73.0] [cxt 0] Pipeline 'egress': end
[09:11:45.445] [bmv2] [D] [thread 100960] [73.0] [cxt 0] Deparser 'deparser': start
[09:11:45.445] [bmv2] [D] [thread 100960] [73.0] [cxt 0] Updating checksum 'cksum'
[09:11:45.445] [bmv2] [D] [thread 100960] [73.0] [cxt 0] Deparsing header 'ethernet'
[09:11:45.445] [bmv2] [D] [thread 100960] [73.0] [cxt 0] Deparsing header 'ipv4'
[09:11:45.445] [bmv2] [D] [thread 100960] [73.0] [cxt 0] Deparser 'deparser': end
[09:11:45.445] [bmv2] [D] [thread 100963] [73.0] [cxt 0] Transmitting packet of size 336 out of port 1
[09:11:46.415] [bmv2] [D] [thread 100958] [74.0] [cxt 0] Processing packet received on port 2
[09:11:46.415] [bmv2] [D] [thread 100958] [74.0] [cxt 0] Parser 'parser': start
[09:11:46.415] [bmv2] [D] [thread 100958] [74.0] [cxt 0] Parser 'parser' entering state 'start'
[09:11:46.415] [bmv2] [D] [thread 100958] [74.0] [cxt 0] Extracting header 'ethernet'
[09:11:46.415] [bmv2] [D] [thread 100958] [74.0] [cxt 0] Parser state 'start': key is 0800
[09:11:46.415] [bmv2] [T] [thread 100958] [74.0] [cxt 0] Bytes parsed: 14
[09:11:46.415] [bmv2] [D] [thread 100958] [74.0] [cxt 0] Parser 'parser' entering state 'parse_ipv4'
[09:11:46.415] [bmv2] [D] [thread 100958] [74.0] [cxt 0] Extracting header 'ipv4'
[09:11:46.415] [bmv2] [D] [thread 100958] [74.0] [cxt 0] Parser state 'parse_ipv4' has no switch, going to default next state
[09:11:46.415] [bmv2] [T] [thread 100958] [74.0] [cxt 0] Bytes parsed: 34
[09:11:46.415] [bmv2] [D] [thread 100958] [74.0] [cxt 0] Parser 'parser': end
[09:11:46.415] [bmv2] [D] [thread 100958] [74.0] [cxt 0] Pipeline 'ingress': start
[09:11:46.415] [bmv2] [T] [thread 100958] [74.0] [cxt 0] switch.p4(116) Condition "hdr.ipv4.isValid()" (node_2) is true
[09:11:46.415] [bmv2] [T] [thread 100958] [74.0] [cxt 0] Applying table 'MyIngress.ipv4_lpm'
[09:11:46.415] [bmv2] [D] [thread 100958] [74.0] [cxt 0] Looking up key:
* hdr.ipv4.dstAddr    : 0a000202

[09:11:46.415] [bmv2] [D] [thread 100958] [74.0] [cxt 0] Table 'MyIngress.ipv4_lpm': hit with handle 1
[09:11:46.415] [bmv2] [D] [thread 100958] [74.0] [cxt 0] Dumping entry 1
Match key:
* hdr.ipv4.dstAddr    : LPM       0a000202/32
Action entry: MyIngress.ipv4_forward - 80000000222,1,

[09:11:46.415] [bmv2] [D] [thread 100958] [74.0] [cxt 0] Action entry is MyIngress.ipv4_forward - 80000000222,1,
[09:11:46.415] [bmv2] [T] [thread 100958] [74.0] [cxt 0] Action MyIngress.ipv4_forward
[09:11:46.415] [bmv2] [T] [thread 100958] [74.0] [cxt 0] switch.p4(96) Primitive standard_metadata.egress_spec = port
[09:11:46.415] [bmv2] [T] [thread 100958] [74.0] [cxt 0] switch.p4(97) Primitive hdr.ethernet.srcAddr = hdr.ethernet.dstAddr
[09:11:46.415] [bmv2] [T] [thread 100958] [74.0] [cxt 0] switch.p4(98) Primitive hdr.ethernet.dstAddr = dstAddr
[09:11:46.415] [bmv2] [T] [thread 100958] [74.0] [cxt 0] switch.p4(99) Primitive hdr.ipv4.ttl = hdr.ipv4.ttl - 1
[09:11:46.415] [bmv2] [D] [thread 100958] [74.0] [cxt 0] Pipeline 'ingress': end
[09:11:46.415] [bmv2] [D] [thread 100958] [74.0] [cxt 0] Egress port is 1
[09:11:46.415] [bmv2] [D] [thread 100960] [74.0] [cxt 0] Pipeline 'egress': start
[09:11:46.415] [bmv2] [D] [thread 100960] [74.0] [cxt 0] Pipeline 'egress': end
[09:11:46.415] [bmv2] [D] [thread 100960] [74.0] [cxt 0] Deparser 'deparser': start
[09:11:46.415] [bmv2] [D] [thread 100960] [74.0] [cxt 0] Updating checksum 'cksum'
[09:11:46.415] [bmv2] [D] [thread 100960] [74.0] [cxt 0] Deparsing header 'ethernet'
[09:11:46.415] [bmv2] [D] [thread 100960] [74.0] [cxt 0] Deparsing header 'ipv4'
[09:11:46.415] [bmv2] [D] [thread 100960] [74.0] [cxt 0] Deparser 'deparser': end
[09:11:46.415] [bmv2] [D] [thread 100963] [74.0] [cxt 0] Transmitting packet of size 48 out of port 1
[09:11:46.415] [bmv2] [D] [thread 100958] [75.0] [cxt 0] Processing packet received on port 1
[09:11:46.415] [bmv2] [D] [thread 100958] [75.0] [cxt 0] Parser 'parser': start
[09:11:46.415] [bmv2] [D] [thread 100958] [75.0] [cxt 0] Parser 'parser' entering state 'start'
[09:11:46.415] [bmv2] [D] [thread 100958] [75.0] [cxt 0] Extracting header 'ethernet'
[09:11:46.415] [bmv2] [D] [thread 100958] [75.0] [cxt 0] Parser state 'start': key is 0800
[09:11:46.415] [bmv2] [T] [thread 100958] [75.0] [cxt 0] Bytes parsed: 14
[09:11:46.415] [bmv2] [D] [thread 100958] [75.0] [cxt 0] Parser 'parser' entering state 'parse_ipv4'
[09:11:46.415] [bmv2] [D] [thread 100958] [75.0] [cxt 0] Extracting header 'ipv4'
[09:11:46.415] [bmv2] [D] [thread 100958] [75.0] [cxt 0] Parser state 'parse_ipv4' has no switch, going to default next state
[09:11:46.415] [bmv2] [T] [thread 100958] [75.0] [cxt 0] Bytes parsed: 34
[09:11:46.415] [bmv2] [D] [thread 100958] [75.0] [cxt 0] Parser 'parser': end
[09:11:46.421] [bmv2] [D] [thread 100958] [75.0] [cxt 0] Pipeline 'ingress': start
[09:11:46.421] [bmv2] [T] [thread 100958] [75.0] [cxt 0] switch.p4(116) Condition "hdr.ipv4.isValid()" (node_2) is true
[09:11:46.421] [bmv2] [T] [thread 100958] [75.0] [cxt 0] Applying table 'MyIngress.ipv4_lpm'
[09:11:46.421] [bmv2] [D] [thread 100958] [75.0] [cxt 0] Looking up key:
* hdr.ipv4.dstAddr    : 0a000101

[09:11:46.421] [bmv2] [D] [thread 100958] [75.0] [cxt 0] Table 'MyIngress.ipv4_lpm': hit with handle 0
[09:11:46.421] [bmv2] [D] [thread 100958] [75.0] [cxt 0] Dumping entry 0
Match key:
* hdr.ipv4.dstAddr    : LPM       0a000101/32
Action entry: MyIngress.ipv4_forward - 80000000200,2,

[09:11:46.421] [bmv2] [D] [thread 100958] [75.0] [cxt 0] Action entry is MyIngress.ipv4_forward - 80000000200,2,
[09:11:46.421] [bmv2] [T] [thread 100958] [75.0] [cxt 0] Action MyIngress.ipv4_forward
[09:11:46.421] [bmv2] [T] [thread 100958] [75.0] [cxt 0] switch.p4(96) Primitive standard_metadata.egress_spec = port
[09:11:46.421] [bmv2] [T] [thread 100958] [75.0] [cxt 0] switch.p4(97) Primitive hdr.ethernet.srcAddr = hdr.ethernet.dstAddr
[09:11:46.421] [bmv2] [T] [thread 100958] [75.0] [cxt 0] switch.p4(98) Primitive hdr.ethernet.dstAddr = dstAddr
[09:11:46.421] [bmv2] [T] [thread 100958] [75.0] [cxt 0] switch.p4(99) Primitive hdr.ipv4.ttl = hdr.ipv4.ttl - 1
[09:11:46.421] [bmv2] [D] [thread 100958] [75.0] [cxt 0] Pipeline 'ingress': end
[09:11:46.421] [bmv2] [D] [thread 100958] [75.0] [cxt 0] Egress port is 2
[09:11:46.421] [bmv2] [D] [thread 100961] [75.0] [cxt 0] Pipeline 'egress': start
[09:11:46.421] [bmv2] [D] [thread 100961] [75.0] [cxt 0] Pipeline 'egress': end
[09:11:46.421] [bmv2] [D] [thread 100961] [75.0] [cxt 0] Deparser 'deparser': start
[09:11:46.421] [bmv2] [D] [thread 100961] [75.0] [cxt 0] Updating checksum 'cksum'
[09:11:46.421] [bmv2] [D] [thread 100961] [75.0] [cxt 0] Deparsing header 'ethernet'
[09:11:46.421] [bmv2] [D] [thread 100961] [75.0] [cxt 0] Deparsing header 'ipv4'
[09:11:46.421] [bmv2] [D] [thread 100961] [75.0] [cxt 0] Deparser 'deparser': end
[09:11:46.421] [bmv2] [D] [thread 100963] [75.0] [cxt 0] Transmitting packet of size 76 out of port 2
[09:11:46.458] [bmv2] [D] [thread 100958] [76.0] [cxt 0] Processing packet received on port 1
[09:11:46.458] [bmv2] [D] [thread 100958] [76.0] [cxt 0] Parser 'parser': start
[09:11:46.458] [bmv2] [D] [thread 100958] [76.0] [cxt 0] Parser 'parser' entering state 'start'
[09:11:46.458] [bmv2] [D] [thread 100958] [76.0] [cxt 0] Extracting header 'ethernet'
[09:11:46.458] [bmv2] [D] [thread 100958] [76.0] [cxt 0] Parser state 'start': key is 0800
[09:11:46.458] [bmv2] [T] [thread 100958] [76.0] [cxt 0] Bytes parsed: 14
[09:11:46.458] [bmv2] [D] [thread 100958] [76.0] [cxt 0] Parser 'parser' entering state 'parse_ipv4'
[09:11:46.458] [bmv2] [D] [thread 100958] [76.0] [cxt 0] Extracting header 'ipv4'
[09:11:46.458] [bmv2] [D] [thread 100958] [76.0] [cxt 0] Parser state 'parse_ipv4' has no switch, going to default next state
[09:11:46.458] [bmv2] [T] [thread 100958] [76.0] [cxt 0] Bytes parsed: 34
[09:11:46.458] [bmv2] [D] [thread 100958] [76.0] [cxt 0] Parser 'parser': end
[09:11:46.458] [bmv2] [D] [thread 100958] [76.0] [cxt 0] Pipeline 'ingress': start
[09:11:46.458] [bmv2] [T] [thread 100958] [76.0] [cxt 0] switch.p4(116) Condition "hdr.ipv4.isValid()" (node_2) is true
[09:11:46.458] [bmv2] [T] [thread 100958] [76.0] [cxt 0] Applying table 'MyIngress.ipv4_lpm'
[09:11:46.458] [bmv2] [D] [thread 100958] [76.0] [cxt 0] Looking up key:
* hdr.ipv4.dstAddr    : 0a000101

[09:11:46.458] [bmv2] [D] [thread 100958] [76.0] [cxt 0] Table 'MyIngress.ipv4_lpm': hit with handle 0
[09:11:46.458] [bmv2] [D] [thread 100958] [76.0] [cxt 0] Dumping entry 0
Match key:
* hdr.ipv4.dstAddr    : LPM       0a000101/32
Action entry: MyIngress.ipv4_forward - 80000000200,2,

[09:11:46.458] [bmv2] [D] [thread 100958] [76.0] [cxt 0] Action entry is MyIngress.ipv4_forward - 80000000200,2,
[09:11:46.458] [bmv2] [T] [thread 100958] [76.0] [cxt 0] Action MyIngress.ipv4_forward
[09:11:46.458] [bmv2] [T] [thread 100958] [76.0] [cxt 0] switch.p4(96) Primitive standard_metadata.egress_spec = port
[09:11:46.458] [bmv2] [T] [thread 100958] [76.0] [cxt 0] switch.p4(97) Primitive hdr.ethernet.srcAddr = hdr.ethernet.dstAddr
[09:11:46.458] [bmv2] [T] [thread 100958] [76.0] [cxt 0] switch.p4(98) Primitive hdr.ethernet.dstAddr = dstAddr
[09:11:46.458] [bmv2] [T] [thread 100958] [76.0] [cxt 0] switch.p4(99) Primitive hdr.ipv4.ttl = hdr.ipv4.ttl - 1
[09:11:46.458] [bmv2] [D] [thread 100958] [76.0] [cxt 0] Pipeline 'ingress': end
[09:11:46.458] [bmv2] [D] [thread 100958] [76.0] [cxt 0] Egress port is 2
[09:11:46.458] [bmv2] [D] [thread 100961] [76.0] [cxt 0] Pipeline 'egress': start
[09:11:46.458] [bmv2] [D] [thread 100961] [76.0] [cxt 0] Pipeline 'egress': end
[09:11:46.458] [bmv2] [D] [thread 100961] [76.0] [cxt 0] Deparser 'deparser': start
[09:11:46.458] [bmv2] [D] [thread 100961] [76.0] [cxt 0] Updating checksum 'cksum'
[09:11:46.458] [bmv2] [D] [thread 100961] [76.0] [cxt 0] Deparsing header 'ethernet'
[09:11:46.458] [bmv2] [D] [thread 100961] [76.0] [cxt 0] Deparsing header 'ipv4'
[09:11:46.458] [bmv2] [D] [thread 100961] [76.0] [cxt 0] Deparser 'deparser': end
[09:11:46.458] [bmv2] [D] [thread 100963] [76.0] [cxt 0] Transmitting packet of size 308 out of port 2
[09:11:46.463] [bmv2] [D] [thread 100958] [77.0] [cxt 0] Processing packet received on port 2
[09:11:46.463] [bmv2] [D] [thread 100958] [77.0] [cxt 0] Parser 'parser': start
[09:11:46.463] [bmv2] [D] [thread 100958] [77.0] [cxt 0] Parser 'parser' entering state 'start'
[09:11:46.463] [bmv2] [D] [thread 100958] [77.0] [cxt 0] Extracting header 'ethernet'
[09:11:46.463] [bmv2] [D] [thread 100958] [77.0] [cxt 0] Parser state 'start': key is 0800
[09:11:46.463] [bmv2] [T] [thread 100958] [77.0] [cxt 0] Bytes parsed: 14
[09:11:46.463] [bmv2] [D] [thread 100958] [77.0] [cxt 0] Parser 'parser' entering state 'parse_ipv4'
[09:11:46.463] [bmv2] [D] [thread 100958] [77.0] [cxt 0] Extracting header 'ipv4'
[09:11:46.463] [bmv2] [D] [thread 100958] [77.0] [cxt 0] Parser state 'parse_ipv4' has no switch, going to default next state
[09:11:46.463] [bmv2] [T] [thread 100958] [77.0] [cxt 0] Bytes parsed: 34
[09:11:46.463] [bmv2] [D] [thread 100958] [77.0] [cxt 0] Parser 'parser': end
[09:11:46.463] [bmv2] [D] [thread 100958] [77.0] [cxt 0] Pipeline 'ingress': start
[09:11:46.463] [bmv2] [T] [thread 100958] [77.0] [cxt 0] switch.p4(116) Condition "hdr.ipv4.isValid()" (node_2) is true
[09:11:46.463] [bmv2] [T] [thread 100958] [77.0] [cxt 0] Applying table 'MyIngress.ipv4_lpm'
[09:11:46.463] [bmv2] [D] [thread 100958] [77.0] [cxt 0] Looking up key:
* hdr.ipv4.dstAddr    : 0a000202

[09:11:46.463] [bmv2] [D] [thread 100958] [77.0] [cxt 0] Table 'MyIngress.ipv4_lpm': hit with handle 1
[09:11:46.463] [bmv2] [D] [thread 100958] [77.0] [cxt 0] Dumping entry 1
Match key:
* hdr.ipv4.dstAddr    : LPM       0a000202/32
Action entry: MyIngress.ipv4_forward - 80000000222,1,

[09:11:46.463] [bmv2] [D] [thread 100958] [77.0] [cxt 0] Action entry is MyIngress.ipv4_forward - 80000000222,1,
[09:11:46.463] [bmv2] [T] [thread 100958] [77.0] [cxt 0] Action MyIngress.ipv4_forward
[09:11:46.463] [bmv2] [T] [thread 100958] [77.0] [cxt 0] switch.p4(96) Primitive standard_metadata.egress_spec = port
[09:11:46.463] [bmv2] [T] [thread 100958] [77.0] [cxt 0] switch.p4(97) Primitive hdr.ethernet.srcAddr = hdr.ethernet.dstAddr
[09:11:46.463] [bmv2] [T] [thread 100958] [77.0] [cxt 0] switch.p4(98) Primitive hdr.ethernet.dstAddr = dstAddr
[09:11:46.463] [bmv2] [T] [thread 100958] [77.0] [cxt 0] switch.p4(99) Primitive hdr.ipv4.ttl = hdr.ipv4.ttl - 1
[09:11:46.463] [bmv2] [D] [thread 100958] [77.0] [cxt 0] Pipeline 'ingress': end
[09:11:46.463] [bmv2] [D] [thread 100958] [77.0] [cxt 0] Egress port is 1
[09:11:46.472] [bmv2] [D] [thread 100960] [77.0] [cxt 0] Pipeline 'egress': start
[09:11:46.472] [bmv2] [D] [thread 100960] [77.0] [cxt 0] Pipeline 'egress': end
[09:11:46.472] [bmv2] [D] [thread 100960] [77.0] [cxt 0] Deparser 'deparser': start
[09:11:46.472] [bmv2] [D] [thread 100960] [77.0] [cxt 0] Updating checksum 'cksum'
[09:11:46.472] [bmv2] [D] [thread 100960] [77.0] [cxt 0] Deparsing header 'ethernet'
[09:11:46.472] [bmv2] [D] [thread 100960] [77.0] [cxt 0] Deparsing header 'ipv4'
[09:11:46.472] [bmv2] [D] [thread 100960] [77.0] [cxt 0] Deparser 'deparser': end
[09:11:46.472] [bmv2] [D] [thread 100963] [77.0] [cxt 0] Transmitting packet of size 336 out of port 1
[09:11:46.657] [bmv2] [D] [thread 100958] [78.0] [cxt 0] Processing packet received on port 2
[09:11:46.658] [bmv2] [D] [thread 100958] [78.0] [cxt 0] Parser 'parser': start
[09:11:46.660] [bmv2] [D] [thread 100958] [78.0] [cxt 0] Parser 'parser' entering state 'start'
[09:11:46.660] [bmv2] [D] [thread 100958] [78.0] [cxt 0] Extracting header 'ethernet'
[09:11:46.660] [bmv2] [D] [thread 100958] [78.0] [cxt 0] Parser state 'start': key is 86dd
[09:11:46.660] [bmv2] [T] [thread 100958] [78.0] [cxt 0] Bytes parsed: 14
[09:11:46.660] [bmv2] [D] [thread 100958] [78.0] [cxt 0] Parser 'parser': end
[09:11:46.660] [bmv2] [D] [thread 100958] [78.0] [cxt 0] Pipeline 'ingress': start
[09:11:46.660] [bmv2] [T] [thread 100958] [78.0] [cxt 0] switch.p4(116) Condition "hdr.ipv4.isValid()" (node_2) is false
[09:11:46.660] [bmv2] [D] [thread 100958] [78.0] [cxt 0] Pipeline 'ingress': end
[09:11:46.660] [bmv2] [D] [thread 100958] [78.0] [cxt 0] Egress port is 0
[09:11:46.660] [bmv2] [D] [thread 100959] [78.0] [cxt 0] Pipeline 'egress': start
[09:11:46.660] [bmv2] [D] [thread 100959] [78.0] [cxt 0] Pipeline 'egress': end
[09:11:46.660] [bmv2] [D] [thread 100959] [78.0] [cxt 0] Deparser 'deparser': start
[09:11:46.660] [bmv2] [T] [thread 100959] [78.0] [cxt 0] Skipping checksum 'cksum' update because condition not met
[09:11:46.660] [bmv2] [D] [thread 100959] [78.0] [cxt 0] Deparsing header 'ethernet'
[09:11:46.660] [bmv2] [D] [thread 100959] [78.0] [cxt 0] Deparser 'deparser': end
[09:11:46.661] [bmv2] [D] [thread 100963] [78.0] [cxt 0] Transmitting packet of size 203 out of port 0
[09:11:46.894] [bmv2] [D] [thread 100958] [79.0] [cxt 0] Processing packet received on port 2
[09:11:46.894] [bmv2] [D] [thread 100958] [79.0] [cxt 0] Parser 'parser': start
[09:11:46.894] [bmv2] [D] [thread 100958] [79.0] [cxt 0] Parser 'parser' entering state 'start'
[09:11:46.894] [bmv2] [D] [thread 100958] [79.0] [cxt 0] Extracting header 'ethernet'
[09:11:46.894] [bmv2] [D] [thread 100958] [79.0] [cxt 0] Parser state 'start': key is 86dd
[09:11:46.894] [bmv2] [T] [thread 100958] [79.0] [cxt 0] Bytes parsed: 14
[09:11:46.894] [bmv2] [D] [thread 100958] [79.0] [cxt 0] Parser 'parser': end
[09:11:46.894] [bmv2] [D] [thread 100958] [79.0] [cxt 0] Pipeline 'ingress': start
[09:11:46.894] [bmv2] [T] [thread 100958] [79.0] [cxt 0] switch.p4(116) Condition "hdr.ipv4.isValid()" (node_2) is false
[09:11:46.894] [bmv2] [D] [thread 100958] [79.0] [cxt 0] Pipeline 'ingress': end
[09:11:46.894] [bmv2] [D] [thread 100958] [79.0] [cxt 0] Egress port is 0
[09:11:46.894] [bmv2] [D] [thread 100959] [79.0] [cxt 0] Pipeline 'egress': start
[09:11:46.894] [bmv2] [D] [thread 100959] [79.0] [cxt 0] Pipeline 'egress': end
[09:11:46.894] [bmv2] [D] [thread 100959] [79.0] [cxt 0] Deparser 'deparser': start
[09:11:46.894] [bmv2] [T] [thread 100959] [79.0] [cxt 0] Skipping checksum 'cksum' update because condition not met
[09:11:46.894] [bmv2] [D] [thread 100959] [79.0] [cxt 0] Deparsing header 'ethernet'
[09:11:46.894] [bmv2] [D] [thread 100959] [79.0] [cxt 0] Deparser 'deparser': end
[09:11:46.894] [bmv2] [D] [thread 100963] [79.0] [cxt 0] Transmitting packet of size 203 out of port 0
[09:11:47.122] [bmv2] [D] [thread 100958] [80.0] [cxt 0] Processing packet received on port 1
[09:11:47.122] [bmv2] [D] [thread 100958] [80.0] [cxt 0] Parser 'parser': start
[09:11:47.122] [bmv2] [D] [thread 100958] [80.0] [cxt 0] Parser 'parser' entering state 'start'
[09:11:47.122] [bmv2] [D] [thread 100958] [80.0] [cxt 0] Extracting header 'ethernet'
[09:11:47.122] [bmv2] [D] [thread 100958] [80.0] [cxt 0] Parser state 'start': key is 86dd
[09:11:47.122] [bmv2] [T] [thread 100958] [80.0] [cxt 0] Bytes parsed: 14
[09:11:47.122] [bmv2] [D] [thread 100958] [80.0] [cxt 0] Parser 'parser': end
[09:11:47.122] [bmv2] [D] [thread 100958] [80.0] [cxt 0] Pipeline 'ingress': start
[09:11:47.122] [bmv2] [T] [thread 100958] [80.0] [cxt 0] switch.p4(116) Condition "hdr.ipv4.isValid()" (node_2) is false
[09:11:47.122] [bmv2] [D] [thread 100958] [80.0] [cxt 0] Pipeline 'ingress': end
[09:11:47.122] [bmv2] [D] [thread 100958] [80.0] [cxt 0] Egress port is 0
[09:11:47.122] [bmv2] [D] [thread 100959] [80.0] [cxt 0] Pipeline 'egress': start
[09:11:47.122] [bmv2] [D] [thread 100959] [80.0] [cxt 0] Pipeline 'egress': end
[09:11:47.122] [bmv2] [D] [thread 100959] [80.0] [cxt 0] Deparser 'deparser': start
[09:11:47.122] [bmv2] [T] [thread 100959] [80.0] [cxt 0] Skipping checksum 'cksum' update because condition not met
[09:11:47.122] [bmv2] [D] [thread 100959] [80.0] [cxt 0] Deparsing header 'ethernet'
[09:11:47.122] [bmv2] [D] [thread 100959] [80.0] [cxt 0] Deparser 'deparser': end
[09:11:47.122] [bmv2] [D] [thread 100963] [80.0] [cxt 0] Transmitting packet of size 203 out of port 0
[09:11:47.441] [bmv2] [D] [thread 100958] [81.0] [cxt 0] Processing packet received on port 2
[09:11:47.441] [bmv2] [D] [thread 100958] [81.0] [cxt 0] Parser 'parser': start
[09:11:47.441] [bmv2] [D] [thread 100958] [81.0] [cxt 0] Parser 'parser' entering state 'start'
[09:11:47.441] [bmv2] [D] [thread 100958] [81.0] [cxt 0] Extracting header 'ethernet'
[09:11:47.441] [bmv2] [D] [thread 100958] [81.0] [cxt 0] Parser state 'start': key is 0800
[09:11:47.441] [bmv2] [T] [thread 100958] [81.0] [cxt 0] Bytes parsed: 14
[09:11:47.441] [bmv2] [D] [thread 100958] [81.0] [cxt 0] Parser 'parser' entering state 'parse_ipv4'
[09:11:47.441] [bmv2] [D] [thread 100958] [81.0] [cxt 0] Extracting header 'ipv4'
[09:11:47.441] [bmv2] [D] [thread 100958] [81.0] [cxt 0] Parser state 'parse_ipv4' has no switch, going to default next state
[09:11:47.441] [bmv2] [T] [thread 100958] [81.0] [cxt 0] Bytes parsed: 34
[09:11:47.441] [bmv2] [D] [thread 100958] [81.0] [cxt 0] Parser 'parser': end
[09:11:47.441] [bmv2] [D] [thread 100958] [81.0] [cxt 0] Pipeline 'ingress': start
[09:11:47.441] [bmv2] [T] [thread 100958] [81.0] [cxt 0] switch.p4(116) Condition "hdr.ipv4.isValid()" (node_2) is true
[09:11:47.441] [bmv2] [T] [thread 100958] [81.0] [cxt 0] Applying table 'MyIngress.ipv4_lpm'
[09:11:47.441] [bmv2] [D] [thread 100958] [81.0] [cxt 0] Looking up key:
* hdr.ipv4.dstAddr    : 0a000202

[09:11:47.441] [bmv2] [D] [thread 100958] [81.0] [cxt 0] Table 'MyIngress.ipv4_lpm': hit with handle 1
[09:11:47.441] [bmv2] [D] [thread 100958] [81.0] [cxt 0] Dumping entry 1
Match key:
* hdr.ipv4.dstAddr    : LPM       0a000202/32
Action entry: MyIngress.ipv4_forward - 80000000222,1,

[09:11:47.441] [bmv2] [D] [thread 100958] [81.0] [cxt 0] Action entry is MyIngress.ipv4_forward - 80000000222,1,
[09:11:47.441] [bmv2] [T] [thread 100958] [81.0] [cxt 0] Action MyIngress.ipv4_forward
[09:11:47.441] [bmv2] [T] [thread 100958] [81.0] [cxt 0] switch.p4(96) Primitive standard_metadata.egress_spec = port
[09:11:47.441] [bmv2] [T] [thread 100958] [81.0] [cxt 0] switch.p4(97) Primitive hdr.ethernet.srcAddr = hdr.ethernet.dstAddr
[09:11:47.441] [bmv2] [T] [thread 100958] [81.0] [cxt 0] switch.p4(98) Primitive hdr.ethernet.dstAddr = dstAddr
[09:11:47.441] [bmv2] [T] [thread 100958] [81.0] [cxt 0] switch.p4(99) Primitive hdr.ipv4.ttl = hdr.ipv4.ttl - 1
[09:11:47.441] [bmv2] [D] [thread 100958] [81.0] [cxt 0] Pipeline 'ingress': end
[09:11:47.441] [bmv2] [D] [thread 100958] [81.0] [cxt 0] Egress port is 1
[09:11:47.441] [bmv2] [D] [thread 100960] [81.0] [cxt 0] Pipeline 'egress': start
[09:11:47.441] [bmv2] [D] [thread 100960] [81.0] [cxt 0] Pipeline 'egress': end
[09:11:47.441] [bmv2] [D] [thread 100960] [81.0] [cxt 0] Deparser 'deparser': start
[09:11:47.441] [bmv2] [D] [thread 100960] [81.0] [cxt 0] Updating checksum 'cksum'
[09:11:47.441] [bmv2] [D] [thread 100960] [81.0] [cxt 0] Deparsing header 'ethernet'
[09:11:47.441] [bmv2] [D] [thread 100960] [81.0] [cxt 0] Deparsing header 'ipv4'
[09:11:47.441] [bmv2] [D] [thread 100960] [81.0] [cxt 0] Deparser 'deparser': end
[09:11:47.441] [bmv2] [D] [thread 100963] [81.0] [cxt 0] Transmitting packet of size 48 out of port 1
[09:11:47.441] [bmv2] [D] [thread 100958] [82.0] [cxt 0] Processing packet received on port 1
[09:11:47.441] [bmv2] [D] [thread 100958] [82.0] [cxt 0] Parser 'parser': start
[09:11:47.441] [bmv2] [D] [thread 100958] [82.0] [cxt 0] Parser 'parser' entering state 'start'
[09:11:47.441] [bmv2] [D] [thread 100958] [82.0] [cxt 0] Extracting header 'ethernet'
[09:11:47.441] [bmv2] [D] [thread 100958] [82.0] [cxt 0] Parser state 'start': key is 0800
[09:11:47.441] [bmv2] [T] [thread 100958] [82.0] [cxt 0] Bytes parsed: 14
[09:11:47.441] [bmv2] [D] [thread 100958] [82.0] [cxt 0] Parser 'parser' entering state 'parse_ipv4'
[09:11:47.441] [bmv2] [D] [thread 100958] [82.0] [cxt 0] Extracting header 'ipv4'
[09:11:47.441] [bmv2] [D] [thread 100958] [82.0] [cxt 0] Parser state 'parse_ipv4' has no switch, going to default next state
[09:11:47.441] [bmv2] [T] [thread 100958] [82.0] [cxt 0] Bytes parsed: 34
[09:11:47.441] [bmv2] [D] [thread 100958] [82.0] [cxt 0] Parser 'parser': end
[09:11:47.441] [bmv2] [D] [thread 100958] [82.0] [cxt 0] Pipeline 'ingress': start
[09:11:47.441] [bmv2] [T] [thread 100958] [82.0] [cxt 0] switch.p4(116) Condition "hdr.ipv4.isValid()" (node_2) is true
[09:11:47.441] [bmv2] [T] [thread 100958] [82.0] [cxt 0] Applying table 'MyIngress.ipv4_lpm'
[09:11:47.441] [bmv2] [D] [thread 100958] [82.0] [cxt 0] Looking up key:
* hdr.ipv4.dstAddr    : 0a000101

[09:11:47.441] [bmv2] [D] [thread 100958] [82.0] [cxt 0] Table 'MyIngress.ipv4_lpm': hit with handle 0
[09:11:47.441] [bmv2] [D] [thread 100958] [82.0] [cxt 0] Dumping entry 0
Match key:
* hdr.ipv4.dstAddr    : LPM       0a000101/32
Action entry: MyIngress.ipv4_forward - 80000000200,2,

[09:11:47.441] [bmv2] [D] [thread 100958] [82.0] [cxt 0] Action entry is MyIngress.ipv4_forward - 80000000200,2,
[09:11:47.441] [bmv2] [T] [thread 100958] [82.0] [cxt 0] Action MyIngress.ipv4_forward
[09:11:47.441] [bmv2] [T] [thread 100958] [82.0] [cxt 0] switch.p4(96) Primitive standard_metadata.egress_spec = port
[09:11:47.441] [bmv2] [T] [thread 100958] [82.0] [cxt 0] switch.p4(97) Primitive hdr.ethernet.srcAddr = hdr.ethernet.dstAddr
[09:11:47.441] [bmv2] [T] [thread 100958] [82.0] [cxt 0] switch.p4(98) Primitive hdr.ethernet.dstAddr = dstAddr
[09:11:47.441] [bmv2] [T] [thread 100958] [82.0] [cxt 0] switch.p4(99) Primitive hdr.ipv4.ttl = hdr.ipv4.ttl - 1
[09:11:47.441] [bmv2] [D] [thread 100958] [82.0] [cxt 0] Pipeline 'ingress': end
[09:11:47.441] [bmv2] [D] [thread 100958] [82.0] [cxt 0] Egress port is 2
[09:11:47.441] [bmv2] [D] [thread 100961] [82.0] [cxt 0] Pipeline 'egress': start
[09:11:47.441] [bmv2] [D] [thread 100961] [82.0] [cxt 0] Pipeline 'egress': end
[09:11:47.441] [bmv2] [D] [thread 100961] [82.0] [cxt 0] Deparser 'deparser': start
[09:11:47.441] [bmv2] [D] [thread 100961] [82.0] [cxt 0] Updating checksum 'cksum'
[09:11:47.441] [bmv2] [D] [thread 100961] [82.0] [cxt 0] Deparsing header 'ethernet'
[09:11:47.441] [bmv2] [D] [thread 100961] [82.0] [cxt 0] Deparsing header 'ipv4'
[09:11:47.441] [bmv2] [D] [thread 100961] [82.0] [cxt 0] Deparser 'deparser': end
[09:11:47.441] [bmv2] [D] [thread 100963] [82.0] [cxt 0] Transmitting packet of size 76 out of port 2
[09:11:47.456] [bmv2] [D] [thread 100958] [83.0] [cxt 0] Processing packet received on port 1
[09:11:47.456] [bmv2] [D] [thread 100958] [83.0] [cxt 0] Parser 'parser': start
[09:11:47.456] [bmv2] [D] [thread 100958] [83.0] [cxt 0] Parser 'parser' entering state 'start'
[09:11:47.456] [bmv2] [D] [thread 100958] [83.0] [cxt 0] Extracting header 'ethernet'
[09:11:47.456] [bmv2] [D] [thread 100958] [83.0] [cxt 0] Parser state 'start': key is 0800
[09:11:47.456] [bmv2] [T] [thread 100958] [83.0] [cxt 0] Bytes parsed: 14
[09:11:47.456] [bmv2] [D] [thread 100958] [83.0] [cxt 0] Parser 'parser' entering state 'parse_ipv4'
[09:11:47.456] [bmv2] [D] [thread 100958] [83.0] [cxt 0] Extracting header 'ipv4'
[09:11:47.456] [bmv2] [D] [thread 100958] [83.0] [cxt 0] Parser state 'parse_ipv4' has no switch, going to default next state
[09:11:47.456] [bmv2] [T] [thread 100958] [83.0] [cxt 0] Bytes parsed: 34
[09:11:47.456] [bmv2] [D] [thread 100958] [83.0] [cxt 0] Parser 'parser': end
[09:11:47.456] [bmv2] [D] [thread 100958] [83.0] [cxt 0] Pipeline 'ingress': start
[09:11:47.456] [bmv2] [T] [thread 100958] [83.0] [cxt 0] switch.p4(116) Condition "hdr.ipv4.isValid()" (node_2) is true
[09:11:47.456] [bmv2] [T] [thread 100958] [83.0] [cxt 0] Applying table 'MyIngress.ipv4_lpm'
[09:11:47.456] [bmv2] [D] [thread 100958] [83.0] [cxt 0] Looking up key:
* hdr.ipv4.dstAddr    : 0a000101

[09:11:47.456] [bmv2] [D] [thread 100958] [83.0] [cxt 0] Table 'MyIngress.ipv4_lpm': hit with handle 0
[09:11:47.456] [bmv2] [D] [thread 100958] [83.0] [cxt 0] Dumping entry 0
Match key:
* hdr.ipv4.dstAddr    : LPM       0a000101/32
Action entry: MyIngress.ipv4_forward - 80000000200,2,

[09:11:47.456] [bmv2] [D] [thread 100958] [83.0] [cxt 0] Action entry is MyIngress.ipv4_forward - 80000000200,2,
[09:11:47.456] [bmv2] [T] [thread 100958] [83.0] [cxt 0] Action MyIngress.ipv4_forward
[09:11:47.456] [bmv2] [T] [thread 100958] [83.0] [cxt 0] switch.p4(96) Primitive standard_metadata.egress_spec = port
[09:11:47.456] [bmv2] [T] [thread 100958] [83.0] [cxt 0] switch.p4(97) Primitive hdr.ethernet.srcAddr = hdr.ethernet.dstAddr
[09:11:47.456] [bmv2] [T] [thread 100958] [83.0] [cxt 0] switch.p4(98) Primitive hdr.ethernet.dstAddr = dstAddr
[09:11:47.456] [bmv2] [T] [thread 100958] [83.0] [cxt 0] switch.p4(99) Primitive hdr.ipv4.ttl = hdr.ipv4.ttl - 1
[09:11:47.456] [bmv2] [D] [thread 100958] [83.0] [cxt 0] Pipeline 'ingress': end
[09:11:47.456] [bmv2] [D] [thread 100958] [83.0] [cxt 0] Egress port is 2
[09:11:47.456] [bmv2] [D] [thread 100961] [83.0] [cxt 0] Pipeline 'egress': start
[09:11:47.456] [bmv2] [D] [thread 100961] [83.0] [cxt 0] Pipeline 'egress': end
[09:11:47.456] [bmv2] [D] [thread 100961] [83.0] [cxt 0] Deparser 'deparser': start
[09:11:47.456] [bmv2] [D] [thread 100961] [83.0] [cxt 0] Updating checksum 'cksum'
[09:11:47.456] [bmv2] [D] [thread 100961] [83.0] [cxt 0] Deparsing header 'ethernet'
[09:11:47.456] [bmv2] [D] [thread 100961] [83.0] [cxt 0] Deparsing header 'ipv4'
[09:11:47.456] [bmv2] [D] [thread 100961] [83.0] [cxt 0] Deparser 'deparser': end
[09:11:47.456] [bmv2] [D] [thread 100963] [83.0] [cxt 0] Transmitting packet of size 308 out of port 2
[09:11:47.461] [bmv2] [D] [thread 100958] [84.0] [cxt 0] Processing packet received on port 2
[09:11:47.466] [bmv2] [D] [thread 100958] [84.0] [cxt 0] Parser 'parser': start
[09:11:47.466] [bmv2] [D] [thread 100958] [84.0] [cxt 0] Parser 'parser' entering state 'start'
[09:11:47.466] [bmv2] [D] [thread 100958] [84.0] [cxt 0] Extracting header 'ethernet'
[09:11:47.466] [bmv2] [D] [thread 100958] [84.0] [cxt 0] Parser state 'start': key is 0800
[09:11:47.466] [bmv2] [T] [thread 100958] [84.0] [cxt 0] Bytes parsed: 14
[09:11:47.466] [bmv2] [D] [thread 100958] [84.0] [cxt 0] Parser 'parser' entering state 'parse_ipv4'
[09:11:47.466] [bmv2] [D] [thread 100958] [84.0] [cxt 0] Extracting header 'ipv4'
[09:11:47.466] [bmv2] [D] [thread 100958] [84.0] [cxt 0] Parser state 'parse_ipv4' has no switch, going to default next state
[09:11:47.466] [bmv2] [T] [thread 100958] [84.0] [cxt 0] Bytes parsed: 34
[09:11:47.466] [bmv2] [D] [thread 100958] [84.0] [cxt 0] Parser 'parser': end
[09:11:47.466] [bmv2] [D] [thread 100958] [84.0] [cxt 0] Pipeline 'ingress': start
[09:11:47.466] [bmv2] [T] [thread 100958] [84.0] [cxt 0] switch.p4(116) Condition "hdr.ipv4.isValid()" (node_2) is true
[09:11:47.466] [bmv2] [T] [thread 100958] [84.0] [cxt 0] Applying table 'MyIngress.ipv4_lpm'
[09:11:47.466] [bmv2] [D] [thread 100958] [84.0] [cxt 0] Looking up key:
* hdr.ipv4.dstAddr    : 0a000202

[09:11:47.466] [bmv2] [D] [thread 100958] [84.0] [cxt 0] Table 'MyIngress.ipv4_lpm': hit with handle 1
[09:11:47.466] [bmv2] [D] [thread 100958] [84.0] [cxt 0] Dumping entry 1
Match key:
* hdr.ipv4.dstAddr    : LPM       0a000202/32
Action entry: MyIngress.ipv4_forward - 80000000222,1,

[09:11:47.466] [bmv2] [D] [thread 100958] [84.0] [cxt 0] Action entry is MyIngress.ipv4_forward - 80000000222,1,
[09:11:47.466] [bmv2] [T] [thread 100958] [84.0] [cxt 0] Action MyIngress.ipv4_forward
[09:11:47.466] [bmv2] [T] [thread 100958] [84.0] [cxt 0] switch.p4(96) Primitive standard_metadata.egress_spec = port
[09:11:47.466] [bmv2] [T] [thread 100958] [84.0] [cxt 0] switch.p4(97) Primitive hdr.ethernet.srcAddr = hdr.ethernet.dstAddr
[09:11:47.466] [bmv2] [T] [thread 100958] [84.0] [cxt 0] switch.p4(98) Primitive hdr.ethernet.dstAddr = dstAddr
[09:11:47.466] [bmv2] [T] [thread 100958] [84.0] [cxt 0] switch.p4(99) Primitive hdr.ipv4.ttl = hdr.ipv4.ttl - 1
[09:11:47.466] [bmv2] [D] [thread 100958] [84.0] [cxt 0] Pipeline 'ingress': end
[09:11:47.466] [bmv2] [D] [thread 100958] [84.0] [cxt 0] Egress port is 1
[09:11:47.466] [bmv2] [D] [thread 100960] [84.0] [cxt 0] Pipeline 'egress': start
[09:11:47.466] [bmv2] [D] [thread 100960] [84.0] [cxt 0] Pipeline 'egress': end
[09:11:47.466] [bmv2] [D] [thread 100960] [84.0] [cxt 0] Deparser 'deparser': start
[09:11:47.466] [bmv2] [D] [thread 100960] [84.0] [cxt 0] Updating checksum 'cksum'
[09:11:47.466] [bmv2] [D] [thread 100960] [84.0] [cxt 0] Deparsing header 'ethernet'
[09:11:47.466] [bmv2] [D] [thread 100960] [84.0] [cxt 0] Deparsing header 'ipv4'
[09:11:47.466] [bmv2] [D] [thread 100960] [84.0] [cxt 0] Deparser 'deparser': end
[09:11:47.466] [bmv2] [D] [thread 100963] [84.0] [cxt 0] Transmitting packet of size 336 out of port 1
[09:11:48.453] [bmv2] [D] [thread 100958] [85.0] [cxt 0] Processing packet received on port 2
[09:11:48.453] [bmv2] [D] [thread 100958] [85.0] [cxt 0] Parser 'parser': start
[09:11:48.453] [bmv2] [D] [thread 100958] [85.0] [cxt 0] Parser 'parser' entering state 'start'
[09:11:48.453] [bmv2] [D] [thread 100958] [85.0] [cxt 0] Extracting header 'ethernet'
[09:11:48.453] [bmv2] [D] [thread 100958] [85.0] [cxt 0] Parser state 'start': key is 0800
[09:11:48.453] [bmv2] [T] [thread 100958] [85.0] [cxt 0] Bytes parsed: 14
[09:11:48.453] [bmv2] [D] [thread 100958] [85.0] [cxt 0] Parser 'parser' entering state 'parse_ipv4'
[09:11:48.453] [bmv2] [D] [thread 100958] [85.0] [cxt 0] Extracting header 'ipv4'
[09:11:48.453] [bmv2] [D] [thread 100958] [85.0] [cxt 0] Parser state 'parse_ipv4' has no switch, going to default next state
[09:11:48.453] [bmv2] [T] [thread 100958] [85.0] [cxt 0] Bytes parsed: 34
[09:11:48.453] [bmv2] [D] [thread 100958] [85.0] [cxt 0] Parser 'parser': end
[09:11:48.453] [bmv2] [D] [thread 100958] [85.0] [cxt 0] Pipeline 'ingress': start
[09:11:48.453] [bmv2] [T] [thread 100958] [85.0] [cxt 0] switch.p4(116) Condition "hdr.ipv4.isValid()" (node_2) is true
[09:11:48.453] [bmv2] [T] [thread 100958] [85.0] [cxt 0] Applying table 'MyIngress.ipv4_lpm'
[09:11:48.453] [bmv2] [D] [thread 100958] [85.0] [cxt 0] Looking up key:
* hdr.ipv4.dstAddr    : 0a000202

[09:11:48.453] [bmv2] [D] [thread 100958] [85.0] [cxt 0] Table 'MyIngress.ipv4_lpm': hit with handle 1
[09:11:48.453] [bmv2] [D] [thread 100958] [85.0] [cxt 0] Dumping entry 1
Match key:
* hdr.ipv4.dstAddr    : LPM       0a000202/32
Action entry: MyIngress.ipv4_forward - 80000000222,1,

[09:11:48.453] [bmv2] [D] [thread 100958] [85.0] [cxt 0] Action entry is MyIngress.ipv4_forward - 80000000222,1,
[09:11:48.453] [bmv2] [T] [thread 100958] [85.0] [cxt 0] Action MyIngress.ipv4_forward
[09:11:48.453] [bmv2] [T] [thread 100958] [85.0] [cxt 0] switch.p4(96) Primitive standard_metadata.egress_spec = port
[09:11:48.453] [bmv2] [T] [thread 100958] [85.0] [cxt 0] switch.p4(97) Primitive hdr.ethernet.srcAddr = hdr.ethernet.dstAddr
[09:11:48.453] [bmv2] [T] [thread 100958] [85.0] [cxt 0] switch.p4(98) Primitive hdr.ethernet.dstAddr = dstAddr
[09:11:48.453] [bmv2] [T] [thread 100958] [85.0] [cxt 0] switch.p4(99) Primitive hdr.ipv4.ttl = hdr.ipv4.ttl - 1
[09:11:48.453] [bmv2] [D] [thread 100958] [85.0] [cxt 0] Pipeline 'ingress': end
[09:11:48.453] [bmv2] [D] [thread 100958] [85.0] [cxt 0] Egress port is 1
[09:11:48.453] [bmv2] [D] [thread 100960] [85.0] [cxt 0] Pipeline 'egress': start
[09:11:48.453] [bmv2] [D] [thread 100960] [85.0] [cxt 0] Pipeline 'egress': end
[09:11:48.453] [bmv2] [D] [thread 100960] [85.0] [cxt 0] Deparser 'deparser': start
[09:11:48.453] [bmv2] [D] [thread 100960] [85.0] [cxt 0] Updating checksum 'cksum'
[09:11:48.453] [bmv2] [D] [thread 100960] [85.0] [cxt 0] Deparsing header 'ethernet'
[09:11:48.453] [bmv2] [D] [thread 100960] [85.0] [cxt 0] Deparsing header 'ipv4'
[09:11:48.453] [bmv2] [D] [thread 100960] [85.0] [cxt 0] Deparser 'deparser': end
[09:11:48.458] [bmv2] [D] [thread 100963] [85.0] [cxt 0] Transmitting packet of size 48 out of port 1
[09:11:48.458] [bmv2] [D] [thread 100958] [86.0] [cxt 0] Processing packet received on port 1
[09:11:48.458] [bmv2] [D] [thread 100958] [86.0] [cxt 0] Parser 'parser': start
[09:11:48.458] [bmv2] [D] [thread 100958] [86.0] [cxt 0] Parser 'parser' entering state 'start'
[09:11:48.458] [bmv2] [D] [thread 100958] [86.0] [cxt 0] Extracting header 'ethernet'
[09:11:48.458] [bmv2] [D] [thread 100958] [86.0] [cxt 0] Parser state 'start': key is 0800
[09:11:48.458] [bmv2] [T] [thread 100958] [86.0] [cxt 0] Bytes parsed: 14
[09:11:48.458] [bmv2] [D] [thread 100958] [86.0] [cxt 0] Parser 'parser' entering state 'parse_ipv4'
[09:11:48.458] [bmv2] [D] [thread 100958] [86.0] [cxt 0] Extracting header 'ipv4'
[09:11:48.458] [bmv2] [D] [thread 100958] [86.0] [cxt 0] Parser state 'parse_ipv4' has no switch, going to default next state
[09:11:48.458] [bmv2] [T] [thread 100958] [86.0] [cxt 0] Bytes parsed: 34
[09:11:48.458] [bmv2] [D] [thread 100958] [86.0] [cxt 0] Parser 'parser': end
[09:11:48.458] [bmv2] [D] [thread 100958] [86.0] [cxt 0] Pipeline 'ingress': start
[09:11:48.458] [bmv2] [T] [thread 100958] [86.0] [cxt 0] switch.p4(116) Condition "hdr.ipv4.isValid()" (node_2) is true
[09:11:48.458] [bmv2] [T] [thread 100958] [86.0] [cxt 0] Applying table 'MyIngress.ipv4_lpm'
[09:11:48.458] [bmv2] [D] [thread 100958] [86.0] [cxt 0] Looking up key:
* hdr.ipv4.dstAddr    : 0a000101

[09:11:48.458] [bmv2] [D] [thread 100958] [86.0] [cxt 0] Table 'MyIngress.ipv4_lpm': hit with handle 0
[09:11:48.458] [bmv2] [D] [thread 100958] [86.0] [cxt 0] Dumping entry 0
Match key:
* hdr.ipv4.dstAddr    : LPM       0a000101/32
Action entry: MyIngress.ipv4_forward - 80000000200,2,

[09:11:48.458] [bmv2] [D] [thread 100958] [86.0] [cxt 0] Action entry is MyIngress.ipv4_forward - 80000000200,2,
[09:11:48.458] [bmv2] [T] [thread 100958] [86.0] [cxt 0] Action MyIngress.ipv4_forward
[09:11:48.458] [bmv2] [T] [thread 100958] [86.0] [cxt 0] switch.p4(96) Primitive standard_metadata.egress_spec = port
[09:11:48.458] [bmv2] [T] [thread 100958] [86.0] [cxt 0] switch.p4(97) Primitive hdr.ethernet.srcAddr = hdr.ethernet.dstAddr
[09:11:48.458] [bmv2] [T] [thread 100958] [86.0] [cxt 0] switch.p4(98) Primitive hdr.ethernet.dstAddr = dstAddr
[09:11:48.458] [bmv2] [T] [thread 100958] [86.0] [cxt 0] switch.p4(99) Primitive hdr.ipv4.ttl = hdr.ipv4.ttl - 1
[09:11:48.458] [bmv2] [D] [thread 100958] [86.0] [cxt 0] Pipeline 'ingress': end
[09:11:48.458] [bmv2] [D] [thread 100958] [86.0] [cxt 0] Egress port is 2
[09:11:48.458] [bmv2] [D] [thread 100961] [86.0] [cxt 0] Pipeline 'egress': start
[09:11:48.458] [bmv2] [D] [thread 100961] [86.0] [cxt 0] Pipeline 'egress': end
[09:11:48.458] [bmv2] [D] [thread 100961] [86.0] [cxt 0] Deparser 'deparser': start
[09:11:48.458] [bmv2] [D] [thread 100961] [86.0] [cxt 0] Updating checksum 'cksum'
[09:11:48.458] [bmv2] [D] [thread 100961] [86.0] [cxt 0] Deparsing header 'ethernet'
[09:11:48.458] [bmv2] [D] [thread 100961] [86.0] [cxt 0] Deparsing header 'ipv4'
[09:11:48.458] [bmv2] [D] [thread 100961] [86.0] [cxt 0] Deparser 'deparser': end
[09:11:48.458] [bmv2] [D] [thread 100963] [86.0] [cxt 0] Transmitting packet of size 76 out of port 2
[09:11:48.473] [bmv2] [D] [thread 100958] [87.0] [cxt 0] Processing packet received on port 1
[09:11:48.473] [bmv2] [D] [thread 100958] [87.0] [cxt 0] Parser 'parser': start
[09:11:48.473] [bmv2] [D] [thread 100958] [87.0] [cxt 0] Parser 'parser' entering state 'start'
[09:11:48.473] [bmv2] [D] [thread 100958] [87.0] [cxt 0] Extracting header 'ethernet'
[09:11:48.473] [bmv2] [D] [thread 100958] [87.0] [cxt 0] Parser state 'start': key is 0800
[09:11:48.473] [bmv2] [T] [thread 100958] [87.0] [cxt 0] Bytes parsed: 14
[09:11:48.473] [bmv2] [D] [thread 100958] [87.0] [cxt 0] Parser 'parser' entering state 'parse_ipv4'
[09:11:48.473] [bmv2] [D] [thread 100958] [87.0] [cxt 0] Extracting header 'ipv4'
[09:11:48.473] [bmv2] [D] [thread 100958] [87.0] [cxt 0] Parser state 'parse_ipv4' has no switch, going to default next state
[09:11:48.473] [bmv2] [T] [thread 100958] [87.0] [cxt 0] Bytes parsed: 34
[09:11:48.473] [bmv2] [D] [thread 100958] [87.0] [cxt 0] Parser 'parser': end
[09:11:48.473] [bmv2] [D] [thread 100958] [87.0] [cxt 0] Pipeline 'ingress': start
[09:11:48.473] [bmv2] [T] [thread 100958] [87.0] [cxt 0] switch.p4(116) Condition "hdr.ipv4.isValid()" (node_2) is true
[09:11:48.473] [bmv2] [T] [thread 100958] [87.0] [cxt 0] Applying table 'MyIngress.ipv4_lpm'
[09:11:48.473] [bmv2] [D] [thread 100958] [87.0] [cxt 0] Looking up key:
* hdr.ipv4.dstAddr    : 0a000101

[09:11:48.473] [bmv2] [D] [thread 100958] [87.0] [cxt 0] Table 'MyIngress.ipv4_lpm': hit with handle 0
[09:11:48.473] [bmv2] [D] [thread 100958] [87.0] [cxt 0] Dumping entry 0
Match key:
* hdr.ipv4.dstAddr    : LPM       0a000101/32
Action entry: MyIngress.ipv4_forward - 80000000200,2,

[09:11:48.473] [bmv2] [D] [thread 100958] [87.0] [cxt 0] Action entry is MyIngress.ipv4_forward - 80000000200,2,
[09:11:48.473] [bmv2] [T] [thread 100958] [87.0] [cxt 0] Action MyIngress.ipv4_forward
[09:11:48.473] [bmv2] [T] [thread 100958] [87.0] [cxt 0] switch.p4(96) Primitive standard_metadata.egress_spec = port
[09:11:48.473] [bmv2] [T] [thread 100958] [87.0] [cxt 0] switch.p4(97) Primitive hdr.ethernet.srcAddr = hdr.ethernet.dstAddr
[09:11:48.473] [bmv2] [T] [thread 100958] [87.0] [cxt 0] switch.p4(98) Primitive hdr.ethernet.dstAddr = dstAddr
[09:11:48.473] [bmv2] [T] [thread 100958] [87.0] [cxt 0] switch.p4(99) Primitive hdr.ipv4.ttl = hdr.ipv4.ttl - 1
[09:11:48.473] [bmv2] [D] [thread 100958] [87.0] [cxt 0] Pipeline 'ingress': end
[09:11:48.473] [bmv2] [D] [thread 100958] [87.0] [cxt 0] Egress port is 2
[09:11:48.473] [bmv2] [D] [thread 100961] [87.0] [cxt 0] Pipeline 'egress': start
[09:11:48.473] [bmv2] [D] [thread 100961] [87.0] [cxt 0] Pipeline 'egress': end
[09:11:48.473] [bmv2] [D] [thread 100961] [87.0] [cxt 0] Deparser 'deparser': start
[09:11:48.473] [bmv2] [D] [thread 100961] [87.0] [cxt 0] Updating checksum 'cksum'
[09:11:48.473] [bmv2] [D] [thread 100961] [87.0] [cxt 0] Deparsing header 'ethernet'
[09:11:48.473] [bmv2] [D] [thread 100961] [87.0] [cxt 0] Deparsing header 'ipv4'
[09:11:48.473] [bmv2] [D] [thread 100961] [87.0] [cxt 0] Deparser 'deparser': end
[09:11:48.473] [bmv2] [D] [thread 100963] [87.0] [cxt 0] Transmitting packet of size 308 out of port 2
[09:11:48.508] [bmv2] [D] [thread 100958] [88.0] [cxt 0] Processing packet received on port 2
[09:11:48.509] [bmv2] [D] [thread 100958] [88.0] [cxt 0] Parser 'parser': start
[09:11:48.509] [bmv2] [D] [thread 100958] [88.0] [cxt 0] Parser 'parser' entering state 'start'
[09:11:48.509] [bmv2] [D] [thread 100958] [88.0] [cxt 0] Extracting header 'ethernet'
[09:11:48.509] [bmv2] [D] [thread 100958] [88.0] [cxt 0] Parser state 'start': key is 0800
[09:11:48.509] [bmv2] [T] [thread 100958] [88.0] [cxt 0] Bytes parsed: 14
[09:11:48.509] [bmv2] [D] [thread 100958] [88.0] [cxt 0] Parser 'parser' entering state 'parse_ipv4'
[09:11:48.509] [bmv2] [D] [thread 100958] [88.0] [cxt 0] Extracting header 'ipv4'
[09:11:48.509] [bmv2] [D] [thread 100958] [88.0] [cxt 0] Parser state 'parse_ipv4' has no switch, going to default next state
[09:11:48.509] [bmv2] [T] [thread 100958] [88.0] [cxt 0] Bytes parsed: 34
[09:11:48.509] [bmv2] [D] [thread 100958] [88.0] [cxt 0] Parser 'parser': end
[09:11:48.509] [bmv2] [D] [thread 100958] [88.0] [cxt 0] Pipeline 'ingress': start
[09:11:48.509] [bmv2] [T] [thread 100958] [88.0] [cxt 0] switch.p4(116) Condition "hdr.ipv4.isValid()" (node_2) is true
[09:11:48.509] [bmv2] [T] [thread 100958] [88.0] [cxt 0] Applying table 'MyIngress.ipv4_lpm'
[09:11:48.509] [bmv2] [D] [thread 100958] [88.0] [cxt 0] Looking up key:
* hdr.ipv4.dstAddr    : 0a000202

[09:11:48.509] [bmv2] [D] [thread 100958] [88.0] [cxt 0] Table 'MyIngress.ipv4_lpm': hit with handle 1
[09:11:48.509] [bmv2] [D] [thread 100958] [88.0] [cxt 0] Dumping entry 1
Match key:
* hdr.ipv4.dstAddr    : LPM       0a000202/32
Action entry: MyIngress.ipv4_forward - 80000000222,1,

[09:11:48.510] [bmv2] [D] [thread 100958] [88.0] [cxt 0] Action entry is MyIngress.ipv4_forward - 80000000222,1,
[09:11:48.510] [bmv2] [T] [thread 100958] [88.0] [cxt 0] Action MyIngress.ipv4_forward
[09:11:48.510] [bmv2] [T] [thread 100958] [88.0] [cxt 0] switch.p4(96) Primitive standard_metadata.egress_spec = port
[09:11:48.510] [bmv2] [T] [thread 100958] [88.0] [cxt 0] switch.p4(97) Primitive hdr.ethernet.srcAddr = hdr.ethernet.dstAddr
[09:11:48.510] [bmv2] [T] [thread 100958] [88.0] [cxt 0] switch.p4(98) Primitive hdr.ethernet.dstAddr = dstAddr
[09:11:48.510] [bmv2] [T] [thread 100958] [88.0] [cxt 0] switch.p4(99) Primitive hdr.ipv4.ttl = hdr.ipv4.ttl - 1
[09:11:48.510] [bmv2] [D] [thread 100958] [88.0] [cxt 0] Pipeline 'ingress': end
[09:11:48.510] [bmv2] [D] [thread 100958] [88.0] [cxt 0] Egress port is 1
[09:11:48.510] [bmv2] [D] [thread 100960] [88.0] [cxt 0] Pipeline 'egress': start
[09:11:48.510] [bmv2] [D] [thread 100960] [88.0] [cxt 0] Pipeline 'egress': end
[09:11:48.511] [bmv2] [D] [thread 100960] [88.0] [cxt 0] Deparser 'deparser': start
[09:11:48.511] [bmv2] [D] [thread 100960] [88.0] [cxt 0] Updating checksum 'cksum'
[09:11:48.511] [bmv2] [D] [thread 100960] [88.0] [cxt 0] Deparsing header 'ethernet'
[09:11:48.511] [bmv2] [D] [thread 100960] [88.0] [cxt 0] Deparsing header 'ipv4'
[09:11:48.511] [bmv2] [D] [thread 100960] [88.0] [cxt 0] Deparser 'deparser': end
[09:11:48.511] [bmv2] [D] [thread 100963] [88.0] [cxt 0] Transmitting packet of size 336 out of port 1
[09:11:49.475] [bmv2] [D] [thread 100958] [89.0] [cxt 0] Processing packet received on port 2
[09:11:49.475] [bmv2] [D] [thread 100958] [89.0] [cxt 0] Parser 'parser': start
[09:11:49.475] [bmv2] [D] [thread 100958] [89.0] [cxt 0] Parser 'parser' entering state 'start'
[09:11:49.475] [bmv2] [D] [thread 100958] [89.0] [cxt 0] Extracting header 'ethernet'
[09:11:49.475] [bmv2] [D] [thread 100958] [89.0] [cxt 0] Parser state 'start': key is 0800
[09:11:49.479] [bmv2] [T] [thread 100958] [89.0] [cxt 0] Bytes parsed: 14
[09:11:49.479] [bmv2] [D] [thread 100958] [89.0] [cxt 0] Parser 'parser' entering state 'parse_ipv4'
[09:11:49.479] [bmv2] [D] [thread 100958] [89.0] [cxt 0] Extracting header 'ipv4'
[09:11:49.479] [bmv2] [D] [thread 100958] [89.0] [cxt 0] Parser state 'parse_ipv4' has no switch, going to default next state
[09:11:49.479] [bmv2] [T] [thread 100958] [89.0] [cxt 0] Bytes parsed: 34
[09:11:49.479] [bmv2] [D] [thread 100958] [89.0] [cxt 0] Parser 'parser': end
[09:11:49.479] [bmv2] [D] [thread 100958] [89.0] [cxt 0] Pipeline 'ingress': start
[09:11:49.479] [bmv2] [T] [thread 100958] [89.0] [cxt 0] switch.p4(116) Condition "hdr.ipv4.isValid()" (node_2) is true
[09:11:49.479] [bmv2] [T] [thread 100958] [89.0] [cxt 0] Applying table 'MyIngress.ipv4_lpm'
[09:11:49.479] [bmv2] [D] [thread 100958] [89.0] [cxt 0] Looking up key:
* hdr.ipv4.dstAddr    : 0a000202

[09:11:49.479] [bmv2] [D] [thread 100958] [89.0] [cxt 0] Table 'MyIngress.ipv4_lpm': hit with handle 1
[09:11:49.479] [bmv2] [D] [thread 100958] [89.0] [cxt 0] Dumping entry 1
Match key:
* hdr.ipv4.dstAddr    : LPM       0a000202/32
Action entry: MyIngress.ipv4_forward - 80000000222,1,

[09:11:49.479] [bmv2] [D] [thread 100958] [89.0] [cxt 0] Action entry is MyIngress.ipv4_forward - 80000000222,1,
[09:11:49.479] [bmv2] [T] [thread 100958] [89.0] [cxt 0] Action MyIngress.ipv4_forward
[09:11:49.479] [bmv2] [T] [thread 100958] [89.0] [cxt 0] switch.p4(96) Primitive standard_metadata.egress_spec = port
[09:11:49.479] [bmv2] [T] [thread 100958] [89.0] [cxt 0] switch.p4(97) Primitive hdr.ethernet.srcAddr = hdr.ethernet.dstAddr
[09:11:49.479] [bmv2] [T] [thread 100958] [89.0] [cxt 0] switch.p4(98) Primitive hdr.ethernet.dstAddr = dstAddr
[09:11:49.479] [bmv2] [T] [thread 100958] [89.0] [cxt 0] switch.p4(99) Primitive hdr.ipv4.ttl = hdr.ipv4.ttl - 1
[09:11:49.479] [bmv2] [D] [thread 100958] [89.0] [cxt 0] Pipeline 'ingress': end
[09:11:49.479] [bmv2] [D] [thread 100958] [89.0] [cxt 0] Egress port is 1
[09:11:49.479] [bmv2] [D] [thread 100960] [89.0] [cxt 0] Pipeline 'egress': start
[09:11:49.479] [bmv2] [D] [thread 100960] [89.0] [cxt 0] Pipeline 'egress': end
[09:11:49.479] [bmv2] [D] [thread 100960] [89.0] [cxt 0] Deparser 'deparser': start
[09:11:49.479] [bmv2] [D] [thread 100960] [89.0] [cxt 0] Updating checksum 'cksum'
[09:11:49.479] [bmv2] [D] [thread 100960] [89.0] [cxt 0] Deparsing header 'ethernet'
[09:11:49.479] [bmv2] [D] [thread 100960] [89.0] [cxt 0] Deparsing header 'ipv4'
[09:11:49.479] [bmv2] [D] [thread 100960] [89.0] [cxt 0] Deparser 'deparser': end
[09:11:49.479] [bmv2] [D] [thread 100963] [89.0] [cxt 0] Transmitting packet of size 48 out of port 1
[09:11:49.479] [bmv2] [D] [thread 100958] [90.0] [cxt 0] Processing packet received on port 1
[09:11:49.479] [bmv2] [D] [thread 100958] [90.0] [cxt 0] Parser 'parser': start
[09:11:49.479] [bmv2] [D] [thread 100958] [90.0] [cxt 0] Parser 'parser' entering state 'start'
[09:11:49.479] [bmv2] [D] [thread 100958] [90.0] [cxt 0] Extracting header 'ethernet'
[09:11:49.479] [bmv2] [D] [thread 100958] [90.0] [cxt 0] Parser state 'start': key is 0800
[09:11:49.479] [bmv2] [T] [thread 100958] [90.0] [cxt 0] Bytes parsed: 14
[09:11:49.479] [bmv2] [D] [thread 100958] [90.0] [cxt 0] Parser 'parser' entering state 'parse_ipv4'
[09:11:49.479] [bmv2] [D] [thread 100958] [90.0] [cxt 0] Extracting header 'ipv4'
[09:11:49.479] [bmv2] [D] [thread 100958] [90.0] [cxt 0] Parser state 'parse_ipv4' has no switch, going to default next state
[09:11:49.479] [bmv2] [T] [thread 100958] [90.0] [cxt 0] Bytes parsed: 34
[09:11:49.479] [bmv2] [D] [thread 100958] [90.0] [cxt 0] Parser 'parser': end
[09:11:49.479] [bmv2] [D] [thread 100958] [90.0] [cxt 0] Pipeline 'ingress': start
[09:11:49.479] [bmv2] [T] [thread 100958] [90.0] [cxt 0] switch.p4(116) Condition "hdr.ipv4.isValid()" (node_2) is true
[09:11:49.479] [bmv2] [T] [thread 100958] [90.0] [cxt 0] Applying table 'MyIngress.ipv4_lpm'
[09:11:49.479] [bmv2] [D] [thread 100958] [90.0] [cxt 0] Looking up key:
* hdr.ipv4.dstAddr    : 0a000101

[09:11:49.479] [bmv2] [D] [thread 100958] [90.0] [cxt 0] Table 'MyIngress.ipv4_lpm': hit with handle 0
[09:11:49.479] [bmv2] [D] [thread 100958] [90.0] [cxt 0] Dumping entry 0
Match key:
* hdr.ipv4.dstAddr    : LPM       0a000101/32
Action entry: MyIngress.ipv4_forward - 80000000200,2,

[09:11:49.479] [bmv2] [D] [thread 100958] [90.0] [cxt 0] Action entry is MyIngress.ipv4_forward - 80000000200,2,
[09:11:49.479] [bmv2] [T] [thread 100958] [90.0] [cxt 0] Action MyIngress.ipv4_forward
[09:11:49.479] [bmv2] [T] [thread 100958] [90.0] [cxt 0] switch.p4(96) Primitive standard_metadata.egress_spec = port
[09:11:49.479] [bmv2] [T] [thread 100958] [90.0] [cxt 0] switch.p4(97) Primitive hdr.ethernet.srcAddr = hdr.ethernet.dstAddr
[09:11:49.479] [bmv2] [T] [thread 100958] [90.0] [cxt 0] switch.p4(98) Primitive hdr.ethernet.dstAddr = dstAddr
[09:11:49.479] [bmv2] [T] [thread 100958] [90.0] [cxt 0] switch.p4(99) Primitive hdr.ipv4.ttl = hdr.ipv4.ttl - 1
[09:11:49.479] [bmv2] [D] [thread 100958] [90.0] [cxt 0] Pipeline 'ingress': end
[09:11:49.479] [bmv2] [D] [thread 100958] [90.0] [cxt 0] Egress port is 2
[09:11:49.479] [bmv2] [D] [thread 100961] [90.0] [cxt 0] Pipeline 'egress': start
[09:11:49.479] [bmv2] [D] [thread 100961] [90.0] [cxt 0] Pipeline 'egress': end
[09:11:49.479] [bmv2] [D] [thread 100961] [90.0] [cxt 0] Deparser 'deparser': start
[09:11:49.479] [bmv2] [D] [thread 100961] [90.0] [cxt 0] Updating checksum 'cksum'
[09:11:49.479] [bmv2] [D] [thread 100961] [90.0] [cxt 0] Deparsing header 'ethernet'
[09:11:49.479] [bmv2] [D] [thread 100961] [90.0] [cxt 0] Deparsing header 'ipv4'
[09:11:49.479] [bmv2] [D] [thread 100961] [90.0] [cxt 0] Deparser 'deparser': end
[09:11:49.479] [bmv2] [D] [thread 100963] [90.0] [cxt 0] Transmitting packet of size 76 out of port 2
[09:11:49.497] [bmv2] [D] [thread 100958] [91.0] [cxt 0] Processing packet received on port 1
[09:11:49.497] [bmv2] [D] [thread 100958] [91.0] [cxt 0] Parser 'parser': start
[09:11:49.497] [bmv2] [D] [thread 100958] [91.0] [cxt 0] Parser 'parser' entering state 'start'
[09:11:49.497] [bmv2] [D] [thread 100958] [91.0] [cxt 0] Extracting header 'ethernet'
[09:11:49.497] [bmv2] [D] [thread 100958] [91.0] [cxt 0] Parser state 'start': key is 0800
[09:11:49.497] [bmv2] [T] [thread 100958] [91.0] [cxt 0] Bytes parsed: 14
[09:11:49.497] [bmv2] [D] [thread 100958] [91.0] [cxt 0] Parser 'parser' entering state 'parse_ipv4'
[09:11:49.497] [bmv2] [D] [thread 100958] [91.0] [cxt 0] Extracting header 'ipv4'
[09:11:49.497] [bmv2] [D] [thread 100958] [91.0] [cxt 0] Parser state 'parse_ipv4' has no switch, going to default next state
[09:11:49.497] [bmv2] [T] [thread 100958] [91.0] [cxt 0] Bytes parsed: 34
[09:11:49.497] [bmv2] [D] [thread 100958] [91.0] [cxt 0] Parser 'parser': end
[09:11:49.497] [bmv2] [D] [thread 100958] [91.0] [cxt 0] Pipeline 'ingress': start
[09:11:49.497] [bmv2] [T] [thread 100958] [91.0] [cxt 0] switch.p4(116) Condition "hdr.ipv4.isValid()" (node_2) is true
[09:11:49.497] [bmv2] [T] [thread 100958] [91.0] [cxt 0] Applying table 'MyIngress.ipv4_lpm'
[09:11:49.497] [bmv2] [D] [thread 100958] [91.0] [cxt 0] Looking up key:
* hdr.ipv4.dstAddr    : 0a000101

[09:11:49.497] [bmv2] [D] [thread 100958] [91.0] [cxt 0] Table 'MyIngress.ipv4_lpm': hit with handle 0
[09:11:49.497] [bmv2] [D] [thread 100958] [91.0] [cxt 0] Dumping entry 0
Match key:
* hdr.ipv4.dstAddr    : LPM       0a000101/32
Action entry: MyIngress.ipv4_forward - 80000000200,2,

[09:11:49.497] [bmv2] [D] [thread 100958] [91.0] [cxt 0] Action entry is MyIngress.ipv4_forward - 80000000200,2,
[09:11:49.497] [bmv2] [T] [thread 100958] [91.0] [cxt 0] Action MyIngress.ipv4_forward
[09:11:49.497] [bmv2] [T] [thread 100958] [91.0] [cxt 0] switch.p4(96) Primitive standard_metadata.egress_spec = port
[09:11:49.497] [bmv2] [T] [thread 100958] [91.0] [cxt 0] switch.p4(97) Primitive hdr.ethernet.srcAddr = hdr.ethernet.dstAddr
[09:11:49.497] [bmv2] [T] [thread 100958] [91.0] [cxt 0] switch.p4(98) Primitive hdr.ethernet.dstAddr = dstAddr
[09:11:49.497] [bmv2] [T] [thread 100958] [91.0] [cxt 0] switch.p4(99) Primitive hdr.ipv4.ttl = hdr.ipv4.ttl - 1
[09:11:49.497] [bmv2] [D] [thread 100958] [91.0] [cxt 0] Pipeline 'ingress': end
[09:11:49.497] [bmv2] [D] [thread 100958] [91.0] [cxt 0] Egress port is 2
[09:11:49.497] [bmv2] [D] [thread 100961] [91.0] [cxt 0] Pipeline 'egress': start
[09:11:49.497] [bmv2] [D] [thread 100961] [91.0] [cxt 0] Pipeline 'egress': end
[09:11:49.497] [bmv2] [D] [thread 100961] [91.0] [cxt 0] Deparser 'deparser': start
[09:11:49.497] [bmv2] [D] [thread 100961] [91.0] [cxt 0] Updating checksum 'cksum'
[09:11:49.497] [bmv2] [D] [thread 100961] [91.0] [cxt 0] Deparsing header 'ethernet'
[09:11:49.497] [bmv2] [D] [thread 100961] [91.0] [cxt 0] Deparsing header 'ipv4'
[09:11:49.497] [bmv2] [D] [thread 100961] [91.0] [cxt 0] Deparser 'deparser': end
[09:11:49.497] [bmv2] [D] [thread 100963] [91.0] [cxt 0] Transmitting packet of size 308 out of port 2
[09:11:49.502] [bmv2] [D] [thread 100958] [92.0] [cxt 0] Processing packet received on port 2
[09:11:49.502] [bmv2] [D] [thread 100958] [92.0] [cxt 0] Parser 'parser': start
[09:11:49.502] [bmv2] [D] [thread 100958] [92.0] [cxt 0] Parser 'parser' entering state 'start'
[09:11:49.502] [bmv2] [D] [thread 100958] [92.0] [cxt 0] Extracting header 'ethernet'
[09:11:49.502] [bmv2] [D] [thread 100958] [92.0] [cxt 0] Parser state 'start': key is 0800
[09:11:49.502] [bmv2] [T] [thread 100958] [92.0] [cxt 0] Bytes parsed: 14
[09:11:49.502] [bmv2] [D] [thread 100958] [92.0] [cxt 0] Parser 'parser' entering state 'parse_ipv4'
[09:11:49.502] [bmv2] [D] [thread 100958] [92.0] [cxt 0] Extracting header 'ipv4'
[09:11:49.502] [bmv2] [D] [thread 100958] [92.0] [cxt 0] Parser state 'parse_ipv4' has no switch, going to default next state
[09:11:49.502] [bmv2] [T] [thread 100958] [92.0] [cxt 0] Bytes parsed: 34
[09:11:49.502] [bmv2] [D] [thread 100958] [92.0] [cxt 0] Parser 'parser': end
[09:11:49.502] [bmv2] [D] [thread 100958] [92.0] [cxt 0] Pipeline 'ingress': start
[09:11:49.502] [bmv2] [T] [thread 100958] [92.0] [cxt 0] switch.p4(116) Condition "hdr.ipv4.isValid()" (node_2) is true
[09:11:49.507] [bmv2] [T] [thread 100958] [92.0] [cxt 0] Applying table 'MyIngress.ipv4_lpm'
[09:11:49.507] [bmv2] [D] [thread 100958] [92.0] [cxt 0] Looking up key:
* hdr.ipv4.dstAddr    : 0a000202

[09:11:49.507] [bmv2] [D] [thread 100958] [92.0] [cxt 0] Table 'MyIngress.ipv4_lpm': hit with handle 1
[09:11:49.507] [bmv2] [D] [thread 100958] [92.0] [cxt 0] Dumping entry 1
Match key:
* hdr.ipv4.dstAddr    : LPM       0a000202/32
Action entry: MyIngress.ipv4_forward - 80000000222,1,

[09:11:49.507] [bmv2] [D] [thread 100958] [92.0] [cxt 0] Action entry is MyIngress.ipv4_forward - 80000000222,1,
[09:11:49.507] [bmv2] [T] [thread 100958] [92.0] [cxt 0] Action MyIngress.ipv4_forward
[09:11:49.507] [bmv2] [T] [thread 100958] [92.0] [cxt 0] switch.p4(96) Primitive standard_metadata.egress_spec = port
[09:11:49.507] [bmv2] [T] [thread 100958] [92.0] [cxt 0] switch.p4(97) Primitive hdr.ethernet.srcAddr = hdr.ethernet.dstAddr
[09:11:49.507] [bmv2] [T] [thread 100958] [92.0] [cxt 0] switch.p4(98) Primitive hdr.ethernet.dstAddr = dstAddr
[09:11:49.507] [bmv2] [T] [thread 100958] [92.0] [cxt 0] switch.p4(99) Primitive hdr.ipv4.ttl = hdr.ipv4.ttl - 1
[09:11:49.507] [bmv2] [D] [thread 100958] [92.0] [cxt 0] Pipeline 'ingress': end
[09:11:49.507] [bmv2] [D] [thread 100958] [92.0] [cxt 0] Egress port is 1
[09:11:49.507] [bmv2] [D] [thread 100960] [92.0] [cxt 0] Pipeline 'egress': start
[09:11:49.507] [bmv2] [D] [thread 100960] [92.0] [cxt 0] Pipeline 'egress': end
[09:11:49.507] [bmv2] [D] [thread 100960] [92.0] [cxt 0] Deparser 'deparser': start
[09:11:49.507] [bmv2] [D] [thread 100960] [92.0] [cxt 0] Updating checksum 'cksum'
[09:11:49.507] [bmv2] [D] [thread 100960] [92.0] [cxt 0] Deparsing header 'ethernet'
[09:11:49.507] [bmv2] [D] [thread 100960] [92.0] [cxt 0] Deparsing header 'ipv4'
[09:11:49.507] [bmv2] [D] [thread 100960] [92.0] [cxt 0] Deparser 'deparser': end
[09:11:49.507] [bmv2] [D] [thread 100963] [92.0] [cxt 0] Transmitting packet of size 336 out of port 1
open: No such file or directory
open: No such file or directory
open: No such file or directory
open: No such file or directory
