Calling target program-options parser
[09:21:00.498] [bmv2] [D] [thread 108955] Set default default entry for table 'MyIngress.ipv4_lpm': MyIngress.drop - 
Adding interface s3-eth1 as port 1
[09:21:00.498] [bmv2] [D] [thread 108955] Adding interface s3-eth1 as port 1
Adding interface s3-eth2 as port 2
[09:21:00.519] [bmv2] [D] [thread 108955] Adding interface s3-eth2 as port 2
Server listening on 0.0.0.0:50305
[09:21:00.541] [bmv2] [I] [thread 108955] Starting Thrift server on port 9344
[09:21:00.545] [bmv2] [I] [thread 108955] Thrift server was started
[09:21:00.723] [bmv2] [D] [thread 108970] [0.0] [cxt 0] Processing packet received on port 1
[09:21:00.723] [bmv2] [D] [thread 108970] [0.0] [cxt 0] Parser 'parser': start
[09:21:00.723] [bmv2] [D] [thread 108970] [0.0] [cxt 0] Parser 'parser' entering state 'start'
[09:21:00.723] [bmv2] [D] [thread 108970] [0.0] [cxt 0] Extracting header 'ethernet'
[09:21:00.723] [bmv2] [D] [thread 108970] [0.0] [cxt 0] Parser state 'start': key is 86dd
[09:21:00.729] [bmv2] [T] [thread 108970] [0.0] [cxt 0] Bytes parsed: 14
[09:21:00.729] [bmv2] [D] [thread 108970] [0.0] [cxt 0] Parser 'parser': end
[09:21:00.729] [bmv2] [D] [thread 108970] [0.0] [cxt 0] Pipeline 'ingress': start
[09:21:00.729] [bmv2] [T] [thread 108970] [0.0] [cxt 0] switch.p4(116) Condition "hdr.ipv4.isValid()" (node_2) is false
[09:21:00.729] [bmv2] [D] [thread 108970] [0.0] [cxt 0] Pipeline 'ingress': end
[09:21:00.729] [bmv2] [D] [thread 108970] [0.0] [cxt 0] Egress port is 0
[09:21:00.729] [bmv2] [D] [thread 108970] [1.0] [cxt 0] Processing packet received on port 1
[09:21:00.729] [bmv2] [D] [thread 108970] [1.0] [cxt 0] Parser 'parser': start
[09:21:00.729] [bmv2] [D] [thread 108970] [1.0] [cxt 0] Parser 'parser' entering state 'start'
[09:21:00.729] [bmv2] [D] [thread 108970] [1.0] [cxt 0] Extracting header 'ethernet'
[09:21:00.729] [bmv2] [D] [thread 108970] [1.0] [cxt 0] Parser state 'start': key is 86dd
[09:21:00.729] [bmv2] [T] [thread 108970] [1.0] [cxt 0] Bytes parsed: 14
[09:21:00.729] [bmv2] [D] [thread 108970] [1.0] [cxt 0] Parser 'parser': end
[09:21:00.729] [bmv2] [D] [thread 108970] [1.0] [cxt 0] Pipeline 'ingress': start
[09:21:00.729] [bmv2] [T] [thread 108970] [1.0] [cxt 0] switch.p4(116) Condition "hdr.ipv4.isValid()" (node_2) is false
[09:21:00.729] [bmv2] [D] [thread 108970] [1.0] [cxt 0] Pipeline 'ingress': end
[09:21:00.729] [bmv2] [D] [thread 108970] [1.0] [cxt 0] Egress port is 0
[09:21:00.729] [bmv2] [D] [thread 108970] [2.0] [cxt 0] Processing packet received on port 1
[09:21:00.729] [bmv2] [D] [thread 108970] [2.0] [cxt 0] Parser 'parser': start
[09:21:00.729] [bmv2] [D] [thread 108970] [2.0] [cxt 0] Parser 'parser' entering state 'start'
[09:21:00.729] [bmv2] [D] [thread 108970] [2.0] [cxt 0] Extracting header 'ethernet'
[09:21:00.729] [bmv2] [D] [thread 108970] [2.0] [cxt 0] Parser state 'start': key is 86dd
[09:21:00.729] [bmv2] [T] [thread 108970] [2.0] [cxt 0] Bytes parsed: 14
[09:21:00.729] [bmv2] [D] [thread 108970] [2.0] [cxt 0] Parser 'parser': end
[09:21:00.729] [bmv2] [D] [thread 108970] [2.0] [cxt 0] Pipeline 'ingress': start
[09:21:00.729] [bmv2] [T] [thread 108970] [2.0] [cxt 0] switch.p4(116) Condition "hdr.ipv4.isValid()" (node_2) is false
[09:21:00.729] [bmv2] [D] [thread 108970] [2.0] [cxt 0] Pipeline 'ingress': end
[09:21:00.729] [bmv2] [D] [thread 108970] [2.0] [cxt 0] Egress port is 0
[09:21:00.729] [bmv2] [D] [thread 108971] [0.0] [cxt 0] Pipeline 'egress': start
[09:21:00.729] [bmv2] [D] [thread 108971] [0.0] [cxt 0] Pipeline 'egress': end
[09:21:00.729] [bmv2] [D] [thread 108971] [0.0] [cxt 0] Deparser 'deparser': start
[09:21:00.729] [bmv2] [T] [thread 108971] [0.0] [cxt 0] Skipping checksum 'cksum' update because condition not met
[09:21:00.729] [bmv2] [D] [thread 108971] [0.0] [cxt 0] Deparsing header 'ethernet'
[09:21:00.729] [bmv2] [D] [thread 108971] [0.0] [cxt 0] Deparser 'deparser': end
[09:21:00.729] [bmv2] [D] [thread 108971] [1.0] [cxt 0] Pipeline 'egress': start
[09:21:00.729] [bmv2] [D] [thread 108971] [1.0] [cxt 0] Pipeline 'egress': end
[09:21:00.729] [bmv2] [D] [thread 108971] [1.0] [cxt 0] Deparser 'deparser': start
[09:21:00.729] [bmv2] [T] [thread 108971] [1.0] [cxt 0] Skipping checksum 'cksum' update because condition not met
[09:21:00.729] [bmv2] [D] [thread 108971] [1.0] [cxt 0] Deparsing header 'ethernet'
[09:21:00.729] [bmv2] [D] [thread 108971] [1.0] [cxt 0] Deparser 'deparser': end
[09:21:00.729] [bmv2] [D] [thread 108971] [2.0] [cxt 0] Pipeline 'egress': start
[09:21:00.729] [bmv2] [D] [thread 108971] [2.0] [cxt 0] Pipeline 'egress': end
[09:21:00.729] [bmv2] [D] [thread 108971] [2.0] [cxt 0] Deparser 'deparser': start
[09:21:00.729] [bmv2] [T] [thread 108971] [2.0] [cxt 0] Skipping checksum 'cksum' update because condition not met
[09:21:00.729] [bmv2] [D] [thread 108971] [2.0] [cxt 0] Deparsing header 'ethernet'
[09:21:00.729] [bmv2] [D] [thread 108971] [2.0] [cxt 0] Deparser 'deparser': end
[09:21:00.734] [bmv2] [D] [thread 108975] [0.0] [cxt 0] Transmitting packet of size 90 out of port 0
[09:21:00.734] [bmv2] [D] [thread 108975] [1.0] [cxt 0] Transmitting packet of size 70 out of port 0
[09:21:00.734] [bmv2] [D] [thread 108975] [2.0] [cxt 0] Transmitting packet of size 90 out of port 0
[09:21:00.812] [bmv2] [D] [thread 108970] [3.0] [cxt 0] Processing packet received on port 1
[09:21:00.812] [bmv2] [D] [thread 108970] [3.0] [cxt 0] Parser 'parser': start
[09:21:00.812] [bmv2] [D] [thread 108970] [3.0] [cxt 0] Parser 'parser' entering state 'start'
[09:21:00.812] [bmv2] [D] [thread 108970] [3.0] [cxt 0] Extracting header 'ethernet'
[09:21:00.812] [bmv2] [D] [thread 108970] [3.0] [cxt 0] Parser state 'start': key is 86dd
[09:21:00.812] [bmv2] [T] [thread 108970] [3.0] [cxt 0] Bytes parsed: 14
[09:21:00.812] [bmv2] [D] [thread 108970] [3.0] [cxt 0] Parser 'parser': end
[09:21:00.812] [bmv2] [D] [thread 108970] [3.0] [cxt 0] Pipeline 'ingress': start
[09:21:00.812] [bmv2] [T] [thread 108970] [3.0] [cxt 0] switch.p4(116) Condition "hdr.ipv4.isValid()" (node_2) is false
[09:21:00.812] [bmv2] [D] [thread 108970] [3.0] [cxt 0] Pipeline 'ingress': end
[09:21:00.812] [bmv2] [D] [thread 108970] [3.0] [cxt 0] Egress port is 0
[09:21:00.812] [bmv2] [D] [thread 108971] [3.0] [cxt 0] Pipeline 'egress': start
[09:21:00.812] [bmv2] [D] [thread 108971] [3.0] [cxt 0] Pipeline 'egress': end
[09:21:00.812] [bmv2] [D] [thread 108971] [3.0] [cxt 0] Deparser 'deparser': start
[09:21:00.812] [bmv2] [T] [thread 108971] [3.0] [cxt 0] Skipping checksum 'cksum' update because condition not met
[09:21:00.812] [bmv2] [D] [thread 108971] [3.0] [cxt 0] Deparsing header 'ethernet'
[09:21:00.812] [bmv2] [D] [thread 108971] [3.0] [cxt 0] Deparser 'deparser': end
[09:21:00.812] [bmv2] [D] [thread 108975] [3.0] [cxt 0] Transmitting packet of size 211 out of port 0
[09:21:00.823] [bmv2] [D] [thread 108970] [4.0] [cxt 0] Processing packet received on port 1
[09:21:00.825] [bmv2] [D] [thread 108970] [4.0] [cxt 0] Parser 'parser': start
[09:21:00.825] [bmv2] [D] [thread 108970] [4.0] [cxt 0] Parser 'parser' entering state 'start'
[09:21:00.825] [bmv2] [D] [thread 108970] [4.0] [cxt 0] Extracting header 'ethernet'
[09:21:00.825] [bmv2] [D] [thread 108970] [4.0] [cxt 0] Parser state 'start': key is 86dd
[09:21:00.825] [bmv2] [T] [thread 108970] [4.0] [cxt 0] Bytes parsed: 14
[09:21:00.825] [bmv2] [D] [thread 108970] [4.0] [cxt 0] Parser 'parser': end
[09:21:00.825] [bmv2] [D] [thread 108970] [4.0] [cxt 0] Pipeline 'ingress': start
[09:21:00.825] [bmv2] [T] [thread 108970] [4.0] [cxt 0] switch.p4(116) Condition "hdr.ipv4.isValid()" (node_2) is false
[09:21:00.825] [bmv2] [D] [thread 108970] [4.0] [cxt 0] Pipeline 'ingress': end
[09:21:00.825] [bmv2] [D] [thread 108970] [4.0] [cxt 0] Egress port is 0
[09:21:00.825] [bmv2] [D] [thread 108971] [4.0] [cxt 0] Pipeline 'egress': start
[09:21:00.825] [bmv2] [D] [thread 108971] [4.0] [cxt 0] Pipeline 'egress': end
[09:21:00.825] [bmv2] [D] [thread 108971] [4.0] [cxt 0] Deparser 'deparser': start
[09:21:00.825] [bmv2] [T] [thread 108971] [4.0] [cxt 0] Skipping checksum 'cksum' update because condition not met
[09:21:00.825] [bmv2] [D] [thread 108971] [4.0] [cxt 0] Deparsing header 'ethernet'
[09:21:00.825] [bmv2] [D] [thread 108971] [4.0] [cxt 0] Deparser 'deparser': end
[09:21:00.826] [bmv2] [D] [thread 108975] [4.0] [cxt 0] Transmitting packet of size 203 out of port 0
[09:21:01.069] [bmv2] [D] [thread 108970] [5.0] [cxt 0] Processing packet received on port 1
[09:21:01.069] [bmv2] [D] [thread 108970] [5.0] [cxt 0] Parser 'parser': start
[09:21:01.069] [bmv2] [D] [thread 108970] [5.0] [cxt 0] Parser 'parser' entering state 'start'
[09:21:01.069] [bmv2] [D] [thread 108970] [5.0] [cxt 0] Extracting header 'ethernet'
[09:21:01.069] [bmv2] [D] [thread 108970] [5.0] [cxt 0] Parser state 'start': key is 86dd
[09:21:01.069] [bmv2] [T] [thread 108970] [5.0] [cxt 0] Bytes parsed: 14
[09:21:01.069] [bmv2] [D] [thread 108970] [5.0] [cxt 0] Parser 'parser': end
[09:21:01.069] [bmv2] [D] [thread 108970] [5.0] [cxt 0] Pipeline 'ingress': start
[09:21:01.069] [bmv2] [T] [thread 108970] [5.0] [cxt 0] switch.p4(116) Condition "hdr.ipv4.isValid()" (node_2) is false
[09:21:01.069] [bmv2] [D] [thread 108970] [5.0] [cxt 0] Pipeline 'ingress': end
[09:21:01.069] [bmv2] [D] [thread 108970] [5.0] [cxt 0] Egress port is 0
[09:21:01.069] [bmv2] [D] [thread 108971] [5.0] [cxt 0] Pipeline 'egress': start
[09:21:01.070] [bmv2] [D] [thread 108971] [5.0] [cxt 0] Pipeline 'egress': end
[09:21:01.070] [bmv2] [D] [thread 108971] [5.0] [cxt 0] Deparser 'deparser': start
[09:21:01.070] [bmv2] [T] [thread 108971] [5.0] [cxt 0] Skipping checksum 'cksum' update because condition not met
[09:21:01.070] [bmv2] [D] [thread 108971] [5.0] [cxt 0] Deparsing header 'ethernet'
[09:21:01.070] [bmv2] [D] [thread 108971] [5.0] [cxt 0] Deparser 'deparser': end
[09:21:01.070] [bmv2] [D] [thread 108975] [5.0] [cxt 0] Transmitting packet of size 211 out of port 0
[09:21:01.208] [bmv2] [D] [thread 108970] [6.0] [cxt 0] Processing packet received on port 1
[09:21:01.208] [bmv2] [D] [thread 108970] [6.0] [cxt 0] Parser 'parser': start
[09:21:01.208] [bmv2] [D] [thread 108970] [6.0] [cxt 0] Parser 'parser' entering state 'start'
[09:21:01.208] [bmv2] [D] [thread 108970] [6.0] [cxt 0] Extracting header 'ethernet'
[09:21:01.208] [bmv2] [D] [thread 108970] [6.0] [cxt 0] Parser state 'start': key is 86dd
[09:21:01.208] [bmv2] [T] [thread 108970] [6.0] [cxt 0] Bytes parsed: 14
[09:21:01.208] [bmv2] [D] [thread 108970] [6.0] [cxt 0] Parser 'parser': end
[09:21:01.208] [bmv2] [D] [thread 108970] [6.0] [cxt 0] Pipeline 'ingress': start
[09:21:01.208] [bmv2] [T] [thread 108970] [6.0] [cxt 0] switch.p4(116) Condition "hdr.ipv4.isValid()" (node_2) is false
[09:21:01.208] [bmv2] [D] [thread 108970] [6.0] [cxt 0] Pipeline 'ingress': end
[09:21:01.208] [bmv2] [D] [thread 108970] [6.0] [cxt 0] Egress port is 0
[09:21:01.208] [bmv2] [D] [thread 108971] [6.0] [cxt 0] Pipeline 'egress': start
[09:21:01.210] [bmv2] [D] [thread 108971] [6.0] [cxt 0] Pipeline 'egress': end
[09:21:01.210] [bmv2] [D] [thread 108971] [6.0] [cxt 0] Deparser 'deparser': start
[09:21:01.210] [bmv2] [T] [thread 108971] [6.0] [cxt 0] Skipping checksum 'cksum' update because condition not met
[09:21:01.210] [bmv2] [D] [thread 108971] [6.0] [cxt 0] Deparsing header 'ethernet'
[09:21:01.210] [bmv2] [D] [thread 108971] [6.0] [cxt 0] Deparser 'deparser': end
[09:21:01.210] [bmv2] [D] [thread 108975] [6.0] [cxt 0] Transmitting packet of size 110 out of port 0
[09:21:01.251] [bmv2] [D] [thread 108970] [7.0] [cxt 0] Processing packet received on port 2
[09:21:01.251] [bmv2] [D] [thread 108970] [7.0] [cxt 0] Parser 'parser': start
[09:21:01.251] [bmv2] [D] [thread 108970] [7.0] [cxt 0] Parser 'parser' entering state 'start'
[09:21:01.251] [bmv2] [D] [thread 108970] [7.0] [cxt 0] Extracting header 'ethernet'
[09:21:01.251] [bmv2] [D] [thread 108970] [7.0] [cxt 0] Parser state 'start': key is 86dd
[09:21:01.251] [bmv2] [T] [thread 108970] [7.0] [cxt 0] Bytes parsed: 14
[09:21:01.251] [bmv2] [D] [thread 108970] [7.0] [cxt 0] Parser 'parser': end
[09:21:01.251] [bmv2] [D] [thread 108970] [7.0] [cxt 0] Pipeline 'ingress': start
[09:21:01.251] [bmv2] [T] [thread 108970] [7.0] [cxt 0] switch.p4(116) Condition "hdr.ipv4.isValid()" (node_2) is false
[09:21:01.251] [bmv2] [D] [thread 108970] [7.0] [cxt 0] Pipeline 'ingress': end
[09:21:01.251] [bmv2] [D] [thread 108970] [7.0] [cxt 0] Egress port is 0
[09:21:01.251] [bmv2] [D] [thread 108970] [8.0] [cxt 0] Processing packet received on port 2
[09:21:01.251] [bmv2] [D] [thread 108970] [8.0] [cxt 0] Parser 'parser': start
[09:21:01.251] [bmv2] [D] [thread 108970] [8.0] [cxt 0] Parser 'parser' entering state 'start'
[09:21:01.251] [bmv2] [D] [thread 108970] [8.0] [cxt 0] Extracting header 'ethernet'
[09:21:01.251] [bmv2] [D] [thread 108970] [8.0] [cxt 0] Parser state 'start': key is 86dd
[09:21:01.251] [bmv2] [T] [thread 108970] [8.0] [cxt 0] Bytes parsed: 14
[09:21:01.251] [bmv2] [D] [thread 108970] [8.0] [cxt 0] Parser 'parser': end
[09:21:01.251] [bmv2] [D] [thread 108970] [8.0] [cxt 0] Pipeline 'ingress': start
[09:21:01.251] [bmv2] [D] [thread 108971] [7.0] [cxt 0] Pipeline 'egress': start
[09:21:01.251] [bmv2] [D] [thread 108971] [7.0] [cxt 0] Pipeline 'egress': end
[09:21:01.251] [bmv2] [D] [thread 108971] [7.0] [cxt 0] Deparser 'deparser': start
[09:21:01.251] [bmv2] [T] [thread 108971] [7.0] [cxt 0] Skipping checksum 'cksum' update because condition not met
[09:21:01.251] [bmv2] [D] [thread 108971] [7.0] [cxt 0] Deparsing header 'ethernet'
[09:21:01.251] [bmv2] [D] [thread 108971] [7.0] [cxt 0] Deparser 'deparser': end
[09:21:01.251] [bmv2] [D] [thread 108975] [7.0] [cxt 0] Transmitting packet of size 110 out of port 0
[09:21:01.251] [bmv2] [T] [thread 108970] [8.0] [cxt 0] switch.p4(116) Condition "hdr.ipv4.isValid()" (node_2) is false
[09:21:01.251] [bmv2] [D] [thread 108970] [8.0] [cxt 0] Pipeline 'ingress': end
[09:21:01.251] [bmv2] [D] [thread 108970] [8.0] [cxt 0] Egress port is 0
[09:21:01.251] [bmv2] [D] [thread 108970] [9.0] [cxt 0] Processing packet received on port 2
[09:21:01.251] [bmv2] [D] [thread 108971] [8.0] [cxt 0] Pipeline 'egress': start
[09:21:01.251] [bmv2] [D] [thread 108971] [8.0] [cxt 0] Pipeline 'egress': end
[09:21:01.251] [bmv2] [D] [thread 108971] [8.0] [cxt 0] Deparser 'deparser': start
[09:21:01.251] [bmv2] [T] [thread 108971] [8.0] [cxt 0] Skipping checksum 'cksum' update because condition not met
[09:21:01.251] [bmv2] [D] [thread 108971] [8.0] [cxt 0] Deparsing header 'ethernet'
[09:21:01.251] [bmv2] [D] [thread 108971] [8.0] [cxt 0] Deparser 'deparser': end
[09:21:01.251] [bmv2] [D] [thread 108975] [8.0] [cxt 0] Transmitting packet of size 70 out of port 0
[09:21:01.251] [bmv2] [D] [thread 108970] [9.0] [cxt 0] Parser 'parser': start
[09:21:01.251] [bmv2] [D] [thread 108970] [9.0] [cxt 0] Parser 'parser' entering state 'start'
[09:21:01.251] [bmv2] [D] [thread 108970] [9.0] [cxt 0] Extracting header 'ethernet'
[09:21:01.251] [bmv2] [D] [thread 108970] [9.0] [cxt 0] Parser state 'start': key is 86dd
[09:21:01.251] [bmv2] [T] [thread 108970] [9.0] [cxt 0] Bytes parsed: 14
[09:21:01.251] [bmv2] [D] [thread 108970] [9.0] [cxt 0] Parser 'parser': end
[09:21:01.251] [bmv2] [D] [thread 108970] [9.0] [cxt 0] Pipeline 'ingress': start
[09:21:01.251] [bmv2] [T] [thread 108970] [9.0] [cxt 0] switch.p4(116) Condition "hdr.ipv4.isValid()" (node_2) is false
[09:21:01.251] [bmv2] [D] [thread 108970] [9.0] [cxt 0] Pipeline 'ingress': end
[09:21:01.256] [bmv2] [D] [thread 108970] [9.0] [cxt 0] Egress port is 0
[09:21:01.256] [bmv2] [D] [thread 108970] [10.0] [cxt 0] Processing packet received on port 2
[09:21:01.256] [bmv2] [D] [thread 108970] [10.0] [cxt 0] Parser 'parser': start
[09:21:01.256] [bmv2] [D] [thread 108970] [10.0] [cxt 0] Parser 'parser' entering state 'start'
[09:21:01.256] [bmv2] [D] [thread 108970] [10.0] [cxt 0] Extracting header 'ethernet'
[09:21:01.256] [bmv2] [D] [thread 108970] [10.0] [cxt 0] Parser state 'start': key is 86dd
[09:21:01.256] [bmv2] [T] [thread 108970] [10.0] [cxt 0] Bytes parsed: 14
[09:21:01.256] [bmv2] [D] [thread 108970] [10.0] [cxt 0] Parser 'parser': end
[09:21:01.256] [bmv2] [D] [thread 108970] [10.0] [cxt 0] Pipeline 'ingress': start
[09:21:01.256] [bmv2] [T] [thread 108970] [10.0] [cxt 0] switch.p4(116) Condition "hdr.ipv4.isValid()" (node_2) is false
[09:21:01.256] [bmv2] [D] [thread 108970] [10.0] [cxt 0] Pipeline 'ingress': end
[09:21:01.256] [bmv2] [D] [thread 108970] [10.0] [cxt 0] Egress port is 0
[09:21:01.256] [bmv2] [D] [thread 108970] [11.0] [cxt 0] Processing packet received on port 2
[09:21:01.256] [bmv2] [D] [thread 108970] [11.0] [cxt 0] Parser 'parser': start
[09:21:01.256] [bmv2] [D] [thread 108970] [11.0] [cxt 0] Parser 'parser' entering state 'start'
[09:21:01.256] [bmv2] [D] [thread 108970] [11.0] [cxt 0] Extracting header 'ethernet'
[09:21:01.256] [bmv2] [D] [thread 108970] [11.0] [cxt 0] Parser state 'start': key is 86dd
[09:21:01.256] [bmv2] [T] [thread 108970] [11.0] [cxt 0] Bytes parsed: 14
[09:21:01.256] [bmv2] [D] [thread 108970] [11.0] [cxt 0] Parser 'parser': end
[09:21:01.256] [bmv2] [D] [thread 108970] [11.0] [cxt 0] Pipeline 'ingress': start
[09:21:01.256] [bmv2] [T] [thread 108970] [11.0] [cxt 0] switch.p4(116) Condition "hdr.ipv4.isValid()" (node_2) is false
[09:21:01.256] [bmv2] [D] [thread 108970] [11.0] [cxt 0] Pipeline 'ingress': end
[09:21:01.256] [bmv2] [D] [thread 108970] [11.0] [cxt 0] Egress port is 0
[09:21:01.256] [bmv2] [D] [thread 108970] [12.0] [cxt 0] Processing packet received on port 2
[09:21:01.256] [bmv2] [D] [thread 108970] [12.0] [cxt 0] Parser 'parser': start
[09:21:01.256] [bmv2] [D] [thread 108970] [12.0] [cxt 0] Parser 'parser' entering state 'start'
[09:21:01.256] [bmv2] [D] [thread 108970] [12.0] [cxt 0] Extracting header 'ethernet'
[09:21:01.256] [bmv2] [D] [thread 108970] [12.0] [cxt 0] Parser state 'start': key is 86dd
[09:21:01.256] [bmv2] [T] [thread 108970] [12.0] [cxt 0] Bytes parsed: 14
[09:21:01.256] [bmv2] [D] [thread 108970] [12.0] [cxt 0] Parser 'parser': end
[09:21:01.256] [bmv2] [D] [thread 108970] [12.0] [cxt 0] Pipeline 'ingress': start
[09:21:01.256] [bmv2] [T] [thread 108970] [12.0] [cxt 0] switch.p4(116) Condition "hdr.ipv4.isValid()" (node_2) is false
[09:21:01.256] [bmv2] [D] [thread 108970] [12.0] [cxt 0] Pipeline 'ingress': end
[09:21:01.256] [bmv2] [D] [thread 108970] [12.0] [cxt 0] Egress port is 0
[09:21:01.256] [bmv2] [D] [thread 108971] [9.0] [cxt 0] Pipeline 'egress': start
[09:21:01.256] [bmv2] [D] [thread 108971] [9.0] [cxt 0] Pipeline 'egress': end
[09:21:01.256] [bmv2] [D] [thread 108971] [9.0] [cxt 0] Deparser 'deparser': start
[09:21:01.256] [bmv2] [T] [thread 108971] [9.0] [cxt 0] Skipping checksum 'cksum' update because condition not met
[09:21:01.256] [bmv2] [D] [thread 108971] [9.0] [cxt 0] Deparsing header 'ethernet'
[09:21:01.256] [bmv2] [D] [thread 108971] [9.0] [cxt 0] Deparser 'deparser': end
[09:21:01.256] [bmv2] [D] [thread 108971] [10.0] [cxt 0] Pipeline 'egress': start
[09:21:01.256] [bmv2] [D] [thread 108971] [10.0] [cxt 0] Pipeline 'egress': end
[09:21:01.256] [bmv2] [D] [thread 108971] [10.0] [cxt 0] Deparser 'deparser': start
[09:21:01.256] [bmv2] [T] [thread 108971] [10.0] [cxt 0] Skipping checksum 'cksum' update because condition not met
[09:21:01.256] [bmv2] [D] [thread 108971] [10.0] [cxt 0] Deparsing header 'ethernet'
[09:21:01.256] [bmv2] [D] [thread 108971] [10.0] [cxt 0] Deparser 'deparser': end
[09:21:01.256] [bmv2] [D] [thread 108971] [11.0] [cxt 0] Pipeline 'egress': start
[09:21:01.256] [bmv2] [D] [thread 108971] [11.0] [cxt 0] Pipeline 'egress': end
[09:21:01.256] [bmv2] [D] [thread 108971] [11.0] [cxt 0] Deparser 'deparser': start
[09:21:01.256] [bmv2] [T] [thread 108971] [11.0] [cxt 0] Skipping checksum 'cksum' update because condition not met
[09:21:01.256] [bmv2] [D] [thread 108971] [11.0] [cxt 0] Deparsing header 'ethernet'
[09:21:01.256] [bmv2] [D] [thread 108971] [11.0] [cxt 0] Deparser 'deparser': end
[09:21:01.256] [bmv2] [D] [thread 108975] [9.0] [cxt 0] Transmitting packet of size 110 out of port 0
[09:21:01.256] [bmv2] [D] [thread 108975] [10.0] [cxt 0] Transmitting packet of size 70 out of port 0
[09:21:01.256] [bmv2] [D] [thread 108975] [11.0] [cxt 0] Transmitting packet of size 90 out of port 0
[09:21:01.256] [bmv2] [D] [thread 108971] [12.0] [cxt 0] Pipeline 'egress': start
[09:21:01.256] [bmv2] [D] [thread 108971] [12.0] [cxt 0] Pipeline 'egress': end
[09:21:01.256] [bmv2] [D] [thread 108971] [12.0] [cxt 0] Deparser 'deparser': start
[09:21:01.256] [bmv2] [T] [thread 108971] [12.0] [cxt 0] Skipping checksum 'cksum' update because condition not met
[09:21:01.256] [bmv2] [D] [thread 108971] [12.0] [cxt 0] Deparsing header 'ethernet'
[09:21:01.256] [bmv2] [D] [thread 108971] [12.0] [cxt 0] Deparser 'deparser': end
[09:21:01.256] [bmv2] [D] [thread 108975] [12.0] [cxt 0] Transmitting packet of size 90 out of port 0
[09:21:01.342] [bmv2] [D] [thread 108970] [13.0] [cxt 0] Processing packet received on port 1
[09:21:01.342] [bmv2] [D] [thread 108970] [13.0] [cxt 0] Parser 'parser': start
[09:21:01.342] [bmv2] [D] [thread 108970] [13.0] [cxt 0] Parser 'parser' entering state 'start'
[09:21:01.342] [bmv2] [D] [thread 108970] [13.0] [cxt 0] Extracting header 'ethernet'
[09:21:01.342] [bmv2] [D] [thread 108970] [13.0] [cxt 0] Parser state 'start': key is 86dd
[09:21:01.342] [bmv2] [T] [thread 108970] [13.0] [cxt 0] Bytes parsed: 14
[09:21:01.342] [bmv2] [D] [thread 108970] [13.0] [cxt 0] Parser 'parser': end
[09:21:01.342] [bmv2] [D] [thread 108970] [13.0] [cxt 0] Pipeline 'ingress': start
[09:21:01.342] [bmv2] [T] [thread 108970] [13.0] [cxt 0] switch.p4(116) Condition "hdr.ipv4.isValid()" (node_2) is false
[09:21:01.342] [bmv2] [D] [thread 108970] [13.0] [cxt 0] Pipeline 'ingress': end
[09:21:01.342] [bmv2] [D] [thread 108970] [13.0] [cxt 0] Egress port is 0
[09:21:01.342] [bmv2] [D] [thread 108971] [13.0] [cxt 0] Pipeline 'egress': start
[09:21:01.342] [bmv2] [D] [thread 108971] [13.0] [cxt 0] Pipeline 'egress': end
[09:21:01.342] [bmv2] [D] [thread 108971] [13.0] [cxt 0] Deparser 'deparser': start
[09:21:01.342] [bmv2] [T] [thread 108971] [13.0] [cxt 0] Skipping checksum 'cksum' update because condition not met
[09:21:01.342] [bmv2] [D] [thread 108971] [13.0] [cxt 0] Deparsing header 'ethernet'
[09:21:01.342] [bmv2] [D] [thread 108971] [13.0] [cxt 0] Deparser 'deparser': end
[09:21:01.342] [bmv2] [D] [thread 108970] [14.0] [cxt 0] Processing packet received on port 2
[09:21:01.342] [bmv2] [D] [thread 108970] [14.0] [cxt 0] Parser 'parser': start
[09:21:01.342] [bmv2] [D] [thread 108970] [14.0] [cxt 0] Parser 'parser' entering state 'start'
[09:21:01.342] [bmv2] [D] [thread 108970] [14.0] [cxt 0] Extracting header 'ethernet'
[09:21:01.342] [bmv2] [D] [thread 108970] [14.0] [cxt 0] Parser state 'start': key is 86dd
[09:21:01.342] [bmv2] [T] [thread 108970] [14.0] [cxt 0] Bytes parsed: 14
[09:21:01.342] [bmv2] [D] [thread 108970] [14.0] [cxt 0] Parser 'parser': end
[09:21:01.342] [bmv2] [D] [thread 108970] [14.0] [cxt 0] Pipeline 'ingress': start
[09:21:01.342] [bmv2] [T] [thread 108970] [14.0] [cxt 0] switch.p4(116) Condition "hdr.ipv4.isValid()" (node_2) is false
[09:21:01.342] [bmv2] [D] [thread 108970] [14.0] [cxt 0] Pipeline 'ingress': end
[09:21:01.342] [bmv2] [D] [thread 108970] [14.0] [cxt 0] Egress port is 0
[09:21:01.342] [bmv2] [D] [thread 108970] [15.0] [cxt 0] Processing packet received on port 2
[09:21:01.342] [bmv2] [D] [thread 108970] [15.0] [cxt 0] Parser 'parser': start
[09:21:01.342] [bmv2] [D] [thread 108970] [15.0] [cxt 0] Parser 'parser' entering state 'start'
[09:21:01.342] [bmv2] [D] [thread 108970] [15.0] [cxt 0] Extracting header 'ethernet'
[09:21:01.342] [bmv2] [D] [thread 108970] [15.0] [cxt 0] Parser state 'start': key is 86dd
[09:21:01.342] [bmv2] [T] [thread 108970] [15.0] [cxt 0] Bytes parsed: 14
[09:21:01.342] [bmv2] [D] [thread 108970] [15.0] [cxt 0] Parser 'parser': end
[09:21:01.342] [bmv2] [D] [thread 108970] [15.0] [cxt 0] Pipeline 'ingress': start
[09:21:01.342] [bmv2] [T] [thread 108970] [15.0] [cxt 0] switch.p4(116) Condition "hdr.ipv4.isValid()" (node_2) is false
[09:21:01.342] [bmv2] [D] [thread 108970] [15.0] [cxt 0] Pipeline 'ingress': end
[09:21:01.342] [bmv2] [D] [thread 108975] [13.0] [cxt 0] Transmitting packet of size 211 out of port 0
[09:21:01.342] [bmv2] [D] [thread 108970] [15.0] [cxt 0] Egress port is 0
[09:21:01.342] [bmv2] [D] [thread 108971] [14.0] [cxt 0] Pipeline 'egress': start
[09:21:01.342] [bmv2] [D] [thread 108971] [14.0] [cxt 0] Pipeline 'egress': end
[09:21:01.342] [bmv2] [D] [thread 108971] [14.0] [cxt 0] Deparser 'deparser': start
[09:21:01.342] [bmv2] [T] [thread 108971] [14.0] [cxt 0] Skipping checksum 'cksum' update because condition not met
[09:21:01.342] [bmv2] [D] [thread 108971] [14.0] [cxt 0] Deparsing header 'ethernet'
[09:21:01.342] [bmv2] [D] [thread 108971] [14.0] [cxt 0] Deparser 'deparser': end
[09:21:01.342] [bmv2] [D] [thread 108971] [15.0] [cxt 0] Pipeline 'egress': start
[09:21:01.342] [bmv2] [D] [thread 108975] [14.0] [cxt 0] Transmitting packet of size 211 out of port 0
[09:21:01.342] [bmv2] [D] [thread 108971] [15.0] [cxt 0] Pipeline 'egress': end
[09:21:01.342] [bmv2] [D] [thread 108971] [15.0] [cxt 0] Deparser 'deparser': start
[09:21:01.342] [bmv2] [T] [thread 108971] [15.0] [cxt 0] Skipping checksum 'cksum' update because condition not met
[09:21:01.342] [bmv2] [D] [thread 108971] [15.0] [cxt 0] Deparsing header 'ethernet'
[09:21:01.342] [bmv2] [D] [thread 108971] [15.0] [cxt 0] Deparser 'deparser': end
[09:21:01.342] [bmv2] [D] [thread 108975] [15.0] [cxt 0] Transmitting packet of size 211 out of port 0
[09:21:01.350] [bmv2] [D] [thread 108970] [16.0] [cxt 0] Processing packet received on port 2
[09:21:01.350] [bmv2] [D] [thread 108970] [16.0] [cxt 0] Parser 'parser': start
[09:21:01.350] [bmv2] [D] [thread 108970] [16.0] [cxt 0] Parser 'parser' entering state 'start'
[09:21:01.350] [bmv2] [D] [thread 108970] [16.0] [cxt 0] Extracting header 'ethernet'
[09:21:01.350] [bmv2] [D] [thread 108970] [16.0] [cxt 0] Parser state 'start': key is 86dd
[09:21:01.350] [bmv2] [T] [thread 108970] [16.0] [cxt 0] Bytes parsed: 14
[09:21:01.350] [bmv2] [D] [thread 108970] [16.0] [cxt 0] Parser 'parser': end
[09:21:01.350] [bmv2] [D] [thread 108970] [16.0] [cxt 0] Pipeline 'ingress': start
[09:21:01.350] [bmv2] [T] [thread 108970] [16.0] [cxt 0] switch.p4(116) Condition "hdr.ipv4.isValid()" (node_2) is false
[09:21:01.350] [bmv2] [D] [thread 108970] [16.0] [cxt 0] Pipeline 'ingress': end
[09:21:01.350] [bmv2] [D] [thread 108970] [16.0] [cxt 0] Egress port is 0
[09:21:01.350] [bmv2] [D] [thread 108970] [17.0] [cxt 0] Processing packet received on port 2
[09:21:01.350] [bmv2] [D] [thread 108970] [17.0] [cxt 0] Parser 'parser': start
[09:21:01.350] [bmv2] [D] [thread 108970] [17.0] [cxt 0] Parser 'parser' entering state 'start'
[09:21:01.350] [bmv2] [D] [thread 108970] [17.0] [cxt 0] Extracting header 'ethernet'
[09:21:01.350] [bmv2] [D] [thread 108970] [17.0] [cxt 0] Parser state 'start': key is 86dd
[09:21:01.350] [bmv2] [T] [thread 108970] [17.0] [cxt 0] Bytes parsed: 14
[09:21:01.350] [bmv2] [D] [thread 108970] [17.0] [cxt 0] Parser 'parser': end
[09:21:01.350] [bmv2] [D] [thread 108970] [17.0] [cxt 0] Pipeline 'ingress': start
[09:21:01.350] [bmv2] [T] [thread 108970] [17.0] [cxt 0] switch.p4(116) Condition "hdr.ipv4.isValid()" (node_2) is false
[09:21:01.350] [bmv2] [D] [thread 108970] [17.0] [cxt 0] Pipeline 'ingress': end
[09:21:01.350] [bmv2] [D] [thread 108970] [17.0] [cxt 0] Egress port is 0
[09:21:01.350] [bmv2] [D] [thread 108971] [16.0] [cxt 0] Pipeline 'egress': start
[09:21:01.350] [bmv2] [D] [thread 108971] [16.0] [cxt 0] Pipeline 'egress': end
[09:21:01.350] [bmv2] [D] [thread 108971] [16.0] [cxt 0] Deparser 'deparser': start
[09:21:01.350] [bmv2] [T] [thread 108971] [16.0] [cxt 0] Skipping checksum 'cksum' update because condition not met
[09:21:01.350] [bmv2] [D] [thread 108971] [16.0] [cxt 0] Deparsing header 'ethernet'
[09:21:01.350] [bmv2] [D] [thread 108971] [16.0] [cxt 0] Deparser 'deparser': end
[09:21:01.350] [bmv2] [D] [thread 108971] [17.0] [cxt 0] Pipeline 'egress': start
[09:21:01.350] [bmv2] [D] [thread 108971] [17.0] [cxt 0] Pipeline 'egress': end
[09:21:01.350] [bmv2] [D] [thread 108971] [17.0] [cxt 0] Deparser 'deparser': start
[09:21:01.350] [bmv2] [T] [thread 108971] [17.0] [cxt 0] Skipping checksum 'cksum' update because condition not met
[09:21:01.350] [bmv2] [D] [thread 108971] [17.0] [cxt 0] Deparsing header 'ethernet'
[09:21:01.350] [bmv2] [D] [thread 108971] [17.0] [cxt 0] Deparser 'deparser': end
[09:21:01.350] [bmv2] [D] [thread 108975] [16.0] [cxt 0] Transmitting packet of size 203 out of port 0
[09:21:01.350] [bmv2] [D] [thread 108975] [17.0] [cxt 0] Transmitting packet of size 203 out of port 0
[09:21:01.488] [bmv2] [D] [thread 108970] [18.0] [cxt 0] Processing packet received on port 2
[09:21:01.488] [bmv2] [D] [thread 108970] [18.0] [cxt 0] Parser 'parser': start
[09:21:01.488] [bmv2] [D] [thread 108970] [18.0] [cxt 0] Parser 'parser' entering state 'start'
[09:21:01.488] [bmv2] [D] [thread 108970] [18.0] [cxt 0] Extracting header 'ethernet'
[09:21:01.488] [bmv2] [D] [thread 108970] [18.0] [cxt 0] Parser state 'start': key is 86dd
[09:21:01.488] [bmv2] [T] [thread 108970] [18.0] [cxt 0] Bytes parsed: 14
[09:21:01.488] [bmv2] [D] [thread 108970] [18.0] [cxt 0] Parser 'parser': end
[09:21:01.488] [bmv2] [D] [thread 108970] [18.0] [cxt 0] Pipeline 'ingress': start
[09:21:01.488] [bmv2] [T] [thread 108970] [18.0] [cxt 0] switch.p4(116) Condition "hdr.ipv4.isValid()" (node_2) is false
[09:21:01.488] [bmv2] [D] [thread 108970] [18.0] [cxt 0] Pipeline 'ingress': end
[09:21:01.488] [bmv2] [D] [thread 108970] [18.0] [cxt 0] Egress port is 0
[09:21:01.488] [bmv2] [D] [thread 108971] [18.0] [cxt 0] Pipeline 'egress': start
[09:21:01.488] [bmv2] [D] [thread 108971] [18.0] [cxt 0] Pipeline 'egress': end
[09:21:01.488] [bmv2] [D] [thread 108971] [18.0] [cxt 0] Deparser 'deparser': start
[09:21:01.488] [bmv2] [T] [thread 108971] [18.0] [cxt 0] Skipping checksum 'cksum' update because condition not met
[09:21:01.488] [bmv2] [D] [thread 108971] [18.0] [cxt 0] Deparsing header 'ethernet'
[09:21:01.488] [bmv2] [D] [thread 108971] [18.0] [cxt 0] Deparser 'deparser': end
[09:21:01.488] [bmv2] [D] [thread 108975] [18.0] [cxt 0] Transmitting packet of size 110 out of port 0
[09:21:01.540] [bmv2] [D] [thread 108970] [19.0] [cxt 0] Processing packet received on port 2
[09:21:01.540] [bmv2] [D] [thread 108970] [19.0] [cxt 0] Parser 'parser': start
[09:21:01.540] [bmv2] [D] [thread 108970] [19.0] [cxt 0] Parser 'parser' entering state 'start'
[09:21:01.540] [bmv2] [D] [thread 108970] [19.0] [cxt 0] Extracting header 'ethernet'
[09:21:01.540] [bmv2] [D] [thread 108970] [19.0] [cxt 0] Parser state 'start': key is 86dd
[09:21:01.540] [bmv2] [T] [thread 108970] [19.0] [cxt 0] Bytes parsed: 14
[09:21:01.540] [bmv2] [D] [thread 108970] [19.0] [cxt 0] Parser 'parser': end
[09:21:01.540] [bmv2] [D] [thread 108970] [19.0] [cxt 0] Pipeline 'ingress': start
[09:21:01.540] [bmv2] [T] [thread 108970] [19.0] [cxt 0] switch.p4(116) Condition "hdr.ipv4.isValid()" (node_2) is false
[09:21:01.540] [bmv2] [D] [thread 108970] [19.0] [cxt 0] Pipeline 'ingress': end
[09:21:01.540] [bmv2] [D] [thread 108970] [19.0] [cxt 0] Egress port is 0
[09:21:01.540] [bmv2] [D] [thread 108971] [19.0] [cxt 0] Pipeline 'egress': start
[09:21:01.540] [bmv2] [D] [thread 108971] [19.0] [cxt 0] Pipeline 'egress': end
[09:21:01.540] [bmv2] [D] [thread 108971] [19.0] [cxt 0] Deparser 'deparser': start
[09:21:01.540] [bmv2] [T] [thread 108971] [19.0] [cxt 0] Skipping checksum 'cksum' update because condition not met
[09:21:01.540] [bmv2] [D] [thread 108971] [19.0] [cxt 0] Deparsing header 'ethernet'
[09:21:01.540] [bmv2] [D] [thread 108971] [19.0] [cxt 0] Deparser 'deparser': end
[09:21:01.540] [bmv2] [D] [thread 108975] [19.0] [cxt 0] Transmitting packet of size 110 out of port 0
[09:21:01.540] [bmv2] [D] [thread 108970] [20.0] [cxt 0] Processing packet received on port 1
[09:21:01.540] [bmv2] [D] [thread 108970] [20.0] [cxt 0] Parser 'parser': start
[09:21:01.540] [bmv2] [D] [thread 108970] [20.0] [cxt 0] Parser 'parser' entering state 'start'
[09:21:01.540] [bmv2] [D] [thread 108970] [20.0] [cxt 0] Extracting header 'ethernet'
[09:21:01.540] [bmv2] [D] [thread 108970] [20.0] [cxt 0] Parser state 'start': key is 86dd
[09:21:01.540] [bmv2] [T] [thread 108970] [20.0] [cxt 0] Bytes parsed: 14
[09:21:01.540] [bmv2] [D] [thread 108970] [20.0] [cxt 0] Parser 'parser': end
[09:21:01.540] [bmv2] [D] [thread 108970] [20.0] [cxt 0] Pipeline 'ingress': start
[09:21:01.540] [bmv2] [T] [thread 108970] [20.0] [cxt 0] switch.p4(116) Condition "hdr.ipv4.isValid()" (node_2) is false
[09:21:01.540] [bmv2] [D] [thread 108970] [20.0] [cxt 0] Pipeline 'ingress': end
[09:21:01.540] [bmv2] [D] [thread 108970] [20.0] [cxt 0] Egress port is 0
[09:21:01.540] [bmv2] [D] [thread 108971] [20.0] [cxt 0] Pipeline 'egress': start
[09:21:01.540] [bmv2] [D] [thread 108971] [20.0] [cxt 0] Pipeline 'egress': end
[09:21:01.540] [bmv2] [D] [thread 108971] [20.0] [cxt 0] Deparser 'deparser': start
[09:21:01.540] [bmv2] [T] [thread 108971] [20.0] [cxt 0] Skipping checksum 'cksum' update because condition not met
[09:21:01.540] [bmv2] [D] [thread 108971] [20.0] [cxt 0] Deparsing header 'ethernet'
[09:21:01.540] [bmv2] [D] [thread 108971] [20.0] [cxt 0] Deparser 'deparser': end
[09:21:01.540] [bmv2] [D] [thread 108975] [20.0] [cxt 0] Transmitting packet of size 199 out of port 0
[09:21:01.603] [bmv2] [D] [thread 108970] [21.0] [cxt 0] Processing packet received on port 2
[09:21:01.603] [bmv2] [D] [thread 108970] [21.0] [cxt 0] Parser 'parser': start
[09:21:01.603] [bmv2] [D] [thread 108970] [21.0] [cxt 0] Parser 'parser' entering state 'start'
[09:21:01.603] [bmv2] [D] [thread 108970] [21.0] [cxt 0] Extracting header 'ethernet'
[09:21:01.603] [bmv2] [D] [thread 108970] [21.0] [cxt 0] Parser state 'start': key is 86dd
[09:21:01.603] [bmv2] [T] [thread 108970] [21.0] [cxt 0] Bytes parsed: 14
[09:21:01.603] [bmv2] [D] [thread 108970] [21.0] [cxt 0] Parser 'parser': end
[09:21:01.603] [bmv2] [D] [thread 108970] [21.0] [cxt 0] Pipeline 'ingress': start
[09:21:01.603] [bmv2] [T] [thread 108970] [21.0] [cxt 0] switch.p4(116) Condition "hdr.ipv4.isValid()" (node_2) is false
[09:21:01.603] [bmv2] [D] [thread 108970] [21.0] [cxt 0] Pipeline 'ingress': end
[09:21:01.603] [bmv2] [D] [thread 108970] [21.0] [cxt 0] Egress port is 0
[09:21:01.608] [bmv2] [D] [thread 108971] [21.0] [cxt 0] Pipeline 'egress': start
[09:21:01.608] [bmv2] [D] [thread 108971] [21.0] [cxt 0] Pipeline 'egress': end
[09:21:01.608] [bmv2] [D] [thread 108971] [21.0] [cxt 0] Deparser 'deparser': start
[09:21:01.608] [bmv2] [T] [thread 108971] [21.0] [cxt 0] Skipping checksum 'cksum' update because condition not met
[09:21:01.608] [bmv2] [D] [thread 108971] [21.0] [cxt 0] Deparsing header 'ethernet'
[09:21:01.608] [bmv2] [D] [thread 108971] [21.0] [cxt 0] Deparser 'deparser': end
[09:21:01.608] [bmv2] [D] [thread 108975] [21.0] [cxt 0] Transmitting packet of size 211 out of port 0
[09:21:01.608] [bmv2] [D] [thread 108970] [22.0] [cxt 0] Processing packet received on port 2
[09:21:01.608] [bmv2] [D] [thread 108970] [22.0] [cxt 0] Parser 'parser': start
[09:21:01.608] [bmv2] [D] [thread 108970] [22.0] [cxt 0] Parser 'parser' entering state 'start'
[09:21:01.608] [bmv2] [D] [thread 108970] [22.0] [cxt 0] Extracting header 'ethernet'
[09:21:01.608] [bmv2] [D] [thread 108970] [22.0] [cxt 0] Parser state 'start': key is 86dd
[09:21:01.608] [bmv2] [T] [thread 108970] [22.0] [cxt 0] Bytes parsed: 14
[09:21:01.608] [bmv2] [D] [thread 108970] [22.0] [cxt 0] Parser 'parser': end
[09:21:01.608] [bmv2] [D] [thread 108970] [22.0] [cxt 0] Pipeline 'ingress': start
[09:21:01.608] [bmv2] [T] [thread 108970] [22.0] [cxt 0] switch.p4(116) Condition "hdr.ipv4.isValid()" (node_2) is false
[09:21:01.608] [bmv2] [D] [thread 108970] [22.0] [cxt 0] Pipeline 'ingress': end
[09:21:01.608] [bmv2] [D] [thread 108970] [22.0] [cxt 0] Egress port is 0
[09:21:01.608] [bmv2] [D] [thread 108971] [22.0] [cxt 0] Pipeline 'egress': start
[09:21:01.608] [bmv2] [D] [thread 108971] [22.0] [cxt 0] Pipeline 'egress': end
[09:21:01.608] [bmv2] [D] [thread 108971] [22.0] [cxt 0] Deparser 'deparser': start
[09:21:01.608] [bmv2] [T] [thread 108971] [22.0] [cxt 0] Skipping checksum 'cksum' update because condition not met
[09:21:01.610] [bmv2] [D] [thread 108971] [22.0] [cxt 0] Deparsing header 'ethernet'
[09:21:01.610] [bmv2] [D] [thread 108971] [22.0] [cxt 0] Deparser 'deparser': end
[09:21:01.610] [bmv2] [D] [thread 108975] [22.0] [cxt 0] Transmitting packet of size 211 out of port 0
[09:21:01.634] [bmv2] [D] [thread 108970] [23.0] [cxt 0] Processing packet received on port 1
[09:21:01.634] [bmv2] [D] [thread 108970] [23.0] [cxt 0] Parser 'parser': start
[09:21:01.634] [bmv2] [D] [thread 108970] [23.0] [cxt 0] Parser 'parser' entering state 'start'
[09:21:01.634] [bmv2] [D] [thread 108970] [23.0] [cxt 0] Extracting header 'ethernet'
[09:21:01.634] [bmv2] [D] [thread 108970] [23.0] [cxt 0] Parser state 'start': key is 86dd
[09:21:01.634] [bmv2] [T] [thread 108970] [23.0] [cxt 0] Bytes parsed: 14
[09:21:01.634] [bmv2] [D] [thread 108970] [23.0] [cxt 0] Parser 'parser': end
[09:21:01.634] [bmv2] [D] [thread 108970] [23.0] [cxt 0] Pipeline 'ingress': start
[09:21:01.634] [bmv2] [T] [thread 108970] [23.0] [cxt 0] switch.p4(116) Condition "hdr.ipv4.isValid()" (node_2) is false
[09:21:01.634] [bmv2] [D] [thread 108970] [23.0] [cxt 0] Pipeline 'ingress': end
[09:21:01.634] [bmv2] [D] [thread 108970] [23.0] [cxt 0] Egress port is 0
[09:21:01.634] [bmv2] [D] [thread 108971] [23.0] [cxt 0] Pipeline 'egress': start
[09:21:01.634] [bmv2] [D] [thread 108971] [23.0] [cxt 0] Pipeline 'egress': end
[09:21:01.634] [bmv2] [D] [thread 108971] [23.0] [cxt 0] Deparser 'deparser': start
[09:21:01.634] [bmv2] [T] [thread 108971] [23.0] [cxt 0] Skipping checksum 'cksum' update because condition not met
[09:21:01.634] [bmv2] [D] [thread 108971] [23.0] [cxt 0] Deparsing header 'ethernet'
[09:21:01.634] [bmv2] [D] [thread 108971] [23.0] [cxt 0] Deparser 'deparser': end
[09:21:01.634] [bmv2] [D] [thread 108975] [23.0] [cxt 0] Transmitting packet of size 90 out of port 0
[09:21:01.729] [bmv2] [D] [thread 108970] [24.0] [cxt 0] Processing packet received on port 2
[09:21:01.729] [bmv2] [D] [thread 108970] [24.0] [cxt 0] Parser 'parser': start
[09:21:01.729] [bmv2] [D] [thread 108970] [24.0] [cxt 0] Parser 'parser' entering state 'start'
[09:21:01.729] [bmv2] [D] [thread 108970] [24.0] [cxt 0] Extracting header 'ethernet'
[09:21:01.729] [bmv2] [D] [thread 108970] [24.0] [cxt 0] Parser state 'start': key is 86dd
[09:21:01.729] [bmv2] [T] [thread 108970] [24.0] [cxt 0] Bytes parsed: 14
[09:21:01.729] [bmv2] [D] [thread 108970] [24.0] [cxt 0] Parser 'parser': end
[09:21:01.729] [bmv2] [D] [thread 108970] [24.0] [cxt 0] Pipeline 'ingress': start
[09:21:01.729] [bmv2] [T] [thread 108970] [24.0] [cxt 0] switch.p4(116) Condition "hdr.ipv4.isValid()" (node_2) is false
[09:21:01.729] [bmv2] [D] [thread 108970] [24.0] [cxt 0] Pipeline 'ingress': end
[09:21:01.729] [bmv2] [D] [thread 108970] [24.0] [cxt 0] Egress port is 0
[09:21:01.729] [bmv2] [D] [thread 108971] [24.0] [cxt 0] Pipeline 'egress': start
[09:21:01.729] [bmv2] [D] [thread 108971] [24.0] [cxt 0] Pipeline 'egress': end
[09:21:01.729] [bmv2] [D] [thread 108971] [24.0] [cxt 0] Deparser 'deparser': start
[09:21:01.729] [bmv2] [T] [thread 108971] [24.0] [cxt 0] Skipping checksum 'cksum' update because condition not met
[09:21:01.729] [bmv2] [D] [thread 108971] [24.0] [cxt 0] Deparsing header 'ethernet'
[09:21:01.729] [bmv2] [D] [thread 108971] [24.0] [cxt 0] Deparser 'deparser': end
[09:21:01.729] [bmv2] [D] [thread 108975] [24.0] [cxt 0] Transmitting packet of size 90 out of port 0
[09:21:01.827] [bmv2] [D] [thread 108970] [25.0] [cxt 0] Processing packet received on port 1
[09:21:01.828] [bmv2] [D] [thread 108970] [25.0] [cxt 0] Parser 'parser': start
[09:21:01.828] [bmv2] [D] [thread 108970] [25.0] [cxt 0] Parser 'parser' entering state 'start'
[09:21:01.828] [bmv2] [D] [thread 108970] [25.0] [cxt 0] Extracting header 'ethernet'
[09:21:01.828] [bmv2] [D] [thread 108970] [25.0] [cxt 0] Parser state 'start': key is 86dd
[09:21:01.828] [bmv2] [T] [thread 108970] [25.0] [cxt 0] Bytes parsed: 14
[09:21:01.828] [bmv2] [D] [thread 108970] [25.0] [cxt 0] Parser 'parser': end
[09:21:01.828] [bmv2] [D] [thread 108970] [25.0] [cxt 0] Pipeline 'ingress': start
[09:21:01.828] [bmv2] [T] [thread 108970] [25.0] [cxt 0] switch.p4(116) Condition "hdr.ipv4.isValid()" (node_2) is false
[09:21:01.828] [bmv2] [D] [thread 108970] [25.0] [cxt 0] Pipeline 'ingress': end
[09:21:01.828] [bmv2] [D] [thread 108970] [25.0] [cxt 0] Egress port is 0
[09:21:01.828] [bmv2] [D] [thread 108971] [25.0] [cxt 0] Pipeline 'egress': start
[09:21:01.828] [bmv2] [D] [thread 108971] [25.0] [cxt 0] Pipeline 'egress': end
[09:21:01.828] [bmv2] [D] [thread 108971] [25.0] [cxt 0] Deparser 'deparser': start
[09:21:01.828] [bmv2] [T] [thread 108971] [25.0] [cxt 0] Skipping checksum 'cksum' update because condition not met
[09:21:01.828] [bmv2] [D] [thread 108971] [25.0] [cxt 0] Deparsing header 'ethernet'
[09:21:01.828] [bmv2] [D] [thread 108971] [25.0] [cxt 0] Deparser 'deparser': end
[09:21:01.828] [bmv2] [D] [thread 108975] [25.0] [cxt 0] Transmitting packet of size 203 out of port 0
[09:21:01.849] [bmv2] [D] [thread 108970] [26.0] [cxt 0] Processing packet received on port 2
[09:21:01.849] [bmv2] [D] [thread 108970] [26.0] [cxt 0] Parser 'parser': start
[09:21:01.849] [bmv2] [D] [thread 108970] [26.0] [cxt 0] Parser 'parser' entering state 'start'
[09:21:01.849] [bmv2] [D] [thread 108970] [26.0] [cxt 0] Extracting header 'ethernet'
[09:21:01.849] [bmv2] [D] [thread 108970] [26.0] [cxt 0] Parser state 'start': key is 86dd
[09:21:01.849] [bmv2] [T] [thread 108970] [26.0] [cxt 0] Bytes parsed: 14
[09:21:01.849] [bmv2] [D] [thread 108970] [26.0] [cxt 0] Parser 'parser': end
[09:21:01.849] [bmv2] [D] [thread 108970] [26.0] [cxt 0] Pipeline 'ingress': start
[09:21:01.849] [bmv2] [T] [thread 108970] [26.0] [cxt 0] switch.p4(116) Condition "hdr.ipv4.isValid()" (node_2) is false
[09:21:01.849] [bmv2] [D] [thread 108970] [26.0] [cxt 0] Pipeline 'ingress': end
[09:21:01.849] [bmv2] [D] [thread 108970] [26.0] [cxt 0] Egress port is 0
[09:21:01.849] [bmv2] [D] [thread 108971] [26.0] [cxt 0] Pipeline 'egress': start
[09:21:01.849] [bmv2] [D] [thread 108971] [26.0] [cxt 0] Pipeline 'egress': end
[09:21:01.849] [bmv2] [D] [thread 108971] [26.0] [cxt 0] Deparser 'deparser': start
[09:21:01.849] [bmv2] [T] [thread 108971] [26.0] [cxt 0] Skipping checksum 'cksum' update because condition not met
[09:21:01.849] [bmv2] [D] [thread 108971] [26.0] [cxt 0] Deparsing header 'ethernet'
[09:21:01.849] [bmv2] [D] [thread 108971] [26.0] [cxt 0] Deparser 'deparser': end
[09:21:01.849] [bmv2] [D] [thread 108975] [26.0] [cxt 0] Transmitting packet of size 211 out of port 0
[09:21:01.849] [bmv2] [D] [thread 108970] [27.0] [cxt 0] Processing packet received on port 2
[09:21:01.849] [bmv2] [D] [thread 108970] [27.0] [cxt 0] Parser 'parser': start
[09:21:01.849] [bmv2] [D] [thread 108970] [27.0] [cxt 0] Parser 'parser' entering state 'start'
[09:21:01.849] [bmv2] [D] [thread 108970] [27.0] [cxt 0] Extracting header 'ethernet'
[09:21:01.849] [bmv2] [D] [thread 108970] [27.0] [cxt 0] Parser state 'start': key is 86dd
[09:21:01.849] [bmv2] [T] [thread 108970] [27.0] [cxt 0] Bytes parsed: 14
[09:21:01.849] [bmv2] [D] [thread 108970] [27.0] [cxt 0] Parser 'parser': end
[09:21:01.849] [bmv2] [D] [thread 108970] [27.0] [cxt 0] Pipeline 'ingress': start
[09:21:01.849] [bmv2] [T] [thread 108970] [27.0] [cxt 0] switch.p4(116) Condition "hdr.ipv4.isValid()" (node_2) is false
[09:21:01.849] [bmv2] [D] [thread 108970] [27.0] [cxt 0] Pipeline 'ingress': end
[09:21:01.849] [bmv2] [D] [thread 108970] [27.0] [cxt 0] Egress port is 0
[09:21:01.849] [bmv2] [D] [thread 108971] [27.0] [cxt 0] Pipeline 'egress': start
[09:21:01.850] [bmv2] [D] [thread 108971] [27.0] [cxt 0] Pipeline 'egress': end
[09:21:01.850] [bmv2] [D] [thread 108971] [27.0] [cxt 0] Deparser 'deparser': start
[09:21:01.850] [bmv2] [T] [thread 108971] [27.0] [cxt 0] Skipping checksum 'cksum' update because condition not met
[09:21:01.850] [bmv2] [D] [thread 108971] [27.0] [cxt 0] Deparsing header 'ethernet'
[09:21:01.850] [bmv2] [D] [thread 108971] [27.0] [cxt 0] Deparser 'deparser': end
[09:21:01.850] [bmv2] [D] [thread 108975] [27.0] [cxt 0] Transmitting packet of size 211 out of port 0
[09:21:02.047] [bmv2] [D] [thread 108970] [28.0] [cxt 0] Processing packet received on port 2
[09:21:02.047] [bmv2] [D] [thread 108970] [28.0] [cxt 0] Parser 'parser': start
[09:21:02.047] [bmv2] [D] [thread 108970] [28.0] [cxt 0] Parser 'parser' entering state 'start'
[09:21:02.047] [bmv2] [D] [thread 108970] [28.0] [cxt 0] Extracting header 'ethernet'
[09:21:02.047] [bmv2] [D] [thread 108970] [28.0] [cxt 0] Parser state 'start': key is 86dd
[09:21:02.047] [bmv2] [T] [thread 108970] [28.0] [cxt 0] Bytes parsed: 14
[09:21:02.047] [bmv2] [D] [thread 108970] [28.0] [cxt 0] Parser 'parser': end
[09:21:02.047] [bmv2] [D] [thread 108970] [28.0] [cxt 0] Pipeline 'ingress': start
[09:21:02.047] [bmv2] [T] [thread 108970] [28.0] [cxt 0] switch.p4(116) Condition "hdr.ipv4.isValid()" (node_2) is false
[09:21:02.047] [bmv2] [D] [thread 108970] [28.0] [cxt 0] Pipeline 'ingress': end
[09:21:02.048] [bmv2] [D] [thread 108970] [28.0] [cxt 0] Egress port is 0
[09:21:02.048] [bmv2] [D] [thread 108970] [29.0] [cxt 0] Processing packet received on port 2
[09:21:02.048] [bmv2] [D] [thread 108970] [29.0] [cxt 0] Parser 'parser': start
[09:21:02.048] [bmv2] [D] [thread 108970] [29.0] [cxt 0] Parser 'parser' entering state 'start'
[09:21:02.048] [bmv2] [D] [thread 108970] [29.0] [cxt 0] Extracting header 'ethernet'
[09:21:02.048] [bmv2] [D] [thread 108970] [29.0] [cxt 0] Parser state 'start': key is 86dd
[09:21:02.048] [bmv2] [T] [thread 108970] [29.0] [cxt 0] Bytes parsed: 14
[09:21:02.048] [bmv2] [D] [thread 108970] [29.0] [cxt 0] Parser 'parser': end
[09:21:02.048] [bmv2] [D] [thread 108970] [29.0] [cxt 0] Pipeline 'ingress': start
[09:21:02.048] [bmv2] [T] [thread 108970] [29.0] [cxt 0] switch.p4(116) Condition "hdr.ipv4.isValid()" (node_2) is false
[09:21:02.048] [bmv2] [D] [thread 108970] [29.0] [cxt 0] Pipeline 'ingress': end
[09:21:02.048] [bmv2] [D] [thread 108970] [29.0] [cxt 0] Egress port is 0
[09:21:02.048] [bmv2] [D] [thread 108971] [28.0] [cxt 0] Pipeline 'egress': start
[09:21:02.048] [bmv2] [D] [thread 108971] [28.0] [cxt 0] Pipeline 'egress': end
[09:21:02.048] [bmv2] [D] [thread 108971] [28.0] [cxt 0] Deparser 'deparser': start
[09:21:02.048] [bmv2] [T] [thread 108971] [28.0] [cxt 0] Skipping checksum 'cksum' update because condition not met
[09:21:02.048] [bmv2] [D] [thread 108971] [28.0] [cxt 0] Deparsing header 'ethernet'
[09:21:02.048] [bmv2] [D] [thread 108971] [28.0] [cxt 0] Deparser 'deparser': end
[09:21:02.048] [bmv2] [D] [thread 108975] [28.0] [cxt 0] Transmitting packet of size 199 out of port 0
[09:21:02.048] [bmv2] [D] [thread 108971] [29.0] [cxt 0] Pipeline 'egress': start
[09:21:02.048] [bmv2] [D] [thread 108971] [29.0] [cxt 0] Pipeline 'egress': end
[09:21:02.048] [bmv2] [D] [thread 108971] [29.0] [cxt 0] Deparser 'deparser': start
[09:21:02.048] [bmv2] [T] [thread 108971] [29.0] [cxt 0] Skipping checksum 'cksum' update because condition not met
[09:21:02.048] [bmv2] [D] [thread 108971] [29.0] [cxt 0] Deparsing header 'ethernet'
[09:21:02.048] [bmv2] [D] [thread 108971] [29.0] [cxt 0] Deparser 'deparser': end
[09:21:02.048] [bmv2] [D] [thread 108975] [29.0] [cxt 0] Transmitting packet of size 199 out of port 0
[09:21:02.076] [bmv2] [W] [thread 109005] [P4Runtime] p4::tmp::P4DeviceConfig is deprecated
[09:21:02.076] [bmv2] [D] [thread 108970] [30.0] [cxt 0] Processing packet received on port 2
[09:21:02.076] [bmv2] [D] [thread 108970] [30.0] [cxt 0] Parser 'parser': start
[09:21:02.076] [bmv2] [D] [thread 108970] [30.0] [cxt 0] Parser 'parser' entering state 'start'
[09:21:02.076] [bmv2] [D] [thread 108970] [30.0] [cxt 0] Extracting header 'ethernet'
[09:21:02.076] [bmv2] [D] [thread 108970] [30.0] [cxt 0] Parser state 'start': key is 86dd
[09:21:02.076] [bmv2] [T] [thread 108970] [30.0] [cxt 0] Bytes parsed: 14
[09:21:02.076] [bmv2] [D] [thread 108970] [30.0] [cxt 0] Parser 'parser': end
[09:21:02.076] [bmv2] [D] [thread 108970] [30.0] [cxt 0] Pipeline 'ingress': start
[09:21:02.076] [bmv2] [T] [thread 108970] [30.0] [cxt 0] switch.p4(116) Condition "hdr.ipv4.isValid()" (node_2) is false
[09:21:02.076] [bmv2] [D] [thread 108970] [30.0] [cxt 0] Pipeline 'ingress': end
[09:21:02.076] [bmv2] [D] [thread 108970] [30.0] [cxt 0] Egress port is 0
[09:21:02.076] [bmv2] [D] [thread 108971] [30.0] [cxt 0] Pipeline 'egress': start
[09:21:02.076] [bmv2] [D] [thread 108971] [30.0] [cxt 0] Pipeline 'egress': end
[09:21:02.076] [bmv2] [D] [thread 108971] [30.0] [cxt 0] Deparser 'deparser': start
[09:21:02.076] [bmv2] [T] [thread 108971] [30.0] [cxt 0] Skipping checksum 'cksum' update because condition not met
[09:21:02.076] [bmv2] [D] [thread 108971] [30.0] [cxt 0] Deparsing header 'ethernet'
[09:21:02.076] [bmv2] [D] [thread 108971] [30.0] [cxt 0] Deparser 'deparser': end
[09:21:02.076] [bmv2] [D] [thread 108975] [30.0] [cxt 0] Transmitting packet of size 90 out of port 0
[09:21:02.076] [bmv2] [D] [thread 109005] Set default default entry for table 'MyIngress.ipv4_lpm': MyIngress.drop - 
[09:21:02.076] [bmv2] [D] [thread 109005] simple_switch target has been notified of a config swap
[09:21:02.080] [bmv2] [D] [thread 109005] Set default entry for table 'MyIngress.ipv4_lpm': MyIngress.drop - 
[09:21:02.080] [bmv2] [D] [thread 109007] Entry 0 added to table 'MyIngress.ipv4_lpm'
[09:21:02.080] [bmv2] [D] [thread 109007] Dumping entry 0
Match key:
* hdr.ipv4.dstAddr    : LPM       0a000101/32
Action entry: MyIngress.ipv4_forward - 80000000200,2,

[09:21:02.080] [bmv2] [D] [thread 109005] Entry 1 added to table 'MyIngress.ipv4_lpm'
[09:21:02.080] [bmv2] [D] [thread 109005] Dumping entry 1
Match key:
* hdr.ipv4.dstAddr    : LPM       0a000202/32
Action entry: MyIngress.ipv4_forward - 80000000222,1,

[09:21:02.392] [bmv2] [D] [thread 108970] [31.0] [cxt 0] Processing packet received on port 2
[09:21:02.392] [bmv2] [D] [thread 108970] [31.0] [cxt 0] Parser 'parser': start
[09:21:02.392] [bmv2] [D] [thread 108970] [31.0] [cxt 0] Parser 'parser' entering state 'start'
[09:21:02.392] [bmv2] [D] [thread 108970] [31.0] [cxt 0] Extracting header 'ethernet'
[09:21:02.392] [bmv2] [D] [thread 108970] [31.0] [cxt 0] Parser state 'start': key is 86dd
[09:21:02.392] [bmv2] [T] [thread 108970] [31.0] [cxt 0] Bytes parsed: 14
[09:21:02.392] [bmv2] [D] [thread 108970] [31.0] [cxt 0] Parser 'parser': end
[09:21:02.392] [bmv2] [D] [thread 108970] [31.0] [cxt 0] Pipeline 'ingress': start
[09:21:02.392] [bmv2] [T] [thread 108970] [31.0] [cxt 0] switch.p4(116) Condition "hdr.ipv4.isValid()" (node_2) is false
[09:21:02.392] [bmv2] [D] [thread 108970] [31.0] [cxt 0] Pipeline 'ingress': end
[09:21:02.392] [bmv2] [D] [thread 108970] [31.0] [cxt 0] Egress port is 0
[09:21:02.392] [bmv2] [D] [thread 108970] [32.0] [cxt 0] Processing packet received on port 2
[09:21:02.396] [bmv2] [D] [thread 108970] [32.0] [cxt 0] Parser 'parser': start
[09:21:02.397] [bmv2] [D] [thread 108970] [32.0] [cxt 0] Parser 'parser' entering state 'start'
[09:21:02.397] [bmv2] [D] [thread 108970] [32.0] [cxt 0] Extracting header 'ethernet'
[09:21:02.397] [bmv2] [D] [thread 108970] [32.0] [cxt 0] Parser state 'start': key is 86dd
[09:21:02.397] [bmv2] [T] [thread 108970] [32.0] [cxt 0] Bytes parsed: 14
[09:21:02.397] [bmv2] [D] [thread 108970] [32.0] [cxt 0] Parser 'parser': end
[09:21:02.397] [bmv2] [D] [thread 108970] [32.0] [cxt 0] Pipeline 'ingress': start
[09:21:02.397] [bmv2] [T] [thread 108970] [32.0] [cxt 0] switch.p4(116) Condition "hdr.ipv4.isValid()" (node_2) is false
[09:21:02.397] [bmv2] [D] [thread 108970] [32.0] [cxt 0] Pipeline 'ingress': end
[09:21:02.397] [bmv2] [D] [thread 108970] [32.0] [cxt 0] Egress port is 0
[09:21:02.396] [bmv2] [D] [thread 108971] [31.0] [cxt 0] Pipeline 'egress': start
[09:21:02.397] [bmv2] [D] [thread 108971] [31.0] [cxt 0] Pipeline 'egress': end
[09:21:02.397] [bmv2] [D] [thread 108971] [31.0] [cxt 0] Deparser 'deparser': start
[09:21:02.397] [bmv2] [T] [thread 108971] [31.0] [cxt 0] Skipping checksum 'cksum' update because condition not met
[09:21:02.397] [bmv2] [D] [thread 108971] [31.0] [cxt 0] Deparsing header 'ethernet'
[09:21:02.397] [bmv2] [D] [thread 108971] [31.0] [cxt 0] Deparser 'deparser': end
[09:21:02.398] [bmv2] [D] [thread 108975] [31.0] [cxt 0] Transmitting packet of size 203 out of port 0
[09:21:02.398] [bmv2] [D] [thread 108971] [32.0] [cxt 0] Pipeline 'egress': start
[09:21:02.398] [bmv2] [D] [thread 108971] [32.0] [cxt 0] Pipeline 'egress': end
[09:21:02.398] [bmv2] [D] [thread 108971] [32.0] [cxt 0] Deparser 'deparser': start
[09:21:02.398] [bmv2] [T] [thread 108971] [32.0] [cxt 0] Skipping checksum 'cksum' update because condition not met
[09:21:02.398] [bmv2] [D] [thread 108971] [32.0] [cxt 0] Deparsing header 'ethernet'
[09:21:02.398] [bmv2] [D] [thread 108971] [32.0] [cxt 0] Deparser 'deparser': end
[09:21:02.398] [bmv2] [D] [thread 108975] [32.0] [cxt 0] Transmitting packet of size 203 out of port 0
[09:21:02.580] [bmv2] [D] [thread 108970] [33.0] [cxt 0] Processing packet received on port 1
[09:21:02.580] [bmv2] [D] [thread 108970] [33.0] [cxt 0] Parser 'parser': start
[09:21:02.580] [bmv2] [D] [thread 108970] [33.0] [cxt 0] Parser 'parser' entering state 'start'
[09:21:02.580] [bmv2] [D] [thread 108970] [33.0] [cxt 0] Extracting header 'ethernet'
[09:21:02.580] [bmv2] [D] [thread 108970] [33.0] [cxt 0] Parser state 'start': key is 86dd
[09:21:02.580] [bmv2] [T] [thread 108970] [33.0] [cxt 0] Bytes parsed: 14
[09:21:02.580] [bmv2] [D] [thread 108970] [33.0] [cxt 0] Parser 'parser': end
[09:21:02.580] [bmv2] [D] [thread 108970] [33.0] [cxt 0] Pipeline 'ingress': start
[09:21:02.580] [bmv2] [T] [thread 108970] [33.0] [cxt 0] switch.p4(116) Condition "hdr.ipv4.isValid()" (node_2) is false
[09:21:02.582] [bmv2] [D] [thread 108970] [33.0] [cxt 0] Pipeline 'ingress': end
[09:21:02.582] [bmv2] [D] [thread 108970] [33.0] [cxt 0] Egress port is 0
[09:21:02.582] [bmv2] [D] [thread 108971] [33.0] [cxt 0] Pipeline 'egress': start
[09:21:02.582] [bmv2] [D] [thread 108971] [33.0] [cxt 0] Pipeline 'egress': end
[09:21:02.582] [bmv2] [D] [thread 108971] [33.0] [cxt 0] Deparser 'deparser': start
[09:21:02.582] [bmv2] [T] [thread 108971] [33.0] [cxt 0] Skipping checksum 'cksum' update because condition not met
[09:21:02.582] [bmv2] [D] [thread 108971] [33.0] [cxt 0] Deparsing header 'ethernet'
[09:21:02.582] [bmv2] [D] [thread 108971] [33.0] [cxt 0] Deparser 'deparser': end
[09:21:02.582] [bmv2] [D] [thread 108975] [33.0] [cxt 0] Transmitting packet of size 199 out of port 0
[09:21:03.086] [bmv2] [D] [thread 108970] [34.0] [cxt 0] Processing packet received on port 2
[09:21:03.086] [bmv2] [D] [thread 108970] [34.0] [cxt 0] Parser 'parser': start
[09:21:03.086] [bmv2] [D] [thread 108970] [34.0] [cxt 0] Parser 'parser' entering state 'start'
[09:21:03.086] [bmv2] [D] [thread 108970] [34.0] [cxt 0] Extracting header 'ethernet'
[09:21:03.086] [bmv2] [D] [thread 108970] [34.0] [cxt 0] Parser state 'start': key is 86dd
[09:21:03.086] [bmv2] [T] [thread 108970] [34.0] [cxt 0] Bytes parsed: 14
[09:21:03.086] [bmv2] [D] [thread 108970] [34.0] [cxt 0] Parser 'parser': end
[09:21:03.086] [bmv2] [D] [thread 108970] [34.0] [cxt 0] Pipeline 'ingress': start
[09:21:03.086] [bmv2] [T] [thread 108970] [34.0] [cxt 0] switch.p4(116) Condition "hdr.ipv4.isValid()" (node_2) is false
[09:21:03.086] [bmv2] [D] [thread 108970] [34.0] [cxt 0] Pipeline 'ingress': end
[09:21:03.086] [bmv2] [D] [thread 108970] [34.0] [cxt 0] Egress port is 0
[09:21:03.086] [bmv2] [D] [thread 108970] [35.0] [cxt 0] Processing packet received on port 2
[09:21:03.086] [bmv2] [D] [thread 108970] [35.0] [cxt 0] Parser 'parser': start
[09:21:03.086] [bmv2] [D] [thread 108970] [35.0] [cxt 0] Parser 'parser' entering state 'start'
[09:21:03.086] [bmv2] [D] [thread 108970] [35.0] [cxt 0] Extracting header 'ethernet'
[09:21:03.086] [bmv2] [D] [thread 108970] [35.0] [cxt 0] Parser state 'start': key is 86dd
[09:21:03.086] [bmv2] [T] [thread 108970] [35.0] [cxt 0] Bytes parsed: 14
[09:21:03.086] [bmv2] [D] [thread 108971] [34.0] [cxt 0] Pipeline 'egress': start
[09:21:03.086] [bmv2] [D] [thread 108971] [34.0] [cxt 0] Pipeline 'egress': end
[09:21:03.086] [bmv2] [D] [thread 108971] [34.0] [cxt 0] Deparser 'deparser': start
[09:21:03.086] [bmv2] [T] [thread 108971] [34.0] [cxt 0] Skipping checksum 'cksum' update because condition not met
[09:21:03.086] [bmv2] [D] [thread 108971] [34.0] [cxt 0] Deparsing header 'ethernet'
[09:21:03.086] [bmv2] [D] [thread 108971] [34.0] [cxt 0] Deparser 'deparser': end
[09:21:03.086] [bmv2] [D] [thread 108970] [35.0] [cxt 0] Parser 'parser': end
[09:21:03.086] [bmv2] [D] [thread 108970] [35.0] [cxt 0] Pipeline 'ingress': start
[09:21:03.086] [bmv2] [T] [thread 108970] [35.0] [cxt 0] switch.p4(116) Condition "hdr.ipv4.isValid()" (node_2) is false
[09:21:03.086] [bmv2] [D] [thread 108970] [35.0] [cxt 0] Pipeline 'ingress': end
[09:21:03.086] [bmv2] [D] [thread 108970] [35.0] [cxt 0] Egress port is 0
[09:21:03.086] [bmv2] [D] [thread 108971] [35.0] [cxt 0] Pipeline 'egress': start
[09:21:03.086] [bmv2] [D] [thread 108971] [35.0] [cxt 0] Pipeline 'egress': end
[09:21:03.086] [bmv2] [D] [thread 108971] [35.0] [cxt 0] Deparser 'deparser': start
[09:21:03.086] [bmv2] [T] [thread 108971] [35.0] [cxt 0] Skipping checksum 'cksum' update because condition not met
[09:21:03.086] [bmv2] [D] [thread 108971] [35.0] [cxt 0] Deparsing header 'ethernet'
[09:21:03.086] [bmv2] [D] [thread 108971] [35.0] [cxt 0] Deparser 'deparser': end
[09:21:03.086] [bmv2] [D] [thread 108975] [34.0] [cxt 0] Transmitting packet of size 199 out of port 0
[09:21:03.086] [bmv2] [D] [thread 108975] [35.0] [cxt 0] Transmitting packet of size 199 out of port 0
[09:21:03.830] [bmv2] [D] [thread 108970] [36.0] [cxt 0] Processing packet received on port 1
[09:21:03.830] [bmv2] [D] [thread 108970] [36.0] [cxt 0] Parser 'parser': start
[09:21:03.830] [bmv2] [D] [thread 108970] [36.0] [cxt 0] Parser 'parser' entering state 'start'
[09:21:03.830] [bmv2] [D] [thread 108970] [36.0] [cxt 0] Extracting header 'ethernet'
[09:21:03.831] [bmv2] [D] [thread 108970] [36.0] [cxt 0] Parser state 'start': key is 86dd
[09:21:03.831] [bmv2] [T] [thread 108970] [36.0] [cxt 0] Bytes parsed: 14
[09:21:03.831] [bmv2] [D] [thread 108970] [36.0] [cxt 0] Parser 'parser': end
[09:21:03.831] [bmv2] [D] [thread 108970] [36.0] [cxt 0] Pipeline 'ingress': start
[09:21:03.831] [bmv2] [T] [thread 108970] [36.0] [cxt 0] switch.p4(116) Condition "hdr.ipv4.isValid()" (node_2) is false
[09:21:03.831] [bmv2] [D] [thread 108970] [36.0] [cxt 0] Pipeline 'ingress': end
[09:21:03.831] [bmv2] [D] [thread 108970] [36.0] [cxt 0] Egress port is 0
[09:21:03.831] [bmv2] [D] [thread 108971] [36.0] [cxt 0] Pipeline 'egress': start
[09:21:03.831] [bmv2] [D] [thread 108971] [36.0] [cxt 0] Pipeline 'egress': end
[09:21:03.831] [bmv2] [D] [thread 108971] [36.0] [cxt 0] Deparser 'deparser': start
[09:21:03.831] [bmv2] [T] [thread 108971] [36.0] [cxt 0] Skipping checksum 'cksum' update because condition not met
[09:21:03.831] [bmv2] [D] [thread 108971] [36.0] [cxt 0] Deparsing header 'ethernet'
[09:21:03.831] [bmv2] [D] [thread 108971] [36.0] [cxt 0] Deparser 'deparser': end
[09:21:03.831] [bmv2] [D] [thread 108975] [36.0] [cxt 0] Transmitting packet of size 203 out of port 0
[09:21:04.384] [bmv2] [D] [thread 108970] [37.0] [cxt 0] Processing packet received on port 2
[09:21:04.384] [bmv2] [D] [thread 108970] [37.0] [cxt 0] Parser 'parser': start
[09:21:04.384] [bmv2] [D] [thread 108970] [37.0] [cxt 0] Parser 'parser' entering state 'start'
[09:21:04.384] [bmv2] [D] [thread 108970] [37.0] [cxt 0] Extracting header 'ethernet'
[09:21:04.384] [bmv2] [D] [thread 108970] [37.0] [cxt 0] Parser state 'start': key is 86dd
[09:21:04.384] [bmv2] [T] [thread 108970] [37.0] [cxt 0] Bytes parsed: 14
[09:21:04.384] [bmv2] [D] [thread 108970] [37.0] [cxt 0] Parser 'parser': end
[09:21:04.384] [bmv2] [D] [thread 108970] [37.0] [cxt 0] Pipeline 'ingress': start
[09:21:04.384] [bmv2] [T] [thread 108970] [37.0] [cxt 0] switch.p4(116) Condition "hdr.ipv4.isValid()" (node_2) is false
[09:21:04.384] [bmv2] [D] [thread 108970] [37.0] [cxt 0] Pipeline 'ingress': end
[09:21:04.384] [bmv2] [D] [thread 108970] [37.0] [cxt 0] Egress port is 0
[09:21:04.384] [bmv2] [D] [thread 108971] [37.0] [cxt 0] Pipeline 'egress': start
[09:21:04.384] [bmv2] [D] [thread 108971] [37.0] [cxt 0] Pipeline 'egress': end
[09:21:04.384] [bmv2] [D] [thread 108971] [37.0] [cxt 0] Deparser 'deparser': start
[09:21:04.384] [bmv2] [T] [thread 108971] [37.0] [cxt 0] Skipping checksum 'cksum' update because condition not met
[09:21:04.384] [bmv2] [D] [thread 108971] [37.0] [cxt 0] Deparsing header 'ethernet'
[09:21:04.384] [bmv2] [D] [thread 108971] [37.0] [cxt 0] Deparser 'deparser': end
[09:21:04.384] [bmv2] [D] [thread 108975] [37.0] [cxt 0] Transmitting packet of size 203 out of port 0
[09:21:04.384] [bmv2] [D] [thread 108970] [38.0] [cxt 0] Processing packet received on port 2
[09:21:04.384] [bmv2] [D] [thread 108970] [38.0] [cxt 0] Parser 'parser': start
[09:21:04.384] [bmv2] [D] [thread 108970] [38.0] [cxt 0] Parser 'parser' entering state 'start'
[09:21:04.384] [bmv2] [D] [thread 108970] [38.0] [cxt 0] Extracting header 'ethernet'
[09:21:04.384] [bmv2] [D] [thread 108970] [38.0] [cxt 0] Parser state 'start': key is 86dd
[09:21:04.384] [bmv2] [T] [thread 108970] [38.0] [cxt 0] Bytes parsed: 14
[09:21:04.384] [bmv2] [D] [thread 108970] [38.0] [cxt 0] Parser 'parser': end
[09:21:04.384] [bmv2] [D] [thread 108970] [38.0] [cxt 0] Pipeline 'ingress': start
[09:21:04.384] [bmv2] [T] [thread 108970] [38.0] [cxt 0] switch.p4(116) Condition "hdr.ipv4.isValid()" (node_2) is false
[09:21:04.384] [bmv2] [D] [thread 108970] [38.0] [cxt 0] Pipeline 'ingress': end
[09:21:04.384] [bmv2] [D] [thread 108970] [38.0] [cxt 0] Egress port is 0
[09:21:04.385] [bmv2] [D] [thread 108971] [38.0] [cxt 0] Pipeline 'egress': start
[09:21:04.385] [bmv2] [D] [thread 108971] [38.0] [cxt 0] Pipeline 'egress': end
[09:21:04.385] [bmv2] [D] [thread 108971] [38.0] [cxt 0] Deparser 'deparser': start
[09:21:04.385] [bmv2] [T] [thread 108971] [38.0] [cxt 0] Skipping checksum 'cksum' update because condition not met
[09:21:04.385] [bmv2] [D] [thread 108971] [38.0] [cxt 0] Deparsing header 'ethernet'
[09:21:04.385] [bmv2] [D] [thread 108971] [38.0] [cxt 0] Deparser 'deparser': end
[09:21:04.385] [bmv2] [D] [thread 108975] [38.0] [cxt 0] Transmitting packet of size 203 out of port 0
[09:21:04.629] [bmv2] [D] [thread 108970] [39.0] [cxt 0] Processing packet received on port 1
[09:21:04.629] [bmv2] [D] [thread 108970] [39.0] [cxt 0] Parser 'parser': start
[09:21:04.629] [bmv2] [D] [thread 108970] [39.0] [cxt 0] Parser 'parser' entering state 'start'
[09:21:04.629] [bmv2] [D] [thread 108970] [39.0] [cxt 0] Extracting header 'ethernet'
[09:21:04.629] [bmv2] [D] [thread 108970] [39.0] [cxt 0] Parser state 'start': key is 86dd
[09:21:04.629] [bmv2] [T] [thread 108970] [39.0] [cxt 0] Bytes parsed: 14
[09:21:04.629] [bmv2] [D] [thread 108970] [39.0] [cxt 0] Parser 'parser': end
[09:21:04.629] [bmv2] [D] [thread 108970] [39.0] [cxt 0] Pipeline 'ingress': start
[09:21:04.629] [bmv2] [T] [thread 108970] [39.0] [cxt 0] switch.p4(116) Condition "hdr.ipv4.isValid()" (node_2) is false
[09:21:04.629] [bmv2] [D] [thread 108970] [39.0] [cxt 0] Pipeline 'ingress': end
[09:21:04.629] [bmv2] [D] [thread 108970] [39.0] [cxt 0] Egress port is 0
[09:21:04.629] [bmv2] [D] [thread 108971] [39.0] [cxt 0] Pipeline 'egress': start
[09:21:04.629] [bmv2] [D] [thread 108971] [39.0] [cxt 0] Pipeline 'egress': end
[09:21:04.629] [bmv2] [D] [thread 108971] [39.0] [cxt 0] Deparser 'deparser': start
[09:21:04.629] [bmv2] [T] [thread 108971] [39.0] [cxt 0] Skipping checksum 'cksum' update because condition not met
[09:21:04.629] [bmv2] [D] [thread 108971] [39.0] [cxt 0] Deparsing header 'ethernet'
[09:21:04.629] [bmv2] [D] [thread 108971] [39.0] [cxt 0] Deparser 'deparser': end
[09:21:04.630] [bmv2] [D] [thread 108975] [39.0] [cxt 0] Transmitting packet of size 199 out of port 0
[09:21:05.125] [bmv2] [D] [thread 108970] [40.0] [cxt 0] Processing packet received on port 2
[09:21:05.125] [bmv2] [D] [thread 108970] [40.0] [cxt 0] Parser 'parser': start
[09:21:05.125] [bmv2] [D] [thread 108970] [40.0] [cxt 0] Parser 'parser' entering state 'start'
[09:21:05.125] [bmv2] [D] [thread 108970] [40.0] [cxt 0] Extracting header 'ethernet'
[09:21:05.125] [bmv2] [D] [thread 108970] [40.0] [cxt 0] Parser state 'start': key is 86dd
[09:21:05.125] [bmv2] [T] [thread 108970] [40.0] [cxt 0] Bytes parsed: 14
[09:21:05.125] [bmv2] [D] [thread 108970] [40.0] [cxt 0] Parser 'parser': end
[09:21:05.125] [bmv2] [D] [thread 108970] [40.0] [cxt 0] Pipeline 'ingress': start
[09:21:05.125] [bmv2] [T] [thread 108970] [40.0] [cxt 0] switch.p4(116) Condition "hdr.ipv4.isValid()" (node_2) is false
[09:21:05.125] [bmv2] [D] [thread 108970] [40.0] [cxt 0] Pipeline 'ingress': end
[09:21:05.125] [bmv2] [D] [thread 108970] [40.0] [cxt 0] Egress port is 0
[09:21:05.125] [bmv2] [D] [thread 108970] [41.0] [cxt 0] Processing packet received on port 2
[09:21:05.125] [bmv2] [D] [thread 108970] [41.0] [cxt 0] Parser 'parser': start
[09:21:05.125] [bmv2] [D] [thread 108970] [41.0] [cxt 0] Parser 'parser' entering state 'start'
[09:21:05.125] [bmv2] [D] [thread 108970] [41.0] [cxt 0] Extracting header 'ethernet'
[09:21:05.125] [bmv2] [D] [thread 108970] [41.0] [cxt 0] Parser state 'start': key is 86dd
[09:21:05.125] [bmv2] [T] [thread 108970] [41.0] [cxt 0] Bytes parsed: 14
[09:21:05.125] [bmv2] [D] [thread 108970] [41.0] [cxt 0] Parser 'parser': end
[09:21:05.125] [bmv2] [D] [thread 108970] [41.0] [cxt 0] Pipeline 'ingress': start
[09:21:05.125] [bmv2] [T] [thread 108970] [41.0] [cxt 0] switch.p4(116) Condition "hdr.ipv4.isValid()" (node_2) is false
[09:21:05.125] [bmv2] [D] [thread 108970] [41.0] [cxt 0] Pipeline 'ingress': end
[09:21:05.125] [bmv2] [D] [thread 108970] [41.0] [cxt 0] Egress port is 0
[09:21:05.125] [bmv2] [D] [thread 108971] [40.0] [cxt 0] Pipeline 'egress': start
[09:21:05.125] [bmv2] [D] [thread 108971] [40.0] [cxt 0] Pipeline 'egress': end
[09:21:05.125] [bmv2] [D] [thread 108971] [40.0] [cxt 0] Deparser 'deparser': start
[09:21:05.125] [bmv2] [T] [thread 108971] [40.0] [cxt 0] Skipping checksum 'cksum' update because condition not met
[09:21:05.125] [bmv2] [D] [thread 108971] [40.0] [cxt 0] Deparsing header 'ethernet'
[09:21:05.125] [bmv2] [D] [thread 108971] [40.0] [cxt 0] Deparser 'deparser': end
[09:21:05.125] [bmv2] [D] [thread 108971] [41.0] [cxt 0] Pipeline 'egress': start
[09:21:05.125] [bmv2] [D] [thread 108971] [41.0] [cxt 0] Pipeline 'egress': end
[09:21:05.125] [bmv2] [D] [thread 108971] [41.0] [cxt 0] Deparser 'deparser': start
[09:21:05.125] [bmv2] [T] [thread 108971] [41.0] [cxt 0] Skipping checksum 'cksum' update because condition not met
[09:21:05.125] [bmv2] [D] [thread 108971] [41.0] [cxt 0] Deparsing header 'ethernet'
[09:21:05.125] [bmv2] [D] [thread 108971] [41.0] [cxt 0] Deparser 'deparser': end
[09:21:05.127] [bmv2] [D] [thread 108975] [40.0] [cxt 0] Transmitting packet of size 199 out of port 0
[09:21:05.127] [bmv2] [D] [thread 108975] [41.0] [cxt 0] Transmitting packet of size 199 out of port 0
[09:21:05.192] [bmv2] [D] [thread 108970] [42.0] [cxt 0] Processing packet received on port 2
[09:21:05.192] [bmv2] [D] [thread 108970] [42.0] [cxt 0] Parser 'parser': start
[09:21:05.192] [bmv2] [D] [thread 108970] [42.0] [cxt 0] Parser 'parser' entering state 'start'
[09:21:05.192] [bmv2] [D] [thread 108970] [42.0] [cxt 0] Extracting header 'ethernet'
[09:21:05.192] [bmv2] [D] [thread 108970] [42.0] [cxt 0] Parser state 'start': key is 0800
[09:21:05.192] [bmv2] [T] [thread 108970] [42.0] [cxt 0] Bytes parsed: 14
[09:21:05.192] [bmv2] [D] [thread 108970] [42.0] [cxt 0] Parser 'parser' entering state 'parse_ipv4'
[09:21:05.192] [bmv2] [D] [thread 108970] [42.0] [cxt 0] Extracting header 'ipv4'
[09:21:05.192] [bmv2] [D] [thread 108970] [42.0] [cxt 0] Parser state 'parse_ipv4' has no switch, going to default next state
[09:21:05.192] [bmv2] [T] [thread 108970] [42.0] [cxt 0] Bytes parsed: 34
[09:21:05.192] [bmv2] [D] [thread 108970] [42.0] [cxt 0] Parser 'parser': end
[09:21:05.192] [bmv2] [D] [thread 108970] [42.0] [cxt 0] Pipeline 'ingress': start
[09:21:05.192] [bmv2] [T] [thread 108970] [42.0] [cxt 0] switch.p4(116) Condition "hdr.ipv4.isValid()" (node_2) is true
[09:21:05.192] [bmv2] [T] [thread 108970] [42.0] [cxt 0] Applying table 'MyIngress.ipv4_lpm'
[09:21:05.192] [bmv2] [D] [thread 108970] [42.0] [cxt 0] Looking up key:
* hdr.ipv4.dstAddr    : 0a000202

[09:21:05.192] [bmv2] [D] [thread 108970] [42.0] [cxt 0] Table 'MyIngress.ipv4_lpm': hit with handle 1
[09:21:05.192] [bmv2] [D] [thread 108970] [42.0] [cxt 0] Dumping entry 1
Match key:
* hdr.ipv4.dstAddr    : LPM       0a000202/32
Action entry: MyIngress.ipv4_forward - 80000000222,1,

[09:21:05.192] [bmv2] [D] [thread 108970] [42.0] [cxt 0] Action entry is MyIngress.ipv4_forward - 80000000222,1,
[09:21:05.192] [bmv2] [T] [thread 108970] [42.0] [cxt 0] Action MyIngress.ipv4_forward
[09:21:05.192] [bmv2] [T] [thread 108970] [42.0] [cxt 0] switch.p4(96) Primitive standard_metadata.egress_spec = port
[09:21:05.192] [bmv2] [T] [thread 108970] [42.0] [cxt 0] switch.p4(97) Primitive hdr.ethernet.srcAddr = hdr.ethernet.dstAddr
[09:21:05.192] [bmv2] [T] [thread 108970] [42.0] [cxt 0] switch.p4(98) Primitive hdr.ethernet.dstAddr = dstAddr
[09:21:05.192] [bmv2] [T] [thread 108970] [42.0] [cxt 0] switch.p4(99) Primitive hdr.ipv4.ttl = hdr.ipv4.ttl - 1
[09:21:05.192] [bmv2] [D] [thread 108970] [42.0] [cxt 0] Pipeline 'ingress': end
[09:21:05.192] [bmv2] [D] [thread 108970] [42.0] [cxt 0] Egress port is 1
[09:21:05.193] [bmv2] [D] [thread 108972] [42.0] [cxt 0] Pipeline 'egress': start
[09:21:05.193] [bmv2] [D] [thread 108972] [42.0] [cxt 0] Pipeline 'egress': end
[09:21:05.193] [bmv2] [D] [thread 108972] [42.0] [cxt 0] Deparser 'deparser': start
[09:21:05.193] [bmv2] [D] [thread 108972] [42.0] [cxt 0] Updating checksum 'cksum'
[09:21:05.193] [bmv2] [D] [thread 108972] [42.0] [cxt 0] Deparsing header 'ethernet'
[09:21:05.193] [bmv2] [D] [thread 108972] [42.0] [cxt 0] Deparsing header 'ipv4'
[09:21:05.193] [bmv2] [D] [thread 108972] [42.0] [cxt 0] Deparser 'deparser': end
[09:21:05.193] [bmv2] [D] [thread 108975] [42.0] [cxt 0] Transmitting packet of size 48 out of port 1
[09:21:05.193] [bmv2] [D] [thread 108970] [43.0] [cxt 0] Processing packet received on port 1
[09:21:05.193] [bmv2] [D] [thread 108970] [43.0] [cxt 0] Parser 'parser': start
[09:21:05.193] [bmv2] [D] [thread 108970] [43.0] [cxt 0] Parser 'parser' entering state 'start'
[09:21:05.193] [bmv2] [D] [thread 108970] [43.0] [cxt 0] Extracting header 'ethernet'
[09:21:05.193] [bmv2] [D] [thread 108970] [43.0] [cxt 0] Parser state 'start': key is 0800
[09:21:05.193] [bmv2] [T] [thread 108970] [43.0] [cxt 0] Bytes parsed: 14
[09:21:05.193] [bmv2] [D] [thread 108970] [43.0] [cxt 0] Parser 'parser' entering state 'parse_ipv4'
[09:21:05.193] [bmv2] [D] [thread 108970] [43.0] [cxt 0] Extracting header 'ipv4'
[09:21:05.193] [bmv2] [D] [thread 108970] [43.0] [cxt 0] Parser state 'parse_ipv4' has no switch, going to default next state
[09:21:05.193] [bmv2] [T] [thread 108970] [43.0] [cxt 0] Bytes parsed: 34
[09:21:05.193] [bmv2] [D] [thread 108970] [43.0] [cxt 0] Parser 'parser': end
[09:21:05.193] [bmv2] [D] [thread 108970] [43.0] [cxt 0] Pipeline 'ingress': start
[09:21:05.193] [bmv2] [T] [thread 108970] [43.0] [cxt 0] switch.p4(116) Condition "hdr.ipv4.isValid()" (node_2) is true
[09:21:05.193] [bmv2] [T] [thread 108970] [43.0] [cxt 0] Applying table 'MyIngress.ipv4_lpm'
[09:21:05.193] [bmv2] [D] [thread 108970] [43.0] [cxt 0] Looking up key:
* hdr.ipv4.dstAddr    : 0a000101

[09:21:05.193] [bmv2] [D] [thread 108970] [43.0] [cxt 0] Table 'MyIngress.ipv4_lpm': hit with handle 0
[09:21:05.193] [bmv2] [D] [thread 108970] [43.0] [cxt 0] Dumping entry 0
Match key:
* hdr.ipv4.dstAddr    : LPM       0a000101/32
Action entry: MyIngress.ipv4_forward - 80000000200,2,

[09:21:05.193] [bmv2] [D] [thread 108970] [43.0] [cxt 0] Action entry is MyIngress.ipv4_forward - 80000000200,2,
[09:21:05.193] [bmv2] [T] [thread 108970] [43.0] [cxt 0] Action MyIngress.ipv4_forward
[09:21:05.193] [bmv2] [T] [thread 108970] [43.0] [cxt 0] switch.p4(96) Primitive standard_metadata.egress_spec = port
[09:21:05.193] [bmv2] [T] [thread 108970] [43.0] [cxt 0] switch.p4(97) Primitive hdr.ethernet.srcAddr = hdr.ethernet.dstAddr
[09:21:05.193] [bmv2] [T] [thread 108970] [43.0] [cxt 0] switch.p4(98) Primitive hdr.ethernet.dstAddr = dstAddr
[09:21:05.193] [bmv2] [T] [thread 108970] [43.0] [cxt 0] switch.p4(99) Primitive hdr.ipv4.ttl = hdr.ipv4.ttl - 1
[09:21:05.193] [bmv2] [D] [thread 108970] [43.0] [cxt 0] Pipeline 'ingress': end
[09:21:05.193] [bmv2] [D] [thread 108970] [43.0] [cxt 0] Egress port is 2
[09:21:05.193] [bmv2] [D] [thread 108973] [43.0] [cxt 0] Pipeline 'egress': start
[09:21:05.193] [bmv2] [D] [thread 108973] [43.0] [cxt 0] Pipeline 'egress': end
[09:21:05.193] [bmv2] [D] [thread 108973] [43.0] [cxt 0] Deparser 'deparser': start
[09:21:05.193] [bmv2] [D] [thread 108973] [43.0] [cxt 0] Updating checksum 'cksum'
[09:21:05.193] [bmv2] [D] [thread 108973] [43.0] [cxt 0] Deparsing header 'ethernet'
[09:21:05.193] [bmv2] [D] [thread 108973] [43.0] [cxt 0] Deparsing header 'ipv4'
[09:21:05.193] [bmv2] [D] [thread 108973] [43.0] [cxt 0] Deparser 'deparser': end
[09:21:05.193] [bmv2] [D] [thread 108975] [43.0] [cxt 0] Transmitting packet of size 76 out of port 2
[09:21:05.221] [bmv2] [D] [thread 108970] [44.0] [cxt 0] Processing packet received on port 1
[09:21:05.221] [bmv2] [D] [thread 108970] [44.0] [cxt 0] Parser 'parser': start
[09:21:05.221] [bmv2] [D] [thread 108970] [44.0] [cxt 0] Parser 'parser' entering state 'start'
[09:21:05.221] [bmv2] [D] [thread 108970] [44.0] [cxt 0] Extracting header 'ethernet'
[09:21:05.221] [bmv2] [D] [thread 108970] [44.0] [cxt 0] Parser state 'start': key is 0800
[09:21:05.221] [bmv2] [T] [thread 108970] [44.0] [cxt 0] Bytes parsed: 14
[09:21:05.221] [bmv2] [D] [thread 108970] [44.0] [cxt 0] Parser 'parser' entering state 'parse_ipv4'
[09:21:05.221] [bmv2] [D] [thread 108970] [44.0] [cxt 0] Extracting header 'ipv4'
[09:21:05.221] [bmv2] [D] [thread 108970] [44.0] [cxt 0] Parser state 'parse_ipv4' has no switch, going to default next state
[09:21:05.221] [bmv2] [T] [thread 108970] [44.0] [cxt 0] Bytes parsed: 34
[09:21:05.221] [bmv2] [D] [thread 108970] [44.0] [cxt 0] Parser 'parser': end
[09:21:05.221] [bmv2] [D] [thread 108970] [44.0] [cxt 0] Pipeline 'ingress': start
[09:21:05.221] [bmv2] [T] [thread 108970] [44.0] [cxt 0] switch.p4(116) Condition "hdr.ipv4.isValid()" (node_2) is true
[09:21:05.221] [bmv2] [T] [thread 108970] [44.0] [cxt 0] Applying table 'MyIngress.ipv4_lpm'
[09:21:05.221] [bmv2] [D] [thread 108970] [44.0] [cxt 0] Looking up key:
* hdr.ipv4.dstAddr    : 0a000101

[09:21:05.221] [bmv2] [D] [thread 108970] [44.0] [cxt 0] Table 'MyIngress.ipv4_lpm': hit with handle 0
[09:21:05.221] [bmv2] [D] [thread 108970] [44.0] [cxt 0] Dumping entry 0
Match key:
* hdr.ipv4.dstAddr    : LPM       0a000101/32
Action entry: MyIngress.ipv4_forward - 80000000200,2,

[09:21:05.221] [bmv2] [D] [thread 108970] [44.0] [cxt 0] Action entry is MyIngress.ipv4_forward - 80000000200,2,
[09:21:05.221] [bmv2] [T] [thread 108970] [44.0] [cxt 0] Action MyIngress.ipv4_forward
[09:21:05.221] [bmv2] [T] [thread 108970] [44.0] [cxt 0] switch.p4(96) Primitive standard_metadata.egress_spec = port
[09:21:05.221] [bmv2] [T] [thread 108970] [44.0] [cxt 0] switch.p4(97) Primitive hdr.ethernet.srcAddr = hdr.ethernet.dstAddr
[09:21:05.221] [bmv2] [T] [thread 108970] [44.0] [cxt 0] switch.p4(98) Primitive hdr.ethernet.dstAddr = dstAddr
[09:21:05.221] [bmv2] [T] [thread 108970] [44.0] [cxt 0] switch.p4(99) Primitive hdr.ipv4.ttl = hdr.ipv4.ttl - 1
[09:21:05.221] [bmv2] [D] [thread 108970] [44.0] [cxt 0] Pipeline 'ingress': end
[09:21:05.221] [bmv2] [D] [thread 108970] [44.0] [cxt 0] Egress port is 2
[09:21:05.221] [bmv2] [D] [thread 108973] [44.0] [cxt 0] Pipeline 'egress': start
[09:21:05.221] [bmv2] [D] [thread 108973] [44.0] [cxt 0] Pipeline 'egress': end
[09:21:05.221] [bmv2] [D] [thread 108973] [44.0] [cxt 0] Deparser 'deparser': start
[09:21:05.221] [bmv2] [D] [thread 108973] [44.0] [cxt 0] Updating checksum 'cksum'
[09:21:05.221] [bmv2] [D] [thread 108973] [44.0] [cxt 0] Deparsing header 'ethernet'
[09:21:05.221] [bmv2] [D] [thread 108973] [44.0] [cxt 0] Deparsing header 'ipv4'
[09:21:05.221] [bmv2] [D] [thread 108973] [44.0] [cxt 0] Deparser 'deparser': end
[09:21:05.221] [bmv2] [D] [thread 108975] [44.0] [cxt 0] Transmitting packet of size 308 out of port 2
[09:21:05.225] [bmv2] [D] [thread 108970] [45.0] [cxt 0] Processing packet received on port 2
[09:21:05.225] [bmv2] [D] [thread 108970] [45.0] [cxt 0] Parser 'parser': start
[09:21:05.225] [bmv2] [D] [thread 108970] [45.0] [cxt 0] Parser 'parser' entering state 'start'
[09:21:05.225] [bmv2] [D] [thread 108970] [45.0] [cxt 0] Extracting header 'ethernet'
[09:21:05.225] [bmv2] [D] [thread 108970] [45.0] [cxt 0] Parser state 'start': key is 0800
[09:21:05.225] [bmv2] [T] [thread 108970] [45.0] [cxt 0] Bytes parsed: 14
[09:21:05.225] [bmv2] [D] [thread 108970] [45.0] [cxt 0] Parser 'parser' entering state 'parse_ipv4'
[09:21:05.225] [bmv2] [D] [thread 108970] [45.0] [cxt 0] Extracting header 'ipv4'
[09:21:05.225] [bmv2] [D] [thread 108970] [45.0] [cxt 0] Parser state 'parse_ipv4' has no switch, going to default next state
[09:21:05.225] [bmv2] [T] [thread 108970] [45.0] [cxt 0] Bytes parsed: 34
[09:21:05.225] [bmv2] [D] [thread 108970] [45.0] [cxt 0] Parser 'parser': end
[09:21:05.225] [bmv2] [D] [thread 108970] [45.0] [cxt 0] Pipeline 'ingress': start
[09:21:05.225] [bmv2] [T] [thread 108970] [45.0] [cxt 0] switch.p4(116) Condition "hdr.ipv4.isValid()" (node_2) is true
[09:21:05.225] [bmv2] [T] [thread 108970] [45.0] [cxt 0] Applying table 'MyIngress.ipv4_lpm'
[09:21:05.225] [bmv2] [D] [thread 108970] [45.0] [cxt 0] Looking up key:
* hdr.ipv4.dstAddr    : 0a000202

[09:21:05.225] [bmv2] [D] [thread 108970] [45.0] [cxt 0] Table 'MyIngress.ipv4_lpm': hit with handle 1
[09:21:05.225] [bmv2] [D] [thread 108970] [45.0] [cxt 0] Dumping entry 1
Match key:
* hdr.ipv4.dstAddr    : LPM       0a000202/32
Action entry: MyIngress.ipv4_forward - 80000000222,1,

[09:21:05.225] [bmv2] [D] [thread 108970] [45.0] [cxt 0] Action entry is MyIngress.ipv4_forward - 80000000222,1,
[09:21:05.225] [bmv2] [T] [thread 108970] [45.0] [cxt 0] Action MyIngress.ipv4_forward
[09:21:05.225] [bmv2] [T] [thread 108970] [45.0] [cxt 0] switch.p4(96) Primitive standard_metadata.egress_spec = port
[09:21:05.225] [bmv2] [T] [thread 108970] [45.0] [cxt 0] switch.p4(97) Primitive hdr.ethernet.srcAddr = hdr.ethernet.dstAddr
[09:21:05.225] [bmv2] [T] [thread 108970] [45.0] [cxt 0] switch.p4(98) Primitive hdr.ethernet.dstAddr = dstAddr
[09:21:05.225] [bmv2] [T] [thread 108970] [45.0] [cxt 0] switch.p4(99) Primitive hdr.ipv4.ttl = hdr.ipv4.ttl - 1
[09:21:05.225] [bmv2] [D] [thread 108970] [45.0] [cxt 0] Pipeline 'ingress': end
[09:21:05.225] [bmv2] [D] [thread 108970] [45.0] [cxt 0] Egress port is 1
[09:21:05.225] [bmv2] [D] [thread 108972] [45.0] [cxt 0] Pipeline 'egress': start
[09:21:05.225] [bmv2] [D] [thread 108972] [45.0] [cxt 0] Pipeline 'egress': end
[09:21:05.225] [bmv2] [D] [thread 108972] [45.0] [cxt 0] Deparser 'deparser': start
[09:21:05.225] [bmv2] [D] [thread 108972] [45.0] [cxt 0] Updating checksum 'cksum'
[09:21:05.225] [bmv2] [D] [thread 108972] [45.0] [cxt 0] Deparsing header 'ethernet'
[09:21:05.225] [bmv2] [D] [thread 108972] [45.0] [cxt 0] Deparsing header 'ipv4'
[09:21:05.225] [bmv2] [D] [thread 108972] [45.0] [cxt 0] Deparser 'deparser': end
[09:21:05.225] [bmv2] [D] [thread 108975] [45.0] [cxt 0] Transmitting packet of size 336 out of port 1
[09:21:05.273] [bmv2] [D] [thread 108970] [46.0] [cxt 0] Processing packet received on port 1
[09:21:05.273] [bmv2] [D] [thread 108970] [46.0] [cxt 0] Parser 'parser': start
[09:21:05.273] [bmv2] [D] [thread 108970] [46.0] [cxt 0] Parser 'parser' entering state 'start'
[09:21:05.273] [bmv2] [D] [thread 108970] [46.0] [cxt 0] Extracting header 'ethernet'
[09:21:05.273] [bmv2] [D] [thread 108970] [46.0] [cxt 0] Parser state 'start': key is 86dd
[09:21:05.273] [bmv2] [T] [thread 108970] [46.0] [cxt 0] Bytes parsed: 14
[09:21:05.273] [bmv2] [D] [thread 108970] [46.0] [cxt 0] Parser 'parser': end
[09:21:05.273] [bmv2] [D] [thread 108970] [46.0] [cxt 0] Pipeline 'ingress': start
[09:21:05.273] [bmv2] [T] [thread 108970] [46.0] [cxt 0] switch.p4(116) Condition "hdr.ipv4.isValid()" (node_2) is false
[09:21:05.273] [bmv2] [D] [thread 108970] [46.0] [cxt 0] Pipeline 'ingress': end
[09:21:05.273] [bmv2] [D] [thread 108970] [46.0] [cxt 0] Egress port is 0
[09:21:05.273] [bmv2] [D] [thread 108971] [46.0] [cxt 0] Pipeline 'egress': start
[09:21:05.273] [bmv2] [D] [thread 108971] [46.0] [cxt 0] Pipeline 'egress': end
[09:21:05.273] [bmv2] [D] [thread 108971] [46.0] [cxt 0] Deparser 'deparser': start
[09:21:05.273] [bmv2] [T] [thread 108971] [46.0] [cxt 0] Skipping checksum 'cksum' update because condition not met
[09:21:05.273] [bmv2] [D] [thread 108971] [46.0] [cxt 0] Deparsing header 'ethernet'
[09:21:05.273] [bmv2] [D] [thread 108971] [46.0] [cxt 0] Deparser 'deparser': end
[09:21:05.273] [bmv2] [D] [thread 108975] [46.0] [cxt 0] Transmitting packet of size 70 out of port 0
[09:21:05.786] [bmv2] [D] [thread 108970] [47.0] [cxt 0] Processing packet received on port 2
[09:21:05.786] [bmv2] [D] [thread 108970] [47.0] [cxt 0] Parser 'parser': start
[09:21:05.786] [bmv2] [D] [thread 108970] [47.0] [cxt 0] Parser 'parser' entering state 'start'
[09:21:05.786] [bmv2] [D] [thread 108970] [47.0] [cxt 0] Extracting header 'ethernet'
[09:21:05.786] [bmv2] [D] [thread 108970] [47.0] [cxt 0] Parser state 'start': key is 86dd
[09:21:05.786] [bmv2] [T] [thread 108970] [47.0] [cxt 0] Bytes parsed: 14
[09:21:05.786] [bmv2] [D] [thread 108970] [47.0] [cxt 0] Parser 'parser': end
[09:21:05.786] [bmv2] [D] [thread 108970] [47.0] [cxt 0] Pipeline 'ingress': start
[09:21:05.786] [bmv2] [T] [thread 108970] [47.0] [cxt 0] switch.p4(116) Condition "hdr.ipv4.isValid()" (node_2) is false
[09:21:05.786] [bmv2] [D] [thread 108970] [47.0] [cxt 0] Pipeline 'ingress': end
[09:21:05.786] [bmv2] [D] [thread 108970] [47.0] [cxt 0] Egress port is 0
[09:21:05.786] [bmv2] [D] [thread 108971] [47.0] [cxt 0] Pipeline 'egress': start
[09:21:05.786] [bmv2] [D] [thread 108971] [47.0] [cxt 0] Pipeline 'egress': end
[09:21:05.786] [bmv2] [D] [thread 108971] [47.0] [cxt 0] Deparser 'deparser': start
[09:21:05.786] [bmv2] [T] [thread 108971] [47.0] [cxt 0] Skipping checksum 'cksum' update because condition not met
[09:21:05.786] [bmv2] [D] [thread 108971] [47.0] [cxt 0] Deparsing header 'ethernet'
[09:21:05.786] [bmv2] [D] [thread 108971] [47.0] [cxt 0] Deparser 'deparser': end
[09:21:05.787] [bmv2] [D] [thread 108975] [47.0] [cxt 0] Transmitting packet of size 70 out of port 0
[09:21:05.787] [bmv2] [D] [thread 108970] [48.0] [cxt 0] Processing packet received on port 2
[09:21:05.787] [bmv2] [D] [thread 108970] [48.0] [cxt 0] Parser 'parser': start
[09:21:05.787] [bmv2] [D] [thread 108970] [48.0] [cxt 0] Parser 'parser' entering state 'start'
[09:21:05.787] [bmv2] [D] [thread 108970] [48.0] [cxt 0] Extracting header 'ethernet'
[09:21:05.787] [bmv2] [D] [thread 108970] [48.0] [cxt 0] Parser state 'start': key is 86dd
[09:21:05.787] [bmv2] [T] [thread 108970] [48.0] [cxt 0] Bytes parsed: 14
[09:21:05.787] [bmv2] [D] [thread 108970] [48.0] [cxt 0] Parser 'parser': end
[09:21:05.787] [bmv2] [D] [thread 108970] [48.0] [cxt 0] Pipeline 'ingress': start
[09:21:05.787] [bmv2] [T] [thread 108970] [48.0] [cxt 0] switch.p4(116) Condition "hdr.ipv4.isValid()" (node_2) is false
[09:21:05.787] [bmv2] [D] [thread 108970] [48.0] [cxt 0] Pipeline 'ingress': end
[09:21:05.787] [bmv2] [D] [thread 108970] [48.0] [cxt 0] Egress port is 0
[09:21:05.787] [bmv2] [D] [thread 108971] [48.0] [cxt 0] Pipeline 'egress': start
[09:21:05.787] [bmv2] [D] [thread 108971] [48.0] [cxt 0] Pipeline 'egress': end
[09:21:05.787] [bmv2] [D] [thread 108971] [48.0] [cxt 0] Deparser 'deparser': start
[09:21:05.787] [bmv2] [T] [thread 108971] [48.0] [cxt 0] Skipping checksum 'cksum' update because condition not met
[09:21:05.787] [bmv2] [D] [thread 108971] [48.0] [cxt 0] Deparsing header 'ethernet'
[09:21:05.787] [bmv2] [D] [thread 108971] [48.0] [cxt 0] Deparser 'deparser': end
[09:21:05.787] [bmv2] [D] [thread 108975] [48.0] [cxt 0] Transmitting packet of size 70 out of port 0
[09:21:05.924] [bmv2] [D] [thread 108970] [49.0] [cxt 0] Processing packet received on port 2
[09:21:05.924] [bmv2] [D] [thread 108970] [49.0] [cxt 0] Parser 'parser': start
[09:21:05.924] [bmv2] [D] [thread 108970] [49.0] [cxt 0] Parser 'parser' entering state 'start'
[09:21:05.924] [bmv2] [D] [thread 108970] [49.0] [cxt 0] Extracting header 'ethernet'
[09:21:05.924] [bmv2] [D] [thread 108970] [49.0] [cxt 0] Parser state 'start': key is 0800
[09:21:05.924] [bmv2] [T] [thread 108970] [49.0] [cxt 0] Bytes parsed: 14
[09:21:05.924] [bmv2] [D] [thread 108970] [49.0] [cxt 0] Parser 'parser' entering state 'parse_ipv4'
[09:21:05.924] [bmv2] [D] [thread 108970] [49.0] [cxt 0] Extracting header 'ipv4'
[09:21:05.924] [bmv2] [D] [thread 108970] [49.0] [cxt 0] Parser state 'parse_ipv4' has no switch, going to default next state
[09:21:05.924] [bmv2] [T] [thread 108970] [49.0] [cxt 0] Bytes parsed: 34
[09:21:05.924] [bmv2] [D] [thread 108970] [49.0] [cxt 0] Parser 'parser': end
[09:21:05.924] [bmv2] [D] [thread 108970] [49.0] [cxt 0] Pipeline 'ingress': start
[09:21:05.924] [bmv2] [T] [thread 108970] [49.0] [cxt 0] switch.p4(116) Condition "hdr.ipv4.isValid()" (node_2) is true
[09:21:05.924] [bmv2] [T] [thread 108970] [49.0] [cxt 0] Applying table 'MyIngress.ipv4_lpm'
[09:21:05.924] [bmv2] [D] [thread 108970] [49.0] [cxt 0] Looking up key:
* hdr.ipv4.dstAddr    : 0a000202

[09:21:05.924] [bmv2] [D] [thread 108970] [49.0] [cxt 0] Table 'MyIngress.ipv4_lpm': hit with handle 1
[09:21:05.924] [bmv2] [D] [thread 108970] [49.0] [cxt 0] Dumping entry 1
Match key:
* hdr.ipv4.dstAddr    : LPM       0a000202/32
Action entry: MyIngress.ipv4_forward - 80000000222,1,

[09:21:05.924] [bmv2] [D] [thread 108970] [49.0] [cxt 0] Action entry is MyIngress.ipv4_forward - 80000000222,1,
[09:21:05.924] [bmv2] [T] [thread 108970] [49.0] [cxt 0] Action MyIngress.ipv4_forward
[09:21:05.924] [bmv2] [T] [thread 108970] [49.0] [cxt 0] switch.p4(96) Primitive standard_metadata.egress_spec = port
[09:21:05.924] [bmv2] [T] [thread 108970] [49.0] [cxt 0] switch.p4(97) Primitive hdr.ethernet.srcAddr = hdr.ethernet.dstAddr
[09:21:05.924] [bmv2] [T] [thread 108970] [49.0] [cxt 0] switch.p4(98) Primitive hdr.ethernet.dstAddr = dstAddr
[09:21:05.924] [bmv2] [T] [thread 108970] [49.0] [cxt 0] switch.p4(99) Primitive hdr.ipv4.ttl = hdr.ipv4.ttl - 1
[09:21:05.924] [bmv2] [D] [thread 108970] [49.0] [cxt 0] Pipeline 'ingress': end
[09:21:05.924] [bmv2] [D] [thread 108970] [49.0] [cxt 0] Egress port is 1
[09:21:05.924] [bmv2] [D] [thread 108972] [49.0] [cxt 0] Pipeline 'egress': start
[09:21:05.924] [bmv2] [D] [thread 108972] [49.0] [cxt 0] Pipeline 'egress': end
[09:21:05.924] [bmv2] [D] [thread 108972] [49.0] [cxt 0] Deparser 'deparser': start
[09:21:05.925] [bmv2] [D] [thread 108972] [49.0] [cxt 0] Updating checksum 'cksum'
[09:21:05.925] [bmv2] [D] [thread 108972] [49.0] [cxt 0] Deparsing header 'ethernet'
[09:21:05.925] [bmv2] [D] [thread 108972] [49.0] [cxt 0] Deparsing header 'ipv4'
[09:21:05.925] [bmv2] [D] [thread 108972] [49.0] [cxt 0] Deparser 'deparser': end
[09:21:05.925] [bmv2] [D] [thread 108975] [49.0] [cxt 0] Transmitting packet of size 48 out of port 1
[09:21:05.925] [bmv2] [D] [thread 108970] [50.0] [cxt 0] Processing packet received on port 1
[09:21:05.925] [bmv2] [D] [thread 108970] [50.0] [cxt 0] Parser 'parser': start
[09:21:05.925] [bmv2] [D] [thread 108970] [50.0] [cxt 0] Parser 'parser' entering state 'start'
[09:21:05.925] [bmv2] [D] [thread 108970] [50.0] [cxt 0] Extracting header 'ethernet'
[09:21:05.925] [bmv2] [D] [thread 108970] [50.0] [cxt 0] Parser state 'start': key is 0800
[09:21:05.925] [bmv2] [T] [thread 108970] [50.0] [cxt 0] Bytes parsed: 14
[09:21:05.925] [bmv2] [D] [thread 108970] [50.0] [cxt 0] Parser 'parser' entering state 'parse_ipv4'
[09:21:05.925] [bmv2] [D] [thread 108970] [50.0] [cxt 0] Extracting header 'ipv4'
[09:21:05.925] [bmv2] [D] [thread 108970] [50.0] [cxt 0] Parser state 'parse_ipv4' has no switch, going to default next state
[09:21:05.925] [bmv2] [T] [thread 108970] [50.0] [cxt 0] Bytes parsed: 34
[09:21:05.925] [bmv2] [D] [thread 108970] [50.0] [cxt 0] Parser 'parser': end
[09:21:05.925] [bmv2] [D] [thread 108970] [50.0] [cxt 0] Pipeline 'ingress': start
[09:21:05.925] [bmv2] [T] [thread 108970] [50.0] [cxt 0] switch.p4(116) Condition "hdr.ipv4.isValid()" (node_2) is true
[09:21:05.925] [bmv2] [T] [thread 108970] [50.0] [cxt 0] Applying table 'MyIngress.ipv4_lpm'
[09:21:05.925] [bmv2] [D] [thread 108970] [50.0] [cxt 0] Looking up key:
* hdr.ipv4.dstAddr    : 0a000101

[09:21:05.925] [bmv2] [D] [thread 108970] [50.0] [cxt 0] Table 'MyIngress.ipv4_lpm': hit with handle 0
[09:21:05.925] [bmv2] [D] [thread 108970] [50.0] [cxt 0] Dumping entry 0
Match key:
* hdr.ipv4.dstAddr    : LPM       0a000101/32
Action entry: MyIngress.ipv4_forward - 80000000200,2,

[09:21:05.925] [bmv2] [D] [thread 108970] [50.0] [cxt 0] Action entry is MyIngress.ipv4_forward - 80000000200,2,
[09:21:05.925] [bmv2] [T] [thread 108970] [50.0] [cxt 0] Action MyIngress.ipv4_forward
[09:21:05.925] [bmv2] [T] [thread 108970] [50.0] [cxt 0] switch.p4(96) Primitive standard_metadata.egress_spec = port
[09:21:05.925] [bmv2] [T] [thread 108970] [50.0] [cxt 0] switch.p4(97) Primitive hdr.ethernet.srcAddr = hdr.ethernet.dstAddr
[09:21:05.925] [bmv2] [T] [thread 108970] [50.0] [cxt 0] switch.p4(98) Primitive hdr.ethernet.dstAddr = dstAddr
[09:21:05.925] [bmv2] [T] [thread 108970] [50.0] [cxt 0] switch.p4(99) Primitive hdr.ipv4.ttl = hdr.ipv4.ttl - 1
[09:21:05.925] [bmv2] [D] [thread 108970] [50.0] [cxt 0] Pipeline 'ingress': end
[09:21:05.925] [bmv2] [D] [thread 108970] [50.0] [cxt 0] Egress port is 2
[09:21:05.925] [bmv2] [D] [thread 108973] [50.0] [cxt 0] Pipeline 'egress': start
[09:21:05.925] [bmv2] [D] [thread 108973] [50.0] [cxt 0] Pipeline 'egress': end
[09:21:05.925] [bmv2] [D] [thread 108973] [50.0] [cxt 0] Deparser 'deparser': start
[09:21:05.925] [bmv2] [D] [thread 108973] [50.0] [cxt 0] Updating checksum 'cksum'
[09:21:05.925] [bmv2] [D] [thread 108973] [50.0] [cxt 0] Deparsing header 'ethernet'
[09:21:05.925] [bmv2] [D] [thread 108973] [50.0] [cxt 0] Deparsing header 'ipv4'
[09:21:05.925] [bmv2] [D] [thread 108973] [50.0] [cxt 0] Deparser 'deparser': end
[09:21:05.925] [bmv2] [D] [thread 108975] [50.0] [cxt 0] Transmitting packet of size 76 out of port 2
[09:21:06.039] [bmv2] [D] [thread 108970] [51.0] [cxt 0] Processing packet received on port 1
[09:21:06.039] [bmv2] [D] [thread 108970] [51.0] [cxt 0] Parser 'parser': start
[09:21:06.039] [bmv2] [D] [thread 108970] [51.0] [cxt 0] Parser 'parser' entering state 'start'
[09:21:06.039] [bmv2] [D] [thread 108970] [51.0] [cxt 0] Extracting header 'ethernet'
[09:21:06.039] [bmv2] [D] [thread 108970] [51.0] [cxt 0] Parser state 'start': key is 0800
[09:21:06.039] [bmv2] [T] [thread 108970] [51.0] [cxt 0] Bytes parsed: 14
[09:21:06.039] [bmv2] [D] [thread 108970] [51.0] [cxt 0] Parser 'parser' entering state 'parse_ipv4'
[09:21:06.039] [bmv2] [D] [thread 108970] [51.0] [cxt 0] Extracting header 'ipv4'
[09:21:06.039] [bmv2] [D] [thread 108970] [51.0] [cxt 0] Parser state 'parse_ipv4' has no switch, going to default next state
[09:21:06.039] [bmv2] [T] [thread 108970] [51.0] [cxt 0] Bytes parsed: 34
[09:21:06.039] [bmv2] [D] [thread 108970] [51.0] [cxt 0] Parser 'parser': end
[09:21:06.039] [bmv2] [D] [thread 108970] [51.0] [cxt 0] Pipeline 'ingress': start
[09:21:06.039] [bmv2] [T] [thread 108970] [51.0] [cxt 0] switch.p4(116) Condition "hdr.ipv4.isValid()" (node_2) is true
[09:21:06.039] [bmv2] [T] [thread 108970] [51.0] [cxt 0] Applying table 'MyIngress.ipv4_lpm'
[09:21:06.039] [bmv2] [D] [thread 108970] [51.0] [cxt 0] Looking up key:
* hdr.ipv4.dstAddr    : 0a000101

[09:21:06.039] [bmv2] [D] [thread 108970] [51.0] [cxt 0] Table 'MyIngress.ipv4_lpm': hit with handle 0
[09:21:06.039] [bmv2] [D] [thread 108970] [51.0] [cxt 0] Dumping entry 0
Match key:
* hdr.ipv4.dstAddr    : LPM       0a000101/32
Action entry: MyIngress.ipv4_forward - 80000000200,2,

[09:21:06.039] [bmv2] [D] [thread 108970] [51.0] [cxt 0] Action entry is MyIngress.ipv4_forward - 80000000200,2,
[09:21:06.039] [bmv2] [T] [thread 108970] [51.0] [cxt 0] Action MyIngress.ipv4_forward
[09:21:06.039] [bmv2] [T] [thread 108970] [51.0] [cxt 0] switch.p4(96) Primitive standard_metadata.egress_spec = port
[09:21:06.039] [bmv2] [T] [thread 108970] [51.0] [cxt 0] switch.p4(97) Primitive hdr.ethernet.srcAddr = hdr.ethernet.dstAddr
[09:21:06.039] [bmv2] [T] [thread 108970] [51.0] [cxt 0] switch.p4(98) Primitive hdr.ethernet.dstAddr = dstAddr
[09:21:06.039] [bmv2] [T] [thread 108970] [51.0] [cxt 0] switch.p4(99) Primitive hdr.ipv4.ttl = hdr.ipv4.ttl - 1
[09:21:06.039] [bmv2] [D] [thread 108970] [51.0] [cxt 0] Pipeline 'ingress': end
[09:21:06.039] [bmv2] [D] [thread 108970] [51.0] [cxt 0] Egress port is 2
[09:21:06.039] [bmv2] [D] [thread 108973] [51.0] [cxt 0] Pipeline 'egress': start
[09:21:06.039] [bmv2] [D] [thread 108973] [51.0] [cxt 0] Pipeline 'egress': end
[09:21:06.039] [bmv2] [D] [thread 108973] [51.0] [cxt 0] Deparser 'deparser': start
[09:21:06.039] [bmv2] [D] [thread 108973] [51.0] [cxt 0] Updating checksum 'cksum'
[09:21:06.039] [bmv2] [D] [thread 108973] [51.0] [cxt 0] Deparsing header 'ethernet'
[09:21:06.039] [bmv2] [D] [thread 108973] [51.0] [cxt 0] Deparsing header 'ipv4'
[09:21:06.039] [bmv2] [D] [thread 108973] [51.0] [cxt 0] Deparser 'deparser': end
[09:21:06.039] [bmv2] [D] [thread 108975] [51.0] [cxt 0] Transmitting packet of size 308 out of port 2
[09:21:06.050] [bmv2] [D] [thread 108970] [52.0] [cxt 0] Processing packet received on port 2
[09:21:06.050] [bmv2] [D] [thread 108970] [52.0] [cxt 0] Parser 'parser': start
[09:21:06.050] [bmv2] [D] [thread 108970] [52.0] [cxt 0] Parser 'parser' entering state 'start'
[09:21:06.050] [bmv2] [D] [thread 108970] [52.0] [cxt 0] Extracting header 'ethernet'
[09:21:06.050] [bmv2] [D] [thread 108970] [52.0] [cxt 0] Parser state 'start': key is 0800
[09:21:06.050] [bmv2] [T] [thread 108970] [52.0] [cxt 0] Bytes parsed: 14
[09:21:06.050] [bmv2] [D] [thread 108970] [52.0] [cxt 0] Parser 'parser' entering state 'parse_ipv4'
[09:21:06.050] [bmv2] [D] [thread 108970] [52.0] [cxt 0] Extracting header 'ipv4'
[09:21:06.050] [bmv2] [D] [thread 108970] [52.0] [cxt 0] Parser state 'parse_ipv4' has no switch, going to default next state
[09:21:06.050] [bmv2] [T] [thread 108970] [52.0] [cxt 0] Bytes parsed: 34
[09:21:06.050] [bmv2] [D] [thread 108970] [52.0] [cxt 0] Parser 'parser': end
[09:21:06.050] [bmv2] [D] [thread 108970] [52.0] [cxt 0] Pipeline 'ingress': start
[09:21:06.050] [bmv2] [T] [thread 108970] [52.0] [cxt 0] switch.p4(116) Condition "hdr.ipv4.isValid()" (node_2) is true
[09:21:06.050] [bmv2] [T] [thread 108970] [52.0] [cxt 0] Applying table 'MyIngress.ipv4_lpm'
[09:21:06.050] [bmv2] [D] [thread 108970] [52.0] [cxt 0] Looking up key:
* hdr.ipv4.dstAddr    : 0a000202

[09:21:06.050] [bmv2] [D] [thread 108970] [52.0] [cxt 0] Table 'MyIngress.ipv4_lpm': hit with handle 1
[09:21:06.050] [bmv2] [D] [thread 108970] [52.0] [cxt 0] Dumping entry 1
Match key:
* hdr.ipv4.dstAddr    : LPM       0a000202/32
Action entry: MyIngress.ipv4_forward - 80000000222,1,

[09:21:06.050] [bmv2] [D] [thread 108970] [52.0] [cxt 0] Action entry is MyIngress.ipv4_forward - 80000000222,1,
[09:21:06.050] [bmv2] [T] [thread 108970] [52.0] [cxt 0] Action MyIngress.ipv4_forward
[09:21:06.050] [bmv2] [T] [thread 108970] [52.0] [cxt 0] switch.p4(96) Primitive standard_metadata.egress_spec = port
[09:21:06.050] [bmv2] [T] [thread 108970] [52.0] [cxt 0] switch.p4(97) Primitive hdr.ethernet.srcAddr = hdr.ethernet.dstAddr
[09:21:06.050] [bmv2] [T] [thread 108970] [52.0] [cxt 0] switch.p4(98) Primitive hdr.ethernet.dstAddr = dstAddr
[09:21:06.050] [bmv2] [T] [thread 108970] [52.0] [cxt 0] switch.p4(99) Primitive hdr.ipv4.ttl = hdr.ipv4.ttl - 1
[09:21:06.050] [bmv2] [D] [thread 108970] [52.0] [cxt 0] Pipeline 'ingress': end
[09:21:06.050] [bmv2] [D] [thread 108970] [52.0] [cxt 0] Egress port is 1
[09:21:06.050] [bmv2] [D] [thread 108972] [52.0] [cxt 0] Pipeline 'egress': start
[09:21:06.050] [bmv2] [D] [thread 108972] [52.0] [cxt 0] Pipeline 'egress': end
[09:21:06.050] [bmv2] [D] [thread 108972] [52.0] [cxt 0] Deparser 'deparser': start
[09:21:06.050] [bmv2] [D] [thread 108972] [52.0] [cxt 0] Updating checksum 'cksum'
[09:21:06.050] [bmv2] [D] [thread 108972] [52.0] [cxt 0] Deparsing header 'ethernet'
[09:21:06.050] [bmv2] [D] [thread 108972] [52.0] [cxt 0] Deparsing header 'ipv4'
[09:21:06.050] [bmv2] [D] [thread 108972] [52.0] [cxt 0] Deparser 'deparser': end
[09:21:06.050] [bmv2] [D] [thread 108975] [52.0] [cxt 0] Transmitting packet of size 336 out of port 1
[09:21:06.943] [bmv2] [D] [thread 108970] [53.0] [cxt 0] Processing packet received on port 2
[09:21:06.943] [bmv2] [D] [thread 108970] [53.0] [cxt 0] Parser 'parser': start
[09:21:06.943] [bmv2] [D] [thread 108970] [53.0] [cxt 0] Parser 'parser' entering state 'start'
[09:21:06.943] [bmv2] [D] [thread 108970] [53.0] [cxt 0] Extracting header 'ethernet'
[09:21:06.943] [bmv2] [D] [thread 108970] [53.0] [cxt 0] Parser state 'start': key is 0800
[09:21:06.943] [bmv2] [T] [thread 108970] [53.0] [cxt 0] Bytes parsed: 14
[09:21:06.943] [bmv2] [D] [thread 108970] [53.0] [cxt 0] Parser 'parser' entering state 'parse_ipv4'
[09:21:06.943] [bmv2] [D] [thread 108970] [53.0] [cxt 0] Extracting header 'ipv4'
[09:21:06.943] [bmv2] [D] [thread 108970] [53.0] [cxt 0] Parser state 'parse_ipv4' has no switch, going to default next state
[09:21:06.943] [bmv2] [T] [thread 108970] [53.0] [cxt 0] Bytes parsed: 34
[09:21:06.943] [bmv2] [D] [thread 108970] [53.0] [cxt 0] Parser 'parser': end
[09:21:06.943] [bmv2] [D] [thread 108970] [53.0] [cxt 0] Pipeline 'ingress': start
[09:21:06.943] [bmv2] [T] [thread 108970] [53.0] [cxt 0] switch.p4(116) Condition "hdr.ipv4.isValid()" (node_2) is true
[09:21:06.943] [bmv2] [T] [thread 108970] [53.0] [cxt 0] Applying table 'MyIngress.ipv4_lpm'
[09:21:06.943] [bmv2] [D] [thread 108970] [53.0] [cxt 0] Looking up key:
* hdr.ipv4.dstAddr    : 0a000202

[09:21:06.943] [bmv2] [D] [thread 108970] [53.0] [cxt 0] Table 'MyIngress.ipv4_lpm': hit with handle 1
[09:21:06.943] [bmv2] [D] [thread 108970] [53.0] [cxt 0] Dumping entry 1
Match key:
* hdr.ipv4.dstAddr    : LPM       0a000202/32
Action entry: MyIngress.ipv4_forward - 80000000222,1,

[09:21:06.943] [bmv2] [D] [thread 108970] [53.0] [cxt 0] Action entry is MyIngress.ipv4_forward - 80000000222,1,
[09:21:06.943] [bmv2] [T] [thread 108970] [53.0] [cxt 0] Action MyIngress.ipv4_forward
[09:21:06.943] [bmv2] [T] [thread 108970] [53.0] [cxt 0] switch.p4(96) Primitive standard_metadata.egress_spec = port
[09:21:06.943] [bmv2] [T] [thread 108970] [53.0] [cxt 0] switch.p4(97) Primitive hdr.ethernet.srcAddr = hdr.ethernet.dstAddr
[09:21:06.943] [bmv2] [T] [thread 108970] [53.0] [cxt 0] switch.p4(98) Primitive hdr.ethernet.dstAddr = dstAddr
[09:21:06.943] [bmv2] [T] [thread 108970] [53.0] [cxt 0] switch.p4(99) Primitive hdr.ipv4.ttl = hdr.ipv4.ttl - 1
[09:21:06.943] [bmv2] [D] [thread 108970] [53.0] [cxt 0] Pipeline 'ingress': end
[09:21:06.943] [bmv2] [D] [thread 108970] [53.0] [cxt 0] Egress port is 1
[09:21:06.943] [bmv2] [D] [thread 108972] [53.0] [cxt 0] Pipeline 'egress': start
[09:21:06.943] [bmv2] [D] [thread 108972] [53.0] [cxt 0] Pipeline 'egress': end
[09:21:06.943] [bmv2] [D] [thread 108972] [53.0] [cxt 0] Deparser 'deparser': start
[09:21:06.943] [bmv2] [D] [thread 108972] [53.0] [cxt 0] Updating checksum 'cksum'
[09:21:06.943] [bmv2] [D] [thread 108972] [53.0] [cxt 0] Deparsing header 'ethernet'
[09:21:06.943] [bmv2] [D] [thread 108972] [53.0] [cxt 0] Deparsing header 'ipv4'
[09:21:06.943] [bmv2] [D] [thread 108972] [53.0] [cxt 0] Deparser 'deparser': end
[09:21:06.943] [bmv2] [D] [thread 108975] [53.0] [cxt 0] Transmitting packet of size 48 out of port 1
[09:21:06.943] [bmv2] [D] [thread 108970] [54.0] [cxt 0] Processing packet received on port 1
[09:21:06.943] [bmv2] [D] [thread 108970] [54.0] [cxt 0] Parser 'parser': start
[09:21:06.943] [bmv2] [D] [thread 108970] [54.0] [cxt 0] Parser 'parser' entering state 'start'
[09:21:06.943] [bmv2] [D] [thread 108970] [54.0] [cxt 0] Extracting header 'ethernet'
[09:21:06.943] [bmv2] [D] [thread 108970] [54.0] [cxt 0] Parser state 'start': key is 0800
[09:21:06.943] [bmv2] [T] [thread 108970] [54.0] [cxt 0] Bytes parsed: 14
[09:21:06.943] [bmv2] [D] [thread 108970] [54.0] [cxt 0] Parser 'parser' entering state 'parse_ipv4'
[09:21:06.943] [bmv2] [D] [thread 108970] [54.0] [cxt 0] Extracting header 'ipv4'
[09:21:06.943] [bmv2] [D] [thread 108970] [54.0] [cxt 0] Parser state 'parse_ipv4' has no switch, going to default next state
[09:21:06.943] [bmv2] [T] [thread 108970] [54.0] [cxt 0] Bytes parsed: 34
[09:21:06.943] [bmv2] [D] [thread 108970] [54.0] [cxt 0] Parser 'parser': end
[09:21:06.943] [bmv2] [D] [thread 108970] [54.0] [cxt 0] Pipeline 'ingress': start
[09:21:06.943] [bmv2] [T] [thread 108970] [54.0] [cxt 0] switch.p4(116) Condition "hdr.ipv4.isValid()" (node_2) is true
[09:21:06.943] [bmv2] [T] [thread 108970] [54.0] [cxt 0] Applying table 'MyIngress.ipv4_lpm'
[09:21:06.943] [bmv2] [D] [thread 108970] [54.0] [cxt 0] Looking up key:
* hdr.ipv4.dstAddr    : 0a000101

[09:21:06.943] [bmv2] [D] [thread 108970] [54.0] [cxt 0] Table 'MyIngress.ipv4_lpm': hit with handle 0
[09:21:06.943] [bmv2] [D] [thread 108970] [54.0] [cxt 0] Dumping entry 0
Match key:
* hdr.ipv4.dstAddr    : LPM       0a000101/32
Action entry: MyIngress.ipv4_forward - 80000000200,2,

[09:21:06.943] [bmv2] [D] [thread 108970] [54.0] [cxt 0] Action entry is MyIngress.ipv4_forward - 80000000200,2,
[09:21:06.943] [bmv2] [T] [thread 108970] [54.0] [cxt 0] Action MyIngress.ipv4_forward
[09:21:06.943] [bmv2] [T] [thread 108970] [54.0] [cxt 0] switch.p4(96) Primitive standard_metadata.egress_spec = port
[09:21:06.943] [bmv2] [T] [thread 108970] [54.0] [cxt 0] switch.p4(97) Primitive hdr.ethernet.srcAddr = hdr.ethernet.dstAddr
[09:21:06.943] [bmv2] [T] [thread 108970] [54.0] [cxt 0] switch.p4(98) Primitive hdr.ethernet.dstAddr = dstAddr
[09:21:06.943] [bmv2] [T] [thread 108970] [54.0] [cxt 0] switch.p4(99) Primitive hdr.ipv4.ttl = hdr.ipv4.ttl - 1
[09:21:06.943] [bmv2] [D] [thread 108970] [54.0] [cxt 0] Pipeline 'ingress': end
[09:21:06.943] [bmv2] [D] [thread 108970] [54.0] [cxt 0] Egress port is 2
[09:21:06.943] [bmv2] [D] [thread 108973] [54.0] [cxt 0] Pipeline 'egress': start
[09:21:06.948] [bmv2] [D] [thread 108973] [54.0] [cxt 0] Pipeline 'egress': end
[09:21:06.948] [bmv2] [D] [thread 108973] [54.0] [cxt 0] Deparser 'deparser': start
[09:21:06.948] [bmv2] [D] [thread 108973] [54.0] [cxt 0] Updating checksum 'cksum'
[09:21:06.948] [bmv2] [D] [thread 108973] [54.0] [cxt 0] Deparsing header 'ethernet'
[09:21:06.948] [bmv2] [D] [thread 108973] [54.0] [cxt 0] Deparsing header 'ipv4'
[09:21:06.948] [bmv2] [D] [thread 108973] [54.0] [cxt 0] Deparser 'deparser': end
[09:21:06.948] [bmv2] [D] [thread 108975] [54.0] [cxt 0] Transmitting packet of size 76 out of port 2
[09:21:06.986] [bmv2] [D] [thread 108970] [55.0] [cxt 0] Processing packet received on port 1
[09:21:06.986] [bmv2] [D] [thread 108970] [55.0] [cxt 0] Parser 'parser': start
[09:21:06.986] [bmv2] [D] [thread 108970] [55.0] [cxt 0] Parser 'parser' entering state 'start'
[09:21:06.986] [bmv2] [D] [thread 108970] [55.0] [cxt 0] Extracting header 'ethernet'
[09:21:06.987] [bmv2] [D] [thread 108970] [55.0] [cxt 0] Parser state 'start': key is 0800
[09:21:06.987] [bmv2] [T] [thread 108970] [55.0] [cxt 0] Bytes parsed: 14
[09:21:06.987] [bmv2] [D] [thread 108970] [55.0] [cxt 0] Parser 'parser' entering state 'parse_ipv4'
[09:21:06.987] [bmv2] [D] [thread 108970] [55.0] [cxt 0] Extracting header 'ipv4'
[09:21:06.987] [bmv2] [D] [thread 108970] [55.0] [cxt 0] Parser state 'parse_ipv4' has no switch, going to default next state
[09:21:06.987] [bmv2] [T] [thread 108970] [55.0] [cxt 0] Bytes parsed: 34
[09:21:06.987] [bmv2] [D] [thread 108970] [55.0] [cxt 0] Parser 'parser': end
[09:21:06.987] [bmv2] [D] [thread 108970] [55.0] [cxt 0] Pipeline 'ingress': start
[09:21:06.987] [bmv2] [T] [thread 108970] [55.0] [cxt 0] switch.p4(116) Condition "hdr.ipv4.isValid()" (node_2) is true
[09:21:06.987] [bmv2] [T] [thread 108970] [55.0] [cxt 0] Applying table 'MyIngress.ipv4_lpm'
[09:21:06.987] [bmv2] [D] [thread 108970] [55.0] [cxt 0] Looking up key:
* hdr.ipv4.dstAddr    : 0a000101

[09:21:06.987] [bmv2] [D] [thread 108970] [55.0] [cxt 0] Table 'MyIngress.ipv4_lpm': hit with handle 0
[09:21:06.987] [bmv2] [D] [thread 108970] [55.0] [cxt 0] Dumping entry 0
Match key:
* hdr.ipv4.dstAddr    : LPM       0a000101/32
Action entry: MyIngress.ipv4_forward - 80000000200,2,

[09:21:06.987] [bmv2] [D] [thread 108970] [55.0] [cxt 0] Action entry is MyIngress.ipv4_forward - 80000000200,2,
[09:21:06.987] [bmv2] [T] [thread 108970] [55.0] [cxt 0] Action MyIngress.ipv4_forward
[09:21:06.987] [bmv2] [T] [thread 108970] [55.0] [cxt 0] switch.p4(96) Primitive standard_metadata.egress_spec = port
[09:21:06.987] [bmv2] [T] [thread 108970] [55.0] [cxt 0] switch.p4(97) Primitive hdr.ethernet.srcAddr = hdr.ethernet.dstAddr
[09:21:06.987] [bmv2] [T] [thread 108970] [55.0] [cxt 0] switch.p4(98) Primitive hdr.ethernet.dstAddr = dstAddr
[09:21:06.987] [bmv2] [T] [thread 108970] [55.0] [cxt 0] switch.p4(99) Primitive hdr.ipv4.ttl = hdr.ipv4.ttl - 1
[09:21:06.987] [bmv2] [D] [thread 108970] [55.0] [cxt 0] Pipeline 'ingress': end
[09:21:06.987] [bmv2] [D] [thread 108970] [55.0] [cxt 0] Egress port is 2
[09:21:06.988] [bmv2] [D] [thread 108973] [55.0] [cxt 0] Pipeline 'egress': start
[09:21:06.988] [bmv2] [D] [thread 108973] [55.0] [cxt 0] Pipeline 'egress': end
[09:21:06.988] [bmv2] [D] [thread 108973] [55.0] [cxt 0] Deparser 'deparser': start
[09:21:06.988] [bmv2] [D] [thread 108973] [55.0] [cxt 0] Updating checksum 'cksum'
[09:21:06.988] [bmv2] [D] [thread 108973] [55.0] [cxt 0] Deparsing header 'ethernet'
[09:21:06.988] [bmv2] [D] [thread 108973] [55.0] [cxt 0] Deparsing header 'ipv4'
[09:21:06.988] [bmv2] [D] [thread 108973] [55.0] [cxt 0] Deparser 'deparser': end
[09:21:06.988] [bmv2] [D] [thread 108975] [55.0] [cxt 0] Transmitting packet of size 308 out of port 2
[09:21:06.990] [bmv2] [D] [thread 108970] [56.0] [cxt 0] Processing packet received on port 2
[09:21:06.990] [bmv2] [D] [thread 108970] [56.0] [cxt 0] Parser 'parser': start
[09:21:06.990] [bmv2] [D] [thread 108970] [56.0] [cxt 0] Parser 'parser' entering state 'start'
[09:21:06.990] [bmv2] [D] [thread 108970] [56.0] [cxt 0] Extracting header 'ethernet'
[09:21:06.990] [bmv2] [D] [thread 108970] [56.0] [cxt 0] Parser state 'start': key is 0800
[09:21:06.990] [bmv2] [T] [thread 108970] [56.0] [cxt 0] Bytes parsed: 14
[09:21:06.990] [bmv2] [D] [thread 108970] [56.0] [cxt 0] Parser 'parser' entering state 'parse_ipv4'
[09:21:06.990] [bmv2] [D] [thread 108970] [56.0] [cxt 0] Extracting header 'ipv4'
[09:21:06.990] [bmv2] [D] [thread 108970] [56.0] [cxt 0] Parser state 'parse_ipv4' has no switch, going to default next state
[09:21:06.990] [bmv2] [T] [thread 108970] [56.0] [cxt 0] Bytes parsed: 34
[09:21:06.990] [bmv2] [D] [thread 108970] [56.0] [cxt 0] Parser 'parser': end
[09:21:06.990] [bmv2] [D] [thread 108970] [56.0] [cxt 0] Pipeline 'ingress': start
[09:21:06.990] [bmv2] [T] [thread 108970] [56.0] [cxt 0] switch.p4(116) Condition "hdr.ipv4.isValid()" (node_2) is true
[09:21:06.990] [bmv2] [T] [thread 108970] [56.0] [cxt 0] Applying table 'MyIngress.ipv4_lpm'
[09:21:06.990] [bmv2] [D] [thread 108970] [56.0] [cxt 0] Looking up key:
* hdr.ipv4.dstAddr    : 0a000202

[09:21:06.990] [bmv2] [D] [thread 108970] [56.0] [cxt 0] Table 'MyIngress.ipv4_lpm': hit with handle 1
[09:21:06.990] [bmv2] [D] [thread 108970] [56.0] [cxt 0] Dumping entry 1
Match key:
* hdr.ipv4.dstAddr    : LPM       0a000202/32
Action entry: MyIngress.ipv4_forward - 80000000222,1,

[09:21:06.990] [bmv2] [D] [thread 108970] [56.0] [cxt 0] Action entry is MyIngress.ipv4_forward - 80000000222,1,
[09:21:06.990] [bmv2] [T] [thread 108970] [56.0] [cxt 0] Action MyIngress.ipv4_forward
[09:21:06.990] [bmv2] [T] [thread 108970] [56.0] [cxt 0] switch.p4(96) Primitive standard_metadata.egress_spec = port
[09:21:06.990] [bmv2] [T] [thread 108970] [56.0] [cxt 0] switch.p4(97) Primitive hdr.ethernet.srcAddr = hdr.ethernet.dstAddr
[09:21:06.990] [bmv2] [T] [thread 108970] [56.0] [cxt 0] switch.p4(98) Primitive hdr.ethernet.dstAddr = dstAddr
[09:21:06.990] [bmv2] [T] [thread 108970] [56.0] [cxt 0] switch.p4(99) Primitive hdr.ipv4.ttl = hdr.ipv4.ttl - 1
[09:21:06.990] [bmv2] [D] [thread 108970] [56.0] [cxt 0] Pipeline 'ingress': end
[09:21:06.990] [bmv2] [D] [thread 108970] [56.0] [cxt 0] Egress port is 1
[09:21:06.990] [bmv2] [D] [thread 108972] [56.0] [cxt 0] Pipeline 'egress': start
[09:21:06.990] [bmv2] [D] [thread 108972] [56.0] [cxt 0] Pipeline 'egress': end
[09:21:06.990] [bmv2] [D] [thread 108972] [56.0] [cxt 0] Deparser 'deparser': start
[09:21:06.990] [bmv2] [D] [thread 108972] [56.0] [cxt 0] Updating checksum 'cksum'
[09:21:06.990] [bmv2] [D] [thread 108972] [56.0] [cxt 0] Deparsing header 'ethernet'
[09:21:06.990] [bmv2] [D] [thread 108972] [56.0] [cxt 0] Deparsing header 'ipv4'
[09:21:06.990] [bmv2] [D] [thread 108972] [56.0] [cxt 0] Deparser 'deparser': end
[09:21:06.990] [bmv2] [D] [thread 108975] [56.0] [cxt 0] Transmitting packet of size 336 out of port 1
[09:21:07.849] [bmv2] [D] [thread 108970] [57.0] [cxt 0] Processing packet received on port 1
[09:21:07.851] [bmv2] [D] [thread 108970] [57.0] [cxt 0] Parser 'parser': start
[09:21:07.851] [bmv2] [D] [thread 108970] [57.0] [cxt 0] Parser 'parser' entering state 'start'
[09:21:07.851] [bmv2] [D] [thread 108970] [57.0] [cxt 0] Extracting header 'ethernet'
[09:21:07.851] [bmv2] [D] [thread 108970] [57.0] [cxt 0] Parser state 'start': key is 86dd
[09:21:07.851] [bmv2] [T] [thread 108970] [57.0] [cxt 0] Bytes parsed: 14
[09:21:07.851] [bmv2] [D] [thread 108970] [57.0] [cxt 0] Parser 'parser': end
[09:21:07.851] [bmv2] [D] [thread 108970] [57.0] [cxt 0] Pipeline 'ingress': start
[09:21:07.851] [bmv2] [T] [thread 108970] [57.0] [cxt 0] switch.p4(116) Condition "hdr.ipv4.isValid()" (node_2) is false
[09:21:07.851] [bmv2] [D] [thread 108970] [57.0] [cxt 0] Pipeline 'ingress': end
[09:21:07.851] [bmv2] [D] [thread 108970] [57.0] [cxt 0] Egress port is 0
[09:21:07.851] [bmv2] [D] [thread 108971] [57.0] [cxt 0] Pipeline 'egress': start
[09:21:07.851] [bmv2] [D] [thread 108971] [57.0] [cxt 0] Pipeline 'egress': end
[09:21:07.851] [bmv2] [D] [thread 108971] [57.0] [cxt 0] Deparser 'deparser': start
[09:21:07.851] [bmv2] [T] [thread 108971] [57.0] [cxt 0] Skipping checksum 'cksum' update because condition not met
[09:21:07.851] [bmv2] [D] [thread 108971] [57.0] [cxt 0] Deparsing header 'ethernet'
[09:21:07.851] [bmv2] [D] [thread 108971] [57.0] [cxt 0] Deparser 'deparser': end
[09:21:07.851] [bmv2] [D] [thread 108975] [57.0] [cxt 0] Transmitting packet of size 203 out of port 0
[09:21:08.386] [bmv2] [D] [thread 108970] [58.0] [cxt 0] Processing packet received on port 2
[09:21:08.386] [bmv2] [D] [thread 108970] [58.0] [cxt 0] Parser 'parser': start
[09:21:08.386] [bmv2] [D] [thread 108970] [58.0] [cxt 0] Parser 'parser' entering state 'start'
[09:21:08.386] [bmv2] [D] [thread 108970] [58.0] [cxt 0] Extracting header 'ethernet'
[09:21:08.386] [bmv2] [D] [thread 108970] [58.0] [cxt 0] Parser state 'start': key is 86dd
[09:21:08.386] [bmv2] [T] [thread 108970] [58.0] [cxt 0] Bytes parsed: 14
[09:21:08.386] [bmv2] [D] [thread 108970] [58.0] [cxt 0] Parser 'parser': end
[09:21:08.386] [bmv2] [D] [thread 108970] [58.0] [cxt 0] Pipeline 'ingress': start
[09:21:08.386] [bmv2] [T] [thread 108970] [58.0] [cxt 0] switch.p4(116) Condition "hdr.ipv4.isValid()" (node_2) is false
[09:21:08.386] [bmv2] [D] [thread 108970] [58.0] [cxt 0] Pipeline 'ingress': end
[09:21:08.386] [bmv2] [D] [thread 108970] [58.0] [cxt 0] Egress port is 0
[09:21:08.386] [bmv2] [D] [thread 108970] [59.0] [cxt 0] Processing packet received on port 2
[09:21:08.386] [bmv2] [D] [thread 108970] [59.0] [cxt 0] Parser 'parser': start
[09:21:08.386] [bmv2] [D] [thread 108970] [59.0] [cxt 0] Parser 'parser' entering state 'start'
[09:21:08.386] [bmv2] [D] [thread 108970] [59.0] [cxt 0] Extracting header 'ethernet'
[09:21:08.386] [bmv2] [D] [thread 108970] [59.0] [cxt 0] Parser state 'start': key is 86dd
[09:21:08.386] [bmv2] [T] [thread 108970] [59.0] [cxt 0] Bytes parsed: 14
[09:21:08.386] [bmv2] [D] [thread 108970] [59.0] [cxt 0] Parser 'parser': end
[09:21:08.386] [bmv2] [D] [thread 108970] [59.0] [cxt 0] Pipeline 'ingress': start
[09:21:08.386] [bmv2] [T] [thread 108970] [59.0] [cxt 0] switch.p4(116) Condition "hdr.ipv4.isValid()" (node_2) is false
[09:21:08.386] [bmv2] [D] [thread 108970] [59.0] [cxt 0] Pipeline 'ingress': end
[09:21:08.386] [bmv2] [D] [thread 108970] [59.0] [cxt 0] Egress port is 0
[09:21:08.386] [bmv2] [D] [thread 108971] [58.0] [cxt 0] Pipeline 'egress': start
[09:21:08.386] [bmv2] [D] [thread 108971] [58.0] [cxt 0] Pipeline 'egress': end
[09:21:08.386] [bmv2] [D] [thread 108971] [58.0] [cxt 0] Deparser 'deparser': start
[09:21:08.386] [bmv2] [T] [thread 108971] [58.0] [cxt 0] Skipping checksum 'cksum' update because condition not met
[09:21:08.386] [bmv2] [D] [thread 108971] [58.0] [cxt 0] Deparsing header 'ethernet'
[09:21:08.386] [bmv2] [D] [thread 108971] [58.0] [cxt 0] Deparser 'deparser': end
[09:21:08.386] [bmv2] [D] [thread 108971] [59.0] [cxt 0] Pipeline 'egress': start
[09:21:08.386] [bmv2] [D] [thread 108971] [59.0] [cxt 0] Pipeline 'egress': end
[09:21:08.386] [bmv2] [D] [thread 108971] [59.0] [cxt 0] Deparser 'deparser': start
[09:21:08.386] [bmv2] [T] [thread 108971] [59.0] [cxt 0] Skipping checksum 'cksum' update because condition not met
[09:21:08.386] [bmv2] [D] [thread 108971] [59.0] [cxt 0] Deparsing header 'ethernet'
[09:21:08.386] [bmv2] [D] [thread 108971] [59.0] [cxt 0] Deparser 'deparser': end
[09:21:08.395] [bmv2] [D] [thread 108975] [58.0] [cxt 0] Transmitting packet of size 203 out of port 0
[09:21:08.395] [bmv2] [D] [thread 108975] [59.0] [cxt 0] Transmitting packet of size 203 out of port 0
[09:21:08.593] [bmv2] [D] [thread 108970] [60.0] [cxt 0] Processing packet received on port 2
[09:21:08.593] [bmv2] [D] [thread 108970] [60.0] [cxt 0] Parser 'parser': start
[09:21:08.593] [bmv2] [D] [thread 108970] [60.0] [cxt 0] Parser 'parser' entering state 'start'
[09:21:08.593] [bmv2] [D] [thread 108970] [60.0] [cxt 0] Extracting header 'ethernet'
[09:21:08.593] [bmv2] [D] [thread 108970] [60.0] [cxt 0] Parser state 'start': key is 0800
[09:21:08.593] [bmv2] [T] [thread 108970] [60.0] [cxt 0] Bytes parsed: 14
[09:21:08.593] [bmv2] [D] [thread 108970] [60.0] [cxt 0] Parser 'parser' entering state 'parse_ipv4'
[09:21:08.593] [bmv2] [D] [thread 108970] [60.0] [cxt 0] Extracting header 'ipv4'
[09:21:08.593] [bmv2] [D] [thread 108970] [60.0] [cxt 0] Parser state 'parse_ipv4' has no switch, going to default next state
[09:21:08.593] [bmv2] [T] [thread 108970] [60.0] [cxt 0] Bytes parsed: 34
[09:21:08.593] [bmv2] [D] [thread 108970] [60.0] [cxt 0] Parser 'parser': end
[09:21:08.593] [bmv2] [D] [thread 108970] [60.0] [cxt 0] Pipeline 'ingress': start
[09:21:08.593] [bmv2] [T] [thread 108970] [60.0] [cxt 0] switch.p4(116) Condition "hdr.ipv4.isValid()" (node_2) is true
[09:21:08.593] [bmv2] [T] [thread 108970] [60.0] [cxt 0] Applying table 'MyIngress.ipv4_lpm'
[09:21:08.593] [bmv2] [D] [thread 108970] [60.0] [cxt 0] Looking up key:
* hdr.ipv4.dstAddr    : 0a000202

[09:21:08.593] [bmv2] [D] [thread 108970] [60.0] [cxt 0] Table 'MyIngress.ipv4_lpm': hit with handle 1
[09:21:08.593] [bmv2] [D] [thread 108970] [60.0] [cxt 0] Dumping entry 1
Match key:
* hdr.ipv4.dstAddr    : LPM       0a000202/32
Action entry: MyIngress.ipv4_forward - 80000000222,1,

[09:21:08.593] [bmv2] [D] [thread 108970] [60.0] [cxt 0] Action entry is MyIngress.ipv4_forward - 80000000222,1,
[09:21:08.593] [bmv2] [T] [thread 108970] [60.0] [cxt 0] Action MyIngress.ipv4_forward
[09:21:08.593] [bmv2] [T] [thread 108970] [60.0] [cxt 0] switch.p4(96) Primitive standard_metadata.egress_spec = port
[09:21:08.593] [bmv2] [T] [thread 108970] [60.0] [cxt 0] switch.p4(97) Primitive hdr.ethernet.srcAddr = hdr.ethernet.dstAddr
[09:21:08.593] [bmv2] [T] [thread 108970] [60.0] [cxt 0] switch.p4(98) Primitive hdr.ethernet.dstAddr = dstAddr
[09:21:08.593] [bmv2] [T] [thread 108970] [60.0] [cxt 0] switch.p4(99) Primitive hdr.ipv4.ttl = hdr.ipv4.ttl - 1
[09:21:08.593] [bmv2] [D] [thread 108970] [60.0] [cxt 0] Pipeline 'ingress': end
[09:21:08.593] [bmv2] [D] [thread 108970] [60.0] [cxt 0] Egress port is 1
[09:21:08.593] [bmv2] [D] [thread 108972] [60.0] [cxt 0] Pipeline 'egress': start
[09:21:08.593] [bmv2] [D] [thread 108972] [60.0] [cxt 0] Pipeline 'egress': end
[09:21:08.593] [bmv2] [D] [thread 108972] [60.0] [cxt 0] Deparser 'deparser': start
[09:21:08.593] [bmv2] [D] [thread 108972] [60.0] [cxt 0] Updating checksum 'cksum'
[09:21:08.593] [bmv2] [D] [thread 108972] [60.0] [cxt 0] Deparsing header 'ethernet'
[09:21:08.593] [bmv2] [D] [thread 108972] [60.0] [cxt 0] Deparsing header 'ipv4'
[09:21:08.593] [bmv2] [D] [thread 108972] [60.0] [cxt 0] Deparser 'deparser': end
[09:21:08.593] [bmv2] [D] [thread 108975] [60.0] [cxt 0] Transmitting packet of size 48 out of port 1
[09:21:08.593] [bmv2] [D] [thread 108970] [61.0] [cxt 0] Processing packet received on port 1
[09:21:08.593] [bmv2] [D] [thread 108970] [61.0] [cxt 0] Parser 'parser': start
[09:21:08.593] [bmv2] [D] [thread 108970] [61.0] [cxt 0] Parser 'parser' entering state 'start'
[09:21:08.593] [bmv2] [D] [thread 108970] [61.0] [cxt 0] Extracting header 'ethernet'
[09:21:08.593] [bmv2] [D] [thread 108970] [61.0] [cxt 0] Parser state 'start': key is 0800
[09:21:08.593] [bmv2] [T] [thread 108970] [61.0] [cxt 0] Bytes parsed: 14
[09:21:08.593] [bmv2] [D] [thread 108970] [61.0] [cxt 0] Parser 'parser' entering state 'parse_ipv4'
[09:21:08.593] [bmv2] [D] [thread 108970] [61.0] [cxt 0] Extracting header 'ipv4'
[09:21:08.593] [bmv2] [D] [thread 108970] [61.0] [cxt 0] Parser state 'parse_ipv4' has no switch, going to default next state
[09:21:08.593] [bmv2] [T] [thread 108970] [61.0] [cxt 0] Bytes parsed: 34
[09:21:08.593] [bmv2] [D] [thread 108970] [61.0] [cxt 0] Parser 'parser': end
[09:21:08.593] [bmv2] [D] [thread 108970] [61.0] [cxt 0] Pipeline 'ingress': start
[09:21:08.593] [bmv2] [T] [thread 108970] [61.0] [cxt 0] switch.p4(116) Condition "hdr.ipv4.isValid()" (node_2) is true
[09:21:08.593] [bmv2] [T] [thread 108970] [61.0] [cxt 0] Applying table 'MyIngress.ipv4_lpm'
[09:21:08.593] [bmv2] [D] [thread 108970] [61.0] [cxt 0] Looking up key:
* hdr.ipv4.dstAddr    : 0a000101

[09:21:08.593] [bmv2] [D] [thread 108970] [61.0] [cxt 0] Table 'MyIngress.ipv4_lpm': hit with handle 0
[09:21:08.593] [bmv2] [D] [thread 108970] [61.0] [cxt 0] Dumping entry 0
Match key:
* hdr.ipv4.dstAddr    : LPM       0a000101/32
Action entry: MyIngress.ipv4_forward - 80000000200,2,

[09:21:08.593] [bmv2] [D] [thread 108970] [61.0] [cxt 0] Action entry is MyIngress.ipv4_forward - 80000000200,2,
[09:21:08.593] [bmv2] [T] [thread 108970] [61.0] [cxt 0] Action MyIngress.ipv4_forward
[09:21:08.593] [bmv2] [T] [thread 108970] [61.0] [cxt 0] switch.p4(96) Primitive standard_metadata.egress_spec = port
[09:21:08.593] [bmv2] [T] [thread 108970] [61.0] [cxt 0] switch.p4(97) Primitive hdr.ethernet.srcAddr = hdr.ethernet.dstAddr
[09:21:08.593] [bmv2] [T] [thread 108970] [61.0] [cxt 0] switch.p4(98) Primitive hdr.ethernet.dstAddr = dstAddr
[09:21:08.593] [bmv2] [T] [thread 108970] [61.0] [cxt 0] switch.p4(99) Primitive hdr.ipv4.ttl = hdr.ipv4.ttl - 1
[09:21:08.593] [bmv2] [D] [thread 108970] [61.0] [cxt 0] Pipeline 'ingress': end
[09:21:08.593] [bmv2] [D] [thread 108970] [61.0] [cxt 0] Egress port is 2
[09:21:08.593] [bmv2] [D] [thread 108973] [61.0] [cxt 0] Pipeline 'egress': start
[09:21:08.593] [bmv2] [D] [thread 108973] [61.0] [cxt 0] Pipeline 'egress': end
[09:21:08.593] [bmv2] [D] [thread 108973] [61.0] [cxt 0] Deparser 'deparser': start
[09:21:08.593] [bmv2] [D] [thread 108973] [61.0] [cxt 0] Updating checksum 'cksum'
[09:21:08.593] [bmv2] [D] [thread 108973] [61.0] [cxt 0] Deparsing header 'ethernet'
[09:21:08.593] [bmv2] [D] [thread 108973] [61.0] [cxt 0] Deparsing header 'ipv4'
[09:21:08.593] [bmv2] [D] [thread 108973] [61.0] [cxt 0] Deparser 'deparser': end
[09:21:08.593] [bmv2] [D] [thread 108975] [61.0] [cxt 0] Transmitting packet of size 76 out of port 2
[09:21:08.611] [bmv2] [D] [thread 108970] [62.0] [cxt 0] Processing packet received on port 1
[09:21:08.611] [bmv2] [D] [thread 108970] [62.0] [cxt 0] Parser 'parser': start
[09:21:08.611] [bmv2] [D] [thread 108970] [62.0] [cxt 0] Parser 'parser' entering state 'start'
[09:21:08.611] [bmv2] [D] [thread 108970] [62.0] [cxt 0] Extracting header 'ethernet'
[09:21:08.611] [bmv2] [D] [thread 108970] [62.0] [cxt 0] Parser state 'start': key is 0800
[09:21:08.611] [bmv2] [T] [thread 108970] [62.0] [cxt 0] Bytes parsed: 14
[09:21:08.611] [bmv2] [D] [thread 108970] [62.0] [cxt 0] Parser 'parser' entering state 'parse_ipv4'
[09:21:08.611] [bmv2] [D] [thread 108970] [62.0] [cxt 0] Extracting header 'ipv4'
[09:21:08.611] [bmv2] [D] [thread 108970] [62.0] [cxt 0] Parser state 'parse_ipv4' has no switch, going to default next state
[09:21:08.611] [bmv2] [T] [thread 108970] [62.0] [cxt 0] Bytes parsed: 34
[09:21:08.611] [bmv2] [D] [thread 108970] [62.0] [cxt 0] Parser 'parser': end
[09:21:08.611] [bmv2] [D] [thread 108970] [62.0] [cxt 0] Pipeline 'ingress': start
[09:21:08.611] [bmv2] [T] [thread 108970] [62.0] [cxt 0] switch.p4(116) Condition "hdr.ipv4.isValid()" (node_2) is true
[09:21:08.611] [bmv2] [T] [thread 108970] [62.0] [cxt 0] Applying table 'MyIngress.ipv4_lpm'
[09:21:08.611] [bmv2] [D] [thread 108970] [62.0] [cxt 0] Looking up key:
* hdr.ipv4.dstAddr    : 0a000101

[09:21:08.611] [bmv2] [D] [thread 108970] [62.0] [cxt 0] Table 'MyIngress.ipv4_lpm': hit with handle 0
[09:21:08.611] [bmv2] [D] [thread 108970] [62.0] [cxt 0] Dumping entry 0
Match key:
* hdr.ipv4.dstAddr    : LPM       0a000101/32
Action entry: MyIngress.ipv4_forward - 80000000200,2,

[09:21:08.611] [bmv2] [D] [thread 108970] [62.0] [cxt 0] Action entry is MyIngress.ipv4_forward - 80000000200,2,
[09:21:08.611] [bmv2] [T] [thread 108970] [62.0] [cxt 0] Action MyIngress.ipv4_forward
[09:21:08.611] [bmv2] [T] [thread 108970] [62.0] [cxt 0] switch.p4(96) Primitive standard_metadata.egress_spec = port
[09:21:08.611] [bmv2] [T] [thread 108970] [62.0] [cxt 0] switch.p4(97) Primitive hdr.ethernet.srcAddr = hdr.ethernet.dstAddr
[09:21:08.611] [bmv2] [T] [thread 108970] [62.0] [cxt 0] switch.p4(98) Primitive hdr.ethernet.dstAddr = dstAddr
[09:21:08.611] [bmv2] [T] [thread 108970] [62.0] [cxt 0] switch.p4(99) Primitive hdr.ipv4.ttl = hdr.ipv4.ttl - 1
[09:21:08.611] [bmv2] [D] [thread 108970] [62.0] [cxt 0] Pipeline 'ingress': end
[09:21:08.611] [bmv2] [D] [thread 108970] [62.0] [cxt 0] Egress port is 2
[09:21:08.612] [bmv2] [D] [thread 108973] [62.0] [cxt 0] Pipeline 'egress': start
[09:21:08.612] [bmv2] [D] [thread 108973] [62.0] [cxt 0] Pipeline 'egress': end
[09:21:08.612] [bmv2] [D] [thread 108973] [62.0] [cxt 0] Deparser 'deparser': start
[09:21:08.612] [bmv2] [D] [thread 108973] [62.0] [cxt 0] Updating checksum 'cksum'
[09:21:08.612] [bmv2] [D] [thread 108973] [62.0] [cxt 0] Deparsing header 'ethernet'
[09:21:08.612] [bmv2] [D] [thread 108973] [62.0] [cxt 0] Deparsing header 'ipv4'
[09:21:08.612] [bmv2] [D] [thread 108973] [62.0] [cxt 0] Deparser 'deparser': end
[09:21:08.612] [bmv2] [D] [thread 108975] [62.0] [cxt 0] Transmitting packet of size 308 out of port 2
[09:21:08.618] [bmv2] [D] [thread 108970] [63.0] [cxt 0] Processing packet received on port 2
[09:21:08.618] [bmv2] [D] [thread 108970] [63.0] [cxt 0] Parser 'parser': start
[09:21:08.618] [bmv2] [D] [thread 108970] [63.0] [cxt 0] Parser 'parser' entering state 'start'
[09:21:08.618] [bmv2] [D] [thread 108970] [63.0] [cxt 0] Extracting header 'ethernet'
[09:21:08.618] [bmv2] [D] [thread 108970] [63.0] [cxt 0] Parser state 'start': key is 0800
[09:21:08.618] [bmv2] [T] [thread 108970] [63.0] [cxt 0] Bytes parsed: 14
[09:21:08.618] [bmv2] [D] [thread 108970] [63.0] [cxt 0] Parser 'parser' entering state 'parse_ipv4'
[09:21:08.618] [bmv2] [D] [thread 108970] [63.0] [cxt 0] Extracting header 'ipv4'
[09:21:08.618] [bmv2] [D] [thread 108970] [63.0] [cxt 0] Parser state 'parse_ipv4' has no switch, going to default next state
[09:21:08.618] [bmv2] [T] [thread 108970] [63.0] [cxt 0] Bytes parsed: 34
[09:21:08.618] [bmv2] [D] [thread 108970] [63.0] [cxt 0] Parser 'parser': end
[09:21:08.618] [bmv2] [D] [thread 108970] [63.0] [cxt 0] Pipeline 'ingress': start
[09:21:08.618] [bmv2] [T] [thread 108970] [63.0] [cxt 0] switch.p4(116) Condition "hdr.ipv4.isValid()" (node_2) is true
[09:21:08.618] [bmv2] [T] [thread 108970] [63.0] [cxt 0] Applying table 'MyIngress.ipv4_lpm'
[09:21:08.618] [bmv2] [D] [thread 108970] [63.0] [cxt 0] Looking up key:
* hdr.ipv4.dstAddr    : 0a000202

[09:21:08.618] [bmv2] [D] [thread 108970] [63.0] [cxt 0] Table 'MyIngress.ipv4_lpm': hit with handle 1
[09:21:08.618] [bmv2] [D] [thread 108970] [63.0] [cxt 0] Dumping entry 1
Match key:
* hdr.ipv4.dstAddr    : LPM       0a000202/32
Action entry: MyIngress.ipv4_forward - 80000000222,1,

[09:21:08.618] [bmv2] [D] [thread 108970] [63.0] [cxt 0] Action entry is MyIngress.ipv4_forward - 80000000222,1,
[09:21:08.618] [bmv2] [T] [thread 108970] [63.0] [cxt 0] Action MyIngress.ipv4_forward
[09:21:08.618] [bmv2] [T] [thread 108970] [63.0] [cxt 0] switch.p4(96) Primitive standard_metadata.egress_spec = port
[09:21:08.618] [bmv2] [T] [thread 108970] [63.0] [cxt 0] switch.p4(97) Primitive hdr.ethernet.srcAddr = hdr.ethernet.dstAddr
[09:21:08.618] [bmv2] [T] [thread 108970] [63.0] [cxt 0] switch.p4(98) Primitive hdr.ethernet.dstAddr = dstAddr
[09:21:08.618] [bmv2] [T] [thread 108970] [63.0] [cxt 0] switch.p4(99) Primitive hdr.ipv4.ttl = hdr.ipv4.ttl - 1
[09:21:08.618] [bmv2] [D] [thread 108970] [63.0] [cxt 0] Pipeline 'ingress': end
[09:21:08.618] [bmv2] [D] [thread 108970] [63.0] [cxt 0] Egress port is 1
[09:21:08.618] [bmv2] [D] [thread 108972] [63.0] [cxt 0] Pipeline 'egress': start
[09:21:08.618] [bmv2] [D] [thread 108972] [63.0] [cxt 0] Pipeline 'egress': end
[09:21:08.618] [bmv2] [D] [thread 108972] [63.0] [cxt 0] Deparser 'deparser': start
[09:21:08.618] [bmv2] [D] [thread 108972] [63.0] [cxt 0] Updating checksum 'cksum'
[09:21:08.618] [bmv2] [D] [thread 108972] [63.0] [cxt 0] Deparsing header 'ethernet'
[09:21:08.618] [bmv2] [D] [thread 108972] [63.0] [cxt 0] Deparsing header 'ipv4'
[09:21:08.618] [bmv2] [D] [thread 108972] [63.0] [cxt 0] Deparser 'deparser': end
[09:21:08.618] [bmv2] [D] [thread 108975] [63.0] [cxt 0] Transmitting packet of size 336 out of port 1
[09:21:09.634] [bmv2] [D] [thread 108970] [64.0] [cxt 0] Processing packet received on port 2
[09:21:09.634] [bmv2] [D] [thread 108970] [64.0] [cxt 0] Parser 'parser': start
[09:21:09.634] [bmv2] [D] [thread 108970] [64.0] [cxt 0] Parser 'parser' entering state 'start'
[09:21:09.634] [bmv2] [D] [thread 108970] [64.0] [cxt 0] Extracting header 'ethernet'
[09:21:09.634] [bmv2] [D] [thread 108970] [64.0] [cxt 0] Parser state 'start': key is 0800
[09:21:09.634] [bmv2] [T] [thread 108970] [64.0] [cxt 0] Bytes parsed: 14
[09:21:09.634] [bmv2] [D] [thread 108970] [64.0] [cxt 0] Parser 'parser' entering state 'parse_ipv4'
[09:21:09.634] [bmv2] [D] [thread 108970] [64.0] [cxt 0] Extracting header 'ipv4'
[09:21:09.634] [bmv2] [D] [thread 108970] [64.0] [cxt 0] Parser state 'parse_ipv4' has no switch, going to default next state
[09:21:09.634] [bmv2] [T] [thread 108970] [64.0] [cxt 0] Bytes parsed: 34
[09:21:09.634] [bmv2] [D] [thread 108970] [64.0] [cxt 0] Parser 'parser': end
[09:21:09.634] [bmv2] [D] [thread 108970] [64.0] [cxt 0] Pipeline 'ingress': start
[09:21:09.634] [bmv2] [T] [thread 108970] [64.0] [cxt 0] switch.p4(116) Condition "hdr.ipv4.isValid()" (node_2) is true
[09:21:09.634] [bmv2] [T] [thread 108970] [64.0] [cxt 0] Applying table 'MyIngress.ipv4_lpm'
[09:21:09.634] [bmv2] [D] [thread 108970] [64.0] [cxt 0] Looking up key:
* hdr.ipv4.dstAddr    : 0a000202

[09:21:09.634] [bmv2] [D] [thread 108970] [64.0] [cxt 0] Table 'MyIngress.ipv4_lpm': hit with handle 1
[09:21:09.634] [bmv2] [D] [thread 108970] [64.0] [cxt 0] Dumping entry 1
Match key:
* hdr.ipv4.dstAddr    : LPM       0a000202/32
Action entry: MyIngress.ipv4_forward - 80000000222,1,

[09:21:09.634] [bmv2] [D] [thread 108970] [64.0] [cxt 0] Action entry is MyIngress.ipv4_forward - 80000000222,1,
[09:21:09.634] [bmv2] [T] [thread 108970] [64.0] [cxt 0] Action MyIngress.ipv4_forward
[09:21:09.634] [bmv2] [T] [thread 108970] [64.0] [cxt 0] switch.p4(96) Primitive standard_metadata.egress_spec = port
[09:21:09.634] [bmv2] [T] [thread 108970] [64.0] [cxt 0] switch.p4(97) Primitive hdr.ethernet.srcAddr = hdr.ethernet.dstAddr
[09:21:09.634] [bmv2] [T] [thread 108970] [64.0] [cxt 0] switch.p4(98) Primitive hdr.ethernet.dstAddr = dstAddr
[09:21:09.634] [bmv2] [T] [thread 108970] [64.0] [cxt 0] switch.p4(99) Primitive hdr.ipv4.ttl = hdr.ipv4.ttl - 1
[09:21:09.634] [bmv2] [D] [thread 108970] [64.0] [cxt 0] Pipeline 'ingress': end
[09:21:09.634] [bmv2] [D] [thread 108970] [64.0] [cxt 0] Egress port is 1
[09:21:09.634] [bmv2] [D] [thread 108972] [64.0] [cxt 0] Pipeline 'egress': start
[09:21:09.634] [bmv2] [D] [thread 108972] [64.0] [cxt 0] Pipeline 'egress': end
[09:21:09.634] [bmv2] [D] [thread 108972] [64.0] [cxt 0] Deparser 'deparser': start
[09:21:09.634] [bmv2] [D] [thread 108972] [64.0] [cxt 0] Updating checksum 'cksum'
[09:21:09.634] [bmv2] [D] [thread 108972] [64.0] [cxt 0] Deparsing header 'ethernet'
[09:21:09.634] [bmv2] [D] [thread 108972] [64.0] [cxt 0] Deparsing header 'ipv4'
[09:21:09.634] [bmv2] [D] [thread 108972] [64.0] [cxt 0] Deparser 'deparser': end
[09:21:09.634] [bmv2] [D] [thread 108975] [64.0] [cxt 0] Transmitting packet of size 48 out of port 1
[09:21:09.635] [bmv2] [D] [thread 108970] [65.0] [cxt 0] Processing packet received on port 1
[09:21:09.635] [bmv2] [D] [thread 108970] [65.0] [cxt 0] Parser 'parser': start
[09:21:09.635] [bmv2] [D] [thread 108970] [65.0] [cxt 0] Parser 'parser' entering state 'start'
[09:21:09.635] [bmv2] [D] [thread 108970] [65.0] [cxt 0] Extracting header 'ethernet'
[09:21:09.635] [bmv2] [D] [thread 108970] [65.0] [cxt 0] Parser state 'start': key is 0800
[09:21:09.635] [bmv2] [T] [thread 108970] [65.0] [cxt 0] Bytes parsed: 14
[09:21:09.635] [bmv2] [D] [thread 108970] [65.0] [cxt 0] Parser 'parser' entering state 'parse_ipv4'
[09:21:09.635] [bmv2] [D] [thread 108970] [65.0] [cxt 0] Extracting header 'ipv4'
[09:21:09.635] [bmv2] [D] [thread 108970] [65.0] [cxt 0] Parser state 'parse_ipv4' has no switch, going to default next state
[09:21:09.635] [bmv2] [T] [thread 108970] [65.0] [cxt 0] Bytes parsed: 34
[09:21:09.635] [bmv2] [D] [thread 108970] [65.0] [cxt 0] Parser 'parser': end
[09:21:09.635] [bmv2] [D] [thread 108970] [65.0] [cxt 0] Pipeline 'ingress': start
[09:21:09.635] [bmv2] [T] [thread 108970] [65.0] [cxt 0] switch.p4(116) Condition "hdr.ipv4.isValid()" (node_2) is true
[09:21:09.635] [bmv2] [T] [thread 108970] [65.0] [cxt 0] Applying table 'MyIngress.ipv4_lpm'
[09:21:09.635] [bmv2] [D] [thread 108970] [65.0] [cxt 0] Looking up key:
* hdr.ipv4.dstAddr    : 0a000101

[09:21:09.635] [bmv2] [D] [thread 108970] [65.0] [cxt 0] Table 'MyIngress.ipv4_lpm': hit with handle 0
[09:21:09.635] [bmv2] [D] [thread 108970] [65.0] [cxt 0] Dumping entry 0
Match key:
* hdr.ipv4.dstAddr    : LPM       0a000101/32
Action entry: MyIngress.ipv4_forward - 80000000200,2,

[09:21:09.635] [bmv2] [D] [thread 108970] [65.0] [cxt 0] Action entry is MyIngress.ipv4_forward - 80000000200,2,
[09:21:09.635] [bmv2] [T] [thread 108970] [65.0] [cxt 0] Action MyIngress.ipv4_forward
[09:21:09.635] [bmv2] [T] [thread 108970] [65.0] [cxt 0] switch.p4(96) Primitive standard_metadata.egress_spec = port
[09:21:09.635] [bmv2] [T] [thread 108970] [65.0] [cxt 0] switch.p4(97) Primitive hdr.ethernet.srcAddr = hdr.ethernet.dstAddr
[09:21:09.635] [bmv2] [T] [thread 108970] [65.0] [cxt 0] switch.p4(98) Primitive hdr.ethernet.dstAddr = dstAddr
[09:21:09.635] [bmv2] [T] [thread 108970] [65.0] [cxt 0] switch.p4(99) Primitive hdr.ipv4.ttl = hdr.ipv4.ttl - 1
[09:21:09.635] [bmv2] [D] [thread 108970] [65.0] [cxt 0] Pipeline 'ingress': end
[09:21:09.635] [bmv2] [D] [thread 108970] [65.0] [cxt 0] Egress port is 2
[09:21:09.635] [bmv2] [D] [thread 108973] [65.0] [cxt 0] Pipeline 'egress': start
[09:21:09.635] [bmv2] [D] [thread 108973] [65.0] [cxt 0] Pipeline 'egress': end
[09:21:09.635] [bmv2] [D] [thread 108973] [65.0] [cxt 0] Deparser 'deparser': start
[09:21:09.635] [bmv2] [D] [thread 108973] [65.0] [cxt 0] Updating checksum 'cksum'
[09:21:09.635] [bmv2] [D] [thread 108973] [65.0] [cxt 0] Deparsing header 'ethernet'
[09:21:09.635] [bmv2] [D] [thread 108973] [65.0] [cxt 0] Deparsing header 'ipv4'
[09:21:09.635] [bmv2] [D] [thread 108973] [65.0] [cxt 0] Deparser 'deparser': end
[09:21:09.635] [bmv2] [D] [thread 108975] [65.0] [cxt 0] Transmitting packet of size 76 out of port 2
[09:21:09.663] [bmv2] [D] [thread 108970] [66.0] [cxt 0] Processing packet received on port 1
[09:21:09.663] [bmv2] [D] [thread 108970] [66.0] [cxt 0] Parser 'parser': start
[09:21:09.663] [bmv2] [D] [thread 108970] [66.0] [cxt 0] Parser 'parser' entering state 'start'
[09:21:09.663] [bmv2] [D] [thread 108970] [66.0] [cxt 0] Extracting header 'ethernet'
[09:21:09.663] [bmv2] [D] [thread 108970] [66.0] [cxt 0] Parser state 'start': key is 0800
[09:21:09.663] [bmv2] [T] [thread 108970] [66.0] [cxt 0] Bytes parsed: 14
[09:21:09.663] [bmv2] [D] [thread 108970] [66.0] [cxt 0] Parser 'parser' entering state 'parse_ipv4'
[09:21:09.663] [bmv2] [D] [thread 108970] [66.0] [cxt 0] Extracting header 'ipv4'
[09:21:09.663] [bmv2] [D] [thread 108970] [66.0] [cxt 0] Parser state 'parse_ipv4' has no switch, going to default next state
[09:21:09.663] [bmv2] [T] [thread 108970] [66.0] [cxt 0] Bytes parsed: 34
[09:21:09.663] [bmv2] [D] [thread 108970] [66.0] [cxt 0] Parser 'parser': end
[09:21:09.663] [bmv2] [D] [thread 108970] [66.0] [cxt 0] Pipeline 'ingress': start
[09:21:09.663] [bmv2] [T] [thread 108970] [66.0] [cxt 0] switch.p4(116) Condition "hdr.ipv4.isValid()" (node_2) is true
[09:21:09.663] [bmv2] [T] [thread 108970] [66.0] [cxt 0] Applying table 'MyIngress.ipv4_lpm'
[09:21:09.663] [bmv2] [D] [thread 108970] [66.0] [cxt 0] Looking up key:
* hdr.ipv4.dstAddr    : 0a000101

[09:21:09.663] [bmv2] [D] [thread 108970] [66.0] [cxt 0] Table 'MyIngress.ipv4_lpm': hit with handle 0
[09:21:09.663] [bmv2] [D] [thread 108970] [66.0] [cxt 0] Dumping entry 0
Match key:
* hdr.ipv4.dstAddr    : LPM       0a000101/32
Action entry: MyIngress.ipv4_forward - 80000000200,2,

[09:21:09.663] [bmv2] [D] [thread 108970] [66.0] [cxt 0] Action entry is MyIngress.ipv4_forward - 80000000200,2,
[09:21:09.663] [bmv2] [T] [thread 108970] [66.0] [cxt 0] Action MyIngress.ipv4_forward
[09:21:09.663] [bmv2] [T] [thread 108970] [66.0] [cxt 0] switch.p4(96) Primitive standard_metadata.egress_spec = port
[09:21:09.663] [bmv2] [T] [thread 108970] [66.0] [cxt 0] switch.p4(97) Primitive hdr.ethernet.srcAddr = hdr.ethernet.dstAddr
[09:21:09.663] [bmv2] [T] [thread 108970] [66.0] [cxt 0] switch.p4(98) Primitive hdr.ethernet.dstAddr = dstAddr
[09:21:09.663] [bmv2] [T] [thread 108970] [66.0] [cxt 0] switch.p4(99) Primitive hdr.ipv4.ttl = hdr.ipv4.ttl - 1
[09:21:09.663] [bmv2] [D] [thread 108970] [66.0] [cxt 0] Pipeline 'ingress': end
[09:21:09.663] [bmv2] [D] [thread 108970] [66.0] [cxt 0] Egress port is 2
[09:21:09.663] [bmv2] [D] [thread 108973] [66.0] [cxt 0] Pipeline 'egress': start
[09:21:09.663] [bmv2] [D] [thread 108973] [66.0] [cxt 0] Pipeline 'egress': end
[09:21:09.663] [bmv2] [D] [thread 108973] [66.0] [cxt 0] Deparser 'deparser': start
[09:21:09.663] [bmv2] [D] [thread 108973] [66.0] [cxt 0] Updating checksum 'cksum'
[09:21:09.663] [bmv2] [D] [thread 108973] [66.0] [cxt 0] Deparsing header 'ethernet'
[09:21:09.663] [bmv2] [D] [thread 108973] [66.0] [cxt 0] Deparsing header 'ipv4'
[09:21:09.663] [bmv2] [D] [thread 108973] [66.0] [cxt 0] Deparser 'deparser': end
[09:21:09.663] [bmv2] [D] [thread 108975] [66.0] [cxt 0] Transmitting packet of size 308 out of port 2
[09:21:09.669] [bmv2] [D] [thread 108970] [67.0] [cxt 0] Processing packet received on port 2
[09:21:09.669] [bmv2] [D] [thread 108970] [67.0] [cxt 0] Parser 'parser': start
[09:21:09.669] [bmv2] [D] [thread 108970] [67.0] [cxt 0] Parser 'parser' entering state 'start'
[09:21:09.669] [bmv2] [D] [thread 108970] [67.0] [cxt 0] Extracting header 'ethernet'
[09:21:09.669] [bmv2] [D] [thread 108970] [67.0] [cxt 0] Parser state 'start': key is 0800
[09:21:09.669] [bmv2] [T] [thread 108970] [67.0] [cxt 0] Bytes parsed: 14
[09:21:09.669] [bmv2] [D] [thread 108970] [67.0] [cxt 0] Parser 'parser' entering state 'parse_ipv4'
[09:21:09.669] [bmv2] [D] [thread 108970] [67.0] [cxt 0] Extracting header 'ipv4'
[09:21:09.669] [bmv2] [D] [thread 108970] [67.0] [cxt 0] Parser state 'parse_ipv4' has no switch, going to default next state
[09:21:09.669] [bmv2] [T] [thread 108970] [67.0] [cxt 0] Bytes parsed: 34
[09:21:09.669] [bmv2] [D] [thread 108970] [67.0] [cxt 0] Parser 'parser': end
[09:21:09.669] [bmv2] [D] [thread 108970] [67.0] [cxt 0] Pipeline 'ingress': start
[09:21:09.669] [bmv2] [T] [thread 108970] [67.0] [cxt 0] switch.p4(116) Condition "hdr.ipv4.isValid()" (node_2) is true
[09:21:09.669] [bmv2] [T] [thread 108970] [67.0] [cxt 0] Applying table 'MyIngress.ipv4_lpm'
[09:21:09.669] [bmv2] [D] [thread 108970] [67.0] [cxt 0] Looking up key:
* hdr.ipv4.dstAddr    : 0a000202

[09:21:09.669] [bmv2] [D] [thread 108970] [67.0] [cxt 0] Table 'MyIngress.ipv4_lpm': hit with handle 1
[09:21:09.669] [bmv2] [D] [thread 108970] [67.0] [cxt 0] Dumping entry 1
Match key:
* hdr.ipv4.dstAddr    : LPM       0a000202/32
Action entry: MyIngress.ipv4_forward - 80000000222,1,

[09:21:09.669] [bmv2] [D] [thread 108970] [67.0] [cxt 0] Action entry is MyIngress.ipv4_forward - 80000000222,1,
[09:21:09.669] [bmv2] [T] [thread 108970] [67.0] [cxt 0] Action MyIngress.ipv4_forward
[09:21:09.669] [bmv2] [T] [thread 108970] [67.0] [cxt 0] switch.p4(96) Primitive standard_metadata.egress_spec = port
[09:21:09.669] [bmv2] [T] [thread 108970] [67.0] [cxt 0] switch.p4(97) Primitive hdr.ethernet.srcAddr = hdr.ethernet.dstAddr
[09:21:09.669] [bmv2] [T] [thread 108970] [67.0] [cxt 0] switch.p4(98) Primitive hdr.ethernet.dstAddr = dstAddr
[09:21:09.669] [bmv2] [T] [thread 108970] [67.0] [cxt 0] switch.p4(99) Primitive hdr.ipv4.ttl = hdr.ipv4.ttl - 1
[09:21:09.669] [bmv2] [D] [thread 108970] [67.0] [cxt 0] Pipeline 'ingress': end
[09:21:09.669] [bmv2] [D] [thread 108970] [67.0] [cxt 0] Egress port is 1
[09:21:09.669] [bmv2] [D] [thread 108972] [67.0] [cxt 0] Pipeline 'egress': start
[09:21:09.669] [bmv2] [D] [thread 108972] [67.0] [cxt 0] Pipeline 'egress': end
[09:21:09.669] [bmv2] [D] [thread 108972] [67.0] [cxt 0] Deparser 'deparser': start
[09:21:09.669] [bmv2] [D] [thread 108972] [67.0] [cxt 0] Updating checksum 'cksum'
[09:21:09.669] [bmv2] [D] [thread 108972] [67.0] [cxt 0] Deparsing header 'ethernet'
[09:21:09.669] [bmv2] [D] [thread 108972] [67.0] [cxt 0] Deparsing header 'ipv4'
[09:21:09.669] [bmv2] [D] [thread 108972] [67.0] [cxt 0] Deparser 'deparser': end
[09:21:09.669] [bmv2] [D] [thread 108975] [67.0] [cxt 0] Transmitting packet of size 336 out of port 1
[09:21:10.569] [bmv2] [D] [thread 108970] [68.0] [cxt 0] Processing packet received on port 2
[09:21:10.569] [bmv2] [D] [thread 108970] [68.0] [cxt 0] Parser 'parser': start
[09:21:10.570] [bmv2] [D] [thread 108970] [68.0] [cxt 0] Parser 'parser' entering state 'start'
[09:21:10.570] [bmv2] [D] [thread 108970] [68.0] [cxt 0] Extracting header 'ethernet'
[09:21:10.570] [bmv2] [D] [thread 108970] [68.0] [cxt 0] Parser state 'start': key is 0800
[09:21:10.570] [bmv2] [T] [thread 108970] [68.0] [cxt 0] Bytes parsed: 14
[09:21:10.570] [bmv2] [D] [thread 108970] [68.0] [cxt 0] Parser 'parser' entering state 'parse_ipv4'
[09:21:10.570] [bmv2] [D] [thread 108970] [68.0] [cxt 0] Extracting header 'ipv4'
[09:21:10.570] [bmv2] [D] [thread 108970] [68.0] [cxt 0] Parser state 'parse_ipv4' has no switch, going to default next state
[09:21:10.570] [bmv2] [T] [thread 108970] [68.0] [cxt 0] Bytes parsed: 34
[09:21:10.570] [bmv2] [D] [thread 108970] [68.0] [cxt 0] Parser 'parser': end
[09:21:10.570] [bmv2] [D] [thread 108970] [68.0] [cxt 0] Pipeline 'ingress': start
[09:21:10.570] [bmv2] [T] [thread 108970] [68.0] [cxt 0] switch.p4(116) Condition "hdr.ipv4.isValid()" (node_2) is true
[09:21:10.570] [bmv2] [T] [thread 108970] [68.0] [cxt 0] Applying table 'MyIngress.ipv4_lpm'
[09:21:10.570] [bmv2] [D] [thread 108970] [68.0] [cxt 0] Looking up key:
* hdr.ipv4.dstAddr    : 0a000202

[09:21:10.570] [bmv2] [D] [thread 108970] [68.0] [cxt 0] Table 'MyIngress.ipv4_lpm': hit with handle 1
[09:21:10.570] [bmv2] [D] [thread 108970] [68.0] [cxt 0] Dumping entry 1
Match key:
* hdr.ipv4.dstAddr    : LPM       0a000202/32
Action entry: MyIngress.ipv4_forward - 80000000222,1,

[09:21:10.570] [bmv2] [D] [thread 108970] [68.0] [cxt 0] Action entry is MyIngress.ipv4_forward - 80000000222,1,
[09:21:10.570] [bmv2] [T] [thread 108970] [68.0] [cxt 0] Action MyIngress.ipv4_forward
[09:21:10.570] [bmv2] [T] [thread 108970] [68.0] [cxt 0] switch.p4(96) Primitive standard_metadata.egress_spec = port
[09:21:10.570] [bmv2] [T] [thread 108970] [68.0] [cxt 0] switch.p4(97) Primitive hdr.ethernet.srcAddr = hdr.ethernet.dstAddr
[09:21:10.570] [bmv2] [T] [thread 108970] [68.0] [cxt 0] switch.p4(98) Primitive hdr.ethernet.dstAddr = dstAddr
[09:21:10.570] [bmv2] [T] [thread 108970] [68.0] [cxt 0] switch.p4(99) Primitive hdr.ipv4.ttl = hdr.ipv4.ttl - 1
[09:21:10.570] [bmv2] [D] [thread 108970] [68.0] [cxt 0] Pipeline 'ingress': end
[09:21:10.570] [bmv2] [D] [thread 108970] [68.0] [cxt 0] Egress port is 1
[09:21:10.570] [bmv2] [D] [thread 108972] [68.0] [cxt 0] Pipeline 'egress': start
[09:21:10.570] [bmv2] [D] [thread 108972] [68.0] [cxt 0] Pipeline 'egress': end
[09:21:10.570] [bmv2] [D] [thread 108972] [68.0] [cxt 0] Deparser 'deparser': start
[09:21:10.570] [bmv2] [D] [thread 108972] [68.0] [cxt 0] Updating checksum 'cksum'
[09:21:10.570] [bmv2] [D] [thread 108972] [68.0] [cxt 0] Deparsing header 'ethernet'
[09:21:10.570] [bmv2] [D] [thread 108972] [68.0] [cxt 0] Deparsing header 'ipv4'
[09:21:10.570] [bmv2] [D] [thread 108972] [68.0] [cxt 0] Deparser 'deparser': end
[09:21:10.571] [bmv2] [D] [thread 108975] [68.0] [cxt 0] Transmitting packet of size 48 out of port 1
[09:21:10.572] [bmv2] [D] [thread 108970] [69.0] [cxt 0] Processing packet received on port 1
[09:21:10.572] [bmv2] [D] [thread 108970] [69.0] [cxt 0] Parser 'parser': start
[09:21:10.572] [bmv2] [D] [thread 108970] [69.0] [cxt 0] Parser 'parser' entering state 'start'
[09:21:10.572] [bmv2] [D] [thread 108970] [69.0] [cxt 0] Extracting header 'ethernet'
[09:21:10.572] [bmv2] [D] [thread 108970] [69.0] [cxt 0] Parser state 'start': key is 0800
[09:21:10.572] [bmv2] [T] [thread 108970] [69.0] [cxt 0] Bytes parsed: 14
[09:21:10.572] [bmv2] [D] [thread 108970] [69.0] [cxt 0] Parser 'parser' entering state 'parse_ipv4'
[09:21:10.572] [bmv2] [D] [thread 108970] [69.0] [cxt 0] Extracting header 'ipv4'
[09:21:10.572] [bmv2] [D] [thread 108970] [69.0] [cxt 0] Parser state 'parse_ipv4' has no switch, going to default next state
[09:21:10.572] [bmv2] [T] [thread 108970] [69.0] [cxt 0] Bytes parsed: 34
[09:21:10.572] [bmv2] [D] [thread 108970] [69.0] [cxt 0] Parser 'parser': end
[09:21:10.572] [bmv2] [D] [thread 108970] [69.0] [cxt 0] Pipeline 'ingress': start
[09:21:10.572] [bmv2] [T] [thread 108970] [69.0] [cxt 0] switch.p4(116) Condition "hdr.ipv4.isValid()" (node_2) is true
[09:21:10.572] [bmv2] [T] [thread 108970] [69.0] [cxt 0] Applying table 'MyIngress.ipv4_lpm'
[09:21:10.572] [bmv2] [D] [thread 108970] [69.0] [cxt 0] Looking up key:
* hdr.ipv4.dstAddr    : 0a000101

[09:21:10.572] [bmv2] [D] [thread 108970] [69.0] [cxt 0] Table 'MyIngress.ipv4_lpm': hit with handle 0
[09:21:10.572] [bmv2] [D] [thread 108970] [69.0] [cxt 0] Dumping entry 0
Match key:
* hdr.ipv4.dstAddr    : LPM       0a000101/32
Action entry: MyIngress.ipv4_forward - 80000000200,2,

[09:21:10.572] [bmv2] [D] [thread 108970] [69.0] [cxt 0] Action entry is MyIngress.ipv4_forward - 80000000200,2,
[09:21:10.572] [bmv2] [T] [thread 108970] [69.0] [cxt 0] Action MyIngress.ipv4_forward
[09:21:10.572] [bmv2] [T] [thread 108970] [69.0] [cxt 0] switch.p4(96) Primitive standard_metadata.egress_spec = port
[09:21:10.572] [bmv2] [T] [thread 108970] [69.0] [cxt 0] switch.p4(97) Primitive hdr.ethernet.srcAddr = hdr.ethernet.dstAddr
[09:21:10.572] [bmv2] [T] [thread 108970] [69.0] [cxt 0] switch.p4(98) Primitive hdr.ethernet.dstAddr = dstAddr
[09:21:10.572] [bmv2] [T] [thread 108970] [69.0] [cxt 0] switch.p4(99) Primitive hdr.ipv4.ttl = hdr.ipv4.ttl - 1
[09:21:10.572] [bmv2] [D] [thread 108970] [69.0] [cxt 0] Pipeline 'ingress': end
[09:21:10.572] [bmv2] [D] [thread 108970] [69.0] [cxt 0] Egress port is 2
[09:21:10.572] [bmv2] [D] [thread 108973] [69.0] [cxt 0] Pipeline 'egress': start
[09:21:10.572] [bmv2] [D] [thread 108973] [69.0] [cxt 0] Pipeline 'egress': end
[09:21:10.572] [bmv2] [D] [thread 108973] [69.0] [cxt 0] Deparser 'deparser': start
[09:21:10.572] [bmv2] [D] [thread 108973] [69.0] [cxt 0] Updating checksum 'cksum'
[09:21:10.572] [bmv2] [D] [thread 108973] [69.0] [cxt 0] Deparsing header 'ethernet'
[09:21:10.572] [bmv2] [D] [thread 108973] [69.0] [cxt 0] Deparsing header 'ipv4'
[09:21:10.572] [bmv2] [D] [thread 108973] [69.0] [cxt 0] Deparser 'deparser': end
[09:21:10.572] [bmv2] [D] [thread 108975] [69.0] [cxt 0] Transmitting packet of size 76 out of port 2
[09:21:10.579] [bmv2] [D] [thread 108970] [70.0] [cxt 0] Processing packet received on port 1
[09:21:10.579] [bmv2] [D] [thread 108970] [70.0] [cxt 0] Parser 'parser': start
[09:21:10.579] [bmv2] [D] [thread 108970] [70.0] [cxt 0] Parser 'parser' entering state 'start'
[09:21:10.580] [bmv2] [D] [thread 108970] [70.0] [cxt 0] Extracting header 'ethernet'
[09:21:10.580] [bmv2] [D] [thread 108970] [70.0] [cxt 0] Parser state 'start': key is 0800
[09:21:10.580] [bmv2] [T] [thread 108970] [70.0] [cxt 0] Bytes parsed: 14
[09:21:10.580] [bmv2] [D] [thread 108970] [70.0] [cxt 0] Parser 'parser' entering state 'parse_ipv4'
[09:21:10.580] [bmv2] [D] [thread 108970] [70.0] [cxt 0] Extracting header 'ipv4'
[09:21:10.580] [bmv2] [D] [thread 108970] [70.0] [cxt 0] Parser state 'parse_ipv4' has no switch, going to default next state
[09:21:10.580] [bmv2] [T] [thread 108970] [70.0] [cxt 0] Bytes parsed: 34
[09:21:10.580] [bmv2] [D] [thread 108970] [70.0] [cxt 0] Parser 'parser': end
[09:21:10.580] [bmv2] [D] [thread 108970] [70.0] [cxt 0] Pipeline 'ingress': start
[09:21:10.580] [bmv2] [T] [thread 108970] [70.0] [cxt 0] switch.p4(116) Condition "hdr.ipv4.isValid()" (node_2) is true
[09:21:10.580] [bmv2] [T] [thread 108970] [70.0] [cxt 0] Applying table 'MyIngress.ipv4_lpm'
[09:21:10.580] [bmv2] [D] [thread 108970] [70.0] [cxt 0] Looking up key:
* hdr.ipv4.dstAddr    : 0a000101

[09:21:10.580] [bmv2] [D] [thread 108970] [70.0] [cxt 0] Table 'MyIngress.ipv4_lpm': hit with handle 0
[09:21:10.580] [bmv2] [D] [thread 108970] [70.0] [cxt 0] Dumping entry 0
Match key:
* hdr.ipv4.dstAddr    : LPM       0a000101/32
Action entry: MyIngress.ipv4_forward - 80000000200,2,

[09:21:10.580] [bmv2] [D] [thread 108970] [70.0] [cxt 0] Action entry is MyIngress.ipv4_forward - 80000000200,2,
[09:21:10.580] [bmv2] [T] [thread 108970] [70.0] [cxt 0] Action MyIngress.ipv4_forward
[09:21:10.580] [bmv2] [T] [thread 108970] [70.0] [cxt 0] switch.p4(96) Primitive standard_metadata.egress_spec = port
[09:21:10.580] [bmv2] [T] [thread 108970] [70.0] [cxt 0] switch.p4(97) Primitive hdr.ethernet.srcAddr = hdr.ethernet.dstAddr
[09:21:10.580] [bmv2] [T] [thread 108970] [70.0] [cxt 0] switch.p4(98) Primitive hdr.ethernet.dstAddr = dstAddr
[09:21:10.580] [bmv2] [T] [thread 108970] [70.0] [cxt 0] switch.p4(99) Primitive hdr.ipv4.ttl = hdr.ipv4.ttl - 1
[09:21:10.580] [bmv2] [D] [thread 108970] [70.0] [cxt 0] Pipeline 'ingress': end
[09:21:10.580] [bmv2] [D] [thread 108970] [70.0] [cxt 0] Egress port is 2
[09:21:10.580] [bmv2] [D] [thread 108973] [70.0] [cxt 0] Pipeline 'egress': start
[09:21:10.580] [bmv2] [D] [thread 108973] [70.0] [cxt 0] Pipeline 'egress': end
[09:21:10.580] [bmv2] [D] [thread 108973] [70.0] [cxt 0] Deparser 'deparser': start
[09:21:10.580] [bmv2] [D] [thread 108973] [70.0] [cxt 0] Updating checksum 'cksum'
[09:21:10.580] [bmv2] [D] [thread 108973] [70.0] [cxt 0] Deparsing header 'ethernet'
[09:21:10.580] [bmv2] [D] [thread 108973] [70.0] [cxt 0] Deparsing header 'ipv4'
[09:21:10.580] [bmv2] [D] [thread 108973] [70.0] [cxt 0] Deparser 'deparser': end
[09:21:10.580] [bmv2] [D] [thread 108975] [70.0] [cxt 0] Transmitting packet of size 308 out of port 2
[09:21:10.588] [bmv2] [D] [thread 108970] [71.0] [cxt 0] Processing packet received on port 2
[09:21:10.588] [bmv2] [D] [thread 108970] [71.0] [cxt 0] Parser 'parser': start
[09:21:10.589] [bmv2] [D] [thread 108970] [71.0] [cxt 0] Parser 'parser' entering state 'start'
[09:21:10.589] [bmv2] [D] [thread 108970] [71.0] [cxt 0] Extracting header 'ethernet'
[09:21:10.589] [bmv2] [D] [thread 108970] [71.0] [cxt 0] Parser state 'start': key is 0800
[09:21:10.589] [bmv2] [T] [thread 108970] [71.0] [cxt 0] Bytes parsed: 14
[09:21:10.589] [bmv2] [D] [thread 108970] [71.0] [cxt 0] Parser 'parser' entering state 'parse_ipv4'
[09:21:10.589] [bmv2] [D] [thread 108970] [71.0] [cxt 0] Extracting header 'ipv4'
[09:21:10.589] [bmv2] [D] [thread 108970] [71.0] [cxt 0] Parser state 'parse_ipv4' has no switch, going to default next state
[09:21:10.589] [bmv2] [T] [thread 108970] [71.0] [cxt 0] Bytes parsed: 34
[09:21:10.589] [bmv2] [D] [thread 108970] [71.0] [cxt 0] Parser 'parser': end
[09:21:10.589] [bmv2] [D] [thread 108970] [71.0] [cxt 0] Pipeline 'ingress': start
[09:21:10.589] [bmv2] [T] [thread 108970] [71.0] [cxt 0] switch.p4(116) Condition "hdr.ipv4.isValid()" (node_2) is true
[09:21:10.589] [bmv2] [T] [thread 108970] [71.0] [cxt 0] Applying table 'MyIngress.ipv4_lpm'
[09:21:10.589] [bmv2] [D] [thread 108970] [71.0] [cxt 0] Looking up key:
* hdr.ipv4.dstAddr    : 0a000202

[09:21:10.589] [bmv2] [D] [thread 108970] [71.0] [cxt 0] Table 'MyIngress.ipv4_lpm': hit with handle 1
[09:21:10.589] [bmv2] [D] [thread 108970] [71.0] [cxt 0] Dumping entry 1
Match key:
* hdr.ipv4.dstAddr    : LPM       0a000202/32
Action entry: MyIngress.ipv4_forward - 80000000222,1,

[09:21:10.589] [bmv2] [D] [thread 108970] [71.0] [cxt 0] Action entry is MyIngress.ipv4_forward - 80000000222,1,
[09:21:10.589] [bmv2] [T] [thread 108970] [71.0] [cxt 0] Action MyIngress.ipv4_forward
[09:21:10.589] [bmv2] [T] [thread 108970] [71.0] [cxt 0] switch.p4(96) Primitive standard_metadata.egress_spec = port
[09:21:10.589] [bmv2] [T] [thread 108970] [71.0] [cxt 0] switch.p4(97) Primitive hdr.ethernet.srcAddr = hdr.ethernet.dstAddr
[09:21:10.589] [bmv2] [T] [thread 108970] [71.0] [cxt 0] switch.p4(98) Primitive hdr.ethernet.dstAddr = dstAddr
[09:21:10.589] [bmv2] [T] [thread 108970] [71.0] [cxt 0] switch.p4(99) Primitive hdr.ipv4.ttl = hdr.ipv4.ttl - 1
[09:21:10.589] [bmv2] [D] [thread 108970] [71.0] [cxt 0] Pipeline 'ingress': end
[09:21:10.589] [bmv2] [D] [thread 108970] [71.0] [cxt 0] Egress port is 1
[09:21:10.589] [bmv2] [D] [thread 108972] [71.0] [cxt 0] Pipeline 'egress': start
[09:21:10.589] [bmv2] [D] [thread 108972] [71.0] [cxt 0] Pipeline 'egress': end
[09:21:10.589] [bmv2] [D] [thread 108972] [71.0] [cxt 0] Deparser 'deparser': start
[09:21:10.589] [bmv2] [D] [thread 108972] [71.0] [cxt 0] Updating checksum 'cksum'
[09:21:10.589] [bmv2] [D] [thread 108972] [71.0] [cxt 0] Deparsing header 'ethernet'
[09:21:10.589] [bmv2] [D] [thread 108972] [71.0] [cxt 0] Deparsing header 'ipv4'
[09:21:10.589] [bmv2] [D] [thread 108972] [71.0] [cxt 0] Deparser 'deparser': end
[09:21:10.589] [bmv2] [D] [thread 108975] [71.0] [cxt 0] Transmitting packet of size 336 out of port 1
[09:21:11.622] [bmv2] [D] [thread 108970] [72.0] [cxt 0] Processing packet received on port 2
[09:21:11.622] [bmv2] [D] [thread 108970] [72.0] [cxt 0] Parser 'parser': start
[09:21:11.622] [bmv2] [D] [thread 108970] [72.0] [cxt 0] Parser 'parser' entering state 'start'
[09:21:11.622] [bmv2] [D] [thread 108970] [72.0] [cxt 0] Extracting header 'ethernet'
[09:21:11.622] [bmv2] [D] [thread 108970] [72.0] [cxt 0] Parser state 'start': key is 0800
[09:21:11.622] [bmv2] [T] [thread 108970] [72.0] [cxt 0] Bytes parsed: 14
[09:21:11.622] [bmv2] [D] [thread 108970] [72.0] [cxt 0] Parser 'parser' entering state 'parse_ipv4'
[09:21:11.622] [bmv2] [D] [thread 108970] [72.0] [cxt 0] Extracting header 'ipv4'
[09:21:11.622] [bmv2] [D] [thread 108970] [72.0] [cxt 0] Parser state 'parse_ipv4' has no switch, going to default next state
[09:21:11.622] [bmv2] [T] [thread 108970] [72.0] [cxt 0] Bytes parsed: 34
[09:21:11.622] [bmv2] [D] [thread 108970] [72.0] [cxt 0] Parser 'parser': end
[09:21:11.622] [bmv2] [D] [thread 108970] [72.0] [cxt 0] Pipeline 'ingress': start
[09:21:11.622] [bmv2] [T] [thread 108970] [72.0] [cxt 0] switch.p4(116) Condition "hdr.ipv4.isValid()" (node_2) is true
[09:21:11.622] [bmv2] [T] [thread 108970] [72.0] [cxt 0] Applying table 'MyIngress.ipv4_lpm'
[09:21:11.622] [bmv2] [D] [thread 108970] [72.0] [cxt 0] Looking up key:
* hdr.ipv4.dstAddr    : 0a000202

[09:21:11.622] [bmv2] [D] [thread 108970] [72.0] [cxt 0] Table 'MyIngress.ipv4_lpm': hit with handle 1
[09:21:11.622] [bmv2] [D] [thread 108970] [72.0] [cxt 0] Dumping entry 1
Match key:
* hdr.ipv4.dstAddr    : LPM       0a000202/32
Action entry: MyIngress.ipv4_forward - 80000000222,1,

[09:21:11.622] [bmv2] [D] [thread 108970] [72.0] [cxt 0] Action entry is MyIngress.ipv4_forward - 80000000222,1,
[09:21:11.622] [bmv2] [T] [thread 108970] [72.0] [cxt 0] Action MyIngress.ipv4_forward
[09:21:11.622] [bmv2] [T] [thread 108970] [72.0] [cxt 0] switch.p4(96) Primitive standard_metadata.egress_spec = port
[09:21:11.622] [bmv2] [T] [thread 108970] [72.0] [cxt 0] switch.p4(97) Primitive hdr.ethernet.srcAddr = hdr.ethernet.dstAddr
[09:21:11.622] [bmv2] [T] [thread 108970] [72.0] [cxt 0] switch.p4(98) Primitive hdr.ethernet.dstAddr = dstAddr
[09:21:11.622] [bmv2] [T] [thread 108970] [72.0] [cxt 0] switch.p4(99) Primitive hdr.ipv4.ttl = hdr.ipv4.ttl - 1
[09:21:11.622] [bmv2] [D] [thread 108970] [72.0] [cxt 0] Pipeline 'ingress': end
[09:21:11.622] [bmv2] [D] [thread 108970] [72.0] [cxt 0] Egress port is 1
[09:21:11.622] [bmv2] [D] [thread 108972] [72.0] [cxt 0] Pipeline 'egress': start
[09:21:11.622] [bmv2] [D] [thread 108972] [72.0] [cxt 0] Pipeline 'egress': end
[09:21:11.622] [bmv2] [D] [thread 108972] [72.0] [cxt 0] Deparser 'deparser': start
[09:21:11.622] [bmv2] [D] [thread 108972] [72.0] [cxt 0] Updating checksum 'cksum'
[09:21:11.622] [bmv2] [D] [thread 108972] [72.0] [cxt 0] Deparsing header 'ethernet'
[09:21:11.622] [bmv2] [D] [thread 108972] [72.0] [cxt 0] Deparsing header 'ipv4'
[09:21:11.622] [bmv2] [D] [thread 108972] [72.0] [cxt 0] Deparser 'deparser': end
[09:21:11.622] [bmv2] [D] [thread 108975] [72.0] [cxt 0] Transmitting packet of size 48 out of port 1
[09:21:11.622] [bmv2] [D] [thread 108970] [73.0] [cxt 0] Processing packet received on port 1
[09:21:11.622] [bmv2] [D] [thread 108970] [73.0] [cxt 0] Parser 'parser': start
[09:21:11.622] [bmv2] [D] [thread 108970] [73.0] [cxt 0] Parser 'parser' entering state 'start'
[09:21:11.622] [bmv2] [D] [thread 108970] [73.0] [cxt 0] Extracting header 'ethernet'
[09:21:11.622] [bmv2] [D] [thread 108970] [73.0] [cxt 0] Parser state 'start': key is 0800
[09:21:11.622] [bmv2] [T] [thread 108970] [73.0] [cxt 0] Bytes parsed: 14
[09:21:11.622] [bmv2] [D] [thread 108970] [73.0] [cxt 0] Parser 'parser' entering state 'parse_ipv4'
[09:21:11.622] [bmv2] [D] [thread 108970] [73.0] [cxt 0] Extracting header 'ipv4'
[09:21:11.622] [bmv2] [D] [thread 108970] [73.0] [cxt 0] Parser state 'parse_ipv4' has no switch, going to default next state
[09:21:11.622] [bmv2] [T] [thread 108970] [73.0] [cxt 0] Bytes parsed: 34
[09:21:11.622] [bmv2] [D] [thread 108970] [73.0] [cxt 0] Parser 'parser': end
[09:21:11.622] [bmv2] [D] [thread 108970] [73.0] [cxt 0] Pipeline 'ingress': start
[09:21:11.622] [bmv2] [T] [thread 108970] [73.0] [cxt 0] switch.p4(116) Condition "hdr.ipv4.isValid()" (node_2) is true
[09:21:11.622] [bmv2] [T] [thread 108970] [73.0] [cxt 0] Applying table 'MyIngress.ipv4_lpm'
[09:21:11.622] [bmv2] [D] [thread 108970] [73.0] [cxt 0] Looking up key:
* hdr.ipv4.dstAddr    : 0a000101

[09:21:11.622] [bmv2] [D] [thread 108970] [73.0] [cxt 0] Table 'MyIngress.ipv4_lpm': hit with handle 0
[09:21:11.622] [bmv2] [D] [thread 108970] [73.0] [cxt 0] Dumping entry 0
Match key:
* hdr.ipv4.dstAddr    : LPM       0a000101/32
Action entry: MyIngress.ipv4_forward - 80000000200,2,

[09:21:11.622] [bmv2] [D] [thread 108970] [73.0] [cxt 0] Action entry is MyIngress.ipv4_forward - 80000000200,2,
[09:21:11.622] [bmv2] [T] [thread 108970] [73.0] [cxt 0] Action MyIngress.ipv4_forward
[09:21:11.622] [bmv2] [T] [thread 108970] [73.0] [cxt 0] switch.p4(96) Primitive standard_metadata.egress_spec = port
[09:21:11.622] [bmv2] [T] [thread 108970] [73.0] [cxt 0] switch.p4(97) Primitive hdr.ethernet.srcAddr = hdr.ethernet.dstAddr
[09:21:11.622] [bmv2] [T] [thread 108970] [73.0] [cxt 0] switch.p4(98) Primitive hdr.ethernet.dstAddr = dstAddr
[09:21:11.622] [bmv2] [T] [thread 108970] [73.0] [cxt 0] switch.p4(99) Primitive hdr.ipv4.ttl = hdr.ipv4.ttl - 1
[09:21:11.622] [bmv2] [D] [thread 108970] [73.0] [cxt 0] Pipeline 'ingress': end
[09:21:11.622] [bmv2] [D] [thread 108970] [73.0] [cxt 0] Egress port is 2
[09:21:11.622] [bmv2] [D] [thread 108973] [73.0] [cxt 0] Pipeline 'egress': start
[09:21:11.622] [bmv2] [D] [thread 108973] [73.0] [cxt 0] Pipeline 'egress': end
[09:21:11.622] [bmv2] [D] [thread 108973] [73.0] [cxt 0] Deparser 'deparser': start
[09:21:11.622] [bmv2] [D] [thread 108973] [73.0] [cxt 0] Updating checksum 'cksum'
[09:21:11.622] [bmv2] [D] [thread 108973] [73.0] [cxt 0] Deparsing header 'ethernet'
[09:21:11.622] [bmv2] [D] [thread 108973] [73.0] [cxt 0] Deparsing header 'ipv4'
[09:21:11.622] [bmv2] [D] [thread 108973] [73.0] [cxt 0] Deparser 'deparser': end
[09:21:11.622] [bmv2] [D] [thread 108975] [73.0] [cxt 0] Transmitting packet of size 76 out of port 2
[09:21:11.691] [bmv2] [D] [thread 108970] [74.0] [cxt 0] Processing packet received on port 1
[09:21:11.691] [bmv2] [D] [thread 108970] [74.0] [cxt 0] Parser 'parser': start
[09:21:11.691] [bmv2] [D] [thread 108970] [74.0] [cxt 0] Parser 'parser' entering state 'start'
[09:21:11.691] [bmv2] [D] [thread 108970] [74.0] [cxt 0] Extracting header 'ethernet'
[09:21:11.691] [bmv2] [D] [thread 108970] [74.0] [cxt 0] Parser state 'start': key is 0800
[09:21:11.691] [bmv2] [T] [thread 108970] [74.0] [cxt 0] Bytes parsed: 14
[09:21:11.691] [bmv2] [D] [thread 108970] [74.0] [cxt 0] Parser 'parser' entering state 'parse_ipv4'
[09:21:11.691] [bmv2] [D] [thread 108970] [74.0] [cxt 0] Extracting header 'ipv4'
[09:21:11.691] [bmv2] [D] [thread 108970] [74.0] [cxt 0] Parser state 'parse_ipv4' has no switch, going to default next state
[09:21:11.691] [bmv2] [T] [thread 108970] [74.0] [cxt 0] Bytes parsed: 34
[09:21:11.691] [bmv2] [D] [thread 108970] [74.0] [cxt 0] Parser 'parser': end
[09:21:11.691] [bmv2] [D] [thread 108970] [74.0] [cxt 0] Pipeline 'ingress': start
[09:21:11.691] [bmv2] [T] [thread 108970] [74.0] [cxt 0] switch.p4(116) Condition "hdr.ipv4.isValid()" (node_2) is true
[09:21:11.691] [bmv2] [T] [thread 108970] [74.0] [cxt 0] Applying table 'MyIngress.ipv4_lpm'
[09:21:11.691] [bmv2] [D] [thread 108970] [74.0] [cxt 0] Looking up key:
* hdr.ipv4.dstAddr    : 0a000101

[09:21:11.691] [bmv2] [D] [thread 108970] [74.0] [cxt 0] Table 'MyIngress.ipv4_lpm': hit with handle 0
[09:21:11.691] [bmv2] [D] [thread 108970] [74.0] [cxt 0] Dumping entry 0
Match key:
* hdr.ipv4.dstAddr    : LPM       0a000101/32
Action entry: MyIngress.ipv4_forward - 80000000200,2,

[09:21:11.691] [bmv2] [D] [thread 108970] [74.0] [cxt 0] Action entry is MyIngress.ipv4_forward - 80000000200,2,
[09:21:11.691] [bmv2] [T] [thread 108970] [74.0] [cxt 0] Action MyIngress.ipv4_forward
[09:21:11.691] [bmv2] [T] [thread 108970] [74.0] [cxt 0] switch.p4(96) Primitive standard_metadata.egress_spec = port
[09:21:11.691] [bmv2] [T] [thread 108970] [74.0] [cxt 0] switch.p4(97) Primitive hdr.ethernet.srcAddr = hdr.ethernet.dstAddr
[09:21:11.691] [bmv2] [T] [thread 108970] [74.0] [cxt 0] switch.p4(98) Primitive hdr.ethernet.dstAddr = dstAddr
[09:21:11.691] [bmv2] [T] [thread 108970] [74.0] [cxt 0] switch.p4(99) Primitive hdr.ipv4.ttl = hdr.ipv4.ttl - 1
[09:21:11.691] [bmv2] [D] [thread 108970] [74.0] [cxt 0] Pipeline 'ingress': end
[09:21:11.691] [bmv2] [D] [thread 108970] [74.0] [cxt 0] Egress port is 2
[09:21:11.691] [bmv2] [D] [thread 108973] [74.0] [cxt 0] Pipeline 'egress': start
[09:21:11.691] [bmv2] [D] [thread 108973] [74.0] [cxt 0] Pipeline 'egress': end
[09:21:11.691] [bmv2] [D] [thread 108973] [74.0] [cxt 0] Deparser 'deparser': start
[09:21:11.691] [bmv2] [D] [thread 108973] [74.0] [cxt 0] Updating checksum 'cksum'
[09:21:11.691] [bmv2] [D] [thread 108973] [74.0] [cxt 0] Deparsing header 'ethernet'
[09:21:11.691] [bmv2] [D] [thread 108973] [74.0] [cxt 0] Deparsing header 'ipv4'
[09:21:11.691] [bmv2] [D] [thread 108973] [74.0] [cxt 0] Deparser 'deparser': end
[09:21:11.691] [bmv2] [D] [thread 108975] [74.0] [cxt 0] Transmitting packet of size 308 out of port 2
[09:21:11.698] [bmv2] [D] [thread 108970] [75.0] [cxt 0] Processing packet received on port 2
[09:21:11.698] [bmv2] [D] [thread 108970] [75.0] [cxt 0] Parser 'parser': start
[09:21:11.698] [bmv2] [D] [thread 108970] [75.0] [cxt 0] Parser 'parser' entering state 'start'
[09:21:11.698] [bmv2] [D] [thread 108970] [75.0] [cxt 0] Extracting header 'ethernet'
[09:21:11.698] [bmv2] [D] [thread 108970] [75.0] [cxt 0] Parser state 'start': key is 0800
[09:21:11.698] [bmv2] [T] [thread 108970] [75.0] [cxt 0] Bytes parsed: 14
[09:21:11.698] [bmv2] [D] [thread 108970] [75.0] [cxt 0] Parser 'parser' entering state 'parse_ipv4'
[09:21:11.698] [bmv2] [D] [thread 108970] [75.0] [cxt 0] Extracting header 'ipv4'
[09:21:11.698] [bmv2] [D] [thread 108970] [75.0] [cxt 0] Parser state 'parse_ipv4' has no switch, going to default next state
[09:21:11.698] [bmv2] [T] [thread 108970] [75.0] [cxt 0] Bytes parsed: 34
[09:21:11.698] [bmv2] [D] [thread 108970] [75.0] [cxt 0] Parser 'parser': end
[09:21:11.698] [bmv2] [D] [thread 108970] [75.0] [cxt 0] Pipeline 'ingress': start
[09:21:11.698] [bmv2] [T] [thread 108970] [75.0] [cxt 0] switch.p4(116) Condition "hdr.ipv4.isValid()" (node_2) is true
[09:21:11.698] [bmv2] [T] [thread 108970] [75.0] [cxt 0] Applying table 'MyIngress.ipv4_lpm'
[09:21:11.698] [bmv2] [D] [thread 108970] [75.0] [cxt 0] Looking up key:
* hdr.ipv4.dstAddr    : 0a000202

[09:21:11.698] [bmv2] [D] [thread 108970] [75.0] [cxt 0] Table 'MyIngress.ipv4_lpm': hit with handle 1
[09:21:11.698] [bmv2] [D] [thread 108970] [75.0] [cxt 0] Dumping entry 1
Match key:
* hdr.ipv4.dstAddr    : LPM       0a000202/32
Action entry: MyIngress.ipv4_forward - 80000000222,1,

[09:21:11.698] [bmv2] [D] [thread 108970] [75.0] [cxt 0] Action entry is MyIngress.ipv4_forward - 80000000222,1,
[09:21:11.698] [bmv2] [T] [thread 108970] [75.0] [cxt 0] Action MyIngress.ipv4_forward
[09:21:11.698] [bmv2] [T] [thread 108970] [75.0] [cxt 0] switch.p4(96) Primitive standard_metadata.egress_spec = port
[09:21:11.698] [bmv2] [T] [thread 108970] [75.0] [cxt 0] switch.p4(97) Primitive hdr.ethernet.srcAddr = hdr.ethernet.dstAddr
[09:21:11.698] [bmv2] [T] [thread 108970] [75.0] [cxt 0] switch.p4(98) Primitive hdr.ethernet.dstAddr = dstAddr
[09:21:11.698] [bmv2] [T] [thread 108970] [75.0] [cxt 0] switch.p4(99) Primitive hdr.ipv4.ttl = hdr.ipv4.ttl - 1
[09:21:11.698] [bmv2] [D] [thread 108970] [75.0] [cxt 0] Pipeline 'ingress': end
[09:21:11.698] [bmv2] [D] [thread 108970] [75.0] [cxt 0] Egress port is 1
[09:21:11.703] [bmv2] [D] [thread 108972] [75.0] [cxt 0] Pipeline 'egress': start
[09:21:11.703] [bmv2] [D] [thread 108972] [75.0] [cxt 0] Pipeline 'egress': end
[09:21:11.703] [bmv2] [D] [thread 108972] [75.0] [cxt 0] Deparser 'deparser': start
[09:21:11.703] [bmv2] [D] [thread 108972] [75.0] [cxt 0] Updating checksum 'cksum'
[09:21:11.703] [bmv2] [D] [thread 108972] [75.0] [cxt 0] Deparsing header 'ethernet'
[09:21:11.703] [bmv2] [D] [thread 108972] [75.0] [cxt 0] Deparsing header 'ipv4'
[09:21:11.703] [bmv2] [D] [thread 108972] [75.0] [cxt 0] Deparser 'deparser': end
[09:21:11.703] [bmv2] [D] [thread 108975] [75.0] [cxt 0] Transmitting packet of size 336 out of port 1
[09:21:12.672] [bmv2] [D] [thread 108970] [76.0] [cxt 0] Processing packet received on port 2
[09:21:12.672] [bmv2] [D] [thread 108970] [76.0] [cxt 0] Parser 'parser': start
[09:21:12.672] [bmv2] [D] [thread 108970] [76.0] [cxt 0] Parser 'parser' entering state 'start'
[09:21:12.672] [bmv2] [D] [thread 108970] [76.0] [cxt 0] Extracting header 'ethernet'
[09:21:12.672] [bmv2] [D] [thread 108970] [76.0] [cxt 0] Parser state 'start': key is 0800
[09:21:12.672] [bmv2] [T] [thread 108970] [76.0] [cxt 0] Bytes parsed: 14
[09:21:12.672] [bmv2] [D] [thread 108970] [76.0] [cxt 0] Parser 'parser' entering state 'parse_ipv4'
[09:21:12.672] [bmv2] [D] [thread 108970] [76.0] [cxt 0] Extracting header 'ipv4'
[09:21:12.672] [bmv2] [D] [thread 108970] [76.0] [cxt 0] Parser state 'parse_ipv4' has no switch, going to default next state
[09:21:12.672] [bmv2] [T] [thread 108970] [76.0] [cxt 0] Bytes parsed: 34
[09:21:12.672] [bmv2] [D] [thread 108970] [76.0] [cxt 0] Parser 'parser': end
[09:21:12.672] [bmv2] [D] [thread 108970] [76.0] [cxt 0] Pipeline 'ingress': start
[09:21:12.672] [bmv2] [T] [thread 108970] [76.0] [cxt 0] switch.p4(116) Condition "hdr.ipv4.isValid()" (node_2) is true
[09:21:12.672] [bmv2] [T] [thread 108970] [76.0] [cxt 0] Applying table 'MyIngress.ipv4_lpm'
[09:21:12.672] [bmv2] [D] [thread 108970] [76.0] [cxt 0] Looking up key:
* hdr.ipv4.dstAddr    : 0a000202

[09:21:12.672] [bmv2] [D] [thread 108970] [76.0] [cxt 0] Table 'MyIngress.ipv4_lpm': hit with handle 1
[09:21:12.672] [bmv2] [D] [thread 108970] [76.0] [cxt 0] Dumping entry 1
Match key:
* hdr.ipv4.dstAddr    : LPM       0a000202/32
Action entry: MyIngress.ipv4_forward - 80000000222,1,

[09:21:12.672] [bmv2] [D] [thread 108970] [76.0] [cxt 0] Action entry is MyIngress.ipv4_forward - 80000000222,1,
[09:21:12.672] [bmv2] [T] [thread 108970] [76.0] [cxt 0] Action MyIngress.ipv4_forward
[09:21:12.672] [bmv2] [T] [thread 108970] [76.0] [cxt 0] switch.p4(96) Primitive standard_metadata.egress_spec = port
[09:21:12.672] [bmv2] [T] [thread 108970] [76.0] [cxt 0] switch.p4(97) Primitive hdr.ethernet.srcAddr = hdr.ethernet.dstAddr
[09:21:12.672] [bmv2] [T] [thread 108970] [76.0] [cxt 0] switch.p4(98) Primitive hdr.ethernet.dstAddr = dstAddr
[09:21:12.672] [bmv2] [T] [thread 108970] [76.0] [cxt 0] switch.p4(99) Primitive hdr.ipv4.ttl = hdr.ipv4.ttl - 1
[09:21:12.672] [bmv2] [D] [thread 108970] [76.0] [cxt 0] Pipeline 'ingress': end
[09:21:12.672] [bmv2] [D] [thread 108970] [76.0] [cxt 0] Egress port is 1
[09:21:12.674] [bmv2] [D] [thread 108972] [76.0] [cxt 0] Pipeline 'egress': start
[09:21:12.674] [bmv2] [D] [thread 108972] [76.0] [cxt 0] Pipeline 'egress': end
[09:21:12.674] [bmv2] [D] [thread 108972] [76.0] [cxt 0] Deparser 'deparser': start
[09:21:12.674] [bmv2] [D] [thread 108972] [76.0] [cxt 0] Updating checksum 'cksum'
[09:21:12.674] [bmv2] [D] [thread 108972] [76.0] [cxt 0] Deparsing header 'ethernet'
[09:21:12.674] [bmv2] [D] [thread 108972] [76.0] [cxt 0] Deparsing header 'ipv4'
[09:21:12.674] [bmv2] [D] [thread 108972] [76.0] [cxt 0] Deparser 'deparser': end
[09:21:12.674] [bmv2] [D] [thread 108975] [76.0] [cxt 0] Transmitting packet of size 48 out of port 1
[09:21:12.674] [bmv2] [D] [thread 108970] [77.0] [cxt 0] Processing packet received on port 1
[09:21:12.674] [bmv2] [D] [thread 108970] [77.0] [cxt 0] Parser 'parser': start
[09:21:12.674] [bmv2] [D] [thread 108970] [77.0] [cxt 0] Parser 'parser' entering state 'start'
[09:21:12.674] [bmv2] [D] [thread 108970] [77.0] [cxt 0] Extracting header 'ethernet'
[09:21:12.675] [bmv2] [D] [thread 108970] [77.0] [cxt 0] Parser state 'start': key is 0800
[09:21:12.675] [bmv2] [T] [thread 108970] [77.0] [cxt 0] Bytes parsed: 14
[09:21:12.675] [bmv2] [D] [thread 108970] [77.0] [cxt 0] Parser 'parser' entering state 'parse_ipv4'
[09:21:12.675] [bmv2] [D] [thread 108970] [77.0] [cxt 0] Extracting header 'ipv4'
[09:21:12.675] [bmv2] [D] [thread 108970] [77.0] [cxt 0] Parser state 'parse_ipv4' has no switch, going to default next state
[09:21:12.675] [bmv2] [T] [thread 108970] [77.0] [cxt 0] Bytes parsed: 34
[09:21:12.675] [bmv2] [D] [thread 108970] [77.0] [cxt 0] Parser 'parser': end
[09:21:12.675] [bmv2] [D] [thread 108970] [77.0] [cxt 0] Pipeline 'ingress': start
[09:21:12.675] [bmv2] [T] [thread 108970] [77.0] [cxt 0] switch.p4(116) Condition "hdr.ipv4.isValid()" (node_2) is true
[09:21:12.675] [bmv2] [T] [thread 108970] [77.0] [cxt 0] Applying table 'MyIngress.ipv4_lpm'
[09:21:12.675] [bmv2] [D] [thread 108970] [77.0] [cxt 0] Looking up key:
* hdr.ipv4.dstAddr    : 0a000101

[09:21:12.675] [bmv2] [D] [thread 108970] [77.0] [cxt 0] Table 'MyIngress.ipv4_lpm': hit with handle 0
[09:21:12.675] [bmv2] [D] [thread 108970] [77.0] [cxt 0] Dumping entry 0
Match key:
* hdr.ipv4.dstAddr    : LPM       0a000101/32
Action entry: MyIngress.ipv4_forward - 80000000200,2,

[09:21:12.675] [bmv2] [D] [thread 108970] [77.0] [cxt 0] Action entry is MyIngress.ipv4_forward - 80000000200,2,
[09:21:12.675] [bmv2] [T] [thread 108970] [77.0] [cxt 0] Action MyIngress.ipv4_forward
[09:21:12.675] [bmv2] [T] [thread 108970] [77.0] [cxt 0] switch.p4(96) Primitive standard_metadata.egress_spec = port
[09:21:12.675] [bmv2] [T] [thread 108970] [77.0] [cxt 0] switch.p4(97) Primitive hdr.ethernet.srcAddr = hdr.ethernet.dstAddr
[09:21:12.675] [bmv2] [T] [thread 108970] [77.0] [cxt 0] switch.p4(98) Primitive hdr.ethernet.dstAddr = dstAddr
[09:21:12.675] [bmv2] [T] [thread 108970] [77.0] [cxt 0] switch.p4(99) Primitive hdr.ipv4.ttl = hdr.ipv4.ttl - 1
[09:21:12.675] [bmv2] [D] [thread 108970] [77.0] [cxt 0] Pipeline 'ingress': end
[09:21:12.675] [bmv2] [D] [thread 108970] [77.0] [cxt 0] Egress port is 2
[09:21:12.675] [bmv2] [D] [thread 108973] [77.0] [cxt 0] Pipeline 'egress': start
[09:21:12.675] [bmv2] [D] [thread 108973] [77.0] [cxt 0] Pipeline 'egress': end
[09:21:12.675] [bmv2] [D] [thread 108973] [77.0] [cxt 0] Deparser 'deparser': start
[09:21:12.675] [bmv2] [D] [thread 108973] [77.0] [cxt 0] Updating checksum 'cksum'
[09:21:12.675] [bmv2] [D] [thread 108973] [77.0] [cxt 0] Deparsing header 'ethernet'
[09:21:12.675] [bmv2] [D] [thread 108973] [77.0] [cxt 0] Deparsing header 'ipv4'
[09:21:12.675] [bmv2] [D] [thread 108973] [77.0] [cxt 0] Deparser 'deparser': end
[09:21:12.676] [bmv2] [D] [thread 108975] [77.0] [cxt 0] Transmitting packet of size 76 out of port 2
[09:21:12.713] [bmv2] [D] [thread 108970] [78.0] [cxt 0] Processing packet received on port 1
[09:21:12.713] [bmv2] [D] [thread 108970] [78.0] [cxt 0] Parser 'parser': start
[09:21:12.713] [bmv2] [D] [thread 108970] [78.0] [cxt 0] Parser 'parser' entering state 'start'
[09:21:12.713] [bmv2] [D] [thread 108970] [78.0] [cxt 0] Extracting header 'ethernet'
[09:21:12.713] [bmv2] [D] [thread 108970] [78.0] [cxt 0] Parser state 'start': key is 0800
[09:21:12.713] [bmv2] [T] [thread 108970] [78.0] [cxt 0] Bytes parsed: 14
[09:21:12.713] [bmv2] [D] [thread 108970] [78.0] [cxt 0] Parser 'parser' entering state 'parse_ipv4'
[09:21:12.713] [bmv2] [D] [thread 108970] [78.0] [cxt 0] Extracting header 'ipv4'
[09:21:12.713] [bmv2] [D] [thread 108970] [78.0] [cxt 0] Parser state 'parse_ipv4' has no switch, going to default next state
[09:21:12.713] [bmv2] [T] [thread 108970] [78.0] [cxt 0] Bytes parsed: 34
[09:21:12.713] [bmv2] [D] [thread 108970] [78.0] [cxt 0] Parser 'parser': end
[09:21:12.713] [bmv2] [D] [thread 108970] [78.0] [cxt 0] Pipeline 'ingress': start
[09:21:12.713] [bmv2] [T] [thread 108970] [78.0] [cxt 0] switch.p4(116) Condition "hdr.ipv4.isValid()" (node_2) is true
[09:21:12.713] [bmv2] [T] [thread 108970] [78.0] [cxt 0] Applying table 'MyIngress.ipv4_lpm'
[09:21:12.713] [bmv2] [D] [thread 108970] [78.0] [cxt 0] Looking up key:
* hdr.ipv4.dstAddr    : 0a000101

[09:21:12.713] [bmv2] [D] [thread 108970] [78.0] [cxt 0] Table 'MyIngress.ipv4_lpm': hit with handle 0
[09:21:12.713] [bmv2] [D] [thread 108970] [78.0] [cxt 0] Dumping entry 0
Match key:
* hdr.ipv4.dstAddr    : LPM       0a000101/32
Action entry: MyIngress.ipv4_forward - 80000000200,2,

[09:21:12.713] [bmv2] [D] [thread 108970] [78.0] [cxt 0] Action entry is MyIngress.ipv4_forward - 80000000200,2,
[09:21:12.714] [bmv2] [T] [thread 108970] [78.0] [cxt 0] Action MyIngress.ipv4_forward
[09:21:12.714] [bmv2] [T] [thread 108970] [78.0] [cxt 0] switch.p4(96) Primitive standard_metadata.egress_spec = port
[09:21:12.714] [bmv2] [T] [thread 108970] [78.0] [cxt 0] switch.p4(97) Primitive hdr.ethernet.srcAddr = hdr.ethernet.dstAddr
[09:21:12.714] [bmv2] [T] [thread 108970] [78.0] [cxt 0] switch.p4(98) Primitive hdr.ethernet.dstAddr = dstAddr
[09:21:12.714] [bmv2] [T] [thread 108970] [78.0] [cxt 0] switch.p4(99) Primitive hdr.ipv4.ttl = hdr.ipv4.ttl - 1
[09:21:12.714] [bmv2] [D] [thread 108970] [78.0] [cxt 0] Pipeline 'ingress': end
[09:21:12.714] [bmv2] [D] [thread 108970] [78.0] [cxt 0] Egress port is 2
[09:21:12.715] [bmv2] [D] [thread 108973] [78.0] [cxt 0] Pipeline 'egress': start
[09:21:12.716] [bmv2] [D] [thread 108973] [78.0] [cxt 0] Pipeline 'egress': end
[09:21:12.716] [bmv2] [D] [thread 108973] [78.0] [cxt 0] Deparser 'deparser': start
[09:21:12.716] [bmv2] [D] [thread 108973] [78.0] [cxt 0] Updating checksum 'cksum'
[09:21:12.716] [bmv2] [D] [thread 108973] [78.0] [cxt 0] Deparsing header 'ethernet'
[09:21:12.716] [bmv2] [D] [thread 108973] [78.0] [cxt 0] Deparsing header 'ipv4'
[09:21:12.716] [bmv2] [D] [thread 108973] [78.0] [cxt 0] Deparser 'deparser': end
[09:21:12.716] [bmv2] [D] [thread 108975] [78.0] [cxt 0] Transmitting packet of size 308 out of port 2
[09:21:12.724] [bmv2] [D] [thread 108970] [79.0] [cxt 0] Processing packet received on port 2
[09:21:12.724] [bmv2] [D] [thread 108970] [79.0] [cxt 0] Parser 'parser': start
[09:21:12.724] [bmv2] [D] [thread 108970] [79.0] [cxt 0] Parser 'parser' entering state 'start'
[09:21:12.724] [bmv2] [D] [thread 108970] [79.0] [cxt 0] Extracting header 'ethernet'
[09:21:12.724] [bmv2] [D] [thread 108970] [79.0] [cxt 0] Parser state 'start': key is 0800
[09:21:12.724] [bmv2] [T] [thread 108970] [79.0] [cxt 0] Bytes parsed: 14
[09:21:12.724] [bmv2] [D] [thread 108970] [79.0] [cxt 0] Parser 'parser' entering state 'parse_ipv4'
[09:21:12.724] [bmv2] [D] [thread 108970] [79.0] [cxt 0] Extracting header 'ipv4'
[09:21:12.724] [bmv2] [D] [thread 108970] [79.0] [cxt 0] Parser state 'parse_ipv4' has no switch, going to default next state
[09:21:12.724] [bmv2] [T] [thread 108970] [79.0] [cxt 0] Bytes parsed: 34
[09:21:12.724] [bmv2] [D] [thread 108970] [79.0] [cxt 0] Parser 'parser': end
[09:21:12.724] [bmv2] [D] [thread 108970] [79.0] [cxt 0] Pipeline 'ingress': start
[09:21:12.724] [bmv2] [T] [thread 108970] [79.0] [cxt 0] switch.p4(116) Condition "hdr.ipv4.isValid()" (node_2) is true
[09:21:12.724] [bmv2] [T] [thread 108970] [79.0] [cxt 0] Applying table 'MyIngress.ipv4_lpm'
[09:21:12.724] [bmv2] [D] [thread 108970] [79.0] [cxt 0] Looking up key:
* hdr.ipv4.dstAddr    : 0a000202

[09:21:12.724] [bmv2] [D] [thread 108970] [79.0] [cxt 0] Table 'MyIngress.ipv4_lpm': hit with handle 1
[09:21:12.725] [bmv2] [D] [thread 108970] [79.0] [cxt 0] Dumping entry 1
Match key:
* hdr.ipv4.dstAddr    : LPM       0a000202/32
Action entry: MyIngress.ipv4_forward - 80000000222,1,

[09:21:12.725] [bmv2] [D] [thread 108970] [79.0] [cxt 0] Action entry is MyIngress.ipv4_forward - 80000000222,1,
[09:21:12.726] [bmv2] [T] [thread 108970] [79.0] [cxt 0] Action MyIngress.ipv4_forward
[09:21:12.726] [bmv2] [T] [thread 108970] [79.0] [cxt 0] switch.p4(96) Primitive standard_metadata.egress_spec = port
[09:21:12.726] [bmv2] [T] [thread 108970] [79.0] [cxt 0] switch.p4(97) Primitive hdr.ethernet.srcAddr = hdr.ethernet.dstAddr
[09:21:12.726] [bmv2] [T] [thread 108970] [79.0] [cxt 0] switch.p4(98) Primitive hdr.ethernet.dstAddr = dstAddr
[09:21:12.726] [bmv2] [T] [thread 108970] [79.0] [cxt 0] switch.p4(99) Primitive hdr.ipv4.ttl = hdr.ipv4.ttl - 1
[09:21:12.726] [bmv2] [D] [thread 108970] [79.0] [cxt 0] Pipeline 'ingress': end
[09:21:12.726] [bmv2] [D] [thread 108970] [79.0] [cxt 0] Egress port is 1
[09:21:12.726] [bmv2] [D] [thread 108972] [79.0] [cxt 0] Pipeline 'egress': start
[09:21:12.726] [bmv2] [D] [thread 108972] [79.0] [cxt 0] Pipeline 'egress': end
[09:21:12.726] [bmv2] [D] [thread 108972] [79.0] [cxt 0] Deparser 'deparser': start
[09:21:12.726] [bmv2] [D] [thread 108972] [79.0] [cxt 0] Updating checksum 'cksum'
[09:21:12.726] [bmv2] [D] [thread 108972] [79.0] [cxt 0] Deparsing header 'ethernet'
[09:21:12.726] [bmv2] [D] [thread 108972] [79.0] [cxt 0] Deparsing header 'ipv4'
[09:21:12.726] [bmv2] [D] [thread 108972] [79.0] [cxt 0] Deparser 'deparser': end
[09:21:12.726] [bmv2] [D] [thread 108975] [79.0] [cxt 0] Transmitting packet of size 336 out of port 1
[09:21:13.688] [bmv2] [D] [thread 108970] [80.0] [cxt 0] Processing packet received on port 2
[09:21:13.688] [bmv2] [D] [thread 108970] [80.0] [cxt 0] Parser 'parser': start
[09:21:13.688] [bmv2] [D] [thread 108970] [80.0] [cxt 0] Parser 'parser' entering state 'start'
[09:21:13.691] [bmv2] [D] [thread 108970] [80.0] [cxt 0] Extracting header 'ethernet'
[09:21:13.691] [bmv2] [D] [thread 108970] [80.0] [cxt 0] Parser state 'start': key is 0800
[09:21:13.691] [bmv2] [T] [thread 108970] [80.0] [cxt 0] Bytes parsed: 14
[09:21:13.691] [bmv2] [D] [thread 108970] [80.0] [cxt 0] Parser 'parser' entering state 'parse_ipv4'
[09:21:13.691] [bmv2] [D] [thread 108970] [80.0] [cxt 0] Extracting header 'ipv4'
[09:21:13.691] [bmv2] [D] [thread 108970] [80.0] [cxt 0] Parser state 'parse_ipv4' has no switch, going to default next state
[09:21:13.691] [bmv2] [T] [thread 108970] [80.0] [cxt 0] Bytes parsed: 34
[09:21:13.691] [bmv2] [D] [thread 108970] [80.0] [cxt 0] Parser 'parser': end
[09:21:13.691] [bmv2] [D] [thread 108970] [80.0] [cxt 0] Pipeline 'ingress': start
[09:21:13.691] [bmv2] [T] [thread 108970] [80.0] [cxt 0] switch.p4(116) Condition "hdr.ipv4.isValid()" (node_2) is true
[09:21:13.691] [bmv2] [T] [thread 108970] [80.0] [cxt 0] Applying table 'MyIngress.ipv4_lpm'
[09:21:13.691] [bmv2] [D] [thread 108970] [80.0] [cxt 0] Looking up key:
* hdr.ipv4.dstAddr    : 0a000202

[09:21:13.691] [bmv2] [D] [thread 108970] [80.0] [cxt 0] Table 'MyIngress.ipv4_lpm': hit with handle 1
[09:21:13.691] [bmv2] [D] [thread 108970] [80.0] [cxt 0] Dumping entry 1
Match key:
* hdr.ipv4.dstAddr    : LPM       0a000202/32
Action entry: MyIngress.ipv4_forward - 80000000222,1,

[09:21:13.691] [bmv2] [D] [thread 108970] [80.0] [cxt 0] Action entry is MyIngress.ipv4_forward - 80000000222,1,
[09:21:13.691] [bmv2] [T] [thread 108970] [80.0] [cxt 0] Action MyIngress.ipv4_forward
[09:21:13.691] [bmv2] [T] [thread 108970] [80.0] [cxt 0] switch.p4(96) Primitive standard_metadata.egress_spec = port
[09:21:13.691] [bmv2] [T] [thread 108970] [80.0] [cxt 0] switch.p4(97) Primitive hdr.ethernet.srcAddr = hdr.ethernet.dstAddr
[09:21:13.691] [bmv2] [T] [thread 108970] [80.0] [cxt 0] switch.p4(98) Primitive hdr.ethernet.dstAddr = dstAddr
[09:21:13.691] [bmv2] [T] [thread 108970] [80.0] [cxt 0] switch.p4(99) Primitive hdr.ipv4.ttl = hdr.ipv4.ttl - 1
[09:21:13.691] [bmv2] [D] [thread 108970] [80.0] [cxt 0] Pipeline 'ingress': end
[09:21:13.691] [bmv2] [D] [thread 108970] [80.0] [cxt 0] Egress port is 1
[09:21:13.691] [bmv2] [D] [thread 108972] [80.0] [cxt 0] Pipeline 'egress': start
[09:21:13.691] [bmv2] [D] [thread 108972] [80.0] [cxt 0] Pipeline 'egress': end
[09:21:13.691] [bmv2] [D] [thread 108972] [80.0] [cxt 0] Deparser 'deparser': start
[09:21:13.691] [bmv2] [D] [thread 108972] [80.0] [cxt 0] Updating checksum 'cksum'
[09:21:13.691] [bmv2] [D] [thread 108972] [80.0] [cxt 0] Deparsing header 'ethernet'
[09:21:13.691] [bmv2] [D] [thread 108972] [80.0] [cxt 0] Deparsing header 'ipv4'
[09:21:13.691] [bmv2] [D] [thread 108972] [80.0] [cxt 0] Deparser 'deparser': end
[09:21:13.691] [bmv2] [D] [thread 108975] [80.0] [cxt 0] Transmitting packet of size 48 out of port 1
[09:21:13.691] [bmv2] [D] [thread 108970] [81.0] [cxt 0] Processing packet received on port 1
[09:21:13.691] [bmv2] [D] [thread 108970] [81.0] [cxt 0] Parser 'parser': start
[09:21:13.691] [bmv2] [D] [thread 108970] [81.0] [cxt 0] Parser 'parser' entering state 'start'
[09:21:13.691] [bmv2] [D] [thread 108970] [81.0] [cxt 0] Extracting header 'ethernet'
[09:21:13.691] [bmv2] [D] [thread 108970] [81.0] [cxt 0] Parser state 'start': key is 0800
[09:21:13.691] [bmv2] [T] [thread 108970] [81.0] [cxt 0] Bytes parsed: 14
[09:21:13.691] [bmv2] [D] [thread 108970] [81.0] [cxt 0] Parser 'parser' entering state 'parse_ipv4'
[09:21:13.691] [bmv2] [D] [thread 108970] [81.0] [cxt 0] Extracting header 'ipv4'
[09:21:13.691] [bmv2] [D] [thread 108970] [81.0] [cxt 0] Parser state 'parse_ipv4' has no switch, going to default next state
[09:21:13.691] [bmv2] [T] [thread 108970] [81.0] [cxt 0] Bytes parsed: 34
[09:21:13.691] [bmv2] [D] [thread 108970] [81.0] [cxt 0] Parser 'parser': end
[09:21:13.691] [bmv2] [D] [thread 108970] [81.0] [cxt 0] Pipeline 'ingress': start
[09:21:13.691] [bmv2] [T] [thread 108970] [81.0] [cxt 0] switch.p4(116) Condition "hdr.ipv4.isValid()" (node_2) is true
[09:21:13.691] [bmv2] [T] [thread 108970] [81.0] [cxt 0] Applying table 'MyIngress.ipv4_lpm'
[09:21:13.691] [bmv2] [D] [thread 108970] [81.0] [cxt 0] Looking up key:
* hdr.ipv4.dstAddr    : 0a000101

[09:21:13.691] [bmv2] [D] [thread 108970] [81.0] [cxt 0] Table 'MyIngress.ipv4_lpm': hit with handle 0
[09:21:13.691] [bmv2] [D] [thread 108970] [81.0] [cxt 0] Dumping entry 0
Match key:
* hdr.ipv4.dstAddr    : LPM       0a000101/32
Action entry: MyIngress.ipv4_forward - 80000000200,2,

[09:21:13.691] [bmv2] [D] [thread 108970] [81.0] [cxt 0] Action entry is MyIngress.ipv4_forward - 80000000200,2,
[09:21:13.691] [bmv2] [T] [thread 108970] [81.0] [cxt 0] Action MyIngress.ipv4_forward
[09:21:13.691] [bmv2] [T] [thread 108970] [81.0] [cxt 0] switch.p4(96) Primitive standard_metadata.egress_spec = port
[09:21:13.691] [bmv2] [T] [thread 108970] [81.0] [cxt 0] switch.p4(97) Primitive hdr.ethernet.srcAddr = hdr.ethernet.dstAddr
[09:21:13.691] [bmv2] [T] [thread 108970] [81.0] [cxt 0] switch.p4(98) Primitive hdr.ethernet.dstAddr = dstAddr
[09:21:13.691] [bmv2] [T] [thread 108970] [81.0] [cxt 0] switch.p4(99) Primitive hdr.ipv4.ttl = hdr.ipv4.ttl - 1
[09:21:13.691] [bmv2] [D] [thread 108970] [81.0] [cxt 0] Pipeline 'ingress': end
[09:21:13.691] [bmv2] [D] [thread 108970] [81.0] [cxt 0] Egress port is 2
[09:21:13.691] [bmv2] [D] [thread 108973] [81.0] [cxt 0] Pipeline 'egress': start
[09:21:13.691] [bmv2] [D] [thread 108973] [81.0] [cxt 0] Pipeline 'egress': end
[09:21:13.691] [bmv2] [D] [thread 108973] [81.0] [cxt 0] Deparser 'deparser': start
[09:21:13.691] [bmv2] [D] [thread 108973] [81.0] [cxt 0] Updating checksum 'cksum'
[09:21:13.691] [bmv2] [D] [thread 108973] [81.0] [cxt 0] Deparsing header 'ethernet'
[09:21:13.691] [bmv2] [D] [thread 108973] [81.0] [cxt 0] Deparsing header 'ipv4'
[09:21:13.691] [bmv2] [D] [thread 108973] [81.0] [cxt 0] Deparser 'deparser': end
[09:21:13.691] [bmv2] [D] [thread 108975] [81.0] [cxt 0] Transmitting packet of size 76 out of port 2
[09:21:13.707] [bmv2] [D] [thread 108970] [82.0] [cxt 0] Processing packet received on port 1
[09:21:13.707] [bmv2] [D] [thread 108970] [82.0] [cxt 0] Parser 'parser': start
[09:21:13.707] [bmv2] [D] [thread 108970] [82.0] [cxt 0] Parser 'parser' entering state 'start'
[09:21:13.707] [bmv2] [D] [thread 108970] [82.0] [cxt 0] Extracting header 'ethernet'
[09:21:13.707] [bmv2] [D] [thread 108970] [82.0] [cxt 0] Parser state 'start': key is 0800
[09:21:13.707] [bmv2] [T] [thread 108970] [82.0] [cxt 0] Bytes parsed: 14
[09:21:13.707] [bmv2] [D] [thread 108970] [82.0] [cxt 0] Parser 'parser' entering state 'parse_ipv4'
[09:21:13.707] [bmv2] [D] [thread 108970] [82.0] [cxt 0] Extracting header 'ipv4'
[09:21:13.707] [bmv2] [D] [thread 108970] [82.0] [cxt 0] Parser state 'parse_ipv4' has no switch, going to default next state
[09:21:13.707] [bmv2] [T] [thread 108970] [82.0] [cxt 0] Bytes parsed: 34
[09:21:13.707] [bmv2] [D] [thread 108970] [82.0] [cxt 0] Parser 'parser': end
[09:21:13.707] [bmv2] [D] [thread 108970] [82.0] [cxt 0] Pipeline 'ingress': start
[09:21:13.707] [bmv2] [T] [thread 108970] [82.0] [cxt 0] switch.p4(116) Condition "hdr.ipv4.isValid()" (node_2) is true
[09:21:13.707] [bmv2] [T] [thread 108970] [82.0] [cxt 0] Applying table 'MyIngress.ipv4_lpm'
[09:21:13.707] [bmv2] [D] [thread 108970] [82.0] [cxt 0] Looking up key:
* hdr.ipv4.dstAddr    : 0a000101

[09:21:13.707] [bmv2] [D] [thread 108970] [82.0] [cxt 0] Table 'MyIngress.ipv4_lpm': hit with handle 0
[09:21:13.707] [bmv2] [D] [thread 108970] [82.0] [cxt 0] Dumping entry 0
Match key:
* hdr.ipv4.dstAddr    : LPM       0a000101/32
Action entry: MyIngress.ipv4_forward - 80000000200,2,

[09:21:13.707] [bmv2] [D] [thread 108970] [82.0] [cxt 0] Action entry is MyIngress.ipv4_forward - 80000000200,2,
[09:21:13.707] [bmv2] [T] [thread 108970] [82.0] [cxt 0] Action MyIngress.ipv4_forward
[09:21:13.707] [bmv2] [T] [thread 108970] [82.0] [cxt 0] switch.p4(96) Primitive standard_metadata.egress_spec = port
[09:21:13.707] [bmv2] [T] [thread 108970] [82.0] [cxt 0] switch.p4(97) Primitive hdr.ethernet.srcAddr = hdr.ethernet.dstAddr
[09:21:13.707] [bmv2] [T] [thread 108970] [82.0] [cxt 0] switch.p4(98) Primitive hdr.ethernet.dstAddr = dstAddr
[09:21:13.707] [bmv2] [T] [thread 108970] [82.0] [cxt 0] switch.p4(99) Primitive hdr.ipv4.ttl = hdr.ipv4.ttl - 1
[09:21:13.707] [bmv2] [D] [thread 108970] [82.0] [cxt 0] Pipeline 'ingress': end
[09:21:13.707] [bmv2] [D] [thread 108970] [82.0] [cxt 0] Egress port is 2
[09:21:13.707] [bmv2] [D] [thread 108973] [82.0] [cxt 0] Pipeline 'egress': start
[09:21:13.707] [bmv2] [D] [thread 108973] [82.0] [cxt 0] Pipeline 'egress': end
[09:21:13.707] [bmv2] [D] [thread 108973] [82.0] [cxt 0] Deparser 'deparser': start
[09:21:13.707] [bmv2] [D] [thread 108973] [82.0] [cxt 0] Updating checksum 'cksum'
[09:21:13.707] [bmv2] [D] [thread 108973] [82.0] [cxt 0] Deparsing header 'ethernet'
[09:21:13.707] [bmv2] [D] [thread 108973] [82.0] [cxt 0] Deparsing header 'ipv4'
[09:21:13.707] [bmv2] [D] [thread 108973] [82.0] [cxt 0] Deparser 'deparser': end
[09:21:13.707] [bmv2] [D] [thread 108975] [82.0] [cxt 0] Transmitting packet of size 308 out of port 2
[09:21:13.713] [bmv2] [D] [thread 108970] [83.0] [cxt 0] Processing packet received on port 2
[09:21:13.713] [bmv2] [D] [thread 108970] [83.0] [cxt 0] Parser 'parser': start
[09:21:13.713] [bmv2] [D] [thread 108970] [83.0] [cxt 0] Parser 'parser' entering state 'start'
[09:21:13.713] [bmv2] [D] [thread 108970] [83.0] [cxt 0] Extracting header 'ethernet'
[09:21:13.713] [bmv2] [D] [thread 108970] [83.0] [cxt 0] Parser state 'start': key is 0800
[09:21:13.713] [bmv2] [T] [thread 108970] [83.0] [cxt 0] Bytes parsed: 14
[09:21:13.713] [bmv2] [D] [thread 108970] [83.0] [cxt 0] Parser 'parser' entering state 'parse_ipv4'
[09:21:13.713] [bmv2] [D] [thread 108970] [83.0] [cxt 0] Extracting header 'ipv4'
[09:21:13.713] [bmv2] [D] [thread 108970] [83.0] [cxt 0] Parser state 'parse_ipv4' has no switch, going to default next state
[09:21:13.713] [bmv2] [T] [thread 108970] [83.0] [cxt 0] Bytes parsed: 34
[09:21:13.713] [bmv2] [D] [thread 108970] [83.0] [cxt 0] Parser 'parser': end
[09:21:13.713] [bmv2] [D] [thread 108970] [83.0] [cxt 0] Pipeline 'ingress': start
[09:21:13.713] [bmv2] [T] [thread 108970] [83.0] [cxt 0] switch.p4(116) Condition "hdr.ipv4.isValid()" (node_2) is true
[09:21:13.713] [bmv2] [T] [thread 108970] [83.0] [cxt 0] Applying table 'MyIngress.ipv4_lpm'
[09:21:13.713] [bmv2] [D] [thread 108970] [83.0] [cxt 0] Looking up key:
* hdr.ipv4.dstAddr    : 0a000202

[09:21:13.713] [bmv2] [D] [thread 108970] [83.0] [cxt 0] Table 'MyIngress.ipv4_lpm': hit with handle 1
[09:21:13.713] [bmv2] [D] [thread 108970] [83.0] [cxt 0] Dumping entry 1
Match key:
* hdr.ipv4.dstAddr    : LPM       0a000202/32
Action entry: MyIngress.ipv4_forward - 80000000222,1,

[09:21:13.713] [bmv2] [D] [thread 108970] [83.0] [cxt 0] Action entry is MyIngress.ipv4_forward - 80000000222,1,
[09:21:13.713] [bmv2] [T] [thread 108970] [83.0] [cxt 0] Action MyIngress.ipv4_forward
[09:21:13.713] [bmv2] [T] [thread 108970] [83.0] [cxt 0] switch.p4(96) Primitive standard_metadata.egress_spec = port
[09:21:13.713] [bmv2] [T] [thread 108970] [83.0] [cxt 0] switch.p4(97) Primitive hdr.ethernet.srcAddr = hdr.ethernet.dstAddr
[09:21:13.713] [bmv2] [T] [thread 108970] [83.0] [cxt 0] switch.p4(98) Primitive hdr.ethernet.dstAddr = dstAddr
[09:21:13.713] [bmv2] [T] [thread 108970] [83.0] [cxt 0] switch.p4(99) Primitive hdr.ipv4.ttl = hdr.ipv4.ttl - 1
[09:21:13.713] [bmv2] [D] [thread 108970] [83.0] [cxt 0] Pipeline 'ingress': end
[09:21:13.713] [bmv2] [D] [thread 108970] [83.0] [cxt 0] Egress port is 1
[09:21:13.713] [bmv2] [D] [thread 108972] [83.0] [cxt 0] Pipeline 'egress': start
[09:21:13.713] [bmv2] [D] [thread 108972] [83.0] [cxt 0] Pipeline 'egress': end
[09:21:13.713] [bmv2] [D] [thread 108972] [83.0] [cxt 0] Deparser 'deparser': start
[09:21:13.713] [bmv2] [D] [thread 108972] [83.0] [cxt 0] Updating checksum 'cksum'
[09:21:13.713] [bmv2] [D] [thread 108972] [83.0] [cxt 0] Deparsing header 'ethernet'
[09:21:13.713] [bmv2] [D] [thread 108972] [83.0] [cxt 0] Deparsing header 'ipv4'
[09:21:13.713] [bmv2] [D] [thread 108972] [83.0] [cxt 0] Deparser 'deparser': end
[09:21:13.713] [bmv2] [D] [thread 108975] [83.0] [cxt 0] Transmitting packet of size 336 out of port 1
[09:21:14.495] [bmv2] [D] [thread 108970] [84.0] [cxt 0] Processing packet received on port 1
[09:21:14.495] [bmv2] [D] [thread 108970] [84.0] [cxt 0] Parser 'parser': start
[09:21:14.495] [bmv2] [D] [thread 108970] [84.0] [cxt 0] Parser 'parser' entering state 'start'
[09:21:14.495] [bmv2] [D] [thread 108970] [84.0] [cxt 0] Extracting header 'ethernet'
[09:21:14.495] [bmv2] [D] [thread 108970] [84.0] [cxt 0] Parser state 'start': key is 86dd
[09:21:14.495] [bmv2] [T] [thread 108970] [84.0] [cxt 0] Bytes parsed: 14
[09:21:14.495] [bmv2] [D] [thread 108970] [84.0] [cxt 0] Parser 'parser': end
[09:21:14.495] [bmv2] [D] [thread 108970] [84.0] [cxt 0] Pipeline 'ingress': start
[09:21:14.495] [bmv2] [T] [thread 108970] [84.0] [cxt 0] switch.p4(116) Condition "hdr.ipv4.isValid()" (node_2) is false
[09:21:14.495] [bmv2] [D] [thread 108970] [84.0] [cxt 0] Pipeline 'ingress': end
[09:21:14.495] [bmv2] [D] [thread 108970] [84.0] [cxt 0] Egress port is 0
[09:21:14.495] [bmv2] [D] [thread 108970] [85.0] [cxt 0] Processing packet received on port 2
[09:21:14.495] [bmv2] [D] [thread 108970] [85.0] [cxt 0] Parser 'parser': start
[09:21:14.495] [bmv2] [D] [thread 108970] [85.0] [cxt 0] Parser 'parser' entering state 'start'
[09:21:14.495] [bmv2] [D] [thread 108970] [85.0] [cxt 0] Extracting header 'ethernet'
[09:21:14.495] [bmv2] [D] [thread 108970] [85.0] [cxt 0] Parser state 'start': key is 86dd
[09:21:14.495] [bmv2] [T] [thread 108970] [85.0] [cxt 0] Bytes parsed: 14
[09:21:14.495] [bmv2] [D] [thread 108970] [85.0] [cxt 0] Parser 'parser': end
[09:21:14.495] [bmv2] [D] [thread 108970] [85.0] [cxt 0] Pipeline 'ingress': start
[09:21:14.495] [bmv2] [T] [thread 108970] [85.0] [cxt 0] switch.p4(116) Condition "hdr.ipv4.isValid()" (node_2) is false
[09:21:14.495] [bmv2] [D] [thread 108970] [85.0] [cxt 0] Pipeline 'ingress': end
[09:21:14.495] [bmv2] [D] [thread 108970] [85.0] [cxt 0] Egress port is 0
[09:21:14.495] [bmv2] [D] [thread 108971] [84.0] [cxt 0] Pipeline 'egress': start
[09:21:14.495] [bmv2] [D] [thread 108971] [84.0] [cxt 0] Pipeline 'egress': end
[09:21:14.495] [bmv2] [D] [thread 108971] [84.0] [cxt 0] Deparser 'deparser': start
[09:21:14.495] [bmv2] [T] [thread 108971] [84.0] [cxt 0] Skipping checksum 'cksum' update because condition not met
[09:21:14.495] [bmv2] [D] [thread 108971] [84.0] [cxt 0] Deparsing header 'ethernet'
[09:21:14.495] [bmv2] [D] [thread 108971] [84.0] [cxt 0] Deparser 'deparser': end
[09:21:14.495] [bmv2] [D] [thread 108971] [85.0] [cxt 0] Pipeline 'egress': start
[09:21:14.495] [bmv2] [D] [thread 108971] [85.0] [cxt 0] Pipeline 'egress': end
[09:21:14.495] [bmv2] [D] [thread 108971] [85.0] [cxt 0] Deparser 'deparser': start
[09:21:14.495] [bmv2] [T] [thread 108971] [85.0] [cxt 0] Skipping checksum 'cksum' update because condition not met
[09:21:14.495] [bmv2] [D] [thread 108975] [84.0] [cxt 0] Transmitting packet of size 70 out of port 0
[09:21:14.495] [bmv2] [D] [thread 108971] [85.0] [cxt 0] Deparsing header 'ethernet'
[09:21:14.495] [bmv2] [D] [thread 108971] [85.0] [cxt 0] Deparser 'deparser': end
[09:21:14.495] [bmv2] [D] [thread 108975] [85.0] [cxt 0] Transmitting packet of size 70 out of port 0
[09:21:14.727] [bmv2] [D] [thread 108970] [86.0] [cxt 0] Processing packet received on port 2
[09:21:14.727] [bmv2] [D] [thread 108970] [86.0] [cxt 0] Parser 'parser': start
[09:21:14.727] [bmv2] [D] [thread 108970] [86.0] [cxt 0] Parser 'parser' entering state 'start'
[09:21:14.727] [bmv2] [D] [thread 108970] [86.0] [cxt 0] Extracting header 'ethernet'
[09:21:14.727] [bmv2] [D] [thread 108970] [86.0] [cxt 0] Parser state 'start': key is 0800
[09:21:14.727] [bmv2] [T] [thread 108970] [86.0] [cxt 0] Bytes parsed: 14
[09:21:14.727] [bmv2] [D] [thread 108970] [86.0] [cxt 0] Parser 'parser' entering state 'parse_ipv4'
[09:21:14.727] [bmv2] [D] [thread 108970] [86.0] [cxt 0] Extracting header 'ipv4'
[09:21:14.727] [bmv2] [D] [thread 108970] [86.0] [cxt 0] Parser state 'parse_ipv4' has no switch, going to default next state
[09:21:14.727] [bmv2] [T] [thread 108970] [86.0] [cxt 0] Bytes parsed: 34
[09:21:14.727] [bmv2] [D] [thread 108970] [86.0] [cxt 0] Parser 'parser': end
[09:21:14.727] [bmv2] [D] [thread 108970] [86.0] [cxt 0] Pipeline 'ingress': start
[09:21:14.727] [bmv2] [T] [thread 108970] [86.0] [cxt 0] switch.p4(116) Condition "hdr.ipv4.isValid()" (node_2) is true
[09:21:14.727] [bmv2] [T] [thread 108970] [86.0] [cxt 0] Applying table 'MyIngress.ipv4_lpm'
[09:21:14.727] [bmv2] [D] [thread 108970] [86.0] [cxt 0] Looking up key:
* hdr.ipv4.dstAddr    : 0a000202

[09:21:14.727] [bmv2] [D] [thread 108970] [86.0] [cxt 0] Table 'MyIngress.ipv4_lpm': hit with handle 1
[09:21:14.727] [bmv2] [D] [thread 108970] [86.0] [cxt 0] Dumping entry 1
Match key:
* hdr.ipv4.dstAddr    : LPM       0a000202/32
Action entry: MyIngress.ipv4_forward - 80000000222,1,

[09:21:14.727] [bmv2] [D] [thread 108970] [86.0] [cxt 0] Action entry is MyIngress.ipv4_forward - 80000000222,1,
[09:21:14.727] [bmv2] [T] [thread 108970] [86.0] [cxt 0] Action MyIngress.ipv4_forward
[09:21:14.727] [bmv2] [T] [thread 108970] [86.0] [cxt 0] switch.p4(96) Primitive standard_metadata.egress_spec = port
[09:21:14.727] [bmv2] [T] [thread 108970] [86.0] [cxt 0] switch.p4(97) Primitive hdr.ethernet.srcAddr = hdr.ethernet.dstAddr
[09:21:14.727] [bmv2] [T] [thread 108970] [86.0] [cxt 0] switch.p4(98) Primitive hdr.ethernet.dstAddr = dstAddr
[09:21:14.727] [bmv2] [T] [thread 108970] [86.0] [cxt 0] switch.p4(99) Primitive hdr.ipv4.ttl = hdr.ipv4.ttl - 1
[09:21:14.727] [bmv2] [D] [thread 108970] [86.0] [cxt 0] Pipeline 'ingress': end
[09:21:14.727] [bmv2] [D] [thread 108970] [86.0] [cxt 0] Egress port is 1
[09:21:14.732] [bmv2] [D] [thread 108972] [86.0] [cxt 0] Pipeline 'egress': start
[09:21:14.732] [bmv2] [D] [thread 108972] [86.0] [cxt 0] Pipeline 'egress': end
[09:21:14.732] [bmv2] [D] [thread 108972] [86.0] [cxt 0] Deparser 'deparser': start
[09:21:14.732] [bmv2] [D] [thread 108972] [86.0] [cxt 0] Updating checksum 'cksum'
[09:21:14.732] [bmv2] [D] [thread 108972] [86.0] [cxt 0] Deparsing header 'ethernet'
[09:21:14.733] [bmv2] [D] [thread 108972] [86.0] [cxt 0] Deparsing header 'ipv4'
[09:21:14.733] [bmv2] [D] [thread 108972] [86.0] [cxt 0] Deparser 'deparser': end
[09:21:14.733] [bmv2] [D] [thread 108975] [86.0] [cxt 0] Transmitting packet of size 48 out of port 1
[09:21:14.733] [bmv2] [D] [thread 108970] [87.0] [cxt 0] Processing packet received on port 1
[09:21:14.733] [bmv2] [D] [thread 108970] [87.0] [cxt 0] Parser 'parser': start
[09:21:14.733] [bmv2] [D] [thread 108970] [87.0] [cxt 0] Parser 'parser' entering state 'start'
[09:21:14.733] [bmv2] [D] [thread 108970] [87.0] [cxt 0] Extracting header 'ethernet'
[09:21:14.733] [bmv2] [D] [thread 108970] [87.0] [cxt 0] Parser state 'start': key is 0800
[09:21:14.733] [bmv2] [T] [thread 108970] [87.0] [cxt 0] Bytes parsed: 14
[09:21:14.733] [bmv2] [D] [thread 108970] [87.0] [cxt 0] Parser 'parser' entering state 'parse_ipv4'
[09:21:14.733] [bmv2] [D] [thread 108970] [87.0] [cxt 0] Extracting header 'ipv4'
[09:21:14.733] [bmv2] [D] [thread 108970] [87.0] [cxt 0] Parser state 'parse_ipv4' has no switch, going to default next state
[09:21:14.733] [bmv2] [T] [thread 108970] [87.0] [cxt 0] Bytes parsed: 34
[09:21:14.733] [bmv2] [D] [thread 108970] [87.0] [cxt 0] Parser 'parser': end
[09:21:14.733] [bmv2] [D] [thread 108970] [87.0] [cxt 0] Pipeline 'ingress': start
[09:21:14.733] [bmv2] [T] [thread 108970] [87.0] [cxt 0] switch.p4(116) Condition "hdr.ipv4.isValid()" (node_2) is true
[09:21:14.733] [bmv2] [T] [thread 108970] [87.0] [cxt 0] Applying table 'MyIngress.ipv4_lpm'
[09:21:14.733] [bmv2] [D] [thread 108970] [87.0] [cxt 0] Looking up key:
* hdr.ipv4.dstAddr    : 0a000101

[09:21:14.733] [bmv2] [D] [thread 108970] [87.0] [cxt 0] Table 'MyIngress.ipv4_lpm': hit with handle 0
[09:21:14.733] [bmv2] [D] [thread 108970] [87.0] [cxt 0] Dumping entry 0
Match key:
* hdr.ipv4.dstAddr    : LPM       0a000101/32
Action entry: MyIngress.ipv4_forward - 80000000200,2,

[09:21:14.733] [bmv2] [D] [thread 108970] [87.0] [cxt 0] Action entry is MyIngress.ipv4_forward - 80000000200,2,
[09:21:14.733] [bmv2] [T] [thread 108970] [87.0] [cxt 0] Action MyIngress.ipv4_forward
[09:21:14.733] [bmv2] [T] [thread 108970] [87.0] [cxt 0] switch.p4(96) Primitive standard_metadata.egress_spec = port
[09:21:14.733] [bmv2] [T] [thread 108970] [87.0] [cxt 0] switch.p4(97) Primitive hdr.ethernet.srcAddr = hdr.ethernet.dstAddr
[09:21:14.733] [bmv2] [T] [thread 108970] [87.0] [cxt 0] switch.p4(98) Primitive hdr.ethernet.dstAddr = dstAddr
[09:21:14.733] [bmv2] [T] [thread 108970] [87.0] [cxt 0] switch.p4(99) Primitive hdr.ipv4.ttl = hdr.ipv4.ttl - 1
[09:21:14.733] [bmv2] [D] [thread 108970] [87.0] [cxt 0] Pipeline 'ingress': end
[09:21:14.733] [bmv2] [D] [thread 108970] [87.0] [cxt 0] Egress port is 2
[09:21:14.733] [bmv2] [D] [thread 108973] [87.0] [cxt 0] Pipeline 'egress': start
[09:21:14.733] [bmv2] [D] [thread 108973] [87.0] [cxt 0] Pipeline 'egress': end
[09:21:14.733] [bmv2] [D] [thread 108973] [87.0] [cxt 0] Deparser 'deparser': start
[09:21:14.733] [bmv2] [D] [thread 108973] [87.0] [cxt 0] Updating checksum 'cksum'
[09:21:14.733] [bmv2] [D] [thread 108973] [87.0] [cxt 0] Deparsing header 'ethernet'
[09:21:14.733] [bmv2] [D] [thread 108973] [87.0] [cxt 0] Deparsing header 'ipv4'
[09:21:14.733] [bmv2] [D] [thread 108973] [87.0] [cxt 0] Deparser 'deparser': end
[09:21:14.733] [bmv2] [D] [thread 108975] [87.0] [cxt 0] Transmitting packet of size 76 out of port 2
[09:21:14.748] [bmv2] [D] [thread 108970] [88.0] [cxt 0] Processing packet received on port 1
[09:21:14.749] [bmv2] [D] [thread 108970] [88.0] [cxt 0] Parser 'parser': start
[09:21:14.749] [bmv2] [D] [thread 108970] [88.0] [cxt 0] Parser 'parser' entering state 'start'
[09:21:14.749] [bmv2] [D] [thread 108970] [88.0] [cxt 0] Extracting header 'ethernet'
[09:21:14.749] [bmv2] [D] [thread 108970] [88.0] [cxt 0] Parser state 'start': key is 0800
[09:21:14.749] [bmv2] [T] [thread 108970] [88.0] [cxt 0] Bytes parsed: 14
[09:21:14.749] [bmv2] [D] [thread 108970] [88.0] [cxt 0] Parser 'parser' entering state 'parse_ipv4'
[09:21:14.749] [bmv2] [D] [thread 108970] [88.0] [cxt 0] Extracting header 'ipv4'
[09:21:14.749] [bmv2] [D] [thread 108970] [88.0] [cxt 0] Parser state 'parse_ipv4' has no switch, going to default next state
[09:21:14.749] [bmv2] [T] [thread 108970] [88.0] [cxt 0] Bytes parsed: 34
[09:21:14.749] [bmv2] [D] [thread 108970] [88.0] [cxt 0] Parser 'parser': end
[09:21:14.749] [bmv2] [D] [thread 108970] [88.0] [cxt 0] Pipeline 'ingress': start
[09:21:14.749] [bmv2] [T] [thread 108970] [88.0] [cxt 0] switch.p4(116) Condition "hdr.ipv4.isValid()" (node_2) is true
[09:21:14.749] [bmv2] [T] [thread 108970] [88.0] [cxt 0] Applying table 'MyIngress.ipv4_lpm'
[09:21:14.749] [bmv2] [D] [thread 108970] [88.0] [cxt 0] Looking up key:
* hdr.ipv4.dstAddr    : 0a000101

[09:21:14.749] [bmv2] [D] [thread 108970] [88.0] [cxt 0] Table 'MyIngress.ipv4_lpm': hit with handle 0
[09:21:14.749] [bmv2] [D] [thread 108970] [88.0] [cxt 0] Dumping entry 0
Match key:
* hdr.ipv4.dstAddr    : LPM       0a000101/32
Action entry: MyIngress.ipv4_forward - 80000000200,2,

[09:21:14.749] [bmv2] [D] [thread 108970] [88.0] [cxt 0] Action entry is MyIngress.ipv4_forward - 80000000200,2,
[09:21:14.749] [bmv2] [T] [thread 108970] [88.0] [cxt 0] Action MyIngress.ipv4_forward
[09:21:14.749] [bmv2] [T] [thread 108970] [88.0] [cxt 0] switch.p4(96) Primitive standard_metadata.egress_spec = port
[09:21:14.749] [bmv2] [T] [thread 108970] [88.0] [cxt 0] switch.p4(97) Primitive hdr.ethernet.srcAddr = hdr.ethernet.dstAddr
[09:21:14.749] [bmv2] [T] [thread 108970] [88.0] [cxt 0] switch.p4(98) Primitive hdr.ethernet.dstAddr = dstAddr
[09:21:14.749] [bmv2] [T] [thread 108970] [88.0] [cxt 0] switch.p4(99) Primitive hdr.ipv4.ttl = hdr.ipv4.ttl - 1
[09:21:14.749] [bmv2] [D] [thread 108970] [88.0] [cxt 0] Pipeline 'ingress': end
[09:21:14.749] [bmv2] [D] [thread 108970] [88.0] [cxt 0] Egress port is 2
[09:21:14.749] [bmv2] [D] [thread 108973] [88.0] [cxt 0] Pipeline 'egress': start
[09:21:14.750] [bmv2] [D] [thread 108973] [88.0] [cxt 0] Pipeline 'egress': end
[09:21:14.750] [bmv2] [D] [thread 108973] [88.0] [cxt 0] Deparser 'deparser': start
[09:21:14.750] [bmv2] [D] [thread 108973] [88.0] [cxt 0] Updating checksum 'cksum'
[09:21:14.750] [bmv2] [D] [thread 108973] [88.0] [cxt 0] Deparsing header 'ethernet'
[09:21:14.750] [bmv2] [D] [thread 108973] [88.0] [cxt 0] Deparsing header 'ipv4'
[09:21:14.750] [bmv2] [D] [thread 108973] [88.0] [cxt 0] Deparser 'deparser': end
[09:21:14.750] [bmv2] [D] [thread 108975] [88.0] [cxt 0] Transmitting packet of size 308 out of port 2
[09:21:14.757] [bmv2] [D] [thread 108970] [89.0] [cxt 0] Processing packet received on port 2
[09:21:14.757] [bmv2] [D] [thread 108970] [89.0] [cxt 0] Parser 'parser': start
[09:21:14.757] [bmv2] [D] [thread 108970] [89.0] [cxt 0] Parser 'parser' entering state 'start'
[09:21:14.757] [bmv2] [D] [thread 108970] [89.0] [cxt 0] Extracting header 'ethernet'
[09:21:14.757] [bmv2] [D] [thread 108970] [89.0] [cxt 0] Parser state 'start': key is 0800
[09:21:14.757] [bmv2] [T] [thread 108970] [89.0] [cxt 0] Bytes parsed: 14
[09:21:14.757] [bmv2] [D] [thread 108970] [89.0] [cxt 0] Parser 'parser' entering state 'parse_ipv4'
[09:21:14.757] [bmv2] [D] [thread 108970] [89.0] [cxt 0] Extracting header 'ipv4'
[09:21:14.757] [bmv2] [D] [thread 108970] [89.0] [cxt 0] Parser state 'parse_ipv4' has no switch, going to default next state
[09:21:14.757] [bmv2] [T] [thread 108970] [89.0] [cxt 0] Bytes parsed: 34
[09:21:14.757] [bmv2] [D] [thread 108970] [89.0] [cxt 0] Parser 'parser': end
[09:21:14.757] [bmv2] [D] [thread 108970] [89.0] [cxt 0] Pipeline 'ingress': start
[09:21:14.757] [bmv2] [T] [thread 108970] [89.0] [cxt 0] switch.p4(116) Condition "hdr.ipv4.isValid()" (node_2) is true
[09:21:14.757] [bmv2] [T] [thread 108970] [89.0] [cxt 0] Applying table 'MyIngress.ipv4_lpm'
[09:21:14.757] [bmv2] [D] [thread 108970] [89.0] [cxt 0] Looking up key:
* hdr.ipv4.dstAddr    : 0a000202

[09:21:14.757] [bmv2] [D] [thread 108970] [89.0] [cxt 0] Table 'MyIngress.ipv4_lpm': hit with handle 1
[09:21:14.758] [bmv2] [D] [thread 108970] [89.0] [cxt 0] Dumping entry 1
Match key:
* hdr.ipv4.dstAddr    : LPM       0a000202/32
Action entry: MyIngress.ipv4_forward - 80000000222,1,

[09:21:14.758] [bmv2] [D] [thread 108970] [89.0] [cxt 0] Action entry is MyIngress.ipv4_forward - 80000000222,1,
[09:21:14.758] [bmv2] [T] [thread 108970] [89.0] [cxt 0] Action MyIngress.ipv4_forward
[09:21:14.758] [bmv2] [T] [thread 108970] [89.0] [cxt 0] switch.p4(96) Primitive standard_metadata.egress_spec = port
[09:21:14.758] [bmv2] [T] [thread 108970] [89.0] [cxt 0] switch.p4(97) Primitive hdr.ethernet.srcAddr = hdr.ethernet.dstAddr
[09:21:14.758] [bmv2] [T] [thread 108970] [89.0] [cxt 0] switch.p4(98) Primitive hdr.ethernet.dstAddr = dstAddr
[09:21:14.758] [bmv2] [T] [thread 108970] [89.0] [cxt 0] switch.p4(99) Primitive hdr.ipv4.ttl = hdr.ipv4.ttl - 1
[09:21:14.758] [bmv2] [D] [thread 108970] [89.0] [cxt 0] Pipeline 'ingress': end
[09:21:14.758] [bmv2] [D] [thread 108970] [89.0] [cxt 0] Egress port is 1
[09:21:14.758] [bmv2] [D] [thread 108972] [89.0] [cxt 0] Pipeline 'egress': start
[09:21:14.758] [bmv2] [D] [thread 108972] [89.0] [cxt 0] Pipeline 'egress': end
[09:21:14.758] [bmv2] [D] [thread 108972] [89.0] [cxt 0] Deparser 'deparser': start
[09:21:14.758] [bmv2] [D] [thread 108972] [89.0] [cxt 0] Updating checksum 'cksum'
[09:21:14.758] [bmv2] [D] [thread 108972] [89.0] [cxt 0] Deparsing header 'ethernet'
[09:21:14.758] [bmv2] [D] [thread 108972] [89.0] [cxt 0] Deparsing header 'ipv4'
[09:21:14.758] [bmv2] [D] [thread 108972] [89.0] [cxt 0] Deparser 'deparser': end
[09:21:14.758] [bmv2] [D] [thread 108975] [89.0] [cxt 0] Transmitting packet of size 336 out of port 1
[09:21:15.002] [bmv2] [D] [thread 108970] [90.0] [cxt 0] Processing packet received on port 2
[09:21:15.002] [bmv2] [D] [thread 108970] [90.0] [cxt 0] Parser 'parser': start
[09:21:15.002] [bmv2] [D] [thread 108970] [90.0] [cxt 0] Parser 'parser' entering state 'start'
[09:21:15.002] [bmv2] [D] [thread 108970] [90.0] [cxt 0] Extracting header 'ethernet'
[09:21:15.002] [bmv2] [D] [thread 108970] [90.0] [cxt 0] Parser state 'start': key is 86dd
[09:21:15.002] [bmv2] [T] [thread 108970] [90.0] [cxt 0] Bytes parsed: 14
[09:21:15.002] [bmv2] [D] [thread 108970] [90.0] [cxt 0] Parser 'parser': end
[09:21:15.002] [bmv2] [D] [thread 108970] [90.0] [cxt 0] Pipeline 'ingress': start
[09:21:15.002] [bmv2] [T] [thread 108970] [90.0] [cxt 0] switch.p4(116) Condition "hdr.ipv4.isValid()" (node_2) is false
[09:21:15.002] [bmv2] [D] [thread 108970] [90.0] [cxt 0] Pipeline 'ingress': end
[09:21:15.002] [bmv2] [D] [thread 108970] [90.0] [cxt 0] Egress port is 0
[09:21:15.002] [bmv2] [D] [thread 108971] [90.0] [cxt 0] Pipeline 'egress': start
[09:21:15.003] [bmv2] [D] [thread 108971] [90.0] [cxt 0] Pipeline 'egress': end
[09:21:15.003] [bmv2] [D] [thread 108971] [90.0] [cxt 0] Deparser 'deparser': start
[09:21:15.003] [bmv2] [T] [thread 108971] [90.0] [cxt 0] Skipping checksum 'cksum' update because condition not met
[09:21:15.003] [bmv2] [D] [thread 108971] [90.0] [cxt 0] Deparsing header 'ethernet'
[09:21:15.003] [bmv2] [D] [thread 108971] [90.0] [cxt 0] Deparser 'deparser': end
[09:21:15.003] [bmv2] [D] [thread 108975] [90.0] [cxt 0] Transmitting packet of size 70 out of port 0
[09:21:15.847] [bmv2] [D] [thread 108970] [91.0] [cxt 0] Processing packet received on port 1
[09:21:15.847] [bmv2] [D] [thread 108970] [91.0] [cxt 0] Parser 'parser': start
[09:21:15.847] [bmv2] [D] [thread 108970] [91.0] [cxt 0] Parser 'parser' entering state 'start'
[09:21:15.847] [bmv2] [D] [thread 108970] [91.0] [cxt 0] Extracting header 'ethernet'
[09:21:15.847] [bmv2] [D] [thread 108970] [91.0] [cxt 0] Parser state 'start': key is 86dd
[09:21:15.847] [bmv2] [T] [thread 108970] [91.0] [cxt 0] Bytes parsed: 14
[09:21:15.847] [bmv2] [D] [thread 108970] [91.0] [cxt 0] Parser 'parser': end
[09:21:15.847] [bmv2] [D] [thread 108970] [91.0] [cxt 0] Pipeline 'ingress': start
[09:21:15.847] [bmv2] [T] [thread 108970] [91.0] [cxt 0] switch.p4(116) Condition "hdr.ipv4.isValid()" (node_2) is false
[09:21:15.847] [bmv2] [D] [thread 108970] [91.0] [cxt 0] Pipeline 'ingress': end
[09:21:15.847] [bmv2] [D] [thread 108970] [91.0] [cxt 0] Egress port is 0
[09:21:15.847] [bmv2] [D] [thread 108971] [91.0] [cxt 0] Pipeline 'egress': start
[09:21:15.847] [bmv2] [D] [thread 108971] [91.0] [cxt 0] Pipeline 'egress': end
[09:21:15.847] [bmv2] [D] [thread 108971] [91.0] [cxt 0] Deparser 'deparser': start
[09:21:15.847] [bmv2] [T] [thread 108971] [91.0] [cxt 0] Skipping checksum 'cksum' update because condition not met
[09:21:15.847] [bmv2] [D] [thread 108971] [91.0] [cxt 0] Deparsing header 'ethernet'
[09:21:15.847] [bmv2] [D] [thread 108971] [91.0] [cxt 0] Deparser 'deparser': end
[09:21:15.847] [bmv2] [D] [thread 108975] [91.0] [cxt 0] Transmitting packet of size 203 out of port 0
[09:21:15.947] [bmv2] [D] [thread 108970] [92.0] [cxt 0] Processing packet received on port 2
[09:21:15.947] [bmv2] [D] [thread 108970] [92.0] [cxt 0] Parser 'parser': start
[09:21:15.947] [bmv2] [D] [thread 108970] [92.0] [cxt 0] Parser 'parser' entering state 'start'
[09:21:15.947] [bmv2] [D] [thread 108970] [92.0] [cxt 0] Extracting header 'ethernet'
[09:21:15.947] [bmv2] [D] [thread 108970] [92.0] [cxt 0] Parser state 'start': key is 0800
[09:21:15.947] [bmv2] [T] [thread 108970] [92.0] [cxt 0] Bytes parsed: 14
[09:21:15.947] [bmv2] [D] [thread 108970] [92.0] [cxt 0] Parser 'parser' entering state 'parse_ipv4'
[09:21:15.947] [bmv2] [D] [thread 108970] [92.0] [cxt 0] Extracting header 'ipv4'
[09:21:15.947] [bmv2] [D] [thread 108970] [92.0] [cxt 0] Parser state 'parse_ipv4' has no switch, going to default next state
[09:21:15.947] [bmv2] [T] [thread 108970] [92.0] [cxt 0] Bytes parsed: 34
[09:21:15.947] [bmv2] [D] [thread 108970] [92.0] [cxt 0] Parser 'parser': end
[09:21:15.947] [bmv2] [D] [thread 108970] [92.0] [cxt 0] Pipeline 'ingress': start
[09:21:15.947] [bmv2] [T] [thread 108970] [92.0] [cxt 0] switch.p4(116) Condition "hdr.ipv4.isValid()" (node_2) is true
[09:21:15.947] [bmv2] [T] [thread 108970] [92.0] [cxt 0] Applying table 'MyIngress.ipv4_lpm'
[09:21:15.947] [bmv2] [D] [thread 108970] [92.0] [cxt 0] Looking up key:
* hdr.ipv4.dstAddr    : 0a000202

[09:21:15.947] [bmv2] [D] [thread 108970] [92.0] [cxt 0] Table 'MyIngress.ipv4_lpm': hit with handle 1
[09:21:15.947] [bmv2] [D] [thread 108970] [92.0] [cxt 0] Dumping entry 1
Match key:
* hdr.ipv4.dstAddr    : LPM       0a000202/32
Action entry: MyIngress.ipv4_forward - 80000000222,1,

[09:21:15.947] [bmv2] [D] [thread 108970] [92.0] [cxt 0] Action entry is MyIngress.ipv4_forward - 80000000222,1,
[09:21:15.947] [bmv2] [T] [thread 108970] [92.0] [cxt 0] Action MyIngress.ipv4_forward
[09:21:15.947] [bmv2] [T] [thread 108970] [92.0] [cxt 0] switch.p4(96) Primitive standard_metadata.egress_spec = port
[09:21:15.947] [bmv2] [T] [thread 108970] [92.0] [cxt 0] switch.p4(97) Primitive hdr.ethernet.srcAddr = hdr.ethernet.dstAddr
[09:21:15.947] [bmv2] [T] [thread 108970] [92.0] [cxt 0] switch.p4(98) Primitive hdr.ethernet.dstAddr = dstAddr
[09:21:15.947] [bmv2] [T] [thread 108970] [92.0] [cxt 0] switch.p4(99) Primitive hdr.ipv4.ttl = hdr.ipv4.ttl - 1
[09:21:15.947] [bmv2] [D] [thread 108970] [92.0] [cxt 0] Pipeline 'ingress': end
[09:21:15.947] [bmv2] [D] [thread 108970] [92.0] [cxt 0] Egress port is 1
[09:21:15.947] [bmv2] [D] [thread 108972] [92.0] [cxt 0] Pipeline 'egress': start
[09:21:15.947] [bmv2] [D] [thread 108972] [92.0] [cxt 0] Pipeline 'egress': end
[09:21:15.947] [bmv2] [D] [thread 108972] [92.0] [cxt 0] Deparser 'deparser': start
[09:21:15.947] [bmv2] [D] [thread 108972] [92.0] [cxt 0] Updating checksum 'cksum'
[09:21:15.947] [bmv2] [D] [thread 108972] [92.0] [cxt 0] Deparsing header 'ethernet'
[09:21:15.947] [bmv2] [D] [thread 108972] [92.0] [cxt 0] Deparsing header 'ipv4'
[09:21:15.947] [bmv2] [D] [thread 108972] [92.0] [cxt 0] Deparser 'deparser': end
[09:21:15.947] [bmv2] [D] [thread 108975] [92.0] [cxt 0] Transmitting packet of size 48 out of port 1
[09:21:15.947] [bmv2] [D] [thread 108970] [93.0] [cxt 0] Processing packet received on port 1
[09:21:15.947] [bmv2] [D] [thread 108970] [93.0] [cxt 0] Parser 'parser': start
[09:21:15.947] [bmv2] [D] [thread 108970] [93.0] [cxt 0] Parser 'parser' entering state 'start'
[09:21:15.947] [bmv2] [D] [thread 108970] [93.0] [cxt 0] Extracting header 'ethernet'
[09:21:15.947] [bmv2] [D] [thread 108970] [93.0] [cxt 0] Parser state 'start': key is 0800
[09:21:15.947] [bmv2] [T] [thread 108970] [93.0] [cxt 0] Bytes parsed: 14
[09:21:15.947] [bmv2] [D] [thread 108970] [93.0] [cxt 0] Parser 'parser' entering state 'parse_ipv4'
[09:21:15.947] [bmv2] [D] [thread 108970] [93.0] [cxt 0] Extracting header 'ipv4'
[09:21:15.947] [bmv2] [D] [thread 108970] [93.0] [cxt 0] Parser state 'parse_ipv4' has no switch, going to default next state
[09:21:15.947] [bmv2] [T] [thread 108970] [93.0] [cxt 0] Bytes parsed: 34
[09:21:15.947] [bmv2] [D] [thread 108970] [93.0] [cxt 0] Parser 'parser': end
[09:21:15.947] [bmv2] [D] [thread 108970] [93.0] [cxt 0] Pipeline 'ingress': start
[09:21:15.947] [bmv2] [T] [thread 108970] [93.0] [cxt 0] switch.p4(116) Condition "hdr.ipv4.isValid()" (node_2) is true
[09:21:15.947] [bmv2] [T] [thread 108970] [93.0] [cxt 0] Applying table 'MyIngress.ipv4_lpm'
[09:21:15.947] [bmv2] [D] [thread 108970] [93.0] [cxt 0] Looking up key:
* hdr.ipv4.dstAddr    : 0a000101

[09:21:15.947] [bmv2] [D] [thread 108970] [93.0] [cxt 0] Table 'MyIngress.ipv4_lpm': hit with handle 0
[09:21:15.947] [bmv2] [D] [thread 108970] [93.0] [cxt 0] Dumping entry 0
Match key:
* hdr.ipv4.dstAddr    : LPM       0a000101/32
Action entry: MyIngress.ipv4_forward - 80000000200,2,

[09:21:15.947] [bmv2] [D] [thread 108970] [93.0] [cxt 0] Action entry is MyIngress.ipv4_forward - 80000000200,2,
[09:21:15.947] [bmv2] [T] [thread 108970] [93.0] [cxt 0] Action MyIngress.ipv4_forward
[09:21:15.947] [bmv2] [T] [thread 108970] [93.0] [cxt 0] switch.p4(96) Primitive standard_metadata.egress_spec = port
[09:21:15.947] [bmv2] [T] [thread 108970] [93.0] [cxt 0] switch.p4(97) Primitive hdr.ethernet.srcAddr = hdr.ethernet.dstAddr
[09:21:15.947] [bmv2] [T] [thread 108970] [93.0] [cxt 0] switch.p4(98) Primitive hdr.ethernet.dstAddr = dstAddr
[09:21:15.947] [bmv2] [T] [thread 108970] [93.0] [cxt 0] switch.p4(99) Primitive hdr.ipv4.ttl = hdr.ipv4.ttl - 1
[09:21:15.947] [bmv2] [D] [thread 108970] [93.0] [cxt 0] Pipeline 'ingress': end
[09:21:15.947] [bmv2] [D] [thread 108970] [93.0] [cxt 0] Egress port is 2
[09:21:15.947] [bmv2] [D] [thread 108973] [93.0] [cxt 0] Pipeline 'egress': start
[09:21:15.947] [bmv2] [D] [thread 108973] [93.0] [cxt 0] Pipeline 'egress': end
[09:21:15.947] [bmv2] [D] [thread 108973] [93.0] [cxt 0] Deparser 'deparser': start
[09:21:15.947] [bmv2] [D] [thread 108973] [93.0] [cxt 0] Updating checksum 'cksum'
[09:21:15.947] [bmv2] [D] [thread 108973] [93.0] [cxt 0] Deparsing header 'ethernet'
[09:21:15.947] [bmv2] [D] [thread 108973] [93.0] [cxt 0] Deparsing header 'ipv4'
[09:21:15.947] [bmv2] [D] [thread 108973] [93.0] [cxt 0] Deparser 'deparser': end
[09:21:15.947] [bmv2] [D] [thread 108975] [93.0] [cxt 0] Transmitting packet of size 76 out of port 2
[09:21:15.964] [bmv2] [D] [thread 108970] [94.0] [cxt 0] Processing packet received on port 1
[09:21:15.964] [bmv2] [D] [thread 108970] [94.0] [cxt 0] Parser 'parser': start
[09:21:15.964] [bmv2] [D] [thread 108970] [94.0] [cxt 0] Parser 'parser' entering state 'start'
[09:21:15.964] [bmv2] [D] [thread 108970] [94.0] [cxt 0] Extracting header 'ethernet'
[09:21:15.964] [bmv2] [D] [thread 108970] [94.0] [cxt 0] Parser state 'start': key is 0800
[09:21:15.964] [bmv2] [T] [thread 108970] [94.0] [cxt 0] Bytes parsed: 14
[09:21:15.964] [bmv2] [D] [thread 108970] [94.0] [cxt 0] Parser 'parser' entering state 'parse_ipv4'
[09:21:15.964] [bmv2] [D] [thread 108970] [94.0] [cxt 0] Extracting header 'ipv4'
[09:21:15.964] [bmv2] [D] [thread 108970] [94.0] [cxt 0] Parser state 'parse_ipv4' has no switch, going to default next state
[09:21:15.964] [bmv2] [T] [thread 108970] [94.0] [cxt 0] Bytes parsed: 34
[09:21:15.964] [bmv2] [D] [thread 108970] [94.0] [cxt 0] Parser 'parser': end
[09:21:15.964] [bmv2] [D] [thread 108970] [94.0] [cxt 0] Pipeline 'ingress': start
[09:21:15.964] [bmv2] [T] [thread 108970] [94.0] [cxt 0] switch.p4(116) Condition "hdr.ipv4.isValid()" (node_2) is true
[09:21:15.964] [bmv2] [T] [thread 108970] [94.0] [cxt 0] Applying table 'MyIngress.ipv4_lpm'
[09:21:15.964] [bmv2] [D] [thread 108970] [94.0] [cxt 0] Looking up key:
* hdr.ipv4.dstAddr    : 0a000101

[09:21:15.964] [bmv2] [D] [thread 108970] [94.0] [cxt 0] Table 'MyIngress.ipv4_lpm': hit with handle 0
[09:21:15.964] [bmv2] [D] [thread 108970] [94.0] [cxt 0] Dumping entry 0
Match key:
* hdr.ipv4.dstAddr    : LPM       0a000101/32
Action entry: MyIngress.ipv4_forward - 80000000200,2,

[09:21:15.964] [bmv2] [D] [thread 108970] [94.0] [cxt 0] Action entry is MyIngress.ipv4_forward - 80000000200,2,
[09:21:15.964] [bmv2] [T] [thread 108970] [94.0] [cxt 0] Action MyIngress.ipv4_forward
[09:21:15.964] [bmv2] [T] [thread 108970] [94.0] [cxt 0] switch.p4(96) Primitive standard_metadata.egress_spec = port
[09:21:15.964] [bmv2] [T] [thread 108970] [94.0] [cxt 0] switch.p4(97) Primitive hdr.ethernet.srcAddr = hdr.ethernet.dstAddr
[09:21:15.964] [bmv2] [T] [thread 108970] [94.0] [cxt 0] switch.p4(98) Primitive hdr.ethernet.dstAddr = dstAddr
[09:21:15.964] [bmv2] [T] [thread 108970] [94.0] [cxt 0] switch.p4(99) Primitive hdr.ipv4.ttl = hdr.ipv4.ttl - 1
[09:21:15.964] [bmv2] [D] [thread 108970] [94.0] [cxt 0] Pipeline 'ingress': end
[09:21:15.964] [bmv2] [D] [thread 108970] [94.0] [cxt 0] Egress port is 2
[09:21:15.964] [bmv2] [D] [thread 108973] [94.0] [cxt 0] Pipeline 'egress': start
[09:21:15.964] [bmv2] [D] [thread 108973] [94.0] [cxt 0] Pipeline 'egress': end
[09:21:15.964] [bmv2] [D] [thread 108973] [94.0] [cxt 0] Deparser 'deparser': start
[09:21:15.964] [bmv2] [D] [thread 108973] [94.0] [cxt 0] Updating checksum 'cksum'
[09:21:15.964] [bmv2] [D] [thread 108973] [94.0] [cxt 0] Deparsing header 'ethernet'
[09:21:15.964] [bmv2] [D] [thread 108973] [94.0] [cxt 0] Deparsing header 'ipv4'
[09:21:15.964] [bmv2] [D] [thread 108973] [94.0] [cxt 0] Deparser 'deparser': end
[09:21:15.964] [bmv2] [D] [thread 108975] [94.0] [cxt 0] Transmitting packet of size 308 out of port 2
[09:21:15.968] [bmv2] [D] [thread 108970] [95.0] [cxt 0] Processing packet received on port 2
[09:21:15.968] [bmv2] [D] [thread 108970] [95.0] [cxt 0] Parser 'parser': start
[09:21:15.968] [bmv2] [D] [thread 108970] [95.0] [cxt 0] Parser 'parser' entering state 'start'
[09:21:15.968] [bmv2] [D] [thread 108970] [95.0] [cxt 0] Extracting header 'ethernet'
[09:21:15.968] [bmv2] [D] [thread 108970] [95.0] [cxt 0] Parser state 'start': key is 0800
[09:21:15.968] [bmv2] [T] [thread 108970] [95.0] [cxt 0] Bytes parsed: 14
[09:21:15.968] [bmv2] [D] [thread 108970] [95.0] [cxt 0] Parser 'parser' entering state 'parse_ipv4'
[09:21:15.968] [bmv2] [D] [thread 108970] [95.0] [cxt 0] Extracting header 'ipv4'
[09:21:15.968] [bmv2] [D] [thread 108970] [95.0] [cxt 0] Parser state 'parse_ipv4' has no switch, going to default next state
[09:21:15.968] [bmv2] [T] [thread 108970] [95.0] [cxt 0] Bytes parsed: 34
[09:21:15.968] [bmv2] [D] [thread 108970] [95.0] [cxt 0] Parser 'parser': end
[09:21:15.968] [bmv2] [D] [thread 108970] [95.0] [cxt 0] Pipeline 'ingress': start
[09:21:15.968] [bmv2] [T] [thread 108970] [95.0] [cxt 0] switch.p4(116) Condition "hdr.ipv4.isValid()" (node_2) is true
[09:21:15.968] [bmv2] [T] [thread 108970] [95.0] [cxt 0] Applying table 'MyIngress.ipv4_lpm'
[09:21:15.968] [bmv2] [D] [thread 108970] [95.0] [cxt 0] Looking up key:
* hdr.ipv4.dstAddr    : 0a000202

[09:21:15.968] [bmv2] [D] [thread 108970] [95.0] [cxt 0] Table 'MyIngress.ipv4_lpm': hit with handle 1
[09:21:15.968] [bmv2] [D] [thread 108970] [95.0] [cxt 0] Dumping entry 1
Match key:
* hdr.ipv4.dstAddr    : LPM       0a000202/32
Action entry: MyIngress.ipv4_forward - 80000000222,1,

[09:21:15.968] [bmv2] [D] [thread 108970] [95.0] [cxt 0] Action entry is MyIngress.ipv4_forward - 80000000222,1,
[09:21:15.968] [bmv2] [T] [thread 108970] [95.0] [cxt 0] Action MyIngress.ipv4_forward
[09:21:15.968] [bmv2] [T] [thread 108970] [95.0] [cxt 0] switch.p4(96) Primitive standard_metadata.egress_spec = port
[09:21:15.968] [bmv2] [T] [thread 108970] [95.0] [cxt 0] switch.p4(97) Primitive hdr.ethernet.srcAddr = hdr.ethernet.dstAddr
[09:21:15.968] [bmv2] [T] [thread 108970] [95.0] [cxt 0] switch.p4(98) Primitive hdr.ethernet.dstAddr = dstAddr
[09:21:15.968] [bmv2] [T] [thread 108970] [95.0] [cxt 0] switch.p4(99) Primitive hdr.ipv4.ttl = hdr.ipv4.ttl - 1
[09:21:15.968] [bmv2] [D] [thread 108970] [95.0] [cxt 0] Pipeline 'ingress': end
[09:21:15.968] [bmv2] [D] [thread 108970] [95.0] [cxt 0] Egress port is 1
[09:21:15.968] [bmv2] [D] [thread 108972] [95.0] [cxt 0] Pipeline 'egress': start
[09:21:15.968] [bmv2] [D] [thread 108972] [95.0] [cxt 0] Pipeline 'egress': end
[09:21:15.968] [bmv2] [D] [thread 108972] [95.0] [cxt 0] Deparser 'deparser': start
[09:21:15.968] [bmv2] [D] [thread 108972] [95.0] [cxt 0] Updating checksum 'cksum'
[09:21:15.968] [bmv2] [D] [thread 108972] [95.0] [cxt 0] Deparsing header 'ethernet'
[09:21:15.968] [bmv2] [D] [thread 108972] [95.0] [cxt 0] Deparsing header 'ipv4'
[09:21:15.968] [bmv2] [D] [thread 108972] [95.0] [cxt 0] Deparser 'deparser': end
[09:21:15.968] [bmv2] [D] [thread 108975] [95.0] [cxt 0] Transmitting packet of size 336 out of port 1
[09:21:16.388] [bmv2] [D] [thread 108970] [96.0] [cxt 0] Processing packet received on port 2
[09:21:16.388] [bmv2] [D] [thread 108970] [96.0] [cxt 0] Parser 'parser': start
[09:21:16.388] [bmv2] [D] [thread 108970] [96.0] [cxt 0] Parser 'parser' entering state 'start'
[09:21:16.388] [bmv2] [D] [thread 108970] [96.0] [cxt 0] Extracting header 'ethernet'
[09:21:16.388] [bmv2] [D] [thread 108970] [96.0] [cxt 0] Parser state 'start': key is 86dd
[09:21:16.388] [bmv2] [T] [thread 108970] [96.0] [cxt 0] Bytes parsed: 14
[09:21:16.389] [bmv2] [D] [thread 108970] [96.0] [cxt 0] Parser 'parser': end
[09:21:16.389] [bmv2] [D] [thread 108970] [96.0] [cxt 0] Pipeline 'ingress': start
[09:21:16.389] [bmv2] [T] [thread 108970] [96.0] [cxt 0] switch.p4(116) Condition "hdr.ipv4.isValid()" (node_2) is false
[09:21:16.389] [bmv2] [D] [thread 108970] [96.0] [cxt 0] Pipeline 'ingress': end
[09:21:16.389] [bmv2] [D] [thread 108970] [96.0] [cxt 0] Egress port is 0
[09:21:16.389] [bmv2] [D] [thread 108970] [97.0] [cxt 0] Processing packet received on port 2
[09:21:16.389] [bmv2] [D] [thread 108970] [97.0] [cxt 0] Parser 'parser': start
[09:21:16.389] [bmv2] [D] [thread 108970] [97.0] [cxt 0] Parser 'parser' entering state 'start'
[09:21:16.389] [bmv2] [D] [thread 108970] [97.0] [cxt 0] Extracting header 'ethernet'
[09:21:16.389] [bmv2] [D] [thread 108970] [97.0] [cxt 0] Parser state 'start': key is 86dd
[09:21:16.389] [bmv2] [T] [thread 108970] [97.0] [cxt 0] Bytes parsed: 14
[09:21:16.389] [bmv2] [D] [thread 108970] [97.0] [cxt 0] Parser 'parser': end
[09:21:16.389] [bmv2] [D] [thread 108970] [97.0] [cxt 0] Pipeline 'ingress': start
[09:21:16.389] [bmv2] [T] [thread 108970] [97.0] [cxt 0] switch.p4(116) Condition "hdr.ipv4.isValid()" (node_2) is false
[09:21:16.389] [bmv2] [D] [thread 108970] [97.0] [cxt 0] Pipeline 'ingress': end
[09:21:16.389] [bmv2] [D] [thread 108970] [97.0] [cxt 0] Egress port is 0
[09:21:16.389] [bmv2] [D] [thread 108971] [96.0] [cxt 0] Pipeline 'egress': start
[09:21:16.389] [bmv2] [D] [thread 108971] [96.0] [cxt 0] Pipeline 'egress': end
[09:21:16.389] [bmv2] [D] [thread 108971] [96.0] [cxt 0] Deparser 'deparser': start
[09:21:16.389] [bmv2] [T] [thread 108971] [96.0] [cxt 0] Skipping checksum 'cksum' update because condition not met
[09:21:16.389] [bmv2] [D] [thread 108971] [96.0] [cxt 0] Deparsing header 'ethernet'
[09:21:16.389] [bmv2] [D] [thread 108971] [96.0] [cxt 0] Deparser 'deparser': end
[09:21:16.389] [bmv2] [D] [thread 108971] [97.0] [cxt 0] Pipeline 'egress': start
[09:21:16.389] [bmv2] [D] [thread 108971] [97.0] [cxt 0] Pipeline 'egress': end
[09:21:16.389] [bmv2] [D] [thread 108971] [97.0] [cxt 0] Deparser 'deparser': start
[09:21:16.389] [bmv2] [T] [thread 108971] [97.0] [cxt 0] Skipping checksum 'cksum' update because condition not met
[09:21:16.389] [bmv2] [D] [thread 108971] [97.0] [cxt 0] Deparsing header 'ethernet'
[09:21:16.389] [bmv2] [D] [thread 108971] [97.0] [cxt 0] Deparser 'deparser': end
[09:21:16.389] [bmv2] [D] [thread 108975] [96.0] [cxt 0] Transmitting packet of size 203 out of port 0
[09:21:16.389] [bmv2] [D] [thread 108975] [97.0] [cxt 0] Transmitting packet of size 203 out of port 0
[09:21:16.774] [bmv2] [D] [thread 108970] [98.0] [cxt 0] Processing packet received on port 2
[09:21:16.774] [bmv2] [D] [thread 108970] [98.0] [cxt 0] Parser 'parser': start
[09:21:16.774] [bmv2] [D] [thread 108970] [98.0] [cxt 0] Parser 'parser' entering state 'start'
[09:21:16.774] [bmv2] [D] [thread 108970] [98.0] [cxt 0] Extracting header 'ethernet'
[09:21:16.774] [bmv2] [D] [thread 108970] [98.0] [cxt 0] Parser state 'start': key is 0800
[09:21:16.774] [bmv2] [T] [thread 108970] [98.0] [cxt 0] Bytes parsed: 14
[09:21:16.774] [bmv2] [D] [thread 108970] [98.0] [cxt 0] Parser 'parser' entering state 'parse_ipv4'
[09:21:16.774] [bmv2] [D] [thread 108970] [98.0] [cxt 0] Extracting header 'ipv4'
[09:21:16.779] [bmv2] [D] [thread 108970] [98.0] [cxt 0] Parser state 'parse_ipv4' has no switch, going to default next state
[09:21:16.779] [bmv2] [T] [thread 108970] [98.0] [cxt 0] Bytes parsed: 34
[09:21:16.779] [bmv2] [D] [thread 108970] [98.0] [cxt 0] Parser 'parser': end
[09:21:16.779] [bmv2] [D] [thread 108970] [98.0] [cxt 0] Pipeline 'ingress': start
[09:21:16.779] [bmv2] [T] [thread 108970] [98.0] [cxt 0] switch.p4(116) Condition "hdr.ipv4.isValid()" (node_2) is true
[09:21:16.779] [bmv2] [T] [thread 108970] [98.0] [cxt 0] Applying table 'MyIngress.ipv4_lpm'
[09:21:16.779] [bmv2] [D] [thread 108970] [98.0] [cxt 0] Looking up key:
* hdr.ipv4.dstAddr    : 0a000202

[09:21:16.779] [bmv2] [D] [thread 108970] [98.0] [cxt 0] Table 'MyIngress.ipv4_lpm': hit with handle 1
[09:21:16.779] [bmv2] [D] [thread 108970] [98.0] [cxt 0] Dumping entry 1
Match key:
* hdr.ipv4.dstAddr    : LPM       0a000202/32
Action entry: MyIngress.ipv4_forward - 80000000222,1,

[09:21:16.779] [bmv2] [D] [thread 108970] [98.0] [cxt 0] Action entry is MyIngress.ipv4_forward - 80000000222,1,
[09:21:16.779] [bmv2] [T] [thread 108970] [98.0] [cxt 0] Action MyIngress.ipv4_forward
[09:21:16.779] [bmv2] [T] [thread 108970] [98.0] [cxt 0] switch.p4(96) Primitive standard_metadata.egress_spec = port
[09:21:16.779] [bmv2] [T] [thread 108970] [98.0] [cxt 0] switch.p4(97) Primitive hdr.ethernet.srcAddr = hdr.ethernet.dstAddr
[09:21:16.779] [bmv2] [T] [thread 108970] [98.0] [cxt 0] switch.p4(98) Primitive hdr.ethernet.dstAddr = dstAddr
[09:21:16.779] [bmv2] [T] [thread 108970] [98.0] [cxt 0] switch.p4(99) Primitive hdr.ipv4.ttl = hdr.ipv4.ttl - 1
[09:21:16.779] [bmv2] [D] [thread 108970] [98.0] [cxt 0] Pipeline 'ingress': end
[09:21:16.779] [bmv2] [D] [thread 108970] [98.0] [cxt 0] Egress port is 1
[09:21:16.779] [bmv2] [D] [thread 108972] [98.0] [cxt 0] Pipeline 'egress': start
[09:21:16.779] [bmv2] [D] [thread 108972] [98.0] [cxt 0] Pipeline 'egress': end
[09:21:16.779] [bmv2] [D] [thread 108972] [98.0] [cxt 0] Deparser 'deparser': start
[09:21:16.779] [bmv2] [D] [thread 108972] [98.0] [cxt 0] Updating checksum 'cksum'
[09:21:16.779] [bmv2] [D] [thread 108972] [98.0] [cxt 0] Deparsing header 'ethernet'
[09:21:16.779] [bmv2] [D] [thread 108972] [98.0] [cxt 0] Deparsing header 'ipv4'
[09:21:16.779] [bmv2] [D] [thread 108972] [98.0] [cxt 0] Deparser 'deparser': end
[09:21:16.779] [bmv2] [D] [thread 108975] [98.0] [cxt 0] Transmitting packet of size 48 out of port 1
[09:21:16.779] [bmv2] [D] [thread 108970] [99.0] [cxt 0] Processing packet received on port 1
[09:21:16.779] [bmv2] [D] [thread 108970] [99.0] [cxt 0] Parser 'parser': start
[09:21:16.779] [bmv2] [D] [thread 108970] [99.0] [cxt 0] Parser 'parser' entering state 'start'
[09:21:16.779] [bmv2] [D] [thread 108970] [99.0] [cxt 0] Extracting header 'ethernet'
[09:21:16.779] [bmv2] [D] [thread 108970] [99.0] [cxt 0] Parser state 'start': key is 0800
[09:21:16.779] [bmv2] [T] [thread 108970] [99.0] [cxt 0] Bytes parsed: 14
[09:21:16.779] [bmv2] [D] [thread 108970] [99.0] [cxt 0] Parser 'parser' entering state 'parse_ipv4'
[09:21:16.779] [bmv2] [D] [thread 108970] [99.0] [cxt 0] Extracting header 'ipv4'
[09:21:16.779] [bmv2] [D] [thread 108970] [99.0] [cxt 0] Parser state 'parse_ipv4' has no switch, going to default next state
[09:21:16.779] [bmv2] [T] [thread 108970] [99.0] [cxt 0] Bytes parsed: 34
[09:21:16.779] [bmv2] [D] [thread 108970] [99.0] [cxt 0] Parser 'parser': end
[09:21:16.779] [bmv2] [D] [thread 108970] [99.0] [cxt 0] Pipeline 'ingress': start
[09:21:16.779] [bmv2] [T] [thread 108970] [99.0] [cxt 0] switch.p4(116) Condition "hdr.ipv4.isValid()" (node_2) is true
[09:21:16.779] [bmv2] [T] [thread 108970] [99.0] [cxt 0] Applying table 'MyIngress.ipv4_lpm'
[09:21:16.779] [bmv2] [D] [thread 108970] [99.0] [cxt 0] Looking up key:
* hdr.ipv4.dstAddr    : 0a000101

[09:21:16.779] [bmv2] [D] [thread 108970] [99.0] [cxt 0] Table 'MyIngress.ipv4_lpm': hit with handle 0
[09:21:16.779] [bmv2] [D] [thread 108970] [99.0] [cxt 0] Dumping entry 0
Match key:
* hdr.ipv4.dstAddr    : LPM       0a000101/32
Action entry: MyIngress.ipv4_forward - 80000000200,2,

[09:21:16.779] [bmv2] [D] [thread 108970] [99.0] [cxt 0] Action entry is MyIngress.ipv4_forward - 80000000200,2,
[09:21:16.779] [bmv2] [T] [thread 108970] [99.0] [cxt 0] Action MyIngress.ipv4_forward
[09:21:16.779] [bmv2] [T] [thread 108970] [99.0] [cxt 0] switch.p4(96) Primitive standard_metadata.egress_spec = port
[09:21:16.779] [bmv2] [T] [thread 108970] [99.0] [cxt 0] switch.p4(97) Primitive hdr.ethernet.srcAddr = hdr.ethernet.dstAddr
[09:21:16.779] [bmv2] [T] [thread 108970] [99.0] [cxt 0] switch.p4(98) Primitive hdr.ethernet.dstAddr = dstAddr
[09:21:16.779] [bmv2] [T] [thread 108970] [99.0] [cxt 0] switch.p4(99) Primitive hdr.ipv4.ttl = hdr.ipv4.ttl - 1
[09:21:16.779] [bmv2] [D] [thread 108970] [99.0] [cxt 0] Pipeline 'ingress': end
[09:21:16.779] [bmv2] [D] [thread 108970] [99.0] [cxt 0] Egress port is 2
[09:21:16.779] [bmv2] [D] [thread 108973] [99.0] [cxt 0] Pipeline 'egress': start
[09:21:16.779] [bmv2] [D] [thread 108973] [99.0] [cxt 0] Pipeline 'egress': end
[09:21:16.779] [bmv2] [D] [thread 108973] [99.0] [cxt 0] Deparser 'deparser': start
[09:21:16.779] [bmv2] [D] [thread 108973] [99.0] [cxt 0] Updating checksum 'cksum'
[09:21:16.779] [bmv2] [D] [thread 108973] [99.0] [cxt 0] Deparsing header 'ethernet'
[09:21:16.779] [bmv2] [D] [thread 108973] [99.0] [cxt 0] Deparsing header 'ipv4'
[09:21:16.779] [bmv2] [D] [thread 108973] [99.0] [cxt 0] Deparser 'deparser': end
[09:21:16.779] [bmv2] [D] [thread 108975] [99.0] [cxt 0] Transmitting packet of size 76 out of port 2
[09:21:16.794] [bmv2] [D] [thread 108970] [100.0] [cxt 0] Processing packet received on port 1
[09:21:16.794] [bmv2] [D] [thread 108970] [100.0] [cxt 0] Parser 'parser': start
[09:21:16.794] [bmv2] [D] [thread 108970] [100.0] [cxt 0] Parser 'parser' entering state 'start'
[09:21:16.794] [bmv2] [D] [thread 108970] [100.0] [cxt 0] Extracting header 'ethernet'
[09:21:16.794] [bmv2] [D] [thread 108970] [100.0] [cxt 0] Parser state 'start': key is 0800
[09:21:16.794] [bmv2] [T] [thread 108970] [100.0] [cxt 0] Bytes parsed: 14
[09:21:16.794] [bmv2] [D] [thread 108970] [100.0] [cxt 0] Parser 'parser' entering state 'parse_ipv4'
[09:21:16.794] [bmv2] [D] [thread 108970] [100.0] [cxt 0] Extracting header 'ipv4'
[09:21:16.794] [bmv2] [D] [thread 108970] [100.0] [cxt 0] Parser state 'parse_ipv4' has no switch, going to default next state
[09:21:16.794] [bmv2] [T] [thread 108970] [100.0] [cxt 0] Bytes parsed: 34
[09:21:16.794] [bmv2] [D] [thread 108970] [100.0] [cxt 0] Parser 'parser': end
[09:21:16.794] [bmv2] [D] [thread 108970] [100.0] [cxt 0] Pipeline 'ingress': start
[09:21:16.794] [bmv2] [T] [thread 108970] [100.0] [cxt 0] switch.p4(116) Condition "hdr.ipv4.isValid()" (node_2) is true
[09:21:16.794] [bmv2] [T] [thread 108970] [100.0] [cxt 0] Applying table 'MyIngress.ipv4_lpm'
[09:21:16.794] [bmv2] [D] [thread 108970] [100.0] [cxt 0] Looking up key:
* hdr.ipv4.dstAddr    : 0a000101

[09:21:16.794] [bmv2] [D] [thread 108970] [100.0] [cxt 0] Table 'MyIngress.ipv4_lpm': hit with handle 0
[09:21:16.794] [bmv2] [D] [thread 108970] [100.0] [cxt 0] Dumping entry 0
Match key:
* hdr.ipv4.dstAddr    : LPM       0a000101/32
Action entry: MyIngress.ipv4_forward - 80000000200,2,

[09:21:16.794] [bmv2] [D] [thread 108970] [100.0] [cxt 0] Action entry is MyIngress.ipv4_forward - 80000000200,2,
[09:21:16.794] [bmv2] [T] [thread 108970] [100.0] [cxt 0] Action MyIngress.ipv4_forward
[09:21:16.794] [bmv2] [T] [thread 108970] [100.0] [cxt 0] switch.p4(96) Primitive standard_metadata.egress_spec = port
[09:21:16.794] [bmv2] [T] [thread 108970] [100.0] [cxt 0] switch.p4(97) Primitive hdr.ethernet.srcAddr = hdr.ethernet.dstAddr
[09:21:16.794] [bmv2] [T] [thread 108970] [100.0] [cxt 0] switch.p4(98) Primitive hdr.ethernet.dstAddr = dstAddr
[09:21:16.794] [bmv2] [T] [thread 108970] [100.0] [cxt 0] switch.p4(99) Primitive hdr.ipv4.ttl = hdr.ipv4.ttl - 1
[09:21:16.794] [bmv2] [D] [thread 108970] [100.0] [cxt 0] Pipeline 'ingress': end
[09:21:16.794] [bmv2] [D] [thread 108970] [100.0] [cxt 0] Egress port is 2
[09:21:16.794] [bmv2] [D] [thread 108973] [100.0] [cxt 0] Pipeline 'egress': start
[09:21:16.794] [bmv2] [D] [thread 108973] [100.0] [cxt 0] Pipeline 'egress': end
[09:21:16.794] [bmv2] [D] [thread 108973] [100.0] [cxt 0] Deparser 'deparser': start
[09:21:16.794] [bmv2] [D] [thread 108973] [100.0] [cxt 0] Updating checksum 'cksum'
[09:21:16.794] [bmv2] [D] [thread 108973] [100.0] [cxt 0] Deparsing header 'ethernet'
[09:21:16.794] [bmv2] [D] [thread 108973] [100.0] [cxt 0] Deparsing header 'ipv4'
[09:21:16.794] [bmv2] [D] [thread 108973] [100.0] [cxt 0] Deparser 'deparser': end
[09:21:16.794] [bmv2] [D] [thread 108975] [100.0] [cxt 0] Transmitting packet of size 308 out of port 2
[09:21:16.799] [bmv2] [D] [thread 108970] [101.0] [cxt 0] Processing packet received on port 2
[09:21:16.799] [bmv2] [D] [thread 108970] [101.0] [cxt 0] Parser 'parser': start
[09:21:16.799] [bmv2] [D] [thread 108970] [101.0] [cxt 0] Parser 'parser' entering state 'start'
[09:21:16.799] [bmv2] [D] [thread 108970] [101.0] [cxt 0] Extracting header 'ethernet'
[09:21:16.799] [bmv2] [D] [thread 108970] [101.0] [cxt 0] Parser state 'start': key is 0800
[09:21:16.799] [bmv2] [T] [thread 108970] [101.0] [cxt 0] Bytes parsed: 14
[09:21:16.799] [bmv2] [D] [thread 108970] [101.0] [cxt 0] Parser 'parser' entering state 'parse_ipv4'
[09:21:16.799] [bmv2] [D] [thread 108970] [101.0] [cxt 0] Extracting header 'ipv4'
[09:21:16.799] [bmv2] [D] [thread 108970] [101.0] [cxt 0] Parser state 'parse_ipv4' has no switch, going to default next state
[09:21:16.799] [bmv2] [T] [thread 108970] [101.0] [cxt 0] Bytes parsed: 34
[09:21:16.799] [bmv2] [D] [thread 108970] [101.0] [cxt 0] Parser 'parser': end
[09:21:16.799] [bmv2] [D] [thread 108970] [101.0] [cxt 0] Pipeline 'ingress': start
[09:21:16.799] [bmv2] [T] [thread 108970] [101.0] [cxt 0] switch.p4(116) Condition "hdr.ipv4.isValid()" (node_2) is true
[09:21:16.799] [bmv2] [T] [thread 108970] [101.0] [cxt 0] Applying table 'MyIngress.ipv4_lpm'
[09:21:16.799] [bmv2] [D] [thread 108970] [101.0] [cxt 0] Looking up key:
* hdr.ipv4.dstAddr    : 0a000202

[09:21:16.799] [bmv2] [D] [thread 108970] [101.0] [cxt 0] Table 'MyIngress.ipv4_lpm': hit with handle 1
[09:21:16.799] [bmv2] [D] [thread 108970] [101.0] [cxt 0] Dumping entry 1
Match key:
* hdr.ipv4.dstAddr    : LPM       0a000202/32
Action entry: MyIngress.ipv4_forward - 80000000222,1,

[09:21:16.799] [bmv2] [D] [thread 108970] [101.0] [cxt 0] Action entry is MyIngress.ipv4_forward - 80000000222,1,
[09:21:16.799] [bmv2] [T] [thread 108970] [101.0] [cxt 0] Action MyIngress.ipv4_forward
[09:21:16.799] [bmv2] [T] [thread 108970] [101.0] [cxt 0] switch.p4(96) Primitive standard_metadata.egress_spec = port
[09:21:16.799] [bmv2] [T] [thread 108970] [101.0] [cxt 0] switch.p4(97) Primitive hdr.ethernet.srcAddr = hdr.ethernet.dstAddr
[09:21:16.799] [bmv2] [T] [thread 108970] [101.0] [cxt 0] switch.p4(98) Primitive hdr.ethernet.dstAddr = dstAddr
[09:21:16.799] [bmv2] [T] [thread 108970] [101.0] [cxt 0] switch.p4(99) Primitive hdr.ipv4.ttl = hdr.ipv4.ttl - 1
[09:21:16.799] [bmv2] [D] [thread 108970] [101.0] [cxt 0] Pipeline 'ingress': end
[09:21:16.799] [bmv2] [D] [thread 108970] [101.0] [cxt 0] Egress port is 1
[09:21:16.799] [bmv2] [D] [thread 108972] [101.0] [cxt 0] Pipeline 'egress': start
[09:21:16.799] [bmv2] [D] [thread 108972] [101.0] [cxt 0] Pipeline 'egress': end
[09:21:16.799] [bmv2] [D] [thread 108972] [101.0] [cxt 0] Deparser 'deparser': start
[09:21:16.799] [bmv2] [D] [thread 108972] [101.0] [cxt 0] Updating checksum 'cksum'
[09:21:16.799] [bmv2] [D] [thread 108972] [101.0] [cxt 0] Deparsing header 'ethernet'
[09:21:16.799] [bmv2] [D] [thread 108972] [101.0] [cxt 0] Deparsing header 'ipv4'
[09:21:16.799] [bmv2] [D] [thread 108972] [101.0] [cxt 0] Deparser 'deparser': end
[09:21:16.799] [bmv2] [D] [thread 108975] [101.0] [cxt 0] Transmitting packet of size 336 out of port 1
[09:21:17.791] [bmv2] [D] [thread 108970] [102.0] [cxt 0] Processing packet received on port 2
[09:21:17.791] [bmv2] [D] [thread 108970] [102.0] [cxt 0] Parser 'parser': start
[09:21:17.791] [bmv2] [D] [thread 108970] [102.0] [cxt 0] Parser 'parser' entering state 'start'
[09:21:17.791] [bmv2] [D] [thread 108970] [102.0] [cxt 0] Extracting header 'ethernet'
[09:21:17.791] [bmv2] [D] [thread 108970] [102.0] [cxt 0] Parser state 'start': key is 0800
[09:21:17.791] [bmv2] [T] [thread 108970] [102.0] [cxt 0] Bytes parsed: 14
[09:21:17.791] [bmv2] [D] [thread 108970] [102.0] [cxt 0] Parser 'parser' entering state 'parse_ipv4'
[09:21:17.791] [bmv2] [D] [thread 108970] [102.0] [cxt 0] Extracting header 'ipv4'
[09:21:17.791] [bmv2] [D] [thread 108970] [102.0] [cxt 0] Parser state 'parse_ipv4' has no switch, going to default next state
[09:21:17.791] [bmv2] [T] [thread 108970] [102.0] [cxt 0] Bytes parsed: 34
[09:21:17.791] [bmv2] [D] [thread 108970] [102.0] [cxt 0] Parser 'parser': end
[09:21:17.791] [bmv2] [D] [thread 108970] [102.0] [cxt 0] Pipeline 'ingress': start
[09:21:17.791] [bmv2] [T] [thread 108970] [102.0] [cxt 0] switch.p4(116) Condition "hdr.ipv4.isValid()" (node_2) is true
[09:21:17.791] [bmv2] [T] [thread 108970] [102.0] [cxt 0] Applying table 'MyIngress.ipv4_lpm'
[09:21:17.791] [bmv2] [D] [thread 108970] [102.0] [cxt 0] Looking up key:
* hdr.ipv4.dstAddr    : 0a000202

[09:21:17.791] [bmv2] [D] [thread 108970] [102.0] [cxt 0] Table 'MyIngress.ipv4_lpm': hit with handle 1
[09:21:17.791] [bmv2] [D] [thread 108970] [102.0] [cxt 0] Dumping entry 1
Match key:
* hdr.ipv4.dstAddr    : LPM       0a000202/32
Action entry: MyIngress.ipv4_forward - 80000000222,1,

[09:21:17.791] [bmv2] [D] [thread 108970] [102.0] [cxt 0] Action entry is MyIngress.ipv4_forward - 80000000222,1,
[09:21:17.791] [bmv2] [T] [thread 108970] [102.0] [cxt 0] Action MyIngress.ipv4_forward
[09:21:17.791] [bmv2] [T] [thread 108970] [102.0] [cxt 0] switch.p4(96) Primitive standard_metadata.egress_spec = port
[09:21:17.791] [bmv2] [T] [thread 108970] [102.0] [cxt 0] switch.p4(97) Primitive hdr.ethernet.srcAddr = hdr.ethernet.dstAddr
[09:21:17.791] [bmv2] [T] [thread 108970] [102.0] [cxt 0] switch.p4(98) Primitive hdr.ethernet.dstAddr = dstAddr
[09:21:17.791] [bmv2] [T] [thread 108970] [102.0] [cxt 0] switch.p4(99) Primitive hdr.ipv4.ttl = hdr.ipv4.ttl - 1
[09:21:17.791] [bmv2] [D] [thread 108970] [102.0] [cxt 0] Pipeline 'ingress': end
[09:21:17.791] [bmv2] [D] [thread 108970] [102.0] [cxt 0] Egress port is 1
[09:21:17.791] [bmv2] [D] [thread 108972] [102.0] [cxt 0] Pipeline 'egress': start
[09:21:17.791] [bmv2] [D] [thread 108972] [102.0] [cxt 0] Pipeline 'egress': end
[09:21:17.791] [bmv2] [D] [thread 108972] [102.0] [cxt 0] Deparser 'deparser': start
[09:21:17.791] [bmv2] [D] [thread 108972] [102.0] [cxt 0] Updating checksum 'cksum'
[09:21:17.791] [bmv2] [D] [thread 108972] [102.0] [cxt 0] Deparsing header 'ethernet'
[09:21:17.791] [bmv2] [D] [thread 108972] [102.0] [cxt 0] Deparsing header 'ipv4'
[09:21:17.791] [bmv2] [D] [thread 108972] [102.0] [cxt 0] Deparser 'deparser': end
[09:21:17.791] [bmv2] [D] [thread 108975] [102.0] [cxt 0] Transmitting packet of size 48 out of port 1
[09:21:17.791] [bmv2] [D] [thread 108970] [103.0] [cxt 0] Processing packet received on port 1
[09:21:17.791] [bmv2] [D] [thread 108970] [103.0] [cxt 0] Parser 'parser': start
[09:21:17.791] [bmv2] [D] [thread 108970] [103.0] [cxt 0] Parser 'parser' entering state 'start'
[09:21:17.791] [bmv2] [D] [thread 108970] [103.0] [cxt 0] Extracting header 'ethernet'
[09:21:17.791] [bmv2] [D] [thread 108970] [103.0] [cxt 0] Parser state 'start': key is 0800
[09:21:17.791] [bmv2] [T] [thread 108970] [103.0] [cxt 0] Bytes parsed: 14
[09:21:17.791] [bmv2] [D] [thread 108970] [103.0] [cxt 0] Parser 'parser' entering state 'parse_ipv4'
[09:21:17.791] [bmv2] [D] [thread 108970] [103.0] [cxt 0] Extracting header 'ipv4'
[09:21:17.791] [bmv2] [D] [thread 108970] [103.0] [cxt 0] Parser state 'parse_ipv4' has no switch, going to default next state
[09:21:17.791] [bmv2] [T] [thread 108970] [103.0] [cxt 0] Bytes parsed: 34
[09:21:17.791] [bmv2] [D] [thread 108970] [103.0] [cxt 0] Parser 'parser': end
[09:21:17.791] [bmv2] [D] [thread 108970] [103.0] [cxt 0] Pipeline 'ingress': start
[09:21:17.791] [bmv2] [T] [thread 108970] [103.0] [cxt 0] switch.p4(116) Condition "hdr.ipv4.isValid()" (node_2) is true
[09:21:17.791] [bmv2] [T] [thread 108970] [103.0] [cxt 0] Applying table 'MyIngress.ipv4_lpm'
[09:21:17.791] [bmv2] [D] [thread 108970] [103.0] [cxt 0] Looking up key:
* hdr.ipv4.dstAddr    : 0a000101

[09:21:17.791] [bmv2] [D] [thread 108970] [103.0] [cxt 0] Table 'MyIngress.ipv4_lpm': hit with handle 0
[09:21:17.791] [bmv2] [D] [thread 108970] [103.0] [cxt 0] Dumping entry 0
Match key:
* hdr.ipv4.dstAddr    : LPM       0a000101/32
Action entry: MyIngress.ipv4_forward - 80000000200,2,

[09:21:17.791] [bmv2] [D] [thread 108970] [103.0] [cxt 0] Action entry is MyIngress.ipv4_forward - 80000000200,2,
[09:21:17.791] [bmv2] [T] [thread 108970] [103.0] [cxt 0] Action MyIngress.ipv4_forward
[09:21:17.791] [bmv2] [T] [thread 108970] [103.0] [cxt 0] switch.p4(96) Primitive standard_metadata.egress_spec = port
[09:21:17.791] [bmv2] [T] [thread 108970] [103.0] [cxt 0] switch.p4(97) Primitive hdr.ethernet.srcAddr = hdr.ethernet.dstAddr
[09:21:17.791] [bmv2] [T] [thread 108970] [103.0] [cxt 0] switch.p4(98) Primitive hdr.ethernet.dstAddr = dstAddr
[09:21:17.791] [bmv2] [T] [thread 108970] [103.0] [cxt 0] switch.p4(99) Primitive hdr.ipv4.ttl = hdr.ipv4.ttl - 1
[09:21:17.791] [bmv2] [D] [thread 108970] [103.0] [cxt 0] Pipeline 'ingress': end
[09:21:17.791] [bmv2] [D] [thread 108970] [103.0] [cxt 0] Egress port is 2
[09:21:17.791] [bmv2] [D] [thread 108973] [103.0] [cxt 0] Pipeline 'egress': start
[09:21:17.791] [bmv2] [D] [thread 108973] [103.0] [cxt 0] Pipeline 'egress': end
[09:21:17.791] [bmv2] [D] [thread 108973] [103.0] [cxt 0] Deparser 'deparser': start
[09:21:17.791] [bmv2] [D] [thread 108973] [103.0] [cxt 0] Updating checksum 'cksum'
[09:21:17.791] [bmv2] [D] [thread 108973] [103.0] [cxt 0] Deparsing header 'ethernet'
[09:21:17.791] [bmv2] [D] [thread 108973] [103.0] [cxt 0] Deparsing header 'ipv4'
[09:21:17.791] [bmv2] [D] [thread 108973] [103.0] [cxt 0] Deparser 'deparser': end
[09:21:17.791] [bmv2] [D] [thread 108975] [103.0] [cxt 0] Transmitting packet of size 76 out of port 2
[09:21:17.882] [bmv2] [D] [thread 108970] [104.0] [cxt 0] Processing packet received on port 1
[09:21:17.882] [bmv2] [D] [thread 108970] [104.0] [cxt 0] Parser 'parser': start
[09:21:17.882] [bmv2] [D] [thread 108970] [104.0] [cxt 0] Parser 'parser' entering state 'start'
[09:21:17.882] [bmv2] [D] [thread 108970] [104.0] [cxt 0] Extracting header 'ethernet'
[09:21:17.882] [bmv2] [D] [thread 108970] [104.0] [cxt 0] Parser state 'start': key is 0800
[09:21:17.882] [bmv2] [T] [thread 108970] [104.0] [cxt 0] Bytes parsed: 14
[09:21:17.882] [bmv2] [D] [thread 108970] [104.0] [cxt 0] Parser 'parser' entering state 'parse_ipv4'
[09:21:17.882] [bmv2] [D] [thread 108970] [104.0] [cxt 0] Extracting header 'ipv4'
[09:21:17.882] [bmv2] [D] [thread 108970] [104.0] [cxt 0] Parser state 'parse_ipv4' has no switch, going to default next state
[09:21:17.882] [bmv2] [T] [thread 108970] [104.0] [cxt 0] Bytes parsed: 34
[09:21:17.882] [bmv2] [D] [thread 108970] [104.0] [cxt 0] Parser 'parser': end
[09:21:17.882] [bmv2] [D] [thread 108970] [104.0] [cxt 0] Pipeline 'ingress': start
[09:21:17.882] [bmv2] [T] [thread 108970] [104.0] [cxt 0] switch.p4(116) Condition "hdr.ipv4.isValid()" (node_2) is true
[09:21:17.882] [bmv2] [T] [thread 108970] [104.0] [cxt 0] Applying table 'MyIngress.ipv4_lpm'
[09:21:17.882] [bmv2] [D] [thread 108970] [104.0] [cxt 0] Looking up key:
* hdr.ipv4.dstAddr    : 0a000101

[09:21:17.882] [bmv2] [D] [thread 108970] [104.0] [cxt 0] Table 'MyIngress.ipv4_lpm': hit with handle 0
[09:21:17.882] [bmv2] [D] [thread 108970] [104.0] [cxt 0] Dumping entry 0
Match key:
* hdr.ipv4.dstAddr    : LPM       0a000101/32
Action entry: MyIngress.ipv4_forward - 80000000200,2,

[09:21:17.882] [bmv2] [D] [thread 108970] [104.0] [cxt 0] Action entry is MyIngress.ipv4_forward - 80000000200,2,
[09:21:17.882] [bmv2] [T] [thread 108970] [104.0] [cxt 0] Action MyIngress.ipv4_forward
[09:21:17.882] [bmv2] [T] [thread 108970] [104.0] [cxt 0] switch.p4(96) Primitive standard_metadata.egress_spec = port
[09:21:17.882] [bmv2] [T] [thread 108970] [104.0] [cxt 0] switch.p4(97) Primitive hdr.ethernet.srcAddr = hdr.ethernet.dstAddr
[09:21:17.882] [bmv2] [T] [thread 108970] [104.0] [cxt 0] switch.p4(98) Primitive hdr.ethernet.dstAddr = dstAddr
[09:21:17.887] [bmv2] [T] [thread 108970] [104.0] [cxt 0] switch.p4(99) Primitive hdr.ipv4.ttl = hdr.ipv4.ttl - 1
[09:21:17.887] [bmv2] [D] [thread 108970] [104.0] [cxt 0] Pipeline 'ingress': end
[09:21:17.887] [bmv2] [D] [thread 108970] [104.0] [cxt 0] Egress port is 2
[09:21:17.887] [bmv2] [D] [thread 108973] [104.0] [cxt 0] Pipeline 'egress': start
[09:21:17.887] [bmv2] [D] [thread 108973] [104.0] [cxt 0] Pipeline 'egress': end
[09:21:17.887] [bmv2] [D] [thread 108973] [104.0] [cxt 0] Deparser 'deparser': start
[09:21:17.887] [bmv2] [D] [thread 108973] [104.0] [cxt 0] Updating checksum 'cksum'
[09:21:17.887] [bmv2] [D] [thread 108973] [104.0] [cxt 0] Deparsing header 'ethernet'
[09:21:17.887] [bmv2] [D] [thread 108973] [104.0] [cxt 0] Deparsing header 'ipv4'
[09:21:17.887] [bmv2] [D] [thread 108973] [104.0] [cxt 0] Deparser 'deparser': end
[09:21:17.887] [bmv2] [D] [thread 108975] [104.0] [cxt 0] Transmitting packet of size 308 out of port 2
[09:21:17.887] [bmv2] [D] [thread 108970] [105.0] [cxt 0] Processing packet received on port 2
[09:21:17.887] [bmv2] [D] [thread 108970] [105.0] [cxt 0] Parser 'parser': start
[09:21:17.887] [bmv2] [D] [thread 108970] [105.0] [cxt 0] Parser 'parser' entering state 'start'
[09:21:17.887] [bmv2] [D] [thread 108970] [105.0] [cxt 0] Extracting header 'ethernet'
[09:21:17.887] [bmv2] [D] [thread 108970] [105.0] [cxt 0] Parser state 'start': key is 0800
[09:21:17.887] [bmv2] [T] [thread 108970] [105.0] [cxt 0] Bytes parsed: 14
[09:21:17.887] [bmv2] [D] [thread 108970] [105.0] [cxt 0] Parser 'parser' entering state 'parse_ipv4'
[09:21:17.887] [bmv2] [D] [thread 108970] [105.0] [cxt 0] Extracting header 'ipv4'
[09:21:17.887] [bmv2] [D] [thread 108970] [105.0] [cxt 0] Parser state 'parse_ipv4' has no switch, going to default next state
[09:21:17.887] [bmv2] [T] [thread 108970] [105.0] [cxt 0] Bytes parsed: 34
[09:21:17.887] [bmv2] [D] [thread 108970] [105.0] [cxt 0] Parser 'parser': end
[09:21:17.887] [bmv2] [D] [thread 108970] [105.0] [cxt 0] Pipeline 'ingress': start
[09:21:17.887] [bmv2] [T] [thread 108970] [105.0] [cxt 0] switch.p4(116) Condition "hdr.ipv4.isValid()" (node_2) is true
[09:21:17.892] [bmv2] [T] [thread 108970] [105.0] [cxt 0] Applying table 'MyIngress.ipv4_lpm'
[09:21:17.892] [bmv2] [D] [thread 108970] [105.0] [cxt 0] Looking up key:
* hdr.ipv4.dstAddr    : 0a000202

[09:21:17.892] [bmv2] [D] [thread 108970] [105.0] [cxt 0] Table 'MyIngress.ipv4_lpm': hit with handle 1
[09:21:17.892] [bmv2] [D] [thread 108970] [105.0] [cxt 0] Dumping entry 1
Match key:
* hdr.ipv4.dstAddr    : LPM       0a000202/32
Action entry: MyIngress.ipv4_forward - 80000000222,1,

[09:21:17.892] [bmv2] [D] [thread 108970] [105.0] [cxt 0] Action entry is MyIngress.ipv4_forward - 80000000222,1,
[09:21:17.892] [bmv2] [T] [thread 108970] [105.0] [cxt 0] Action MyIngress.ipv4_forward
[09:21:17.892] [bmv2] [T] [thread 108970] [105.0] [cxt 0] switch.p4(96) Primitive standard_metadata.egress_spec = port
[09:21:17.892] [bmv2] [T] [thread 108970] [105.0] [cxt 0] switch.p4(97) Primitive hdr.ethernet.srcAddr = hdr.ethernet.dstAddr
[09:21:17.892] [bmv2] [T] [thread 108970] [105.0] [cxt 0] switch.p4(98) Primitive hdr.ethernet.dstAddr = dstAddr
[09:21:17.892] [bmv2] [T] [thread 108970] [105.0] [cxt 0] switch.p4(99) Primitive hdr.ipv4.ttl = hdr.ipv4.ttl - 1
[09:21:17.892] [bmv2] [D] [thread 108970] [105.0] [cxt 0] Pipeline 'ingress': end
[09:21:17.892] [bmv2] [D] [thread 108970] [105.0] [cxt 0] Egress port is 1
[09:21:17.892] [bmv2] [D] [thread 108972] [105.0] [cxt 0] Pipeline 'egress': start
[09:21:17.892] [bmv2] [D] [thread 108972] [105.0] [cxt 0] Pipeline 'egress': end
[09:21:17.892] [bmv2] [D] [thread 108972] [105.0] [cxt 0] Deparser 'deparser': start
[09:21:17.892] [bmv2] [D] [thread 108972] [105.0] [cxt 0] Updating checksum 'cksum'
[09:21:17.892] [bmv2] [D] [thread 108972] [105.0] [cxt 0] Deparsing header 'ethernet'
[09:21:17.892] [bmv2] [D] [thread 108972] [105.0] [cxt 0] Deparsing header 'ipv4'
[09:21:17.892] [bmv2] [D] [thread 108972] [105.0] [cxt 0] Deparser 'deparser': end
[09:21:17.892] [bmv2] [D] [thread 108975] [105.0] [cxt 0] Transmitting packet of size 336 out of port 1
open: No such file or directory
open: No such file or directory
