Calling target program-options parser
[08:56:11.551] [bmv2] [D] [thread 86379] Set default default entry for table 'tbl_switch148': switch148 - 
[08:56:11.551] [bmv2] [D] [thread 86379] Set default default entry for table 'tbl_switch150': switch150 - 
[08:56:11.551] [bmv2] [D] [thread 86379] Set default default entry for table 'tbl_return_content': MyIngress.return_content - 
[08:56:11.551] [bmv2] [D] [thread 86379] Set default default entry for table 'tbl_return_content_0': MyIngress.return_content - 
[08:56:11.551] [bmv2] [D] [thread 86379] Set default default entry for table 'tbl_switch155': switch155 - 
[08:56:11.551] [bmv2] [D] [thread 86379] Set default default entry for table 'tbl_data_forward': MyIngress.data_forward - 
[08:56:11.551] [bmv2] [D] [thread 86379] Set default default entry for table 'tbl_switch159': switch159 - 
[08:56:11.551] [bmv2] [D] [thread 86379] Set default default entry for table 'MyIngress.foward_interest': MyIngress.drop - 
[08:56:11.551] [bmv2] [D] [thread 86379] Set default default entry for table 'tbl_cache_content': MyIngress.cache_content - 
[08:56:11.551] [bmv2] [D] [thread 86379] Set default default entry for table 'tbl_data_forward_0': MyIngress.data_forward - 
Adding interface s1-eth1 as port 1
[08:56:11.551] [bmv2] [D] [thread 86379] Adding interface s1-eth1 as port 1
Adding interface s1-eth2 as port 2
[08:56:11.577] [bmv2] [D] [thread 86379] Adding interface s1-eth2 as port 2
Server listening on 0.0.0.0:50072
[08:56:11.632] [bmv2] [I] [thread 86379] Starting Thrift server on port 9111
[08:56:11.632] [bmv2] [I] [thread 86379] Thrift server was started
[08:56:11.651] [bmv2] [D] [thread 86394] [0.0] [cxt 0] Processing packet received on port 2
[08:56:11.651] [bmv2] [D] [thread 86394] [0.0] [cxt 0] Parser 'parser': start
[08:56:11.651] [bmv2] [D] [thread 86394] [0.0] [cxt 0] Parser 'parser' entering state 'start'
[08:56:11.651] [bmv2] [D] [thread 86394] [0.0] [cxt 0] Extracting header 'ethernet'
[08:56:11.651] [bmv2] [D] [thread 86394] [0.0] [cxt 0] Parser state 'start': key is 86dd
[08:56:11.651] [bmv2] [T] [thread 86394] [0.0] [cxt 0] Bytes parsed: 14
[08:56:11.651] [bmv2] [D] [thread 86394] [0.0] [cxt 0] Parser 'parser': end
[08:56:11.651] [bmv2] [D] [thread 86394] [0.0] [cxt 0] Pipeline 'ingress': start
[08:56:11.651] [bmv2] [T] [thread 86394] [0.0] [cxt 0] switch.p4(147) Condition "hdr.icn.isValid()" (node_2) is false
[08:56:11.651] [bmv2] [T] [thread 86394] [0.0] [cxt 0] switch.p4(164) Condition "hdr.payload.flag == 1" (node_13) is false
[08:56:11.651] [bmv2] [T] [thread 86394] [0.0] [cxt 0] Applying table 'tbl_data_forward_0'
[08:56:11.651] [bmv2] [D] [thread 86394] [0.0] [cxt 0] Looking up key:

[08:56:11.651] [bmv2] [D] [thread 86394] [0.0] [cxt 0] Table 'tbl_data_forward_0': miss
[08:56:11.651] [bmv2] [D] [thread 86394] [0.0] [cxt 0] Action entry is MyIngress.data_forward - 
[08:56:11.651] [bmv2] [T] [thread 86394] [0.0] [cxt 0] Action MyIngress.data_forward
[08:56:11.651] [bmv2] [T] [thread 86394] [0.0] [cxt 0] switch.p4(97) Primitive pit_table.read(egress_port, hdr.payload.content_id)
[08:56:11.651] [bmv2] [T] [thread 86394] [0.0] [cxt 0] Read register 'MyIngress.pit_table' at index 0 read value 0
[08:56:11.651] [bmv2] [T] [thread 86394] [0.0] [cxt 0] switch.p4(98) Primitive standard_metadata.egress_spec = egress_port
[08:56:11.651] [bmv2] [T] [thread 86394] [0.0] [cxt 0] switch.p4(99) Primitive pit_table.write(hdr.payload.content_id, 0)
[08:56:11.651] [bmv2] [T] [thread 86394] [0.0] [cxt 0] Wrote register 'MyIngress.pit_table' at index 0 with value 0
[08:56:11.651] [bmv2] [T] [thread 86394] [0.0] [cxt 0] switch.p4(100) Primitive hdr.ethernet.srcAddr = 0xFFFFFFFFFFFF
[08:56:11.651] [bmv2] [T] [thread 86394] [0.0] [cxt 0] switch.p4(101) Primitive hdr.ethernet.dstAddr = 0xFFFFFFFFFFFF
[08:56:11.651] [bmv2] [T] [thread 86394] [0.0] [cxt 0] switch.p4(102) Primitive hdr.payload.ttl = hdr.payload.ttl - 1
[08:56:11.651] [bmv2] [D] [thread 86394] [0.0] [cxt 0] Pipeline 'ingress': end
[08:56:11.651] [bmv2] [D] [thread 86394] [0.0] [cxt 0] Egress port is 0
[08:56:11.651] [bmv2] [D] [thread 86395] [0.0] [cxt 0] Pipeline 'egress': start
[08:56:11.651] [bmv2] [D] [thread 86395] [0.0] [cxt 0] Pipeline 'egress': end
[08:56:11.652] [bmv2] [D] [thread 86395] [0.0] [cxt 0] Deparser 'deparser': start
[08:56:11.652] [bmv2] [D] [thread 86395] [0.0] [cxt 0] Deparsing header 'ethernet'
[08:56:11.652] [bmv2] [D] [thread 86395] [0.0] [cxt 0] Deparser 'deparser': end
[08:56:11.652] [bmv2] [D] [thread 86399] [0.0] [cxt 0] Transmitting packet of size 90 out of port 0
[08:56:12.075] [bmv2] [D] [thread 86394] [1.0] [cxt 0] Processing packet received on port 2
[08:56:12.101] [bmv2] [D] [thread 86394] [1.0] [cxt 0] Parser 'parser': start
[08:56:12.101] [bmv2] [D] [thread 86394] [1.0] [cxt 0] Parser 'parser' entering state 'start'
[08:56:12.101] [bmv2] [D] [thread 86394] [1.0] [cxt 0] Extracting header 'ethernet'
[08:56:12.101] [bmv2] [D] [thread 86394] [1.0] [cxt 0] Parser state 'start': key is 86dd
[08:56:12.101] [bmv2] [T] [thread 86394] [1.0] [cxt 0] Bytes parsed: 14
[08:56:12.101] [bmv2] [D] [thread 86394] [1.0] [cxt 0] Parser 'parser': end
[08:56:12.101] [bmv2] [D] [thread 86394] [1.0] [cxt 0] Pipeline 'ingress': start
[08:56:12.101] [bmv2] [T] [thread 86394] [1.0] [cxt 0] switch.p4(147) Condition "hdr.icn.isValid()" (node_2) is false
[08:56:12.101] [bmv2] [T] [thread 86394] [1.0] [cxt 0] switch.p4(164) Condition "hdr.payload.flag == 1" (node_13) is false
[08:56:12.101] [bmv2] [T] [thread 86394] [1.0] [cxt 0] Applying table 'tbl_data_forward_0'
[08:56:12.101] [bmv2] [D] [thread 86394] [1.0] [cxt 0] Looking up key:

[08:56:12.101] [bmv2] [D] [thread 86394] [1.0] [cxt 0] Table 'tbl_data_forward_0': miss
[08:56:12.101] [bmv2] [D] [thread 86394] [1.0] [cxt 0] Action entry is MyIngress.data_forward - 
[08:56:12.101] [bmv2] [T] [thread 86394] [1.0] [cxt 0] Action MyIngress.data_forward
[08:56:12.101] [bmv2] [T] [thread 86394] [1.0] [cxt 0] switch.p4(97) Primitive pit_table.read(egress_port, hdr.payload.content_id)
[08:56:12.101] [bmv2] [T] [thread 86394] [1.0] [cxt 0] Read register 'MyIngress.pit_table' at index 0 read value 0
[08:56:12.101] [bmv2] [T] [thread 86394] [1.0] [cxt 0] switch.p4(98) Primitive standard_metadata.egress_spec = egress_port
[08:56:12.101] [bmv2] [T] [thread 86394] [1.0] [cxt 0] switch.p4(99) Primitive pit_table.write(hdr.payload.content_id, 0)
[08:56:12.101] [bmv2] [T] [thread 86394] [1.0] [cxt 0] Wrote register 'MyIngress.pit_table' at index 0 with value 0
[08:56:12.101] [bmv2] [T] [thread 86394] [1.0] [cxt 0] switch.p4(100) Primitive hdr.ethernet.srcAddr = 0xFFFFFFFFFFFF
[08:56:12.101] [bmv2] [T] [thread 86394] [1.0] [cxt 0] switch.p4(101) Primitive hdr.ethernet.dstAddr = 0xFFFFFFFFFFFF
[08:56:12.101] [bmv2] [T] [thread 86394] [1.0] [cxt 0] switch.p4(102) Primitive hdr.payload.ttl = hdr.payload.ttl - 1
[08:56:12.101] [bmv2] [D] [thread 86394] [1.0] [cxt 0] Pipeline 'ingress': end
[08:56:12.101] [bmv2] [D] [thread 86394] [1.0] [cxt 0] Egress port is 0
[08:56:12.101] [bmv2] [D] [thread 86394] [2.0] [cxt 0] Processing packet received on port 1
[08:56:12.101] [bmv2] [D] [thread 86394] [2.0] [cxt 0] Parser 'parser': start
[08:56:12.101] [bmv2] [D] [thread 86394] [2.0] [cxt 0] Parser 'parser' entering state 'start'
[08:56:12.101] [bmv2] [D] [thread 86394] [2.0] [cxt 0] Extracting header 'ethernet'
[08:56:12.101] [bmv2] [D] [thread 86394] [2.0] [cxt 0] Parser state 'start': key is 86dd
[08:56:12.101] [bmv2] [T] [thread 86394] [2.0] [cxt 0] Bytes parsed: 14
[08:56:12.101] [bmv2] [D] [thread 86394] [2.0] [cxt 0] Parser 'parser': end
[08:56:12.101] [bmv2] [D] [thread 86394] [2.0] [cxt 0] Pipeline 'ingress': start
[08:56:12.101] [bmv2] [T] [thread 86394] [2.0] [cxt 0] switch.p4(147) Condition "hdr.icn.isValid()" (node_2) is false
[08:56:12.101] [bmv2] [T] [thread 86394] [2.0] [cxt 0] switch.p4(164) Condition "hdr.payload.flag == 1" (node_13) is false
[08:56:12.101] [bmv2] [T] [thread 86394] [2.0] [cxt 0] Applying table 'tbl_data_forward_0'
[08:56:12.101] [bmv2] [D] [thread 86394] [2.0] [cxt 0] Looking up key:

[08:56:12.101] [bmv2] [D] [thread 86394] [2.0] [cxt 0] Table 'tbl_data_forward_0': miss
[08:56:12.101] [bmv2] [D] [thread 86394] [2.0] [cxt 0] Action entry is MyIngress.data_forward - 
[08:56:12.101] [bmv2] [T] [thread 86394] [2.0] [cxt 0] Action MyIngress.data_forward
[08:56:12.101] [bmv2] [T] [thread 86394] [2.0] [cxt 0] switch.p4(97) Primitive pit_table.read(egress_port, hdr.payload.content_id)
[08:56:12.101] [bmv2] [T] [thread 86394] [2.0] [cxt 0] Read register 'MyIngress.pit_table' at index 0 read value 0
[08:56:12.101] [bmv2] [T] [thread 86394] [2.0] [cxt 0] switch.p4(98) Primitive standard_metadata.egress_spec = egress_port
[08:56:12.101] [bmv2] [T] [thread 86394] [2.0] [cxt 0] switch.p4(99) Primitive pit_table.write(hdr.payload.content_id, 0)
[08:56:12.101] [bmv2] [T] [thread 86394] [2.0] [cxt 0] Wrote register 'MyIngress.pit_table' at index 0 with value 0
[08:56:12.101] [bmv2] [T] [thread 86394] [2.0] [cxt 0] switch.p4(100) Primitive hdr.ethernet.srcAddr = 0xFFFFFFFFFFFF
[08:56:12.101] [bmv2] [T] [thread 86394] [2.0] [cxt 0] switch.p4(101) Primitive hdr.ethernet.dstAddr = 0xFFFFFFFFFFFF
[08:56:12.101] [bmv2] [T] [thread 86394] [2.0] [cxt 0] switch.p4(102) Primitive hdr.payload.ttl = hdr.payload.ttl - 1
[08:56:12.101] [bmv2] [D] [thread 86394] [2.0] [cxt 0] Pipeline 'ingress': end
[08:56:12.101] [bmv2] [D] [thread 86394] [2.0] [cxt 0] Egress port is 0
[08:56:12.101] [bmv2] [D] [thread 86395] [1.0] [cxt 0] Pipeline 'egress': start
[08:56:12.101] [bmv2] [D] [thread 86395] [1.0] [cxt 0] Pipeline 'egress': end
[08:56:12.101] [bmv2] [D] [thread 86395] [1.0] [cxt 0] Deparser 'deparser': start
[08:56:12.101] [bmv2] [D] [thread 86395] [1.0] [cxt 0] Deparsing header 'ethernet'
[08:56:12.101] [bmv2] [D] [thread 86395] [1.0] [cxt 0] Deparser 'deparser': end
[08:56:12.101] [bmv2] [D] [thread 86395] [2.0] [cxt 0] Pipeline 'egress': start
[08:56:12.101] [bmv2] [D] [thread 86395] [2.0] [cxt 0] Pipeline 'egress': end
[08:56:12.101] [bmv2] [D] [thread 86395] [2.0] [cxt 0] Deparser 'deparser': start
[08:56:12.101] [bmv2] [D] [thread 86395] [2.0] [cxt 0] Deparsing header 'ethernet'
[08:56:12.101] [bmv2] [D] [thread 86395] [2.0] [cxt 0] Deparser 'deparser': end
[08:56:12.101] [bmv2] [D] [thread 86399] [1.0] [cxt 0] Transmitting packet of size 90 out of port 0
[08:56:12.101] [bmv2] [D] [thread 86399] [2.0] [cxt 0] Transmitting packet of size 90 out of port 0
[08:56:12.218] [bmv2] [D] [thread 86394] [3.0] [cxt 0] Processing packet received on port 2
[08:56:12.218] [bmv2] [D] [thread 86394] [3.0] [cxt 0] Parser 'parser': start
[08:56:12.218] [bmv2] [D] [thread 86394] [3.0] [cxt 0] Parser 'parser' entering state 'start'
[08:56:12.218] [bmv2] [D] [thread 86394] [3.0] [cxt 0] Extracting header 'ethernet'
[08:56:12.218] [bmv2] [D] [thread 86394] [3.0] [cxt 0] Parser state 'start': key is 86dd
[08:56:12.218] [bmv2] [T] [thread 86394] [3.0] [cxt 0] Bytes parsed: 14
[08:56:12.218] [bmv2] [D] [thread 86394] [3.0] [cxt 0] Parser 'parser': end
[08:56:12.218] [bmv2] [D] [thread 86394] [3.0] [cxt 0] Pipeline 'ingress': start
[08:56:12.218] [bmv2] [T] [thread 86394] [3.0] [cxt 0] switch.p4(147) Condition "hdr.icn.isValid()" (node_2) is false
[08:56:12.218] [bmv2] [T] [thread 86394] [3.0] [cxt 0] switch.p4(164) Condition "hdr.payload.flag == 1" (node_13) is false
[08:56:12.218] [bmv2] [T] [thread 86394] [3.0] [cxt 0] Applying table 'tbl_data_forward_0'
[08:56:12.218] [bmv2] [D] [thread 86394] [3.0] [cxt 0] Looking up key:

[08:56:12.218] [bmv2] [D] [thread 86394] [3.0] [cxt 0] Table 'tbl_data_forward_0': miss
[08:56:12.218] [bmv2] [D] [thread 86394] [3.0] [cxt 0] Action entry is MyIngress.data_forward - 
[08:56:12.218] [bmv2] [T] [thread 86394] [3.0] [cxt 0] Action MyIngress.data_forward
[08:56:12.218] [bmv2] [T] [thread 86394] [3.0] [cxt 0] switch.p4(97) Primitive pit_table.read(egress_port, hdr.payload.content_id)
[08:56:12.218] [bmv2] [T] [thread 86394] [3.0] [cxt 0] Read register 'MyIngress.pit_table' at index 0 read value 0
[08:56:12.218] [bmv2] [T] [thread 86394] [3.0] [cxt 0] switch.p4(98) Primitive standard_metadata.egress_spec = egress_port
[08:56:12.218] [bmv2] [T] [thread 86394] [3.0] [cxt 0] switch.p4(99) Primitive pit_table.write(hdr.payload.content_id, 0)
[08:56:12.218] [bmv2] [T] [thread 86394] [3.0] [cxt 0] Wrote register 'MyIngress.pit_table' at index 0 with value 0
[08:56:12.218] [bmv2] [T] [thread 86394] [3.0] [cxt 0] switch.p4(100) Primitive hdr.ethernet.srcAddr = 0xFFFFFFFFFFFF
[08:56:12.218] [bmv2] [T] [thread 86394] [3.0] [cxt 0] switch.p4(101) Primitive hdr.ethernet.dstAddr = 0xFFFFFFFFFFFF
[08:56:12.218] [bmv2] [T] [thread 86394] [3.0] [cxt 0] switch.p4(102) Primitive hdr.payload.ttl = hdr.payload.ttl - 1
[08:56:12.218] [bmv2] [D] [thread 86394] [3.0] [cxt 0] Pipeline 'ingress': end
[08:56:12.218] [bmv2] [D] [thread 86394] [3.0] [cxt 0] Egress port is 0
[08:56:12.218] [bmv2] [D] [thread 86395] [3.0] [cxt 0] Pipeline 'egress': start
[08:56:12.218] [bmv2] [D] [thread 86395] [3.0] [cxt 0] Pipeline 'egress': end
[08:56:12.218] [bmv2] [D] [thread 86395] [3.0] [cxt 0] Deparser 'deparser': start
[08:56:12.218] [bmv2] [D] [thread 86395] [3.0] [cxt 0] Deparsing header 'ethernet'
[08:56:12.218] [bmv2] [D] [thread 86395] [3.0] [cxt 0] Deparser 'deparser': end
[08:56:12.218] [bmv2] [D] [thread 86399] [3.0] [cxt 0] Transmitting packet of size 86 out of port 0
[08:56:12.283] [bmv2] [D] [thread 86394] [4.0] [cxt 0] Processing packet received on port 1
[08:56:12.283] [bmv2] [D] [thread 86394] [4.0] [cxt 0] Parser 'parser': start
[08:56:12.283] [bmv2] [D] [thread 86394] [4.0] [cxt 0] Parser 'parser' entering state 'start'
[08:56:12.283] [bmv2] [D] [thread 86394] [4.0] [cxt 0] Extracting header 'ethernet'
[08:56:12.283] [bmv2] [D] [thread 86394] [4.0] [cxt 0] Parser state 'start': key is 86dd
[08:56:12.283] [bmv2] [T] [thread 86394] [4.0] [cxt 0] Bytes parsed: 14
[08:56:12.283] [bmv2] [D] [thread 86394] [4.0] [cxt 0] Parser 'parser': end
[08:56:12.283] [bmv2] [D] [thread 86394] [4.0] [cxt 0] Pipeline 'ingress': start
[08:56:12.283] [bmv2] [T] [thread 86394] [4.0] [cxt 0] switch.p4(147) Condition "hdr.icn.isValid()" (node_2) is false
[08:56:12.288] [bmv2] [T] [thread 86394] [4.0] [cxt 0] switch.p4(164) Condition "hdr.payload.flag == 1" (node_13) is false
[08:56:12.288] [bmv2] [T] [thread 86394] [4.0] [cxt 0] Applying table 'tbl_data_forward_0'
[08:56:12.288] [bmv2] [D] [thread 86394] [4.0] [cxt 0] Looking up key:

[08:56:12.288] [bmv2] [D] [thread 86394] [4.0] [cxt 0] Table 'tbl_data_forward_0': miss
[08:56:12.288] [bmv2] [D] [thread 86394] [4.0] [cxt 0] Action entry is MyIngress.data_forward - 
[08:56:12.288] [bmv2] [T] [thread 86394] [4.0] [cxt 0] Action MyIngress.data_forward
[08:56:12.288] [bmv2] [T] [thread 86394] [4.0] [cxt 0] switch.p4(97) Primitive pit_table.read(egress_port, hdr.payload.content_id)
[08:56:12.288] [bmv2] [T] [thread 86394] [4.0] [cxt 0] Read register 'MyIngress.pit_table' at index 0 read value 0
[08:56:12.288] [bmv2] [T] [thread 86394] [4.0] [cxt 0] switch.p4(98) Primitive standard_metadata.egress_spec = egress_port
[08:56:12.288] [bmv2] [T] [thread 86394] [4.0] [cxt 0] switch.p4(99) Primitive pit_table.write(hdr.payload.content_id, 0)
[08:56:12.288] [bmv2] [T] [thread 86394] [4.0] [cxt 0] Wrote register 'MyIngress.pit_table' at index 0 with value 0
[08:56:12.288] [bmv2] [T] [thread 86394] [4.0] [cxt 0] switch.p4(100) Primitive hdr.ethernet.srcAddr = 0xFFFFFFFFFFFF
[08:56:12.288] [bmv2] [T] [thread 86394] [4.0] [cxt 0] switch.p4(101) Primitive hdr.ethernet.dstAddr = 0xFFFFFFFFFFFF
[08:56:12.288] [bmv2] [T] [thread 86394] [4.0] [cxt 0] switch.p4(102) Primitive hdr.payload.ttl = hdr.payload.ttl - 1
[08:56:12.288] [bmv2] [D] [thread 86394] [4.0] [cxt 0] Pipeline 'ingress': end
[08:56:12.288] [bmv2] [D] [thread 86394] [4.0] [cxt 0] Egress port is 0
[08:56:12.288] [bmv2] [D] [thread 86395] [4.0] [cxt 0] Pipeline 'egress': start
[08:56:12.288] [bmv2] [D] [thread 86395] [4.0] [cxt 0] Pipeline 'egress': end
[08:56:12.288] [bmv2] [D] [thread 86395] [4.0] [cxt 0] Deparser 'deparser': start
[08:56:12.288] [bmv2] [D] [thread 86395] [4.0] [cxt 0] Deparsing header 'ethernet'
[08:56:12.288] [bmv2] [D] [thread 86395] [4.0] [cxt 0] Deparser 'deparser': end
[08:56:12.288] [bmv2] [D] [thread 86394] [5.0] [cxt 0] Processing packet received on port 1
[08:56:12.288] [bmv2] [D] [thread 86394] [5.0] [cxt 0] Parser 'parser': start
[08:56:12.288] [bmv2] [D] [thread 86394] [5.0] [cxt 0] Parser 'parser' entering state 'start'
[08:56:12.288] [bmv2] [D] [thread 86399] [4.0] [cxt 0] Transmitting packet of size 90 out of port 0
[08:56:12.288] [bmv2] [D] [thread 86394] [5.0] [cxt 0] Extracting header 'ethernet'
[08:56:12.288] [bmv2] [D] [thread 86394] [5.0] [cxt 0] Parser state 'start': key is 86dd
[08:56:12.288] [bmv2] [T] [thread 86394] [5.0] [cxt 0] Bytes parsed: 14
[08:56:12.288] [bmv2] [D] [thread 86394] [5.0] [cxt 0] Parser 'parser': end
[08:56:12.288] [bmv2] [D] [thread 86394] [5.0] [cxt 0] Pipeline 'ingress': start
[08:56:12.288] [bmv2] [T] [thread 86394] [5.0] [cxt 0] switch.p4(147) Condition "hdr.icn.isValid()" (node_2) is false
[08:56:12.288] [bmv2] [T] [thread 86394] [5.0] [cxt 0] switch.p4(164) Condition "hdr.payload.flag == 1" (node_13) is false
[08:56:12.288] [bmv2] [T] [thread 86394] [5.0] [cxt 0] Applying table 'tbl_data_forward_0'
[08:56:12.288] [bmv2] [D] [thread 86394] [5.0] [cxt 0] Looking up key:

[08:56:12.288] [bmv2] [D] [thread 86394] [5.0] [cxt 0] Table 'tbl_data_forward_0': miss
[08:56:12.288] [bmv2] [D] [thread 86394] [5.0] [cxt 0] Action entry is MyIngress.data_forward - 
[08:56:12.288] [bmv2] [T] [thread 86394] [5.0] [cxt 0] Action MyIngress.data_forward
[08:56:12.288] [bmv2] [T] [thread 86394] [5.0] [cxt 0] switch.p4(97) Primitive pit_table.read(egress_port, hdr.payload.content_id)
[08:56:12.288] [bmv2] [T] [thread 86394] [5.0] [cxt 0] Read register 'MyIngress.pit_table' at index 0 read value 0
[08:56:12.288] [bmv2] [T] [thread 86394] [5.0] [cxt 0] switch.p4(98) Primitive standard_metadata.egress_spec = egress_port
[08:56:12.288] [bmv2] [T] [thread 86394] [5.0] [cxt 0] switch.p4(99) Primitive pit_table.write(hdr.payload.content_id, 0)
[08:56:12.288] [bmv2] [T] [thread 86394] [5.0] [cxt 0] Wrote register 'MyIngress.pit_table' at index 0 with value 0
[08:56:12.288] [bmv2] [T] [thread 86394] [5.0] [cxt 0] switch.p4(100) Primitive hdr.ethernet.srcAddr = 0xFFFFFFFFFFFF
[08:56:12.288] [bmv2] [T] [thread 86394] [5.0] [cxt 0] switch.p4(101) Primitive hdr.ethernet.dstAddr = 0xFFFFFFFFFFFF
[08:56:12.288] [bmv2] [T] [thread 86394] [5.0] [cxt 0] switch.p4(102) Primitive hdr.payload.ttl = hdr.payload.ttl - 1
[08:56:12.288] [bmv2] [D] [thread 86394] [5.0] [cxt 0] Pipeline 'ingress': end
[08:56:12.288] [bmv2] [D] [thread 86394] [5.0] [cxt 0] Egress port is 0
[08:56:12.288] [bmv2] [D] [thread 86394] [6.0] [cxt 0] Processing packet received on port 1
[08:56:12.288] [bmv2] [D] [thread 86394] [6.0] [cxt 0] Parser 'parser': start
[08:56:12.288] [bmv2] [D] [thread 86394] [6.0] [cxt 0] Parser 'parser' entering state 'start'
[08:56:12.288] [bmv2] [D] [thread 86394] [6.0] [cxt 0] Extracting header 'ethernet'
[08:56:12.288] [bmv2] [D] [thread 86394] [6.0] [cxt 0] Parser state 'start': key is 86dd
[08:56:12.288] [bmv2] [T] [thread 86394] [6.0] [cxt 0] Bytes parsed: 14
[08:56:12.288] [bmv2] [D] [thread 86394] [6.0] [cxt 0] Parser 'parser': end
[08:56:12.288] [bmv2] [D] [thread 86394] [6.0] [cxt 0] Pipeline 'ingress': start
[08:56:12.288] [bmv2] [T] [thread 86394] [6.0] [cxt 0] switch.p4(147) Condition "hdr.icn.isValid()" (node_2) is false
[08:56:12.288] [bmv2] [T] [thread 86394] [6.0] [cxt 0] switch.p4(164) Condition "hdr.payload.flag == 1" (node_13) is false
[08:56:12.288] [bmv2] [T] [thread 86394] [6.0] [cxt 0] Applying table 'tbl_data_forward_0'
[08:56:12.288] [bmv2] [D] [thread 86394] [6.0] [cxt 0] Looking up key:

[08:56:12.288] [bmv2] [D] [thread 86394] [6.0] [cxt 0] Table 'tbl_data_forward_0': miss
[08:56:12.288] [bmv2] [D] [thread 86394] [6.0] [cxt 0] Action entry is MyIngress.data_forward - 
[08:56:12.288] [bmv2] [T] [thread 86394] [6.0] [cxt 0] Action MyIngress.data_forward
[08:56:12.288] [bmv2] [T] [thread 86394] [6.0] [cxt 0] switch.p4(97) Primitive pit_table.read(egress_port, hdr.payload.content_id)
[08:56:12.288] [bmv2] [T] [thread 86394] [6.0] [cxt 0] Read register 'MyIngress.pit_table' at index 0 read value 0
[08:56:12.288] [bmv2] [T] [thread 86394] [6.0] [cxt 0] switch.p4(98) Primitive standard_metadata.egress_spec = egress_port
[08:56:12.288] [bmv2] [T] [thread 86394] [6.0] [cxt 0] switch.p4(99) Primitive pit_table.write(hdr.payload.content_id, 0)
[08:56:12.288] [bmv2] [T] [thread 86394] [6.0] [cxt 0] Wrote register 'MyIngress.pit_table' at index 0 with value 0
[08:56:12.288] [bmv2] [T] [thread 86394] [6.0] [cxt 0] switch.p4(100) Primitive hdr.ethernet.srcAddr = 0xFFFFFFFFFFFF
[08:56:12.288] [bmv2] [T] [thread 86394] [6.0] [cxt 0] switch.p4(101) Primitive hdr.ethernet.dstAddr = 0xFFFFFFFFFFFF
[08:56:12.288] [bmv2] [T] [thread 86394] [6.0] [cxt 0] switch.p4(102) Primitive hdr.payload.ttl = hdr.payload.ttl - 1
[08:56:12.288] [bmv2] [D] [thread 86394] [6.0] [cxt 0] Pipeline 'ingress': end
[08:56:12.288] [bmv2] [D] [thread 86394] [6.0] [cxt 0] Egress port is 0
[08:56:12.288] [bmv2] [D] [thread 86395] [5.0] [cxt 0] Pipeline 'egress': start
[08:56:12.288] [bmv2] [D] [thread 86395] [5.0] [cxt 0] Pipeline 'egress': end
[08:56:12.288] [bmv2] [D] [thread 86395] [5.0] [cxt 0] Deparser 'deparser': start
[08:56:12.288] [bmv2] [D] [thread 86395] [5.0] [cxt 0] Deparsing header 'ethernet'
[08:56:12.288] [bmv2] [D] [thread 86395] [5.0] [cxt 0] Deparser 'deparser': end
[08:56:12.288] [bmv2] [D] [thread 86395] [6.0] [cxt 0] Pipeline 'egress': start
[08:56:12.288] [bmv2] [D] [thread 86395] [6.0] [cxt 0] Pipeline 'egress': end
[08:56:12.288] [bmv2] [D] [thread 86395] [6.0] [cxt 0] Deparser 'deparser': start
[08:56:12.288] [bmv2] [D] [thread 86395] [6.0] [cxt 0] Deparsing header 'ethernet'
[08:56:12.288] [bmv2] [D] [thread 86395] [6.0] [cxt 0] Deparser 'deparser': end
[08:56:12.288] [bmv2] [D] [thread 86399] [5.0] [cxt 0] Transmitting packet of size 70 out of port 0
[08:56:12.288] [bmv2] [D] [thread 86399] [6.0] [cxt 0] Transmitting packet of size 90 out of port 0
[08:56:12.384] [bmv2] [D] [thread 86394] [7.0] [cxt 0] Processing packet received on port 1
[08:56:12.386] [bmv2] [D] [thread 86394] [7.0] [cxt 0] Parser 'parser': start
[08:56:12.386] [bmv2] [D] [thread 86394] [7.0] [cxt 0] Parser 'parser' entering state 'start'
[08:56:12.386] [bmv2] [D] [thread 86394] [7.0] [cxt 0] Extracting header 'ethernet'
[08:56:12.386] [bmv2] [D] [thread 86394] [7.0] [cxt 0] Parser state 'start': key is 86dd
[08:56:12.386] [bmv2] [T] [thread 86394] [7.0] [cxt 0] Bytes parsed: 14
[08:56:12.386] [bmv2] [D] [thread 86394] [7.0] [cxt 0] Parser 'parser': end
[08:56:12.386] [bmv2] [D] [thread 86394] [7.0] [cxt 0] Pipeline 'ingress': start
[08:56:12.386] [bmv2] [T] [thread 86394] [7.0] [cxt 0] switch.p4(147) Condition "hdr.icn.isValid()" (node_2) is false
[08:56:12.386] [bmv2] [T] [thread 86394] [7.0] [cxt 0] switch.p4(164) Condition "hdr.payload.flag == 1" (node_13) is false
[08:56:12.386] [bmv2] [T] [thread 86394] [7.0] [cxt 0] Applying table 'tbl_data_forward_0'
[08:56:12.386] [bmv2] [D] [thread 86394] [7.0] [cxt 0] Looking up key:

[08:56:12.386] [bmv2] [D] [thread 86394] [7.0] [cxt 0] Table 'tbl_data_forward_0': miss
[08:56:12.386] [bmv2] [D] [thread 86394] [7.0] [cxt 0] Action entry is MyIngress.data_forward - 
[08:56:12.386] [bmv2] [T] [thread 86394] [7.0] [cxt 0] Action MyIngress.data_forward
[08:56:12.386] [bmv2] [T] [thread 86394] [7.0] [cxt 0] switch.p4(97) Primitive pit_table.read(egress_port, hdr.payload.content_id)
[08:56:12.386] [bmv2] [T] [thread 86394] [7.0] [cxt 0] Read register 'MyIngress.pit_table' at index 0 read value 0
[08:56:12.386] [bmv2] [T] [thread 86394] [7.0] [cxt 0] switch.p4(98) Primitive standard_metadata.egress_spec = egress_port
[08:56:12.386] [bmv2] [T] [thread 86394] [7.0] [cxt 0] switch.p4(99) Primitive pit_table.write(hdr.payload.content_id, 0)
[08:56:12.386] [bmv2] [T] [thread 86394] [7.0] [cxt 0] Wrote register 'MyIngress.pit_table' at index 0 with value 0
[08:56:12.386] [bmv2] [T] [thread 86394] [7.0] [cxt 0] switch.p4(100) Primitive hdr.ethernet.srcAddr = 0xFFFFFFFFFFFF
[08:56:12.386] [bmv2] [T] [thread 86394] [7.0] [cxt 0] switch.p4(101) Primitive hdr.ethernet.dstAddr = 0xFFFFFFFFFFFF
[08:56:12.386] [bmv2] [T] [thread 86394] [7.0] [cxt 0] switch.p4(102) Primitive hdr.payload.ttl = hdr.payload.ttl - 1
[08:56:12.386] [bmv2] [D] [thread 86394] [7.0] [cxt 0] Pipeline 'ingress': end
[08:56:12.386] [bmv2] [D] [thread 86394] [7.0] [cxt 0] Egress port is 0
[08:56:12.386] [bmv2] [D] [thread 86395] [7.0] [cxt 0] Pipeline 'egress': start
[08:56:12.386] [bmv2] [D] [thread 86395] [7.0] [cxt 0] Pipeline 'egress': end
[08:56:12.386] [bmv2] [D] [thread 86395] [7.0] [cxt 0] Deparser 'deparser': start
[08:56:12.386] [bmv2] [D] [thread 86395] [7.0] [cxt 0] Deparsing header 'ethernet'
[08:56:12.386] [bmv2] [D] [thread 86395] [7.0] [cxt 0] Deparser 'deparser': end
[08:56:12.386] [bmv2] [D] [thread 86399] [7.0] [cxt 0] Transmitting packet of size 203 out of port 0
[08:56:12.421] [bmv2] [D] [thread 86394] [8.0] [cxt 0] Processing packet received on port 2
[08:56:12.421] [bmv2] [D] [thread 86394] [8.0] [cxt 0] Parser 'parser': start
[08:56:12.421] [bmv2] [D] [thread 86394] [8.0] [cxt 0] Parser 'parser' entering state 'start'
[08:56:12.421] [bmv2] [D] [thread 86394] [8.0] [cxt 0] Extracting header 'ethernet'
[08:56:12.421] [bmv2] [D] [thread 86394] [8.0] [cxt 0] Parser state 'start': key is 86dd
[08:56:12.421] [bmv2] [T] [thread 86394] [8.0] [cxt 0] Bytes parsed: 14
[08:56:12.421] [bmv2] [D] [thread 86394] [8.0] [cxt 0] Parser 'parser': end
[08:56:12.421] [bmv2] [D] [thread 86394] [8.0] [cxt 0] Pipeline 'ingress': start
[08:56:12.421] [bmv2] [T] [thread 86394] [8.0] [cxt 0] switch.p4(147) Condition "hdr.icn.isValid()" (node_2) is false
[08:56:12.421] [bmv2] [T] [thread 86394] [8.0] [cxt 0] switch.p4(164) Condition "hdr.payload.flag == 1" (node_13) is false
[08:56:12.421] [bmv2] [T] [thread 86394] [8.0] [cxt 0] Applying table 'tbl_data_forward_0'
[08:56:12.421] [bmv2] [D] [thread 86394] [8.0] [cxt 0] Looking up key:

[08:56:12.421] [bmv2] [D] [thread 86394] [8.0] [cxt 0] Table 'tbl_data_forward_0': miss
[08:56:12.421] [bmv2] [D] [thread 86394] [8.0] [cxt 0] Action entry is MyIngress.data_forward - 
[08:56:12.421] [bmv2] [T] [thread 86394] [8.0] [cxt 0] Action MyIngress.data_forward
[08:56:12.421] [bmv2] [T] [thread 86394] [8.0] [cxt 0] switch.p4(97) Primitive pit_table.read(egress_port, hdr.payload.content_id)
[08:56:12.421] [bmv2] [T] [thread 86394] [8.0] [cxt 0] Read register 'MyIngress.pit_table' at index 0 read value 0
[08:56:12.421] [bmv2] [T] [thread 86394] [8.0] [cxt 0] switch.p4(98) Primitive standard_metadata.egress_spec = egress_port
[08:56:12.421] [bmv2] [T] [thread 86394] [8.0] [cxt 0] switch.p4(99) Primitive pit_table.write(hdr.payload.content_id, 0)
[08:56:12.421] [bmv2] [T] [thread 86394] [8.0] [cxt 0] Wrote register 'MyIngress.pit_table' at index 0 with value 0
[08:56:12.421] [bmv2] [T] [thread 86394] [8.0] [cxt 0] switch.p4(100) Primitive hdr.ethernet.srcAddr = 0xFFFFFFFFFFFF
[08:56:12.421] [bmv2] [T] [thread 86394] [8.0] [cxt 0] switch.p4(101) Primitive hdr.ethernet.dstAddr = 0xFFFFFFFFFFFF
[08:56:12.421] [bmv2] [T] [thread 86394] [8.0] [cxt 0] switch.p4(102) Primitive hdr.payload.ttl = hdr.payload.ttl - 1
[08:56:12.421] [bmv2] [D] [thread 86394] [8.0] [cxt 0] Pipeline 'ingress': end
[08:56:12.421] [bmv2] [D] [thread 86394] [8.0] [cxt 0] Egress port is 0
[08:56:12.421] [bmv2] [D] [thread 86394] [9.0] [cxt 0] Processing packet received on port 2
[08:56:12.421] [bmv2] [D] [thread 86394] [9.0] [cxt 0] Parser 'parser': start
[08:56:12.421] [bmv2] [D] [thread 86394] [9.0] [cxt 0] Parser 'parser' entering state 'start'
[08:56:12.421] [bmv2] [D] [thread 86394] [9.0] [cxt 0] Extracting header 'ethernet'
[08:56:12.421] [bmv2] [D] [thread 86394] [9.0] [cxt 0] Parser state 'start': key is 86dd
[08:56:12.421] [bmv2] [T] [thread 86394] [9.0] [cxt 0] Bytes parsed: 14
[08:56:12.421] [bmv2] [D] [thread 86394] [9.0] [cxt 0] Parser 'parser': end
[08:56:12.421] [bmv2] [D] [thread 86394] [9.0] [cxt 0] Pipeline 'ingress': start
[08:56:12.421] [bmv2] [T] [thread 86394] [9.0] [cxt 0] switch.p4(147) Condition "hdr.icn.isValid()" (node_2) is false
[08:56:12.421] [bmv2] [T] [thread 86394] [9.0] [cxt 0] switch.p4(164) Condition "hdr.payload.flag == 1" (node_13) is false
[08:56:12.421] [bmv2] [T] [thread 86394] [9.0] [cxt 0] Applying table 'tbl_data_forward_0'
[08:56:12.421] [bmv2] [D] [thread 86394] [9.0] [cxt 0] Looking up key:

[08:56:12.421] [bmv2] [D] [thread 86394] [9.0] [cxt 0] Table 'tbl_data_forward_0': miss
[08:56:12.421] [bmv2] [D] [thread 86394] [9.0] [cxt 0] Action entry is MyIngress.data_forward - 
[08:56:12.421] [bmv2] [T] [thread 86394] [9.0] [cxt 0] Action MyIngress.data_forward
[08:56:12.421] [bmv2] [T] [thread 86394] [9.0] [cxt 0] switch.p4(97) Primitive pit_table.read(egress_port, hdr.payload.content_id)
[08:56:12.421] [bmv2] [T] [thread 86394] [9.0] [cxt 0] Read register 'MyIngress.pit_table' at index 0 read value 0
[08:56:12.421] [bmv2] [T] [thread 86394] [9.0] [cxt 0] switch.p4(98) Primitive standard_metadata.egress_spec = egress_port
[08:56:12.421] [bmv2] [T] [thread 86394] [9.0] [cxt 0] switch.p4(99) Primitive pit_table.write(hdr.payload.content_id, 0)
[08:56:12.421] [bmv2] [T] [thread 86394] [9.0] [cxt 0] Wrote register 'MyIngress.pit_table' at index 0 with value 0
[08:56:12.421] [bmv2] [T] [thread 86394] [9.0] [cxt 0] switch.p4(100) Primitive hdr.ethernet.srcAddr = 0xFFFFFFFFFFFF
[08:56:12.421] [bmv2] [T] [thread 86394] [9.0] [cxt 0] switch.p4(101) Primitive hdr.ethernet.dstAddr = 0xFFFFFFFFFFFF
[08:56:12.421] [bmv2] [T] [thread 86394] [9.0] [cxt 0] switch.p4(102) Primitive hdr.payload.ttl = hdr.payload.ttl - 1
[08:56:12.421] [bmv2] [D] [thread 86394] [9.0] [cxt 0] Pipeline 'ingress': end
[08:56:12.421] [bmv2] [D] [thread 86394] [9.0] [cxt 0] Egress port is 0
[08:56:12.421] [bmv2] [D] [thread 86395] [8.0] [cxt 0] Pipeline 'egress': start
[08:56:12.421] [bmv2] [D] [thread 86395] [8.0] [cxt 0] Pipeline 'egress': end
[08:56:12.421] [bmv2] [D] [thread 86395] [8.0] [cxt 0] Deparser 'deparser': start
[08:56:12.421] [bmv2] [D] [thread 86395] [8.0] [cxt 0] Deparsing header 'ethernet'
[08:56:12.421] [bmv2] [D] [thread 86395] [8.0] [cxt 0] Deparser 'deparser': end
[08:56:12.421] [bmv2] [D] [thread 86395] [9.0] [cxt 0] Pipeline 'egress': start
[08:56:12.421] [bmv2] [D] [thread 86395] [9.0] [cxt 0] Pipeline 'egress': end
[08:56:12.421] [bmv2] [D] [thread 86395] [9.0] [cxt 0] Deparser 'deparser': start
[08:56:12.421] [bmv2] [D] [thread 86395] [9.0] [cxt 0] Deparsing header 'ethernet'
[08:56:12.421] [bmv2] [D] [thread 86395] [9.0] [cxt 0] Deparser 'deparser': end
[08:56:12.421] [bmv2] [D] [thread 86399] [8.0] [cxt 0] Transmitting packet of size 90 out of port 0
[08:56:12.421] [bmv2] [D] [thread 86399] [9.0] [cxt 0] Transmitting packet of size 70 out of port 0
[08:56:12.427] [bmv2] [D] [thread 86394] [10.0] [cxt 0] Processing packet received on port 2
[08:56:12.427] [bmv2] [D] [thread 86394] [10.0] [cxt 0] Parser 'parser': start
[08:56:12.427] [bmv2] [D] [thread 86394] [10.0] [cxt 0] Parser 'parser' entering state 'start'
[08:56:12.427] [bmv2] [D] [thread 86394] [10.0] [cxt 0] Extracting header 'ethernet'
[08:56:12.427] [bmv2] [D] [thread 86394] [10.0] [cxt 0] Parser state 'start': key is 86dd
[08:56:12.427] [bmv2] [T] [thread 86394] [10.0] [cxt 0] Bytes parsed: 14
[08:56:12.427] [bmv2] [D] [thread 86394] [10.0] [cxt 0] Parser 'parser': end
[08:56:12.427] [bmv2] [D] [thread 86394] [10.0] [cxt 0] Pipeline 'ingress': start
[08:56:12.427] [bmv2] [T] [thread 86394] [10.0] [cxt 0] switch.p4(147) Condition "hdr.icn.isValid()" (node_2) is false
[08:56:12.427] [bmv2] [T] [thread 86394] [10.0] [cxt 0] switch.p4(164) Condition "hdr.payload.flag == 1" (node_13) is false
[08:56:12.427] [bmv2] [T] [thread 86394] [10.0] [cxt 0] Applying table 'tbl_data_forward_0'
[08:56:12.427] [bmv2] [D] [thread 86394] [10.0] [cxt 0] Looking up key:

[08:56:12.427] [bmv2] [D] [thread 86394] [10.0] [cxt 0] Table 'tbl_data_forward_0': miss
[08:56:12.427] [bmv2] [D] [thread 86394] [10.0] [cxt 0] Action entry is MyIngress.data_forward - 
[08:56:12.427] [bmv2] [T] [thread 86394] [10.0] [cxt 0] Action MyIngress.data_forward
[08:56:12.427] [bmv2] [T] [thread 86394] [10.0] [cxt 0] switch.p4(97) Primitive pit_table.read(egress_port, hdr.payload.content_id)
[08:56:12.427] [bmv2] [T] [thread 86394] [10.0] [cxt 0] Read register 'MyIngress.pit_table' at index 0 read value 0
[08:56:12.427] [bmv2] [T] [thread 86394] [10.0] [cxt 0] switch.p4(98) Primitive standard_metadata.egress_spec = egress_port
[08:56:12.427] [bmv2] [T] [thread 86394] [10.0] [cxt 0] switch.p4(99) Primitive pit_table.write(hdr.payload.content_id, 0)
[08:56:12.427] [bmv2] [T] [thread 86394] [10.0] [cxt 0] Wrote register 'MyIngress.pit_table' at index 0 with value 0
[08:56:12.427] [bmv2] [T] [thread 86394] [10.0] [cxt 0] switch.p4(100) Primitive hdr.ethernet.srcAddr = 0xFFFFFFFFFFFF
[08:56:12.427] [bmv2] [T] [thread 86394] [10.0] [cxt 0] switch.p4(101) Primitive hdr.ethernet.dstAddr = 0xFFFFFFFFFFFF
[08:56:12.427] [bmv2] [T] [thread 86394] [10.0] [cxt 0] switch.p4(102) Primitive hdr.payload.ttl = hdr.payload.ttl - 1
[08:56:12.427] [bmv2] [D] [thread 86394] [10.0] [cxt 0] Pipeline 'ingress': end
[08:56:12.427] [bmv2] [D] [thread 86394] [10.0] [cxt 0] Egress port is 0
[08:56:12.427] [bmv2] [D] [thread 86395] [10.0] [cxt 0] Pipeline 'egress': start
[08:56:12.427] [bmv2] [D] [thread 86395] [10.0] [cxt 0] Pipeline 'egress': end
[08:56:12.427] [bmv2] [D] [thread 86395] [10.0] [cxt 0] Deparser 'deparser': start
[08:56:12.427] [bmv2] [D] [thread 86395] [10.0] [cxt 0] Deparsing header 'ethernet'
[08:56:12.427] [bmv2] [D] [thread 86395] [10.0] [cxt 0] Deparser 'deparser': end
[08:56:12.427] [bmv2] [D] [thread 86399] [10.0] [cxt 0] Transmitting packet of size 90 out of port 0
[08:56:12.510] [bmv2] [D] [thread 86394] [11.0] [cxt 0] Processing packet received on port 1
[08:56:12.510] [bmv2] [D] [thread 86394] [11.0] [cxt 0] Parser 'parser': start
[08:56:12.510] [bmv2] [D] [thread 86394] [11.0] [cxt 0] Parser 'parser' entering state 'start'
[08:56:12.510] [bmv2] [D] [thread 86394] [11.0] [cxt 0] Extracting header 'ethernet'
[08:56:12.510] [bmv2] [D] [thread 86394] [11.0] [cxt 0] Parser state 'start': key is 86dd
[08:56:12.510] [bmv2] [T] [thread 86394] [11.0] [cxt 0] Bytes parsed: 14
[08:56:12.510] [bmv2] [D] [thread 86394] [11.0] [cxt 0] Parser 'parser': end
[08:56:12.510] [bmv2] [D] [thread 86394] [11.0] [cxt 0] Pipeline 'ingress': start
[08:56:12.510] [bmv2] [T] [thread 86394] [11.0] [cxt 0] switch.p4(147) Condition "hdr.icn.isValid()" (node_2) is false
[08:56:12.510] [bmv2] [T] [thread 86394] [11.0] [cxt 0] switch.p4(164) Condition "hdr.payload.flag == 1" (node_13) is false
[08:56:12.510] [bmv2] [T] [thread 86394] [11.0] [cxt 0] Applying table 'tbl_data_forward_0'
[08:56:12.510] [bmv2] [D] [thread 86394] [11.0] [cxt 0] Looking up key:

[08:56:12.510] [bmv2] [D] [thread 86394] [11.0] [cxt 0] Table 'tbl_data_forward_0': miss
[08:56:12.510] [bmv2] [D] [thread 86394] [11.0] [cxt 0] Action entry is MyIngress.data_forward - 
[08:56:12.510] [bmv2] [T] [thread 86394] [11.0] [cxt 0] Action MyIngress.data_forward
[08:56:12.510] [bmv2] [T] [thread 86394] [11.0] [cxt 0] switch.p4(97) Primitive pit_table.read(egress_port, hdr.payload.content_id)
[08:56:12.510] [bmv2] [T] [thread 86394] [11.0] [cxt 0] Read register 'MyIngress.pit_table' at index 0 read value 0
[08:56:12.510] [bmv2] [T] [thread 86394] [11.0] [cxt 0] switch.p4(98) Primitive standard_metadata.egress_spec = egress_port
[08:56:12.510] [bmv2] [T] [thread 86394] [11.0] [cxt 0] switch.p4(99) Primitive pit_table.write(hdr.payload.content_id, 0)
[08:56:12.510] [bmv2] [T] [thread 86394] [11.0] [cxt 0] Wrote register 'MyIngress.pit_table' at index 0 with value 0
[08:56:12.512] [bmv2] [T] [thread 86394] [11.0] [cxt 0] switch.p4(100) Primitive hdr.ethernet.srcAddr = 0xFFFFFFFFFFFF
[08:56:12.512] [bmv2] [T] [thread 86394] [11.0] [cxt 0] switch.p4(101) Primitive hdr.ethernet.dstAddr = 0xFFFFFFFFFFFF
[08:56:12.512] [bmv2] [T] [thread 86394] [11.0] [cxt 0] switch.p4(102) Primitive hdr.payload.ttl = hdr.payload.ttl - 1
[08:56:12.512] [bmv2] [D] [thread 86394] [11.0] [cxt 0] Pipeline 'ingress': end
[08:56:12.512] [bmv2] [D] [thread 86394] [11.0] [cxt 0] Egress port is 0
[08:56:12.512] [bmv2] [D] [thread 86395] [11.0] [cxt 0] Pipeline 'egress': start
[08:56:12.512] [bmv2] [D] [thread 86395] [11.0] [cxt 0] Pipeline 'egress': end
[08:56:12.512] [bmv2] [D] [thread 86395] [11.0] [cxt 0] Deparser 'deparser': start
[08:56:12.512] [bmv2] [D] [thread 86395] [11.0] [cxt 0] Deparsing header 'ethernet'
[08:56:12.512] [bmv2] [D] [thread 86395] [11.0] [cxt 0] Deparser 'deparser': end
[08:56:12.512] [bmv2] [D] [thread 86399] [11.0] [cxt 0] Transmitting packet of size 211 out of port 0
[08:56:12.521] [bmv2] [D] [thread 86394] [12.0] [cxt 0] Processing packet received on port 1
[08:56:12.521] [bmv2] [D] [thread 86394] [12.0] [cxt 0] Parser 'parser': start
[08:56:12.521] [bmv2] [D] [thread 86394] [12.0] [cxt 0] Parser 'parser' entering state 'start'
[08:56:12.521] [bmv2] [D] [thread 86394] [12.0] [cxt 0] Extracting header 'ethernet'
[08:56:12.521] [bmv2] [D] [thread 86394] [12.0] [cxt 0] Parser state 'start': key is 86dd
[08:56:12.521] [bmv2] [T] [thread 86394] [12.0] [cxt 0] Bytes parsed: 14
[08:56:12.521] [bmv2] [D] [thread 86394] [12.0] [cxt 0] Parser 'parser': end
[08:56:12.521] [bmv2] [D] [thread 86394] [12.0] [cxt 0] Pipeline 'ingress': start
[08:56:12.521] [bmv2] [T] [thread 86394] [12.0] [cxt 0] switch.p4(147) Condition "hdr.icn.isValid()" (node_2) is false
[08:56:12.521] [bmv2] [T] [thread 86394] [12.0] [cxt 0] switch.p4(164) Condition "hdr.payload.flag == 1" (node_13) is false
[08:56:12.521] [bmv2] [T] [thread 86394] [12.0] [cxt 0] Applying table 'tbl_data_forward_0'
[08:56:12.521] [bmv2] [D] [thread 86394] [12.0] [cxt 0] Looking up key:

[08:56:12.521] [bmv2] [D] [thread 86394] [12.0] [cxt 0] Table 'tbl_data_forward_0': miss
[08:56:12.521] [bmv2] [D] [thread 86394] [12.0] [cxt 0] Action entry is MyIngress.data_forward - 
[08:56:12.521] [bmv2] [T] [thread 86394] [12.0] [cxt 0] Action MyIngress.data_forward
[08:56:12.521] [bmv2] [T] [thread 86394] [12.0] [cxt 0] switch.p4(97) Primitive pit_table.read(egress_port, hdr.payload.content_id)
[08:56:12.521] [bmv2] [T] [thread 86394] [12.0] [cxt 0] Read register 'MyIngress.pit_table' at index 0 read value 0
[08:56:12.521] [bmv2] [T] [thread 86394] [12.0] [cxt 0] switch.p4(98) Primitive standard_metadata.egress_spec = egress_port
[08:56:12.521] [bmv2] [T] [thread 86394] [12.0] [cxt 0] switch.p4(99) Primitive pit_table.write(hdr.payload.content_id, 0)
[08:56:12.521] [bmv2] [T] [thread 86394] [12.0] [cxt 0] Wrote register 'MyIngress.pit_table' at index 0 with value 0
[08:56:12.521] [bmv2] [T] [thread 86394] [12.0] [cxt 0] switch.p4(100) Primitive hdr.ethernet.srcAddr = 0xFFFFFFFFFFFF
[08:56:12.521] [bmv2] [T] [thread 86394] [12.0] [cxt 0] switch.p4(101) Primitive hdr.ethernet.dstAddr = 0xFFFFFFFFFFFF
[08:56:12.521] [bmv2] [T] [thread 86394] [12.0] [cxt 0] switch.p4(102) Primitive hdr.payload.ttl = hdr.payload.ttl - 1
[08:56:12.521] [bmv2] [D] [thread 86394] [12.0] [cxt 0] Pipeline 'ingress': end
[08:56:12.521] [bmv2] [D] [thread 86394] [12.0] [cxt 0] Egress port is 0
[08:56:12.521] [bmv2] [D] [thread 86395] [12.0] [cxt 0] Pipeline 'egress': start
[08:56:12.521] [bmv2] [D] [thread 86395] [12.0] [cxt 0] Pipeline 'egress': end
[08:56:12.521] [bmv2] [D] [thread 86395] [12.0] [cxt 0] Deparser 'deparser': start
[08:56:12.521] [bmv2] [D] [thread 86395] [12.0] [cxt 0] Deparsing header 'ethernet'
[08:56:12.521] [bmv2] [D] [thread 86395] [12.0] [cxt 0] Deparser 'deparser': end
[08:56:12.521] [bmv2] [D] [thread 86399] [12.0] [cxt 0] Transmitting packet of size 110 out of port 0
[08:56:12.521] [bmv2] [D] [thread 86394] [13.0] [cxt 0] Processing packet received on port 2
[08:56:12.521] [bmv2] [D] [thread 86394] [13.0] [cxt 0] Parser 'parser': start
[08:56:12.521] [bmv2] [D] [thread 86394] [13.0] [cxt 0] Parser 'parser' entering state 'start'
[08:56:12.521] [bmv2] [D] [thread 86394] [13.0] [cxt 0] Extracting header 'ethernet'
[08:56:12.521] [bmv2] [D] [thread 86394] [13.0] [cxt 0] Parser state 'start': key is 86dd
[08:56:12.521] [bmv2] [T] [thread 86394] [13.0] [cxt 0] Bytes parsed: 14
[08:56:12.521] [bmv2] [D] [thread 86394] [13.0] [cxt 0] Parser 'parser': end
[08:56:12.521] [bmv2] [D] [thread 86394] [13.0] [cxt 0] Pipeline 'ingress': start
[08:56:12.521] [bmv2] [T] [thread 86394] [13.0] [cxt 0] switch.p4(147) Condition "hdr.icn.isValid()" (node_2) is false
[08:56:12.521] [bmv2] [T] [thread 86394] [13.0] [cxt 0] switch.p4(164) Condition "hdr.payload.flag == 1" (node_13) is false
[08:56:12.521] [bmv2] [T] [thread 86394] [13.0] [cxt 0] Applying table 'tbl_data_forward_0'
[08:56:12.521] [bmv2] [D] [thread 86394] [13.0] [cxt 0] Looking up key:

[08:56:12.521] [bmv2] [D] [thread 86394] [13.0] [cxt 0] Table 'tbl_data_forward_0': miss
[08:56:12.521] [bmv2] [D] [thread 86394] [13.0] [cxt 0] Action entry is MyIngress.data_forward - 
[08:56:12.521] [bmv2] [T] [thread 86394] [13.0] [cxt 0] Action MyIngress.data_forward
[08:56:12.521] [bmv2] [T] [thread 86394] [13.0] [cxt 0] switch.p4(97) Primitive pit_table.read(egress_port, hdr.payload.content_id)
[08:56:12.521] [bmv2] [T] [thread 86394] [13.0] [cxt 0] Read register 'MyIngress.pit_table' at index 0 read value 0
[08:56:12.521] [bmv2] [T] [thread 86394] [13.0] [cxt 0] switch.p4(98) Primitive standard_metadata.egress_spec = egress_port
[08:56:12.521] [bmv2] [T] [thread 86394] [13.0] [cxt 0] switch.p4(99) Primitive pit_table.write(hdr.payload.content_id, 0)
[08:56:12.521] [bmv2] [T] [thread 86394] [13.0] [cxt 0] Wrote register 'MyIngress.pit_table' at index 0 with value 0
[08:56:12.521] [bmv2] [T] [thread 86394] [13.0] [cxt 0] switch.p4(100) Primitive hdr.ethernet.srcAddr = 0xFFFFFFFFFFFF
[08:56:12.521] [bmv2] [T] [thread 86394] [13.0] [cxt 0] switch.p4(101) Primitive hdr.ethernet.dstAddr = 0xFFFFFFFFFFFF
[08:56:12.521] [bmv2] [T] [thread 86394] [13.0] [cxt 0] switch.p4(102) Primitive hdr.payload.ttl = hdr.payload.ttl - 1
[08:56:12.521] [bmv2] [D] [thread 86394] [13.0] [cxt 0] Pipeline 'ingress': end
[08:56:12.521] [bmv2] [D] [thread 86394] [13.0] [cxt 0] Egress port is 0
[08:56:12.521] [bmv2] [D] [thread 86395] [13.0] [cxt 0] Pipeline 'egress': start
[08:56:12.521] [bmv2] [D] [thread 86395] [13.0] [cxt 0] Pipeline 'egress': end
[08:56:12.521] [bmv2] [D] [thread 86395] [13.0] [cxt 0] Deparser 'deparser': start
[08:56:12.521] [bmv2] [D] [thread 86395] [13.0] [cxt 0] Deparsing header 'ethernet'
[08:56:12.521] [bmv2] [D] [thread 86395] [13.0] [cxt 0] Deparser 'deparser': end
[08:56:12.521] [bmv2] [D] [thread 86399] [13.0] [cxt 0] Transmitting packet of size 203 out of port 0
[08:56:12.665] [bmv2] [D] [thread 86394] [14.0] [cxt 0] Processing packet received on port 2
[08:56:12.665] [bmv2] [D] [thread 86394] [14.0] [cxt 0] Parser 'parser': start
[08:56:12.665] [bmv2] [D] [thread 86394] [14.0] [cxt 0] Parser 'parser' entering state 'start'
[08:56:12.665] [bmv2] [D] [thread 86394] [14.0] [cxt 0] Extracting header 'ethernet'
[08:56:12.665] [bmv2] [D] [thread 86394] [14.0] [cxt 0] Parser state 'start': key is 86dd
[08:56:12.665] [bmv2] [T] [thread 86394] [14.0] [cxt 0] Bytes parsed: 14
[08:56:12.665] [bmv2] [D] [thread 86394] [14.0] [cxt 0] Parser 'parser': end
[08:56:12.665] [bmv2] [D] [thread 86394] [14.0] [cxt 0] Pipeline 'ingress': start
[08:56:12.665] [bmv2] [T] [thread 86394] [14.0] [cxt 0] switch.p4(147) Condition "hdr.icn.isValid()" (node_2) is false
[08:56:12.665] [bmv2] [T] [thread 86394] [14.0] [cxt 0] switch.p4(164) Condition "hdr.payload.flag == 1" (node_13) is false
[08:56:12.665] [bmv2] [T] [thread 86394] [14.0] [cxt 0] Applying table 'tbl_data_forward_0'
[08:56:12.665] [bmv2] [D] [thread 86394] [14.0] [cxt 0] Looking up key:

[08:56:12.665] [bmv2] [D] [thread 86394] [14.0] [cxt 0] Table 'tbl_data_forward_0': miss
[08:56:12.665] [bmv2] [D] [thread 86394] [14.0] [cxt 0] Action entry is MyIngress.data_forward - 
[08:56:12.665] [bmv2] [T] [thread 86394] [14.0] [cxt 0] Action MyIngress.data_forward
[08:56:12.665] [bmv2] [T] [thread 86394] [14.0] [cxt 0] switch.p4(97) Primitive pit_table.read(egress_port, hdr.payload.content_id)
[08:56:12.665] [bmv2] [T] [thread 86394] [14.0] [cxt 0] Read register 'MyIngress.pit_table' at index 0 read value 0
[08:56:12.665] [bmv2] [T] [thread 86394] [14.0] [cxt 0] switch.p4(98) Primitive standard_metadata.egress_spec = egress_port
[08:56:12.665] [bmv2] [T] [thread 86394] [14.0] [cxt 0] switch.p4(99) Primitive pit_table.write(hdr.payload.content_id, 0)
[08:56:12.665] [bmv2] [T] [thread 86394] [14.0] [cxt 0] Wrote register 'MyIngress.pit_table' at index 0 with value 0
[08:56:12.665] [bmv2] [T] [thread 86394] [14.0] [cxt 0] switch.p4(100) Primitive hdr.ethernet.srcAddr = 0xFFFFFFFFFFFF
[08:56:12.665] [bmv2] [T] [thread 86394] [14.0] [cxt 0] switch.p4(101) Primitive hdr.ethernet.dstAddr = 0xFFFFFFFFFFFF
[08:56:12.665] [bmv2] [T] [thread 86394] [14.0] [cxt 0] switch.p4(102) Primitive hdr.payload.ttl = hdr.payload.ttl - 1
[08:56:12.665] [bmv2] [D] [thread 86394] [14.0] [cxt 0] Pipeline 'ingress': end
[08:56:12.665] [bmv2] [D] [thread 86394] [14.0] [cxt 0] Egress port is 0
[08:56:12.665] [bmv2] [D] [thread 86395] [14.0] [cxt 0] Pipeline 'egress': start
[08:56:12.665] [bmv2] [D] [thread 86395] [14.0] [cxt 0] Pipeline 'egress': end
[08:56:12.665] [bmv2] [D] [thread 86395] [14.0] [cxt 0] Deparser 'deparser': start
[08:56:12.665] [bmv2] [D] [thread 86395] [14.0] [cxt 0] Deparsing header 'ethernet'
[08:56:12.665] [bmv2] [D] [thread 86395] [14.0] [cxt 0] Deparser 'deparser': end
[08:56:12.665] [bmv2] [D] [thread 86399] [14.0] [cxt 0] Transmitting packet of size 211 out of port 0
[08:56:12.779] [bmv2] [D] [thread 86394] [15.0] [cxt 0] Processing packet received on port 1
[08:56:12.779] [bmv2] [D] [thread 86394] [15.0] [cxt 0] Parser 'parser': start
[08:56:12.779] [bmv2] [D] [thread 86394] [15.0] [cxt 0] Parser 'parser' entering state 'start'
[08:56:12.779] [bmv2] [D] [thread 86394] [15.0] [cxt 0] Extracting header 'ethernet'
[08:56:12.779] [bmv2] [D] [thread 86394] [15.0] [cxt 0] Parser state 'start': key is 86dd
[08:56:12.779] [bmv2] [T] [thread 86394] [15.0] [cxt 0] Bytes parsed: 14
[08:56:12.780] [bmv2] [D] [thread 86394] [15.0] [cxt 0] Parser 'parser': end
[08:56:12.780] [bmv2] [D] [thread 86394] [15.0] [cxt 0] Pipeline 'ingress': start
[08:56:12.780] [bmv2] [T] [thread 86394] [15.0] [cxt 0] switch.p4(147) Condition "hdr.icn.isValid()" (node_2) is false
[08:56:12.780] [bmv2] [T] [thread 86394] [15.0] [cxt 0] switch.p4(164) Condition "hdr.payload.flag == 1" (node_13) is false
[08:56:12.780] [bmv2] [T] [thread 86394] [15.0] [cxt 0] Applying table 'tbl_data_forward_0'
[08:56:12.780] [bmv2] [D] [thread 86394] [15.0] [cxt 0] Looking up key:

[08:56:12.780] [bmv2] [D] [thread 86394] [15.0] [cxt 0] Table 'tbl_data_forward_0': miss
[08:56:12.780] [bmv2] [D] [thread 86394] [15.0] [cxt 0] Action entry is MyIngress.data_forward - 
[08:56:12.780] [bmv2] [T] [thread 86394] [15.0] [cxt 0] Action MyIngress.data_forward
[08:56:12.781] [bmv2] [T] [thread 86394] [15.0] [cxt 0] switch.p4(97) Primitive pit_table.read(egress_port, hdr.payload.content_id)
[08:56:12.781] [bmv2] [T] [thread 86394] [15.0] [cxt 0] Read register 'MyIngress.pit_table' at index 0 read value 0
[08:56:12.781] [bmv2] [T] [thread 86394] [15.0] [cxt 0] switch.p4(98) Primitive standard_metadata.egress_spec = egress_port
[08:56:12.781] [bmv2] [T] [thread 86394] [15.0] [cxt 0] switch.p4(99) Primitive pit_table.write(hdr.payload.content_id, 0)
[08:56:12.781] [bmv2] [T] [thread 86394] [15.0] [cxt 0] Wrote register 'MyIngress.pit_table' at index 0 with value 0
[08:56:12.781] [bmv2] [T] [thread 86394] [15.0] [cxt 0] switch.p4(100) Primitive hdr.ethernet.srcAddr = 0xFFFFFFFFFFFF
[08:56:12.781] [bmv2] [T] [thread 86394] [15.0] [cxt 0] switch.p4(101) Primitive hdr.ethernet.dstAddr = 0xFFFFFFFFFFFF
[08:56:12.781] [bmv2] [T] [thread 86394] [15.0] [cxt 0] switch.p4(102) Primitive hdr.payload.ttl = hdr.payload.ttl - 1
[08:56:12.781] [bmv2] [D] [thread 86394] [15.0] [cxt 0] Pipeline 'ingress': end
[08:56:12.781] [bmv2] [D] [thread 86394] [15.0] [cxt 0] Egress port is 0
[08:56:12.781] [bmv2] [D] [thread 86395] [15.0] [cxt 0] Pipeline 'egress': start
[08:56:12.781] [bmv2] [D] [thread 86395] [15.0] [cxt 0] Pipeline 'egress': end
[08:56:12.781] [bmv2] [D] [thread 86395] [15.0] [cxt 0] Deparser 'deparser': start
[08:56:12.781] [bmv2] [D] [thread 86395] [15.0] [cxt 0] Deparsing header 'ethernet'
[08:56:12.781] [bmv2] [D] [thread 86395] [15.0] [cxt 0] Deparser 'deparser': end
[08:56:12.781] [bmv2] [D] [thread 86399] [15.0] [cxt 0] Transmitting packet of size 211 out of port 0
[08:56:12.908] [bmv2] [D] [thread 86394] [16.0] [cxt 0] Processing packet received on port 2
[08:56:12.908] [bmv2] [D] [thread 86394] [16.0] [cxt 0] Parser 'parser': start
[08:56:12.908] [bmv2] [D] [thread 86394] [16.0] [cxt 0] Parser 'parser' entering state 'start'
[08:56:12.908] [bmv2] [D] [thread 86394] [16.0] [cxt 0] Extracting header 'ethernet'
[08:56:12.908] [bmv2] [D] [thread 86394] [16.0] [cxt 0] Parser state 'start': key is 86dd
[08:56:12.908] [bmv2] [T] [thread 86394] [16.0] [cxt 0] Bytes parsed: 14
[08:56:12.908] [bmv2] [D] [thread 86394] [16.0] [cxt 0] Parser 'parser': end
[08:56:12.908] [bmv2] [D] [thread 86394] [16.0] [cxt 0] Pipeline 'ingress': start
[08:56:12.908] [bmv2] [T] [thread 86394] [16.0] [cxt 0] switch.p4(147) Condition "hdr.icn.isValid()" (node_2) is false
[08:56:12.908] [bmv2] [T] [thread 86394] [16.0] [cxt 0] switch.p4(164) Condition "hdr.payload.flag == 1" (node_13) is false
[08:56:12.908] [bmv2] [T] [thread 86394] [16.0] [cxt 0] Applying table 'tbl_data_forward_0'
[08:56:12.908] [bmv2] [D] [thread 86394] [16.0] [cxt 0] Looking up key:

[08:56:12.908] [bmv2] [D] [thread 86394] [16.0] [cxt 0] Table 'tbl_data_forward_0': miss
[08:56:12.908] [bmv2] [D] [thread 86394] [16.0] [cxt 0] Action entry is MyIngress.data_forward - 
[08:56:12.908] [bmv2] [T] [thread 86394] [16.0] [cxt 0] Action MyIngress.data_forward
[08:56:12.908] [bmv2] [T] [thread 86394] [16.0] [cxt 0] switch.p4(97) Primitive pit_table.read(egress_port, hdr.payload.content_id)
[08:56:12.908] [bmv2] [T] [thread 86394] [16.0] [cxt 0] Read register 'MyIngress.pit_table' at index 0 read value 0
[08:56:12.908] [bmv2] [T] [thread 86394] [16.0] [cxt 0] switch.p4(98) Primitive standard_metadata.egress_spec = egress_port
[08:56:12.908] [bmv2] [T] [thread 86394] [16.0] [cxt 0] switch.p4(99) Primitive pit_table.write(hdr.payload.content_id, 0)
[08:56:12.908] [bmv2] [T] [thread 86394] [16.0] [cxt 0] Wrote register 'MyIngress.pit_table' at index 0 with value 0
[08:56:12.908] [bmv2] [T] [thread 86394] [16.0] [cxt 0] switch.p4(100) Primitive hdr.ethernet.srcAddr = 0xFFFFFFFFFFFF
[08:56:12.908] [bmv2] [T] [thread 86394] [16.0] [cxt 0] switch.p4(101) Primitive hdr.ethernet.dstAddr = 0xFFFFFFFFFFFF
[08:56:12.908] [bmv2] [T] [thread 86394] [16.0] [cxt 0] switch.p4(102) Primitive hdr.payload.ttl = hdr.payload.ttl - 1
[08:56:12.908] [bmv2] [D] [thread 86394] [16.0] [cxt 0] Pipeline 'ingress': end
[08:56:12.908] [bmv2] [D] [thread 86394] [16.0] [cxt 0] Egress port is 0
[08:56:12.908] [bmv2] [D] [thread 86395] [16.0] [cxt 0] Pipeline 'egress': start
[08:56:12.908] [bmv2] [D] [thread 86395] [16.0] [cxt 0] Pipeline 'egress': end
[08:56:12.908] [bmv2] [D] [thread 86395] [16.0] [cxt 0] Deparser 'deparser': start
[08:56:12.908] [bmv2] [D] [thread 86395] [16.0] [cxt 0] Deparsing header 'ethernet'
[08:56:12.908] [bmv2] [D] [thread 86395] [16.0] [cxt 0] Deparser 'deparser': end
[08:56:12.908] [bmv2] [D] [thread 86399] [16.0] [cxt 0] Transmitting packet of size 211 out of port 0
[08:56:12.921] [bmv2] [D] [thread 86394] [17.0] [cxt 0] Processing packet received on port 1
[08:56:12.921] [bmv2] [D] [thread 86394] [17.0] [cxt 0] Parser 'parser': start
[08:56:12.921] [bmv2] [D] [thread 86394] [17.0] [cxt 0] Parser 'parser' entering state 'start'
[08:56:12.921] [bmv2] [D] [thread 86394] [17.0] [cxt 0] Extracting header 'ethernet'
[08:56:12.921] [bmv2] [D] [thread 86394] [17.0] [cxt 0] Parser state 'start': key is 86dd
[08:56:12.921] [bmv2] [T] [thread 86394] [17.0] [cxt 0] Bytes parsed: 14
[08:56:12.921] [bmv2] [D] [thread 86394] [17.0] [cxt 0] Parser 'parser': end
[08:56:12.921] [bmv2] [D] [thread 86394] [17.0] [cxt 0] Pipeline 'ingress': start
[08:56:12.921] [bmv2] [T] [thread 86394] [17.0] [cxt 0] switch.p4(147) Condition "hdr.icn.isValid()" (node_2) is false
[08:56:12.921] [bmv2] [T] [thread 86394] [17.0] [cxt 0] switch.p4(164) Condition "hdr.payload.flag == 1" (node_13) is false
[08:56:12.921] [bmv2] [T] [thread 86394] [17.0] [cxt 0] Applying table 'tbl_data_forward_0'
[08:56:12.921] [bmv2] [D] [thread 86394] [17.0] [cxt 0] Looking up key:

[08:56:12.921] [bmv2] [D] [thread 86394] [17.0] [cxt 0] Table 'tbl_data_forward_0': miss
[08:56:12.921] [bmv2] [D] [thread 86394] [17.0] [cxt 0] Action entry is MyIngress.data_forward - 
[08:56:12.921] [bmv2] [T] [thread 86394] [17.0] [cxt 0] Action MyIngress.data_forward
[08:56:12.921] [bmv2] [T] [thread 86394] [17.0] [cxt 0] switch.p4(97) Primitive pit_table.read(egress_port, hdr.payload.content_id)
[08:56:12.921] [bmv2] [T] [thread 86394] [17.0] [cxt 0] Read register 'MyIngress.pit_table' at index 0 read value 0
[08:56:12.921] [bmv2] [T] [thread 86394] [17.0] [cxt 0] switch.p4(98) Primitive standard_metadata.egress_spec = egress_port
[08:56:12.921] [bmv2] [T] [thread 86394] [17.0] [cxt 0] switch.p4(99) Primitive pit_table.write(hdr.payload.content_id, 0)
[08:56:12.921] [bmv2] [T] [thread 86394] [17.0] [cxt 0] Wrote register 'MyIngress.pit_table' at index 0 with value 0
[08:56:12.921] [bmv2] [T] [thread 86394] [17.0] [cxt 0] switch.p4(100) Primitive hdr.ethernet.srcAddr = 0xFFFFFFFFFFFF
[08:56:12.921] [bmv2] [T] [thread 86394] [17.0] [cxt 0] switch.p4(101) Primitive hdr.ethernet.dstAddr = 0xFFFFFFFFFFFF
[08:56:12.921] [bmv2] [T] [thread 86394] [17.0] [cxt 0] switch.p4(102) Primitive hdr.payload.ttl = hdr.payload.ttl - 1
[08:56:12.921] [bmv2] [D] [thread 86394] [17.0] [cxt 0] Pipeline 'ingress': end
[08:56:12.921] [bmv2] [D] [thread 86394] [17.0] [cxt 0] Egress port is 0
[08:56:12.921] [bmv2] [D] [thread 86395] [17.0] [cxt 0] Pipeline 'egress': start
[08:56:12.921] [bmv2] [D] [thread 86395] [17.0] [cxt 0] Pipeline 'egress': end
[08:56:12.921] [bmv2] [D] [thread 86395] [17.0] [cxt 0] Deparser 'deparser': start
[08:56:12.921] [bmv2] [D] [thread 86395] [17.0] [cxt 0] Deparsing header 'ethernet'
[08:56:12.921] [bmv2] [D] [thread 86395] [17.0] [cxt 0] Deparser 'deparser': end
[08:56:12.922] [bmv2] [D] [thread 86399] [17.0] [cxt 0] Transmitting packet of size 90 out of port 0
[08:56:13.016] [bmv2] [D] [thread 86394] [18.0] [cxt 0] Processing packet received on port 1
[08:56:13.016] [bmv2] [D] [thread 86394] [18.0] [cxt 0] Parser 'parser': start
[08:56:13.016] [bmv2] [D] [thread 86394] [18.0] [cxt 0] Parser 'parser' entering state 'start'
[08:56:13.016] [bmv2] [D] [thread 86394] [18.0] [cxt 0] Extracting header 'ethernet'
[08:56:13.016] [bmv2] [D] [thread 86394] [18.0] [cxt 0] Parser state 'start': key is 86dd
[08:56:13.016] [bmv2] [T] [thread 86394] [18.0] [cxt 0] Bytes parsed: 14
[08:56:13.016] [bmv2] [D] [thread 86394] [18.0] [cxt 0] Parser 'parser': end
[08:56:13.016] [bmv2] [D] [thread 86394] [18.0] [cxt 0] Pipeline 'ingress': start
[08:56:13.016] [bmv2] [T] [thread 86394] [18.0] [cxt 0] switch.p4(147) Condition "hdr.icn.isValid()" (node_2) is false
[08:56:13.016] [bmv2] [T] [thread 86394] [18.0] [cxt 0] switch.p4(164) Condition "hdr.payload.flag == 1" (node_13) is false
[08:56:13.016] [bmv2] [T] [thread 86394] [18.0] [cxt 0] Applying table 'tbl_data_forward_0'
[08:56:13.016] [bmv2] [D] [thread 86394] [18.0] [cxt 0] Looking up key:

[08:56:13.016] [bmv2] [D] [thread 86394] [18.0] [cxt 0] Table 'tbl_data_forward_0': miss
[08:56:13.016] [bmv2] [D] [thread 86394] [18.0] [cxt 0] Action entry is MyIngress.data_forward - 
[08:56:13.016] [bmv2] [T] [thread 86394] [18.0] [cxt 0] Action MyIngress.data_forward
[08:56:13.016] [bmv2] [T] [thread 86394] [18.0] [cxt 0] switch.p4(97) Primitive pit_table.read(egress_port, hdr.payload.content_id)
[08:56:13.016] [bmv2] [T] [thread 86394] [18.0] [cxt 0] Read register 'MyIngress.pit_table' at index 0 read value 0
[08:56:13.016] [bmv2] [T] [thread 86394] [18.0] [cxt 0] switch.p4(98) Primitive standard_metadata.egress_spec = egress_port
[08:56:13.016] [bmv2] [T] [thread 86394] [18.0] [cxt 0] switch.p4(99) Primitive pit_table.write(hdr.payload.content_id, 0)
[08:56:13.016] [bmv2] [T] [thread 86394] [18.0] [cxt 0] Wrote register 'MyIngress.pit_table' at index 0 with value 0
[08:56:13.016] [bmv2] [T] [thread 86394] [18.0] [cxt 0] switch.p4(100) Primitive hdr.ethernet.srcAddr = 0xFFFFFFFFFFFF
[08:56:13.016] [bmv2] [T] [thread 86394] [18.0] [cxt 0] switch.p4(101) Primitive hdr.ethernet.dstAddr = 0xFFFFFFFFFFFF
[08:56:13.016] [bmv2] [T] [thread 86394] [18.0] [cxt 0] switch.p4(102) Primitive hdr.payload.ttl = hdr.payload.ttl - 1
[08:56:13.016] [bmv2] [D] [thread 86394] [18.0] [cxt 0] Pipeline 'ingress': end
[08:56:13.016] [bmv2] [D] [thread 86394] [18.0] [cxt 0] Egress port is 0
[08:56:13.016] [bmv2] [D] [thread 86395] [18.0] [cxt 0] Pipeline 'egress': start
[08:56:13.017] [bmv2] [D] [thread 86395] [18.0] [cxt 0] Pipeline 'egress': end
[08:56:13.017] [bmv2] [D] [thread 86395] [18.0] [cxt 0] Deparser 'deparser': start
[08:56:13.017] [bmv2] [D] [thread 86395] [18.0] [cxt 0] Deparsing header 'ethernet'
[08:56:13.017] [bmv2] [D] [thread 86395] [18.0] [cxt 0] Deparser 'deparser': end
[08:56:13.017] [bmv2] [D] [thread 86399] [18.0] [cxt 0] Transmitting packet of size 211 out of port 0
[08:56:13.081] [bmv2] [D] [thread 86394] [19.0] [cxt 0] Processing packet received on port 2
[08:56:13.081] [bmv2] [D] [thread 86394] [19.0] [cxt 0] Parser 'parser': start
[08:56:13.081] [bmv2] [D] [thread 86394] [19.0] [cxt 0] Parser 'parser' entering state 'start'
[08:56:13.081] [bmv2] [D] [thread 86394] [19.0] [cxt 0] Extracting header 'ethernet'
[08:56:13.081] [bmv2] [D] [thread 86394] [19.0] [cxt 0] Parser state 'start': key is 86dd
[08:56:13.081] [bmv2] [T] [thread 86394] [19.0] [cxt 0] Bytes parsed: 14
[08:56:13.081] [bmv2] [D] [thread 86394] [19.0] [cxt 0] Parser 'parser': end
[08:56:13.081] [bmv2] [D] [thread 86394] [19.0] [cxt 0] Pipeline 'ingress': start
[08:56:13.081] [bmv2] [T] [thread 86394] [19.0] [cxt 0] switch.p4(147) Condition "hdr.icn.isValid()" (node_2) is false
[08:56:13.081] [bmv2] [T] [thread 86394] [19.0] [cxt 0] switch.p4(164) Condition "hdr.payload.flag == 1" (node_13) is false
[08:56:13.081] [bmv2] [T] [thread 86394] [19.0] [cxt 0] Applying table 'tbl_data_forward_0'
[08:56:13.081] [bmv2] [D] [thread 86394] [19.0] [cxt 0] Looking up key:

[08:56:13.081] [bmv2] [D] [thread 86394] [19.0] [cxt 0] Table 'tbl_data_forward_0': miss
[08:56:13.081] [bmv2] [D] [thread 86394] [19.0] [cxt 0] Action entry is MyIngress.data_forward - 
[08:56:13.081] [bmv2] [T] [thread 86394] [19.0] [cxt 0] Action MyIngress.data_forward
[08:56:13.081] [bmv2] [T] [thread 86394] [19.0] [cxt 0] switch.p4(97) Primitive pit_table.read(egress_port, hdr.payload.content_id)
[08:56:13.081] [bmv2] [T] [thread 86394] [19.0] [cxt 0] Read register 'MyIngress.pit_table' at index 0 read value 0
[08:56:13.081] [bmv2] [T] [thread 86394] [19.0] [cxt 0] switch.p4(98) Primitive standard_metadata.egress_spec = egress_port
[08:56:13.081] [bmv2] [T] [thread 86394] [19.0] [cxt 0] switch.p4(99) Primitive pit_table.write(hdr.payload.content_id, 0)
[08:56:13.081] [bmv2] [T] [thread 86394] [19.0] [cxt 0] Wrote register 'MyIngress.pit_table' at index 0 with value 0
[08:56:13.081] [bmv2] [T] [thread 86394] [19.0] [cxt 0] switch.p4(100) Primitive hdr.ethernet.srcAddr = 0xFFFFFFFFFFFF
[08:56:13.081] [bmv2] [T] [thread 86394] [19.0] [cxt 0] switch.p4(101) Primitive hdr.ethernet.dstAddr = 0xFFFFFFFFFFFF
[08:56:13.081] [bmv2] [T] [thread 86394] [19.0] [cxt 0] switch.p4(102) Primitive hdr.payload.ttl = hdr.payload.ttl - 1
[08:56:13.081] [bmv2] [D] [thread 86394] [19.0] [cxt 0] Pipeline 'ingress': end
[08:56:13.081] [bmv2] [D] [thread 86394] [19.0] [cxt 0] Egress port is 0
[08:56:13.084] [bmv2] [D] [thread 86395] [19.0] [cxt 0] Pipeline 'egress': start
[08:56:13.084] [bmv2] [D] [thread 86395] [19.0] [cxt 0] Pipeline 'egress': end
[08:56:13.084] [bmv2] [D] [thread 86395] [19.0] [cxt 0] Deparser 'deparser': start
[08:56:13.084] [bmv2] [D] [thread 86395] [19.0] [cxt 0] Deparsing header 'ethernet'
[08:56:13.084] [bmv2] [D] [thread 86395] [19.0] [cxt 0] Deparser 'deparser': end
[08:56:13.084] [bmv2] [D] [thread 86399] [19.0] [cxt 0] Transmitting packet of size 90 out of port 0
[08:56:13.119] [bmv2] [D] [thread 86394] [20.0] [cxt 0] Processing packet received on port 2
[08:56:13.119] [bmv2] [D] [thread 86394] [20.0] [cxt 0] Parser 'parser': start
[08:56:13.119] [bmv2] [D] [thread 86394] [20.0] [cxt 0] Parser 'parser' entering state 'start'
[08:56:13.119] [bmv2] [D] [thread 86394] [20.0] [cxt 0] Extracting header 'ethernet'
[08:56:13.119] [bmv2] [D] [thread 86394] [20.0] [cxt 0] Parser state 'start': key is 86dd
[08:56:13.119] [bmv2] [T] [thread 86394] [20.0] [cxt 0] Bytes parsed: 14
[08:56:13.119] [bmv2] [D] [thread 86394] [20.0] [cxt 0] Parser 'parser': end
[08:56:13.119] [bmv2] [D] [thread 86394] [20.0] [cxt 0] Pipeline 'ingress': start
[08:56:13.119] [bmv2] [T] [thread 86394] [20.0] [cxt 0] switch.p4(147) Condition "hdr.icn.isValid()" (node_2) is false
[08:56:13.119] [bmv2] [T] [thread 86394] [20.0] [cxt 0] switch.p4(164) Condition "hdr.payload.flag == 1" (node_13) is false
[08:56:13.119] [bmv2] [T] [thread 86394] [20.0] [cxt 0] Applying table 'tbl_data_forward_0'
[08:56:13.119] [bmv2] [D] [thread 86394] [20.0] [cxt 0] Looking up key:

[08:56:13.119] [bmv2] [D] [thread 86394] [20.0] [cxt 0] Table 'tbl_data_forward_0': miss
[08:56:13.119] [bmv2] [D] [thread 86394] [20.0] [cxt 0] Action entry is MyIngress.data_forward - 
[08:56:13.119] [bmv2] [T] [thread 86394] [20.0] [cxt 0] Action MyIngress.data_forward
[08:56:13.119] [bmv2] [T] [thread 86394] [20.0] [cxt 0] switch.p4(97) Primitive pit_table.read(egress_port, hdr.payload.content_id)
[08:56:13.119] [bmv2] [T] [thread 86394] [20.0] [cxt 0] Read register 'MyIngress.pit_table' at index 0 read value 0
[08:56:13.119] [bmv2] [T] [thread 86394] [20.0] [cxt 0] switch.p4(98) Primitive standard_metadata.egress_spec = egress_port
[08:56:13.119] [bmv2] [T] [thread 86394] [20.0] [cxt 0] switch.p4(99) Primitive pit_table.write(hdr.payload.content_id, 0)
[08:56:13.119] [bmv2] [T] [thread 86394] [20.0] [cxt 0] Wrote register 'MyIngress.pit_table' at index 0 with value 0
[08:56:13.119] [bmv2] [T] [thread 86394] [20.0] [cxt 0] switch.p4(100) Primitive hdr.ethernet.srcAddr = 0xFFFFFFFFFFFF
[08:56:13.119] [bmv2] [T] [thread 86394] [20.0] [cxt 0] switch.p4(101) Primitive hdr.ethernet.dstAddr = 0xFFFFFFFFFFFF
[08:56:13.119] [bmv2] [T] [thread 86394] [20.0] [cxt 0] switch.p4(102) Primitive hdr.payload.ttl = hdr.payload.ttl - 1
[08:56:13.119] [bmv2] [D] [thread 86394] [20.0] [cxt 0] Pipeline 'ingress': end
[08:56:13.119] [bmv2] [D] [thread 86394] [20.0] [cxt 0] Egress port is 0
[08:56:13.119] [bmv2] [D] [thread 86395] [20.0] [cxt 0] Pipeline 'egress': start
[08:56:13.119] [bmv2] [D] [thread 86395] [20.0] [cxt 0] Pipeline 'egress': end
[08:56:13.122] [bmv2] [D] [thread 86395] [20.0] [cxt 0] Deparser 'deparser': start
[08:56:13.122] [bmv2] [D] [thread 86395] [20.0] [cxt 0] Deparsing header 'ethernet'
[08:56:13.122] [bmv2] [D] [thread 86395] [20.0] [cxt 0] Deparser 'deparser': end
[08:56:13.122] [bmv2] [D] [thread 86399] [20.0] [cxt 0] Transmitting packet of size 110 out of port 0
[08:56:13.167] [bmv2] [D] [thread 86394] [21.0] [cxt 0] Processing packet received on port 2
[08:56:13.167] [bmv2] [D] [thread 86394] [21.0] [cxt 0] Parser 'parser': start
[08:56:13.167] [bmv2] [D] [thread 86394] [21.0] [cxt 0] Parser 'parser' entering state 'start'
[08:56:13.167] [bmv2] [D] [thread 86394] [21.0] [cxt 0] Extracting header 'ethernet'
[08:56:13.167] [bmv2] [D] [thread 86394] [21.0] [cxt 0] Parser state 'start': key is 86dd
[08:56:13.167] [bmv2] [T] [thread 86394] [21.0] [cxt 0] Bytes parsed: 14
[08:56:13.167] [bmv2] [D] [thread 86394] [21.0] [cxt 0] Parser 'parser': end
[08:56:13.167] [bmv2] [D] [thread 86394] [21.0] [cxt 0] Pipeline 'ingress': start
[08:56:13.167] [bmv2] [T] [thread 86394] [21.0] [cxt 0] switch.p4(147) Condition "hdr.icn.isValid()" (node_2) is false
[08:56:13.167] [bmv2] [T] [thread 86394] [21.0] [cxt 0] switch.p4(164) Condition "hdr.payload.flag == 1" (node_13) is false
[08:56:13.167] [bmv2] [T] [thread 86394] [21.0] [cxt 0] Applying table 'tbl_data_forward_0'
[08:56:13.167] [bmv2] [D] [thread 86394] [21.0] [cxt 0] Looking up key:

[08:56:13.167] [bmv2] [D] [thread 86394] [21.0] [cxt 0] Table 'tbl_data_forward_0': miss
[08:56:13.167] [bmv2] [D] [thread 86394] [21.0] [cxt 0] Action entry is MyIngress.data_forward - 
[08:56:13.167] [bmv2] [T] [thread 86394] [21.0] [cxt 0] Action MyIngress.data_forward
[08:56:13.167] [bmv2] [T] [thread 86394] [21.0] [cxt 0] switch.p4(97) Primitive pit_table.read(egress_port, hdr.payload.content_id)
[08:56:13.167] [bmv2] [T] [thread 86394] [21.0] [cxt 0] Read register 'MyIngress.pit_table' at index 0 read value 0
[08:56:13.167] [bmv2] [T] [thread 86394] [21.0] [cxt 0] switch.p4(98) Primitive standard_metadata.egress_spec = egress_port
[08:56:13.167] [bmv2] [T] [thread 86394] [21.0] [cxt 0] switch.p4(99) Primitive pit_table.write(hdr.payload.content_id, 0)
[08:56:13.167] [bmv2] [T] [thread 86394] [21.0] [cxt 0] Wrote register 'MyIngress.pit_table' at index 0 with value 0
[08:56:13.167] [bmv2] [T] [thread 86394] [21.0] [cxt 0] switch.p4(100) Primitive hdr.ethernet.srcAddr = 0xFFFFFFFFFFFF
[08:56:13.167] [bmv2] [T] [thread 86394] [21.0] [cxt 0] switch.p4(101) Primitive hdr.ethernet.dstAddr = 0xFFFFFFFFFFFF
[08:56:13.167] [bmv2] [T] [thread 86394] [21.0] [cxt 0] switch.p4(102) Primitive hdr.payload.ttl = hdr.payload.ttl - 1
[08:56:13.167] [bmv2] [D] [thread 86394] [21.0] [cxt 0] Pipeline 'ingress': end
[08:56:13.167] [bmv2] [D] [thread 86394] [21.0] [cxt 0] Egress port is 0
[08:56:13.167] [bmv2] [D] [thread 86395] [21.0] [cxt 0] Pipeline 'egress': start
[08:56:13.167] [bmv2] [D] [thread 86395] [21.0] [cxt 0] Pipeline 'egress': end
[08:56:13.167] [bmv2] [D] [thread 86395] [21.0] [cxt 0] Deparser 'deparser': start
[08:56:13.167] [bmv2] [D] [thread 86395] [21.0] [cxt 0] Deparsing header 'ethernet'
[08:56:13.167] [bmv2] [D] [thread 86395] [21.0] [cxt 0] Deparser 'deparser': end
[08:56:13.167] [bmv2] [D] [thread 86399] [21.0] [cxt 0] Transmitting packet of size 211 out of port 0
[08:56:13.216] [bmv2] [D] [thread 86394] [22.0] [cxt 0] Processing packet received on port 1
[08:56:13.217] [bmv2] [D] [thread 86394] [22.0] [cxt 0] Parser 'parser': start
[08:56:13.217] [bmv2] [D] [thread 86394] [22.0] [cxt 0] Parser 'parser' entering state 'start'
[08:56:13.217] [bmv2] [D] [thread 86394] [22.0] [cxt 0] Extracting header 'ethernet'
[08:56:13.217] [bmv2] [D] [thread 86394] [22.0] [cxt 0] Parser state 'start': key is 86dd
[08:56:13.217] [bmv2] [T] [thread 86394] [22.0] [cxt 0] Bytes parsed: 14
[08:56:13.217] [bmv2] [D] [thread 86394] [22.0] [cxt 0] Parser 'parser': end
[08:56:13.217] [bmv2] [D] [thread 86394] [22.0] [cxt 0] Pipeline 'ingress': start
[08:56:13.217] [bmv2] [T] [thread 86394] [22.0] [cxt 0] switch.p4(147) Condition "hdr.icn.isValid()" (node_2) is false
[08:56:13.217] [bmv2] [T] [thread 86394] [22.0] [cxt 0] switch.p4(164) Condition "hdr.payload.flag == 1" (node_13) is false
[08:56:13.217] [bmv2] [T] [thread 86394] [22.0] [cxt 0] Applying table 'tbl_data_forward_0'
[08:56:13.217] [bmv2] [D] [thread 86394] [22.0] [cxt 0] Looking up key:

[08:56:13.217] [bmv2] [D] [thread 86394] [22.0] [cxt 0] Table 'tbl_data_forward_0': miss
[08:56:13.217] [bmv2] [D] [thread 86394] [22.0] [cxt 0] Action entry is MyIngress.data_forward - 
[08:56:13.217] [bmv2] [T] [thread 86394] [22.0] [cxt 0] Action MyIngress.data_forward
[08:56:13.217] [bmv2] [T] [thread 86394] [22.0] [cxt 0] switch.p4(97) Primitive pit_table.read(egress_port, hdr.payload.content_id)
[08:56:13.217] [bmv2] [T] [thread 86394] [22.0] [cxt 0] Read register 'MyIngress.pit_table' at index 0 read value 0
[08:56:13.217] [bmv2] [T] [thread 86394] [22.0] [cxt 0] switch.p4(98) Primitive standard_metadata.egress_spec = egress_port
[08:56:13.217] [bmv2] [T] [thread 86394] [22.0] [cxt 0] switch.p4(99) Primitive pit_table.write(hdr.payload.content_id, 0)
[08:56:13.217] [bmv2] [T] [thread 86394] [22.0] [cxt 0] Wrote register 'MyIngress.pit_table' at index 0 with value 0
[08:56:13.217] [bmv2] [T] [thread 86394] [22.0] [cxt 0] switch.p4(100) Primitive hdr.ethernet.srcAddr = 0xFFFFFFFFFFFF
[08:56:13.217] [bmv2] [T] [thread 86394] [22.0] [cxt 0] switch.p4(101) Primitive hdr.ethernet.dstAddr = 0xFFFFFFFFFFFF
[08:56:13.217] [bmv2] [T] [thread 86394] [22.0] [cxt 0] switch.p4(102) Primitive hdr.payload.ttl = hdr.payload.ttl - 1
[08:56:13.217] [bmv2] [D] [thread 86394] [22.0] [cxt 0] Pipeline 'ingress': end
[08:56:13.217] [bmv2] [D] [thread 86394] [22.0] [cxt 0] Egress port is 0
[08:56:13.217] [bmv2] [D] [thread 86395] [22.0] [cxt 0] Pipeline 'egress': start
[08:56:13.218] [bmv2] [D] [thread 86395] [22.0] [cxt 0] Pipeline 'egress': end
[08:56:13.218] [bmv2] [D] [thread 86395] [22.0] [cxt 0] Deparser 'deparser': start
[08:56:13.218] [bmv2] [D] [thread 86395] [22.0] [cxt 0] Deparsing header 'ethernet'
[08:56:13.218] [bmv2] [D] [thread 86395] [22.0] [cxt 0] Deparser 'deparser': end
[08:56:13.218] [bmv2] [D] [thread 86399] [22.0] [cxt 0] Transmitting packet of size 199 out of port 0
[08:56:13.241] [bmv2] [D] [thread 86394] [23.0] [cxt 0] Processing packet received on port 2
[08:56:13.241] [bmv2] [D] [thread 86394] [23.0] [cxt 0] Parser 'parser': start
[08:56:13.241] [bmv2] [D] [thread 86394] [23.0] [cxt 0] Parser 'parser' entering state 'start'
[08:56:13.241] [bmv2] [D] [thread 86394] [23.0] [cxt 0] Extracting header 'ethernet'
[08:56:13.241] [bmv2] [D] [thread 86394] [23.0] [cxt 0] Parser state 'start': key is 86dd
[08:56:13.241] [bmv2] [T] [thread 86394] [23.0] [cxt 0] Bytes parsed: 14
[08:56:13.241] [bmv2] [D] [thread 86394] [23.0] [cxt 0] Parser 'parser': end
[08:56:13.241] [bmv2] [D] [thread 86394] [23.0] [cxt 0] Pipeline 'ingress': start
[08:56:13.247] [bmv2] [T] [thread 86394] [23.0] [cxt 0] switch.p4(147) Condition "hdr.icn.isValid()" (node_2) is false
[08:56:13.247] [bmv2] [T] [thread 86394] [23.0] [cxt 0] switch.p4(164) Condition "hdr.payload.flag == 1" (node_13) is false
[08:56:13.247] [bmv2] [T] [thread 86394] [23.0] [cxt 0] Applying table 'tbl_data_forward_0'
[08:56:13.247] [bmv2] [D] [thread 86394] [23.0] [cxt 0] Looking up key:

[08:56:13.247] [bmv2] [D] [thread 86394] [23.0] [cxt 0] Table 'tbl_data_forward_0': miss
[08:56:13.247] [bmv2] [D] [thread 86394] [23.0] [cxt 0] Action entry is MyIngress.data_forward - 
[08:56:13.247] [bmv2] [T] [thread 86394] [23.0] [cxt 0] Action MyIngress.data_forward
[08:56:13.247] [bmv2] [T] [thread 86394] [23.0] [cxt 0] switch.p4(97) Primitive pit_table.read(egress_port, hdr.payload.content_id)
[08:56:13.247] [bmv2] [T] [thread 86394] [23.0] [cxt 0] Read register 'MyIngress.pit_table' at index 0 read value 0
[08:56:13.247] [bmv2] [T] [thread 86394] [23.0] [cxt 0] switch.p4(98) Primitive standard_metadata.egress_spec = egress_port
[08:56:13.247] [bmv2] [T] [thread 86394] [23.0] [cxt 0] switch.p4(99) Primitive pit_table.write(hdr.payload.content_id, 0)
[08:56:13.247] [bmv2] [T] [thread 86394] [23.0] [cxt 0] Wrote register 'MyIngress.pit_table' at index 0 with value 0
[08:56:13.247] [bmv2] [T] [thread 86394] [23.0] [cxt 0] switch.p4(100) Primitive hdr.ethernet.srcAddr = 0xFFFFFFFFFFFF
[08:56:13.247] [bmv2] [T] [thread 86394] [23.0] [cxt 0] switch.p4(101) Primitive hdr.ethernet.dstAddr = 0xFFFFFFFFFFFF
[08:56:13.247] [bmv2] [T] [thread 86394] [23.0] [cxt 0] switch.p4(102) Primitive hdr.payload.ttl = hdr.payload.ttl - 1
[08:56:13.247] [bmv2] [D] [thread 86394] [23.0] [cxt 0] Pipeline 'ingress': end
[08:56:13.247] [bmv2] [D] [thread 86394] [23.0] [cxt 0] Egress port is 0
[08:56:13.247] [bmv2] [D] [thread 86394] [24.0] [cxt 0] Processing packet received on port 2
[08:56:13.247] [bmv2] [D] [thread 86394] [24.0] [cxt 0] Parser 'parser': start
[08:56:13.247] [bmv2] [D] [thread 86394] [24.0] [cxt 0] Parser 'parser' entering state 'start'
[08:56:13.247] [bmv2] [D] [thread 86394] [24.0] [cxt 0] Extracting header 'ethernet'
[08:56:13.247] [bmv2] [D] [thread 86394] [24.0] [cxt 0] Parser state 'start': key is 86dd
[08:56:13.247] [bmv2] [T] [thread 86394] [24.0] [cxt 0] Bytes parsed: 14
[08:56:13.247] [bmv2] [D] [thread 86394] [24.0] [cxt 0] Parser 'parser': end
[08:56:13.247] [bmv2] [D] [thread 86394] [24.0] [cxt 0] Pipeline 'ingress': start
[08:56:13.247] [bmv2] [T] [thread 86394] [24.0] [cxt 0] switch.p4(147) Condition "hdr.icn.isValid()" (node_2) is false
[08:56:13.247] [bmv2] [T] [thread 86394] [24.0] [cxt 0] switch.p4(164) Condition "hdr.payload.flag == 1" (node_13) is false
[08:56:13.247] [bmv2] [T] [thread 86394] [24.0] [cxt 0] Applying table 'tbl_data_forward_0'
[08:56:13.247] [bmv2] [D] [thread 86394] [24.0] [cxt 0] Looking up key:

[08:56:13.247] [bmv2] [D] [thread 86394] [24.0] [cxt 0] Table 'tbl_data_forward_0': miss
[08:56:13.247] [bmv2] [D] [thread 86394] [24.0] [cxt 0] Action entry is MyIngress.data_forward - 
[08:56:13.247] [bmv2] [T] [thread 86394] [24.0] [cxt 0] Action MyIngress.data_forward
[08:56:13.247] [bmv2] [T] [thread 86394] [24.0] [cxt 0] switch.p4(97) Primitive pit_table.read(egress_port, hdr.payload.content_id)
[08:56:13.247] [bmv2] [T] [thread 86394] [24.0] [cxt 0] Read register 'MyIngress.pit_table' at index 0 read value 0
[08:56:13.247] [bmv2] [T] [thread 86394] [24.0] [cxt 0] switch.p4(98) Primitive standard_metadata.egress_spec = egress_port
[08:56:13.247] [bmv2] [T] [thread 86394] [24.0] [cxt 0] switch.p4(99) Primitive pit_table.write(hdr.payload.content_id, 0)
[08:56:13.247] [bmv2] [T] [thread 86394] [24.0] [cxt 0] Wrote register 'MyIngress.pit_table' at index 0 with value 0
[08:56:13.247] [bmv2] [T] [thread 86394] [24.0] [cxt 0] switch.p4(100) Primitive hdr.ethernet.srcAddr = 0xFFFFFFFFFFFF
[08:56:13.247] [bmv2] [T] [thread 86394] [24.0] [cxt 0] switch.p4(101) Primitive hdr.ethernet.dstAddr = 0xFFFFFFFFFFFF
[08:56:13.247] [bmv2] [T] [thread 86394] [24.0] [cxt 0] switch.p4(102) Primitive hdr.payload.ttl = hdr.payload.ttl - 1
[08:56:13.247] [bmv2] [D] [thread 86394] [24.0] [cxt 0] Pipeline 'ingress': end
[08:56:13.247] [bmv2] [D] [thread 86394] [24.0] [cxt 0] Egress port is 0
[08:56:13.247] [bmv2] [D] [thread 86395] [23.0] [cxt 0] Pipeline 'egress': start
[08:56:13.247] [bmv2] [D] [thread 86395] [23.0] [cxt 0] Pipeline 'egress': end
[08:56:13.247] [bmv2] [D] [thread 86395] [23.0] [cxt 0] Deparser 'deparser': start
[08:56:13.247] [bmv2] [D] [thread 86395] [23.0] [cxt 0] Deparsing header 'ethernet'
[08:56:13.247] [bmv2] [D] [thread 86395] [23.0] [cxt 0] Deparser 'deparser': end
[08:56:13.247] [bmv2] [D] [thread 86395] [24.0] [cxt 0] Pipeline 'egress': start
[08:56:13.247] [bmv2] [D] [thread 86395] [24.0] [cxt 0] Pipeline 'egress': end
[08:56:13.247] [bmv2] [D] [thread 86395] [24.0] [cxt 0] Deparser 'deparser': start
[08:56:13.247] [bmv2] [D] [thread 86395] [24.0] [cxt 0] Deparsing header 'ethernet'
[08:56:13.247] [bmv2] [D] [thread 86395] [24.0] [cxt 0] Deparser 'deparser': end
[08:56:13.247] [bmv2] [D] [thread 86399] [23.0] [cxt 0] Transmitting packet of size 110 out of port 0
[08:56:13.247] [bmv2] [D] [thread 86399] [24.0] [cxt 0] Transmitting packet of size 70 out of port 0
[08:56:13.247] [bmv2] [D] [thread 86394] [25.0] [cxt 0] Processing packet received on port 2
[08:56:13.247] [bmv2] [D] [thread 86394] [25.0] [cxt 0] Parser 'parser': start
[08:56:13.247] [bmv2] [D] [thread 86394] [25.0] [cxt 0] Parser 'parser' entering state 'start'
[08:56:13.247] [bmv2] [D] [thread 86394] [25.0] [cxt 0] Extracting header 'ethernet'
[08:56:13.247] [bmv2] [D] [thread 86394] [25.0] [cxt 0] Parser state 'start': key is 86dd
[08:56:13.247] [bmv2] [T] [thread 86394] [25.0] [cxt 0] Bytes parsed: 14
[08:56:13.247] [bmv2] [D] [thread 86394] [25.0] [cxt 0] Parser 'parser': end
[08:56:13.247] [bmv2] [D] [thread 86394] [25.0] [cxt 0] Pipeline 'ingress': start
[08:56:13.247] [bmv2] [T] [thread 86394] [25.0] [cxt 0] switch.p4(147) Condition "hdr.icn.isValid()" (node_2) is false
[08:56:13.247] [bmv2] [T] [thread 86394] [25.0] [cxt 0] switch.p4(164) Condition "hdr.payload.flag == 1" (node_13) is false
[08:56:13.247] [bmv2] [T] [thread 86394] [25.0] [cxt 0] Applying table 'tbl_data_forward_0'
[08:56:13.247] [bmv2] [D] [thread 86394] [25.0] [cxt 0] Looking up key:

[08:56:13.247] [bmv2] [D] [thread 86394] [25.0] [cxt 0] Table 'tbl_data_forward_0': miss
[08:56:13.247] [bmv2] [D] [thread 86394] [25.0] [cxt 0] Action entry is MyIngress.data_forward - 
[08:56:13.247] [bmv2] [T] [thread 86394] [25.0] [cxt 0] Action MyIngress.data_forward
[08:56:13.247] [bmv2] [T] [thread 86394] [25.0] [cxt 0] switch.p4(97) Primitive pit_table.read(egress_port, hdr.payload.content_id)
[08:56:13.247] [bmv2] [T] [thread 86394] [25.0] [cxt 0] Read register 'MyIngress.pit_table' at index 0 read value 0
[08:56:13.247] [bmv2] [T] [thread 86394] [25.0] [cxt 0] switch.p4(98) Primitive standard_metadata.egress_spec = egress_port
[08:56:13.247] [bmv2] [T] [thread 86394] [25.0] [cxt 0] switch.p4(99) Primitive pit_table.write(hdr.payload.content_id, 0)
[08:56:13.247] [bmv2] [T] [thread 86394] [25.0] [cxt 0] Wrote register 'MyIngress.pit_table' at index 0 with value 0
[08:56:13.247] [bmv2] [T] [thread 86394] [25.0] [cxt 0] switch.p4(100) Primitive hdr.ethernet.srcAddr = 0xFFFFFFFFFFFF
[08:56:13.247] [bmv2] [T] [thread 86394] [25.0] [cxt 0] switch.p4(101) Primitive hdr.ethernet.dstAddr = 0xFFFFFFFFFFFF
[08:56:13.247] [bmv2] [T] [thread 86394] [25.0] [cxt 0] switch.p4(102) Primitive hdr.payload.ttl = hdr.payload.ttl - 1
[08:56:13.247] [bmv2] [D] [thread 86394] [25.0] [cxt 0] Pipeline 'ingress': end
[08:56:13.247] [bmv2] [D] [thread 86394] [25.0] [cxt 0] Egress port is 0
[08:56:13.247] [bmv2] [D] [thread 86395] [25.0] [cxt 0] Pipeline 'egress': start
[08:56:13.247] [bmv2] [D] [thread 86395] [25.0] [cxt 0] Pipeline 'egress': end
[08:56:13.247] [bmv2] [D] [thread 86395] [25.0] [cxt 0] Deparser 'deparser': start
[08:56:13.247] [bmv2] [D] [thread 86395] [25.0] [cxt 0] Deparsing header 'ethernet'
[08:56:13.247] [bmv2] [D] [thread 86395] [25.0] [cxt 0] Deparser 'deparser': end
[08:56:13.247] [bmv2] [D] [thread 86399] [25.0] [cxt 0] Transmitting packet of size 90 out of port 0
[08:56:13.344] [bmv2] [D] [thread 86394] [26.0] [cxt 0] Processing packet received on port 2
[08:56:13.344] [bmv2] [D] [thread 86394] [26.0] [cxt 0] Parser 'parser': start
[08:56:13.344] [bmv2] [D] [thread 86394] [26.0] [cxt 0] Parser 'parser' entering state 'start'
[08:56:13.344] [bmv2] [D] [thread 86394] [26.0] [cxt 0] Extracting header 'ethernet'
[08:56:13.344] [bmv2] [D] [thread 86394] [26.0] [cxt 0] Parser state 'start': key is 86dd
[08:56:13.344] [bmv2] [T] [thread 86394] [26.0] [cxt 0] Bytes parsed: 14
[08:56:13.344] [bmv2] [D] [thread 86394] [26.0] [cxt 0] Parser 'parser': end
[08:56:13.344] [bmv2] [D] [thread 86394] [26.0] [cxt 0] Pipeline 'ingress': start
[08:56:13.344] [bmv2] [T] [thread 86394] [26.0] [cxt 0] switch.p4(147) Condition "hdr.icn.isValid()" (node_2) is false
[08:56:13.344] [bmv2] [T] [thread 86394] [26.0] [cxt 0] switch.p4(164) Condition "hdr.payload.flag == 1" (node_13) is false
[08:56:13.344] [bmv2] [T] [thread 86394] [26.0] [cxt 0] Applying table 'tbl_data_forward_0'
[08:56:13.344] [bmv2] [D] [thread 86394] [26.0] [cxt 0] Looking up key:

[08:56:13.344] [bmv2] [D] [thread 86394] [26.0] [cxt 0] Table 'tbl_data_forward_0': miss
[08:56:13.344] [bmv2] [D] [thread 86394] [26.0] [cxt 0] Action entry is MyIngress.data_forward - 
[08:56:13.344] [bmv2] [T] [thread 86394] [26.0] [cxt 0] Action MyIngress.data_forward
[08:56:13.344] [bmv2] [T] [thread 86394] [26.0] [cxt 0] switch.p4(97) Primitive pit_table.read(egress_port, hdr.payload.content_id)
[08:56:13.344] [bmv2] [T] [thread 86394] [26.0] [cxt 0] Read register 'MyIngress.pit_table' at index 0 read value 0
[08:56:13.344] [bmv2] [T] [thread 86394] [26.0] [cxt 0] switch.p4(98) Primitive standard_metadata.egress_spec = egress_port
[08:56:13.344] [bmv2] [T] [thread 86394] [26.0] [cxt 0] switch.p4(99) Primitive pit_table.write(hdr.payload.content_id, 0)
[08:56:13.344] [bmv2] [T] [thread 86394] [26.0] [cxt 0] Wrote register 'MyIngress.pit_table' at index 0 with value 0
[08:56:13.344] [bmv2] [T] [thread 86394] [26.0] [cxt 0] switch.p4(100) Primitive hdr.ethernet.srcAddr = 0xFFFFFFFFFFFF
[08:56:13.344] [bmv2] [T] [thread 86394] [26.0] [cxt 0] switch.p4(101) Primitive hdr.ethernet.dstAddr = 0xFFFFFFFFFFFF
[08:56:13.344] [bmv2] [T] [thread 86394] [26.0] [cxt 0] switch.p4(102) Primitive hdr.payload.ttl = hdr.payload.ttl - 1
[08:56:13.344] [bmv2] [D] [thread 86394] [26.0] [cxt 0] Pipeline 'ingress': end
[08:56:13.344] [bmv2] [D] [thread 86394] [26.0] [cxt 0] Egress port is 0
[08:56:13.344] [bmv2] [D] [thread 86395] [26.0] [cxt 0] Pipeline 'egress': start
[08:56:13.344] [bmv2] [D] [thread 86395] [26.0] [cxt 0] Pipeline 'egress': end
[08:56:13.344] [bmv2] [D] [thread 86395] [26.0] [cxt 0] Deparser 'deparser': start
[08:56:13.344] [bmv2] [D] [thread 86395] [26.0] [cxt 0] Deparsing header 'ethernet'
[08:56:13.344] [bmv2] [D] [thread 86395] [26.0] [cxt 0] Deparser 'deparser': end
[08:56:13.344] [bmv2] [D] [thread 86399] [26.0] [cxt 0] Transmitting packet of size 203 out of port 0
[08:56:13.371] [bmv2] [D] [thread 86394] [27.0] [cxt 0] Processing packet received on port 2
[08:56:13.371] [bmv2] [D] [thread 86394] [27.0] [cxt 0] Parser 'parser': start
[08:56:13.371] [bmv2] [D] [thread 86394] [27.0] [cxt 0] Parser 'parser' entering state 'start'
[08:56:13.371] [bmv2] [D] [thread 86394] [27.0] [cxt 0] Extracting header 'ethernet'
[08:56:13.371] [bmv2] [D] [thread 86394] [27.0] [cxt 0] Parser state 'start': key is 86dd
[08:56:13.371] [bmv2] [T] [thread 86394] [27.0] [cxt 0] Bytes parsed: 14
[08:56:13.371] [bmv2] [D] [thread 86394] [27.0] [cxt 0] Parser 'parser': end
[08:56:13.371] [bmv2] [D] [thread 86394] [27.0] [cxt 0] Pipeline 'ingress': start
[08:56:13.371] [bmv2] [T] [thread 86394] [27.0] [cxt 0] switch.p4(147) Condition "hdr.icn.isValid()" (node_2) is false
[08:56:13.371] [bmv2] [T] [thread 86394] [27.0] [cxt 0] switch.p4(164) Condition "hdr.payload.flag == 1" (node_13) is false
[08:56:13.371] [bmv2] [T] [thread 86394] [27.0] [cxt 0] Applying table 'tbl_data_forward_0'
[08:56:13.371] [bmv2] [D] [thread 86394] [27.0] [cxt 0] Looking up key:

[08:56:13.371] [bmv2] [D] [thread 86394] [27.0] [cxt 0] Table 'tbl_data_forward_0': miss
[08:56:13.371] [bmv2] [D] [thread 86394] [27.0] [cxt 0] Action entry is MyIngress.data_forward - 
[08:56:13.371] [bmv2] [T] [thread 86394] [27.0] [cxt 0] Action MyIngress.data_forward
[08:56:13.371] [bmv2] [T] [thread 86394] [27.0] [cxt 0] switch.p4(97) Primitive pit_table.read(egress_port, hdr.payload.content_id)
[08:56:13.371] [bmv2] [T] [thread 86394] [27.0] [cxt 0] Read register 'MyIngress.pit_table' at index 0 read value 0
[08:56:13.371] [bmv2] [T] [thread 86394] [27.0] [cxt 0] switch.p4(98) Primitive standard_metadata.egress_spec = egress_port
[08:56:13.371] [bmv2] [T] [thread 86394] [27.0] [cxt 0] switch.p4(99) Primitive pit_table.write(hdr.payload.content_id, 0)
[08:56:13.371] [bmv2] [T] [thread 86394] [27.0] [cxt 0] Wrote register 'MyIngress.pit_table' at index 0 with value 0
[08:56:13.371] [bmv2] [T] [thread 86394] [27.0] [cxt 0] switch.p4(100) Primitive hdr.ethernet.srcAddr = 0xFFFFFFFFFFFF
[08:56:13.371] [bmv2] [T] [thread 86394] [27.0] [cxt 0] switch.p4(101) Primitive hdr.ethernet.dstAddr = 0xFFFFFFFFFFFF
[08:56:13.371] [bmv2] [T] [thread 86394] [27.0] [cxt 0] switch.p4(102) Primitive hdr.payload.ttl = hdr.payload.ttl - 1
[08:56:13.371] [bmv2] [D] [thread 86394] [27.0] [cxt 0] Pipeline 'ingress': end
[08:56:13.372] [bmv2] [D] [thread 86394] [27.0] [cxt 0] Egress port is 0
[08:56:13.372] [bmv2] [D] [thread 86395] [27.0] [cxt 0] Pipeline 'egress': start
[08:56:13.372] [bmv2] [D] [thread 86395] [27.0] [cxt 0] Pipeline 'egress': end
[08:56:13.372] [bmv2] [D] [thread 86395] [27.0] [cxt 0] Deparser 'deparser': start
[08:56:13.372] [bmv2] [D] [thread 86395] [27.0] [cxt 0] Deparsing header 'ethernet'
[08:56:13.372] [bmv2] [D] [thread 86395] [27.0] [cxt 0] Deparser 'deparser': end
[08:56:13.372] [bmv2] [D] [thread 86399] [27.0] [cxt 0] Transmitting packet of size 199 out of port 0
[08:56:13.385] [bmv2] [D] [thread 86394] [28.0] [cxt 0] Processing packet received on port 1
[08:56:13.385] [bmv2] [D] [thread 86394] [28.0] [cxt 0] Parser 'parser': start
[08:56:13.385] [bmv2] [D] [thread 86394] [28.0] [cxt 0] Parser 'parser' entering state 'start'
[08:56:13.385] [bmv2] [D] [thread 86394] [28.0] [cxt 0] Extracting header 'ethernet'
[08:56:13.385] [bmv2] [D] [thread 86394] [28.0] [cxt 0] Parser state 'start': key is 86dd
[08:56:13.385] [bmv2] [T] [thread 86394] [28.0] [cxt 0] Bytes parsed: 14
[08:56:13.385] [bmv2] [D] [thread 86394] [28.0] [cxt 0] Parser 'parser': end
[08:56:13.385] [bmv2] [D] [thread 86394] [28.0] [cxt 0] Pipeline 'ingress': start
[08:56:13.385] [bmv2] [T] [thread 86394] [28.0] [cxt 0] switch.p4(147) Condition "hdr.icn.isValid()" (node_2) is false
[08:56:13.385] [bmv2] [T] [thread 86394] [28.0] [cxt 0] switch.p4(164) Condition "hdr.payload.flag == 1" (node_13) is false
[08:56:13.385] [bmv2] [T] [thread 86394] [28.0] [cxt 0] Applying table 'tbl_data_forward_0'
[08:56:13.385] [bmv2] [D] [thread 86394] [28.0] [cxt 0] Looking up key:

[08:56:13.385] [bmv2] [D] [thread 86394] [28.0] [cxt 0] Table 'tbl_data_forward_0': miss
[08:56:13.385] [bmv2] [D] [thread 86394] [28.0] [cxt 0] Action entry is MyIngress.data_forward - 
[08:56:13.385] [bmv2] [T] [thread 86394] [28.0] [cxt 0] Action MyIngress.data_forward
[08:56:13.385] [bmv2] [T] [thread 86394] [28.0] [cxt 0] switch.p4(97) Primitive pit_table.read(egress_port, hdr.payload.content_id)
[08:56:13.385] [bmv2] [T] [thread 86394] [28.0] [cxt 0] Read register 'MyIngress.pit_table' at index 0 read value 0
[08:56:13.385] [bmv2] [T] [thread 86394] [28.0] [cxt 0] switch.p4(98) Primitive standard_metadata.egress_spec = egress_port
[08:56:13.385] [bmv2] [T] [thread 86394] [28.0] [cxt 0] switch.p4(99) Primitive pit_table.write(hdr.payload.content_id, 0)
[08:56:13.385] [bmv2] [T] [thread 86394] [28.0] [cxt 0] Wrote register 'MyIngress.pit_table' at index 0 with value 0
[08:56:13.385] [bmv2] [T] [thread 86394] [28.0] [cxt 0] switch.p4(100) Primitive hdr.ethernet.srcAddr = 0xFFFFFFFFFFFF
[08:56:13.385] [bmv2] [T] [thread 86394] [28.0] [cxt 0] switch.p4(101) Primitive hdr.ethernet.dstAddr = 0xFFFFFFFFFFFF
[08:56:13.385] [bmv2] [T] [thread 86394] [28.0] [cxt 0] switch.p4(102) Primitive hdr.payload.ttl = hdr.payload.ttl - 1
[08:56:13.385] [bmv2] [D] [thread 86394] [28.0] [cxt 0] Pipeline 'ingress': end
[08:56:13.385] [bmv2] [D] [thread 86394] [28.0] [cxt 0] Egress port is 0
[08:56:13.385] [bmv2] [D] [thread 86395] [28.0] [cxt 0] Pipeline 'egress': start
[08:56:13.385] [bmv2] [D] [thread 86395] [28.0] [cxt 0] Pipeline 'egress': end
[08:56:13.385] [bmv2] [D] [thread 86395] [28.0] [cxt 0] Deparser 'deparser': start
[08:56:13.385] [bmv2] [D] [thread 86395] [28.0] [cxt 0] Deparsing header 'ethernet'
[08:56:13.385] [bmv2] [D] [thread 86395] [28.0] [cxt 0] Deparser 'deparser': end
[08:56:13.385] [bmv2] [D] [thread 86399] [28.0] [cxt 0] Transmitting packet of size 203 out of port 0
[08:56:13.465] [bmv2] [D] [thread 86394] [29.0] [cxt 0] Processing packet received on port 2
[08:56:13.465] [bmv2] [D] [thread 86394] [29.0] [cxt 0] Parser 'parser': start
[08:56:13.465] [bmv2] [D] [thread 86394] [29.0] [cxt 0] Parser 'parser' entering state 'start'
[08:56:13.465] [bmv2] [D] [thread 86394] [29.0] [cxt 0] Extracting header 'ethernet'
[08:56:13.465] [bmv2] [D] [thread 86394] [29.0] [cxt 0] Parser state 'start': key is 86dd
[08:56:13.465] [bmv2] [T] [thread 86394] [29.0] [cxt 0] Bytes parsed: 14
[08:56:13.465] [bmv2] [D] [thread 86394] [29.0] [cxt 0] Parser 'parser': end
[08:56:13.465] [bmv2] [D] [thread 86394] [29.0] [cxt 0] Pipeline 'ingress': start
[08:56:13.465] [bmv2] [T] [thread 86394] [29.0] [cxt 0] switch.p4(147) Condition "hdr.icn.isValid()" (node_2) is false
[08:56:13.465] [bmv2] [T] [thread 86394] [29.0] [cxt 0] switch.p4(164) Condition "hdr.payload.flag == 1" (node_13) is false
[08:56:13.465] [bmv2] [T] [thread 86394] [29.0] [cxt 0] Applying table 'tbl_data_forward_0'
[08:56:13.465] [bmv2] [D] [thread 86394] [29.0] [cxt 0] Looking up key:

[08:56:13.465] [bmv2] [D] [thread 86394] [29.0] [cxt 0] Table 'tbl_data_forward_0': miss
[08:56:13.465] [bmv2] [D] [thread 86394] [29.0] [cxt 0] Action entry is MyIngress.data_forward - 
[08:56:13.465] [bmv2] [T] [thread 86394] [29.0] [cxt 0] Action MyIngress.data_forward
[08:56:13.465] [bmv2] [T] [thread 86394] [29.0] [cxt 0] switch.p4(97) Primitive pit_table.read(egress_port, hdr.payload.content_id)
[08:56:13.465] [bmv2] [T] [thread 86394] [29.0] [cxt 0] Read register 'MyIngress.pit_table' at index 0 read value 0
[08:56:13.466] [bmv2] [T] [thread 86394] [29.0] [cxt 0] switch.p4(98) Primitive standard_metadata.egress_spec = egress_port
[08:56:13.466] [bmv2] [T] [thread 86394] [29.0] [cxt 0] switch.p4(99) Primitive pit_table.write(hdr.payload.content_id, 0)
[08:56:13.466] [bmv2] [T] [thread 86394] [29.0] [cxt 0] Wrote register 'MyIngress.pit_table' at index 0 with value 0
[08:56:13.466] [bmv2] [T] [thread 86394] [29.0] [cxt 0] switch.p4(100) Primitive hdr.ethernet.srcAddr = 0xFFFFFFFFFFFF
[08:56:13.466] [bmv2] [T] [thread 86394] [29.0] [cxt 0] switch.p4(101) Primitive hdr.ethernet.dstAddr = 0xFFFFFFFFFFFF
[08:56:13.466] [bmv2] [T] [thread 86394] [29.0] [cxt 0] switch.p4(102) Primitive hdr.payload.ttl = hdr.payload.ttl - 1
[08:56:13.466] [bmv2] [D] [thread 86394] [29.0] [cxt 0] Pipeline 'ingress': end
[08:56:13.466] [bmv2] [D] [thread 86394] [29.0] [cxt 0] Egress port is 0
[08:56:13.466] [bmv2] [D] [thread 86395] [29.0] [cxt 0] Pipeline 'egress': start
[08:56:13.466] [bmv2] [D] [thread 86395] [29.0] [cxt 0] Pipeline 'egress': end
[08:56:13.466] [bmv2] [D] [thread 86395] [29.0] [cxt 0] Deparser 'deparser': start
[08:56:13.466] [bmv2] [D] [thread 86395] [29.0] [cxt 0] Deparsing header 'ethernet'
[08:56:13.466] [bmv2] [D] [thread 86395] [29.0] [cxt 0] Deparser 'deparser': end
[08:56:13.466] [bmv2] [D] [thread 86399] [29.0] [cxt 0] Transmitting packet of size 90 out of port 0
[08:56:13.472] [bmv2] [D] [thread 86394] [30.0] [cxt 0] Processing packet received on port 2
[08:56:13.472] [bmv2] [D] [thread 86394] [30.0] [cxt 0] Parser 'parser': start
[08:56:13.472] [bmv2] [D] [thread 86394] [30.0] [cxt 0] Parser 'parser' entering state 'start'
[08:56:13.472] [bmv2] [D] [thread 86394] [30.0] [cxt 0] Extracting header 'ethernet'
[08:56:13.472] [bmv2] [D] [thread 86394] [30.0] [cxt 0] Parser state 'start': key is 86dd
[08:56:13.472] [bmv2] [T] [thread 86394] [30.0] [cxt 0] Bytes parsed: 14
[08:56:13.472] [bmv2] [D] [thread 86394] [30.0] [cxt 0] Parser 'parser': end
[08:56:13.472] [bmv2] [D] [thread 86394] [30.0] [cxt 0] Pipeline 'ingress': start
[08:56:13.472] [bmv2] [T] [thread 86394] [30.0] [cxt 0] switch.p4(147) Condition "hdr.icn.isValid()" (node_2) is false
[08:56:13.472] [bmv2] [T] [thread 86394] [30.0] [cxt 0] switch.p4(164) Condition "hdr.payload.flag == 1" (node_13) is false
[08:56:13.472] [bmv2] [T] [thread 86394] [30.0] [cxt 0] Applying table 'tbl_data_forward_0'
[08:56:13.472] [bmv2] [D] [thread 86394] [30.0] [cxt 0] Looking up key:

[08:56:13.472] [bmv2] [D] [thread 86394] [30.0] [cxt 0] Table 'tbl_data_forward_0': miss
[08:56:13.472] [bmv2] [D] [thread 86394] [30.0] [cxt 0] Action entry is MyIngress.data_forward - 
[08:56:13.472] [bmv2] [T] [thread 86394] [30.0] [cxt 0] Action MyIngress.data_forward
[08:56:13.472] [bmv2] [T] [thread 86394] [30.0] [cxt 0] switch.p4(97) Primitive pit_table.read(egress_port, hdr.payload.content_id)
[08:56:13.472] [bmv2] [T] [thread 86394] [30.0] [cxt 0] Read register 'MyIngress.pit_table' at index 0 read value 0
[08:56:13.472] [bmv2] [T] [thread 86394] [30.0] [cxt 0] switch.p4(98) Primitive standard_metadata.egress_spec = egress_port
[08:56:13.472] [bmv2] [T] [thread 86394] [30.0] [cxt 0] switch.p4(99) Primitive pit_table.write(hdr.payload.content_id, 0)
[08:56:13.472] [bmv2] [T] [thread 86394] [30.0] [cxt 0] Wrote register 'MyIngress.pit_table' at index 0 with value 0
[08:56:13.472] [bmv2] [T] [thread 86394] [30.0] [cxt 0] switch.p4(100) Primitive hdr.ethernet.srcAddr = 0xFFFFFFFFFFFF
[08:56:13.472] [bmv2] [T] [thread 86394] [30.0] [cxt 0] switch.p4(101) Primitive hdr.ethernet.dstAddr = 0xFFFFFFFFFFFF
[08:56:13.472] [bmv2] [T] [thread 86394] [30.0] [cxt 0] switch.p4(102) Primitive hdr.payload.ttl = hdr.payload.ttl - 1
[08:56:13.472] [bmv2] [D] [thread 86394] [30.0] [cxt 0] Pipeline 'ingress': end
[08:56:13.472] [bmv2] [D] [thread 86394] [30.0] [cxt 0] Egress port is 0
[08:56:13.472] [bmv2] [D] [thread 86395] [30.0] [cxt 0] Pipeline 'egress': start
[08:56:13.472] [bmv2] [D] [thread 86395] [30.0] [cxt 0] Pipeline 'egress': end
[08:56:13.472] [bmv2] [D] [thread 86395] [30.0] [cxt 0] Deparser 'deparser': start
[08:56:13.472] [bmv2] [D] [thread 86395] [30.0] [cxt 0] Deparsing header 'ethernet'
[08:56:13.472] [bmv2] [D] [thread 86395] [30.0] [cxt 0] Deparser 'deparser': end
[08:56:13.472] [bmv2] [D] [thread 86399] [30.0] [cxt 0] Transmitting packet of size 211 out of port 0
[08:56:13.760] [bmv2] [D] [thread 86394] [31.0] [cxt 0] Processing packet received on port 2
[08:56:13.760] [bmv2] [D] [thread 86394] [31.0] [cxt 0] Parser 'parser': start
[08:56:13.760] [bmv2] [D] [thread 86394] [31.0] [cxt 0] Parser 'parser' entering state 'start'
[08:56:13.760] [bmv2] [D] [thread 86394] [31.0] [cxt 0] Extracting header 'ethernet'
[08:56:13.760] [bmv2] [D] [thread 86394] [31.0] [cxt 0] Parser state 'start': key is 86dd
[08:56:13.760] [bmv2] [T] [thread 86394] [31.0] [cxt 0] Bytes parsed: 14
[08:56:13.760] [bmv2] [D] [thread 86394] [31.0] [cxt 0] Parser 'parser': end
[08:56:13.760] [bmv2] [D] [thread 86394] [31.0] [cxt 0] Pipeline 'ingress': start
[08:56:13.760] [bmv2] [T] [thread 86394] [31.0] [cxt 0] switch.p4(147) Condition "hdr.icn.isValid()" (node_2) is false
[08:56:13.760] [bmv2] [T] [thread 86394] [31.0] [cxt 0] switch.p4(164) Condition "hdr.payload.flag == 1" (node_13) is false
[08:56:13.760] [bmv2] [T] [thread 86394] [31.0] [cxt 0] Applying table 'tbl_data_forward_0'
[08:56:13.760] [bmv2] [D] [thread 86394] [31.0] [cxt 0] Looking up key:

[08:56:13.760] [bmv2] [D] [thread 86394] [31.0] [cxt 0] Table 'tbl_data_forward_0': miss
[08:56:13.760] [bmv2] [D] [thread 86394] [31.0] [cxt 0] Action entry is MyIngress.data_forward - 
[08:56:13.760] [bmv2] [T] [thread 86394] [31.0] [cxt 0] Action MyIngress.data_forward
[08:56:13.760] [bmv2] [T] [thread 86394] [31.0] [cxt 0] switch.p4(97) Primitive pit_table.read(egress_port, hdr.payload.content_id)
[08:56:13.760] [bmv2] [T] [thread 86394] [31.0] [cxt 0] Read register 'MyIngress.pit_table' at index 0 read value 0
[08:56:13.760] [bmv2] [T] [thread 86394] [31.0] [cxt 0] switch.p4(98) Primitive standard_metadata.egress_spec = egress_port
[08:56:13.760] [bmv2] [T] [thread 86394] [31.0] [cxt 0] switch.p4(99) Primitive pit_table.write(hdr.payload.content_id, 0)
[08:56:13.760] [bmv2] [T] [thread 86394] [31.0] [cxt 0] Wrote register 'MyIngress.pit_table' at index 0 with value 0
[08:56:13.760] [bmv2] [T] [thread 86394] [31.0] [cxt 0] switch.p4(100) Primitive hdr.ethernet.srcAddr = 0xFFFFFFFFFFFF
[08:56:13.760] [bmv2] [T] [thread 86394] [31.0] [cxt 0] switch.p4(101) Primitive hdr.ethernet.dstAddr = 0xFFFFFFFFFFFF
[08:56:13.760] [bmv2] [T] [thread 86394] [31.0] [cxt 0] switch.p4(102) Primitive hdr.payload.ttl = hdr.payload.ttl - 1
[08:56:13.760] [bmv2] [D] [thread 86394] [31.0] [cxt 0] Pipeline 'ingress': end
[08:56:13.760] [bmv2] [D] [thread 86394] [31.0] [cxt 0] Egress port is 0
[08:56:13.760] [bmv2] [D] [thread 86395] [31.0] [cxt 0] Pipeline 'egress': start
[08:56:13.760] [bmv2] [D] [thread 86395] [31.0] [cxt 0] Pipeline 'egress': end
[08:56:13.760] [bmv2] [D] [thread 86395] [31.0] [cxt 0] Deparser 'deparser': start
[08:56:13.760] [bmv2] [D] [thread 86395] [31.0] [cxt 0] Deparsing header 'ethernet'
[08:56:13.760] [bmv2] [D] [thread 86395] [31.0] [cxt 0] Deparser 'deparser': end
[08:56:13.760] [bmv2] [D] [thread 86399] [31.0] [cxt 0] Transmitting packet of size 211 out of port 0
[08:56:13.826] [bmv2] [D] [thread 86394] [32.0] [cxt 0] Processing packet received on port 2
[08:56:13.826] [bmv2] [D] [thread 86394] [32.0] [cxt 0] Parser 'parser': start
[08:56:13.826] [bmv2] [D] [thread 86394] [32.0] [cxt 0] Parser 'parser' entering state 'start'
[08:56:13.826] [bmv2] [D] [thread 86394] [32.0] [cxt 0] Extracting header 'ethernet'
[08:56:13.826] [bmv2] [D] [thread 86394] [32.0] [cxt 0] Parser state 'start': key is 86dd
[08:56:13.826] [bmv2] [T] [thread 86394] [32.0] [cxt 0] Bytes parsed: 14
[08:56:13.826] [bmv2] [D] [thread 86394] [32.0] [cxt 0] Parser 'parser': end
[08:56:13.826] [bmv2] [D] [thread 86394] [32.0] [cxt 0] Pipeline 'ingress': start
[08:56:13.826] [bmv2] [T] [thread 86394] [32.0] [cxt 0] switch.p4(147) Condition "hdr.icn.isValid()" (node_2) is false
[08:56:13.826] [bmv2] [T] [thread 86394] [32.0] [cxt 0] switch.p4(164) Condition "hdr.payload.flag == 1" (node_13) is false
[08:56:13.826] [bmv2] [T] [thread 86394] [32.0] [cxt 0] Applying table 'tbl_data_forward_0'
[08:56:13.826] [bmv2] [D] [thread 86394] [32.0] [cxt 0] Looking up key:

[08:56:13.826] [bmv2] [D] [thread 86394] [32.0] [cxt 0] Table 'tbl_data_forward_0': miss
[08:56:13.826] [bmv2] [D] [thread 86394] [32.0] [cxt 0] Action entry is MyIngress.data_forward - 
[08:56:13.826] [bmv2] [T] [thread 86394] [32.0] [cxt 0] Action MyIngress.data_forward
[08:56:13.826] [bmv2] [T] [thread 86394] [32.0] [cxt 0] switch.p4(97) Primitive pit_table.read(egress_port, hdr.payload.content_id)
[08:56:13.826] [bmv2] [T] [thread 86394] [32.0] [cxt 0] Read register 'MyIngress.pit_table' at index 0 read value 0
[08:56:13.826] [bmv2] [T] [thread 86394] [32.0] [cxt 0] switch.p4(98) Primitive standard_metadata.egress_spec = egress_port
[08:56:13.826] [bmv2] [T] [thread 86394] [32.0] [cxt 0] switch.p4(99) Primitive pit_table.write(hdr.payload.content_id, 0)
[08:56:13.826] [bmv2] [T] [thread 86394] [32.0] [cxt 0] Wrote register 'MyIngress.pit_table' at index 0 with value 0
[08:56:13.826] [bmv2] [T] [thread 86394] [32.0] [cxt 0] switch.p4(100) Primitive hdr.ethernet.srcAddr = 0xFFFFFFFFFFFF
[08:56:13.826] [bmv2] [T] [thread 86394] [32.0] [cxt 0] switch.p4(101) Primitive hdr.ethernet.dstAddr = 0xFFFFFFFFFFFF
[08:56:13.826] [bmv2] [T] [thread 86394] [32.0] [cxt 0] switch.p4(102) Primitive hdr.payload.ttl = hdr.payload.ttl - 1
[08:56:13.826] [bmv2] [D] [thread 86394] [32.0] [cxt 0] Pipeline 'ingress': end
[08:56:13.826] [bmv2] [D] [thread 86394] [32.0] [cxt 0] Egress port is 0
[08:56:13.826] [bmv2] [D] [thread 86395] [32.0] [cxt 0] Pipeline 'egress': start
[08:56:13.826] [bmv2] [D] [thread 86395] [32.0] [cxt 0] Pipeline 'egress': end
[08:56:13.826] [bmv2] [D] [thread 86395] [32.0] [cxt 0] Deparser 'deparser': start
[08:56:13.826] [bmv2] [D] [thread 86395] [32.0] [cxt 0] Deparsing header 'ethernet'
[08:56:13.826] [bmv2] [D] [thread 86395] [32.0] [cxt 0] Deparser 'deparser': end
[08:56:13.826] [bmv2] [D] [thread 86399] [32.0] [cxt 0] Transmitting packet of size 110 out of port 0
[08:56:13.992] [bmv2] [D] [thread 86394] [33.0] [cxt 0] Processing packet received on port 2
[08:56:13.992] [bmv2] [D] [thread 86394] [33.0] [cxt 0] Parser 'parser': start
[08:56:13.992] [bmv2] [D] [thread 86394] [33.0] [cxt 0] Parser 'parser' entering state 'start'
[08:56:13.992] [bmv2] [D] [thread 86394] [33.0] [cxt 0] Extracting header 'ethernet'
[08:56:13.992] [bmv2] [D] [thread 86394] [33.0] [cxt 0] Parser state 'start': key is 86dd
[08:56:13.992] [bmv2] [T] [thread 86394] [33.0] [cxt 0] Bytes parsed: 14
[08:56:13.992] [bmv2] [D] [thread 86394] [33.0] [cxt 0] Parser 'parser': end
[08:56:13.992] [bmv2] [D] [thread 86394] [33.0] [cxt 0] Pipeline 'ingress': start
[08:56:13.992] [bmv2] [T] [thread 86394] [33.0] [cxt 0] switch.p4(147) Condition "hdr.icn.isValid()" (node_2) is false
[08:56:13.992] [bmv2] [T] [thread 86394] [33.0] [cxt 0] switch.p4(164) Condition "hdr.payload.flag == 1" (node_13) is false
[08:56:13.992] [bmv2] [T] [thread 86394] [33.0] [cxt 0] Applying table 'tbl_data_forward_0'
[08:56:13.992] [bmv2] [D] [thread 86394] [33.0] [cxt 0] Looking up key:

[08:56:13.992] [bmv2] [D] [thread 86394] [33.0] [cxt 0] Table 'tbl_data_forward_0': miss
[08:56:13.992] [bmv2] [D] [thread 86394] [33.0] [cxt 0] Action entry is MyIngress.data_forward - 
[08:56:13.992] [bmv2] [T] [thread 86394] [33.0] [cxt 0] Action MyIngress.data_forward
[08:56:13.992] [bmv2] [T] [thread 86394] [33.0] [cxt 0] switch.p4(97) Primitive pit_table.read(egress_port, hdr.payload.content_id)
[08:56:13.992] [bmv2] [T] [thread 86394] [33.0] [cxt 0] Read register 'MyIngress.pit_table' at index 0 read value 0
[08:56:13.992] [bmv2] [T] [thread 86394] [33.0] [cxt 0] switch.p4(98) Primitive standard_metadata.egress_spec = egress_port
[08:56:13.992] [bmv2] [T] [thread 86394] [33.0] [cxt 0] switch.p4(99) Primitive pit_table.write(hdr.payload.content_id, 0)
[08:56:13.992] [bmv2] [T] [thread 86394] [33.0] [cxt 0] Wrote register 'MyIngress.pit_table' at index 0 with value 0
[08:56:13.992] [bmv2] [T] [thread 86394] [33.0] [cxt 0] switch.p4(100) Primitive hdr.ethernet.srcAddr = 0xFFFFFFFFFFFF
[08:56:13.992] [bmv2] [T] [thread 86394] [33.0] [cxt 0] switch.p4(101) Primitive hdr.ethernet.dstAddr = 0xFFFFFFFFFFFF
[08:56:13.992] [bmv2] [T] [thread 86394] [33.0] [cxt 0] switch.p4(102) Primitive hdr.payload.ttl = hdr.payload.ttl - 1
[08:56:13.992] [bmv2] [D] [thread 86394] [33.0] [cxt 0] Pipeline 'ingress': end
[08:56:13.992] [bmv2] [D] [thread 86394] [33.0] [cxt 0] Egress port is 0
[08:56:13.992] [bmv2] [D] [thread 86394] [34.0] [cxt 0] Processing packet received on port 2
[08:56:13.992] [bmv2] [D] [thread 86394] [34.0] [cxt 0] Parser 'parser': start
[08:56:13.992] [bmv2] [D] [thread 86394] [34.0] [cxt 0] Parser 'parser' entering state 'start'
[08:56:13.992] [bmv2] [D] [thread 86394] [34.0] [cxt 0] Extracting header 'ethernet'
[08:56:13.992] [bmv2] [D] [thread 86394] [34.0] [cxt 0] Parser state 'start': key is 86dd
[08:56:13.992] [bmv2] [T] [thread 86394] [34.0] [cxt 0] Bytes parsed: 14
[08:56:13.992] [bmv2] [D] [thread 86394] [34.0] [cxt 0] Parser 'parser': end
[08:56:13.992] [bmv2] [D] [thread 86394] [34.0] [cxt 0] Pipeline 'ingress': start
[08:56:13.992] [bmv2] [T] [thread 86394] [34.0] [cxt 0] switch.p4(147) Condition "hdr.icn.isValid()" (node_2) is false
[08:56:13.992] [bmv2] [T] [thread 86394] [34.0] [cxt 0] switch.p4(164) Condition "hdr.payload.flag == 1" (node_13) is false
[08:56:13.992] [bmv2] [T] [thread 86394] [34.0] [cxt 0] Applying table 'tbl_data_forward_0'
[08:56:13.992] [bmv2] [D] [thread 86394] [34.0] [cxt 0] Looking up key:

[08:56:13.992] [bmv2] [D] [thread 86394] [34.0] [cxt 0] Table 'tbl_data_forward_0': miss
[08:56:13.992] [bmv2] [D] [thread 86394] [34.0] [cxt 0] Action entry is MyIngress.data_forward - 
[08:56:13.992] [bmv2] [T] [thread 86394] [34.0] [cxt 0] Action MyIngress.data_forward
[08:56:13.992] [bmv2] [T] [thread 86394] [34.0] [cxt 0] switch.p4(97) Primitive pit_table.read(egress_port, hdr.payload.content_id)
[08:56:13.992] [bmv2] [T] [thread 86394] [34.0] [cxt 0] Read register 'MyIngress.pit_table' at index 0 read value 0
[08:56:13.992] [bmv2] [T] [thread 86394] [34.0] [cxt 0] switch.p4(98) Primitive standard_metadata.egress_spec = egress_port
[08:56:13.992] [bmv2] [T] [thread 86394] [34.0] [cxt 0] switch.p4(99) Primitive pit_table.write(hdr.payload.content_id, 0)
[08:56:13.992] [bmv2] [T] [thread 86394] [34.0] [cxt 0] Wrote register 'MyIngress.pit_table' at index 0 with value 0
[08:56:13.992] [bmv2] [T] [thread 86394] [34.0] [cxt 0] switch.p4(100) Primitive hdr.ethernet.srcAddr = 0xFFFFFFFFFFFF
[08:56:13.992] [bmv2] [T] [thread 86394] [34.0] [cxt 0] switch.p4(101) Primitive hdr.ethernet.dstAddr = 0xFFFFFFFFFFFF
[08:56:13.992] [bmv2] [T] [thread 86394] [34.0] [cxt 0] switch.p4(102) Primitive hdr.payload.ttl = hdr.payload.ttl - 1
[08:56:13.992] [bmv2] [D] [thread 86394] [34.0] [cxt 0] Pipeline 'ingress': end
[08:56:13.992] [bmv2] [D] [thread 86394] [34.0] [cxt 0] Egress port is 0
[08:56:13.992] [bmv2] [D] [thread 86395] [33.0] [cxt 0] Pipeline 'egress': start
[08:56:13.992] [bmv2] [D] [thread 86395] [33.0] [cxt 0] Pipeline 'egress': end
[08:56:13.992] [bmv2] [D] [thread 86395] [33.0] [cxt 0] Deparser 'deparser': start
[08:56:13.992] [bmv2] [D] [thread 86395] [33.0] [cxt 0] Deparsing header 'ethernet'
[08:56:13.992] [bmv2] [D] [thread 86395] [33.0] [cxt 0] Deparser 'deparser': end
[08:56:13.992] [bmv2] [D] [thread 86395] [34.0] [cxt 0] Pipeline 'egress': start
[08:56:13.992] [bmv2] [D] [thread 86395] [34.0] [cxt 0] Pipeline 'egress': end
[08:56:13.992] [bmv2] [D] [thread 86395] [34.0] [cxt 0] Deparser 'deparser': start
[08:56:13.992] [bmv2] [D] [thread 86395] [34.0] [cxt 0] Deparsing header 'ethernet'
[08:56:13.992] [bmv2] [D] [thread 86395] [34.0] [cxt 0] Deparser 'deparser': end
[08:56:13.992] [bmv2] [D] [thread 86399] [33.0] [cxt 0] Transmitting packet of size 211 out of port 0
[08:56:13.992] [bmv2] [D] [thread 86399] [34.0] [cxt 0] Transmitting packet of size 113 out of port 0
[08:56:14.195] [bmv2] [D] [thread 86394] [35.0] [cxt 0] Processing packet received on port 2
[08:56:14.195] [bmv2] [D] [thread 86394] [35.0] [cxt 0] Parser 'parser': start
[08:56:14.195] [bmv2] [D] [thread 86394] [35.0] [cxt 0] Parser 'parser' entering state 'start'
[08:56:14.195] [bmv2] [D] [thread 86394] [35.0] [cxt 0] Extracting header 'ethernet'
[08:56:14.195] [bmv2] [D] [thread 86394] [35.0] [cxt 0] Parser state 'start': key is 86dd
[08:56:14.195] [bmv2] [T] [thread 86394] [35.0] [cxt 0] Bytes parsed: 14
[08:56:14.195] [bmv2] [D] [thread 86394] [35.0] [cxt 0] Parser 'parser': end
[08:56:14.195] [bmv2] [D] [thread 86394] [35.0] [cxt 0] Pipeline 'ingress': start
[08:56:14.196] [bmv2] [T] [thread 86394] [35.0] [cxt 0] switch.p4(147) Condition "hdr.icn.isValid()" (node_2) is false
[08:56:14.196] [bmv2] [T] [thread 86394] [35.0] [cxt 0] switch.p4(164) Condition "hdr.payload.flag == 1" (node_13) is false
[08:56:14.196] [bmv2] [T] [thread 86394] [35.0] [cxt 0] Applying table 'tbl_data_forward_0'
[08:56:14.196] [bmv2] [D] [thread 86394] [35.0] [cxt 0] Looking up key:

[08:56:14.196] [bmv2] [D] [thread 86394] [35.0] [cxt 0] Table 'tbl_data_forward_0': miss
[08:56:14.196] [bmv2] [D] [thread 86394] [35.0] [cxt 0] Action entry is MyIngress.data_forward - 
[08:56:14.196] [bmv2] [T] [thread 86394] [35.0] [cxt 0] Action MyIngress.data_forward
[08:56:14.196] [bmv2] [T] [thread 86394] [35.0] [cxt 0] switch.p4(97) Primitive pit_table.read(egress_port, hdr.payload.content_id)
[08:56:14.196] [bmv2] [T] [thread 86394] [35.0] [cxt 0] Read register 'MyIngress.pit_table' at index 0 read value 0
[08:56:14.196] [bmv2] [T] [thread 86394] [35.0] [cxt 0] switch.p4(98) Primitive standard_metadata.egress_spec = egress_port
[08:56:14.196] [bmv2] [T] [thread 86394] [35.0] [cxt 0] switch.p4(99) Primitive pit_table.write(hdr.payload.content_id, 0)
[08:56:14.196] [bmv2] [T] [thread 86394] [35.0] [cxt 0] Wrote register 'MyIngress.pit_table' at index 0 with value 0
[08:56:14.196] [bmv2] [T] [thread 86394] [35.0] [cxt 0] switch.p4(100) Primitive hdr.ethernet.srcAddr = 0xFFFFFFFFFFFF
[08:56:14.196] [bmv2] [T] [thread 86394] [35.0] [cxt 0] switch.p4(101) Primitive hdr.ethernet.dstAddr = 0xFFFFFFFFFFFF
[08:56:14.196] [bmv2] [T] [thread 86394] [35.0] [cxt 0] switch.p4(102) Primitive hdr.payload.ttl = hdr.payload.ttl - 1
[08:56:14.196] [bmv2] [D] [thread 86394] [35.0] [cxt 0] Pipeline 'ingress': end
[08:56:14.196] [bmv2] [D] [thread 86394] [35.0] [cxt 0] Egress port is 0
[08:56:14.196] [bmv2] [D] [thread 86395] [35.0] [cxt 0] Pipeline 'egress': start
[08:56:14.196] [bmv2] [D] [thread 86395] [35.0] [cxt 0] Pipeline 'egress': end
[08:56:14.196] [bmv2] [D] [thread 86395] [35.0] [cxt 0] Deparser 'deparser': start
[08:56:14.196] [bmv2] [D] [thread 86395] [35.0] [cxt 0] Deparsing header 'ethernet'
[08:56:14.196] [bmv2] [D] [thread 86395] [35.0] [cxt 0] Deparser 'deparser': end
[08:56:14.196] [bmv2] [D] [thread 86399] [35.0] [cxt 0] Transmitting packet of size 199 out of port 0
[08:56:14.334] [bmv2] [W] [thread 86459] [P4Runtime] p4::tmp::P4DeviceConfig is deprecated
[08:56:14.343] [bmv2] [D] [thread 86459] Set default default entry for table 'tbl_switch148': switch148 - 
[08:56:14.343] [bmv2] [D] [thread 86459] Set default default entry for table 'tbl_switch150': switch150 - 
[08:56:14.343] [bmv2] [D] [thread 86459] Set default default entry for table 'tbl_return_content': MyIngress.return_content - 
[08:56:14.343] [bmv2] [D] [thread 86459] Set default default entry for table 'tbl_return_content_0': MyIngress.return_content - 
[08:56:14.343] [bmv2] [D] [thread 86459] Set default default entry for table 'tbl_switch155': switch155 - 
[08:56:14.343] [bmv2] [D] [thread 86459] Set default default entry for table 'tbl_data_forward': MyIngress.data_forward - 
[08:56:14.343] [bmv2] [D] [thread 86459] Set default default entry for table 'tbl_switch159': switch159 - 
[08:56:14.343] [bmv2] [D] [thread 86459] Set default default entry for table 'MyIngress.foward_interest': MyIngress.drop - 
[08:56:14.343] [bmv2] [D] [thread 86459] Set default default entry for table 'tbl_cache_content': MyIngress.cache_content - 
[08:56:14.343] [bmv2] [D] [thread 86459] Set default default entry for table 'tbl_data_forward_0': MyIngress.data_forward - 
[08:56:14.353] [bmv2] [D] [thread 86459] simple_switch target has been notified of a config swap
[08:56:14.353] [bmv2] [D] [thread 86459] Entry 0 added to table 'MyIngress.foward_interest'
[08:56:14.353] [bmv2] [D] [thread 86459] Dumping entry 0
Match key:
* hdr.ethernet.srcAddr: EXACT     080000000111
Action entry: MyIngress.dup_interest - 80000000200,2,

[08:56:14.361] [bmv2] [D] [thread 86394] [36.0] [cxt 0] Processing packet received on port 2
[08:56:14.361] [bmv2] [D] [thread 86394] [36.0] [cxt 0] Parser 'parser': start
[08:56:14.361] [bmv2] [D] [thread 86394] [36.0] [cxt 0] Parser 'parser' entering state 'start'
[08:56:14.361] [bmv2] [D] [thread 86394] [36.0] [cxt 0] Extracting header 'ethernet'
[08:56:14.361] [bmv2] [D] [thread 86394] [36.0] [cxt 0] Parser state 'start': key is 86dd
[08:56:14.361] [bmv2] [T] [thread 86394] [36.0] [cxt 0] Bytes parsed: 14
[08:56:14.361] [bmv2] [D] [thread 86394] [36.0] [cxt 0] Parser 'parser': end
[08:56:14.361] [bmv2] [D] [thread 86394] [36.0] [cxt 0] Pipeline 'ingress': start
[08:56:14.361] [bmv2] [T] [thread 86394] [36.0] [cxt 0] switch.p4(147) Condition "hdr.icn.isValid()" (node_2) is false
[08:56:14.361] [bmv2] [T] [thread 86394] [36.0] [cxt 0] switch.p4(164) Condition "hdr.payload.flag == 1" (node_13) is false
[08:56:14.361] [bmv2] [T] [thread 86394] [36.0] [cxt 0] Applying table 'tbl_data_forward_0'
[08:56:14.361] [bmv2] [D] [thread 86394] [36.0] [cxt 0] Looking up key:

[08:56:14.361] [bmv2] [D] [thread 86394] [36.0] [cxt 0] Table 'tbl_data_forward_0': miss
[08:56:14.361] [bmv2] [D] [thread 86394] [36.0] [cxt 0] Action entry is MyIngress.data_forward - 
[08:56:14.361] [bmv2] [T] [thread 86394] [36.0] [cxt 0] Action MyIngress.data_forward
[08:56:14.361] [bmv2] [T] [thread 86394] [36.0] [cxt 0] switch.p4(97) Primitive pit_table.read(egress_port, hdr.payload.content_id)
[08:56:14.361] [bmv2] [T] [thread 86394] [36.0] [cxt 0] Read register 'MyIngress.pit_table' at index 0 read value 0
[08:56:14.361] [bmv2] [T] [thread 86394] [36.0] [cxt 0] switch.p4(98) Primitive standard_metadata.egress_spec = egress_port
[08:56:14.361] [bmv2] [T] [thread 86394] [36.0] [cxt 0] switch.p4(99) Primitive pit_table.write(hdr.payload.content_id, 0)
[08:56:14.361] [bmv2] [T] [thread 86394] [36.0] [cxt 0] Wrote register 'MyIngress.pit_table' at index 0 with value 0
[08:56:14.361] [bmv2] [T] [thread 86394] [36.0] [cxt 0] switch.p4(100) Primitive hdr.ethernet.srcAddr = 0xFFFFFFFFFFFF
[08:56:14.361] [bmv2] [T] [thread 86394] [36.0] [cxt 0] switch.p4(101) Primitive hdr.ethernet.dstAddr = 0xFFFFFFFFFFFF
[08:56:14.361] [bmv2] [T] [thread 86394] [36.0] [cxt 0] switch.p4(102) Primitive hdr.payload.ttl = hdr.payload.ttl - 1
[08:56:14.361] [bmv2] [D] [thread 86394] [36.0] [cxt 0] Pipeline 'ingress': end
[08:56:14.361] [bmv2] [D] [thread 86394] [36.0] [cxt 0] Egress port is 0
[08:56:14.366] [bmv2] [D] [thread 86395] [36.0] [cxt 0] Pipeline 'egress': start
[08:56:14.366] [bmv2] [D] [thread 86395] [36.0] [cxt 0] Pipeline 'egress': end
[08:56:14.366] [bmv2] [D] [thread 86395] [36.0] [cxt 0] Deparser 'deparser': start
[08:56:14.366] [bmv2] [D] [thread 86395] [36.0] [cxt 0] Deparsing header 'ethernet'
[08:56:14.366] [bmv2] [D] [thread 86395] [36.0] [cxt 0] Deparser 'deparser': end
[08:56:14.366] [bmv2] [D] [thread 86399] [36.0] [cxt 0] Transmitting packet of size 203 out of port 0
[08:56:14.394] [bmv2] [D] [thread 86394] [37.0] [cxt 0] Processing packet received on port 1
[08:56:14.394] [bmv2] [D] [thread 86394] [37.0] [cxt 0] Parser 'parser': start
[08:56:14.394] [bmv2] [D] [thread 86394] [37.0] [cxt 0] Parser 'parser' entering state 'start'
[08:56:14.394] [bmv2] [D] [thread 86394] [37.0] [cxt 0] Extracting header 'ethernet'
[08:56:14.394] [bmv2] [D] [thread 86394] [37.0] [cxt 0] Parser state 'start': key is 86dd
[08:56:14.394] [bmv2] [T] [thread 86394] [37.0] [cxt 0] Bytes parsed: 14
[08:56:14.394] [bmv2] [D] [thread 86394] [37.0] [cxt 0] Parser 'parser': end
[08:56:14.394] [bmv2] [D] [thread 86394] [37.0] [cxt 0] Pipeline 'ingress': start
[08:56:14.394] [bmv2] [T] [thread 86394] [37.0] [cxt 0] switch.p4(147) Condition "hdr.icn.isValid()" (node_2) is false
[08:56:14.394] [bmv2] [T] [thread 86394] [37.0] [cxt 0] switch.p4(164) Condition "hdr.payload.flag == 1" (node_13) is false
[08:56:14.394] [bmv2] [T] [thread 86394] [37.0] [cxt 0] Applying table 'tbl_data_forward_0'
[08:56:14.394] [bmv2] [D] [thread 86394] [37.0] [cxt 0] Looking up key:

[08:56:14.394] [bmv2] [D] [thread 86394] [37.0] [cxt 0] Table 'tbl_data_forward_0': miss
[08:56:14.394] [bmv2] [D] [thread 86394] [37.0] [cxt 0] Action entry is MyIngress.data_forward - 
[08:56:14.394] [bmv2] [T] [thread 86394] [37.0] [cxt 0] Action MyIngress.data_forward
[08:56:14.394] [bmv2] [T] [thread 86394] [37.0] [cxt 0] switch.p4(97) Primitive pit_table.read(egress_port, hdr.payload.content_id)
[08:56:14.394] [bmv2] [T] [thread 86394] [37.0] [cxt 0] Read register 'MyIngress.pit_table' at index 0 read value 0
[08:56:14.394] [bmv2] [T] [thread 86394] [37.0] [cxt 0] switch.p4(98) Primitive standard_metadata.egress_spec = egress_port
[08:56:14.394] [bmv2] [T] [thread 86394] [37.0] [cxt 0] switch.p4(99) Primitive pit_table.write(hdr.payload.content_id, 0)
[08:56:14.394] [bmv2] [T] [thread 86394] [37.0] [cxt 0] Wrote register 'MyIngress.pit_table' at index 0 with value 0
[08:56:14.394] [bmv2] [T] [thread 86394] [37.0] [cxt 0] switch.p4(100) Primitive hdr.ethernet.srcAddr = 0xFFFFFFFFFFFF
[08:56:14.394] [bmv2] [T] [thread 86394] [37.0] [cxt 0] switch.p4(101) Primitive hdr.ethernet.dstAddr = 0xFFFFFFFFFFFF
[08:56:14.394] [bmv2] [T] [thread 86394] [37.0] [cxt 0] switch.p4(102) Primitive hdr.payload.ttl = hdr.payload.ttl - 1
[08:56:14.394] [bmv2] [D] [thread 86394] [37.0] [cxt 0] Pipeline 'ingress': end
[08:56:14.394] [bmv2] [D] [thread 86394] [37.0] [cxt 0] Egress port is 0
[08:56:14.394] [bmv2] [D] [thread 86395] [37.0] [cxt 0] Pipeline 'egress': start
[08:56:14.394] [bmv2] [D] [thread 86395] [37.0] [cxt 0] Pipeline 'egress': end
[08:56:14.394] [bmv2] [D] [thread 86395] [37.0] [cxt 0] Deparser 'deparser': start
[08:56:14.394] [bmv2] [D] [thread 86395] [37.0] [cxt 0] Deparsing header 'ethernet'
[08:56:14.394] [bmv2] [D] [thread 86395] [37.0] [cxt 0] Deparser 'deparser': end
[08:56:14.394] [bmv2] [D] [thread 86399] [37.0] [cxt 0] Transmitting packet of size 199 out of port 0
[08:56:14.550] [bmv2] [D] [thread 86394] [38.0] [cxt 0] Processing packet received on port 2
[08:56:14.550] [bmv2] [D] [thread 86394] [38.0] [cxt 0] Parser 'parser': start
[08:56:14.550] [bmv2] [D] [thread 86394] [38.0] [cxt 0] Parser 'parser' entering state 'start'
[08:56:14.550] [bmv2] [D] [thread 86394] [38.0] [cxt 0] Extracting header 'ethernet'
[08:56:14.550] [bmv2] [D] [thread 86394] [38.0] [cxt 0] Parser state 'start': key is 86dd
[08:56:14.550] [bmv2] [T] [thread 86394] [38.0] [cxt 0] Bytes parsed: 14
[08:56:14.550] [bmv2] [D] [thread 86394] [38.0] [cxt 0] Parser 'parser': end
[08:56:14.550] [bmv2] [D] [thread 86394] [38.0] [cxt 0] Pipeline 'ingress': start
[08:56:14.550] [bmv2] [T] [thread 86394] [38.0] [cxt 0] switch.p4(147) Condition "hdr.icn.isValid()" (node_2) is false
[08:56:14.550] [bmv2] [T] [thread 86394] [38.0] [cxt 0] switch.p4(164) Condition "hdr.payload.flag == 1" (node_13) is false
[08:56:14.550] [bmv2] [T] [thread 86394] [38.0] [cxt 0] Applying table 'tbl_data_forward_0'
[08:56:14.550] [bmv2] [D] [thread 86394] [38.0] [cxt 0] Looking up key:

[08:56:14.550] [bmv2] [D] [thread 86394] [38.0] [cxt 0] Table 'tbl_data_forward_0': miss
[08:56:14.555] [bmv2] [D] [thread 86394] [38.0] [cxt 0] Action entry is MyIngress.data_forward - 
[08:56:14.555] [bmv2] [T] [thread 86394] [38.0] [cxt 0] Action MyIngress.data_forward
[08:56:14.555] [bmv2] [T] [thread 86394] [38.0] [cxt 0] switch.p4(97) Primitive pit_table.read(egress_port, hdr.payload.content_id)
[08:56:14.555] [bmv2] [T] [thread 86394] [38.0] [cxt 0] Read register 'MyIngress.pit_table' at index 0 read value 0
[08:56:14.555] [bmv2] [T] [thread 86394] [38.0] [cxt 0] switch.p4(98) Primitive standard_metadata.egress_spec = egress_port
[08:56:14.555] [bmv2] [T] [thread 86394] [38.0] [cxt 0] switch.p4(99) Primitive pit_table.write(hdr.payload.content_id, 0)
[08:56:14.555] [bmv2] [T] [thread 86394] [38.0] [cxt 0] Wrote register 'MyIngress.pit_table' at index 0 with value 0
[08:56:14.555] [bmv2] [T] [thread 86394] [38.0] [cxt 0] switch.p4(100) Primitive hdr.ethernet.srcAddr = 0xFFFFFFFFFFFF
[08:56:14.555] [bmv2] [T] [thread 86394] [38.0] [cxt 0] switch.p4(101) Primitive hdr.ethernet.dstAddr = 0xFFFFFFFFFFFF
[08:56:14.555] [bmv2] [T] [thread 86394] [38.0] [cxt 0] switch.p4(102) Primitive hdr.payload.ttl = hdr.payload.ttl - 1
[08:56:14.555] [bmv2] [D] [thread 86394] [38.0] [cxt 0] Pipeline 'ingress': end
[08:56:14.555] [bmv2] [D] [thread 86394] [38.0] [cxt 0] Egress port is 0
[08:56:14.555] [bmv2] [D] [thread 86395] [38.0] [cxt 0] Pipeline 'egress': start
[08:56:14.555] [bmv2] [D] [thread 86395] [38.0] [cxt 0] Pipeline 'egress': end
[08:56:14.555] [bmv2] [D] [thread 86395] [38.0] [cxt 0] Deparser 'deparser': start
[08:56:14.555] [bmv2] [D] [thread 86395] [38.0] [cxt 0] Deparsing header 'ethernet'
[08:56:14.555] [bmv2] [D] [thread 86395] [38.0] [cxt 0] Deparser 'deparser': end
[08:56:14.555] [bmv2] [D] [thread 86399] [38.0] [cxt 0] Transmitting packet of size 199 out of port 0
[08:56:15.370] [bmv2] [D] [thread 86394] [39.0] [cxt 0] Processing packet received on port 2
[08:56:15.370] [bmv2] [D] [thread 86394] [39.0] [cxt 0] Parser 'parser': start
[08:56:15.370] [bmv2] [D] [thread 86394] [39.0] [cxt 0] Parser 'parser' entering state 'start'
[08:56:15.370] [bmv2] [D] [thread 86394] [39.0] [cxt 0] Extracting header 'ethernet'
[08:56:15.370] [bmv2] [D] [thread 86394] [39.0] [cxt 0] Parser state 'start': key is 86dd
[08:56:15.370] [bmv2] [T] [thread 86394] [39.0] [cxt 0] Bytes parsed: 14
[08:56:15.370] [bmv2] [D] [thread 86394] [39.0] [cxt 0] Parser 'parser': end
[08:56:15.370] [bmv2] [D] [thread 86394] [39.0] [cxt 0] Pipeline 'ingress': start
[08:56:15.370] [bmv2] [T] [thread 86394] [39.0] [cxt 0] switch.p4(147) Condition "hdr.icn.isValid()" (node_2) is false
[08:56:15.370] [bmv2] [T] [thread 86394] [39.0] [cxt 0] switch.p4(164) Condition "hdr.payload.flag == 1" (node_13) is false
[08:56:15.370] [bmv2] [T] [thread 86394] [39.0] [cxt 0] Applying table 'tbl_data_forward_0'
[08:56:15.370] [bmv2] [D] [thread 86394] [39.0] [cxt 0] Looking up key:

[08:56:15.370] [bmv2] [D] [thread 86394] [39.0] [cxt 0] Table 'tbl_data_forward_0': miss
[08:56:15.370] [bmv2] [D] [thread 86394] [39.0] [cxt 0] Action entry is MyIngress.data_forward - 
[08:56:15.370] [bmv2] [T] [thread 86394] [39.0] [cxt 0] Action MyIngress.data_forward
[08:56:15.371] [bmv2] [T] [thread 86394] [39.0] [cxt 0] switch.p4(97) Primitive pit_table.read(egress_port, hdr.payload.content_id)
[08:56:15.372] [bmv2] [T] [thread 86394] [39.0] [cxt 0] Read register 'MyIngress.pit_table' at index 0 read value 0
[08:56:15.372] [bmv2] [T] [thread 86394] [39.0] [cxt 0] switch.p4(98) Primitive standard_metadata.egress_spec = egress_port
[08:56:15.372] [bmv2] [T] [thread 86394] [39.0] [cxt 0] switch.p4(99) Primitive pit_table.write(hdr.payload.content_id, 0)
[08:56:15.372] [bmv2] [T] [thread 86394] [39.0] [cxt 0] Wrote register 'MyIngress.pit_table' at index 0 with value 0
[08:56:15.372] [bmv2] [T] [thread 86394] [39.0] [cxt 0] switch.p4(100) Primitive hdr.ethernet.srcAddr = 0xFFFFFFFFFFFF
[08:56:15.372] [bmv2] [T] [thread 86394] [39.0] [cxt 0] switch.p4(101) Primitive hdr.ethernet.dstAddr = 0xFFFFFFFFFFFF
[08:56:15.372] [bmv2] [T] [thread 86394] [39.0] [cxt 0] switch.p4(102) Primitive hdr.payload.ttl = hdr.payload.ttl - 1
[08:56:15.372] [bmv2] [D] [thread 86394] [39.0] [cxt 0] Pipeline 'ingress': end
[08:56:15.372] [bmv2] [D] [thread 86394] [39.0] [cxt 0] Egress port is 0
[08:56:15.373] [bmv2] [D] [thread 86395] [39.0] [cxt 0] Pipeline 'egress': start
[08:56:15.373] [bmv2] [D] [thread 86395] [39.0] [cxt 0] Pipeline 'egress': end
[08:56:15.373] [bmv2] [D] [thread 86395] [39.0] [cxt 0] Deparser 'deparser': start
[08:56:15.373] [bmv2] [D] [thread 86395] [39.0] [cxt 0] Deparsing header 'ethernet'
[08:56:15.373] [bmv2] [D] [thread 86395] [39.0] [cxt 0] Deparser 'deparser': end
[08:56:15.373] [bmv2] [D] [thread 86399] [39.0] [cxt 0] Transmitting packet of size 199 out of port 0
[08:56:15.409] [bmv2] [D] [thread 86394] [40.0] [cxt 0] Processing packet received on port 1
[08:56:15.409] [bmv2] [D] [thread 86394] [40.0] [cxt 0] Parser 'parser': start
[08:56:15.409] [bmv2] [D] [thread 86394] [40.0] [cxt 0] Parser 'parser' entering state 'start'
[08:56:15.409] [bmv2] [D] [thread 86394] [40.0] [cxt 0] Extracting header 'ethernet'
[08:56:15.409] [bmv2] [D] [thread 86394] [40.0] [cxt 0] Parser state 'start': key is 86dd
[08:56:15.409] [bmv2] [T] [thread 86394] [40.0] [cxt 0] Bytes parsed: 14
[08:56:15.409] [bmv2] [D] [thread 86394] [40.0] [cxt 0] Parser 'parser': end
[08:56:15.409] [bmv2] [D] [thread 86394] [40.0] [cxt 0] Pipeline 'ingress': start
[08:56:15.409] [bmv2] [T] [thread 86394] [40.0] [cxt 0] switch.p4(147) Condition "hdr.icn.isValid()" (node_2) is false
[08:56:15.409] [bmv2] [T] [thread 86394] [40.0] [cxt 0] switch.p4(164) Condition "hdr.payload.flag == 1" (node_13) is false
[08:56:15.409] [bmv2] [T] [thread 86394] [40.0] [cxt 0] Applying table 'tbl_data_forward_0'
[08:56:15.409] [bmv2] [D] [thread 86394] [40.0] [cxt 0] Looking up key:

[08:56:15.409] [bmv2] [D] [thread 86394] [40.0] [cxt 0] Table 'tbl_data_forward_0': miss
[08:56:15.409] [bmv2] [D] [thread 86394] [40.0] [cxt 0] Action entry is MyIngress.data_forward - 
[08:56:15.409] [bmv2] [T] [thread 86394] [40.0] [cxt 0] Action MyIngress.data_forward
[08:56:15.409] [bmv2] [T] [thread 86394] [40.0] [cxt 0] switch.p4(97) Primitive pit_table.read(egress_port, hdr.payload.content_id)
[08:56:15.409] [bmv2] [T] [thread 86394] [40.0] [cxt 0] Read register 'MyIngress.pit_table' at index 0 read value 0
[08:56:15.409] [bmv2] [T] [thread 86394] [40.0] [cxt 0] switch.p4(98) Primitive standard_metadata.egress_spec = egress_port
[08:56:15.409] [bmv2] [T] [thread 86394] [40.0] [cxt 0] switch.p4(99) Primitive pit_table.write(hdr.payload.content_id, 0)
[08:56:15.409] [bmv2] [T] [thread 86394] [40.0] [cxt 0] Wrote register 'MyIngress.pit_table' at index 0 with value 0
[08:56:15.409] [bmv2] [T] [thread 86394] [40.0] [cxt 0] switch.p4(100) Primitive hdr.ethernet.srcAddr = 0xFFFFFFFFFFFF
[08:56:15.409] [bmv2] [T] [thread 86394] [40.0] [cxt 0] switch.p4(101) Primitive hdr.ethernet.dstAddr = 0xFFFFFFFFFFFF
[08:56:15.409] [bmv2] [T] [thread 86394] [40.0] [cxt 0] switch.p4(102) Primitive hdr.payload.ttl = hdr.payload.ttl - 1
[08:56:15.409] [bmv2] [D] [thread 86394] [40.0] [cxt 0] Pipeline 'ingress': end
[08:56:15.409] [bmv2] [D] [thread 86394] [40.0] [cxt 0] Egress port is 0
[08:56:15.409] [bmv2] [D] [thread 86395] [40.0] [cxt 0] Pipeline 'egress': start
[08:56:15.409] [bmv2] [D] [thread 86395] [40.0] [cxt 0] Pipeline 'egress': end
[08:56:15.409] [bmv2] [D] [thread 86395] [40.0] [cxt 0] Deparser 'deparser': start
[08:56:15.409] [bmv2] [D] [thread 86395] [40.0] [cxt 0] Deparsing header 'ethernet'
[08:56:15.409] [bmv2] [D] [thread 86395] [40.0] [cxt 0] Deparser 'deparser': end
[08:56:15.409] [bmv2] [D] [thread 86399] [40.0] [cxt 0] Transmitting packet of size 203 out of port 0
[08:56:15.569] [bmv2] [D] [thread 86394] [41.0] [cxt 0] Processing packet received on port 2
[08:56:15.569] [bmv2] [D] [thread 86394] [41.0] [cxt 0] Parser 'parser': start
[08:56:15.569] [bmv2] [D] [thread 86394] [41.0] [cxt 0] Parser 'parser' entering state 'start'
[08:56:15.569] [bmv2] [D] [thread 86394] [41.0] [cxt 0] Extracting header 'ethernet'
[08:56:15.569] [bmv2] [D] [thread 86394] [41.0] [cxt 0] Parser state 'start': key is 86dd
[08:56:15.569] [bmv2] [T] [thread 86394] [41.0] [cxt 0] Bytes parsed: 14
[08:56:15.569] [bmv2] [D] [thread 86394] [41.0] [cxt 0] Parser 'parser': end
[08:56:15.569] [bmv2] [D] [thread 86394] [41.0] [cxt 0] Pipeline 'ingress': start
[08:56:15.569] [bmv2] [T] [thread 86394] [41.0] [cxt 0] switch.p4(147) Condition "hdr.icn.isValid()" (node_2) is false
[08:56:15.569] [bmv2] [T] [thread 86394] [41.0] [cxt 0] switch.p4(164) Condition "hdr.payload.flag == 1" (node_13) is false
[08:56:15.569] [bmv2] [T] [thread 86394] [41.0] [cxt 0] Applying table 'tbl_data_forward_0'
[08:56:15.569] [bmv2] [D] [thread 86394] [41.0] [cxt 0] Looking up key:

[08:56:15.569] [bmv2] [D] [thread 86394] [41.0] [cxt 0] Table 'tbl_data_forward_0': miss
[08:56:15.569] [bmv2] [D] [thread 86394] [41.0] [cxt 0] Action entry is MyIngress.data_forward - 
[08:56:15.569] [bmv2] [T] [thread 86394] [41.0] [cxt 0] Action MyIngress.data_forward
[08:56:15.569] [bmv2] [T] [thread 86394] [41.0] [cxt 0] switch.p4(97) Primitive pit_table.read(egress_port, hdr.payload.content_id)
[08:56:15.569] [bmv2] [T] [thread 86394] [41.0] [cxt 0] Read register 'MyIngress.pit_table' at index 0 read value 0
[08:56:15.569] [bmv2] [T] [thread 86394] [41.0] [cxt 0] switch.p4(98) Primitive standard_metadata.egress_spec = egress_port
[08:56:15.569] [bmv2] [T] [thread 86394] [41.0] [cxt 0] switch.p4(99) Primitive pit_table.write(hdr.payload.content_id, 0)
[08:56:15.569] [bmv2] [T] [thread 86394] [41.0] [cxt 0] Wrote register 'MyIngress.pit_table' at index 0 with value 0
[08:56:15.569] [bmv2] [T] [thread 86394] [41.0] [cxt 0] switch.p4(100) Primitive hdr.ethernet.srcAddr = 0xFFFFFFFFFFFF
[08:56:15.569] [bmv2] [T] [thread 86394] [41.0] [cxt 0] switch.p4(101) Primitive hdr.ethernet.dstAddr = 0xFFFFFFFFFFFF
[08:56:15.569] [bmv2] [T] [thread 86394] [41.0] [cxt 0] switch.p4(102) Primitive hdr.payload.ttl = hdr.payload.ttl - 1
[08:56:15.569] [bmv2] [D] [thread 86394] [41.0] [cxt 0] Pipeline 'ingress': end
[08:56:15.569] [bmv2] [D] [thread 86394] [41.0] [cxt 0] Egress port is 0
[08:56:15.569] [bmv2] [D] [thread 86395] [41.0] [cxt 0] Pipeline 'egress': start
[08:56:15.569] [bmv2] [D] [thread 86395] [41.0] [cxt 0] Pipeline 'egress': end
[08:56:15.569] [bmv2] [D] [thread 86395] [41.0] [cxt 0] Deparser 'deparser': start
[08:56:15.569] [bmv2] [D] [thread 86395] [41.0] [cxt 0] Deparsing header 'ethernet'
[08:56:15.569] [bmv2] [D] [thread 86395] [41.0] [cxt 0] Deparser 'deparser': end
[08:56:15.569] [bmv2] [D] [thread 86399] [41.0] [cxt 0] Transmitting packet of size 203 out of port 0
[08:56:16.320] [bmv2] [D] [thread 86394] [42.0] [cxt 0] Processing packet received on port 1
[08:56:16.323] [bmv2] [D] [thread 86394] [42.0] [cxt 0] Parser 'parser': start
[08:56:16.323] [bmv2] [D] [thread 86394] [42.0] [cxt 0] Parser 'parser' entering state 'start'
[08:56:16.326] [bmv2] [D] [thread 86394] [42.0] [cxt 0] Extracting header 'ethernet'
[08:56:16.326] [bmv2] [D] [thread 86394] [42.0] [cxt 0] Parser state 'start': key is 86dd
[08:56:16.326] [bmv2] [T] [thread 86394] [42.0] [cxt 0] Bytes parsed: 14
[08:56:16.326] [bmv2] [D] [thread 86394] [42.0] [cxt 0] Parser 'parser': end
[08:56:16.326] [bmv2] [D] [thread 86394] [42.0] [cxt 0] Pipeline 'ingress': start
[08:56:16.326] [bmv2] [T] [thread 86394] [42.0] [cxt 0] switch.p4(147) Condition "hdr.icn.isValid()" (node_2) is false
[08:56:16.326] [bmv2] [T] [thread 86394] [42.0] [cxt 0] switch.p4(164) Condition "hdr.payload.flag == 1" (node_13) is false
[08:56:16.326] [bmv2] [T] [thread 86394] [42.0] [cxt 0] Applying table 'tbl_data_forward_0'
[08:56:16.326] [bmv2] [D] [thread 86394] [42.0] [cxt 0] Looking up key:

[08:56:16.326] [bmv2] [D] [thread 86394] [42.0] [cxt 0] Table 'tbl_data_forward_0': miss
[08:56:16.327] [bmv2] [D] [thread 86394] [42.0] [cxt 0] Action entry is MyIngress.data_forward - 
[08:56:16.327] [bmv2] [T] [thread 86394] [42.0] [cxt 0] Action MyIngress.data_forward
[08:56:16.327] [bmv2] [T] [thread 86394] [42.0] [cxt 0] switch.p4(97) Primitive pit_table.read(egress_port, hdr.payload.content_id)
[08:56:16.327] [bmv2] [T] [thread 86394] [42.0] [cxt 0] Read register 'MyIngress.pit_table' at index 0 read value 0
[08:56:16.327] [bmv2] [T] [thread 86394] [42.0] [cxt 0] switch.p4(98) Primitive standard_metadata.egress_spec = egress_port
[08:56:16.327] [bmv2] [T] [thread 86394] [42.0] [cxt 0] switch.p4(99) Primitive pit_table.write(hdr.payload.content_id, 0)
[08:56:16.327] [bmv2] [T] [thread 86394] [42.0] [cxt 0] Wrote register 'MyIngress.pit_table' at index 0 with value 0
[08:56:16.327] [bmv2] [T] [thread 86394] [42.0] [cxt 0] switch.p4(100) Primitive hdr.ethernet.srcAddr = 0xFFFFFFFFFFFF
[08:56:16.328] [bmv2] [T] [thread 86394] [42.0] [cxt 0] switch.p4(101) Primitive hdr.ethernet.dstAddr = 0xFFFFFFFFFFFF
[08:56:16.328] [bmv2] [T] [thread 86394] [42.0] [cxt 0] switch.p4(102) Primitive hdr.payload.ttl = hdr.payload.ttl - 1
[08:56:16.328] [bmv2] [D] [thread 86394] [42.0] [cxt 0] Pipeline 'ingress': end
[08:56:16.328] [bmv2] [D] [thread 86394] [42.0] [cxt 0] Egress port is 0
[08:56:16.329] [bmv2] [D] [thread 86395] [42.0] [cxt 0] Pipeline 'egress': start
[08:56:16.329] [bmv2] [D] [thread 86395] [42.0] [cxt 0] Pipeline 'egress': end
[08:56:16.329] [bmv2] [D] [thread 86395] [42.0] [cxt 0] Deparser 'deparser': start
[08:56:16.329] [bmv2] [D] [thread 86395] [42.0] [cxt 0] Deparsing header 'ethernet'
[08:56:16.329] [bmv2] [D] [thread 86395] [42.0] [cxt 0] Deparser 'deparser': end
[08:56:16.329] [bmv2] [D] [thread 86399] [42.0] [cxt 0] Transmitting packet of size 70 out of port 0
[08:56:16.347] [bmv2] [D] [thread 86394] [43.0] [cxt 0] Processing packet received on port 2
[08:56:16.347] [bmv2] [D] [thread 86394] [43.0] [cxt 0] Parser 'parser': start
[08:56:16.347] [bmv2] [D] [thread 86394] [43.0] [cxt 0] Parser 'parser' entering state 'start'
[08:56:16.347] [bmv2] [D] [thread 86394] [43.0] [cxt 0] Extracting header 'ethernet'
[08:56:16.347] [bmv2] [D] [thread 86394] [43.0] [cxt 0] Parser state 'start': key is 86dd
[08:56:16.347] [bmv2] [T] [thread 86394] [43.0] [cxt 0] Bytes parsed: 14
[08:56:16.347] [bmv2] [D] [thread 86394] [43.0] [cxt 0] Parser 'parser': end
[08:56:16.347] [bmv2] [D] [thread 86394] [43.0] [cxt 0] Pipeline 'ingress': start
[08:56:16.347] [bmv2] [T] [thread 86394] [43.0] [cxt 0] switch.p4(147) Condition "hdr.icn.isValid()" (node_2) is false
[08:56:16.347] [bmv2] [T] [thread 86394] [43.0] [cxt 0] switch.p4(164) Condition "hdr.payload.flag == 1" (node_13) is false
[08:56:16.347] [bmv2] [T] [thread 86394] [43.0] [cxt 0] Applying table 'tbl_data_forward_0'
[08:56:16.347] [bmv2] [D] [thread 86394] [43.0] [cxt 0] Looking up key:

[08:56:16.347] [bmv2] [D] [thread 86394] [43.0] [cxt 0] Table 'tbl_data_forward_0': miss
[08:56:16.347] [bmv2] [D] [thread 86394] [43.0] [cxt 0] Action entry is MyIngress.data_forward - 
[08:56:16.347] [bmv2] [T] [thread 86394] [43.0] [cxt 0] Action MyIngress.data_forward
[08:56:16.347] [bmv2] [T] [thread 86394] [43.0] [cxt 0] switch.p4(97) Primitive pit_table.read(egress_port, hdr.payload.content_id)
[08:56:16.347] [bmv2] [T] [thread 86394] [43.0] [cxt 0] Read register 'MyIngress.pit_table' at index 0 read value 0
[08:56:16.347] [bmv2] [T] [thread 86394] [43.0] [cxt 0] switch.p4(98) Primitive standard_metadata.egress_spec = egress_port
[08:56:16.347] [bmv2] [T] [thread 86394] [43.0] [cxt 0] switch.p4(99) Primitive pit_table.write(hdr.payload.content_id, 0)
[08:56:16.347] [bmv2] [T] [thread 86394] [43.0] [cxt 0] Wrote register 'MyIngress.pit_table' at index 0 with value 0
[08:56:16.347] [bmv2] [T] [thread 86394] [43.0] [cxt 0] switch.p4(100) Primitive hdr.ethernet.srcAddr = 0xFFFFFFFFFFFF
[08:56:16.347] [bmv2] [T] [thread 86394] [43.0] [cxt 0] switch.p4(101) Primitive hdr.ethernet.dstAddr = 0xFFFFFFFFFFFF
[08:56:16.347] [bmv2] [T] [thread 86394] [43.0] [cxt 0] switch.p4(102) Primitive hdr.payload.ttl = hdr.payload.ttl - 1
[08:56:16.347] [bmv2] [D] [thread 86394] [43.0] [cxt 0] Pipeline 'ingress': end
[08:56:16.347] [bmv2] [D] [thread 86394] [43.0] [cxt 0] Egress port is 0
[08:56:16.347] [bmv2] [D] [thread 86395] [43.0] [cxt 0] Pipeline 'egress': start
[08:56:16.347] [bmv2] [D] [thread 86395] [43.0] [cxt 0] Pipeline 'egress': end
[08:56:16.347] [bmv2] [D] [thread 86395] [43.0] [cxt 0] Deparser 'deparser': start
[08:56:16.347] [bmv2] [D] [thread 86395] [43.0] [cxt 0] Deparsing header 'ethernet'
[08:56:16.347] [bmv2] [D] [thread 86395] [43.0] [cxt 0] Deparser 'deparser': end
[08:56:16.347] [bmv2] [D] [thread 86399] [43.0] [cxt 0] Transmitting packet of size 203 out of port 0
[08:56:16.379] [bmv2] [D] [thread 86394] [44.0] [cxt 0] Processing packet received on port 2
[08:56:16.379] [bmv2] [D] [thread 86394] [44.0] [cxt 0] Parser 'parser': start
[08:56:16.379] [bmv2] [D] [thread 86394] [44.0] [cxt 0] Parser 'parser' entering state 'start'
[08:56:16.379] [bmv2] [D] [thread 86394] [44.0] [cxt 0] Extracting header 'ethernet'
[08:56:16.379] [bmv2] [D] [thread 86394] [44.0] [cxt 0] Parser state 'start': key is 86dd
[08:56:16.379] [bmv2] [T] [thread 86394] [44.0] [cxt 0] Bytes parsed: 14
[08:56:16.379] [bmv2] [D] [thread 86394] [44.0] [cxt 0] Parser 'parser': end
[08:56:16.379] [bmv2] [D] [thread 86394] [44.0] [cxt 0] Pipeline 'ingress': start
[08:56:16.379] [bmv2] [T] [thread 86394] [44.0] [cxt 0] switch.p4(147) Condition "hdr.icn.isValid()" (node_2) is false
[08:56:16.379] [bmv2] [T] [thread 86394] [44.0] [cxt 0] switch.p4(164) Condition "hdr.payload.flag == 1" (node_13) is false
[08:56:16.379] [bmv2] [T] [thread 86394] [44.0] [cxt 0] Applying table 'tbl_data_forward_0'
[08:56:16.379] [bmv2] [D] [thread 86394] [44.0] [cxt 0] Looking up key:

[08:56:16.379] [bmv2] [D] [thread 86394] [44.0] [cxt 0] Table 'tbl_data_forward_0': miss
[08:56:16.379] [bmv2] [D] [thread 86394] [44.0] [cxt 0] Action entry is MyIngress.data_forward - 
[08:56:16.379] [bmv2] [T] [thread 86394] [44.0] [cxt 0] Action MyIngress.data_forward
[08:56:16.379] [bmv2] [T] [thread 86394] [44.0] [cxt 0] switch.p4(97) Primitive pit_table.read(egress_port, hdr.payload.content_id)
[08:56:16.379] [bmv2] [T] [thread 86394] [44.0] [cxt 0] Read register 'MyIngress.pit_table' at index 0 read value 0
[08:56:16.379] [bmv2] [T] [thread 86394] [44.0] [cxt 0] switch.p4(98) Primitive standard_metadata.egress_spec = egress_port
[08:56:16.379] [bmv2] [T] [thread 86394] [44.0] [cxt 0] switch.p4(99) Primitive pit_table.write(hdr.payload.content_id, 0)
[08:56:16.379] [bmv2] [T] [thread 86394] [44.0] [cxt 0] Wrote register 'MyIngress.pit_table' at index 0 with value 0
[08:56:16.379] [bmv2] [T] [thread 86394] [44.0] [cxt 0] switch.p4(100) Primitive hdr.ethernet.srcAddr = 0xFFFFFFFFFFFF
[08:56:16.379] [bmv2] [T] [thread 86394] [44.0] [cxt 0] switch.p4(101) Primitive hdr.ethernet.dstAddr = 0xFFFFFFFFFFFF
[08:56:16.379] [bmv2] [T] [thread 86394] [44.0] [cxt 0] switch.p4(102) Primitive hdr.payload.ttl = hdr.payload.ttl - 1
[08:56:16.379] [bmv2] [D] [thread 86394] [44.0] [cxt 0] Pipeline 'ingress': end
[08:56:16.379] [bmv2] [D] [thread 86394] [44.0] [cxt 0] Egress port is 0
[08:56:16.379] [bmv2] [D] [thread 86395] [44.0] [cxt 0] Pipeline 'egress': start
[08:56:16.379] [bmv2] [D] [thread 86395] [44.0] [cxt 0] Pipeline 'egress': end
[08:56:16.379] [bmv2] [D] [thread 86395] [44.0] [cxt 0] Deparser 'deparser': start
[08:56:16.379] [bmv2] [D] [thread 86395] [44.0] [cxt 0] Deparsing header 'ethernet'
[08:56:16.379] [bmv2] [D] [thread 86395] [44.0] [cxt 0] Deparser 'deparser': end
[08:56:16.379] [bmv2] [D] [thread 86399] [44.0] [cxt 0] Transmitting packet of size 70 out of port 0
[08:56:16.572] [bmv2] [D] [thread 86394] [45.0] [cxt 0] Processing packet received on port 1
[08:56:16.572] [bmv2] [D] [thread 86394] [45.0] [cxt 0] Parser 'parser': start
[08:56:16.572] [bmv2] [D] [thread 86394] [45.0] [cxt 0] Parser 'parser' entering state 'start'
[08:56:16.572] [bmv2] [D] [thread 86394] [45.0] [cxt 0] Extracting header 'ethernet'
[08:56:16.572] [bmv2] [D] [thread 86394] [45.0] [cxt 0] Parser state 'start': key is 86dd
[08:56:16.572] [bmv2] [T] [thread 86394] [45.0] [cxt 0] Bytes parsed: 14
[08:56:16.572] [bmv2] [D] [thread 86394] [45.0] [cxt 0] Parser 'parser': end
[08:56:16.572] [bmv2] [D] [thread 86394] [45.0] [cxt 0] Pipeline 'ingress': start
[08:56:16.572] [bmv2] [T] [thread 86394] [45.0] [cxt 0] switch.p4(147) Condition "hdr.icn.isValid()" (node_2) is false
[08:56:16.572] [bmv2] [T] [thread 86394] [45.0] [cxt 0] switch.p4(164) Condition "hdr.payload.flag == 1" (node_13) is false
[08:56:16.572] [bmv2] [T] [thread 86394] [45.0] [cxt 0] Applying table 'tbl_data_forward_0'
[08:56:16.572] [bmv2] [D] [thread 86394] [45.0] [cxt 0] Looking up key:

[08:56:16.572] [bmv2] [D] [thread 86394] [45.0] [cxt 0] Table 'tbl_data_forward_0': miss
[08:56:16.572] [bmv2] [D] [thread 86394] [45.0] [cxt 0] Action entry is MyIngress.data_forward - 
[08:56:16.572] [bmv2] [T] [thread 86394] [45.0] [cxt 0] Action MyIngress.data_forward
[08:56:16.572] [bmv2] [T] [thread 86394] [45.0] [cxt 0] switch.p4(97) Primitive pit_table.read(egress_port, hdr.payload.content_id)
[08:56:16.572] [bmv2] [T] [thread 86394] [45.0] [cxt 0] Read register 'MyIngress.pit_table' at index 0 read value 0
[08:56:16.572] [bmv2] [T] [thread 86394] [45.0] [cxt 0] switch.p4(98) Primitive standard_metadata.egress_spec = egress_port
[08:56:16.572] [bmv2] [T] [thread 86394] [45.0] [cxt 0] switch.p4(99) Primitive pit_table.write(hdr.payload.content_id, 0)
[08:56:16.572] [bmv2] [T] [thread 86394] [45.0] [cxt 0] Wrote register 'MyIngress.pit_table' at index 0 with value 0
[08:56:16.572] [bmv2] [T] [thread 86394] [45.0] [cxt 0] switch.p4(100) Primitive hdr.ethernet.srcAddr = 0xFFFFFFFFFFFF
[08:56:16.572] [bmv2] [T] [thread 86394] [45.0] [cxt 0] switch.p4(101) Primitive hdr.ethernet.dstAddr = 0xFFFFFFFFFFFF
[08:56:16.572] [bmv2] [T] [thread 86394] [45.0] [cxt 0] switch.p4(102) Primitive hdr.payload.ttl = hdr.payload.ttl - 1
[08:56:16.572] [bmv2] [D] [thread 86394] [45.0] [cxt 0] Pipeline 'ingress': end
[08:56:16.572] [bmv2] [D] [thread 86394] [45.0] [cxt 0] Egress port is 0
[08:56:16.572] [bmv2] [D] [thread 86395] [45.0] [cxt 0] Pipeline 'egress': start
[08:56:16.572] [bmv2] [D] [thread 86395] [45.0] [cxt 0] Pipeline 'egress': end
[08:56:16.572] [bmv2] [D] [thread 86395] [45.0] [cxt 0] Deparser 'deparser': start
[08:56:16.572] [bmv2] [D] [thread 86395] [45.0] [cxt 0] Deparsing header 'ethernet'
[08:56:16.572] [bmv2] [D] [thread 86395] [45.0] [cxt 0] Deparser 'deparser': end
[08:56:16.572] [bmv2] [D] [thread 86399] [45.0] [cxt 0] Transmitting packet of size 199 out of port 0
[08:56:16.750] [bmv2] [D] [thread 86394] [46.0] [cxt 0] Processing packet received on port 2
[08:56:16.750] [bmv2] [D] [thread 86394] [46.0] [cxt 0] Parser 'parser': start
[08:56:16.750] [bmv2] [D] [thread 86394] [46.0] [cxt 0] Parser 'parser' entering state 'start'
[08:56:16.750] [bmv2] [D] [thread 86394] [46.0] [cxt 0] Extracting header 'ethernet'
[08:56:16.750] [bmv2] [D] [thread 86394] [46.0] [cxt 0] Parser state 'start': key is 86dd
[08:56:16.750] [bmv2] [T] [thread 86394] [46.0] [cxt 0] Bytes parsed: 14
[08:56:16.750] [bmv2] [D] [thread 86394] [46.0] [cxt 0] Parser 'parser': end
[08:56:16.750] [bmv2] [D] [thread 86394] [46.0] [cxt 0] Pipeline 'ingress': start
[08:56:16.750] [bmv2] [T] [thread 86394] [46.0] [cxt 0] switch.p4(147) Condition "hdr.icn.isValid()" (node_2) is false
[08:56:16.750] [bmv2] [T] [thread 86394] [46.0] [cxt 0] switch.p4(164) Condition "hdr.payload.flag == 1" (node_13) is false
[08:56:16.750] [bmv2] [T] [thread 86394] [46.0] [cxt 0] Applying table 'tbl_data_forward_0'
[08:56:16.750] [bmv2] [D] [thread 86394] [46.0] [cxt 0] Looking up key:

[08:56:16.750] [bmv2] [D] [thread 86394] [46.0] [cxt 0] Table 'tbl_data_forward_0': miss
[08:56:16.750] [bmv2] [D] [thread 86394] [46.0] [cxt 0] Action entry is MyIngress.data_forward - 
[08:56:16.750] [bmv2] [T] [thread 86394] [46.0] [cxt 0] Action MyIngress.data_forward
[08:56:16.750] [bmv2] [T] [thread 86394] [46.0] [cxt 0] switch.p4(97) Primitive pit_table.read(egress_port, hdr.payload.content_id)
[08:56:16.750] [bmv2] [T] [thread 86394] [46.0] [cxt 0] Read register 'MyIngress.pit_table' at index 0 read value 0
[08:56:16.750] [bmv2] [T] [thread 86394] [46.0] [cxt 0] switch.p4(98) Primitive standard_metadata.egress_spec = egress_port
[08:56:16.750] [bmv2] [T] [thread 86394] [46.0] [cxt 0] switch.p4(99) Primitive pit_table.write(hdr.payload.content_id, 0)
[08:56:16.750] [bmv2] [T] [thread 86394] [46.0] [cxt 0] Wrote register 'MyIngress.pit_table' at index 0 with value 0
[08:56:16.750] [bmv2] [T] [thread 86394] [46.0] [cxt 0] switch.p4(100) Primitive hdr.ethernet.srcAddr = 0xFFFFFFFFFFFF
[08:56:16.750] [bmv2] [T] [thread 86394] [46.0] [cxt 0] switch.p4(101) Primitive hdr.ethernet.dstAddr = 0xFFFFFFFFFFFF
[08:56:16.750] [bmv2] [T] [thread 86394] [46.0] [cxt 0] switch.p4(102) Primitive hdr.payload.ttl = hdr.payload.ttl - 1
[08:56:16.750] [bmv2] [D] [thread 86394] [46.0] [cxt 0] Pipeline 'ingress': end
[08:56:16.750] [bmv2] [D] [thread 86394] [46.0] [cxt 0] Egress port is 0
[08:56:16.756] [bmv2] [D] [thread 86395] [46.0] [cxt 0] Pipeline 'egress': start
[08:56:16.756] [bmv2] [D] [thread 86395] [46.0] [cxt 0] Pipeline 'egress': end
[08:56:16.756] [bmv2] [D] [thread 86395] [46.0] [cxt 0] Deparser 'deparser': start
[08:56:16.756] [bmv2] [D] [thread 86395] [46.0] [cxt 0] Deparsing header 'ethernet'
[08:56:16.756] [bmv2] [D] [thread 86395] [46.0] [cxt 0] Deparser 'deparser': end
[08:56:16.756] [bmv2] [D] [thread 86399] [46.0] [cxt 0] Transmitting packet of size 199 out of port 0
[08:56:17.407] [bmv2] [D] [thread 86394] [47.0] [cxt 0] Processing packet received on port 2
[08:56:17.407] [bmv2] [D] [thread 86394] [47.0] [cxt 0] Parser 'parser': start
[08:56:17.407] [bmv2] [D] [thread 86394] [47.0] [cxt 0] Parser 'parser' entering state 'start'
[08:56:17.407] [bmv2] [D] [thread 86394] [47.0] [cxt 0] Extracting header 'ethernet'
[08:56:17.407] [bmv2] [D] [thread 86394] [47.0] [cxt 0] Parser state 'start': key is 86dd
[08:56:17.407] [bmv2] [T] [thread 86394] [47.0] [cxt 0] Bytes parsed: 14
[08:56:17.407] [bmv2] [D] [thread 86394] [47.0] [cxt 0] Parser 'parser': end
[08:56:17.407] [bmv2] [D] [thread 86394] [47.0] [cxt 0] Pipeline 'ingress': start
[08:56:17.407] [bmv2] [T] [thread 86394] [47.0] [cxt 0] switch.p4(147) Condition "hdr.icn.isValid()" (node_2) is false
[08:56:17.407] [bmv2] [T] [thread 86394] [47.0] [cxt 0] switch.p4(164) Condition "hdr.payload.flag == 1" (node_13) is false
[08:56:17.407] [bmv2] [T] [thread 86394] [47.0] [cxt 0] Applying table 'tbl_data_forward_0'
[08:56:17.407] [bmv2] [D] [thread 86394] [47.0] [cxt 0] Looking up key:

[08:56:17.407] [bmv2] [D] [thread 86394] [47.0] [cxt 0] Table 'tbl_data_forward_0': miss
[08:56:17.407] [bmv2] [D] [thread 86394] [47.0] [cxt 0] Action entry is MyIngress.data_forward - 
[08:56:17.407] [bmv2] [T] [thread 86394] [47.0] [cxt 0] Action MyIngress.data_forward
[08:56:17.407] [bmv2] [T] [thread 86394] [47.0] [cxt 0] switch.p4(97) Primitive pit_table.read(egress_port, hdr.payload.content_id)
[08:56:17.407] [bmv2] [T] [thread 86394] [47.0] [cxt 0] Read register 'MyIngress.pit_table' at index 0 read value 0
[08:56:17.407] [bmv2] [T] [thread 86394] [47.0] [cxt 0] switch.p4(98) Primitive standard_metadata.egress_spec = egress_port
[08:56:17.407] [bmv2] [T] [thread 86394] [47.0] [cxt 0] switch.p4(99) Primitive pit_table.write(hdr.payload.content_id, 0)
[08:56:17.407] [bmv2] [T] [thread 86394] [47.0] [cxt 0] Wrote register 'MyIngress.pit_table' at index 0 with value 0
[08:56:17.407] [bmv2] [T] [thread 86394] [47.0] [cxt 0] switch.p4(100) Primitive hdr.ethernet.srcAddr = 0xFFFFFFFFFFFF
[08:56:17.407] [bmv2] [T] [thread 86394] [47.0] [cxt 0] switch.p4(101) Primitive hdr.ethernet.dstAddr = 0xFFFFFFFFFFFF
[08:56:17.407] [bmv2] [T] [thread 86394] [47.0] [cxt 0] switch.p4(102) Primitive hdr.payload.ttl = hdr.payload.ttl - 1
[08:56:17.407] [bmv2] [D] [thread 86394] [47.0] [cxt 0] Pipeline 'ingress': end
[08:56:17.407] [bmv2] [D] [thread 86394] [47.0] [cxt 0] Egress port is 0
[08:56:17.407] [bmv2] [D] [thread 86395] [47.0] [cxt 0] Pipeline 'egress': start
[08:56:17.407] [bmv2] [D] [thread 86395] [47.0] [cxt 0] Pipeline 'egress': end
[08:56:17.407] [bmv2] [D] [thread 86395] [47.0] [cxt 0] Deparser 'deparser': start
[08:56:17.407] [bmv2] [D] [thread 86395] [47.0] [cxt 0] Deparsing header 'ethernet'
[08:56:17.407] [bmv2] [D] [thread 86395] [47.0] [cxt 0] Deparser 'deparser': end
[08:56:17.407] [bmv2] [D] [thread 86399] [47.0] [cxt 0] Transmitting packet of size 70 out of port 0
[08:56:17.547] [bmv2] [D] [thread 86394] [48.0] [cxt 0] Processing packet received on port 2
[08:56:17.547] [bmv2] [D] [thread 86394] [48.0] [cxt 0] Parser 'parser': start
[08:56:17.547] [bmv2] [D] [thread 86394] [48.0] [cxt 0] Parser 'parser' entering state 'start'
[08:56:17.547] [bmv2] [D] [thread 86394] [48.0] [cxt 0] Extracting header 'ethernet'
[08:56:17.547] [bmv2] [D] [thread 86394] [48.0] [cxt 0] Parser state 'start': key is 86dd
[08:56:17.547] [bmv2] [T] [thread 86394] [48.0] [cxt 0] Bytes parsed: 14
[08:56:17.547] [bmv2] [D] [thread 86394] [48.0] [cxt 0] Parser 'parser': end
[08:56:17.547] [bmv2] [D] [thread 86394] [48.0] [cxt 0] Pipeline 'ingress': start
[08:56:17.547] [bmv2] [T] [thread 86394] [48.0] [cxt 0] switch.p4(147) Condition "hdr.icn.isValid()" (node_2) is false
[08:56:17.547] [bmv2] [T] [thread 86394] [48.0] [cxt 0] switch.p4(164) Condition "hdr.payload.flag == 1" (node_13) is false
[08:56:17.547] [bmv2] [T] [thread 86394] [48.0] [cxt 0] Applying table 'tbl_data_forward_0'
[08:56:17.547] [bmv2] [D] [thread 86394] [48.0] [cxt 0] Looking up key:

[08:56:17.547] [bmv2] [D] [thread 86394] [48.0] [cxt 0] Table 'tbl_data_forward_0': miss
[08:56:17.547] [bmv2] [D] [thread 86394] [48.0] [cxt 0] Action entry is MyIngress.data_forward - 
[08:56:17.547] [bmv2] [T] [thread 86394] [48.0] [cxt 0] Action MyIngress.data_forward
[08:56:17.547] [bmv2] [T] [thread 86394] [48.0] [cxt 0] switch.p4(97) Primitive pit_table.read(egress_port, hdr.payload.content_id)
[08:56:17.547] [bmv2] [T] [thread 86394] [48.0] [cxt 0] Read register 'MyIngress.pit_table' at index 0 read value 0
[08:56:17.547] [bmv2] [T] [thread 86394] [48.0] [cxt 0] switch.p4(98) Primitive standard_metadata.egress_spec = egress_port
[08:56:17.547] [bmv2] [T] [thread 86394] [48.0] [cxt 0] switch.p4(99) Primitive pit_table.write(hdr.payload.content_id, 0)
[08:56:17.547] [bmv2] [T] [thread 86394] [48.0] [cxt 0] Wrote register 'MyIngress.pit_table' at index 0 with value 0
[08:56:17.547] [bmv2] [T] [thread 86394] [48.0] [cxt 0] switch.p4(100) Primitive hdr.ethernet.srcAddr = 0xFFFFFFFFFFFF
[08:56:17.547] [bmv2] [T] [thread 86394] [48.0] [cxt 0] switch.p4(101) Primitive hdr.ethernet.dstAddr = 0xFFFFFFFFFFFF
[08:56:17.547] [bmv2] [T] [thread 86394] [48.0] [cxt 0] switch.p4(102) Primitive hdr.payload.ttl = hdr.payload.ttl - 1
[08:56:17.547] [bmv2] [D] [thread 86394] [48.0] [cxt 0] Pipeline 'ingress': end
[08:56:17.547] [bmv2] [D] [thread 86394] [48.0] [cxt 0] Egress port is 0
[08:56:17.547] [bmv2] [D] [thread 86395] [48.0] [cxt 0] Pipeline 'egress': start
[08:56:17.547] [bmv2] [D] [thread 86395] [48.0] [cxt 0] Pipeline 'egress': end
[08:56:17.547] [bmv2] [D] [thread 86395] [48.0] [cxt 0] Deparser 'deparser': start
[08:56:17.547] [bmv2] [D] [thread 86395] [48.0] [cxt 0] Deparsing header 'ethernet'
[08:56:17.547] [bmv2] [D] [thread 86395] [48.0] [cxt 0] Deparser 'deparser': end
[08:56:17.547] [bmv2] [D] [thread 86399] [48.0] [cxt 0] Transmitting packet of size 199 out of port 0
[08:56:17.719] [bmv2] [D] [thread 86394] [49.0] [cxt 0] Processing packet received on port 1
[08:56:17.719] [bmv2] [D] [thread 86394] [49.0] [cxt 0] Parser 'parser': start
[08:56:17.719] [bmv2] [D] [thread 86394] [49.0] [cxt 0] Parser 'parser' entering state 'start'
[08:56:17.719] [bmv2] [D] [thread 86394] [49.0] [cxt 0] Extracting header 'ethernet'
[08:56:17.719] [bmv2] [D] [thread 86394] [49.0] [cxt 0] Parser state 'start': key is 88b5
[08:56:17.719] [bmv2] [T] [thread 86394] [49.0] [cxt 0] Bytes parsed: 14
[08:56:17.720] [bmv2] [D] [thread 86394] [49.0] [cxt 0] Parser 'parser' entering state 'parse_icn'
[08:56:17.720] [bmv2] [D] [thread 86394] [49.0] [cxt 0] Extracting header 'icn'
[08:56:17.720] [bmv2] [D] [thread 86394] [49.0] [cxt 0] Parser state 'parse_icn' has no switch, going to default next state
[08:56:17.720] [bmv2] [T] [thread 86394] [49.0] [cxt 0] Bytes parsed: 22
[08:56:17.720] [bmv2] [D] [thread 86394] [49.0] [cxt 0] Parser 'parser': end
[08:56:17.721] [bmv2] [D] [thread 86394] [49.0] [cxt 0] Pipeline 'ingress': start
[08:56:17.721] [bmv2] [T] [thread 86394] [49.0] [cxt 0] switch.p4(147) Condition "hdr.icn.isValid()" (node_2) is true
[08:56:17.721] [bmv2] [T] [thread 86394] [49.0] [cxt 0] Applying table 'tbl_switch148'
[08:56:17.721] [bmv2] [D] [thread 86394] [49.0] [cxt 0] Looking up key:

[08:56:17.722] [bmv2] [D] [thread 86394] [49.0] [cxt 0] Table 'tbl_switch148': miss
[08:56:17.722] [bmv2] [D] [thread 86394] [49.0] [cxt 0] Action entry is switch148 - 
[08:56:17.722] [bmv2] [T] [thread 86394] [49.0] [cxt 0] Action switch148
[08:56:17.722] [bmv2] [T] [thread 86394] [49.0] [cxt 0] switch.p4(148) Primitive content_cache.read(cached_data, hdr.icn.content_id)
[08:56:17.722] [bmv2] [T] [thread 86394] [49.0] [cxt 0] Read register 'MyIngress.content_cache' at index 1 read value 0
[08:56:17.722] [bmv2] [T] [thread 86394] [49.0] [cxt 0] switch.p4(149) Condition "cached_data != 0" (node_4) is false
[08:56:17.722] [bmv2] [T] [thread 86394] [49.0] [cxt 0] Applying table 'tbl_switch159'
[08:56:17.722] [bmv2] [D] [thread 86394] [49.0] [cxt 0] Looking up key:

[08:56:17.722] [bmv2] [D] [thread 86394] [49.0] [cxt 0] Table 'tbl_switch159': miss
[08:56:17.722] [bmv2] [D] [thread 86394] [49.0] [cxt 0] Action entry is switch159 - 
[08:56:17.722] [bmv2] [T] [thread 86394] [49.0] [cxt 0] Action switch159
[08:56:17.722] [bmv2] [T] [thread 86394] [49.0] [cxt 0] switch.p4(159) Primitive hdr.icn.flag = 0
[08:56:17.722] [bmv2] [T] [thread 86394] [49.0] [cxt 0] switch.p4(160) Primitive pit_table.write(hdr.icn.content_id, standard_metadata.ingress_port)
[08:56:17.723] [bmv2] [T] [thread 86394] [49.0] [cxt 0] Wrote register 'MyIngress.pit_table' at index 1 with value 1
[08:56:17.723] [bmv2] [T] [thread 86394] [49.0] [cxt 0] Applying table 'MyIngress.foward_interest'
[08:56:17.723] [bmv2] [D] [thread 86394] [49.0] [cxt 0] Looking up key:
* hdr.ethernet.srcAddr: 080000000111

[08:56:17.723] [bmv2] [D] [thread 86394] [49.0] [cxt 0] Table 'MyIngress.foward_interest': hit with handle 0
[08:56:17.723] [bmv2] [D] [thread 86394] [49.0] [cxt 0] Dumping entry 0
Match key:
* hdr.ethernet.srcAddr: EXACT     080000000111
Action entry: MyIngress.dup_interest - 80000000200,2,

[08:56:17.723] [bmv2] [D] [thread 86394] [49.0] [cxt 0] Action entry is MyIngress.dup_interest - 80000000200,2,
[08:56:17.723] [bmv2] [T] [thread 86394] [49.0] [cxt 0] Action MyIngress.dup_interest
[08:56:17.723] [bmv2] [T] [thread 86394] [49.0] [cxt 0] switch.p4(124) Primitive standard_metadata.egress_spec = port
[08:56:17.723] [bmv2] [T] [thread 86394] [49.0] [cxt 0] switch.p4(125) Primitive hdr.ethernet.srcAddr = hdr.ethernet.dstAddr
[08:56:17.723] [bmv2] [T] [thread 86394] [49.0] [cxt 0] switch.p4(126) Primitive hdr.ethernet.dstAddr = dstAddr
[08:56:17.723] [bmv2] [T] [thread 86394] [49.0] [cxt 0] switch.p4(128) Primitive hdr.icn.hop_count = hdr.icn.hop_count - 1
[08:56:17.723] [bmv2] [D] [thread 86394] [49.0] [cxt 0] Pipeline 'ingress': end
[08:56:17.723] [bmv2] [D] [thread 86394] [49.0] [cxt 0] Egress port is 2
[08:56:17.723] [bmv2] [D] [thread 86397] [49.0] [cxt 0] Pipeline 'egress': start
[08:56:17.723] [bmv2] [D] [thread 86397] [49.0] [cxt 0] Pipeline 'egress': end
[08:56:17.723] [bmv2] [D] [thread 86397] [49.0] [cxt 0] Deparser 'deparser': start
[08:56:17.723] [bmv2] [D] [thread 86397] [49.0] [cxt 0] Deparsing header 'ethernet'
[08:56:17.723] [bmv2] [D] [thread 86397] [49.0] [cxt 0] Deparsing header 'icn'
[08:56:17.723] [bmv2] [D] [thread 86397] [49.0] [cxt 0] Deparser 'deparser': end
[08:56:17.723] [bmv2] [D] [thread 86399] [49.0] [cxt 0] Transmitting packet of size 22 out of port 2
[08:56:17.763] [bmv2] [D] [thread 86394] [50.0] [cxt 0] Processing packet received on port 2
[08:56:17.763] [bmv2] [D] [thread 86394] [50.0] [cxt 0] Parser 'parser': start
[08:56:17.763] [bmv2] [D] [thread 86394] [50.0] [cxt 0] Parser 'parser' entering state 'start'
[08:56:17.763] [bmv2] [D] [thread 86394] [50.0] [cxt 0] Extracting header 'ethernet'
[08:56:17.763] [bmv2] [D] [thread 86394] [50.0] [cxt 0] Parser state 'start': key is 88b6
[08:56:17.763] [bmv2] [T] [thread 86394] [50.0] [cxt 0] Bytes parsed: 14
[08:56:17.763] [bmv2] [D] [thread 86394] [50.0] [cxt 0] Parser 'parser' entering state 'parse_payload'
[08:56:17.763] [bmv2] [D] [thread 86394] [50.0] [cxt 0] Extracting header 'payload'
[08:56:17.763] [bmv2] [D] [thread 86394] [50.0] [cxt 0] Parser state 'parse_payload' has no switch, going to default next state
[08:56:17.763] [bmv2] [T] [thread 86394] [50.0] [cxt 0] Bytes parsed: 276
[08:56:17.763] [bmv2] [D] [thread 86394] [50.0] [cxt 0] Parser 'parser': end
[08:56:17.763] [bmv2] [D] [thread 86394] [50.0] [cxt 0] Pipeline 'ingress': start
[08:56:17.763] [bmv2] [T] [thread 86394] [50.0] [cxt 0] switch.p4(147) Condition "hdr.icn.isValid()" (node_2) is false
[08:56:17.763] [bmv2] [T] [thread 86394] [50.0] [cxt 0] switch.p4(164) Condition "hdr.payload.flag == 1" (node_13) is false
[08:56:17.763] [bmv2] [T] [thread 86394] [50.0] [cxt 0] Applying table 'tbl_data_forward_0'
[08:56:17.763] [bmv2] [D] [thread 86394] [50.0] [cxt 0] Looking up key:

[08:56:17.763] [bmv2] [D] [thread 86394] [50.0] [cxt 0] Table 'tbl_data_forward_0': miss
[08:56:17.763] [bmv2] [D] [thread 86394] [50.0] [cxt 0] Action entry is MyIngress.data_forward - 
[08:56:17.763] [bmv2] [T] [thread 86394] [50.0] [cxt 0] Action MyIngress.data_forward
[08:56:17.763] [bmv2] [T] [thread 86394] [50.0] [cxt 0] switch.p4(97) Primitive pit_table.read(egress_port, hdr.payload.content_id)
[08:56:17.763] [bmv2] [T] [thread 86394] [50.0] [cxt 0] Read register 'MyIngress.pit_table' at index 1 read value 1
[08:56:17.763] [bmv2] [T] [thread 86394] [50.0] [cxt 0] switch.p4(98) Primitive standard_metadata.egress_spec = egress_port
[08:56:17.763] [bmv2] [T] [thread 86394] [50.0] [cxt 0] switch.p4(99) Primitive pit_table.write(hdr.payload.content_id, 0)
[08:56:17.763] [bmv2] [T] [thread 86394] [50.0] [cxt 0] Wrote register 'MyIngress.pit_table' at index 1 with value 0
[08:56:17.763] [bmv2] [T] [thread 86394] [50.0] [cxt 0] switch.p4(100) Primitive hdr.ethernet.srcAddr = 0xFFFFFFFFFFFF
[08:56:17.763] [bmv2] [T] [thread 86394] [50.0] [cxt 0] switch.p4(101) Primitive hdr.ethernet.dstAddr = 0xFFFFFFFFFFFF
[08:56:17.763] [bmv2] [T] [thread 86394] [50.0] [cxt 0] switch.p4(102) Primitive hdr.payload.ttl = hdr.payload.ttl - 1
[08:56:17.763] [bmv2] [D] [thread 86394] [50.0] [cxt 0] Pipeline 'ingress': end
[08:56:17.763] [bmv2] [D] [thread 86394] [50.0] [cxt 0] Egress port is 1
[08:56:17.763] [bmv2] [D] [thread 86396] [50.0] [cxt 0] Pipeline 'egress': start
[08:56:17.763] [bmv2] [D] [thread 86396] [50.0] [cxt 0] Pipeline 'egress': end
[08:56:17.763] [bmv2] [D] [thread 86396] [50.0] [cxt 0] Deparser 'deparser': start
[08:56:17.763] [bmv2] [D] [thread 86396] [50.0] [cxt 0] Deparsing header 'ethernet'
[08:56:17.763] [bmv2] [D] [thread 86396] [50.0] [cxt 0] Deparsing header 'payload'
[08:56:17.763] [bmv2] [D] [thread 86396] [50.0] [cxt 0] Deparser 'deparser': end
[08:56:17.763] [bmv2] [D] [thread 86399] [50.0] [cxt 0] Transmitting packet of size 276 out of port 1
[08:56:18.686] [bmv2] [D] [thread 86394] [51.0] [cxt 0] Processing packet received on port 1
[08:56:18.686] [bmv2] [D] [thread 86394] [51.0] [cxt 0] Parser 'parser': start
[08:56:18.686] [bmv2] [D] [thread 86394] [51.0] [cxt 0] Parser 'parser' entering state 'start'
[08:56:18.686] [bmv2] [D] [thread 86394] [51.0] [cxt 0] Extracting header 'ethernet'
[08:56:18.686] [bmv2] [D] [thread 86394] [51.0] [cxt 0] Parser state 'start': key is 88b5
[08:56:18.686] [bmv2] [T] [thread 86394] [51.0] [cxt 0] Bytes parsed: 14
[08:56:18.686] [bmv2] [D] [thread 86394] [51.0] [cxt 0] Parser 'parser' entering state 'parse_icn'
[08:56:18.686] [bmv2] [D] [thread 86394] [51.0] [cxt 0] Extracting header 'icn'
[08:56:18.686] [bmv2] [D] [thread 86394] [51.0] [cxt 0] Parser state 'parse_icn' has no switch, going to default next state
[08:56:18.686] [bmv2] [T] [thread 86394] [51.0] [cxt 0] Bytes parsed: 22
[08:56:18.686] [bmv2] [D] [thread 86394] [51.0] [cxt 0] Parser 'parser': end
[08:56:18.686] [bmv2] [D] [thread 86394] [51.0] [cxt 0] Pipeline 'ingress': start
[08:56:18.686] [bmv2] [T] [thread 86394] [51.0] [cxt 0] switch.p4(147) Condition "hdr.icn.isValid()" (node_2) is true
[08:56:18.686] [bmv2] [T] [thread 86394] [51.0] [cxt 0] Applying table 'tbl_switch148'
[08:56:18.686] [bmv2] [D] [thread 86394] [51.0] [cxt 0] Looking up key:

[08:56:18.695] [bmv2] [D] [thread 86394] [51.0] [cxt 0] Table 'tbl_switch148': miss
[08:56:18.695] [bmv2] [D] [thread 86394] [51.0] [cxt 0] Action entry is switch148 - 
[08:56:18.695] [bmv2] [T] [thread 86394] [51.0] [cxt 0] Action switch148
[08:56:18.695] [bmv2] [T] [thread 86394] [51.0] [cxt 0] switch.p4(148) Primitive content_cache.read(cached_data, hdr.icn.content_id)
[08:56:18.695] [bmv2] [T] [thread 86394] [51.0] [cxt 0] Read register 'MyIngress.content_cache' at index 1 read value 0
[08:56:18.695] [bmv2] [T] [thread 86394] [51.0] [cxt 0] switch.p4(149) Condition "cached_data != 0" (node_4) is false
[08:56:18.695] [bmv2] [T] [thread 86394] [51.0] [cxt 0] Applying table 'tbl_switch159'
[08:56:18.695] [bmv2] [D] [thread 86394] [51.0] [cxt 0] Looking up key:

[08:56:18.695] [bmv2] [D] [thread 86394] [51.0] [cxt 0] Table 'tbl_switch159': miss
[08:56:18.695] [bmv2] [D] [thread 86394] [51.0] [cxt 0] Action entry is switch159 - 
[08:56:18.695] [bmv2] [T] [thread 86394] [51.0] [cxt 0] Action switch159
[08:56:18.695] [bmv2] [T] [thread 86394] [51.0] [cxt 0] switch.p4(159) Primitive hdr.icn.flag = 0
[08:56:18.695] [bmv2] [T] [thread 86394] [51.0] [cxt 0] switch.p4(160) Primitive pit_table.write(hdr.icn.content_id, standard_metadata.ingress_port)
[08:56:18.695] [bmv2] [T] [thread 86394] [51.0] [cxt 0] Wrote register 'MyIngress.pit_table' at index 1 with value 1
[08:56:18.695] [bmv2] [T] [thread 86394] [51.0] [cxt 0] Applying table 'MyIngress.foward_interest'
[08:56:18.695] [bmv2] [D] [thread 86394] [51.0] [cxt 0] Looking up key:
* hdr.ethernet.srcAddr: 080000000111

[08:56:18.695] [bmv2] [D] [thread 86394] [51.0] [cxt 0] Table 'MyIngress.foward_interest': hit with handle 0
[08:56:18.695] [bmv2] [D] [thread 86394] [51.0] [cxt 0] Dumping entry 0
Match key:
* hdr.ethernet.srcAddr: EXACT     080000000111
Action entry: MyIngress.dup_interest - 80000000200,2,

[08:56:18.695] [bmv2] [D] [thread 86394] [51.0] [cxt 0] Action entry is MyIngress.dup_interest - 80000000200,2,
[08:56:18.695] [bmv2] [T] [thread 86394] [51.0] [cxt 0] Action MyIngress.dup_interest
[08:56:18.695] [bmv2] [T] [thread 86394] [51.0] [cxt 0] switch.p4(124) Primitive standard_metadata.egress_spec = port
[08:56:18.695] [bmv2] [T] [thread 86394] [51.0] [cxt 0] switch.p4(125) Primitive hdr.ethernet.srcAddr = hdr.ethernet.dstAddr
[08:56:18.695] [bmv2] [T] [thread 86394] [51.0] [cxt 0] switch.p4(126) Primitive hdr.ethernet.dstAddr = dstAddr
[08:56:18.695] [bmv2] [T] [thread 86394] [51.0] [cxt 0] switch.p4(128) Primitive hdr.icn.hop_count = hdr.icn.hop_count - 1
[08:56:18.695] [bmv2] [D] [thread 86394] [51.0] [cxt 0] Pipeline 'ingress': end
[08:56:18.695] [bmv2] [D] [thread 86394] [51.0] [cxt 0] Egress port is 2
[08:56:18.695] [bmv2] [D] [thread 86397] [51.0] [cxt 0] Pipeline 'egress': start
[08:56:18.695] [bmv2] [D] [thread 86397] [51.0] [cxt 0] Pipeline 'egress': end
[08:56:18.695] [bmv2] [D] [thread 86397] [51.0] [cxt 0] Deparser 'deparser': start
[08:56:18.695] [bmv2] [D] [thread 86397] [51.0] [cxt 0] Deparsing header 'ethernet'
[08:56:18.695] [bmv2] [D] [thread 86397] [51.0] [cxt 0] Deparsing header 'icn'
[08:56:18.695] [bmv2] [D] [thread 86397] [51.0] [cxt 0] Deparser 'deparser': end
[08:56:18.695] [bmv2] [D] [thread 86399] [51.0] [cxt 0] Transmitting packet of size 22 out of port 2
[08:56:18.700] [bmv2] [D] [thread 86394] [52.0] [cxt 0] Processing packet received on port 2
[08:56:18.700] [bmv2] [D] [thread 86394] [52.0] [cxt 0] Parser 'parser': start
[08:56:18.700] [bmv2] [D] [thread 86394] [52.0] [cxt 0] Parser 'parser' entering state 'start'
[08:56:18.700] [bmv2] [D] [thread 86394] [52.0] [cxt 0] Extracting header 'ethernet'
[08:56:18.700] [bmv2] [D] [thread 86394] [52.0] [cxt 0] Parser state 'start': key is 88b6
[08:56:18.700] [bmv2] [T] [thread 86394] [52.0] [cxt 0] Bytes parsed: 14
[08:56:18.700] [bmv2] [D] [thread 86394] [52.0] [cxt 0] Parser 'parser' entering state 'parse_payload'
[08:56:18.700] [bmv2] [D] [thread 86394] [52.0] [cxt 0] Extracting header 'payload'
[08:56:18.700] [bmv2] [D] [thread 86394] [52.0] [cxt 0] Parser state 'parse_payload' has no switch, going to default next state
[08:56:18.700] [bmv2] [T] [thread 86394] [52.0] [cxt 0] Bytes parsed: 276
[08:56:18.700] [bmv2] [D] [thread 86394] [52.0] [cxt 0] Parser 'parser': end
[08:56:18.700] [bmv2] [D] [thread 86394] [52.0] [cxt 0] Pipeline 'ingress': start
[08:56:18.700] [bmv2] [T] [thread 86394] [52.0] [cxt 0] switch.p4(147) Condition "hdr.icn.isValid()" (node_2) is false
[08:56:18.700] [bmv2] [T] [thread 86394] [52.0] [cxt 0] switch.p4(164) Condition "hdr.payload.flag == 1" (node_13) is false
[08:56:18.700] [bmv2] [T] [thread 86394] [52.0] [cxt 0] Applying table 'tbl_data_forward_0'
[08:56:18.700] [bmv2] [D] [thread 86394] [52.0] [cxt 0] Looking up key:

[08:56:18.700] [bmv2] [D] [thread 86394] [52.0] [cxt 0] Table 'tbl_data_forward_0': miss
[08:56:18.700] [bmv2] [D] [thread 86394] [52.0] [cxt 0] Action entry is MyIngress.data_forward - 
[08:56:18.700] [bmv2] [T] [thread 86394] [52.0] [cxt 0] Action MyIngress.data_forward
[08:56:18.700] [bmv2] [T] [thread 86394] [52.0] [cxt 0] switch.p4(97) Primitive pit_table.read(egress_port, hdr.payload.content_id)
[08:56:18.700] [bmv2] [T] [thread 86394] [52.0] [cxt 0] Read register 'MyIngress.pit_table' at index 1 read value 1
[08:56:18.700] [bmv2] [T] [thread 86394] [52.0] [cxt 0] switch.p4(98) Primitive standard_metadata.egress_spec = egress_port
[08:56:18.700] [bmv2] [T] [thread 86394] [52.0] [cxt 0] switch.p4(99) Primitive pit_table.write(hdr.payload.content_id, 0)
[08:56:18.700] [bmv2] [T] [thread 86394] [52.0] [cxt 0] Wrote register 'MyIngress.pit_table' at index 1 with value 0
[08:56:18.700] [bmv2] [T] [thread 86394] [52.0] [cxt 0] switch.p4(100) Primitive hdr.ethernet.srcAddr = 0xFFFFFFFFFFFF
[08:56:18.700] [bmv2] [T] [thread 86394] [52.0] [cxt 0] switch.p4(101) Primitive hdr.ethernet.dstAddr = 0xFFFFFFFFFFFF
[08:56:18.700] [bmv2] [T] [thread 86394] [52.0] [cxt 0] switch.p4(102) Primitive hdr.payload.ttl = hdr.payload.ttl - 1
[08:56:18.700] [bmv2] [D] [thread 86394] [52.0] [cxt 0] Pipeline 'ingress': end
[08:56:18.700] [bmv2] [D] [thread 86394] [52.0] [cxt 0] Egress port is 1
[08:56:18.700] [bmv2] [D] [thread 86396] [52.0] [cxt 0] Pipeline 'egress': start
[08:56:18.700] [bmv2] [D] [thread 86396] [52.0] [cxt 0] Pipeline 'egress': end
[08:56:18.700] [bmv2] [D] [thread 86396] [52.0] [cxt 0] Deparser 'deparser': start
[08:56:18.700] [bmv2] [D] [thread 86396] [52.0] [cxt 0] Deparsing header 'ethernet'
[08:56:18.700] [bmv2] [D] [thread 86396] [52.0] [cxt 0] Deparsing header 'payload'
[08:56:18.700] [bmv2] [D] [thread 86396] [52.0] [cxt 0] Deparser 'deparser': end
[08:56:18.700] [bmv2] [D] [thread 86399] [52.0] [cxt 0] Transmitting packet of size 276 out of port 1
[08:56:19.406] [bmv2] [D] [thread 86394] [53.0] [cxt 0] Processing packet received on port 1
[08:56:19.406] [bmv2] [D] [thread 86394] [53.0] [cxt 0] Parser 'parser': start
[08:56:19.406] [bmv2] [D] [thread 86394] [53.0] [cxt 0] Parser 'parser' entering state 'start'
[08:56:19.406] [bmv2] [D] [thread 86394] [53.0] [cxt 0] Extracting header 'ethernet'
[08:56:19.406] [bmv2] [D] [thread 86394] [53.0] [cxt 0] Parser state 'start': key is 86dd
[08:56:19.406] [bmv2] [T] [thread 86394] [53.0] [cxt 0] Bytes parsed: 14
[08:56:19.406] [bmv2] [D] [thread 86394] [53.0] [cxt 0] Parser 'parser': end
[08:56:19.406] [bmv2] [D] [thread 86394] [53.0] [cxt 0] Pipeline 'ingress': start
[08:56:19.406] [bmv2] [T] [thread 86394] [53.0] [cxt 0] switch.p4(147) Condition "hdr.icn.isValid()" (node_2) is false
[08:56:19.406] [bmv2] [T] [thread 86394] [53.0] [cxt 0] switch.p4(164) Condition "hdr.payload.flag == 1" (node_13) is false
[08:56:19.406] [bmv2] [T] [thread 86394] [53.0] [cxt 0] Applying table 'tbl_data_forward_0'
[08:56:19.406] [bmv2] [D] [thread 86394] [53.0] [cxt 0] Looking up key:

[08:56:19.406] [bmv2] [D] [thread 86394] [53.0] [cxt 0] Table 'tbl_data_forward_0': miss
[08:56:19.406] [bmv2] [D] [thread 86394] [53.0] [cxt 0] Action entry is MyIngress.data_forward - 
[08:56:19.406] [bmv2] [T] [thread 86394] [53.0] [cxt 0] Action MyIngress.data_forward
[08:56:19.406] [bmv2] [T] [thread 86394] [53.0] [cxt 0] switch.p4(97) Primitive pit_table.read(egress_port, hdr.payload.content_id)
[08:56:19.406] [bmv2] [T] [thread 86394] [53.0] [cxt 0] Read register 'MyIngress.pit_table' at index 1 read value 0
[08:56:19.406] [bmv2] [T] [thread 86394] [53.0] [cxt 0] switch.p4(98) Primitive standard_metadata.egress_spec = egress_port
[08:56:19.406] [bmv2] [T] [thread 86394] [53.0] [cxt 0] switch.p4(99) Primitive pit_table.write(hdr.payload.content_id, 0)
[08:56:19.406] [bmv2] [T] [thread 86394] [53.0] [cxt 0] Wrote register 'MyIngress.pit_table' at index 1 with value 0
[08:56:19.406] [bmv2] [T] [thread 86394] [53.0] [cxt 0] switch.p4(100) Primitive hdr.ethernet.srcAddr = 0xFFFFFFFFFFFF
[08:56:19.406] [bmv2] [T] [thread 86394] [53.0] [cxt 0] switch.p4(101) Primitive hdr.ethernet.dstAddr = 0xFFFFFFFFFFFF
[08:56:19.406] [bmv2] [T] [thread 86394] [53.0] [cxt 0] switch.p4(102) Primitive hdr.payload.ttl = hdr.payload.ttl - 1
[08:56:19.406] [bmv2] [D] [thread 86394] [53.0] [cxt 0] Pipeline 'ingress': end
[08:56:19.406] [bmv2] [D] [thread 86394] [53.0] [cxt 0] Egress port is 0
[08:56:19.406] [bmv2] [D] [thread 86395] [53.0] [cxt 0] Pipeline 'egress': start
[08:56:19.406] [bmv2] [D] [thread 86395] [53.0] [cxt 0] Pipeline 'egress': end
[08:56:19.406] [bmv2] [D] [thread 86395] [53.0] [cxt 0] Deparser 'deparser': start
[08:56:19.406] [bmv2] [D] [thread 86395] [53.0] [cxt 0] Deparsing header 'ethernet'
[08:56:19.406] [bmv2] [D] [thread 86395] [53.0] [cxt 0] Deparser 'deparser': end
[08:56:19.406] [bmv2] [D] [thread 86399] [53.0] [cxt 0] Transmitting packet of size 203 out of port 0
[08:56:19.530] [bmv2] [D] [thread 86394] [54.0] [cxt 0] Processing packet received on port 2
[08:56:19.530] [bmv2] [D] [thread 86394] [54.0] [cxt 0] Parser 'parser': start
[08:56:19.530] [bmv2] [D] [thread 86394] [54.0] [cxt 0] Parser 'parser' entering state 'start'
[08:56:19.530] [bmv2] [D] [thread 86394] [54.0] [cxt 0] Extracting header 'ethernet'
[08:56:19.530] [bmv2] [D] [thread 86394] [54.0] [cxt 0] Parser state 'start': key is 86dd
[08:56:19.530] [bmv2] [T] [thread 86394] [54.0] [cxt 0] Bytes parsed: 14
[08:56:19.530] [bmv2] [D] [thread 86394] [54.0] [cxt 0] Parser 'parser': end
[08:56:19.530] [bmv2] [D] [thread 86394] [54.0] [cxt 0] Pipeline 'ingress': start
[08:56:19.530] [bmv2] [T] [thread 86394] [54.0] [cxt 0] switch.p4(147) Condition "hdr.icn.isValid()" (node_2) is false
[08:56:19.530] [bmv2] [T] [thread 86394] [54.0] [cxt 0] switch.p4(164) Condition "hdr.payload.flag == 1" (node_13) is false
[08:56:19.530] [bmv2] [T] [thread 86394] [54.0] [cxt 0] Applying table 'tbl_data_forward_0'
[08:56:19.530] [bmv2] [D] [thread 86394] [54.0] [cxt 0] Looking up key:

[08:56:19.530] [bmv2] [D] [thread 86394] [54.0] [cxt 0] Table 'tbl_data_forward_0': miss
[08:56:19.530] [bmv2] [D] [thread 86394] [54.0] [cxt 0] Action entry is MyIngress.data_forward - 
[08:56:19.530] [bmv2] [T] [thread 86394] [54.0] [cxt 0] Action MyIngress.data_forward
[08:56:19.530] [bmv2] [T] [thread 86394] [54.0] [cxt 0] switch.p4(97) Primitive pit_table.read(egress_port, hdr.payload.content_id)
[08:56:19.530] [bmv2] [T] [thread 86394] [54.0] [cxt 0] Read register 'MyIngress.pit_table' at index 1 read value 0
[08:56:19.530] [bmv2] [T] [thread 86394] [54.0] [cxt 0] switch.p4(98) Primitive standard_metadata.egress_spec = egress_port
[08:56:19.530] [bmv2] [T] [thread 86394] [54.0] [cxt 0] switch.p4(99) Primitive pit_table.write(hdr.payload.content_id, 0)
[08:56:19.530] [bmv2] [T] [thread 86394] [54.0] [cxt 0] Wrote register 'MyIngress.pit_table' at index 1 with value 0
[08:56:19.530] [bmv2] [T] [thread 86394] [54.0] [cxt 0] switch.p4(100) Primitive hdr.ethernet.srcAddr = 0xFFFFFFFFFFFF
[08:56:19.530] [bmv2] [T] [thread 86394] [54.0] [cxt 0] switch.p4(101) Primitive hdr.ethernet.dstAddr = 0xFFFFFFFFFFFF
[08:56:19.530] [bmv2] [T] [thread 86394] [54.0] [cxt 0] switch.p4(102) Primitive hdr.payload.ttl = hdr.payload.ttl - 1
[08:56:19.530] [bmv2] [D] [thread 86394] [54.0] [cxt 0] Pipeline 'ingress': end
[08:56:19.531] [bmv2] [D] [thread 86394] [54.0] [cxt 0] Egress port is 0
[08:56:19.532] [bmv2] [D] [thread 86395] [54.0] [cxt 0] Pipeline 'egress': start
[08:56:19.533] [bmv2] [D] [thread 86395] [54.0] [cxt 0] Pipeline 'egress': end
[08:56:19.533] [bmv2] [D] [thread 86395] [54.0] [cxt 0] Deparser 'deparser': start
[08:56:19.533] [bmv2] [D] [thread 86395] [54.0] [cxt 0] Deparsing header 'ethernet'
[08:56:19.533] [bmv2] [D] [thread 86395] [54.0] [cxt 0] Deparser 'deparser': end
[08:56:19.533] [bmv2] [D] [thread 86399] [54.0] [cxt 0] Transmitting packet of size 203 out of port 0
[08:56:19.656] [bmv2] [D] [thread 86394] [55.0] [cxt 0] Processing packet received on port 1
[08:56:19.656] [bmv2] [D] [thread 86394] [55.0] [cxt 0] Parser 'parser': start
[08:56:19.656] [bmv2] [D] [thread 86394] [55.0] [cxt 0] Parser 'parser' entering state 'start'
[08:56:19.656] [bmv2] [D] [thread 86394] [55.0] [cxt 0] Extracting header 'ethernet'
[08:56:19.656] [bmv2] [D] [thread 86394] [55.0] [cxt 0] Parser state 'start': key is 88b5
[08:56:19.656] [bmv2] [T] [thread 86394] [55.0] [cxt 0] Bytes parsed: 14
[08:56:19.656] [bmv2] [D] [thread 86394] [55.0] [cxt 0] Parser 'parser' entering state 'parse_icn'
[08:56:19.656] [bmv2] [D] [thread 86394] [55.0] [cxt 0] Extracting header 'icn'
[08:56:19.656] [bmv2] [D] [thread 86394] [55.0] [cxt 0] Parser state 'parse_icn' has no switch, going to default next state
[08:56:19.656] [bmv2] [T] [thread 86394] [55.0] [cxt 0] Bytes parsed: 22
[08:56:19.656] [bmv2] [D] [thread 86394] [55.0] [cxt 0] Parser 'parser': end
[08:56:19.656] [bmv2] [D] [thread 86394] [55.0] [cxt 0] Pipeline 'ingress': start
[08:56:19.656] [bmv2] [T] [thread 86394] [55.0] [cxt 0] switch.p4(147) Condition "hdr.icn.isValid()" (node_2) is true
[08:56:19.656] [bmv2] [T] [thread 86394] [55.0] [cxt 0] Applying table 'tbl_switch148'
[08:56:19.656] [bmv2] [D] [thread 86394] [55.0] [cxt 0] Looking up key:

[08:56:19.656] [bmv2] [D] [thread 86394] [55.0] [cxt 0] Table 'tbl_switch148': miss
[08:56:19.656] [bmv2] [D] [thread 86394] [55.0] [cxt 0] Action entry is switch148 - 
[08:56:19.656] [bmv2] [T] [thread 86394] [55.0] [cxt 0] Action switch148
[08:56:19.656] [bmv2] [T] [thread 86394] [55.0] [cxt 0] switch.p4(148) Primitive content_cache.read(cached_data, hdr.icn.content_id)
[08:56:19.656] [bmv2] [T] [thread 86394] [55.0] [cxt 0] Read register 'MyIngress.content_cache' at index 1 read value 0
[08:56:19.656] [bmv2] [T] [thread 86394] [55.0] [cxt 0] switch.p4(149) Condition "cached_data != 0" (node_4) is false
[08:56:19.656] [bmv2] [T] [thread 86394] [55.0] [cxt 0] Applying table 'tbl_switch159'
[08:56:19.656] [bmv2] [D] [thread 86394] [55.0] [cxt 0] Looking up key:

[08:56:19.656] [bmv2] [D] [thread 86394] [55.0] [cxt 0] Table 'tbl_switch159': miss
[08:56:19.656] [bmv2] [D] [thread 86394] [55.0] [cxt 0] Action entry is switch159 - 
[08:56:19.656] [bmv2] [T] [thread 86394] [55.0] [cxt 0] Action switch159
[08:56:19.656] [bmv2] [T] [thread 86394] [55.0] [cxt 0] switch.p4(159) Primitive hdr.icn.flag = 0
[08:56:19.657] [bmv2] [T] [thread 86394] [55.0] [cxt 0] switch.p4(160) Primitive pit_table.write(hdr.icn.content_id, standard_metadata.ingress_port)
[08:56:19.657] [bmv2] [T] [thread 86394] [55.0] [cxt 0] Wrote register 'MyIngress.pit_table' at index 1 with value 1
[08:56:19.657] [bmv2] [T] [thread 86394] [55.0] [cxt 0] Applying table 'MyIngress.foward_interest'
[08:56:19.657] [bmv2] [D] [thread 86394] [55.0] [cxt 0] Looking up key:
* hdr.ethernet.srcAddr: 080000000111

[08:56:19.657] [bmv2] [D] [thread 86394] [55.0] [cxt 0] Table 'MyIngress.foward_interest': hit with handle 0
[08:56:19.657] [bmv2] [D] [thread 86394] [55.0] [cxt 0] Dumping entry 0
Match key:
* hdr.ethernet.srcAddr: EXACT     080000000111
Action entry: MyIngress.dup_interest - 80000000200,2,

[08:56:19.657] [bmv2] [D] [thread 86394] [55.0] [cxt 0] Action entry is MyIngress.dup_interest - 80000000200,2,
[08:56:19.657] [bmv2] [T] [thread 86394] [55.0] [cxt 0] Action MyIngress.dup_interest
[08:56:19.657] [bmv2] [T] [thread 86394] [55.0] [cxt 0] switch.p4(124) Primitive standard_metadata.egress_spec = port
[08:56:19.657] [bmv2] [T] [thread 86394] [55.0] [cxt 0] switch.p4(125) Primitive hdr.ethernet.srcAddr = hdr.ethernet.dstAddr
[08:56:19.657] [bmv2] [T] [thread 86394] [55.0] [cxt 0] switch.p4(126) Primitive hdr.ethernet.dstAddr = dstAddr
[08:56:19.657] [bmv2] [T] [thread 86394] [55.0] [cxt 0] switch.p4(128) Primitive hdr.icn.hop_count = hdr.icn.hop_count - 1
[08:56:19.657] [bmv2] [D] [thread 86394] [55.0] [cxt 0] Pipeline 'ingress': end
[08:56:19.657] [bmv2] [D] [thread 86394] [55.0] [cxt 0] Egress port is 2
[08:56:19.657] [bmv2] [D] [thread 86397] [55.0] [cxt 0] Pipeline 'egress': start
[08:56:19.657] [bmv2] [D] [thread 86397] [55.0] [cxt 0] Pipeline 'egress': end
[08:56:19.657] [bmv2] [D] [thread 86397] [55.0] [cxt 0] Deparser 'deparser': start
[08:56:19.657] [bmv2] [D] [thread 86397] [55.0] [cxt 0] Deparsing header 'ethernet'
[08:56:19.657] [bmv2] [D] [thread 86397] [55.0] [cxt 0] Deparsing header 'icn'
[08:56:19.657] [bmv2] [D] [thread 86397] [55.0] [cxt 0] Deparser 'deparser': end
[08:56:19.657] [bmv2] [D] [thread 86399] [55.0] [cxt 0] Transmitting packet of size 22 out of port 2
[08:56:19.657] [bmv2] [D] [thread 86394] [56.0] [cxt 0] Processing packet received on port 2
[08:56:19.657] [bmv2] [D] [thread 86394] [56.0] [cxt 0] Parser 'parser': start
[08:56:19.657] [bmv2] [D] [thread 86394] [56.0] [cxt 0] Parser 'parser' entering state 'start'
[08:56:19.657] [bmv2] [D] [thread 86394] [56.0] [cxt 0] Extracting header 'ethernet'
[08:56:19.657] [bmv2] [D] [thread 86394] [56.0] [cxt 0] Parser state 'start': key is 88b6
[08:56:19.657] [bmv2] [T] [thread 86394] [56.0] [cxt 0] Bytes parsed: 14
[08:56:19.657] [bmv2] [D] [thread 86394] [56.0] [cxt 0] Parser 'parser' entering state 'parse_payload'
[08:56:19.657] [bmv2] [D] [thread 86394] [56.0] [cxt 0] Extracting header 'payload'
[08:56:19.657] [bmv2] [D] [thread 86394] [56.0] [cxt 0] Parser state 'parse_payload' has no switch, going to default next state
[08:56:19.657] [bmv2] [T] [thread 86394] [56.0] [cxt 0] Bytes parsed: 276
[08:56:19.657] [bmv2] [D] [thread 86394] [56.0] [cxt 0] Parser 'parser': end
[08:56:19.657] [bmv2] [D] [thread 86394] [56.0] [cxt 0] Pipeline 'ingress': start
[08:56:19.657] [bmv2] [T] [thread 86394] [56.0] [cxt 0] switch.p4(147) Condition "hdr.icn.isValid()" (node_2) is false
[08:56:19.657] [bmv2] [T] [thread 86394] [56.0] [cxt 0] switch.p4(164) Condition "hdr.payload.flag == 1" (node_13) is true
[08:56:19.657] [bmv2] [T] [thread 86394] [56.0] [cxt 0] Applying table 'tbl_cache_content'
[08:56:19.657] [bmv2] [D] [thread 86394] [56.0] [cxt 0] Looking up key:

[08:56:19.657] [bmv2] [D] [thread 86394] [56.0] [cxt 0] Table 'tbl_cache_content': miss
[08:56:19.657] [bmv2] [D] [thread 86394] [56.0] [cxt 0] Action entry is MyIngress.cache_content - 
[08:56:19.657] [bmv2] [T] [thread 86394] [56.0] [cxt 0] Action MyIngress.cache_content
[08:56:19.657] [bmv2] [T] [thread 86394] [56.0] [cxt 0] switch.p4(106) Primitive content_cache.write(hdr.payload.content_id, hdr.payload.data)
[08:56:19.657] [bmv2] [T] [thread 86394] [56.0] [cxt 0] Wrote register 'MyIngress.content_cache' at index 1 with value 17334248032272856919049904129148938617700988014304292665051363529817104491524797347555222073430792320059939653561838142512049133114388715375014781493453850835185074611781570404847019710571613655373669594595135033889630776998479070814982991093682257016220976393663747692290960138236990461169158975424217495205235714645535325005531839232559780229597835373266260635303518876566160865710124377185704679970288330545603901891183133829188678302433295812412601508611578502040926066791030664212907508769521753768992941363800118204875972853288437881499254902667790476020116895095900119866747339270646056253520273313150781095936
[08:56:19.657] [bmv2] [T] [thread 86394] [56.0] [cxt 0] switch.p4(107) Primitive hdr.payload.flag = 0
[08:56:19.657] [bmv2] [T] [thread 86394] [56.0] [cxt 0] Applying table 'tbl_data_forward_0'
[08:56:19.657] [bmv2] [D] [thread 86394] [56.0] [cxt 0] Looking up key:

[08:56:19.657] [bmv2] [D] [thread 86394] [56.0] [cxt 0] Table 'tbl_data_forward_0': miss
[08:56:19.662] [bmv2] [D] [thread 86394] [56.0] [cxt 0] Action entry is MyIngress.data_forward - 
[08:56:19.662] [bmv2] [T] [thread 86394] [56.0] [cxt 0] Action MyIngress.data_forward
[08:56:19.662] [bmv2] [T] [thread 86394] [56.0] [cxt 0] switch.p4(97) Primitive pit_table.read(egress_port, hdr.payload.content_id)
[08:56:19.663] [bmv2] [T] [thread 86394] [56.0] [cxt 0] Read register 'MyIngress.pit_table' at index 1 read value 1
[08:56:19.663] [bmv2] [T] [thread 86394] [56.0] [cxt 0] switch.p4(98) Primitive standard_metadata.egress_spec = egress_port
[08:56:19.663] [bmv2] [T] [thread 86394] [56.0] [cxt 0] switch.p4(99) Primitive pit_table.write(hdr.payload.content_id, 0)
[08:56:19.663] [bmv2] [T] [thread 86394] [56.0] [cxt 0] Wrote register 'MyIngress.pit_table' at index 1 with value 0
[08:56:19.663] [bmv2] [T] [thread 86394] [56.0] [cxt 0] switch.p4(100) Primitive hdr.ethernet.srcAddr = 0xFFFFFFFFFFFF
[08:56:19.663] [bmv2] [T] [thread 86394] [56.0] [cxt 0] switch.p4(101) Primitive hdr.ethernet.dstAddr = 0xFFFFFFFFFFFF
[08:56:19.663] [bmv2] [T] [thread 86394] [56.0] [cxt 0] switch.p4(102) Primitive hdr.payload.ttl = hdr.payload.ttl - 1
[08:56:19.663] [bmv2] [D] [thread 86394] [56.0] [cxt 0] Pipeline 'ingress': end
[08:56:19.663] [bmv2] [D] [thread 86394] [56.0] [cxt 0] Egress port is 1
[08:56:19.663] [bmv2] [D] [thread 86396] [56.0] [cxt 0] Pipeline 'egress': start
[08:56:19.663] [bmv2] [D] [thread 86396] [56.0] [cxt 0] Pipeline 'egress': end
[08:56:19.663] [bmv2] [D] [thread 86396] [56.0] [cxt 0] Deparser 'deparser': start
[08:56:19.663] [bmv2] [D] [thread 86396] [56.0] [cxt 0] Deparsing header 'ethernet'
[08:56:19.663] [bmv2] [D] [thread 86396] [56.0] [cxt 0] Deparsing header 'payload'
[08:56:19.663] [bmv2] [D] [thread 86396] [56.0] [cxt 0] Deparser 'deparser': end
[08:56:19.664] [bmv2] [D] [thread 86399] [56.0] [cxt 0] Transmitting packet of size 276 out of port 1
[08:56:20.351] [bmv2] [D] [thread 86394] [57.0] [cxt 0] Processing packet received on port 2
[08:56:20.351] [bmv2] [D] [thread 86394] [57.0] [cxt 0] Parser 'parser': start
[08:56:20.351] [bmv2] [D] [thread 86394] [57.0] [cxt 0] Parser 'parser' entering state 'start'
[08:56:20.351] [bmv2] [D] [thread 86394] [57.0] [cxt 0] Extracting header 'ethernet'
[08:56:20.351] [bmv2] [D] [thread 86394] [57.0] [cxt 0] Parser state 'start': key is 86dd
[08:56:20.353] [bmv2] [T] [thread 86394] [57.0] [cxt 0] Bytes parsed: 14
[08:56:20.353] [bmv2] [D] [thread 86394] [57.0] [cxt 0] Parser 'parser': end
[08:56:20.353] [bmv2] [D] [thread 86394] [57.0] [cxt 0] Pipeline 'ingress': start
[08:56:20.353] [bmv2] [T] [thread 86394] [57.0] [cxt 0] switch.p4(147) Condition "hdr.icn.isValid()" (node_2) is false
[08:56:20.353] [bmv2] [T] [thread 86394] [57.0] [cxt 0] switch.p4(164) Condition "hdr.payload.flag == 1" (node_13) is false
[08:56:20.353] [bmv2] [T] [thread 86394] [57.0] [cxt 0] Applying table 'tbl_data_forward_0'
[08:56:20.353] [bmv2] [D] [thread 86394] [57.0] [cxt 0] Looking up key:

[08:56:20.353] [bmv2] [D] [thread 86394] [57.0] [cxt 0] Table 'tbl_data_forward_0': miss
[08:56:20.353] [bmv2] [D] [thread 86394] [57.0] [cxt 0] Action entry is MyIngress.data_forward - 
[08:56:20.353] [bmv2] [T] [thread 86394] [57.0] [cxt 0] Action MyIngress.data_forward
[08:56:20.353] [bmv2] [T] [thread 86394] [57.0] [cxt 0] switch.p4(97) Primitive pit_table.read(egress_port, hdr.payload.content_id)
[08:56:20.353] [bmv2] [T] [thread 86394] [57.0] [cxt 0] Read register 'MyIngress.pit_table' at index 1 read value 0
[08:56:20.353] [bmv2] [T] [thread 86394] [57.0] [cxt 0] switch.p4(98) Primitive standard_metadata.egress_spec = egress_port
[08:56:20.353] [bmv2] [T] [thread 86394] [57.0] [cxt 0] switch.p4(99) Primitive pit_table.write(hdr.payload.content_id, 0)
[08:56:20.353] [bmv2] [T] [thread 86394] [57.0] [cxt 0] Wrote register 'MyIngress.pit_table' at index 1 with value 0
[08:56:20.353] [bmv2] [T] [thread 86394] [57.0] [cxt 0] switch.p4(100) Primitive hdr.ethernet.srcAddr = 0xFFFFFFFFFFFF
[08:56:20.353] [bmv2] [T] [thread 86394] [57.0] [cxt 0] switch.p4(101) Primitive hdr.ethernet.dstAddr = 0xFFFFFFFFFFFF
[08:56:20.353] [bmv2] [T] [thread 86394] [57.0] [cxt 0] switch.p4(102) Primitive hdr.payload.ttl = hdr.payload.ttl - 1
[08:56:20.353] [bmv2] [D] [thread 86394] [57.0] [cxt 0] Pipeline 'ingress': end
[08:56:20.353] [bmv2] [D] [thread 86394] [57.0] [cxt 0] Egress port is 0
[08:56:20.353] [bmv2] [D] [thread 86395] [57.0] [cxt 0] Pipeline 'egress': start
[08:56:20.353] [bmv2] [D] [thread 86395] [57.0] [cxt 0] Pipeline 'egress': end
[08:56:20.353] [bmv2] [D] [thread 86395] [57.0] [cxt 0] Deparser 'deparser': start
[08:56:20.353] [bmv2] [D] [thread 86395] [57.0] [cxt 0] Deparsing header 'ethernet'
[08:56:20.353] [bmv2] [D] [thread 86395] [57.0] [cxt 0] Deparser 'deparser': end
[08:56:20.353] [bmv2] [D] [thread 86399] [57.0] [cxt 0] Transmitting packet of size 203 out of port 0
[08:56:20.719] [bmv2] [D] [thread 86394] [58.0] [cxt 0] Processing packet received on port 1
[08:56:20.719] [bmv2] [D] [thread 86394] [58.0] [cxt 0] Parser 'parser': start
[08:56:20.719] [bmv2] [D] [thread 86394] [58.0] [cxt 0] Parser 'parser' entering state 'start'
[08:56:20.719] [bmv2] [D] [thread 86394] [58.0] [cxt 0] Extracting header 'ethernet'
[08:56:20.719] [bmv2] [D] [thread 86394] [58.0] [cxt 0] Parser state 'start': key is 88b5
[08:56:20.719] [bmv2] [T] [thread 86394] [58.0] [cxt 0] Bytes parsed: 14
[08:56:20.719] [bmv2] [D] [thread 86394] [58.0] [cxt 0] Parser 'parser' entering state 'parse_icn'
[08:56:20.719] [bmv2] [D] [thread 86394] [58.0] [cxt 0] Extracting header 'icn'
[08:56:20.719] [bmv2] [D] [thread 86394] [58.0] [cxt 0] Parser state 'parse_icn' has no switch, going to default next state
[08:56:20.719] [bmv2] [T] [thread 86394] [58.0] [cxt 0] Bytes parsed: 22
[08:56:20.719] [bmv2] [D] [thread 86394] [58.0] [cxt 0] Parser 'parser': end
[08:56:20.719] [bmv2] [D] [thread 86394] [58.0] [cxt 0] Pipeline 'ingress': start
[08:56:20.719] [bmv2] [T] [thread 86394] [58.0] [cxt 0] switch.p4(147) Condition "hdr.icn.isValid()" (node_2) is true
[08:56:20.719] [bmv2] [T] [thread 86394] [58.0] [cxt 0] Applying table 'tbl_switch148'
[08:56:20.719] [bmv2] [D] [thread 86394] [58.0] [cxt 0] Looking up key:

[08:56:20.719] [bmv2] [D] [thread 86394] [58.0] [cxt 0] Table 'tbl_switch148': miss
[08:56:20.719] [bmv2] [D] [thread 86394] [58.0] [cxt 0] Action entry is switch148 - 
[08:56:20.719] [bmv2] [T] [thread 86394] [58.0] [cxt 0] Action switch148
[08:56:20.719] [bmv2] [T] [thread 86394] [58.0] [cxt 0] switch.p4(148) Primitive content_cache.read(cached_data, hdr.icn.content_id)
[08:56:20.719] [bmv2] [T] [thread 86394] [58.0] [cxt 0] Read register 'MyIngress.content_cache' at index 1 read value 17334248032272856919049904129148938617700988014304292665051363529817104491524797347555222073430792320059939653561838142512049133114388715375014781493453850835185074611781570404847019710571613655373669594595135033889630776998479070814982991093682257016220976393663747692290960138236990461169158975424217495205235714645535325005531839232559780229597835373266260635303518876566160865710124377185704679970288330545603901891183133829188678302433295812412601508611578502040926066791030664212907508769521753768992941363800118204875972853288437881499254902667790476020116895095900119866747339270646056253520273313150781095936
[08:56:20.719] [bmv2] [T] [thread 86394] [58.0] [cxt 0] switch.p4(149) Condition "cached_data != 0" (node_4) is true
[08:56:20.719] [bmv2] [T] [thread 86394] [58.0] [cxt 0] Applying table 'tbl_switch150'
[08:56:20.719] [bmv2] [D] [thread 86394] [58.0] [cxt 0] Looking up key:

[08:56:20.719] [bmv2] [D] [thread 86394] [58.0] [cxt 0] Table 'tbl_switch150': miss
[08:56:20.719] [bmv2] [D] [thread 86394] [58.0] [cxt 0] Action entry is switch150 - 
[08:56:20.719] [bmv2] [T] [thread 86394] [58.0] [cxt 0] Action switch150
[08:56:20.719] [bmv2] [T] [thread 86394] [58.0] [cxt 0] switch.p4(150) Primitive pit_table.write(hdr.icn.content_id, standard_metadata.ingress_port)
[08:56:20.719] [bmv2] [T] [thread 86394] [58.0] [cxt 0] Wrote register 'MyIngress.pit_table' at index 1 with value 1
[08:56:20.719] [bmv2] [T] [thread 86394] [58.0] [cxt 0] switch.p4(151) Condition "hdr.icn.flag == 1" (node_6) is true
[08:56:20.719] [bmv2] [T] [thread 86394] [58.0] [cxt 0] Applying table 'tbl_return_content'
[08:56:20.719] [bmv2] [D] [thread 86394] [58.0] [cxt 0] Looking up key:

[08:56:20.719] [bmv2] [D] [thread 86394] [58.0] [cxt 0] Table 'tbl_return_content': miss
[08:56:20.719] [bmv2] [D] [thread 86394] [58.0] [cxt 0] Action entry is MyIngress.return_content - 
[08:56:20.719] [bmv2] [T] [thread 86394] [58.0] [cxt 0] Action MyIngress.return_content
[08:56:20.719] [bmv2] [T] [thread 86394] [58.0] [cxt 0] switch.p4(112) Primitive content_cache.read(cached_data, hdr.icn.content_id)
[08:56:20.719] [bmv2] [T] [thread 86394] [58.0] [cxt 0] Read register 'MyIngress.content_cache' at index 1 read value 17334248032272856919049904129148938617700988014304292665051363529817104491524797347555222073430792320059939653561838142512049133114388715375014781493453850835185074611781570404847019710571613655373669594595135033889630776998479070814982991093682257016220976393663747692290960138236990461169158975424217495205235714645535325005531839232559780229597835373266260635303518876566160865710124377185704679970288330545603901891183133829188678302433295812412601508611578502040926066791030664212907508769521753768992941363800118204875972853288437881499254902667790476020116895095900119866747339270646056253520273313150781095936
[08:56:20.719] [bmv2] [T] [thread 86394] [58.0] [cxt 0] switch.p4(113) Primitive hdr.payload.setValid()
[08:56:20.719] [bmv2] [T] [thread 86394] [58.0] [cxt 0] switch.p4(114) Primitive hdr.payload.data = cached_data
[08:56:20.719] [bmv2] [T] [thread 86394] [58.0] [cxt 0] switch.p4(115) Primitive hdr.payload.content_id = hdr.icn.content_id
[08:56:20.719] [bmv2] [T] [thread 86394] [58.0] [cxt 0] switch.p4(116) Primitive hdr.payload.ttl = 8
[08:56:20.719] [bmv2] [T] [thread 86394] [58.0] [cxt 0] switch.p4(117) Primitive hdr.payload.flag = 1
[08:56:20.719] [bmv2] [T] [thread 86394] [58.0] [cxt 0] switch.p4(118) Primitive hdr.ethernet.etherType = 0x88B6
[08:56:20.719] [bmv2] [T] [thread 86394] [58.0] [cxt 0] switch.p4(119) Primitive hdr.icn.setInvalid()
[08:56:20.719] [bmv2] [T] [thread 86394] [58.0] [cxt 0] Applying table 'tbl_data_forward'
[08:56:20.719] [bmv2] [D] [thread 86394] [58.0] [cxt 0] Looking up key:

[08:56:20.719] [bmv2] [D] [thread 86394] [58.0] [cxt 0] Table 'tbl_data_forward': miss
[08:56:20.719] [bmv2] [D] [thread 86394] [58.0] [cxt 0] Action entry is MyIngress.data_forward - 
[08:56:20.719] [bmv2] [T] [thread 86394] [58.0] [cxt 0] Action MyIngress.data_forward
[08:56:20.719] [bmv2] [T] [thread 86394] [58.0] [cxt 0] switch.p4(97) Primitive pit_table.read(egress_port, hdr.payload.content_id)
[08:56:20.719] [bmv2] [T] [thread 86394] [58.0] [cxt 0] Read register 'MyIngress.pit_table' at index 1 read value 1
[08:56:20.719] [bmv2] [T] [thread 86394] [58.0] [cxt 0] switch.p4(98) Primitive standard_metadata.egress_spec = egress_port
[08:56:20.719] [bmv2] [T] [thread 86394] [58.0] [cxt 0] switch.p4(99) Primitive pit_table.write(hdr.payload.content_id, 0)
[08:56:20.719] [bmv2] [T] [thread 86394] [58.0] [cxt 0] Wrote register 'MyIngress.pit_table' at index 1 with value 0
[08:56:20.719] [bmv2] [T] [thread 86394] [58.0] [cxt 0] switch.p4(100) Primitive hdr.ethernet.srcAddr = 0xFFFFFFFFFFFF
[08:56:20.719] [bmv2] [T] [thread 86394] [58.0] [cxt 0] switch.p4(101) Primitive hdr.ethernet.dstAddr = 0xFFFFFFFFFFFF
[08:56:20.719] [bmv2] [T] [thread 86394] [58.0] [cxt 0] switch.p4(102) Primitive hdr.payload.ttl = hdr.payload.ttl - 1
[08:56:20.719] [bmv2] [D] [thread 86394] [58.0] [cxt 0] Pipeline 'ingress': end
[08:56:20.719] [bmv2] [D] [thread 86394] [58.0] [cxt 0] Egress port is 1
[08:56:20.719] [bmv2] [D] [thread 86396] [58.0] [cxt 0] Pipeline 'egress': start
[08:56:20.719] [bmv2] [D] [thread 86396] [58.0] [cxt 0] Pipeline 'egress': end
[08:56:20.719] [bmv2] [D] [thread 86396] [58.0] [cxt 0] Deparser 'deparser': start
[08:56:20.719] [bmv2] [D] [thread 86396] [58.0] [cxt 0] Deparsing header 'ethernet'
[08:56:20.719] [bmv2] [D] [thread 86396] [58.0] [cxt 0] Deparsing header 'payload'
[08:56:20.719] [bmv2] [D] [thread 86396] [58.0] [cxt 0] Deparser 'deparser': end
[08:56:20.719] [bmv2] [D] [thread 86399] [58.0] [cxt 0] Transmitting packet of size 276 out of port 1
[08:56:21.726] [bmv2] [D] [thread 86394] [59.0] [cxt 0] Processing packet received on port 1
[08:56:21.726] [bmv2] [D] [thread 86394] [59.0] [cxt 0] Parser 'parser': start
[08:56:21.726] [bmv2] [D] [thread 86394] [59.0] [cxt 0] Parser 'parser' entering state 'start'
[08:56:21.726] [bmv2] [D] [thread 86394] [59.0] [cxt 0] Extracting header 'ethernet'
[08:56:21.726] [bmv2] [D] [thread 86394] [59.0] [cxt 0] Parser state 'start': key is 88b5
[08:56:21.727] [bmv2] [T] [thread 86394] [59.0] [cxt 0] Bytes parsed: 14
[08:56:21.727] [bmv2] [D] [thread 86394] [59.0] [cxt 0] Parser 'parser' entering state 'parse_icn'
[08:56:21.727] [bmv2] [D] [thread 86394] [59.0] [cxt 0] Extracting header 'icn'
[08:56:21.727] [bmv2] [D] [thread 86394] [59.0] [cxt 0] Parser state 'parse_icn' has no switch, going to default next state
[08:56:21.727] [bmv2] [T] [thread 86394] [59.0] [cxt 0] Bytes parsed: 22
[08:56:21.727] [bmv2] [D] [thread 86394] [59.0] [cxt 0] Parser 'parser': end
[08:56:21.727] [bmv2] [D] [thread 86394] [59.0] [cxt 0] Pipeline 'ingress': start
[08:56:21.727] [bmv2] [T] [thread 86394] [59.0] [cxt 0] switch.p4(147) Condition "hdr.icn.isValid()" (node_2) is true
[08:56:21.727] [bmv2] [T] [thread 86394] [59.0] [cxt 0] Applying table 'tbl_switch148'
[08:56:21.727] [bmv2] [D] [thread 86394] [59.0] [cxt 0] Looking up key:

[08:56:21.727] [bmv2] [D] [thread 86394] [59.0] [cxt 0] Table 'tbl_switch148': miss
[08:56:21.727] [bmv2] [D] [thread 86394] [59.0] [cxt 0] Action entry is switch148 - 
[08:56:21.727] [bmv2] [T] [thread 86394] [59.0] [cxt 0] Action switch148
[08:56:21.727] [bmv2] [T] [thread 86394] [59.0] [cxt 0] switch.p4(148) Primitive content_cache.read(cached_data, hdr.icn.content_id)
[08:56:21.727] [bmv2] [T] [thread 86394] [59.0] [cxt 0] Read register 'MyIngress.content_cache' at index 1 read value 17334248032272856919049904129148938617700988014304292665051363529817104491524797347555222073430792320059939653561838142512049133114388715375014781493453850835185074611781570404847019710571613655373669594595135033889630776998479070814982991093682257016220976393663747692290960138236990461169158975424217495205235714645535325005531839232559780229597835373266260635303518876566160865710124377185704679970288330545603901891183133829188678302433295812412601508611578502040926066791030664212907508769521753768992941363800118204875972853288437881499254902667790476020116895095900119866747339270646056253520273313150781095936
[08:56:21.727] [bmv2] [T] [thread 86394] [59.0] [cxt 0] switch.p4(149) Condition "cached_data != 0" (node_4) is true
[08:56:21.727] [bmv2] [T] [thread 86394] [59.0] [cxt 0] Applying table 'tbl_switch150'
[08:56:21.727] [bmv2] [D] [thread 86394] [59.0] [cxt 0] Looking up key:

[08:56:21.727] [bmv2] [D] [thread 86394] [59.0] [cxt 0] Table 'tbl_switch150': miss
[08:56:21.727] [bmv2] [D] [thread 86394] [59.0] [cxt 0] Action entry is switch150 - 
[08:56:21.727] [bmv2] [T] [thread 86394] [59.0] [cxt 0] Action switch150
[08:56:21.727] [bmv2] [T] [thread 86394] [59.0] [cxt 0] switch.p4(150) Primitive pit_table.write(hdr.icn.content_id, standard_metadata.ingress_port)
[08:56:21.727] [bmv2] [T] [thread 86394] [59.0] [cxt 0] Wrote register 'MyIngress.pit_table' at index 1 with value 1
[08:56:21.727] [bmv2] [T] [thread 86394] [59.0] [cxt 0] switch.p4(151) Condition "hdr.icn.flag == 1" (node_6) is true
[08:56:21.727] [bmv2] [T] [thread 86394] [59.0] [cxt 0] Applying table 'tbl_return_content'
[08:56:21.727] [bmv2] [D] [thread 86394] [59.0] [cxt 0] Looking up key:

[08:56:21.727] [bmv2] [D] [thread 86394] [59.0] [cxt 0] Table 'tbl_return_content': miss
[08:56:21.727] [bmv2] [D] [thread 86394] [59.0] [cxt 0] Action entry is MyIngress.return_content - 
[08:56:21.727] [bmv2] [T] [thread 86394] [59.0] [cxt 0] Action MyIngress.return_content
[08:56:21.727] [bmv2] [T] [thread 86394] [59.0] [cxt 0] switch.p4(112) Primitive content_cache.read(cached_data, hdr.icn.content_id)
[08:56:21.727] [bmv2] [T] [thread 86394] [59.0] [cxt 0] Read register 'MyIngress.content_cache' at index 1 read value 17334248032272856919049904129148938617700988014304292665051363529817104491524797347555222073430792320059939653561838142512049133114388715375014781493453850835185074611781570404847019710571613655373669594595135033889630776998479070814982991093682257016220976393663747692290960138236990461169158975424217495205235714645535325005531839232559780229597835373266260635303518876566160865710124377185704679970288330545603901891183133829188678302433295812412601508611578502040926066791030664212907508769521753768992941363800118204875972853288437881499254902667790476020116895095900119866747339270646056253520273313150781095936
[08:56:21.727] [bmv2] [T] [thread 86394] [59.0] [cxt 0] switch.p4(113) Primitive hdr.payload.setValid()
[08:56:21.727] [bmv2] [T] [thread 86394] [59.0] [cxt 0] switch.p4(114) Primitive hdr.payload.data = cached_data
[08:56:21.727] [bmv2] [T] [thread 86394] [59.0] [cxt 0] switch.p4(115) Primitive hdr.payload.content_id = hdr.icn.content_id
[08:56:21.727] [bmv2] [T] [thread 86394] [59.0] [cxt 0] switch.p4(116) Primitive hdr.payload.ttl = 8
[08:56:21.727] [bmv2] [T] [thread 86394] [59.0] [cxt 0] switch.p4(117) Primitive hdr.payload.flag = 1
[08:56:21.727] [bmv2] [T] [thread 86394] [59.0] [cxt 0] switch.p4(118) Primitive hdr.ethernet.etherType = 0x88B6
[08:56:21.727] [bmv2] [T] [thread 86394] [59.0] [cxt 0] switch.p4(119) Primitive hdr.icn.setInvalid()
[08:56:21.728] [bmv2] [T] [thread 86394] [59.0] [cxt 0] Applying table 'tbl_data_forward'
[08:56:21.728] [bmv2] [D] [thread 86394] [59.0] [cxt 0] Looking up key:

[08:56:21.728] [bmv2] [D] [thread 86394] [59.0] [cxt 0] Table 'tbl_data_forward': miss
[08:56:21.728] [bmv2] [D] [thread 86394] [59.0] [cxt 0] Action entry is MyIngress.data_forward - 
[08:56:21.728] [bmv2] [T] [thread 86394] [59.0] [cxt 0] Action MyIngress.data_forward
[08:56:21.728] [bmv2] [T] [thread 86394] [59.0] [cxt 0] switch.p4(97) Primitive pit_table.read(egress_port, hdr.payload.content_id)
[08:56:21.728] [bmv2] [T] [thread 86394] [59.0] [cxt 0] Read register 'MyIngress.pit_table' at index 1 read value 1
[08:56:21.728] [bmv2] [T] [thread 86394] [59.0] [cxt 0] switch.p4(98) Primitive standard_metadata.egress_spec = egress_port
[08:56:21.728] [bmv2] [T] [thread 86394] [59.0] [cxt 0] switch.p4(99) Primitive pit_table.write(hdr.payload.content_id, 0)
[08:56:21.728] [bmv2] [T] [thread 86394] [59.0] [cxt 0] Wrote register 'MyIngress.pit_table' at index 1 with value 0
[08:56:21.728] [bmv2] [T] [thread 86394] [59.0] [cxt 0] switch.p4(100) Primitive hdr.ethernet.srcAddr = 0xFFFFFFFFFFFF
[08:56:21.728] [bmv2] [T] [thread 86394] [59.0] [cxt 0] switch.p4(101) Primitive hdr.ethernet.dstAddr = 0xFFFFFFFFFFFF
[08:56:21.728] [bmv2] [T] [thread 86394] [59.0] [cxt 0] switch.p4(102) Primitive hdr.payload.ttl = hdr.payload.ttl - 1
[08:56:21.728] [bmv2] [D] [thread 86394] [59.0] [cxt 0] Pipeline 'ingress': end
[08:56:21.728] [bmv2] [D] [thread 86394] [59.0] [cxt 0] Egress port is 1
[08:56:21.728] [bmv2] [D] [thread 86396] [59.0] [cxt 0] Pipeline 'egress': start
[08:56:21.728] [bmv2] [D] [thread 86396] [59.0] [cxt 0] Pipeline 'egress': end
[08:56:21.728] [bmv2] [D] [thread 86396] [59.0] [cxt 0] Deparser 'deparser': start
[08:56:21.728] [bmv2] [D] [thread 86396] [59.0] [cxt 0] Deparsing header 'ethernet'
[08:56:21.728] [bmv2] [D] [thread 86396] [59.0] [cxt 0] Deparsing header 'payload'
[08:56:21.728] [bmv2] [D] [thread 86396] [59.0] [cxt 0] Deparser 'deparser': end
[08:56:21.728] [bmv2] [D] [thread 86399] [59.0] [cxt 0] Transmitting packet of size 276 out of port 1
[08:56:22.753] [bmv2] [D] [thread 86394] [60.0] [cxt 0] Processing packet received on port 1
[08:56:22.753] [bmv2] [D] [thread 86394] [60.0] [cxt 0] Parser 'parser': start
[08:56:22.753] [bmv2] [D] [thread 86394] [60.0] [cxt 0] Parser 'parser' entering state 'start'
[08:56:22.753] [bmv2] [D] [thread 86394] [60.0] [cxt 0] Extracting header 'ethernet'
[08:56:22.753] [bmv2] [D] [thread 86394] [60.0] [cxt 0] Parser state 'start': key is 88b5
[08:56:22.753] [bmv2] [T] [thread 86394] [60.0] [cxt 0] Bytes parsed: 14
[08:56:22.753] [bmv2] [D] [thread 86394] [60.0] [cxt 0] Parser 'parser' entering state 'parse_icn'
[08:56:22.753] [bmv2] [D] [thread 86394] [60.0] [cxt 0] Extracting header 'icn'
[08:56:22.753] [bmv2] [D] [thread 86394] [60.0] [cxt 0] Parser state 'parse_icn' has no switch, going to default next state
[08:56:22.753] [bmv2] [T] [thread 86394] [60.0] [cxt 0] Bytes parsed: 22
[08:56:22.753] [bmv2] [D] [thread 86394] [60.0] [cxt 0] Parser 'parser': end
[08:56:22.753] [bmv2] [D] [thread 86394] [60.0] [cxt 0] Pipeline 'ingress': start
[08:56:22.753] [bmv2] [T] [thread 86394] [60.0] [cxt 0] switch.p4(147) Condition "hdr.icn.isValid()" (node_2) is true
[08:56:22.753] [bmv2] [T] [thread 86394] [60.0] [cxt 0] Applying table 'tbl_switch148'
[08:56:22.753] [bmv2] [D] [thread 86394] [60.0] [cxt 0] Looking up key:

[08:56:22.753] [bmv2] [D] [thread 86394] [60.0] [cxt 0] Table 'tbl_switch148': miss
[08:56:22.753] [bmv2] [D] [thread 86394] [60.0] [cxt 0] Action entry is switch148 - 
[08:56:22.753] [bmv2] [T] [thread 86394] [60.0] [cxt 0] Action switch148
[08:56:22.753] [bmv2] [T] [thread 86394] [60.0] [cxt 0] switch.p4(148) Primitive content_cache.read(cached_data, hdr.icn.content_id)
[08:56:22.753] [bmv2] [T] [thread 86394] [60.0] [cxt 0] Read register 'MyIngress.content_cache' at index 1 read value 17334248032272856919049904129148938617700988014304292665051363529817104491524797347555222073430792320059939653561838142512049133114388715375014781493453850835185074611781570404847019710571613655373669594595135033889630776998479070814982991093682257016220976393663747692290960138236990461169158975424217495205235714645535325005531839232559780229597835373266260635303518876566160865710124377185704679970288330545603901891183133829188678302433295812412601508611578502040926066791030664212907508769521753768992941363800118204875972853288437881499254902667790476020116895095900119866747339270646056253520273313150781095936
[08:56:22.753] [bmv2] [T] [thread 86394] [60.0] [cxt 0] switch.p4(149) Condition "cached_data != 0" (node_4) is true
[08:56:22.753] [bmv2] [T] [thread 86394] [60.0] [cxt 0] Applying table 'tbl_switch150'
[08:56:22.753] [bmv2] [D] [thread 86394] [60.0] [cxt 0] Looking up key:

[08:56:22.753] [bmv2] [D] [thread 86394] [60.0] [cxt 0] Table 'tbl_switch150': miss
[08:56:22.753] [bmv2] [D] [thread 86394] [60.0] [cxt 0] Action entry is switch150 - 
[08:56:22.753] [bmv2] [T] [thread 86394] [60.0] [cxt 0] Action switch150
[08:56:22.753] [bmv2] [T] [thread 86394] [60.0] [cxt 0] switch.p4(150) Primitive pit_table.write(hdr.icn.content_id, standard_metadata.ingress_port)
[08:56:22.753] [bmv2] [T] [thread 86394] [60.0] [cxt 0] Wrote register 'MyIngress.pit_table' at index 1 with value 1
[08:56:22.753] [bmv2] [T] [thread 86394] [60.0] [cxt 0] switch.p4(151) Condition "hdr.icn.flag == 1" (node_6) is true
[08:56:22.753] [bmv2] [T] [thread 86394] [60.0] [cxt 0] Applying table 'tbl_return_content'
[08:56:22.753] [bmv2] [D] [thread 86394] [60.0] [cxt 0] Looking up key:

[08:56:22.753] [bmv2] [D] [thread 86394] [60.0] [cxt 0] Table 'tbl_return_content': miss
[08:56:22.753] [bmv2] [D] [thread 86394] [60.0] [cxt 0] Action entry is MyIngress.return_content - 
[08:56:22.753] [bmv2] [T] [thread 86394] [60.0] [cxt 0] Action MyIngress.return_content
[08:56:22.753] [bmv2] [T] [thread 86394] [60.0] [cxt 0] switch.p4(112) Primitive content_cache.read(cached_data, hdr.icn.content_id)
[08:56:22.753] [bmv2] [T] [thread 86394] [60.0] [cxt 0] Read register 'MyIngress.content_cache' at index 1 read value 17334248032272856919049904129148938617700988014304292665051363529817104491524797347555222073430792320059939653561838142512049133114388715375014781493453850835185074611781570404847019710571613655373669594595135033889630776998479070814982991093682257016220976393663747692290960138236990461169158975424217495205235714645535325005531839232559780229597835373266260635303518876566160865710124377185704679970288330545603901891183133829188678302433295812412601508611578502040926066791030664212907508769521753768992941363800118204875972853288437881499254902667790476020116895095900119866747339270646056253520273313150781095936
[08:56:22.753] [bmv2] [T] [thread 86394] [60.0] [cxt 0] switch.p4(113) Primitive hdr.payload.setValid()
[08:56:22.753] [bmv2] [T] [thread 86394] [60.0] [cxt 0] switch.p4(114) Primitive hdr.payload.data = cached_data
[08:56:22.753] [bmv2] [T] [thread 86394] [60.0] [cxt 0] switch.p4(115) Primitive hdr.payload.content_id = hdr.icn.content_id
[08:56:22.753] [bmv2] [T] [thread 86394] [60.0] [cxt 0] switch.p4(116) Primitive hdr.payload.ttl = 8
[08:56:22.753] [bmv2] [T] [thread 86394] [60.0] [cxt 0] switch.p4(117) Primitive hdr.payload.flag = 1
[08:56:22.753] [bmv2] [T] [thread 86394] [60.0] [cxt 0] switch.p4(118) Primitive hdr.ethernet.etherType = 0x88B6
[08:56:22.753] [bmv2] [T] [thread 86394] [60.0] [cxt 0] switch.p4(119) Primitive hdr.icn.setInvalid()
[08:56:22.753] [bmv2] [T] [thread 86394] [60.0] [cxt 0] Applying table 'tbl_data_forward'
[08:56:22.753] [bmv2] [D] [thread 86394] [60.0] [cxt 0] Looking up key:

[08:56:22.753] [bmv2] [D] [thread 86394] [60.0] [cxt 0] Table 'tbl_data_forward': miss
[08:56:22.753] [bmv2] [D] [thread 86394] [60.0] [cxt 0] Action entry is MyIngress.data_forward - 
[08:56:22.753] [bmv2] [T] [thread 86394] [60.0] [cxt 0] Action MyIngress.data_forward
[08:56:22.753] [bmv2] [T] [thread 86394] [60.0] [cxt 0] switch.p4(97) Primitive pit_table.read(egress_port, hdr.payload.content_id)
[08:56:22.753] [bmv2] [T] [thread 86394] [60.0] [cxt 0] Read register 'MyIngress.pit_table' at index 1 read value 1
[08:56:22.753] [bmv2] [T] [thread 86394] [60.0] [cxt 0] switch.p4(98) Primitive standard_metadata.egress_spec = egress_port
[08:56:22.753] [bmv2] [T] [thread 86394] [60.0] [cxt 0] switch.p4(99) Primitive pit_table.write(hdr.payload.content_id, 0)
[08:56:22.753] [bmv2] [T] [thread 86394] [60.0] [cxt 0] Wrote register 'MyIngress.pit_table' at index 1 with value 0
[08:56:22.753] [bmv2] [T] [thread 86394] [60.0] [cxt 0] switch.p4(100) Primitive hdr.ethernet.srcAddr = 0xFFFFFFFFFFFF
[08:56:22.753] [bmv2] [T] [thread 86394] [60.0] [cxt 0] switch.p4(101) Primitive hdr.ethernet.dstAddr = 0xFFFFFFFFFFFF
[08:56:22.753] [bmv2] [T] [thread 86394] [60.0] [cxt 0] switch.p4(102) Primitive hdr.payload.ttl = hdr.payload.ttl - 1
[08:56:22.753] [bmv2] [D] [thread 86394] [60.0] [cxt 0] Pipeline 'ingress': end
[08:56:22.753] [bmv2] [D] [thread 86394] [60.0] [cxt 0] Egress port is 1
[08:56:22.753] [bmv2] [D] [thread 86396] [60.0] [cxt 0] Pipeline 'egress': start
[08:56:22.753] [bmv2] [D] [thread 86396] [60.0] [cxt 0] Pipeline 'egress': end
[08:56:22.753] [bmv2] [D] [thread 86396] [60.0] [cxt 0] Deparser 'deparser': start
[08:56:22.753] [bmv2] [D] [thread 86396] [60.0] [cxt 0] Deparsing header 'ethernet'
[08:56:22.753] [bmv2] [D] [thread 86396] [60.0] [cxt 0] Deparsing header 'payload'
[08:56:22.753] [bmv2] [D] [thread 86396] [60.0] [cxt 0] Deparser 'deparser': end
[08:56:22.753] [bmv2] [D] [thread 86399] [60.0] [cxt 0] Transmitting packet of size 276 out of port 1
[08:56:23.771] [bmv2] [D] [thread 86394] [61.0] [cxt 0] Processing packet received on port 1
[08:56:23.772] [bmv2] [D] [thread 86394] [61.0] [cxt 0] Parser 'parser': start
[08:56:23.772] [bmv2] [D] [thread 86394] [61.0] [cxt 0] Parser 'parser' entering state 'start'
[08:56:23.772] [bmv2] [D] [thread 86394] [61.0] [cxt 0] Extracting header 'ethernet'
[08:56:23.772] [bmv2] [D] [thread 86394] [61.0] [cxt 0] Parser state 'start': key is 88b5
[08:56:23.772] [bmv2] [T] [thread 86394] [61.0] [cxt 0] Bytes parsed: 14
[08:56:23.772] [bmv2] [D] [thread 86394] [61.0] [cxt 0] Parser 'parser' entering state 'parse_icn'
[08:56:23.772] [bmv2] [D] [thread 86394] [61.0] [cxt 0] Extracting header 'icn'
[08:56:23.772] [bmv2] [D] [thread 86394] [61.0] [cxt 0] Parser state 'parse_icn' has no switch, going to default next state
[08:56:23.772] [bmv2] [T] [thread 86394] [61.0] [cxt 0] Bytes parsed: 22
[08:56:23.772] [bmv2] [D] [thread 86394] [61.0] [cxt 0] Parser 'parser': end
[08:56:23.772] [bmv2] [D] [thread 86394] [61.0] [cxt 0] Pipeline 'ingress': start
[08:56:23.772] [bmv2] [T] [thread 86394] [61.0] [cxt 0] switch.p4(147) Condition "hdr.icn.isValid()" (node_2) is true
[08:56:23.772] [bmv2] [T] [thread 86394] [61.0] [cxt 0] Applying table 'tbl_switch148'
[08:56:23.772] [bmv2] [D] [thread 86394] [61.0] [cxt 0] Looking up key:

[08:56:23.772] [bmv2] [D] [thread 86394] [61.0] [cxt 0] Table 'tbl_switch148': miss
[08:56:23.772] [bmv2] [D] [thread 86394] [61.0] [cxt 0] Action entry is switch148 - 
[08:56:23.772] [bmv2] [T] [thread 86394] [61.0] [cxt 0] Action switch148
[08:56:23.772] [bmv2] [T] [thread 86394] [61.0] [cxt 0] switch.p4(148) Primitive content_cache.read(cached_data, hdr.icn.content_id)
[08:56:23.772] [bmv2] [T] [thread 86394] [61.0] [cxt 0] Read register 'MyIngress.content_cache' at index 1 read value 17334248032272856919049904129148938617700988014304292665051363529817104491524797347555222073430792320059939653561838142512049133114388715375014781493453850835185074611781570404847019710571613655373669594595135033889630776998479070814982991093682257016220976393663747692290960138236990461169158975424217495205235714645535325005531839232559780229597835373266260635303518876566160865710124377185704679970288330545603901891183133829188678302433295812412601508611578502040926066791030664212907508769521753768992941363800118204875972853288437881499254902667790476020116895095900119866747339270646056253520273313150781095936
[08:56:23.772] [bmv2] [T] [thread 86394] [61.0] [cxt 0] switch.p4(149) Condition "cached_data != 0" (node_4) is true
[08:56:23.772] [bmv2] [T] [thread 86394] [61.0] [cxt 0] Applying table 'tbl_switch150'
[08:56:23.772] [bmv2] [D] [thread 86394] [61.0] [cxt 0] Looking up key:

[08:56:23.772] [bmv2] [D] [thread 86394] [61.0] [cxt 0] Table 'tbl_switch150': miss
[08:56:23.772] [bmv2] [D] [thread 86394] [61.0] [cxt 0] Action entry is switch150 - 
[08:56:23.772] [bmv2] [T] [thread 86394] [61.0] [cxt 0] Action switch150
[08:56:23.772] [bmv2] [T] [thread 86394] [61.0] [cxt 0] switch.p4(150) Primitive pit_table.write(hdr.icn.content_id, standard_metadata.ingress_port)
[08:56:23.772] [bmv2] [T] [thread 86394] [61.0] [cxt 0] Wrote register 'MyIngress.pit_table' at index 1 with value 1
[08:56:23.772] [bmv2] [T] [thread 86394] [61.0] [cxt 0] switch.p4(151) Condition "hdr.icn.flag == 1" (node_6) is true
[08:56:23.772] [bmv2] [T] [thread 86394] [61.0] [cxt 0] Applying table 'tbl_return_content'
[08:56:23.772] [bmv2] [D] [thread 86394] [61.0] [cxt 0] Looking up key:

[08:56:23.772] [bmv2] [D] [thread 86394] [61.0] [cxt 0] Table 'tbl_return_content': miss
[08:56:23.772] [bmv2] [D] [thread 86394] [61.0] [cxt 0] Action entry is MyIngress.return_content - 
[08:56:23.772] [bmv2] [T] [thread 86394] [61.0] [cxt 0] Action MyIngress.return_content
[08:56:23.772] [bmv2] [T] [thread 86394] [61.0] [cxt 0] switch.p4(112) Primitive content_cache.read(cached_data, hdr.icn.content_id)
[08:56:23.772] [bmv2] [T] [thread 86394] [61.0] [cxt 0] Read register 'MyIngress.content_cache' at index 1 read value 17334248032272856919049904129148938617700988014304292665051363529817104491524797347555222073430792320059939653561838142512049133114388715375014781493453850835185074611781570404847019710571613655373669594595135033889630776998479070814982991093682257016220976393663747692290960138236990461169158975424217495205235714645535325005531839232559780229597835373266260635303518876566160865710124377185704679970288330545603901891183133829188678302433295812412601508611578502040926066791030664212907508769521753768992941363800118204875972853288437881499254902667790476020116895095900119866747339270646056253520273313150781095936
[08:56:23.772] [bmv2] [T] [thread 86394] [61.0] [cxt 0] switch.p4(113) Primitive hdr.payload.setValid()
[08:56:23.772] [bmv2] [T] [thread 86394] [61.0] [cxt 0] switch.p4(114) Primitive hdr.payload.data = cached_data
[08:56:23.772] [bmv2] [T] [thread 86394] [61.0] [cxt 0] switch.p4(115) Primitive hdr.payload.content_id = hdr.icn.content_id
[08:56:23.772] [bmv2] [T] [thread 86394] [61.0] [cxt 0] switch.p4(116) Primitive hdr.payload.ttl = 8
[08:56:23.772] [bmv2] [T] [thread 86394] [61.0] [cxt 0] switch.p4(117) Primitive hdr.payload.flag = 1
[08:56:23.772] [bmv2] [T] [thread 86394] [61.0] [cxt 0] switch.p4(118) Primitive hdr.ethernet.etherType = 0x88B6
[08:56:23.772] [bmv2] [T] [thread 86394] [61.0] [cxt 0] switch.p4(119) Primitive hdr.icn.setInvalid()
[08:56:23.772] [bmv2] [T] [thread 86394] [61.0] [cxt 0] Applying table 'tbl_data_forward'
[08:56:23.772] [bmv2] [D] [thread 86394] [61.0] [cxt 0] Looking up key:

[08:56:23.773] [bmv2] [D] [thread 86394] [61.0] [cxt 0] Table 'tbl_data_forward': miss
[08:56:23.773] [bmv2] [D] [thread 86394] [61.0] [cxt 0] Action entry is MyIngress.data_forward - 
[08:56:23.773] [bmv2] [T] [thread 86394] [61.0] [cxt 0] Action MyIngress.data_forward
[08:56:23.773] [bmv2] [T] [thread 86394] [61.0] [cxt 0] switch.p4(97) Primitive pit_table.read(egress_port, hdr.payload.content_id)
[08:56:23.773] [bmv2] [T] [thread 86394] [61.0] [cxt 0] Read register 'MyIngress.pit_table' at index 1 read value 1
[08:56:23.773] [bmv2] [T] [thread 86394] [61.0] [cxt 0] switch.p4(98) Primitive standard_metadata.egress_spec = egress_port
[08:56:23.773] [bmv2] [T] [thread 86394] [61.0] [cxt 0] switch.p4(99) Primitive pit_table.write(hdr.payload.content_id, 0)
[08:56:23.773] [bmv2] [T] [thread 86394] [61.0] [cxt 0] Wrote register 'MyIngress.pit_table' at index 1 with value 0
[08:56:23.773] [bmv2] [T] [thread 86394] [61.0] [cxt 0] switch.p4(100) Primitive hdr.ethernet.srcAddr = 0xFFFFFFFFFFFF
[08:56:23.773] [bmv2] [T] [thread 86394] [61.0] [cxt 0] switch.p4(101) Primitive hdr.ethernet.dstAddr = 0xFFFFFFFFFFFF
[08:56:23.773] [bmv2] [T] [thread 86394] [61.0] [cxt 0] switch.p4(102) Primitive hdr.payload.ttl = hdr.payload.ttl - 1
[08:56:23.773] [bmv2] [D] [thread 86394] [61.0] [cxt 0] Pipeline 'ingress': end
[08:56:23.773] [bmv2] [D] [thread 86394] [61.0] [cxt 0] Egress port is 1
[08:56:23.774] [bmv2] [D] [thread 86396] [61.0] [cxt 0] Pipeline 'egress': start
[08:56:23.774] [bmv2] [D] [thread 86396] [61.0] [cxt 0] Pipeline 'egress': end
[08:56:23.774] [bmv2] [D] [thread 86396] [61.0] [cxt 0] Deparser 'deparser': start
[08:56:23.774] [bmv2] [D] [thread 86396] [61.0] [cxt 0] Deparsing header 'ethernet'
[08:56:23.774] [bmv2] [D] [thread 86396] [61.0] [cxt 0] Deparsing header 'payload'
[08:56:23.774] [bmv2] [D] [thread 86396] [61.0] [cxt 0] Deparser 'deparser': end
[08:56:23.774] [bmv2] [D] [thread 86399] [61.0] [cxt 0] Transmitting packet of size 276 out of port 1
[08:56:24.576] [bmv2] [D] [thread 86394] [62.0] [cxt 0] Processing packet received on port 2
[08:56:24.576] [bmv2] [D] [thread 86394] [62.0] [cxt 0] Parser 'parser': start
[08:56:24.576] [bmv2] [D] [thread 86394] [62.0] [cxt 0] Parser 'parser' entering state 'start'
[08:56:24.576] [bmv2] [D] [thread 86394] [62.0] [cxt 0] Extracting header 'ethernet'
[08:56:24.576] [bmv2] [D] [thread 86394] [62.0] [cxt 0] Parser state 'start': key is 86dd
[08:56:24.576] [bmv2] [T] [thread 86394] [62.0] [cxt 0] Bytes parsed: 14
[08:56:24.576] [bmv2] [D] [thread 86394] [62.0] [cxt 0] Parser 'parser': end
[08:56:24.577] [bmv2] [D] [thread 86394] [62.0] [cxt 0] Pipeline 'ingress': start
[08:56:24.577] [bmv2] [T] [thread 86394] [62.0] [cxt 0] switch.p4(147) Condition "hdr.icn.isValid()" (node_2) is false
[08:56:24.577] [bmv2] [T] [thread 86394] [62.0] [cxt 0] switch.p4(164) Condition "hdr.payload.flag == 1" (node_13) is true
[08:56:24.577] [bmv2] [T] [thread 86394] [62.0] [cxt 0] Applying table 'tbl_cache_content'
[08:56:24.577] [bmv2] [D] [thread 86394] [62.0] [cxt 0] Looking up key:

[08:56:24.577] [bmv2] [D] [thread 86394] [62.0] [cxt 0] Table 'tbl_cache_content': miss
[08:56:24.577] [bmv2] [D] [thread 86394] [62.0] [cxt 0] Action entry is MyIngress.cache_content - 
[08:56:24.577] [bmv2] [T] [thread 86394] [62.0] [cxt 0] Action MyIngress.cache_content
[08:56:24.577] [bmv2] [T] [thread 86394] [62.0] [cxt 0] switch.p4(106) Primitive content_cache.write(hdr.payload.content_id, hdr.payload.data)
[08:56:24.577] [bmv2] [T] [thread 86394] [62.0] [cxt 0] Wrote register 'MyIngress.content_cache' at index 1 with value 17334248032272856919049904129148938617700988014304292665051363529817104491524797347555222073430792320059939653561838142512049133114388715375014781493453850835185074611781570404847019710571613655373669594595135033889630776998479070814982991093682257016220976393663747692290960138236990461169158975424217495205235714645535325005531839232559780229597835373266260635303518876566160865710124377185704679970288330545603901891183133829188678302433295812412601508611578502040926066791030664212907508769521753768992941363800118204875972853288437881499254902667790476020116895095900119866747339270646056253520273313150781095936
[08:56:24.577] [bmv2] [T] [thread 86394] [62.0] [cxt 0] switch.p4(107) Primitive hdr.payload.flag = 0
[08:56:24.577] [bmv2] [T] [thread 86394] [62.0] [cxt 0] Applying table 'tbl_data_forward_0'
[08:56:24.577] [bmv2] [D] [thread 86394] [62.0] [cxt 0] Looking up key:

[08:56:24.577] [bmv2] [D] [thread 86394] [62.0] [cxt 0] Table 'tbl_data_forward_0': miss
[08:56:24.577] [bmv2] [D] [thread 86394] [62.0] [cxt 0] Action entry is MyIngress.data_forward - 
[08:56:24.577] [bmv2] [T] [thread 86394] [62.0] [cxt 0] Action MyIngress.data_forward
[08:56:24.577] [bmv2] [T] [thread 86394] [62.0] [cxt 0] switch.p4(97) Primitive pit_table.read(egress_port, hdr.payload.content_id)
[08:56:24.577] [bmv2] [T] [thread 86394] [62.0] [cxt 0] Read register 'MyIngress.pit_table' at index 1 read value 0
[08:56:24.577] [bmv2] [T] [thread 86394] [62.0] [cxt 0] switch.p4(98) Primitive standard_metadata.egress_spec = egress_port
[08:56:24.577] [bmv2] [T] [thread 86394] [62.0] [cxt 0] switch.p4(99) Primitive pit_table.write(hdr.payload.content_id, 0)
[08:56:24.577] [bmv2] [T] [thread 86394] [62.0] [cxt 0] Wrote register 'MyIngress.pit_table' at index 1 with value 0
[08:56:24.577] [bmv2] [T] [thread 86394] [62.0] [cxt 0] switch.p4(100) Primitive hdr.ethernet.srcAddr = 0xFFFFFFFFFFFF
[08:56:24.577] [bmv2] [T] [thread 86394] [62.0] [cxt 0] switch.p4(101) Primitive hdr.ethernet.dstAddr = 0xFFFFFFFFFFFF
[08:56:24.577] [bmv2] [T] [thread 86394] [62.0] [cxt 0] switch.p4(102) Primitive hdr.payload.ttl = hdr.payload.ttl - 1
[08:56:24.577] [bmv2] [D] [thread 86394] [62.0] [cxt 0] Pipeline 'ingress': end
[08:56:24.577] [bmv2] [D] [thread 86394] [62.0] [cxt 0] Egress port is 0
[08:56:24.577] [bmv2] [D] [thread 86395] [62.0] [cxt 0] Pipeline 'egress': start
[08:56:24.577] [bmv2] [D] [thread 86395] [62.0] [cxt 0] Pipeline 'egress': end
[08:56:24.577] [bmv2] [D] [thread 86395] [62.0] [cxt 0] Deparser 'deparser': start
[08:56:24.577] [bmv2] [D] [thread 86395] [62.0] [cxt 0] Deparsing header 'ethernet'
[08:56:24.577] [bmv2] [D] [thread 86395] [62.0] [cxt 0] Deparser 'deparser': end
[08:56:24.577] [bmv2] [D] [thread 86399] [62.0] [cxt 0] Transmitting packet of size 70 out of port 0
[08:56:24.784] [bmv2] [D] [thread 86394] [63.0] [cxt 0] Processing packet received on port 1
[08:56:24.784] [bmv2] [D] [thread 86394] [63.0] [cxt 0] Parser 'parser': start
[08:56:24.784] [bmv2] [D] [thread 86394] [63.0] [cxt 0] Parser 'parser' entering state 'start'
[08:56:24.784] [bmv2] [D] [thread 86394] [63.0] [cxt 0] Extracting header 'ethernet'
[08:56:24.784] [bmv2] [D] [thread 86394] [63.0] [cxt 0] Parser state 'start': key is 88b5
[08:56:24.784] [bmv2] [T] [thread 86394] [63.0] [cxt 0] Bytes parsed: 14
[08:56:24.784] [bmv2] [D] [thread 86394] [63.0] [cxt 0] Parser 'parser' entering state 'parse_icn'
[08:56:24.784] [bmv2] [D] [thread 86394] [63.0] [cxt 0] Extracting header 'icn'
[08:56:24.784] [bmv2] [D] [thread 86394] [63.0] [cxt 0] Parser state 'parse_icn' has no switch, going to default next state
[08:56:24.784] [bmv2] [T] [thread 86394] [63.0] [cxt 0] Bytes parsed: 22
[08:56:24.784] [bmv2] [D] [thread 86394] [63.0] [cxt 0] Parser 'parser': end
[08:56:24.784] [bmv2] [D] [thread 86394] [63.0] [cxt 0] Pipeline 'ingress': start
[08:56:24.784] [bmv2] [T] [thread 86394] [63.0] [cxt 0] switch.p4(147) Condition "hdr.icn.isValid()" (node_2) is true
[08:56:24.784] [bmv2] [T] [thread 86394] [63.0] [cxt 0] Applying table 'tbl_switch148'
[08:56:24.784] [bmv2] [D] [thread 86394] [63.0] [cxt 0] Looking up key:

[08:56:24.784] [bmv2] [D] [thread 86394] [63.0] [cxt 0] Table 'tbl_switch148': miss
[08:56:24.784] [bmv2] [D] [thread 86394] [63.0] [cxt 0] Action entry is switch148 - 
[08:56:24.784] [bmv2] [T] [thread 86394] [63.0] [cxt 0] Action switch148
[08:56:24.784] [bmv2] [T] [thread 86394] [63.0] [cxt 0] switch.p4(148) Primitive content_cache.read(cached_data, hdr.icn.content_id)
[08:56:24.784] [bmv2] [T] [thread 86394] [63.0] [cxt 0] Read register 'MyIngress.content_cache' at index 1 read value 17334248032272856919049904129148938617700988014304292665051363529817104491524797347555222073430792320059939653561838142512049133114388715375014781493453850835185074611781570404847019710571613655373669594595135033889630776998479070814982991093682257016220976393663747692290960138236990461169158975424217495205235714645535325005531839232559780229597835373266260635303518876566160865710124377185704679970288330545603901891183133829188678302433295812412601508611578502040926066791030664212907508769521753768992941363800118204875972853288437881499254902667790476020116895095900119866747339270646056253520273313150781095936
[08:56:24.784] [bmv2] [T] [thread 86394] [63.0] [cxt 0] switch.p4(149) Condition "cached_data != 0" (node_4) is true
[08:56:24.784] [bmv2] [T] [thread 86394] [63.0] [cxt 0] Applying table 'tbl_switch150'
[08:56:24.784] [bmv2] [D] [thread 86394] [63.0] [cxt 0] Looking up key:

[08:56:24.784] [bmv2] [D] [thread 86394] [63.0] [cxt 0] Table 'tbl_switch150': miss
[08:56:24.784] [bmv2] [D] [thread 86394] [63.0] [cxt 0] Action entry is switch150 - 
[08:56:24.784] [bmv2] [T] [thread 86394] [63.0] [cxt 0] Action switch150
[08:56:24.784] [bmv2] [T] [thread 86394] [63.0] [cxt 0] switch.p4(150) Primitive pit_table.write(hdr.icn.content_id, standard_metadata.ingress_port)
[08:56:24.784] [bmv2] [T] [thread 86394] [63.0] [cxt 0] Wrote register 'MyIngress.pit_table' at index 1 with value 1
[08:56:24.784] [bmv2] [T] [thread 86394] [63.0] [cxt 0] switch.p4(151) Condition "hdr.icn.flag == 1" (node_6) is true
[08:56:24.784] [bmv2] [T] [thread 86394] [63.0] [cxt 0] Applying table 'tbl_return_content'
[08:56:24.784] [bmv2] [D] [thread 86394] [63.0] [cxt 0] Looking up key:

[08:56:24.784] [bmv2] [D] [thread 86394] [63.0] [cxt 0] Table 'tbl_return_content': miss
[08:56:24.784] [bmv2] [D] [thread 86394] [63.0] [cxt 0] Action entry is MyIngress.return_content - 
[08:56:24.784] [bmv2] [T] [thread 86394] [63.0] [cxt 0] Action MyIngress.return_content
[08:56:24.784] [bmv2] [T] [thread 86394] [63.0] [cxt 0] switch.p4(112) Primitive content_cache.read(cached_data, hdr.icn.content_id)
[08:56:24.784] [bmv2] [T] [thread 86394] [63.0] [cxt 0] Read register 'MyIngress.content_cache' at index 1 read value 17334248032272856919049904129148938617700988014304292665051363529817104491524797347555222073430792320059939653561838142512049133114388715375014781493453850835185074611781570404847019710571613655373669594595135033889630776998479070814982991093682257016220976393663747692290960138236990461169158975424217495205235714645535325005531839232559780229597835373266260635303518876566160865710124377185704679970288330545603901891183133829188678302433295812412601508611578502040926066791030664212907508769521753768992941363800118204875972853288437881499254902667790476020116895095900119866747339270646056253520273313150781095936
[08:56:24.784] [bmv2] [T] [thread 86394] [63.0] [cxt 0] switch.p4(113) Primitive hdr.payload.setValid()
[08:56:24.784] [bmv2] [T] [thread 86394] [63.0] [cxt 0] switch.p4(114) Primitive hdr.payload.data = cached_data
[08:56:24.784] [bmv2] [T] [thread 86394] [63.0] [cxt 0] switch.p4(115) Primitive hdr.payload.content_id = hdr.icn.content_id
[08:56:24.784] [bmv2] [T] [thread 86394] [63.0] [cxt 0] switch.p4(116) Primitive hdr.payload.ttl = 8
[08:56:24.784] [bmv2] [T] [thread 86394] [63.0] [cxt 0] switch.p4(117) Primitive hdr.payload.flag = 1
[08:56:24.784] [bmv2] [T] [thread 86394] [63.0] [cxt 0] switch.p4(118) Primitive hdr.ethernet.etherType = 0x88B6
[08:56:24.784] [bmv2] [T] [thread 86394] [63.0] [cxt 0] switch.p4(119) Primitive hdr.icn.setInvalid()
[08:56:24.784] [bmv2] [T] [thread 86394] [63.0] [cxt 0] Applying table 'tbl_data_forward'
[08:56:24.784] [bmv2] [D] [thread 86394] [63.0] [cxt 0] Looking up key:

[08:56:24.784] [bmv2] [D] [thread 86394] [63.0] [cxt 0] Table 'tbl_data_forward': miss
[08:56:24.784] [bmv2] [D] [thread 86394] [63.0] [cxt 0] Action entry is MyIngress.data_forward - 
[08:56:24.784] [bmv2] [T] [thread 86394] [63.0] [cxt 0] Action MyIngress.data_forward
[08:56:24.784] [bmv2] [T] [thread 86394] [63.0] [cxt 0] switch.p4(97) Primitive pit_table.read(egress_port, hdr.payload.content_id)
[08:56:24.784] [bmv2] [T] [thread 86394] [63.0] [cxt 0] Read register 'MyIngress.pit_table' at index 1 read value 1
[08:56:24.784] [bmv2] [T] [thread 86394] [63.0] [cxt 0] switch.p4(98) Primitive standard_metadata.egress_spec = egress_port
[08:56:24.784] [bmv2] [T] [thread 86394] [63.0] [cxt 0] switch.p4(99) Primitive pit_table.write(hdr.payload.content_id, 0)
[08:56:24.784] [bmv2] [T] [thread 86394] [63.0] [cxt 0] Wrote register 'MyIngress.pit_table' at index 1 with value 0
[08:56:24.784] [bmv2] [T] [thread 86394] [63.0] [cxt 0] switch.p4(100) Primitive hdr.ethernet.srcAddr = 0xFFFFFFFFFFFF
[08:56:24.784] [bmv2] [T] [thread 86394] [63.0] [cxt 0] switch.p4(101) Primitive hdr.ethernet.dstAddr = 0xFFFFFFFFFFFF
[08:56:24.784] [bmv2] [T] [thread 86394] [63.0] [cxt 0] switch.p4(102) Primitive hdr.payload.ttl = hdr.payload.ttl - 1
[08:56:24.784] [bmv2] [D] [thread 86394] [63.0] [cxt 0] Pipeline 'ingress': end
[08:56:24.784] [bmv2] [D] [thread 86394] [63.0] [cxt 0] Egress port is 1
[08:56:24.784] [bmv2] [D] [thread 86396] [63.0] [cxt 0] Pipeline 'egress': start
[08:56:24.784] [bmv2] [D] [thread 86396] [63.0] [cxt 0] Pipeline 'egress': end
[08:56:24.784] [bmv2] [D] [thread 86396] [63.0] [cxt 0] Deparser 'deparser': start
[08:56:24.784] [bmv2] [D] [thread 86396] [63.0] [cxt 0] Deparsing header 'ethernet'
[08:56:24.784] [bmv2] [D] [thread 86396] [63.0] [cxt 0] Deparsing header 'payload'
[08:56:24.784] [bmv2] [D] [thread 86396] [63.0] [cxt 0] Deparser 'deparser': end
[08:56:24.784] [bmv2] [D] [thread 86399] [63.0] [cxt 0] Transmitting packet of size 276 out of port 1
[08:56:25.082] [bmv2] [D] [thread 86394] [64.0] [cxt 0] Processing packet received on port 1
[08:56:25.082] [bmv2] [D] [thread 86394] [64.0] [cxt 0] Parser 'parser': start
[08:56:25.082] [bmv2] [D] [thread 86394] [64.0] [cxt 0] Parser 'parser' entering state 'start'
[08:56:25.082] [bmv2] [D] [thread 86394] [64.0] [cxt 0] Extracting header 'ethernet'
[08:56:25.082] [bmv2] [D] [thread 86394] [64.0] [cxt 0] Parser state 'start': key is 86dd
[08:56:25.082] [bmv2] [T] [thread 86394] [64.0] [cxt 0] Bytes parsed: 14
[08:56:25.082] [bmv2] [D] [thread 86394] [64.0] [cxt 0] Parser 'parser': end
[08:56:25.082] [bmv2] [D] [thread 86394] [64.0] [cxt 0] Pipeline 'ingress': start
[08:56:25.082] [bmv2] [T] [thread 86394] [64.0] [cxt 0] switch.p4(147) Condition "hdr.icn.isValid()" (node_2) is false
[08:56:25.082] [bmv2] [T] [thread 86394] [64.0] [cxt 0] switch.p4(164) Condition "hdr.payload.flag == 1" (node_13) is true
[08:56:25.082] [bmv2] [T] [thread 86394] [64.0] [cxt 0] Applying table 'tbl_cache_content'
[08:56:25.082] [bmv2] [D] [thread 86394] [64.0] [cxt 0] Looking up key:

[08:56:25.082] [bmv2] [D] [thread 86394] [64.0] [cxt 0] Table 'tbl_cache_content': miss
[08:56:25.082] [bmv2] [D] [thread 86394] [64.0] [cxt 0] Action entry is MyIngress.cache_content - 
[08:56:25.082] [bmv2] [T] [thread 86394] [64.0] [cxt 0] Action MyIngress.cache_content
[08:56:25.082] [bmv2] [T] [thread 86394] [64.0] [cxt 0] switch.p4(106) Primitive content_cache.write(hdr.payload.content_id, hdr.payload.data)
[08:56:25.082] [bmv2] [T] [thread 86394] [64.0] [cxt 0] Wrote register 'MyIngress.content_cache' at index 1 with value 17334248032272856919049904129148938617700988014304292665051363529817104491524797347555222073430792320059939653561838142512049133114388715375014781493453850835185074611781570404847019710571613655373669594595135033889630776998479070814982991093682257016220976393663747692290960138236990461169158975424217495205235714645535325005531839232559780229597835373266260635303518876566160865710124377185704679970288330545603901891183133829188678302433295812412601508611578502040926066791030664212907508769521753768992941363800118204875972853288437881499254902667790476020116895095900119866747339270646056253520273313150781095936
[08:56:25.082] [bmv2] [T] [thread 86394] [64.0] [cxt 0] switch.p4(107) Primitive hdr.payload.flag = 0
[08:56:25.082] [bmv2] [T] [thread 86394] [64.0] [cxt 0] Applying table 'tbl_data_forward_0'
[08:56:25.082] [bmv2] [D] [thread 86394] [64.0] [cxt 0] Looking up key:

[08:56:25.082] [bmv2] [D] [thread 86394] [64.0] [cxt 0] Table 'tbl_data_forward_0': miss
[08:56:25.082] [bmv2] [D] [thread 86394] [64.0] [cxt 0] Action entry is MyIngress.data_forward - 
[08:56:25.082] [bmv2] [T] [thread 86394] [64.0] [cxt 0] Action MyIngress.data_forward
[08:56:25.082] [bmv2] [T] [thread 86394] [64.0] [cxt 0] switch.p4(97) Primitive pit_table.read(egress_port, hdr.payload.content_id)
[08:56:25.082] [bmv2] [T] [thread 86394] [64.0] [cxt 0] Read register 'MyIngress.pit_table' at index 1 read value 0
[08:56:25.082] [bmv2] [T] [thread 86394] [64.0] [cxt 0] switch.p4(98) Primitive standard_metadata.egress_spec = egress_port
[08:56:25.082] [bmv2] [T] [thread 86394] [64.0] [cxt 0] switch.p4(99) Primitive pit_table.write(hdr.payload.content_id, 0)
[08:56:25.082] [bmv2] [T] [thread 86394] [64.0] [cxt 0] Wrote register 'MyIngress.pit_table' at index 1 with value 0
[08:56:25.082] [bmv2] [T] [thread 86394] [64.0] [cxt 0] switch.p4(100) Primitive hdr.ethernet.srcAddr = 0xFFFFFFFFFFFF
[08:56:25.082] [bmv2] [T] [thread 86394] [64.0] [cxt 0] switch.p4(101) Primitive hdr.ethernet.dstAddr = 0xFFFFFFFFFFFF
[08:56:25.082] [bmv2] [T] [thread 86394] [64.0] [cxt 0] switch.p4(102) Primitive hdr.payload.ttl = hdr.payload.ttl - 1
[08:56:25.082] [bmv2] [D] [thread 86394] [64.0] [cxt 0] Pipeline 'ingress': end
[08:56:25.082] [bmv2] [D] [thread 86394] [64.0] [cxt 0] Egress port is 0
[08:56:25.082] [bmv2] [D] [thread 86395] [64.0] [cxt 0] Pipeline 'egress': start
[08:56:25.082] [bmv2] [D] [thread 86395] [64.0] [cxt 0] Pipeline 'egress': end
[08:56:25.082] [bmv2] [D] [thread 86395] [64.0] [cxt 0] Deparser 'deparser': start
[08:56:25.082] [bmv2] [D] [thread 86395] [64.0] [cxt 0] Deparsing header 'ethernet'
[08:56:25.082] [bmv2] [D] [thread 86395] [64.0] [cxt 0] Deparser 'deparser': end
[08:56:25.083] [bmv2] [D] [thread 86399] [64.0] [cxt 0] Transmitting packet of size 70 out of port 0
[08:56:25.605] [bmv2] [D] [thread 86394] [65.0] [cxt 0] Processing packet received on port 2
[08:56:25.605] [bmv2] [D] [thread 86394] [65.0] [cxt 0] Parser 'parser': start
[08:56:25.605] [bmv2] [D] [thread 86394] [65.0] [cxt 0] Parser 'parser' entering state 'start'
[08:56:25.605] [bmv2] [D] [thread 86394] [65.0] [cxt 0] Extracting header 'ethernet'
[08:56:25.605] [bmv2] [D] [thread 86394] [65.0] [cxt 0] Parser state 'start': key is 86dd
[08:56:25.605] [bmv2] [T] [thread 86394] [65.0] [cxt 0] Bytes parsed: 14
[08:56:25.605] [bmv2] [D] [thread 86394] [65.0] [cxt 0] Parser 'parser': end
[08:56:25.605] [bmv2] [D] [thread 86394] [65.0] [cxt 0] Pipeline 'ingress': start
[08:56:25.605] [bmv2] [T] [thread 86394] [65.0] [cxt 0] switch.p4(147) Condition "hdr.icn.isValid()" (node_2) is false
[08:56:25.605] [bmv2] [T] [thread 86394] [65.0] [cxt 0] switch.p4(164) Condition "hdr.payload.flag == 1" (node_13) is false
[08:56:25.605] [bmv2] [T] [thread 86394] [65.0] [cxt 0] Applying table 'tbl_data_forward_0'
[08:56:25.605] [bmv2] [D] [thread 86394] [65.0] [cxt 0] Looking up key:

[08:56:25.605] [bmv2] [D] [thread 86394] [65.0] [cxt 0] Table 'tbl_data_forward_0': miss
[08:56:25.605] [bmv2] [D] [thread 86394] [65.0] [cxt 0] Action entry is MyIngress.data_forward - 
[08:56:25.605] [bmv2] [T] [thread 86394] [65.0] [cxt 0] Action MyIngress.data_forward
[08:56:25.605] [bmv2] [T] [thread 86394] [65.0] [cxt 0] switch.p4(97) Primitive pit_table.read(egress_port, hdr.payload.content_id)
[08:56:25.605] [bmv2] [T] [thread 86394] [65.0] [cxt 0] Read register 'MyIngress.pit_table' at index 1 read value 0
[08:56:25.605] [bmv2] [T] [thread 86394] [65.0] [cxt 0] switch.p4(98) Primitive standard_metadata.egress_spec = egress_port
[08:56:25.605] [bmv2] [T] [thread 86394] [65.0] [cxt 0] switch.p4(99) Primitive pit_table.write(hdr.payload.content_id, 0)
[08:56:25.605] [bmv2] [T] [thread 86394] [65.0] [cxt 0] Wrote register 'MyIngress.pit_table' at index 1 with value 0
[08:56:25.605] [bmv2] [T] [thread 86394] [65.0] [cxt 0] switch.p4(100) Primitive hdr.ethernet.srcAddr = 0xFFFFFFFFFFFF
[08:56:25.605] [bmv2] [T] [thread 86394] [65.0] [cxt 0] switch.p4(101) Primitive hdr.ethernet.dstAddr = 0xFFFFFFFFFFFF
[08:56:25.605] [bmv2] [T] [thread 86394] [65.0] [cxt 0] switch.p4(102) Primitive hdr.payload.ttl = hdr.payload.ttl - 1
[08:56:25.605] [bmv2] [D] [thread 86394] [65.0] [cxt 0] Pipeline 'ingress': end
[08:56:25.605] [bmv2] [D] [thread 86394] [65.0] [cxt 0] Egress port is 0
[08:56:25.605] [bmv2] [D] [thread 86395] [65.0] [cxt 0] Pipeline 'egress': start
[08:56:25.605] [bmv2] [D] [thread 86395] [65.0] [cxt 0] Pipeline 'egress': end
[08:56:25.605] [bmv2] [D] [thread 86395] [65.0] [cxt 0] Deparser 'deparser': start
[08:56:25.605] [bmv2] [D] [thread 86395] [65.0] [cxt 0] Deparsing header 'ethernet'
[08:56:25.605] [bmv2] [D] [thread 86395] [65.0] [cxt 0] Deparser 'deparser': end
[08:56:25.605] [bmv2] [D] [thread 86399] [65.0] [cxt 0] Transmitting packet of size 70 out of port 0
[08:56:25.830] [bmv2] [D] [thread 86394] [66.0] [cxt 0] Processing packet received on port 1
[08:56:25.830] [bmv2] [D] [thread 86394] [66.0] [cxt 0] Parser 'parser': start
[08:56:25.830] [bmv2] [D] [thread 86394] [66.0] [cxt 0] Parser 'parser' entering state 'start'
[08:56:25.830] [bmv2] [D] [thread 86394] [66.0] [cxt 0] Extracting header 'ethernet'
[08:56:25.830] [bmv2] [D] [thread 86394] [66.0] [cxt 0] Parser state 'start': key is 88b5
[08:56:25.830] [bmv2] [T] [thread 86394] [66.0] [cxt 0] Bytes parsed: 14
[08:56:25.830] [bmv2] [D] [thread 86394] [66.0] [cxt 0] Parser 'parser' entering state 'parse_icn'
[08:56:25.830] [bmv2] [D] [thread 86394] [66.0] [cxt 0] Extracting header 'icn'
[08:56:25.830] [bmv2] [D] [thread 86394] [66.0] [cxt 0] Parser state 'parse_icn' has no switch, going to default next state
[08:56:25.830] [bmv2] [T] [thread 86394] [66.0] [cxt 0] Bytes parsed: 22
[08:56:25.830] [bmv2] [D] [thread 86394] [66.0] [cxt 0] Parser 'parser': end
[08:56:25.830] [bmv2] [D] [thread 86394] [66.0] [cxt 0] Pipeline 'ingress': start
[08:56:25.830] [bmv2] [T] [thread 86394] [66.0] [cxt 0] switch.p4(147) Condition "hdr.icn.isValid()" (node_2) is true
[08:56:25.830] [bmv2] [T] [thread 86394] [66.0] [cxt 0] Applying table 'tbl_switch148'
[08:56:25.830] [bmv2] [D] [thread 86394] [66.0] [cxt 0] Looking up key:

[08:56:25.830] [bmv2] [D] [thread 86394] [66.0] [cxt 0] Table 'tbl_switch148': miss
[08:56:25.830] [bmv2] [D] [thread 86394] [66.0] [cxt 0] Action entry is switch148 - 
[08:56:25.830] [bmv2] [T] [thread 86394] [66.0] [cxt 0] Action switch148
[08:56:25.830] [bmv2] [T] [thread 86394] [66.0] [cxt 0] switch.p4(148) Primitive content_cache.read(cached_data, hdr.icn.content_id)
[08:56:25.830] [bmv2] [T] [thread 86394] [66.0] [cxt 0] Read register 'MyIngress.content_cache' at index 1 read value 17334248032272856919049904129148938617700988014304292665051363529817104491524797347555222073430792320059939653561838142512049133114388715375014781493453850835185074611781570404847019710571613655373669594595135033889630776998479070814982991093682257016220976393663747692290960138236990461169158975424217495205235714645535325005531839232559780229597835373266260635303518876566160865710124377185704679970288330545603901891183133829188678302433295812412601508611578502040926066791030664212907508769521753768992941363800118204875972853288437881499254902667790476020116895095900119866747339270646056253520273313150781095936
[08:56:25.830] [bmv2] [T] [thread 86394] [66.0] [cxt 0] switch.p4(149) Condition "cached_data != 0" (node_4) is true
[08:56:25.830] [bmv2] [T] [thread 86394] [66.0] [cxt 0] Applying table 'tbl_switch150'
[08:56:25.830] [bmv2] [D] [thread 86394] [66.0] [cxt 0] Looking up key:

[08:56:25.830] [bmv2] [D] [thread 86394] [66.0] [cxt 0] Table 'tbl_switch150': miss
[08:56:25.830] [bmv2] [D] [thread 86394] [66.0] [cxt 0] Action entry is switch150 - 
[08:56:25.830] [bmv2] [T] [thread 86394] [66.0] [cxt 0] Action switch150
[08:56:25.830] [bmv2] [T] [thread 86394] [66.0] [cxt 0] switch.p4(150) Primitive pit_table.write(hdr.icn.content_id, standard_metadata.ingress_port)
[08:56:25.830] [bmv2] [T] [thread 86394] [66.0] [cxt 0] Wrote register 'MyIngress.pit_table' at index 1 with value 1
[08:56:25.830] [bmv2] [T] [thread 86394] [66.0] [cxt 0] switch.p4(151) Condition "hdr.icn.flag == 1" (node_6) is true
[08:56:25.830] [bmv2] [T] [thread 86394] [66.0] [cxt 0] Applying table 'tbl_return_content'
[08:56:25.830] [bmv2] [D] [thread 86394] [66.0] [cxt 0] Looking up key:

[08:56:25.830] [bmv2] [D] [thread 86394] [66.0] [cxt 0] Table 'tbl_return_content': miss
[08:56:25.830] [bmv2] [D] [thread 86394] [66.0] [cxt 0] Action entry is MyIngress.return_content - 
[08:56:25.830] [bmv2] [T] [thread 86394] [66.0] [cxt 0] Action MyIngress.return_content
[08:56:25.830] [bmv2] [T] [thread 86394] [66.0] [cxt 0] switch.p4(112) Primitive content_cache.read(cached_data, hdr.icn.content_id)
[08:56:25.830] [bmv2] [T] [thread 86394] [66.0] [cxt 0] Read register 'MyIngress.content_cache' at index 1 read value 17334248032272856919049904129148938617700988014304292665051363529817104491524797347555222073430792320059939653561838142512049133114388715375014781493453850835185074611781570404847019710571613655373669594595135033889630776998479070814982991093682257016220976393663747692290960138236990461169158975424217495205235714645535325005531839232559780229597835373266260635303518876566160865710124377185704679970288330545603901891183133829188678302433295812412601508611578502040926066791030664212907508769521753768992941363800118204875972853288437881499254902667790476020116895095900119866747339270646056253520273313150781095936
[08:56:25.830] [bmv2] [T] [thread 86394] [66.0] [cxt 0] switch.p4(113) Primitive hdr.payload.setValid()
[08:56:25.830] [bmv2] [T] [thread 86394] [66.0] [cxt 0] switch.p4(114) Primitive hdr.payload.data = cached_data
[08:56:25.830] [bmv2] [T] [thread 86394] [66.0] [cxt 0] switch.p4(115) Primitive hdr.payload.content_id = hdr.icn.content_id
[08:56:25.830] [bmv2] [T] [thread 86394] [66.0] [cxt 0] switch.p4(116) Primitive hdr.payload.ttl = 8
[08:56:25.830] [bmv2] [T] [thread 86394] [66.0] [cxt 0] switch.p4(117) Primitive hdr.payload.flag = 1
[08:56:25.830] [bmv2] [T] [thread 86394] [66.0] [cxt 0] switch.p4(118) Primitive hdr.ethernet.etherType = 0x88B6
[08:56:25.830] [bmv2] [T] [thread 86394] [66.0] [cxt 0] switch.p4(119) Primitive hdr.icn.setInvalid()
[08:56:25.830] [bmv2] [T] [thread 86394] [66.0] [cxt 0] Applying table 'tbl_data_forward'
[08:56:25.830] [bmv2] [D] [thread 86394] [66.0] [cxt 0] Looking up key:

[08:56:25.830] [bmv2] [D] [thread 86394] [66.0] [cxt 0] Table 'tbl_data_forward': miss
[08:56:25.830] [bmv2] [D] [thread 86394] [66.0] [cxt 0] Action entry is MyIngress.data_forward - 
[08:56:25.830] [bmv2] [T] [thread 86394] [66.0] [cxt 0] Action MyIngress.data_forward
[08:56:25.830] [bmv2] [T] [thread 86394] [66.0] [cxt 0] switch.p4(97) Primitive pit_table.read(egress_port, hdr.payload.content_id)
[08:56:25.830] [bmv2] [T] [thread 86394] [66.0] [cxt 0] Read register 'MyIngress.pit_table' at index 1 read value 1
[08:56:25.830] [bmv2] [T] [thread 86394] [66.0] [cxt 0] switch.p4(98) Primitive standard_metadata.egress_spec = egress_port
[08:56:25.830] [bmv2] [T] [thread 86394] [66.0] [cxt 0] switch.p4(99) Primitive pit_table.write(hdr.payload.content_id, 0)
[08:56:25.830] [bmv2] [T] [thread 86394] [66.0] [cxt 0] Wrote register 'MyIngress.pit_table' at index 1 with value 0
[08:56:25.830] [bmv2] [T] [thread 86394] [66.0] [cxt 0] switch.p4(100) Primitive hdr.ethernet.srcAddr = 0xFFFFFFFFFFFF
[08:56:25.830] [bmv2] [T] [thread 86394] [66.0] [cxt 0] switch.p4(101) Primitive hdr.ethernet.dstAddr = 0xFFFFFFFFFFFF
[08:56:25.830] [bmv2] [T] [thread 86394] [66.0] [cxt 0] switch.p4(102) Primitive hdr.payload.ttl = hdr.payload.ttl - 1
[08:56:25.830] [bmv2] [D] [thread 86394] [66.0] [cxt 0] Pipeline 'ingress': end
[08:56:25.830] [bmv2] [D] [thread 86394] [66.0] [cxt 0] Egress port is 1
[08:56:25.830] [bmv2] [D] [thread 86396] [66.0] [cxt 0] Pipeline 'egress': start
[08:56:25.830] [bmv2] [D] [thread 86396] [66.0] [cxt 0] Pipeline 'egress': end
[08:56:25.830] [bmv2] [D] [thread 86396] [66.0] [cxt 0] Deparser 'deparser': start
[08:56:25.830] [bmv2] [D] [thread 86396] [66.0] [cxt 0] Deparsing header 'ethernet'
[08:56:25.830] [bmv2] [D] [thread 86396] [66.0] [cxt 0] Deparsing header 'payload'
[08:56:25.830] [bmv2] [D] [thread 86396] [66.0] [cxt 0] Deparser 'deparser': end
[08:56:25.830] [bmv2] [D] [thread 86399] [66.0] [cxt 0] Transmitting packet of size 276 out of port 1
[08:56:26.835] [bmv2] [D] [thread 86394] [67.0] [cxt 0] Processing packet received on port 1
[08:56:26.835] [bmv2] [D] [thread 86394] [67.0] [cxt 0] Parser 'parser': start
[08:56:26.835] [bmv2] [D] [thread 86394] [67.0] [cxt 0] Parser 'parser' entering state 'start'
[08:56:26.835] [bmv2] [D] [thread 86394] [67.0] [cxt 0] Extracting header 'ethernet'
[08:56:26.835] [bmv2] [D] [thread 86394] [67.0] [cxt 0] Parser state 'start': key is 88b5
[08:56:26.835] [bmv2] [T] [thread 86394] [67.0] [cxt 0] Bytes parsed: 14
[08:56:26.835] [bmv2] [D] [thread 86394] [67.0] [cxt 0] Parser 'parser' entering state 'parse_icn'
[08:56:26.835] [bmv2] [D] [thread 86394] [67.0] [cxt 0] Extracting header 'icn'
[08:56:26.835] [bmv2] [D] [thread 86394] [67.0] [cxt 0] Parser state 'parse_icn' has no switch, going to default next state
[08:56:26.835] [bmv2] [T] [thread 86394] [67.0] [cxt 0] Bytes parsed: 22
[08:56:26.835] [bmv2] [D] [thread 86394] [67.0] [cxt 0] Parser 'parser': end
[08:56:26.835] [bmv2] [D] [thread 86394] [67.0] [cxt 0] Pipeline 'ingress': start
[08:56:26.835] [bmv2] [T] [thread 86394] [67.0] [cxt 0] switch.p4(147) Condition "hdr.icn.isValid()" (node_2) is true
[08:56:26.835] [bmv2] [T] [thread 86394] [67.0] [cxt 0] Applying table 'tbl_switch148'
[08:56:26.835] [bmv2] [D] [thread 86394] [67.0] [cxt 0] Looking up key:

[08:56:26.835] [bmv2] [D] [thread 86394] [67.0] [cxt 0] Table 'tbl_switch148': miss
[08:56:26.835] [bmv2] [D] [thread 86394] [67.0] [cxt 0] Action entry is switch148 - 
[08:56:26.835] [bmv2] [T] [thread 86394] [67.0] [cxt 0] Action switch148
[08:56:26.835] [bmv2] [T] [thread 86394] [67.0] [cxt 0] switch.p4(148) Primitive content_cache.read(cached_data, hdr.icn.content_id)
[08:56:26.835] [bmv2] [T] [thread 86394] [67.0] [cxt 0] Read register 'MyIngress.content_cache' at index 1 read value 17334248032272856919049904129148938617700988014304292665051363529817104491524797347555222073430792320059939653561838142512049133114388715375014781493453850835185074611781570404847019710571613655373669594595135033889630776998479070814982991093682257016220976393663747692290960138236990461169158975424217495205235714645535325005531839232559780229597835373266260635303518876566160865710124377185704679970288330545603901891183133829188678302433295812412601508611578502040926066791030664212907508769521753768992941363800118204875972853288437881499254902667790476020116895095900119866747339270646056253520273313150781095936
[08:56:26.835] [bmv2] [T] [thread 86394] [67.0] [cxt 0] switch.p4(149) Condition "cached_data != 0" (node_4) is true
[08:56:26.835] [bmv2] [T] [thread 86394] [67.0] [cxt 0] Applying table 'tbl_switch150'
[08:56:26.835] [bmv2] [D] [thread 86394] [67.0] [cxt 0] Looking up key:

[08:56:26.835] [bmv2] [D] [thread 86394] [67.0] [cxt 0] Table 'tbl_switch150': miss
[08:56:26.835] [bmv2] [D] [thread 86394] [67.0] [cxt 0] Action entry is switch150 - 
[08:56:26.835] [bmv2] [T] [thread 86394] [67.0] [cxt 0] Action switch150
[08:56:26.835] [bmv2] [T] [thread 86394] [67.0] [cxt 0] switch.p4(150) Primitive pit_table.write(hdr.icn.content_id, standard_metadata.ingress_port)
[08:56:26.835] [bmv2] [T] [thread 86394] [67.0] [cxt 0] Wrote register 'MyIngress.pit_table' at index 1 with value 1
[08:56:26.835] [bmv2] [T] [thread 86394] [67.0] [cxt 0] switch.p4(151) Condition "hdr.icn.flag == 1" (node_6) is true
[08:56:26.835] [bmv2] [T] [thread 86394] [67.0] [cxt 0] Applying table 'tbl_return_content'
[08:56:26.835] [bmv2] [D] [thread 86394] [67.0] [cxt 0] Looking up key:

[08:56:26.835] [bmv2] [D] [thread 86394] [67.0] [cxt 0] Table 'tbl_return_content': miss
[08:56:26.835] [bmv2] [D] [thread 86394] [67.0] [cxt 0] Action entry is MyIngress.return_content - 
[08:56:26.835] [bmv2] [T] [thread 86394] [67.0] [cxt 0] Action MyIngress.return_content
[08:56:26.835] [bmv2] [T] [thread 86394] [67.0] [cxt 0] switch.p4(112) Primitive content_cache.read(cached_data, hdr.icn.content_id)
[08:56:26.835] [bmv2] [T] [thread 86394] [67.0] [cxt 0] Read register 'MyIngress.content_cache' at index 1 read value 17334248032272856919049904129148938617700988014304292665051363529817104491524797347555222073430792320059939653561838142512049133114388715375014781493453850835185074611781570404847019710571613655373669594595135033889630776998479070814982991093682257016220976393663747692290960138236990461169158975424217495205235714645535325005531839232559780229597835373266260635303518876566160865710124377185704679970288330545603901891183133829188678302433295812412601508611578502040926066791030664212907508769521753768992941363800118204875972853288437881499254902667790476020116895095900119866747339270646056253520273313150781095936
[08:56:26.835] [bmv2] [T] [thread 86394] [67.0] [cxt 0] switch.p4(113) Primitive hdr.payload.setValid()
[08:56:26.835] [bmv2] [T] [thread 86394] [67.0] [cxt 0] switch.p4(114) Primitive hdr.payload.data = cached_data
[08:56:26.835] [bmv2] [T] [thread 86394] [67.0] [cxt 0] switch.p4(115) Primitive hdr.payload.content_id = hdr.icn.content_id
[08:56:26.835] [bmv2] [T] [thread 86394] [67.0] [cxt 0] switch.p4(116) Primitive hdr.payload.ttl = 8
[08:56:26.835] [bmv2] [T] [thread 86394] [67.0] [cxt 0] switch.p4(117) Primitive hdr.payload.flag = 1
[08:56:26.835] [bmv2] [T] [thread 86394] [67.0] [cxt 0] switch.p4(118) Primitive hdr.ethernet.etherType = 0x88B6
[08:56:26.835] [bmv2] [T] [thread 86394] [67.0] [cxt 0] switch.p4(119) Primitive hdr.icn.setInvalid()
[08:56:26.835] [bmv2] [T] [thread 86394] [67.0] [cxt 0] Applying table 'tbl_data_forward'
[08:56:26.835] [bmv2] [D] [thread 86394] [67.0] [cxt 0] Looking up key:

[08:56:26.835] [bmv2] [D] [thread 86394] [67.0] [cxt 0] Table 'tbl_data_forward': miss
[08:56:26.835] [bmv2] [D] [thread 86394] [67.0] [cxt 0] Action entry is MyIngress.data_forward - 
[08:56:26.835] [bmv2] [T] [thread 86394] [67.0] [cxt 0] Action MyIngress.data_forward
[08:56:26.835] [bmv2] [T] [thread 86394] [67.0] [cxt 0] switch.p4(97) Primitive pit_table.read(egress_port, hdr.payload.content_id)
[08:56:26.835] [bmv2] [T] [thread 86394] [67.0] [cxt 0] Read register 'MyIngress.pit_table' at index 1 read value 1
[08:56:26.835] [bmv2] [T] [thread 86394] [67.0] [cxt 0] switch.p4(98) Primitive standard_metadata.egress_spec = egress_port
[08:56:26.835] [bmv2] [T] [thread 86394] [67.0] [cxt 0] switch.p4(99) Primitive pit_table.write(hdr.payload.content_id, 0)
[08:56:26.835] [bmv2] [T] [thread 86394] [67.0] [cxt 0] Wrote register 'MyIngress.pit_table' at index 1 with value 0
[08:56:26.835] [bmv2] [T] [thread 86394] [67.0] [cxt 0] switch.p4(100) Primitive hdr.ethernet.srcAddr = 0xFFFFFFFFFFFF
[08:56:26.835] [bmv2] [T] [thread 86394] [67.0] [cxt 0] switch.p4(101) Primitive hdr.ethernet.dstAddr = 0xFFFFFFFFFFFF
[08:56:26.835] [bmv2] [T] [thread 86394] [67.0] [cxt 0] switch.p4(102) Primitive hdr.payload.ttl = hdr.payload.ttl - 1
[08:56:26.835] [bmv2] [D] [thread 86394] [67.0] [cxt 0] Pipeline 'ingress': end
[08:56:26.835] [bmv2] [D] [thread 86394] [67.0] [cxt 0] Egress port is 1
[08:56:26.835] [bmv2] [D] [thread 86396] [67.0] [cxt 0] Pipeline 'egress': start
[08:56:26.835] [bmv2] [D] [thread 86396] [67.0] [cxt 0] Pipeline 'egress': end
[08:56:26.835] [bmv2] [D] [thread 86396] [67.0] [cxt 0] Deparser 'deparser': start
[08:56:26.835] [bmv2] [D] [thread 86396] [67.0] [cxt 0] Deparsing header 'ethernet'
[08:56:26.835] [bmv2] [D] [thread 86396] [67.0] [cxt 0] Deparsing header 'payload'
[08:56:26.835] [bmv2] [D] [thread 86396] [67.0] [cxt 0] Deparser 'deparser': end
[08:56:26.835] [bmv2] [D] [thread 86399] [67.0] [cxt 0] Transmitting packet of size 276 out of port 1
[08:56:27.413] [bmv2] [D] [thread 86394] [68.0] [cxt 0] Processing packet received on port 1
[08:56:27.413] [bmv2] [D] [thread 86394] [68.0] [cxt 0] Parser 'parser': start
[08:56:27.413] [bmv2] [D] [thread 86394] [68.0] [cxt 0] Parser 'parser' entering state 'start'
[08:56:27.413] [bmv2] [D] [thread 86394] [68.0] [cxt 0] Extracting header 'ethernet'
[08:56:27.413] [bmv2] [D] [thread 86394] [68.0] [cxt 0] Parser state 'start': key is 86dd
[08:56:27.413] [bmv2] [T] [thread 86394] [68.0] [cxt 0] Bytes parsed: 14
[08:56:27.413] [bmv2] [D] [thread 86394] [68.0] [cxt 0] Parser 'parser': end
[08:56:27.413] [bmv2] [D] [thread 86394] [68.0] [cxt 0] Pipeline 'ingress': start
[08:56:27.413] [bmv2] [T] [thread 86394] [68.0] [cxt 0] switch.p4(147) Condition "hdr.icn.isValid()" (node_2) is false
[08:56:27.413] [bmv2] [T] [thread 86394] [68.0] [cxt 0] switch.p4(164) Condition "hdr.payload.flag == 1" (node_13) is true
[08:56:27.413] [bmv2] [T] [thread 86394] [68.0] [cxt 0] Applying table 'tbl_cache_content'
[08:56:27.413] [bmv2] [D] [thread 86394] [68.0] [cxt 0] Looking up key:

[08:56:27.413] [bmv2] [D] [thread 86394] [68.0] [cxt 0] Table 'tbl_cache_content': miss
[08:56:27.413] [bmv2] [D] [thread 86394] [68.0] [cxt 0] Action entry is MyIngress.cache_content - 
[08:56:27.413] [bmv2] [T] [thread 86394] [68.0] [cxt 0] Action MyIngress.cache_content
[08:56:27.413] [bmv2] [T] [thread 86394] [68.0] [cxt 0] switch.p4(106) Primitive content_cache.write(hdr.payload.content_id, hdr.payload.data)
[08:56:27.413] [bmv2] [T] [thread 86394] [68.0] [cxt 0] Wrote register 'MyIngress.content_cache' at index 1 with value 17334248032272856919049904129148938617700988014304292665051363529817104491524797347555222073430792320059939653561838142512049133114388715375014781493453850835185074611781570404847019710571613655373669594595135033889630776998479070814982991093682257016220976393663747692290960138236990461169158975424217495205235714645535325005531839232559780229597835373266260635303518876566160865710124377185704679970288330545603901891183133829188678302433295812412601508611578502040926066791030664212907508769521753768992941363800118204875972853288437881499254902667790476020116895095900119866747339270646056253520273313150781095936
[08:56:27.413] [bmv2] [T] [thread 86394] [68.0] [cxt 0] switch.p4(107) Primitive hdr.payload.flag = 0
[08:56:27.413] [bmv2] [T] [thread 86394] [68.0] [cxt 0] Applying table 'tbl_data_forward_0'
[08:56:27.413] [bmv2] [D] [thread 86394] [68.0] [cxt 0] Looking up key:

[08:56:27.413] [bmv2] [D] [thread 86394] [68.0] [cxt 0] Table 'tbl_data_forward_0': miss
[08:56:27.413] [bmv2] [D] [thread 86394] [68.0] [cxt 0] Action entry is MyIngress.data_forward - 
[08:56:27.413] [bmv2] [T] [thread 86394] [68.0] [cxt 0] Action MyIngress.data_forward
[08:56:27.413] [bmv2] [T] [thread 86394] [68.0] [cxt 0] switch.p4(97) Primitive pit_table.read(egress_port, hdr.payload.content_id)
[08:56:27.413] [bmv2] [T] [thread 86394] [68.0] [cxt 0] Read register 'MyIngress.pit_table' at index 1 read value 0
[08:56:27.413] [bmv2] [T] [thread 86394] [68.0] [cxt 0] switch.p4(98) Primitive standard_metadata.egress_spec = egress_port
[08:56:27.413] [bmv2] [T] [thread 86394] [68.0] [cxt 0] switch.p4(99) Primitive pit_table.write(hdr.payload.content_id, 0)
[08:56:27.413] [bmv2] [T] [thread 86394] [68.0] [cxt 0] Wrote register 'MyIngress.pit_table' at index 1 with value 0
[08:56:27.413] [bmv2] [T] [thread 86394] [68.0] [cxt 0] switch.p4(100) Primitive hdr.ethernet.srcAddr = 0xFFFFFFFFFFFF
[08:56:27.413] [bmv2] [T] [thread 86394] [68.0] [cxt 0] switch.p4(101) Primitive hdr.ethernet.dstAddr = 0xFFFFFFFFFFFF
[08:56:27.413] [bmv2] [T] [thread 86394] [68.0] [cxt 0] switch.p4(102) Primitive hdr.payload.ttl = hdr.payload.ttl - 1
[08:56:27.413] [bmv2] [D] [thread 86394] [68.0] [cxt 0] Pipeline 'ingress': end
[08:56:27.413] [bmv2] [D] [thread 86394] [68.0] [cxt 0] Egress port is 0
[08:56:27.413] [bmv2] [D] [thread 86395] [68.0] [cxt 0] Pipeline 'egress': start
[08:56:27.413] [bmv2] [D] [thread 86395] [68.0] [cxt 0] Pipeline 'egress': end
[08:56:27.413] [bmv2] [D] [thread 86395] [68.0] [cxt 0] Deparser 'deparser': start
[08:56:27.413] [bmv2] [D] [thread 86395] [68.0] [cxt 0] Deparsing header 'ethernet'
[08:56:27.413] [bmv2] [D] [thread 86395] [68.0] [cxt 0] Deparser 'deparser': end
[08:56:27.413] [bmv2] [D] [thread 86399] [68.0] [cxt 0] Transmitting packet of size 203 out of port 0
[08:56:27.571] [bmv2] [D] [thread 86394] [69.0] [cxt 0] Processing packet received on port 2
[08:56:27.571] [bmv2] [D] [thread 86394] [69.0] [cxt 0] Parser 'parser': start
[08:56:27.571] [bmv2] [D] [thread 86394] [69.0] [cxt 0] Parser 'parser' entering state 'start'
[08:56:27.571] [bmv2] [D] [thread 86394] [69.0] [cxt 0] Extracting header 'ethernet'
[08:56:27.571] [bmv2] [D] [thread 86394] [69.0] [cxt 0] Parser state 'start': key is 86dd
[08:56:27.571] [bmv2] [T] [thread 86394] [69.0] [cxt 0] Bytes parsed: 14
[08:56:27.571] [bmv2] [D] [thread 86394] [69.0] [cxt 0] Parser 'parser': end
[08:56:27.571] [bmv2] [D] [thread 86394] [69.0] [cxt 0] Pipeline 'ingress': start
[08:56:27.571] [bmv2] [T] [thread 86394] [69.0] [cxt 0] switch.p4(147) Condition "hdr.icn.isValid()" (node_2) is false
[08:56:27.571] [bmv2] [T] [thread 86394] [69.0] [cxt 0] switch.p4(164) Condition "hdr.payload.flag == 1" (node_13) is false
[08:56:27.571] [bmv2] [T] [thread 86394] [69.0] [cxt 0] Applying table 'tbl_data_forward_0'
[08:56:27.571] [bmv2] [D] [thread 86394] [69.0] [cxt 0] Looking up key:

[08:56:27.571] [bmv2] [D] [thread 86394] [69.0] [cxt 0] Table 'tbl_data_forward_0': miss
[08:56:27.571] [bmv2] [D] [thread 86394] [69.0] [cxt 0] Action entry is MyIngress.data_forward - 
[08:56:27.571] [bmv2] [T] [thread 86394] [69.0] [cxt 0] Action MyIngress.data_forward
[08:56:27.571] [bmv2] [T] [thread 86394] [69.0] [cxt 0] switch.p4(97) Primitive pit_table.read(egress_port, hdr.payload.content_id)
[08:56:27.571] [bmv2] [T] [thread 86394] [69.0] [cxt 0] Read register 'MyIngress.pit_table' at index 1 read value 0
[08:56:27.571] [bmv2] [T] [thread 86394] [69.0] [cxt 0] switch.p4(98) Primitive standard_metadata.egress_spec = egress_port
[08:56:27.571] [bmv2] [T] [thread 86394] [69.0] [cxt 0] switch.p4(99) Primitive pit_table.write(hdr.payload.content_id, 0)
[08:56:27.571] [bmv2] [T] [thread 86394] [69.0] [cxt 0] Wrote register 'MyIngress.pit_table' at index 1 with value 0
[08:56:27.571] [bmv2] [T] [thread 86394] [69.0] [cxt 0] switch.p4(100) Primitive hdr.ethernet.srcAddr = 0xFFFFFFFFFFFF
[08:56:27.571] [bmv2] [T] [thread 86394] [69.0] [cxt 0] switch.p4(101) Primitive hdr.ethernet.dstAddr = 0xFFFFFFFFFFFF
[08:56:27.571] [bmv2] [T] [thread 86394] [69.0] [cxt 0] switch.p4(102) Primitive hdr.payload.ttl = hdr.payload.ttl - 1
[08:56:27.571] [bmv2] [D] [thread 86394] [69.0] [cxt 0] Pipeline 'ingress': end
[08:56:27.571] [bmv2] [D] [thread 86394] [69.0] [cxt 0] Egress port is 0
[08:56:27.571] [bmv2] [D] [thread 86395] [69.0] [cxt 0] Pipeline 'egress': start
[08:56:27.571] [bmv2] [D] [thread 86395] [69.0] [cxt 0] Pipeline 'egress': end
[08:56:27.571] [bmv2] [D] [thread 86395] [69.0] [cxt 0] Deparser 'deparser': start
[08:56:27.571] [bmv2] [D] [thread 86395] [69.0] [cxt 0] Deparsing header 'ethernet'
[08:56:27.571] [bmv2] [D] [thread 86395] [69.0] [cxt 0] Deparser 'deparser': end
[08:56:27.571] [bmv2] [D] [thread 86399] [69.0] [cxt 0] Transmitting packet of size 203 out of port 0
open: No such file or directory
open: No such file or directory
open: No such file or directory
