Calling target program-options parser
[09:04:21.268] [bmv2] [D] [thread 94314] Set default default entry for table 'tbl_switch148': switch148 - 
[09:04:21.268] [bmv2] [D] [thread 94314] Set default default entry for table 'tbl_switch150': switch150 - 
[09:04:21.268] [bmv2] [D] [thread 94314] Set default default entry for table 'tbl_return_content': MyIngress.return_content - 
[09:04:21.268] [bmv2] [D] [thread 94314] Set default default entry for table 'tbl_return_content_0': MyIngress.return_content - 
[09:04:21.268] [bmv2] [D] [thread 94314] Set default default entry for table 'tbl_switch155': switch155 - 
[09:04:21.268] [bmv2] [D] [thread 94314] Set default default entry for table 'tbl_data_forward': MyIngress.data_forward - 
[09:04:21.268] [bmv2] [D] [thread 94314] Set default default entry for table 'tbl_switch159': switch159 - 
[09:04:21.268] [bmv2] [D] [thread 94314] Set default default entry for table 'MyIngress.foward_interest': MyIngress.drop - 
[09:04:21.268] [bmv2] [D] [thread 94314] Set default default entry for table 'tbl_cache_content': MyIngress.cache_content - 
[09:04:21.268] [bmv2] [D] [thread 94314] Set default default entry for table 'tbl_data_forward_0': MyIngress.data_forward - 
Adding interface s2-eth1 as port 1
[09:04:21.293] [bmv2] [D] [thread 94314] Adding interface s2-eth1 as port 1
Adding interface s2-eth2 as port 2
[09:04:21.308] [bmv2] [D] [thread 94314] Adding interface s2-eth2 as port 2
Server listening on 0.0.0.0:50154
[09:04:21.325] [bmv2] [I] [thread 94314] Starting Thrift server on port 9193
[09:04:21.325] [bmv2] [I] [thread 94314] Thrift server was started
[09:04:21.497] [bmv2] [D] [thread 94329] [0.0] [cxt 0] Processing packet received on port 2
[09:04:21.497] [bmv2] [D] [thread 94329] [0.0] [cxt 0] Parser 'parser': start
[09:04:21.497] [bmv2] [D] [thread 94329] [0.0] [cxt 0] Parser 'parser' entering state 'start'
[09:04:21.497] [bmv2] [D] [thread 94329] [0.0] [cxt 0] Extracting header 'ethernet'
[09:04:21.497] [bmv2] [D] [thread 94329] [0.0] [cxt 0] Parser state 'start': key is 86dd
[09:04:21.497] [bmv2] [T] [thread 94329] [0.0] [cxt 0] Bytes parsed: 14
[09:04:21.497] [bmv2] [D] [thread 94329] [0.0] [cxt 0] Parser 'parser': end
[09:04:21.497] [bmv2] [D] [thread 94329] [0.0] [cxt 0] Pipeline 'ingress': start
[09:04:21.497] [bmv2] [T] [thread 94329] [0.0] [cxt 0] switch.p4(147) Condition "hdr.icn.isValid()" (node_2) is false
[09:04:21.497] [bmv2] [T] [thread 94329] [0.0] [cxt 0] switch.p4(164) Condition "hdr.payload.flag == 1" (node_13) is false
[09:04:21.497] [bmv2] [T] [thread 94329] [0.0] [cxt 0] Applying table 'tbl_data_forward_0'
[09:04:21.497] [bmv2] [D] [thread 94329] [0.0] [cxt 0] Looking up key:

[09:04:21.497] [bmv2] [D] [thread 94329] [0.0] [cxt 0] Table 'tbl_data_forward_0': miss
[09:04:21.497] [bmv2] [D] [thread 94329] [0.0] [cxt 0] Action entry is MyIngress.data_forward - 
[09:04:21.497] [bmv2] [T] [thread 94329] [0.0] [cxt 0] Action MyIngress.data_forward
[09:04:21.497] [bmv2] [T] [thread 94329] [0.0] [cxt 0] switch.p4(97) Primitive pit_table.read(egress_port, hdr.payload.content_id)
[09:04:21.497] [bmv2] [T] [thread 94329] [0.0] [cxt 0] Read register 'MyIngress.pit_table' at index 0 read value 0
[09:04:21.497] [bmv2] [T] [thread 94329] [0.0] [cxt 0] switch.p4(98) Primitive standard_metadata.egress_spec = egress_port
[09:04:21.497] [bmv2] [T] [thread 94329] [0.0] [cxt 0] switch.p4(99) Primitive pit_table.write(hdr.payload.content_id, 0)
[09:04:21.497] [bmv2] [T] [thread 94329] [0.0] [cxt 0] Wrote register 'MyIngress.pit_table' at index 0 with value 0
[09:04:21.497] [bmv2] [T] [thread 94329] [0.0] [cxt 0] switch.p4(100) Primitive hdr.ethernet.srcAddr = 0xFFFFFFFFFFFF
[09:04:21.497] [bmv2] [T] [thread 94329] [0.0] [cxt 0] switch.p4(101) Primitive hdr.ethernet.dstAddr = 0xFFFFFFFFFFFF
[09:04:21.497] [bmv2] [T] [thread 94329] [0.0] [cxt 0] switch.p4(102) Primitive hdr.payload.ttl = hdr.payload.ttl - 1
[09:04:21.497] [bmv2] [D] [thread 94329] [0.0] [cxt 0] Pipeline 'ingress': end
[09:04:21.497] [bmv2] [D] [thread 94329] [0.0] [cxt 0] Egress port is 0
[09:04:21.497] [bmv2] [D] [thread 94329] [1.0] [cxt 0] Processing packet received on port 1
[09:04:21.497] [bmv2] [D] [thread 94329] [1.0] [cxt 0] Parser 'parser': start
[09:04:21.497] [bmv2] [D] [thread 94329] [1.0] [cxt 0] Parser 'parser' entering state 'start'
[09:04:21.497] [bmv2] [D] [thread 94329] [1.0] [cxt 0] Extracting header 'ethernet'
[09:04:21.497] [bmv2] [D] [thread 94329] [1.0] [cxt 0] Parser state 'start': key is 86dd
[09:04:21.497] [bmv2] [T] [thread 94329] [1.0] [cxt 0] Bytes parsed: 14
[09:04:21.497] [bmv2] [D] [thread 94329] [1.0] [cxt 0] Parser 'parser': end
[09:04:21.499] [bmv2] [D] [thread 94329] [1.0] [cxt 0] Pipeline 'ingress': start
[09:04:21.499] [bmv2] [T] [thread 94329] [1.0] [cxt 0] switch.p4(147) Condition "hdr.icn.isValid()" (node_2) is false
[09:04:21.497] [bmv2] [D] [thread 94330] [0.0] [cxt 0] Pipeline 'egress': start
[09:04:21.499] [bmv2] [T] [thread 94329] [1.0] [cxt 0] switch.p4(164) Condition "hdr.payload.flag == 1" (node_13) is false
[09:04:21.499] [bmv2] [D] [thread 94330] [0.0] [cxt 0] Pipeline 'egress': end
[09:04:21.499] [bmv2] [D] [thread 94330] [0.0] [cxt 0] Deparser 'deparser': start
[09:04:21.499] [bmv2] [D] [thread 94330] [0.0] [cxt 0] Deparsing header 'ethernet'
[09:04:21.499] [bmv2] [D] [thread 94330] [0.0] [cxt 0] Deparser 'deparser': end
[09:04:21.499] [bmv2] [T] [thread 94329] [1.0] [cxt 0] Applying table 'tbl_data_forward_0'
[09:04:21.499] [bmv2] [D] [thread 94329] [1.0] [cxt 0] Looking up key:

[09:04:21.499] [bmv2] [D] [thread 94329] [1.0] [cxt 0] Table 'tbl_data_forward_0': miss
[09:04:21.499] [bmv2] [D] [thread 94329] [1.0] [cxt 0] Action entry is MyIngress.data_forward - 
[09:04:21.499] [bmv2] [T] [thread 94329] [1.0] [cxt 0] Action MyIngress.data_forward
[09:04:21.499] [bmv2] [T] [thread 94329] [1.0] [cxt 0] switch.p4(97) Primitive pit_table.read(egress_port, hdr.payload.content_id)
[09:04:21.499] [bmv2] [T] [thread 94329] [1.0] [cxt 0] Read register 'MyIngress.pit_table' at index 0 read value 0
[09:04:21.499] [bmv2] [T] [thread 94329] [1.0] [cxt 0] switch.p4(98) Primitive standard_metadata.egress_spec = egress_port
[09:04:21.499] [bmv2] [T] [thread 94329] [1.0] [cxt 0] switch.p4(99) Primitive pit_table.write(hdr.payload.content_id, 0)
[09:04:21.499] [bmv2] [T] [thread 94329] [1.0] [cxt 0] Wrote register 'MyIngress.pit_table' at index 0 with value 0
[09:04:21.499] [bmv2] [T] [thread 94329] [1.0] [cxt 0] switch.p4(100) Primitive hdr.ethernet.srcAddr = 0xFFFFFFFFFFFF
[09:04:21.499] [bmv2] [T] [thread 94329] [1.0] [cxt 0] switch.p4(101) Primitive hdr.ethernet.dstAddr = 0xFFFFFFFFFFFF
[09:04:21.499] [bmv2] [T] [thread 94329] [1.0] [cxt 0] switch.p4(102) Primitive hdr.payload.ttl = hdr.payload.ttl - 1
[09:04:21.499] [bmv2] [D] [thread 94329] [1.0] [cxt 0] Pipeline 'ingress': end
[09:04:21.499] [bmv2] [D] [thread 94329] [1.0] [cxt 0] Egress port is 0
[09:04:21.499] [bmv2] [D] [thread 94330] [1.0] [cxt 0] Pipeline 'egress': start
[09:04:21.499] [bmv2] [D] [thread 94334] [0.0] [cxt 0] Transmitting packet of size 90 out of port 0
[09:04:21.500] [bmv2] [D] [thread 94330] [1.0] [cxt 0] Pipeline 'egress': end
[09:04:21.500] [bmv2] [D] [thread 94330] [1.0] [cxt 0] Deparser 'deparser': start
[09:04:21.500] [bmv2] [D] [thread 94330] [1.0] [cxt 0] Deparsing header 'ethernet'
[09:04:21.500] [bmv2] [D] [thread 94330] [1.0] [cxt 0] Deparser 'deparser': end
[09:04:21.500] [bmv2] [D] [thread 94334] [1.0] [cxt 0] Transmitting packet of size 90 out of port 0
[09:04:21.648] [bmv2] [D] [thread 94329] [2.0] [cxt 0] Processing packet received on port 1
[09:04:21.648] [bmv2] [D] [thread 94329] [2.0] [cxt 0] Parser 'parser': start
[09:04:21.648] [bmv2] [D] [thread 94329] [2.0] [cxt 0] Parser 'parser' entering state 'start'
[09:04:21.648] [bmv2] [D] [thread 94329] [2.0] [cxt 0] Extracting header 'ethernet'
[09:04:21.648] [bmv2] [D] [thread 94329] [2.0] [cxt 0] Parser state 'start': key is 86dd
[09:04:21.648] [bmv2] [T] [thread 94329] [2.0] [cxt 0] Bytes parsed: 14
[09:04:21.648] [bmv2] [D] [thread 94329] [2.0] [cxt 0] Parser 'parser': end
[09:04:21.648] [bmv2] [D] [thread 94329] [2.0] [cxt 0] Pipeline 'ingress': start
[09:04:21.648] [bmv2] [T] [thread 94329] [2.0] [cxt 0] switch.p4(147) Condition "hdr.icn.isValid()" (node_2) is false
[09:04:21.648] [bmv2] [T] [thread 94329] [2.0] [cxt 0] switch.p4(164) Condition "hdr.payload.flag == 1" (node_13) is false
[09:04:21.648] [bmv2] [T] [thread 94329] [2.0] [cxt 0] Applying table 'tbl_data_forward_0'
[09:04:21.648] [bmv2] [D] [thread 94329] [2.0] [cxt 0] Looking up key:

[09:04:21.648] [bmv2] [D] [thread 94329] [2.0] [cxt 0] Table 'tbl_data_forward_0': miss
[09:04:21.648] [bmv2] [D] [thread 94329] [2.0] [cxt 0] Action entry is MyIngress.data_forward - 
[09:04:21.648] [bmv2] [T] [thread 94329] [2.0] [cxt 0] Action MyIngress.data_forward
[09:04:21.648] [bmv2] [T] [thread 94329] [2.0] [cxt 0] switch.p4(97) Primitive pit_table.read(egress_port, hdr.payload.content_id)
[09:04:21.648] [bmv2] [T] [thread 94329] [2.0] [cxt 0] Read register 'MyIngress.pit_table' at index 0 read value 0
[09:04:21.648] [bmv2] [T] [thread 94329] [2.0] [cxt 0] switch.p4(98) Primitive standard_metadata.egress_spec = egress_port
[09:04:21.648] [bmv2] [T] [thread 94329] [2.0] [cxt 0] switch.p4(99) Primitive pit_table.write(hdr.payload.content_id, 0)
[09:04:21.648] [bmv2] [T] [thread 94329] [2.0] [cxt 0] Wrote register 'MyIngress.pit_table' at index 0 with value 0
[09:04:21.648] [bmv2] [T] [thread 94329] [2.0] [cxt 0] switch.p4(100) Primitive hdr.ethernet.srcAddr = 0xFFFFFFFFFFFF
[09:04:21.648] [bmv2] [T] [thread 94329] [2.0] [cxt 0] switch.p4(101) Primitive hdr.ethernet.dstAddr = 0xFFFFFFFFFFFF
[09:04:21.648] [bmv2] [T] [thread 94329] [2.0] [cxt 0] switch.p4(102) Primitive hdr.payload.ttl = hdr.payload.ttl - 1
[09:04:21.648] [bmv2] [D] [thread 94329] [2.0] [cxt 0] Pipeline 'ingress': end
[09:04:21.648] [bmv2] [D] [thread 94329] [2.0] [cxt 0] Egress port is 0
[09:04:21.654] [bmv2] [D] [thread 94329] [3.0] [cxt 0] Processing packet received on port 1
[09:04:21.654] [bmv2] [D] [thread 94329] [3.0] [cxt 0] Parser 'parser': start
[09:04:21.654] [bmv2] [D] [thread 94329] [3.0] [cxt 0] Parser 'parser' entering state 'start'
[09:04:21.654] [bmv2] [D] [thread 94329] [3.0] [cxt 0] Extracting header 'ethernet'
[09:04:21.654] [bmv2] [D] [thread 94329] [3.0] [cxt 0] Parser state 'start': key is 86dd
[09:04:21.654] [bmv2] [T] [thread 94329] [3.0] [cxt 0] Bytes parsed: 14
[09:04:21.654] [bmv2] [D] [thread 94329] [3.0] [cxt 0] Parser 'parser': end
[09:04:21.654] [bmv2] [D] [thread 94329] [3.0] [cxt 0] Pipeline 'ingress': start
[09:04:21.654] [bmv2] [T] [thread 94329] [3.0] [cxt 0] switch.p4(147) Condition "hdr.icn.isValid()" (node_2) is false
[09:04:21.654] [bmv2] [T] [thread 94329] [3.0] [cxt 0] switch.p4(164) Condition "hdr.payload.flag == 1" (node_13) is false
[09:04:21.654] [bmv2] [T] [thread 94329] [3.0] [cxt 0] Applying table 'tbl_data_forward_0'
[09:04:21.654] [bmv2] [D] [thread 94329] [3.0] [cxt 0] Looking up key:

[09:04:21.654] [bmv2] [D] [thread 94329] [3.0] [cxt 0] Table 'tbl_data_forward_0': miss
[09:04:21.654] [bmv2] [D] [thread 94329] [3.0] [cxt 0] Action entry is MyIngress.data_forward - 
[09:04:21.654] [bmv2] [T] [thread 94329] [3.0] [cxt 0] Action MyIngress.data_forward
[09:04:21.654] [bmv2] [T] [thread 94329] [3.0] [cxt 0] switch.p4(97) Primitive pit_table.read(egress_port, hdr.payload.content_id)
[09:04:21.654] [bmv2] [T] [thread 94329] [3.0] [cxt 0] Read register 'MyIngress.pit_table' at index 0 read value 0
[09:04:21.654] [bmv2] [T] [thread 94329] [3.0] [cxt 0] switch.p4(98) Primitive standard_metadata.egress_spec = egress_port
[09:04:21.654] [bmv2] [T] [thread 94329] [3.0] [cxt 0] switch.p4(99) Primitive pit_table.write(hdr.payload.content_id, 0)
[09:04:21.654] [bmv2] [D] [thread 94330] [2.0] [cxt 0] Pipeline 'egress': start
[09:04:21.654] [bmv2] [T] [thread 94329] [3.0] [cxt 0] Wrote register 'MyIngress.pit_table' at index 0 with value 0
[09:04:21.654] [bmv2] [T] [thread 94329] [3.0] [cxt 0] switch.p4(100) Primitive hdr.ethernet.srcAddr = 0xFFFFFFFFFFFF
[09:04:21.654] [bmv2] [T] [thread 94329] [3.0] [cxt 0] switch.p4(101) Primitive hdr.ethernet.dstAddr = 0xFFFFFFFFFFFF
[09:04:21.654] [bmv2] [T] [thread 94329] [3.0] [cxt 0] switch.p4(102) Primitive hdr.payload.ttl = hdr.payload.ttl - 1
[09:04:21.654] [bmv2] [D] [thread 94329] [3.0] [cxt 0] Pipeline 'ingress': end
[09:04:21.654] [bmv2] [D] [thread 94329] [3.0] [cxt 0] Egress port is 0
[09:04:21.654] [bmv2] [D] [thread 94330] [2.0] [cxt 0] Pipeline 'egress': end
[09:04:21.654] [bmv2] [D] [thread 94330] [2.0] [cxt 0] Deparser 'deparser': start
[09:04:21.654] [bmv2] [D] [thread 94330] [2.0] [cxt 0] Deparsing header 'ethernet'
[09:04:21.654] [bmv2] [D] [thread 94330] [2.0] [cxt 0] Deparser 'deparser': end
[09:04:21.654] [bmv2] [D] [thread 94330] [3.0] [cxt 0] Pipeline 'egress': start
[09:04:21.654] [bmv2] [D] [thread 94330] [3.0] [cxt 0] Pipeline 'egress': end
[09:04:21.654] [bmv2] [D] [thread 94330] [3.0] [cxt 0] Deparser 'deparser': start
[09:04:21.654] [bmv2] [D] [thread 94330] [3.0] [cxt 0] Deparsing header 'ethernet'
[09:04:21.654] [bmv2] [D] [thread 94330] [3.0] [cxt 0] Deparser 'deparser': end
[09:04:21.654] [bmv2] [D] [thread 94334] [2.0] [cxt 0] Transmitting packet of size 90 out of port 0
[09:04:21.654] [bmv2] [D] [thread 94334] [3.0] [cxt 0] Transmitting packet of size 70 out of port 0
[09:04:21.654] [bmv2] [D] [thread 94329] [4.0] [cxt 0] Processing packet received on port 1
[09:04:21.654] [bmv2] [D] [thread 94329] [4.0] [cxt 0] Parser 'parser': start
[09:04:21.654] [bmv2] [D] [thread 94329] [4.0] [cxt 0] Parser 'parser' entering state 'start'
[09:04:21.654] [bmv2] [D] [thread 94329] [4.0] [cxt 0] Extracting header 'ethernet'
[09:04:21.654] [bmv2] [D] [thread 94329] [4.0] [cxt 0] Parser state 'start': key is 86dd
[09:04:21.654] [bmv2] [T] [thread 94329] [4.0] [cxt 0] Bytes parsed: 14
[09:04:21.654] [bmv2] [D] [thread 94329] [4.0] [cxt 0] Parser 'parser': end
[09:04:21.654] [bmv2] [D] [thread 94329] [4.0] [cxt 0] Pipeline 'ingress': start
[09:04:21.654] [bmv2] [T] [thread 94329] [4.0] [cxt 0] switch.p4(147) Condition "hdr.icn.isValid()" (node_2) is false
[09:04:21.654] [bmv2] [T] [thread 94329] [4.0] [cxt 0] switch.p4(164) Condition "hdr.payload.flag == 1" (node_13) is false
[09:04:21.654] [bmv2] [T] [thread 94329] [4.0] [cxt 0] Applying table 'tbl_data_forward_0'
[09:04:21.654] [bmv2] [D] [thread 94329] [4.0] [cxt 0] Looking up key:

[09:04:21.654] [bmv2] [D] [thread 94329] [4.0] [cxt 0] Table 'tbl_data_forward_0': miss
[09:04:21.654] [bmv2] [D] [thread 94329] [4.0] [cxt 0] Action entry is MyIngress.data_forward - 
[09:04:21.654] [bmv2] [T] [thread 94329] [4.0] [cxt 0] Action MyIngress.data_forward
[09:04:21.654] [bmv2] [T] [thread 94329] [4.0] [cxt 0] switch.p4(97) Primitive pit_table.read(egress_port, hdr.payload.content_id)
[09:04:21.654] [bmv2] [T] [thread 94329] [4.0] [cxt 0] Read register 'MyIngress.pit_table' at index 0 read value 0
[09:04:21.654] [bmv2] [T] [thread 94329] [4.0] [cxt 0] switch.p4(98) Primitive standard_metadata.egress_spec = egress_port
[09:04:21.654] [bmv2] [T] [thread 94329] [4.0] [cxt 0] switch.p4(99) Primitive pit_table.write(hdr.payload.content_id, 0)
[09:04:21.654] [bmv2] [T] [thread 94329] [4.0] [cxt 0] Wrote register 'MyIngress.pit_table' at index 0 with value 0
[09:04:21.654] [bmv2] [T] [thread 94329] [4.0] [cxt 0] switch.p4(100) Primitive hdr.ethernet.srcAddr = 0xFFFFFFFFFFFF
[09:04:21.654] [bmv2] [T] [thread 94329] [4.0] [cxt 0] switch.p4(101) Primitive hdr.ethernet.dstAddr = 0xFFFFFFFFFFFF
[09:04:21.654] [bmv2] [T] [thread 94329] [4.0] [cxt 0] switch.p4(102) Primitive hdr.payload.ttl = hdr.payload.ttl - 1
[09:04:21.654] [bmv2] [D] [thread 94329] [4.0] [cxt 0] Pipeline 'ingress': end
[09:04:21.654] [bmv2] [D] [thread 94329] [4.0] [cxt 0] Egress port is 0
[09:04:21.654] [bmv2] [D] [thread 94330] [4.0] [cxt 0] Pipeline 'egress': start
[09:04:21.654] [bmv2] [D] [thread 94330] [4.0] [cxt 0] Pipeline 'egress': end
[09:04:21.654] [bmv2] [D] [thread 94330] [4.0] [cxt 0] Deparser 'deparser': start
[09:04:21.654] [bmv2] [D] [thread 94330] [4.0] [cxt 0] Deparsing header 'ethernet'
[09:04:21.654] [bmv2] [D] [thread 94330] [4.0] [cxt 0] Deparser 'deparser': end
[09:04:21.654] [bmv2] [D] [thread 94334] [4.0] [cxt 0] Transmitting packet of size 90 out of port 0
[09:04:21.736] [bmv2] [D] [thread 94329] [5.0] [cxt 0] Processing packet received on port 1
[09:04:21.736] [bmv2] [D] [thread 94329] [5.0] [cxt 0] Parser 'parser': start
[09:04:21.736] [bmv2] [D] [thread 94329] [5.0] [cxt 0] Parser 'parser' entering state 'start'
[09:04:21.736] [bmv2] [D] [thread 94329] [5.0] [cxt 0] Extracting header 'ethernet'
[09:04:21.736] [bmv2] [D] [thread 94329] [5.0] [cxt 0] Parser state 'start': key is 86dd
[09:04:21.736] [bmv2] [T] [thread 94329] [5.0] [cxt 0] Bytes parsed: 14
[09:04:21.736] [bmv2] [D] [thread 94329] [5.0] [cxt 0] Parser 'parser': end
[09:04:21.736] [bmv2] [D] [thread 94329] [5.0] [cxt 0] Pipeline 'ingress': start
[09:04:21.736] [bmv2] [T] [thread 94329] [5.0] [cxt 0] switch.p4(147) Condition "hdr.icn.isValid()" (node_2) is false
[09:04:21.736] [bmv2] [T] [thread 94329] [5.0] [cxt 0] switch.p4(164) Condition "hdr.payload.flag == 1" (node_13) is false
[09:04:21.736] [bmv2] [T] [thread 94329] [5.0] [cxt 0] Applying table 'tbl_data_forward_0'
[09:04:21.736] [bmv2] [D] [thread 94329] [5.0] [cxt 0] Looking up key:

[09:04:21.736] [bmv2] [D] [thread 94329] [5.0] [cxt 0] Table 'tbl_data_forward_0': miss
[09:04:21.736] [bmv2] [D] [thread 94329] [5.0] [cxt 0] Action entry is MyIngress.data_forward - 
[09:04:21.736] [bmv2] [T] [thread 94329] [5.0] [cxt 0] Action MyIngress.data_forward
[09:04:21.736] [bmv2] [T] [thread 94329] [5.0] [cxt 0] switch.p4(97) Primitive pit_table.read(egress_port, hdr.payload.content_id)
[09:04:21.736] [bmv2] [T] [thread 94329] [5.0] [cxt 0] Read register 'MyIngress.pit_table' at index 0 read value 0
[09:04:21.736] [bmv2] [T] [thread 94329] [5.0] [cxt 0] switch.p4(98) Primitive standard_metadata.egress_spec = egress_port
[09:04:21.736] [bmv2] [T] [thread 94329] [5.0] [cxt 0] switch.p4(99) Primitive pit_table.write(hdr.payload.content_id, 0)
[09:04:21.736] [bmv2] [T] [thread 94329] [5.0] [cxt 0] Wrote register 'MyIngress.pit_table' at index 0 with value 0
[09:04:21.736] [bmv2] [T] [thread 94329] [5.0] [cxt 0] switch.p4(100) Primitive hdr.ethernet.srcAddr = 0xFFFFFFFFFFFF
[09:04:21.736] [bmv2] [T] [thread 94329] [5.0] [cxt 0] switch.p4(101) Primitive hdr.ethernet.dstAddr = 0xFFFFFFFFFFFF
[09:04:21.736] [bmv2] [T] [thread 94329] [5.0] [cxt 0] switch.p4(102) Primitive hdr.payload.ttl = hdr.payload.ttl - 1
[09:04:21.736] [bmv2] [D] [thread 94329] [5.0] [cxt 0] Pipeline 'ingress': end
[09:04:21.736] [bmv2] [D] [thread 94329] [5.0] [cxt 0] Egress port is 0
[09:04:21.736] [bmv2] [D] [thread 94329] [6.0] [cxt 0] Processing packet received on port 1
[09:04:21.736] [bmv2] [D] [thread 94329] [6.0] [cxt 0] Parser 'parser': start
[09:04:21.736] [bmv2] [D] [thread 94329] [6.0] [cxt 0] Parser 'parser' entering state 'start'
[09:04:21.736] [bmv2] [D] [thread 94329] [6.0] [cxt 0] Extracting header 'ethernet'
[09:04:21.736] [bmv2] [D] [thread 94330] [5.0] [cxt 0] Pipeline 'egress': start
[09:04:21.736] [bmv2] [D] [thread 94330] [5.0] [cxt 0] Pipeline 'egress': end
[09:04:21.736] [bmv2] [D] [thread 94330] [5.0] [cxt 0] Deparser 'deparser': start
[09:04:21.736] [bmv2] [D] [thread 94330] [5.0] [cxt 0] Deparsing header 'ethernet'
[09:04:21.736] [bmv2] [D] [thread 94329] [6.0] [cxt 0] Parser state 'start': key is 86dd
[09:04:21.736] [bmv2] [T] [thread 94329] [6.0] [cxt 0] Bytes parsed: 14
[09:04:21.736] [bmv2] [D] [thread 94329] [6.0] [cxt 0] Parser 'parser': end
[09:04:21.736] [bmv2] [D] [thread 94329] [6.0] [cxt 0] Pipeline 'ingress': start
[09:04:21.736] [bmv2] [T] [thread 94329] [6.0] [cxt 0] switch.p4(147) Condition "hdr.icn.isValid()" (node_2) is false
[09:04:21.736] [bmv2] [T] [thread 94329] [6.0] [cxt 0] switch.p4(164) Condition "hdr.payload.flag == 1" (node_13) is false
[09:04:21.736] [bmv2] [T] [thread 94329] [6.0] [cxt 0] Applying table 'tbl_data_forward_0'
[09:04:21.736] [bmv2] [D] [thread 94329] [6.0] [cxt 0] Looking up key:

[09:04:21.736] [bmv2] [D] [thread 94329] [6.0] [cxt 0] Table 'tbl_data_forward_0': miss
[09:04:21.736] [bmv2] [D] [thread 94329] [6.0] [cxt 0] Action entry is MyIngress.data_forward - 
[09:04:21.736] [bmv2] [T] [thread 94329] [6.0] [cxt 0] Action MyIngress.data_forward
[09:04:21.736] [bmv2] [D] [thread 94330] [5.0] [cxt 0] Deparser 'deparser': end
[09:04:21.736] [bmv2] [D] [thread 94334] [5.0] [cxt 0] Transmitting packet of size 110 out of port 0
[09:04:21.736] [bmv2] [T] [thread 94329] [6.0] [cxt 0] switch.p4(97) Primitive pit_table.read(egress_port, hdr.payload.content_id)
[09:04:21.736] [bmv2] [T] [thread 94329] [6.0] [cxt 0] Read register 'MyIngress.pit_table' at index 0 read value 0
[09:04:21.736] [bmv2] [T] [thread 94329] [6.0] [cxt 0] switch.p4(98) Primitive standard_metadata.egress_spec = egress_port
[09:04:21.736] [bmv2] [T] [thread 94329] [6.0] [cxt 0] switch.p4(99) Primitive pit_table.write(hdr.payload.content_id, 0)
[09:04:21.736] [bmv2] [T] [thread 94329] [6.0] [cxt 0] Wrote register 'MyIngress.pit_table' at index 0 with value 0
[09:04:21.736] [bmv2] [T] [thread 94329] [6.0] [cxt 0] switch.p4(100) Primitive hdr.ethernet.srcAddr = 0xFFFFFFFFFFFF
[09:04:21.736] [bmv2] [T] [thread 94329] [6.0] [cxt 0] switch.p4(101) Primitive hdr.ethernet.dstAddr = 0xFFFFFFFFFFFF
[09:04:21.736] [bmv2] [T] [thread 94329] [6.0] [cxt 0] switch.p4(102) Primitive hdr.payload.ttl = hdr.payload.ttl - 1
[09:04:21.736] [bmv2] [D] [thread 94329] [6.0] [cxt 0] Pipeline 'ingress': end
[09:04:21.736] [bmv2] [D] [thread 94329] [6.0] [cxt 0] Egress port is 0
[09:04:21.737] [bmv2] [D] [thread 94330] [6.0] [cxt 0] Pipeline 'egress': start
[09:04:21.737] [bmv2] [D] [thread 94330] [6.0] [cxt 0] Pipeline 'egress': end
[09:04:21.737] [bmv2] [D] [thread 94330] [6.0] [cxt 0] Deparser 'deparser': start
[09:04:21.737] [bmv2] [D] [thread 94330] [6.0] [cxt 0] Deparsing header 'ethernet'
[09:04:21.737] [bmv2] [D] [thread 94330] [6.0] [cxt 0] Deparser 'deparser': end
[09:04:21.738] [bmv2] [D] [thread 94334] [6.0] [cxt 0] Transmitting packet of size 90 out of port 0
[09:04:21.748] [bmv2] [D] [thread 94329] [7.0] [cxt 0] Processing packet received on port 1
[09:04:21.748] [bmv2] [D] [thread 94329] [7.0] [cxt 0] Parser 'parser': start
[09:04:21.748] [bmv2] [D] [thread 94329] [7.0] [cxt 0] Parser 'parser' entering state 'start'
[09:04:21.748] [bmv2] [D] [thread 94329] [7.0] [cxt 0] Extracting header 'ethernet'
[09:04:21.748] [bmv2] [D] [thread 94329] [7.0] [cxt 0] Parser state 'start': key is 86dd
[09:04:21.748] [bmv2] [T] [thread 94329] [7.0] [cxt 0] Bytes parsed: 14
[09:04:21.748] [bmv2] [D] [thread 94329] [7.0] [cxt 0] Parser 'parser': end
[09:04:21.748] [bmv2] [D] [thread 94329] [7.0] [cxt 0] Pipeline 'ingress': start
[09:04:21.748] [bmv2] [T] [thread 94329] [7.0] [cxt 0] switch.p4(147) Condition "hdr.icn.isValid()" (node_2) is false
[09:04:21.748] [bmv2] [T] [thread 94329] [7.0] [cxt 0] switch.p4(164) Condition "hdr.payload.flag == 1" (node_13) is false
[09:04:21.748] [bmv2] [T] [thread 94329] [7.0] [cxt 0] Applying table 'tbl_data_forward_0'
[09:04:21.748] [bmv2] [D] [thread 94329] [7.0] [cxt 0] Looking up key:

[09:04:21.748] [bmv2] [D] [thread 94329] [7.0] [cxt 0] Table 'tbl_data_forward_0': miss
[09:04:21.748] [bmv2] [D] [thread 94329] [7.0] [cxt 0] Action entry is MyIngress.data_forward - 
[09:04:21.748] [bmv2] [T] [thread 94329] [7.0] [cxt 0] Action MyIngress.data_forward
[09:04:21.748] [bmv2] [T] [thread 94329] [7.0] [cxt 0] switch.p4(97) Primitive pit_table.read(egress_port, hdr.payload.content_id)
[09:04:21.748] [bmv2] [T] [thread 94329] [7.0] [cxt 0] Read register 'MyIngress.pit_table' at index 0 read value 0
[09:04:21.748] [bmv2] [T] [thread 94329] [7.0] [cxt 0] switch.p4(98) Primitive standard_metadata.egress_spec = egress_port
[09:04:21.748] [bmv2] [T] [thread 94329] [7.0] [cxt 0] switch.p4(99) Primitive pit_table.write(hdr.payload.content_id, 0)
[09:04:21.748] [bmv2] [T] [thread 94329] [7.0] [cxt 0] Wrote register 'MyIngress.pit_table' at index 0 with value 0
[09:04:21.748] [bmv2] [T] [thread 94329] [7.0] [cxt 0] switch.p4(100) Primitive hdr.ethernet.srcAddr = 0xFFFFFFFFFFFF
[09:04:21.748] [bmv2] [T] [thread 94329] [7.0] [cxt 0] switch.p4(101) Primitive hdr.ethernet.dstAddr = 0xFFFFFFFFFFFF
[09:04:21.748] [bmv2] [T] [thread 94329] [7.0] [cxt 0] switch.p4(102) Primitive hdr.payload.ttl = hdr.payload.ttl - 1
[09:04:21.748] [bmv2] [D] [thread 94329] [7.0] [cxt 0] Pipeline 'ingress': end
[09:04:21.748] [bmv2] [D] [thread 94329] [7.0] [cxt 0] Egress port is 0
[09:04:21.752] [bmv2] [D] [thread 94330] [7.0] [cxt 0] Pipeline 'egress': start
[09:04:21.752] [bmv2] [D] [thread 94330] [7.0] [cxt 0] Pipeline 'egress': end
[09:04:21.752] [bmv2] [D] [thread 94330] [7.0] [cxt 0] Deparser 'deparser': start
[09:04:21.752] [bmv2] [D] [thread 94330] [7.0] [cxt 0] Deparsing header 'ethernet'
[09:04:21.752] [bmv2] [D] [thread 94330] [7.0] [cxt 0] Deparser 'deparser': end
[09:04:21.752] [bmv2] [D] [thread 94334] [7.0] [cxt 0] Transmitting packet of size 203 out of port 0
[09:04:21.759] [bmv2] [D] [thread 94329] [8.0] [cxt 0] Processing packet received on port 1
[09:04:21.759] [bmv2] [D] [thread 94329] [8.0] [cxt 0] Parser 'parser': start
[09:04:21.759] [bmv2] [D] [thread 94329] [8.0] [cxt 0] Parser 'parser' entering state 'start'
[09:04:21.759] [bmv2] [D] [thread 94329] [8.0] [cxt 0] Extracting header 'ethernet'
[09:04:21.759] [bmv2] [D] [thread 94329] [8.0] [cxt 0] Parser state 'start': key is 86dd
[09:04:21.759] [bmv2] [T] [thread 94329] [8.0] [cxt 0] Bytes parsed: 14
[09:04:21.759] [bmv2] [D] [thread 94329] [8.0] [cxt 0] Parser 'parser': end
[09:04:21.759] [bmv2] [D] [thread 94329] [8.0] [cxt 0] Pipeline 'ingress': start
[09:04:21.759] [bmv2] [T] [thread 94329] [8.0] [cxt 0] switch.p4(147) Condition "hdr.icn.isValid()" (node_2) is false
[09:04:21.759] [bmv2] [T] [thread 94329] [8.0] [cxt 0] switch.p4(164) Condition "hdr.payload.flag == 1" (node_13) is false
[09:04:21.759] [bmv2] [T] [thread 94329] [8.0] [cxt 0] Applying table 'tbl_data_forward_0'
[09:04:21.759] [bmv2] [D] [thread 94329] [8.0] [cxt 0] Looking up key:

[09:04:21.759] [bmv2] [D] [thread 94329] [8.0] [cxt 0] Table 'tbl_data_forward_0': miss
[09:04:21.759] [bmv2] [D] [thread 94329] [8.0] [cxt 0] Action entry is MyIngress.data_forward - 
[09:04:21.759] [bmv2] [T] [thread 94329] [8.0] [cxt 0] Action MyIngress.data_forward
[09:04:21.759] [bmv2] [T] [thread 94329] [8.0] [cxt 0] switch.p4(97) Primitive pit_table.read(egress_port, hdr.payload.content_id)
[09:04:21.759] [bmv2] [T] [thread 94329] [8.0] [cxt 0] Read register 'MyIngress.pit_table' at index 0 read value 0
[09:04:21.759] [bmv2] [T] [thread 94329] [8.0] [cxt 0] switch.p4(98) Primitive standard_metadata.egress_spec = egress_port
[09:04:21.759] [bmv2] [T] [thread 94329] [8.0] [cxt 0] switch.p4(99) Primitive pit_table.write(hdr.payload.content_id, 0)
[09:04:21.759] [bmv2] [T] [thread 94329] [8.0] [cxt 0] Wrote register 'MyIngress.pit_table' at index 0 with value 0
[09:04:21.759] [bmv2] [T] [thread 94329] [8.0] [cxt 0] switch.p4(100) Primitive hdr.ethernet.srcAddr = 0xFFFFFFFFFFFF
[09:04:21.759] [bmv2] [T] [thread 94329] [8.0] [cxt 0] switch.p4(101) Primitive hdr.ethernet.dstAddr = 0xFFFFFFFFFFFF
[09:04:21.759] [bmv2] [T] [thread 94329] [8.0] [cxt 0] switch.p4(102) Primitive hdr.payload.ttl = hdr.payload.ttl - 1
[09:04:21.759] [bmv2] [D] [thread 94329] [8.0] [cxt 0] Pipeline 'ingress': end
[09:04:21.759] [bmv2] [D] [thread 94329] [8.0] [cxt 0] Egress port is 0
[09:04:21.759] [bmv2] [D] [thread 94330] [8.0] [cxt 0] Pipeline 'egress': start
[09:04:21.759] [bmv2] [D] [thread 94330] [8.0] [cxt 0] Pipeline 'egress': end
[09:04:21.759] [bmv2] [D] [thread 94330] [8.0] [cxt 0] Deparser 'deparser': start
[09:04:21.759] [bmv2] [D] [thread 94330] [8.0] [cxt 0] Deparsing header 'ethernet'
[09:04:21.759] [bmv2] [D] [thread 94330] [8.0] [cxt 0] Deparser 'deparser': end
[09:04:21.759] [bmv2] [D] [thread 94334] [8.0] [cxt 0] Transmitting packet of size 211 out of port 0
[09:04:22.017] [bmv2] [D] [thread 94329] [9.0] [cxt 0] Processing packet received on port 2
[09:04:22.017] [bmv2] [D] [thread 94329] [9.0] [cxt 0] Parser 'parser': start
[09:04:22.017] [bmv2] [D] [thread 94329] [9.0] [cxt 0] Parser 'parser' entering state 'start'
[09:04:22.017] [bmv2] [D] [thread 94329] [9.0] [cxt 0] Extracting header 'ethernet'
[09:04:22.017] [bmv2] [D] [thread 94329] [9.0] [cxt 0] Parser state 'start': key is 86dd
[09:04:22.017] [bmv2] [T] [thread 94329] [9.0] [cxt 0] Bytes parsed: 14
[09:04:22.017] [bmv2] [D] [thread 94329] [9.0] [cxt 0] Parser 'parser': end
[09:04:22.018] [bmv2] [D] [thread 94329] [9.0] [cxt 0] Pipeline 'ingress': start
[09:04:22.018] [bmv2] [T] [thread 94329] [9.0] [cxt 0] switch.p4(147) Condition "hdr.icn.isValid()" (node_2) is false
[09:04:22.018] [bmv2] [T] [thread 94329] [9.0] [cxt 0] switch.p4(164) Condition "hdr.payload.flag == 1" (node_13) is false
[09:04:22.018] [bmv2] [T] [thread 94329] [9.0] [cxt 0] Applying table 'tbl_data_forward_0'
[09:04:22.018] [bmv2] [D] [thread 94329] [9.0] [cxt 0] Looking up key:

[09:04:22.018] [bmv2] [D] [thread 94329] [9.0] [cxt 0] Table 'tbl_data_forward_0': miss
[09:04:22.018] [bmv2] [D] [thread 94329] [9.0] [cxt 0] Action entry is MyIngress.data_forward - 
[09:04:22.018] [bmv2] [T] [thread 94329] [9.0] [cxt 0] Action MyIngress.data_forward
[09:04:22.018] [bmv2] [T] [thread 94329] [9.0] [cxt 0] switch.p4(97) Primitive pit_table.read(egress_port, hdr.payload.content_id)
[09:04:22.018] [bmv2] [T] [thread 94329] [9.0] [cxt 0] Read register 'MyIngress.pit_table' at index 0 read value 0
[09:04:22.018] [bmv2] [T] [thread 94329] [9.0] [cxt 0] switch.p4(98) Primitive standard_metadata.egress_spec = egress_port
[09:04:22.018] [bmv2] [T] [thread 94329] [9.0] [cxt 0] switch.p4(99) Primitive pit_table.write(hdr.payload.content_id, 0)
[09:04:22.018] [bmv2] [T] [thread 94329] [9.0] [cxt 0] Wrote register 'MyIngress.pit_table' at index 0 with value 0
[09:04:22.018] [bmv2] [T] [thread 94329] [9.0] [cxt 0] switch.p4(100) Primitive hdr.ethernet.srcAddr = 0xFFFFFFFFFFFF
[09:04:22.018] [bmv2] [T] [thread 94329] [9.0] [cxt 0] switch.p4(101) Primitive hdr.ethernet.dstAddr = 0xFFFFFFFFFFFF
[09:04:22.018] [bmv2] [T] [thread 94329] [9.0] [cxt 0] switch.p4(102) Primitive hdr.payload.ttl = hdr.payload.ttl - 1
[09:04:22.018] [bmv2] [D] [thread 94329] [9.0] [cxt 0] Pipeline 'ingress': end
[09:04:22.018] [bmv2] [D] [thread 94329] [9.0] [cxt 0] Egress port is 0
[09:04:22.018] [bmv2] [D] [thread 94329] [10.0] [cxt 0] Processing packet received on port 2
[09:04:22.019] [bmv2] [D] [thread 94329] [10.0] [cxt 0] Parser 'parser': start
[09:04:22.019] [bmv2] [D] [thread 94329] [10.0] [cxt 0] Parser 'parser' entering state 'start'
[09:04:22.019] [bmv2] [D] [thread 94329] [10.0] [cxt 0] Extracting header 'ethernet'
[09:04:22.019] [bmv2] [D] [thread 94329] [10.0] [cxt 0] Parser state 'start': key is 86dd
[09:04:22.019] [bmv2] [T] [thread 94329] [10.0] [cxt 0] Bytes parsed: 14
[09:04:22.020] [bmv2] [D] [thread 94329] [10.0] [cxt 0] Parser 'parser': end
[09:04:22.020] [bmv2] [D] [thread 94329] [10.0] [cxt 0] Pipeline 'ingress': start
[09:04:22.020] [bmv2] [T] [thread 94329] [10.0] [cxt 0] switch.p4(147) Condition "hdr.icn.isValid()" (node_2) is false
[09:04:22.021] [bmv2] [T] [thread 94329] [10.0] [cxt 0] switch.p4(164) Condition "hdr.payload.flag == 1" (node_13) is false
[09:04:22.021] [bmv2] [T] [thread 94329] [10.0] [cxt 0] Applying table 'tbl_data_forward_0'
[09:04:22.018] [bmv2] [D] [thread 94330] [9.0] [cxt 0] Pipeline 'egress': start
[09:04:22.021] [bmv2] [D] [thread 94330] [9.0] [cxt 0] Pipeline 'egress': end
[09:04:22.021] [bmv2] [D] [thread 94330] [9.0] [cxt 0] Deparser 'deparser': start
[09:04:22.021] [bmv2] [D] [thread 94330] [9.0] [cxt 0] Deparsing header 'ethernet'
[09:04:22.021] [bmv2] [D] [thread 94330] [9.0] [cxt 0] Deparser 'deparser': end
[09:04:22.021] [bmv2] [D] [thread 94334] [9.0] [cxt 0] Transmitting packet of size 110 out of port 0
[09:04:22.021] [bmv2] [D] [thread 94329] [10.0] [cxt 0] Looking up key:

[09:04:22.021] [bmv2] [D] [thread 94329] [10.0] [cxt 0] Table 'tbl_data_forward_0': miss
[09:04:22.021] [bmv2] [D] [thread 94329] [10.0] [cxt 0] Action entry is MyIngress.data_forward - 
[09:04:22.021] [bmv2] [T] [thread 94329] [10.0] [cxt 0] Action MyIngress.data_forward
[09:04:22.021] [bmv2] [T] [thread 94329] [10.0] [cxt 0] switch.p4(97) Primitive pit_table.read(egress_port, hdr.payload.content_id)
[09:04:22.021] [bmv2] [T] [thread 94329] [10.0] [cxt 0] Read register 'MyIngress.pit_table' at index 0 read value 0
[09:04:22.021] [bmv2] [T] [thread 94329] [10.0] [cxt 0] switch.p4(98) Primitive standard_metadata.egress_spec = egress_port
[09:04:22.022] [bmv2] [T] [thread 94329] [10.0] [cxt 0] switch.p4(99) Primitive pit_table.write(hdr.payload.content_id, 0)
[09:04:22.022] [bmv2] [T] [thread 94329] [10.0] [cxt 0] Wrote register 'MyIngress.pit_table' at index 0 with value 0
[09:04:22.022] [bmv2] [T] [thread 94329] [10.0] [cxt 0] switch.p4(100) Primitive hdr.ethernet.srcAddr = 0xFFFFFFFFFFFF
[09:04:22.022] [bmv2] [T] [thread 94329] [10.0] [cxt 0] switch.p4(101) Primitive hdr.ethernet.dstAddr = 0xFFFFFFFFFFFF
[09:04:22.022] [bmv2] [T] [thread 94329] [10.0] [cxt 0] switch.p4(102) Primitive hdr.payload.ttl = hdr.payload.ttl - 1
[09:04:22.022] [bmv2] [D] [thread 94329] [10.0] [cxt 0] Pipeline 'ingress': end
[09:04:22.022] [bmv2] [D] [thread 94329] [10.0] [cxt 0] Egress port is 0
[09:04:22.022] [bmv2] [D] [thread 94329] [11.0] [cxt 0] Processing packet received on port 2
[09:04:22.023] [bmv2] [D] [thread 94329] [11.0] [cxt 0] Parser 'parser': start
[09:04:22.024] [bmv2] [D] [thread 94329] [11.0] [cxt 0] Parser 'parser' entering state 'start'
[09:04:22.024] [bmv2] [D] [thread 94329] [11.0] [cxt 0] Extracting header 'ethernet'
[09:04:22.024] [bmv2] [D] [thread 94329] [11.0] [cxt 0] Parser state 'start': key is 86dd
[09:04:22.024] [bmv2] [T] [thread 94329] [11.0] [cxt 0] Bytes parsed: 14
[09:04:22.024] [bmv2] [D] [thread 94329] [11.0] [cxt 0] Parser 'parser': end
[09:04:22.025] [bmv2] [D] [thread 94329] [11.0] [cxt 0] Pipeline 'ingress': start
[09:04:22.025] [bmv2] [T] [thread 94329] [11.0] [cxt 0] switch.p4(147) Condition "hdr.icn.isValid()" (node_2) is false
[09:04:22.025] [bmv2] [T] [thread 94329] [11.0] [cxt 0] switch.p4(164) Condition "hdr.payload.flag == 1" (node_13) is false
[09:04:22.023] [bmv2] [D] [thread 94330] [10.0] [cxt 0] Pipeline 'egress': start
[09:04:22.026] [bmv2] [D] [thread 94330] [10.0] [cxt 0] Pipeline 'egress': end
[09:04:22.026] [bmv2] [D] [thread 94330] [10.0] [cxt 0] Deparser 'deparser': start
[09:04:22.026] [bmv2] [D] [thread 94330] [10.0] [cxt 0] Deparsing header 'ethernet'
[09:04:22.026] [bmv2] [D] [thread 94330] [10.0] [cxt 0] Deparser 'deparser': end
[09:04:22.026] [bmv2] [T] [thread 94329] [11.0] [cxt 0] Applying table 'tbl_data_forward_0'
[09:04:22.026] [bmv2] [D] [thread 94329] [11.0] [cxt 0] Looking up key:

[09:04:22.026] [bmv2] [D] [thread 94329] [11.0] [cxt 0] Table 'tbl_data_forward_0': miss
[09:04:22.026] [bmv2] [D] [thread 94329] [11.0] [cxt 0] Action entry is MyIngress.data_forward - 
[09:04:22.026] [bmv2] [T] [thread 94329] [11.0] [cxt 0] Action MyIngress.data_forward
[09:04:22.026] [bmv2] [T] [thread 94329] [11.0] [cxt 0] switch.p4(97) Primitive pit_table.read(egress_port, hdr.payload.content_id)
[09:04:22.026] [bmv2] [T] [thread 94329] [11.0] [cxt 0] Read register 'MyIngress.pit_table' at index 0 read value 0
[09:04:22.026] [bmv2] [T] [thread 94329] [11.0] [cxt 0] switch.p4(98) Primitive standard_metadata.egress_spec = egress_port
[09:04:22.026] [bmv2] [T] [thread 94329] [11.0] [cxt 0] switch.p4(99) Primitive pit_table.write(hdr.payload.content_id, 0)
[09:04:22.026] [bmv2] [T] [thread 94329] [11.0] [cxt 0] Wrote register 'MyIngress.pit_table' at index 0 with value 0
[09:04:22.026] [bmv2] [T] [thread 94329] [11.0] [cxt 0] switch.p4(100) Primitive hdr.ethernet.srcAddr = 0xFFFFFFFFFFFF
[09:04:22.026] [bmv2] [T] [thread 94329] [11.0] [cxt 0] switch.p4(101) Primitive hdr.ethernet.dstAddr = 0xFFFFFFFFFFFF
[09:04:22.026] [bmv2] [T] [thread 94329] [11.0] [cxt 0] switch.p4(102) Primitive hdr.payload.ttl = hdr.payload.ttl - 1
[09:04:22.026] [bmv2] [D] [thread 94329] [11.0] [cxt 0] Pipeline 'ingress': end
[09:04:22.026] [bmv2] [D] [thread 94329] [11.0] [cxt 0] Egress port is 0
[09:04:22.026] [bmv2] [D] [thread 94334] [10.0] [cxt 0] Transmitting packet of size 90 out of port 0
[09:04:22.026] [bmv2] [D] [thread 94330] [11.0] [cxt 0] Pipeline 'egress': start
[09:04:22.026] [bmv2] [D] [thread 94330] [11.0] [cxt 0] Pipeline 'egress': end
[09:04:22.026] [bmv2] [D] [thread 94330] [11.0] [cxt 0] Deparser 'deparser': start
[09:04:22.026] [bmv2] [D] [thread 94330] [11.0] [cxt 0] Deparsing header 'ethernet'
[09:04:22.026] [bmv2] [D] [thread 94330] [11.0] [cxt 0] Deparser 'deparser': end
[09:04:22.026] [bmv2] [D] [thread 94334] [11.0] [cxt 0] Transmitting packet of size 70 out of port 0
[09:04:22.096] [bmv2] [D] [thread 94329] [12.0] [cxt 0] Processing packet received on port 2
[09:04:22.096] [bmv2] [D] [thread 94329] [12.0] [cxt 0] Parser 'parser': start
[09:04:22.096] [bmv2] [D] [thread 94329] [12.0] [cxt 0] Parser 'parser' entering state 'start'
[09:04:22.096] [bmv2] [D] [thread 94329] [12.0] [cxt 0] Extracting header 'ethernet'
[09:04:22.096] [bmv2] [D] [thread 94329] [12.0] [cxt 0] Parser state 'start': key is 86dd
[09:04:22.096] [bmv2] [T] [thread 94329] [12.0] [cxt 0] Bytes parsed: 14
[09:04:22.096] [bmv2] [D] [thread 94329] [12.0] [cxt 0] Parser 'parser': end
[09:04:22.096] [bmv2] [D] [thread 94329] [12.0] [cxt 0] Pipeline 'ingress': start
[09:04:22.096] [bmv2] [T] [thread 94329] [12.0] [cxt 0] switch.p4(147) Condition "hdr.icn.isValid()" (node_2) is false
[09:04:22.096] [bmv2] [T] [thread 94329] [12.0] [cxt 0] switch.p4(164) Condition "hdr.payload.flag == 1" (node_13) is false
[09:04:22.096] [bmv2] [T] [thread 94329] [12.0] [cxt 0] Applying table 'tbl_data_forward_0'
[09:04:22.096] [bmv2] [D] [thread 94329] [12.0] [cxt 0] Looking up key:

[09:04:22.096] [bmv2] [D] [thread 94329] [12.0] [cxt 0] Table 'tbl_data_forward_0': miss
[09:04:22.096] [bmv2] [D] [thread 94329] [12.0] [cxt 0] Action entry is MyIngress.data_forward - 
[09:04:22.096] [bmv2] [T] [thread 94329] [12.0] [cxt 0] Action MyIngress.data_forward
[09:04:22.096] [bmv2] [T] [thread 94329] [12.0] [cxt 0] switch.p4(97) Primitive pit_table.read(egress_port, hdr.payload.content_id)
[09:04:22.096] [bmv2] [T] [thread 94329] [12.0] [cxt 0] Read register 'MyIngress.pit_table' at index 0 read value 0
[09:04:22.096] [bmv2] [T] [thread 94329] [12.0] [cxt 0] switch.p4(98) Primitive standard_metadata.egress_spec = egress_port
[09:04:22.096] [bmv2] [T] [thread 94329] [12.0] [cxt 0] switch.p4(99) Primitive pit_table.write(hdr.payload.content_id, 0)
[09:04:22.096] [bmv2] [T] [thread 94329] [12.0] [cxt 0] Wrote register 'MyIngress.pit_table' at index 0 with value 0
[09:04:22.096] [bmv2] [T] [thread 94329] [12.0] [cxt 0] switch.p4(100) Primitive hdr.ethernet.srcAddr = 0xFFFFFFFFFFFF
[09:04:22.096] [bmv2] [T] [thread 94329] [12.0] [cxt 0] switch.p4(101) Primitive hdr.ethernet.dstAddr = 0xFFFFFFFFFFFF
[09:04:22.096] [bmv2] [T] [thread 94329] [12.0] [cxt 0] switch.p4(102) Primitive hdr.payload.ttl = hdr.payload.ttl - 1
[09:04:22.096] [bmv2] [D] [thread 94329] [12.0] [cxt 0] Pipeline 'ingress': end
[09:04:22.096] [bmv2] [D] [thread 94329] [12.0] [cxt 0] Egress port is 0
[09:04:22.096] [bmv2] [D] [thread 94329] [13.0] [cxt 0] Processing packet received on port 2
[09:04:22.096] [bmv2] [D] [thread 94329] [13.0] [cxt 0] Parser 'parser': start
[09:04:22.096] [bmv2] [D] [thread 94329] [13.0] [cxt 0] Parser 'parser' entering state 'start'
[09:04:22.096] [bmv2] [D] [thread 94329] [13.0] [cxt 0] Extracting header 'ethernet'
[09:04:22.096] [bmv2] [D] [thread 94329] [13.0] [cxt 0] Parser state 'start': key is 86dd
[09:04:22.096] [bmv2] [T] [thread 94329] [13.0] [cxt 0] Bytes parsed: 14
[09:04:22.096] [bmv2] [D] [thread 94329] [13.0] [cxt 0] Parser 'parser': end
[09:04:22.096] [bmv2] [D] [thread 94329] [13.0] [cxt 0] Pipeline 'ingress': start
[09:04:22.096] [bmv2] [T] [thread 94329] [13.0] [cxt 0] switch.p4(147) Condition "hdr.icn.isValid()" (node_2) is false
[09:04:22.096] [bmv2] [T] [thread 94329] [13.0] [cxt 0] switch.p4(164) Condition "hdr.payload.flag == 1" (node_13) is false
[09:04:22.096] [bmv2] [T] [thread 94329] [13.0] [cxt 0] Applying table 'tbl_data_forward_0'
[09:04:22.096] [bmv2] [D] [thread 94329] [13.0] [cxt 0] Looking up key:

[09:04:22.096] [bmv2] [D] [thread 94329] [13.0] [cxt 0] Table 'tbl_data_forward_0': miss
[09:04:22.096] [bmv2] [D] [thread 94329] [13.0] [cxt 0] Action entry is MyIngress.data_forward - 
[09:04:22.096] [bmv2] [T] [thread 94329] [13.0] [cxt 0] Action MyIngress.data_forward
[09:04:22.096] [bmv2] [T] [thread 94329] [13.0] [cxt 0] switch.p4(97) Primitive pit_table.read(egress_port, hdr.payload.content_id)
[09:04:22.096] [bmv2] [T] [thread 94329] [13.0] [cxt 0] Read register 'MyIngress.pit_table' at index 0 read value 0
[09:04:22.096] [bmv2] [T] [thread 94329] [13.0] [cxt 0] switch.p4(98) Primitive standard_metadata.egress_spec = egress_port
[09:04:22.096] [bmv2] [T] [thread 94329] [13.0] [cxt 0] switch.p4(99) Primitive pit_table.write(hdr.payload.content_id, 0)
[09:04:22.096] [bmv2] [T] [thread 94329] [13.0] [cxt 0] Wrote register 'MyIngress.pit_table' at index 0 with value 0
[09:04:22.096] [bmv2] [T] [thread 94329] [13.0] [cxt 0] switch.p4(100) Primitive hdr.ethernet.srcAddr = 0xFFFFFFFFFFFF
[09:04:22.096] [bmv2] [T] [thread 94329] [13.0] [cxt 0] switch.p4(101) Primitive hdr.ethernet.dstAddr = 0xFFFFFFFFFFFF
[09:04:22.096] [bmv2] [T] [thread 94329] [13.0] [cxt 0] switch.p4(102) Primitive hdr.payload.ttl = hdr.payload.ttl - 1
[09:04:22.096] [bmv2] [D] [thread 94329] [13.0] [cxt 0] Pipeline 'ingress': end
[09:04:22.096] [bmv2] [D] [thread 94329] [13.0] [cxt 0] Egress port is 0
[09:04:22.096] [bmv2] [D] [thread 94330] [12.0] [cxt 0] Pipeline 'egress': start
[09:04:22.096] [bmv2] [D] [thread 94330] [12.0] [cxt 0] Pipeline 'egress': end
[09:04:22.096] [bmv2] [D] [thread 94330] [12.0] [cxt 0] Deparser 'deparser': start
[09:04:22.096] [bmv2] [D] [thread 94330] [12.0] [cxt 0] Deparsing header 'ethernet'
[09:04:22.096] [bmv2] [D] [thread 94330] [12.0] [cxt 0] Deparser 'deparser': end
[09:04:22.096] [bmv2] [D] [thread 94330] [13.0] [cxt 0] Pipeline 'egress': start
[09:04:22.096] [bmv2] [D] [thread 94330] [13.0] [cxt 0] Pipeline 'egress': end
[09:04:22.096] [bmv2] [D] [thread 94330] [13.0] [cxt 0] Deparser 'deparser': start
[09:04:22.096] [bmv2] [D] [thread 94330] [13.0] [cxt 0] Deparsing header 'ethernet'
[09:04:22.096] [bmv2] [D] [thread 94330] [13.0] [cxt 0] Deparser 'deparser': end
[09:04:22.096] [bmv2] [D] [thread 94334] [12.0] [cxt 0] Transmitting packet of size 90 out of port 0
[09:04:22.096] [bmv2] [D] [thread 94334] [13.0] [cxt 0] Transmitting packet of size 70 out of port 0
[09:04:22.096] [bmv2] [D] [thread 94329] [14.0] [cxt 0] Processing packet received on port 1
[09:04:22.096] [bmv2] [D] [thread 94329] [14.0] [cxt 0] Parser 'parser': start
[09:04:22.096] [bmv2] [D] [thread 94329] [14.0] [cxt 0] Parser 'parser' entering state 'start'
[09:04:22.096] [bmv2] [D] [thread 94329] [14.0] [cxt 0] Extracting header 'ethernet'
[09:04:22.096] [bmv2] [D] [thread 94329] [14.0] [cxt 0] Parser state 'start': key is 86dd
[09:04:22.096] [bmv2] [T] [thread 94329] [14.0] [cxt 0] Bytes parsed: 14
[09:04:22.096] [bmv2] [D] [thread 94329] [14.0] [cxt 0] Parser 'parser': end
[09:04:22.096] [bmv2] [D] [thread 94329] [14.0] [cxt 0] Pipeline 'ingress': start
[09:04:22.096] [bmv2] [T] [thread 94329] [14.0] [cxt 0] switch.p4(147) Condition "hdr.icn.isValid()" (node_2) is false
[09:04:22.096] [bmv2] [T] [thread 94329] [14.0] [cxt 0] switch.p4(164) Condition "hdr.payload.flag == 1" (node_13) is false
[09:04:22.096] [bmv2] [T] [thread 94329] [14.0] [cxt 0] Applying table 'tbl_data_forward_0'
[09:04:22.096] [bmv2] [D] [thread 94329] [14.0] [cxt 0] Looking up key:

[09:04:22.096] [bmv2] [D] [thread 94329] [14.0] [cxt 0] Table 'tbl_data_forward_0': miss
[09:04:22.096] [bmv2] [D] [thread 94329] [14.0] [cxt 0] Action entry is MyIngress.data_forward - 
[09:04:22.096] [bmv2] [T] [thread 94329] [14.0] [cxt 0] Action MyIngress.data_forward
[09:04:22.096] [bmv2] [T] [thread 94329] [14.0] [cxt 0] switch.p4(97) Primitive pit_table.read(egress_port, hdr.payload.content_id)
[09:04:22.096] [bmv2] [T] [thread 94329] [14.0] [cxt 0] Read register 'MyIngress.pit_table' at index 0 read value 0
[09:04:22.096] [bmv2] [T] [thread 94329] [14.0] [cxt 0] switch.p4(98) Primitive standard_metadata.egress_spec = egress_port
[09:04:22.096] [bmv2] [T] [thread 94329] [14.0] [cxt 0] switch.p4(99) Primitive pit_table.write(hdr.payload.content_id, 0)
[09:04:22.096] [bmv2] [T] [thread 94329] [14.0] [cxt 0] Wrote register 'MyIngress.pit_table' at index 0 with value 0
[09:04:22.096] [bmv2] [T] [thread 94329] [14.0] [cxt 0] switch.p4(100) Primitive hdr.ethernet.srcAddr = 0xFFFFFFFFFFFF
[09:04:22.096] [bmv2] [T] [thread 94329] [14.0] [cxt 0] switch.p4(101) Primitive hdr.ethernet.dstAddr = 0xFFFFFFFFFFFF
[09:04:22.096] [bmv2] [T] [thread 94329] [14.0] [cxt 0] switch.p4(102) Primitive hdr.payload.ttl = hdr.payload.ttl - 1
[09:04:22.096] [bmv2] [D] [thread 94329] [14.0] [cxt 0] Pipeline 'ingress': end
[09:04:22.102] [bmv2] [D] [thread 94329] [14.0] [cxt 0] Egress port is 0
[09:04:22.102] [bmv2] [D] [thread 94330] [14.0] [cxt 0] Pipeline 'egress': start
[09:04:22.102] [bmv2] [D] [thread 94330] [14.0] [cxt 0] Pipeline 'egress': end
[09:04:22.102] [bmv2] [D] [thread 94330] [14.0] [cxt 0] Deparser 'deparser': start
[09:04:22.102] [bmv2] [D] [thread 94330] [14.0] [cxt 0] Deparsing header 'ethernet'
[09:04:22.102] [bmv2] [D] [thread 94330] [14.0] [cxt 0] Deparser 'deparser': end
[09:04:22.102] [bmv2] [D] [thread 94334] [14.0] [cxt 0] Transmitting packet of size 211 out of port 0
[09:04:22.102] [bmv2] [D] [thread 94329] [15.0] [cxt 0] Processing packet received on port 2
[09:04:22.102] [bmv2] [D] [thread 94329] [15.0] [cxt 0] Parser 'parser': start
[09:04:22.102] [bmv2] [D] [thread 94329] [15.0] [cxt 0] Parser 'parser' entering state 'start'
[09:04:22.102] [bmv2] [D] [thread 94329] [15.0] [cxt 0] Extracting header 'ethernet'
[09:04:22.102] [bmv2] [D] [thread 94329] [15.0] [cxt 0] Parser state 'start': key is 86dd
[09:04:22.102] [bmv2] [T] [thread 94329] [15.0] [cxt 0] Bytes parsed: 14
[09:04:22.102] [bmv2] [D] [thread 94329] [15.0] [cxt 0] Parser 'parser': end
[09:04:22.102] [bmv2] [D] [thread 94329] [15.0] [cxt 0] Pipeline 'ingress': start
[09:04:22.102] [bmv2] [T] [thread 94329] [15.0] [cxt 0] switch.p4(147) Condition "hdr.icn.isValid()" (node_2) is false
[09:04:22.102] [bmv2] [T] [thread 94329] [15.0] [cxt 0] switch.p4(164) Condition "hdr.payload.flag == 1" (node_13) is false
[09:04:22.102] [bmv2] [T] [thread 94329] [15.0] [cxt 0] Applying table 'tbl_data_forward_0'
[09:04:22.102] [bmv2] [D] [thread 94329] [15.0] [cxt 0] Looking up key:

[09:04:22.102] [bmv2] [D] [thread 94329] [15.0] [cxt 0] Table 'tbl_data_forward_0': miss
[09:04:22.102] [bmv2] [D] [thread 94329] [15.0] [cxt 0] Action entry is MyIngress.data_forward - 
[09:04:22.102] [bmv2] [T] [thread 94329] [15.0] [cxt 0] Action MyIngress.data_forward
[09:04:22.102] [bmv2] [T] [thread 94329] [15.0] [cxt 0] switch.p4(97) Primitive pit_table.read(egress_port, hdr.payload.content_id)
[09:04:22.102] [bmv2] [T] [thread 94329] [15.0] [cxt 0] Read register 'MyIngress.pit_table' at index 0 read value 0
[09:04:22.102] [bmv2] [T] [thread 94329] [15.0] [cxt 0] switch.p4(98) Primitive standard_metadata.egress_spec = egress_port
[09:04:22.102] [bmv2] [T] [thread 94329] [15.0] [cxt 0] switch.p4(99) Primitive pit_table.write(hdr.payload.content_id, 0)
[09:04:22.102] [bmv2] [T] [thread 94329] [15.0] [cxt 0] Wrote register 'MyIngress.pit_table' at index 0 with value 0
[09:04:22.102] [bmv2] [T] [thread 94329] [15.0] [cxt 0] switch.p4(100) Primitive hdr.ethernet.srcAddr = 0xFFFFFFFFFFFF
[09:04:22.102] [bmv2] [T] [thread 94329] [15.0] [cxt 0] switch.p4(101) Primitive hdr.ethernet.dstAddr = 0xFFFFFFFFFFFF
[09:04:22.102] [bmv2] [T] [thread 94329] [15.0] [cxt 0] switch.p4(102) Primitive hdr.payload.ttl = hdr.payload.ttl - 1
[09:04:22.102] [bmv2] [D] [thread 94329] [15.0] [cxt 0] Pipeline 'ingress': end
[09:04:22.102] [bmv2] [D] [thread 94329] [15.0] [cxt 0] Egress port is 0
[09:04:22.102] [bmv2] [D] [thread 94330] [15.0] [cxt 0] Pipeline 'egress': start
[09:04:22.102] [bmv2] [D] [thread 94330] [15.0] [cxt 0] Pipeline 'egress': end
[09:04:22.102] [bmv2] [D] [thread 94330] [15.0] [cxt 0] Deparser 'deparser': start
[09:04:22.102] [bmv2] [D] [thread 94330] [15.0] [cxt 0] Deparsing header 'ethernet'
[09:04:22.102] [bmv2] [D] [thread 94330] [15.0] [cxt 0] Deparser 'deparser': end
[09:04:22.102] [bmv2] [D] [thread 94334] [15.0] [cxt 0] Transmitting packet of size 90 out of port 0
[09:04:22.116] [bmv2] [D] [thread 94329] [16.0] [cxt 0] Processing packet received on port 2
[09:04:22.116] [bmv2] [D] [thread 94329] [16.0] [cxt 0] Parser 'parser': start
[09:04:22.116] [bmv2] [D] [thread 94329] [16.0] [cxt 0] Parser 'parser' entering state 'start'
[09:04:22.116] [bmv2] [D] [thread 94329] [16.0] [cxt 0] Extracting header 'ethernet'
[09:04:22.116] [bmv2] [D] [thread 94329] [16.0] [cxt 0] Parser state 'start': key is 86dd
[09:04:22.116] [bmv2] [T] [thread 94329] [16.0] [cxt 0] Bytes parsed: 14
[09:04:22.116] [bmv2] [D] [thread 94329] [16.0] [cxt 0] Parser 'parser': end
[09:04:22.116] [bmv2] [D] [thread 94329] [16.0] [cxt 0] Pipeline 'ingress': start
[09:04:22.116] [bmv2] [T] [thread 94329] [16.0] [cxt 0] switch.p4(147) Condition "hdr.icn.isValid()" (node_2) is false
[09:04:22.116] [bmv2] [T] [thread 94329] [16.0] [cxt 0] switch.p4(164) Condition "hdr.payload.flag == 1" (node_13) is false
[09:04:22.116] [bmv2] [T] [thread 94329] [16.0] [cxt 0] Applying table 'tbl_data_forward_0'
[09:04:22.116] [bmv2] [D] [thread 94329] [16.0] [cxt 0] Looking up key:

[09:04:22.116] [bmv2] [D] [thread 94329] [16.0] [cxt 0] Table 'tbl_data_forward_0': miss
[09:04:22.116] [bmv2] [D] [thread 94329] [16.0] [cxt 0] Action entry is MyIngress.data_forward - 
[09:04:22.116] [bmv2] [T] [thread 94329] [16.0] [cxt 0] Action MyIngress.data_forward
[09:04:22.116] [bmv2] [T] [thread 94329] [16.0] [cxt 0] switch.p4(97) Primitive pit_table.read(egress_port, hdr.payload.content_id)
[09:04:22.116] [bmv2] [T] [thread 94329] [16.0] [cxt 0] Read register 'MyIngress.pit_table' at index 0 read value 0
[09:04:22.116] [bmv2] [T] [thread 94329] [16.0] [cxt 0] switch.p4(98) Primitive standard_metadata.egress_spec = egress_port
[09:04:22.116] [bmv2] [T] [thread 94329] [16.0] [cxt 0] switch.p4(99) Primitive pit_table.write(hdr.payload.content_id, 0)
[09:04:22.116] [bmv2] [T] [thread 94329] [16.0] [cxt 0] Wrote register 'MyIngress.pit_table' at index 0 with value 0
[09:04:22.116] [bmv2] [T] [thread 94329] [16.0] [cxt 0] switch.p4(100) Primitive hdr.ethernet.srcAddr = 0xFFFFFFFFFFFF
[09:04:22.116] [bmv2] [T] [thread 94329] [16.0] [cxt 0] switch.p4(101) Primitive hdr.ethernet.dstAddr = 0xFFFFFFFFFFFF
[09:04:22.116] [bmv2] [T] [thread 94329] [16.0] [cxt 0] switch.p4(102) Primitive hdr.payload.ttl = hdr.payload.ttl - 1
[09:04:22.116] [bmv2] [D] [thread 94329] [16.0] [cxt 0] Pipeline 'ingress': end
[09:04:22.116] [bmv2] [D] [thread 94329] [16.0] [cxt 0] Egress port is 0
[09:04:22.116] [bmv2] [D] [thread 94330] [16.0] [cxt 0] Pipeline 'egress': start
[09:04:22.116] [bmv2] [D] [thread 94330] [16.0] [cxt 0] Pipeline 'egress': end
[09:04:22.116] [bmv2] [D] [thread 94330] [16.0] [cxt 0] Deparser 'deparser': start
[09:04:22.116] [bmv2] [D] [thread 94330] [16.0] [cxt 0] Deparsing header 'ethernet'
[09:04:22.116] [bmv2] [D] [thread 94330] [16.0] [cxt 0] Deparser 'deparser': end
[09:04:22.116] [bmv2] [D] [thread 94334] [16.0] [cxt 0] Transmitting packet of size 203 out of port 0
[09:04:22.139] [bmv2] [D] [thread 94329] [17.0] [cxt 0] Processing packet received on port 1
[09:04:22.139] [bmv2] [D] [thread 94329] [17.0] [cxt 0] Parser 'parser': start
[09:04:22.139] [bmv2] [D] [thread 94329] [17.0] [cxt 0] Parser 'parser' entering state 'start'
[09:04:22.139] [bmv2] [D] [thread 94329] [17.0] [cxt 0] Extracting header 'ethernet'
[09:04:22.139] [bmv2] [D] [thread 94329] [17.0] [cxt 0] Parser state 'start': key is 86dd
[09:04:22.139] [bmv2] [T] [thread 94329] [17.0] [cxt 0] Bytes parsed: 14
[09:04:22.139] [bmv2] [D] [thread 94329] [17.0] [cxt 0] Parser 'parser': end
[09:04:22.139] [bmv2] [D] [thread 94329] [17.0] [cxt 0] Pipeline 'ingress': start
[09:04:22.139] [bmv2] [T] [thread 94329] [17.0] [cxt 0] switch.p4(147) Condition "hdr.icn.isValid()" (node_2) is false
[09:04:22.139] [bmv2] [T] [thread 94329] [17.0] [cxt 0] switch.p4(164) Condition "hdr.payload.flag == 1" (node_13) is false
[09:04:22.139] [bmv2] [T] [thread 94329] [17.0] [cxt 0] Applying table 'tbl_data_forward_0'
[09:04:22.139] [bmv2] [D] [thread 94329] [17.0] [cxt 0] Looking up key:

[09:04:22.139] [bmv2] [D] [thread 94329] [17.0] [cxt 0] Table 'tbl_data_forward_0': miss
[09:04:22.139] [bmv2] [D] [thread 94329] [17.0] [cxt 0] Action entry is MyIngress.data_forward - 
[09:04:22.139] [bmv2] [T] [thread 94329] [17.0] [cxt 0] Action MyIngress.data_forward
[09:04:22.139] [bmv2] [T] [thread 94329] [17.0] [cxt 0] switch.p4(97) Primitive pit_table.read(egress_port, hdr.payload.content_id)
[09:04:22.139] [bmv2] [T] [thread 94329] [17.0] [cxt 0] Read register 'MyIngress.pit_table' at index 0 read value 0
[09:04:22.139] [bmv2] [T] [thread 94329] [17.0] [cxt 0] switch.p4(98) Primitive standard_metadata.egress_spec = egress_port
[09:04:22.139] [bmv2] [T] [thread 94329] [17.0] [cxt 0] switch.p4(99) Primitive pit_table.write(hdr.payload.content_id, 0)
[09:04:22.139] [bmv2] [T] [thread 94329] [17.0] [cxt 0] Wrote register 'MyIngress.pit_table' at index 0 with value 0
[09:04:22.139] [bmv2] [T] [thread 94329] [17.0] [cxt 0] switch.p4(100) Primitive hdr.ethernet.srcAddr = 0xFFFFFFFFFFFF
[09:04:22.139] [bmv2] [T] [thread 94329] [17.0] [cxt 0] switch.p4(101) Primitive hdr.ethernet.dstAddr = 0xFFFFFFFFFFFF
[09:04:22.139] [bmv2] [T] [thread 94329] [17.0] [cxt 0] switch.p4(102) Primitive hdr.payload.ttl = hdr.payload.ttl - 1
[09:04:22.139] [bmv2] [D] [thread 94329] [17.0] [cxt 0] Pipeline 'ingress': end
[09:04:22.139] [bmv2] [D] [thread 94329] [17.0] [cxt 0] Egress port is 0
[09:04:22.139] [bmv2] [D] [thread 94329] [18.0] [cxt 0] Processing packet received on port 1
[09:04:22.140] [bmv2] [D] [thread 94330] [17.0] [cxt 0] Pipeline 'egress': start
[09:04:22.140] [bmv2] [D] [thread 94330] [17.0] [cxt 0] Pipeline 'egress': end
[09:04:22.140] [bmv2] [D] [thread 94330] [17.0] [cxt 0] Deparser 'deparser': start
[09:04:22.140] [bmv2] [D] [thread 94330] [17.0] [cxt 0] Deparsing header 'ethernet'
[09:04:22.140] [bmv2] [D] [thread 94330] [17.0] [cxt 0] Deparser 'deparser': end
[09:04:22.139] [bmv2] [D] [thread 94329] [18.0] [cxt 0] Parser 'parser': start
[09:04:22.140] [bmv2] [D] [thread 94329] [18.0] [cxt 0] Parser 'parser' entering state 'start'
[09:04:22.140] [bmv2] [D] [thread 94329] [18.0] [cxt 0] Extracting header 'ethernet'
[09:04:22.140] [bmv2] [D] [thread 94329] [18.0] [cxt 0] Parser state 'start': key is 86dd
[09:04:22.140] [bmv2] [T] [thread 94329] [18.0] [cxt 0] Bytes parsed: 14
[09:04:22.140] [bmv2] [D] [thread 94329] [18.0] [cxt 0] Parser 'parser': end
[09:04:22.140] [bmv2] [D] [thread 94329] [18.0] [cxt 0] Pipeline 'ingress': start
[09:04:22.140] [bmv2] [T] [thread 94329] [18.0] [cxt 0] switch.p4(147) Condition "hdr.icn.isValid()" (node_2) is false
[09:04:22.140] [bmv2] [T] [thread 94329] [18.0] [cxt 0] switch.p4(164) Condition "hdr.payload.flag == 1" (node_13) is false
[09:04:22.140] [bmv2] [T] [thread 94329] [18.0] [cxt 0] Applying table 'tbl_data_forward_0'
[09:04:22.140] [bmv2] [D] [thread 94329] [18.0] [cxt 0] Looking up key:

[09:04:22.140] [bmv2] [D] [thread 94329] [18.0] [cxt 0] Table 'tbl_data_forward_0': miss
[09:04:22.140] [bmv2] [D] [thread 94329] [18.0] [cxt 0] Action entry is MyIngress.data_forward - 
[09:04:22.140] [bmv2] [T] [thread 94329] [18.0] [cxt 0] Action MyIngress.data_forward
[09:04:22.140] [bmv2] [T] [thread 94329] [18.0] [cxt 0] switch.p4(97) Primitive pit_table.read(egress_port, hdr.payload.content_id)
[09:04:22.140] [bmv2] [T] [thread 94329] [18.0] [cxt 0] Read register 'MyIngress.pit_table' at index 0 read value 0
[09:04:22.140] [bmv2] [T] [thread 94329] [18.0] [cxt 0] switch.p4(98) Primitive standard_metadata.egress_spec = egress_port
[09:04:22.140] [bmv2] [T] [thread 94329] [18.0] [cxt 0] switch.p4(99) Primitive pit_table.write(hdr.payload.content_id, 0)
[09:04:22.140] [bmv2] [T] [thread 94329] [18.0] [cxt 0] Wrote register 'MyIngress.pit_table' at index 0 with value 0
[09:04:22.140] [bmv2] [T] [thread 94329] [18.0] [cxt 0] switch.p4(100) Primitive hdr.ethernet.srcAddr = 0xFFFFFFFFFFFF
[09:04:22.140] [bmv2] [T] [thread 94329] [18.0] [cxt 0] switch.p4(101) Primitive hdr.ethernet.dstAddr = 0xFFFFFFFFFFFF
[09:04:22.140] [bmv2] [T] [thread 94329] [18.0] [cxt 0] switch.p4(102) Primitive hdr.payload.ttl = hdr.payload.ttl - 1
[09:04:22.140] [bmv2] [D] [thread 94329] [18.0] [cxt 0] Pipeline 'ingress': end
[09:04:22.140] [bmv2] [D] [thread 94329] [18.0] [cxt 0] Egress port is 0
[09:04:22.140] [bmv2] [D] [thread 94329] [19.0] [cxt 0] Processing packet received on port 1
[09:04:22.140] [bmv2] [D] [thread 94329] [19.0] [cxt 0] Parser 'parser': start
[09:04:22.140] [bmv2] [D] [thread 94329] [19.0] [cxt 0] Parser 'parser' entering state 'start'
[09:04:22.140] [bmv2] [D] [thread 94329] [19.0] [cxt 0] Extracting header 'ethernet'
[09:04:22.141] [bmv2] [D] [thread 94329] [19.0] [cxt 0] Parser state 'start': key is 86dd
[09:04:22.141] [bmv2] [T] [thread 94329] [19.0] [cxt 0] Bytes parsed: 14
[09:04:22.141] [bmv2] [D] [thread 94329] [19.0] [cxt 0] Parser 'parser': end
[09:04:22.141] [bmv2] [D] [thread 94329] [19.0] [cxt 0] Pipeline 'ingress': start
[09:04:22.141] [bmv2] [T] [thread 94329] [19.0] [cxt 0] switch.p4(147) Condition "hdr.icn.isValid()" (node_2) is false
[09:04:22.141] [bmv2] [T] [thread 94329] [19.0] [cxt 0] switch.p4(164) Condition "hdr.payload.flag == 1" (node_13) is false
[09:04:22.141] [bmv2] [T] [thread 94329] [19.0] [cxt 0] Applying table 'tbl_data_forward_0'
[09:04:22.141] [bmv2] [D] [thread 94329] [19.0] [cxt 0] Looking up key:

[09:04:22.141] [bmv2] [D] [thread 94329] [19.0] [cxt 0] Table 'tbl_data_forward_0': miss
[09:04:22.141] [bmv2] [D] [thread 94329] [19.0] [cxt 0] Action entry is MyIngress.data_forward - 
[09:04:22.141] [bmv2] [T] [thread 94329] [19.0] [cxt 0] Action MyIngress.data_forward
[09:04:22.141] [bmv2] [T] [thread 94329] [19.0] [cxt 0] switch.p4(97) Primitive pit_table.read(egress_port, hdr.payload.content_id)
[09:04:22.141] [bmv2] [T] [thread 94329] [19.0] [cxt 0] Read register 'MyIngress.pit_table' at index 0 read value 0
[09:04:22.141] [bmv2] [T] [thread 94329] [19.0] [cxt 0] switch.p4(98) Primitive standard_metadata.egress_spec = egress_port
[09:04:22.141] [bmv2] [T] [thread 94329] [19.0] [cxt 0] switch.p4(99) Primitive pit_table.write(hdr.payload.content_id, 0)
[09:04:22.141] [bmv2] [T] [thread 94329] [19.0] [cxt 0] Wrote register 'MyIngress.pit_table' at index 0 with value 0
[09:04:22.141] [bmv2] [T] [thread 94329] [19.0] [cxt 0] switch.p4(100) Primitive hdr.ethernet.srcAddr = 0xFFFFFFFFFFFF
[09:04:22.141] [bmv2] [T] [thread 94329] [19.0] [cxt 0] switch.p4(101) Primitive hdr.ethernet.dstAddr = 0xFFFFFFFFFFFF
[09:04:22.141] [bmv2] [T] [thread 94329] [19.0] [cxt 0] switch.p4(102) Primitive hdr.payload.ttl = hdr.payload.ttl - 1
[09:04:22.141] [bmv2] [D] [thread 94329] [19.0] [cxt 0] Pipeline 'ingress': end
[09:04:22.141] [bmv2] [D] [thread 94329] [19.0] [cxt 0] Egress port is 0
[09:04:22.141] [bmv2] [D] [thread 94330] [18.0] [cxt 0] Pipeline 'egress': start
[09:04:22.141] [bmv2] [D] [thread 94330] [18.0] [cxt 0] Pipeline 'egress': end
[09:04:22.141] [bmv2] [D] [thread 94330] [18.0] [cxt 0] Deparser 'deparser': start
[09:04:22.141] [bmv2] [D] [thread 94330] [18.0] [cxt 0] Deparsing header 'ethernet'
[09:04:22.141] [bmv2] [D] [thread 94330] [18.0] [cxt 0] Deparser 'deparser': end
[09:04:22.141] [bmv2] [D] [thread 94330] [19.0] [cxt 0] Pipeline 'egress': start
[09:04:22.141] [bmv2] [D] [thread 94330] [19.0] [cxt 0] Pipeline 'egress': end
[09:04:22.141] [bmv2] [D] [thread 94330] [19.0] [cxt 0] Deparser 'deparser': start
[09:04:22.141] [bmv2] [D] [thread 94330] [19.0] [cxt 0] Deparsing header 'ethernet'
[09:04:22.141] [bmv2] [D] [thread 94330] [19.0] [cxt 0] Deparser 'deparser': end
[09:04:22.141] [bmv2] [D] [thread 94334] [17.0] [cxt 0] Transmitting packet of size 110 out of port 0
[09:04:22.141] [bmv2] [D] [thread 94334] [18.0] [cxt 0] Transmitting packet of size 70 out of port 0
[09:04:22.141] [bmv2] [D] [thread 94334] [19.0] [cxt 0] Transmitting packet of size 90 out of port 0
[09:04:22.147] [bmv2] [D] [thread 94329] [20.0] [cxt 0] Processing packet received on port 2
[09:04:22.147] [bmv2] [D] [thread 94329] [20.0] [cxt 0] Parser 'parser': start
[09:04:22.147] [bmv2] [D] [thread 94329] [20.0] [cxt 0] Parser 'parser' entering state 'start'
[09:04:22.147] [bmv2] [D] [thread 94329] [20.0] [cxt 0] Extracting header 'ethernet'
[09:04:22.147] [bmv2] [D] [thread 94329] [20.0] [cxt 0] Parser state 'start': key is 86dd
[09:04:22.147] [bmv2] [T] [thread 94329] [20.0] [cxt 0] Bytes parsed: 14
[09:04:22.147] [bmv2] [D] [thread 94329] [20.0] [cxt 0] Parser 'parser': end
[09:04:22.147] [bmv2] [D] [thread 94329] [20.0] [cxt 0] Pipeline 'ingress': start
[09:04:22.147] [bmv2] [T] [thread 94329] [20.0] [cxt 0] switch.p4(147) Condition "hdr.icn.isValid()" (node_2) is false
[09:04:22.147] [bmv2] [T] [thread 94329] [20.0] [cxt 0] switch.p4(164) Condition "hdr.payload.flag == 1" (node_13) is false
[09:04:22.147] [bmv2] [T] [thread 94329] [20.0] [cxt 0] Applying table 'tbl_data_forward_0'
[09:04:22.147] [bmv2] [D] [thread 94329] [20.0] [cxt 0] Looking up key:

[09:04:22.147] [bmv2] [D] [thread 94329] [20.0] [cxt 0] Table 'tbl_data_forward_0': miss
[09:04:22.147] [bmv2] [D] [thread 94329] [20.0] [cxt 0] Action entry is MyIngress.data_forward - 
[09:04:22.147] [bmv2] [T] [thread 94329] [20.0] [cxt 0] Action MyIngress.data_forward
[09:04:22.147] [bmv2] [T] [thread 94329] [20.0] [cxt 0] switch.p4(97) Primitive pit_table.read(egress_port, hdr.payload.content_id)
[09:04:22.147] [bmv2] [T] [thread 94329] [20.0] [cxt 0] Read register 'MyIngress.pit_table' at index 0 read value 0
[09:04:22.147] [bmv2] [T] [thread 94329] [20.0] [cxt 0] switch.p4(98) Primitive standard_metadata.egress_spec = egress_port
[09:04:22.147] [bmv2] [T] [thread 94329] [20.0] [cxt 0] switch.p4(99) Primitive pit_table.write(hdr.payload.content_id, 0)
[09:04:22.147] [bmv2] [T] [thread 94329] [20.0] [cxt 0] Wrote register 'MyIngress.pit_table' at index 0 with value 0
[09:04:22.147] [bmv2] [T] [thread 94329] [20.0] [cxt 0] switch.p4(100) Primitive hdr.ethernet.srcAddr = 0xFFFFFFFFFFFF
[09:04:22.147] [bmv2] [T] [thread 94329] [20.0] [cxt 0] switch.p4(101) Primitive hdr.ethernet.dstAddr = 0xFFFFFFFFFFFF
[09:04:22.147] [bmv2] [T] [thread 94329] [20.0] [cxt 0] switch.p4(102) Primitive hdr.payload.ttl = hdr.payload.ttl - 1
[09:04:22.147] [bmv2] [D] [thread 94329] [20.0] [cxt 0] Pipeline 'ingress': end
[09:04:22.147] [bmv2] [D] [thread 94329] [20.0] [cxt 0] Egress port is 0
[09:04:22.147] [bmv2] [D] [thread 94330] [20.0] [cxt 0] Pipeline 'egress': start
[09:04:22.147] [bmv2] [D] [thread 94330] [20.0] [cxt 0] Pipeline 'egress': end
[09:04:22.147] [bmv2] [D] [thread 94330] [20.0] [cxt 0] Deparser 'deparser': start
[09:04:22.147] [bmv2] [D] [thread 94330] [20.0] [cxt 0] Deparsing header 'ethernet'
[09:04:22.147] [bmv2] [D] [thread 94330] [20.0] [cxt 0] Deparser 'deparser': end
[09:04:22.147] [bmv2] [D] [thread 94334] [20.0] [cxt 0] Transmitting packet of size 211 out of port 0
[09:04:22.205] [bmv2] [D] [thread 94329] [21.0] [cxt 0] Processing packet received on port 2
[09:04:22.205] [bmv2] [D] [thread 94329] [21.0] [cxt 0] Parser 'parser': start
[09:04:22.205] [bmv2] [D] [thread 94329] [21.0] [cxt 0] Parser 'parser' entering state 'start'
[09:04:22.205] [bmv2] [D] [thread 94329] [21.0] [cxt 0] Extracting header 'ethernet'
[09:04:22.205] [bmv2] [D] [thread 94329] [21.0] [cxt 0] Parser state 'start': key is 86dd
[09:04:22.205] [bmv2] [T] [thread 94329] [21.0] [cxt 0] Bytes parsed: 14
[09:04:22.205] [bmv2] [D] [thread 94329] [21.0] [cxt 0] Parser 'parser': end
[09:04:22.205] [bmv2] [D] [thread 94329] [21.0] [cxt 0] Pipeline 'ingress': start
[09:04:22.205] [bmv2] [T] [thread 94329] [21.0] [cxt 0] switch.p4(147) Condition "hdr.icn.isValid()" (node_2) is false
[09:04:22.205] [bmv2] [T] [thread 94329] [21.0] [cxt 0] switch.p4(164) Condition "hdr.payload.flag == 1" (node_13) is false
[09:04:22.205] [bmv2] [T] [thread 94329] [21.0] [cxt 0] Applying table 'tbl_data_forward_0'
[09:04:22.205] [bmv2] [D] [thread 94329] [21.0] [cxt 0] Looking up key:

[09:04:22.205] [bmv2] [D] [thread 94329] [21.0] [cxt 0] Table 'tbl_data_forward_0': miss
[09:04:22.205] [bmv2] [D] [thread 94329] [21.0] [cxt 0] Action entry is MyIngress.data_forward - 
[09:04:22.205] [bmv2] [T] [thread 94329] [21.0] [cxt 0] Action MyIngress.data_forward
[09:04:22.205] [bmv2] [T] [thread 94329] [21.0] [cxt 0] switch.p4(97) Primitive pit_table.read(egress_port, hdr.payload.content_id)
[09:04:22.205] [bmv2] [T] [thread 94329] [21.0] [cxt 0] Read register 'MyIngress.pit_table' at index 0 read value 0
[09:04:22.205] [bmv2] [T] [thread 94329] [21.0] [cxt 0] switch.p4(98) Primitive standard_metadata.egress_spec = egress_port
[09:04:22.205] [bmv2] [T] [thread 94329] [21.0] [cxt 0] switch.p4(99) Primitive pit_table.write(hdr.payload.content_id, 0)
[09:04:22.205] [bmv2] [T] [thread 94329] [21.0] [cxt 0] Wrote register 'MyIngress.pit_table' at index 0 with value 0
[09:04:22.205] [bmv2] [T] [thread 94329] [21.0] [cxt 0] switch.p4(100) Primitive hdr.ethernet.srcAddr = 0xFFFFFFFFFFFF
[09:04:22.205] [bmv2] [T] [thread 94329] [21.0] [cxt 0] switch.p4(101) Primitive hdr.ethernet.dstAddr = 0xFFFFFFFFFFFF
[09:04:22.205] [bmv2] [T] [thread 94329] [21.0] [cxt 0] switch.p4(102) Primitive hdr.payload.ttl = hdr.payload.ttl - 1
[09:04:22.205] [bmv2] [D] [thread 94329] [21.0] [cxt 0] Pipeline 'ingress': end
[09:04:22.205] [bmv2] [D] [thread 94329] [21.0] [cxt 0] Egress port is 0
[09:04:22.205] [bmv2] [D] [thread 94330] [21.0] [cxt 0] Pipeline 'egress': start
[09:04:22.205] [bmv2] [D] [thread 94330] [21.0] [cxt 0] Pipeline 'egress': end
[09:04:22.205] [bmv2] [D] [thread 94330] [21.0] [cxt 0] Deparser 'deparser': start
[09:04:22.205] [bmv2] [D] [thread 94330] [21.0] [cxt 0] Deparsing header 'ethernet'
[09:04:22.205] [bmv2] [D] [thread 94330] [21.0] [cxt 0] Deparser 'deparser': end
[09:04:22.205] [bmv2] [D] [thread 94334] [21.0] [cxt 0] Transmitting packet of size 211 out of port 0
[09:04:22.224] [bmv2] [D] [thread 94329] [22.0] [cxt 0] Processing packet received on port 2
[09:04:22.224] [bmv2] [D] [thread 94329] [22.0] [cxt 0] Parser 'parser': start
[09:04:22.224] [bmv2] [D] [thread 94329] [22.0] [cxt 0] Parser 'parser' entering state 'start'
[09:04:22.224] [bmv2] [D] [thread 94329] [22.0] [cxt 0] Extracting header 'ethernet'
[09:04:22.225] [bmv2] [D] [thread 94329] [22.0] [cxt 0] Parser state 'start': key is 86dd
[09:04:22.225] [bmv2] [T] [thread 94329] [22.0] [cxt 0] Bytes parsed: 14
[09:04:22.225] [bmv2] [D] [thread 94329] [22.0] [cxt 0] Parser 'parser': end
[09:04:22.225] [bmv2] [D] [thread 94329] [22.0] [cxt 0] Pipeline 'ingress': start
[09:04:22.225] [bmv2] [T] [thread 94329] [22.0] [cxt 0] switch.p4(147) Condition "hdr.icn.isValid()" (node_2) is false
[09:04:22.225] [bmv2] [T] [thread 94329] [22.0] [cxt 0] switch.p4(164) Condition "hdr.payload.flag == 1" (node_13) is false
[09:04:22.225] [bmv2] [T] [thread 94329] [22.0] [cxt 0] Applying table 'tbl_data_forward_0'
[09:04:22.225] [bmv2] [D] [thread 94329] [22.0] [cxt 0] Looking up key:

[09:04:22.225] [bmv2] [D] [thread 94329] [22.0] [cxt 0] Table 'tbl_data_forward_0': miss
[09:04:22.225] [bmv2] [D] [thread 94329] [22.0] [cxt 0] Action entry is MyIngress.data_forward - 
[09:04:22.225] [bmv2] [T] [thread 94329] [22.0] [cxt 0] Action MyIngress.data_forward
[09:04:22.225] [bmv2] [T] [thread 94329] [22.0] [cxt 0] switch.p4(97) Primitive pit_table.read(egress_port, hdr.payload.content_id)
[09:04:22.225] [bmv2] [T] [thread 94329] [22.0] [cxt 0] Read register 'MyIngress.pit_table' at index 0 read value 0
[09:04:22.225] [bmv2] [T] [thread 94329] [22.0] [cxt 0] switch.p4(98) Primitive standard_metadata.egress_spec = egress_port
[09:04:22.225] [bmv2] [T] [thread 94329] [22.0] [cxt 0] switch.p4(99) Primitive pit_table.write(hdr.payload.content_id, 0)
[09:04:22.225] [bmv2] [T] [thread 94329] [22.0] [cxt 0] Wrote register 'MyIngress.pit_table' at index 0 with value 0
[09:04:22.225] [bmv2] [T] [thread 94329] [22.0] [cxt 0] switch.p4(100) Primitive hdr.ethernet.srcAddr = 0xFFFFFFFFFFFF
[09:04:22.225] [bmv2] [T] [thread 94329] [22.0] [cxt 0] switch.p4(101) Primitive hdr.ethernet.dstAddr = 0xFFFFFFFFFFFF
[09:04:22.225] [bmv2] [T] [thread 94329] [22.0] [cxt 0] switch.p4(102) Primitive hdr.payload.ttl = hdr.payload.ttl - 1
[09:04:22.225] [bmv2] [D] [thread 94329] [22.0] [cxt 0] Pipeline 'ingress': end
[09:04:22.225] [bmv2] [D] [thread 94329] [22.0] [cxt 0] Egress port is 0
[09:04:22.225] [bmv2] [D] [thread 94330] [22.0] [cxt 0] Pipeline 'egress': start
[09:04:22.225] [bmv2] [D] [thread 94330] [22.0] [cxt 0] Pipeline 'egress': end
[09:04:22.226] [bmv2] [D] [thread 94330] [22.0] [cxt 0] Deparser 'deparser': start
[09:04:22.226] [bmv2] [D] [thread 94330] [22.0] [cxt 0] Deparsing header 'ethernet'
[09:04:22.226] [bmv2] [D] [thread 94330] [22.0] [cxt 0] Deparser 'deparser': end
[09:04:22.226] [bmv2] [D] [thread 94334] [22.0] [cxt 0] Transmitting packet of size 90 out of port 0
[09:04:22.237] [bmv2] [D] [thread 94329] [23.0] [cxt 0] Processing packet received on port 1
[09:04:22.237] [bmv2] [D] [thread 94329] [23.0] [cxt 0] Parser 'parser': start
[09:04:22.237] [bmv2] [D] [thread 94329] [23.0] [cxt 0] Parser 'parser' entering state 'start'
[09:04:22.237] [bmv2] [D] [thread 94329] [23.0] [cxt 0] Extracting header 'ethernet'
[09:04:22.237] [bmv2] [D] [thread 94329] [23.0] [cxt 0] Parser state 'start': key is 86dd
[09:04:22.237] [bmv2] [T] [thread 94329] [23.0] [cxt 0] Bytes parsed: 14
[09:04:22.237] [bmv2] [D] [thread 94329] [23.0] [cxt 0] Parser 'parser': end
[09:04:22.237] [bmv2] [D] [thread 94329] [23.0] [cxt 0] Pipeline 'ingress': start
[09:04:22.237] [bmv2] [T] [thread 94329] [23.0] [cxt 0] switch.p4(147) Condition "hdr.icn.isValid()" (node_2) is false
[09:04:22.237] [bmv2] [T] [thread 94329] [23.0] [cxt 0] switch.p4(164) Condition "hdr.payload.flag == 1" (node_13) is false
[09:04:22.237] [bmv2] [T] [thread 94329] [23.0] [cxt 0] Applying table 'tbl_data_forward_0'
[09:04:22.237] [bmv2] [D] [thread 94329] [23.0] [cxt 0] Looking up key:

[09:04:22.237] [bmv2] [D] [thread 94329] [23.0] [cxt 0] Table 'tbl_data_forward_0': miss
[09:04:22.237] [bmv2] [D] [thread 94329] [23.0] [cxt 0] Action entry is MyIngress.data_forward - 
[09:04:22.237] [bmv2] [T] [thread 94329] [23.0] [cxt 0] Action MyIngress.data_forward
[09:04:22.237] [bmv2] [T] [thread 94329] [23.0] [cxt 0] switch.p4(97) Primitive pit_table.read(egress_port, hdr.payload.content_id)
[09:04:22.237] [bmv2] [T] [thread 94329] [23.0] [cxt 0] Read register 'MyIngress.pit_table' at index 0 read value 0
[09:04:22.237] [bmv2] [T] [thread 94329] [23.0] [cxt 0] switch.p4(98) Primitive standard_metadata.egress_spec = egress_port
[09:04:22.237] [bmv2] [T] [thread 94329] [23.0] [cxt 0] switch.p4(99) Primitive pit_table.write(hdr.payload.content_id, 0)
[09:04:22.237] [bmv2] [T] [thread 94329] [23.0] [cxt 0] Wrote register 'MyIngress.pit_table' at index 0 with value 0
[09:04:22.237] [bmv2] [T] [thread 94329] [23.0] [cxt 0] switch.p4(100) Primitive hdr.ethernet.srcAddr = 0xFFFFFFFFFFFF
[09:04:22.237] [bmv2] [T] [thread 94329] [23.0] [cxt 0] switch.p4(101) Primitive hdr.ethernet.dstAddr = 0xFFFFFFFFFFFF
[09:04:22.237] [bmv2] [T] [thread 94329] [23.0] [cxt 0] switch.p4(102) Primitive hdr.payload.ttl = hdr.payload.ttl - 1
[09:04:22.237] [bmv2] [D] [thread 94329] [23.0] [cxt 0] Pipeline 'ingress': end
[09:04:22.237] [bmv2] [D] [thread 94329] [23.0] [cxt 0] Egress port is 0
[09:04:22.238] [bmv2] [D] [thread 94330] [23.0] [cxt 0] Pipeline 'egress': start
[09:04:22.238] [bmv2] [D] [thread 94330] [23.0] [cxt 0] Pipeline 'egress': end
[09:04:22.238] [bmv2] [D] [thread 94330] [23.0] [cxt 0] Deparser 'deparser': start
[09:04:22.238] [bmv2] [D] [thread 94330] [23.0] [cxt 0] Deparsing header 'ethernet'
[09:04:22.238] [bmv2] [D] [thread 94330] [23.0] [cxt 0] Deparser 'deparser': end
[09:04:22.238] [bmv2] [D] [thread 94334] [23.0] [cxt 0] Transmitting packet of size 203 out of port 0
[09:04:22.266] [bmv2] [D] [thread 94329] [24.0] [cxt 0] Processing packet received on port 1
[09:04:22.266] [bmv2] [D] [thread 94329] [24.0] [cxt 0] Parser 'parser': start
[09:04:22.266] [bmv2] [D] [thread 94329] [24.0] [cxt 0] Parser 'parser' entering state 'start'
[09:04:22.266] [bmv2] [D] [thread 94329] [24.0] [cxt 0] Extracting header 'ethernet'
[09:04:22.266] [bmv2] [D] [thread 94329] [24.0] [cxt 0] Parser state 'start': key is 86dd
[09:04:22.266] [bmv2] [T] [thread 94329] [24.0] [cxt 0] Bytes parsed: 14
[09:04:22.266] [bmv2] [D] [thread 94329] [24.0] [cxt 0] Parser 'parser': end
[09:04:22.266] [bmv2] [D] [thread 94329] [24.0] [cxt 0] Pipeline 'ingress': start
[09:04:22.266] [bmv2] [T] [thread 94329] [24.0] [cxt 0] switch.p4(147) Condition "hdr.icn.isValid()" (node_2) is false
[09:04:22.266] [bmv2] [T] [thread 94329] [24.0] [cxt 0] switch.p4(164) Condition "hdr.payload.flag == 1" (node_13) is false
[09:04:22.266] [bmv2] [T] [thread 94329] [24.0] [cxt 0] Applying table 'tbl_data_forward_0'
[09:04:22.266] [bmv2] [D] [thread 94329] [24.0] [cxt 0] Looking up key:

[09:04:22.266] [bmv2] [D] [thread 94329] [24.0] [cxt 0] Table 'tbl_data_forward_0': miss
[09:04:22.266] [bmv2] [D] [thread 94329] [24.0] [cxt 0] Action entry is MyIngress.data_forward - 
[09:04:22.266] [bmv2] [T] [thread 94329] [24.0] [cxt 0] Action MyIngress.data_forward
[09:04:22.266] [bmv2] [T] [thread 94329] [24.0] [cxt 0] switch.p4(97) Primitive pit_table.read(egress_port, hdr.payload.content_id)
[09:04:22.266] [bmv2] [T] [thread 94329] [24.0] [cxt 0] Read register 'MyIngress.pit_table' at index 0 read value 0
[09:04:22.266] [bmv2] [T] [thread 94329] [24.0] [cxt 0] switch.p4(98) Primitive standard_metadata.egress_spec = egress_port
[09:04:22.266] [bmv2] [T] [thread 94329] [24.0] [cxt 0] switch.p4(99) Primitive pit_table.write(hdr.payload.content_id, 0)
[09:04:22.266] [bmv2] [T] [thread 94329] [24.0] [cxt 0] Wrote register 'MyIngress.pit_table' at index 0 with value 0
[09:04:22.266] [bmv2] [T] [thread 94329] [24.0] [cxt 0] switch.p4(100) Primitive hdr.ethernet.srcAddr = 0xFFFFFFFFFFFF
[09:04:22.266] [bmv2] [T] [thread 94329] [24.0] [cxt 0] switch.p4(101) Primitive hdr.ethernet.dstAddr = 0xFFFFFFFFFFFF
[09:04:22.266] [bmv2] [T] [thread 94329] [24.0] [cxt 0] switch.p4(102) Primitive hdr.payload.ttl = hdr.payload.ttl - 1
[09:04:22.266] [bmv2] [D] [thread 94329] [24.0] [cxt 0] Pipeline 'ingress': end
[09:04:22.266] [bmv2] [D] [thread 94329] [24.0] [cxt 0] Egress port is 0
[09:04:22.266] [bmv2] [D] [thread 94330] [24.0] [cxt 0] Pipeline 'egress': start
[09:04:22.266] [bmv2] [D] [thread 94330] [24.0] [cxt 0] Pipeline 'egress': end
[09:04:22.266] [bmv2] [D] [thread 94330] [24.0] [cxt 0] Deparser 'deparser': start
[09:04:22.266] [bmv2] [D] [thread 94330] [24.0] [cxt 0] Deparsing header 'ethernet'
[09:04:22.266] [bmv2] [D] [thread 94330] [24.0] [cxt 0] Deparser 'deparser': end
[09:04:22.266] [bmv2] [D] [thread 94334] [24.0] [cxt 0] Transmitting packet of size 211 out of port 0
[09:04:22.271] [bmv2] [D] [thread 94329] [25.0] [cxt 0] Processing packet received on port 1
[09:04:22.271] [bmv2] [D] [thread 94329] [25.0] [cxt 0] Parser 'parser': start
[09:04:22.271] [bmv2] [D] [thread 94329] [25.0] [cxt 0] Parser 'parser' entering state 'start'
[09:04:22.271] [bmv2] [D] [thread 94329] [25.0] [cxt 0] Extracting header 'ethernet'
[09:04:22.271] [bmv2] [D] [thread 94329] [25.0] [cxt 0] Parser state 'start': key is 86dd
[09:04:22.271] [bmv2] [T] [thread 94329] [25.0] [cxt 0] Bytes parsed: 14
[09:04:22.271] [bmv2] [D] [thread 94329] [25.0] [cxt 0] Parser 'parser': end
[09:04:22.271] [bmv2] [D] [thread 94329] [25.0] [cxt 0] Pipeline 'ingress': start
[09:04:22.271] [bmv2] [T] [thread 94329] [25.0] [cxt 0] switch.p4(147) Condition "hdr.icn.isValid()" (node_2) is false
[09:04:22.271] [bmv2] [T] [thread 94329] [25.0] [cxt 0] switch.p4(164) Condition "hdr.payload.flag == 1" (node_13) is false
[09:04:22.271] [bmv2] [T] [thread 94329] [25.0] [cxt 0] Applying table 'tbl_data_forward_0'
[09:04:22.271] [bmv2] [D] [thread 94329] [25.0] [cxt 0] Looking up key:

[09:04:22.271] [bmv2] [D] [thread 94329] [25.0] [cxt 0] Table 'tbl_data_forward_0': miss
[09:04:22.271] [bmv2] [D] [thread 94329] [25.0] [cxt 0] Action entry is MyIngress.data_forward - 
[09:04:22.271] [bmv2] [T] [thread 94329] [25.0] [cxt 0] Action MyIngress.data_forward
[09:04:22.271] [bmv2] [T] [thread 94329] [25.0] [cxt 0] switch.p4(97) Primitive pit_table.read(egress_port, hdr.payload.content_id)
[09:04:22.271] [bmv2] [T] [thread 94329] [25.0] [cxt 0] Read register 'MyIngress.pit_table' at index 0 read value 0
[09:04:22.271] [bmv2] [T] [thread 94329] [25.0] [cxt 0] switch.p4(98) Primitive standard_metadata.egress_spec = egress_port
[09:04:22.271] [bmv2] [T] [thread 94329] [25.0] [cxt 0] switch.p4(99) Primitive pit_table.write(hdr.payload.content_id, 0)
[09:04:22.271] [bmv2] [T] [thread 94329] [25.0] [cxt 0] Wrote register 'MyIngress.pit_table' at index 0 with value 0
[09:04:22.271] [bmv2] [T] [thread 94329] [25.0] [cxt 0] switch.p4(100) Primitive hdr.ethernet.srcAddr = 0xFFFFFFFFFFFF
[09:04:22.271] [bmv2] [T] [thread 94329] [25.0] [cxt 0] switch.p4(101) Primitive hdr.ethernet.dstAddr = 0xFFFFFFFFFFFF
[09:04:22.271] [bmv2] [T] [thread 94329] [25.0] [cxt 0] switch.p4(102) Primitive hdr.payload.ttl = hdr.payload.ttl - 1
[09:04:22.271] [bmv2] [D] [thread 94329] [25.0] [cxt 0] Pipeline 'ingress': end
[09:04:22.271] [bmv2] [D] [thread 94329] [25.0] [cxt 0] Egress port is 0
[09:04:22.271] [bmv2] [D] [thread 94330] [25.0] [cxt 0] Pipeline 'egress': start
[09:04:22.271] [bmv2] [D] [thread 94330] [25.0] [cxt 0] Pipeline 'egress': end
[09:04:22.271] [bmv2] [D] [thread 94330] [25.0] [cxt 0] Deparser 'deparser': start
[09:04:22.271] [bmv2] [D] [thread 94330] [25.0] [cxt 0] Deparsing header 'ethernet'
[09:04:22.271] [bmv2] [D] [thread 94330] [25.0] [cxt 0] Deparser 'deparser': end
[09:04:22.271] [bmv2] [D] [thread 94334] [25.0] [cxt 0] Transmitting packet of size 110 out of port 0
[09:04:22.321] [bmv2] [D] [thread 94329] [26.0] [cxt 0] Processing packet received on port 1
[09:04:22.321] [bmv2] [D] [thread 94329] [26.0] [cxt 0] Parser 'parser': start
[09:04:22.321] [bmv2] [D] [thread 94329] [26.0] [cxt 0] Parser 'parser' entering state 'start'
[09:04:22.321] [bmv2] [D] [thread 94329] [26.0] [cxt 0] Extracting header 'ethernet'
[09:04:22.321] [bmv2] [D] [thread 94329] [26.0] [cxt 0] Parser state 'start': key is 86dd
[09:04:22.321] [bmv2] [T] [thread 94329] [26.0] [cxt 0] Bytes parsed: 14
[09:04:22.321] [bmv2] [D] [thread 94329] [26.0] [cxt 0] Parser 'parser': end
[09:04:22.321] [bmv2] [D] [thread 94329] [26.0] [cxt 0] Pipeline 'ingress': start
[09:04:22.321] [bmv2] [T] [thread 94329] [26.0] [cxt 0] switch.p4(147) Condition "hdr.icn.isValid()" (node_2) is false
[09:04:22.321] [bmv2] [T] [thread 94329] [26.0] [cxt 0] switch.p4(164) Condition "hdr.payload.flag == 1" (node_13) is false
[09:04:22.321] [bmv2] [T] [thread 94329] [26.0] [cxt 0] Applying table 'tbl_data_forward_0'
[09:04:22.321] [bmv2] [D] [thread 94329] [26.0] [cxt 0] Looking up key:

[09:04:22.321] [bmv2] [D] [thread 94329] [26.0] [cxt 0] Table 'tbl_data_forward_0': miss
[09:04:22.321] [bmv2] [D] [thread 94329] [26.0] [cxt 0] Action entry is MyIngress.data_forward - 
[09:04:22.321] [bmv2] [T] [thread 94329] [26.0] [cxt 0] Action MyIngress.data_forward
[09:04:22.321] [bmv2] [T] [thread 94329] [26.0] [cxt 0] switch.p4(97) Primitive pit_table.read(egress_port, hdr.payload.content_id)
[09:04:22.321] [bmv2] [T] [thread 94329] [26.0] [cxt 0] Read register 'MyIngress.pit_table' at index 0 read value 0
[09:04:22.321] [bmv2] [T] [thread 94329] [26.0] [cxt 0] switch.p4(98) Primitive standard_metadata.egress_spec = egress_port
[09:04:22.321] [bmv2] [T] [thread 94329] [26.0] [cxt 0] switch.p4(99) Primitive pit_table.write(hdr.payload.content_id, 0)
[09:04:22.321] [bmv2] [T] [thread 94329] [26.0] [cxt 0] Wrote register 'MyIngress.pit_table' at index 0 with value 0
[09:04:22.321] [bmv2] [T] [thread 94329] [26.0] [cxt 0] switch.p4(100) Primitive hdr.ethernet.srcAddr = 0xFFFFFFFFFFFF
[09:04:22.321] [bmv2] [T] [thread 94329] [26.0] [cxt 0] switch.p4(101) Primitive hdr.ethernet.dstAddr = 0xFFFFFFFFFFFF
[09:04:22.321] [bmv2] [T] [thread 94329] [26.0] [cxt 0] switch.p4(102) Primitive hdr.payload.ttl = hdr.payload.ttl - 1
[09:04:22.321] [bmv2] [D] [thread 94329] [26.0] [cxt 0] Pipeline 'ingress': end
[09:04:22.321] [bmv2] [D] [thread 94329] [26.0] [cxt 0] Egress port is 0
[09:04:22.322] [bmv2] [D] [thread 94330] [26.0] [cxt 0] Pipeline 'egress': start
[09:04:22.322] [bmv2] [D] [thread 94330] [26.0] [cxt 0] Pipeline 'egress': end
[09:04:22.322] [bmv2] [D] [thread 94330] [26.0] [cxt 0] Deparser 'deparser': start
[09:04:22.322] [bmv2] [D] [thread 94330] [26.0] [cxt 0] Deparsing header 'ethernet'
[09:04:22.322] [bmv2] [D] [thread 94330] [26.0] [cxt 0] Deparser 'deparser': end
[09:04:22.322] [bmv2] [D] [thread 94334] [26.0] [cxt 0] Transmitting packet of size 211 out of port 0
[09:04:22.421] [bmv2] [D] [thread 94329] [27.0] [cxt 0] Processing packet received on port 2
[09:04:22.427] [bmv2] [D] [thread 94329] [27.0] [cxt 0] Parser 'parser': start
[09:04:22.427] [bmv2] [D] [thread 94329] [27.0] [cxt 0] Parser 'parser' entering state 'start'
[09:04:22.427] [bmv2] [D] [thread 94329] [27.0] [cxt 0] Extracting header 'ethernet'
[09:04:22.427] [bmv2] [D] [thread 94329] [27.0] [cxt 0] Parser state 'start': key is 86dd
[09:04:22.427] [bmv2] [T] [thread 94329] [27.0] [cxt 0] Bytes parsed: 14
[09:04:22.427] [bmv2] [D] [thread 94329] [27.0] [cxt 0] Parser 'parser': end
[09:04:22.427] [bmv2] [D] [thread 94329] [27.0] [cxt 0] Pipeline 'ingress': start
[09:04:22.427] [bmv2] [T] [thread 94329] [27.0] [cxt 0] switch.p4(147) Condition "hdr.icn.isValid()" (node_2) is false
[09:04:22.427] [bmv2] [T] [thread 94329] [27.0] [cxt 0] switch.p4(164) Condition "hdr.payload.flag == 1" (node_13) is false
[09:04:22.427] [bmv2] [T] [thread 94329] [27.0] [cxt 0] Applying table 'tbl_data_forward_0'
[09:04:22.427] [bmv2] [D] [thread 94329] [27.0] [cxt 0] Looking up key:

[09:04:22.427] [bmv2] [D] [thread 94329] [27.0] [cxt 0] Table 'tbl_data_forward_0': miss
[09:04:22.427] [bmv2] [D] [thread 94329] [27.0] [cxt 0] Action entry is MyIngress.data_forward - 
[09:04:22.427] [bmv2] [T] [thread 94329] [27.0] [cxt 0] Action MyIngress.data_forward
[09:04:22.427] [bmv2] [T] [thread 94329] [27.0] [cxt 0] switch.p4(97) Primitive pit_table.read(egress_port, hdr.payload.content_id)
[09:04:22.427] [bmv2] [T] [thread 94329] [27.0] [cxt 0] Read register 'MyIngress.pit_table' at index 0 read value 0
[09:04:22.427] [bmv2] [T] [thread 94329] [27.0] [cxt 0] switch.p4(98) Primitive standard_metadata.egress_spec = egress_port
[09:04:22.427] [bmv2] [T] [thread 94329] [27.0] [cxt 0] switch.p4(99) Primitive pit_table.write(hdr.payload.content_id, 0)
[09:04:22.427] [bmv2] [T] [thread 94329] [27.0] [cxt 0] Wrote register 'MyIngress.pit_table' at index 0 with value 0
[09:04:22.427] [bmv2] [T] [thread 94329] [27.0] [cxt 0] switch.p4(100) Primitive hdr.ethernet.srcAddr = 0xFFFFFFFFFFFF
[09:04:22.427] [bmv2] [T] [thread 94329] [27.0] [cxt 0] switch.p4(101) Primitive hdr.ethernet.dstAddr = 0xFFFFFFFFFFFF
[09:04:22.427] [bmv2] [T] [thread 94329] [27.0] [cxt 0] switch.p4(102) Primitive hdr.payload.ttl = hdr.payload.ttl - 1
[09:04:22.427] [bmv2] [D] [thread 94329] [27.0] [cxt 0] Pipeline 'ingress': end
[09:04:22.427] [bmv2] [D] [thread 94329] [27.0] [cxt 0] Egress port is 0
[09:04:22.427] [bmv2] [D] [thread 94330] [27.0] [cxt 0] Pipeline 'egress': start
[09:04:22.427] [bmv2] [D] [thread 94330] [27.0] [cxt 0] Pipeline 'egress': end
[09:04:22.427] [bmv2] [D] [thread 94330] [27.0] [cxt 0] Deparser 'deparser': start
[09:04:22.427] [bmv2] [D] [thread 94330] [27.0] [cxt 0] Deparsing header 'ethernet'
[09:04:22.427] [bmv2] [D] [thread 94330] [27.0] [cxt 0] Deparser 'deparser': end
[09:04:22.427] [bmv2] [D] [thread 94334] [27.0] [cxt 0] Transmitting packet of size 211 out of port 0
[09:04:22.458] [bmv2] [D] [thread 94329] [28.0] [cxt 0] Processing packet received on port 2
[09:04:22.458] [bmv2] [D] [thread 94329] [28.0] [cxt 0] Parser 'parser': start
[09:04:22.458] [bmv2] [D] [thread 94329] [28.0] [cxt 0] Parser 'parser' entering state 'start'
[09:04:22.458] [bmv2] [D] [thread 94329] [28.0] [cxt 0] Extracting header 'ethernet'
[09:04:22.458] [bmv2] [D] [thread 94329] [28.0] [cxt 0] Parser state 'start': key is 86dd
[09:04:22.458] [bmv2] [T] [thread 94329] [28.0] [cxt 0] Bytes parsed: 14
[09:04:22.458] [bmv2] [D] [thread 94329] [28.0] [cxt 0] Parser 'parser': end
[09:04:22.458] [bmv2] [D] [thread 94329] [28.0] [cxt 0] Pipeline 'ingress': start
[09:04:22.458] [bmv2] [T] [thread 94329] [28.0] [cxt 0] switch.p4(147) Condition "hdr.icn.isValid()" (node_2) is false
[09:04:22.458] [bmv2] [T] [thread 94329] [28.0] [cxt 0] switch.p4(164) Condition "hdr.payload.flag == 1" (node_13) is false
[09:04:22.458] [bmv2] [T] [thread 94329] [28.0] [cxt 0] Applying table 'tbl_data_forward_0'
[09:04:22.458] [bmv2] [D] [thread 94329] [28.0] [cxt 0] Looking up key:

[09:04:22.458] [bmv2] [D] [thread 94329] [28.0] [cxt 0] Table 'tbl_data_forward_0': miss
[09:04:22.458] [bmv2] [D] [thread 94329] [28.0] [cxt 0] Action entry is MyIngress.data_forward - 
[09:04:22.458] [bmv2] [T] [thread 94329] [28.0] [cxt 0] Action MyIngress.data_forward
[09:04:22.458] [bmv2] [T] [thread 94329] [28.0] [cxt 0] switch.p4(97) Primitive pit_table.read(egress_port, hdr.payload.content_id)
[09:04:22.458] [bmv2] [T] [thread 94329] [28.0] [cxt 0] Read register 'MyIngress.pit_table' at index 0 read value 0
[09:04:22.458] [bmv2] [T] [thread 94329] [28.0] [cxt 0] switch.p4(98) Primitive standard_metadata.egress_spec = egress_port
[09:04:22.458] [bmv2] [T] [thread 94329] [28.0] [cxt 0] switch.p4(99) Primitive pit_table.write(hdr.payload.content_id, 0)
[09:04:22.458] [bmv2] [T] [thread 94329] [28.0] [cxt 0] Wrote register 'MyIngress.pit_table' at index 0 with value 0
[09:04:22.458] [bmv2] [T] [thread 94329] [28.0] [cxt 0] switch.p4(100) Primitive hdr.ethernet.srcAddr = 0xFFFFFFFFFFFF
[09:04:22.458] [bmv2] [T] [thread 94329] [28.0] [cxt 0] switch.p4(101) Primitive hdr.ethernet.dstAddr = 0xFFFFFFFFFFFF
[09:04:22.458] [bmv2] [T] [thread 94329] [28.0] [cxt 0] switch.p4(102) Primitive hdr.payload.ttl = hdr.payload.ttl - 1
[09:04:22.458] [bmv2] [D] [thread 94329] [28.0] [cxt 0] Pipeline 'ingress': end
[09:04:22.458] [bmv2] [D] [thread 94329] [28.0] [cxt 0] Egress port is 0
[09:04:22.458] [bmv2] [D] [thread 94330] [28.0] [cxt 0] Pipeline 'egress': start
[09:04:22.458] [bmv2] [D] [thread 94330] [28.0] [cxt 0] Pipeline 'egress': end
[09:04:22.458] [bmv2] [D] [thread 94330] [28.0] [cxt 0] Deparser 'deparser': start
[09:04:22.458] [bmv2] [D] [thread 94330] [28.0] [cxt 0] Deparsing header 'ethernet'
[09:04:22.458] [bmv2] [D] [thread 94330] [28.0] [cxt 0] Deparser 'deparser': end
[09:04:22.458] [bmv2] [D] [thread 94334] [28.0] [cxt 0] Transmitting packet of size 211 out of port 0
[09:04:22.488] [bmv2] [D] [thread 94329] [29.0] [cxt 0] Processing packet received on port 1
[09:04:22.488] [bmv2] [D] [thread 94329] [29.0] [cxt 0] Parser 'parser': start
[09:04:22.488] [bmv2] [D] [thread 94329] [29.0] [cxt 0] Parser 'parser' entering state 'start'
[09:04:22.488] [bmv2] [D] [thread 94329] [29.0] [cxt 0] Extracting header 'ethernet'
[09:04:22.488] [bmv2] [D] [thread 94329] [29.0] [cxt 0] Parser state 'start': key is 86dd
[09:04:22.488] [bmv2] [T] [thread 94329] [29.0] [cxt 0] Bytes parsed: 14
[09:04:22.488] [bmv2] [D] [thread 94329] [29.0] [cxt 0] Parser 'parser': end
[09:04:22.488] [bmv2] [D] [thread 94329] [29.0] [cxt 0] Pipeline 'ingress': start
[09:04:22.488] [bmv2] [T] [thread 94329] [29.0] [cxt 0] switch.p4(147) Condition "hdr.icn.isValid()" (node_2) is false
[09:04:22.488] [bmv2] [T] [thread 94329] [29.0] [cxt 0] switch.p4(164) Condition "hdr.payload.flag == 1" (node_13) is false
[09:04:22.488] [bmv2] [T] [thread 94329] [29.0] [cxt 0] Applying table 'tbl_data_forward_0'
[09:04:22.488] [bmv2] [D] [thread 94329] [29.0] [cxt 0] Looking up key:

[09:04:22.488] [bmv2] [D] [thread 94329] [29.0] [cxt 0] Table 'tbl_data_forward_0': miss
[09:04:22.488] [bmv2] [D] [thread 94329] [29.0] [cxt 0] Action entry is MyIngress.data_forward - 
[09:04:22.488] [bmv2] [T] [thread 94329] [29.0] [cxt 0] Action MyIngress.data_forward
[09:04:22.488] [bmv2] [T] [thread 94329] [29.0] [cxt 0] switch.p4(97) Primitive pit_table.read(egress_port, hdr.payload.content_id)
[09:04:22.488] [bmv2] [T] [thread 94329] [29.0] [cxt 0] Read register 'MyIngress.pit_table' at index 0 read value 0
[09:04:22.488] [bmv2] [T] [thread 94329] [29.0] [cxt 0] switch.p4(98) Primitive standard_metadata.egress_spec = egress_port
[09:04:22.488] [bmv2] [T] [thread 94329] [29.0] [cxt 0] switch.p4(99) Primitive pit_table.write(hdr.payload.content_id, 0)
[09:04:22.488] [bmv2] [T] [thread 94329] [29.0] [cxt 0] Wrote register 'MyIngress.pit_table' at index 0 with value 0
[09:04:22.488] [bmv2] [T] [thread 94329] [29.0] [cxt 0] switch.p4(100) Primitive hdr.ethernet.srcAddr = 0xFFFFFFFFFFFF
[09:04:22.488] [bmv2] [T] [thread 94329] [29.0] [cxt 0] switch.p4(101) Primitive hdr.ethernet.dstAddr = 0xFFFFFFFFFFFF
[09:04:22.488] [bmv2] [T] [thread 94329] [29.0] [cxt 0] switch.p4(102) Primitive hdr.payload.ttl = hdr.payload.ttl - 1
[09:04:22.488] [bmv2] [D] [thread 94329] [29.0] [cxt 0] Pipeline 'ingress': end
[09:04:22.488] [bmv2] [D] [thread 94329] [29.0] [cxt 0] Egress port is 0
[09:04:22.488] [bmv2] [D] [thread 94330] [29.0] [cxt 0] Pipeline 'egress': start
[09:04:22.488] [bmv2] [D] [thread 94330] [29.0] [cxt 0] Pipeline 'egress': end
[09:04:22.492] [bmv2] [D] [thread 94330] [29.0] [cxt 0] Deparser 'deparser': start
[09:04:22.492] [bmv2] [D] [thread 94330] [29.0] [cxt 0] Deparsing header 'ethernet'
[09:04:22.492] [bmv2] [D] [thread 94330] [29.0] [cxt 0] Deparser 'deparser': end
[09:04:22.492] [bmv2] [D] [thread 94334] [29.0] [cxt 0] Transmitting packet of size 90 out of port 0
[09:04:22.508] [bmv2] [D] [thread 94329] [30.0] [cxt 0] Processing packet received on port 1
[09:04:22.508] [bmv2] [D] [thread 94329] [30.0] [cxt 0] Parser 'parser': start
[09:04:22.508] [bmv2] [D] [thread 94329] [30.0] [cxt 0] Parser 'parser' entering state 'start'
[09:04:22.508] [bmv2] [D] [thread 94329] [30.0] [cxt 0] Extracting header 'ethernet'
[09:04:22.508] [bmv2] [D] [thread 94329] [30.0] [cxt 0] Parser state 'start': key is 86dd
[09:04:22.508] [bmv2] [T] [thread 94329] [30.0] [cxt 0] Bytes parsed: 14
[09:04:22.508] [bmv2] [D] [thread 94329] [30.0] [cxt 0] Parser 'parser': end
[09:04:22.508] [bmv2] [D] [thread 94329] [30.0] [cxt 0] Pipeline 'ingress': start
[09:04:22.508] [bmv2] [T] [thread 94329] [30.0] [cxt 0] switch.p4(147) Condition "hdr.icn.isValid()" (node_2) is false
[09:04:22.508] [bmv2] [T] [thread 94329] [30.0] [cxt 0] switch.p4(164) Condition "hdr.payload.flag == 1" (node_13) is false
[09:04:22.508] [bmv2] [T] [thread 94329] [30.0] [cxt 0] Applying table 'tbl_data_forward_0'
[09:04:22.508] [bmv2] [D] [thread 94329] [30.0] [cxt 0] Looking up key:

[09:04:22.508] [bmv2] [D] [thread 94329] [30.0] [cxt 0] Table 'tbl_data_forward_0': miss
[09:04:22.508] [bmv2] [D] [thread 94329] [30.0] [cxt 0] Action entry is MyIngress.data_forward - 
[09:04:22.508] [bmv2] [T] [thread 94329] [30.0] [cxt 0] Action MyIngress.data_forward
[09:04:22.508] [bmv2] [T] [thread 94329] [30.0] [cxt 0] switch.p4(97) Primitive pit_table.read(egress_port, hdr.payload.content_id)
[09:04:22.508] [bmv2] [T] [thread 94329] [30.0] [cxt 0] Read register 'MyIngress.pit_table' at index 0 read value 0
[09:04:22.508] [bmv2] [T] [thread 94329] [30.0] [cxt 0] switch.p4(98) Primitive standard_metadata.egress_spec = egress_port
[09:04:22.508] [bmv2] [T] [thread 94329] [30.0] [cxt 0] switch.p4(99) Primitive pit_table.write(hdr.payload.content_id, 0)
[09:04:22.508] [bmv2] [T] [thread 94329] [30.0] [cxt 0] Wrote register 'MyIngress.pit_table' at index 0 with value 0
[09:04:22.508] [bmv2] [T] [thread 94329] [30.0] [cxt 0] switch.p4(100) Primitive hdr.ethernet.srcAddr = 0xFFFFFFFFFFFF
[09:04:22.508] [bmv2] [T] [thread 94329] [30.0] [cxt 0] switch.p4(101) Primitive hdr.ethernet.dstAddr = 0xFFFFFFFFFFFF
[09:04:22.508] [bmv2] [T] [thread 94329] [30.0] [cxt 0] switch.p4(102) Primitive hdr.payload.ttl = hdr.payload.ttl - 1
[09:04:22.508] [bmv2] [D] [thread 94329] [30.0] [cxt 0] Pipeline 'ingress': end
[09:04:22.508] [bmv2] [D] [thread 94329] [30.0] [cxt 0] Egress port is 0
[09:04:22.508] [bmv2] [D] [thread 94330] [30.0] [cxt 0] Pipeline 'egress': start
[09:04:22.508] [bmv2] [D] [thread 94330] [30.0] [cxt 0] Pipeline 'egress': end
[09:04:22.508] [bmv2] [D] [thread 94330] [30.0] [cxt 0] Deparser 'deparser': start
[09:04:22.508] [bmv2] [D] [thread 94330] [30.0] [cxt 0] Deparsing header 'ethernet'
[09:04:22.508] [bmv2] [D] [thread 94330] [30.0] [cxt 0] Deparser 'deparser': end
[09:04:22.508] [bmv2] [D] [thread 94334] [30.0] [cxt 0] Transmitting packet of size 211 out of port 0
[09:04:22.518] [bmv2] [D] [thread 94329] [31.0] [cxt 0] Processing packet received on port 1
[09:04:22.518] [bmv2] [D] [thread 94329] [31.0] [cxt 0] Parser 'parser': start
[09:04:22.518] [bmv2] [D] [thread 94329] [31.0] [cxt 0] Parser 'parser' entering state 'start'
[09:04:22.518] [bmv2] [D] [thread 94329] [31.0] [cxt 0] Extracting header 'ethernet'
[09:04:22.518] [bmv2] [D] [thread 94329] [31.0] [cxt 0] Parser state 'start': key is 86dd
[09:04:22.518] [bmv2] [T] [thread 94329] [31.0] [cxt 0] Bytes parsed: 14
[09:04:22.518] [bmv2] [D] [thread 94329] [31.0] [cxt 0] Parser 'parser': end
[09:04:22.518] [bmv2] [D] [thread 94329] [31.0] [cxt 0] Pipeline 'ingress': start
[09:04:22.518] [bmv2] [T] [thread 94329] [31.0] [cxt 0] switch.p4(147) Condition "hdr.icn.isValid()" (node_2) is false
[09:04:22.518] [bmv2] [T] [thread 94329] [31.0] [cxt 0] switch.p4(164) Condition "hdr.payload.flag == 1" (node_13) is false
[09:04:22.518] [bmv2] [T] [thread 94329] [31.0] [cxt 0] Applying table 'tbl_data_forward_0'
[09:04:22.518] [bmv2] [D] [thread 94329] [31.0] [cxt 0] Looking up key:

[09:04:22.518] [bmv2] [D] [thread 94329] [31.0] [cxt 0] Table 'tbl_data_forward_0': miss
[09:04:22.518] [bmv2] [D] [thread 94329] [31.0] [cxt 0] Action entry is MyIngress.data_forward - 
[09:04:22.518] [bmv2] [T] [thread 94329] [31.0] [cxt 0] Action MyIngress.data_forward
[09:04:22.518] [bmv2] [T] [thread 94329] [31.0] [cxt 0] switch.p4(97) Primitive pit_table.read(egress_port, hdr.payload.content_id)
[09:04:22.518] [bmv2] [T] [thread 94329] [31.0] [cxt 0] Read register 'MyIngress.pit_table' at index 0 read value 0
[09:04:22.518] [bmv2] [T] [thread 94329] [31.0] [cxt 0] switch.p4(98) Primitive standard_metadata.egress_spec = egress_port
[09:04:22.518] [bmv2] [T] [thread 94329] [31.0] [cxt 0] switch.p4(99) Primitive pit_table.write(hdr.payload.content_id, 0)
[09:04:22.518] [bmv2] [T] [thread 94329] [31.0] [cxt 0] Wrote register 'MyIngress.pit_table' at index 0 with value 0
[09:04:22.518] [bmv2] [T] [thread 94329] [31.0] [cxt 0] switch.p4(100) Primitive hdr.ethernet.srcAddr = 0xFFFFFFFFFFFF
[09:04:22.518] [bmv2] [T] [thread 94329] [31.0] [cxt 0] switch.p4(101) Primitive hdr.ethernet.dstAddr = 0xFFFFFFFFFFFF
[09:04:22.518] [bmv2] [T] [thread 94329] [31.0] [cxt 0] switch.p4(102) Primitive hdr.payload.ttl = hdr.payload.ttl - 1
[09:04:22.518] [bmv2] [D] [thread 94329] [31.0] [cxt 0] Pipeline 'ingress': end
[09:04:22.518] [bmv2] [D] [thread 94329] [31.0] [cxt 0] Egress port is 0
[09:04:22.518] [bmv2] [D] [thread 94330] [31.0] [cxt 0] Pipeline 'egress': start
[09:04:22.518] [bmv2] [D] [thread 94330] [31.0] [cxt 0] Pipeline 'egress': end
[09:04:22.518] [bmv2] [D] [thread 94330] [31.0] [cxt 0] Deparser 'deparser': start
[09:04:22.518] [bmv2] [D] [thread 94330] [31.0] [cxt 0] Deparsing header 'ethernet'
[09:04:22.518] [bmv2] [D] [thread 94330] [31.0] [cxt 0] Deparser 'deparser': end
[09:04:22.518] [bmv2] [D] [thread 94334] [31.0] [cxt 0] Transmitting packet of size 199 out of port 0
[09:04:22.589] [bmv2] [D] [thread 94329] [32.0] [cxt 0] Processing packet received on port 2
[09:04:22.589] [bmv2] [D] [thread 94329] [32.0] [cxt 0] Parser 'parser': start
[09:04:22.589] [bmv2] [D] [thread 94329] [32.0] [cxt 0] Parser 'parser' entering state 'start'
[09:04:22.589] [bmv2] [D] [thread 94329] [32.0] [cxt 0] Extracting header 'ethernet'
[09:04:22.589] [bmv2] [D] [thread 94329] [32.0] [cxt 0] Parser state 'start': key is 86dd
[09:04:22.589] [bmv2] [T] [thread 94329] [32.0] [cxt 0] Bytes parsed: 14
[09:04:22.589] [bmv2] [D] [thread 94329] [32.0] [cxt 0] Parser 'parser': end
[09:04:22.589] [bmv2] [D] [thread 94329] [32.0] [cxt 0] Pipeline 'ingress': start
[09:04:22.589] [bmv2] [T] [thread 94329] [32.0] [cxt 0] switch.p4(147) Condition "hdr.icn.isValid()" (node_2) is false
[09:04:22.589] [bmv2] [T] [thread 94329] [32.0] [cxt 0] switch.p4(164) Condition "hdr.payload.flag == 1" (node_13) is false
[09:04:22.589] [bmv2] [T] [thread 94329] [32.0] [cxt 0] Applying table 'tbl_data_forward_0'
[09:04:22.589] [bmv2] [D] [thread 94329] [32.0] [cxt 0] Looking up key:

[09:04:22.589] [bmv2] [D] [thread 94329] [32.0] [cxt 0] Table 'tbl_data_forward_0': miss
[09:04:22.589] [bmv2] [D] [thread 94329] [32.0] [cxt 0] Action entry is MyIngress.data_forward - 
[09:04:22.589] [bmv2] [T] [thread 94329] [32.0] [cxt 0] Action MyIngress.data_forward
[09:04:22.589] [bmv2] [T] [thread 94329] [32.0] [cxt 0] switch.p4(97) Primitive pit_table.read(egress_port, hdr.payload.content_id)
[09:04:22.589] [bmv2] [T] [thread 94329] [32.0] [cxt 0] Read register 'MyIngress.pit_table' at index 0 read value 0
[09:04:22.589] [bmv2] [T] [thread 94329] [32.0] [cxt 0] switch.p4(98) Primitive standard_metadata.egress_spec = egress_port
[09:04:22.589] [bmv2] [T] [thread 94329] [32.0] [cxt 0] switch.p4(99) Primitive pit_table.write(hdr.payload.content_id, 0)
[09:04:22.589] [bmv2] [T] [thread 94329] [32.0] [cxt 0] Wrote register 'MyIngress.pit_table' at index 0 with value 0
[09:04:22.589] [bmv2] [T] [thread 94329] [32.0] [cxt 0] switch.p4(100) Primitive hdr.ethernet.srcAddr = 0xFFFFFFFFFFFF
[09:04:22.589] [bmv2] [T] [thread 94329] [32.0] [cxt 0] switch.p4(101) Primitive hdr.ethernet.dstAddr = 0xFFFFFFFFFFFF
[09:04:22.589] [bmv2] [T] [thread 94329] [32.0] [cxt 0] switch.p4(102) Primitive hdr.payload.ttl = hdr.payload.ttl - 1
[09:04:22.589] [bmv2] [D] [thread 94329] [32.0] [cxt 0] Pipeline 'ingress': end
[09:04:22.589] [bmv2] [D] [thread 94329] [32.0] [cxt 0] Egress port is 0
[09:04:22.589] [bmv2] [D] [thread 94330] [32.0] [cxt 0] Pipeline 'egress': start
[09:04:22.589] [bmv2] [D] [thread 94330] [32.0] [cxt 0] Pipeline 'egress': end
[09:04:22.589] [bmv2] [D] [thread 94330] [32.0] [cxt 0] Deparser 'deparser': start
[09:04:22.589] [bmv2] [D] [thread 94330] [32.0] [cxt 0] Deparsing header 'ethernet'
[09:04:22.589] [bmv2] [D] [thread 94330] [32.0] [cxt 0] Deparser 'deparser': end
[09:04:22.589] [bmv2] [D] [thread 94334] [32.0] [cxt 0] Transmitting packet of size 110 out of port 0
[09:04:22.659] [bmv2] [D] [thread 94329] [33.0] [cxt 0] Processing packet received on port 2
[09:04:22.659] [bmv2] [D] [thread 94329] [33.0] [cxt 0] Parser 'parser': start
[09:04:22.659] [bmv2] [D] [thread 94329] [33.0] [cxt 0] Parser 'parser' entering state 'start'
[09:04:22.659] [bmv2] [D] [thread 94329] [33.0] [cxt 0] Extracting header 'ethernet'
[09:04:22.659] [bmv2] [D] [thread 94329] [33.0] [cxt 0] Parser state 'start': key is 86dd
[09:04:22.659] [bmv2] [T] [thread 94329] [33.0] [cxt 0] Bytes parsed: 14
[09:04:22.659] [bmv2] [D] [thread 94329] [33.0] [cxt 0] Parser 'parser': end
[09:04:22.659] [bmv2] [D] [thread 94329] [33.0] [cxt 0] Pipeline 'ingress': start
[09:04:22.659] [bmv2] [T] [thread 94329] [33.0] [cxt 0] switch.p4(147) Condition "hdr.icn.isValid()" (node_2) is false
[09:04:22.659] [bmv2] [T] [thread 94329] [33.0] [cxt 0] switch.p4(164) Condition "hdr.payload.flag == 1" (node_13) is false
[09:04:22.659] [bmv2] [T] [thread 94329] [33.0] [cxt 0] Applying table 'tbl_data_forward_0'
[09:04:22.659] [bmv2] [D] [thread 94329] [33.0] [cxt 0] Looking up key:

[09:04:22.659] [bmv2] [D] [thread 94329] [33.0] [cxt 0] Table 'tbl_data_forward_0': miss
[09:04:22.659] [bmv2] [D] [thread 94329] [33.0] [cxt 0] Action entry is MyIngress.data_forward - 
[09:04:22.659] [bmv2] [T] [thread 94329] [33.0] [cxt 0] Action MyIngress.data_forward
[09:04:22.659] [bmv2] [T] [thread 94329] [33.0] [cxt 0] switch.p4(97) Primitive pit_table.read(egress_port, hdr.payload.content_id)
[09:04:22.659] [bmv2] [T] [thread 94329] [33.0] [cxt 0] Read register 'MyIngress.pit_table' at index 0 read value 0
[09:04:22.659] [bmv2] [T] [thread 94329] [33.0] [cxt 0] switch.p4(98) Primitive standard_metadata.egress_spec = egress_port
[09:04:22.659] [bmv2] [T] [thread 94329] [33.0] [cxt 0] switch.p4(99) Primitive pit_table.write(hdr.payload.content_id, 0)
[09:04:22.659] [bmv2] [T] [thread 94329] [33.0] [cxt 0] Wrote register 'MyIngress.pit_table' at index 0 with value 0
[09:04:22.659] [bmv2] [T] [thread 94329] [33.0] [cxt 0] switch.p4(100) Primitive hdr.ethernet.srcAddr = 0xFFFFFFFFFFFF
[09:04:22.659] [bmv2] [T] [thread 94329] [33.0] [cxt 0] switch.p4(101) Primitive hdr.ethernet.dstAddr = 0xFFFFFFFFFFFF
[09:04:22.659] [bmv2] [T] [thread 94329] [33.0] [cxt 0] switch.p4(102) Primitive hdr.payload.ttl = hdr.payload.ttl - 1
[09:04:22.659] [bmv2] [D] [thread 94329] [33.0] [cxt 0] Pipeline 'ingress': end
[09:04:22.659] [bmv2] [D] [thread 94329] [33.0] [cxt 0] Egress port is 0
[09:04:22.659] [bmv2] [D] [thread 94330] [33.0] [cxt 0] Pipeline 'egress': start
[09:04:22.659] [bmv2] [D] [thread 94330] [33.0] [cxt 0] Pipeline 'egress': end
[09:04:22.659] [bmv2] [D] [thread 94330] [33.0] [cxt 0] Deparser 'deparser': start
[09:04:22.659] [bmv2] [D] [thread 94330] [33.0] [cxt 0] Deparsing header 'ethernet'
[09:04:22.659] [bmv2] [D] [thread 94330] [33.0] [cxt 0] Deparser 'deparser': end
[09:04:22.659] [bmv2] [D] [thread 94334] [33.0] [cxt 0] Transmitting packet of size 90 out of port 0
[09:04:22.666] [bmv2] [D] [thread 94329] [34.0] [cxt 0] Processing packet received on port 2
[09:04:22.666] [bmv2] [D] [thread 94329] [34.0] [cxt 0] Parser 'parser': start
[09:04:22.666] [bmv2] [D] [thread 94329] [34.0] [cxt 0] Parser 'parser' entering state 'start'
[09:04:22.666] [bmv2] [D] [thread 94329] [34.0] [cxt 0] Extracting header 'ethernet'
[09:04:22.666] [bmv2] [D] [thread 94329] [34.0] [cxt 0] Parser state 'start': key is 86dd
[09:04:22.666] [bmv2] [T] [thread 94329] [34.0] [cxt 0] Bytes parsed: 14
[09:04:22.666] [bmv2] [D] [thread 94329] [34.0] [cxt 0] Parser 'parser': end
[09:04:22.666] [bmv2] [D] [thread 94329] [34.0] [cxt 0] Pipeline 'ingress': start
[09:04:22.666] [bmv2] [T] [thread 94329] [34.0] [cxt 0] switch.p4(147) Condition "hdr.icn.isValid()" (node_2) is false
[09:04:22.666] [bmv2] [T] [thread 94329] [34.0] [cxt 0] switch.p4(164) Condition "hdr.payload.flag == 1" (node_13) is false
[09:04:22.666] [bmv2] [T] [thread 94329] [34.0] [cxt 0] Applying table 'tbl_data_forward_0'
[09:04:22.666] [bmv2] [D] [thread 94329] [34.0] [cxt 0] Looking up key:

[09:04:22.666] [bmv2] [D] [thread 94329] [34.0] [cxt 0] Table 'tbl_data_forward_0': miss
[09:04:22.666] [bmv2] [D] [thread 94329] [34.0] [cxt 0] Action entry is MyIngress.data_forward - 
[09:04:22.666] [bmv2] [T] [thread 94329] [34.0] [cxt 0] Action MyIngress.data_forward
[09:04:22.666] [bmv2] [T] [thread 94329] [34.0] [cxt 0] switch.p4(97) Primitive pit_table.read(egress_port, hdr.payload.content_id)
[09:04:22.666] [bmv2] [T] [thread 94329] [34.0] [cxt 0] Read register 'MyIngress.pit_table' at index 0 read value 0
[09:04:22.666] [bmv2] [T] [thread 94329] [34.0] [cxt 0] switch.p4(98) Primitive standard_metadata.egress_spec = egress_port
[09:04:22.666] [bmv2] [T] [thread 94329] [34.0] [cxt 0] switch.p4(99) Primitive pit_table.write(hdr.payload.content_id, 0)
[09:04:22.666] [bmv2] [T] [thread 94329] [34.0] [cxt 0] Wrote register 'MyIngress.pit_table' at index 0 with value 0
[09:04:22.666] [bmv2] [T] [thread 94329] [34.0] [cxt 0] switch.p4(100) Primitive hdr.ethernet.srcAddr = 0xFFFFFFFFFFFF
[09:04:22.666] [bmv2] [T] [thread 94329] [34.0] [cxt 0] switch.p4(101) Primitive hdr.ethernet.dstAddr = 0xFFFFFFFFFFFF
[09:04:22.666] [bmv2] [T] [thread 94329] [34.0] [cxt 0] switch.p4(102) Primitive hdr.payload.ttl = hdr.payload.ttl - 1
[09:04:22.671] [bmv2] [D] [thread 94329] [34.0] [cxt 0] Pipeline 'ingress': end
[09:04:22.671] [bmv2] [D] [thread 94329] [34.0] [cxt 0] Egress port is 0
[09:04:22.671] [bmv2] [D] [thread 94330] [34.0] [cxt 0] Pipeline 'egress': start
[09:04:22.671] [bmv2] [D] [thread 94330] [34.0] [cxt 0] Pipeline 'egress': end
[09:04:22.671] [bmv2] [D] [thread 94330] [34.0] [cxt 0] Deparser 'deparser': start
[09:04:22.671] [bmv2] [D] [thread 94330] [34.0] [cxt 0] Deparsing header 'ethernet'
[09:04:22.671] [bmv2] [D] [thread 94330] [34.0] [cxt 0] Deparser 'deparser': end
[09:04:22.671] [bmv2] [D] [thread 94334] [34.0] [cxt 0] Transmitting packet of size 211 out of port 0
[09:04:22.726] [bmv2] [D] [thread 94329] [35.0] [cxt 0] Processing packet received on port 2
[09:04:22.726] [bmv2] [D] [thread 94329] [35.0] [cxt 0] Parser 'parser': start
[09:04:22.726] [bmv2] [D] [thread 94329] [35.0] [cxt 0] Parser 'parser' entering state 'start'
[09:04:22.726] [bmv2] [D] [thread 94329] [35.0] [cxt 0] Extracting header 'ethernet'
[09:04:22.726] [bmv2] [D] [thread 94329] [35.0] [cxt 0] Parser state 'start': key is 86dd
[09:04:22.726] [bmv2] [T] [thread 94329] [35.0] [cxt 0] Bytes parsed: 14
[09:04:22.726] [bmv2] [D] [thread 94329] [35.0] [cxt 0] Parser 'parser': end
[09:04:22.726] [bmv2] [D] [thread 94329] [35.0] [cxt 0] Pipeline 'ingress': start
[09:04:22.726] [bmv2] [T] [thread 94329] [35.0] [cxt 0] switch.p4(147) Condition "hdr.icn.isValid()" (node_2) is false
[09:04:22.726] [bmv2] [T] [thread 94329] [35.0] [cxt 0] switch.p4(164) Condition "hdr.payload.flag == 1" (node_13) is false
[09:04:22.726] [bmv2] [T] [thread 94329] [35.0] [cxt 0] Applying table 'tbl_data_forward_0'
[09:04:22.726] [bmv2] [D] [thread 94329] [35.0] [cxt 0] Looking up key:

[09:04:22.726] [bmv2] [D] [thread 94329] [35.0] [cxt 0] Table 'tbl_data_forward_0': miss
[09:04:22.726] [bmv2] [D] [thread 94329] [35.0] [cxt 0] Action entry is MyIngress.data_forward - 
[09:04:22.726] [bmv2] [T] [thread 94329] [35.0] [cxt 0] Action MyIngress.data_forward
[09:04:22.726] [bmv2] [T] [thread 94329] [35.0] [cxt 0] switch.p4(97) Primitive pit_table.read(egress_port, hdr.payload.content_id)
[09:04:22.726] [bmv2] [T] [thread 94329] [35.0] [cxt 0] Read register 'MyIngress.pit_table' at index 0 read value 0
[09:04:22.726] [bmv2] [T] [thread 94329] [35.0] [cxt 0] switch.p4(98) Primitive standard_metadata.egress_spec = egress_port
[09:04:22.726] [bmv2] [T] [thread 94329] [35.0] [cxt 0] switch.p4(99) Primitive pit_table.write(hdr.payload.content_id, 0)
[09:04:22.726] [bmv2] [T] [thread 94329] [35.0] [cxt 0] Wrote register 'MyIngress.pit_table' at index 0 with value 0
[09:04:22.726] [bmv2] [T] [thread 94329] [35.0] [cxt 0] switch.p4(100) Primitive hdr.ethernet.srcAddr = 0xFFFFFFFFFFFF
[09:04:22.726] [bmv2] [T] [thread 94329] [35.0] [cxt 0] switch.p4(101) Primitive hdr.ethernet.dstAddr = 0xFFFFFFFFFFFF
[09:04:22.726] [bmv2] [T] [thread 94329] [35.0] [cxt 0] switch.p4(102) Primitive hdr.payload.ttl = hdr.payload.ttl - 1
[09:04:22.726] [bmv2] [D] [thread 94329] [35.0] [cxt 0] Pipeline 'ingress': end
[09:04:22.726] [bmv2] [D] [thread 94329] [35.0] [cxt 0] Egress port is 0
[09:04:22.728] [bmv2] [D] [thread 94330] [35.0] [cxt 0] Pipeline 'egress': start
[09:04:22.728] [bmv2] [D] [thread 94330] [35.0] [cxt 0] Pipeline 'egress': end
[09:04:22.728] [bmv2] [D] [thread 94330] [35.0] [cxt 0] Deparser 'deparser': start
[09:04:22.728] [bmv2] [D] [thread 94330] [35.0] [cxt 0] Deparsing header 'ethernet'
[09:04:22.728] [bmv2] [D] [thread 94330] [35.0] [cxt 0] Deparser 'deparser': end
[09:04:22.728] [bmv2] [D] [thread 94334] [35.0] [cxt 0] Transmitting packet of size 211 out of port 0
[09:04:22.753] [bmv2] [D] [thread 94329] [36.0] [cxt 0] Processing packet received on port 1
[09:04:22.753] [bmv2] [D] [thread 94329] [36.0] [cxt 0] Parser 'parser': start
[09:04:22.753] [bmv2] [D] [thread 94329] [36.0] [cxt 0] Parser 'parser' entering state 'start'
[09:04:22.753] [bmv2] [D] [thread 94329] [36.0] [cxt 0] Extracting header 'ethernet'
[09:04:22.753] [bmv2] [D] [thread 94329] [36.0] [cxt 0] Parser state 'start': key is 86dd
[09:04:22.753] [bmv2] [T] [thread 94329] [36.0] [cxt 0] Bytes parsed: 14
[09:04:22.753] [bmv2] [D] [thread 94329] [36.0] [cxt 0] Parser 'parser': end
[09:04:22.753] [bmv2] [D] [thread 94329] [36.0] [cxt 0] Pipeline 'ingress': start
[09:04:22.753] [bmv2] [T] [thread 94329] [36.0] [cxt 0] switch.p4(147) Condition "hdr.icn.isValid()" (node_2) is false
[09:04:22.753] [bmv2] [T] [thread 94329] [36.0] [cxt 0] switch.p4(164) Condition "hdr.payload.flag == 1" (node_13) is false
[09:04:22.753] [bmv2] [T] [thread 94329] [36.0] [cxt 0] Applying table 'tbl_data_forward_0'
[09:04:22.753] [bmv2] [D] [thread 94329] [36.0] [cxt 0] Looking up key:

[09:04:22.753] [bmv2] [D] [thread 94329] [36.0] [cxt 0] Table 'tbl_data_forward_0': miss
[09:04:22.753] [bmv2] [D] [thread 94329] [36.0] [cxt 0] Action entry is MyIngress.data_forward - 
[09:04:22.753] [bmv2] [T] [thread 94329] [36.0] [cxt 0] Action MyIngress.data_forward
[09:04:22.753] [bmv2] [T] [thread 94329] [36.0] [cxt 0] switch.p4(97) Primitive pit_table.read(egress_port, hdr.payload.content_id)
[09:04:22.753] [bmv2] [T] [thread 94329] [36.0] [cxt 0] Read register 'MyIngress.pit_table' at index 0 read value 0
[09:04:22.753] [bmv2] [T] [thread 94329] [36.0] [cxt 0] switch.p4(98) Primitive standard_metadata.egress_spec = egress_port
[09:04:22.753] [bmv2] [T] [thread 94329] [36.0] [cxt 0] switch.p4(99) Primitive pit_table.write(hdr.payload.content_id, 0)
[09:04:22.753] [bmv2] [T] [thread 94329] [36.0] [cxt 0] Wrote register 'MyIngress.pit_table' at index 0 with value 0
[09:04:22.753] [bmv2] [T] [thread 94329] [36.0] [cxt 0] switch.p4(100) Primitive hdr.ethernet.srcAddr = 0xFFFFFFFFFFFF
[09:04:22.753] [bmv2] [T] [thread 94329] [36.0] [cxt 0] switch.p4(101) Primitive hdr.ethernet.dstAddr = 0xFFFFFFFFFFFF
[09:04:22.753] [bmv2] [T] [thread 94329] [36.0] [cxt 0] switch.p4(102) Primitive hdr.payload.ttl = hdr.payload.ttl - 1
[09:04:22.753] [bmv2] [D] [thread 94329] [36.0] [cxt 0] Pipeline 'ingress': end
[09:04:22.753] [bmv2] [D] [thread 94329] [36.0] [cxt 0] Egress port is 0
[09:04:22.753] [bmv2] [D] [thread 94330] [36.0] [cxt 0] Pipeline 'egress': start
[09:04:22.753] [bmv2] [D] [thread 94330] [36.0] [cxt 0] Pipeline 'egress': end
[09:04:22.753] [bmv2] [D] [thread 94330] [36.0] [cxt 0] Deparser 'deparser': start
[09:04:22.753] [bmv2] [D] [thread 94330] [36.0] [cxt 0] Deparsing header 'ethernet'
[09:04:22.753] [bmv2] [D] [thread 94330] [36.0] [cxt 0] Deparser 'deparser': end
[09:04:22.753] [bmv2] [D] [thread 94334] [36.0] [cxt 0] Transmitting packet of size 203 out of port 0
[09:04:22.759] [bmv2] [D] [thread 94329] [37.0] [cxt 0] Processing packet received on port 1
[09:04:22.759] [bmv2] [D] [thread 94329] [37.0] [cxt 0] Parser 'parser': start
[09:04:22.759] [bmv2] [D] [thread 94329] [37.0] [cxt 0] Parser 'parser' entering state 'start'
[09:04:22.759] [bmv2] [D] [thread 94329] [37.0] [cxt 0] Extracting header 'ethernet'
[09:04:22.759] [bmv2] [D] [thread 94329] [37.0] [cxt 0] Parser state 'start': key is 86dd
[09:04:22.759] [bmv2] [T] [thread 94329] [37.0] [cxt 0] Bytes parsed: 14
[09:04:22.759] [bmv2] [D] [thread 94329] [37.0] [cxt 0] Parser 'parser': end
[09:04:22.759] [bmv2] [D] [thread 94329] [37.0] [cxt 0] Pipeline 'ingress': start
[09:04:22.759] [bmv2] [T] [thread 94329] [37.0] [cxt 0] switch.p4(147) Condition "hdr.icn.isValid()" (node_2) is false
[09:04:22.759] [bmv2] [T] [thread 94329] [37.0] [cxt 0] switch.p4(164) Condition "hdr.payload.flag == 1" (node_13) is false
[09:04:22.759] [bmv2] [T] [thread 94329] [37.0] [cxt 0] Applying table 'tbl_data_forward_0'
[09:04:22.759] [bmv2] [D] [thread 94329] [37.0] [cxt 0] Looking up key:

[09:04:22.759] [bmv2] [D] [thread 94329] [37.0] [cxt 0] Table 'tbl_data_forward_0': miss
[09:04:22.759] [bmv2] [D] [thread 94329] [37.0] [cxt 0] Action entry is MyIngress.data_forward - 
[09:04:22.759] [bmv2] [T] [thread 94329] [37.0] [cxt 0] Action MyIngress.data_forward
[09:04:22.759] [bmv2] [T] [thread 94329] [37.0] [cxt 0] switch.p4(97) Primitive pit_table.read(egress_port, hdr.payload.content_id)
[09:04:22.759] [bmv2] [T] [thread 94329] [37.0] [cxt 0] Read register 'MyIngress.pit_table' at index 0 read value 0
[09:04:22.759] [bmv2] [T] [thread 94329] [37.0] [cxt 0] switch.p4(98) Primitive standard_metadata.egress_spec = egress_port
[09:04:22.759] [bmv2] [T] [thread 94329] [37.0] [cxt 0] switch.p4(99) Primitive pit_table.write(hdr.payload.content_id, 0)
[09:04:22.759] [bmv2] [T] [thread 94329] [37.0] [cxt 0] Wrote register 'MyIngress.pit_table' at index 0 with value 0
[09:04:22.759] [bmv2] [T] [thread 94329] [37.0] [cxt 0] switch.p4(100) Primitive hdr.ethernet.srcAddr = 0xFFFFFFFFFFFF
[09:04:22.759] [bmv2] [T] [thread 94329] [37.0] [cxt 0] switch.p4(101) Primitive hdr.ethernet.dstAddr = 0xFFFFFFFFFFFF
[09:04:22.759] [bmv2] [T] [thread 94329] [37.0] [cxt 0] switch.p4(102) Primitive hdr.payload.ttl = hdr.payload.ttl - 1
[09:04:22.759] [bmv2] [D] [thread 94329] [37.0] [cxt 0] Pipeline 'ingress': end
[09:04:22.759] [bmv2] [D] [thread 94329] [37.0] [cxt 0] Egress port is 0
[09:04:22.759] [bmv2] [D] [thread 94330] [37.0] [cxt 0] Pipeline 'egress': start
[09:04:22.759] [bmv2] [D] [thread 94330] [37.0] [cxt 0] Pipeline 'egress': end
[09:04:22.759] [bmv2] [D] [thread 94330] [37.0] [cxt 0] Deparser 'deparser': start
[09:04:22.759] [bmv2] [D] [thread 94330] [37.0] [cxt 0] Deparsing header 'ethernet'
[09:04:22.759] [bmv2] [D] [thread 94330] [37.0] [cxt 0] Deparser 'deparser': end
[09:04:22.759] [bmv2] [D] [thread 94334] [37.0] [cxt 0] Transmitting packet of size 211 out of port 0
[09:04:22.882] [bmv2] [D] [thread 94329] [38.0] [cxt 0] Processing packet received on port 2
[09:04:22.882] [bmv2] [D] [thread 94329] [38.0] [cxt 0] Parser 'parser': start
[09:04:22.882] [bmv2] [D] [thread 94329] [38.0] [cxt 0] Parser 'parser' entering state 'start'
[09:04:22.882] [bmv2] [D] [thread 94329] [38.0] [cxt 0] Extracting header 'ethernet'
[09:04:22.882] [bmv2] [D] [thread 94329] [38.0] [cxt 0] Parser state 'start': key is 86dd
[09:04:22.882] [bmv2] [T] [thread 94329] [38.0] [cxt 0] Bytes parsed: 14
[09:04:22.882] [bmv2] [D] [thread 94329] [38.0] [cxt 0] Parser 'parser': end
[09:04:22.882] [bmv2] [D] [thread 94329] [38.0] [cxt 0] Pipeline 'ingress': start
[09:04:22.882] [bmv2] [T] [thread 94329] [38.0] [cxt 0] switch.p4(147) Condition "hdr.icn.isValid()" (node_2) is false
[09:04:22.882] [bmv2] [T] [thread 94329] [38.0] [cxt 0] switch.p4(164) Condition "hdr.payload.flag == 1" (node_13) is false
[09:04:22.882] [bmv2] [T] [thread 94329] [38.0] [cxt 0] Applying table 'tbl_data_forward_0'
[09:04:22.882] [bmv2] [D] [thread 94329] [38.0] [cxt 0] Looking up key:

[09:04:22.882] [bmv2] [D] [thread 94329] [38.0] [cxt 0] Table 'tbl_data_forward_0': miss
[09:04:22.882] [bmv2] [D] [thread 94329] [38.0] [cxt 0] Action entry is MyIngress.data_forward - 
[09:04:22.882] [bmv2] [T] [thread 94329] [38.0] [cxt 0] Action MyIngress.data_forward
[09:04:22.882] [bmv2] [T] [thread 94329] [38.0] [cxt 0] switch.p4(97) Primitive pit_table.read(egress_port, hdr.payload.content_id)
[09:04:22.882] [bmv2] [T] [thread 94329] [38.0] [cxt 0] Read register 'MyIngress.pit_table' at index 0 read value 0
[09:04:22.882] [bmv2] [T] [thread 94329] [38.0] [cxt 0] switch.p4(98) Primitive standard_metadata.egress_spec = egress_port
[09:04:22.882] [bmv2] [T] [thread 94329] [38.0] [cxt 0] switch.p4(99) Primitive pit_table.write(hdr.payload.content_id, 0)
[09:04:22.882] [bmv2] [T] [thread 94329] [38.0] [cxt 0] Wrote register 'MyIngress.pit_table' at index 0 with value 0
[09:04:22.882] [bmv2] [T] [thread 94329] [38.0] [cxt 0] switch.p4(100) Primitive hdr.ethernet.srcAddr = 0xFFFFFFFFFFFF
[09:04:22.882] [bmv2] [T] [thread 94329] [38.0] [cxt 0] switch.p4(101) Primitive hdr.ethernet.dstAddr = 0xFFFFFFFFFFFF
[09:04:22.882] [bmv2] [T] [thread 94329] [38.0] [cxt 0] switch.p4(102) Primitive hdr.payload.ttl = hdr.payload.ttl - 1
[09:04:22.882] [bmv2] [D] [thread 94329] [38.0] [cxt 0] Pipeline 'ingress': end
[09:04:22.882] [bmv2] [D] [thread 94329] [38.0] [cxt 0] Egress port is 0
[09:04:22.882] [bmv2] [D] [thread 94330] [38.0] [cxt 0] Pipeline 'egress': start
[09:04:22.882] [bmv2] [D] [thread 94330] [38.0] [cxt 0] Pipeline 'egress': end
[09:04:22.882] [bmv2] [D] [thread 94330] [38.0] [cxt 0] Deparser 'deparser': start
[09:04:22.882] [bmv2] [D] [thread 94330] [38.0] [cxt 0] Deparsing header 'ethernet'
[09:04:22.882] [bmv2] [D] [thread 94330] [38.0] [cxt 0] Deparser 'deparser': end
[09:04:22.882] [bmv2] [D] [thread 94334] [38.0] [cxt 0] Transmitting packet of size 199 out of port 0
[09:04:22.911] [bmv2] [D] [thread 94329] [39.0] [cxt 0] Processing packet received on port 2
[09:04:22.911] [bmv2] [D] [thread 94329] [39.0] [cxt 0] Parser 'parser': start
[09:04:22.911] [bmv2] [D] [thread 94329] [39.0] [cxt 0] Parser 'parser' entering state 'start'
[09:04:22.911] [bmv2] [D] [thread 94329] [39.0] [cxt 0] Extracting header 'ethernet'
[09:04:22.911] [bmv2] [D] [thread 94329] [39.0] [cxt 0] Parser state 'start': key is 86dd
[09:04:22.911] [bmv2] [T] [thread 94329] [39.0] [cxt 0] Bytes parsed: 14
[09:04:22.911] [bmv2] [D] [thread 94329] [39.0] [cxt 0] Parser 'parser': end
[09:04:22.911] [bmv2] [D] [thread 94329] [39.0] [cxt 0] Pipeline 'ingress': start
[09:04:22.911] [bmv2] [T] [thread 94329] [39.0] [cxt 0] switch.p4(147) Condition "hdr.icn.isValid()" (node_2) is false
[09:04:22.911] [bmv2] [T] [thread 94329] [39.0] [cxt 0] switch.p4(164) Condition "hdr.payload.flag == 1" (node_13) is false
[09:04:22.911] [bmv2] [T] [thread 94329] [39.0] [cxt 0] Applying table 'tbl_data_forward_0'
[09:04:22.911] [bmv2] [D] [thread 94329] [39.0] [cxt 0] Looking up key:

[09:04:22.911] [bmv2] [D] [thread 94329] [39.0] [cxt 0] Table 'tbl_data_forward_0': miss
[09:04:22.911] [bmv2] [D] [thread 94329] [39.0] [cxt 0] Action entry is MyIngress.data_forward - 
[09:04:22.911] [bmv2] [T] [thread 94329] [39.0] [cxt 0] Action MyIngress.data_forward
[09:04:22.911] [bmv2] [T] [thread 94329] [39.0] [cxt 0] switch.p4(97) Primitive pit_table.read(egress_port, hdr.payload.content_id)
[09:04:22.911] [bmv2] [T] [thread 94329] [39.0] [cxt 0] Read register 'MyIngress.pit_table' at index 0 read value 0
[09:04:22.911] [bmv2] [T] [thread 94329] [39.0] [cxt 0] switch.p4(98) Primitive standard_metadata.egress_spec = egress_port
[09:04:22.911] [bmv2] [T] [thread 94329] [39.0] [cxt 0] switch.p4(99) Primitive pit_table.write(hdr.payload.content_id, 0)
[09:04:22.911] [bmv2] [T] [thread 94329] [39.0] [cxt 0] Wrote register 'MyIngress.pit_table' at index 0 with value 0
[09:04:22.911] [bmv2] [T] [thread 94329] [39.0] [cxt 0] switch.p4(100) Primitive hdr.ethernet.srcAddr = 0xFFFFFFFFFFFF
[09:04:22.911] [bmv2] [T] [thread 94329] [39.0] [cxt 0] switch.p4(101) Primitive hdr.ethernet.dstAddr = 0xFFFFFFFFFFFF
[09:04:22.911] [bmv2] [T] [thread 94329] [39.0] [cxt 0] switch.p4(102) Primitive hdr.payload.ttl = hdr.payload.ttl - 1
[09:04:22.911] [bmv2] [D] [thread 94329] [39.0] [cxt 0] Pipeline 'ingress': end
[09:04:22.911] [bmv2] [D] [thread 94329] [39.0] [cxt 0] Egress port is 0
[09:04:22.912] [bmv2] [D] [thread 94330] [39.0] [cxt 0] Pipeline 'egress': start
[09:04:22.912] [bmv2] [D] [thread 94330] [39.0] [cxt 0] Pipeline 'egress': end
[09:04:22.915] [bmv2] [D] [thread 94330] [39.0] [cxt 0] Deparser 'deparser': start
[09:04:22.915] [bmv2] [D] [thread 94330] [39.0] [cxt 0] Deparsing header 'ethernet'
[09:04:22.915] [bmv2] [D] [thread 94330] [39.0] [cxt 0] Deparser 'deparser': end
[09:04:22.916] [bmv2] [D] [thread 94334] [39.0] [cxt 0] Transmitting packet of size 199 out of port 0
[09:04:22.964] [bmv2] [D] [thread 94329] [40.0] [cxt 0] Processing packet received on port 1
[09:04:22.964] [bmv2] [D] [thread 94329] [40.0] [cxt 0] Parser 'parser': start
[09:04:22.964] [bmv2] [D] [thread 94329] [40.0] [cxt 0] Parser 'parser' entering state 'start'
[09:04:22.964] [bmv2] [D] [thread 94329] [40.0] [cxt 0] Extracting header 'ethernet'
[09:04:22.964] [bmv2] [D] [thread 94329] [40.0] [cxt 0] Parser state 'start': key is 86dd
[09:04:22.964] [bmv2] [T] [thread 94329] [40.0] [cxt 0] Bytes parsed: 14
[09:04:22.964] [bmv2] [D] [thread 94329] [40.0] [cxt 0] Parser 'parser': end
[09:04:22.964] [bmv2] [D] [thread 94329] [40.0] [cxt 0] Pipeline 'ingress': start
[09:04:22.964] [bmv2] [T] [thread 94329] [40.0] [cxt 0] switch.p4(147) Condition "hdr.icn.isValid()" (node_2) is false
[09:04:22.964] [bmv2] [T] [thread 94329] [40.0] [cxt 0] switch.p4(164) Condition "hdr.payload.flag == 1" (node_13) is false
[09:04:22.964] [bmv2] [T] [thread 94329] [40.0] [cxt 0] Applying table 'tbl_data_forward_0'
[09:04:22.964] [bmv2] [D] [thread 94329] [40.0] [cxt 0] Looking up key:

[09:04:22.964] [bmv2] [D] [thread 94329] [40.0] [cxt 0] Table 'tbl_data_forward_0': miss
[09:04:22.964] [bmv2] [D] [thread 94329] [40.0] [cxt 0] Action entry is MyIngress.data_forward - 
[09:04:22.964] [bmv2] [T] [thread 94329] [40.0] [cxt 0] Action MyIngress.data_forward
[09:04:22.964] [bmv2] [T] [thread 94329] [40.0] [cxt 0] switch.p4(97) Primitive pit_table.read(egress_port, hdr.payload.content_id)
[09:04:22.964] [bmv2] [T] [thread 94329] [40.0] [cxt 0] Read register 'MyIngress.pit_table' at index 0 read value 0
[09:04:22.964] [bmv2] [T] [thread 94329] [40.0] [cxt 0] switch.p4(98) Primitive standard_metadata.egress_spec = egress_port
[09:04:22.964] [bmv2] [T] [thread 94329] [40.0] [cxt 0] switch.p4(99) Primitive pit_table.write(hdr.payload.content_id, 0)
[09:04:22.964] [bmv2] [T] [thread 94329] [40.0] [cxt 0] Wrote register 'MyIngress.pit_table' at index 0 with value 0
[09:04:22.964] [bmv2] [T] [thread 94329] [40.0] [cxt 0] switch.p4(100) Primitive hdr.ethernet.srcAddr = 0xFFFFFFFFFFFF
[09:04:22.964] [bmv2] [T] [thread 94329] [40.0] [cxt 0] switch.p4(101) Primitive hdr.ethernet.dstAddr = 0xFFFFFFFFFFFF
[09:04:22.964] [bmv2] [T] [thread 94329] [40.0] [cxt 0] switch.p4(102) Primitive hdr.payload.ttl = hdr.payload.ttl - 1
[09:04:22.964] [bmv2] [D] [thread 94329] [40.0] [cxt 0] Pipeline 'ingress': end
[09:04:22.964] [bmv2] [D] [thread 94329] [40.0] [cxt 0] Egress port is 0
[09:04:22.964] [bmv2] [D] [thread 94330] [40.0] [cxt 0] Pipeline 'egress': start
[09:04:22.964] [bmv2] [D] [thread 94330] [40.0] [cxt 0] Pipeline 'egress': end
[09:04:22.964] [bmv2] [D] [thread 94330] [40.0] [cxt 0] Deparser 'deparser': start
[09:04:22.964] [bmv2] [D] [thread 94330] [40.0] [cxt 0] Deparsing header 'ethernet'
[09:04:22.964] [bmv2] [D] [thread 94330] [40.0] [cxt 0] Deparser 'deparser': end
[09:04:22.964] [bmv2] [D] [thread 94334] [40.0] [cxt 0] Transmitting packet of size 199 out of port 0
[09:04:23.122] [bmv2] [D] [thread 94329] [41.0] [cxt 0] Processing packet received on port 2
[09:04:23.122] [bmv2] [D] [thread 94329] [41.0] [cxt 0] Parser 'parser': start
[09:04:23.122] [bmv2] [D] [thread 94329] [41.0] [cxt 0] Parser 'parser' entering state 'start'
[09:04:23.122] [bmv2] [D] [thread 94329] [41.0] [cxt 0] Extracting header 'ethernet'
[09:04:23.122] [bmv2] [D] [thread 94329] [41.0] [cxt 0] Parser state 'start': key is 86dd
[09:04:23.122] [bmv2] [T] [thread 94329] [41.0] [cxt 0] Bytes parsed: 14
[09:04:23.122] [bmv2] [D] [thread 94329] [41.0] [cxt 0] Parser 'parser': end
[09:04:23.122] [bmv2] [D] [thread 94329] [41.0] [cxt 0] Pipeline 'ingress': start
[09:04:23.122] [bmv2] [T] [thread 94329] [41.0] [cxt 0] switch.p4(147) Condition "hdr.icn.isValid()" (node_2) is false
[09:04:23.122] [bmv2] [T] [thread 94329] [41.0] [cxt 0] switch.p4(164) Condition "hdr.payload.flag == 1" (node_13) is false
[09:04:23.122] [bmv2] [T] [thread 94329] [41.0] [cxt 0] Applying table 'tbl_data_forward_0'
[09:04:23.122] [bmv2] [D] [thread 94329] [41.0] [cxt 0] Looking up key:

[09:04:23.122] [bmv2] [D] [thread 94329] [41.0] [cxt 0] Table 'tbl_data_forward_0': miss
[09:04:23.122] [bmv2] [D] [thread 94329] [41.0] [cxt 0] Action entry is MyIngress.data_forward - 
[09:04:23.122] [bmv2] [T] [thread 94329] [41.0] [cxt 0] Action MyIngress.data_forward
[09:04:23.122] [bmv2] [T] [thread 94329] [41.0] [cxt 0] switch.p4(97) Primitive pit_table.read(egress_port, hdr.payload.content_id)
[09:04:23.122] [bmv2] [T] [thread 94329] [41.0] [cxt 0] Read register 'MyIngress.pit_table' at index 0 read value 0
[09:04:23.122] [bmv2] [T] [thread 94329] [41.0] [cxt 0] switch.p4(98) Primitive standard_metadata.egress_spec = egress_port
[09:04:23.122] [bmv2] [T] [thread 94329] [41.0] [cxt 0] switch.p4(99) Primitive pit_table.write(hdr.payload.content_id, 0)
[09:04:23.122] [bmv2] [T] [thread 94329] [41.0] [cxt 0] Wrote register 'MyIngress.pit_table' at index 0 with value 0
[09:04:23.122] [bmv2] [T] [thread 94329] [41.0] [cxt 0] switch.p4(100) Primitive hdr.ethernet.srcAddr = 0xFFFFFFFFFFFF
[09:04:23.122] [bmv2] [T] [thread 94329] [41.0] [cxt 0] switch.p4(101) Primitive hdr.ethernet.dstAddr = 0xFFFFFFFFFFFF
[09:04:23.122] [bmv2] [T] [thread 94329] [41.0] [cxt 0] switch.p4(102) Primitive hdr.payload.ttl = hdr.payload.ttl - 1
[09:04:23.122] [bmv2] [D] [thread 94329] [41.0] [cxt 0] Pipeline 'ingress': end
[09:04:23.122] [bmv2] [D] [thread 94329] [41.0] [cxt 0] Egress port is 0
[09:04:23.122] [bmv2] [D] [thread 94330] [41.0] [cxt 0] Pipeline 'egress': start
[09:04:23.122] [bmv2] [D] [thread 94330] [41.0] [cxt 0] Pipeline 'egress': end
[09:04:23.122] [bmv2] [D] [thread 94330] [41.0] [cxt 0] Deparser 'deparser': start
[09:04:23.122] [bmv2] [D] [thread 94330] [41.0] [cxt 0] Deparsing header 'ethernet'
[09:04:23.122] [bmv2] [D] [thread 94330] [41.0] [cxt 0] Deparser 'deparser': end
[09:04:23.122] [bmv2] [D] [thread 94334] [41.0] [cxt 0] Transmitting packet of size 110 out of port 0
[09:04:23.128] [bmv2] [D] [thread 94329] [42.0] [cxt 0] Processing packet received on port 2
[09:04:23.128] [bmv2] [D] [thread 94329] [42.0] [cxt 0] Parser 'parser': start
[09:04:23.128] [bmv2] [D] [thread 94329] [42.0] [cxt 0] Parser 'parser' entering state 'start'
[09:04:23.128] [bmv2] [D] [thread 94329] [42.0] [cxt 0] Extracting header 'ethernet'
[09:04:23.128] [bmv2] [D] [thread 94329] [42.0] [cxt 0] Parser state 'start': key is 86dd
[09:04:23.128] [bmv2] [T] [thread 94329] [42.0] [cxt 0] Bytes parsed: 14
[09:04:23.128] [bmv2] [D] [thread 94329] [42.0] [cxt 0] Parser 'parser': end
[09:04:23.128] [bmv2] [D] [thread 94329] [42.0] [cxt 0] Pipeline 'ingress': start
[09:04:23.128] [bmv2] [T] [thread 94329] [42.0] [cxt 0] switch.p4(147) Condition "hdr.icn.isValid()" (node_2) is false
[09:04:23.128] [bmv2] [T] [thread 94329] [42.0] [cxt 0] switch.p4(164) Condition "hdr.payload.flag == 1" (node_13) is false
[09:04:23.128] [bmv2] [T] [thread 94329] [42.0] [cxt 0] Applying table 'tbl_data_forward_0'
[09:04:23.128] [bmv2] [D] [thread 94329] [42.0] [cxt 0] Looking up key:

[09:04:23.128] [bmv2] [D] [thread 94329] [42.0] [cxt 0] Table 'tbl_data_forward_0': miss
[09:04:23.128] [bmv2] [D] [thread 94329] [42.0] [cxt 0] Action entry is MyIngress.data_forward - 
[09:04:23.128] [bmv2] [T] [thread 94329] [42.0] [cxt 0] Action MyIngress.data_forward
[09:04:23.128] [bmv2] [T] [thread 94329] [42.0] [cxt 0] switch.p4(97) Primitive pit_table.read(egress_port, hdr.payload.content_id)
[09:04:23.128] [bmv2] [T] [thread 94329] [42.0] [cxt 0] Read register 'MyIngress.pit_table' at index 0 read value 0
[09:04:23.128] [bmv2] [T] [thread 94329] [42.0] [cxt 0] switch.p4(98) Primitive standard_metadata.egress_spec = egress_port
[09:04:23.128] [bmv2] [T] [thread 94329] [42.0] [cxt 0] switch.p4(99) Primitive pit_table.write(hdr.payload.content_id, 0)
[09:04:23.128] [bmv2] [T] [thread 94329] [42.0] [cxt 0] Wrote register 'MyIngress.pit_table' at index 0 with value 0
[09:04:23.128] [bmv2] [T] [thread 94329] [42.0] [cxt 0] switch.p4(100) Primitive hdr.ethernet.srcAddr = 0xFFFFFFFFFFFF
[09:04:23.128] [bmv2] [T] [thread 94329] [42.0] [cxt 0] switch.p4(101) Primitive hdr.ethernet.dstAddr = 0xFFFFFFFFFFFF
[09:04:23.128] [bmv2] [T] [thread 94329] [42.0] [cxt 0] switch.p4(102) Primitive hdr.payload.ttl = hdr.payload.ttl - 1
[09:04:23.128] [bmv2] [D] [thread 94329] [42.0] [cxt 0] Pipeline 'ingress': end
[09:04:23.128] [bmv2] [D] [thread 94329] [42.0] [cxt 0] Egress port is 0
[09:04:23.128] [bmv2] [D] [thread 94330] [42.0] [cxt 0] Pipeline 'egress': start
[09:04:23.128] [bmv2] [D] [thread 94330] [42.0] [cxt 0] Pipeline 'egress': end
[09:04:23.128] [bmv2] [D] [thread 94330] [42.0] [cxt 0] Deparser 'deparser': start
[09:04:23.128] [bmv2] [D] [thread 94330] [42.0] [cxt 0] Deparsing header 'ethernet'
[09:04:23.128] [bmv2] [D] [thread 94330] [42.0] [cxt 0] Deparser 'deparser': end
[09:04:23.128] [bmv2] [D] [thread 94334] [42.0] [cxt 0] Transmitting packet of size 203 out of port 0
[09:04:23.241] [bmv2] [D] [thread 94329] [43.0] [cxt 0] Processing packet received on port 1
[09:04:23.241] [bmv2] [D] [thread 94329] [43.0] [cxt 0] Parser 'parser': start
[09:04:23.241] [bmv2] [D] [thread 94329] [43.0] [cxt 0] Parser 'parser' entering state 'start'
[09:04:23.241] [bmv2] [D] [thread 94329] [43.0] [cxt 0] Extracting header 'ethernet'
[09:04:23.241] [bmv2] [D] [thread 94329] [43.0] [cxt 0] Parser state 'start': key is 86dd
[09:04:23.241] [bmv2] [T] [thread 94329] [43.0] [cxt 0] Bytes parsed: 14
[09:04:23.241] [bmv2] [D] [thread 94329] [43.0] [cxt 0] Parser 'parser': end
[09:04:23.241] [bmv2] [D] [thread 94329] [43.0] [cxt 0] Pipeline 'ingress': start
[09:04:23.241] [bmv2] [T] [thread 94329] [43.0] [cxt 0] switch.p4(147) Condition "hdr.icn.isValid()" (node_2) is false
[09:04:23.241] [bmv2] [T] [thread 94329] [43.0] [cxt 0] switch.p4(164) Condition "hdr.payload.flag == 1" (node_13) is false
[09:04:23.241] [bmv2] [T] [thread 94329] [43.0] [cxt 0] Applying table 'tbl_data_forward_0'
[09:04:23.241] [bmv2] [D] [thread 94329] [43.0] [cxt 0] Looking up key:

[09:04:23.241] [bmv2] [D] [thread 94329] [43.0] [cxt 0] Table 'tbl_data_forward_0': miss
[09:04:23.241] [bmv2] [D] [thread 94329] [43.0] [cxt 0] Action entry is MyIngress.data_forward - 
[09:04:23.241] [bmv2] [T] [thread 94329] [43.0] [cxt 0] Action MyIngress.data_forward
[09:04:23.241] [bmv2] [T] [thread 94329] [43.0] [cxt 0] switch.p4(97) Primitive pit_table.read(egress_port, hdr.payload.content_id)
[09:04:23.241] [bmv2] [T] [thread 94329] [43.0] [cxt 0] Read register 'MyIngress.pit_table' at index 0 read value 0
[09:04:23.241] [bmv2] [T] [thread 94329] [43.0] [cxt 0] switch.p4(98) Primitive standard_metadata.egress_spec = egress_port
[09:04:23.241] [bmv2] [T] [thread 94329] [43.0] [cxt 0] switch.p4(99) Primitive pit_table.write(hdr.payload.content_id, 0)
[09:04:23.241] [bmv2] [T] [thread 94329] [43.0] [cxt 0] Wrote register 'MyIngress.pit_table' at index 0 with value 0
[09:04:23.241] [bmv2] [T] [thread 94329] [43.0] [cxt 0] switch.p4(100) Primitive hdr.ethernet.srcAddr = 0xFFFFFFFFFFFF
[09:04:23.241] [bmv2] [T] [thread 94329] [43.0] [cxt 0] switch.p4(101) Primitive hdr.ethernet.dstAddr = 0xFFFFFFFFFFFF
[09:04:23.241] [bmv2] [T] [thread 94329] [43.0] [cxt 0] switch.p4(102) Primitive hdr.payload.ttl = hdr.payload.ttl - 1
[09:04:23.241] [bmv2] [D] [thread 94329] [43.0] [cxt 0] Pipeline 'ingress': end
[09:04:23.241] [bmv2] [D] [thread 94329] [43.0] [cxt 0] Egress port is 0
[09:04:23.241] [bmv2] [D] [thread 94330] [43.0] [cxt 0] Pipeline 'egress': start
[09:04:23.241] [bmv2] [D] [thread 94330] [43.0] [cxt 0] Pipeline 'egress': end
[09:04:23.241] [bmv2] [D] [thread 94330] [43.0] [cxt 0] Deparser 'deparser': start
[09:04:23.241] [bmv2] [D] [thread 94330] [43.0] [cxt 0] Deparsing header 'ethernet'
[09:04:23.241] [bmv2] [D] [thread 94330] [43.0] [cxt 0] Deparser 'deparser': end
[09:04:23.241] [bmv2] [D] [thread 94334] [43.0] [cxt 0] Transmitting packet of size 203 out of port 0
[09:04:23.590] [bmv2] [D] [thread 94329] [44.0] [cxt 0] Processing packet received on port 1
[09:04:23.590] [bmv2] [D] [thread 94329] [44.0] [cxt 0] Parser 'parser': start
[09:04:23.590] [bmv2] [D] [thread 94329] [44.0] [cxt 0] Parser 'parser' entering state 'start'
[09:04:23.590] [bmv2] [D] [thread 94329] [44.0] [cxt 0] Extracting header 'ethernet'
[09:04:23.590] [bmv2] [D] [thread 94329] [44.0] [cxt 0] Parser state 'start': key is 86dd
[09:04:23.590] [bmv2] [T] [thread 94329] [44.0] [cxt 0] Bytes parsed: 14
[09:04:23.590] [bmv2] [D] [thread 94329] [44.0] [cxt 0] Parser 'parser': end
[09:04:23.590] [bmv2] [D] [thread 94329] [44.0] [cxt 0] Pipeline 'ingress': start
[09:04:23.590] [bmv2] [T] [thread 94329] [44.0] [cxt 0] switch.p4(147) Condition "hdr.icn.isValid()" (node_2) is false
[09:04:23.590] [bmv2] [T] [thread 94329] [44.0] [cxt 0] switch.p4(164) Condition "hdr.payload.flag == 1" (node_13) is false
[09:04:23.590] [bmv2] [T] [thread 94329] [44.0] [cxt 0] Applying table 'tbl_data_forward_0'
[09:04:23.590] [bmv2] [D] [thread 94329] [44.0] [cxt 0] Looking up key:

[09:04:23.590] [bmv2] [D] [thread 94329] [44.0] [cxt 0] Table 'tbl_data_forward_0': miss
[09:04:23.590] [bmv2] [D] [thread 94329] [44.0] [cxt 0] Action entry is MyIngress.data_forward - 
[09:04:23.590] [bmv2] [T] [thread 94329] [44.0] [cxt 0] Action MyIngress.data_forward
[09:04:23.590] [bmv2] [T] [thread 94329] [44.0] [cxt 0] switch.p4(97) Primitive pit_table.read(egress_port, hdr.payload.content_id)
[09:04:23.590] [bmv2] [T] [thread 94329] [44.0] [cxt 0] Read register 'MyIngress.pit_table' at index 0 read value 0
[09:04:23.590] [bmv2] [T] [thread 94329] [44.0] [cxt 0] switch.p4(98) Primitive standard_metadata.egress_spec = egress_port
[09:04:23.590] [bmv2] [T] [thread 94329] [44.0] [cxt 0] switch.p4(99) Primitive pit_table.write(hdr.payload.content_id, 0)
[09:04:23.590] [bmv2] [T] [thread 94329] [44.0] [cxt 0] Wrote register 'MyIngress.pit_table' at index 0 with value 0
[09:04:23.590] [bmv2] [T] [thread 94329] [44.0] [cxt 0] switch.p4(100) Primitive hdr.ethernet.srcAddr = 0xFFFFFFFFFFFF
[09:04:23.590] [bmv2] [T] [thread 94329] [44.0] [cxt 0] switch.p4(101) Primitive hdr.ethernet.dstAddr = 0xFFFFFFFFFFFF
[09:04:23.590] [bmv2] [T] [thread 94329] [44.0] [cxt 0] switch.p4(102) Primitive hdr.payload.ttl = hdr.payload.ttl - 1
[09:04:23.590] [bmv2] [D] [thread 94329] [44.0] [cxt 0] Pipeline 'ingress': end
[09:04:23.590] [bmv2] [D] [thread 94329] [44.0] [cxt 0] Egress port is 0
[09:04:23.590] [bmv2] [D] [thread 94330] [44.0] [cxt 0] Pipeline 'egress': start
[09:04:23.590] [bmv2] [D] [thread 94330] [44.0] [cxt 0] Pipeline 'egress': end
[09:04:23.590] [bmv2] [D] [thread 94330] [44.0] [cxt 0] Deparser 'deparser': start
[09:04:23.590] [bmv2] [D] [thread 94330] [44.0] [cxt 0] Deparsing header 'ethernet'
[09:04:23.590] [bmv2] [D] [thread 94330] [44.0] [cxt 0] Deparser 'deparser': end
[09:04:23.590] [bmv2] [D] [thread 94334] [44.0] [cxt 0] Transmitting packet of size 199 out of port 0
[09:04:23.841] [bmv2] [W] [thread 94378] [P4Runtime] p4::tmp::P4DeviceConfig is deprecated
[09:04:23.850] [bmv2] [D] [thread 94378] Set default default entry for table 'tbl_switch148': switch148 - 
[09:04:23.850] [bmv2] [D] [thread 94378] Set default default entry for table 'tbl_switch150': switch150 - 
[09:04:23.850] [bmv2] [D] [thread 94378] Set default default entry for table 'tbl_return_content': MyIngress.return_content - 
[09:04:23.850] [bmv2] [D] [thread 94378] Set default default entry for table 'tbl_return_content_0': MyIngress.return_content - 
[09:04:23.850] [bmv2] [D] [thread 94378] Set default default entry for table 'tbl_switch155': switch155 - 
[09:04:23.850] [bmv2] [D] [thread 94378] Set default default entry for table 'tbl_data_forward': MyIngress.data_forward - 
[09:04:23.850] [bmv2] [D] [thread 94378] Set default default entry for table 'tbl_switch159': switch159 - 
[09:04:23.850] [bmv2] [D] [thread 94378] Set default default entry for table 'MyIngress.foward_interest': MyIngress.drop - 
[09:04:23.850] [bmv2] [D] [thread 94378] Set default default entry for table 'tbl_cache_content': MyIngress.cache_content - 
[09:04:23.850] [bmv2] [D] [thread 94378] Set default default entry for table 'tbl_data_forward_0': MyIngress.data_forward - 
[09:04:23.857] [bmv2] [D] [thread 94378] simple_switch target has been notified of a config swap
[09:04:23.940] [bmv2] [D] [thread 94329] [45.0] [cxt 0] Processing packet received on port 2
[09:04:23.940] [bmv2] [D] [thread 94329] [45.0] [cxt 0] Parser 'parser': start
[09:04:23.940] [bmv2] [D] [thread 94329] [45.0] [cxt 0] Parser 'parser' entering state 'start'
[09:04:23.940] [bmv2] [D] [thread 94329] [45.0] [cxt 0] Extracting header 'ethernet'
[09:04:23.940] [bmv2] [D] [thread 94329] [45.0] [cxt 0] Parser state 'start': key is 86dd
[09:04:23.940] [bmv2] [T] [thread 94329] [45.0] [cxt 0] Bytes parsed: 14
[09:04:23.940] [bmv2] [D] [thread 94329] [45.0] [cxt 0] Parser 'parser': end
[09:04:23.940] [bmv2] [D] [thread 94329] [45.0] [cxt 0] Pipeline 'ingress': start
[09:04:23.940] [bmv2] [T] [thread 94329] [45.0] [cxt 0] switch.p4(147) Condition "hdr.icn.isValid()" (node_2) is false
[09:04:23.940] [bmv2] [T] [thread 94329] [45.0] [cxt 0] switch.p4(164) Condition "hdr.payload.flag == 1" (node_13) is false
[09:04:23.940] [bmv2] [T] [thread 94329] [45.0] [cxt 0] Applying table 'tbl_data_forward_0'
[09:04:23.940] [bmv2] [D] [thread 94329] [45.0] [cxt 0] Looking up key:

[09:04:23.940] [bmv2] [D] [thread 94329] [45.0] [cxt 0] Table 'tbl_data_forward_0': miss
[09:04:23.940] [bmv2] [D] [thread 94329] [45.0] [cxt 0] Action entry is MyIngress.data_forward - 
[09:04:23.940] [bmv2] [T] [thread 94329] [45.0] [cxt 0] Action MyIngress.data_forward
[09:04:23.940] [bmv2] [T] [thread 94329] [45.0] [cxt 0] switch.p4(97) Primitive pit_table.read(egress_port, hdr.payload.content_id)
[09:04:23.940] [bmv2] [T] [thread 94329] [45.0] [cxt 0] Read register 'MyIngress.pit_table' at index 0 read value 0
[09:04:23.940] [bmv2] [T] [thread 94329] [45.0] [cxt 0] switch.p4(98) Primitive standard_metadata.egress_spec = egress_port
[09:04:23.940] [bmv2] [T] [thread 94329] [45.0] [cxt 0] switch.p4(99) Primitive pit_table.write(hdr.payload.content_id, 0)
[09:04:23.940] [bmv2] [T] [thread 94329] [45.0] [cxt 0] Wrote register 'MyIngress.pit_table' at index 0 with value 0
[09:04:23.940] [bmv2] [T] [thread 94329] [45.0] [cxt 0] switch.p4(100) Primitive hdr.ethernet.srcAddr = 0xFFFFFFFFFFFF
[09:04:23.940] [bmv2] [T] [thread 94329] [45.0] [cxt 0] switch.p4(101) Primitive hdr.ethernet.dstAddr = 0xFFFFFFFFFFFF
[09:04:23.940] [bmv2] [T] [thread 94329] [45.0] [cxt 0] switch.p4(102) Primitive hdr.payload.ttl = hdr.payload.ttl - 1
[09:04:23.940] [bmv2] [D] [thread 94329] [45.0] [cxt 0] Pipeline 'ingress': end
[09:04:23.940] [bmv2] [D] [thread 94329] [45.0] [cxt 0] Egress port is 0
[09:04:23.940] [bmv2] [D] [thread 94330] [45.0] [cxt 0] Pipeline 'egress': start
[09:04:23.940] [bmv2] [D] [thread 94330] [45.0] [cxt 0] Pipeline 'egress': end
[09:04:23.940] [bmv2] [D] [thread 94330] [45.0] [cxt 0] Deparser 'deparser': start
[09:04:23.941] [bmv2] [D] [thread 94330] [45.0] [cxt 0] Deparsing header 'ethernet'
[09:04:23.942] [bmv2] [D] [thread 94330] [45.0] [cxt 0] Deparser 'deparser': end
[09:04:23.942] [bmv2] [D] [thread 94334] [45.0] [cxt 0] Transmitting packet of size 199 out of port 0
[09:04:23.986] [bmv2] [D] [thread 94329] [46.0] [cxt 0] Processing packet received on port 2
[09:04:23.986] [bmv2] [D] [thread 94329] [46.0] [cxt 0] Parser 'parser': start
[09:04:23.986] [bmv2] [D] [thread 94329] [46.0] [cxt 0] Parser 'parser' entering state 'start'
[09:04:23.986] [bmv2] [D] [thread 94329] [46.0] [cxt 0] Extracting header 'ethernet'
[09:04:23.986] [bmv2] [D] [thread 94329] [46.0] [cxt 0] Parser state 'start': key is 86dd
[09:04:23.986] [bmv2] [T] [thread 94329] [46.0] [cxt 0] Bytes parsed: 14
[09:04:23.986] [bmv2] [D] [thread 94329] [46.0] [cxt 0] Parser 'parser': end
[09:04:23.986] [bmv2] [D] [thread 94329] [46.0] [cxt 0] Pipeline 'ingress': start
[09:04:23.986] [bmv2] [T] [thread 94329] [46.0] [cxt 0] switch.p4(147) Condition "hdr.icn.isValid()" (node_2) is false
[09:04:23.986] [bmv2] [T] [thread 94329] [46.0] [cxt 0] switch.p4(164) Condition "hdr.payload.flag == 1" (node_13) is false
[09:04:23.986] [bmv2] [T] [thread 94329] [46.0] [cxt 0] Applying table 'tbl_data_forward_0'
[09:04:23.986] [bmv2] [D] [thread 94329] [46.0] [cxt 0] Looking up key:

[09:04:23.986] [bmv2] [D] [thread 94329] [46.0] [cxt 0] Table 'tbl_data_forward_0': miss
[09:04:23.986] [bmv2] [D] [thread 94329] [46.0] [cxt 0] Action entry is MyIngress.data_forward - 
[09:04:23.986] [bmv2] [T] [thread 94329] [46.0] [cxt 0] Action MyIngress.data_forward
[09:04:23.986] [bmv2] [T] [thread 94329] [46.0] [cxt 0] switch.p4(97) Primitive pit_table.read(egress_port, hdr.payload.content_id)
[09:04:23.986] [bmv2] [T] [thread 94329] [46.0] [cxt 0] Read register 'MyIngress.pit_table' at index 0 read value 0
[09:04:23.986] [bmv2] [T] [thread 94329] [46.0] [cxt 0] switch.p4(98) Primitive standard_metadata.egress_spec = egress_port
[09:04:23.986] [bmv2] [T] [thread 94329] [46.0] [cxt 0] switch.p4(99) Primitive pit_table.write(hdr.payload.content_id, 0)
[09:04:23.986] [bmv2] [T] [thread 94329] [46.0] [cxt 0] Wrote register 'MyIngress.pit_table' at index 0 with value 0
[09:04:23.986] [bmv2] [T] [thread 94329] [46.0] [cxt 0] switch.p4(100) Primitive hdr.ethernet.srcAddr = 0xFFFFFFFFFFFF
[09:04:23.986] [bmv2] [T] [thread 94329] [46.0] [cxt 0] switch.p4(101) Primitive hdr.ethernet.dstAddr = 0xFFFFFFFFFFFF
[09:04:23.986] [bmv2] [T] [thread 94329] [46.0] [cxt 0] switch.p4(102) Primitive hdr.payload.ttl = hdr.payload.ttl - 1
[09:04:23.986] [bmv2] [D] [thread 94329] [46.0] [cxt 0] Pipeline 'ingress': end
[09:04:23.986] [bmv2] [D] [thread 94329] [46.0] [cxt 0] Egress port is 0
[09:04:23.986] [bmv2] [D] [thread 94330] [46.0] [cxt 0] Pipeline 'egress': start
[09:04:23.986] [bmv2] [D] [thread 94330] [46.0] [cxt 0] Pipeline 'egress': end
[09:04:23.986] [bmv2] [D] [thread 94330] [46.0] [cxt 0] Deparser 'deparser': start
[09:04:23.986] [bmv2] [D] [thread 94330] [46.0] [cxt 0] Deparsing header 'ethernet'
[09:04:23.986] [bmv2] [D] [thread 94330] [46.0] [cxt 0] Deparser 'deparser': end
[09:04:23.986] [bmv2] [D] [thread 94334] [46.0] [cxt 0] Transmitting packet of size 199 out of port 0
[09:04:24.019] [bmv2] [D] [thread 94329] [47.0] [cxt 0] Processing packet received on port 1
[09:04:24.019] [bmv2] [D] [thread 94329] [47.0] [cxt 0] Parser 'parser': start
[09:04:24.019] [bmv2] [D] [thread 94329] [47.0] [cxt 0] Parser 'parser' entering state 'start'
[09:04:24.019] [bmv2] [D] [thread 94329] [47.0] [cxt 0] Extracting header 'ethernet'
[09:04:24.019] [bmv2] [D] [thread 94329] [47.0] [cxt 0] Parser state 'start': key is 86dd
[09:04:24.019] [bmv2] [T] [thread 94329] [47.0] [cxt 0] Bytes parsed: 14
[09:04:24.019] [bmv2] [D] [thread 94329] [47.0] [cxt 0] Parser 'parser': end
[09:04:24.019] [bmv2] [D] [thread 94329] [47.0] [cxt 0] Pipeline 'ingress': start
[09:04:24.019] [bmv2] [T] [thread 94329] [47.0] [cxt 0] switch.p4(147) Condition "hdr.icn.isValid()" (node_2) is false
[09:04:24.019] [bmv2] [T] [thread 94329] [47.0] [cxt 0] switch.p4(164) Condition "hdr.payload.flag == 1" (node_13) is false
[09:04:24.019] [bmv2] [T] [thread 94329] [47.0] [cxt 0] Applying table 'tbl_data_forward_0'
[09:04:24.019] [bmv2] [D] [thread 94329] [47.0] [cxt 0] Looking up key:

[09:04:24.019] [bmv2] [D] [thread 94329] [47.0] [cxt 0] Table 'tbl_data_forward_0': miss
[09:04:24.019] [bmv2] [D] [thread 94329] [47.0] [cxt 0] Action entry is MyIngress.data_forward - 
[09:04:24.019] [bmv2] [T] [thread 94329] [47.0] [cxt 0] Action MyIngress.data_forward
[09:04:24.019] [bmv2] [T] [thread 94329] [47.0] [cxt 0] switch.p4(97) Primitive pit_table.read(egress_port, hdr.payload.content_id)
[09:04:24.019] [bmv2] [T] [thread 94329] [47.0] [cxt 0] Read register 'MyIngress.pit_table' at index 0 read value 0
[09:04:24.019] [bmv2] [T] [thread 94329] [47.0] [cxt 0] switch.p4(98) Primitive standard_metadata.egress_spec = egress_port
[09:04:24.019] [bmv2] [T] [thread 94329] [47.0] [cxt 0] switch.p4(99) Primitive pit_table.write(hdr.payload.content_id, 0)
[09:04:24.019] [bmv2] [T] [thread 94329] [47.0] [cxt 0] Wrote register 'MyIngress.pit_table' at index 0 with value 0
[09:04:24.019] [bmv2] [T] [thread 94329] [47.0] [cxt 0] switch.p4(100) Primitive hdr.ethernet.srcAddr = 0xFFFFFFFFFFFF
[09:04:24.019] [bmv2] [T] [thread 94329] [47.0] [cxt 0] switch.p4(101) Primitive hdr.ethernet.dstAddr = 0xFFFFFFFFFFFF
[09:04:24.019] [bmv2] [T] [thread 94329] [47.0] [cxt 0] switch.p4(102) Primitive hdr.payload.ttl = hdr.payload.ttl - 1
[09:04:24.019] [bmv2] [D] [thread 94329] [47.0] [cxt 0] Pipeline 'ingress': end
[09:04:24.019] [bmv2] [D] [thread 94329] [47.0] [cxt 0] Egress port is 0
[09:04:24.019] [bmv2] [D] [thread 94330] [47.0] [cxt 0] Pipeline 'egress': start
[09:04:24.019] [bmv2] [D] [thread 94330] [47.0] [cxt 0] Pipeline 'egress': end
[09:04:24.020] [bmv2] [D] [thread 94330] [47.0] [cxt 0] Deparser 'deparser': start
[09:04:24.020] [bmv2] [D] [thread 94330] [47.0] [cxt 0] Deparsing header 'ethernet'
[09:04:24.020] [bmv2] [D] [thread 94330] [47.0] [cxt 0] Deparser 'deparser': end
[09:04:24.020] [bmv2] [D] [thread 94334] [47.0] [cxt 0] Transmitting packet of size 199 out of port 0
[09:04:24.130] [bmv2] [D] [thread 94379] Entry 0 added to table 'MyIngress.foward_interest'
[09:04:24.131] [bmv2] [D] [thread 94379] Dumping entry 0
Match key:
* hdr.ethernet.srcAddr: EXACT     080000000100
Action entry: MyIngress.dup_interest - 80000000300,2,

[09:04:24.759] [bmv2] [D] [thread 94329] [48.0] [cxt 0] Processing packet received on port 1
[09:04:24.759] [bmv2] [D] [thread 94329] [48.0] [cxt 0] Parser 'parser': start
[09:04:24.759] [bmv2] [D] [thread 94329] [48.0] [cxt 0] Parser 'parser' entering state 'start'
[09:04:24.759] [bmv2] [D] [thread 94329] [48.0] [cxt 0] Extracting header 'ethernet'
[09:04:24.759] [bmv2] [D] [thread 94329] [48.0] [cxt 0] Parser state 'start': key is 86dd
[09:04:24.759] [bmv2] [T] [thread 94329] [48.0] [cxt 0] Bytes parsed: 14
[09:04:24.759] [bmv2] [D] [thread 94329] [48.0] [cxt 0] Parser 'parser': end
[09:04:24.759] [bmv2] [D] [thread 94329] [48.0] [cxt 0] Pipeline 'ingress': start
[09:04:24.759] [bmv2] [T] [thread 94329] [48.0] [cxt 0] switch.p4(147) Condition "hdr.icn.isValid()" (node_2) is false
[09:04:24.759] [bmv2] [T] [thread 94329] [48.0] [cxt 0] switch.p4(164) Condition "hdr.payload.flag == 1" (node_13) is false
[09:04:24.759] [bmv2] [T] [thread 94329] [48.0] [cxt 0] Applying table 'tbl_data_forward_0'
[09:04:24.759] [bmv2] [D] [thread 94329] [48.0] [cxt 0] Looking up key:

[09:04:24.759] [bmv2] [D] [thread 94329] [48.0] [cxt 0] Table 'tbl_data_forward_0': miss
[09:04:24.759] [bmv2] [D] [thread 94329] [48.0] [cxt 0] Action entry is MyIngress.data_forward - 
[09:04:24.759] [bmv2] [T] [thread 94329] [48.0] [cxt 0] Action MyIngress.data_forward
[09:04:24.759] [bmv2] [T] [thread 94329] [48.0] [cxt 0] switch.p4(97) Primitive pit_table.read(egress_port, hdr.payload.content_id)
[09:04:24.759] [bmv2] [T] [thread 94329] [48.0] [cxt 0] Read register 'MyIngress.pit_table' at index 0 read value 0
[09:04:24.759] [bmv2] [T] [thread 94329] [48.0] [cxt 0] switch.p4(98) Primitive standard_metadata.egress_spec = egress_port
[09:04:24.759] [bmv2] [T] [thread 94329] [48.0] [cxt 0] switch.p4(99) Primitive pit_table.write(hdr.payload.content_id, 0)
[09:04:24.759] [bmv2] [T] [thread 94329] [48.0] [cxt 0] Wrote register 'MyIngress.pit_table' at index 0 with value 0
[09:04:24.759] [bmv2] [T] [thread 94329] [48.0] [cxt 0] switch.p4(100) Primitive hdr.ethernet.srcAddr = 0xFFFFFFFFFFFF
[09:04:24.759] [bmv2] [T] [thread 94329] [48.0] [cxt 0] switch.p4(101) Primitive hdr.ethernet.dstAddr = 0xFFFFFFFFFFFF
[09:04:24.759] [bmv2] [T] [thread 94329] [48.0] [cxt 0] switch.p4(102) Primitive hdr.payload.ttl = hdr.payload.ttl - 1
[09:04:24.759] [bmv2] [D] [thread 94329] [48.0] [cxt 0] Pipeline 'ingress': end
[09:04:24.759] [bmv2] [D] [thread 94329] [48.0] [cxt 0] Egress port is 0
[09:04:24.759] [bmv2] [D] [thread 94330] [48.0] [cxt 0] Pipeline 'egress': start
[09:04:24.759] [bmv2] [D] [thread 94330] [48.0] [cxt 0] Pipeline 'egress': end
[09:04:24.759] [bmv2] [D] [thread 94330] [48.0] [cxt 0] Deparser 'deparser': start
[09:04:24.759] [bmv2] [D] [thread 94330] [48.0] [cxt 0] Deparsing header 'ethernet'
[09:04:24.759] [bmv2] [D] [thread 94330] [48.0] [cxt 0] Deparser 'deparser': end
[09:04:24.759] [bmv2] [D] [thread 94334] [48.0] [cxt 0] Transmitting packet of size 203 out of port 0
[09:04:25.147] [bmv2] [D] [thread 94329] [49.0] [cxt 0] Processing packet received on port 2
[09:04:25.147] [bmv2] [D] [thread 94329] [49.0] [cxt 0] Parser 'parser': start
[09:04:25.147] [bmv2] [D] [thread 94329] [49.0] [cxt 0] Parser 'parser' entering state 'start'
[09:04:25.147] [bmv2] [D] [thread 94329] [49.0] [cxt 0] Extracting header 'ethernet'
[09:04:25.147] [bmv2] [D] [thread 94329] [49.0] [cxt 0] Parser state 'start': key is 86dd
[09:04:25.147] [bmv2] [T] [thread 94329] [49.0] [cxt 0] Bytes parsed: 14
[09:04:25.147] [bmv2] [D] [thread 94329] [49.0] [cxt 0] Parser 'parser': end
[09:04:25.147] [bmv2] [D] [thread 94329] [49.0] [cxt 0] Pipeline 'ingress': start
[09:04:25.147] [bmv2] [T] [thread 94329] [49.0] [cxt 0] switch.p4(147) Condition "hdr.icn.isValid()" (node_2) is false
[09:04:25.147] [bmv2] [T] [thread 94329] [49.0] [cxt 0] switch.p4(164) Condition "hdr.payload.flag == 1" (node_13) is false
[09:04:25.147] [bmv2] [T] [thread 94329] [49.0] [cxt 0] Applying table 'tbl_data_forward_0'
[09:04:25.147] [bmv2] [D] [thread 94329] [49.0] [cxt 0] Looking up key:

[09:04:25.147] [bmv2] [D] [thread 94329] [49.0] [cxt 0] Table 'tbl_data_forward_0': miss
[09:04:25.147] [bmv2] [D] [thread 94329] [49.0] [cxt 0] Action entry is MyIngress.data_forward - 
[09:04:25.147] [bmv2] [T] [thread 94329] [49.0] [cxt 0] Action MyIngress.data_forward
[09:04:25.147] [bmv2] [T] [thread 94329] [49.0] [cxt 0] switch.p4(97) Primitive pit_table.read(egress_port, hdr.payload.content_id)
[09:04:25.147] [bmv2] [T] [thread 94329] [49.0] [cxt 0] Read register 'MyIngress.pit_table' at index 0 read value 0
[09:04:25.147] [bmv2] [T] [thread 94329] [49.0] [cxt 0] switch.p4(98) Primitive standard_metadata.egress_spec = egress_port
[09:04:25.147] [bmv2] [T] [thread 94329] [49.0] [cxt 0] switch.p4(99) Primitive pit_table.write(hdr.payload.content_id, 0)
[09:04:25.147] [bmv2] [T] [thread 94329] [49.0] [cxt 0] Wrote register 'MyIngress.pit_table' at index 0 with value 0
[09:04:25.147] [bmv2] [T] [thread 94329] [49.0] [cxt 0] switch.p4(100) Primitive hdr.ethernet.srcAddr = 0xFFFFFFFFFFFF
[09:04:25.147] [bmv2] [T] [thread 94329] [49.0] [cxt 0] switch.p4(101) Primitive hdr.ethernet.dstAddr = 0xFFFFFFFFFFFF
[09:04:25.147] [bmv2] [T] [thread 94329] [49.0] [cxt 0] switch.p4(102) Primitive hdr.payload.ttl = hdr.payload.ttl - 1
[09:04:25.147] [bmv2] [D] [thread 94329] [49.0] [cxt 0] Pipeline 'ingress': end
[09:04:25.147] [bmv2] [D] [thread 94329] [49.0] [cxt 0] Egress port is 0
[09:04:25.147] [bmv2] [D] [thread 94330] [49.0] [cxt 0] Pipeline 'egress': start
[09:04:25.151] [bmv2] [D] [thread 94330] [49.0] [cxt 0] Pipeline 'egress': end
[09:04:25.151] [bmv2] [D] [thread 94330] [49.0] [cxt 0] Deparser 'deparser': start
[09:04:25.151] [bmv2] [D] [thread 94330] [49.0] [cxt 0] Deparsing header 'ethernet'
[09:04:25.151] [bmv2] [D] [thread 94330] [49.0] [cxt 0] Deparser 'deparser': end
[09:04:25.151] [bmv2] [D] [thread 94334] [49.0] [cxt 0] Transmitting packet of size 203 out of port 0
[09:04:25.275] [bmv2] [D] [thread 94329] [50.0] [cxt 0] Processing packet received on port 1
[09:04:25.275] [bmv2] [D] [thread 94329] [50.0] [cxt 0] Parser 'parser': start
[09:04:25.275] [bmv2] [D] [thread 94329] [50.0] [cxt 0] Parser 'parser' entering state 'start'
[09:04:25.275] [bmv2] [D] [thread 94329] [50.0] [cxt 0] Extracting header 'ethernet'
[09:04:25.275] [bmv2] [D] [thread 94329] [50.0] [cxt 0] Parser state 'start': key is 86dd
[09:04:25.281] [bmv2] [T] [thread 94329] [50.0] [cxt 0] Bytes parsed: 14
[09:04:25.281] [bmv2] [D] [thread 94329] [50.0] [cxt 0] Parser 'parser': end
[09:04:25.281] [bmv2] [D] [thread 94329] [50.0] [cxt 0] Pipeline 'ingress': start
[09:04:25.281] [bmv2] [T] [thread 94329] [50.0] [cxt 0] switch.p4(147) Condition "hdr.icn.isValid()" (node_2) is false
[09:04:25.281] [bmv2] [T] [thread 94329] [50.0] [cxt 0] switch.p4(164) Condition "hdr.payload.flag == 1" (node_13) is false
[09:04:25.281] [bmv2] [T] [thread 94329] [50.0] [cxt 0] Applying table 'tbl_data_forward_0'
[09:04:25.281] [bmv2] [D] [thread 94329] [50.0] [cxt 0] Looking up key:

[09:04:25.281] [bmv2] [D] [thread 94329] [50.0] [cxt 0] Table 'tbl_data_forward_0': miss
[09:04:25.281] [bmv2] [D] [thread 94329] [50.0] [cxt 0] Action entry is MyIngress.data_forward - 
[09:04:25.281] [bmv2] [T] [thread 94329] [50.0] [cxt 0] Action MyIngress.data_forward
[09:04:25.281] [bmv2] [T] [thread 94329] [50.0] [cxt 0] switch.p4(97) Primitive pit_table.read(egress_port, hdr.payload.content_id)
[09:04:25.281] [bmv2] [T] [thread 94329] [50.0] [cxt 0] Read register 'MyIngress.pit_table' at index 0 read value 0
[09:04:25.281] [bmv2] [T] [thread 94329] [50.0] [cxt 0] switch.p4(98) Primitive standard_metadata.egress_spec = egress_port
[09:04:25.281] [bmv2] [T] [thread 94329] [50.0] [cxt 0] switch.p4(99) Primitive pit_table.write(hdr.payload.content_id, 0)
[09:04:25.281] [bmv2] [T] [thread 94329] [50.0] [cxt 0] Wrote register 'MyIngress.pit_table' at index 0 with value 0
[09:04:25.281] [bmv2] [T] [thread 94329] [50.0] [cxt 0] switch.p4(100) Primitive hdr.ethernet.srcAddr = 0xFFFFFFFFFFFF
[09:04:25.281] [bmv2] [T] [thread 94329] [50.0] [cxt 0] switch.p4(101) Primitive hdr.ethernet.dstAddr = 0xFFFFFFFFFFFF
[09:04:25.281] [bmv2] [T] [thread 94329] [50.0] [cxt 0] switch.p4(102) Primitive hdr.payload.ttl = hdr.payload.ttl - 1
[09:04:25.281] [bmv2] [D] [thread 94329] [50.0] [cxt 0] Pipeline 'ingress': end
[09:04:25.281] [bmv2] [D] [thread 94329] [50.0] [cxt 0] Egress port is 0
[09:04:25.281] [bmv2] [D] [thread 94330] [50.0] [cxt 0] Pipeline 'egress': start
[09:04:25.281] [bmv2] [D] [thread 94330] [50.0] [cxt 0] Pipeline 'egress': end
[09:04:25.281] [bmv2] [D] [thread 94330] [50.0] [cxt 0] Deparser 'deparser': start
[09:04:25.281] [bmv2] [D] [thread 94330] [50.0] [cxt 0] Deparsing header 'ethernet'
[09:04:25.281] [bmv2] [D] [thread 94330] [50.0] [cxt 0] Deparser 'deparser': end
[09:04:25.281] [bmv2] [D] [thread 94334] [50.0] [cxt 0] Transmitting packet of size 203 out of port 0
[09:04:25.687] [bmv2] [D] [thread 94329] [51.0] [cxt 0] Processing packet received on port 1
[09:04:25.687] [bmv2] [D] [thread 94329] [51.0] [cxt 0] Parser 'parser': start
[09:04:25.687] [bmv2] [D] [thread 94329] [51.0] [cxt 0] Parser 'parser' entering state 'start'
[09:04:25.687] [bmv2] [D] [thread 94329] [51.0] [cxt 0] Extracting header 'ethernet'
[09:04:25.687] [bmv2] [D] [thread 94329] [51.0] [cxt 0] Parser state 'start': key is 86dd
[09:04:25.687] [bmv2] [T] [thread 94329] [51.0] [cxt 0] Bytes parsed: 14
[09:04:25.687] [bmv2] [D] [thread 94329] [51.0] [cxt 0] Parser 'parser': end
[09:04:25.687] [bmv2] [D] [thread 94329] [51.0] [cxt 0] Pipeline 'ingress': start
[09:04:25.687] [bmv2] [T] [thread 94329] [51.0] [cxt 0] switch.p4(147) Condition "hdr.icn.isValid()" (node_2) is false
[09:04:25.687] [bmv2] [T] [thread 94329] [51.0] [cxt 0] switch.p4(164) Condition "hdr.payload.flag == 1" (node_13) is false
[09:04:25.687] [bmv2] [T] [thread 94329] [51.0] [cxt 0] Applying table 'tbl_data_forward_0'
[09:04:25.687] [bmv2] [D] [thread 94329] [51.0] [cxt 0] Looking up key:

[09:04:25.687] [bmv2] [D] [thread 94329] [51.0] [cxt 0] Table 'tbl_data_forward_0': miss
[09:04:25.687] [bmv2] [D] [thread 94329] [51.0] [cxt 0] Action entry is MyIngress.data_forward - 
[09:04:25.687] [bmv2] [T] [thread 94329] [51.0] [cxt 0] Action MyIngress.data_forward
[09:04:25.687] [bmv2] [T] [thread 94329] [51.0] [cxt 0] switch.p4(97) Primitive pit_table.read(egress_port, hdr.payload.content_id)
[09:04:25.687] [bmv2] [T] [thread 94329] [51.0] [cxt 0] Read register 'MyIngress.pit_table' at index 0 read value 0
[09:04:25.687] [bmv2] [T] [thread 94329] [51.0] [cxt 0] switch.p4(98) Primitive standard_metadata.egress_spec = egress_port
[09:04:25.687] [bmv2] [T] [thread 94329] [51.0] [cxt 0] switch.p4(99) Primitive pit_table.write(hdr.payload.content_id, 0)
[09:04:25.687] [bmv2] [T] [thread 94329] [51.0] [cxt 0] Wrote register 'MyIngress.pit_table' at index 0 with value 0
[09:04:25.687] [bmv2] [T] [thread 94329] [51.0] [cxt 0] switch.p4(100) Primitive hdr.ethernet.srcAddr = 0xFFFFFFFFFFFF
[09:04:25.687] [bmv2] [T] [thread 94329] [51.0] [cxt 0] switch.p4(101) Primitive hdr.ethernet.dstAddr = 0xFFFFFFFFFFFF
[09:04:25.687] [bmv2] [T] [thread 94329] [51.0] [cxt 0] switch.p4(102) Primitive hdr.payload.ttl = hdr.payload.ttl - 1
[09:04:25.687] [bmv2] [D] [thread 94329] [51.0] [cxt 0] Pipeline 'ingress': end
[09:04:25.687] [bmv2] [D] [thread 94329] [51.0] [cxt 0] Egress port is 0
[09:04:25.692] [bmv2] [D] [thread 94330] [51.0] [cxt 0] Pipeline 'egress': start
[09:04:25.692] [bmv2] [D] [thread 94330] [51.0] [cxt 0] Pipeline 'egress': end
[09:04:25.692] [bmv2] [D] [thread 94330] [51.0] [cxt 0] Deparser 'deparser': start
[09:04:25.692] [bmv2] [D] [thread 94330] [51.0] [cxt 0] Deparsing header 'ethernet'
[09:04:25.692] [bmv2] [D] [thread 94330] [51.0] [cxt 0] Deparser 'deparser': end
[09:04:25.692] [bmv2] [D] [thread 94334] [51.0] [cxt 0] Transmitting packet of size 199 out of port 0
[09:04:26.044] [bmv2] [D] [thread 94329] [52.0] [cxt 0] Processing packet received on port 1
[09:04:26.044] [bmv2] [D] [thread 94329] [52.0] [cxt 0] Parser 'parser': start
[09:04:26.044] [bmv2] [D] [thread 94329] [52.0] [cxt 0] Parser 'parser' entering state 'start'
[09:04:26.044] [bmv2] [D] [thread 94329] [52.0] [cxt 0] Extracting header 'ethernet'
[09:04:26.044] [bmv2] [D] [thread 94329] [52.0] [cxt 0] Parser state 'start': key is 86dd
[09:04:26.044] [bmv2] [T] [thread 94329] [52.0] [cxt 0] Bytes parsed: 14
[09:04:26.044] [bmv2] [D] [thread 94329] [52.0] [cxt 0] Parser 'parser': end
[09:04:26.044] [bmv2] [D] [thread 94329] [52.0] [cxt 0] Pipeline 'ingress': start
[09:04:26.044] [bmv2] [T] [thread 94329] [52.0] [cxt 0] switch.p4(147) Condition "hdr.icn.isValid()" (node_2) is false
[09:04:26.044] [bmv2] [T] [thread 94329] [52.0] [cxt 0] switch.p4(164) Condition "hdr.payload.flag == 1" (node_13) is false
[09:04:26.044] [bmv2] [T] [thread 94329] [52.0] [cxt 0] Applying table 'tbl_data_forward_0'
[09:04:26.044] [bmv2] [D] [thread 94329] [52.0] [cxt 0] Looking up key:

[09:04:26.044] [bmv2] [D] [thread 94329] [52.0] [cxt 0] Table 'tbl_data_forward_0': miss
[09:04:26.044] [bmv2] [D] [thread 94329] [52.0] [cxt 0] Action entry is MyIngress.data_forward - 
[09:04:26.044] [bmv2] [T] [thread 94329] [52.0] [cxt 0] Action MyIngress.data_forward
[09:04:26.044] [bmv2] [T] [thread 94329] [52.0] [cxt 0] switch.p4(97) Primitive pit_table.read(egress_port, hdr.payload.content_id)
[09:04:26.044] [bmv2] [T] [thread 94329] [52.0] [cxt 0] Read register 'MyIngress.pit_table' at index 0 read value 0
[09:04:26.044] [bmv2] [T] [thread 94329] [52.0] [cxt 0] switch.p4(98) Primitive standard_metadata.egress_spec = egress_port
[09:04:26.044] [bmv2] [T] [thread 94329] [52.0] [cxt 0] switch.p4(99) Primitive pit_table.write(hdr.payload.content_id, 0)
[09:04:26.044] [bmv2] [T] [thread 94329] [52.0] [cxt 0] Wrote register 'MyIngress.pit_table' at index 0 with value 0
[09:04:26.044] [bmv2] [T] [thread 94329] [52.0] [cxt 0] switch.p4(100) Primitive hdr.ethernet.srcAddr = 0xFFFFFFFFFFFF
[09:04:26.044] [bmv2] [T] [thread 94329] [52.0] [cxt 0] switch.p4(101) Primitive hdr.ethernet.dstAddr = 0xFFFFFFFFFFFF
[09:04:26.044] [bmv2] [T] [thread 94329] [52.0] [cxt 0] switch.p4(102) Primitive hdr.payload.ttl = hdr.payload.ttl - 1
[09:04:26.044] [bmv2] [D] [thread 94329] [52.0] [cxt 0] Pipeline 'ingress': end
[09:04:26.044] [bmv2] [D] [thread 94329] [52.0] [cxt 0] Egress port is 0
[09:04:26.044] [bmv2] [D] [thread 94330] [52.0] [cxt 0] Pipeline 'egress': start
[09:04:26.044] [bmv2] [D] [thread 94330] [52.0] [cxt 0] Pipeline 'egress': end
[09:04:26.044] [bmv2] [D] [thread 94330] [52.0] [cxt 0] Deparser 'deparser': start
[09:04:26.044] [bmv2] [D] [thread 94330] [52.0] [cxt 0] Deparsing header 'ethernet'
[09:04:26.044] [bmv2] [D] [thread 94330] [52.0] [cxt 0] Deparser 'deparser': end
[09:04:26.044] [bmv2] [D] [thread 94334] [52.0] [cxt 0] Transmitting packet of size 70 out of port 0
[09:04:26.053] [bmv2] [D] [thread 94329] [53.0] [cxt 0] Processing packet received on port 2
[09:04:26.053] [bmv2] [D] [thread 94329] [53.0] [cxt 0] Parser 'parser': start
[09:04:26.053] [bmv2] [D] [thread 94329] [53.0] [cxt 0] Parser 'parser' entering state 'start'
[09:04:26.053] [bmv2] [D] [thread 94329] [53.0] [cxt 0] Extracting header 'ethernet'
[09:04:26.053] [bmv2] [D] [thread 94329] [53.0] [cxt 0] Parser state 'start': key is 86dd
[09:04:26.053] [bmv2] [T] [thread 94329] [53.0] [cxt 0] Bytes parsed: 14
[09:04:26.053] [bmv2] [D] [thread 94329] [53.0] [cxt 0] Parser 'parser': end
[09:04:26.053] [bmv2] [D] [thread 94329] [53.0] [cxt 0] Pipeline 'ingress': start
[09:04:26.053] [bmv2] [T] [thread 94329] [53.0] [cxt 0] switch.p4(147) Condition "hdr.icn.isValid()" (node_2) is false
[09:04:26.053] [bmv2] [T] [thread 94329] [53.0] [cxt 0] switch.p4(164) Condition "hdr.payload.flag == 1" (node_13) is false
[09:04:26.053] [bmv2] [T] [thread 94329] [53.0] [cxt 0] Applying table 'tbl_data_forward_0'
[09:04:26.053] [bmv2] [D] [thread 94329] [53.0] [cxt 0] Looking up key:

[09:04:26.053] [bmv2] [D] [thread 94329] [53.0] [cxt 0] Table 'tbl_data_forward_0': miss
[09:04:26.053] [bmv2] [D] [thread 94329] [53.0] [cxt 0] Action entry is MyIngress.data_forward - 
[09:04:26.053] [bmv2] [T] [thread 94329] [53.0] [cxt 0] Action MyIngress.data_forward
[09:04:26.053] [bmv2] [T] [thread 94329] [53.0] [cxt 0] switch.p4(97) Primitive pit_table.read(egress_port, hdr.payload.content_id)
[09:04:26.053] [bmv2] [T] [thread 94329] [53.0] [cxt 0] Read register 'MyIngress.pit_table' at index 0 read value 0
[09:04:26.053] [bmv2] [T] [thread 94329] [53.0] [cxt 0] switch.p4(98) Primitive standard_metadata.egress_spec = egress_port
[09:04:26.053] [bmv2] [T] [thread 94329] [53.0] [cxt 0] switch.p4(99) Primitive pit_table.write(hdr.payload.content_id, 0)
[09:04:26.053] [bmv2] [T] [thread 94329] [53.0] [cxt 0] Wrote register 'MyIngress.pit_table' at index 0 with value 0
[09:04:26.053] [bmv2] [T] [thread 94329] [53.0] [cxt 0] switch.p4(100) Primitive hdr.ethernet.srcAddr = 0xFFFFFFFFFFFF
[09:04:26.053] [bmv2] [T] [thread 94329] [53.0] [cxt 0] switch.p4(101) Primitive hdr.ethernet.dstAddr = 0xFFFFFFFFFFFF
[09:04:26.053] [bmv2] [T] [thread 94329] [53.0] [cxt 0] switch.p4(102) Primitive hdr.payload.ttl = hdr.payload.ttl - 1
[09:04:26.053] [bmv2] [D] [thread 94329] [53.0] [cxt 0] Pipeline 'ingress': end
[09:04:26.053] [bmv2] [D] [thread 94329] [53.0] [cxt 0] Egress port is 0
[09:04:26.053] [bmv2] [D] [thread 94329] [54.0] [cxt 0] Processing packet received on port 2
[09:04:26.053] [bmv2] [D] [thread 94329] [54.0] [cxt 0] Parser 'parser': start
[09:04:26.053] [bmv2] [D] [thread 94329] [54.0] [cxt 0] Parser 'parser' entering state 'start'
[09:04:26.053] [bmv2] [D] [thread 94329] [54.0] [cxt 0] Extracting header 'ethernet'
[09:04:26.053] [bmv2] [D] [thread 94329] [54.0] [cxt 0] Parser state 'start': key is 86dd
[09:04:26.053] [bmv2] [T] [thread 94329] [54.0] [cxt 0] Bytes parsed: 14
[09:04:26.053] [bmv2] [D] [thread 94329] [54.0] [cxt 0] Parser 'parser': end
[09:04:26.053] [bmv2] [D] [thread 94329] [54.0] [cxt 0] Pipeline 'ingress': start
[09:04:26.053] [bmv2] [T] [thread 94329] [54.0] [cxt 0] switch.p4(147) Condition "hdr.icn.isValid()" (node_2) is false
[09:04:26.053] [bmv2] [T] [thread 94329] [54.0] [cxt 0] switch.p4(164) Condition "hdr.payload.flag == 1" (node_13) is false
[09:04:26.053] [bmv2] [T] [thread 94329] [54.0] [cxt 0] Applying table 'tbl_data_forward_0'
[09:04:26.053] [bmv2] [D] [thread 94329] [54.0] [cxt 0] Looking up key:

[09:04:26.053] [bmv2] [D] [thread 94329] [54.0] [cxt 0] Table 'tbl_data_forward_0': miss
[09:04:26.053] [bmv2] [D] [thread 94329] [54.0] [cxt 0] Action entry is MyIngress.data_forward - 
[09:04:26.053] [bmv2] [T] [thread 94329] [54.0] [cxt 0] Action MyIngress.data_forward
[09:04:26.053] [bmv2] [T] [thread 94329] [54.0] [cxt 0] switch.p4(97) Primitive pit_table.read(egress_port, hdr.payload.content_id)
[09:04:26.053] [bmv2] [T] [thread 94329] [54.0] [cxt 0] Read register 'MyIngress.pit_table' at index 0 read value 0
[09:04:26.053] [bmv2] [T] [thread 94329] [54.0] [cxt 0] switch.p4(98) Primitive standard_metadata.egress_spec = egress_port
[09:04:26.053] [bmv2] [T] [thread 94329] [54.0] [cxt 0] switch.p4(99) Primitive pit_table.write(hdr.payload.content_id, 0)
[09:04:26.053] [bmv2] [T] [thread 94329] [54.0] [cxt 0] Wrote register 'MyIngress.pit_table' at index 0 with value 0
[09:04:26.053] [bmv2] [T] [thread 94329] [54.0] [cxt 0] switch.p4(100) Primitive hdr.ethernet.srcAddr = 0xFFFFFFFFFFFF
[09:04:26.053] [bmv2] [T] [thread 94329] [54.0] [cxt 0] switch.p4(101) Primitive hdr.ethernet.dstAddr = 0xFFFFFFFFFFFF
[09:04:26.053] [bmv2] [T] [thread 94329] [54.0] [cxt 0] switch.p4(102) Primitive hdr.payload.ttl = hdr.payload.ttl - 1
[09:04:26.053] [bmv2] [D] [thread 94329] [54.0] [cxt 0] Pipeline 'ingress': end
[09:04:26.053] [bmv2] [D] [thread 94329] [54.0] [cxt 0] Egress port is 0
[09:04:26.053] [bmv2] [D] [thread 94330] [53.0] [cxt 0] Pipeline 'egress': start
[09:04:26.053] [bmv2] [D] [thread 94330] [53.0] [cxt 0] Pipeline 'egress': end
[09:04:26.053] [bmv2] [D] [thread 94330] [53.0] [cxt 0] Deparser 'deparser': start
[09:04:26.053] [bmv2] [D] [thread 94330] [53.0] [cxt 0] Deparsing header 'ethernet'
[09:04:26.053] [bmv2] [D] [thread 94330] [53.0] [cxt 0] Deparser 'deparser': end
[09:04:26.053] [bmv2] [D] [thread 94330] [54.0] [cxt 0] Pipeline 'egress': start
[09:04:26.053] [bmv2] [D] [thread 94330] [54.0] [cxt 0] Pipeline 'egress': end
[09:04:26.053] [bmv2] [D] [thread 94330] [54.0] [cxt 0] Deparser 'deparser': start
[09:04:26.053] [bmv2] [D] [thread 94330] [54.0] [cxt 0] Deparsing header 'ethernet'
[09:04:26.053] [bmv2] [D] [thread 94334] [53.0] [cxt 0] Transmitting packet of size 199 out of port 0
[09:04:26.053] [bmv2] [D] [thread 94330] [54.0] [cxt 0] Deparser 'deparser': end
[09:04:26.053] [bmv2] [D] [thread 94334] [54.0] [cxt 0] Transmitting packet of size 199 out of port 0
[09:04:26.076] [bmv2] [D] [thread 94329] [55.0] [cxt 0] Processing packet received on port 1
[09:04:26.076] [bmv2] [D] [thread 94329] [55.0] [cxt 0] Parser 'parser': start
[09:04:26.076] [bmv2] [D] [thread 94329] [55.0] [cxt 0] Parser 'parser' entering state 'start'
[09:04:26.076] [bmv2] [D] [thread 94329] [55.0] [cxt 0] Extracting header 'ethernet'
[09:04:26.076] [bmv2] [D] [thread 94329] [55.0] [cxt 0] Parser state 'start': key is 86dd
[09:04:26.076] [bmv2] [T] [thread 94329] [55.0] [cxt 0] Bytes parsed: 14
[09:04:26.076] [bmv2] [D] [thread 94329] [55.0] [cxt 0] Parser 'parser': end
[09:04:26.076] [bmv2] [D] [thread 94329] [55.0] [cxt 0] Pipeline 'ingress': start
[09:04:26.076] [bmv2] [T] [thread 94329] [55.0] [cxt 0] switch.p4(147) Condition "hdr.icn.isValid()" (node_2) is false
[09:04:26.076] [bmv2] [T] [thread 94329] [55.0] [cxt 0] switch.p4(164) Condition "hdr.payload.flag == 1" (node_13) is false
[09:04:26.076] [bmv2] [T] [thread 94329] [55.0] [cxt 0] Applying table 'tbl_data_forward_0'
[09:04:26.076] [bmv2] [D] [thread 94329] [55.0] [cxt 0] Looking up key:

[09:04:26.076] [bmv2] [D] [thread 94329] [55.0] [cxt 0] Table 'tbl_data_forward_0': miss
[09:04:26.076] [bmv2] [D] [thread 94329] [55.0] [cxt 0] Action entry is MyIngress.data_forward - 
[09:04:26.076] [bmv2] [T] [thread 94329] [55.0] [cxt 0] Action MyIngress.data_forward
[09:04:26.076] [bmv2] [T] [thread 94329] [55.0] [cxt 0] switch.p4(97) Primitive pit_table.read(egress_port, hdr.payload.content_id)
[09:04:26.076] [bmv2] [T] [thread 94329] [55.0] [cxt 0] Read register 'MyIngress.pit_table' at index 0 read value 0
[09:04:26.076] [bmv2] [T] [thread 94329] [55.0] [cxt 0] switch.p4(98) Primitive standard_metadata.egress_spec = egress_port
[09:04:26.076] [bmv2] [T] [thread 94329] [55.0] [cxt 0] switch.p4(99) Primitive pit_table.write(hdr.payload.content_id, 0)
[09:04:26.076] [bmv2] [T] [thread 94329] [55.0] [cxt 0] Wrote register 'MyIngress.pit_table' at index 0 with value 0
[09:04:26.076] [bmv2] [T] [thread 94329] [55.0] [cxt 0] switch.p4(100) Primitive hdr.ethernet.srcAddr = 0xFFFFFFFFFFFF
[09:04:26.076] [bmv2] [T] [thread 94329] [55.0] [cxt 0] switch.p4(101) Primitive hdr.ethernet.dstAddr = 0xFFFFFFFFFFFF
[09:04:26.076] [bmv2] [T] [thread 94329] [55.0] [cxt 0] switch.p4(102) Primitive hdr.payload.ttl = hdr.payload.ttl - 1
[09:04:26.076] [bmv2] [D] [thread 94329] [55.0] [cxt 0] Pipeline 'ingress': end
[09:04:26.076] [bmv2] [D] [thread 94329] [55.0] [cxt 0] Egress port is 0
[09:04:26.076] [bmv2] [D] [thread 94330] [55.0] [cxt 0] Pipeline 'egress': start
[09:04:26.076] [bmv2] [D] [thread 94330] [55.0] [cxt 0] Pipeline 'egress': end
[09:04:26.076] [bmv2] [D] [thread 94330] [55.0] [cxt 0] Deparser 'deparser': start
[09:04:26.076] [bmv2] [D] [thread 94330] [55.0] [cxt 0] Deparsing header 'ethernet'
[09:04:26.076] [bmv2] [D] [thread 94330] [55.0] [cxt 0] Deparser 'deparser': end
[09:04:26.076] [bmv2] [D] [thread 94334] [55.0] [cxt 0] Transmitting packet of size 199 out of port 0
[09:04:26.361] [bmv2] [D] [thread 94329] [56.0] [cxt 0] Processing packet received on port 1
[09:04:26.366] [bmv2] [D] [thread 94329] [56.0] [cxt 0] Parser 'parser': start
[09:04:26.366] [bmv2] [D] [thread 94329] [56.0] [cxt 0] Parser 'parser' entering state 'start'
[09:04:26.366] [bmv2] [D] [thread 94329] [56.0] [cxt 0] Extracting header 'ethernet'
[09:04:26.366] [bmv2] [D] [thread 94329] [56.0] [cxt 0] Parser state 'start': key is 86dd
[09:04:26.366] [bmv2] [T] [thread 94329] [56.0] [cxt 0] Bytes parsed: 14
[09:04:26.366] [bmv2] [D] [thread 94329] [56.0] [cxt 0] Parser 'parser': end
[09:04:26.366] [bmv2] [D] [thread 94329] [56.0] [cxt 0] Pipeline 'ingress': start
[09:04:26.366] [bmv2] [T] [thread 94329] [56.0] [cxt 0] switch.p4(147) Condition "hdr.icn.isValid()" (node_2) is false
[09:04:26.366] [bmv2] [T] [thread 94329] [56.0] [cxt 0] switch.p4(164) Condition "hdr.payload.flag == 1" (node_13) is false
[09:04:26.366] [bmv2] [T] [thread 94329] [56.0] [cxt 0] Applying table 'tbl_data_forward_0'
[09:04:26.366] [bmv2] [D] [thread 94329] [56.0] [cxt 0] Looking up key:

[09:04:26.366] [bmv2] [D] [thread 94329] [56.0] [cxt 0] Table 'tbl_data_forward_0': miss
[09:04:26.366] [bmv2] [D] [thread 94329] [56.0] [cxt 0] Action entry is MyIngress.data_forward - 
[09:04:26.366] [bmv2] [T] [thread 94329] [56.0] [cxt 0] Action MyIngress.data_forward
[09:04:26.366] [bmv2] [T] [thread 94329] [56.0] [cxt 0] switch.p4(97) Primitive pit_table.read(egress_port, hdr.payload.content_id)
[09:04:26.366] [bmv2] [T] [thread 94329] [56.0] [cxt 0] Read register 'MyIngress.pit_table' at index 0 read value 0
[09:04:26.366] [bmv2] [T] [thread 94329] [56.0] [cxt 0] switch.p4(98) Primitive standard_metadata.egress_spec = egress_port
[09:04:26.366] [bmv2] [T] [thread 94329] [56.0] [cxt 0] switch.p4(99) Primitive pit_table.write(hdr.payload.content_id, 0)
[09:04:26.366] [bmv2] [T] [thread 94329] [56.0] [cxt 0] Wrote register 'MyIngress.pit_table' at index 0 with value 0
[09:04:26.366] [bmv2] [T] [thread 94329] [56.0] [cxt 0] switch.p4(100) Primitive hdr.ethernet.srcAddr = 0xFFFFFFFFFFFF
[09:04:26.366] [bmv2] [T] [thread 94329] [56.0] [cxt 0] switch.p4(101) Primitive hdr.ethernet.dstAddr = 0xFFFFFFFFFFFF
[09:04:26.366] [bmv2] [T] [thread 94329] [56.0] [cxt 0] switch.p4(102) Primitive hdr.payload.ttl = hdr.payload.ttl - 1
[09:04:26.366] [bmv2] [D] [thread 94329] [56.0] [cxt 0] Pipeline 'ingress': end
[09:04:26.366] [bmv2] [D] [thread 94329] [56.0] [cxt 0] Egress port is 0
[09:04:26.366] [bmv2] [D] [thread 94329] [57.0] [cxt 0] Processing packet received on port 2
[09:04:26.366] [bmv2] [D] [thread 94329] [57.0] [cxt 0] Parser 'parser': start
[09:04:26.366] [bmv2] [D] [thread 94329] [57.0] [cxt 0] Parser 'parser' entering state 'start'
[09:04:26.366] [bmv2] [D] [thread 94329] [57.0] [cxt 0] Extracting header 'ethernet'
[09:04:26.366] [bmv2] [D] [thread 94329] [57.0] [cxt 0] Parser state 'start': key is 86dd
[09:04:26.366] [bmv2] [T] [thread 94329] [57.0] [cxt 0] Bytes parsed: 14
[09:04:26.366] [bmv2] [D] [thread 94329] [57.0] [cxt 0] Parser 'parser': end
[09:04:26.366] [bmv2] [D] [thread 94329] [57.0] [cxt 0] Pipeline 'ingress': start
[09:04:26.366] [bmv2] [T] [thread 94329] [57.0] [cxt 0] switch.p4(147) Condition "hdr.icn.isValid()" (node_2) is false
[09:04:26.366] [bmv2] [T] [thread 94329] [57.0] [cxt 0] switch.p4(164) Condition "hdr.payload.flag == 1" (node_13) is false
[09:04:26.366] [bmv2] [T] [thread 94329] [57.0] [cxt 0] Applying table 'tbl_data_forward_0'
[09:04:26.366] [bmv2] [D] [thread 94329] [57.0] [cxt 0] Looking up key:

[09:04:26.366] [bmv2] [D] [thread 94329] [57.0] [cxt 0] Table 'tbl_data_forward_0': miss
[09:04:26.366] [bmv2] [D] [thread 94329] [57.0] [cxt 0] Action entry is MyIngress.data_forward - 
[09:04:26.366] [bmv2] [T] [thread 94329] [57.0] [cxt 0] Action MyIngress.data_forward
[09:04:26.366] [bmv2] [T] [thread 94329] [57.0] [cxt 0] switch.p4(97) Primitive pit_table.read(egress_port, hdr.payload.content_id)
[09:04:26.366] [bmv2] [T] [thread 94329] [57.0] [cxt 0] Read register 'MyIngress.pit_table' at index 0 read value 0
[09:04:26.366] [bmv2] [T] [thread 94329] [57.0] [cxt 0] switch.p4(98) Primitive standard_metadata.egress_spec = egress_port
[09:04:26.366] [bmv2] [T] [thread 94329] [57.0] [cxt 0] switch.p4(99) Primitive pit_table.write(hdr.payload.content_id, 0)
[09:04:26.366] [bmv2] [T] [thread 94329] [57.0] [cxt 0] Wrote register 'MyIngress.pit_table' at index 0 with value 0
[09:04:26.366] [bmv2] [T] [thread 94329] [57.0] [cxt 0] switch.p4(100) Primitive hdr.ethernet.srcAddr = 0xFFFFFFFFFFFF
[09:04:26.366] [bmv2] [T] [thread 94329] [57.0] [cxt 0] switch.p4(101) Primitive hdr.ethernet.dstAddr = 0xFFFFFFFFFFFF
[09:04:26.366] [bmv2] [T] [thread 94329] [57.0] [cxt 0] switch.p4(102) Primitive hdr.payload.ttl = hdr.payload.ttl - 1
[09:04:26.366] [bmv2] [D] [thread 94329] [57.0] [cxt 0] Pipeline 'ingress': end
[09:04:26.366] [bmv2] [D] [thread 94329] [57.0] [cxt 0] Egress port is 0
[09:04:26.366] [bmv2] [D] [thread 94329] [58.0] [cxt 0] Processing packet received on port 2
[09:04:26.366] [bmv2] [D] [thread 94329] [58.0] [cxt 0] Parser 'parser': start
[09:04:26.366] [bmv2] [D] [thread 94329] [58.0] [cxt 0] Parser 'parser' entering state 'start'
[09:04:26.366] [bmv2] [D] [thread 94329] [58.0] [cxt 0] Extracting header 'ethernet'
[09:04:26.366] [bmv2] [D] [thread 94329] [58.0] [cxt 0] Parser state 'start': key is 86dd
[09:04:26.366] [bmv2] [T] [thread 94329] [58.0] [cxt 0] Bytes parsed: 14
[09:04:26.366] [bmv2] [D] [thread 94329] [58.0] [cxt 0] Parser 'parser': end
[09:04:26.366] [bmv2] [D] [thread 94329] [58.0] [cxt 0] Pipeline 'ingress': start
[09:04:26.366] [bmv2] [T] [thread 94329] [58.0] [cxt 0] switch.p4(147) Condition "hdr.icn.isValid()" (node_2) is false
[09:04:26.366] [bmv2] [T] [thread 94329] [58.0] [cxt 0] switch.p4(164) Condition "hdr.payload.flag == 1" (node_13) is false
[09:04:26.366] [bmv2] [T] [thread 94329] [58.0] [cxt 0] Applying table 'tbl_data_forward_0'
[09:04:26.366] [bmv2] [D] [thread 94329] [58.0] [cxt 0] Looking up key:

[09:04:26.366] [bmv2] [D] [thread 94329] [58.0] [cxt 0] Table 'tbl_data_forward_0': miss
[09:04:26.366] [bmv2] [D] [thread 94329] [58.0] [cxt 0] Action entry is MyIngress.data_forward - 
[09:04:26.366] [bmv2] [T] [thread 94329] [58.0] [cxt 0] Action MyIngress.data_forward
[09:04:26.366] [bmv2] [T] [thread 94329] [58.0] [cxt 0] switch.p4(97) Primitive pit_table.read(egress_port, hdr.payload.content_id)
[09:04:26.366] [bmv2] [T] [thread 94329] [58.0] [cxt 0] Read register 'MyIngress.pit_table' at index 0 read value 0
[09:04:26.366] [bmv2] [T] [thread 94329] [58.0] [cxt 0] switch.p4(98) Primitive standard_metadata.egress_spec = egress_port
[09:04:26.366] [bmv2] [T] [thread 94329] [58.0] [cxt 0] switch.p4(99) Primitive pit_table.write(hdr.payload.content_id, 0)
[09:04:26.366] [bmv2] [T] [thread 94329] [58.0] [cxt 0] Wrote register 'MyIngress.pit_table' at index 0 with value 0
[09:04:26.366] [bmv2] [T] [thread 94329] [58.0] [cxt 0] switch.p4(100) Primitive hdr.ethernet.srcAddr = 0xFFFFFFFFFFFF
[09:04:26.366] [bmv2] [T] [thread 94329] [58.0] [cxt 0] switch.p4(101) Primitive hdr.ethernet.dstAddr = 0xFFFFFFFFFFFF
[09:04:26.366] [bmv2] [T] [thread 94329] [58.0] [cxt 0] switch.p4(102) Primitive hdr.payload.ttl = hdr.payload.ttl - 1
[09:04:26.366] [bmv2] [D] [thread 94329] [58.0] [cxt 0] Pipeline 'ingress': end
[09:04:26.366] [bmv2] [D] [thread 94329] [58.0] [cxt 0] Egress port is 0
[09:04:26.366] [bmv2] [D] [thread 94330] [56.0] [cxt 0] Pipeline 'egress': start
[09:04:26.366] [bmv2] [D] [thread 94330] [56.0] [cxt 0] Pipeline 'egress': end
[09:04:26.366] [bmv2] [D] [thread 94330] [56.0] [cxt 0] Deparser 'deparser': start
[09:04:26.366] [bmv2] [D] [thread 94330] [56.0] [cxt 0] Deparsing header 'ethernet'
[09:04:26.366] [bmv2] [D] [thread 94330] [56.0] [cxt 0] Deparser 'deparser': end
[09:04:26.366] [bmv2] [D] [thread 94330] [57.0] [cxt 0] Pipeline 'egress': start
[09:04:26.366] [bmv2] [D] [thread 94330] [57.0] [cxt 0] Pipeline 'egress': end
[09:04:26.366] [bmv2] [D] [thread 94330] [57.0] [cxt 0] Deparser 'deparser': start
[09:04:26.366] [bmv2] [D] [thread 94330] [57.0] [cxt 0] Deparsing header 'ethernet'
[09:04:26.366] [bmv2] [D] [thread 94330] [57.0] [cxt 0] Deparser 'deparser': end
[09:04:26.366] [bmv2] [D] [thread 94330] [58.0] [cxt 0] Pipeline 'egress': start
[09:04:26.366] [bmv2] [D] [thread 94330] [58.0] [cxt 0] Pipeline 'egress': end
[09:04:26.366] [bmv2] [D] [thread 94330] [58.0] [cxt 0] Deparser 'deparser': start
[09:04:26.366] [bmv2] [D] [thread 94330] [58.0] [cxt 0] Deparsing header 'ethernet'
[09:04:26.366] [bmv2] [D] [thread 94330] [58.0] [cxt 0] Deparser 'deparser': end
[09:04:26.366] [bmv2] [D] [thread 94334] [56.0] [cxt 0] Transmitting packet of size 70 out of port 0
[09:04:26.366] [bmv2] [D] [thread 94334] [57.0] [cxt 0] Transmitting packet of size 70 out of port 0
[09:04:26.366] [bmv2] [D] [thread 94334] [58.0] [cxt 0] Transmitting packet of size 70 out of port 0
[09:04:27.525] [bmv2] [D] [thread 94329] [59.0] [cxt 0] Processing packet received on port 1
[09:04:27.525] [bmv2] [D] [thread 94329] [59.0] [cxt 0] Parser 'parser': start
[09:04:27.525] [bmv2] [D] [thread 94329] [59.0] [cxt 0] Parser 'parser' entering state 'start'
[09:04:27.525] [bmv2] [D] [thread 94329] [59.0] [cxt 0] Extracting header 'ethernet'
[09:04:27.525] [bmv2] [D] [thread 94329] [59.0] [cxt 0] Parser state 'start': key is 88b5
[09:04:27.525] [bmv2] [T] [thread 94329] [59.0] [cxt 0] Bytes parsed: 14
[09:04:27.525] [bmv2] [D] [thread 94329] [59.0] [cxt 0] Parser 'parser' entering state 'parse_icn'
[09:04:27.525] [bmv2] [D] [thread 94329] [59.0] [cxt 0] Extracting header 'icn'
[09:04:27.525] [bmv2] [D] [thread 94329] [59.0] [cxt 0] Parser state 'parse_icn' has no switch, going to default next state
[09:04:27.525] [bmv2] [T] [thread 94329] [59.0] [cxt 0] Bytes parsed: 22
[09:04:27.525] [bmv2] [D] [thread 94329] [59.0] [cxt 0] Parser 'parser': end
[09:04:27.525] [bmv2] [D] [thread 94329] [59.0] [cxt 0] Pipeline 'ingress': start
[09:04:27.525] [bmv2] [T] [thread 94329] [59.0] [cxt 0] switch.p4(147) Condition "hdr.icn.isValid()" (node_2) is true
[09:04:27.525] [bmv2] [T] [thread 94329] [59.0] [cxt 0] Applying table 'tbl_switch148'
[09:04:27.525] [bmv2] [D] [thread 94329] [59.0] [cxt 0] Looking up key:

[09:04:27.525] [bmv2] [D] [thread 94329] [59.0] [cxt 0] Table 'tbl_switch148': miss
[09:04:27.525] [bmv2] [D] [thread 94329] [59.0] [cxt 0] Action entry is switch148 - 
[09:04:27.525] [bmv2] [T] [thread 94329] [59.0] [cxt 0] Action switch148
[09:04:27.525] [bmv2] [T] [thread 94329] [59.0] [cxt 0] switch.p4(148) Primitive content_cache.read(cached_data, hdr.icn.content_id)
[09:04:27.525] [bmv2] [T] [thread 94329] [59.0] [cxt 0] Read register 'MyIngress.content_cache' at index 1 read value 0
[09:04:27.525] [bmv2] [T] [thread 94329] [59.0] [cxt 0] switch.p4(149) Condition "cached_data != 0" (node_4) is false
[09:04:27.525] [bmv2] [T] [thread 94329] [59.0] [cxt 0] Applying table 'tbl_switch159'
[09:04:27.531] [bmv2] [D] [thread 94329] [59.0] [cxt 0] Looking up key:

[09:04:27.531] [bmv2] [D] [thread 94329] [59.0] [cxt 0] Table 'tbl_switch159': miss
[09:04:27.531] [bmv2] [D] [thread 94329] [59.0] [cxt 0] Action entry is switch159 - 
[09:04:27.531] [bmv2] [T] [thread 94329] [59.0] [cxt 0] Action switch159
[09:04:27.531] [bmv2] [T] [thread 94329] [59.0] [cxt 0] switch.p4(159) Primitive hdr.icn.flag = 0
[09:04:27.531] [bmv2] [T] [thread 94329] [59.0] [cxt 0] switch.p4(160) Primitive pit_table.write(hdr.icn.content_id, standard_metadata.ingress_port)
[09:04:27.531] [bmv2] [T] [thread 94329] [59.0] [cxt 0] Wrote register 'MyIngress.pit_table' at index 1 with value 1
[09:04:27.535] [bmv2] [T] [thread 94329] [59.0] [cxt 0] Applying table 'MyIngress.foward_interest'
[09:04:27.535] [bmv2] [D] [thread 94329] [59.0] [cxt 0] Looking up key:
* hdr.ethernet.srcAddr: 080000000100

[09:04:27.535] [bmv2] [D] [thread 94329] [59.0] [cxt 0] Table 'MyIngress.foward_interest': hit with handle 0
[09:04:27.535] [bmv2] [D] [thread 94329] [59.0] [cxt 0] Dumping entry 0
Match key:
* hdr.ethernet.srcAddr: EXACT     080000000100
Action entry: MyIngress.dup_interest - 80000000300,2,

[09:04:27.535] [bmv2] [D] [thread 94329] [59.0] [cxt 0] Action entry is MyIngress.dup_interest - 80000000300,2,
[09:04:27.535] [bmv2] [T] [thread 94329] [59.0] [cxt 0] Action MyIngress.dup_interest
[09:04:27.535] [bmv2] [T] [thread 94329] [59.0] [cxt 0] switch.p4(124) Primitive standard_metadata.egress_spec = port
[09:04:27.535] [bmv2] [T] [thread 94329] [59.0] [cxt 0] switch.p4(125) Primitive hdr.ethernet.srcAddr = hdr.ethernet.dstAddr
[09:04:27.535] [bmv2] [T] [thread 94329] [59.0] [cxt 0] switch.p4(126) Primitive hdr.ethernet.dstAddr = dstAddr
[09:04:27.535] [bmv2] [T] [thread 94329] [59.0] [cxt 0] switch.p4(128) Primitive hdr.icn.hop_count = hdr.icn.hop_count - 1
[09:04:27.535] [bmv2] [D] [thread 94329] [59.0] [cxt 0] Pipeline 'ingress': end
[09:04:27.535] [bmv2] [D] [thread 94329] [59.0] [cxt 0] Egress port is 2
[09:04:27.535] [bmv2] [D] [thread 94332] [59.0] [cxt 0] Pipeline 'egress': start
[09:04:27.535] [bmv2] [D] [thread 94332] [59.0] [cxt 0] Pipeline 'egress': end
[09:04:27.535] [bmv2] [D] [thread 94332] [59.0] [cxt 0] Deparser 'deparser': start
[09:04:27.535] [bmv2] [D] [thread 94332] [59.0] [cxt 0] Deparsing header 'ethernet'
[09:04:27.535] [bmv2] [D] [thread 94332] [59.0] [cxt 0] Deparsing header 'icn'
[09:04:27.535] [bmv2] [D] [thread 94332] [59.0] [cxt 0] Deparser 'deparser': end
[09:04:27.535] [bmv2] [D] [thread 94334] [59.0] [cxt 0] Transmitting packet of size 22 out of port 2
[09:04:27.564] [bmv2] [D] [thread 94329] [60.0] [cxt 0] Processing packet received on port 2
[09:04:27.564] [bmv2] [D] [thread 94329] [60.0] [cxt 0] Parser 'parser': start
[09:04:27.564] [bmv2] [D] [thread 94329] [60.0] [cxt 0] Parser 'parser' entering state 'start'
[09:04:27.564] [bmv2] [D] [thread 94329] [60.0] [cxt 0] Extracting header 'ethernet'
[09:04:27.564] [bmv2] [D] [thread 94329] [60.0] [cxt 0] Parser state 'start': key is 88b6
[09:04:27.564] [bmv2] [T] [thread 94329] [60.0] [cxt 0] Bytes parsed: 14
[09:04:27.564] [bmv2] [D] [thread 94329] [60.0] [cxt 0] Parser 'parser' entering state 'parse_payload'
[09:04:27.564] [bmv2] [D] [thread 94329] [60.0] [cxt 0] Extracting header 'payload'
[09:04:27.564] [bmv2] [D] [thread 94329] [60.0] [cxt 0] Parser state 'parse_payload' has no switch, going to default next state
[09:04:27.564] [bmv2] [T] [thread 94329] [60.0] [cxt 0] Bytes parsed: 276
[09:04:27.564] [bmv2] [D] [thread 94329] [60.0] [cxt 0] Parser 'parser': end
[09:04:27.564] [bmv2] [D] [thread 94329] [60.0] [cxt 0] Pipeline 'ingress': start
[09:04:27.564] [bmv2] [T] [thread 94329] [60.0] [cxt 0] switch.p4(147) Condition "hdr.icn.isValid()" (node_2) is false
[09:04:27.564] [bmv2] [T] [thread 94329] [60.0] [cxt 0] switch.p4(164) Condition "hdr.payload.flag == 1" (node_13) is false
[09:04:27.564] [bmv2] [T] [thread 94329] [60.0] [cxt 0] Applying table 'tbl_data_forward_0'
[09:04:27.564] [bmv2] [D] [thread 94329] [60.0] [cxt 0] Looking up key:

[09:04:27.564] [bmv2] [D] [thread 94329] [60.0] [cxt 0] Table 'tbl_data_forward_0': miss
[09:04:27.564] [bmv2] [D] [thread 94329] [60.0] [cxt 0] Action entry is MyIngress.data_forward - 
[09:04:27.564] [bmv2] [T] [thread 94329] [60.0] [cxt 0] Action MyIngress.data_forward
[09:04:27.564] [bmv2] [T] [thread 94329] [60.0] [cxt 0] switch.p4(97) Primitive pit_table.read(egress_port, hdr.payload.content_id)
[09:04:27.564] [bmv2] [T] [thread 94329] [60.0] [cxt 0] Read register 'MyIngress.pit_table' at index 1 read value 1
[09:04:27.564] [bmv2] [T] [thread 94329] [60.0] [cxt 0] switch.p4(98) Primitive standard_metadata.egress_spec = egress_port
[09:04:27.564] [bmv2] [T] [thread 94329] [60.0] [cxt 0] switch.p4(99) Primitive pit_table.write(hdr.payload.content_id, 0)
[09:04:27.564] [bmv2] [T] [thread 94329] [60.0] [cxt 0] Wrote register 'MyIngress.pit_table' at index 1 with value 0
[09:04:27.564] [bmv2] [T] [thread 94329] [60.0] [cxt 0] switch.p4(100) Primitive hdr.ethernet.srcAddr = 0xFFFFFFFFFFFF
[09:04:27.564] [bmv2] [T] [thread 94329] [60.0] [cxt 0] switch.p4(101) Primitive hdr.ethernet.dstAddr = 0xFFFFFFFFFFFF
[09:04:27.564] [bmv2] [T] [thread 94329] [60.0] [cxt 0] switch.p4(102) Primitive hdr.payload.ttl = hdr.payload.ttl - 1
[09:04:27.564] [bmv2] [D] [thread 94329] [60.0] [cxt 0] Pipeline 'ingress': end
[09:04:27.564] [bmv2] [D] [thread 94329] [60.0] [cxt 0] Egress port is 1
[09:04:27.564] [bmv2] [D] [thread 94331] [60.0] [cxt 0] Pipeline 'egress': start
[09:04:27.564] [bmv2] [D] [thread 94331] [60.0] [cxt 0] Pipeline 'egress': end
[09:04:27.564] [bmv2] [D] [thread 94331] [60.0] [cxt 0] Deparser 'deparser': start
[09:04:27.564] [bmv2] [D] [thread 94331] [60.0] [cxt 0] Deparsing header 'ethernet'
[09:04:27.564] [bmv2] [D] [thread 94331] [60.0] [cxt 0] Deparsing header 'payload'
[09:04:27.564] [bmv2] [D] [thread 94331] [60.0] [cxt 0] Deparser 'deparser': end
[09:04:27.564] [bmv2] [D] [thread 94334] [60.0] [cxt 0] Transmitting packet of size 276 out of port 1
[09:04:28.446] [bmv2] [D] [thread 94329] [61.0] [cxt 0] Processing packet received on port 1
[09:04:28.446] [bmv2] [D] [thread 94329] [61.0] [cxt 0] Parser 'parser': start
[09:04:28.446] [bmv2] [D] [thread 94329] [61.0] [cxt 0] Parser 'parser' entering state 'start'
[09:04:28.446] [bmv2] [D] [thread 94329] [61.0] [cxt 0] Extracting header 'ethernet'
[09:04:28.446] [bmv2] [D] [thread 94329] [61.0] [cxt 0] Parser state 'start': key is 88b5
[09:04:28.446] [bmv2] [T] [thread 94329] [61.0] [cxt 0] Bytes parsed: 14
[09:04:28.446] [bmv2] [D] [thread 94329] [61.0] [cxt 0] Parser 'parser' entering state 'parse_icn'
[09:04:28.446] [bmv2] [D] [thread 94329] [61.0] [cxt 0] Extracting header 'icn'
[09:04:28.446] [bmv2] [D] [thread 94329] [61.0] [cxt 0] Parser state 'parse_icn' has no switch, going to default next state
[09:04:28.446] [bmv2] [T] [thread 94329] [61.0] [cxt 0] Bytes parsed: 22
[09:04:28.446] [bmv2] [D] [thread 94329] [61.0] [cxt 0] Parser 'parser': end
[09:04:28.446] [bmv2] [D] [thread 94329] [61.0] [cxt 0] Pipeline 'ingress': start
[09:04:28.446] [bmv2] [T] [thread 94329] [61.0] [cxt 0] switch.p4(147) Condition "hdr.icn.isValid()" (node_2) is true
[09:04:28.446] [bmv2] [T] [thread 94329] [61.0] [cxt 0] Applying table 'tbl_switch148'
[09:04:28.446] [bmv2] [D] [thread 94329] [61.0] [cxt 0] Looking up key:

[09:04:28.446] [bmv2] [D] [thread 94329] [61.0] [cxt 0] Table 'tbl_switch148': miss
[09:04:28.446] [bmv2] [D] [thread 94329] [61.0] [cxt 0] Action entry is switch148 - 
[09:04:28.446] [bmv2] [T] [thread 94329] [61.0] [cxt 0] Action switch148
[09:04:28.446] [bmv2] [T] [thread 94329] [61.0] [cxt 0] switch.p4(148) Primitive content_cache.read(cached_data, hdr.icn.content_id)
[09:04:28.447] [bmv2] [T] [thread 94329] [61.0] [cxt 0] Read register 'MyIngress.content_cache' at index 1 read value 0
[09:04:28.447] [bmv2] [T] [thread 94329] [61.0] [cxt 0] switch.p4(149) Condition "cached_data != 0" (node_4) is false
[09:04:28.447] [bmv2] [T] [thread 94329] [61.0] [cxt 0] Applying table 'tbl_switch159'
[09:04:28.447] [bmv2] [D] [thread 94329] [61.0] [cxt 0] Looking up key:

[09:04:28.447] [bmv2] [D] [thread 94329] [61.0] [cxt 0] Table 'tbl_switch159': miss
[09:04:28.447] [bmv2] [D] [thread 94329] [61.0] [cxt 0] Action entry is switch159 - 
[09:04:28.447] [bmv2] [T] [thread 94329] [61.0] [cxt 0] Action switch159
[09:04:28.447] [bmv2] [T] [thread 94329] [61.0] [cxt 0] switch.p4(159) Primitive hdr.icn.flag = 0
[09:04:28.447] [bmv2] [T] [thread 94329] [61.0] [cxt 0] switch.p4(160) Primitive pit_table.write(hdr.icn.content_id, standard_metadata.ingress_port)
[09:04:28.447] [bmv2] [T] [thread 94329] [61.0] [cxt 0] Wrote register 'MyIngress.pit_table' at index 1 with value 1
[09:04:28.447] [bmv2] [T] [thread 94329] [61.0] [cxt 0] Applying table 'MyIngress.foward_interest'
[09:04:28.447] [bmv2] [D] [thread 94329] [61.0] [cxt 0] Looking up key:
* hdr.ethernet.srcAddr: 080000000100

[09:04:28.447] [bmv2] [D] [thread 94329] [61.0] [cxt 0] Table 'MyIngress.foward_interest': hit with handle 0
[09:04:28.447] [bmv2] [D] [thread 94329] [61.0] [cxt 0] Dumping entry 0
Match key:
* hdr.ethernet.srcAddr: EXACT     080000000100
Action entry: MyIngress.dup_interest - 80000000300,2,

[09:04:28.447] [bmv2] [D] [thread 94329] [61.0] [cxt 0] Action entry is MyIngress.dup_interest - 80000000300,2,
[09:04:28.447] [bmv2] [T] [thread 94329] [61.0] [cxt 0] Action MyIngress.dup_interest
[09:04:28.447] [bmv2] [T] [thread 94329] [61.0] [cxt 0] switch.p4(124) Primitive standard_metadata.egress_spec = port
[09:04:28.447] [bmv2] [T] [thread 94329] [61.0] [cxt 0] switch.p4(125) Primitive hdr.ethernet.srcAddr = hdr.ethernet.dstAddr
[09:04:28.447] [bmv2] [T] [thread 94329] [61.0] [cxt 0] switch.p4(126) Primitive hdr.ethernet.dstAddr = dstAddr
[09:04:28.447] [bmv2] [T] [thread 94329] [61.0] [cxt 0] switch.p4(128) Primitive hdr.icn.hop_count = hdr.icn.hop_count - 1
[09:04:28.447] [bmv2] [D] [thread 94329] [61.0] [cxt 0] Pipeline 'ingress': end
[09:04:28.447] [bmv2] [D] [thread 94329] [61.0] [cxt 0] Egress port is 2
[09:04:28.447] [bmv2] [D] [thread 94332] [61.0] [cxt 0] Pipeline 'egress': start
[09:04:28.447] [bmv2] [D] [thread 94332] [61.0] [cxt 0] Pipeline 'egress': end
[09:04:28.447] [bmv2] [D] [thread 94332] [61.0] [cxt 0] Deparser 'deparser': start
[09:04:28.447] [bmv2] [D] [thread 94332] [61.0] [cxt 0] Deparsing header 'ethernet'
[09:04:28.447] [bmv2] [D] [thread 94332] [61.0] [cxt 0] Deparsing header 'icn'
[09:04:28.447] [bmv2] [D] [thread 94332] [61.0] [cxt 0] Deparser 'deparser': end
[09:04:28.448] [bmv2] [D] [thread 94334] [61.0] [cxt 0] Transmitting packet of size 22 out of port 2
[09:04:28.451] [bmv2] [D] [thread 94329] [62.0] [cxt 0] Processing packet received on port 2
[09:04:28.452] [bmv2] [D] [thread 94329] [62.0] [cxt 0] Parser 'parser': start
[09:04:28.452] [bmv2] [D] [thread 94329] [62.0] [cxt 0] Parser 'parser' entering state 'start'
[09:04:28.452] [bmv2] [D] [thread 94329] [62.0] [cxt 0] Extracting header 'ethernet'
[09:04:28.452] [bmv2] [D] [thread 94329] [62.0] [cxt 0] Parser state 'start': key is 88b6
[09:04:28.452] [bmv2] [T] [thread 94329] [62.0] [cxt 0] Bytes parsed: 14
[09:04:28.452] [bmv2] [D] [thread 94329] [62.0] [cxt 0] Parser 'parser' entering state 'parse_payload'
[09:04:28.452] [bmv2] [D] [thread 94329] [62.0] [cxt 0] Extracting header 'payload'
[09:04:28.452] [bmv2] [D] [thread 94329] [62.0] [cxt 0] Parser state 'parse_payload' has no switch, going to default next state
[09:04:28.452] [bmv2] [T] [thread 94329] [62.0] [cxt 0] Bytes parsed: 276
[09:04:28.452] [bmv2] [D] [thread 94329] [62.0] [cxt 0] Parser 'parser': end
[09:04:28.452] [bmv2] [D] [thread 94329] [62.0] [cxt 0] Pipeline 'ingress': start
[09:04:28.452] [bmv2] [T] [thread 94329] [62.0] [cxt 0] switch.p4(147) Condition "hdr.icn.isValid()" (node_2) is false
[09:04:28.452] [bmv2] [T] [thread 94329] [62.0] [cxt 0] switch.p4(164) Condition "hdr.payload.flag == 1" (node_13) is true
[09:04:28.452] [bmv2] [T] [thread 94329] [62.0] [cxt 0] Applying table 'tbl_cache_content'
[09:04:28.452] [bmv2] [D] [thread 94329] [62.0] [cxt 0] Looking up key:

[09:04:28.452] [bmv2] [D] [thread 94329] [62.0] [cxt 0] Table 'tbl_cache_content': miss
[09:04:28.452] [bmv2] [D] [thread 94329] [62.0] [cxt 0] Action entry is MyIngress.cache_content - 
[09:04:28.452] [bmv2] [T] [thread 94329] [62.0] [cxt 0] Action MyIngress.cache_content
[09:04:28.452] [bmv2] [T] [thread 94329] [62.0] [cxt 0] switch.p4(106) Primitive content_cache.write(hdr.payload.content_id, hdr.payload.data)
[09:04:28.452] [bmv2] [T] [thread 94329] [62.0] [cxt 0] Wrote register 'MyIngress.content_cache' at index 1 with value 17334248032272856919049904129148938617700988014304292665051363529817104491524797347555222073430792320059939653561838142512049133114388715375014781493453850835185074611781570404847019710571613655373669594595135033889630776998479070814982991093682257016220976393663747692290960138236990461169158975424217495205235714645535325005531839232559780229597835373266260635303518876566160865710124377185704679970288330545603901891183133829188678302433295812412601508611578502040926066791030664212907508769521753768992941363800118204875972853288437881499254902667790476020116895095900119866747339270646056253520273313150781095936
[09:04:28.452] [bmv2] [T] [thread 94329] [62.0] [cxt 0] switch.p4(107) Primitive hdr.payload.flag = 0
[09:04:28.452] [bmv2] [T] [thread 94329] [62.0] [cxt 0] Applying table 'tbl_data_forward_0'
[09:04:28.452] [bmv2] [D] [thread 94329] [62.0] [cxt 0] Looking up key:

[09:04:28.452] [bmv2] [D] [thread 94329] [62.0] [cxt 0] Table 'tbl_data_forward_0': miss
[09:04:28.452] [bmv2] [D] [thread 94329] [62.0] [cxt 0] Action entry is MyIngress.data_forward - 
[09:04:28.452] [bmv2] [T] [thread 94329] [62.0] [cxt 0] Action MyIngress.data_forward
[09:04:28.452] [bmv2] [T] [thread 94329] [62.0] [cxt 0] switch.p4(97) Primitive pit_table.read(egress_port, hdr.payload.content_id)
[09:04:28.452] [bmv2] [T] [thread 94329] [62.0] [cxt 0] Read register 'MyIngress.pit_table' at index 1 read value 1
[09:04:28.452] [bmv2] [T] [thread 94329] [62.0] [cxt 0] switch.p4(98) Primitive standard_metadata.egress_spec = egress_port
[09:04:28.452] [bmv2] [T] [thread 94329] [62.0] [cxt 0] switch.p4(99) Primitive pit_table.write(hdr.payload.content_id, 0)
[09:04:28.452] [bmv2] [T] [thread 94329] [62.0] [cxt 0] Wrote register 'MyIngress.pit_table' at index 1 with value 0
[09:04:28.452] [bmv2] [T] [thread 94329] [62.0] [cxt 0] switch.p4(100) Primitive hdr.ethernet.srcAddr = 0xFFFFFFFFFFFF
[09:04:28.452] [bmv2] [T] [thread 94329] [62.0] [cxt 0] switch.p4(101) Primitive hdr.ethernet.dstAddr = 0xFFFFFFFFFFFF
[09:04:28.452] [bmv2] [T] [thread 94329] [62.0] [cxt 0] switch.p4(102) Primitive hdr.payload.ttl = hdr.payload.ttl - 1
[09:04:28.452] [bmv2] [D] [thread 94329] [62.0] [cxt 0] Pipeline 'ingress': end
[09:04:28.452] [bmv2] [D] [thread 94329] [62.0] [cxt 0] Egress port is 1
[09:04:28.452] [bmv2] [D] [thread 94331] [62.0] [cxt 0] Pipeline 'egress': start
[09:04:28.452] [bmv2] [D] [thread 94331] [62.0] [cxt 0] Pipeline 'egress': end
[09:04:28.452] [bmv2] [D] [thread 94331] [62.0] [cxt 0] Deparser 'deparser': start
[09:04:28.452] [bmv2] [D] [thread 94331] [62.0] [cxt 0] Deparsing header 'ethernet'
[09:04:28.452] [bmv2] [D] [thread 94331] [62.0] [cxt 0] Deparsing header 'payload'
[09:04:28.452] [bmv2] [D] [thread 94331] [62.0] [cxt 0] Deparser 'deparser': end
[09:04:28.452] [bmv2] [D] [thread 94334] [62.0] [cxt 0] Transmitting packet of size 276 out of port 1
[09:04:28.767] [bmv2] [D] [thread 94329] [63.0] [cxt 0] Processing packet received on port 1
[09:04:28.767] [bmv2] [D] [thread 94329] [63.0] [cxt 0] Parser 'parser': start
[09:04:28.767] [bmv2] [D] [thread 94329] [63.0] [cxt 0] Parser 'parser' entering state 'start'
[09:04:28.767] [bmv2] [D] [thread 94329] [63.0] [cxt 0] Extracting header 'ethernet'
[09:04:28.767] [bmv2] [D] [thread 94329] [63.0] [cxt 0] Parser state 'start': key is 86dd
[09:04:28.767] [bmv2] [T] [thread 94329] [63.0] [cxt 0] Bytes parsed: 14
[09:04:28.767] [bmv2] [D] [thread 94329] [63.0] [cxt 0] Parser 'parser': end
[09:04:28.767] [bmv2] [D] [thread 94329] [63.0] [cxt 0] Pipeline 'ingress': start
[09:04:28.767] [bmv2] [T] [thread 94329] [63.0] [cxt 0] switch.p4(147) Condition "hdr.icn.isValid()" (node_2) is false
[09:04:28.767] [bmv2] [T] [thread 94329] [63.0] [cxt 0] switch.p4(164) Condition "hdr.payload.flag == 1" (node_13) is false
[09:04:28.767] [bmv2] [T] [thread 94329] [63.0] [cxt 0] Applying table 'tbl_data_forward_0'
[09:04:28.767] [bmv2] [D] [thread 94329] [63.0] [cxt 0] Looking up key:

[09:04:28.767] [bmv2] [D] [thread 94329] [63.0] [cxt 0] Table 'tbl_data_forward_0': miss
[09:04:28.767] [bmv2] [D] [thread 94329] [63.0] [cxt 0] Action entry is MyIngress.data_forward - 
[09:04:28.767] [bmv2] [T] [thread 94329] [63.0] [cxt 0] Action MyIngress.data_forward
[09:04:28.767] [bmv2] [T] [thread 94329] [63.0] [cxt 0] switch.p4(97) Primitive pit_table.read(egress_port, hdr.payload.content_id)
[09:04:28.767] [bmv2] [T] [thread 94329] [63.0] [cxt 0] Read register 'MyIngress.pit_table' at index 1 read value 0
[09:04:28.767] [bmv2] [T] [thread 94329] [63.0] [cxt 0] switch.p4(98) Primitive standard_metadata.egress_spec = egress_port
[09:04:28.767] [bmv2] [T] [thread 94329] [63.0] [cxt 0] switch.p4(99) Primitive pit_table.write(hdr.payload.content_id, 0)
[09:04:28.767] [bmv2] [T] [thread 94329] [63.0] [cxt 0] Wrote register 'MyIngress.pit_table' at index 1 with value 0
[09:04:28.767] [bmv2] [T] [thread 94329] [63.0] [cxt 0] switch.p4(100) Primitive hdr.ethernet.srcAddr = 0xFFFFFFFFFFFF
[09:04:28.767] [bmv2] [T] [thread 94329] [63.0] [cxt 0] switch.p4(101) Primitive hdr.ethernet.dstAddr = 0xFFFFFFFFFFFF
[09:04:28.767] [bmv2] [T] [thread 94329] [63.0] [cxt 0] switch.p4(102) Primitive hdr.payload.ttl = hdr.payload.ttl - 1
[09:04:28.767] [bmv2] [D] [thread 94329] [63.0] [cxt 0] Pipeline 'ingress': end
[09:04:28.767] [bmv2] [D] [thread 94329] [63.0] [cxt 0] Egress port is 0
[09:04:28.767] [bmv2] [D] [thread 94330] [63.0] [cxt 0] Pipeline 'egress': start
[09:04:28.767] [bmv2] [D] [thread 94330] [63.0] [cxt 0] Pipeline 'egress': end
[09:04:28.767] [bmv2] [D] [thread 94330] [63.0] [cxt 0] Deparser 'deparser': start
[09:04:28.767] [bmv2] [D] [thread 94330] [63.0] [cxt 0] Deparsing header 'ethernet'
[09:04:28.767] [bmv2] [D] [thread 94330] [63.0] [cxt 0] Deparser 'deparser': end
[09:04:28.767] [bmv2] [D] [thread 94334] [63.0] [cxt 0] Transmitting packet of size 203 out of port 0
[09:04:29.130] [bmv2] [D] [thread 94329] [64.0] [cxt 0] Processing packet received on port 2
[09:04:29.130] [bmv2] [D] [thread 94329] [64.0] [cxt 0] Parser 'parser': start
[09:04:29.130] [bmv2] [D] [thread 94329] [64.0] [cxt 0] Parser 'parser' entering state 'start'
[09:04:29.130] [bmv2] [D] [thread 94329] [64.0] [cxt 0] Extracting header 'ethernet'
[09:04:29.130] [bmv2] [D] [thread 94329] [64.0] [cxt 0] Parser state 'start': key is 86dd
[09:04:29.130] [bmv2] [T] [thread 94329] [64.0] [cxt 0] Bytes parsed: 14
[09:04:29.130] [bmv2] [D] [thread 94329] [64.0] [cxt 0] Parser 'parser': end
[09:04:29.130] [bmv2] [D] [thread 94329] [64.0] [cxt 0] Pipeline 'ingress': start
[09:04:29.130] [bmv2] [T] [thread 94329] [64.0] [cxt 0] switch.p4(147) Condition "hdr.icn.isValid()" (node_2) is false
[09:04:29.130] [bmv2] [T] [thread 94329] [64.0] [cxt 0] switch.p4(164) Condition "hdr.payload.flag == 1" (node_13) is false
[09:04:29.130] [bmv2] [T] [thread 94329] [64.0] [cxt 0] Applying table 'tbl_data_forward_0'
[09:04:29.130] [bmv2] [D] [thread 94329] [64.0] [cxt 0] Looking up key:

[09:04:29.130] [bmv2] [D] [thread 94329] [64.0] [cxt 0] Table 'tbl_data_forward_0': miss
[09:04:29.130] [bmv2] [D] [thread 94329] [64.0] [cxt 0] Action entry is MyIngress.data_forward - 
[09:04:29.130] [bmv2] [T] [thread 94329] [64.0] [cxt 0] Action MyIngress.data_forward
[09:04:29.130] [bmv2] [T] [thread 94329] [64.0] [cxt 0] switch.p4(97) Primitive pit_table.read(egress_port, hdr.payload.content_id)
[09:04:29.130] [bmv2] [T] [thread 94329] [64.0] [cxt 0] Read register 'MyIngress.pit_table' at index 1 read value 0
[09:04:29.130] [bmv2] [T] [thread 94329] [64.0] [cxt 0] switch.p4(98) Primitive standard_metadata.egress_spec = egress_port
[09:04:29.130] [bmv2] [T] [thread 94329] [64.0] [cxt 0] switch.p4(99) Primitive pit_table.write(hdr.payload.content_id, 0)
[09:04:29.130] [bmv2] [T] [thread 94329] [64.0] [cxt 0] Wrote register 'MyIngress.pit_table' at index 1 with value 0
[09:04:29.130] [bmv2] [T] [thread 94329] [64.0] [cxt 0] switch.p4(100) Primitive hdr.ethernet.srcAddr = 0xFFFFFFFFFFFF
[09:04:29.130] [bmv2] [T] [thread 94329] [64.0] [cxt 0] switch.p4(101) Primitive hdr.ethernet.dstAddr = 0xFFFFFFFFFFFF
[09:04:29.130] [bmv2] [T] [thread 94329] [64.0] [cxt 0] switch.p4(102) Primitive hdr.payload.ttl = hdr.payload.ttl - 1
[09:04:29.130] [bmv2] [D] [thread 94329] [64.0] [cxt 0] Pipeline 'ingress': end
[09:04:29.130] [bmv2] [D] [thread 94329] [64.0] [cxt 0] Egress port is 0
[09:04:29.130] [bmv2] [D] [thread 94330] [64.0] [cxt 0] Pipeline 'egress': start
[09:04:29.132] [bmv2] [D] [thread 94330] [64.0] [cxt 0] Pipeline 'egress': end
[09:04:29.132] [bmv2] [D] [thread 94330] [64.0] [cxt 0] Deparser 'deparser': start
[09:04:29.132] [bmv2] [D] [thread 94330] [64.0] [cxt 0] Deparsing header 'ethernet'
[09:04:29.132] [bmv2] [D] [thread 94330] [64.0] [cxt 0] Deparser 'deparser': end
[09:04:29.132] [bmv2] [D] [thread 94334] [64.0] [cxt 0] Transmitting packet of size 203 out of port 0
[09:04:29.252] [bmv2] [D] [thread 94329] [65.0] [cxt 0] Processing packet received on port 1
[09:04:29.252] [bmv2] [D] [thread 94329] [65.0] [cxt 0] Parser 'parser': start
[09:04:29.252] [bmv2] [D] [thread 94329] [65.0] [cxt 0] Parser 'parser' entering state 'start'
[09:04:29.252] [bmv2] [D] [thread 94329] [65.0] [cxt 0] Extracting header 'ethernet'
[09:04:29.252] [bmv2] [D] [thread 94329] [65.0] [cxt 0] Parser state 'start': key is 86dd
[09:04:29.252] [bmv2] [T] [thread 94329] [65.0] [cxt 0] Bytes parsed: 14
[09:04:29.252] [bmv2] [D] [thread 94329] [65.0] [cxt 0] Parser 'parser': end
[09:04:29.252] [bmv2] [D] [thread 94329] [65.0] [cxt 0] Pipeline 'ingress': start
[09:04:29.252] [bmv2] [T] [thread 94329] [65.0] [cxt 0] switch.p4(147) Condition "hdr.icn.isValid()" (node_2) is false
[09:04:29.252] [bmv2] [T] [thread 94329] [65.0] [cxt 0] switch.p4(164) Condition "hdr.payload.flag == 1" (node_13) is false
[09:04:29.252] [bmv2] [T] [thread 94329] [65.0] [cxt 0] Applying table 'tbl_data_forward_0'
[09:04:29.252] [bmv2] [D] [thread 94329] [65.0] [cxt 0] Looking up key:

[09:04:29.252] [bmv2] [D] [thread 94329] [65.0] [cxt 0] Table 'tbl_data_forward_0': miss
[09:04:29.252] [bmv2] [D] [thread 94329] [65.0] [cxt 0] Action entry is MyIngress.data_forward - 
[09:04:29.252] [bmv2] [T] [thread 94329] [65.0] [cxt 0] Action MyIngress.data_forward
[09:04:29.252] [bmv2] [T] [thread 94329] [65.0] [cxt 0] switch.p4(97) Primitive pit_table.read(egress_port, hdr.payload.content_id)
[09:04:29.252] [bmv2] [T] [thread 94329] [65.0] [cxt 0] Read register 'MyIngress.pit_table' at index 1 read value 0
[09:04:29.252] [bmv2] [T] [thread 94329] [65.0] [cxt 0] switch.p4(98) Primitive standard_metadata.egress_spec = egress_port
[09:04:29.253] [bmv2] [T] [thread 94329] [65.0] [cxt 0] switch.p4(99) Primitive pit_table.write(hdr.payload.content_id, 0)
[09:04:29.253] [bmv2] [T] [thread 94329] [65.0] [cxt 0] Wrote register 'MyIngress.pit_table' at index 1 with value 0
[09:04:29.253] [bmv2] [T] [thread 94329] [65.0] [cxt 0] switch.p4(100) Primitive hdr.ethernet.srcAddr = 0xFFFFFFFFFFFF
[09:04:29.253] [bmv2] [T] [thread 94329] [65.0] [cxt 0] switch.p4(101) Primitive hdr.ethernet.dstAddr = 0xFFFFFFFFFFFF
[09:04:29.253] [bmv2] [T] [thread 94329] [65.0] [cxt 0] switch.p4(102) Primitive hdr.payload.ttl = hdr.payload.ttl - 1
[09:04:29.253] [bmv2] [D] [thread 94329] [65.0] [cxt 0] Pipeline 'ingress': end
[09:04:29.253] [bmv2] [D] [thread 94329] [65.0] [cxt 0] Egress port is 0
[09:04:29.253] [bmv2] [D] [thread 94330] [65.0] [cxt 0] Pipeline 'egress': start
[09:04:29.253] [bmv2] [D] [thread 94330] [65.0] [cxt 0] Pipeline 'egress': end
[09:04:29.253] [bmv2] [D] [thread 94330] [65.0] [cxt 0] Deparser 'deparser': start
[09:04:29.253] [bmv2] [D] [thread 94330] [65.0] [cxt 0] Deparsing header 'ethernet'
[09:04:29.253] [bmv2] [D] [thread 94330] [65.0] [cxt 0] Deparser 'deparser': end
[09:04:29.253] [bmv2] [D] [thread 94334] [65.0] [cxt 0] Transmitting packet of size 203 out of port 0
[09:04:29.460] [bmv2] [D] [thread 94329] [66.0] [cxt 0] Processing packet received on port 1
[09:04:29.460] [bmv2] [D] [thread 94329] [66.0] [cxt 0] Parser 'parser': start
[09:04:29.460] [bmv2] [D] [thread 94329] [66.0] [cxt 0] Parser 'parser' entering state 'start'
[09:04:29.460] [bmv2] [D] [thread 94329] [66.0] [cxt 0] Extracting header 'ethernet'
[09:04:29.460] [bmv2] [D] [thread 94329] [66.0] [cxt 0] Parser state 'start': key is 88b5
[09:04:29.460] [bmv2] [T] [thread 94329] [66.0] [cxt 0] Bytes parsed: 14
[09:04:29.460] [bmv2] [D] [thread 94329] [66.0] [cxt 0] Parser 'parser' entering state 'parse_icn'
[09:04:29.460] [bmv2] [D] [thread 94329] [66.0] [cxt 0] Extracting header 'icn'
[09:04:29.460] [bmv2] [D] [thread 94329] [66.0] [cxt 0] Parser state 'parse_icn' has no switch, going to default next state
[09:04:29.460] [bmv2] [T] [thread 94329] [66.0] [cxt 0] Bytes parsed: 22
[09:04:29.460] [bmv2] [D] [thread 94329] [66.0] [cxt 0] Parser 'parser': end
[09:04:29.460] [bmv2] [D] [thread 94329] [66.0] [cxt 0] Pipeline 'ingress': start
[09:04:29.460] [bmv2] [T] [thread 94329] [66.0] [cxt 0] switch.p4(147) Condition "hdr.icn.isValid()" (node_2) is true
[09:04:29.460] [bmv2] [T] [thread 94329] [66.0] [cxt 0] Applying table 'tbl_switch148'
[09:04:29.460] [bmv2] [D] [thread 94329] [66.0] [cxt 0] Looking up key:

[09:04:29.460] [bmv2] [D] [thread 94329] [66.0] [cxt 0] Table 'tbl_switch148': miss
[09:04:29.460] [bmv2] [D] [thread 94329] [66.0] [cxt 0] Action entry is switch148 - 
[09:04:29.460] [bmv2] [T] [thread 94329] [66.0] [cxt 0] Action switch148
[09:04:29.460] [bmv2] [T] [thread 94329] [66.0] [cxt 0] switch.p4(148) Primitive content_cache.read(cached_data, hdr.icn.content_id)
[09:04:29.460] [bmv2] [T] [thread 94329] [66.0] [cxt 0] Read register 'MyIngress.content_cache' at index 1 read value 17334248032272856919049904129148938617700988014304292665051363529817104491524797347555222073430792320059939653561838142512049133114388715375014781493453850835185074611781570404847019710571613655373669594595135033889630776998479070814982991093682257016220976393663747692290960138236990461169158975424217495205235714645535325005531839232559780229597835373266260635303518876566160865710124377185704679970288330545603901891183133829188678302433295812412601508611578502040926066791030664212907508769521753768992941363800118204875972853288437881499254902667790476020116895095900119866747339270646056253520273313150781095936
[09:04:29.460] [bmv2] [T] [thread 94329] [66.0] [cxt 0] switch.p4(149) Condition "cached_data != 0" (node_4) is true
[09:04:29.460] [bmv2] [T] [thread 94329] [66.0] [cxt 0] Applying table 'tbl_switch150'
[09:04:29.460] [bmv2] [D] [thread 94329] [66.0] [cxt 0] Looking up key:

[09:04:29.460] [bmv2] [D] [thread 94329] [66.0] [cxt 0] Table 'tbl_switch150': miss
[09:04:29.460] [bmv2] [D] [thread 94329] [66.0] [cxt 0] Action entry is switch150 - 
[09:04:29.460] [bmv2] [T] [thread 94329] [66.0] [cxt 0] Action switch150
[09:04:29.460] [bmv2] [T] [thread 94329] [66.0] [cxt 0] switch.p4(150) Primitive pit_table.write(hdr.icn.content_id, standard_metadata.ingress_port)
[09:04:29.460] [bmv2] [T] [thread 94329] [66.0] [cxt 0] Wrote register 'MyIngress.pit_table' at index 1 with value 1
[09:04:29.460] [bmv2] [T] [thread 94329] [66.0] [cxt 0] switch.p4(151) Condition "hdr.icn.flag == 1" (node_6) is false
[09:04:29.460] [bmv2] [T] [thread 94329] [66.0] [cxt 0] Applying table 'tbl_return_content_0'
[09:04:29.460] [bmv2] [D] [thread 94329] [66.0] [cxt 0] Looking up key:

[09:04:29.460] [bmv2] [D] [thread 94329] [66.0] [cxt 0] Table 'tbl_return_content_0': miss
[09:04:29.460] [bmv2] [D] [thread 94329] [66.0] [cxt 0] Action entry is MyIngress.return_content - 
[09:04:29.460] [bmv2] [T] [thread 94329] [66.0] [cxt 0] Action MyIngress.return_content
[09:04:29.460] [bmv2] [T] [thread 94329] [66.0] [cxt 0] switch.p4(112) Primitive content_cache.read(cached_data, hdr.icn.content_id)
[09:04:29.460] [bmv2] [T] [thread 94329] [66.0] [cxt 0] Read register 'MyIngress.content_cache' at index 1 read value 17334248032272856919049904129148938617700988014304292665051363529817104491524797347555222073430792320059939653561838142512049133114388715375014781493453850835185074611781570404847019710571613655373669594595135033889630776998479070814982991093682257016220976393663747692290960138236990461169158975424217495205235714645535325005531839232559780229597835373266260635303518876566160865710124377185704679970288330545603901891183133829188678302433295812412601508611578502040926066791030664212907508769521753768992941363800118204875972853288437881499254902667790476020116895095900119866747339270646056253520273313150781095936
[09:04:29.460] [bmv2] [T] [thread 94329] [66.0] [cxt 0] switch.p4(113) Primitive hdr.payload.setValid()
[09:04:29.460] [bmv2] [T] [thread 94329] [66.0] [cxt 0] switch.p4(114) Primitive hdr.payload.data = cached_data
[09:04:29.460] [bmv2] [T] [thread 94329] [66.0] [cxt 0] switch.p4(115) Primitive hdr.payload.content_id = hdr.icn.content_id
[09:04:29.460] [bmv2] [T] [thread 94329] [66.0] [cxt 0] switch.p4(116) Primitive hdr.payload.ttl = 8
[09:04:29.460] [bmv2] [T] [thread 94329] [66.0] [cxt 0] switch.p4(117) Primitive hdr.payload.flag = 1
[09:04:29.460] [bmv2] [T] [thread 94329] [66.0] [cxt 0] switch.p4(118) Primitive hdr.ethernet.etherType = 0x88B6
[09:04:29.460] [bmv2] [T] [thread 94329] [66.0] [cxt 0] switch.p4(119) Primitive hdr.icn.setInvalid()
[09:04:29.460] [bmv2] [T] [thread 94329] [66.0] [cxt 0] Applying table 'tbl_switch155'
[09:04:29.460] [bmv2] [D] [thread 94329] [66.0] [cxt 0] Looking up key:

[09:04:29.460] [bmv2] [D] [thread 94329] [66.0] [cxt 0] Table 'tbl_switch155': miss
[09:04:29.460] [bmv2] [D] [thread 94329] [66.0] [cxt 0] Action entry is switch155 - 
[09:04:29.460] [bmv2] [T] [thread 94329] [66.0] [cxt 0] Action switch155
[09:04:29.460] [bmv2] [T] [thread 94329] [66.0] [cxt 0] switch.p4(155) Primitive content_cache.write(hdr.payload.content_id, 0)
[09:04:29.460] [bmv2] [T] [thread 94329] [66.0] [cxt 0] Wrote register 'MyIngress.content_cache' at index 1 with value 0
[09:04:29.460] [bmv2] [T] [thread 94329] [66.0] [cxt 0] Applying table 'tbl_data_forward'
[09:04:29.460] [bmv2] [D] [thread 94329] [66.0] [cxt 0] Looking up key:

[09:04:29.464] [bmv2] [D] [thread 94329] [66.0] [cxt 0] Table 'tbl_data_forward': miss
[09:04:29.464] [bmv2] [D] [thread 94329] [66.0] [cxt 0] Action entry is MyIngress.data_forward - 
[09:04:29.464] [bmv2] [T] [thread 94329] [66.0] [cxt 0] Action MyIngress.data_forward
[09:04:29.464] [bmv2] [T] [thread 94329] [66.0] [cxt 0] switch.p4(97) Primitive pit_table.read(egress_port, hdr.payload.content_id)
[09:04:29.464] [bmv2] [T] [thread 94329] [66.0] [cxt 0] Read register 'MyIngress.pit_table' at index 1 read value 1
[09:04:29.464] [bmv2] [T] [thread 94329] [66.0] [cxt 0] switch.p4(98) Primitive standard_metadata.egress_spec = egress_port
[09:04:29.464] [bmv2] [T] [thread 94329] [66.0] [cxt 0] switch.p4(99) Primitive pit_table.write(hdr.payload.content_id, 0)
[09:04:29.464] [bmv2] [T] [thread 94329] [66.0] [cxt 0] Wrote register 'MyIngress.pit_table' at index 1 with value 0
[09:04:29.464] [bmv2] [T] [thread 94329] [66.0] [cxt 0] switch.p4(100) Primitive hdr.ethernet.srcAddr = 0xFFFFFFFFFFFF
[09:04:29.464] [bmv2] [T] [thread 94329] [66.0] [cxt 0] switch.p4(101) Primitive hdr.ethernet.dstAddr = 0xFFFFFFFFFFFF
[09:04:29.464] [bmv2] [T] [thread 94329] [66.0] [cxt 0] switch.p4(102) Primitive hdr.payload.ttl = hdr.payload.ttl - 1
[09:04:29.464] [bmv2] [D] [thread 94329] [66.0] [cxt 0] Pipeline 'ingress': end
[09:04:29.464] [bmv2] [D] [thread 94329] [66.0] [cxt 0] Egress port is 1
[09:04:29.464] [bmv2] [D] [thread 94331] [66.0] [cxt 0] Pipeline 'egress': start
[09:04:29.464] [bmv2] [D] [thread 94331] [66.0] [cxt 0] Pipeline 'egress': end
[09:04:29.464] [bmv2] [D] [thread 94331] [66.0] [cxt 0] Deparser 'deparser': start
[09:04:29.464] [bmv2] [D] [thread 94331] [66.0] [cxt 0] Deparsing header 'ethernet'
[09:04:29.464] [bmv2] [D] [thread 94331] [66.0] [cxt 0] Deparsing header 'payload'
[09:04:29.464] [bmv2] [D] [thread 94331] [66.0] [cxt 0] Deparser 'deparser': end
[09:04:29.464] [bmv2] [D] [thread 94334] [66.0] [cxt 0] Transmitting packet of size 276 out of port 1
[09:04:34.040] [bmv2] [D] [thread 94329] [67.0] [cxt 0] Processing packet received on port 1
[09:04:34.041] [bmv2] [D] [thread 94329] [67.0] [cxt 0] Parser 'parser': start
[09:04:34.041] [bmv2] [D] [thread 94329] [67.0] [cxt 0] Parser 'parser' entering state 'start'
[09:04:34.041] [bmv2] [D] [thread 94329] [67.0] [cxt 0] Extracting header 'ethernet'
[09:04:34.041] [bmv2] [D] [thread 94329] [67.0] [cxt 0] Parser state 'start': key is 86dd
[09:04:34.041] [bmv2] [T] [thread 94329] [67.0] [cxt 0] Bytes parsed: 14
[09:04:34.041] [bmv2] [D] [thread 94329] [67.0] [cxt 0] Parser 'parser': end
[09:04:34.041] [bmv2] [D] [thread 94329] [67.0] [cxt 0] Pipeline 'ingress': start
[09:04:34.041] [bmv2] [T] [thread 94329] [67.0] [cxt 0] switch.p4(147) Condition "hdr.icn.isValid()" (node_2) is false
[09:04:34.041] [bmv2] [T] [thread 94329] [67.0] [cxt 0] switch.p4(164) Condition "hdr.payload.flag == 1" (node_13) is true
[09:04:34.041] [bmv2] [T] [thread 94329] [67.0] [cxt 0] Applying table 'tbl_cache_content'
[09:04:34.041] [bmv2] [D] [thread 94329] [67.0] [cxt 0] Looking up key:

[09:04:34.041] [bmv2] [D] [thread 94329] [67.0] [cxt 0] Table 'tbl_cache_content': miss
[09:04:34.041] [bmv2] [D] [thread 94329] [67.0] [cxt 0] Action entry is MyIngress.cache_content - 
[09:04:34.041] [bmv2] [T] [thread 94329] [67.0] [cxt 0] Action MyIngress.cache_content
[09:04:34.041] [bmv2] [T] [thread 94329] [67.0] [cxt 0] switch.p4(106) Primitive content_cache.write(hdr.payload.content_id, hdr.payload.data)
[09:04:34.041] [bmv2] [T] [thread 94329] [67.0] [cxt 0] Wrote register 'MyIngress.content_cache' at index 1 with value 17334248032272856919049904129148938617700988014304292665051363529817104491524797347555222073430792320059939653561838142512049133114388715375014781493453850835185074611781570404847019710571613655373669594595135033889630776998479070814982991093682257016220976393663747692290960138236990461169158975424217495205235714645535325005531839232559780229597835373266260635303518876566160865710124377185704679970288330545603901891183133829188678302433295812412601508611578502040926066791030664212907508769521753768992941363800118204875972853288437881499254902667790476020116895095900119866747339270646056253520273313150781095936
[09:04:34.041] [bmv2] [T] [thread 94329] [67.0] [cxt 0] switch.p4(107) Primitive hdr.payload.flag = 0
[09:04:34.041] [bmv2] [T] [thread 94329] [67.0] [cxt 0] Applying table 'tbl_data_forward_0'
[09:04:34.041] [bmv2] [D] [thread 94329] [67.0] [cxt 0] Looking up key:

[09:04:34.041] [bmv2] [D] [thread 94329] [67.0] [cxt 0] Table 'tbl_data_forward_0': miss
[09:04:34.041] [bmv2] [D] [thread 94329] [67.0] [cxt 0] Action entry is MyIngress.data_forward - 
[09:04:34.041] [bmv2] [T] [thread 94329] [67.0] [cxt 0] Action MyIngress.data_forward
[09:04:34.041] [bmv2] [T] [thread 94329] [67.0] [cxt 0] switch.p4(97) Primitive pit_table.read(egress_port, hdr.payload.content_id)
[09:04:34.041] [bmv2] [T] [thread 94329] [67.0] [cxt 0] Read register 'MyIngress.pit_table' at index 1 read value 0
[09:04:34.041] [bmv2] [T] [thread 94329] [67.0] [cxt 0] switch.p4(98) Primitive standard_metadata.egress_spec = egress_port
[09:04:34.041] [bmv2] [T] [thread 94329] [67.0] [cxt 0] switch.p4(99) Primitive pit_table.write(hdr.payload.content_id, 0)
[09:04:34.041] [bmv2] [T] [thread 94329] [67.0] [cxt 0] Wrote register 'MyIngress.pit_table' at index 1 with value 0
[09:04:34.041] [bmv2] [T] [thread 94329] [67.0] [cxt 0] switch.p4(100) Primitive hdr.ethernet.srcAddr = 0xFFFFFFFFFFFF
[09:04:34.041] [bmv2] [T] [thread 94329] [67.0] [cxt 0] switch.p4(101) Primitive hdr.ethernet.dstAddr = 0xFFFFFFFFFFFF
[09:04:34.041] [bmv2] [T] [thread 94329] [67.0] [cxt 0] switch.p4(102) Primitive hdr.payload.ttl = hdr.payload.ttl - 1
[09:04:34.041] [bmv2] [D] [thread 94329] [67.0] [cxt 0] Pipeline 'ingress': end
[09:04:34.041] [bmv2] [D] [thread 94329] [67.0] [cxt 0] Egress port is 0
[09:04:34.041] [bmv2] [D] [thread 94330] [67.0] [cxt 0] Pipeline 'egress': start
[09:04:34.041] [bmv2] [D] [thread 94330] [67.0] [cxt 0] Pipeline 'egress': end
[09:04:34.041] [bmv2] [D] [thread 94330] [67.0] [cxt 0] Deparser 'deparser': start
[09:04:34.041] [bmv2] [D] [thread 94330] [67.0] [cxt 0] Deparsing header 'ethernet'
[09:04:34.041] [bmv2] [D] [thread 94330] [67.0] [cxt 0] Deparser 'deparser': end
[09:04:34.041] [bmv2] [D] [thread 94334] [67.0] [cxt 0] Transmitting packet of size 70 out of port 0
[09:04:34.553] [bmv2] [D] [thread 94329] [68.0] [cxt 0] Processing packet received on port 2
[09:04:34.553] [bmv2] [D] [thread 94329] [68.0] [cxt 0] Parser 'parser': start
[09:04:34.553] [bmv2] [D] [thread 94329] [68.0] [cxt 0] Parser 'parser' entering state 'start'
[09:04:34.553] [bmv2] [D] [thread 94329] [68.0] [cxt 0] Extracting header 'ethernet'
[09:04:34.553] [bmv2] [D] [thread 94329] [68.0] [cxt 0] Parser state 'start': key is 86dd
[09:04:34.553] [bmv2] [T] [thread 94329] [68.0] [cxt 0] Bytes parsed: 14
[09:04:34.553] [bmv2] [D] [thread 94329] [68.0] [cxt 0] Parser 'parser': end
[09:04:34.553] [bmv2] [D] [thread 94329] [68.0] [cxt 0] Pipeline 'ingress': start
[09:04:34.553] [bmv2] [T] [thread 94329] [68.0] [cxt 0] switch.p4(147) Condition "hdr.icn.isValid()" (node_2) is false
[09:04:34.553] [bmv2] [T] [thread 94329] [68.0] [cxt 0] switch.p4(164) Condition "hdr.payload.flag == 1" (node_13) is false
[09:04:34.553] [bmv2] [T] [thread 94329] [68.0] [cxt 0] Applying table 'tbl_data_forward_0'
[09:04:34.553] [bmv2] [D] [thread 94329] [68.0] [cxt 0] Looking up key:

[09:04:34.553] [bmv2] [D] [thread 94329] [68.0] [cxt 0] Table 'tbl_data_forward_0': miss
[09:04:34.553] [bmv2] [D] [thread 94329] [68.0] [cxt 0] Action entry is MyIngress.data_forward - 
[09:04:34.553] [bmv2] [T] [thread 94329] [68.0] [cxt 0] Action MyIngress.data_forward
[09:04:34.553] [bmv2] [T] [thread 94329] [68.0] [cxt 0] switch.p4(97) Primitive pit_table.read(egress_port, hdr.payload.content_id)
[09:04:34.553] [bmv2] [T] [thread 94329] [68.0] [cxt 0] Read register 'MyIngress.pit_table' at index 1 read value 0
[09:04:34.553] [bmv2] [T] [thread 94329] [68.0] [cxt 0] switch.p4(98) Primitive standard_metadata.egress_spec = egress_port
[09:04:34.553] [bmv2] [T] [thread 94329] [68.0] [cxt 0] switch.p4(99) Primitive pit_table.write(hdr.payload.content_id, 0)
[09:04:34.553] [bmv2] [T] [thread 94329] [68.0] [cxt 0] Wrote register 'MyIngress.pit_table' at index 1 with value 0
[09:04:34.553] [bmv2] [T] [thread 94329] [68.0] [cxt 0] switch.p4(100) Primitive hdr.ethernet.srcAddr = 0xFFFFFFFFFFFF
[09:04:34.553] [bmv2] [T] [thread 94329] [68.0] [cxt 0] switch.p4(101) Primitive hdr.ethernet.dstAddr = 0xFFFFFFFFFFFF
[09:04:34.553] [bmv2] [T] [thread 94329] [68.0] [cxt 0] switch.p4(102) Primitive hdr.payload.ttl = hdr.payload.ttl - 1
[09:04:34.553] [bmv2] [D] [thread 94329] [68.0] [cxt 0] Pipeline 'ingress': end
[09:04:34.553] [bmv2] [D] [thread 94329] [68.0] [cxt 0] Egress port is 0
[09:04:34.553] [bmv2] [D] [thread 94330] [68.0] [cxt 0] Pipeline 'egress': start
[09:04:34.553] [bmv2] [D] [thread 94330] [68.0] [cxt 0] Pipeline 'egress': end
[09:04:34.553] [bmv2] [D] [thread 94330] [68.0] [cxt 0] Deparser 'deparser': start
[09:04:34.553] [bmv2] [D] [thread 94330] [68.0] [cxt 0] Deparsing header 'ethernet'
[09:04:34.553] [bmv2] [D] [thread 94330] [68.0] [cxt 0] Deparser 'deparser': end
[09:04:34.553] [bmv2] [D] [thread 94334] [68.0] [cxt 0] Transmitting packet of size 70 out of port 0
[09:04:35.071] [bmv2] [D] [thread 94329] [69.0] [cxt 0] Processing packet received on port 2
[09:04:35.071] [bmv2] [D] [thread 94329] [69.0] [cxt 0] Parser 'parser': start
[09:04:35.071] [bmv2] [D] [thread 94329] [69.0] [cxt 0] Parser 'parser' entering state 'start'
[09:04:35.071] [bmv2] [D] [thread 94329] [69.0] [cxt 0] Extracting header 'ethernet'
[09:04:35.071] [bmv2] [D] [thread 94329] [69.0] [cxt 0] Parser state 'start': key is 86dd
[09:04:35.071] [bmv2] [T] [thread 94329] [69.0] [cxt 0] Bytes parsed: 14
[09:04:35.071] [bmv2] [D] [thread 94329] [69.0] [cxt 0] Parser 'parser': end
[09:04:35.071] [bmv2] [D] [thread 94329] [69.0] [cxt 0] Pipeline 'ingress': start
[09:04:35.071] [bmv2] [T] [thread 94329] [69.0] [cxt 0] switch.p4(147) Condition "hdr.icn.isValid()" (node_2) is false
[09:04:35.071] [bmv2] [T] [thread 94329] [69.0] [cxt 0] switch.p4(164) Condition "hdr.payload.flag == 1" (node_13) is false
[09:04:35.071] [bmv2] [T] [thread 94329] [69.0] [cxt 0] Applying table 'tbl_data_forward_0'
[09:04:35.071] [bmv2] [D] [thread 94329] [69.0] [cxt 0] Looking up key:

[09:04:35.071] [bmv2] [D] [thread 94329] [69.0] [cxt 0] Table 'tbl_data_forward_0': miss
[09:04:35.071] [bmv2] [D] [thread 94329] [69.0] [cxt 0] Action entry is MyIngress.data_forward - 
[09:04:35.071] [bmv2] [T] [thread 94329] [69.0] [cxt 0] Action MyIngress.data_forward
[09:04:35.071] [bmv2] [T] [thread 94329] [69.0] [cxt 0] switch.p4(97) Primitive pit_table.read(egress_port, hdr.payload.content_id)
[09:04:35.071] [bmv2] [T] [thread 94329] [69.0] [cxt 0] Read register 'MyIngress.pit_table' at index 1 read value 0
[09:04:35.071] [bmv2] [T] [thread 94329] [69.0] [cxt 0] switch.p4(98) Primitive standard_metadata.egress_spec = egress_port
[09:04:35.071] [bmv2] [T] [thread 94329] [69.0] [cxt 0] switch.p4(99) Primitive pit_table.write(hdr.payload.content_id, 0)
[09:04:35.071] [bmv2] [T] [thread 94329] [69.0] [cxt 0] Wrote register 'MyIngress.pit_table' at index 1 with value 0
[09:04:35.071] [bmv2] [T] [thread 94329] [69.0] [cxt 0] switch.p4(100) Primitive hdr.ethernet.srcAddr = 0xFFFFFFFFFFFF
[09:04:35.071] [bmv2] [T] [thread 94329] [69.0] [cxt 0] switch.p4(101) Primitive hdr.ethernet.dstAddr = 0xFFFFFFFFFFFF
[09:04:35.071] [bmv2] [T] [thread 94329] [69.0] [cxt 0] switch.p4(102) Primitive hdr.payload.ttl = hdr.payload.ttl - 1
[09:04:35.071] [bmv2] [D] [thread 94329] [69.0] [cxt 0] Pipeline 'ingress': end
[09:04:35.071] [bmv2] [D] [thread 94329] [69.0] [cxt 0] Egress port is 0
[09:04:35.071] [bmv2] [D] [thread 94330] [69.0] [cxt 0] Pipeline 'egress': start
[09:04:35.071] [bmv2] [D] [thread 94330] [69.0] [cxt 0] Pipeline 'egress': end
[09:04:35.072] [bmv2] [D] [thread 94330] [69.0] [cxt 0] Deparser 'deparser': start
[09:04:35.072] [bmv2] [D] [thread 94330] [69.0] [cxt 0] Deparsing header 'ethernet'
[09:04:35.072] [bmv2] [D] [thread 94330] [69.0] [cxt 0] Deparser 'deparser': end
[09:04:35.072] [bmv2] [D] [thread 94334] [69.0] [cxt 0] Transmitting packet of size 70 out of port 0
[09:04:35.578] [bmv2] [D] [thread 94329] [70.0] [cxt 0] Processing packet received on port 1
[09:04:35.578] [bmv2] [D] [thread 94329] [70.0] [cxt 0] Parser 'parser': start
[09:04:35.578] [bmv2] [D] [thread 94329] [70.0] [cxt 0] Parser 'parser' entering state 'start'
[09:04:35.578] [bmv2] [D] [thread 94329] [70.0] [cxt 0] Extracting header 'ethernet'
[09:04:35.578] [bmv2] [D] [thread 94329] [70.0] [cxt 0] Parser state 'start': key is 86dd
[09:04:35.578] [bmv2] [T] [thread 94329] [70.0] [cxt 0] Bytes parsed: 14
[09:04:35.578] [bmv2] [D] [thread 94329] [70.0] [cxt 0] Parser 'parser': end
[09:04:35.578] [bmv2] [D] [thread 94329] [70.0] [cxt 0] Pipeline 'ingress': start
[09:04:35.578] [bmv2] [T] [thread 94329] [70.0] [cxt 0] switch.p4(147) Condition "hdr.icn.isValid()" (node_2) is false
[09:04:35.578] [bmv2] [T] [thread 94329] [70.0] [cxt 0] switch.p4(164) Condition "hdr.payload.flag == 1" (node_13) is false
[09:04:35.578] [bmv2] [T] [thread 94329] [70.0] [cxt 0] Applying table 'tbl_data_forward_0'
[09:04:35.578] [bmv2] [D] [thread 94329] [70.0] [cxt 0] Looking up key:

[09:04:35.578] [bmv2] [D] [thread 94329] [70.0] [cxt 0] Table 'tbl_data_forward_0': miss
[09:04:35.578] [bmv2] [D] [thread 94329] [70.0] [cxt 0] Action entry is MyIngress.data_forward - 
[09:04:35.578] [bmv2] [T] [thread 94329] [70.0] [cxt 0] Action MyIngress.data_forward
[09:04:35.578] [bmv2] [T] [thread 94329] [70.0] [cxt 0] switch.p4(97) Primitive pit_table.read(egress_port, hdr.payload.content_id)
[09:04:35.578] [bmv2] [T] [thread 94329] [70.0] [cxt 0] Read register 'MyIngress.pit_table' at index 1 read value 0
[09:04:35.578] [bmv2] [T] [thread 94329] [70.0] [cxt 0] switch.p4(98) Primitive standard_metadata.egress_spec = egress_port
[09:04:35.578] [bmv2] [T] [thread 94329] [70.0] [cxt 0] switch.p4(99) Primitive pit_table.write(hdr.payload.content_id, 0)
[09:04:35.578] [bmv2] [T] [thread 94329] [70.0] [cxt 0] Wrote register 'MyIngress.pit_table' at index 1 with value 0
[09:04:35.578] [bmv2] [T] [thread 94329] [70.0] [cxt 0] switch.p4(100) Primitive hdr.ethernet.srcAddr = 0xFFFFFFFFFFFF
[09:04:35.578] [bmv2] [T] [thread 94329] [70.0] [cxt 0] switch.p4(101) Primitive hdr.ethernet.dstAddr = 0xFFFFFFFFFFFF
[09:04:35.578] [bmv2] [T] [thread 94329] [70.0] [cxt 0] switch.p4(102) Primitive hdr.payload.ttl = hdr.payload.ttl - 1
[09:04:35.578] [bmv2] [D] [thread 94329] [70.0] [cxt 0] Pipeline 'ingress': end
[09:04:35.578] [bmv2] [D] [thread 94329] [70.0] [cxt 0] Egress port is 0
[09:04:35.578] [bmv2] [D] [thread 94330] [70.0] [cxt 0] Pipeline 'egress': start
[09:04:35.578] [bmv2] [D] [thread 94330] [70.0] [cxt 0] Pipeline 'egress': end
[09:04:35.578] [bmv2] [D] [thread 94330] [70.0] [cxt 0] Deparser 'deparser': start
[09:04:35.578] [bmv2] [D] [thread 94330] [70.0] [cxt 0] Deparsing header 'ethernet'
[09:04:35.578] [bmv2] [D] [thread 94330] [70.0] [cxt 0] Deparser 'deparser': end
[09:04:35.578] [bmv2] [D] [thread 94334] [70.0] [cxt 0] Transmitting packet of size 70 out of port 0
[09:04:36.769] [bmv2] [D] [thread 94329] [71.0] [cxt 0] Processing packet received on port 1
[09:04:36.769] [bmv2] [D] [thread 94329] [71.0] [cxt 0] Parser 'parser': start
[09:04:36.769] [bmv2] [D] [thread 94329] [71.0] [cxt 0] Parser 'parser' entering state 'start'
[09:04:36.769] [bmv2] [D] [thread 94329] [71.0] [cxt 0] Extracting header 'ethernet'
[09:04:36.769] [bmv2] [D] [thread 94329] [71.0] [cxt 0] Parser state 'start': key is 86dd
[09:04:36.769] [bmv2] [T] [thread 94329] [71.0] [cxt 0] Bytes parsed: 14
[09:04:36.769] [bmv2] [D] [thread 94329] [71.0] [cxt 0] Parser 'parser': end
[09:04:36.769] [bmv2] [D] [thread 94329] [71.0] [cxt 0] Pipeline 'ingress': start
[09:04:36.769] [bmv2] [T] [thread 94329] [71.0] [cxt 0] switch.p4(147) Condition "hdr.icn.isValid()" (node_2) is false
[09:04:36.769] [bmv2] [T] [thread 94329] [71.0] [cxt 0] switch.p4(164) Condition "hdr.payload.flag == 1" (node_13) is false
[09:04:36.769] [bmv2] [T] [thread 94329] [71.0] [cxt 0] Applying table 'tbl_data_forward_0'
[09:04:36.769] [bmv2] [D] [thread 94329] [71.0] [cxt 0] Looking up key:

[09:04:36.769] [bmv2] [D] [thread 94329] [71.0] [cxt 0] Table 'tbl_data_forward_0': miss
[09:04:36.769] [bmv2] [D] [thread 94329] [71.0] [cxt 0] Action entry is MyIngress.data_forward - 
[09:04:36.769] [bmv2] [T] [thread 94329] [71.0] [cxt 0] Action MyIngress.data_forward
[09:04:36.769] [bmv2] [T] [thread 94329] [71.0] [cxt 0] switch.p4(97) Primitive pit_table.read(egress_port, hdr.payload.content_id)
[09:04:36.769] [bmv2] [T] [thread 94329] [71.0] [cxt 0] Read register 'MyIngress.pit_table' at index 1 read value 0
[09:04:36.769] [bmv2] [T] [thread 94329] [71.0] [cxt 0] switch.p4(98) Primitive standard_metadata.egress_spec = egress_port
[09:04:36.769] [bmv2] [T] [thread 94329] [71.0] [cxt 0] switch.p4(99) Primitive pit_table.write(hdr.payload.content_id, 0)
[09:04:36.769] [bmv2] [T] [thread 94329] [71.0] [cxt 0] Wrote register 'MyIngress.pit_table' at index 1 with value 0
[09:04:36.769] [bmv2] [T] [thread 94329] [71.0] [cxt 0] switch.p4(100) Primitive hdr.ethernet.srcAddr = 0xFFFFFFFFFFFF
[09:04:36.769] [bmv2] [T] [thread 94329] [71.0] [cxt 0] switch.p4(101) Primitive hdr.ethernet.dstAddr = 0xFFFFFFFFFFFF
[09:04:36.769] [bmv2] [T] [thread 94329] [71.0] [cxt 0] switch.p4(102) Primitive hdr.payload.ttl = hdr.payload.ttl - 1
[09:04:36.769] [bmv2] [D] [thread 94329] [71.0] [cxt 0] Pipeline 'ingress': end
[09:04:36.769] [bmv2] [D] [thread 94329] [71.0] [cxt 0] Egress port is 0
[09:04:36.770] [bmv2] [D] [thread 94330] [71.0] [cxt 0] Pipeline 'egress': start
[09:04:36.770] [bmv2] [D] [thread 94330] [71.0] [cxt 0] Pipeline 'egress': end
[09:04:36.770] [bmv2] [D] [thread 94330] [71.0] [cxt 0] Deparser 'deparser': start
[09:04:36.770] [bmv2] [D] [thread 94330] [71.0] [cxt 0] Deparsing header 'ethernet'
[09:04:36.770] [bmv2] [D] [thread 94330] [71.0] [cxt 0] Deparser 'deparser': end
[09:04:36.770] [bmv2] [D] [thread 94334] [71.0] [cxt 0] Transmitting packet of size 203 out of port 0
[09:04:37.141] [bmv2] [D] [thread 94329] [72.0] [cxt 0] Processing packet received on port 2
[09:04:37.141] [bmv2] [D] [thread 94329] [72.0] [cxt 0] Parser 'parser': start
[09:04:37.141] [bmv2] [D] [thread 94329] [72.0] [cxt 0] Parser 'parser' entering state 'start'
[09:04:37.141] [bmv2] [D] [thread 94329] [72.0] [cxt 0] Extracting header 'ethernet'
[09:04:37.141] [bmv2] [D] [thread 94329] [72.0] [cxt 0] Parser state 'start': key is 86dd
[09:04:37.141] [bmv2] [T] [thread 94329] [72.0] [cxt 0] Bytes parsed: 14
[09:04:37.141] [bmv2] [D] [thread 94329] [72.0] [cxt 0] Parser 'parser': end
[09:04:37.141] [bmv2] [D] [thread 94329] [72.0] [cxt 0] Pipeline 'ingress': start
[09:04:37.141] [bmv2] [T] [thread 94329] [72.0] [cxt 0] switch.p4(147) Condition "hdr.icn.isValid()" (node_2) is false
[09:04:37.141] [bmv2] [T] [thread 94329] [72.0] [cxt 0] switch.p4(164) Condition "hdr.payload.flag == 1" (node_13) is false
[09:04:37.141] [bmv2] [T] [thread 94329] [72.0] [cxt 0] Applying table 'tbl_data_forward_0'
[09:04:37.141] [bmv2] [D] [thread 94329] [72.0] [cxt 0] Looking up key:

[09:04:37.141] [bmv2] [D] [thread 94329] [72.0] [cxt 0] Table 'tbl_data_forward_0': miss
[09:04:37.141] [bmv2] [D] [thread 94329] [72.0] [cxt 0] Action entry is MyIngress.data_forward - 
[09:04:37.141] [bmv2] [T] [thread 94329] [72.0] [cxt 0] Action MyIngress.data_forward
[09:04:37.141] [bmv2] [T] [thread 94329] [72.0] [cxt 0] switch.p4(97) Primitive pit_table.read(egress_port, hdr.payload.content_id)
[09:04:37.141] [bmv2] [T] [thread 94329] [72.0] [cxt 0] Read register 'MyIngress.pit_table' at index 1 read value 0
[09:04:37.141] [bmv2] [T] [thread 94329] [72.0] [cxt 0] switch.p4(98) Primitive standard_metadata.egress_spec = egress_port
[09:04:37.141] [bmv2] [T] [thread 94329] [72.0] [cxt 0] switch.p4(99) Primitive pit_table.write(hdr.payload.content_id, 0)
[09:04:37.141] [bmv2] [T] [thread 94329] [72.0] [cxt 0] Wrote register 'MyIngress.pit_table' at index 1 with value 0
[09:04:37.141] [bmv2] [T] [thread 94329] [72.0] [cxt 0] switch.p4(100) Primitive hdr.ethernet.srcAddr = 0xFFFFFFFFFFFF
[09:04:37.141] [bmv2] [T] [thread 94329] [72.0] [cxt 0] switch.p4(101) Primitive hdr.ethernet.dstAddr = 0xFFFFFFFFFFFF
[09:04:37.141] [bmv2] [T] [thread 94329] [72.0] [cxt 0] switch.p4(102) Primitive hdr.payload.ttl = hdr.payload.ttl - 1
[09:04:37.141] [bmv2] [D] [thread 94329] [72.0] [cxt 0] Pipeline 'ingress': end
[09:04:37.141] [bmv2] [D] [thread 94329] [72.0] [cxt 0] Egress port is 0
[09:04:37.141] [bmv2] [D] [thread 94330] [72.0] [cxt 0] Pipeline 'egress': start
[09:04:37.141] [bmv2] [D] [thread 94330] [72.0] [cxt 0] Pipeline 'egress': end
[09:04:37.141] [bmv2] [D] [thread 94330] [72.0] [cxt 0] Deparser 'deparser': start
[09:04:37.141] [bmv2] [D] [thread 94330] [72.0] [cxt 0] Deparsing header 'ethernet'
[09:04:37.141] [bmv2] [D] [thread 94330] [72.0] [cxt 0] Deparser 'deparser': end
[09:04:37.141] [bmv2] [D] [thread 94334] [72.0] [cxt 0] Transmitting packet of size 203 out of port 0
[09:04:37.258] [bmv2] [D] [thread 94329] [73.0] [cxt 0] Processing packet received on port 1
[09:04:37.258] [bmv2] [D] [thread 94329] [73.0] [cxt 0] Parser 'parser': start
[09:04:37.258] [bmv2] [D] [thread 94329] [73.0] [cxt 0] Parser 'parser' entering state 'start'
[09:04:37.258] [bmv2] [D] [thread 94329] [73.0] [cxt 0] Extracting header 'ethernet'
[09:04:37.258] [bmv2] [D] [thread 94329] [73.0] [cxt 0] Parser state 'start': key is 86dd
[09:04:37.258] [bmv2] [T] [thread 94329] [73.0] [cxt 0] Bytes parsed: 14
[09:04:37.258] [bmv2] [D] [thread 94329] [73.0] [cxt 0] Parser 'parser': end
[09:04:37.258] [bmv2] [D] [thread 94329] [73.0] [cxt 0] Pipeline 'ingress': start
[09:04:37.258] [bmv2] [T] [thread 94329] [73.0] [cxt 0] switch.p4(147) Condition "hdr.icn.isValid()" (node_2) is false
[09:04:37.258] [bmv2] [T] [thread 94329] [73.0] [cxt 0] switch.p4(164) Condition "hdr.payload.flag == 1" (node_13) is false
[09:04:37.258] [bmv2] [T] [thread 94329] [73.0] [cxt 0] Applying table 'tbl_data_forward_0'
[09:04:37.258] [bmv2] [D] [thread 94329] [73.0] [cxt 0] Looking up key:

[09:04:37.258] [bmv2] [D] [thread 94329] [73.0] [cxt 0] Table 'tbl_data_forward_0': miss
[09:04:37.258] [bmv2] [D] [thread 94329] [73.0] [cxt 0] Action entry is MyIngress.data_forward - 
[09:04:37.258] [bmv2] [T] [thread 94329] [73.0] [cxt 0] Action MyIngress.data_forward
[09:04:37.258] [bmv2] [T] [thread 94329] [73.0] [cxt 0] switch.p4(97) Primitive pit_table.read(egress_port, hdr.payload.content_id)
[09:04:37.258] [bmv2] [T] [thread 94329] [73.0] [cxt 0] Read register 'MyIngress.pit_table' at index 1 read value 0
[09:04:37.258] [bmv2] [T] [thread 94329] [73.0] [cxt 0] switch.p4(98) Primitive standard_metadata.egress_spec = egress_port
[09:04:37.258] [bmv2] [T] [thread 94329] [73.0] [cxt 0] switch.p4(99) Primitive pit_table.write(hdr.payload.content_id, 0)
[09:04:37.258] [bmv2] [T] [thread 94329] [73.0] [cxt 0] Wrote register 'MyIngress.pit_table' at index 1 with value 0
[09:04:37.258] [bmv2] [T] [thread 94329] [73.0] [cxt 0] switch.p4(100) Primitive hdr.ethernet.srcAddr = 0xFFFFFFFFFFFF
[09:04:37.258] [bmv2] [T] [thread 94329] [73.0] [cxt 0] switch.p4(101) Primitive hdr.ethernet.dstAddr = 0xFFFFFFFFFFFF
[09:04:37.258] [bmv2] [T] [thread 94329] [73.0] [cxt 0] switch.p4(102) Primitive hdr.payload.ttl = hdr.payload.ttl - 1
[09:04:37.258] [bmv2] [D] [thread 94329] [73.0] [cxt 0] Pipeline 'ingress': end
[09:04:37.258] [bmv2] [D] [thread 94329] [73.0] [cxt 0] Egress port is 0
[09:04:37.258] [bmv2] [D] [thread 94330] [73.0] [cxt 0] Pipeline 'egress': start
[09:04:37.258] [bmv2] [D] [thread 94330] [73.0] [cxt 0] Pipeline 'egress': end
[09:04:37.258] [bmv2] [D] [thread 94330] [73.0] [cxt 0] Deparser 'deparser': start
[09:04:37.258] [bmv2] [D] [thread 94330] [73.0] [cxt 0] Deparsing header 'ethernet'
[09:04:37.258] [bmv2] [D] [thread 94330] [73.0] [cxt 0] Deparser 'deparser': end
[09:04:37.258] [bmv2] [D] [thread 94334] [73.0] [cxt 0] Transmitting packet of size 203 out of port 0
open: No such file or directory
