Calling target program-options parser
[09:24:50.914] [bmv2] [D] [thread 112135] Set default default entry for table 'MyIngress.ipv4_lpm': MyIngress.drop - 
Adding interface s2-eth1 as port 1
[09:24:50.915] [bmv2] [D] [thread 112135] Adding interface s2-eth1 as port 1
Adding interface s2-eth2 as port 2
[09:24:50.932] [bmv2] [D] [thread 112135] Adding interface s2-eth2 as port 2
Server listening on 0.0.0.0:50337
[09:24:50.959] [bmv2] [I] [thread 112135] Starting Thrift server on port 9376
[09:24:50.962] [bmv2] [I] [thread 112135] Thrift server was started
[09:24:50.962] [bmv2] [D] [thread 112150] [0.0] [cxt 0] Processing packet received on port 1
[09:24:50.962] [bmv2] [D] [thread 112150] [0.0] [cxt 0] Parser 'parser': start
[09:24:50.962] [bmv2] [D] [thread 112150] [0.0] [cxt 0] Parser 'parser' entering state 'start'
[09:24:50.962] [bmv2] [D] [thread 112150] [0.0] [cxt 0] Extracting header 'ethernet'
[09:24:50.962] [bmv2] [D] [thread 112150] [0.0] [cxt 0] Parser state 'start': key is 86dd
[09:24:50.962] [bmv2] [T] [thread 112150] [0.0] [cxt 0] Bytes parsed: 14
[09:24:50.962] [bmv2] [D] [thread 112150] [0.0] [cxt 0] Parser 'parser': end
[09:24:50.962] [bmv2] [D] [thread 112150] [0.0] [cxt 0] Pipeline 'ingress': start
[09:24:50.962] [bmv2] [T] [thread 112150] [0.0] [cxt 0] switch.p4(116) Condition "hdr.ipv4.isValid()" (node_2) is false
[09:24:50.962] [bmv2] [D] [thread 112150] [0.0] [cxt 0] Pipeline 'ingress': end
[09:24:50.962] [bmv2] [D] [thread 112150] [0.0] [cxt 0] Egress port is 0
[09:24:50.962] [bmv2] [D] [thread 112151] [0.0] [cxt 0] Pipeline 'egress': start
[09:24:50.962] [bmv2] [D] [thread 112151] [0.0] [cxt 0] Pipeline 'egress': end
[09:24:50.962] [bmv2] [D] [thread 112151] [0.0] [cxt 0] Deparser 'deparser': start
[09:24:50.968] [bmv2] [T] [thread 112151] [0.0] [cxt 0] Skipping checksum 'cksum' update because condition not met
[09:24:50.968] [bmv2] [D] [thread 112151] [0.0] [cxt 0] Deparsing header 'ethernet'
[09:24:50.968] [bmv2] [D] [thread 112151] [0.0] [cxt 0] Deparser 'deparser': end
[09:24:50.968] [bmv2] [D] [thread 112155] [0.0] [cxt 0] Transmitting packet of size 86 out of port 0
[09:24:51.211] [bmv2] [D] [thread 112150] [1.0] [cxt 0] Processing packet received on port 2
[09:24:51.211] [bmv2] [D] [thread 112150] [1.0] [cxt 0] Parser 'parser': start
[09:24:51.211] [bmv2] [D] [thread 112150] [1.0] [cxt 0] Parser 'parser' entering state 'start'
[09:24:51.211] [bmv2] [D] [thread 112150] [1.0] [cxt 0] Extracting header 'ethernet'
[09:24:51.211] [bmv2] [D] [thread 112150] [1.0] [cxt 0] Parser state 'start': key is 86dd
[09:24:51.211] [bmv2] [T] [thread 112150] [1.0] [cxt 0] Bytes parsed: 14
[09:24:51.211] [bmv2] [D] [thread 112150] [1.0] [cxt 0] Parser 'parser': end
[09:24:51.211] [bmv2] [D] [thread 112150] [1.0] [cxt 0] Pipeline 'ingress': start
[09:24:51.211] [bmv2] [T] [thread 112150] [1.0] [cxt 0] switch.p4(116) Condition "hdr.ipv4.isValid()" (node_2) is false
[09:24:51.211] [bmv2] [D] [thread 112150] [1.0] [cxt 0] Pipeline 'ingress': end
[09:24:51.211] [bmv2] [D] [thread 112150] [1.0] [cxt 0] Egress port is 0
[09:24:51.211] [bmv2] [D] [thread 112151] [1.0] [cxt 0] Pipeline 'egress': start
[09:24:51.212] [bmv2] [D] [thread 112151] [1.0] [cxt 0] Pipeline 'egress': end
[09:24:51.212] [bmv2] [D] [thread 112151] [1.0] [cxt 0] Deparser 'deparser': start
[09:24:51.212] [bmv2] [T] [thread 112151] [1.0] [cxt 0] Skipping checksum 'cksum' update because condition not met
[09:24:51.212] [bmv2] [D] [thread 112151] [1.0] [cxt 0] Deparsing header 'ethernet'
[09:24:51.212] [bmv2] [D] [thread 112151] [1.0] [cxt 0] Deparser 'deparser': end
[09:24:51.213] [bmv2] [D] [thread 112155] [1.0] [cxt 0] Transmitting packet of size 86 out of port 0
[09:24:51.286] [bmv2] [D] [thread 112150] [2.0] [cxt 0] Processing packet received on port 2
[09:24:51.286] [bmv2] [D] [thread 112150] [2.0] [cxt 0] Parser 'parser': start
[09:24:51.286] [bmv2] [D] [thread 112150] [2.0] [cxt 0] Parser 'parser' entering state 'start'
[09:24:51.286] [bmv2] [D] [thread 112150] [2.0] [cxt 0] Extracting header 'ethernet'
[09:24:51.286] [bmv2] [D] [thread 112150] [2.0] [cxt 0] Parser state 'start': key is 86dd
[09:24:51.286] [bmv2] [T] [thread 112150] [2.0] [cxt 0] Bytes parsed: 14
[09:24:51.286] [bmv2] [D] [thread 112150] [2.0] [cxt 0] Parser 'parser': end
[09:24:51.286] [bmv2] [D] [thread 112150] [2.0] [cxt 0] Pipeline 'ingress': start
[09:24:51.286] [bmv2] [T] [thread 112150] [2.0] [cxt 0] switch.p4(116) Condition "hdr.ipv4.isValid()" (node_2) is false
[09:24:51.286] [bmv2] [D] [thread 112150] [2.0] [cxt 0] Pipeline 'ingress': end
[09:24:51.286] [bmv2] [D] [thread 112150] [2.0] [cxt 0] Egress port is 0
[09:24:51.286] [bmv2] [D] [thread 112151] [2.0] [cxt 0] Pipeline 'egress': start
[09:24:51.286] [bmv2] [D] [thread 112151] [2.0] [cxt 0] Pipeline 'egress': end
[09:24:51.286] [bmv2] [D] [thread 112151] [2.0] [cxt 0] Deparser 'deparser': start
[09:24:51.286] [bmv2] [T] [thread 112151] [2.0] [cxt 0] Skipping checksum 'cksum' update because condition not met
[09:24:51.286] [bmv2] [D] [thread 112151] [2.0] [cxt 0] Deparsing header 'ethernet'
[09:24:51.286] [bmv2] [D] [thread 112151] [2.0] [cxt 0] Deparser 'deparser': end
[09:24:51.286] [bmv2] [D] [thread 112155] [2.0] [cxt 0] Transmitting packet of size 86 out of port 0
[09:24:51.903] [bmv2] [D] [thread 112150] [3.0] [cxt 0] Processing packet received on port 1
[09:24:51.903] [bmv2] [D] [thread 112150] [3.0] [cxt 0] Parser 'parser': start
[09:24:51.903] [bmv2] [D] [thread 112150] [3.0] [cxt 0] Parser 'parser' entering state 'start'
[09:24:51.903] [bmv2] [D] [thread 112150] [3.0] [cxt 0] Extracting header 'ethernet'
[09:24:51.903] [bmv2] [D] [thread 112150] [3.0] [cxt 0] Parser state 'start': key is 86dd
[09:24:51.903] [bmv2] [T] [thread 112150] [3.0] [cxt 0] Bytes parsed: 14
[09:24:51.903] [bmv2] [D] [thread 112150] [3.0] [cxt 0] Parser 'parser': end
[09:24:51.903] [bmv2] [D] [thread 112150] [3.0] [cxt 0] Pipeline 'ingress': start
[09:24:51.903] [bmv2] [T] [thread 112150] [3.0] [cxt 0] switch.p4(116) Condition "hdr.ipv4.isValid()" (node_2) is false
[09:24:51.903] [bmv2] [D] [thread 112150] [3.0] [cxt 0] Pipeline 'ingress': end
[09:24:51.903] [bmv2] [D] [thread 112150] [3.0] [cxt 0] Egress port is 0
[09:24:51.903] [bmv2] [D] [thread 112150] [4.0] [cxt 0] Processing packet received on port 1
[09:24:51.903] [bmv2] [D] [thread 112150] [4.0] [cxt 0] Parser 'parser': start
[09:24:51.903] [bmv2] [D] [thread 112150] [4.0] [cxt 0] Parser 'parser' entering state 'start'
[09:24:51.903] [bmv2] [D] [thread 112150] [4.0] [cxt 0] Extracting header 'ethernet'
[09:24:51.903] [bmv2] [D] [thread 112150] [4.0] [cxt 0] Parser state 'start': key is 86dd
[09:24:51.903] [bmv2] [T] [thread 112150] [4.0] [cxt 0] Bytes parsed: 14
[09:24:51.903] [bmv2] [D] [thread 112150] [4.0] [cxt 0] Parser 'parser': end
[09:24:51.903] [bmv2] [D] [thread 112150] [4.0] [cxt 0] Pipeline 'ingress': start
[09:24:51.903] [bmv2] [T] [thread 112150] [4.0] [cxt 0] switch.p4(116) Condition "hdr.ipv4.isValid()" (node_2) is false
[09:24:51.903] [bmv2] [D] [thread 112150] [4.0] [cxt 0] Pipeline 'ingress': end
[09:24:51.903] [bmv2] [D] [thread 112150] [4.0] [cxt 0] Egress port is 0
[09:24:51.903] [bmv2] [D] [thread 112151] [3.0] [cxt 0] Pipeline 'egress': start
[09:24:51.903] [bmv2] [D] [thread 112151] [3.0] [cxt 0] Pipeline 'egress': end
[09:24:51.903] [bmv2] [D] [thread 112151] [3.0] [cxt 0] Deparser 'deparser': start
[09:24:51.903] [bmv2] [T] [thread 112151] [3.0] [cxt 0] Skipping checksum 'cksum' update because condition not met
[09:24:51.903] [bmv2] [D] [thread 112151] [3.0] [cxt 0] Deparsing header 'ethernet'
[09:24:51.903] [bmv2] [D] [thread 112151] [3.0] [cxt 0] Deparser 'deparser': end
[09:24:51.903] [bmv2] [D] [thread 112155] [3.0] [cxt 0] Transmitting packet of size 90 out of port 0
[09:24:51.903] [bmv2] [D] [thread 112150] [5.0] [cxt 0] Processing packet received on port 1
[09:24:51.903] [bmv2] [D] [thread 112150] [5.0] [cxt 0] Parser 'parser': start
[09:24:51.903] [bmv2] [D] [thread 112150] [5.0] [cxt 0] Parser 'parser' entering state 'start'
[09:24:51.903] [bmv2] [D] [thread 112150] [5.0] [cxt 0] Extracting header 'ethernet'
[09:24:51.903] [bmv2] [D] [thread 112150] [5.0] [cxt 0] Parser state 'start': key is 86dd
[09:24:51.903] [bmv2] [T] [thread 112150] [5.0] [cxt 0] Bytes parsed: 14
[09:24:51.903] [bmv2] [D] [thread 112150] [5.0] [cxt 0] Parser 'parser': end
[09:24:51.903] [bmv2] [D] [thread 112150] [5.0] [cxt 0] Pipeline 'ingress': start
[09:24:51.903] [bmv2] [T] [thread 112150] [5.0] [cxt 0] switch.p4(116) Condition "hdr.ipv4.isValid()" (node_2) is false
[09:24:51.903] [bmv2] [D] [thread 112150] [5.0] [cxt 0] Pipeline 'ingress': end
[09:24:51.903] [bmv2] [D] [thread 112150] [5.0] [cxt 0] Egress port is 0
[09:24:51.903] [bmv2] [D] [thread 112151] [4.0] [cxt 0] Pipeline 'egress': start
[09:24:51.903] [bmv2] [D] [thread 112151] [4.0] [cxt 0] Pipeline 'egress': end
[09:24:51.903] [bmv2] [D] [thread 112151] [4.0] [cxt 0] Deparser 'deparser': start
[09:24:51.903] [bmv2] [T] [thread 112151] [4.0] [cxt 0] Skipping checksum 'cksum' update because condition not met
[09:24:51.903] [bmv2] [D] [thread 112151] [4.0] [cxt 0] Deparsing header 'ethernet'
[09:24:51.903] [bmv2] [D] [thread 112151] [4.0] [cxt 0] Deparser 'deparser': end
[09:24:51.903] [bmv2] [D] [thread 112151] [5.0] [cxt 0] Pipeline 'egress': start
[09:24:51.903] [bmv2] [D] [thread 112151] [5.0] [cxt 0] Pipeline 'egress': end
[09:24:51.903] [bmv2] [D] [thread 112151] [5.0] [cxt 0] Deparser 'deparser': start
[09:24:51.903] [bmv2] [T] [thread 112151] [5.0] [cxt 0] Skipping checksum 'cksum' update because condition not met
[09:24:51.903] [bmv2] [D] [thread 112151] [5.0] [cxt 0] Deparsing header 'ethernet'
[09:24:51.903] [bmv2] [D] [thread 112151] [5.0] [cxt 0] Deparser 'deparser': end
[09:24:51.903] [bmv2] [D] [thread 112155] [4.0] [cxt 0] Transmitting packet of size 70 out of port 0
[09:24:51.903] [bmv2] [D] [thread 112155] [5.0] [cxt 0] Transmitting packet of size 90 out of port 0
[09:24:51.966] [bmv2] [D] [thread 112150] [6.0] [cxt 0] Processing packet received on port 1
[09:24:51.966] [bmv2] [D] [thread 112150] [6.0] [cxt 0] Parser 'parser': start
[09:24:51.966] [bmv2] [D] [thread 112150] [6.0] [cxt 0] Parser 'parser' entering state 'start'
[09:24:51.966] [bmv2] [D] [thread 112150] [6.0] [cxt 0] Extracting header 'ethernet'
[09:24:51.966] [bmv2] [D] [thread 112150] [6.0] [cxt 0] Parser state 'start': key is 86dd
[09:24:51.966] [bmv2] [T] [thread 112150] [6.0] [cxt 0] Bytes parsed: 14
[09:24:51.966] [bmv2] [D] [thread 112150] [6.0] [cxt 0] Parser 'parser': end
[09:24:51.966] [bmv2] [D] [thread 112150] [6.0] [cxt 0] Pipeline 'ingress': start
[09:24:51.966] [bmv2] [T] [thread 112150] [6.0] [cxt 0] switch.p4(116) Condition "hdr.ipv4.isValid()" (node_2) is false
[09:24:51.966] [bmv2] [D] [thread 112150] [6.0] [cxt 0] Pipeline 'ingress': end
[09:24:51.966] [bmv2] [D] [thread 112150] [6.0] [cxt 0] Egress port is 0
[09:24:51.966] [bmv2] [D] [thread 112150] [7.0] [cxt 0] Processing packet received on port 1
[09:24:51.966] [bmv2] [D] [thread 112150] [7.0] [cxt 0] Parser 'parser': start
[09:24:51.966] [bmv2] [D] [thread 112150] [7.0] [cxt 0] Parser 'parser' entering state 'start'
[09:24:51.966] [bmv2] [D] [thread 112150] [7.0] [cxt 0] Extracting header 'ethernet'
[09:24:51.966] [bmv2] [D] [thread 112150] [7.0] [cxt 0] Parser state 'start': key is 86dd
[09:24:51.966] [bmv2] [T] [thread 112150] [7.0] [cxt 0] Bytes parsed: 14
[09:24:51.966] [bmv2] [D] [thread 112150] [7.0] [cxt 0] Parser 'parser': end
[09:24:51.966] [bmv2] [D] [thread 112150] [7.0] [cxt 0] Pipeline 'ingress': start
[09:24:51.966] [bmv2] [T] [thread 112150] [7.0] [cxt 0] switch.p4(116) Condition "hdr.ipv4.isValid()" (node_2) is false
[09:24:51.966] [bmv2] [D] [thread 112150] [7.0] [cxt 0] Pipeline 'ingress': end
[09:24:51.966] [bmv2] [D] [thread 112150] [7.0] [cxt 0] Egress port is 0
[09:24:51.966] [bmv2] [D] [thread 112151] [6.0] [cxt 0] Pipeline 'egress': start
[09:24:51.966] [bmv2] [D] [thread 112151] [6.0] [cxt 0] Pipeline 'egress': end
[09:24:51.966] [bmv2] [D] [thread 112151] [6.0] [cxt 0] Deparser 'deparser': start
[09:24:51.966] [bmv2] [T] [thread 112151] [6.0] [cxt 0] Skipping checksum 'cksum' update because condition not met
[09:24:51.966] [bmv2] [D] [thread 112151] [6.0] [cxt 0] Deparsing header 'ethernet'
[09:24:51.966] [bmv2] [D] [thread 112151] [6.0] [cxt 0] Deparser 'deparser': end
[09:24:51.966] [bmv2] [D] [thread 112151] [7.0] [cxt 0] Pipeline 'egress': start
[09:24:51.966] [bmv2] [D] [thread 112151] [7.0] [cxt 0] Pipeline 'egress': end
[09:24:51.966] [bmv2] [D] [thread 112151] [7.0] [cxt 0] Deparser 'deparser': start
[09:24:51.966] [bmv2] [T] [thread 112151] [7.0] [cxt 0] Skipping checksum 'cksum' update because condition not met
[09:24:51.966] [bmv2] [D] [thread 112151] [7.0] [cxt 0] Deparsing header 'ethernet'
[09:24:51.966] [bmv2] [D] [thread 112151] [7.0] [cxt 0] Deparser 'deparser': end
[09:24:51.966] [bmv2] [D] [thread 112155] [6.0] [cxt 0] Transmitting packet of size 90 out of port 0
[09:24:51.966] [bmv2] [D] [thread 112155] [7.0] [cxt 0] Transmitting packet of size 70 out of port 0
[09:24:51.971] [bmv2] [D] [thread 112150] [8.0] [cxt 0] Processing packet received on port 1
[09:24:51.971] [bmv2] [D] [thread 112150] [8.0] [cxt 0] Parser 'parser': start
[09:24:51.971] [bmv2] [D] [thread 112150] [8.0] [cxt 0] Parser 'parser' entering state 'start'
[09:24:51.971] [bmv2] [D] [thread 112150] [8.0] [cxt 0] Extracting header 'ethernet'
[09:24:51.971] [bmv2] [D] [thread 112150] [8.0] [cxt 0] Parser state 'start': key is 86dd
[09:24:51.971] [bmv2] [T] [thread 112150] [8.0] [cxt 0] Bytes parsed: 14
[09:24:51.971] [bmv2] [D] [thread 112150] [8.0] [cxt 0] Parser 'parser': end
[09:24:51.971] [bmv2] [D] [thread 112150] [8.0] [cxt 0] Pipeline 'ingress': start
[09:24:51.971] [bmv2] [T] [thread 112150] [8.0] [cxt 0] switch.p4(116) Condition "hdr.ipv4.isValid()" (node_2) is false
[09:24:51.971] [bmv2] [D] [thread 112150] [8.0] [cxt 0] Pipeline 'ingress': end
[09:24:51.971] [bmv2] [D] [thread 112150] [8.0] [cxt 0] Egress port is 0
[09:24:51.971] [bmv2] [D] [thread 112151] [8.0] [cxt 0] Pipeline 'egress': start
[09:24:51.971] [bmv2] [D] [thread 112151] [8.0] [cxt 0] Pipeline 'egress': end
[09:24:51.971] [bmv2] [D] [thread 112151] [8.0] [cxt 0] Deparser 'deparser': start
[09:24:51.971] [bmv2] [T] [thread 112151] [8.0] [cxt 0] Skipping checksum 'cksum' update because condition not met
[09:24:51.971] [bmv2] [D] [thread 112151] [8.0] [cxt 0] Deparsing header 'ethernet'
[09:24:51.971] [bmv2] [D] [thread 112151] [8.0] [cxt 0] Deparser 'deparser': end
[09:24:51.971] [bmv2] [D] [thread 112155] [8.0] [cxt 0] Transmitting packet of size 90 out of port 0
[09:24:52.016] [bmv2] [D] [thread 112150] [9.0] [cxt 0] Processing packet received on port 1
[09:24:52.016] [bmv2] [D] [thread 112150] [9.0] [cxt 0] Parser 'parser': start
[09:24:52.016] [bmv2] [D] [thread 112150] [9.0] [cxt 0] Parser 'parser' entering state 'start'
[09:24:52.016] [bmv2] [D] [thread 112150] [9.0] [cxt 0] Extracting header 'ethernet'
[09:24:52.016] [bmv2] [D] [thread 112150] [9.0] [cxt 0] Parser state 'start': key is 86dd
[09:24:52.016] [bmv2] [T] [thread 112150] [9.0] [cxt 0] Bytes parsed: 14
[09:24:52.016] [bmv2] [D] [thread 112150] [9.0] [cxt 0] Parser 'parser': end
[09:24:52.016] [bmv2] [D] [thread 112150] [9.0] [cxt 0] Pipeline 'ingress': start
[09:24:52.016] [bmv2] [T] [thread 112150] [9.0] [cxt 0] switch.p4(116) Condition "hdr.ipv4.isValid()" (node_2) is false
[09:24:52.016] [bmv2] [D] [thread 112150] [9.0] [cxt 0] Pipeline 'ingress': end
[09:24:52.016] [bmv2] [D] [thread 112150] [9.0] [cxt 0] Egress port is 0
[09:24:52.016] [bmv2] [D] [thread 112150] [10.0] [cxt 0] Processing packet received on port 1
[09:24:52.016] [bmv2] [D] [thread 112150] [10.0] [cxt 0] Parser 'parser': start
[09:24:52.016] [bmv2] [D] [thread 112150] [10.0] [cxt 0] Parser 'parser' entering state 'start'
[09:24:52.016] [bmv2] [D] [thread 112150] [10.0] [cxt 0] Extracting header 'ethernet'
[09:24:52.016] [bmv2] [D] [thread 112150] [10.0] [cxt 0] Parser state 'start': key is 86dd
[09:24:52.016] [bmv2] [T] [thread 112150] [10.0] [cxt 0] Bytes parsed: 14
[09:24:52.016] [bmv2] [D] [thread 112150] [10.0] [cxt 0] Parser 'parser': end
[09:24:52.016] [bmv2] [D] [thread 112150] [10.0] [cxt 0] Pipeline 'ingress': start
[09:24:52.016] [bmv2] [T] [thread 112150] [10.0] [cxt 0] switch.p4(116) Condition "hdr.ipv4.isValid()" (node_2) is false
[09:24:52.016] [bmv2] [D] [thread 112150] [10.0] [cxt 0] Pipeline 'ingress': end
[09:24:52.016] [bmv2] [D] [thread 112150] [10.0] [cxt 0] Egress port is 0
[09:24:52.016] [bmv2] [D] [thread 112151] [9.0] [cxt 0] Pipeline 'egress': start
[09:24:52.016] [bmv2] [D] [thread 112151] [9.0] [cxt 0] Pipeline 'egress': end
[09:24:52.016] [bmv2] [D] [thread 112151] [9.0] [cxt 0] Deparser 'deparser': start
[09:24:52.016] [bmv2] [T] [thread 112151] [9.0] [cxt 0] Skipping checksum 'cksum' update because condition not met
[09:24:52.016] [bmv2] [D] [thread 112151] [9.0] [cxt 0] Deparsing header 'ethernet'
[09:24:52.016] [bmv2] [D] [thread 112151] [9.0] [cxt 0] Deparser 'deparser': end
[09:24:52.016] [bmv2] [D] [thread 112151] [10.0] [cxt 0] Pipeline 'egress': start
[09:24:52.016] [bmv2] [D] [thread 112151] [10.0] [cxt 0] Pipeline 'egress': end
[09:24:52.016] [bmv2] [D] [thread 112151] [10.0] [cxt 0] Deparser 'deparser': start
[09:24:52.016] [bmv2] [T] [thread 112151] [10.0] [cxt 0] Skipping checksum 'cksum' update because condition not met
[09:24:52.016] [bmv2] [D] [thread 112151] [10.0] [cxt 0] Deparsing header 'ethernet'
[09:24:52.016] [bmv2] [D] [thread 112151] [10.0] [cxt 0] Deparser 'deparser': end
[09:24:52.016] [bmv2] [D] [thread 112155] [9.0] [cxt 0] Transmitting packet of size 203 out of port 0
[09:24:52.016] [bmv2] [D] [thread 112155] [10.0] [cxt 0] Transmitting packet of size 211 out of port 0
[09:24:52.064] [bmv2] [D] [thread 112150] [11.0] [cxt 0] Processing packet received on port 1
[09:24:52.064] [bmv2] [D] [thread 112150] [11.0] [cxt 0] Parser 'parser': start
[09:24:52.064] [bmv2] [D] [thread 112150] [11.0] [cxt 0] Parser 'parser' entering state 'start'
[09:24:52.064] [bmv2] [D] [thread 112150] [11.0] [cxt 0] Extracting header 'ethernet'
[09:24:52.064] [bmv2] [D] [thread 112150] [11.0] [cxt 0] Parser state 'start': key is 86dd
[09:24:52.064] [bmv2] [T] [thread 112150] [11.0] [cxt 0] Bytes parsed: 14
[09:24:52.064] [bmv2] [D] [thread 112150] [11.0] [cxt 0] Parser 'parser': end
[09:24:52.064] [bmv2] [D] [thread 112150] [11.0] [cxt 0] Pipeline 'ingress': start
[09:24:52.064] [bmv2] [T] [thread 112150] [11.0] [cxt 0] switch.p4(116) Condition "hdr.ipv4.isValid()" (node_2) is false
[09:24:52.064] [bmv2] [D] [thread 112150] [11.0] [cxt 0] Pipeline 'ingress': end
[09:24:52.064] [bmv2] [D] [thread 112150] [11.0] [cxt 0] Egress port is 0
[09:24:52.065] [bmv2] [D] [thread 112151] [11.0] [cxt 0] Pipeline 'egress': start
[09:24:52.065] [bmv2] [D] [thread 112151] [11.0] [cxt 0] Pipeline 'egress': end
[09:24:52.065] [bmv2] [D] [thread 112151] [11.0] [cxt 0] Deparser 'deparser': start
[09:24:52.065] [bmv2] [T] [thread 112151] [11.0] [cxt 0] Skipping checksum 'cksum' update because condition not met
[09:24:52.065] [bmv2] [D] [thread 112151] [11.0] [cxt 0] Deparsing header 'ethernet'
[09:24:52.065] [bmv2] [D] [thread 112151] [11.0] [cxt 0] Deparser 'deparser': end
[09:24:52.065] [bmv2] [D] [thread 112155] [11.0] [cxt 0] Transmitting packet of size 211 out of port 0
[09:24:52.096] [bmv2] [D] [thread 112150] [12.0] [cxt 0] Processing packet received on port 1
[09:24:52.098] [bmv2] [D] [thread 112150] [12.0] [cxt 0] Parser 'parser': start
[09:24:52.098] [bmv2] [D] [thread 112150] [12.0] [cxt 0] Parser 'parser' entering state 'start'
[09:24:52.098] [bmv2] [D] [thread 112150] [12.0] [cxt 0] Extracting header 'ethernet'
[09:24:52.098] [bmv2] [D] [thread 112150] [12.0] [cxt 0] Parser state 'start': key is 86dd
[09:24:52.098] [bmv2] [T] [thread 112150] [12.0] [cxt 0] Bytes parsed: 14
[09:24:52.098] [bmv2] [D] [thread 112150] [12.0] [cxt 0] Parser 'parser': end
[09:24:52.098] [bmv2] [D] [thread 112150] [12.0] [cxt 0] Pipeline 'ingress': start
[09:24:52.098] [bmv2] [T] [thread 112150] [12.0] [cxt 0] switch.p4(116) Condition "hdr.ipv4.isValid()" (node_2) is false
[09:24:52.098] [bmv2] [D] [thread 112150] [12.0] [cxt 0] Pipeline 'ingress': end
[09:24:52.098] [bmv2] [D] [thread 112150] [12.0] [cxt 0] Egress port is 0
[09:24:52.098] [bmv2] [D] [thread 112151] [12.0] [cxt 0] Pipeline 'egress': start
[09:24:52.098] [bmv2] [D] [thread 112151] [12.0] [cxt 0] Pipeline 'egress': end
[09:24:52.098] [bmv2] [D] [thread 112151] [12.0] [cxt 0] Deparser 'deparser': start
[09:24:52.098] [bmv2] [T] [thread 112151] [12.0] [cxt 0] Skipping checksum 'cksum' update because condition not met
[09:24:52.098] [bmv2] [D] [thread 112151] [12.0] [cxt 0] Deparsing header 'ethernet'
[09:24:52.098] [bmv2] [D] [thread 112151] [12.0] [cxt 0] Deparser 'deparser': end
[09:24:52.099] [bmv2] [D] [thread 112155] [12.0] [cxt 0] Transmitting packet of size 90 out of port 0
[09:24:52.236] [bmv2] [D] [thread 112150] [13.0] [cxt 0] Processing packet received on port 2
[09:24:52.236] [bmv2] [D] [thread 112150] [13.0] [cxt 0] Parser 'parser': start
[09:24:52.236] [bmv2] [D] [thread 112150] [13.0] [cxt 0] Parser 'parser' entering state 'start'
[09:24:52.236] [bmv2] [D] [thread 112150] [13.0] [cxt 0] Extracting header 'ethernet'
[09:24:52.236] [bmv2] [D] [thread 112150] [13.0] [cxt 0] Parser state 'start': key is 86dd
[09:24:52.236] [bmv2] [T] [thread 112150] [13.0] [cxt 0] Bytes parsed: 14
[09:24:52.236] [bmv2] [D] [thread 112150] [13.0] [cxt 0] Parser 'parser': end
[09:24:52.236] [bmv2] [D] [thread 112150] [13.0] [cxt 0] Pipeline 'ingress': start
[09:24:52.236] [bmv2] [T] [thread 112150] [13.0] [cxt 0] switch.p4(116) Condition "hdr.ipv4.isValid()" (node_2) is false
[09:24:52.236] [bmv2] [D] [thread 112150] [13.0] [cxt 0] Pipeline 'ingress': end
[09:24:52.236] [bmv2] [D] [thread 112150] [13.0] [cxt 0] Egress port is 0
[09:24:52.236] [bmv2] [D] [thread 112151] [13.0] [cxt 0] Pipeline 'egress': start
[09:24:52.236] [bmv2] [D] [thread 112151] [13.0] [cxt 0] Pipeline 'egress': end
[09:24:52.236] [bmv2] [D] [thread 112151] [13.0] [cxt 0] Deparser 'deparser': start
[09:24:52.236] [bmv2] [T] [thread 112151] [13.0] [cxt 0] Skipping checksum 'cksum' update because condition not met
[09:24:52.236] [bmv2] [D] [thread 112151] [13.0] [cxt 0] Deparsing header 'ethernet'
[09:24:52.236] [bmv2] [D] [thread 112151] [13.0] [cxt 0] Deparser 'deparser': end
[09:24:52.236] [bmv2] [D] [thread 112155] [13.0] [cxt 0] Transmitting packet of size 90 out of port 0
[09:24:52.236] [bmv2] [D] [thread 112150] [14.0] [cxt 0] Processing packet received on port 2
[09:24:52.236] [bmv2] [D] [thread 112150] [14.0] [cxt 0] Parser 'parser': start
[09:24:52.236] [bmv2] [D] [thread 112150] [14.0] [cxt 0] Parser 'parser' entering state 'start'
[09:24:52.236] [bmv2] [D] [thread 112150] [14.0] [cxt 0] Extracting header 'ethernet'
[09:24:52.236] [bmv2] [D] [thread 112150] [14.0] [cxt 0] Parser state 'start': key is 86dd
[09:24:52.236] [bmv2] [T] [thread 112150] [14.0] [cxt 0] Bytes parsed: 14
[09:24:52.236] [bmv2] [D] [thread 112150] [14.0] [cxt 0] Parser 'parser': end
[09:24:52.236] [bmv2] [D] [thread 112150] [14.0] [cxt 0] Pipeline 'ingress': start
[09:24:52.236] [bmv2] [T] [thread 112150] [14.0] [cxt 0] switch.p4(116) Condition "hdr.ipv4.isValid()" (node_2) is false
[09:24:52.236] [bmv2] [D] [thread 112150] [14.0] [cxt 0] Pipeline 'ingress': end
[09:24:52.236] [bmv2] [D] [thread 112150] [14.0] [cxt 0] Egress port is 0
[09:24:52.236] [bmv2] [D] [thread 112151] [14.0] [cxt 0] Pipeline 'egress': start
[09:24:52.236] [bmv2] [D] [thread 112151] [14.0] [cxt 0] Pipeline 'egress': end
[09:24:52.236] [bmv2] [D] [thread 112151] [14.0] [cxt 0] Deparser 'deparser': start
[09:24:52.236] [bmv2] [T] [thread 112151] [14.0] [cxt 0] Skipping checksum 'cksum' update because condition not met
[09:24:52.236] [bmv2] [D] [thread 112151] [14.0] [cxt 0] Deparsing header 'ethernet'
[09:24:52.236] [bmv2] [D] [thread 112151] [14.0] [cxt 0] Deparser 'deparser': end
[09:24:52.236] [bmv2] [D] [thread 112155] [14.0] [cxt 0] Transmitting packet of size 110 out of port 0
[09:24:52.236] [bmv2] [D] [thread 112150] [15.0] [cxt 0] Processing packet received on port 2
[09:24:52.239] [bmv2] [D] [thread 112150] [15.0] [cxt 0] Parser 'parser': start
[09:24:52.239] [bmv2] [D] [thread 112150] [15.0] [cxt 0] Parser 'parser' entering state 'start'
[09:24:52.239] [bmv2] [D] [thread 112150] [15.0] [cxt 0] Extracting header 'ethernet'
[09:24:52.239] [bmv2] [D] [thread 112150] [15.0] [cxt 0] Parser state 'start': key is 86dd
[09:24:52.239] [bmv2] [T] [thread 112150] [15.0] [cxt 0] Bytes parsed: 14
[09:24:52.239] [bmv2] [D] [thread 112150] [15.0] [cxt 0] Parser 'parser': end
[09:24:52.239] [bmv2] [D] [thread 112150] [15.0] [cxt 0] Pipeline 'ingress': start
[09:24:52.239] [bmv2] [T] [thread 112150] [15.0] [cxt 0] switch.p4(116) Condition "hdr.ipv4.isValid()" (node_2) is false
[09:24:52.239] [bmv2] [D] [thread 112150] [15.0] [cxt 0] Pipeline 'ingress': end
[09:24:52.239] [bmv2] [D] [thread 112150] [15.0] [cxt 0] Egress port is 0
[09:24:52.239] [bmv2] [D] [thread 112151] [15.0] [cxt 0] Pipeline 'egress': start
[09:24:52.239] [bmv2] [D] [thread 112151] [15.0] [cxt 0] Pipeline 'egress': end
[09:24:52.239] [bmv2] [D] [thread 112151] [15.0] [cxt 0] Deparser 'deparser': start
[09:24:52.239] [bmv2] [T] [thread 112151] [15.0] [cxt 0] Skipping checksum 'cksum' update because condition not met
[09:24:52.239] [bmv2] [D] [thread 112151] [15.0] [cxt 0] Deparsing header 'ethernet'
[09:24:52.239] [bmv2] [D] [thread 112151] [15.0] [cxt 0] Deparser 'deparser': end
[09:24:52.239] [bmv2] [D] [thread 112155] [15.0] [cxt 0] Transmitting packet of size 70 out of port 0
[09:24:52.283] [bmv2] [D] [thread 112150] [16.0] [cxt 0] Processing packet received on port 1
[09:24:52.283] [bmv2] [D] [thread 112150] [16.0] [cxt 0] Parser 'parser': start
[09:24:52.283] [bmv2] [D] [thread 112150] [16.0] [cxt 0] Parser 'parser' entering state 'start'
[09:24:52.283] [bmv2] [D] [thread 112150] [16.0] [cxt 0] Extracting header 'ethernet'
[09:24:52.283] [bmv2] [D] [thread 112150] [16.0] [cxt 0] Parser state 'start': key is 86dd
[09:24:52.283] [bmv2] [T] [thread 112150] [16.0] [cxt 0] Bytes parsed: 14
[09:24:52.283] [bmv2] [D] [thread 112150] [16.0] [cxt 0] Parser 'parser': end
[09:24:52.283] [bmv2] [D] [thread 112150] [16.0] [cxt 0] Pipeline 'ingress': start
[09:24:52.283] [bmv2] [T] [thread 112150] [16.0] [cxt 0] switch.p4(116) Condition "hdr.ipv4.isValid()" (node_2) is false
[09:24:52.283] [bmv2] [D] [thread 112150] [16.0] [cxt 0] Pipeline 'ingress': end
[09:24:52.283] [bmv2] [D] [thread 112150] [16.0] [cxt 0] Egress port is 0
[09:24:52.283] [bmv2] [D] [thread 112151] [16.0] [cxt 0] Pipeline 'egress': start
[09:24:52.283] [bmv2] [D] [thread 112151] [16.0] [cxt 0] Pipeline 'egress': end
[09:24:52.283] [bmv2] [D] [thread 112151] [16.0] [cxt 0] Deparser 'deparser': start
[09:24:52.283] [bmv2] [T] [thread 112151] [16.0] [cxt 0] Skipping checksum 'cksum' update because condition not met
[09:24:52.283] [bmv2] [D] [thread 112151] [16.0] [cxt 0] Deparsing header 'ethernet'
[09:24:52.283] [bmv2] [D] [thread 112151] [16.0] [cxt 0] Deparser 'deparser': end
[09:24:52.283] [bmv2] [D] [thread 112155] [16.0] [cxt 0] Transmitting packet of size 211 out of port 0
[09:24:52.350] [bmv2] [D] [thread 112150] [17.0] [cxt 0] Processing packet received on port 1
[09:24:52.350] [bmv2] [D] [thread 112150] [17.0] [cxt 0] Parser 'parser': start
[09:24:52.350] [bmv2] [D] [thread 112150] [17.0] [cxt 0] Parser 'parser' entering state 'start'
[09:24:52.350] [bmv2] [D] [thread 112150] [17.0] [cxt 0] Extracting header 'ethernet'
[09:24:52.350] [bmv2] [D] [thread 112150] [17.0] [cxt 0] Parser state 'start': key is 86dd
[09:24:52.350] [bmv2] [T] [thread 112150] [17.0] [cxt 0] Bytes parsed: 14
[09:24:52.350] [bmv2] [D] [thread 112150] [17.0] [cxt 0] Parser 'parser': end
[09:24:52.350] [bmv2] [D] [thread 112150] [17.0] [cxt 0] Pipeline 'ingress': start
[09:24:52.350] [bmv2] [T] [thread 112150] [17.0] [cxt 0] switch.p4(116) Condition "hdr.ipv4.isValid()" (node_2) is false
[09:24:52.350] [bmv2] [D] [thread 112150] [17.0] [cxt 0] Pipeline 'ingress': end
[09:24:52.350] [bmv2] [D] [thread 112150] [17.0] [cxt 0] Egress port is 0
[09:24:52.350] [bmv2] [D] [thread 112150] [18.0] [cxt 0] Processing packet received on port 2
[09:24:52.350] [bmv2] [D] [thread 112150] [18.0] [cxt 0] Parser 'parser': start
[09:24:52.350] [bmv2] [D] [thread 112150] [18.0] [cxt 0] Parser 'parser' entering state 'start'
[09:24:52.350] [bmv2] [D] [thread 112150] [18.0] [cxt 0] Extracting header 'ethernet'
[09:24:52.350] [bmv2] [D] [thread 112150] [18.0] [cxt 0] Parser state 'start': key is 86dd
[09:24:52.350] [bmv2] [T] [thread 112150] [18.0] [cxt 0] Bytes parsed: 14
[09:24:52.350] [bmv2] [D] [thread 112150] [18.0] [cxt 0] Parser 'parser': end
[09:24:52.350] [bmv2] [D] [thread 112150] [18.0] [cxt 0] Pipeline 'ingress': start
[09:24:52.350] [bmv2] [T] [thread 112150] [18.0] [cxt 0] switch.p4(116) Condition "hdr.ipv4.isValid()" (node_2) is false
[09:24:52.350] [bmv2] [D] [thread 112150] [18.0] [cxt 0] Pipeline 'ingress': end
[09:24:52.350] [bmv2] [D] [thread 112150] [18.0] [cxt 0] Egress port is 0
[09:24:52.350] [bmv2] [D] [thread 112150] [19.0] [cxt 0] Processing packet received on port 2
[09:24:52.350] [bmv2] [D] [thread 112150] [19.0] [cxt 0] Parser 'parser': start
[09:24:52.350] [bmv2] [D] [thread 112150] [19.0] [cxt 0] Parser 'parser' entering state 'start'
[09:24:52.350] [bmv2] [D] [thread 112150] [19.0] [cxt 0] Extracting header 'ethernet'
[09:24:52.350] [bmv2] [D] [thread 112150] [19.0] [cxt 0] Parser state 'start': key is 86dd
[09:24:52.350] [bmv2] [T] [thread 112150] [19.0] [cxt 0] Bytes parsed: 14
[09:24:52.350] [bmv2] [D] [thread 112150] [19.0] [cxt 0] Parser 'parser': end
[09:24:52.350] [bmv2] [D] [thread 112151] [17.0] [cxt 0] Pipeline 'egress': start
[09:24:52.350] [bmv2] [D] [thread 112151] [17.0] [cxt 0] Pipeline 'egress': end
[09:24:52.350] [bmv2] [D] [thread 112151] [17.0] [cxt 0] Deparser 'deparser': start
[09:24:52.350] [bmv2] [T] [thread 112151] [17.0] [cxt 0] Skipping checksum 'cksum' update because condition not met
[09:24:52.350] [bmv2] [D] [thread 112151] [17.0] [cxt 0] Deparsing header 'ethernet'
[09:24:52.350] [bmv2] [D] [thread 112151] [17.0] [cxt 0] Deparser 'deparser': end
[09:24:52.350] [bmv2] [D] [thread 112151] [18.0] [cxt 0] Pipeline 'egress': start
[09:24:52.350] [bmv2] [D] [thread 112151] [18.0] [cxt 0] Pipeline 'egress': end
[09:24:52.350] [bmv2] [D] [thread 112151] [18.0] [cxt 0] Deparser 'deparser': start
[09:24:52.350] [bmv2] [T] [thread 112151] [18.0] [cxt 0] Skipping checksum 'cksum' update because condition not met
[09:24:52.350] [bmv2] [D] [thread 112151] [18.0] [cxt 0] Deparsing header 'ethernet'
[09:24:52.350] [bmv2] [D] [thread 112151] [18.0] [cxt 0] Deparser 'deparser': end
[09:24:52.350] [bmv2] [D] [thread 112150] [19.0] [cxt 0] Pipeline 'ingress': start
[09:24:52.350] [bmv2] [T] [thread 112150] [19.0] [cxt 0] switch.p4(116) Condition "hdr.ipv4.isValid()" (node_2) is false
[09:24:52.350] [bmv2] [D] [thread 112150] [19.0] [cxt 0] Pipeline 'ingress': end
[09:24:52.350] [bmv2] [D] [thread 112150] [19.0] [cxt 0] Egress port is 0
[09:24:52.350] [bmv2] [D] [thread 112155] [17.0] [cxt 0] Transmitting packet of size 211 out of port 0
[09:24:52.350] [bmv2] [D] [thread 112155] [18.0] [cxt 0] Transmitting packet of size 211 out of port 0
[09:24:52.350] [bmv2] [D] [thread 112151] [19.0] [cxt 0] Pipeline 'egress': start
[09:24:52.350] [bmv2] [D] [thread 112151] [19.0] [cxt 0] Pipeline 'egress': end
[09:24:52.350] [bmv2] [D] [thread 112151] [19.0] [cxt 0] Deparser 'deparser': start
[09:24:52.350] [bmv2] [T] [thread 112151] [19.0] [cxt 0] Skipping checksum 'cksum' update because condition not met
[09:24:52.350] [bmv2] [D] [thread 112151] [19.0] [cxt 0] Deparsing header 'ethernet'
[09:24:52.350] [bmv2] [D] [thread 112151] [19.0] [cxt 0] Deparser 'deparser': end
[09:24:52.350] [bmv2] [D] [thread 112150] [20.0] [cxt 0] Processing packet received on port 2
[09:24:52.350] [bmv2] [D] [thread 112155] [19.0] [cxt 0] Transmitting packet of size 203 out of port 0
[09:24:52.350] [bmv2] [D] [thread 112150] [20.0] [cxt 0] Parser 'parser': start
[09:24:52.350] [bmv2] [D] [thread 112150] [20.0] [cxt 0] Parser 'parser' entering state 'start'
[09:24:52.350] [bmv2] [D] [thread 112150] [20.0] [cxt 0] Extracting header 'ethernet'
[09:24:52.350] [bmv2] [D] [thread 112150] [20.0] [cxt 0] Parser state 'start': key is 86dd
[09:24:52.350] [bmv2] [T] [thread 112150] [20.0] [cxt 0] Bytes parsed: 14
[09:24:52.350] [bmv2] [D] [thread 112150] [20.0] [cxt 0] Parser 'parser': end
[09:24:52.350] [bmv2] [D] [thread 112150] [20.0] [cxt 0] Pipeline 'ingress': start
[09:24:52.350] [bmv2] [T] [thread 112150] [20.0] [cxt 0] switch.p4(116) Condition "hdr.ipv4.isValid()" (node_2) is false
[09:24:52.350] [bmv2] [D] [thread 112150] [20.0] [cxt 0] Pipeline 'ingress': end
[09:24:52.350] [bmv2] [D] [thread 112150] [20.0] [cxt 0] Egress port is 0
[09:24:52.350] [bmv2] [D] [thread 112150] [21.0] [cxt 0] Processing packet received on port 2
[09:24:52.350] [bmv2] [D] [thread 112150] [21.0] [cxt 0] Parser 'parser': start
[09:24:52.350] [bmv2] [D] [thread 112150] [21.0] [cxt 0] Parser 'parser' entering state 'start'
[09:24:52.350] [bmv2] [D] [thread 112150] [21.0] [cxt 0] Extracting header 'ethernet'
[09:24:52.350] [bmv2] [D] [thread 112150] [21.0] [cxt 0] Parser state 'start': key is 86dd
[09:24:52.350] [bmv2] [T] [thread 112150] [21.0] [cxt 0] Bytes parsed: 14
[09:24:52.350] [bmv2] [D] [thread 112150] [21.0] [cxt 0] Parser 'parser': end
[09:24:52.350] [bmv2] [D] [thread 112150] [21.0] [cxt 0] Pipeline 'ingress': start
[09:24:52.350] [bmv2] [T] [thread 112150] [21.0] [cxt 0] switch.p4(116) Condition "hdr.ipv4.isValid()" (node_2) is false
[09:24:52.350] [bmv2] [D] [thread 112150] [21.0] [cxt 0] Pipeline 'ingress': end
[09:24:52.350] [bmv2] [D] [thread 112151] [20.0] [cxt 0] Pipeline 'egress': start
[09:24:52.350] [bmv2] [D] [thread 112151] [20.0] [cxt 0] Pipeline 'egress': end
[09:24:52.350] [bmv2] [D] [thread 112151] [20.0] [cxt 0] Deparser 'deparser': start
[09:24:52.350] [bmv2] [T] [thread 112151] [20.0] [cxt 0] Skipping checksum 'cksum' update because condition not met
[09:24:52.350] [bmv2] [D] [thread 112151] [20.0] [cxt 0] Deparsing header 'ethernet'
[09:24:52.350] [bmv2] [D] [thread 112151] [20.0] [cxt 0] Deparser 'deparser': end
[09:24:52.350] [bmv2] [D] [thread 112150] [21.0] [cxt 0] Egress port is 0
[09:24:52.350] [bmv2] [D] [thread 112155] [20.0] [cxt 0] Transmitting packet of size 90 out of port 0
[09:24:52.350] [bmv2] [D] [thread 112151] [21.0] [cxt 0] Pipeline 'egress': start
[09:24:52.350] [bmv2] [D] [thread 112151] [21.0] [cxt 0] Pipeline 'egress': end
[09:24:52.350] [bmv2] [D] [thread 112151] [21.0] [cxt 0] Deparser 'deparser': start
[09:24:52.350] [bmv2] [D] [thread 112150] [22.0] [cxt 0] Processing packet received on port 2
[09:24:52.350] [bmv2] [D] [thread 112150] [22.0] [cxt 0] Parser 'parser': start
[09:24:52.350] [bmv2] [D] [thread 112150] [22.0] [cxt 0] Parser 'parser' entering state 'start'
[09:24:52.350] [bmv2] [D] [thread 112150] [22.0] [cxt 0] Extracting header 'ethernet'
[09:24:52.350] [bmv2] [D] [thread 112150] [22.0] [cxt 0] Parser state 'start': key is 86dd
[09:24:52.350] [bmv2] [T] [thread 112151] [21.0] [cxt 0] Skipping checksum 'cksum' update because condition not met
[09:24:52.350] [bmv2] [D] [thread 112151] [21.0] [cxt 0] Deparsing header 'ethernet'
[09:24:52.350] [bmv2] [D] [thread 112151] [21.0] [cxt 0] Deparser 'deparser': end
[09:24:52.350] [bmv2] [D] [thread 112155] [21.0] [cxt 0] Transmitting packet of size 70 out of port 0
[09:24:52.350] [bmv2] [T] [thread 112150] [22.0] [cxt 0] Bytes parsed: 14
[09:24:52.350] [bmv2] [D] [thread 112150] [22.0] [cxt 0] Parser 'parser': end
[09:24:52.350] [bmv2] [D] [thread 112150] [22.0] [cxt 0] Pipeline 'ingress': start
[09:24:52.350] [bmv2] [T] [thread 112150] [22.0] [cxt 0] switch.p4(116) Condition "hdr.ipv4.isValid()" (node_2) is false
[09:24:52.350] [bmv2] [D] [thread 112150] [22.0] [cxt 0] Pipeline 'ingress': end
[09:24:52.350] [bmv2] [D] [thread 112150] [22.0] [cxt 0] Egress port is 0
[09:24:52.350] [bmv2] [D] [thread 112151] [22.0] [cxt 0] Pipeline 'egress': start
[09:24:52.350] [bmv2] [D] [thread 112151] [22.0] [cxt 0] Pipeline 'egress': end
[09:24:52.350] [bmv2] [D] [thread 112151] [22.0] [cxt 0] Deparser 'deparser': start
[09:24:52.350] [bmv2] [T] [thread 112151] [22.0] [cxt 0] Skipping checksum 'cksum' update because condition not met
[09:24:52.350] [bmv2] [D] [thread 112151] [22.0] [cxt 0] Deparsing header 'ethernet'
[09:24:52.350] [bmv2] [D] [thread 112151] [22.0] [cxt 0] Deparser 'deparser': end
[09:24:52.350] [bmv2] [D] [thread 112155] [22.0] [cxt 0] Transmitting packet of size 90 out of port 0
[09:24:52.443] [bmv2] [D] [thread 112150] [23.0] [cxt 0] Processing packet received on port 2
[09:24:52.443] [bmv2] [D] [thread 112150] [23.0] [cxt 0] Parser 'parser': start
[09:24:52.443] [bmv2] [D] [thread 112150] [23.0] [cxt 0] Parser 'parser' entering state 'start'
[09:24:52.443] [bmv2] [D] [thread 112150] [23.0] [cxt 0] Extracting header 'ethernet'
[09:24:52.443] [bmv2] [D] [thread 112150] [23.0] [cxt 0] Parser state 'start': key is 86dd
[09:24:52.443] [bmv2] [T] [thread 112150] [23.0] [cxt 0] Bytes parsed: 14
[09:24:52.443] [bmv2] [D] [thread 112150] [23.0] [cxt 0] Parser 'parser': end
[09:24:52.443] [bmv2] [D] [thread 112150] [23.0] [cxt 0] Pipeline 'ingress': start
[09:24:52.443] [bmv2] [T] [thread 112150] [23.0] [cxt 0] switch.p4(116) Condition "hdr.ipv4.isValid()" (node_2) is false
[09:24:52.443] [bmv2] [D] [thread 112150] [23.0] [cxt 0] Pipeline 'ingress': end
[09:24:52.443] [bmv2] [D] [thread 112150] [23.0] [cxt 0] Egress port is 0
[09:24:52.443] [bmv2] [D] [thread 112151] [23.0] [cxt 0] Pipeline 'egress': start
[09:24:52.443] [bmv2] [D] [thread 112151] [23.0] [cxt 0] Pipeline 'egress': end
[09:24:52.443] [bmv2] [D] [thread 112151] [23.0] [cxt 0] Deparser 'deparser': start
[09:24:52.443] [bmv2] [T] [thread 112151] [23.0] [cxt 0] Skipping checksum 'cksum' update because condition not met
[09:24:52.443] [bmv2] [D] [thread 112151] [23.0] [cxt 0] Deparsing header 'ethernet'
[09:24:52.443] [bmv2] [D] [thread 112151] [23.0] [cxt 0] Deparser 'deparser': end
[09:24:52.443] [bmv2] [D] [thread 112155] [23.0] [cxt 0] Transmitting packet of size 90 out of port 0
[09:24:52.446] [bmv2] [D] [thread 112150] [24.0] [cxt 0] Processing packet received on port 2
[09:24:52.446] [bmv2] [D] [thread 112150] [24.0] [cxt 0] Parser 'parser': start
[09:24:52.446] [bmv2] [D] [thread 112150] [24.0] [cxt 0] Parser 'parser' entering state 'start'
[09:24:52.446] [bmv2] [D] [thread 112150] [24.0] [cxt 0] Extracting header 'ethernet'
[09:24:52.446] [bmv2] [D] [thread 112150] [24.0] [cxt 0] Parser state 'start': key is 86dd
[09:24:52.446] [bmv2] [T] [thread 112150] [24.0] [cxt 0] Bytes parsed: 14
[09:24:52.446] [bmv2] [D] [thread 112150] [24.0] [cxt 0] Parser 'parser': end
[09:24:52.446] [bmv2] [D] [thread 112150] [24.0] [cxt 0] Pipeline 'ingress': start
[09:24:52.446] [bmv2] [T] [thread 112150] [24.0] [cxt 0] switch.p4(116) Condition "hdr.ipv4.isValid()" (node_2) is false
[09:24:52.446] [bmv2] [D] [thread 112150] [24.0] [cxt 0] Pipeline 'ingress': end
[09:24:52.446] [bmv2] [D] [thread 112150] [24.0] [cxt 0] Egress port is 0
[09:24:52.446] [bmv2] [D] [thread 112151] [24.0] [cxt 0] Pipeline 'egress': start
[09:24:52.446] [bmv2] [D] [thread 112151] [24.0] [cxt 0] Pipeline 'egress': end
[09:24:52.446] [bmv2] [D] [thread 112151] [24.0] [cxt 0] Deparser 'deparser': start
[09:24:52.446] [bmv2] [T] [thread 112151] [24.0] [cxt 0] Skipping checksum 'cksum' update because condition not met
[09:24:52.446] [bmv2] [D] [thread 112151] [24.0] [cxt 0] Deparsing header 'ethernet'
[09:24:52.446] [bmv2] [D] [thread 112151] [24.0] [cxt 0] Deparser 'deparser': end
[09:24:52.446] [bmv2] [D] [thread 112155] [24.0] [cxt 0] Transmitting packet of size 203 out of port 0
[09:24:52.477] [bmv2] [D] [thread 112150] [25.0] [cxt 0] Processing packet received on port 2
[09:24:52.478] [bmv2] [D] [thread 112150] [25.0] [cxt 0] Parser 'parser': start
[09:24:52.478] [bmv2] [D] [thread 112150] [25.0] [cxt 0] Parser 'parser' entering state 'start'
[09:24:52.478] [bmv2] [D] [thread 112150] [25.0] [cxt 0] Extracting header 'ethernet'
[09:24:52.478] [bmv2] [D] [thread 112150] [25.0] [cxt 0] Parser state 'start': key is 86dd
[09:24:52.478] [bmv2] [T] [thread 112150] [25.0] [cxt 0] Bytes parsed: 14
[09:24:52.478] [bmv2] [D] [thread 112150] [25.0] [cxt 0] Parser 'parser': end
[09:24:52.478] [bmv2] [D] [thread 112150] [25.0] [cxt 0] Pipeline 'ingress': start
[09:24:52.478] [bmv2] [T] [thread 112150] [25.0] [cxt 0] switch.p4(116) Condition "hdr.ipv4.isValid()" (node_2) is false
[09:24:52.478] [bmv2] [D] [thread 112150] [25.0] [cxt 0] Pipeline 'ingress': end
[09:24:52.478] [bmv2] [D] [thread 112150] [25.0] [cxt 0] Egress port is 0
[09:24:52.478] [bmv2] [D] [thread 112151] [25.0] [cxt 0] Pipeline 'egress': start
[09:24:52.478] [bmv2] [D] [thread 112151] [25.0] [cxt 0] Pipeline 'egress': end
[09:24:52.478] [bmv2] [D] [thread 112151] [25.0] [cxt 0] Deparser 'deparser': start
[09:24:52.478] [bmv2] [T] [thread 112151] [25.0] [cxt 0] Skipping checksum 'cksum' update because condition not met
[09:24:52.478] [bmv2] [D] [thread 112151] [25.0] [cxt 0] Deparsing header 'ethernet'
[09:24:52.478] [bmv2] [D] [thread 112151] [25.0] [cxt 0] Deparser 'deparser': end
[09:24:52.478] [bmv2] [D] [thread 112155] [25.0] [cxt 0] Transmitting packet of size 211 out of port 0
[09:24:52.541] [bmv2] [D] [thread 112150] [26.0] [cxt 0] Processing packet received on port 1
[09:24:52.541] [bmv2] [D] [thread 112150] [26.0] [cxt 0] Parser 'parser': start
[09:24:52.541] [bmv2] [D] [thread 112150] [26.0] [cxt 0] Parser 'parser' entering state 'start'
[09:24:52.541] [bmv2] [D] [thread 112150] [26.0] [cxt 0] Extracting header 'ethernet'
[09:24:52.541] [bmv2] [D] [thread 112150] [26.0] [cxt 0] Parser state 'start': key is 86dd
[09:24:52.541] [bmv2] [T] [thread 112150] [26.0] [cxt 0] Bytes parsed: 14
[09:24:52.541] [bmv2] [D] [thread 112150] [26.0] [cxt 0] Parser 'parser': end
[09:24:52.541] [bmv2] [D] [thread 112150] [26.0] [cxt 0] Pipeline 'ingress': start
[09:24:52.541] [bmv2] [T] [thread 112150] [26.0] [cxt 0] switch.p4(116) Condition "hdr.ipv4.isValid()" (node_2) is false
[09:24:52.541] [bmv2] [D] [thread 112150] [26.0] [cxt 0] Pipeline 'ingress': end
[09:24:52.541] [bmv2] [D] [thread 112150] [26.0] [cxt 0] Egress port is 0
[09:24:52.542] [bmv2] [D] [thread 112151] [26.0] [cxt 0] Pipeline 'egress': start
[09:24:52.542] [bmv2] [D] [thread 112150] [27.0] [cxt 0] Processing packet received on port 1
[09:24:52.542] [bmv2] [D] [thread 112150] [27.0] [cxt 0] Parser 'parser': start
[09:24:52.542] [bmv2] [D] [thread 112150] [27.0] [cxt 0] Parser 'parser' entering state 'start'
[09:24:52.542] [bmv2] [D] [thread 112150] [27.0] [cxt 0] Extracting header 'ethernet'
[09:24:52.542] [bmv2] [D] [thread 112150] [27.0] [cxt 0] Parser state 'start': key is 86dd
[09:24:52.542] [bmv2] [T] [thread 112150] [27.0] [cxt 0] Bytes parsed: 14
[09:24:52.542] [bmv2] [D] [thread 112150] [27.0] [cxt 0] Parser 'parser': end
[09:24:52.542] [bmv2] [D] [thread 112150] [27.0] [cxt 0] Pipeline 'ingress': start
[09:24:52.542] [bmv2] [T] [thread 112150] [27.0] [cxt 0] switch.p4(116) Condition "hdr.ipv4.isValid()" (node_2) is false
[09:24:52.542] [bmv2] [D] [thread 112150] [27.0] [cxt 0] Pipeline 'ingress': end
[09:24:52.542] [bmv2] [D] [thread 112150] [27.0] [cxt 0] Egress port is 0
[09:24:52.542] [bmv2] [D] [thread 112151] [26.0] [cxt 0] Pipeline 'egress': end
[09:24:52.542] [bmv2] [D] [thread 112151] [26.0] [cxt 0] Deparser 'deparser': start
[09:24:52.542] [bmv2] [T] [thread 112151] [26.0] [cxt 0] Skipping checksum 'cksum' update because condition not met
[09:24:52.542] [bmv2] [D] [thread 112151] [26.0] [cxt 0] Deparsing header 'ethernet'
[09:24:52.542] [bmv2] [D] [thread 112151] [26.0] [cxt 0] Deparser 'deparser': end
[09:24:52.543] [bmv2] [D] [thread 112155] [26.0] [cxt 0] Transmitting packet of size 211 out of port 0
[09:24:52.543] [bmv2] [D] [thread 112151] [27.0] [cxt 0] Pipeline 'egress': start
[09:24:52.543] [bmv2] [D] [thread 112151] [27.0] [cxt 0] Pipeline 'egress': end
[09:24:52.543] [bmv2] [D] [thread 112151] [27.0] [cxt 0] Deparser 'deparser': start
[09:24:52.543] [bmv2] [T] [thread 112151] [27.0] [cxt 0] Skipping checksum 'cksum' update because condition not met
[09:24:52.543] [bmv2] [D] [thread 112151] [27.0] [cxt 0] Deparsing header 'ethernet'
[09:24:52.543] [bmv2] [D] [thread 112151] [27.0] [cxt 0] Deparser 'deparser': end
[09:24:52.543] [bmv2] [D] [thread 112155] [27.0] [cxt 0] Transmitting packet of size 90 out of port 0
[09:24:52.599] [bmv2] [D] [thread 112150] [28.0] [cxt 0] Processing packet received on port 2
[09:24:52.599] [bmv2] [D] [thread 112150] [28.0] [cxt 0] Parser 'parser': start
[09:24:52.599] [bmv2] [D] [thread 112150] [28.0] [cxt 0] Parser 'parser' entering state 'start'
[09:24:52.599] [bmv2] [D] [thread 112150] [28.0] [cxt 0] Extracting header 'ethernet'
[09:24:52.599] [bmv2] [D] [thread 112150] [28.0] [cxt 0] Parser state 'start': key is 86dd
[09:24:52.599] [bmv2] [T] [thread 112150] [28.0] [cxt 0] Bytes parsed: 14
[09:24:52.599] [bmv2] [D] [thread 112150] [28.0] [cxt 0] Parser 'parser': end
[09:24:52.599] [bmv2] [D] [thread 112150] [28.0] [cxt 0] Pipeline 'ingress': start
[09:24:52.599] [bmv2] [T] [thread 112150] [28.0] [cxt 0] switch.p4(116) Condition "hdr.ipv4.isValid()" (node_2) is false
[09:24:52.599] [bmv2] [D] [thread 112150] [28.0] [cxt 0] Pipeline 'ingress': end
[09:24:52.599] [bmv2] [D] [thread 112150] [28.0] [cxt 0] Egress port is 0
[09:24:52.599] [bmv2] [D] [thread 112150] [29.0] [cxt 0] Processing packet received on port 1
[09:24:52.599] [bmv2] [D] [thread 112150] [29.0] [cxt 0] Parser 'parser': start
[09:24:52.599] [bmv2] [D] [thread 112150] [29.0] [cxt 0] Parser 'parser' entering state 'start'
[09:24:52.599] [bmv2] [D] [thread 112150] [29.0] [cxt 0] Extracting header 'ethernet'
[09:24:52.599] [bmv2] [D] [thread 112150] [29.0] [cxt 0] Parser state 'start': key is 86dd
[09:24:52.599] [bmv2] [T] [thread 112150] [29.0] [cxt 0] Bytes parsed: 14
[09:24:52.599] [bmv2] [D] [thread 112150] [29.0] [cxt 0] Parser 'parser': end
[09:24:52.599] [bmv2] [D] [thread 112150] [29.0] [cxt 0] Pipeline 'ingress': start
[09:24:52.599] [bmv2] [T] [thread 112150] [29.0] [cxt 0] switch.p4(116) Condition "hdr.ipv4.isValid()" (node_2) is false
[09:24:52.599] [bmv2] [D] [thread 112150] [29.0] [cxt 0] Pipeline 'ingress': end
[09:24:52.599] [bmv2] [D] [thread 112150] [29.0] [cxt 0] Egress port is 0
[09:24:52.599] [bmv2] [D] [thread 112150] [30.0] [cxt 0] Processing packet received on port 2
[09:24:52.599] [bmv2] [D] [thread 112150] [30.0] [cxt 0] Parser 'parser': start
[09:24:52.599] [bmv2] [D] [thread 112150] [30.0] [cxt 0] Parser 'parser' entering state 'start'
[09:24:52.599] [bmv2] [D] [thread 112150] [30.0] [cxt 0] Extracting header 'ethernet'
[09:24:52.599] [bmv2] [D] [thread 112150] [30.0] [cxt 0] Parser state 'start': key is 86dd
[09:24:52.599] [bmv2] [T] [thread 112150] [30.0] [cxt 0] Bytes parsed: 14
[09:24:52.599] [bmv2] [D] [thread 112150] [30.0] [cxt 0] Parser 'parser': end
[09:24:52.599] [bmv2] [D] [thread 112150] [30.0] [cxt 0] Pipeline 'ingress': start
[09:24:52.599] [bmv2] [T] [thread 112150] [30.0] [cxt 0] switch.p4(116) Condition "hdr.ipv4.isValid()" (node_2) is false
[09:24:52.599] [bmv2] [D] [thread 112150] [30.0] [cxt 0] Pipeline 'ingress': end
[09:24:52.599] [bmv2] [D] [thread 112150] [30.0] [cxt 0] Egress port is 0
[09:24:52.599] [bmv2] [D] [thread 112151] [28.0] [cxt 0] Pipeline 'egress': start
[09:24:52.599] [bmv2] [D] [thread 112151] [28.0] [cxt 0] Pipeline 'egress': end
[09:24:52.599] [bmv2] [D] [thread 112151] [28.0] [cxt 0] Deparser 'deparser': start
[09:24:52.599] [bmv2] [T] [thread 112151] [28.0] [cxt 0] Skipping checksum 'cksum' update because condition not met
[09:24:52.599] [bmv2] [D] [thread 112151] [28.0] [cxt 0] Deparsing header 'ethernet'
[09:24:52.599] [bmv2] [D] [thread 112151] [28.0] [cxt 0] Deparser 'deparser': end
[09:24:52.599] [bmv2] [D] [thread 112151] [29.0] [cxt 0] Pipeline 'egress': start
[09:24:52.599] [bmv2] [D] [thread 112151] [29.0] [cxt 0] Pipeline 'egress': end
[09:24:52.599] [bmv2] [D] [thread 112151] [29.0] [cxt 0] Deparser 'deparser': start
[09:24:52.599] [bmv2] [T] [thread 112151] [29.0] [cxt 0] Skipping checksum 'cksum' update because condition not met
[09:24:52.599] [bmv2] [D] [thread 112151] [29.0] [cxt 0] Deparsing header 'ethernet'
[09:24:52.599] [bmv2] [D] [thread 112151] [29.0] [cxt 0] Deparser 'deparser': end
[09:24:52.599] [bmv2] [D] [thread 112151] [30.0] [cxt 0] Pipeline 'egress': start
[09:24:52.599] [bmv2] [D] [thread 112151] [30.0] [cxt 0] Pipeline 'egress': end
[09:24:52.599] [bmv2] [D] [thread 112151] [30.0] [cxt 0] Deparser 'deparser': start
[09:24:52.599] [bmv2] [T] [thread 112151] [30.0] [cxt 0] Skipping checksum 'cksum' update because condition not met
[09:24:52.599] [bmv2] [D] [thread 112151] [30.0] [cxt 0] Deparsing header 'ethernet'
[09:24:52.599] [bmv2] [D] [thread 112151] [30.0] [cxt 0] Deparser 'deparser': end
[09:24:52.599] [bmv2] [D] [thread 112155] [28.0] [cxt 0] Transmitting packet of size 110 out of port 0
[09:24:52.599] [bmv2] [D] [thread 112155] [29.0] [cxt 0] Transmitting packet of size 211 out of port 0
[09:24:52.599] [bmv2] [D] [thread 112155] [30.0] [cxt 0] Transmitting packet of size 211 out of port 0
[09:24:52.815] [bmv2] [D] [thread 112150] [31.0] [cxt 0] Processing packet received on port 1
[09:24:52.815] [bmv2] [D] [thread 112150] [31.0] [cxt 0] Parser 'parser': start
[09:24:52.815] [bmv2] [D] [thread 112150] [31.0] [cxt 0] Parser 'parser' entering state 'start'
[09:24:52.815] [bmv2] [D] [thread 112150] [31.0] [cxt 0] Extracting header 'ethernet'
[09:24:52.815] [bmv2] [D] [thread 112150] [31.0] [cxt 0] Parser state 'start': key is 86dd
[09:24:52.815] [bmv2] [T] [thread 112150] [31.0] [cxt 0] Bytes parsed: 14
[09:24:52.815] [bmv2] [D] [thread 112150] [31.0] [cxt 0] Parser 'parser': end
[09:24:52.815] [bmv2] [D] [thread 112150] [31.0] [cxt 0] Pipeline 'ingress': start
[09:24:52.815] [bmv2] [T] [thread 112150] [31.0] [cxt 0] switch.p4(116) Condition "hdr.ipv4.isValid()" (node_2) is false
[09:24:52.815] [bmv2] [D] [thread 112150] [31.0] [cxt 0] Pipeline 'ingress': end
[09:24:52.815] [bmv2] [D] [thread 112150] [31.0] [cxt 0] Egress port is 0
[09:24:52.815] [bmv2] [D] [thread 112150] [32.0] [cxt 0] Processing packet received on port 2
[09:24:52.815] [bmv2] [D] [thread 112150] [32.0] [cxt 0] Parser 'parser': start
[09:24:52.815] [bmv2] [D] [thread 112150] [32.0] [cxt 0] Parser 'parser' entering state 'start'
[09:24:52.815] [bmv2] [D] [thread 112150] [32.0] [cxt 0] Extracting header 'ethernet'
[09:24:52.815] [bmv2] [D] [thread 112150] [32.0] [cxt 0] Parser state 'start': key is 86dd
[09:24:52.815] [bmv2] [T] [thread 112150] [32.0] [cxt 0] Bytes parsed: 14
[09:24:52.815] [bmv2] [D] [thread 112150] [32.0] [cxt 0] Parser 'parser': end
[09:24:52.819] [bmv2] [D] [thread 112150] [32.0] [cxt 0] Pipeline 'ingress': start
[09:24:52.820] [bmv2] [T] [thread 112150] [32.0] [cxt 0] switch.p4(116) Condition "hdr.ipv4.isValid()" (node_2) is false
[09:24:52.820] [bmv2] [D] [thread 112150] [32.0] [cxt 0] Pipeline 'ingress': end
[09:24:52.820] [bmv2] [D] [thread 112150] [32.0] [cxt 0] Egress port is 0
[09:24:52.820] [bmv2] [D] [thread 112150] [33.0] [cxt 0] Processing packet received on port 1
[09:24:52.820] [bmv2] [D] [thread 112150] [33.0] [cxt 0] Parser 'parser': start
[09:24:52.820] [bmv2] [D] [thread 112150] [33.0] [cxt 0] Parser 'parser' entering state 'start'
[09:24:52.820] [bmv2] [D] [thread 112150] [33.0] [cxt 0] Extracting header 'ethernet'
[09:24:52.820] [bmv2] [D] [thread 112150] [33.0] [cxt 0] Parser state 'start': key is 86dd
[09:24:52.822] [bmv2] [D] [thread 112151] [31.0] [cxt 0] Pipeline 'egress': start
[09:24:52.822] [bmv2] [D] [thread 112151] [31.0] [cxt 0] Pipeline 'egress': end
[09:24:52.822] [bmv2] [D] [thread 112151] [31.0] [cxt 0] Deparser 'deparser': start
[09:24:52.822] [bmv2] [T] [thread 112150] [33.0] [cxt 0] Bytes parsed: 14
[09:24:52.822] [bmv2] [T] [thread 112151] [31.0] [cxt 0] Skipping checksum 'cksum' update because condition not met
[09:24:52.822] [bmv2] [D] [thread 112151] [31.0] [cxt 0] Deparsing header 'ethernet'
[09:24:52.822] [bmv2] [D] [thread 112151] [31.0] [cxt 0] Deparser 'deparser': end
[09:24:52.822] [bmv2] [D] [thread 112151] [32.0] [cxt 0] Pipeline 'egress': start
[09:24:52.822] [bmv2] [D] [thread 112151] [32.0] [cxt 0] Pipeline 'egress': end
[09:24:52.822] [bmv2] [D] [thread 112151] [32.0] [cxt 0] Deparser 'deparser': start
[09:24:52.822] [bmv2] [T] [thread 112151] [32.0] [cxt 0] Skipping checksum 'cksum' update because condition not met
[09:24:52.822] [bmv2] [D] [thread 112151] [32.0] [cxt 0] Deparsing header 'ethernet'
[09:24:52.822] [bmv2] [D] [thread 112151] [32.0] [cxt 0] Deparser 'deparser': end
[09:24:52.822] [bmv2] [D] [thread 112150] [33.0] [cxt 0] Parser 'parser': end
[09:24:52.822] [bmv2] [D] [thread 112150] [33.0] [cxt 0] Pipeline 'ingress': start
[09:24:52.822] [bmv2] [T] [thread 112150] [33.0] [cxt 0] switch.p4(116) Condition "hdr.ipv4.isValid()" (node_2) is false
[09:24:52.822] [bmv2] [D] [thread 112150] [33.0] [cxt 0] Pipeline 'ingress': end
[09:24:52.822] [bmv2] [D] [thread 112150] [33.0] [cxt 0] Egress port is 0
[09:24:52.822] [bmv2] [D] [thread 112151] [33.0] [cxt 0] Pipeline 'egress': start
[09:24:52.822] [bmv2] [D] [thread 112150] [34.0] [cxt 0] Processing packet received on port 1
[09:24:52.822] [bmv2] [D] [thread 112150] [34.0] [cxt 0] Parser 'parser': start
[09:24:52.822] [bmv2] [D] [thread 112150] [34.0] [cxt 0] Parser 'parser' entering state 'start'
[09:24:52.822] [bmv2] [D] [thread 112150] [34.0] [cxt 0] Extracting header 'ethernet'
[09:24:52.822] [bmv2] [D] [thread 112151] [33.0] [cxt 0] Pipeline 'egress': end
[09:24:52.825] [bmv2] [D] [thread 112151] [33.0] [cxt 0] Deparser 'deparser': start
[09:24:52.825] [bmv2] [T] [thread 112151] [33.0] [cxt 0] Skipping checksum 'cksum' update because condition not met
[09:24:52.825] [bmv2] [D] [thread 112151] [33.0] [cxt 0] Deparsing header 'ethernet'
[09:24:52.825] [bmv2] [D] [thread 112151] [33.0] [cxt 0] Deparser 'deparser': end
[09:24:52.825] [bmv2] [D] [thread 112150] [34.0] [cxt 0] Parser state 'start': key is 86dd
[09:24:52.825] [bmv2] [T] [thread 112150] [34.0] [cxt 0] Bytes parsed: 14
[09:24:52.825] [bmv2] [D] [thread 112150] [34.0] [cxt 0] Parser 'parser': end
[09:24:52.825] [bmv2] [D] [thread 112150] [34.0] [cxt 0] Pipeline 'ingress': start
[09:24:52.825] [bmv2] [T] [thread 112150] [34.0] [cxt 0] switch.p4(116) Condition "hdr.ipv4.isValid()" (node_2) is false
[09:24:52.825] [bmv2] [D] [thread 112150] [34.0] [cxt 0] Pipeline 'ingress': end
[09:24:52.825] [bmv2] [D] [thread 112150] [34.0] [cxt 0] Egress port is 0
[09:24:52.826] [bmv2] [D] [thread 112155] [31.0] [cxt 0] Transmitting packet of size 199 out of port 0
[09:24:52.826] [bmv2] [D] [thread 112155] [32.0] [cxt 0] Transmitting packet of size 211 out of port 0
[09:24:52.826] [bmv2] [D] [thread 112155] [33.0] [cxt 0] Transmitting packet of size 199 out of port 0
[09:24:52.826] [bmv2] [D] [thread 112151] [34.0] [cxt 0] Pipeline 'egress': start
[09:24:52.826] [bmv2] [D] [thread 112151] [34.0] [cxt 0] Pipeline 'egress': end
[09:24:52.826] [bmv2] [D] [thread 112151] [34.0] [cxt 0] Deparser 'deparser': start
[09:24:52.826] [bmv2] [T] [thread 112151] [34.0] [cxt 0] Skipping checksum 'cksum' update because condition not met
[09:24:52.826] [bmv2] [D] [thread 112151] [34.0] [cxt 0] Deparsing header 'ethernet'
[09:24:52.826] [bmv2] [D] [thread 112151] [34.0] [cxt 0] Deparser 'deparser': end
[09:24:52.826] [bmv2] [D] [thread 112155] [34.0] [cxt 0] Transmitting packet of size 110 out of port 0
[09:24:52.864] [bmv2] [D] [thread 112150] [35.0] [cxt 0] Processing packet received on port 2
[09:24:52.864] [bmv2] [D] [thread 112150] [35.0] [cxt 0] Parser 'parser': start
[09:24:52.864] [bmv2] [D] [thread 112150] [35.0] [cxt 0] Parser 'parser' entering state 'start'
[09:24:52.864] [bmv2] [D] [thread 112150] [35.0] [cxt 0] Extracting header 'ethernet'
[09:24:52.864] [bmv2] [D] [thread 112150] [35.0] [cxt 0] Parser state 'start': key is 86dd
[09:24:52.864] [bmv2] [T] [thread 112150] [35.0] [cxt 0] Bytes parsed: 14
[09:24:52.864] [bmv2] [D] [thread 112150] [35.0] [cxt 0] Parser 'parser': end
[09:24:52.864] [bmv2] [D] [thread 112150] [35.0] [cxt 0] Pipeline 'ingress': start
[09:24:52.864] [bmv2] [T] [thread 112150] [35.0] [cxt 0] switch.p4(116) Condition "hdr.ipv4.isValid()" (node_2) is false
[09:24:52.864] [bmv2] [D] [thread 112150] [35.0] [cxt 0] Pipeline 'ingress': end
[09:24:52.864] [bmv2] [D] [thread 112150] [35.0] [cxt 0] Egress port is 0
[09:24:52.864] [bmv2] [D] [thread 112151] [35.0] [cxt 0] Pipeline 'egress': start
[09:24:52.864] [bmv2] [D] [thread 112151] [35.0] [cxt 0] Pipeline 'egress': end
[09:24:52.864] [bmv2] [D] [thread 112151] [35.0] [cxt 0] Deparser 'deparser': start
[09:24:52.864] [bmv2] [T] [thread 112151] [35.0] [cxt 0] Skipping checksum 'cksum' update because condition not met
[09:24:52.864] [bmv2] [D] [thread 112151] [35.0] [cxt 0] Deparsing header 'ethernet'
[09:24:52.864] [bmv2] [D] [thread 112151] [35.0] [cxt 0] Deparser 'deparser': end
[09:24:52.864] [bmv2] [D] [thread 112155] [35.0] [cxt 0] Transmitting packet of size 211 out of port 0
[09:24:52.953] [bmv2] [D] [thread 112150] [36.0] [cxt 0] Processing packet received on port 1
[09:24:52.953] [bmv2] [D] [thread 112150] [36.0] [cxt 0] Parser 'parser': start
[09:24:52.953] [bmv2] [D] [thread 112150] [36.0] [cxt 0] Parser 'parser' entering state 'start'
[09:24:52.953] [bmv2] [D] [thread 112150] [36.0] [cxt 0] Extracting header 'ethernet'
[09:24:52.953] [bmv2] [D] [thread 112150] [36.0] [cxt 0] Parser state 'start': key is 86dd
[09:24:52.953] [bmv2] [T] [thread 112150] [36.0] [cxt 0] Bytes parsed: 14
[09:24:52.953] [bmv2] [D] [thread 112150] [36.0] [cxt 0] Parser 'parser': end
[09:24:52.953] [bmv2] [D] [thread 112150] [36.0] [cxt 0] Pipeline 'ingress': start
[09:24:52.953] [bmv2] [T] [thread 112150] [36.0] [cxt 0] switch.p4(116) Condition "hdr.ipv4.isValid()" (node_2) is false
[09:24:52.953] [bmv2] [D] [thread 112150] [36.0] [cxt 0] Pipeline 'ingress': end
[09:24:52.953] [bmv2] [D] [thread 112150] [36.0] [cxt 0] Egress port is 0
[09:24:52.953] [bmv2] [D] [thread 112151] [36.0] [cxt 0] Pipeline 'egress': start
[09:24:52.953] [bmv2] [D] [thread 112151] [36.0] [cxt 0] Pipeline 'egress': end
[09:24:52.953] [bmv2] [D] [thread 112151] [36.0] [cxt 0] Deparser 'deparser': start
[09:24:52.953] [bmv2] [T] [thread 112151] [36.0] [cxt 0] Skipping checksum 'cksum' update because condition not met
[09:24:52.953] [bmv2] [D] [thread 112151] [36.0] [cxt 0] Deparsing header 'ethernet'
[09:24:52.953] [bmv2] [D] [thread 112151] [36.0] [cxt 0] Deparser 'deparser': end
[09:24:52.953] [bmv2] [D] [thread 112155] [36.0] [cxt 0] Transmitting packet of size 110 out of port 0
[09:24:52.998] [bmv2] [D] [thread 112150] [37.0] [cxt 0] Processing packet received on port 2
[09:24:52.998] [bmv2] [D] [thread 112150] [37.0] [cxt 0] Parser 'parser': start
[09:24:52.999] [bmv2] [D] [thread 112150] [37.0] [cxt 0] Parser 'parser' entering state 'start'
[09:24:52.999] [bmv2] [D] [thread 112150] [37.0] [cxt 0] Extracting header 'ethernet'
[09:24:53.000] [bmv2] [D] [thread 112150] [37.0] [cxt 0] Parser state 'start': key is 86dd
[09:24:53.000] [bmv2] [T] [thread 112150] [37.0] [cxt 0] Bytes parsed: 14
[09:24:53.000] [bmv2] [D] [thread 112150] [37.0] [cxt 0] Parser 'parser': end
[09:24:53.000] [bmv2] [D] [thread 112150] [37.0] [cxt 0] Pipeline 'ingress': start
[09:24:53.000] [bmv2] [T] [thread 112150] [37.0] [cxt 0] switch.p4(116) Condition "hdr.ipv4.isValid()" (node_2) is false
[09:24:53.000] [bmv2] [D] [thread 112150] [37.0] [cxt 0] Pipeline 'ingress': end
[09:24:53.000] [bmv2] [D] [thread 112150] [37.0] [cxt 0] Egress port is 0
[09:24:53.000] [bmv2] [D] [thread 112151] [37.0] [cxt 0] Pipeline 'egress': start
[09:24:53.000] [bmv2] [D] [thread 112151] [37.0] [cxt 0] Pipeline 'egress': end
[09:24:53.000] [bmv2] [D] [thread 112151] [37.0] [cxt 0] Deparser 'deparser': start
[09:24:53.000] [bmv2] [T] [thread 112151] [37.0] [cxt 0] Skipping checksum 'cksum' update because condition not met
[09:24:53.000] [bmv2] [D] [thread 112151] [37.0] [cxt 0] Deparsing header 'ethernet'
[09:24:53.001] [bmv2] [D] [thread 112151] [37.0] [cxt 0] Deparser 'deparser': end
[09:24:53.001] [bmv2] [D] [thread 112155] [37.0] [cxt 0] Transmitting packet of size 90 out of port 0
[09:24:53.003] [bmv2] [D] [thread 112150] [38.0] [cxt 0] Processing packet received on port 1
[09:24:53.004] [bmv2] [D] [thread 112150] [38.0] [cxt 0] Parser 'parser': start
[09:24:53.004] [bmv2] [D] [thread 112150] [38.0] [cxt 0] Parser 'parser' entering state 'start'
[09:24:53.004] [bmv2] [D] [thread 112150] [38.0] [cxt 0] Extracting header 'ethernet'
[09:24:53.004] [bmv2] [D] [thread 112150] [38.0] [cxt 0] Parser state 'start': key is 86dd
[09:24:53.004] [bmv2] [T] [thread 112150] [38.0] [cxt 0] Bytes parsed: 14
[09:24:53.004] [bmv2] [D] [thread 112150] [38.0] [cxt 0] Parser 'parser': end
[09:24:53.004] [bmv2] [D] [thread 112150] [38.0] [cxt 0] Pipeline 'ingress': start
[09:24:53.004] [bmv2] [T] [thread 112150] [38.0] [cxt 0] switch.p4(116) Condition "hdr.ipv4.isValid()" (node_2) is false
[09:24:53.004] [bmv2] [D] [thread 112150] [38.0] [cxt 0] Pipeline 'ingress': end
[09:24:53.004] [bmv2] [D] [thread 112150] [38.0] [cxt 0] Egress port is 0
[09:24:53.004] [bmv2] [D] [thread 112151] [38.0] [cxt 0] Pipeline 'egress': start
[09:24:53.004] [bmv2] [D] [thread 112151] [38.0] [cxt 0] Pipeline 'egress': end
[09:24:53.004] [bmv2] [D] [thread 112151] [38.0] [cxt 0] Deparser 'deparser': start
[09:24:53.004] [bmv2] [T] [thread 112151] [38.0] [cxt 0] Skipping checksum 'cksum' update because condition not met
[09:24:53.004] [bmv2] [D] [thread 112151] [38.0] [cxt 0] Deparsing header 'ethernet'
[09:24:53.004] [bmv2] [D] [thread 112151] [38.0] [cxt 0] Deparser 'deparser': end
[09:24:53.004] [bmv2] [D] [thread 112155] [38.0] [cxt 0] Transmitting packet of size 203 out of port 0
[09:24:53.052] [bmv2] [D] [thread 112150] [39.0] [cxt 0] Processing packet received on port 2
[09:24:53.052] [bmv2] [D] [thread 112150] [39.0] [cxt 0] Parser 'parser': start
[09:24:53.052] [bmv2] [D] [thread 112150] [39.0] [cxt 0] Parser 'parser' entering state 'start'
[09:24:53.052] [bmv2] [D] [thread 112150] [39.0] [cxt 0] Extracting header 'ethernet'
[09:24:53.052] [bmv2] [D] [thread 112150] [39.0] [cxt 0] Parser state 'start': key is 86dd
[09:24:53.052] [bmv2] [T] [thread 112150] [39.0] [cxt 0] Bytes parsed: 14
[09:24:53.052] [bmv2] [D] [thread 112150] [39.0] [cxt 0] Parser 'parser': end
[09:24:53.052] [bmv2] [D] [thread 112150] [39.0] [cxt 0] Pipeline 'ingress': start
[09:24:53.052] [bmv2] [T] [thread 112150] [39.0] [cxt 0] switch.p4(116) Condition "hdr.ipv4.isValid()" (node_2) is false
[09:24:53.052] [bmv2] [D] [thread 112150] [39.0] [cxt 0] Pipeline 'ingress': end
[09:24:53.052] [bmv2] [D] [thread 112150] [39.0] [cxt 0] Egress port is 0
[09:24:53.052] [bmv2] [D] [thread 112151] [39.0] [cxt 0] Pipeline 'egress': start
[09:24:53.052] [bmv2] [D] [thread 112151] [39.0] [cxt 0] Pipeline 'egress': end
[09:24:53.052] [bmv2] [D] [thread 112151] [39.0] [cxt 0] Deparser 'deparser': start
[09:24:53.052] [bmv2] [T] [thread 112151] [39.0] [cxt 0] Skipping checksum 'cksum' update because condition not met
[09:24:53.058] [bmv2] [D] [thread 112151] [39.0] [cxt 0] Deparsing header 'ethernet'
[09:24:53.058] [bmv2] [D] [thread 112151] [39.0] [cxt 0] Deparser 'deparser': end
[09:24:53.058] [bmv2] [D] [thread 112155] [39.0] [cxt 0] Transmitting packet of size 110 out of port 0
[09:24:53.063] [bmv2] [D] [thread 112150] [40.0] [cxt 0] Processing packet received on port 2
[09:24:53.063] [bmv2] [D] [thread 112150] [40.0] [cxt 0] Parser 'parser': start
[09:24:53.063] [bmv2] [D] [thread 112150] [40.0] [cxt 0] Parser 'parser' entering state 'start'
[09:24:53.063] [bmv2] [D] [thread 112150] [40.0] [cxt 0] Extracting header 'ethernet'
[09:24:53.063] [bmv2] [D] [thread 112150] [40.0] [cxt 0] Parser state 'start': key is 86dd
[09:24:53.063] [bmv2] [T] [thread 112150] [40.0] [cxt 0] Bytes parsed: 14
[09:24:53.063] [bmv2] [D] [thread 112150] [40.0] [cxt 0] Parser 'parser': end
[09:24:53.063] [bmv2] [D] [thread 112150] [40.0] [cxt 0] Pipeline 'ingress': start
[09:24:53.063] [bmv2] [T] [thread 112150] [40.0] [cxt 0] switch.p4(116) Condition "hdr.ipv4.isValid()" (node_2) is false
[09:24:53.063] [bmv2] [D] [thread 112150] [40.0] [cxt 0] Pipeline 'ingress': end
[09:24:53.063] [bmv2] [D] [thread 112150] [40.0] [cxt 0] Egress port is 0
[09:24:53.063] [bmv2] [D] [thread 112151] [40.0] [cxt 0] Pipeline 'egress': start
[09:24:53.063] [bmv2] [D] [thread 112151] [40.0] [cxt 0] Pipeline 'egress': end
[09:24:53.063] [bmv2] [D] [thread 112151] [40.0] [cxt 0] Deparser 'deparser': start
[09:24:53.063] [bmv2] [T] [thread 112151] [40.0] [cxt 0] Skipping checksum 'cksum' update because condition not met
[09:24:53.063] [bmv2] [D] [thread 112151] [40.0] [cxt 0] Deparsing header 'ethernet'
[09:24:53.063] [bmv2] [D] [thread 112151] [40.0] [cxt 0] Deparser 'deparser': end
[09:24:53.063] [bmv2] [D] [thread 112155] [40.0] [cxt 0] Transmitting packet of size 199 out of port 0
[09:24:53.088] [bmv2] [W] [thread 112195] [P4Runtime] p4::tmp::P4DeviceConfig is deprecated
[09:24:53.088] [bmv2] [D] [thread 112195] Set default default entry for table 'MyIngress.ipv4_lpm': MyIngress.drop - 
[09:24:53.088] [bmv2] [D] [thread 112195] simple_switch target has been notified of a config swap
[09:24:53.093] [bmv2] [D] [thread 112195] Set default entry for table 'MyIngress.ipv4_lpm': MyIngress.drop - 
[09:24:53.093] [bmv2] [D] [thread 112196] Entry 0 added to table 'MyIngress.ipv4_lpm'
[09:24:53.093] [bmv2] [D] [thread 112196] Dumping entry 0
Match key:
* hdr.ipv4.dstAddr    : LPM       0a000101/32
Action entry: MyIngress.ipv4_forward - 80000000100,1,

[09:24:53.093] [bmv2] [D] [thread 112195] Entry 1 added to table 'MyIngress.ipv4_lpm'
[09:24:53.098] [bmv2] [D] [thread 112195] Dumping entry 1
Match key:
* hdr.ipv4.dstAddr    : LPM       0a000202/32
Action entry: MyIngress.ipv4_forward - 80000000300,2,

[09:24:53.215] [bmv2] [D] [thread 112150] [41.0] [cxt 0] Processing packet received on port 2
[09:24:53.215] [bmv2] [D] [thread 112150] [41.0] [cxt 0] Parser 'parser': start
[09:24:53.215] [bmv2] [D] [thread 112150] [41.0] [cxt 0] Parser 'parser' entering state 'start'
[09:24:53.215] [bmv2] [D] [thread 112150] [41.0] [cxt 0] Extracting header 'ethernet'
[09:24:53.215] [bmv2] [D] [thread 112150] [41.0] [cxt 0] Parser state 'start': key is 86dd
[09:24:53.215] [bmv2] [T] [thread 112150] [41.0] [cxt 0] Bytes parsed: 14
[09:24:53.215] [bmv2] [D] [thread 112150] [41.0] [cxt 0] Parser 'parser': end
[09:24:53.215] [bmv2] [D] [thread 112150] [41.0] [cxt 0] Pipeline 'ingress': start
[09:24:53.215] [bmv2] [T] [thread 112150] [41.0] [cxt 0] switch.p4(116) Condition "hdr.ipv4.isValid()" (node_2) is false
[09:24:53.215] [bmv2] [D] [thread 112150] [41.0] [cxt 0] Pipeline 'ingress': end
[09:24:53.215] [bmv2] [D] [thread 112150] [41.0] [cxt 0] Egress port is 0
[09:24:53.215] [bmv2] [D] [thread 112151] [41.0] [cxt 0] Pipeline 'egress': start
[09:24:53.215] [bmv2] [D] [thread 112151] [41.0] [cxt 0] Pipeline 'egress': end
[09:24:53.215] [bmv2] [D] [thread 112151] [41.0] [cxt 0] Deparser 'deparser': start
[09:24:53.215] [bmv2] [T] [thread 112151] [41.0] [cxt 0] Skipping checksum 'cksum' update because condition not met
[09:24:53.215] [bmv2] [D] [thread 112151] [41.0] [cxt 0] Deparsing header 'ethernet'
[09:24:53.215] [bmv2] [D] [thread 112151] [41.0] [cxt 0] Deparser 'deparser': end
[09:24:53.215] [bmv2] [D] [thread 112155] [41.0] [cxt 0] Transmitting packet of size 199 out of port 0
[09:24:53.385] [bmv2] [D] [thread 112150] [42.0] [cxt 0] Processing packet received on port 2
[09:24:53.385] [bmv2] [D] [thread 112150] [42.0] [cxt 0] Parser 'parser': start
[09:24:53.385] [bmv2] [D] [thread 112150] [42.0] [cxt 0] Parser 'parser' entering state 'start'
[09:24:53.385] [bmv2] [D] [thread 112150] [42.0] [cxt 0] Extracting header 'ethernet'
[09:24:53.385] [bmv2] [D] [thread 112150] [42.0] [cxt 0] Parser state 'start': key is 86dd
[09:24:53.385] [bmv2] [T] [thread 112150] [42.0] [cxt 0] Bytes parsed: 14
[09:24:53.385] [bmv2] [D] [thread 112150] [42.0] [cxt 0] Parser 'parser': end
[09:24:53.385] [bmv2] [D] [thread 112150] [42.0] [cxt 0] Pipeline 'ingress': start
[09:24:53.385] [bmv2] [T] [thread 112150] [42.0] [cxt 0] switch.p4(116) Condition "hdr.ipv4.isValid()" (node_2) is false
[09:24:53.385] [bmv2] [D] [thread 112150] [42.0] [cxt 0] Pipeline 'ingress': end
[09:24:53.385] [bmv2] [D] [thread 112150] [42.0] [cxt 0] Egress port is 0
[09:24:53.385] [bmv2] [D] [thread 112151] [42.0] [cxt 0] Pipeline 'egress': start
[09:24:53.385] [bmv2] [D] [thread 112151] [42.0] [cxt 0] Pipeline 'egress': end
[09:24:53.385] [bmv2] [D] [thread 112151] [42.0] [cxt 0] Deparser 'deparser': start
[09:24:53.385] [bmv2] [T] [thread 112151] [42.0] [cxt 0] Skipping checksum 'cksum' update because condition not met
[09:24:53.385] [bmv2] [D] [thread 112151] [42.0] [cxt 0] Deparsing header 'ethernet'
[09:24:53.385] [bmv2] [D] [thread 112151] [42.0] [cxt 0] Deparser 'deparser': end
[09:24:53.385] [bmv2] [D] [thread 112155] [42.0] [cxt 0] Transmitting packet of size 203 out of port 0
[09:24:53.852] [bmv2] [D] [thread 112150] [43.0] [cxt 0] Processing packet received on port 1
[09:24:53.852] [bmv2] [D] [thread 112150] [43.0] [cxt 0] Parser 'parser': start
[09:24:53.852] [bmv2] [D] [thread 112150] [43.0] [cxt 0] Parser 'parser' entering state 'start'
[09:24:53.852] [bmv2] [D] [thread 112150] [43.0] [cxt 0] Extracting header 'ethernet'
[09:24:53.852] [bmv2] [D] [thread 112150] [43.0] [cxt 0] Parser state 'start': key is 86dd
[09:24:53.852] [bmv2] [T] [thread 112150] [43.0] [cxt 0] Bytes parsed: 14
[09:24:53.852] [bmv2] [D] [thread 112150] [43.0] [cxt 0] Parser 'parser': end
[09:24:53.852] [bmv2] [D] [thread 112150] [43.0] [cxt 0] Pipeline 'ingress': start
[09:24:53.852] [bmv2] [T] [thread 112150] [43.0] [cxt 0] switch.p4(116) Condition "hdr.ipv4.isValid()" (node_2) is false
[09:24:53.852] [bmv2] [D] [thread 112150] [43.0] [cxt 0] Pipeline 'ingress': end
[09:24:53.852] [bmv2] [D] [thread 112150] [43.0] [cxt 0] Egress port is 0
[09:24:53.852] [bmv2] [D] [thread 112150] [44.0] [cxt 0] Processing packet received on port 1
[09:24:53.852] [bmv2] [D] [thread 112150] [44.0] [cxt 0] Parser 'parser': start
[09:24:53.852] [bmv2] [D] [thread 112150] [44.0] [cxt 0] Parser 'parser' entering state 'start'
[09:24:53.852] [bmv2] [D] [thread 112150] [44.0] [cxt 0] Extracting header 'ethernet'
[09:24:53.852] [bmv2] [D] [thread 112150] [44.0] [cxt 0] Parser state 'start': key is 86dd
[09:24:53.852] [bmv2] [T] [thread 112150] [44.0] [cxt 0] Bytes parsed: 14
[09:24:53.852] [bmv2] [D] [thread 112150] [44.0] [cxt 0] Parser 'parser': end
[09:24:53.852] [bmv2] [D] [thread 112150] [44.0] [cxt 0] Pipeline 'ingress': start
[09:24:53.852] [bmv2] [T] [thread 112150] [44.0] [cxt 0] switch.p4(116) Condition "hdr.ipv4.isValid()" (node_2) is false
[09:24:53.852] [bmv2] [D] [thread 112150] [44.0] [cxt 0] Pipeline 'ingress': end
[09:24:53.852] [bmv2] [D] [thread 112150] [44.0] [cxt 0] Egress port is 0
[09:24:53.852] [bmv2] [D] [thread 112151] [43.0] [cxt 0] Pipeline 'egress': start
[09:24:53.852] [bmv2] [D] [thread 112151] [43.0] [cxt 0] Pipeline 'egress': end
[09:24:53.852] [bmv2] [D] [thread 112151] [43.0] [cxt 0] Deparser 'deparser': start
[09:24:53.852] [bmv2] [T] [thread 112151] [43.0] [cxt 0] Skipping checksum 'cksum' update because condition not met
[09:24:53.852] [bmv2] [D] [thread 112151] [43.0] [cxt 0] Deparsing header 'ethernet'
[09:24:53.852] [bmv2] [D] [thread 112151] [43.0] [cxt 0] Deparser 'deparser': end
[09:24:53.852] [bmv2] [D] [thread 112151] [44.0] [cxt 0] Pipeline 'egress': start
[09:24:53.852] [bmv2] [D] [thread 112151] [44.0] [cxt 0] Pipeline 'egress': end
[09:24:53.852] [bmv2] [D] [thread 112151] [44.0] [cxt 0] Deparser 'deparser': start
[09:24:53.852] [bmv2] [T] [thread 112151] [44.0] [cxt 0] Skipping checksum 'cksum' update because condition not met
[09:24:53.853] [bmv2] [D] [thread 112151] [44.0] [cxt 0] Deparsing header 'ethernet'
[09:24:53.853] [bmv2] [D] [thread 112151] [44.0] [cxt 0] Deparser 'deparser': end
[09:24:53.853] [bmv2] [D] [thread 112155] [43.0] [cxt 0] Transmitting packet of size 199 out of port 0
[09:24:53.853] [bmv2] [D] [thread 112155] [44.0] [cxt 0] Transmitting packet of size 199 out of port 0
[09:24:54.114] [bmv2] [D] [thread 112150] [45.0] [cxt 0] Processing packet received on port 2
[09:24:54.114] [bmv2] [D] [thread 112150] [45.0] [cxt 0] Parser 'parser': start
[09:24:54.114] [bmv2] [D] [thread 112150] [45.0] [cxt 0] Parser 'parser' entering state 'start'
[09:24:54.114] [bmv2] [D] [thread 112150] [45.0] [cxt 0] Extracting header 'ethernet'
[09:24:54.114] [bmv2] [D] [thread 112150] [45.0] [cxt 0] Parser state 'start': key is 86dd
[09:24:54.114] [bmv2] [T] [thread 112150] [45.0] [cxt 0] Bytes parsed: 14
[09:24:54.114] [bmv2] [D] [thread 112150] [45.0] [cxt 0] Parser 'parser': end
[09:24:54.114] [bmv2] [D] [thread 112150] [45.0] [cxt 0] Pipeline 'ingress': start
[09:24:54.114] [bmv2] [T] [thread 112150] [45.0] [cxt 0] switch.p4(116) Condition "hdr.ipv4.isValid()" (node_2) is false
[09:24:54.114] [bmv2] [D] [thread 112150] [45.0] [cxt 0] Pipeline 'ingress': end
[09:24:54.114] [bmv2] [D] [thread 112150] [45.0] [cxt 0] Egress port is 0
[09:24:54.121] [bmv2] [D] [thread 112151] [45.0] [cxt 0] Pipeline 'egress': start
[09:24:54.121] [bmv2] [D] [thread 112151] [45.0] [cxt 0] Pipeline 'egress': end
[09:24:54.121] [bmv2] [D] [thread 112151] [45.0] [cxt 0] Deparser 'deparser': start
[09:24:54.121] [bmv2] [T] [thread 112151] [45.0] [cxt 0] Skipping checksum 'cksum' update because condition not met
[09:24:54.121] [bmv2] [D] [thread 112151] [45.0] [cxt 0] Deparsing header 'ethernet'
[09:24:54.122] [bmv2] [D] [thread 112151] [45.0] [cxt 0] Deparser 'deparser': end
[09:24:54.122] [bmv2] [D] [thread 112155] [45.0] [cxt 0] Transmitting packet of size 199 out of port 0
[09:24:54.273] [bmv2] [D] [thread 112150] [46.0] [cxt 0] Processing packet received on port 2
[09:24:54.273] [bmv2] [D] [thread 112150] [46.0] [cxt 0] Parser 'parser': start
[09:24:54.273] [bmv2] [D] [thread 112150] [46.0] [cxt 0] Parser 'parser' entering state 'start'
[09:24:54.273] [bmv2] [D] [thread 112150] [46.0] [cxt 0] Extracting header 'ethernet'
[09:24:54.273] [bmv2] [D] [thread 112150] [46.0] [cxt 0] Parser state 'start': key is 86dd
[09:24:54.273] [bmv2] [T] [thread 112150] [46.0] [cxt 0] Bytes parsed: 14
[09:24:54.273] [bmv2] [D] [thread 112150] [46.0] [cxt 0] Parser 'parser': end
[09:24:54.273] [bmv2] [D] [thread 112150] [46.0] [cxt 0] Pipeline 'ingress': start
[09:24:54.273] [bmv2] [T] [thread 112150] [46.0] [cxt 0] switch.p4(116) Condition "hdr.ipv4.isValid()" (node_2) is false
[09:24:54.273] [bmv2] [D] [thread 112150] [46.0] [cxt 0] Pipeline 'ingress': end
[09:24:54.273] [bmv2] [D] [thread 112150] [46.0] [cxt 0] Egress port is 0
[09:24:54.273] [bmv2] [D] [thread 112151] [46.0] [cxt 0] Pipeline 'egress': start
[09:24:54.273] [bmv2] [D] [thread 112151] [46.0] [cxt 0] Pipeline 'egress': end
[09:24:54.273] [bmv2] [D] [thread 112151] [46.0] [cxt 0] Deparser 'deparser': start
[09:24:54.273] [bmv2] [T] [thread 112151] [46.0] [cxt 0] Skipping checksum 'cksum' update because condition not met
[09:24:54.273] [bmv2] [D] [thread 112151] [46.0] [cxt 0] Deparsing header 'ethernet'
[09:24:54.273] [bmv2] [D] [thread 112151] [46.0] [cxt 0] Deparser 'deparser': end
[09:24:54.273] [bmv2] [D] [thread 112155] [46.0] [cxt 0] Transmitting packet of size 199 out of port 0
[09:24:55.046] [bmv2] [D] [thread 112150] [47.0] [cxt 0] Processing packet received on port 1
[09:24:55.046] [bmv2] [D] [thread 112150] [47.0] [cxt 0] Parser 'parser': start
[09:24:55.046] [bmv2] [D] [thread 112150] [47.0] [cxt 0] Parser 'parser' entering state 'start'
[09:24:55.046] [bmv2] [D] [thread 112150] [47.0] [cxt 0] Extracting header 'ethernet'
[09:24:55.046] [bmv2] [D] [thread 112150] [47.0] [cxt 0] Parser state 'start': key is 86dd
[09:24:55.046] [bmv2] [T] [thread 112150] [47.0] [cxt 0] Bytes parsed: 14
[09:24:55.046] [bmv2] [D] [thread 112150] [47.0] [cxt 0] Parser 'parser': end
[09:24:55.046] [bmv2] [D] [thread 112150] [47.0] [cxt 0] Pipeline 'ingress': start
[09:24:55.050] [bmv2] [T] [thread 112150] [47.0] [cxt 0] switch.p4(116) Condition "hdr.ipv4.isValid()" (node_2) is false
[09:24:55.050] [bmv2] [D] [thread 112150] [47.0] [cxt 0] Pipeline 'ingress': end
[09:24:55.055] [bmv2] [D] [thread 112150] [47.0] [cxt 0] Egress port is 0
[09:24:55.055] [bmv2] [D] [thread 112151] [47.0] [cxt 0] Pipeline 'egress': start
[09:24:55.055] [bmv2] [D] [thread 112151] [47.0] [cxt 0] Pipeline 'egress': end
[09:24:55.055] [bmv2] [D] [thread 112151] [47.0] [cxt 0] Deparser 'deparser': start
[09:24:55.055] [bmv2] [T] [thread 112151] [47.0] [cxt 0] Skipping checksum 'cksum' update because condition not met
[09:24:55.055] [bmv2] [D] [thread 112151] [47.0] [cxt 0] Deparsing header 'ethernet'
[09:24:55.055] [bmv2] [D] [thread 112151] [47.0] [cxt 0] Deparser 'deparser': end
[09:24:55.055] [bmv2] [D] [thread 112155] [47.0] [cxt 0] Transmitting packet of size 203 out of port 0
[09:24:55.354] [bmv2] [D] [thread 112150] [48.0] [cxt 0] Processing packet received on port 2
[09:24:55.354] [bmv2] [D] [thread 112150] [48.0] [cxt 0] Parser 'parser': start
[09:24:55.354] [bmv2] [D] [thread 112150] [48.0] [cxt 0] Parser 'parser' entering state 'start'
[09:24:55.354] [bmv2] [D] [thread 112150] [48.0] [cxt 0] Extracting header 'ethernet'
[09:24:55.354] [bmv2] [D] [thread 112150] [48.0] [cxt 0] Parser state 'start': key is 86dd
[09:24:55.354] [bmv2] [T] [thread 112150] [48.0] [cxt 0] Bytes parsed: 14
[09:24:55.354] [bmv2] [D] [thread 112150] [48.0] [cxt 0] Parser 'parser': end
[09:24:55.354] [bmv2] [D] [thread 112150] [48.0] [cxt 0] Pipeline 'ingress': start
[09:24:55.354] [bmv2] [T] [thread 112150] [48.0] [cxt 0] switch.p4(116) Condition "hdr.ipv4.isValid()" (node_2) is false
[09:24:55.354] [bmv2] [D] [thread 112150] [48.0] [cxt 0] Pipeline 'ingress': end
[09:24:55.354] [bmv2] [D] [thread 112150] [48.0] [cxt 0] Egress port is 0
[09:24:55.354] [bmv2] [D] [thread 112151] [48.0] [cxt 0] Pipeline 'egress': start
[09:24:55.354] [bmv2] [D] [thread 112151] [48.0] [cxt 0] Pipeline 'egress': end
[09:24:55.354] [bmv2] [D] [thread 112151] [48.0] [cxt 0] Deparser 'deparser': start
[09:24:55.354] [bmv2] [T] [thread 112151] [48.0] [cxt 0] Skipping checksum 'cksum' update because condition not met
[09:24:55.354] [bmv2] [D] [thread 112151] [48.0] [cxt 0] Deparsing header 'ethernet'
[09:24:55.354] [bmv2] [D] [thread 112151] [48.0] [cxt 0] Deparser 'deparser': end
[09:24:55.354] [bmv2] [D] [thread 112155] [48.0] [cxt 0] Transmitting packet of size 203 out of port 0
[09:24:55.933] [bmv2] [D] [thread 112150] [49.0] [cxt 0] Processing packet received on port 1
[09:24:55.933] [bmv2] [D] [thread 112150] [49.0] [cxt 0] Parser 'parser': start
[09:24:55.933] [bmv2] [D] [thread 112150] [49.0] [cxt 0] Parser 'parser' entering state 'start'
[09:24:55.933] [bmv2] [D] [thread 112150] [49.0] [cxt 0] Extracting header 'ethernet'
[09:24:55.933] [bmv2] [D] [thread 112150] [49.0] [cxt 0] Parser state 'start': key is 86dd
[09:24:55.933] [bmv2] [T] [thread 112150] [49.0] [cxt 0] Bytes parsed: 14
[09:24:55.933] [bmv2] [D] [thread 112150] [49.0] [cxt 0] Parser 'parser': end
[09:24:55.933] [bmv2] [D] [thread 112150] [49.0] [cxt 0] Pipeline 'ingress': start
[09:24:55.933] [bmv2] [T] [thread 112150] [49.0] [cxt 0] switch.p4(116) Condition "hdr.ipv4.isValid()" (node_2) is false
[09:24:55.933] [bmv2] [D] [thread 112150] [49.0] [cxt 0] Pipeline 'ingress': end
[09:24:55.933] [bmv2] [D] [thread 112150] [49.0] [cxt 0] Egress port is 0
[09:24:55.933] [bmv2] [D] [thread 112150] [50.0] [cxt 0] Processing packet received on port 1
[09:24:55.933] [bmv2] [D] [thread 112150] [50.0] [cxt 0] Parser 'parser': start
[09:24:55.933] [bmv2] [D] [thread 112150] [50.0] [cxt 0] Parser 'parser' entering state 'start'
[09:24:55.933] [bmv2] [D] [thread 112150] [50.0] [cxt 0] Extracting header 'ethernet'
[09:24:55.933] [bmv2] [D] [thread 112150] [50.0] [cxt 0] Parser state 'start': key is 86dd
[09:24:55.933] [bmv2] [T] [thread 112150] [50.0] [cxt 0] Bytes parsed: 14
[09:24:55.933] [bmv2] [D] [thread 112150] [50.0] [cxt 0] Parser 'parser': end
[09:24:55.933] [bmv2] [D] [thread 112150] [50.0] [cxt 0] Pipeline 'ingress': start
[09:24:55.933] [bmv2] [T] [thread 112150] [50.0] [cxt 0] switch.p4(116) Condition "hdr.ipv4.isValid()" (node_2) is false
[09:24:55.933] [bmv2] [D] [thread 112150] [50.0] [cxt 0] Pipeline 'ingress': end
[09:24:55.933] [bmv2] [D] [thread 112150] [50.0] [cxt 0] Egress port is 0
[09:24:55.940] [bmv2] [D] [thread 112151] [49.0] [cxt 0] Pipeline 'egress': start
[09:24:55.941] [bmv2] [D] [thread 112151] [49.0] [cxt 0] Pipeline 'egress': end
[09:24:55.941] [bmv2] [D] [thread 112151] [49.0] [cxt 0] Deparser 'deparser': start
[09:24:55.941] [bmv2] [T] [thread 112151] [49.0] [cxt 0] Skipping checksum 'cksum' update because condition not met
[09:24:55.941] [bmv2] [D] [thread 112151] [49.0] [cxt 0] Deparsing header 'ethernet'
[09:24:55.941] [bmv2] [D] [thread 112151] [49.0] [cxt 0] Deparser 'deparser': end
[09:24:55.941] [bmv2] [D] [thread 112151] [50.0] [cxt 0] Pipeline 'egress': start
[09:24:55.941] [bmv2] [D] [thread 112151] [50.0] [cxt 0] Pipeline 'egress': end
[09:24:55.941] [bmv2] [D] [thread 112151] [50.0] [cxt 0] Deparser 'deparser': start
[09:24:55.941] [bmv2] [T] [thread 112151] [50.0] [cxt 0] Skipping checksum 'cksum' update because condition not met
[09:24:55.941] [bmv2] [D] [thread 112155] [49.0] [cxt 0] Transmitting packet of size 199 out of port 0
[09:24:55.941] [bmv2] [D] [thread 112151] [50.0] [cxt 0] Deparsing header 'ethernet'
[09:24:55.941] [bmv2] [D] [thread 112151] [50.0] [cxt 0] Deparser 'deparser': end
[09:24:55.941] [bmv2] [D] [thread 112155] [50.0] [cxt 0] Transmitting packet of size 199 out of port 0
[09:24:56.057] [bmv2] [D] [thread 112150] [51.0] [cxt 0] Processing packet received on port 2
[09:24:56.057] [bmv2] [D] [thread 112150] [51.0] [cxt 0] Parser 'parser': start
[09:24:56.057] [bmv2] [D] [thread 112150] [51.0] [cxt 0] Parser 'parser' entering state 'start'
[09:24:56.057] [bmv2] [D] [thread 112150] [51.0] [cxt 0] Extracting header 'ethernet'
[09:24:56.057] [bmv2] [D] [thread 112150] [51.0] [cxt 0] Parser state 'start': key is 86dd
[09:24:56.057] [bmv2] [T] [thread 112150] [51.0] [cxt 0] Bytes parsed: 14
[09:24:56.057] [bmv2] [D] [thread 112150] [51.0] [cxt 0] Parser 'parser': end
[09:24:56.057] [bmv2] [D] [thread 112150] [51.0] [cxt 0] Pipeline 'ingress': start
[09:24:56.057] [bmv2] [T] [thread 112150] [51.0] [cxt 0] switch.p4(116) Condition "hdr.ipv4.isValid()" (node_2) is false
[09:24:56.057] [bmv2] [D] [thread 112150] [51.0] [cxt 0] Pipeline 'ingress': end
[09:24:56.057] [bmv2] [D] [thread 112150] [51.0] [cxt 0] Egress port is 0
[09:24:56.057] [bmv2] [D] [thread 112151] [51.0] [cxt 0] Pipeline 'egress': start
[09:24:56.057] [bmv2] [D] [thread 112151] [51.0] [cxt 0] Pipeline 'egress': end
[09:24:56.057] [bmv2] [D] [thread 112151] [51.0] [cxt 0] Deparser 'deparser': start
[09:24:56.057] [bmv2] [T] [thread 112151] [51.0] [cxt 0] Skipping checksum 'cksum' update because condition not met
[09:24:56.058] [bmv2] [D] [thread 112151] [51.0] [cxt 0] Deparsing header 'ethernet'
[09:24:56.058] [bmv2] [D] [thread 112151] [51.0] [cxt 0] Deparser 'deparser': end
[09:24:56.058] [bmv2] [D] [thread 112155] [51.0] [cxt 0] Transmitting packet of size 70 out of port 0
[09:24:56.167] [bmv2] [D] [thread 112150] [52.0] [cxt 0] Processing packet received on port 2
[09:24:56.167] [bmv2] [D] [thread 112150] [52.0] [cxt 0] Parser 'parser': start
[09:24:56.167] [bmv2] [D] [thread 112150] [52.0] [cxt 0] Parser 'parser' entering state 'start'
[09:24:56.167] [bmv2] [D] [thread 112150] [52.0] [cxt 0] Extracting header 'ethernet'
[09:24:56.167] [bmv2] [D] [thread 112150] [52.0] [cxt 0] Parser state 'start': key is 86dd
[09:24:56.167] [bmv2] [T] [thread 112150] [52.0] [cxt 0] Bytes parsed: 14
[09:24:56.167] [bmv2] [D] [thread 112150] [52.0] [cxt 0] Parser 'parser': end
[09:24:56.167] [bmv2] [D] [thread 112150] [52.0] [cxt 0] Pipeline 'ingress': start
[09:24:56.167] [bmv2] [T] [thread 112150] [52.0] [cxt 0] switch.p4(116) Condition "hdr.ipv4.isValid()" (node_2) is false
[09:24:56.167] [bmv2] [D] [thread 112150] [52.0] [cxt 0] Pipeline 'ingress': end
[09:24:56.167] [bmv2] [D] [thread 112150] [52.0] [cxt 0] Egress port is 0
[09:24:56.167] [bmv2] [D] [thread 112151] [52.0] [cxt 0] Pipeline 'egress': start
[09:24:56.167] [bmv2] [D] [thread 112151] [52.0] [cxt 0] Pipeline 'egress': end
[09:24:56.167] [bmv2] [D] [thread 112151] [52.0] [cxt 0] Deparser 'deparser': start
[09:24:56.167] [bmv2] [T] [thread 112151] [52.0] [cxt 0] Skipping checksum 'cksum' update because condition not met
[09:24:56.167] [bmv2] [D] [thread 112151] [52.0] [cxt 0] Deparsing header 'ethernet'
[09:24:56.167] [bmv2] [D] [thread 112151] [52.0] [cxt 0] Deparser 'deparser': end
[09:24:56.167] [bmv2] [D] [thread 112155] [52.0] [cxt 0] Transmitting packet of size 199 out of port 0
[09:24:56.167] [bmv2] [D] [thread 112150] [53.0] [cxt 0] Processing packet received on port 1
[09:24:56.167] [bmv2] [D] [thread 112150] [53.0] [cxt 0] Parser 'parser': start
[09:24:56.167] [bmv2] [D] [thread 112150] [53.0] [cxt 0] Parser 'parser' entering state 'start'
[09:24:56.167] [bmv2] [D] [thread 112150] [53.0] [cxt 0] Extracting header 'ethernet'
[09:24:56.167] [bmv2] [D] [thread 112150] [53.0] [cxt 0] Parser state 'start': key is 0800
[09:24:56.167] [bmv2] [T] [thread 112150] [53.0] [cxt 0] Bytes parsed: 14
[09:24:56.167] [bmv2] [D] [thread 112150] [53.0] [cxt 0] Parser 'parser' entering state 'parse_ipv4'
[09:24:56.167] [bmv2] [D] [thread 112150] [53.0] [cxt 0] Extracting header 'ipv4'
[09:24:56.167] [bmv2] [D] [thread 112150] [53.0] [cxt 0] Parser state 'parse_ipv4' has no switch, going to default next state
[09:24:56.167] [bmv2] [T] [thread 112150] [53.0] [cxt 0] Bytes parsed: 34
[09:24:56.167] [bmv2] [D] [thread 112150] [53.0] [cxt 0] Parser 'parser': end
[09:24:56.167] [bmv2] [D] [thread 112150] [53.0] [cxt 0] Pipeline 'ingress': start
[09:24:56.167] [bmv2] [T] [thread 112150] [53.0] [cxt 0] switch.p4(116) Condition "hdr.ipv4.isValid()" (node_2) is true
[09:24:56.167] [bmv2] [T] [thread 112150] [53.0] [cxt 0] Applying table 'MyIngress.ipv4_lpm'
[09:24:56.167] [bmv2] [D] [thread 112150] [53.0] [cxt 0] Looking up key:
* hdr.ipv4.dstAddr    : 0a000202

[09:24:56.167] [bmv2] [D] [thread 112150] [53.0] [cxt 0] Table 'MyIngress.ipv4_lpm': hit with handle 1
[09:24:56.167] [bmv2] [D] [thread 112150] [53.0] [cxt 0] Dumping entry 1
Match key:
* hdr.ipv4.dstAddr    : LPM       0a000202/32
Action entry: MyIngress.ipv4_forward - 80000000300,2,

[09:24:56.167] [bmv2] [D] [thread 112150] [53.0] [cxt 0] Action entry is MyIngress.ipv4_forward - 80000000300,2,
[09:24:56.167] [bmv2] [T] [thread 112150] [53.0] [cxt 0] Action MyIngress.ipv4_forward
[09:24:56.167] [bmv2] [T] [thread 112150] [53.0] [cxt 0] switch.p4(96) Primitive standard_metadata.egress_spec = port
[09:24:56.167] [bmv2] [T] [thread 112150] [53.0] [cxt 0] switch.p4(97) Primitive hdr.ethernet.srcAddr = hdr.ethernet.dstAddr
[09:24:56.167] [bmv2] [T] [thread 112150] [53.0] [cxt 0] switch.p4(98) Primitive hdr.ethernet.dstAddr = dstAddr
[09:24:56.167] [bmv2] [T] [thread 112150] [53.0] [cxt 0] switch.p4(99) Primitive hdr.ipv4.ttl = hdr.ipv4.ttl - 1
[09:24:56.167] [bmv2] [D] [thread 112150] [53.0] [cxt 0] Pipeline 'ingress': end
[09:24:56.167] [bmv2] [D] [thread 112150] [53.0] [cxt 0] Egress port is 2
[09:24:56.167] [bmv2] [D] [thread 112153] [53.0] [cxt 0] Pipeline 'egress': start
[09:24:56.167] [bmv2] [D] [thread 112153] [53.0] [cxt 0] Pipeline 'egress': end
[09:24:56.167] [bmv2] [D] [thread 112153] [53.0] [cxt 0] Deparser 'deparser': start
[09:24:56.167] [bmv2] [D] [thread 112153] [53.0] [cxt 0] Updating checksum 'cksum'
[09:24:56.167] [bmv2] [D] [thread 112153] [53.0] [cxt 0] Deparsing header 'ethernet'
[09:24:56.167] [bmv2] [D] [thread 112153] [53.0] [cxt 0] Deparsing header 'ipv4'
[09:24:56.167] [bmv2] [D] [thread 112153] [53.0] [cxt 0] Deparser 'deparser': end
[09:24:56.169] [bmv2] [D] [thread 112155] [53.0] [cxt 0] Transmitting packet of size 48 out of port 2
[09:24:56.177] [bmv2] [D] [thread 112150] [54.0] [cxt 0] Processing packet received on port 2
[09:24:56.177] [bmv2] [D] [thread 112150] [54.0] [cxt 0] Parser 'parser': start
[09:24:56.177] [bmv2] [D] [thread 112150] [54.0] [cxt 0] Parser 'parser' entering state 'start'
[09:24:56.177] [bmv2] [D] [thread 112150] [54.0] [cxt 0] Extracting header 'ethernet'
[09:24:56.177] [bmv2] [D] [thread 112150] [54.0] [cxt 0] Parser state 'start': key is 0800
[09:24:56.177] [bmv2] [T] [thread 112150] [54.0] [cxt 0] Bytes parsed: 14
[09:24:56.177] [bmv2] [D] [thread 112150] [54.0] [cxt 0] Parser 'parser' entering state 'parse_ipv4'
[09:24:56.177] [bmv2] [D] [thread 112150] [54.0] [cxt 0] Extracting header 'ipv4'
[09:24:56.177] [bmv2] [D] [thread 112150] [54.0] [cxt 0] Parser state 'parse_ipv4' has no switch, going to default next state
[09:24:56.177] [bmv2] [T] [thread 112150] [54.0] [cxt 0] Bytes parsed: 34
[09:24:56.177] [bmv2] [D] [thread 112150] [54.0] [cxt 0] Parser 'parser': end
[09:24:56.177] [bmv2] [D] [thread 112150] [54.0] [cxt 0] Pipeline 'ingress': start
[09:24:56.177] [bmv2] [T] [thread 112150] [54.0] [cxt 0] switch.p4(116) Condition "hdr.ipv4.isValid()" (node_2) is true
[09:24:56.177] [bmv2] [T] [thread 112150] [54.0] [cxt 0] Applying table 'MyIngress.ipv4_lpm'
[09:24:56.177] [bmv2] [D] [thread 112150] [54.0] [cxt 0] Looking up key:
* hdr.ipv4.dstAddr    : 0a000101

[09:24:56.177] [bmv2] [D] [thread 112150] [54.0] [cxt 0] Table 'MyIngress.ipv4_lpm': hit with handle 0
[09:24:56.177] [bmv2] [D] [thread 112150] [54.0] [cxt 0] Dumping entry 0
Match key:
* hdr.ipv4.dstAddr    : LPM       0a000101/32
Action entry: MyIngress.ipv4_forward - 80000000100,1,

[09:24:56.177] [bmv2] [D] [thread 112150] [54.0] [cxt 0] Action entry is MyIngress.ipv4_forward - 80000000100,1,
[09:24:56.177] [bmv2] [T] [thread 112150] [54.0] [cxt 0] Action MyIngress.ipv4_forward
[09:24:56.177] [bmv2] [T] [thread 112150] [54.0] [cxt 0] switch.p4(96) Primitive standard_metadata.egress_spec = port
[09:24:56.177] [bmv2] [T] [thread 112150] [54.0] [cxt 0] switch.p4(97) Primitive hdr.ethernet.srcAddr = hdr.ethernet.dstAddr
[09:24:56.177] [bmv2] [T] [thread 112150] [54.0] [cxt 0] switch.p4(98) Primitive hdr.ethernet.dstAddr = dstAddr
[09:24:56.177] [bmv2] [T] [thread 112150] [54.0] [cxt 0] switch.p4(99) Primitive hdr.ipv4.ttl = hdr.ipv4.ttl - 1
[09:24:56.177] [bmv2] [D] [thread 112150] [54.0] [cxt 0] Pipeline 'ingress': end
[09:24:56.177] [bmv2] [D] [thread 112150] [54.0] [cxt 0] Egress port is 1
[09:24:56.177] [bmv2] [D] [thread 112152] [54.0] [cxt 0] Pipeline 'egress': start
[09:24:56.177] [bmv2] [D] [thread 112152] [54.0] [cxt 0] Pipeline 'egress': end
[09:24:56.177] [bmv2] [D] [thread 112152] [54.0] [cxt 0] Deparser 'deparser': start
[09:24:56.177] [bmv2] [D] [thread 112152] [54.0] [cxt 0] Updating checksum 'cksum'
[09:24:56.177] [bmv2] [D] [thread 112152] [54.0] [cxt 0] Deparsing header 'ethernet'
[09:24:56.177] [bmv2] [D] [thread 112152] [54.0] [cxt 0] Deparsing header 'ipv4'
[09:24:56.177] [bmv2] [D] [thread 112152] [54.0] [cxt 0] Deparser 'deparser': end
[09:24:56.177] [bmv2] [D] [thread 112155] [54.0] [cxt 0] Transmitting packet of size 76 out of port 1
[09:24:56.188] [bmv2] [D] [thread 112150] [55.0] [cxt 0] Processing packet received on port 1
[09:24:56.188] [bmv2] [D] [thread 112150] [55.0] [cxt 0] Parser 'parser': start
[09:24:56.188] [bmv2] [D] [thread 112150] [55.0] [cxt 0] Parser 'parser' entering state 'start'
[09:24:56.188] [bmv2] [D] [thread 112150] [55.0] [cxt 0] Extracting header 'ethernet'
[09:24:56.188] [bmv2] [D] [thread 112150] [55.0] [cxt 0] Parser state 'start': key is 86dd
[09:24:56.188] [bmv2] [T] [thread 112150] [55.0] [cxt 0] Bytes parsed: 14
[09:24:56.188] [bmv2] [D] [thread 112150] [55.0] [cxt 0] Parser 'parser': end
[09:24:56.188] [bmv2] [D] [thread 112150] [55.0] [cxt 0] Pipeline 'ingress': start
[09:24:56.188] [bmv2] [T] [thread 112150] [55.0] [cxt 0] switch.p4(116) Condition "hdr.ipv4.isValid()" (node_2) is false
[09:24:56.188] [bmv2] [D] [thread 112150] [55.0] [cxt 0] Pipeline 'ingress': end
[09:24:56.188] [bmv2] [D] [thread 112150] [55.0] [cxt 0] Egress port is 0
[09:24:56.188] [bmv2] [D] [thread 112151] [55.0] [cxt 0] Pipeline 'egress': start
[09:24:56.188] [bmv2] [D] [thread 112151] [55.0] [cxt 0] Pipeline 'egress': end
[09:24:56.188] [bmv2] [D] [thread 112151] [55.0] [cxt 0] Deparser 'deparser': start
[09:24:56.188] [bmv2] [T] [thread 112151] [55.0] [cxt 0] Skipping checksum 'cksum' update because condition not met
[09:24:56.188] [bmv2] [D] [thread 112151] [55.0] [cxt 0] Deparsing header 'ethernet'
[09:24:56.188] [bmv2] [D] [thread 112151] [55.0] [cxt 0] Deparser 'deparser': end
[09:24:56.188] [bmv2] [D] [thread 112155] [55.0] [cxt 0] Transmitting packet of size 70 out of port 0
[09:24:56.193] [bmv2] [D] [thread 112150] [56.0] [cxt 0] Processing packet received on port 2
[09:24:56.193] [bmv2] [D] [thread 112150] [56.0] [cxt 0] Parser 'parser': start
[09:24:56.193] [bmv2] [D] [thread 112150] [56.0] [cxt 0] Parser 'parser' entering state 'start'
[09:24:56.193] [bmv2] [D] [thread 112150] [56.0] [cxt 0] Extracting header 'ethernet'
[09:24:56.193] [bmv2] [D] [thread 112150] [56.0] [cxt 0] Parser state 'start': key is 0800
[09:24:56.193] [bmv2] [T] [thread 112150] [56.0] [cxt 0] Bytes parsed: 14
[09:24:56.193] [bmv2] [D] [thread 112150] [56.0] [cxt 0] Parser 'parser' entering state 'parse_ipv4'
[09:24:56.193] [bmv2] [D] [thread 112150] [56.0] [cxt 0] Extracting header 'ipv4'
[09:24:56.193] [bmv2] [D] [thread 112150] [56.0] [cxt 0] Parser state 'parse_ipv4' has no switch, going to default next state
[09:24:56.193] [bmv2] [T] [thread 112150] [56.0] [cxt 0] Bytes parsed: 34
[09:24:56.193] [bmv2] [D] [thread 112150] [56.0] [cxt 0] Parser 'parser': end
[09:24:56.193] [bmv2] [D] [thread 112150] [56.0] [cxt 0] Pipeline 'ingress': start
[09:24:56.193] [bmv2] [T] [thread 112150] [56.0] [cxt 0] switch.p4(116) Condition "hdr.ipv4.isValid()" (node_2) is true
[09:24:56.193] [bmv2] [T] [thread 112150] [56.0] [cxt 0] Applying table 'MyIngress.ipv4_lpm'
[09:24:56.193] [bmv2] [D] [thread 112150] [56.0] [cxt 0] Looking up key:
* hdr.ipv4.dstAddr    : 0a000101

[09:24:56.193] [bmv2] [D] [thread 112150] [56.0] [cxt 0] Table 'MyIngress.ipv4_lpm': hit with handle 0
[09:24:56.193] [bmv2] [D] [thread 112150] [56.0] [cxt 0] Dumping entry 0
Match key:
* hdr.ipv4.dstAddr    : LPM       0a000101/32
Action entry: MyIngress.ipv4_forward - 80000000100,1,

[09:24:56.193] [bmv2] [D] [thread 112150] [56.0] [cxt 0] Action entry is MyIngress.ipv4_forward - 80000000100,1,
[09:24:56.193] [bmv2] [T] [thread 112150] [56.0] [cxt 0] Action MyIngress.ipv4_forward
[09:24:56.193] [bmv2] [T] [thread 112150] [56.0] [cxt 0] switch.p4(96) Primitive standard_metadata.egress_spec = port
[09:24:56.193] [bmv2] [T] [thread 112150] [56.0] [cxt 0] switch.p4(97) Primitive hdr.ethernet.srcAddr = hdr.ethernet.dstAddr
[09:24:56.193] [bmv2] [T] [thread 112150] [56.0] [cxt 0] switch.p4(98) Primitive hdr.ethernet.dstAddr = dstAddr
[09:24:56.193] [bmv2] [T] [thread 112150] [56.0] [cxt 0] switch.p4(99) Primitive hdr.ipv4.ttl = hdr.ipv4.ttl - 1
[09:24:56.193] [bmv2] [D] [thread 112150] [56.0] [cxt 0] Pipeline 'ingress': end
[09:24:56.193] [bmv2] [D] [thread 112150] [56.0] [cxt 0] Egress port is 1
[09:24:56.193] [bmv2] [D] [thread 112152] [56.0] [cxt 0] Pipeline 'egress': start
[09:24:56.193] [bmv2] [D] [thread 112152] [56.0] [cxt 0] Pipeline 'egress': end
[09:24:56.193] [bmv2] [D] [thread 112152] [56.0] [cxt 0] Deparser 'deparser': start
[09:24:56.193] [bmv2] [D] [thread 112152] [56.0] [cxt 0] Updating checksum 'cksum'
[09:24:56.193] [bmv2] [D] [thread 112152] [56.0] [cxt 0] Deparsing header 'ethernet'
[09:24:56.193] [bmv2] [D] [thread 112152] [56.0] [cxt 0] Deparsing header 'ipv4'
[09:24:56.193] [bmv2] [D] [thread 112152] [56.0] [cxt 0] Deparser 'deparser': end
[09:24:56.193] [bmv2] [D] [thread 112155] [56.0] [cxt 0] Transmitting packet of size 308 out of port 1
[09:24:56.198] [bmv2] [D] [thread 112150] [57.0] [cxt 0] Processing packet received on port 1
[09:24:56.198] [bmv2] [D] [thread 112150] [57.0] [cxt 0] Parser 'parser': start
[09:24:56.198] [bmv2] [D] [thread 112150] [57.0] [cxt 0] Parser 'parser' entering state 'start'
[09:24:56.198] [bmv2] [D] [thread 112150] [57.0] [cxt 0] Extracting header 'ethernet'
[09:24:56.198] [bmv2] [D] [thread 112150] [57.0] [cxt 0] Parser state 'start': key is 0800
[09:24:56.198] [bmv2] [T] [thread 112150] [57.0] [cxt 0] Bytes parsed: 14
[09:24:56.198] [bmv2] [D] [thread 112150] [57.0] [cxt 0] Parser 'parser' entering state 'parse_ipv4'
[09:24:56.198] [bmv2] [D] [thread 112150] [57.0] [cxt 0] Extracting header 'ipv4'
[09:24:56.198] [bmv2] [D] [thread 112150] [57.0] [cxt 0] Parser state 'parse_ipv4' has no switch, going to default next state
[09:24:56.198] [bmv2] [T] [thread 112150] [57.0] [cxt 0] Bytes parsed: 34
[09:24:56.198] [bmv2] [D] [thread 112150] [57.0] [cxt 0] Parser 'parser': end
[09:24:56.198] [bmv2] [D] [thread 112150] [57.0] [cxt 0] Pipeline 'ingress': start
[09:24:56.198] [bmv2] [T] [thread 112150] [57.0] [cxt 0] switch.p4(116) Condition "hdr.ipv4.isValid()" (node_2) is true
[09:24:56.198] [bmv2] [T] [thread 112150] [57.0] [cxt 0] Applying table 'MyIngress.ipv4_lpm'
[09:24:56.198] [bmv2] [D] [thread 112150] [57.0] [cxt 0] Looking up key:
* hdr.ipv4.dstAddr    : 0a000202

[09:24:56.198] [bmv2] [D] [thread 112150] [57.0] [cxt 0] Table 'MyIngress.ipv4_lpm': hit with handle 1
[09:24:56.198] [bmv2] [D] [thread 112150] [57.0] [cxt 0] Dumping entry 1
Match key:
* hdr.ipv4.dstAddr    : LPM       0a000202/32
Action entry: MyIngress.ipv4_forward - 80000000300,2,

[09:24:56.198] [bmv2] [D] [thread 112150] [57.0] [cxt 0] Action entry is MyIngress.ipv4_forward - 80000000300,2,
[09:24:56.198] [bmv2] [T] [thread 112150] [57.0] [cxt 0] Action MyIngress.ipv4_forward
[09:24:56.198] [bmv2] [T] [thread 112150] [57.0] [cxt 0] switch.p4(96) Primitive standard_metadata.egress_spec = port
[09:24:56.198] [bmv2] [T] [thread 112150] [57.0] [cxt 0] switch.p4(97) Primitive hdr.ethernet.srcAddr = hdr.ethernet.dstAddr
[09:24:56.198] [bmv2] [T] [thread 112150] [57.0] [cxt 0] switch.p4(98) Primitive hdr.ethernet.dstAddr = dstAddr
[09:24:56.198] [bmv2] [T] [thread 112150] [57.0] [cxt 0] switch.p4(99) Primitive hdr.ipv4.ttl = hdr.ipv4.ttl - 1
[09:24:56.198] [bmv2] [D] [thread 112150] [57.0] [cxt 0] Pipeline 'ingress': end
[09:24:56.198] [bmv2] [D] [thread 112150] [57.0] [cxt 0] Egress port is 2
[09:24:56.198] [bmv2] [D] [thread 112153] [57.0] [cxt 0] Pipeline 'egress': start
[09:24:56.198] [bmv2] [D] [thread 112153] [57.0] [cxt 0] Pipeline 'egress': end
[09:24:56.198] [bmv2] [D] [thread 112153] [57.0] [cxt 0] Deparser 'deparser': start
[09:24:56.198] [bmv2] [D] [thread 112153] [57.0] [cxt 0] Updating checksum 'cksum'
[09:24:56.198] [bmv2] [D] [thread 112153] [57.0] [cxt 0] Deparsing header 'ethernet'
[09:24:56.198] [bmv2] [D] [thread 112153] [57.0] [cxt 0] Deparsing header 'ipv4'
[09:24:56.198] [bmv2] [D] [thread 112153] [57.0] [cxt 0] Deparser 'deparser': end
[09:24:56.198] [bmv2] [D] [thread 112155] [57.0] [cxt 0] Transmitting packet of size 336 out of port 2
[09:24:56.328] [bmv2] [D] [thread 112150] [58.0] [cxt 0] Processing packet received on port 2
[09:24:56.329] [bmv2] [D] [thread 112150] [58.0] [cxt 0] Parser 'parser': start
[09:24:56.329] [bmv2] [D] [thread 112150] [58.0] [cxt 0] Parser 'parser' entering state 'start'
[09:24:56.329] [bmv2] [D] [thread 112150] [58.0] [cxt 0] Extracting header 'ethernet'
[09:24:56.329] [bmv2] [D] [thread 112150] [58.0] [cxt 0] Parser state 'start': key is 86dd
[09:24:56.329] [bmv2] [T] [thread 112150] [58.0] [cxt 0] Bytes parsed: 14
[09:24:56.329] [bmv2] [D] [thread 112150] [58.0] [cxt 0] Parser 'parser': end
[09:24:56.329] [bmv2] [D] [thread 112150] [58.0] [cxt 0] Pipeline 'ingress': start
[09:24:56.329] [bmv2] [T] [thread 112150] [58.0] [cxt 0] switch.p4(116) Condition "hdr.ipv4.isValid()" (node_2) is false
[09:24:56.329] [bmv2] [D] [thread 112150] [58.0] [cxt 0] Pipeline 'ingress': end
[09:24:56.329] [bmv2] [D] [thread 112150] [58.0] [cxt 0] Egress port is 0
[09:24:56.329] [bmv2] [D] [thread 112151] [58.0] [cxt 0] Pipeline 'egress': start
[09:24:56.329] [bmv2] [D] [thread 112151] [58.0] [cxt 0] Pipeline 'egress': end
[09:24:56.330] [bmv2] [D] [thread 112151] [58.0] [cxt 0] Deparser 'deparser': start
[09:24:56.330] [bmv2] [T] [thread 112151] [58.0] [cxt 0] Skipping checksum 'cksum' update because condition not met
[09:24:56.330] [bmv2] [D] [thread 112151] [58.0] [cxt 0] Deparsing header 'ethernet'
[09:24:56.331] [bmv2] [D] [thread 112151] [58.0] [cxt 0] Deparser 'deparser': end
[09:24:56.331] [bmv2] [D] [thread 112155] [58.0] [cxt 0] Transmitting packet of size 199 out of port 0
[09:24:56.717] [bmv2] [D] [thread 112150] [59.0] [cxt 0] Processing packet received on port 2
[09:24:56.717] [bmv2] [D] [thread 112150] [59.0] [cxt 0] Parser 'parser': start
[09:24:56.717] [bmv2] [D] [thread 112150] [59.0] [cxt 0] Parser 'parser' entering state 'start'
[09:24:56.717] [bmv2] [D] [thread 112150] [59.0] [cxt 0] Extracting header 'ethernet'
[09:24:56.717] [bmv2] [D] [thread 112150] [59.0] [cxt 0] Parser state 'start': key is 86dd
[09:24:56.717] [bmv2] [T] [thread 112150] [59.0] [cxt 0] Bytes parsed: 14
[09:24:56.717] [bmv2] [D] [thread 112150] [59.0] [cxt 0] Parser 'parser': end
[09:24:56.717] [bmv2] [D] [thread 112150] [59.0] [cxt 0] Pipeline 'ingress': start
[09:24:56.717] [bmv2] [T] [thread 112150] [59.0] [cxt 0] switch.p4(116) Condition "hdr.ipv4.isValid()" (node_2) is false
[09:24:56.717] [bmv2] [D] [thread 112150] [59.0] [cxt 0] Pipeline 'ingress': end
[09:24:56.717] [bmv2] [D] [thread 112150] [59.0] [cxt 0] Egress port is 0
[09:24:56.717] [bmv2] [D] [thread 112151] [59.0] [cxt 0] Pipeline 'egress': start
[09:24:56.717] [bmv2] [D] [thread 112151] [59.0] [cxt 0] Pipeline 'egress': end
[09:24:56.717] [bmv2] [D] [thread 112151] [59.0] [cxt 0] Deparser 'deparser': start
[09:24:56.717] [bmv2] [T] [thread 112151] [59.0] [cxt 0] Skipping checksum 'cksum' update because condition not met
[09:24:56.717] [bmv2] [D] [thread 112151] [59.0] [cxt 0] Deparsing header 'ethernet'
[09:24:56.717] [bmv2] [D] [thread 112151] [59.0] [cxt 0] Deparser 'deparser': end
[09:24:56.717] [bmv2] [D] [thread 112155] [59.0] [cxt 0] Transmitting packet of size 70 out of port 0
[09:24:56.723] [bmv2] [D] [thread 112150] [60.0] [cxt 0] Processing packet received on port 1
[09:24:56.723] [bmv2] [D] [thread 112150] [60.0] [cxt 0] Parser 'parser': start
[09:24:56.723] [bmv2] [D] [thread 112150] [60.0] [cxt 0] Parser 'parser' entering state 'start'
[09:24:56.723] [bmv2] [D] [thread 112150] [60.0] [cxt 0] Extracting header 'ethernet'
[09:24:56.723] [bmv2] [D] [thread 112150] [60.0] [cxt 0] Parser state 'start': key is 86dd
[09:24:56.723] [bmv2] [T] [thread 112150] [60.0] [cxt 0] Bytes parsed: 14
[09:24:56.723] [bmv2] [D] [thread 112150] [60.0] [cxt 0] Parser 'parser': end
[09:24:56.723] [bmv2] [D] [thread 112150] [60.0] [cxt 0] Pipeline 'ingress': start
[09:24:56.723] [bmv2] [T] [thread 112150] [60.0] [cxt 0] switch.p4(116) Condition "hdr.ipv4.isValid()" (node_2) is false
[09:24:56.723] [bmv2] [D] [thread 112150] [60.0] [cxt 0] Pipeline 'ingress': end
[09:24:56.723] [bmv2] [D] [thread 112150] [60.0] [cxt 0] Egress port is 0
[09:24:56.723] [bmv2] [D] [thread 112151] [60.0] [cxt 0] Pipeline 'egress': start
[09:24:56.723] [bmv2] [D] [thread 112151] [60.0] [cxt 0] Pipeline 'egress': end
[09:24:56.723] [bmv2] [D] [thread 112151] [60.0] [cxt 0] Deparser 'deparser': start
[09:24:56.723] [bmv2] [T] [thread 112151] [60.0] [cxt 0] Skipping checksum 'cksum' update because condition not met
[09:24:56.723] [bmv2] [D] [thread 112151] [60.0] [cxt 0] Deparsing header 'ethernet'
[09:24:56.723] [bmv2] [D] [thread 112151] [60.0] [cxt 0] Deparser 'deparser': end
[09:24:56.723] [bmv2] [D] [thread 112155] [60.0] [cxt 0] Transmitting packet of size 70 out of port 0
[09:24:56.896] [bmv2] [D] [thread 112150] [61.0] [cxt 0] Processing packet received on port 1
[09:24:56.896] [bmv2] [D] [thread 112150] [61.0] [cxt 0] Parser 'parser': start
[09:24:56.896] [bmv2] [D] [thread 112150] [61.0] [cxt 0] Parser 'parser' entering state 'start'
[09:24:56.896] [bmv2] [D] [thread 112150] [61.0] [cxt 0] Extracting header 'ethernet'
[09:24:56.896] [bmv2] [D] [thread 112150] [61.0] [cxt 0] Parser state 'start': key is 0800
[09:24:56.896] [bmv2] [T] [thread 112150] [61.0] [cxt 0] Bytes parsed: 14
[09:24:56.896] [bmv2] [D] [thread 112150] [61.0] [cxt 0] Parser 'parser' entering state 'parse_ipv4'
[09:24:56.896] [bmv2] [D] [thread 112150] [61.0] [cxt 0] Extracting header 'ipv4'
[09:24:56.896] [bmv2] [D] [thread 112150] [61.0] [cxt 0] Parser state 'parse_ipv4' has no switch, going to default next state
[09:24:56.896] [bmv2] [T] [thread 112150] [61.0] [cxt 0] Bytes parsed: 34
[09:24:56.896] [bmv2] [D] [thread 112150] [61.0] [cxt 0] Parser 'parser': end
[09:24:56.896] [bmv2] [D] [thread 112150] [61.0] [cxt 0] Pipeline 'ingress': start
[09:24:56.896] [bmv2] [T] [thread 112150] [61.0] [cxt 0] switch.p4(116) Condition "hdr.ipv4.isValid()" (node_2) is true
[09:24:56.896] [bmv2] [T] [thread 112150] [61.0] [cxt 0] Applying table 'MyIngress.ipv4_lpm'
[09:24:56.896] [bmv2] [D] [thread 112150] [61.0] [cxt 0] Looking up key:
* hdr.ipv4.dstAddr    : 0a000202

[09:24:56.896] [bmv2] [D] [thread 112150] [61.0] [cxt 0] Table 'MyIngress.ipv4_lpm': hit with handle 1
[09:24:56.896] [bmv2] [D] [thread 112150] [61.0] [cxt 0] Dumping entry 1
Match key:
* hdr.ipv4.dstAddr    : LPM       0a000202/32
Action entry: MyIngress.ipv4_forward - 80000000300,2,

[09:24:56.896] [bmv2] [D] [thread 112150] [61.0] [cxt 0] Action entry is MyIngress.ipv4_forward - 80000000300,2,
[09:24:56.896] [bmv2] [T] [thread 112150] [61.0] [cxt 0] Action MyIngress.ipv4_forward
[09:24:56.896] [bmv2] [T] [thread 112150] [61.0] [cxt 0] switch.p4(96) Primitive standard_metadata.egress_spec = port
[09:24:56.896] [bmv2] [T] [thread 112150] [61.0] [cxt 0] switch.p4(97) Primitive hdr.ethernet.srcAddr = hdr.ethernet.dstAddr
[09:24:56.896] [bmv2] [T] [thread 112150] [61.0] [cxt 0] switch.p4(98) Primitive hdr.ethernet.dstAddr = dstAddr
[09:24:56.896] [bmv2] [T] [thread 112150] [61.0] [cxt 0] switch.p4(99) Primitive hdr.ipv4.ttl = hdr.ipv4.ttl - 1
[09:24:56.896] [bmv2] [D] [thread 112150] [61.0] [cxt 0] Pipeline 'ingress': end
[09:24:56.896] [bmv2] [D] [thread 112150] [61.0] [cxt 0] Egress port is 2
[09:24:56.896] [bmv2] [D] [thread 112153] [61.0] [cxt 0] Pipeline 'egress': start
[09:24:56.896] [bmv2] [D] [thread 112153] [61.0] [cxt 0] Pipeline 'egress': end
[09:24:56.896] [bmv2] [D] [thread 112153] [61.0] [cxt 0] Deparser 'deparser': start
[09:24:56.896] [bmv2] [D] [thread 112153] [61.0] [cxt 0] Updating checksum 'cksum'
[09:24:56.896] [bmv2] [D] [thread 112153] [61.0] [cxt 0] Deparsing header 'ethernet'
[09:24:56.896] [bmv2] [D] [thread 112153] [61.0] [cxt 0] Deparsing header 'ipv4'
[09:24:56.896] [bmv2] [D] [thread 112153] [61.0] [cxt 0] Deparser 'deparser': end
[09:24:56.896] [bmv2] [D] [thread 112155] [61.0] [cxt 0] Transmitting packet of size 48 out of port 2
[09:24:56.901] [bmv2] [D] [thread 112150] [62.0] [cxt 0] Processing packet received on port 2
[09:24:56.901] [bmv2] [D] [thread 112150] [62.0] [cxt 0] Parser 'parser': start
[09:24:56.901] [bmv2] [D] [thread 112150] [62.0] [cxt 0] Parser 'parser' entering state 'start'
[09:24:56.901] [bmv2] [D] [thread 112150] [62.0] [cxt 0] Extracting header 'ethernet'
[09:24:56.901] [bmv2] [D] [thread 112150] [62.0] [cxt 0] Parser state 'start': key is 0800
[09:24:56.901] [bmv2] [T] [thread 112150] [62.0] [cxt 0] Bytes parsed: 14
[09:24:56.901] [bmv2] [D] [thread 112150] [62.0] [cxt 0] Parser 'parser' entering state 'parse_ipv4'
[09:24:56.901] [bmv2] [D] [thread 112150] [62.0] [cxt 0] Extracting header 'ipv4'
[09:24:56.901] [bmv2] [D] [thread 112150] [62.0] [cxt 0] Parser state 'parse_ipv4' has no switch, going to default next state
[09:24:56.901] [bmv2] [T] [thread 112150] [62.0] [cxt 0] Bytes parsed: 34
[09:24:56.901] [bmv2] [D] [thread 112150] [62.0] [cxt 0] Parser 'parser': end
[09:24:56.901] [bmv2] [D] [thread 112150] [62.0] [cxt 0] Pipeline 'ingress': start
[09:24:56.901] [bmv2] [T] [thread 112150] [62.0] [cxt 0] switch.p4(116) Condition "hdr.ipv4.isValid()" (node_2) is true
[09:24:56.901] [bmv2] [T] [thread 112150] [62.0] [cxt 0] Applying table 'MyIngress.ipv4_lpm'
[09:24:56.901] [bmv2] [D] [thread 112150] [62.0] [cxt 0] Looking up key:
* hdr.ipv4.dstAddr    : 0a000101

[09:24:56.901] [bmv2] [D] [thread 112150] [62.0] [cxt 0] Table 'MyIngress.ipv4_lpm': hit with handle 0
[09:24:56.901] [bmv2] [D] [thread 112150] [62.0] [cxt 0] Dumping entry 0
Match key:
* hdr.ipv4.dstAddr    : LPM       0a000101/32
Action entry: MyIngress.ipv4_forward - 80000000100,1,

[09:24:56.901] [bmv2] [D] [thread 112150] [62.0] [cxt 0] Action entry is MyIngress.ipv4_forward - 80000000100,1,
[09:24:56.901] [bmv2] [T] [thread 112150] [62.0] [cxt 0] Action MyIngress.ipv4_forward
[09:24:56.901] [bmv2] [T] [thread 112150] [62.0] [cxt 0] switch.p4(96) Primitive standard_metadata.egress_spec = port
[09:24:56.901] [bmv2] [T] [thread 112150] [62.0] [cxt 0] switch.p4(97) Primitive hdr.ethernet.srcAddr = hdr.ethernet.dstAddr
[09:24:56.901] [bmv2] [T] [thread 112150] [62.0] [cxt 0] switch.p4(98) Primitive hdr.ethernet.dstAddr = dstAddr
[09:24:56.901] [bmv2] [T] [thread 112150] [62.0] [cxt 0] switch.p4(99) Primitive hdr.ipv4.ttl = hdr.ipv4.ttl - 1
[09:24:56.901] [bmv2] [D] [thread 112150] [62.0] [cxt 0] Pipeline 'ingress': end
[09:24:56.901] [bmv2] [D] [thread 112150] [62.0] [cxt 0] Egress port is 1
[09:24:56.901] [bmv2] [D] [thread 112152] [62.0] [cxt 0] Pipeline 'egress': start
[09:24:56.901] [bmv2] [D] [thread 112152] [62.0] [cxt 0] Pipeline 'egress': end
[09:24:56.901] [bmv2] [D] [thread 112152] [62.0] [cxt 0] Deparser 'deparser': start
[09:24:56.901] [bmv2] [D] [thread 112152] [62.0] [cxt 0] Updating checksum 'cksum'
[09:24:56.901] [bmv2] [D] [thread 112152] [62.0] [cxt 0] Deparsing header 'ethernet'
[09:24:56.901] [bmv2] [D] [thread 112152] [62.0] [cxt 0] Deparsing header 'ipv4'
[09:24:56.901] [bmv2] [D] [thread 112152] [62.0] [cxt 0] Deparser 'deparser': end
[09:24:56.901] [bmv2] [D] [thread 112155] [62.0] [cxt 0] Transmitting packet of size 76 out of port 1
[09:24:56.910] [bmv2] [D] [thread 112150] [63.0] [cxt 0] Processing packet received on port 2
[09:24:56.910] [bmv2] [D] [thread 112150] [63.0] [cxt 0] Parser 'parser': start
[09:24:56.910] [bmv2] [D] [thread 112150] [63.0] [cxt 0] Parser 'parser' entering state 'start'
[09:24:56.910] [bmv2] [D] [thread 112150] [63.0] [cxt 0] Extracting header 'ethernet'
[09:24:56.910] [bmv2] [D] [thread 112150] [63.0] [cxt 0] Parser state 'start': key is 0800
[09:24:56.910] [bmv2] [T] [thread 112150] [63.0] [cxt 0] Bytes parsed: 14
[09:24:56.910] [bmv2] [D] [thread 112150] [63.0] [cxt 0] Parser 'parser' entering state 'parse_ipv4'
[09:24:56.910] [bmv2] [D] [thread 112150] [63.0] [cxt 0] Extracting header 'ipv4'
[09:24:56.910] [bmv2] [D] [thread 112150] [63.0] [cxt 0] Parser state 'parse_ipv4' has no switch, going to default next state
[09:24:56.910] [bmv2] [T] [thread 112150] [63.0] [cxt 0] Bytes parsed: 34
[09:24:56.910] [bmv2] [D] [thread 112150] [63.0] [cxt 0] Parser 'parser': end
[09:24:56.910] [bmv2] [D] [thread 112150] [63.0] [cxt 0] Pipeline 'ingress': start
[09:24:56.910] [bmv2] [T] [thread 112150] [63.0] [cxt 0] switch.p4(116) Condition "hdr.ipv4.isValid()" (node_2) is true
[09:24:56.910] [bmv2] [T] [thread 112150] [63.0] [cxt 0] Applying table 'MyIngress.ipv4_lpm'
[09:24:56.910] [bmv2] [D] [thread 112150] [63.0] [cxt 0] Looking up key:
* hdr.ipv4.dstAddr    : 0a000101

[09:24:56.910] [bmv2] [D] [thread 112150] [63.0] [cxt 0] Table 'MyIngress.ipv4_lpm': hit with handle 0
[09:24:56.910] [bmv2] [D] [thread 112150] [63.0] [cxt 0] Dumping entry 0
Match key:
* hdr.ipv4.dstAddr    : LPM       0a000101/32
Action entry: MyIngress.ipv4_forward - 80000000100,1,

[09:24:56.910] [bmv2] [D] [thread 112150] [63.0] [cxt 0] Action entry is MyIngress.ipv4_forward - 80000000100,1,
[09:24:56.910] [bmv2] [T] [thread 112150] [63.0] [cxt 0] Action MyIngress.ipv4_forward
[09:24:56.910] [bmv2] [T] [thread 112150] [63.0] [cxt 0] switch.p4(96) Primitive standard_metadata.egress_spec = port
[09:24:56.910] [bmv2] [T] [thread 112150] [63.0] [cxt 0] switch.p4(97) Primitive hdr.ethernet.srcAddr = hdr.ethernet.dstAddr
[09:24:56.910] [bmv2] [T] [thread 112150] [63.0] [cxt 0] switch.p4(98) Primitive hdr.ethernet.dstAddr = dstAddr
[09:24:56.910] [bmv2] [T] [thread 112150] [63.0] [cxt 0] switch.p4(99) Primitive hdr.ipv4.ttl = hdr.ipv4.ttl - 1
[09:24:56.910] [bmv2] [D] [thread 112150] [63.0] [cxt 0] Pipeline 'ingress': end
[09:24:56.910] [bmv2] [D] [thread 112150] [63.0] [cxt 0] Egress port is 1
[09:24:56.910] [bmv2] [D] [thread 112152] [63.0] [cxt 0] Pipeline 'egress': start
[09:24:56.910] [bmv2] [D] [thread 112152] [63.0] [cxt 0] Pipeline 'egress': end
[09:24:56.910] [bmv2] [D] [thread 112152] [63.0] [cxt 0] Deparser 'deparser': start
[09:24:56.910] [bmv2] [D] [thread 112152] [63.0] [cxt 0] Updating checksum 'cksum'
[09:24:56.910] [bmv2] [D] [thread 112152] [63.0] [cxt 0] Deparsing header 'ethernet'
[09:24:56.910] [bmv2] [D] [thread 112152] [63.0] [cxt 0] Deparsing header 'ipv4'
[09:24:56.910] [bmv2] [D] [thread 112152] [63.0] [cxt 0] Deparser 'deparser': end
[09:24:56.910] [bmv2] [D] [thread 112155] [63.0] [cxt 0] Transmitting packet of size 308 out of port 1
[09:24:56.915] [bmv2] [D] [thread 112150] [64.0] [cxt 0] Processing packet received on port 1
[09:24:56.915] [bmv2] [D] [thread 112150] [64.0] [cxt 0] Parser 'parser': start
[09:24:56.915] [bmv2] [D] [thread 112150] [64.0] [cxt 0] Parser 'parser' entering state 'start'
[09:24:56.915] [bmv2] [D] [thread 112150] [64.0] [cxt 0] Extracting header 'ethernet'
[09:24:56.915] [bmv2] [D] [thread 112150] [64.0] [cxt 0] Parser state 'start': key is 0800
[09:24:56.915] [bmv2] [T] [thread 112150] [64.0] [cxt 0] Bytes parsed: 14
[09:24:56.915] [bmv2] [D] [thread 112150] [64.0] [cxt 0] Parser 'parser' entering state 'parse_ipv4'
[09:24:56.915] [bmv2] [D] [thread 112150] [64.0] [cxt 0] Extracting header 'ipv4'
[09:24:56.915] [bmv2] [D] [thread 112150] [64.0] [cxt 0] Parser state 'parse_ipv4' has no switch, going to default next state
[09:24:56.915] [bmv2] [T] [thread 112150] [64.0] [cxt 0] Bytes parsed: 34
[09:24:56.915] [bmv2] [D] [thread 112150] [64.0] [cxt 0] Parser 'parser': end
[09:24:56.915] [bmv2] [D] [thread 112150] [64.0] [cxt 0] Pipeline 'ingress': start
[09:24:56.915] [bmv2] [T] [thread 112150] [64.0] [cxt 0] switch.p4(116) Condition "hdr.ipv4.isValid()" (node_2) is true
[09:24:56.915] [bmv2] [T] [thread 112150] [64.0] [cxt 0] Applying table 'MyIngress.ipv4_lpm'
[09:24:56.915] [bmv2] [D] [thread 112150] [64.0] [cxt 0] Looking up key:
* hdr.ipv4.dstAddr    : 0a000202

[09:24:56.915] [bmv2] [D] [thread 112150] [64.0] [cxt 0] Table 'MyIngress.ipv4_lpm': hit with handle 1
[09:24:56.915] [bmv2] [D] [thread 112150] [64.0] [cxt 0] Dumping entry 1
Match key:
* hdr.ipv4.dstAddr    : LPM       0a000202/32
Action entry: MyIngress.ipv4_forward - 80000000300,2,

[09:24:56.915] [bmv2] [D] [thread 112150] [64.0] [cxt 0] Action entry is MyIngress.ipv4_forward - 80000000300,2,
[09:24:56.915] [bmv2] [T] [thread 112150] [64.0] [cxt 0] Action MyIngress.ipv4_forward
[09:24:56.915] [bmv2] [T] [thread 112150] [64.0] [cxt 0] switch.p4(96) Primitive standard_metadata.egress_spec = port
[09:24:56.915] [bmv2] [T] [thread 112150] [64.0] [cxt 0] switch.p4(97) Primitive hdr.ethernet.srcAddr = hdr.ethernet.dstAddr
[09:24:56.915] [bmv2] [T] [thread 112150] [64.0] [cxt 0] switch.p4(98) Primitive hdr.ethernet.dstAddr = dstAddr
[09:24:56.915] [bmv2] [T] [thread 112150] [64.0] [cxt 0] switch.p4(99) Primitive hdr.ipv4.ttl = hdr.ipv4.ttl - 1
[09:24:56.915] [bmv2] [D] [thread 112150] [64.0] [cxt 0] Pipeline 'ingress': end
[09:24:56.915] [bmv2] [D] [thread 112150] [64.0] [cxt 0] Egress port is 2
[09:24:56.915] [bmv2] [D] [thread 112153] [64.0] [cxt 0] Pipeline 'egress': start
[09:24:56.915] [bmv2] [D] [thread 112153] [64.0] [cxt 0] Pipeline 'egress': end
[09:24:56.915] [bmv2] [D] [thread 112153] [64.0] [cxt 0] Deparser 'deparser': start
[09:24:56.915] [bmv2] [D] [thread 112153] [64.0] [cxt 0] Updating checksum 'cksum'
[09:24:56.915] [bmv2] [D] [thread 112153] [64.0] [cxt 0] Deparsing header 'ethernet'
[09:24:56.915] [bmv2] [D] [thread 112153] [64.0] [cxt 0] Deparsing header 'ipv4'
[09:24:56.915] [bmv2] [D] [thread 112153] [64.0] [cxt 0] Deparser 'deparser': end
[09:24:56.915] [bmv2] [D] [thread 112155] [64.0] [cxt 0] Transmitting packet of size 336 out of port 2
[09:24:57.918] [bmv2] [D] [thread 112150] [65.0] [cxt 0] Processing packet received on port 1
[09:24:57.918] [bmv2] [D] [thread 112150] [65.0] [cxt 0] Parser 'parser': start
[09:24:57.918] [bmv2] [D] [thread 112150] [65.0] [cxt 0] Parser 'parser' entering state 'start'
[09:24:57.918] [bmv2] [D] [thread 112150] [65.0] [cxt 0] Extracting header 'ethernet'
[09:24:57.918] [bmv2] [D] [thread 112150] [65.0] [cxt 0] Parser state 'start': key is 0800
[09:24:57.918] [bmv2] [T] [thread 112150] [65.0] [cxt 0] Bytes parsed: 14
[09:24:57.918] [bmv2] [D] [thread 112150] [65.0] [cxt 0] Parser 'parser' entering state 'parse_ipv4'
[09:24:57.918] [bmv2] [D] [thread 112150] [65.0] [cxt 0] Extracting header 'ipv4'
[09:24:57.918] [bmv2] [D] [thread 112150] [65.0] [cxt 0] Parser state 'parse_ipv4' has no switch, going to default next state
[09:24:57.918] [bmv2] [T] [thread 112150] [65.0] [cxt 0] Bytes parsed: 34
[09:24:57.918] [bmv2] [D] [thread 112150] [65.0] [cxt 0] Parser 'parser': end
[09:24:57.918] [bmv2] [D] [thread 112150] [65.0] [cxt 0] Pipeline 'ingress': start
[09:24:57.918] [bmv2] [T] [thread 112150] [65.0] [cxt 0] switch.p4(116) Condition "hdr.ipv4.isValid()" (node_2) is true
[09:24:57.918] [bmv2] [T] [thread 112150] [65.0] [cxt 0] Applying table 'MyIngress.ipv4_lpm'
[09:24:57.918] [bmv2] [D] [thread 112150] [65.0] [cxt 0] Looking up key:
* hdr.ipv4.dstAddr    : 0a000202

[09:24:57.918] [bmv2] [D] [thread 112150] [65.0] [cxt 0] Table 'MyIngress.ipv4_lpm': hit with handle 1
[09:24:57.918] [bmv2] [D] [thread 112150] [65.0] [cxt 0] Dumping entry 1
Match key:
* hdr.ipv4.dstAddr    : LPM       0a000202/32
Action entry: MyIngress.ipv4_forward - 80000000300,2,

[09:24:57.918] [bmv2] [D] [thread 112150] [65.0] [cxt 0] Action entry is MyIngress.ipv4_forward - 80000000300,2,
[09:24:57.918] [bmv2] [T] [thread 112150] [65.0] [cxt 0] Action MyIngress.ipv4_forward
[09:24:57.918] [bmv2] [T] [thread 112150] [65.0] [cxt 0] switch.p4(96) Primitive standard_metadata.egress_spec = port
[09:24:57.918] [bmv2] [T] [thread 112150] [65.0] [cxt 0] switch.p4(97) Primitive hdr.ethernet.srcAddr = hdr.ethernet.dstAddr
[09:24:57.918] [bmv2] [T] [thread 112150] [65.0] [cxt 0] switch.p4(98) Primitive hdr.ethernet.dstAddr = dstAddr
[09:24:57.918] [bmv2] [T] [thread 112150] [65.0] [cxt 0] switch.p4(99) Primitive hdr.ipv4.ttl = hdr.ipv4.ttl - 1
[09:24:57.918] [bmv2] [D] [thread 112150] [65.0] [cxt 0] Pipeline 'ingress': end
[09:24:57.918] [bmv2] [D] [thread 112150] [65.0] [cxt 0] Egress port is 2
[09:24:57.918] [bmv2] [D] [thread 112153] [65.0] [cxt 0] Pipeline 'egress': start
[09:24:57.918] [bmv2] [D] [thread 112153] [65.0] [cxt 0] Pipeline 'egress': end
[09:24:57.918] [bmv2] [D] [thread 112153] [65.0] [cxt 0] Deparser 'deparser': start
[09:24:57.918] [bmv2] [D] [thread 112153] [65.0] [cxt 0] Updating checksum 'cksum'
[09:24:57.918] [bmv2] [D] [thread 112153] [65.0] [cxt 0] Deparsing header 'ethernet'
[09:24:57.918] [bmv2] [D] [thread 112153] [65.0] [cxt 0] Deparsing header 'ipv4'
[09:24:57.918] [bmv2] [D] [thread 112153] [65.0] [cxt 0] Deparser 'deparser': end
[09:24:57.918] [bmv2] [D] [thread 112155] [65.0] [cxt 0] Transmitting packet of size 48 out of port 2
[09:24:57.921] [bmv2] [D] [thread 112150] [66.0] [cxt 0] Processing packet received on port 2
[09:24:57.921] [bmv2] [D] [thread 112150] [66.0] [cxt 0] Parser 'parser': start
[09:24:57.921] [bmv2] [D] [thread 112150] [66.0] [cxt 0] Parser 'parser' entering state 'start'
[09:24:57.921] [bmv2] [D] [thread 112150] [66.0] [cxt 0] Extracting header 'ethernet'
[09:24:57.921] [bmv2] [D] [thread 112150] [66.0] [cxt 0] Parser state 'start': key is 0800
[09:24:57.921] [bmv2] [T] [thread 112150] [66.0] [cxt 0] Bytes parsed: 14
[09:24:57.921] [bmv2] [D] [thread 112150] [66.0] [cxt 0] Parser 'parser' entering state 'parse_ipv4'
[09:24:57.921] [bmv2] [D] [thread 112150] [66.0] [cxt 0] Extracting header 'ipv4'
[09:24:57.921] [bmv2] [D] [thread 112150] [66.0] [cxt 0] Parser state 'parse_ipv4' has no switch, going to default next state
[09:24:57.921] [bmv2] [T] [thread 112150] [66.0] [cxt 0] Bytes parsed: 34
[09:24:57.921] [bmv2] [D] [thread 112150] [66.0] [cxt 0] Parser 'parser': end
[09:24:57.921] [bmv2] [D] [thread 112150] [66.0] [cxt 0] Pipeline 'ingress': start
[09:24:57.921] [bmv2] [T] [thread 112150] [66.0] [cxt 0] switch.p4(116) Condition "hdr.ipv4.isValid()" (node_2) is true
[09:24:57.921] [bmv2] [T] [thread 112150] [66.0] [cxt 0] Applying table 'MyIngress.ipv4_lpm'
[09:24:57.921] [bmv2] [D] [thread 112150] [66.0] [cxt 0] Looking up key:
* hdr.ipv4.dstAddr    : 0a000101

[09:24:57.921] [bmv2] [D] [thread 112150] [66.0] [cxt 0] Table 'MyIngress.ipv4_lpm': hit with handle 0
[09:24:57.921] [bmv2] [D] [thread 112150] [66.0] [cxt 0] Dumping entry 0
Match key:
* hdr.ipv4.dstAddr    : LPM       0a000101/32
Action entry: MyIngress.ipv4_forward - 80000000100,1,

[09:24:57.921] [bmv2] [D] [thread 112150] [66.0] [cxt 0] Action entry is MyIngress.ipv4_forward - 80000000100,1,
[09:24:57.921] [bmv2] [T] [thread 112150] [66.0] [cxt 0] Action MyIngress.ipv4_forward
[09:24:57.921] [bmv2] [T] [thread 112150] [66.0] [cxt 0] switch.p4(96) Primitive standard_metadata.egress_spec = port
[09:24:57.921] [bmv2] [T] [thread 112150] [66.0] [cxt 0] switch.p4(97) Primitive hdr.ethernet.srcAddr = hdr.ethernet.dstAddr
[09:24:57.921] [bmv2] [T] [thread 112150] [66.0] [cxt 0] switch.p4(98) Primitive hdr.ethernet.dstAddr = dstAddr
[09:24:57.921] [bmv2] [T] [thread 112150] [66.0] [cxt 0] switch.p4(99) Primitive hdr.ipv4.ttl = hdr.ipv4.ttl - 1
[09:24:57.921] [bmv2] [D] [thread 112150] [66.0] [cxt 0] Pipeline 'ingress': end
[09:24:57.921] [bmv2] [D] [thread 112150] [66.0] [cxt 0] Egress port is 1
[09:24:57.922] [bmv2] [D] [thread 112152] [66.0] [cxt 0] Pipeline 'egress': start
[09:24:57.922] [bmv2] [D] [thread 112152] [66.0] [cxt 0] Pipeline 'egress': end
[09:24:57.922] [bmv2] [D] [thread 112152] [66.0] [cxt 0] Deparser 'deparser': start
[09:24:57.922] [bmv2] [D] [thread 112152] [66.0] [cxt 0] Updating checksum 'cksum'
[09:24:57.922] [bmv2] [D] [thread 112152] [66.0] [cxt 0] Deparsing header 'ethernet'
[09:24:57.922] [bmv2] [D] [thread 112152] [66.0] [cxt 0] Deparsing header 'ipv4'
[09:24:57.922] [bmv2] [D] [thread 112152] [66.0] [cxt 0] Deparser 'deparser': end
[09:24:57.922] [bmv2] [D] [thread 112155] [66.0] [cxt 0] Transmitting packet of size 76 out of port 1
[09:24:57.939] [bmv2] [D] [thread 112150] [67.0] [cxt 0] Processing packet received on port 2
[09:24:57.939] [bmv2] [D] [thread 112150] [67.0] [cxt 0] Parser 'parser': start
[09:24:57.939] [bmv2] [D] [thread 112150] [67.0] [cxt 0] Parser 'parser' entering state 'start'
[09:24:57.939] [bmv2] [D] [thread 112150] [67.0] [cxt 0] Extracting header 'ethernet'
[09:24:57.939] [bmv2] [D] [thread 112150] [67.0] [cxt 0] Parser state 'start': key is 0800
[09:24:57.939] [bmv2] [T] [thread 112150] [67.0] [cxt 0] Bytes parsed: 14
[09:24:57.939] [bmv2] [D] [thread 112150] [67.0] [cxt 0] Parser 'parser' entering state 'parse_ipv4'
[09:24:57.939] [bmv2] [D] [thread 112150] [67.0] [cxt 0] Extracting header 'ipv4'
[09:24:57.939] [bmv2] [D] [thread 112150] [67.0] [cxt 0] Parser state 'parse_ipv4' has no switch, going to default next state
[09:24:57.939] [bmv2] [T] [thread 112150] [67.0] [cxt 0] Bytes parsed: 34
[09:24:57.939] [bmv2] [D] [thread 112150] [67.0] [cxt 0] Parser 'parser': end
[09:24:57.939] [bmv2] [D] [thread 112150] [67.0] [cxt 0] Pipeline 'ingress': start
[09:24:57.939] [bmv2] [T] [thread 112150] [67.0] [cxt 0] switch.p4(116) Condition "hdr.ipv4.isValid()" (node_2) is true
[09:24:57.939] [bmv2] [T] [thread 112150] [67.0] [cxt 0] Applying table 'MyIngress.ipv4_lpm'
[09:24:57.939] [bmv2] [D] [thread 112150] [67.0] [cxt 0] Looking up key:
* hdr.ipv4.dstAddr    : 0a000101

[09:24:57.939] [bmv2] [D] [thread 112150] [67.0] [cxt 0] Table 'MyIngress.ipv4_lpm': hit with handle 0
[09:24:57.939] [bmv2] [D] [thread 112150] [67.0] [cxt 0] Dumping entry 0
Match key:
* hdr.ipv4.dstAddr    : LPM       0a000101/32
Action entry: MyIngress.ipv4_forward - 80000000100,1,

[09:24:57.939] [bmv2] [D] [thread 112150] [67.0] [cxt 0] Action entry is MyIngress.ipv4_forward - 80000000100,1,
[09:24:57.939] [bmv2] [T] [thread 112150] [67.0] [cxt 0] Action MyIngress.ipv4_forward
[09:24:57.939] [bmv2] [T] [thread 112150] [67.0] [cxt 0] switch.p4(96) Primitive standard_metadata.egress_spec = port
[09:24:57.939] [bmv2] [T] [thread 112150] [67.0] [cxt 0] switch.p4(97) Primitive hdr.ethernet.srcAddr = hdr.ethernet.dstAddr
[09:24:57.939] [bmv2] [T] [thread 112150] [67.0] [cxt 0] switch.p4(98) Primitive hdr.ethernet.dstAddr = dstAddr
[09:24:57.939] [bmv2] [T] [thread 112150] [67.0] [cxt 0] switch.p4(99) Primitive hdr.ipv4.ttl = hdr.ipv4.ttl - 1
[09:24:57.939] [bmv2] [D] [thread 112150] [67.0] [cxt 0] Pipeline 'ingress': end
[09:24:57.939] [bmv2] [D] [thread 112150] [67.0] [cxt 0] Egress port is 1
[09:24:57.939] [bmv2] [D] [thread 112152] [67.0] [cxt 0] Pipeline 'egress': start
[09:24:57.939] [bmv2] [D] [thread 112152] [67.0] [cxt 0] Pipeline 'egress': end
[09:24:57.939] [bmv2] [D] [thread 112152] [67.0] [cxt 0] Deparser 'deparser': start
[09:24:57.939] [bmv2] [D] [thread 112152] [67.0] [cxt 0] Updating checksum 'cksum'
[09:24:57.939] [bmv2] [D] [thread 112152] [67.0] [cxt 0] Deparsing header 'ethernet'
[09:24:57.939] [bmv2] [D] [thread 112152] [67.0] [cxt 0] Deparsing header 'ipv4'
[09:24:57.939] [bmv2] [D] [thread 112152] [67.0] [cxt 0] Deparser 'deparser': end
[09:24:57.939] [bmv2] [D] [thread 112155] [67.0] [cxt 0] Transmitting packet of size 308 out of port 1
[09:24:57.944] [bmv2] [D] [thread 112150] [68.0] [cxt 0] Processing packet received on port 1
[09:24:57.944] [bmv2] [D] [thread 112150] [68.0] [cxt 0] Parser 'parser': start
[09:24:57.944] [bmv2] [D] [thread 112150] [68.0] [cxt 0] Parser 'parser' entering state 'start'
[09:24:57.944] [bmv2] [D] [thread 112150] [68.0] [cxt 0] Extracting header 'ethernet'
[09:24:57.944] [bmv2] [D] [thread 112150] [68.0] [cxt 0] Parser state 'start': key is 0800
[09:24:57.944] [bmv2] [T] [thread 112150] [68.0] [cxt 0] Bytes parsed: 14
[09:24:57.944] [bmv2] [D] [thread 112150] [68.0] [cxt 0] Parser 'parser' entering state 'parse_ipv4'
[09:24:57.944] [bmv2] [D] [thread 112150] [68.0] [cxt 0] Extracting header 'ipv4'
[09:24:57.944] [bmv2] [D] [thread 112150] [68.0] [cxt 0] Parser state 'parse_ipv4' has no switch, going to default next state
[09:24:57.944] [bmv2] [T] [thread 112150] [68.0] [cxt 0] Bytes parsed: 34
[09:24:57.944] [bmv2] [D] [thread 112150] [68.0] [cxt 0] Parser 'parser': end
[09:24:57.944] [bmv2] [D] [thread 112150] [68.0] [cxt 0] Pipeline 'ingress': start
[09:24:57.944] [bmv2] [T] [thread 112150] [68.0] [cxt 0] switch.p4(116) Condition "hdr.ipv4.isValid()" (node_2) is true
[09:24:57.944] [bmv2] [T] [thread 112150] [68.0] [cxt 0] Applying table 'MyIngress.ipv4_lpm'
[09:24:57.944] [bmv2] [D] [thread 112150] [68.0] [cxt 0] Looking up key:
* hdr.ipv4.dstAddr    : 0a000202

[09:24:57.944] [bmv2] [D] [thread 112150] [68.0] [cxt 0] Table 'MyIngress.ipv4_lpm': hit with handle 1
[09:24:57.944] [bmv2] [D] [thread 112150] [68.0] [cxt 0] Dumping entry 1
Match key:
* hdr.ipv4.dstAddr    : LPM       0a000202/32
Action entry: MyIngress.ipv4_forward - 80000000300,2,

[09:24:57.944] [bmv2] [D] [thread 112150] [68.0] [cxt 0] Action entry is MyIngress.ipv4_forward - 80000000300,2,
[09:24:57.944] [bmv2] [T] [thread 112150] [68.0] [cxt 0] Action MyIngress.ipv4_forward
[09:24:57.944] [bmv2] [T] [thread 112150] [68.0] [cxt 0] switch.p4(96) Primitive standard_metadata.egress_spec = port
[09:24:57.944] [bmv2] [T] [thread 112150] [68.0] [cxt 0] switch.p4(97) Primitive hdr.ethernet.srcAddr = hdr.ethernet.dstAddr
[09:24:57.944] [bmv2] [T] [thread 112150] [68.0] [cxt 0] switch.p4(98) Primitive hdr.ethernet.dstAddr = dstAddr
[09:24:57.944] [bmv2] [T] [thread 112150] [68.0] [cxt 0] switch.p4(99) Primitive hdr.ipv4.ttl = hdr.ipv4.ttl - 1
[09:24:57.944] [bmv2] [D] [thread 112150] [68.0] [cxt 0] Pipeline 'ingress': end
[09:24:57.944] [bmv2] [D] [thread 112150] [68.0] [cxt 0] Egress port is 2
[09:24:57.944] [bmv2] [D] [thread 112153] [68.0] [cxt 0] Pipeline 'egress': start
[09:24:57.944] [bmv2] [D] [thread 112153] [68.0] [cxt 0] Pipeline 'egress': end
[09:24:57.944] [bmv2] [D] [thread 112153] [68.0] [cxt 0] Deparser 'deparser': start
[09:24:57.944] [bmv2] [D] [thread 112153] [68.0] [cxt 0] Updating checksum 'cksum'
[09:24:57.944] [bmv2] [D] [thread 112153] [68.0] [cxt 0] Deparsing header 'ethernet'
[09:24:57.944] [bmv2] [D] [thread 112153] [68.0] [cxt 0] Deparsing header 'ipv4'
[09:24:57.944] [bmv2] [D] [thread 112153] [68.0] [cxt 0] Deparser 'deparser': end
[09:24:57.944] [bmv2] [D] [thread 112155] [68.0] [cxt 0] Transmitting packet of size 336 out of port 2
[09:24:59.008] [bmv2] [D] [thread 112150] [69.0] [cxt 0] Processing packet received on port 1
[09:24:59.008] [bmv2] [D] [thread 112150] [69.0] [cxt 0] Parser 'parser': start
[09:24:59.008] [bmv2] [D] [thread 112150] [69.0] [cxt 0] Parser 'parser' entering state 'start'
[09:24:59.008] [bmv2] [D] [thread 112150] [69.0] [cxt 0] Extracting header 'ethernet'
[09:24:59.008] [bmv2] [D] [thread 112150] [69.0] [cxt 0] Parser state 'start': key is 86dd
[09:24:59.008] [bmv2] [T] [thread 112150] [69.0] [cxt 0] Bytes parsed: 14
[09:24:59.008] [bmv2] [D] [thread 112150] [69.0] [cxt 0] Parser 'parser': end
[09:24:59.008] [bmv2] [D] [thread 112150] [69.0] [cxt 0] Pipeline 'ingress': start
[09:24:59.008] [bmv2] [T] [thread 112150] [69.0] [cxt 0] switch.p4(116) Condition "hdr.ipv4.isValid()" (node_2) is false
[09:24:59.008] [bmv2] [D] [thread 112150] [69.0] [cxt 0] Pipeline 'ingress': end
[09:24:59.008] [bmv2] [D] [thread 112150] [69.0] [cxt 0] Egress port is 0
[09:24:59.008] [bmv2] [D] [thread 112151] [69.0] [cxt 0] Pipeline 'egress': start
[09:24:59.008] [bmv2] [D] [thread 112151] [69.0] [cxt 0] Pipeline 'egress': end
[09:24:59.008] [bmv2] [D] [thread 112151] [69.0] [cxt 0] Deparser 'deparser': start
[09:24:59.008] [bmv2] [T] [thread 112151] [69.0] [cxt 0] Skipping checksum 'cksum' update because condition not met
[09:24:59.008] [bmv2] [D] [thread 112151] [69.0] [cxt 0] Deparsing header 'ethernet'
[09:24:59.008] [bmv2] [D] [thread 112151] [69.0] [cxt 0] Deparser 'deparser': end
[09:24:59.008] [bmv2] [D] [thread 112155] [69.0] [cxt 0] Transmitting packet of size 203 out of port 0
[09:24:59.380] [bmv2] [D] [thread 112150] [70.0] [cxt 0] Processing packet received on port 2
[09:24:59.380] [bmv2] [D] [thread 112150] [70.0] [cxt 0] Parser 'parser': start
[09:24:59.380] [bmv2] [D] [thread 112150] [70.0] [cxt 0] Parser 'parser' entering state 'start'
[09:24:59.380] [bmv2] [D] [thread 112150] [70.0] [cxt 0] Extracting header 'ethernet'
[09:24:59.380] [bmv2] [D] [thread 112150] [70.0] [cxt 0] Parser state 'start': key is 86dd
[09:24:59.380] [bmv2] [T] [thread 112150] [70.0] [cxt 0] Bytes parsed: 14
[09:24:59.380] [bmv2] [D] [thread 112150] [70.0] [cxt 0] Parser 'parser': end
[09:24:59.380] [bmv2] [D] [thread 112150] [70.0] [cxt 0] Pipeline 'ingress': start
[09:24:59.380] [bmv2] [T] [thread 112150] [70.0] [cxt 0] switch.p4(116) Condition "hdr.ipv4.isValid()" (node_2) is false
[09:24:59.380] [bmv2] [D] [thread 112150] [70.0] [cxt 0] Pipeline 'ingress': end
[09:24:59.380] [bmv2] [D] [thread 112150] [70.0] [cxt 0] Egress port is 0
[09:24:59.380] [bmv2] [D] [thread 112151] [70.0] [cxt 0] Pipeline 'egress': start
[09:24:59.380] [bmv2] [D] [thread 112151] [70.0] [cxt 0] Pipeline 'egress': end
[09:24:59.380] [bmv2] [D] [thread 112151] [70.0] [cxt 0] Deparser 'deparser': start
[09:24:59.380] [bmv2] [T] [thread 112151] [70.0] [cxt 0] Skipping checksum 'cksum' update because condition not met
[09:24:59.380] [bmv2] [D] [thread 112151] [70.0] [cxt 0] Deparsing header 'ethernet'
[09:24:59.380] [bmv2] [D] [thread 112151] [70.0] [cxt 0] Deparser 'deparser': end
[09:24:59.380] [bmv2] [D] [thread 112155] [70.0] [cxt 0] Transmitting packet of size 203 out of port 0
[09:24:59.520] [bmv2] [D] [thread 112150] [71.0] [cxt 0] Processing packet received on port 1
[09:24:59.520] [bmv2] [D] [thread 112150] [71.0] [cxt 0] Parser 'parser': start
[09:24:59.520] [bmv2] [D] [thread 112150] [71.0] [cxt 0] Parser 'parser' entering state 'start'
[09:24:59.520] [bmv2] [D] [thread 112150] [71.0] [cxt 0] Extracting header 'ethernet'
[09:24:59.520] [bmv2] [D] [thread 112150] [71.0] [cxt 0] Parser state 'start': key is 0800
[09:24:59.520] [bmv2] [T] [thread 112150] [71.0] [cxt 0] Bytes parsed: 14
[09:24:59.520] [bmv2] [D] [thread 112150] [71.0] [cxt 0] Parser 'parser' entering state 'parse_ipv4'
[09:24:59.520] [bmv2] [D] [thread 112150] [71.0] [cxt 0] Extracting header 'ipv4'
[09:24:59.520] [bmv2] [D] [thread 112150] [71.0] [cxt 0] Parser state 'parse_ipv4' has no switch, going to default next state
[09:24:59.520] [bmv2] [T] [thread 112150] [71.0] [cxt 0] Bytes parsed: 34
[09:24:59.520] [bmv2] [D] [thread 112150] [71.0] [cxt 0] Parser 'parser': end
[09:24:59.520] [bmv2] [D] [thread 112150] [71.0] [cxt 0] Pipeline 'ingress': start
[09:24:59.520] [bmv2] [T] [thread 112150] [71.0] [cxt 0] switch.p4(116) Condition "hdr.ipv4.isValid()" (node_2) is true
[09:24:59.520] [bmv2] [T] [thread 112150] [71.0] [cxt 0] Applying table 'MyIngress.ipv4_lpm'
[09:24:59.520] [bmv2] [D] [thread 112150] [71.0] [cxt 0] Looking up key:
* hdr.ipv4.dstAddr    : 0a000202

[09:24:59.520] [bmv2] [D] [thread 112150] [71.0] [cxt 0] Table 'MyIngress.ipv4_lpm': hit with handle 1
[09:24:59.520] [bmv2] [D] [thread 112150] [71.0] [cxt 0] Dumping entry 1
Match key:
* hdr.ipv4.dstAddr    : LPM       0a000202/32
Action entry: MyIngress.ipv4_forward - 80000000300,2,

[09:24:59.520] [bmv2] [D] [thread 112150] [71.0] [cxt 0] Action entry is MyIngress.ipv4_forward - 80000000300,2,
[09:24:59.520] [bmv2] [T] [thread 112150] [71.0] [cxt 0] Action MyIngress.ipv4_forward
[09:24:59.520] [bmv2] [T] [thread 112150] [71.0] [cxt 0] switch.p4(96) Primitive standard_metadata.egress_spec = port
[09:24:59.520] [bmv2] [T] [thread 112150] [71.0] [cxt 0] switch.p4(97) Primitive hdr.ethernet.srcAddr = hdr.ethernet.dstAddr
[09:24:59.520] [bmv2] [T] [thread 112150] [71.0] [cxt 0] switch.p4(98) Primitive hdr.ethernet.dstAddr = dstAddr
[09:24:59.520] [bmv2] [T] [thread 112150] [71.0] [cxt 0] switch.p4(99) Primitive hdr.ipv4.ttl = hdr.ipv4.ttl - 1
[09:24:59.520] [bmv2] [D] [thread 112150] [71.0] [cxt 0] Pipeline 'ingress': end
[09:24:59.520] [bmv2] [D] [thread 112150] [71.0] [cxt 0] Egress port is 2
[09:24:59.520] [bmv2] [D] [thread 112153] [71.0] [cxt 0] Pipeline 'egress': start
[09:24:59.520] [bmv2] [D] [thread 112153] [71.0] [cxt 0] Pipeline 'egress': end
[09:24:59.520] [bmv2] [D] [thread 112153] [71.0] [cxt 0] Deparser 'deparser': start
[09:24:59.520] [bmv2] [D] [thread 112153] [71.0] [cxt 0] Updating checksum 'cksum'
[09:24:59.520] [bmv2] [D] [thread 112153] [71.0] [cxt 0] Deparsing header 'ethernet'
[09:24:59.520] [bmv2] [D] [thread 112153] [71.0] [cxt 0] Deparsing header 'ipv4'
[09:24:59.520] [bmv2] [D] [thread 112153] [71.0] [cxt 0] Deparser 'deparser': end
[09:24:59.520] [bmv2] [D] [thread 112155] [71.0] [cxt 0] Transmitting packet of size 48 out of port 2
[09:24:59.525] [bmv2] [D] [thread 112150] [72.0] [cxt 0] Processing packet received on port 2
[09:24:59.525] [bmv2] [D] [thread 112150] [72.0] [cxt 0] Parser 'parser': start
[09:24:59.525] [bmv2] [D] [thread 112150] [72.0] [cxt 0] Parser 'parser' entering state 'start'
[09:24:59.525] [bmv2] [D] [thread 112150] [72.0] [cxt 0] Extracting header 'ethernet'
[09:24:59.525] [bmv2] [D] [thread 112150] [72.0] [cxt 0] Parser state 'start': key is 0800
[09:24:59.525] [bmv2] [T] [thread 112150] [72.0] [cxt 0] Bytes parsed: 14
[09:24:59.525] [bmv2] [D] [thread 112150] [72.0] [cxt 0] Parser 'parser' entering state 'parse_ipv4'
[09:24:59.525] [bmv2] [D] [thread 112150] [72.0] [cxt 0] Extracting header 'ipv4'
[09:24:59.525] [bmv2] [D] [thread 112150] [72.0] [cxt 0] Parser state 'parse_ipv4' has no switch, going to default next state
[09:24:59.525] [bmv2] [T] [thread 112150] [72.0] [cxt 0] Bytes parsed: 34
[09:24:59.525] [bmv2] [D] [thread 112150] [72.0] [cxt 0] Parser 'parser': end
[09:24:59.525] [bmv2] [D] [thread 112150] [72.0] [cxt 0] Pipeline 'ingress': start
[09:24:59.525] [bmv2] [T] [thread 112150] [72.0] [cxt 0] switch.p4(116) Condition "hdr.ipv4.isValid()" (node_2) is true
[09:24:59.525] [bmv2] [T] [thread 112150] [72.0] [cxt 0] Applying table 'MyIngress.ipv4_lpm'
[09:24:59.525] [bmv2] [D] [thread 112150] [72.0] [cxt 0] Looking up key:
* hdr.ipv4.dstAddr    : 0a000101

[09:24:59.525] [bmv2] [D] [thread 112150] [72.0] [cxt 0] Table 'MyIngress.ipv4_lpm': hit with handle 0
[09:24:59.525] [bmv2] [D] [thread 112150] [72.0] [cxt 0] Dumping entry 0
Match key:
* hdr.ipv4.dstAddr    : LPM       0a000101/32
Action entry: MyIngress.ipv4_forward - 80000000100,1,

[09:24:59.525] [bmv2] [D] [thread 112150] [72.0] [cxt 0] Action entry is MyIngress.ipv4_forward - 80000000100,1,
[09:24:59.525] [bmv2] [T] [thread 112150] [72.0] [cxt 0] Action MyIngress.ipv4_forward
[09:24:59.525] [bmv2] [T] [thread 112150] [72.0] [cxt 0] switch.p4(96) Primitive standard_metadata.egress_spec = port
[09:24:59.525] [bmv2] [T] [thread 112150] [72.0] [cxt 0] switch.p4(97) Primitive hdr.ethernet.srcAddr = hdr.ethernet.dstAddr
[09:24:59.525] [bmv2] [T] [thread 112150] [72.0] [cxt 0] switch.p4(98) Primitive hdr.ethernet.dstAddr = dstAddr
[09:24:59.525] [bmv2] [T] [thread 112150] [72.0] [cxt 0] switch.p4(99) Primitive hdr.ipv4.ttl = hdr.ipv4.ttl - 1
[09:24:59.525] [bmv2] [D] [thread 112150] [72.0] [cxt 0] Pipeline 'ingress': end
[09:24:59.525] [bmv2] [D] [thread 112150] [72.0] [cxt 0] Egress port is 1
[09:24:59.525] [bmv2] [D] [thread 112152] [72.0] [cxt 0] Pipeline 'egress': start
[09:24:59.525] [bmv2] [D] [thread 112152] [72.0] [cxt 0] Pipeline 'egress': end
[09:24:59.525] [bmv2] [D] [thread 112152] [72.0] [cxt 0] Deparser 'deparser': start
[09:24:59.525] [bmv2] [D] [thread 112152] [72.0] [cxt 0] Updating checksum 'cksum'
[09:24:59.525] [bmv2] [D] [thread 112152] [72.0] [cxt 0] Deparsing header 'ethernet'
[09:24:59.525] [bmv2] [D] [thread 112152] [72.0] [cxt 0] Deparsing header 'ipv4'
[09:24:59.525] [bmv2] [D] [thread 112152] [72.0] [cxt 0] Deparser 'deparser': end
[09:24:59.525] [bmv2] [D] [thread 112155] [72.0] [cxt 0] Transmitting packet of size 76 out of port 1
[09:24:59.538] [bmv2] [D] [thread 112150] [73.0] [cxt 0] Processing packet received on port 2
[09:24:59.538] [bmv2] [D] [thread 112150] [73.0] [cxt 0] Parser 'parser': start
[09:24:59.538] [bmv2] [D] [thread 112150] [73.0] [cxt 0] Parser 'parser' entering state 'start'
[09:24:59.538] [bmv2] [D] [thread 112150] [73.0] [cxt 0] Extracting header 'ethernet'
[09:24:59.538] [bmv2] [D] [thread 112150] [73.0] [cxt 0] Parser state 'start': key is 0800
[09:24:59.538] [bmv2] [T] [thread 112150] [73.0] [cxt 0] Bytes parsed: 14
[09:24:59.538] [bmv2] [D] [thread 112150] [73.0] [cxt 0] Parser 'parser' entering state 'parse_ipv4'
[09:24:59.538] [bmv2] [D] [thread 112150] [73.0] [cxt 0] Extracting header 'ipv4'
[09:24:59.538] [bmv2] [D] [thread 112150] [73.0] [cxt 0] Parser state 'parse_ipv4' has no switch, going to default next state
[09:24:59.538] [bmv2] [T] [thread 112150] [73.0] [cxt 0] Bytes parsed: 34
[09:24:59.538] [bmv2] [D] [thread 112150] [73.0] [cxt 0] Parser 'parser': end
[09:24:59.538] [bmv2] [D] [thread 112150] [73.0] [cxt 0] Pipeline 'ingress': start
[09:24:59.538] [bmv2] [T] [thread 112150] [73.0] [cxt 0] switch.p4(116) Condition "hdr.ipv4.isValid()" (node_2) is true
[09:24:59.538] [bmv2] [T] [thread 112150] [73.0] [cxt 0] Applying table 'MyIngress.ipv4_lpm'
[09:24:59.538] [bmv2] [D] [thread 112150] [73.0] [cxt 0] Looking up key:
* hdr.ipv4.dstAddr    : 0a000101

[09:24:59.538] [bmv2] [D] [thread 112150] [73.0] [cxt 0] Table 'MyIngress.ipv4_lpm': hit with handle 0
[09:24:59.538] [bmv2] [D] [thread 112150] [73.0] [cxt 0] Dumping entry 0
Match key:
* hdr.ipv4.dstAddr    : LPM       0a000101/32
Action entry: MyIngress.ipv4_forward - 80000000100,1,

[09:24:59.538] [bmv2] [D] [thread 112150] [73.0] [cxt 0] Action entry is MyIngress.ipv4_forward - 80000000100,1,
[09:24:59.538] [bmv2] [T] [thread 112150] [73.0] [cxt 0] Action MyIngress.ipv4_forward
[09:24:59.538] [bmv2] [T] [thread 112150] [73.0] [cxt 0] switch.p4(96) Primitive standard_metadata.egress_spec = port
[09:24:59.538] [bmv2] [T] [thread 112150] [73.0] [cxt 0] switch.p4(97) Primitive hdr.ethernet.srcAddr = hdr.ethernet.dstAddr
[09:24:59.538] [bmv2] [T] [thread 112150] [73.0] [cxt 0] switch.p4(98) Primitive hdr.ethernet.dstAddr = dstAddr
[09:24:59.538] [bmv2] [T] [thread 112150] [73.0] [cxt 0] switch.p4(99) Primitive hdr.ipv4.ttl = hdr.ipv4.ttl - 1
[09:24:59.538] [bmv2] [D] [thread 112150] [73.0] [cxt 0] Pipeline 'ingress': end
[09:24:59.538] [bmv2] [D] [thread 112150] [73.0] [cxt 0] Egress port is 1
[09:24:59.538] [bmv2] [D] [thread 112152] [73.0] [cxt 0] Pipeline 'egress': start
[09:24:59.538] [bmv2] [D] [thread 112152] [73.0] [cxt 0] Pipeline 'egress': end
[09:24:59.538] [bmv2] [D] [thread 112152] [73.0] [cxt 0] Deparser 'deparser': start
[09:24:59.538] [bmv2] [D] [thread 112152] [73.0] [cxt 0] Updating checksum 'cksum'
[09:24:59.538] [bmv2] [D] [thread 112152] [73.0] [cxt 0] Deparsing header 'ethernet'
[09:24:59.538] [bmv2] [D] [thread 112152] [73.0] [cxt 0] Deparsing header 'ipv4'
[09:24:59.538] [bmv2] [D] [thread 112152] [73.0] [cxt 0] Deparser 'deparser': end
[09:24:59.538] [bmv2] [D] [thread 112155] [73.0] [cxt 0] Transmitting packet of size 308 out of port 1
[09:24:59.538] [bmv2] [D] [thread 112150] [74.0] [cxt 0] Processing packet received on port 1
[09:24:59.538] [bmv2] [D] [thread 112150] [74.0] [cxt 0] Parser 'parser': start
[09:24:59.538] [bmv2] [D] [thread 112150] [74.0] [cxt 0] Parser 'parser' entering state 'start'
[09:24:59.538] [bmv2] [D] [thread 112150] [74.0] [cxt 0] Extracting header 'ethernet'
[09:24:59.538] [bmv2] [D] [thread 112150] [74.0] [cxt 0] Parser state 'start': key is 0800
[09:24:59.538] [bmv2] [T] [thread 112150] [74.0] [cxt 0] Bytes parsed: 14
[09:24:59.538] [bmv2] [D] [thread 112150] [74.0] [cxt 0] Parser 'parser' entering state 'parse_ipv4'
[09:24:59.538] [bmv2] [D] [thread 112150] [74.0] [cxt 0] Extracting header 'ipv4'
[09:24:59.538] [bmv2] [D] [thread 112150] [74.0] [cxt 0] Parser state 'parse_ipv4' has no switch, going to default next state
[09:24:59.538] [bmv2] [T] [thread 112150] [74.0] [cxt 0] Bytes parsed: 34
[09:24:59.538] [bmv2] [D] [thread 112150] [74.0] [cxt 0] Parser 'parser': end
[09:24:59.538] [bmv2] [D] [thread 112150] [74.0] [cxt 0] Pipeline 'ingress': start
[09:24:59.538] [bmv2] [T] [thread 112150] [74.0] [cxt 0] switch.p4(116) Condition "hdr.ipv4.isValid()" (node_2) is true
[09:24:59.538] [bmv2] [T] [thread 112150] [74.0] [cxt 0] Applying table 'MyIngress.ipv4_lpm'
[09:24:59.538] [bmv2] [D] [thread 112150] [74.0] [cxt 0] Looking up key:
* hdr.ipv4.dstAddr    : 0a000202

[09:24:59.538] [bmv2] [D] [thread 112150] [74.0] [cxt 0] Table 'MyIngress.ipv4_lpm': hit with handle 1
[09:24:59.538] [bmv2] [D] [thread 112150] [74.0] [cxt 0] Dumping entry 1
Match key:
* hdr.ipv4.dstAddr    : LPM       0a000202/32
Action entry: MyIngress.ipv4_forward - 80000000300,2,

[09:24:59.538] [bmv2] [D] [thread 112150] [74.0] [cxt 0] Action entry is MyIngress.ipv4_forward - 80000000300,2,
[09:24:59.538] [bmv2] [T] [thread 112150] [74.0] [cxt 0] Action MyIngress.ipv4_forward
[09:24:59.538] [bmv2] [T] [thread 112150] [74.0] [cxt 0] switch.p4(96) Primitive standard_metadata.egress_spec = port
[09:24:59.538] [bmv2] [T] [thread 112150] [74.0] [cxt 0] switch.p4(97) Primitive hdr.ethernet.srcAddr = hdr.ethernet.dstAddr
[09:24:59.538] [bmv2] [T] [thread 112150] [74.0] [cxt 0] switch.p4(98) Primitive hdr.ethernet.dstAddr = dstAddr
[09:24:59.538] [bmv2] [T] [thread 112150] [74.0] [cxt 0] switch.p4(99) Primitive hdr.ipv4.ttl = hdr.ipv4.ttl - 1
[09:24:59.538] [bmv2] [D] [thread 112150] [74.0] [cxt 0] Pipeline 'ingress': end
[09:24:59.538] [bmv2] [D] [thread 112150] [74.0] [cxt 0] Egress port is 2
[09:24:59.538] [bmv2] [D] [thread 112153] [74.0] [cxt 0] Pipeline 'egress': start
[09:24:59.538] [bmv2] [D] [thread 112153] [74.0] [cxt 0] Pipeline 'egress': end
[09:24:59.538] [bmv2] [D] [thread 112153] [74.0] [cxt 0] Deparser 'deparser': start
[09:24:59.538] [bmv2] [D] [thread 112153] [74.0] [cxt 0] Updating checksum 'cksum'
[09:24:59.538] [bmv2] [D] [thread 112153] [74.0] [cxt 0] Deparsing header 'ethernet'
[09:24:59.538] [bmv2] [D] [thread 112153] [74.0] [cxt 0] Deparsing header 'ipv4'
[09:24:59.538] [bmv2] [D] [thread 112153] [74.0] [cxt 0] Deparser 'deparser': end
[09:24:59.538] [bmv2] [D] [thread 112155] [74.0] [cxt 0] Transmitting packet of size 336 out of port 2
[09:25:00.502] [bmv2] [D] [thread 112150] [75.0] [cxt 0] Processing packet received on port 1
[09:25:00.502] [bmv2] [D] [thread 112150] [75.0] [cxt 0] Parser 'parser': start
[09:25:00.502] [bmv2] [D] [thread 112150] [75.0] [cxt 0] Parser 'parser' entering state 'start'
[09:25:00.502] [bmv2] [D] [thread 112150] [75.0] [cxt 0] Extracting header 'ethernet'
[09:25:00.502] [bmv2] [D] [thread 112150] [75.0] [cxt 0] Parser state 'start': key is 0800
[09:25:00.502] [bmv2] [T] [thread 112150] [75.0] [cxt 0] Bytes parsed: 14
[09:25:00.502] [bmv2] [D] [thread 112150] [75.0] [cxt 0] Parser 'parser' entering state 'parse_ipv4'
[09:25:00.502] [bmv2] [D] [thread 112150] [75.0] [cxt 0] Extracting header 'ipv4'
[09:25:00.502] [bmv2] [D] [thread 112150] [75.0] [cxt 0] Parser state 'parse_ipv4' has no switch, going to default next state
[09:25:00.502] [bmv2] [T] [thread 112150] [75.0] [cxt 0] Bytes parsed: 34
[09:25:00.502] [bmv2] [D] [thread 112150] [75.0] [cxt 0] Parser 'parser': end
[09:25:00.502] [bmv2] [D] [thread 112150] [75.0] [cxt 0] Pipeline 'ingress': start
[09:25:00.502] [bmv2] [T] [thread 112150] [75.0] [cxt 0] switch.p4(116) Condition "hdr.ipv4.isValid()" (node_2) is true
[09:25:00.502] [bmv2] [T] [thread 112150] [75.0] [cxt 0] Applying table 'MyIngress.ipv4_lpm'
[09:25:00.502] [bmv2] [D] [thread 112150] [75.0] [cxt 0] Looking up key:
* hdr.ipv4.dstAddr    : 0a000202

[09:25:00.502] [bmv2] [D] [thread 112150] [75.0] [cxt 0] Table 'MyIngress.ipv4_lpm': hit with handle 1
[09:25:00.502] [bmv2] [D] [thread 112150] [75.0] [cxt 0] Dumping entry 1
Match key:
* hdr.ipv4.dstAddr    : LPM       0a000202/32
Action entry: MyIngress.ipv4_forward - 80000000300,2,

[09:25:00.502] [bmv2] [D] [thread 112150] [75.0] [cxt 0] Action entry is MyIngress.ipv4_forward - 80000000300,2,
[09:25:00.502] [bmv2] [T] [thread 112150] [75.0] [cxt 0] Action MyIngress.ipv4_forward
[09:25:00.502] [bmv2] [T] [thread 112150] [75.0] [cxt 0] switch.p4(96) Primitive standard_metadata.egress_spec = port
[09:25:00.502] [bmv2] [T] [thread 112150] [75.0] [cxt 0] switch.p4(97) Primitive hdr.ethernet.srcAddr = hdr.ethernet.dstAddr
[09:25:00.502] [bmv2] [T] [thread 112150] [75.0] [cxt 0] switch.p4(98) Primitive hdr.ethernet.dstAddr = dstAddr
[09:25:00.502] [bmv2] [T] [thread 112150] [75.0] [cxt 0] switch.p4(99) Primitive hdr.ipv4.ttl = hdr.ipv4.ttl - 1
[09:25:00.502] [bmv2] [D] [thread 112150] [75.0] [cxt 0] Pipeline 'ingress': end
[09:25:00.502] [bmv2] [D] [thread 112150] [75.0] [cxt 0] Egress port is 2
[09:25:00.503] [bmv2] [D] [thread 112153] [75.0] [cxt 0] Pipeline 'egress': start
[09:25:00.503] [bmv2] [D] [thread 112153] [75.0] [cxt 0] Pipeline 'egress': end
[09:25:00.503] [bmv2] [D] [thread 112153] [75.0] [cxt 0] Deparser 'deparser': start
[09:25:00.503] [bmv2] [D] [thread 112153] [75.0] [cxt 0] Updating checksum 'cksum'
[09:25:00.503] [bmv2] [D] [thread 112153] [75.0] [cxt 0] Deparsing header 'ethernet'
[09:25:00.503] [bmv2] [D] [thread 112153] [75.0] [cxt 0] Deparsing header 'ipv4'
[09:25:00.503] [bmv2] [D] [thread 112153] [75.0] [cxt 0] Deparser 'deparser': end
[09:25:00.503] [bmv2] [D] [thread 112155] [75.0] [cxt 0] Transmitting packet of size 48 out of port 2
[09:25:00.507] [bmv2] [D] [thread 112150] [76.0] [cxt 0] Processing packet received on port 2
[09:25:00.507] [bmv2] [D] [thread 112150] [76.0] [cxt 0] Parser 'parser': start
[09:25:00.507] [bmv2] [D] [thread 112150] [76.0] [cxt 0] Parser 'parser' entering state 'start'
[09:25:00.507] [bmv2] [D] [thread 112150] [76.0] [cxt 0] Extracting header 'ethernet'
[09:25:00.507] [bmv2] [D] [thread 112150] [76.0] [cxt 0] Parser state 'start': key is 0800
[09:25:00.507] [bmv2] [T] [thread 112150] [76.0] [cxt 0] Bytes parsed: 14
[09:25:00.507] [bmv2] [D] [thread 112150] [76.0] [cxt 0] Parser 'parser' entering state 'parse_ipv4'
[09:25:00.507] [bmv2] [D] [thread 112150] [76.0] [cxt 0] Extracting header 'ipv4'
[09:25:00.507] [bmv2] [D] [thread 112150] [76.0] [cxt 0] Parser state 'parse_ipv4' has no switch, going to default next state
[09:25:00.507] [bmv2] [T] [thread 112150] [76.0] [cxt 0] Bytes parsed: 34
[09:25:00.507] [bmv2] [D] [thread 112150] [76.0] [cxt 0] Parser 'parser': end
[09:25:00.507] [bmv2] [D] [thread 112150] [76.0] [cxt 0] Pipeline 'ingress': start
[09:25:00.507] [bmv2] [T] [thread 112150] [76.0] [cxt 0] switch.p4(116) Condition "hdr.ipv4.isValid()" (node_2) is true
[09:25:00.507] [bmv2] [T] [thread 112150] [76.0] [cxt 0] Applying table 'MyIngress.ipv4_lpm'
[09:25:00.507] [bmv2] [D] [thread 112150] [76.0] [cxt 0] Looking up key:
* hdr.ipv4.dstAddr    : 0a000101

[09:25:00.507] [bmv2] [D] [thread 112150] [76.0] [cxt 0] Table 'MyIngress.ipv4_lpm': hit with handle 0
[09:25:00.507] [bmv2] [D] [thread 112150] [76.0] [cxt 0] Dumping entry 0
Match key:
* hdr.ipv4.dstAddr    : LPM       0a000101/32
Action entry: MyIngress.ipv4_forward - 80000000100,1,

[09:25:00.507] [bmv2] [D] [thread 112150] [76.0] [cxt 0] Action entry is MyIngress.ipv4_forward - 80000000100,1,
[09:25:00.507] [bmv2] [T] [thread 112150] [76.0] [cxt 0] Action MyIngress.ipv4_forward
[09:25:00.507] [bmv2] [T] [thread 112150] [76.0] [cxt 0] switch.p4(96) Primitive standard_metadata.egress_spec = port
[09:25:00.507] [bmv2] [T] [thread 112150] [76.0] [cxt 0] switch.p4(97) Primitive hdr.ethernet.srcAddr = hdr.ethernet.dstAddr
[09:25:00.507] [bmv2] [T] [thread 112150] [76.0] [cxt 0] switch.p4(98) Primitive hdr.ethernet.dstAddr = dstAddr
[09:25:00.507] [bmv2] [T] [thread 112150] [76.0] [cxt 0] switch.p4(99) Primitive hdr.ipv4.ttl = hdr.ipv4.ttl - 1
[09:25:00.507] [bmv2] [D] [thread 112150] [76.0] [cxt 0] Pipeline 'ingress': end
[09:25:00.507] [bmv2] [D] [thread 112150] [76.0] [cxt 0] Egress port is 1
[09:25:00.507] [bmv2] [D] [thread 112152] [76.0] [cxt 0] Pipeline 'egress': start
[09:25:00.507] [bmv2] [D] [thread 112152] [76.0] [cxt 0] Pipeline 'egress': end
[09:25:00.507] [bmv2] [D] [thread 112152] [76.0] [cxt 0] Deparser 'deparser': start
[09:25:00.507] [bmv2] [D] [thread 112152] [76.0] [cxt 0] Updating checksum 'cksum'
[09:25:00.507] [bmv2] [D] [thread 112152] [76.0] [cxt 0] Deparsing header 'ethernet'
[09:25:00.507] [bmv2] [D] [thread 112152] [76.0] [cxt 0] Deparsing header 'ipv4'
[09:25:00.507] [bmv2] [D] [thread 112152] [76.0] [cxt 0] Deparser 'deparser': end
[09:25:00.507] [bmv2] [D] [thread 112155] [76.0] [cxt 0] Transmitting packet of size 76 out of port 1
[09:25:00.604] [bmv2] [D] [thread 112150] [77.0] [cxt 0] Processing packet received on port 2
[09:25:00.604] [bmv2] [D] [thread 112150] [77.0] [cxt 0] Parser 'parser': start
[09:25:00.604] [bmv2] [D] [thread 112150] [77.0] [cxt 0] Parser 'parser' entering state 'start'
[09:25:00.604] [bmv2] [D] [thread 112150] [77.0] [cxt 0] Extracting header 'ethernet'
[09:25:00.604] [bmv2] [D] [thread 112150] [77.0] [cxt 0] Parser state 'start': key is 0800
[09:25:00.604] [bmv2] [T] [thread 112150] [77.0] [cxt 0] Bytes parsed: 14
[09:25:00.604] [bmv2] [D] [thread 112150] [77.0] [cxt 0] Parser 'parser' entering state 'parse_ipv4'
[09:25:00.604] [bmv2] [D] [thread 112150] [77.0] [cxt 0] Extracting header 'ipv4'
[09:25:00.604] [bmv2] [D] [thread 112150] [77.0] [cxt 0] Parser state 'parse_ipv4' has no switch, going to default next state
[09:25:00.604] [bmv2] [T] [thread 112150] [77.0] [cxt 0] Bytes parsed: 34
[09:25:00.604] [bmv2] [D] [thread 112150] [77.0] [cxt 0] Parser 'parser': end
[09:25:00.604] [bmv2] [D] [thread 112150] [77.0] [cxt 0] Pipeline 'ingress': start
[09:25:00.604] [bmv2] [T] [thread 112150] [77.0] [cxt 0] switch.p4(116) Condition "hdr.ipv4.isValid()" (node_2) is true
[09:25:00.604] [bmv2] [T] [thread 112150] [77.0] [cxt 0] Applying table 'MyIngress.ipv4_lpm'
[09:25:00.604] [bmv2] [D] [thread 112150] [77.0] [cxt 0] Looking up key:
* hdr.ipv4.dstAddr    : 0a000101

[09:25:00.604] [bmv2] [D] [thread 112150] [77.0] [cxt 0] Table 'MyIngress.ipv4_lpm': hit with handle 0
[09:25:00.604] [bmv2] [D] [thread 112150] [77.0] [cxt 0] Dumping entry 0
Match key:
* hdr.ipv4.dstAddr    : LPM       0a000101/32
Action entry: MyIngress.ipv4_forward - 80000000100,1,

[09:25:00.604] [bmv2] [D] [thread 112150] [77.0] [cxt 0] Action entry is MyIngress.ipv4_forward - 80000000100,1,
[09:25:00.604] [bmv2] [T] [thread 112150] [77.0] [cxt 0] Action MyIngress.ipv4_forward
[09:25:00.604] [bmv2] [T] [thread 112150] [77.0] [cxt 0] switch.p4(96) Primitive standard_metadata.egress_spec = port
[09:25:00.604] [bmv2] [T] [thread 112150] [77.0] [cxt 0] switch.p4(97) Primitive hdr.ethernet.srcAddr = hdr.ethernet.dstAddr
[09:25:00.604] [bmv2] [T] [thread 112150] [77.0] [cxt 0] switch.p4(98) Primitive hdr.ethernet.dstAddr = dstAddr
[09:25:00.604] [bmv2] [T] [thread 112150] [77.0] [cxt 0] switch.p4(99) Primitive hdr.ipv4.ttl = hdr.ipv4.ttl - 1
[09:25:00.604] [bmv2] [D] [thread 112150] [77.0] [cxt 0] Pipeline 'ingress': end
[09:25:00.604] [bmv2] [D] [thread 112150] [77.0] [cxt 0] Egress port is 1
[09:25:00.604] [bmv2] [D] [thread 112152] [77.0] [cxt 0] Pipeline 'egress': start
[09:25:00.604] [bmv2] [D] [thread 112152] [77.0] [cxt 0] Pipeline 'egress': end
[09:25:00.604] [bmv2] [D] [thread 112152] [77.0] [cxt 0] Deparser 'deparser': start
[09:25:00.604] [bmv2] [D] [thread 112152] [77.0] [cxt 0] Updating checksum 'cksum'
[09:25:00.604] [bmv2] [D] [thread 112152] [77.0] [cxt 0] Deparsing header 'ethernet'
[09:25:00.604] [bmv2] [D] [thread 112152] [77.0] [cxt 0] Deparsing header 'ipv4'
[09:25:00.604] [bmv2] [D] [thread 112152] [77.0] [cxt 0] Deparser 'deparser': end
[09:25:00.604] [bmv2] [D] [thread 112155] [77.0] [cxt 0] Transmitting packet of size 308 out of port 1
[09:25:00.604] [bmv2] [D] [thread 112150] [78.0] [cxt 0] Processing packet received on port 1
[09:25:00.604] [bmv2] [D] [thread 112150] [78.0] [cxt 0] Parser 'parser': start
[09:25:00.604] [bmv2] [D] [thread 112150] [78.0] [cxt 0] Parser 'parser' entering state 'start'
[09:25:00.604] [bmv2] [D] [thread 112150] [78.0] [cxt 0] Extracting header 'ethernet'
[09:25:00.604] [bmv2] [D] [thread 112150] [78.0] [cxt 0] Parser state 'start': key is 0800
[09:25:00.604] [bmv2] [T] [thread 112150] [78.0] [cxt 0] Bytes parsed: 14
[09:25:00.604] [bmv2] [D] [thread 112150] [78.0] [cxt 0] Parser 'parser' entering state 'parse_ipv4'
[09:25:00.604] [bmv2] [D] [thread 112150] [78.0] [cxt 0] Extracting header 'ipv4'
[09:25:00.604] [bmv2] [D] [thread 112150] [78.0] [cxt 0] Parser state 'parse_ipv4' has no switch, going to default next state
[09:25:00.604] [bmv2] [T] [thread 112150] [78.0] [cxt 0] Bytes parsed: 34
[09:25:00.604] [bmv2] [D] [thread 112150] [78.0] [cxt 0] Parser 'parser': end
[09:25:00.604] [bmv2] [D] [thread 112150] [78.0] [cxt 0] Pipeline 'ingress': start
[09:25:00.604] [bmv2] [T] [thread 112150] [78.0] [cxt 0] switch.p4(116) Condition "hdr.ipv4.isValid()" (node_2) is true
[09:25:00.604] [bmv2] [T] [thread 112150] [78.0] [cxt 0] Applying table 'MyIngress.ipv4_lpm'
[09:25:00.604] [bmv2] [D] [thread 112150] [78.0] [cxt 0] Looking up key:
* hdr.ipv4.dstAddr    : 0a000202

[09:25:00.604] [bmv2] [D] [thread 112150] [78.0] [cxt 0] Table 'MyIngress.ipv4_lpm': hit with handle 1
[09:25:00.604] [bmv2] [D] [thread 112150] [78.0] [cxt 0] Dumping entry 1
Match key:
* hdr.ipv4.dstAddr    : LPM       0a000202/32
Action entry: MyIngress.ipv4_forward - 80000000300,2,

[09:25:00.604] [bmv2] [D] [thread 112150] [78.0] [cxt 0] Action entry is MyIngress.ipv4_forward - 80000000300,2,
[09:25:00.604] [bmv2] [T] [thread 112150] [78.0] [cxt 0] Action MyIngress.ipv4_forward
[09:25:00.604] [bmv2] [T] [thread 112150] [78.0] [cxt 0] switch.p4(96) Primitive standard_metadata.egress_spec = port
[09:25:00.604] [bmv2] [T] [thread 112150] [78.0] [cxt 0] switch.p4(97) Primitive hdr.ethernet.srcAddr = hdr.ethernet.dstAddr
[09:25:00.604] [bmv2] [T] [thread 112150] [78.0] [cxt 0] switch.p4(98) Primitive hdr.ethernet.dstAddr = dstAddr
[09:25:00.604] [bmv2] [T] [thread 112150] [78.0] [cxt 0] switch.p4(99) Primitive hdr.ipv4.ttl = hdr.ipv4.ttl - 1
[09:25:00.604] [bmv2] [D] [thread 112150] [78.0] [cxt 0] Pipeline 'ingress': end
[09:25:00.604] [bmv2] [D] [thread 112150] [78.0] [cxt 0] Egress port is 2
[09:25:00.604] [bmv2] [D] [thread 112153] [78.0] [cxt 0] Pipeline 'egress': start
[09:25:00.604] [bmv2] [D] [thread 112153] [78.0] [cxt 0] Pipeline 'egress': end
[09:25:00.604] [bmv2] [D] [thread 112153] [78.0] [cxt 0] Deparser 'deparser': start
[09:25:00.604] [bmv2] [D] [thread 112153] [78.0] [cxt 0] Updating checksum 'cksum'
[09:25:00.604] [bmv2] [D] [thread 112153] [78.0] [cxt 0] Deparsing header 'ethernet'
[09:25:00.604] [bmv2] [D] [thread 112153] [78.0] [cxt 0] Deparsing header 'ipv4'
[09:25:00.604] [bmv2] [D] [thread 112153] [78.0] [cxt 0] Deparser 'deparser': end
[09:25:00.604] [bmv2] [D] [thread 112155] [78.0] [cxt 0] Transmitting packet of size 336 out of port 2
[09:25:01.456] [bmv2] [D] [thread 112150] [79.0] [cxt 0] Processing packet received on port 1
[09:25:01.456] [bmv2] [D] [thread 112150] [79.0] [cxt 0] Parser 'parser': start
[09:25:01.456] [bmv2] [D] [thread 112150] [79.0] [cxt 0] Parser 'parser' entering state 'start'
[09:25:01.456] [bmv2] [D] [thread 112150] [79.0] [cxt 0] Extracting header 'ethernet'
[09:25:01.456] [bmv2] [D] [thread 112150] [79.0] [cxt 0] Parser state 'start': key is 0800
[09:25:01.456] [bmv2] [T] [thread 112150] [79.0] [cxt 0] Bytes parsed: 14
[09:25:01.456] [bmv2] [D] [thread 112150] [79.0] [cxt 0] Parser 'parser' entering state 'parse_ipv4'
[09:25:01.456] [bmv2] [D] [thread 112150] [79.0] [cxt 0] Extracting header 'ipv4'
[09:25:01.456] [bmv2] [D] [thread 112150] [79.0] [cxt 0] Parser state 'parse_ipv4' has no switch, going to default next state
[09:25:01.456] [bmv2] [T] [thread 112150] [79.0] [cxt 0] Bytes parsed: 34
[09:25:01.456] [bmv2] [D] [thread 112150] [79.0] [cxt 0] Parser 'parser': end
[09:25:01.456] [bmv2] [D] [thread 112150] [79.0] [cxt 0] Pipeline 'ingress': start
[09:25:01.456] [bmv2] [T] [thread 112150] [79.0] [cxt 0] switch.p4(116) Condition "hdr.ipv4.isValid()" (node_2) is true
[09:25:01.456] [bmv2] [T] [thread 112150] [79.0] [cxt 0] Applying table 'MyIngress.ipv4_lpm'
[09:25:01.456] [bmv2] [D] [thread 112150] [79.0] [cxt 0] Looking up key:
* hdr.ipv4.dstAddr    : 0a000202

[09:25:01.456] [bmv2] [D] [thread 112150] [79.0] [cxt 0] Table 'MyIngress.ipv4_lpm': hit with handle 1
[09:25:01.456] [bmv2] [D] [thread 112150] [79.0] [cxt 0] Dumping entry 1
Match key:
* hdr.ipv4.dstAddr    : LPM       0a000202/32
Action entry: MyIngress.ipv4_forward - 80000000300,2,

[09:25:01.456] [bmv2] [D] [thread 112150] [79.0] [cxt 0] Action entry is MyIngress.ipv4_forward - 80000000300,2,
[09:25:01.456] [bmv2] [T] [thread 112150] [79.0] [cxt 0] Action MyIngress.ipv4_forward
[09:25:01.456] [bmv2] [T] [thread 112150] [79.0] [cxt 0] switch.p4(96) Primitive standard_metadata.egress_spec = port
[09:25:01.456] [bmv2] [T] [thread 112150] [79.0] [cxt 0] switch.p4(97) Primitive hdr.ethernet.srcAddr = hdr.ethernet.dstAddr
[09:25:01.456] [bmv2] [T] [thread 112150] [79.0] [cxt 0] switch.p4(98) Primitive hdr.ethernet.dstAddr = dstAddr
[09:25:01.456] [bmv2] [T] [thread 112150] [79.0] [cxt 0] switch.p4(99) Primitive hdr.ipv4.ttl = hdr.ipv4.ttl - 1
[09:25:01.456] [bmv2] [D] [thread 112150] [79.0] [cxt 0] Pipeline 'ingress': end
[09:25:01.456] [bmv2] [D] [thread 112150] [79.0] [cxt 0] Egress port is 2
[09:25:01.456] [bmv2] [D] [thread 112153] [79.0] [cxt 0] Pipeline 'egress': start
[09:25:01.456] [bmv2] [D] [thread 112153] [79.0] [cxt 0] Pipeline 'egress': end
[09:25:01.456] [bmv2] [D] [thread 112153] [79.0] [cxt 0] Deparser 'deparser': start
[09:25:01.456] [bmv2] [D] [thread 112153] [79.0] [cxt 0] Updating checksum 'cksum'
[09:25:01.456] [bmv2] [D] [thread 112153] [79.0] [cxt 0] Deparsing header 'ethernet'
[09:25:01.456] [bmv2] [D] [thread 112153] [79.0] [cxt 0] Deparsing header 'ipv4'
[09:25:01.456] [bmv2] [D] [thread 112153] [79.0] [cxt 0] Deparser 'deparser': end
[09:25:01.456] [bmv2] [D] [thread 112155] [79.0] [cxt 0] Transmitting packet of size 48 out of port 2
[09:25:01.461] [bmv2] [D] [thread 112150] [80.0] [cxt 0] Processing packet received on port 2
[09:25:01.461] [bmv2] [D] [thread 112150] [80.0] [cxt 0] Parser 'parser': start
[09:25:01.461] [bmv2] [D] [thread 112150] [80.0] [cxt 0] Parser 'parser' entering state 'start'
[09:25:01.461] [bmv2] [D] [thread 112150] [80.0] [cxt 0] Extracting header 'ethernet'
[09:25:01.461] [bmv2] [D] [thread 112150] [80.0] [cxt 0] Parser state 'start': key is 0800
[09:25:01.461] [bmv2] [T] [thread 112150] [80.0] [cxt 0] Bytes parsed: 14
[09:25:01.461] [bmv2] [D] [thread 112150] [80.0] [cxt 0] Parser 'parser' entering state 'parse_ipv4'
[09:25:01.461] [bmv2] [D] [thread 112150] [80.0] [cxt 0] Extracting header 'ipv4'
[09:25:01.461] [bmv2] [D] [thread 112150] [80.0] [cxt 0] Parser state 'parse_ipv4' has no switch, going to default next state
[09:25:01.461] [bmv2] [T] [thread 112150] [80.0] [cxt 0] Bytes parsed: 34
[09:25:01.461] [bmv2] [D] [thread 112150] [80.0] [cxt 0] Parser 'parser': end
[09:25:01.461] [bmv2] [D] [thread 112150] [80.0] [cxt 0] Pipeline 'ingress': start
[09:25:01.461] [bmv2] [T] [thread 112150] [80.0] [cxt 0] switch.p4(116) Condition "hdr.ipv4.isValid()" (node_2) is true
[09:25:01.461] [bmv2] [T] [thread 112150] [80.0] [cxt 0] Applying table 'MyIngress.ipv4_lpm'
[09:25:01.461] [bmv2] [D] [thread 112150] [80.0] [cxt 0] Looking up key:
* hdr.ipv4.dstAddr    : 0a000101

[09:25:01.461] [bmv2] [D] [thread 112150] [80.0] [cxt 0] Table 'MyIngress.ipv4_lpm': hit with handle 0
[09:25:01.461] [bmv2] [D] [thread 112150] [80.0] [cxt 0] Dumping entry 0
Match key:
* hdr.ipv4.dstAddr    : LPM       0a000101/32
Action entry: MyIngress.ipv4_forward - 80000000100,1,

[09:25:01.461] [bmv2] [D] [thread 112150] [80.0] [cxt 0] Action entry is MyIngress.ipv4_forward - 80000000100,1,
[09:25:01.461] [bmv2] [T] [thread 112150] [80.0] [cxt 0] Action MyIngress.ipv4_forward
[09:25:01.461] [bmv2] [T] [thread 112150] [80.0] [cxt 0] switch.p4(96) Primitive standard_metadata.egress_spec = port
[09:25:01.461] [bmv2] [T] [thread 112150] [80.0] [cxt 0] switch.p4(97) Primitive hdr.ethernet.srcAddr = hdr.ethernet.dstAddr
[09:25:01.461] [bmv2] [T] [thread 112150] [80.0] [cxt 0] switch.p4(98) Primitive hdr.ethernet.dstAddr = dstAddr
[09:25:01.461] [bmv2] [T] [thread 112150] [80.0] [cxt 0] switch.p4(99) Primitive hdr.ipv4.ttl = hdr.ipv4.ttl - 1
[09:25:01.461] [bmv2] [D] [thread 112150] [80.0] [cxt 0] Pipeline 'ingress': end
[09:25:01.461] [bmv2] [D] [thread 112150] [80.0] [cxt 0] Egress port is 1
[09:25:01.461] [bmv2] [D] [thread 112152] [80.0] [cxt 0] Pipeline 'egress': start
[09:25:01.461] [bmv2] [D] [thread 112152] [80.0] [cxt 0] Pipeline 'egress': end
[09:25:01.461] [bmv2] [D] [thread 112152] [80.0] [cxt 0] Deparser 'deparser': start
[09:25:01.461] [bmv2] [D] [thread 112152] [80.0] [cxt 0] Updating checksum 'cksum'
[09:25:01.461] [bmv2] [D] [thread 112152] [80.0] [cxt 0] Deparsing header 'ethernet'
[09:25:01.461] [bmv2] [D] [thread 112152] [80.0] [cxt 0] Deparsing header 'ipv4'
[09:25:01.461] [bmv2] [D] [thread 112152] [80.0] [cxt 0] Deparser 'deparser': end
[09:25:01.461] [bmv2] [D] [thread 112155] [80.0] [cxt 0] Transmitting packet of size 76 out of port 1
[09:25:01.476] [bmv2] [D] [thread 112150] [81.0] [cxt 0] Processing packet received on port 2
[09:25:01.476] [bmv2] [D] [thread 112150] [81.0] [cxt 0] Parser 'parser': start
[09:25:01.476] [bmv2] [D] [thread 112150] [81.0] [cxt 0] Parser 'parser' entering state 'start'
[09:25:01.476] [bmv2] [D] [thread 112150] [81.0] [cxt 0] Extracting header 'ethernet'
[09:25:01.476] [bmv2] [D] [thread 112150] [81.0] [cxt 0] Parser state 'start': key is 0800
[09:25:01.476] [bmv2] [T] [thread 112150] [81.0] [cxt 0] Bytes parsed: 14
[09:25:01.476] [bmv2] [D] [thread 112150] [81.0] [cxt 0] Parser 'parser' entering state 'parse_ipv4'
[09:25:01.476] [bmv2] [D] [thread 112150] [81.0] [cxt 0] Extracting header 'ipv4'
[09:25:01.476] [bmv2] [D] [thread 112150] [81.0] [cxt 0] Parser state 'parse_ipv4' has no switch, going to default next state
[09:25:01.476] [bmv2] [T] [thread 112150] [81.0] [cxt 0] Bytes parsed: 34
[09:25:01.476] [bmv2] [D] [thread 112150] [81.0] [cxt 0] Parser 'parser': end
[09:25:01.476] [bmv2] [D] [thread 112150] [81.0] [cxt 0] Pipeline 'ingress': start
[09:25:01.476] [bmv2] [T] [thread 112150] [81.0] [cxt 0] switch.p4(116) Condition "hdr.ipv4.isValid()" (node_2) is true
[09:25:01.476] [bmv2] [T] [thread 112150] [81.0] [cxt 0] Applying table 'MyIngress.ipv4_lpm'
[09:25:01.476] [bmv2] [D] [thread 112150] [81.0] [cxt 0] Looking up key:
* hdr.ipv4.dstAddr    : 0a000101

[09:25:01.476] [bmv2] [D] [thread 112150] [81.0] [cxt 0] Table 'MyIngress.ipv4_lpm': hit with handle 0
[09:25:01.476] [bmv2] [D] [thread 112150] [81.0] [cxt 0] Dumping entry 0
Match key:
* hdr.ipv4.dstAddr    : LPM       0a000101/32
Action entry: MyIngress.ipv4_forward - 80000000100,1,

[09:25:01.476] [bmv2] [D] [thread 112150] [81.0] [cxt 0] Action entry is MyIngress.ipv4_forward - 80000000100,1,
[09:25:01.476] [bmv2] [T] [thread 112150] [81.0] [cxt 0] Action MyIngress.ipv4_forward
[09:25:01.476] [bmv2] [T] [thread 112150] [81.0] [cxt 0] switch.p4(96) Primitive standard_metadata.egress_spec = port
[09:25:01.476] [bmv2] [T] [thread 112150] [81.0] [cxt 0] switch.p4(97) Primitive hdr.ethernet.srcAddr = hdr.ethernet.dstAddr
[09:25:01.476] [bmv2] [T] [thread 112150] [81.0] [cxt 0] switch.p4(98) Primitive hdr.ethernet.dstAddr = dstAddr
[09:25:01.476] [bmv2] [T] [thread 112150] [81.0] [cxt 0] switch.p4(99) Primitive hdr.ipv4.ttl = hdr.ipv4.ttl - 1
[09:25:01.476] [bmv2] [D] [thread 112150] [81.0] [cxt 0] Pipeline 'ingress': end
[09:25:01.476] [bmv2] [D] [thread 112150] [81.0] [cxt 0] Egress port is 1
[09:25:01.476] [bmv2] [D] [thread 112152] [81.0] [cxt 0] Pipeline 'egress': start
[09:25:01.476] [bmv2] [D] [thread 112152] [81.0] [cxt 0] Pipeline 'egress': end
[09:25:01.476] [bmv2] [D] [thread 112152] [81.0] [cxt 0] Deparser 'deparser': start
[09:25:01.476] [bmv2] [D] [thread 112152] [81.0] [cxt 0] Updating checksum 'cksum'
[09:25:01.476] [bmv2] [D] [thread 112152] [81.0] [cxt 0] Deparsing header 'ethernet'
[09:25:01.476] [bmv2] [D] [thread 112152] [81.0] [cxt 0] Deparsing header 'ipv4'
[09:25:01.476] [bmv2] [D] [thread 112152] [81.0] [cxt 0] Deparser 'deparser': end
[09:25:01.476] [bmv2] [D] [thread 112155] [81.0] [cxt 0] Transmitting packet of size 308 out of port 1
[09:25:01.481] [bmv2] [D] [thread 112150] [82.0] [cxt 0] Processing packet received on port 1
[09:25:01.481] [bmv2] [D] [thread 112150] [82.0] [cxt 0] Parser 'parser': start
[09:25:01.481] [bmv2] [D] [thread 112150] [82.0] [cxt 0] Parser 'parser' entering state 'start'
[09:25:01.481] [bmv2] [D] [thread 112150] [82.0] [cxt 0] Extracting header 'ethernet'
[09:25:01.481] [bmv2] [D] [thread 112150] [82.0] [cxt 0] Parser state 'start': key is 0800
[09:25:01.481] [bmv2] [T] [thread 112150] [82.0] [cxt 0] Bytes parsed: 14
[09:25:01.481] [bmv2] [D] [thread 112150] [82.0] [cxt 0] Parser 'parser' entering state 'parse_ipv4'
[09:25:01.481] [bmv2] [D] [thread 112150] [82.0] [cxt 0] Extracting header 'ipv4'
[09:25:01.481] [bmv2] [D] [thread 112150] [82.0] [cxt 0] Parser state 'parse_ipv4' has no switch, going to default next state
[09:25:01.481] [bmv2] [T] [thread 112150] [82.0] [cxt 0] Bytes parsed: 34
[09:25:01.481] [bmv2] [D] [thread 112150] [82.0] [cxt 0] Parser 'parser': end
[09:25:01.481] [bmv2] [D] [thread 112150] [82.0] [cxt 0] Pipeline 'ingress': start
[09:25:01.481] [bmv2] [T] [thread 112150] [82.0] [cxt 0] switch.p4(116) Condition "hdr.ipv4.isValid()" (node_2) is true
[09:25:01.481] [bmv2] [T] [thread 112150] [82.0] [cxt 0] Applying table 'MyIngress.ipv4_lpm'
[09:25:01.481] [bmv2] [D] [thread 112150] [82.0] [cxt 0] Looking up key:
* hdr.ipv4.dstAddr    : 0a000202

[09:25:01.481] [bmv2] [D] [thread 112150] [82.0] [cxt 0] Table 'MyIngress.ipv4_lpm': hit with handle 1
[09:25:01.481] [bmv2] [D] [thread 112150] [82.0] [cxt 0] Dumping entry 1
Match key:
* hdr.ipv4.dstAddr    : LPM       0a000202/32
Action entry: MyIngress.ipv4_forward - 80000000300,2,

[09:25:01.481] [bmv2] [D] [thread 112150] [82.0] [cxt 0] Action entry is MyIngress.ipv4_forward - 80000000300,2,
[09:25:01.481] [bmv2] [T] [thread 112150] [82.0] [cxt 0] Action MyIngress.ipv4_forward
[09:25:01.481] [bmv2] [T] [thread 112150] [82.0] [cxt 0] switch.p4(96) Primitive standard_metadata.egress_spec = port
[09:25:01.481] [bmv2] [T] [thread 112150] [82.0] [cxt 0] switch.p4(97) Primitive hdr.ethernet.srcAddr = hdr.ethernet.dstAddr
[09:25:01.481] [bmv2] [T] [thread 112150] [82.0] [cxt 0] switch.p4(98) Primitive hdr.ethernet.dstAddr = dstAddr
[09:25:01.481] [bmv2] [T] [thread 112150] [82.0] [cxt 0] switch.p4(99) Primitive hdr.ipv4.ttl = hdr.ipv4.ttl - 1
[09:25:01.481] [bmv2] [D] [thread 112150] [82.0] [cxt 0] Pipeline 'ingress': end
[09:25:01.481] [bmv2] [D] [thread 112150] [82.0] [cxt 0] Egress port is 2
[09:25:01.481] [bmv2] [D] [thread 112153] [82.0] [cxt 0] Pipeline 'egress': start
[09:25:01.481] [bmv2] [D] [thread 112153] [82.0] [cxt 0] Pipeline 'egress': end
[09:25:01.481] [bmv2] [D] [thread 112153] [82.0] [cxt 0] Deparser 'deparser': start
[09:25:01.481] [bmv2] [D] [thread 112153] [82.0] [cxt 0] Updating checksum 'cksum'
[09:25:01.481] [bmv2] [D] [thread 112153] [82.0] [cxt 0] Deparsing header 'ethernet'
[09:25:01.481] [bmv2] [D] [thread 112153] [82.0] [cxt 0] Deparsing header 'ipv4'
[09:25:01.481] [bmv2] [D] [thread 112153] [82.0] [cxt 0] Deparser 'deparser': end
[09:25:01.481] [bmv2] [D] [thread 112155] [82.0] [cxt 0] Transmitting packet of size 336 out of port 2
[09:25:02.543] [bmv2] [D] [thread 112150] [83.0] [cxt 0] Processing packet received on port 1
[09:25:02.543] [bmv2] [D] [thread 112150] [83.0] [cxt 0] Parser 'parser': start
[09:25:02.543] [bmv2] [D] [thread 112150] [83.0] [cxt 0] Parser 'parser' entering state 'start'
[09:25:02.543] [bmv2] [D] [thread 112150] [83.0] [cxt 0] Extracting header 'ethernet'
[09:25:02.543] [bmv2] [D] [thread 112150] [83.0] [cxt 0] Parser state 'start': key is 0800
[09:25:02.543] [bmv2] [T] [thread 112150] [83.0] [cxt 0] Bytes parsed: 14
[09:25:02.543] [bmv2] [D] [thread 112150] [83.0] [cxt 0] Parser 'parser' entering state 'parse_ipv4'
[09:25:02.543] [bmv2] [D] [thread 112150] [83.0] [cxt 0] Extracting header 'ipv4'
[09:25:02.543] [bmv2] [D] [thread 112150] [83.0] [cxt 0] Parser state 'parse_ipv4' has no switch, going to default next state
[09:25:02.543] [bmv2] [T] [thread 112150] [83.0] [cxt 0] Bytes parsed: 34
[09:25:02.543] [bmv2] [D] [thread 112150] [83.0] [cxt 0] Parser 'parser': end
[09:25:02.543] [bmv2] [D] [thread 112150] [83.0] [cxt 0] Pipeline 'ingress': start
[09:25:02.543] [bmv2] [T] [thread 112150] [83.0] [cxt 0] switch.p4(116) Condition "hdr.ipv4.isValid()" (node_2) is true
[09:25:02.543] [bmv2] [T] [thread 112150] [83.0] [cxt 0] Applying table 'MyIngress.ipv4_lpm'
[09:25:02.543] [bmv2] [D] [thread 112150] [83.0] [cxt 0] Looking up key:
* hdr.ipv4.dstAddr    : 0a000202

[09:25:02.543] [bmv2] [D] [thread 112150] [83.0] [cxt 0] Table 'MyIngress.ipv4_lpm': hit with handle 1
[09:25:02.543] [bmv2] [D] [thread 112150] [83.0] [cxt 0] Dumping entry 1
Match key:
* hdr.ipv4.dstAddr    : LPM       0a000202/32
Action entry: MyIngress.ipv4_forward - 80000000300,2,

[09:25:02.543] [bmv2] [D] [thread 112150] [83.0] [cxt 0] Action entry is MyIngress.ipv4_forward - 80000000300,2,
[09:25:02.543] [bmv2] [T] [thread 112150] [83.0] [cxt 0] Action MyIngress.ipv4_forward
[09:25:02.543] [bmv2] [T] [thread 112150] [83.0] [cxt 0] switch.p4(96) Primitive standard_metadata.egress_spec = port
[09:25:02.543] [bmv2] [T] [thread 112150] [83.0] [cxt 0] switch.p4(97) Primitive hdr.ethernet.srcAddr = hdr.ethernet.dstAddr
[09:25:02.543] [bmv2] [T] [thread 112150] [83.0] [cxt 0] switch.p4(98) Primitive hdr.ethernet.dstAddr = dstAddr
[09:25:02.543] [bmv2] [T] [thread 112150] [83.0] [cxt 0] switch.p4(99) Primitive hdr.ipv4.ttl = hdr.ipv4.ttl - 1
[09:25:02.543] [bmv2] [D] [thread 112150] [83.0] [cxt 0] Pipeline 'ingress': end
[09:25:02.543] [bmv2] [D] [thread 112150] [83.0] [cxt 0] Egress port is 2
[09:25:02.543] [bmv2] [D] [thread 112153] [83.0] [cxt 0] Pipeline 'egress': start
[09:25:02.544] [bmv2] [D] [thread 112153] [83.0] [cxt 0] Pipeline 'egress': end
[09:25:02.544] [bmv2] [D] [thread 112153] [83.0] [cxt 0] Deparser 'deparser': start
[09:25:02.544] [bmv2] [D] [thread 112153] [83.0] [cxt 0] Updating checksum 'cksum'
[09:25:02.544] [bmv2] [D] [thread 112153] [83.0] [cxt 0] Deparsing header 'ethernet'
[09:25:02.544] [bmv2] [D] [thread 112153] [83.0] [cxt 0] Deparsing header 'ipv4'
[09:25:02.544] [bmv2] [D] [thread 112153] [83.0] [cxt 0] Deparser 'deparser': end
[09:25:02.544] [bmv2] [D] [thread 112155] [83.0] [cxt 0] Transmitting packet of size 48 out of port 2
[09:25:02.544] [bmv2] [D] [thread 112150] [84.0] [cxt 0] Processing packet received on port 2
[09:25:02.544] [bmv2] [D] [thread 112150] [84.0] [cxt 0] Parser 'parser': start
[09:25:02.544] [bmv2] [D] [thread 112150] [84.0] [cxt 0] Parser 'parser' entering state 'start'
[09:25:02.544] [bmv2] [D] [thread 112150] [84.0] [cxt 0] Extracting header 'ethernet'
[09:25:02.544] [bmv2] [D] [thread 112150] [84.0] [cxt 0] Parser state 'start': key is 0800
[09:25:02.544] [bmv2] [T] [thread 112150] [84.0] [cxt 0] Bytes parsed: 14
[09:25:02.544] [bmv2] [D] [thread 112150] [84.0] [cxt 0] Parser 'parser' entering state 'parse_ipv4'
[09:25:02.544] [bmv2] [D] [thread 112150] [84.0] [cxt 0] Extracting header 'ipv4'
[09:25:02.544] [bmv2] [D] [thread 112150] [84.0] [cxt 0] Parser state 'parse_ipv4' has no switch, going to default next state
[09:25:02.544] [bmv2] [T] [thread 112150] [84.0] [cxt 0] Bytes parsed: 34
[09:25:02.544] [bmv2] [D] [thread 112150] [84.0] [cxt 0] Parser 'parser': end
[09:25:02.544] [bmv2] [D] [thread 112150] [84.0] [cxt 0] Pipeline 'ingress': start
[09:25:02.544] [bmv2] [T] [thread 112150] [84.0] [cxt 0] switch.p4(116) Condition "hdr.ipv4.isValid()" (node_2) is true
[09:25:02.544] [bmv2] [T] [thread 112150] [84.0] [cxt 0] Applying table 'MyIngress.ipv4_lpm'
[09:25:02.544] [bmv2] [D] [thread 112150] [84.0] [cxt 0] Looking up key:
* hdr.ipv4.dstAddr    : 0a000101

[09:25:02.544] [bmv2] [D] [thread 112150] [84.0] [cxt 0] Table 'MyIngress.ipv4_lpm': hit with handle 0
[09:25:02.544] [bmv2] [D] [thread 112150] [84.0] [cxt 0] Dumping entry 0
Match key:
* hdr.ipv4.dstAddr    : LPM       0a000101/32
Action entry: MyIngress.ipv4_forward - 80000000100,1,

[09:25:02.544] [bmv2] [D] [thread 112150] [84.0] [cxt 0] Action entry is MyIngress.ipv4_forward - 80000000100,1,
[09:25:02.544] [bmv2] [T] [thread 112150] [84.0] [cxt 0] Action MyIngress.ipv4_forward
[09:25:02.544] [bmv2] [T] [thread 112150] [84.0] [cxt 0] switch.p4(96) Primitive standard_metadata.egress_spec = port
[09:25:02.544] [bmv2] [T] [thread 112150] [84.0] [cxt 0] switch.p4(97) Primitive hdr.ethernet.srcAddr = hdr.ethernet.dstAddr
[09:25:02.544] [bmv2] [T] [thread 112150] [84.0] [cxt 0] switch.p4(98) Primitive hdr.ethernet.dstAddr = dstAddr
[09:25:02.544] [bmv2] [T] [thread 112150] [84.0] [cxt 0] switch.p4(99) Primitive hdr.ipv4.ttl = hdr.ipv4.ttl - 1
[09:25:02.544] [bmv2] [D] [thread 112150] [84.0] [cxt 0] Pipeline 'ingress': end
[09:25:02.544] [bmv2] [D] [thread 112150] [84.0] [cxt 0] Egress port is 1
[09:25:02.544] [bmv2] [D] [thread 112152] [84.0] [cxt 0] Pipeline 'egress': start
[09:25:02.544] [bmv2] [D] [thread 112152] [84.0] [cxt 0] Pipeline 'egress': end
[09:25:02.544] [bmv2] [D] [thread 112152] [84.0] [cxt 0] Deparser 'deparser': start
[09:25:02.544] [bmv2] [D] [thread 112152] [84.0] [cxt 0] Updating checksum 'cksum'
[09:25:02.544] [bmv2] [D] [thread 112152] [84.0] [cxt 0] Deparsing header 'ethernet'
[09:25:02.544] [bmv2] [D] [thread 112152] [84.0] [cxt 0] Deparsing header 'ipv4'
[09:25:02.544] [bmv2] [D] [thread 112152] [84.0] [cxt 0] Deparser 'deparser': end
[09:25:02.544] [bmv2] [D] [thread 112155] [84.0] [cxt 0] Transmitting packet of size 76 out of port 1
[09:25:02.573] [bmv2] [D] [thread 112150] [85.0] [cxt 0] Processing packet received on port 2
[09:25:02.573] [bmv2] [D] [thread 112150] [85.0] [cxt 0] Parser 'parser': start
[09:25:02.573] [bmv2] [D] [thread 112150] [85.0] [cxt 0] Parser 'parser' entering state 'start'
[09:25:02.573] [bmv2] [D] [thread 112150] [85.0] [cxt 0] Extracting header 'ethernet'
[09:25:02.573] [bmv2] [D] [thread 112150] [85.0] [cxt 0] Parser state 'start': key is 0800
[09:25:02.573] [bmv2] [T] [thread 112150] [85.0] [cxt 0] Bytes parsed: 14
[09:25:02.573] [bmv2] [D] [thread 112150] [85.0] [cxt 0] Parser 'parser' entering state 'parse_ipv4'
[09:25:02.573] [bmv2] [D] [thread 112150] [85.0] [cxt 0] Extracting header 'ipv4'
[09:25:02.573] [bmv2] [D] [thread 112150] [85.0] [cxt 0] Parser state 'parse_ipv4' has no switch, going to default next state
[09:25:02.573] [bmv2] [T] [thread 112150] [85.0] [cxt 0] Bytes parsed: 34
[09:25:02.573] [bmv2] [D] [thread 112150] [85.0] [cxt 0] Parser 'parser': end
[09:25:02.573] [bmv2] [D] [thread 112150] [85.0] [cxt 0] Pipeline 'ingress': start
[09:25:02.573] [bmv2] [T] [thread 112150] [85.0] [cxt 0] switch.p4(116) Condition "hdr.ipv4.isValid()" (node_2) is true
[09:25:02.573] [bmv2] [T] [thread 112150] [85.0] [cxt 0] Applying table 'MyIngress.ipv4_lpm'
[09:25:02.573] [bmv2] [D] [thread 112150] [85.0] [cxt 0] Looking up key:
* hdr.ipv4.dstAddr    : 0a000101

[09:25:02.573] [bmv2] [D] [thread 112150] [85.0] [cxt 0] Table 'MyIngress.ipv4_lpm': hit with handle 0
[09:25:02.573] [bmv2] [D] [thread 112150] [85.0] [cxt 0] Dumping entry 0
Match key:
* hdr.ipv4.dstAddr    : LPM       0a000101/32
Action entry: MyIngress.ipv4_forward - 80000000100,1,

[09:25:02.573] [bmv2] [D] [thread 112150] [85.0] [cxt 0] Action entry is MyIngress.ipv4_forward - 80000000100,1,
[09:25:02.573] [bmv2] [T] [thread 112150] [85.0] [cxt 0] Action MyIngress.ipv4_forward
[09:25:02.573] [bmv2] [T] [thread 112150] [85.0] [cxt 0] switch.p4(96) Primitive standard_metadata.egress_spec = port
[09:25:02.573] [bmv2] [T] [thread 112150] [85.0] [cxt 0] switch.p4(97) Primitive hdr.ethernet.srcAddr = hdr.ethernet.dstAddr
[09:25:02.573] [bmv2] [T] [thread 112150] [85.0] [cxt 0] switch.p4(98) Primitive hdr.ethernet.dstAddr = dstAddr
[09:25:02.573] [bmv2] [T] [thread 112150] [85.0] [cxt 0] switch.p4(99) Primitive hdr.ipv4.ttl = hdr.ipv4.ttl - 1
[09:25:02.573] [bmv2] [D] [thread 112150] [85.0] [cxt 0] Pipeline 'ingress': end
[09:25:02.573] [bmv2] [D] [thread 112150] [85.0] [cxt 0] Egress port is 1
[09:25:02.573] [bmv2] [D] [thread 112152] [85.0] [cxt 0] Pipeline 'egress': start
[09:25:02.573] [bmv2] [D] [thread 112152] [85.0] [cxt 0] Pipeline 'egress': end
[09:25:02.573] [bmv2] [D] [thread 112152] [85.0] [cxt 0] Deparser 'deparser': start
[09:25:02.573] [bmv2] [D] [thread 112152] [85.0] [cxt 0] Updating checksum 'cksum'
[09:25:02.573] [bmv2] [D] [thread 112152] [85.0] [cxt 0] Deparsing header 'ethernet'
[09:25:02.573] [bmv2] [D] [thread 112152] [85.0] [cxt 0] Deparsing header 'ipv4'
[09:25:02.573] [bmv2] [D] [thread 112152] [85.0] [cxt 0] Deparser 'deparser': end
[09:25:02.573] [bmv2] [D] [thread 112155] [85.0] [cxt 0] Transmitting packet of size 308 out of port 1
[09:25:02.579] [bmv2] [D] [thread 112150] [86.0] [cxt 0] Processing packet received on port 1
[09:25:02.579] [bmv2] [D] [thread 112150] [86.0] [cxt 0] Parser 'parser': start
[09:25:02.579] [bmv2] [D] [thread 112150] [86.0] [cxt 0] Parser 'parser' entering state 'start'
[09:25:02.579] [bmv2] [D] [thread 112150] [86.0] [cxt 0] Extracting header 'ethernet'
[09:25:02.579] [bmv2] [D] [thread 112150] [86.0] [cxt 0] Parser state 'start': key is 0800
[09:25:02.579] [bmv2] [T] [thread 112150] [86.0] [cxt 0] Bytes parsed: 14
[09:25:02.579] [bmv2] [D] [thread 112150] [86.0] [cxt 0] Parser 'parser' entering state 'parse_ipv4'
[09:25:02.579] [bmv2] [D] [thread 112150] [86.0] [cxt 0] Extracting header 'ipv4'
[09:25:02.579] [bmv2] [D] [thread 112150] [86.0] [cxt 0] Parser state 'parse_ipv4' has no switch, going to default next state
[09:25:02.579] [bmv2] [T] [thread 112150] [86.0] [cxt 0] Bytes parsed: 34
[09:25:02.579] [bmv2] [D] [thread 112150] [86.0] [cxt 0] Parser 'parser': end
[09:25:02.579] [bmv2] [D] [thread 112150] [86.0] [cxt 0] Pipeline 'ingress': start
[09:25:02.579] [bmv2] [T] [thread 112150] [86.0] [cxt 0] switch.p4(116) Condition "hdr.ipv4.isValid()" (node_2) is true
[09:25:02.579] [bmv2] [T] [thread 112150] [86.0] [cxt 0] Applying table 'MyIngress.ipv4_lpm'
[09:25:02.579] [bmv2] [D] [thread 112150] [86.0] [cxt 0] Looking up key:
* hdr.ipv4.dstAddr    : 0a000202

[09:25:02.579] [bmv2] [D] [thread 112150] [86.0] [cxt 0] Table 'MyIngress.ipv4_lpm': hit with handle 1
[09:25:02.579] [bmv2] [D] [thread 112150] [86.0] [cxt 0] Dumping entry 1
Match key:
* hdr.ipv4.dstAddr    : LPM       0a000202/32
Action entry: MyIngress.ipv4_forward - 80000000300,2,

[09:25:02.579] [bmv2] [D] [thread 112150] [86.0] [cxt 0] Action entry is MyIngress.ipv4_forward - 80000000300,2,
[09:25:02.579] [bmv2] [T] [thread 112150] [86.0] [cxt 0] Action MyIngress.ipv4_forward
[09:25:02.579] [bmv2] [T] [thread 112150] [86.0] [cxt 0] switch.p4(96) Primitive standard_metadata.egress_spec = port
[09:25:02.579] [bmv2] [T] [thread 112150] [86.0] [cxt 0] switch.p4(97) Primitive hdr.ethernet.srcAddr = hdr.ethernet.dstAddr
[09:25:02.579] [bmv2] [T] [thread 112150] [86.0] [cxt 0] switch.p4(98) Primitive hdr.ethernet.dstAddr = dstAddr
[09:25:02.579] [bmv2] [T] [thread 112150] [86.0] [cxt 0] switch.p4(99) Primitive hdr.ipv4.ttl = hdr.ipv4.ttl - 1
[09:25:02.579] [bmv2] [D] [thread 112150] [86.0] [cxt 0] Pipeline 'ingress': end
[09:25:02.579] [bmv2] [D] [thread 112150] [86.0] [cxt 0] Egress port is 2
[09:25:02.579] [bmv2] [D] [thread 112153] [86.0] [cxt 0] Pipeline 'egress': start
[09:25:02.579] [bmv2] [D] [thread 112153] [86.0] [cxt 0] Pipeline 'egress': end
[09:25:02.579] [bmv2] [D] [thread 112153] [86.0] [cxt 0] Deparser 'deparser': start
[09:25:02.579] [bmv2] [D] [thread 112153] [86.0] [cxt 0] Updating checksum 'cksum'
[09:25:02.579] [bmv2] [D] [thread 112153] [86.0] [cxt 0] Deparsing header 'ethernet'
[09:25:02.579] [bmv2] [D] [thread 112153] [86.0] [cxt 0] Deparsing header 'ipv4'
[09:25:02.579] [bmv2] [D] [thread 112153] [86.0] [cxt 0] Deparser 'deparser': end
[09:25:02.579] [bmv2] [D] [thread 112155] [86.0] [cxt 0] Transmitting packet of size 336 out of port 2
[09:25:03.362] [bmv2] [D] [thread 112150] [87.0] [cxt 0] Processing packet received on port 2
[09:25:03.362] [bmv2] [D] [thread 112150] [87.0] [cxt 0] Parser 'parser': start
[09:25:03.362] [bmv2] [D] [thread 112150] [87.0] [cxt 0] Parser 'parser' entering state 'start'
[09:25:03.362] [bmv2] [D] [thread 112150] [87.0] [cxt 0] Extracting header 'ethernet'
[09:25:03.362] [bmv2] [D] [thread 112150] [87.0] [cxt 0] Parser state 'start': key is 86dd
[09:25:03.362] [bmv2] [T] [thread 112150] [87.0] [cxt 0] Bytes parsed: 14
[09:25:03.362] [bmv2] [D] [thread 112150] [87.0] [cxt 0] Parser 'parser': end
[09:25:03.362] [bmv2] [D] [thread 112150] [87.0] [cxt 0] Pipeline 'ingress': start
[09:25:03.362] [bmv2] [T] [thread 112150] [87.0] [cxt 0] switch.p4(116) Condition "hdr.ipv4.isValid()" (node_2) is false
[09:25:03.362] [bmv2] [D] [thread 112150] [87.0] [cxt 0] Pipeline 'ingress': end
[09:25:03.362] [bmv2] [D] [thread 112150] [87.0] [cxt 0] Egress port is 0
[09:25:03.362] [bmv2] [D] [thread 112151] [87.0] [cxt 0] Pipeline 'egress': start
[09:25:03.362] [bmv2] [D] [thread 112151] [87.0] [cxt 0] Pipeline 'egress': end
[09:25:03.362] [bmv2] [D] [thread 112151] [87.0] [cxt 0] Deparser 'deparser': start
[09:25:03.362] [bmv2] [T] [thread 112151] [87.0] [cxt 0] Skipping checksum 'cksum' update because condition not met
[09:25:03.362] [bmv2] [D] [thread 112151] [87.0] [cxt 0] Deparsing header 'ethernet'
[09:25:03.362] [bmv2] [D] [thread 112151] [87.0] [cxt 0] Deparser 'deparser': end
[09:25:03.362] [bmv2] [D] [thread 112155] [87.0] [cxt 0] Transmitting packet of size 70 out of port 0
[09:25:03.508] [bmv2] [D] [thread 112150] [88.0] [cxt 0] Processing packet received on port 1
[09:25:03.508] [bmv2] [D] [thread 112150] [88.0] [cxt 0] Parser 'parser': start
[09:25:03.508] [bmv2] [D] [thread 112150] [88.0] [cxt 0] Parser 'parser' entering state 'start'
[09:25:03.508] [bmv2] [D] [thread 112150] [88.0] [cxt 0] Extracting header 'ethernet'
[09:25:03.508] [bmv2] [D] [thread 112150] [88.0] [cxt 0] Parser state 'start': key is 0800
[09:25:03.508] [bmv2] [T] [thread 112150] [88.0] [cxt 0] Bytes parsed: 14
[09:25:03.508] [bmv2] [D] [thread 112150] [88.0] [cxt 0] Parser 'parser' entering state 'parse_ipv4'
[09:25:03.508] [bmv2] [D] [thread 112150] [88.0] [cxt 0] Extracting header 'ipv4'
[09:25:03.508] [bmv2] [D] [thread 112150] [88.0] [cxt 0] Parser state 'parse_ipv4' has no switch, going to default next state
[09:25:03.508] [bmv2] [T] [thread 112150] [88.0] [cxt 0] Bytes parsed: 34
[09:25:03.508] [bmv2] [D] [thread 112150] [88.0] [cxt 0] Parser 'parser': end
[09:25:03.508] [bmv2] [D] [thread 112150] [88.0] [cxt 0] Pipeline 'ingress': start
[09:25:03.508] [bmv2] [T] [thread 112150] [88.0] [cxt 0] switch.p4(116) Condition "hdr.ipv4.isValid()" (node_2) is true
[09:25:03.508] [bmv2] [T] [thread 112150] [88.0] [cxt 0] Applying table 'MyIngress.ipv4_lpm'
[09:25:03.508] [bmv2] [D] [thread 112150] [88.0] [cxt 0] Looking up key:
* hdr.ipv4.dstAddr    : 0a000202

[09:25:03.508] [bmv2] [D] [thread 112150] [88.0] [cxt 0] Table 'MyIngress.ipv4_lpm': hit with handle 1
[09:25:03.508] [bmv2] [D] [thread 112150] [88.0] [cxt 0] Dumping entry 1
Match key:
* hdr.ipv4.dstAddr    : LPM       0a000202/32
Action entry: MyIngress.ipv4_forward - 80000000300,2,

[09:25:03.508] [bmv2] [D] [thread 112150] [88.0] [cxt 0] Action entry is MyIngress.ipv4_forward - 80000000300,2,
[09:25:03.508] [bmv2] [T] [thread 112150] [88.0] [cxt 0] Action MyIngress.ipv4_forward
[09:25:03.508] [bmv2] [T] [thread 112150] [88.0] [cxt 0] switch.p4(96) Primitive standard_metadata.egress_spec = port
[09:25:03.508] [bmv2] [T] [thread 112150] [88.0] [cxt 0] switch.p4(97) Primitive hdr.ethernet.srcAddr = hdr.ethernet.dstAddr
[09:25:03.508] [bmv2] [T] [thread 112150] [88.0] [cxt 0] switch.p4(98) Primitive hdr.ethernet.dstAddr = dstAddr
[09:25:03.508] [bmv2] [T] [thread 112150] [88.0] [cxt 0] switch.p4(99) Primitive hdr.ipv4.ttl = hdr.ipv4.ttl - 1
[09:25:03.508] [bmv2] [D] [thread 112150] [88.0] [cxt 0] Pipeline 'ingress': end
[09:25:03.508] [bmv2] [D] [thread 112150] [88.0] [cxt 0] Egress port is 2
[09:25:03.508] [bmv2] [D] [thread 112153] [88.0] [cxt 0] Pipeline 'egress': start
[09:25:03.508] [bmv2] [D] [thread 112153] [88.0] [cxt 0] Pipeline 'egress': end
[09:25:03.508] [bmv2] [D] [thread 112153] [88.0] [cxt 0] Deparser 'deparser': start
[09:25:03.508] [bmv2] [D] [thread 112153] [88.0] [cxt 0] Updating checksum 'cksum'
[09:25:03.508] [bmv2] [D] [thread 112153] [88.0] [cxt 0] Deparsing header 'ethernet'
[09:25:03.508] [bmv2] [D] [thread 112153] [88.0] [cxt 0] Deparsing header 'ipv4'
[09:25:03.508] [bmv2] [D] [thread 112153] [88.0] [cxt 0] Deparser 'deparser': end
[09:25:03.508] [bmv2] [D] [thread 112155] [88.0] [cxt 0] Transmitting packet of size 48 out of port 2
[09:25:03.508] [bmv2] [D] [thread 112150] [89.0] [cxt 0] Processing packet received on port 2
[09:25:03.508] [bmv2] [D] [thread 112150] [89.0] [cxt 0] Parser 'parser': start
[09:25:03.508] [bmv2] [D] [thread 112150] [89.0] [cxt 0] Parser 'parser' entering state 'start'
[09:25:03.508] [bmv2] [D] [thread 112150] [89.0] [cxt 0] Extracting header 'ethernet'
[09:25:03.508] [bmv2] [D] [thread 112150] [89.0] [cxt 0] Parser state 'start': key is 0800
[09:25:03.508] [bmv2] [T] [thread 112150] [89.0] [cxt 0] Bytes parsed: 14
[09:25:03.508] [bmv2] [D] [thread 112150] [89.0] [cxt 0] Parser 'parser' entering state 'parse_ipv4'
[09:25:03.508] [bmv2] [D] [thread 112150] [89.0] [cxt 0] Extracting header 'ipv4'
[09:25:03.508] [bmv2] [D] [thread 112150] [89.0] [cxt 0] Parser state 'parse_ipv4' has no switch, going to default next state
[09:25:03.508] [bmv2] [T] [thread 112150] [89.0] [cxt 0] Bytes parsed: 34
[09:25:03.508] [bmv2] [D] [thread 112150] [89.0] [cxt 0] Parser 'parser': end
[09:25:03.508] [bmv2] [D] [thread 112150] [89.0] [cxt 0] Pipeline 'ingress': start
[09:25:03.508] [bmv2] [T] [thread 112150] [89.0] [cxt 0] switch.p4(116) Condition "hdr.ipv4.isValid()" (node_2) is true
[09:25:03.508] [bmv2] [T] [thread 112150] [89.0] [cxt 0] Applying table 'MyIngress.ipv4_lpm'
[09:25:03.508] [bmv2] [D] [thread 112150] [89.0] [cxt 0] Looking up key:
* hdr.ipv4.dstAddr    : 0a000101

[09:25:03.508] [bmv2] [D] [thread 112150] [89.0] [cxt 0] Table 'MyIngress.ipv4_lpm': hit with handle 0
[09:25:03.508] [bmv2] [D] [thread 112150] [89.0] [cxt 0] Dumping entry 0
Match key:
* hdr.ipv4.dstAddr    : LPM       0a000101/32
Action entry: MyIngress.ipv4_forward - 80000000100,1,

[09:25:03.508] [bmv2] [D] [thread 112150] [89.0] [cxt 0] Action entry is MyIngress.ipv4_forward - 80000000100,1,
[09:25:03.508] [bmv2] [T] [thread 112150] [89.0] [cxt 0] Action MyIngress.ipv4_forward
[09:25:03.508] [bmv2] [T] [thread 112150] [89.0] [cxt 0] switch.p4(96) Primitive standard_metadata.egress_spec = port
[09:25:03.508] [bmv2] [T] [thread 112150] [89.0] [cxt 0] switch.p4(97) Primitive hdr.ethernet.srcAddr = hdr.ethernet.dstAddr
[09:25:03.508] [bmv2] [T] [thread 112150] [89.0] [cxt 0] switch.p4(98) Primitive hdr.ethernet.dstAddr = dstAddr
[09:25:03.508] [bmv2] [T] [thread 112150] [89.0] [cxt 0] switch.p4(99) Primitive hdr.ipv4.ttl = hdr.ipv4.ttl - 1
[09:25:03.508] [bmv2] [D] [thread 112150] [89.0] [cxt 0] Pipeline 'ingress': end
[09:25:03.508] [bmv2] [D] [thread 112150] [89.0] [cxt 0] Egress port is 1
[09:25:03.508] [bmv2] [D] [thread 112152] [89.0] [cxt 0] Pipeline 'egress': start
[09:25:03.508] [bmv2] [D] [thread 112152] [89.0] [cxt 0] Pipeline 'egress': end
[09:25:03.508] [bmv2] [D] [thread 112152] [89.0] [cxt 0] Deparser 'deparser': start
[09:25:03.508] [bmv2] [D] [thread 112152] [89.0] [cxt 0] Updating checksum 'cksum'
[09:25:03.508] [bmv2] [D] [thread 112152] [89.0] [cxt 0] Deparsing header 'ethernet'
[09:25:03.508] [bmv2] [D] [thread 112152] [89.0] [cxt 0] Deparsing header 'ipv4'
[09:25:03.508] [bmv2] [D] [thread 112152] [89.0] [cxt 0] Deparser 'deparser': end
[09:25:03.508] [bmv2] [D] [thread 112155] [89.0] [cxt 0] Transmitting packet of size 76 out of port 1
[09:25:03.526] [bmv2] [D] [thread 112150] [90.0] [cxt 0] Processing packet received on port 2
[09:25:03.526] [bmv2] [D] [thread 112150] [90.0] [cxt 0] Parser 'parser': start
[09:25:03.526] [bmv2] [D] [thread 112150] [90.0] [cxt 0] Parser 'parser' entering state 'start'
[09:25:03.526] [bmv2] [D] [thread 112150] [90.0] [cxt 0] Extracting header 'ethernet'
[09:25:03.526] [bmv2] [D] [thread 112150] [90.0] [cxt 0] Parser state 'start': key is 0800
[09:25:03.526] [bmv2] [T] [thread 112150] [90.0] [cxt 0] Bytes parsed: 14
[09:25:03.526] [bmv2] [D] [thread 112150] [90.0] [cxt 0] Parser 'parser' entering state 'parse_ipv4'
[09:25:03.526] [bmv2] [D] [thread 112150] [90.0] [cxt 0] Extracting header 'ipv4'
[09:25:03.526] [bmv2] [D] [thread 112150] [90.0] [cxt 0] Parser state 'parse_ipv4' has no switch, going to default next state
[09:25:03.526] [bmv2] [T] [thread 112150] [90.0] [cxt 0] Bytes parsed: 34
[09:25:03.526] [bmv2] [D] [thread 112150] [90.0] [cxt 0] Parser 'parser': end
[09:25:03.526] [bmv2] [D] [thread 112150] [90.0] [cxt 0] Pipeline 'ingress': start
[09:25:03.526] [bmv2] [T] [thread 112150] [90.0] [cxt 0] switch.p4(116) Condition "hdr.ipv4.isValid()" (node_2) is true
[09:25:03.526] [bmv2] [T] [thread 112150] [90.0] [cxt 0] Applying table 'MyIngress.ipv4_lpm'
[09:25:03.526] [bmv2] [D] [thread 112150] [90.0] [cxt 0] Looking up key:
* hdr.ipv4.dstAddr    : 0a000101

[09:25:03.526] [bmv2] [D] [thread 112150] [90.0] [cxt 0] Table 'MyIngress.ipv4_lpm': hit with handle 0
[09:25:03.526] [bmv2] [D] [thread 112150] [90.0] [cxt 0] Dumping entry 0
Match key:
* hdr.ipv4.dstAddr    : LPM       0a000101/32
Action entry: MyIngress.ipv4_forward - 80000000100,1,

[09:25:03.526] [bmv2] [D] [thread 112150] [90.0] [cxt 0] Action entry is MyIngress.ipv4_forward - 80000000100,1,
[09:25:03.526] [bmv2] [T] [thread 112150] [90.0] [cxt 0] Action MyIngress.ipv4_forward
[09:25:03.526] [bmv2] [T] [thread 112150] [90.0] [cxt 0] switch.p4(96) Primitive standard_metadata.egress_spec = port
[09:25:03.526] [bmv2] [T] [thread 112150] [90.0] [cxt 0] switch.p4(97) Primitive hdr.ethernet.srcAddr = hdr.ethernet.dstAddr
[09:25:03.526] [bmv2] [T] [thread 112150] [90.0] [cxt 0] switch.p4(98) Primitive hdr.ethernet.dstAddr = dstAddr
[09:25:03.526] [bmv2] [T] [thread 112150] [90.0] [cxt 0] switch.p4(99) Primitive hdr.ipv4.ttl = hdr.ipv4.ttl - 1
[09:25:03.526] [bmv2] [D] [thread 112150] [90.0] [cxt 0] Pipeline 'ingress': end
[09:25:03.526] [bmv2] [D] [thread 112150] [90.0] [cxt 0] Egress port is 1
[09:25:03.526] [bmv2] [D] [thread 112152] [90.0] [cxt 0] Pipeline 'egress': start
[09:25:03.526] [bmv2] [D] [thread 112152] [90.0] [cxt 0] Pipeline 'egress': end
[09:25:03.526] [bmv2] [D] [thread 112152] [90.0] [cxt 0] Deparser 'deparser': start
[09:25:03.526] [bmv2] [D] [thread 112152] [90.0] [cxt 0] Updating checksum 'cksum'
[09:25:03.526] [bmv2] [D] [thread 112152] [90.0] [cxt 0] Deparsing header 'ethernet'
[09:25:03.526] [bmv2] [D] [thread 112152] [90.0] [cxt 0] Deparsing header 'ipv4'
[09:25:03.526] [bmv2] [D] [thread 112152] [90.0] [cxt 0] Deparser 'deparser': end
[09:25:03.526] [bmv2] [D] [thread 112155] [90.0] [cxt 0] Transmitting packet of size 308 out of port 1
[09:25:03.526] [bmv2] [D] [thread 112150] [91.0] [cxt 0] Processing packet received on port 1
[09:25:03.526] [bmv2] [D] [thread 112150] [91.0] [cxt 0] Parser 'parser': start
[09:25:03.526] [bmv2] [D] [thread 112150] [91.0] [cxt 0] Parser 'parser' entering state 'start'
[09:25:03.526] [bmv2] [D] [thread 112150] [91.0] [cxt 0] Extracting header 'ethernet'
[09:25:03.526] [bmv2] [D] [thread 112150] [91.0] [cxt 0] Parser state 'start': key is 0800
[09:25:03.526] [bmv2] [T] [thread 112150] [91.0] [cxt 0] Bytes parsed: 14
[09:25:03.526] [bmv2] [D] [thread 112150] [91.0] [cxt 0] Parser 'parser' entering state 'parse_ipv4'
[09:25:03.526] [bmv2] [D] [thread 112150] [91.0] [cxt 0] Extracting header 'ipv4'
[09:25:03.526] [bmv2] [D] [thread 112150] [91.0] [cxt 0] Parser state 'parse_ipv4' has no switch, going to default next state
[09:25:03.526] [bmv2] [T] [thread 112150] [91.0] [cxt 0] Bytes parsed: 34
[09:25:03.526] [bmv2] [D] [thread 112150] [91.0] [cxt 0] Parser 'parser': end
[09:25:03.526] [bmv2] [D] [thread 112150] [91.0] [cxt 0] Pipeline 'ingress': start
[09:25:03.526] [bmv2] [T] [thread 112150] [91.0] [cxt 0] switch.p4(116) Condition "hdr.ipv4.isValid()" (node_2) is true
[09:25:03.526] [bmv2] [T] [thread 112150] [91.0] [cxt 0] Applying table 'MyIngress.ipv4_lpm'
[09:25:03.526] [bmv2] [D] [thread 112150] [91.0] [cxt 0] Looking up key:
* hdr.ipv4.dstAddr    : 0a000202

[09:25:03.526] [bmv2] [D] [thread 112150] [91.0] [cxt 0] Table 'MyIngress.ipv4_lpm': hit with handle 1
[09:25:03.526] [bmv2] [D] [thread 112150] [91.0] [cxt 0] Dumping entry 1
Match key:
* hdr.ipv4.dstAddr    : LPM       0a000202/32
Action entry: MyIngress.ipv4_forward - 80000000300,2,

[09:25:03.526] [bmv2] [D] [thread 112150] [91.0] [cxt 0] Action entry is MyIngress.ipv4_forward - 80000000300,2,
[09:25:03.526] [bmv2] [T] [thread 112150] [91.0] [cxt 0] Action MyIngress.ipv4_forward
[09:25:03.526] [bmv2] [T] [thread 112150] [91.0] [cxt 0] switch.p4(96) Primitive standard_metadata.egress_spec = port
[09:25:03.526] [bmv2] [T] [thread 112150] [91.0] [cxt 0] switch.p4(97) Primitive hdr.ethernet.srcAddr = hdr.ethernet.dstAddr
[09:25:03.526] [bmv2] [T] [thread 112150] [91.0] [cxt 0] switch.p4(98) Primitive hdr.ethernet.dstAddr = dstAddr
[09:25:03.526] [bmv2] [T] [thread 112150] [91.0] [cxt 0] switch.p4(99) Primitive hdr.ipv4.ttl = hdr.ipv4.ttl - 1
[09:25:03.526] [bmv2] [D] [thread 112150] [91.0] [cxt 0] Pipeline 'ingress': end
[09:25:03.526] [bmv2] [D] [thread 112150] [91.0] [cxt 0] Egress port is 2
[09:25:03.526] [bmv2] [D] [thread 112153] [91.0] [cxt 0] Pipeline 'egress': start
[09:25:03.526] [bmv2] [D] [thread 112153] [91.0] [cxt 0] Pipeline 'egress': end
[09:25:03.526] [bmv2] [D] [thread 112153] [91.0] [cxt 0] Deparser 'deparser': start
[09:25:03.526] [bmv2] [D] [thread 112153] [91.0] [cxt 0] Updating checksum 'cksum'
[09:25:03.531] [bmv2] [D] [thread 112153] [91.0] [cxt 0] Deparsing header 'ethernet'
[09:25:03.531] [bmv2] [D] [thread 112153] [91.0] [cxt 0] Deparsing header 'ipv4'
[09:25:03.531] [bmv2] [D] [thread 112153] [91.0] [cxt 0] Deparser 'deparser': end
[09:25:03.531] [bmv2] [D] [thread 112155] [91.0] [cxt 0] Transmitting packet of size 336 out of port 2
[09:25:04.533] [bmv2] [D] [thread 112150] [92.0] [cxt 0] Processing packet received on port 1
[09:25:04.533] [bmv2] [D] [thread 112150] [92.0] [cxt 0] Parser 'parser': start
[09:25:04.533] [bmv2] [D] [thread 112150] [92.0] [cxt 0] Parser 'parser' entering state 'start'
[09:25:04.533] [bmv2] [D] [thread 112150] [92.0] [cxt 0] Extracting header 'ethernet'
[09:25:04.533] [bmv2] [D] [thread 112150] [92.0] [cxt 0] Parser state 'start': key is 0800
[09:25:04.533] [bmv2] [T] [thread 112150] [92.0] [cxt 0] Bytes parsed: 14
[09:25:04.533] [bmv2] [D] [thread 112150] [92.0] [cxt 0] Parser 'parser' entering state 'parse_ipv4'
[09:25:04.533] [bmv2] [D] [thread 112150] [92.0] [cxt 0] Extracting header 'ipv4'
[09:25:04.533] [bmv2] [D] [thread 112150] [92.0] [cxt 0] Parser state 'parse_ipv4' has no switch, going to default next state
[09:25:04.533] [bmv2] [T] [thread 112150] [92.0] [cxt 0] Bytes parsed: 34
[09:25:04.533] [bmv2] [D] [thread 112150] [92.0] [cxt 0] Parser 'parser': end
[09:25:04.533] [bmv2] [D] [thread 112150] [92.0] [cxt 0] Pipeline 'ingress': start
[09:25:04.533] [bmv2] [T] [thread 112150] [92.0] [cxt 0] switch.p4(116) Condition "hdr.ipv4.isValid()" (node_2) is true
[09:25:04.533] [bmv2] [T] [thread 112150] [92.0] [cxt 0] Applying table 'MyIngress.ipv4_lpm'
[09:25:04.533] [bmv2] [D] [thread 112150] [92.0] [cxt 0] Looking up key:
* hdr.ipv4.dstAddr    : 0a000202

[09:25:04.533] [bmv2] [D] [thread 112150] [92.0] [cxt 0] Table 'MyIngress.ipv4_lpm': hit with handle 1
[09:25:04.533] [bmv2] [D] [thread 112150] [92.0] [cxt 0] Dumping entry 1
Match key:
* hdr.ipv4.dstAddr    : LPM       0a000202/32
Action entry: MyIngress.ipv4_forward - 80000000300,2,

[09:25:04.533] [bmv2] [D] [thread 112150] [92.0] [cxt 0] Action entry is MyIngress.ipv4_forward - 80000000300,2,
[09:25:04.533] [bmv2] [T] [thread 112150] [92.0] [cxt 0] Action MyIngress.ipv4_forward
[09:25:04.533] [bmv2] [T] [thread 112150] [92.0] [cxt 0] switch.p4(96) Primitive standard_metadata.egress_spec = port
[09:25:04.533] [bmv2] [T] [thread 112150] [92.0] [cxt 0] switch.p4(97) Primitive hdr.ethernet.srcAddr = hdr.ethernet.dstAddr
[09:25:04.533] [bmv2] [T] [thread 112150] [92.0] [cxt 0] switch.p4(98) Primitive hdr.ethernet.dstAddr = dstAddr
[09:25:04.533] [bmv2] [T] [thread 112150] [92.0] [cxt 0] switch.p4(99) Primitive hdr.ipv4.ttl = hdr.ipv4.ttl - 1
[09:25:04.533] [bmv2] [D] [thread 112150] [92.0] [cxt 0] Pipeline 'ingress': end
[09:25:04.533] [bmv2] [D] [thread 112150] [92.0] [cxt 0] Egress port is 2
[09:25:04.533] [bmv2] [D] [thread 112153] [92.0] [cxt 0] Pipeline 'egress': start
[09:25:04.533] [bmv2] [D] [thread 112153] [92.0] [cxt 0] Pipeline 'egress': end
[09:25:04.533] [bmv2] [D] [thread 112153] [92.0] [cxt 0] Deparser 'deparser': start
[09:25:04.533] [bmv2] [D] [thread 112153] [92.0] [cxt 0] Updating checksum 'cksum'
[09:25:04.533] [bmv2] [D] [thread 112153] [92.0] [cxt 0] Deparsing header 'ethernet'
[09:25:04.533] [bmv2] [D] [thread 112153] [92.0] [cxt 0] Deparsing header 'ipv4'
[09:25:04.533] [bmv2] [D] [thread 112153] [92.0] [cxt 0] Deparser 'deparser': end
[09:25:04.533] [bmv2] [D] [thread 112155] [92.0] [cxt 0] Transmitting packet of size 48 out of port 2
[09:25:04.539] [bmv2] [D] [thread 112150] [93.0] [cxt 0] Processing packet received on port 2
[09:25:04.539] [bmv2] [D] [thread 112150] [93.0] [cxt 0] Parser 'parser': start
[09:25:04.539] [bmv2] [D] [thread 112150] [93.0] [cxt 0] Parser 'parser' entering state 'start'
[09:25:04.539] [bmv2] [D] [thread 112150] [93.0] [cxt 0] Extracting header 'ethernet'
[09:25:04.539] [bmv2] [D] [thread 112150] [93.0] [cxt 0] Parser state 'start': key is 0800
[09:25:04.539] [bmv2] [T] [thread 112150] [93.0] [cxt 0] Bytes parsed: 14
[09:25:04.539] [bmv2] [D] [thread 112150] [93.0] [cxt 0] Parser 'parser' entering state 'parse_ipv4'
[09:25:04.539] [bmv2] [D] [thread 112150] [93.0] [cxt 0] Extracting header 'ipv4'
[09:25:04.539] [bmv2] [D] [thread 112150] [93.0] [cxt 0] Parser state 'parse_ipv4' has no switch, going to default next state
[09:25:04.539] [bmv2] [T] [thread 112150] [93.0] [cxt 0] Bytes parsed: 34
[09:25:04.539] [bmv2] [D] [thread 112150] [93.0] [cxt 0] Parser 'parser': end
[09:25:04.539] [bmv2] [D] [thread 112150] [93.0] [cxt 0] Pipeline 'ingress': start
[09:25:04.539] [bmv2] [T] [thread 112150] [93.0] [cxt 0] switch.p4(116) Condition "hdr.ipv4.isValid()" (node_2) is true
[09:25:04.539] [bmv2] [T] [thread 112150] [93.0] [cxt 0] Applying table 'MyIngress.ipv4_lpm'
[09:25:04.539] [bmv2] [D] [thread 112150] [93.0] [cxt 0] Looking up key:
* hdr.ipv4.dstAddr    : 0a000101

[09:25:04.539] [bmv2] [D] [thread 112150] [93.0] [cxt 0] Table 'MyIngress.ipv4_lpm': hit with handle 0
[09:25:04.539] [bmv2] [D] [thread 112150] [93.0] [cxt 0] Dumping entry 0
Match key:
* hdr.ipv4.dstAddr    : LPM       0a000101/32
Action entry: MyIngress.ipv4_forward - 80000000100,1,

[09:25:04.539] [bmv2] [D] [thread 112150] [93.0] [cxt 0] Action entry is MyIngress.ipv4_forward - 80000000100,1,
[09:25:04.539] [bmv2] [T] [thread 112150] [93.0] [cxt 0] Action MyIngress.ipv4_forward
[09:25:04.539] [bmv2] [T] [thread 112150] [93.0] [cxt 0] switch.p4(96) Primitive standard_metadata.egress_spec = port
[09:25:04.539] [bmv2] [T] [thread 112150] [93.0] [cxt 0] switch.p4(97) Primitive hdr.ethernet.srcAddr = hdr.ethernet.dstAddr
[09:25:04.539] [bmv2] [T] [thread 112150] [93.0] [cxt 0] switch.p4(98) Primitive hdr.ethernet.dstAddr = dstAddr
[09:25:04.539] [bmv2] [T] [thread 112150] [93.0] [cxt 0] switch.p4(99) Primitive hdr.ipv4.ttl = hdr.ipv4.ttl - 1
[09:25:04.539] [bmv2] [D] [thread 112150] [93.0] [cxt 0] Pipeline 'ingress': end
[09:25:04.539] [bmv2] [D] [thread 112150] [93.0] [cxt 0] Egress port is 1
[09:25:04.539] [bmv2] [D] [thread 112152] [93.0] [cxt 0] Pipeline 'egress': start
[09:25:04.539] [bmv2] [D] [thread 112152] [93.0] [cxt 0] Pipeline 'egress': end
[09:25:04.539] [bmv2] [D] [thread 112152] [93.0] [cxt 0] Deparser 'deparser': start
[09:25:04.539] [bmv2] [D] [thread 112152] [93.0] [cxt 0] Updating checksum 'cksum'
[09:25:04.539] [bmv2] [D] [thread 112152] [93.0] [cxt 0] Deparsing header 'ethernet'
[09:25:04.539] [bmv2] [D] [thread 112152] [93.0] [cxt 0] Deparsing header 'ipv4'
[09:25:04.539] [bmv2] [D] [thread 112152] [93.0] [cxt 0] Deparser 'deparser': end
[09:25:04.539] [bmv2] [D] [thread 112155] [93.0] [cxt 0] Transmitting packet of size 76 out of port 1
[09:25:04.545] [bmv2] [D] [thread 112150] [94.0] [cxt 0] Processing packet received on port 2
[09:25:04.545] [bmv2] [D] [thread 112150] [94.0] [cxt 0] Parser 'parser': start
[09:25:04.545] [bmv2] [D] [thread 112150] [94.0] [cxt 0] Parser 'parser' entering state 'start'
[09:25:04.545] [bmv2] [D] [thread 112150] [94.0] [cxt 0] Extracting header 'ethernet'
[09:25:04.545] [bmv2] [D] [thread 112150] [94.0] [cxt 0] Parser state 'start': key is 0800
[09:25:04.545] [bmv2] [T] [thread 112150] [94.0] [cxt 0] Bytes parsed: 14
[09:25:04.545] [bmv2] [D] [thread 112150] [94.0] [cxt 0] Parser 'parser' entering state 'parse_ipv4'
[09:25:04.545] [bmv2] [D] [thread 112150] [94.0] [cxt 0] Extracting header 'ipv4'
[09:25:04.545] [bmv2] [D] [thread 112150] [94.0] [cxt 0] Parser state 'parse_ipv4' has no switch, going to default next state
[09:25:04.545] [bmv2] [T] [thread 112150] [94.0] [cxt 0] Bytes parsed: 34
[09:25:04.545] [bmv2] [D] [thread 112150] [94.0] [cxt 0] Parser 'parser': end
[09:25:04.545] [bmv2] [D] [thread 112150] [94.0] [cxt 0] Pipeline 'ingress': start
[09:25:04.545] [bmv2] [T] [thread 112150] [94.0] [cxt 0] switch.p4(116) Condition "hdr.ipv4.isValid()" (node_2) is true
[09:25:04.545] [bmv2] [T] [thread 112150] [94.0] [cxt 0] Applying table 'MyIngress.ipv4_lpm'
[09:25:04.545] [bmv2] [D] [thread 112150] [94.0] [cxt 0] Looking up key:
* hdr.ipv4.dstAddr    : 0a000101

[09:25:04.545] [bmv2] [D] [thread 112150] [94.0] [cxt 0] Table 'MyIngress.ipv4_lpm': hit with handle 0
[09:25:04.545] [bmv2] [D] [thread 112150] [94.0] [cxt 0] Dumping entry 0
Match key:
* hdr.ipv4.dstAddr    : LPM       0a000101/32
Action entry: MyIngress.ipv4_forward - 80000000100,1,

[09:25:04.545] [bmv2] [D] [thread 112150] [94.0] [cxt 0] Action entry is MyIngress.ipv4_forward - 80000000100,1,
[09:25:04.545] [bmv2] [T] [thread 112150] [94.0] [cxt 0] Action MyIngress.ipv4_forward
[09:25:04.545] [bmv2] [T] [thread 112150] [94.0] [cxt 0] switch.p4(96) Primitive standard_metadata.egress_spec = port
[09:25:04.545] [bmv2] [T] [thread 112150] [94.0] [cxt 0] switch.p4(97) Primitive hdr.ethernet.srcAddr = hdr.ethernet.dstAddr
[09:25:04.545] [bmv2] [T] [thread 112150] [94.0] [cxt 0] switch.p4(98) Primitive hdr.ethernet.dstAddr = dstAddr
[09:25:04.545] [bmv2] [T] [thread 112150] [94.0] [cxt 0] switch.p4(99) Primitive hdr.ipv4.ttl = hdr.ipv4.ttl - 1
[09:25:04.545] [bmv2] [D] [thread 112150] [94.0] [cxt 0] Pipeline 'ingress': end
[09:25:04.545] [bmv2] [D] [thread 112150] [94.0] [cxt 0] Egress port is 1
[09:25:04.545] [bmv2] [D] [thread 112152] [94.0] [cxt 0] Pipeline 'egress': start
[09:25:04.545] [bmv2] [D] [thread 112152] [94.0] [cxt 0] Pipeline 'egress': end
[09:25:04.545] [bmv2] [D] [thread 112152] [94.0] [cxt 0] Deparser 'deparser': start
[09:25:04.545] [bmv2] [D] [thread 112152] [94.0] [cxt 0] Updating checksum 'cksum'
[09:25:04.545] [bmv2] [D] [thread 112152] [94.0] [cxt 0] Deparsing header 'ethernet'
[09:25:04.545] [bmv2] [D] [thread 112152] [94.0] [cxt 0] Deparsing header 'ipv4'
[09:25:04.545] [bmv2] [D] [thread 112152] [94.0] [cxt 0] Deparser 'deparser': end
[09:25:04.545] [bmv2] [D] [thread 112155] [94.0] [cxt 0] Transmitting packet of size 308 out of port 1
[09:25:04.547] [bmv2] [D] [thread 112150] [95.0] [cxt 0] Processing packet received on port 1
[09:25:04.547] [bmv2] [D] [thread 112150] [95.0] [cxt 0] Parser 'parser': start
[09:25:04.547] [bmv2] [D] [thread 112150] [95.0] [cxt 0] Parser 'parser' entering state 'start'
[09:25:04.547] [bmv2] [D] [thread 112150] [95.0] [cxt 0] Extracting header 'ethernet'
[09:25:04.547] [bmv2] [D] [thread 112150] [95.0] [cxt 0] Parser state 'start': key is 0800
[09:25:04.547] [bmv2] [T] [thread 112150] [95.0] [cxt 0] Bytes parsed: 14
[09:25:04.547] [bmv2] [D] [thread 112150] [95.0] [cxt 0] Parser 'parser' entering state 'parse_ipv4'
[09:25:04.547] [bmv2] [D] [thread 112150] [95.0] [cxt 0] Extracting header 'ipv4'
[09:25:04.547] [bmv2] [D] [thread 112150] [95.0] [cxt 0] Parser state 'parse_ipv4' has no switch, going to default next state
[09:25:04.547] [bmv2] [T] [thread 112150] [95.0] [cxt 0] Bytes parsed: 34
[09:25:04.547] [bmv2] [D] [thread 112150] [95.0] [cxt 0] Parser 'parser': end
[09:25:04.547] [bmv2] [D] [thread 112150] [95.0] [cxt 0] Pipeline 'ingress': start
[09:25:04.547] [bmv2] [T] [thread 112150] [95.0] [cxt 0] switch.p4(116) Condition "hdr.ipv4.isValid()" (node_2) is true
[09:25:04.547] [bmv2] [T] [thread 112150] [95.0] [cxt 0] Applying table 'MyIngress.ipv4_lpm'
[09:25:04.547] [bmv2] [D] [thread 112150] [95.0] [cxt 0] Looking up key:
* hdr.ipv4.dstAddr    : 0a000202

[09:25:04.547] [bmv2] [D] [thread 112150] [95.0] [cxt 0] Table 'MyIngress.ipv4_lpm': hit with handle 1
[09:25:04.547] [bmv2] [D] [thread 112150] [95.0] [cxt 0] Dumping entry 1
Match key:
* hdr.ipv4.dstAddr    : LPM       0a000202/32
Action entry: MyIngress.ipv4_forward - 80000000300,2,

[09:25:04.547] [bmv2] [D] [thread 112150] [95.0] [cxt 0] Action entry is MyIngress.ipv4_forward - 80000000300,2,
[09:25:04.547] [bmv2] [T] [thread 112150] [95.0] [cxt 0] Action MyIngress.ipv4_forward
[09:25:04.547] [bmv2] [T] [thread 112150] [95.0] [cxt 0] switch.p4(96) Primitive standard_metadata.egress_spec = port
[09:25:04.547] [bmv2] [T] [thread 112150] [95.0] [cxt 0] switch.p4(97) Primitive hdr.ethernet.srcAddr = hdr.ethernet.dstAddr
[09:25:04.547] [bmv2] [T] [thread 112150] [95.0] [cxt 0] switch.p4(98) Primitive hdr.ethernet.dstAddr = dstAddr
[09:25:04.547] [bmv2] [T] [thread 112150] [95.0] [cxt 0] switch.p4(99) Primitive hdr.ipv4.ttl = hdr.ipv4.ttl - 1
[09:25:04.547] [bmv2] [D] [thread 112150] [95.0] [cxt 0] Pipeline 'ingress': end
[09:25:04.547] [bmv2] [D] [thread 112150] [95.0] [cxt 0] Egress port is 2
[09:25:04.547] [bmv2] [D] [thread 112153] [95.0] [cxt 0] Pipeline 'egress': start
[09:25:04.547] [bmv2] [D] [thread 112153] [95.0] [cxt 0] Pipeline 'egress': end
[09:25:04.547] [bmv2] [D] [thread 112153] [95.0] [cxt 0] Deparser 'deparser': start
[09:25:04.547] [bmv2] [D] [thread 112153] [95.0] [cxt 0] Updating checksum 'cksum'
[09:25:04.547] [bmv2] [D] [thread 112153] [95.0] [cxt 0] Deparsing header 'ethernet'
[09:25:04.547] [bmv2] [D] [thread 112153] [95.0] [cxt 0] Deparsing header 'ipv4'
[09:25:04.547] [bmv2] [D] [thread 112153] [95.0] [cxt 0] Deparser 'deparser': end
[09:25:04.547] [bmv2] [D] [thread 112155] [95.0] [cxt 0] Transmitting packet of size 336 out of port 2
[09:25:04.893] [bmv2] [D] [thread 112150] [96.0] [cxt 0] Processing packet received on port 1
[09:25:04.893] [bmv2] [D] [thread 112150] [96.0] [cxt 0] Parser 'parser': start
[09:25:04.893] [bmv2] [D] [thread 112150] [96.0] [cxt 0] Parser 'parser' entering state 'start'
[09:25:04.893] [bmv2] [D] [thread 112150] [96.0] [cxt 0] Extracting header 'ethernet'
[09:25:04.893] [bmv2] [D] [thread 112150] [96.0] [cxt 0] Parser state 'start': key is 86dd
[09:25:04.893] [bmv2] [T] [thread 112150] [96.0] [cxt 0] Bytes parsed: 14
[09:25:04.893] [bmv2] [D] [thread 112150] [96.0] [cxt 0] Parser 'parser': end
[09:25:04.893] [bmv2] [D] [thread 112150] [96.0] [cxt 0] Pipeline 'ingress': start
[09:25:04.893] [bmv2] [T] [thread 112150] [96.0] [cxt 0] switch.p4(116) Condition "hdr.ipv4.isValid()" (node_2) is false
[09:25:04.893] [bmv2] [D] [thread 112150] [96.0] [cxt 0] Pipeline 'ingress': end
[09:25:04.893] [bmv2] [D] [thread 112150] [96.0] [cxt 0] Egress port is 0
[09:25:04.893] [bmv2] [D] [thread 112151] [96.0] [cxt 0] Pipeline 'egress': start
[09:25:04.893] [bmv2] [D] [thread 112151] [96.0] [cxt 0] Pipeline 'egress': end
[09:25:04.893] [bmv2] [D] [thread 112151] [96.0] [cxt 0] Deparser 'deparser': start
[09:25:04.893] [bmv2] [T] [thread 112151] [96.0] [cxt 0] Skipping checksum 'cksum' update because condition not met
[09:25:04.893] [bmv2] [D] [thread 112151] [96.0] [cxt 0] Deparsing header 'ethernet'
[09:25:04.893] [bmv2] [D] [thread 112151] [96.0] [cxt 0] Deparser 'deparser': end
[09:25:04.893] [bmv2] [D] [thread 112155] [96.0] [cxt 0] Transmitting packet of size 70 out of port 0
[09:25:05.413] [bmv2] [D] [thread 112150] [97.0] [cxt 0] Processing packet received on port 1
[09:25:05.413] [bmv2] [D] [thread 112150] [97.0] [cxt 0] Parser 'parser': start
[09:25:05.413] [bmv2] [D] [thread 112150] [97.0] [cxt 0] Parser 'parser' entering state 'start'
[09:25:05.413] [bmv2] [D] [thread 112150] [97.0] [cxt 0] Extracting header 'ethernet'
[09:25:05.413] [bmv2] [D] [thread 112150] [97.0] [cxt 0] Parser state 'start': key is 86dd
[09:25:05.413] [bmv2] [T] [thread 112150] [97.0] [cxt 0] Bytes parsed: 14
[09:25:05.413] [bmv2] [D] [thread 112150] [97.0] [cxt 0] Parser 'parser': end
[09:25:05.413] [bmv2] [D] [thread 112150] [97.0] [cxt 0] Pipeline 'ingress': start
[09:25:05.413] [bmv2] [T] [thread 112150] [97.0] [cxt 0] switch.p4(116) Condition "hdr.ipv4.isValid()" (node_2) is false
[09:25:05.413] [bmv2] [D] [thread 112150] [97.0] [cxt 0] Pipeline 'ingress': end
[09:25:05.413] [bmv2] [D] [thread 112150] [97.0] [cxt 0] Egress port is 0
[09:25:05.413] [bmv2] [D] [thread 112151] [97.0] [cxt 0] Pipeline 'egress': start
[09:25:05.413] [bmv2] [D] [thread 112151] [97.0] [cxt 0] Pipeline 'egress': end
[09:25:05.413] [bmv2] [D] [thread 112151] [97.0] [cxt 0] Deparser 'deparser': start
[09:25:05.415] [bmv2] [T] [thread 112151] [97.0] [cxt 0] Skipping checksum 'cksum' update because condition not met
[09:25:05.415] [bmv2] [D] [thread 112151] [97.0] [cxt 0] Deparsing header 'ethernet'
[09:25:05.415] [bmv2] [D] [thread 112151] [97.0] [cxt 0] Deparser 'deparser': end
[09:25:05.415] [bmv2] [D] [thread 112155] [97.0] [cxt 0] Transmitting packet of size 70 out of port 0
[09:25:05.675] [bmv2] [D] [thread 112150] [98.0] [cxt 0] Processing packet received on port 1
[09:25:05.675] [bmv2] [D] [thread 112150] [98.0] [cxt 0] Parser 'parser': start
[09:25:05.675] [bmv2] [D] [thread 112150] [98.0] [cxt 0] Parser 'parser' entering state 'start'
[09:25:05.675] [bmv2] [D] [thread 112150] [98.0] [cxt 0] Extracting header 'ethernet'
[09:25:05.675] [bmv2] [D] [thread 112150] [98.0] [cxt 0] Parser state 'start': key is 0800
[09:25:05.675] [bmv2] [T] [thread 112150] [98.0] [cxt 0] Bytes parsed: 14
[09:25:05.675] [bmv2] [D] [thread 112150] [98.0] [cxt 0] Parser 'parser' entering state 'parse_ipv4'
[09:25:05.675] [bmv2] [D] [thread 112150] [98.0] [cxt 0] Extracting header 'ipv4'
[09:25:05.675] [bmv2] [D] [thread 112150] [98.0] [cxt 0] Parser state 'parse_ipv4' has no switch, going to default next state
[09:25:05.675] [bmv2] [T] [thread 112150] [98.0] [cxt 0] Bytes parsed: 34
[09:25:05.675] [bmv2] [D] [thread 112150] [98.0] [cxt 0] Parser 'parser': end
[09:25:05.675] [bmv2] [D] [thread 112150] [98.0] [cxt 0] Pipeline 'ingress': start
[09:25:05.675] [bmv2] [T] [thread 112150] [98.0] [cxt 0] switch.p4(116) Condition "hdr.ipv4.isValid()" (node_2) is true
[09:25:05.675] [bmv2] [T] [thread 112150] [98.0] [cxt 0] Applying table 'MyIngress.ipv4_lpm'
[09:25:05.675] [bmv2] [D] [thread 112150] [98.0] [cxt 0] Looking up key:
* hdr.ipv4.dstAddr    : 0a000202

[09:25:05.675] [bmv2] [D] [thread 112150] [98.0] [cxt 0] Table 'MyIngress.ipv4_lpm': hit with handle 1
[09:25:05.675] [bmv2] [D] [thread 112150] [98.0] [cxt 0] Dumping entry 1
Match key:
* hdr.ipv4.dstAddr    : LPM       0a000202/32
Action entry: MyIngress.ipv4_forward - 80000000300,2,

[09:25:05.675] [bmv2] [D] [thread 112150] [98.0] [cxt 0] Action entry is MyIngress.ipv4_forward - 80000000300,2,
[09:25:05.675] [bmv2] [T] [thread 112150] [98.0] [cxt 0] Action MyIngress.ipv4_forward
[09:25:05.675] [bmv2] [T] [thread 112150] [98.0] [cxt 0] switch.p4(96) Primitive standard_metadata.egress_spec = port
[09:25:05.675] [bmv2] [T] [thread 112150] [98.0] [cxt 0] switch.p4(97) Primitive hdr.ethernet.srcAddr = hdr.ethernet.dstAddr
[09:25:05.675] [bmv2] [T] [thread 112150] [98.0] [cxt 0] switch.p4(98) Primitive hdr.ethernet.dstAddr = dstAddr
[09:25:05.675] [bmv2] [T] [thread 112150] [98.0] [cxt 0] switch.p4(99) Primitive hdr.ipv4.ttl = hdr.ipv4.ttl - 1
[09:25:05.675] [bmv2] [D] [thread 112150] [98.0] [cxt 0] Pipeline 'ingress': end
[09:25:05.675] [bmv2] [D] [thread 112150] [98.0] [cxt 0] Egress port is 2
[09:25:05.675] [bmv2] [D] [thread 112153] [98.0] [cxt 0] Pipeline 'egress': start
[09:25:05.675] [bmv2] [D] [thread 112153] [98.0] [cxt 0] Pipeline 'egress': end
[09:25:05.675] [bmv2] [D] [thread 112153] [98.0] [cxt 0] Deparser 'deparser': start
[09:25:05.675] [bmv2] [D] [thread 112153] [98.0] [cxt 0] Updating checksum 'cksum'
[09:25:05.675] [bmv2] [D] [thread 112153] [98.0] [cxt 0] Deparsing header 'ethernet'
[09:25:05.675] [bmv2] [D] [thread 112153] [98.0] [cxt 0] Deparsing header 'ipv4'
[09:25:05.675] [bmv2] [D] [thread 112153] [98.0] [cxt 0] Deparser 'deparser': end
[09:25:05.675] [bmv2] [D] [thread 112155] [98.0] [cxt 0] Transmitting packet of size 48 out of port 2
[09:25:05.681] [bmv2] [D] [thread 112150] [99.0] [cxt 0] Processing packet received on port 2
[09:25:05.681] [bmv2] [D] [thread 112150] [99.0] [cxt 0] Parser 'parser': start
[09:25:05.681] [bmv2] [D] [thread 112150] [99.0] [cxt 0] Parser 'parser' entering state 'start'
[09:25:05.681] [bmv2] [D] [thread 112150] [99.0] [cxt 0] Extracting header 'ethernet'
[09:25:05.681] [bmv2] [D] [thread 112150] [99.0] [cxt 0] Parser state 'start': key is 0800
[09:25:05.681] [bmv2] [T] [thread 112150] [99.0] [cxt 0] Bytes parsed: 14
[09:25:05.681] [bmv2] [D] [thread 112150] [99.0] [cxt 0] Parser 'parser' entering state 'parse_ipv4'
[09:25:05.681] [bmv2] [D] [thread 112150] [99.0] [cxt 0] Extracting header 'ipv4'
[09:25:05.681] [bmv2] [D] [thread 112150] [99.0] [cxt 0] Parser state 'parse_ipv4' has no switch, going to default next state
[09:25:05.681] [bmv2] [T] [thread 112150] [99.0] [cxt 0] Bytes parsed: 34
[09:25:05.681] [bmv2] [D] [thread 112150] [99.0] [cxt 0] Parser 'parser': end
[09:25:05.681] [bmv2] [D] [thread 112150] [99.0] [cxt 0] Pipeline 'ingress': start
[09:25:05.681] [bmv2] [T] [thread 112150] [99.0] [cxt 0] switch.p4(116) Condition "hdr.ipv4.isValid()" (node_2) is true
[09:25:05.681] [bmv2] [T] [thread 112150] [99.0] [cxt 0] Applying table 'MyIngress.ipv4_lpm'
[09:25:05.681] [bmv2] [D] [thread 112150] [99.0] [cxt 0] Looking up key:
* hdr.ipv4.dstAddr    : 0a000101

[09:25:05.681] [bmv2] [D] [thread 112150] [99.0] [cxt 0] Table 'MyIngress.ipv4_lpm': hit with handle 0
[09:25:05.681] [bmv2] [D] [thread 112150] [99.0] [cxt 0] Dumping entry 0
Match key:
* hdr.ipv4.dstAddr    : LPM       0a000101/32
Action entry: MyIngress.ipv4_forward - 80000000100,1,

[09:25:05.681] [bmv2] [D] [thread 112150] [99.0] [cxt 0] Action entry is MyIngress.ipv4_forward - 80000000100,1,
[09:25:05.681] [bmv2] [T] [thread 112150] [99.0] [cxt 0] Action MyIngress.ipv4_forward
[09:25:05.681] [bmv2] [T] [thread 112150] [99.0] [cxt 0] switch.p4(96) Primitive standard_metadata.egress_spec = port
[09:25:05.681] [bmv2] [T] [thread 112150] [99.0] [cxt 0] switch.p4(97) Primitive hdr.ethernet.srcAddr = hdr.ethernet.dstAddr
[09:25:05.681] [bmv2] [T] [thread 112150] [99.0] [cxt 0] switch.p4(98) Primitive hdr.ethernet.dstAddr = dstAddr
[09:25:05.681] [bmv2] [T] [thread 112150] [99.0] [cxt 0] switch.p4(99) Primitive hdr.ipv4.ttl = hdr.ipv4.ttl - 1
[09:25:05.681] [bmv2] [D] [thread 112150] [99.0] [cxt 0] Pipeline 'ingress': end
[09:25:05.681] [bmv2] [D] [thread 112150] [99.0] [cxt 0] Egress port is 1
[09:25:05.681] [bmv2] [D] [thread 112152] [99.0] [cxt 0] Pipeline 'egress': start
[09:25:05.681] [bmv2] [D] [thread 112152] [99.0] [cxt 0] Pipeline 'egress': end
[09:25:05.681] [bmv2] [D] [thread 112152] [99.0] [cxt 0] Deparser 'deparser': start
[09:25:05.681] [bmv2] [D] [thread 112152] [99.0] [cxt 0] Updating checksum 'cksum'
[09:25:05.681] [bmv2] [D] [thread 112152] [99.0] [cxt 0] Deparsing header 'ethernet'
[09:25:05.681] [bmv2] [D] [thread 112152] [99.0] [cxt 0] Deparsing header 'ipv4'
[09:25:05.681] [bmv2] [D] [thread 112152] [99.0] [cxt 0] Deparser 'deparser': end
[09:25:05.681] [bmv2] [D] [thread 112155] [99.0] [cxt 0] Transmitting packet of size 76 out of port 1
[09:25:05.686] [bmv2] [D] [thread 112150] [100.0] [cxt 0] Processing packet received on port 2
[09:25:05.686] [bmv2] [D] [thread 112150] [100.0] [cxt 0] Parser 'parser': start
[09:25:05.686] [bmv2] [D] [thread 112150] [100.0] [cxt 0] Parser 'parser' entering state 'start'
[09:25:05.686] [bmv2] [D] [thread 112150] [100.0] [cxt 0] Extracting header 'ethernet'
[09:25:05.686] [bmv2] [D] [thread 112150] [100.0] [cxt 0] Parser state 'start': key is 0800
[09:25:05.686] [bmv2] [T] [thread 112150] [100.0] [cxt 0] Bytes parsed: 14
[09:25:05.686] [bmv2] [D] [thread 112150] [100.0] [cxt 0] Parser 'parser' entering state 'parse_ipv4'
[09:25:05.686] [bmv2] [D] [thread 112150] [100.0] [cxt 0] Extracting header 'ipv4'
[09:25:05.686] [bmv2] [D] [thread 112150] [100.0] [cxt 0] Parser state 'parse_ipv4' has no switch, going to default next state
[09:25:05.686] [bmv2] [T] [thread 112150] [100.0] [cxt 0] Bytes parsed: 34
[09:25:05.686] [bmv2] [D] [thread 112150] [100.0] [cxt 0] Parser 'parser': end
[09:25:05.686] [bmv2] [D] [thread 112150] [100.0] [cxt 0] Pipeline 'ingress': start
[09:25:05.686] [bmv2] [T] [thread 112150] [100.0] [cxt 0] switch.p4(116) Condition "hdr.ipv4.isValid()" (node_2) is true
[09:25:05.686] [bmv2] [T] [thread 112150] [100.0] [cxt 0] Applying table 'MyIngress.ipv4_lpm'
[09:25:05.686] [bmv2] [D] [thread 112150] [100.0] [cxt 0] Looking up key:
* hdr.ipv4.dstAddr    : 0a000101

[09:25:05.686] [bmv2] [D] [thread 112150] [100.0] [cxt 0] Table 'MyIngress.ipv4_lpm': hit with handle 0
[09:25:05.686] [bmv2] [D] [thread 112150] [100.0] [cxt 0] Dumping entry 0
Match key:
* hdr.ipv4.dstAddr    : LPM       0a000101/32
Action entry: MyIngress.ipv4_forward - 80000000100,1,

[09:25:05.686] [bmv2] [D] [thread 112150] [100.0] [cxt 0] Action entry is MyIngress.ipv4_forward - 80000000100,1,
[09:25:05.686] [bmv2] [T] [thread 112150] [100.0] [cxt 0] Action MyIngress.ipv4_forward
[09:25:05.686] [bmv2] [T] [thread 112150] [100.0] [cxt 0] switch.p4(96) Primitive standard_metadata.egress_spec = port
[09:25:05.686] [bmv2] [T] [thread 112150] [100.0] [cxt 0] switch.p4(97) Primitive hdr.ethernet.srcAddr = hdr.ethernet.dstAddr
[09:25:05.686] [bmv2] [T] [thread 112150] [100.0] [cxt 0] switch.p4(98) Primitive hdr.ethernet.dstAddr = dstAddr
[09:25:05.686] [bmv2] [T] [thread 112150] [100.0] [cxt 0] switch.p4(99) Primitive hdr.ipv4.ttl = hdr.ipv4.ttl - 1
[09:25:05.686] [bmv2] [D] [thread 112150] [100.0] [cxt 0] Pipeline 'ingress': end
[09:25:05.686] [bmv2] [D] [thread 112150] [100.0] [cxt 0] Egress port is 1
[09:25:05.686] [bmv2] [D] [thread 112152] [100.0] [cxt 0] Pipeline 'egress': start
[09:25:05.686] [bmv2] [D] [thread 112152] [100.0] [cxt 0] Pipeline 'egress': end
[09:25:05.686] [bmv2] [D] [thread 112152] [100.0] [cxt 0] Deparser 'deparser': start
[09:25:05.686] [bmv2] [D] [thread 112152] [100.0] [cxt 0] Updating checksum 'cksum'
[09:25:05.686] [bmv2] [D] [thread 112152] [100.0] [cxt 0] Deparsing header 'ethernet'
[09:25:05.686] [bmv2] [D] [thread 112152] [100.0] [cxt 0] Deparsing header 'ipv4'
[09:25:05.686] [bmv2] [D] [thread 112152] [100.0] [cxt 0] Deparser 'deparser': end
[09:25:05.686] [bmv2] [D] [thread 112155] [100.0] [cxt 0] Transmitting packet of size 308 out of port 1
[09:25:05.691] [bmv2] [D] [thread 112150] [101.0] [cxt 0] Processing packet received on port 1
[09:25:05.691] [bmv2] [D] [thread 112150] [101.0] [cxt 0] Parser 'parser': start
[09:25:05.691] [bmv2] [D] [thread 112150] [101.0] [cxt 0] Parser 'parser' entering state 'start'
[09:25:05.691] [bmv2] [D] [thread 112150] [101.0] [cxt 0] Extracting header 'ethernet'
[09:25:05.691] [bmv2] [D] [thread 112150] [101.0] [cxt 0] Parser state 'start': key is 0800
[09:25:05.691] [bmv2] [T] [thread 112150] [101.0] [cxt 0] Bytes parsed: 14
[09:25:05.691] [bmv2] [D] [thread 112150] [101.0] [cxt 0] Parser 'parser' entering state 'parse_ipv4'
[09:25:05.691] [bmv2] [D] [thread 112150] [101.0] [cxt 0] Extracting header 'ipv4'
[09:25:05.691] [bmv2] [D] [thread 112150] [101.0] [cxt 0] Parser state 'parse_ipv4' has no switch, going to default next state
[09:25:05.691] [bmv2] [T] [thread 112150] [101.0] [cxt 0] Bytes parsed: 34
[09:25:05.691] [bmv2] [D] [thread 112150] [101.0] [cxt 0] Parser 'parser': end
[09:25:05.691] [bmv2] [D] [thread 112150] [101.0] [cxt 0] Pipeline 'ingress': start
[09:25:05.691] [bmv2] [T] [thread 112150] [101.0] [cxt 0] switch.p4(116) Condition "hdr.ipv4.isValid()" (node_2) is true
[09:25:05.691] [bmv2] [T] [thread 112150] [101.0] [cxt 0] Applying table 'MyIngress.ipv4_lpm'
[09:25:05.691] [bmv2] [D] [thread 112150] [101.0] [cxt 0] Looking up key:
* hdr.ipv4.dstAddr    : 0a000202

[09:25:05.691] [bmv2] [D] [thread 112150] [101.0] [cxt 0] Table 'MyIngress.ipv4_lpm': hit with handle 1
[09:25:05.691] [bmv2] [D] [thread 112150] [101.0] [cxt 0] Dumping entry 1
Match key:
* hdr.ipv4.dstAddr    : LPM       0a000202/32
Action entry: MyIngress.ipv4_forward - 80000000300,2,

[09:25:05.691] [bmv2] [D] [thread 112150] [101.0] [cxt 0] Action entry is MyIngress.ipv4_forward - 80000000300,2,
[09:25:05.691] [bmv2] [T] [thread 112150] [101.0] [cxt 0] Action MyIngress.ipv4_forward
[09:25:05.691] [bmv2] [T] [thread 112150] [101.0] [cxt 0] switch.p4(96) Primitive standard_metadata.egress_spec = port
[09:25:05.691] [bmv2] [T] [thread 112150] [101.0] [cxt 0] switch.p4(97) Primitive hdr.ethernet.srcAddr = hdr.ethernet.dstAddr
[09:25:05.691] [bmv2] [T] [thread 112150] [101.0] [cxt 0] switch.p4(98) Primitive hdr.ethernet.dstAddr = dstAddr
[09:25:05.691] [bmv2] [T] [thread 112150] [101.0] [cxt 0] switch.p4(99) Primitive hdr.ipv4.ttl = hdr.ipv4.ttl - 1
[09:25:05.691] [bmv2] [D] [thread 112150] [101.0] [cxt 0] Pipeline 'ingress': end
[09:25:05.691] [bmv2] [D] [thread 112150] [101.0] [cxt 0] Egress port is 2
[09:25:05.691] [bmv2] [D] [thread 112153] [101.0] [cxt 0] Pipeline 'egress': start
[09:25:05.691] [bmv2] [D] [thread 112153] [101.0] [cxt 0] Pipeline 'egress': end
[09:25:05.691] [bmv2] [D] [thread 112153] [101.0] [cxt 0] Deparser 'deparser': start
[09:25:05.691] [bmv2] [D] [thread 112153] [101.0] [cxt 0] Updating checksum 'cksum'
[09:25:05.691] [bmv2] [D] [thread 112153] [101.0] [cxt 0] Deparsing header 'ethernet'
[09:25:05.691] [bmv2] [D] [thread 112153] [101.0] [cxt 0] Deparsing header 'ipv4'
[09:25:05.691] [bmv2] [D] [thread 112153] [101.0] [cxt 0] Deparser 'deparser': end
[09:25:05.691] [bmv2] [D] [thread 112155] [101.0] [cxt 0] Transmitting packet of size 336 out of port 2
[09:25:05.918] [bmv2] [D] [thread 112150] [102.0] [cxt 0] Processing packet received on port 2
[09:25:05.918] [bmv2] [D] [thread 112150] [102.0] [cxt 0] Parser 'parser': start
[09:25:05.918] [bmv2] [D] [thread 112150] [102.0] [cxt 0] Parser 'parser' entering state 'start'
[09:25:05.918] [bmv2] [D] [thread 112150] [102.0] [cxt 0] Extracting header 'ethernet'
[09:25:05.918] [bmv2] [D] [thread 112150] [102.0] [cxt 0] Parser state 'start': key is 86dd
[09:25:05.918] [bmv2] [T] [thread 112150] [102.0] [cxt 0] Bytes parsed: 14
[09:25:05.918] [bmv2] [D] [thread 112150] [102.0] [cxt 0] Parser 'parser': end
[09:25:05.918] [bmv2] [D] [thread 112150] [102.0] [cxt 0] Pipeline 'ingress': start
[09:25:05.918] [bmv2] [T] [thread 112150] [102.0] [cxt 0] switch.p4(116) Condition "hdr.ipv4.isValid()" (node_2) is false
[09:25:05.918] [bmv2] [D] [thread 112150] [102.0] [cxt 0] Pipeline 'ingress': end
[09:25:05.918] [bmv2] [D] [thread 112150] [102.0] [cxt 0] Egress port is 0
[09:25:05.918] [bmv2] [D] [thread 112151] [102.0] [cxt 0] Pipeline 'egress': start
[09:25:05.918] [bmv2] [D] [thread 112151] [102.0] [cxt 0] Pipeline 'egress': end
[09:25:05.918] [bmv2] [D] [thread 112151] [102.0] [cxt 0] Deparser 'deparser': start
[09:25:05.918] [bmv2] [T] [thread 112151] [102.0] [cxt 0] Skipping checksum 'cksum' update because condition not met
[09:25:05.918] [bmv2] [D] [thread 112151] [102.0] [cxt 0] Deparsing header 'ethernet'
[09:25:05.918] [bmv2] [D] [thread 112151] [102.0] [cxt 0] Deparser 'deparser': end
[09:25:05.918] [bmv2] [D] [thread 112155] [102.0] [cxt 0] Transmitting packet of size 70 out of port 0
[09:25:06.643] [bmv2] [D] [thread 112150] [103.0] [cxt 0] Processing packet received on port 1
[09:25:06.643] [bmv2] [D] [thread 112150] [103.0] [cxt 0] Parser 'parser': start
[09:25:06.643] [bmv2] [D] [thread 112150] [103.0] [cxt 0] Parser 'parser' entering state 'start'
[09:25:06.643] [bmv2] [D] [thread 112150] [103.0] [cxt 0] Extracting header 'ethernet'
[09:25:06.643] [bmv2] [D] [thread 112150] [103.0] [cxt 0] Parser state 'start': key is 0800
[09:25:06.643] [bmv2] [T] [thread 112150] [103.0] [cxt 0] Bytes parsed: 14
[09:25:06.643] [bmv2] [D] [thread 112150] [103.0] [cxt 0] Parser 'parser' entering state 'parse_ipv4'
[09:25:06.643] [bmv2] [D] [thread 112150] [103.0] [cxt 0] Extracting header 'ipv4'
[09:25:06.643] [bmv2] [D] [thread 112150] [103.0] [cxt 0] Parser state 'parse_ipv4' has no switch, going to default next state
[09:25:06.643] [bmv2] [T] [thread 112150] [103.0] [cxt 0] Bytes parsed: 34
[09:25:06.643] [bmv2] [D] [thread 112150] [103.0] [cxt 0] Parser 'parser': end
[09:25:06.643] [bmv2] [D] [thread 112150] [103.0] [cxt 0] Pipeline 'ingress': start
[09:25:06.643] [bmv2] [T] [thread 112150] [103.0] [cxt 0] switch.p4(116) Condition "hdr.ipv4.isValid()" (node_2) is true
[09:25:06.643] [bmv2] [T] [thread 112150] [103.0] [cxt 0] Applying table 'MyIngress.ipv4_lpm'
[09:25:06.643] [bmv2] [D] [thread 112150] [103.0] [cxt 0] Looking up key:
* hdr.ipv4.dstAddr    : 0a000202

[09:25:06.643] [bmv2] [D] [thread 112150] [103.0] [cxt 0] Table 'MyIngress.ipv4_lpm': hit with handle 1
[09:25:06.643] [bmv2] [D] [thread 112150] [103.0] [cxt 0] Dumping entry 1
Match key:
* hdr.ipv4.dstAddr    : LPM       0a000202/32
Action entry: MyIngress.ipv4_forward - 80000000300,2,

[09:25:06.643] [bmv2] [D] [thread 112150] [103.0] [cxt 0] Action entry is MyIngress.ipv4_forward - 80000000300,2,
[09:25:06.643] [bmv2] [T] [thread 112150] [103.0] [cxt 0] Action MyIngress.ipv4_forward
[09:25:06.643] [bmv2] [T] [thread 112150] [103.0] [cxt 0] switch.p4(96) Primitive standard_metadata.egress_spec = port
[09:25:06.643] [bmv2] [T] [thread 112150] [103.0] [cxt 0] switch.p4(97) Primitive hdr.ethernet.srcAddr = hdr.ethernet.dstAddr
[09:25:06.643] [bmv2] [T] [thread 112150] [103.0] [cxt 0] switch.p4(98) Primitive hdr.ethernet.dstAddr = dstAddr
[09:25:06.643] [bmv2] [T] [thread 112150] [103.0] [cxt 0] switch.p4(99) Primitive hdr.ipv4.ttl = hdr.ipv4.ttl - 1
[09:25:06.643] [bmv2] [D] [thread 112150] [103.0] [cxt 0] Pipeline 'ingress': end
[09:25:06.643] [bmv2] [D] [thread 112150] [103.0] [cxt 0] Egress port is 2
[09:25:06.643] [bmv2] [D] [thread 112153] [103.0] [cxt 0] Pipeline 'egress': start
[09:25:06.643] [bmv2] [D] [thread 112153] [103.0] [cxt 0] Pipeline 'egress': end
[09:25:06.643] [bmv2] [D] [thread 112153] [103.0] [cxt 0] Deparser 'deparser': start
[09:25:06.643] [bmv2] [D] [thread 112153] [103.0] [cxt 0] Updating checksum 'cksum'
[09:25:06.643] [bmv2] [D] [thread 112153] [103.0] [cxt 0] Deparsing header 'ethernet'
[09:25:06.643] [bmv2] [D] [thread 112153] [103.0] [cxt 0] Deparsing header 'ipv4'
[09:25:06.643] [bmv2] [D] [thread 112153] [103.0] [cxt 0] Deparser 'deparser': end
[09:25:06.643] [bmv2] [D] [thread 112155] [103.0] [cxt 0] Transmitting packet of size 48 out of port 2
[09:25:06.648] [bmv2] [D] [thread 112150] [104.0] [cxt 0] Processing packet received on port 2
[09:25:06.648] [bmv2] [D] [thread 112150] [104.0] [cxt 0] Parser 'parser': start
[09:25:06.648] [bmv2] [D] [thread 112150] [104.0] [cxt 0] Parser 'parser' entering state 'start'
[09:25:06.648] [bmv2] [D] [thread 112150] [104.0] [cxt 0] Extracting header 'ethernet'
[09:25:06.648] [bmv2] [D] [thread 112150] [104.0] [cxt 0] Parser state 'start': key is 0800
[09:25:06.648] [bmv2] [T] [thread 112150] [104.0] [cxt 0] Bytes parsed: 14
[09:25:06.648] [bmv2] [D] [thread 112150] [104.0] [cxt 0] Parser 'parser' entering state 'parse_ipv4'
[09:25:06.648] [bmv2] [D] [thread 112150] [104.0] [cxt 0] Extracting header 'ipv4'
[09:25:06.648] [bmv2] [D] [thread 112150] [104.0] [cxt 0] Parser state 'parse_ipv4' has no switch, going to default next state
[09:25:06.648] [bmv2] [T] [thread 112150] [104.0] [cxt 0] Bytes parsed: 34
[09:25:06.648] [bmv2] [D] [thread 112150] [104.0] [cxt 0] Parser 'parser': end
[09:25:06.648] [bmv2] [D] [thread 112150] [104.0] [cxt 0] Pipeline 'ingress': start
[09:25:06.648] [bmv2] [T] [thread 112150] [104.0] [cxt 0] switch.p4(116) Condition "hdr.ipv4.isValid()" (node_2) is true
[09:25:06.648] [bmv2] [T] [thread 112150] [104.0] [cxt 0] Applying table 'MyIngress.ipv4_lpm'
[09:25:06.648] [bmv2] [D] [thread 112150] [104.0] [cxt 0] Looking up key:
* hdr.ipv4.dstAddr    : 0a000101

[09:25:06.648] [bmv2] [D] [thread 112150] [104.0] [cxt 0] Table 'MyIngress.ipv4_lpm': hit with handle 0
[09:25:06.648] [bmv2] [D] [thread 112150] [104.0] [cxt 0] Dumping entry 0
Match key:
* hdr.ipv4.dstAddr    : LPM       0a000101/32
Action entry: MyIngress.ipv4_forward - 80000000100,1,

[09:25:06.648] [bmv2] [D] [thread 112150] [104.0] [cxt 0] Action entry is MyIngress.ipv4_forward - 80000000100,1,
[09:25:06.648] [bmv2] [T] [thread 112150] [104.0] [cxt 0] Action MyIngress.ipv4_forward
[09:25:06.648] [bmv2] [T] [thread 112150] [104.0] [cxt 0] switch.p4(96) Primitive standard_metadata.egress_spec = port
[09:25:06.648] [bmv2] [T] [thread 112150] [104.0] [cxt 0] switch.p4(97) Primitive hdr.ethernet.srcAddr = hdr.ethernet.dstAddr
[09:25:06.648] [bmv2] [T] [thread 112150] [104.0] [cxt 0] switch.p4(98) Primitive hdr.ethernet.dstAddr = dstAddr
[09:25:06.648] [bmv2] [T] [thread 112150] [104.0] [cxt 0] switch.p4(99) Primitive hdr.ipv4.ttl = hdr.ipv4.ttl - 1
[09:25:06.648] [bmv2] [D] [thread 112150] [104.0] [cxt 0] Pipeline 'ingress': end
[09:25:06.648] [bmv2] [D] [thread 112150] [104.0] [cxt 0] Egress port is 1
[09:25:06.648] [bmv2] [D] [thread 112152] [104.0] [cxt 0] Pipeline 'egress': start
[09:25:06.648] [bmv2] [D] [thread 112152] [104.0] [cxt 0] Pipeline 'egress': end
[09:25:06.648] [bmv2] [D] [thread 112152] [104.0] [cxt 0] Deparser 'deparser': start
[09:25:06.648] [bmv2] [D] [thread 112152] [104.0] [cxt 0] Updating checksum 'cksum'
[09:25:06.648] [bmv2] [D] [thread 112152] [104.0] [cxt 0] Deparsing header 'ethernet'
[09:25:06.648] [bmv2] [D] [thread 112152] [104.0] [cxt 0] Deparsing header 'ipv4'
[09:25:06.648] [bmv2] [D] [thread 112152] [104.0] [cxt 0] Deparser 'deparser': end
[09:25:06.648] [bmv2] [D] [thread 112155] [104.0] [cxt 0] Transmitting packet of size 76 out of port 1
[09:25:06.664] [bmv2] [D] [thread 112150] [105.0] [cxt 0] Processing packet received on port 2
[09:25:06.664] [bmv2] [D] [thread 112150] [105.0] [cxt 0] Parser 'parser': start
[09:25:06.664] [bmv2] [D] [thread 112150] [105.0] [cxt 0] Parser 'parser' entering state 'start'
[09:25:06.664] [bmv2] [D] [thread 112150] [105.0] [cxt 0] Extracting header 'ethernet'
[09:25:06.664] [bmv2] [D] [thread 112150] [105.0] [cxt 0] Parser state 'start': key is 0800
[09:25:06.664] [bmv2] [T] [thread 112150] [105.0] [cxt 0] Bytes parsed: 14
[09:25:06.664] [bmv2] [D] [thread 112150] [105.0] [cxt 0] Parser 'parser' entering state 'parse_ipv4'
[09:25:06.664] [bmv2] [D] [thread 112150] [105.0] [cxt 0] Extracting header 'ipv4'
[09:25:06.664] [bmv2] [D] [thread 112150] [105.0] [cxt 0] Parser state 'parse_ipv4' has no switch, going to default next state
[09:25:06.664] [bmv2] [T] [thread 112150] [105.0] [cxt 0] Bytes parsed: 34
[09:25:06.664] [bmv2] [D] [thread 112150] [105.0] [cxt 0] Parser 'parser': end
[09:25:06.664] [bmv2] [D] [thread 112150] [105.0] [cxt 0] Pipeline 'ingress': start
[09:25:06.664] [bmv2] [T] [thread 112150] [105.0] [cxt 0] switch.p4(116) Condition "hdr.ipv4.isValid()" (node_2) is true
[09:25:06.664] [bmv2] [T] [thread 112150] [105.0] [cxt 0] Applying table 'MyIngress.ipv4_lpm'
[09:25:06.664] [bmv2] [D] [thread 112150] [105.0] [cxt 0] Looking up key:
* hdr.ipv4.dstAddr    : 0a000101

[09:25:06.664] [bmv2] [D] [thread 112150] [105.0] [cxt 0] Table 'MyIngress.ipv4_lpm': hit with handle 0
[09:25:06.664] [bmv2] [D] [thread 112150] [105.0] [cxt 0] Dumping entry 0
Match key:
* hdr.ipv4.dstAddr    : LPM       0a000101/32
Action entry: MyIngress.ipv4_forward - 80000000100,1,

[09:25:06.664] [bmv2] [D] [thread 112150] [105.0] [cxt 0] Action entry is MyIngress.ipv4_forward - 80000000100,1,
[09:25:06.664] [bmv2] [T] [thread 112150] [105.0] [cxt 0] Action MyIngress.ipv4_forward
[09:25:06.664] [bmv2] [T] [thread 112150] [105.0] [cxt 0] switch.p4(96) Primitive standard_metadata.egress_spec = port
[09:25:06.664] [bmv2] [T] [thread 112150] [105.0] [cxt 0] switch.p4(97) Primitive hdr.ethernet.srcAddr = hdr.ethernet.dstAddr
[09:25:06.664] [bmv2] [T] [thread 112150] [105.0] [cxt 0] switch.p4(98) Primitive hdr.ethernet.dstAddr = dstAddr
[09:25:06.664] [bmv2] [T] [thread 112150] [105.0] [cxt 0] switch.p4(99) Primitive hdr.ipv4.ttl = hdr.ipv4.ttl - 1
[09:25:06.664] [bmv2] [D] [thread 112150] [105.0] [cxt 0] Pipeline 'ingress': end
[09:25:06.664] [bmv2] [D] [thread 112150] [105.0] [cxt 0] Egress port is 1
[09:25:06.664] [bmv2] [D] [thread 112152] [105.0] [cxt 0] Pipeline 'egress': start
[09:25:06.664] [bmv2] [D] [thread 112152] [105.0] [cxt 0] Pipeline 'egress': end
[09:25:06.664] [bmv2] [D] [thread 112152] [105.0] [cxt 0] Deparser 'deparser': start
[09:25:06.664] [bmv2] [D] [thread 112152] [105.0] [cxt 0] Updating checksum 'cksum'
[09:25:06.664] [bmv2] [D] [thread 112152] [105.0] [cxt 0] Deparsing header 'ethernet'
[09:25:06.664] [bmv2] [D] [thread 112152] [105.0] [cxt 0] Deparsing header 'ipv4'
[09:25:06.664] [bmv2] [D] [thread 112152] [105.0] [cxt 0] Deparser 'deparser': end
[09:25:06.664] [bmv2] [D] [thread 112155] [105.0] [cxt 0] Transmitting packet of size 308 out of port 1
[09:25:06.669] [bmv2] [D] [thread 112150] [106.0] [cxt 0] Processing packet received on port 1
[09:25:06.669] [bmv2] [D] [thread 112150] [106.0] [cxt 0] Parser 'parser': start
[09:25:06.669] [bmv2] [D] [thread 112150] [106.0] [cxt 0] Parser 'parser' entering state 'start'
[09:25:06.669] [bmv2] [D] [thread 112150] [106.0] [cxt 0] Extracting header 'ethernet'
[09:25:06.669] [bmv2] [D] [thread 112150] [106.0] [cxt 0] Parser state 'start': key is 0800
[09:25:06.669] [bmv2] [T] [thread 112150] [106.0] [cxt 0] Bytes parsed: 14
[09:25:06.669] [bmv2] [D] [thread 112150] [106.0] [cxt 0] Parser 'parser' entering state 'parse_ipv4'
[09:25:06.669] [bmv2] [D] [thread 112150] [106.0] [cxt 0] Extracting header 'ipv4'
[09:25:06.669] [bmv2] [D] [thread 112150] [106.0] [cxt 0] Parser state 'parse_ipv4' has no switch, going to default next state
[09:25:06.669] [bmv2] [T] [thread 112150] [106.0] [cxt 0] Bytes parsed: 34
[09:25:06.669] [bmv2] [D] [thread 112150] [106.0] [cxt 0] Parser 'parser': end
[09:25:06.669] [bmv2] [D] [thread 112150] [106.0] [cxt 0] Pipeline 'ingress': start
[09:25:06.669] [bmv2] [T] [thread 112150] [106.0] [cxt 0] switch.p4(116) Condition "hdr.ipv4.isValid()" (node_2) is true
[09:25:06.669] [bmv2] [T] [thread 112150] [106.0] [cxt 0] Applying table 'MyIngress.ipv4_lpm'
[09:25:06.669] [bmv2] [D] [thread 112150] [106.0] [cxt 0] Looking up key:
* hdr.ipv4.dstAddr    : 0a000202

[09:25:06.669] [bmv2] [D] [thread 112150] [106.0] [cxt 0] Table 'MyIngress.ipv4_lpm': hit with handle 1
[09:25:06.669] [bmv2] [D] [thread 112150] [106.0] [cxt 0] Dumping entry 1
Match key:
* hdr.ipv4.dstAddr    : LPM       0a000202/32
Action entry: MyIngress.ipv4_forward - 80000000300,2,

[09:25:06.669] [bmv2] [D] [thread 112150] [106.0] [cxt 0] Action entry is MyIngress.ipv4_forward - 80000000300,2,
[09:25:06.669] [bmv2] [T] [thread 112150] [106.0] [cxt 0] Action MyIngress.ipv4_forward
[09:25:06.669] [bmv2] [T] [thread 112150] [106.0] [cxt 0] switch.p4(96) Primitive standard_metadata.egress_spec = port
[09:25:06.669] [bmv2] [T] [thread 112150] [106.0] [cxt 0] switch.p4(97) Primitive hdr.ethernet.srcAddr = hdr.ethernet.dstAddr
[09:25:06.669] [bmv2] [T] [thread 112150] [106.0] [cxt 0] switch.p4(98) Primitive hdr.ethernet.dstAddr = dstAddr
[09:25:06.669] [bmv2] [T] [thread 112150] [106.0] [cxt 0] switch.p4(99) Primitive hdr.ipv4.ttl = hdr.ipv4.ttl - 1
[09:25:06.669] [bmv2] [D] [thread 112150] [106.0] [cxt 0] Pipeline 'ingress': end
[09:25:06.669] [bmv2] [D] [thread 112150] [106.0] [cxt 0] Egress port is 2
[09:25:06.669] [bmv2] [D] [thread 112153] [106.0] [cxt 0] Pipeline 'egress': start
[09:25:06.669] [bmv2] [D] [thread 112153] [106.0] [cxt 0] Pipeline 'egress': end
[09:25:06.669] [bmv2] [D] [thread 112153] [106.0] [cxt 0] Deparser 'deparser': start
[09:25:06.669] [bmv2] [D] [thread 112153] [106.0] [cxt 0] Updating checksum 'cksum'
[09:25:06.669] [bmv2] [D] [thread 112153] [106.0] [cxt 0] Deparsing header 'ethernet'
[09:25:06.669] [bmv2] [D] [thread 112153] [106.0] [cxt 0] Deparsing header 'ipv4'
[09:25:06.669] [bmv2] [D] [thread 112153] [106.0] [cxt 0] Deparser 'deparser': end
[09:25:06.669] [bmv2] [D] [thread 112155] [106.0] [cxt 0] Transmitting packet of size 336 out of port 2
[09:25:07.021] [bmv2] [D] [thread 112150] [107.0] [cxt 0] Processing packet received on port 1
[09:25:07.021] [bmv2] [D] [thread 112150] [107.0] [cxt 0] Parser 'parser': start
[09:25:07.021] [bmv2] [D] [thread 112150] [107.0] [cxt 0] Parser 'parser' entering state 'start'
[09:25:07.021] [bmv2] [D] [thread 112150] [107.0] [cxt 0] Extracting header 'ethernet'
[09:25:07.021] [bmv2] [D] [thread 112150] [107.0] [cxt 0] Parser state 'start': key is 86dd
[09:25:07.021] [bmv2] [T] [thread 112150] [107.0] [cxt 0] Bytes parsed: 14
[09:25:07.021] [bmv2] [D] [thread 112150] [107.0] [cxt 0] Parser 'parser': end
[09:25:07.021] [bmv2] [D] [thread 112150] [107.0] [cxt 0] Pipeline 'ingress': start
[09:25:07.021] [bmv2] [T] [thread 112150] [107.0] [cxt 0] switch.p4(116) Condition "hdr.ipv4.isValid()" (node_2) is false
[09:25:07.021] [bmv2] [D] [thread 112150] [107.0] [cxt 0] Pipeline 'ingress': end
[09:25:07.021] [bmv2] [D] [thread 112150] [107.0] [cxt 0] Egress port is 0
[09:25:07.021] [bmv2] [D] [thread 112151] [107.0] [cxt 0] Pipeline 'egress': start
[09:25:07.021] [bmv2] [D] [thread 112151] [107.0] [cxt 0] Pipeline 'egress': end
[09:25:07.021] [bmv2] [D] [thread 112151] [107.0] [cxt 0] Deparser 'deparser': start
[09:25:07.021] [bmv2] [T] [thread 112151] [107.0] [cxt 0] Skipping checksum 'cksum' update because condition not met
[09:25:07.021] [bmv2] [D] [thread 112151] [107.0] [cxt 0] Deparsing header 'ethernet'
[09:25:07.021] [bmv2] [D] [thread 112151] [107.0] [cxt 0] Deparser 'deparser': end
[09:25:07.022] [bmv2] [D] [thread 112155] [107.0] [cxt 0] Transmitting packet of size 203 out of port 0
[09:25:07.367] [bmv2] [D] [thread 112150] [108.0] [cxt 0] Processing packet received on port 2
[09:25:07.367] [bmv2] [D] [thread 112150] [108.0] [cxt 0] Parser 'parser': start
[09:25:07.367] [bmv2] [D] [thread 112150] [108.0] [cxt 0] Parser 'parser' entering state 'start'
[09:25:07.367] [bmv2] [D] [thread 112150] [108.0] [cxt 0] Extracting header 'ethernet'
[09:25:07.367] [bmv2] [D] [thread 112150] [108.0] [cxt 0] Parser state 'start': key is 86dd
[09:25:07.367] [bmv2] [T] [thread 112150] [108.0] [cxt 0] Bytes parsed: 14
[09:25:07.367] [bmv2] [D] [thread 112150] [108.0] [cxt 0] Parser 'parser': end
[09:25:07.367] [bmv2] [D] [thread 112150] [108.0] [cxt 0] Pipeline 'ingress': start
[09:25:07.367] [bmv2] [T] [thread 112150] [108.0] [cxt 0] switch.p4(116) Condition "hdr.ipv4.isValid()" (node_2) is false
[09:25:07.367] [bmv2] [D] [thread 112150] [108.0] [cxt 0] Pipeline 'ingress': end
[09:25:07.367] [bmv2] [D] [thread 112150] [108.0] [cxt 0] Egress port is 0
[09:25:07.367] [bmv2] [D] [thread 112151] [108.0] [cxt 0] Pipeline 'egress': start
[09:25:07.367] [bmv2] [D] [thread 112151] [108.0] [cxt 0] Pipeline 'egress': end
[09:25:07.367] [bmv2] [D] [thread 112151] [108.0] [cxt 0] Deparser 'deparser': start
[09:25:07.367] [bmv2] [T] [thread 112151] [108.0] [cxt 0] Skipping checksum 'cksum' update because condition not met
[09:25:07.367] [bmv2] [D] [thread 112151] [108.0] [cxt 0] Deparsing header 'ethernet'
[09:25:07.367] [bmv2] [D] [thread 112151] [108.0] [cxt 0] Deparser 'deparser': end
[09:25:07.367] [bmv2] [D] [thread 112155] [108.0] [cxt 0] Transmitting packet of size 203 out of port 0
[09:25:07.766] [bmv2] [D] [thread 112150] [109.0] [cxt 0] Processing packet received on port 1
[09:25:07.766] [bmv2] [D] [thread 112150] [109.0] [cxt 0] Parser 'parser': start
[09:25:07.766] [bmv2] [D] [thread 112150] [109.0] [cxt 0] Parser 'parser' entering state 'start'
[09:25:07.766] [bmv2] [D] [thread 112150] [109.0] [cxt 0] Extracting header 'ethernet'
[09:25:07.766] [bmv2] [D] [thread 112150] [109.0] [cxt 0] Parser state 'start': key is 0800
[09:25:07.766] [bmv2] [T] [thread 112150] [109.0] [cxt 0] Bytes parsed: 14
[09:25:07.766] [bmv2] [D] [thread 112150] [109.0] [cxt 0] Parser 'parser' entering state 'parse_ipv4'
[09:25:07.766] [bmv2] [D] [thread 112150] [109.0] [cxt 0] Extracting header 'ipv4'
[09:25:07.766] [bmv2] [D] [thread 112150] [109.0] [cxt 0] Parser state 'parse_ipv4' has no switch, going to default next state
[09:25:07.766] [bmv2] [T] [thread 112150] [109.0] [cxt 0] Bytes parsed: 34
[09:25:07.766] [bmv2] [D] [thread 112150] [109.0] [cxt 0] Parser 'parser': end
[09:25:07.766] [bmv2] [D] [thread 112150] [109.0] [cxt 0] Pipeline 'ingress': start
[09:25:07.766] [bmv2] [T] [thread 112150] [109.0] [cxt 0] switch.p4(116) Condition "hdr.ipv4.isValid()" (node_2) is true
[09:25:07.766] [bmv2] [T] [thread 112150] [109.0] [cxt 0] Applying table 'MyIngress.ipv4_lpm'
[09:25:07.766] [bmv2] [D] [thread 112150] [109.0] [cxt 0] Looking up key:
* hdr.ipv4.dstAddr    : 0a000202

[09:25:07.766] [bmv2] [D] [thread 112150] [109.0] [cxt 0] Table 'MyIngress.ipv4_lpm': hit with handle 1
[09:25:07.766] [bmv2] [D] [thread 112150] [109.0] [cxt 0] Dumping entry 1
Match key:
* hdr.ipv4.dstAddr    : LPM       0a000202/32
Action entry: MyIngress.ipv4_forward - 80000000300,2,

[09:25:07.766] [bmv2] [D] [thread 112150] [109.0] [cxt 0] Action entry is MyIngress.ipv4_forward - 80000000300,2,
[09:25:07.766] [bmv2] [T] [thread 112150] [109.0] [cxt 0] Action MyIngress.ipv4_forward
[09:25:07.766] [bmv2] [T] [thread 112150] [109.0] [cxt 0] switch.p4(96) Primitive standard_metadata.egress_spec = port
[09:25:07.766] [bmv2] [T] [thread 112150] [109.0] [cxt 0] switch.p4(97) Primitive hdr.ethernet.srcAddr = hdr.ethernet.dstAddr
[09:25:07.766] [bmv2] [T] [thread 112150] [109.0] [cxt 0] switch.p4(98) Primitive hdr.ethernet.dstAddr = dstAddr
[09:25:07.766] [bmv2] [T] [thread 112150] [109.0] [cxt 0] switch.p4(99) Primitive hdr.ipv4.ttl = hdr.ipv4.ttl - 1
[09:25:07.766] [bmv2] [D] [thread 112150] [109.0] [cxt 0] Pipeline 'ingress': end
[09:25:07.766] [bmv2] [D] [thread 112150] [109.0] [cxt 0] Egress port is 2
[09:25:07.766] [bmv2] [D] [thread 112153] [109.0] [cxt 0] Pipeline 'egress': start
[09:25:07.766] [bmv2] [D] [thread 112153] [109.0] [cxt 0] Pipeline 'egress': end
[09:25:07.766] [bmv2] [D] [thread 112153] [109.0] [cxt 0] Deparser 'deparser': start
[09:25:07.766] [bmv2] [D] [thread 112153] [109.0] [cxt 0] Updating checksum 'cksum'
[09:25:07.766] [bmv2] [D] [thread 112153] [109.0] [cxt 0] Deparsing header 'ethernet'
[09:25:07.766] [bmv2] [D] [thread 112153] [109.0] [cxt 0] Deparsing header 'ipv4'
[09:25:07.766] [bmv2] [D] [thread 112153] [109.0] [cxt 0] Deparser 'deparser': end
[09:25:07.766] [bmv2] [D] [thread 112155] [109.0] [cxt 0] Transmitting packet of size 48 out of port 2
[09:25:07.771] [bmv2] [D] [thread 112150] [110.0] [cxt 0] Processing packet received on port 2
[09:25:07.771] [bmv2] [D] [thread 112150] [110.0] [cxt 0] Parser 'parser': start
[09:25:07.771] [bmv2] [D] [thread 112150] [110.0] [cxt 0] Parser 'parser' entering state 'start'
[09:25:07.771] [bmv2] [D] [thread 112150] [110.0] [cxt 0] Extracting header 'ethernet'
[09:25:07.771] [bmv2] [D] [thread 112150] [110.0] [cxt 0] Parser state 'start': key is 0800
[09:25:07.771] [bmv2] [T] [thread 112150] [110.0] [cxt 0] Bytes parsed: 14
[09:25:07.771] [bmv2] [D] [thread 112150] [110.0] [cxt 0] Parser 'parser' entering state 'parse_ipv4'
[09:25:07.771] [bmv2] [D] [thread 112150] [110.0] [cxt 0] Extracting header 'ipv4'
[09:25:07.771] [bmv2] [D] [thread 112150] [110.0] [cxt 0] Parser state 'parse_ipv4' has no switch, going to default next state
[09:25:07.771] [bmv2] [T] [thread 112150] [110.0] [cxt 0] Bytes parsed: 34
[09:25:07.771] [bmv2] [D] [thread 112150] [110.0] [cxt 0] Parser 'parser': end
[09:25:07.771] [bmv2] [D] [thread 112150] [110.0] [cxt 0] Pipeline 'ingress': start
[09:25:07.771] [bmv2] [T] [thread 112150] [110.0] [cxt 0] switch.p4(116) Condition "hdr.ipv4.isValid()" (node_2) is true
[09:25:07.771] [bmv2] [T] [thread 112150] [110.0] [cxt 0] Applying table 'MyIngress.ipv4_lpm'
[09:25:07.771] [bmv2] [D] [thread 112150] [110.0] [cxt 0] Looking up key:
* hdr.ipv4.dstAddr    : 0a000101

[09:25:07.771] [bmv2] [D] [thread 112150] [110.0] [cxt 0] Table 'MyIngress.ipv4_lpm': hit with handle 0
[09:25:07.771] [bmv2] [D] [thread 112150] [110.0] [cxt 0] Dumping entry 0
Match key:
* hdr.ipv4.dstAddr    : LPM       0a000101/32
Action entry: MyIngress.ipv4_forward - 80000000100,1,

[09:25:07.771] [bmv2] [D] [thread 112150] [110.0] [cxt 0] Action entry is MyIngress.ipv4_forward - 80000000100,1,
[09:25:07.771] [bmv2] [T] [thread 112150] [110.0] [cxt 0] Action MyIngress.ipv4_forward
[09:25:07.771] [bmv2] [T] [thread 112150] [110.0] [cxt 0] switch.p4(96) Primitive standard_metadata.egress_spec = port
[09:25:07.771] [bmv2] [T] [thread 112150] [110.0] [cxt 0] switch.p4(97) Primitive hdr.ethernet.srcAddr = hdr.ethernet.dstAddr
[09:25:07.771] [bmv2] [T] [thread 112150] [110.0] [cxt 0] switch.p4(98) Primitive hdr.ethernet.dstAddr = dstAddr
[09:25:07.771] [bmv2] [T] [thread 112150] [110.0] [cxt 0] switch.p4(99) Primitive hdr.ipv4.ttl = hdr.ipv4.ttl - 1
[09:25:07.771] [bmv2] [D] [thread 112150] [110.0] [cxt 0] Pipeline 'ingress': end
[09:25:07.771] [bmv2] [D] [thread 112150] [110.0] [cxt 0] Egress port is 1
[09:25:07.771] [bmv2] [D] [thread 112152] [110.0] [cxt 0] Pipeline 'egress': start
[09:25:07.771] [bmv2] [D] [thread 112152] [110.0] [cxt 0] Pipeline 'egress': end
[09:25:07.771] [bmv2] [D] [thread 112152] [110.0] [cxt 0] Deparser 'deparser': start
[09:25:07.771] [bmv2] [D] [thread 112152] [110.0] [cxt 0] Updating checksum 'cksum'
[09:25:07.771] [bmv2] [D] [thread 112152] [110.0] [cxt 0] Deparsing header 'ethernet'
[09:25:07.771] [bmv2] [D] [thread 112152] [110.0] [cxt 0] Deparsing header 'ipv4'
[09:25:07.771] [bmv2] [D] [thread 112152] [110.0] [cxt 0] Deparser 'deparser': end
[09:25:07.771] [bmv2] [D] [thread 112155] [110.0] [cxt 0] Transmitting packet of size 76 out of port 1
[09:25:07.788] [bmv2] [D] [thread 112150] [111.0] [cxt 0] Processing packet received on port 2
[09:25:07.788] [bmv2] [D] [thread 112150] [111.0] [cxt 0] Parser 'parser': start
[09:25:07.788] [bmv2] [D] [thread 112150] [111.0] [cxt 0] Parser 'parser' entering state 'start'
[09:25:07.788] [bmv2] [D] [thread 112150] [111.0] [cxt 0] Extracting header 'ethernet'
[09:25:07.788] [bmv2] [D] [thread 112150] [111.0] [cxt 0] Parser state 'start': key is 0800
[09:25:07.788] [bmv2] [T] [thread 112150] [111.0] [cxt 0] Bytes parsed: 14
[09:25:07.788] [bmv2] [D] [thread 112150] [111.0] [cxt 0] Parser 'parser' entering state 'parse_ipv4'
[09:25:07.788] [bmv2] [D] [thread 112150] [111.0] [cxt 0] Extracting header 'ipv4'
[09:25:07.788] [bmv2] [D] [thread 112150] [111.0] [cxt 0] Parser state 'parse_ipv4' has no switch, going to default next state
[09:25:07.788] [bmv2] [T] [thread 112150] [111.0] [cxt 0] Bytes parsed: 34
[09:25:07.788] [bmv2] [D] [thread 112150] [111.0] [cxt 0] Parser 'parser': end
[09:25:07.788] [bmv2] [D] [thread 112150] [111.0] [cxt 0] Pipeline 'ingress': start
[09:25:07.788] [bmv2] [T] [thread 112150] [111.0] [cxt 0] switch.p4(116) Condition "hdr.ipv4.isValid()" (node_2) is true
[09:25:07.788] [bmv2] [T] [thread 112150] [111.0] [cxt 0] Applying table 'MyIngress.ipv4_lpm'
[09:25:07.788] [bmv2] [D] [thread 112150] [111.0] [cxt 0] Looking up key:
* hdr.ipv4.dstAddr    : 0a000101

[09:25:07.788] [bmv2] [D] [thread 112150] [111.0] [cxt 0] Table 'MyIngress.ipv4_lpm': hit with handle 0
[09:25:07.788] [bmv2] [D] [thread 112150] [111.0] [cxt 0] Dumping entry 0
Match key:
* hdr.ipv4.dstAddr    : LPM       0a000101/32
Action entry: MyIngress.ipv4_forward - 80000000100,1,

[09:25:07.788] [bmv2] [D] [thread 112150] [111.0] [cxt 0] Action entry is MyIngress.ipv4_forward - 80000000100,1,
[09:25:07.788] [bmv2] [T] [thread 112150] [111.0] [cxt 0] Action MyIngress.ipv4_forward
[09:25:07.788] [bmv2] [T] [thread 112150] [111.0] [cxt 0] switch.p4(96) Primitive standard_metadata.egress_spec = port
[09:25:07.788] [bmv2] [T] [thread 112150] [111.0] [cxt 0] switch.p4(97) Primitive hdr.ethernet.srcAddr = hdr.ethernet.dstAddr
[09:25:07.788] [bmv2] [T] [thread 112150] [111.0] [cxt 0] switch.p4(98) Primitive hdr.ethernet.dstAddr = dstAddr
[09:25:07.788] [bmv2] [T] [thread 112150] [111.0] [cxt 0] switch.p4(99) Primitive hdr.ipv4.ttl = hdr.ipv4.ttl - 1
[09:25:07.788] [bmv2] [D] [thread 112150] [111.0] [cxt 0] Pipeline 'ingress': end
[09:25:07.788] [bmv2] [D] [thread 112150] [111.0] [cxt 0] Egress port is 1
[09:25:07.789] [bmv2] [D] [thread 112152] [111.0] [cxt 0] Pipeline 'egress': start
[09:25:07.789] [bmv2] [D] [thread 112152] [111.0] [cxt 0] Pipeline 'egress': end
[09:25:07.789] [bmv2] [D] [thread 112152] [111.0] [cxt 0] Deparser 'deparser': start
[09:25:07.789] [bmv2] [D] [thread 112152] [111.0] [cxt 0] Updating checksum 'cksum'
[09:25:07.789] [bmv2] [D] [thread 112152] [111.0] [cxt 0] Deparsing header 'ethernet'
[09:25:07.789] [bmv2] [D] [thread 112152] [111.0] [cxt 0] Deparsing header 'ipv4'
[09:25:07.789] [bmv2] [D] [thread 112152] [111.0] [cxt 0] Deparser 'deparser': end
[09:25:07.789] [bmv2] [D] [thread 112155] [111.0] [cxt 0] Transmitting packet of size 308 out of port 1
[09:25:07.792] [bmv2] [D] [thread 112150] [112.0] [cxt 0] Processing packet received on port 1
[09:25:07.792] [bmv2] [D] [thread 112150] [112.0] [cxt 0] Parser 'parser': start
[09:25:07.792] [bmv2] [D] [thread 112150] [112.0] [cxt 0] Parser 'parser' entering state 'start'
[09:25:07.792] [bmv2] [D] [thread 112150] [112.0] [cxt 0] Extracting header 'ethernet'
[09:25:07.792] [bmv2] [D] [thread 112150] [112.0] [cxt 0] Parser state 'start': key is 0800
[09:25:07.792] [bmv2] [T] [thread 112150] [112.0] [cxt 0] Bytes parsed: 14
[09:25:07.792] [bmv2] [D] [thread 112150] [112.0] [cxt 0] Parser 'parser' entering state 'parse_ipv4'
[09:25:07.792] [bmv2] [D] [thread 112150] [112.0] [cxt 0] Extracting header 'ipv4'
[09:25:07.792] [bmv2] [D] [thread 112150] [112.0] [cxt 0] Parser state 'parse_ipv4' has no switch, going to default next state
[09:25:07.792] [bmv2] [T] [thread 112150] [112.0] [cxt 0] Bytes parsed: 34
[09:25:07.792] [bmv2] [D] [thread 112150] [112.0] [cxt 0] Parser 'parser': end
[09:25:07.792] [bmv2] [D] [thread 112150] [112.0] [cxt 0] Pipeline 'ingress': start
[09:25:07.792] [bmv2] [T] [thread 112150] [112.0] [cxt 0] switch.p4(116) Condition "hdr.ipv4.isValid()" (node_2) is true
[09:25:07.792] [bmv2] [T] [thread 112150] [112.0] [cxt 0] Applying table 'MyIngress.ipv4_lpm'
[09:25:07.792] [bmv2] [D] [thread 112150] [112.0] [cxt 0] Looking up key:
* hdr.ipv4.dstAddr    : 0a000202

[09:25:07.792] [bmv2] [D] [thread 112150] [112.0] [cxt 0] Table 'MyIngress.ipv4_lpm': hit with handle 1
[09:25:07.792] [bmv2] [D] [thread 112150] [112.0] [cxt 0] Dumping entry 1
Match key:
* hdr.ipv4.dstAddr    : LPM       0a000202/32
Action entry: MyIngress.ipv4_forward - 80000000300,2,

[09:25:07.792] [bmv2] [D] [thread 112150] [112.0] [cxt 0] Action entry is MyIngress.ipv4_forward - 80000000300,2,
[09:25:07.792] [bmv2] [T] [thread 112150] [112.0] [cxt 0] Action MyIngress.ipv4_forward
[09:25:07.792] [bmv2] [T] [thread 112150] [112.0] [cxt 0] switch.p4(96) Primitive standard_metadata.egress_spec = port
[09:25:07.792] [bmv2] [T] [thread 112150] [112.0] [cxt 0] switch.p4(97) Primitive hdr.ethernet.srcAddr = hdr.ethernet.dstAddr
[09:25:07.792] [bmv2] [T] [thread 112150] [112.0] [cxt 0] switch.p4(98) Primitive hdr.ethernet.dstAddr = dstAddr
[09:25:07.792] [bmv2] [T] [thread 112150] [112.0] [cxt 0] switch.p4(99) Primitive hdr.ipv4.ttl = hdr.ipv4.ttl - 1
[09:25:07.792] [bmv2] [D] [thread 112150] [112.0] [cxt 0] Pipeline 'ingress': end
[09:25:07.792] [bmv2] [D] [thread 112150] [112.0] [cxt 0] Egress port is 2
[09:25:07.792] [bmv2] [D] [thread 112153] [112.0] [cxt 0] Pipeline 'egress': start
[09:25:07.793] [bmv2] [D] [thread 112153] [112.0] [cxt 0] Pipeline 'egress': end
[09:25:07.793] [bmv2] [D] [thread 112153] [112.0] [cxt 0] Deparser 'deparser': start
[09:25:07.793] [bmv2] [D] [thread 112153] [112.0] [cxt 0] Updating checksum 'cksum'
[09:25:07.793] [bmv2] [D] [thread 112153] [112.0] [cxt 0] Deparsing header 'ethernet'
[09:25:07.793] [bmv2] [D] [thread 112153] [112.0] [cxt 0] Deparsing header 'ipv4'
[09:25:07.793] [bmv2] [D] [thread 112153] [112.0] [cxt 0] Deparser 'deparser': end
[09:25:07.793] [bmv2] [D] [thread 112155] [112.0] [cxt 0] Transmitting packet of size 336 out of port 2
[09:25:08.728] [bmv2] [D] [thread 112150] [113.0] [cxt 0] Processing packet received on port 1
[09:25:08.728] [bmv2] [D] [thread 112150] [113.0] [cxt 0] Parser 'parser': start
[09:25:08.728] [bmv2] [D] [thread 112150] [113.0] [cxt 0] Parser 'parser' entering state 'start'
[09:25:08.728] [bmv2] [D] [thread 112150] [113.0] [cxt 0] Extracting header 'ethernet'
[09:25:08.728] [bmv2] [D] [thread 112150] [113.0] [cxt 0] Parser state 'start': key is 0800
[09:25:08.728] [bmv2] [T] [thread 112150] [113.0] [cxt 0] Bytes parsed: 14
[09:25:08.728] [bmv2] [D] [thread 112150] [113.0] [cxt 0] Parser 'parser' entering state 'parse_ipv4'
[09:25:08.728] [bmv2] [D] [thread 112150] [113.0] [cxt 0] Extracting header 'ipv4'
[09:25:08.728] [bmv2] [D] [thread 112150] [113.0] [cxt 0] Parser state 'parse_ipv4' has no switch, going to default next state
[09:25:08.728] [bmv2] [T] [thread 112150] [113.0] [cxt 0] Bytes parsed: 34
[09:25:08.728] [bmv2] [D] [thread 112150] [113.0] [cxt 0] Parser 'parser': end
[09:25:08.728] [bmv2] [D] [thread 112150] [113.0] [cxt 0] Pipeline 'ingress': start
[09:25:08.728] [bmv2] [T] [thread 112150] [113.0] [cxt 0] switch.p4(116) Condition "hdr.ipv4.isValid()" (node_2) is true
[09:25:08.728] [bmv2] [T] [thread 112150] [113.0] [cxt 0] Applying table 'MyIngress.ipv4_lpm'
[09:25:08.728] [bmv2] [D] [thread 112150] [113.0] [cxt 0] Looking up key:
* hdr.ipv4.dstAddr    : 0a000202

[09:25:08.728] [bmv2] [D] [thread 112150] [113.0] [cxt 0] Table 'MyIngress.ipv4_lpm': hit with handle 1
[09:25:08.728] [bmv2] [D] [thread 112150] [113.0] [cxt 0] Dumping entry 1
Match key:
* hdr.ipv4.dstAddr    : LPM       0a000202/32
Action entry: MyIngress.ipv4_forward - 80000000300,2,

[09:25:08.728] [bmv2] [D] [thread 112150] [113.0] [cxt 0] Action entry is MyIngress.ipv4_forward - 80000000300,2,
[09:25:08.728] [bmv2] [T] [thread 112150] [113.0] [cxt 0] Action MyIngress.ipv4_forward
[09:25:08.728] [bmv2] [T] [thread 112150] [113.0] [cxt 0] switch.p4(96) Primitive standard_metadata.egress_spec = port
[09:25:08.728] [bmv2] [T] [thread 112150] [113.0] [cxt 0] switch.p4(97) Primitive hdr.ethernet.srcAddr = hdr.ethernet.dstAddr
[09:25:08.728] [bmv2] [T] [thread 112150] [113.0] [cxt 0] switch.p4(98) Primitive hdr.ethernet.dstAddr = dstAddr
[09:25:08.728] [bmv2] [T] [thread 112150] [113.0] [cxt 0] switch.p4(99) Primitive hdr.ipv4.ttl = hdr.ipv4.ttl - 1
[09:25:08.728] [bmv2] [D] [thread 112150] [113.0] [cxt 0] Pipeline 'ingress': end
[09:25:08.733] [bmv2] [D] [thread 112150] [113.0] [cxt 0] Egress port is 2
[09:25:08.733] [bmv2] [D] [thread 112153] [113.0] [cxt 0] Pipeline 'egress': start
[09:25:08.733] [bmv2] [D] [thread 112153] [113.0] [cxt 0] Pipeline 'egress': end
[09:25:08.733] [bmv2] [D] [thread 112153] [113.0] [cxt 0] Deparser 'deparser': start
[09:25:08.733] [bmv2] [D] [thread 112153] [113.0] [cxt 0] Updating checksum 'cksum'
[09:25:08.733] [bmv2] [D] [thread 112153] [113.0] [cxt 0] Deparsing header 'ethernet'
[09:25:08.733] [bmv2] [D] [thread 112153] [113.0] [cxt 0] Deparsing header 'ipv4'
[09:25:08.733] [bmv2] [D] [thread 112153] [113.0] [cxt 0] Deparser 'deparser': end
[09:25:08.733] [bmv2] [D] [thread 112155] [113.0] [cxt 0] Transmitting packet of size 48 out of port 2
[09:25:08.738] [bmv2] [D] [thread 112150] [114.0] [cxt 0] Processing packet received on port 2
[09:25:08.738] [bmv2] [D] [thread 112150] [114.0] [cxt 0] Parser 'parser': start
[09:25:08.738] [bmv2] [D] [thread 112150] [114.0] [cxt 0] Parser 'parser' entering state 'start'
[09:25:08.738] [bmv2] [D] [thread 112150] [114.0] [cxt 0] Extracting header 'ethernet'
[09:25:08.738] [bmv2] [D] [thread 112150] [114.0] [cxt 0] Parser state 'start': key is 0800
[09:25:08.738] [bmv2] [T] [thread 112150] [114.0] [cxt 0] Bytes parsed: 14
[09:25:08.738] [bmv2] [D] [thread 112150] [114.0] [cxt 0] Parser 'parser' entering state 'parse_ipv4'
[09:25:08.738] [bmv2] [D] [thread 112150] [114.0] [cxt 0] Extracting header 'ipv4'
[09:25:08.738] [bmv2] [D] [thread 112150] [114.0] [cxt 0] Parser state 'parse_ipv4' has no switch, going to default next state
[09:25:08.738] [bmv2] [T] [thread 112150] [114.0] [cxt 0] Bytes parsed: 34
[09:25:08.738] [bmv2] [D] [thread 112150] [114.0] [cxt 0] Parser 'parser': end
[09:25:08.738] [bmv2] [D] [thread 112150] [114.0] [cxt 0] Pipeline 'ingress': start
[09:25:08.738] [bmv2] [T] [thread 112150] [114.0] [cxt 0] switch.p4(116) Condition "hdr.ipv4.isValid()" (node_2) is true
[09:25:08.738] [bmv2] [T] [thread 112150] [114.0] [cxt 0] Applying table 'MyIngress.ipv4_lpm'
[09:25:08.738] [bmv2] [D] [thread 112150] [114.0] [cxt 0] Looking up key:
* hdr.ipv4.dstAddr    : 0a000101

[09:25:08.738] [bmv2] [D] [thread 112150] [114.0] [cxt 0] Table 'MyIngress.ipv4_lpm': hit with handle 0
[09:25:08.738] [bmv2] [D] [thread 112150] [114.0] [cxt 0] Dumping entry 0
Match key:
* hdr.ipv4.dstAddr    : LPM       0a000101/32
Action entry: MyIngress.ipv4_forward - 80000000100,1,

[09:25:08.738] [bmv2] [D] [thread 112150] [114.0] [cxt 0] Action entry is MyIngress.ipv4_forward - 80000000100,1,
[09:25:08.738] [bmv2] [T] [thread 112150] [114.0] [cxt 0] Action MyIngress.ipv4_forward
[09:25:08.738] [bmv2] [T] [thread 112150] [114.0] [cxt 0] switch.p4(96) Primitive standard_metadata.egress_spec = port
[09:25:08.738] [bmv2] [T] [thread 112150] [114.0] [cxt 0] switch.p4(97) Primitive hdr.ethernet.srcAddr = hdr.ethernet.dstAddr
[09:25:08.738] [bmv2] [T] [thread 112150] [114.0] [cxt 0] switch.p4(98) Primitive hdr.ethernet.dstAddr = dstAddr
[09:25:08.738] [bmv2] [T] [thread 112150] [114.0] [cxt 0] switch.p4(99) Primitive hdr.ipv4.ttl = hdr.ipv4.ttl - 1
[09:25:08.738] [bmv2] [D] [thread 112150] [114.0] [cxt 0] Pipeline 'ingress': end
[09:25:08.738] [bmv2] [D] [thread 112150] [114.0] [cxt 0] Egress port is 1
[09:25:08.738] [bmv2] [D] [thread 112152] [114.0] [cxt 0] Pipeline 'egress': start
[09:25:08.738] [bmv2] [D] [thread 112152] [114.0] [cxt 0] Pipeline 'egress': end
[09:25:08.738] [bmv2] [D] [thread 112152] [114.0] [cxt 0] Deparser 'deparser': start
[09:25:08.738] [bmv2] [D] [thread 112152] [114.0] [cxt 0] Updating checksum 'cksum'
[09:25:08.738] [bmv2] [D] [thread 112152] [114.0] [cxt 0] Deparsing header 'ethernet'
[09:25:08.738] [bmv2] [D] [thread 112152] [114.0] [cxt 0] Deparsing header 'ipv4'
[09:25:08.738] [bmv2] [D] [thread 112152] [114.0] [cxt 0] Deparser 'deparser': end
[09:25:08.738] [bmv2] [D] [thread 112155] [114.0] [cxt 0] Transmitting packet of size 76 out of port 1
[09:25:08.752] [bmv2] [D] [thread 112150] [115.0] [cxt 0] Processing packet received on port 2
[09:25:08.752] [bmv2] [D] [thread 112150] [115.0] [cxt 0] Parser 'parser': start
[09:25:08.752] [bmv2] [D] [thread 112150] [115.0] [cxt 0] Parser 'parser' entering state 'start'
[09:25:08.752] [bmv2] [D] [thread 112150] [115.0] [cxt 0] Extracting header 'ethernet'
[09:25:08.752] [bmv2] [D] [thread 112150] [115.0] [cxt 0] Parser state 'start': key is 0800
[09:25:08.752] [bmv2] [T] [thread 112150] [115.0] [cxt 0] Bytes parsed: 14
[09:25:08.752] [bmv2] [D] [thread 112150] [115.0] [cxt 0] Parser 'parser' entering state 'parse_ipv4'
[09:25:08.752] [bmv2] [D] [thread 112150] [115.0] [cxt 0] Extracting header 'ipv4'
[09:25:08.752] [bmv2] [D] [thread 112150] [115.0] [cxt 0] Parser state 'parse_ipv4' has no switch, going to default next state
[09:25:08.752] [bmv2] [T] [thread 112150] [115.0] [cxt 0] Bytes parsed: 34
[09:25:08.752] [bmv2] [D] [thread 112150] [115.0] [cxt 0] Parser 'parser': end
[09:25:08.752] [bmv2] [D] [thread 112150] [115.0] [cxt 0] Pipeline 'ingress': start
[09:25:08.752] [bmv2] [T] [thread 112150] [115.0] [cxt 0] switch.p4(116) Condition "hdr.ipv4.isValid()" (node_2) is true
[09:25:08.752] [bmv2] [T] [thread 112150] [115.0] [cxt 0] Applying table 'MyIngress.ipv4_lpm'
[09:25:08.752] [bmv2] [D] [thread 112150] [115.0] [cxt 0] Looking up key:
* hdr.ipv4.dstAddr    : 0a000101

[09:25:08.752] [bmv2] [D] [thread 112150] [115.0] [cxt 0] Table 'MyIngress.ipv4_lpm': hit with handle 0
[09:25:08.752] [bmv2] [D] [thread 112150] [115.0] [cxt 0] Dumping entry 0
Match key:
* hdr.ipv4.dstAddr    : LPM       0a000101/32
Action entry: MyIngress.ipv4_forward - 80000000100,1,

[09:25:08.752] [bmv2] [D] [thread 112150] [115.0] [cxt 0] Action entry is MyIngress.ipv4_forward - 80000000100,1,
[09:25:08.752] [bmv2] [T] [thread 112150] [115.0] [cxt 0] Action MyIngress.ipv4_forward
[09:25:08.752] [bmv2] [T] [thread 112150] [115.0] [cxt 0] switch.p4(96) Primitive standard_metadata.egress_spec = port
[09:25:08.752] [bmv2] [T] [thread 112150] [115.0] [cxt 0] switch.p4(97) Primitive hdr.ethernet.srcAddr = hdr.ethernet.dstAddr
[09:25:08.752] [bmv2] [T] [thread 112150] [115.0] [cxt 0] switch.p4(98) Primitive hdr.ethernet.dstAddr = dstAddr
[09:25:08.752] [bmv2] [T] [thread 112150] [115.0] [cxt 0] switch.p4(99) Primitive hdr.ipv4.ttl = hdr.ipv4.ttl - 1
[09:25:08.752] [bmv2] [D] [thread 112150] [115.0] [cxt 0] Pipeline 'ingress': end
[09:25:08.752] [bmv2] [D] [thread 112150] [115.0] [cxt 0] Egress port is 1
[09:25:08.752] [bmv2] [D] [thread 112152] [115.0] [cxt 0] Pipeline 'egress': start
[09:25:08.752] [bmv2] [D] [thread 112152] [115.0] [cxt 0] Pipeline 'egress': end
[09:25:08.752] [bmv2] [D] [thread 112152] [115.0] [cxt 0] Deparser 'deparser': start
[09:25:08.752] [bmv2] [D] [thread 112152] [115.0] [cxt 0] Updating checksum 'cksum'
[09:25:08.752] [bmv2] [D] [thread 112152] [115.0] [cxt 0] Deparsing header 'ethernet'
[09:25:08.752] [bmv2] [D] [thread 112152] [115.0] [cxt 0] Deparsing header 'ipv4'
[09:25:08.752] [bmv2] [D] [thread 112152] [115.0] [cxt 0] Deparser 'deparser': end
[09:25:08.752] [bmv2] [D] [thread 112155] [115.0] [cxt 0] Transmitting packet of size 308 out of port 1
[09:25:08.752] [bmv2] [D] [thread 112150] [116.0] [cxt 0] Processing packet received on port 1
[09:25:08.752] [bmv2] [D] [thread 112150] [116.0] [cxt 0] Parser 'parser': start
[09:25:08.752] [bmv2] [D] [thread 112150] [116.0] [cxt 0] Parser 'parser' entering state 'start'
[09:25:08.752] [bmv2] [D] [thread 112150] [116.0] [cxt 0] Extracting header 'ethernet'
[09:25:08.752] [bmv2] [D] [thread 112150] [116.0] [cxt 0] Parser state 'start': key is 0800
[09:25:08.752] [bmv2] [T] [thread 112150] [116.0] [cxt 0] Bytes parsed: 14
[09:25:08.752] [bmv2] [D] [thread 112150] [116.0] [cxt 0] Parser 'parser' entering state 'parse_ipv4'
[09:25:08.752] [bmv2] [D] [thread 112150] [116.0] [cxt 0] Extracting header 'ipv4'
[09:25:08.752] [bmv2] [D] [thread 112150] [116.0] [cxt 0] Parser state 'parse_ipv4' has no switch, going to default next state
[09:25:08.752] [bmv2] [T] [thread 112150] [116.0] [cxt 0] Bytes parsed: 34
[09:25:08.752] [bmv2] [D] [thread 112150] [116.0] [cxt 0] Parser 'parser': end
[09:25:08.752] [bmv2] [D] [thread 112150] [116.0] [cxt 0] Pipeline 'ingress': start
[09:25:08.752] [bmv2] [T] [thread 112150] [116.0] [cxt 0] switch.p4(116) Condition "hdr.ipv4.isValid()" (node_2) is true
[09:25:08.752] [bmv2] [T] [thread 112150] [116.0] [cxt 0] Applying table 'MyIngress.ipv4_lpm'
[09:25:08.752] [bmv2] [D] [thread 112150] [116.0] [cxt 0] Looking up key:
* hdr.ipv4.dstAddr    : 0a000202

[09:25:08.752] [bmv2] [D] [thread 112150] [116.0] [cxt 0] Table 'MyIngress.ipv4_lpm': hit with handle 1
[09:25:08.752] [bmv2] [D] [thread 112150] [116.0] [cxt 0] Dumping entry 1
Match key:
* hdr.ipv4.dstAddr    : LPM       0a000202/32
Action entry: MyIngress.ipv4_forward - 80000000300,2,

[09:25:08.752] [bmv2] [D] [thread 112150] [116.0] [cxt 0] Action entry is MyIngress.ipv4_forward - 80000000300,2,
[09:25:08.752] [bmv2] [T] [thread 112150] [116.0] [cxt 0] Action MyIngress.ipv4_forward
[09:25:08.752] [bmv2] [T] [thread 112150] [116.0] [cxt 0] switch.p4(96) Primitive standard_metadata.egress_spec = port
[09:25:08.752] [bmv2] [T] [thread 112150] [116.0] [cxt 0] switch.p4(97) Primitive hdr.ethernet.srcAddr = hdr.ethernet.dstAddr
[09:25:08.752] [bmv2] [T] [thread 112150] [116.0] [cxt 0] switch.p4(98) Primitive hdr.ethernet.dstAddr = dstAddr
[09:25:08.752] [bmv2] [T] [thread 112150] [116.0] [cxt 0] switch.p4(99) Primitive hdr.ipv4.ttl = hdr.ipv4.ttl - 1
[09:25:08.752] [bmv2] [D] [thread 112150] [116.0] [cxt 0] Pipeline 'ingress': end
[09:25:08.752] [bmv2] [D] [thread 112150] [116.0] [cxt 0] Egress port is 2
[09:25:08.752] [bmv2] [D] [thread 112153] [116.0] [cxt 0] Pipeline 'egress': start
[09:25:08.752] [bmv2] [D] [thread 112153] [116.0] [cxt 0] Pipeline 'egress': end
[09:25:08.752] [bmv2] [D] [thread 112153] [116.0] [cxt 0] Deparser 'deparser': start
[09:25:08.752] [bmv2] [D] [thread 112153] [116.0] [cxt 0] Updating checksum 'cksum'
[09:25:08.752] [bmv2] [D] [thread 112153] [116.0] [cxt 0] Deparsing header 'ethernet'
[09:25:08.752] [bmv2] [D] [thread 112153] [116.0] [cxt 0] Deparsing header 'ipv4'
[09:25:08.752] [bmv2] [D] [thread 112153] [116.0] [cxt 0] Deparser 'deparser': end
[09:25:08.752] [bmv2] [D] [thread 112155] [116.0] [cxt 0] Transmitting packet of size 336 out of port 2
open: No such file or directory
