Calling target program-options parser
[09:02:52.042] [bmv2] [D] [thread 92900] Set default default entry for table 'tbl_switch148': switch148 - 
[09:02:52.042] [bmv2] [D] [thread 92900] Set default default entry for table 'tbl_switch150': switch150 - 
[09:02:52.042] [bmv2] [D] [thread 92900] Set default default entry for table 'tbl_return_content': MyIngress.return_content - 
[09:02:52.042] [bmv2] [D] [thread 92900] Set default default entry for table 'tbl_return_content_0': MyIngress.return_content - 
[09:02:52.042] [bmv2] [D] [thread 92900] Set default default entry for table 'tbl_switch155': switch155 - 
[09:02:52.042] [bmv2] [D] [thread 92900] Set default default entry for table 'tbl_data_forward': MyIngress.data_forward - 
[09:02:52.042] [bmv2] [D] [thread 92900] Set default default entry for table 'tbl_switch159': switch159 - 
[09:02:52.042] [bmv2] [D] [thread 92900] Set default default entry for table 'MyIngress.foward_interest': MyIngress.drop - 
[09:02:52.042] [bmv2] [D] [thread 92900] Set default default entry for table 'tbl_cache_content': MyIngress.cache_content - 
[09:02:52.042] [bmv2] [D] [thread 92900] Set default default entry for table 'tbl_data_forward_0': MyIngress.data_forward - 
Adding interface s3-eth1 as port 1
[09:02:52.042] [bmv2] [D] [thread 92900] Adding interface s3-eth1 as port 1
Adding interface s3-eth2 as port 2
[09:02:52.077] [bmv2] [D] [thread 92900] Adding interface s3-eth2 as port 2
Server listening on 0.0.0.0:50140
[09:02:52.102] [bmv2] [I] [thread 92900] Starting Thrift server on port 9179
[09:02:52.102] [bmv2] [I] [thread 92900] Thrift server was started
[09:02:52.229] [bmv2] [D] [thread 92915] [0.0] [cxt 0] Processing packet received on port 2
[09:02:52.229] [bmv2] [D] [thread 92915] [0.0] [cxt 0] Parser 'parser': start
[09:02:52.229] [bmv2] [D] [thread 92915] [0.0] [cxt 0] Parser 'parser' entering state 'start'
[09:02:52.229] [bmv2] [D] [thread 92915] [0.0] [cxt 0] Extracting header 'ethernet'
[09:02:52.229] [bmv2] [D] [thread 92915] [0.0] [cxt 0] Parser state 'start': key is 86dd
[09:02:52.229] [bmv2] [T] [thread 92915] [0.0] [cxt 0] Bytes parsed: 14
[09:02:52.229] [bmv2] [D] [thread 92915] [0.0] [cxt 0] Parser 'parser': end
[09:02:52.229] [bmv2] [D] [thread 92915] [0.0] [cxt 0] Pipeline 'ingress': start
[09:02:52.229] [bmv2] [T] [thread 92915] [0.0] [cxt 0] switch.p4(147) Condition "hdr.icn.isValid()" (node_2) is false
[09:02:52.229] [bmv2] [T] [thread 92915] [0.0] [cxt 0] switch.p4(164) Condition "hdr.payload.flag == 1" (node_13) is false
[09:02:52.229] [bmv2] [T] [thread 92915] [0.0] [cxt 0] Applying table 'tbl_data_forward_0'
[09:02:52.229] [bmv2] [D] [thread 92915] [0.0] [cxt 0] Looking up key:

[09:02:52.229] [bmv2] [D] [thread 92915] [0.0] [cxt 0] Table 'tbl_data_forward_0': miss
[09:02:52.229] [bmv2] [D] [thread 92915] [0.0] [cxt 0] Action entry is MyIngress.data_forward - 
[09:02:52.229] [bmv2] [T] [thread 92915] [0.0] [cxt 0] Action MyIngress.data_forward
[09:02:52.229] [bmv2] [T] [thread 92915] [0.0] [cxt 0] switch.p4(97) Primitive pit_table.read(egress_port, hdr.payload.content_id)
[09:02:52.229] [bmv2] [T] [thread 92915] [0.0] [cxt 0] Read register 'MyIngress.pit_table' at index 0 read value 0
[09:02:52.229] [bmv2] [T] [thread 92915] [0.0] [cxt 0] switch.p4(98) Primitive standard_metadata.egress_spec = egress_port
[09:02:52.229] [bmv2] [T] [thread 92915] [0.0] [cxt 0] switch.p4(99) Primitive pit_table.write(hdr.payload.content_id, 0)
[09:02:52.229] [bmv2] [T] [thread 92915] [0.0] [cxt 0] Wrote register 'MyIngress.pit_table' at index 0 with value 0
[09:02:52.229] [bmv2] [T] [thread 92915] [0.0] [cxt 0] switch.p4(100) Primitive hdr.ethernet.srcAddr = 0xFFFFFFFFFFFF
[09:02:52.229] [bmv2] [T] [thread 92915] [0.0] [cxt 0] switch.p4(101) Primitive hdr.ethernet.dstAddr = 0xFFFFFFFFFFFF
[09:02:52.229] [bmv2] [T] [thread 92915] [0.0] [cxt 0] switch.p4(102) Primitive hdr.payload.ttl = hdr.payload.ttl - 1
[09:02:52.229] [bmv2] [D] [thread 92915] [0.0] [cxt 0] Pipeline 'ingress': end
[09:02:52.229] [bmv2] [D] [thread 92915] [0.0] [cxt 0] Egress port is 0
[09:02:52.229] [bmv2] [D] [thread 92915] [1.0] [cxt 0] Processing packet received on port 2
[09:02:52.229] [bmv2] [D] [thread 92915] [1.0] [cxt 0] Parser 'parser': start
[09:02:52.229] [bmv2] [D] [thread 92915] [1.0] [cxt 0] Parser 'parser' entering state 'start'
[09:02:52.229] [bmv2] [D] [thread 92915] [1.0] [cxt 0] Extracting header 'ethernet'
[09:02:52.229] [bmv2] [D] [thread 92915] [1.0] [cxt 0] Parser state 'start': key is 86dd
[09:02:52.229] [bmv2] [T] [thread 92915] [1.0] [cxt 0] Bytes parsed: 14
[09:02:52.229] [bmv2] [D] [thread 92915] [1.0] [cxt 0] Parser 'parser': end
[09:02:52.229] [bmv2] [D] [thread 92915] [1.0] [cxt 0] Pipeline 'ingress': start
[09:02:52.229] [bmv2] [T] [thread 92915] [1.0] [cxt 0] switch.p4(147) Condition "hdr.icn.isValid()" (node_2) is false
[09:02:52.229] [bmv2] [T] [thread 92915] [1.0] [cxt 0] switch.p4(164) Condition "hdr.payload.flag == 1" (node_13) is false
[09:02:52.229] [bmv2] [T] [thread 92915] [1.0] [cxt 0] Applying table 'tbl_data_forward_0'
[09:02:52.229] [bmv2] [D] [thread 92915] [1.0] [cxt 0] Looking up key:

[09:02:52.229] [bmv2] [D] [thread 92915] [1.0] [cxt 0] Table 'tbl_data_forward_0': miss
[09:02:52.229] [bmv2] [D] [thread 92915] [1.0] [cxt 0] Action entry is MyIngress.data_forward - 
[09:02:52.229] [bmv2] [T] [thread 92915] [1.0] [cxt 0] Action MyIngress.data_forward
[09:02:52.229] [bmv2] [T] [thread 92915] [1.0] [cxt 0] switch.p4(97) Primitive pit_table.read(egress_port, hdr.payload.content_id)
[09:02:52.229] [bmv2] [T] [thread 92915] [1.0] [cxt 0] Read register 'MyIngress.pit_table' at index 0 read value 0
[09:02:52.229] [bmv2] [T] [thread 92915] [1.0] [cxt 0] switch.p4(98) Primitive standard_metadata.egress_spec = egress_port
[09:02:52.229] [bmv2] [T] [thread 92915] [1.0] [cxt 0] switch.p4(99) Primitive pit_table.write(hdr.payload.content_id, 0)
[09:02:52.229] [bmv2] [T] [thread 92915] [1.0] [cxt 0] Wrote register 'MyIngress.pit_table' at index 0 with value 0
[09:02:52.229] [bmv2] [T] [thread 92915] [1.0] [cxt 0] switch.p4(100) Primitive hdr.ethernet.srcAddr = 0xFFFFFFFFFFFF
[09:02:52.229] [bmv2] [T] [thread 92915] [1.0] [cxt 0] switch.p4(101) Primitive hdr.ethernet.dstAddr = 0xFFFFFFFFFFFF
[09:02:52.229] [bmv2] [T] [thread 92915] [1.0] [cxt 0] switch.p4(102) Primitive hdr.payload.ttl = hdr.payload.ttl - 1
[09:02:52.229] [bmv2] [D] [thread 92915] [1.0] [cxt 0] Pipeline 'ingress': end
[09:02:52.229] [bmv2] [D] [thread 92915] [1.0] [cxt 0] Egress port is 0
[09:02:52.229] [bmv2] [D] [thread 92915] [2.0] [cxt 0] Processing packet received on port 2
[09:02:52.229] [bmv2] [D] [thread 92915] [2.0] [cxt 0] Parser 'parser': start
[09:02:52.229] [bmv2] [D] [thread 92915] [2.0] [cxt 0] Parser 'parser' entering state 'start'
[09:02:52.229] [bmv2] [D] [thread 92915] [2.0] [cxt 0] Extracting header 'ethernet'
[09:02:52.229] [bmv2] [D] [thread 92915] [2.0] [cxt 0] Parser state 'start': key is 86dd
[09:02:52.229] [bmv2] [T] [thread 92915] [2.0] [cxt 0] Bytes parsed: 14
[09:02:52.229] [bmv2] [D] [thread 92915] [2.0] [cxt 0] Parser 'parser': end
[09:02:52.229] [bmv2] [D] [thread 92915] [2.0] [cxt 0] Pipeline 'ingress': start
[09:02:52.229] [bmv2] [T] [thread 92915] [2.0] [cxt 0] switch.p4(147) Condition "hdr.icn.isValid()" (node_2) is false
[09:02:52.229] [bmv2] [T] [thread 92915] [2.0] [cxt 0] switch.p4(164) Condition "hdr.payload.flag == 1" (node_13) is false
[09:02:52.229] [bmv2] [T] [thread 92915] [2.0] [cxt 0] Applying table 'tbl_data_forward_0'
[09:02:52.229] [bmv2] [D] [thread 92915] [2.0] [cxt 0] Looking up key:

[09:02:52.229] [bmv2] [D] [thread 92915] [2.0] [cxt 0] Table 'tbl_data_forward_0': miss
[09:02:52.229] [bmv2] [D] [thread 92915] [2.0] [cxt 0] Action entry is MyIngress.data_forward - 
[09:02:52.229] [bmv2] [T] [thread 92915] [2.0] [cxt 0] Action MyIngress.data_forward
[09:02:52.229] [bmv2] [T] [thread 92915] [2.0] [cxt 0] switch.p4(97) Primitive pit_table.read(egress_port, hdr.payload.content_id)
[09:02:52.229] [bmv2] [T] [thread 92915] [2.0] [cxt 0] Read register 'MyIngress.pit_table' at index 0 read value 0
[09:02:52.229] [bmv2] [T] [thread 92915] [2.0] [cxt 0] switch.p4(98) Primitive standard_metadata.egress_spec = egress_port
[09:02:52.229] [bmv2] [T] [thread 92915] [2.0] [cxt 0] switch.p4(99) Primitive pit_table.write(hdr.payload.content_id, 0)
[09:02:52.229] [bmv2] [T] [thread 92915] [2.0] [cxt 0] Wrote register 'MyIngress.pit_table' at index 0 with value 0
[09:02:52.229] [bmv2] [T] [thread 92915] [2.0] [cxt 0] switch.p4(100) Primitive hdr.ethernet.srcAddr = 0xFFFFFFFFFFFF
[09:02:52.229] [bmv2] [T] [thread 92915] [2.0] [cxt 0] switch.p4(101) Primitive hdr.ethernet.dstAddr = 0xFFFFFFFFFFFF
[09:02:52.229] [bmv2] [T] [thread 92915] [2.0] [cxt 0] switch.p4(102) Primitive hdr.payload.ttl = hdr.payload.ttl - 1
[09:02:52.229] [bmv2] [D] [thread 92915] [2.0] [cxt 0] Pipeline 'ingress': end
[09:02:52.229] [bmv2] [D] [thread 92915] [2.0] [cxt 0] Egress port is 0
[09:02:52.229] [bmv2] [D] [thread 92916] [0.0] [cxt 0] Pipeline 'egress': start
[09:02:52.236] [bmv2] [D] [thread 92916] [0.0] [cxt 0] Pipeline 'egress': end
[09:02:52.236] [bmv2] [D] [thread 92916] [0.0] [cxt 0] Deparser 'deparser': start
[09:02:52.236] [bmv2] [D] [thread 92916] [0.0] [cxt 0] Deparsing header 'ethernet'
[09:02:52.236] [bmv2] [D] [thread 92916] [0.0] [cxt 0] Deparser 'deparser': end
[09:02:52.236] [bmv2] [D] [thread 92916] [1.0] [cxt 0] Pipeline 'egress': start
[09:02:52.236] [bmv2] [D] [thread 92916] [1.0] [cxt 0] Pipeline 'egress': end
[09:02:52.236] [bmv2] [D] [thread 92916] [1.0] [cxt 0] Deparser 'deparser': start
[09:02:52.236] [bmv2] [D] [thread 92916] [1.0] [cxt 0] Deparsing header 'ethernet'
[09:02:52.236] [bmv2] [D] [thread 92916] [1.0] [cxt 0] Deparser 'deparser': end
[09:02:52.236] [bmv2] [D] [thread 92916] [2.0] [cxt 0] Pipeline 'egress': start
[09:02:52.236] [bmv2] [D] [thread 92916] [2.0] [cxt 0] Pipeline 'egress': end
[09:02:52.236] [bmv2] [D] [thread 92916] [2.0] [cxt 0] Deparser 'deparser': start
[09:02:52.236] [bmv2] [D] [thread 92916] [2.0] [cxt 0] Deparsing header 'ethernet'
[09:02:52.236] [bmv2] [D] [thread 92916] [2.0] [cxt 0] Deparser 'deparser': end
[09:02:52.236] [bmv2] [D] [thread 92920] [0.0] [cxt 0] Transmitting packet of size 90 out of port 0
[09:02:52.236] [bmv2] [D] [thread 92920] [1.0] [cxt 0] Transmitting packet of size 70 out of port 0
[09:02:52.236] [bmv2] [D] [thread 92920] [2.0] [cxt 0] Transmitting packet of size 90 out of port 0
[09:02:52.307] [bmv2] [D] [thread 92915] [3.0] [cxt 0] Processing packet received on port 2
[09:02:52.307] [bmv2] [D] [thread 92915] [3.0] [cxt 0] Parser 'parser': start
[09:02:52.307] [bmv2] [D] [thread 92915] [3.0] [cxt 0] Parser 'parser' entering state 'start'
[09:02:52.307] [bmv2] [D] [thread 92915] [3.0] [cxt 0] Extracting header 'ethernet'
[09:02:52.307] [bmv2] [D] [thread 92915] [3.0] [cxt 0] Parser state 'start': key is 86dd
[09:02:52.307] [bmv2] [T] [thread 92915] [3.0] [cxt 0] Bytes parsed: 14
[09:02:52.307] [bmv2] [D] [thread 92915] [3.0] [cxt 0] Parser 'parser': end
[09:02:52.307] [bmv2] [D] [thread 92915] [3.0] [cxt 0] Pipeline 'ingress': start
[09:02:52.307] [bmv2] [T] [thread 92915] [3.0] [cxt 0] switch.p4(147) Condition "hdr.icn.isValid()" (node_2) is false
[09:02:52.307] [bmv2] [T] [thread 92915] [3.0] [cxt 0] switch.p4(164) Condition "hdr.payload.flag == 1" (node_13) is false
[09:02:52.307] [bmv2] [T] [thread 92915] [3.0] [cxt 0] Applying table 'tbl_data_forward_0'
[09:02:52.307] [bmv2] [D] [thread 92915] [3.0] [cxt 0] Looking up key:

[09:02:52.307] [bmv2] [D] [thread 92915] [3.0] [cxt 0] Table 'tbl_data_forward_0': miss
[09:02:52.307] [bmv2] [D] [thread 92915] [3.0] [cxt 0] Action entry is MyIngress.data_forward - 
[09:02:52.307] [bmv2] [T] [thread 92915] [3.0] [cxt 0] Action MyIngress.data_forward
[09:02:52.307] [bmv2] [T] [thread 92915] [3.0] [cxt 0] switch.p4(97) Primitive pit_table.read(egress_port, hdr.payload.content_id)
[09:02:52.307] [bmv2] [T] [thread 92915] [3.0] [cxt 0] Read register 'MyIngress.pit_table' at index 0 read value 0
[09:02:52.307] [bmv2] [T] [thread 92915] [3.0] [cxt 0] switch.p4(98) Primitive standard_metadata.egress_spec = egress_port
[09:02:52.307] [bmv2] [T] [thread 92915] [3.0] [cxt 0] switch.p4(99) Primitive pit_table.write(hdr.payload.content_id, 0)
[09:02:52.307] [bmv2] [T] [thread 92915] [3.0] [cxt 0] Wrote register 'MyIngress.pit_table' at index 0 with value 0
[09:02:52.307] [bmv2] [T] [thread 92915] [3.0] [cxt 0] switch.p4(100) Primitive hdr.ethernet.srcAddr = 0xFFFFFFFFFFFF
[09:02:52.307] [bmv2] [T] [thread 92915] [3.0] [cxt 0] switch.p4(101) Primitive hdr.ethernet.dstAddr = 0xFFFFFFFFFFFF
[09:02:52.307] [bmv2] [T] [thread 92915] [3.0] [cxt 0] switch.p4(102) Primitive hdr.payload.ttl = hdr.payload.ttl - 1
[09:02:52.307] [bmv2] [D] [thread 92915] [3.0] [cxt 0] Pipeline 'ingress': end
[09:02:52.307] [bmv2] [D] [thread 92915] [3.0] [cxt 0] Egress port is 0
[09:02:52.312] [bmv2] [D] [thread 92916] [3.0] [cxt 0] Pipeline 'egress': start
[09:02:52.312] [bmv2] [D] [thread 92916] [3.0] [cxt 0] Pipeline 'egress': end
[09:02:52.312] [bmv2] [D] [thread 92916] [3.0] [cxt 0] Deparser 'deparser': start
[09:02:52.312] [bmv2] [D] [thread 92916] [3.0] [cxt 0] Deparsing header 'ethernet'
[09:02:52.312] [bmv2] [D] [thread 92916] [3.0] [cxt 0] Deparser 'deparser': end
[09:02:52.312] [bmv2] [D] [thread 92920] [3.0] [cxt 0] Transmitting packet of size 211 out of port 0
[09:02:52.322] [bmv2] [D] [thread 92915] [4.0] [cxt 0] Processing packet received on port 2
[09:02:52.322] [bmv2] [D] [thread 92915] [4.0] [cxt 0] Parser 'parser': start
[09:02:52.322] [bmv2] [D] [thread 92915] [4.0] [cxt 0] Parser 'parser' entering state 'start'
[09:02:52.322] [bmv2] [D] [thread 92915] [4.0] [cxt 0] Extracting header 'ethernet'
[09:02:52.322] [bmv2] [D] [thread 92915] [4.0] [cxt 0] Parser state 'start': key is 86dd
[09:02:52.322] [bmv2] [T] [thread 92915] [4.0] [cxt 0] Bytes parsed: 14
[09:02:52.322] [bmv2] [D] [thread 92915] [4.0] [cxt 0] Parser 'parser': end
[09:02:52.322] [bmv2] [D] [thread 92915] [4.0] [cxt 0] Pipeline 'ingress': start
[09:02:52.322] [bmv2] [T] [thread 92915] [4.0] [cxt 0] switch.p4(147) Condition "hdr.icn.isValid()" (node_2) is false
[09:02:52.322] [bmv2] [T] [thread 92915] [4.0] [cxt 0] switch.p4(164) Condition "hdr.payload.flag == 1" (node_13) is false
[09:02:52.322] [bmv2] [T] [thread 92915] [4.0] [cxt 0] Applying table 'tbl_data_forward_0'
[09:02:52.322] [bmv2] [D] [thread 92915] [4.0] [cxt 0] Looking up key:

[09:02:52.322] [bmv2] [D] [thread 92915] [4.0] [cxt 0] Table 'tbl_data_forward_0': miss
[09:02:52.322] [bmv2] [D] [thread 92915] [4.0] [cxt 0] Action entry is MyIngress.data_forward - 
[09:02:52.322] [bmv2] [T] [thread 92915] [4.0] [cxt 0] Action MyIngress.data_forward
[09:02:52.322] [bmv2] [T] [thread 92915] [4.0] [cxt 0] switch.p4(97) Primitive pit_table.read(egress_port, hdr.payload.content_id)
[09:02:52.322] [bmv2] [T] [thread 92915] [4.0] [cxt 0] Read register 'MyIngress.pit_table' at index 0 read value 0
[09:02:52.322] [bmv2] [T] [thread 92915] [4.0] [cxt 0] switch.p4(98) Primitive standard_metadata.egress_spec = egress_port
[09:02:52.322] [bmv2] [T] [thread 92915] [4.0] [cxt 0] switch.p4(99) Primitive pit_table.write(hdr.payload.content_id, 0)
[09:02:52.322] [bmv2] [T] [thread 92915] [4.0] [cxt 0] Wrote register 'MyIngress.pit_table' at index 0 with value 0
[09:02:52.322] [bmv2] [T] [thread 92915] [4.0] [cxt 0] switch.p4(100) Primitive hdr.ethernet.srcAddr = 0xFFFFFFFFFFFF
[09:02:52.322] [bmv2] [T] [thread 92915] [4.0] [cxt 0] switch.p4(101) Primitive hdr.ethernet.dstAddr = 0xFFFFFFFFFFFF
[09:02:52.322] [bmv2] [T] [thread 92915] [4.0] [cxt 0] switch.p4(102) Primitive hdr.payload.ttl = hdr.payload.ttl - 1
[09:02:52.322] [bmv2] [D] [thread 92915] [4.0] [cxt 0] Pipeline 'ingress': end
[09:02:52.322] [bmv2] [D] [thread 92915] [4.0] [cxt 0] Egress port is 0
[09:02:52.322] [bmv2] [D] [thread 92916] [4.0] [cxt 0] Pipeline 'egress': start
[09:02:52.322] [bmv2] [D] [thread 92916] [4.0] [cxt 0] Pipeline 'egress': end
[09:02:52.322] [bmv2] [D] [thread 92916] [4.0] [cxt 0] Deparser 'deparser': start
[09:02:52.322] [bmv2] [D] [thread 92916] [4.0] [cxt 0] Deparsing header 'ethernet'
[09:02:52.322] [bmv2] [D] [thread 92916] [4.0] [cxt 0] Deparser 'deparser': end
[09:02:52.322] [bmv2] [D] [thread 92920] [4.0] [cxt 0] Transmitting packet of size 203 out of port 0
[09:02:52.411] [bmv2] [D] [thread 92915] [5.0] [cxt 0] Processing packet received on port 1
[09:02:52.411] [bmv2] [D] [thread 92915] [5.0] [cxt 0] Parser 'parser': start
[09:02:52.411] [bmv2] [D] [thread 92915] [5.0] [cxt 0] Parser 'parser' entering state 'start'
[09:02:52.411] [bmv2] [D] [thread 92915] [5.0] [cxt 0] Extracting header 'ethernet'
[09:02:52.411] [bmv2] [D] [thread 92915] [5.0] [cxt 0] Parser state 'start': key is 86dd
[09:02:52.411] [bmv2] [T] [thread 92915] [5.0] [cxt 0] Bytes parsed: 14
[09:02:52.411] [bmv2] [D] [thread 92915] [5.0] [cxt 0] Parser 'parser': end
[09:02:52.411] [bmv2] [D] [thread 92915] [5.0] [cxt 0] Pipeline 'ingress': start
[09:02:52.411] [bmv2] [T] [thread 92915] [5.0] [cxt 0] switch.p4(147) Condition "hdr.icn.isValid()" (node_2) is false
[09:02:52.411] [bmv2] [T] [thread 92915] [5.0] [cxt 0] switch.p4(164) Condition "hdr.payload.flag == 1" (node_13) is false
[09:02:52.411] [bmv2] [T] [thread 92915] [5.0] [cxt 0] Applying table 'tbl_data_forward_0'
[09:02:52.411] [bmv2] [D] [thread 92915] [5.0] [cxt 0] Looking up key:

[09:02:52.411] [bmv2] [D] [thread 92915] [5.0] [cxt 0] Table 'tbl_data_forward_0': miss
[09:02:52.411] [bmv2] [D] [thread 92915] [5.0] [cxt 0] Action entry is MyIngress.data_forward - 
[09:02:52.411] [bmv2] [T] [thread 92915] [5.0] [cxt 0] Action MyIngress.data_forward
[09:02:52.411] [bmv2] [T] [thread 92915] [5.0] [cxt 0] switch.p4(97) Primitive pit_table.read(egress_port, hdr.payload.content_id)
[09:02:52.411] [bmv2] [T] [thread 92915] [5.0] [cxt 0] Read register 'MyIngress.pit_table' at index 0 read value 0
[09:02:52.411] [bmv2] [T] [thread 92915] [5.0] [cxt 0] switch.p4(98) Primitive standard_metadata.egress_spec = egress_port
[09:02:52.411] [bmv2] [T] [thread 92915] [5.0] [cxt 0] switch.p4(99) Primitive pit_table.write(hdr.payload.content_id, 0)
[09:02:52.411] [bmv2] [T] [thread 92915] [5.0] [cxt 0] Wrote register 'MyIngress.pit_table' at index 0 with value 0
[09:02:52.411] [bmv2] [T] [thread 92915] [5.0] [cxt 0] switch.p4(100) Primitive hdr.ethernet.srcAddr = 0xFFFFFFFFFFFF
[09:02:52.411] [bmv2] [T] [thread 92915] [5.0] [cxt 0] switch.p4(101) Primitive hdr.ethernet.dstAddr = 0xFFFFFFFFFFFF
[09:02:52.411] [bmv2] [T] [thread 92915] [5.0] [cxt 0] switch.p4(102) Primitive hdr.payload.ttl = hdr.payload.ttl - 1
[09:02:52.411] [bmv2] [D] [thread 92915] [5.0] [cxt 0] Pipeline 'ingress': end
[09:02:52.411] [bmv2] [D] [thread 92915] [5.0] [cxt 0] Egress port is 0
[09:02:52.411] [bmv2] [D] [thread 92915] [6.0] [cxt 0] Processing packet received on port 1
[09:02:52.411] [bmv2] [D] [thread 92916] [5.0] [cxt 0] Pipeline 'egress': start
[09:02:52.411] [bmv2] [D] [thread 92916] [5.0] [cxt 0] Pipeline 'egress': end
[09:02:52.411] [bmv2] [D] [thread 92916] [5.0] [cxt 0] Deparser 'deparser': start
[09:02:52.411] [bmv2] [D] [thread 92916] [5.0] [cxt 0] Deparsing header 'ethernet'
[09:02:52.411] [bmv2] [D] [thread 92916] [5.0] [cxt 0] Deparser 'deparser': end
[09:02:52.411] [bmv2] [D] [thread 92920] [5.0] [cxt 0] Transmitting packet of size 90 out of port 0
[09:02:52.411] [bmv2] [D] [thread 92915] [6.0] [cxt 0] Parser 'parser': start
[09:02:52.411] [bmv2] [D] [thread 92915] [6.0] [cxt 0] Parser 'parser' entering state 'start'
[09:02:52.411] [bmv2] [D] [thread 92915] [6.0] [cxt 0] Extracting header 'ethernet'
[09:02:52.411] [bmv2] [D] [thread 92915] [6.0] [cxt 0] Parser state 'start': key is 86dd
[09:02:52.411] [bmv2] [T] [thread 92915] [6.0] [cxt 0] Bytes parsed: 14
[09:02:52.411] [bmv2] [D] [thread 92915] [6.0] [cxt 0] Parser 'parser': end
[09:02:52.411] [bmv2] [D] [thread 92915] [6.0] [cxt 0] Pipeline 'ingress': start
[09:02:52.411] [bmv2] [T] [thread 92915] [6.0] [cxt 0] switch.p4(147) Condition "hdr.icn.isValid()" (node_2) is false
[09:02:52.411] [bmv2] [T] [thread 92915] [6.0] [cxt 0] switch.p4(164) Condition "hdr.payload.flag == 1" (node_13) is false
[09:02:52.411] [bmv2] [T] [thread 92915] [6.0] [cxt 0] Applying table 'tbl_data_forward_0'
[09:02:52.411] [bmv2] [D] [thread 92915] [6.0] [cxt 0] Looking up key:

[09:02:52.411] [bmv2] [D] [thread 92915] [6.0] [cxt 0] Table 'tbl_data_forward_0': miss
[09:02:52.411] [bmv2] [D] [thread 92915] [6.0] [cxt 0] Action entry is MyIngress.data_forward - 
[09:02:52.411] [bmv2] [T] [thread 92915] [6.0] [cxt 0] Action MyIngress.data_forward
[09:02:52.417] [bmv2] [T] [thread 92915] [6.0] [cxt 0] switch.p4(97) Primitive pit_table.read(egress_port, hdr.payload.content_id)
[09:02:52.417] [bmv2] [T] [thread 92915] [6.0] [cxt 0] Read register 'MyIngress.pit_table' at index 0 read value 0
[09:02:52.417] [bmv2] [T] [thread 92915] [6.0] [cxt 0] switch.p4(98) Primitive standard_metadata.egress_spec = egress_port
[09:02:52.417] [bmv2] [T] [thread 92915] [6.0] [cxt 0] switch.p4(99) Primitive pit_table.write(hdr.payload.content_id, 0)
[09:02:52.417] [bmv2] [T] [thread 92915] [6.0] [cxt 0] Wrote register 'MyIngress.pit_table' at index 0 with value 0
[09:02:52.417] [bmv2] [T] [thread 92915] [6.0] [cxt 0] switch.p4(100) Primitive hdr.ethernet.srcAddr = 0xFFFFFFFFFFFF
[09:02:52.417] [bmv2] [T] [thread 92915] [6.0] [cxt 0] switch.p4(101) Primitive hdr.ethernet.dstAddr = 0xFFFFFFFFFFFF
[09:02:52.417] [bmv2] [T] [thread 92915] [6.0] [cxt 0] switch.p4(102) Primitive hdr.payload.ttl = hdr.payload.ttl - 1
[09:02:52.417] [bmv2] [D] [thread 92915] [6.0] [cxt 0] Pipeline 'ingress': end
[09:02:52.417] [bmv2] [D] [thread 92915] [6.0] [cxt 0] Egress port is 0
[09:02:52.417] [bmv2] [D] [thread 92916] [6.0] [cxt 0] Pipeline 'egress': start
[09:02:52.417] [bmv2] [D] [thread 92916] [6.0] [cxt 0] Pipeline 'egress': end
[09:02:52.417] [bmv2] [D] [thread 92916] [6.0] [cxt 0] Deparser 'deparser': start
[09:02:52.417] [bmv2] [D] [thread 92916] [6.0] [cxt 0] Deparsing header 'ethernet'
[09:02:52.417] [bmv2] [D] [thread 92916] [6.0] [cxt 0] Deparser 'deparser': end
[09:02:52.417] [bmv2] [D] [thread 92915] [7.0] [cxt 0] Processing packet received on port 1
[09:02:52.417] [bmv2] [D] [thread 92915] [7.0] [cxt 0] Parser 'parser': start
[09:02:52.417] [bmv2] [D] [thread 92915] [7.0] [cxt 0] Parser 'parser' entering state 'start'
[09:02:52.417] [bmv2] [D] [thread 92915] [7.0] [cxt 0] Extracting header 'ethernet'
[09:02:52.417] [bmv2] [D] [thread 92915] [7.0] [cxt 0] Parser state 'start': key is 86dd
[09:02:52.417] [bmv2] [T] [thread 92915] [7.0] [cxt 0] Bytes parsed: 14
[09:02:52.417] [bmv2] [D] [thread 92915] [7.0] [cxt 0] Parser 'parser': end
[09:02:52.417] [bmv2] [D] [thread 92915] [7.0] [cxt 0] Pipeline 'ingress': start
[09:02:52.417] [bmv2] [T] [thread 92915] [7.0] [cxt 0] switch.p4(147) Condition "hdr.icn.isValid()" (node_2) is false
[09:02:52.417] [bmv2] [T] [thread 92915] [7.0] [cxt 0] switch.p4(164) Condition "hdr.payload.flag == 1" (node_13) is false
[09:02:52.417] [bmv2] [T] [thread 92915] [7.0] [cxt 0] Applying table 'tbl_data_forward_0'
[09:02:52.417] [bmv2] [D] [thread 92915] [7.0] [cxt 0] Looking up key:

[09:02:52.417] [bmv2] [D] [thread 92915] [7.0] [cxt 0] Table 'tbl_data_forward_0': miss
[09:02:52.417] [bmv2] [D] [thread 92915] [7.0] [cxt 0] Action entry is MyIngress.data_forward - 
[09:02:52.417] [bmv2] [T] [thread 92915] [7.0] [cxt 0] Action MyIngress.data_forward
[09:02:52.417] [bmv2] [T] [thread 92915] [7.0] [cxt 0] switch.p4(97) Primitive pit_table.read(egress_port, hdr.payload.content_id)
[09:02:52.417] [bmv2] [T] [thread 92915] [7.0] [cxt 0] Read register 'MyIngress.pit_table' at index 0 read value 0
[09:02:52.417] [bmv2] [T] [thread 92915] [7.0] [cxt 0] switch.p4(98) Primitive standard_metadata.egress_spec = egress_port
[09:02:52.417] [bmv2] [T] [thread 92915] [7.0] [cxt 0] switch.p4(99) Primitive pit_table.write(hdr.payload.content_id, 0)
[09:02:52.417] [bmv2] [T] [thread 92915] [7.0] [cxt 0] Wrote register 'MyIngress.pit_table' at index 0 with value 0
[09:02:52.417] [bmv2] [T] [thread 92915] [7.0] [cxt 0] switch.p4(100) Primitive hdr.ethernet.srcAddr = 0xFFFFFFFFFFFF
[09:02:52.417] [bmv2] [T] [thread 92915] [7.0] [cxt 0] switch.p4(101) Primitive hdr.ethernet.dstAddr = 0xFFFFFFFFFFFF
[09:02:52.417] [bmv2] [T] [thread 92915] [7.0] [cxt 0] switch.p4(102) Primitive hdr.payload.ttl = hdr.payload.ttl - 1
[09:02:52.417] [bmv2] [D] [thread 92915] [7.0] [cxt 0] Pipeline 'ingress': end
[09:02:52.417] [bmv2] [D] [thread 92915] [7.0] [cxt 0] Egress port is 0
[09:02:52.417] [bmv2] [D] [thread 92920] [6.0] [cxt 0] Transmitting packet of size 70 out of port 0
[09:02:52.417] [bmv2] [D] [thread 92916] [7.0] [cxt 0] Pipeline 'egress': start
[09:02:52.417] [bmv2] [D] [thread 92916] [7.0] [cxt 0] Pipeline 'egress': end
[09:02:52.417] [bmv2] [D] [thread 92916] [7.0] [cxt 0] Deparser 'deparser': start
[09:02:52.417] [bmv2] [D] [thread 92916] [7.0] [cxt 0] Deparsing header 'ethernet'
[09:02:52.417] [bmv2] [D] [thread 92916] [7.0] [cxt 0] Deparser 'deparser': end
[09:02:52.417] [bmv2] [D] [thread 92920] [7.0] [cxt 0] Transmitting packet of size 90 out of port 0
[09:02:52.499] [bmv2] [D] [thread 92915] [8.0] [cxt 0] Processing packet received on port 1
[09:02:52.499] [bmv2] [D] [thread 92915] [8.0] [cxt 0] Parser 'parser': start
[09:02:52.499] [bmv2] [D] [thread 92915] [8.0] [cxt 0] Parser 'parser' entering state 'start'
[09:02:52.499] [bmv2] [D] [thread 92915] [8.0] [cxt 0] Extracting header 'ethernet'
[09:02:52.499] [bmv2] [D] [thread 92915] [8.0] [cxt 0] Parser state 'start': key is 86dd
[09:02:52.499] [bmv2] [T] [thread 92915] [8.0] [cxt 0] Bytes parsed: 14
[09:02:52.499] [bmv2] [D] [thread 92915] [8.0] [cxt 0] Parser 'parser': end
[09:02:52.499] [bmv2] [D] [thread 92915] [8.0] [cxt 0] Pipeline 'ingress': start
[09:02:52.499] [bmv2] [T] [thread 92915] [8.0] [cxt 0] switch.p4(147) Condition "hdr.icn.isValid()" (node_2) is false
[09:02:52.499] [bmv2] [T] [thread 92915] [8.0] [cxt 0] switch.p4(164) Condition "hdr.payload.flag == 1" (node_13) is false
[09:02:52.499] [bmv2] [T] [thread 92915] [8.0] [cxt 0] Applying table 'tbl_data_forward_0'
[09:02:52.499] [bmv2] [D] [thread 92915] [8.0] [cxt 0] Looking up key:

[09:02:52.499] [bmv2] [D] [thread 92915] [8.0] [cxt 0] Table 'tbl_data_forward_0': miss
[09:02:52.499] [bmv2] [D] [thread 92915] [8.0] [cxt 0] Action entry is MyIngress.data_forward - 
[09:02:52.499] [bmv2] [T] [thread 92915] [8.0] [cxt 0] Action MyIngress.data_forward
[09:02:52.499] [bmv2] [T] [thread 92915] [8.0] [cxt 0] switch.p4(97) Primitive pit_table.read(egress_port, hdr.payload.content_id)
[09:02:52.499] [bmv2] [T] [thread 92915] [8.0] [cxt 0] Read register 'MyIngress.pit_table' at index 0 read value 0
[09:02:52.499] [bmv2] [T] [thread 92915] [8.0] [cxt 0] switch.p4(98) Primitive standard_metadata.egress_spec = egress_port
[09:02:52.499] [bmv2] [T] [thread 92915] [8.0] [cxt 0] switch.p4(99) Primitive pit_table.write(hdr.payload.content_id, 0)
[09:02:52.499] [bmv2] [T] [thread 92915] [8.0] [cxt 0] Wrote register 'MyIngress.pit_table' at index 0 with value 0
[09:02:52.499] [bmv2] [T] [thread 92915] [8.0] [cxt 0] switch.p4(100) Primitive hdr.ethernet.srcAddr = 0xFFFFFFFFFFFF
[09:02:52.499] [bmv2] [T] [thread 92915] [8.0] [cxt 0] switch.p4(101) Primitive hdr.ethernet.dstAddr = 0xFFFFFFFFFFFF
[09:02:52.499] [bmv2] [T] [thread 92915] [8.0] [cxt 0] switch.p4(102) Primitive hdr.payload.ttl = hdr.payload.ttl - 1
[09:02:52.499] [bmv2] [D] [thread 92915] [8.0] [cxt 0] Pipeline 'ingress': end
[09:02:52.499] [bmv2] [D] [thread 92915] [8.0] [cxt 0] Egress port is 0
[09:02:52.499] [bmv2] [D] [thread 92916] [8.0] [cxt 0] Pipeline 'egress': start
[09:02:52.499] [bmv2] [D] [thread 92916] [8.0] [cxt 0] Pipeline 'egress': end
[09:02:52.499] [bmv2] [D] [thread 92916] [8.0] [cxt 0] Deparser 'deparser': start
[09:02:52.499] [bmv2] [D] [thread 92916] [8.0] [cxt 0] Deparsing header 'ethernet'
[09:02:52.499] [bmv2] [D] [thread 92916] [8.0] [cxt 0] Deparser 'deparser': end
[09:02:52.499] [bmv2] [D] [thread 92920] [8.0] [cxt 0] Transmitting packet of size 211 out of port 0
[09:02:52.516] [bmv2] [D] [thread 92915] [9.0] [cxt 0] Processing packet received on port 1
[09:02:52.516] [bmv2] [D] [thread 92915] [9.0] [cxt 0] Parser 'parser': start
[09:02:52.516] [bmv2] [D] [thread 92915] [9.0] [cxt 0] Parser 'parser' entering state 'start'
[09:02:52.516] [bmv2] [D] [thread 92915] [9.0] [cxt 0] Extracting header 'ethernet'
[09:02:52.516] [bmv2] [D] [thread 92915] [9.0] [cxt 0] Parser state 'start': key is 86dd
[09:02:52.516] [bmv2] [T] [thread 92915] [9.0] [cxt 0] Bytes parsed: 14
[09:02:52.516] [bmv2] [D] [thread 92915] [9.0] [cxt 0] Parser 'parser': end
[09:02:52.516] [bmv2] [D] [thread 92915] [9.0] [cxt 0] Pipeline 'ingress': start
[09:02:52.516] [bmv2] [T] [thread 92915] [9.0] [cxt 0] switch.p4(147) Condition "hdr.icn.isValid()" (node_2) is false
[09:02:52.516] [bmv2] [T] [thread 92915] [9.0] [cxt 0] switch.p4(164) Condition "hdr.payload.flag == 1" (node_13) is false
[09:02:52.516] [bmv2] [T] [thread 92915] [9.0] [cxt 0] Applying table 'tbl_data_forward_0'
[09:02:52.516] [bmv2] [D] [thread 92915] [9.0] [cxt 0] Looking up key:

[09:02:52.516] [bmv2] [D] [thread 92915] [9.0] [cxt 0] Table 'tbl_data_forward_0': miss
[09:02:52.516] [bmv2] [D] [thread 92915] [9.0] [cxt 0] Action entry is MyIngress.data_forward - 
[09:02:52.516] [bmv2] [T] [thread 92915] [9.0] [cxt 0] Action MyIngress.data_forward
[09:02:52.516] [bmv2] [T] [thread 92915] [9.0] [cxt 0] switch.p4(97) Primitive pit_table.read(egress_port, hdr.payload.content_id)
[09:02:52.516] [bmv2] [T] [thread 92915] [9.0] [cxt 0] Read register 'MyIngress.pit_table' at index 0 read value 0
[09:02:52.516] [bmv2] [T] [thread 92915] [9.0] [cxt 0] switch.p4(98) Primitive standard_metadata.egress_spec = egress_port
[09:02:52.516] [bmv2] [T] [thread 92915] [9.0] [cxt 0] switch.p4(99) Primitive pit_table.write(hdr.payload.content_id, 0)
[09:02:52.516] [bmv2] [T] [thread 92915] [9.0] [cxt 0] Wrote register 'MyIngress.pit_table' at index 0 with value 0
[09:02:52.516] [bmv2] [T] [thread 92915] [9.0] [cxt 0] switch.p4(100) Primitive hdr.ethernet.srcAddr = 0xFFFFFFFFFFFF
[09:02:52.516] [bmv2] [T] [thread 92915] [9.0] [cxt 0] switch.p4(101) Primitive hdr.ethernet.dstAddr = 0xFFFFFFFFFFFF
[09:02:52.516] [bmv2] [T] [thread 92915] [9.0] [cxt 0] switch.p4(102) Primitive hdr.payload.ttl = hdr.payload.ttl - 1
[09:02:52.516] [bmv2] [D] [thread 92915] [9.0] [cxt 0] Pipeline 'ingress': end
[09:02:52.516] [bmv2] [D] [thread 92915] [9.0] [cxt 0] Egress port is 0
[09:02:52.516] [bmv2] [D] [thread 92916] [9.0] [cxt 0] Pipeline 'egress': start
[09:02:52.516] [bmv2] [D] [thread 92916] [9.0] [cxt 0] Pipeline 'egress': end
[09:02:52.516] [bmv2] [D] [thread 92916] [9.0] [cxt 0] Deparser 'deparser': start
[09:02:52.516] [bmv2] [D] [thread 92916] [9.0] [cxt 0] Deparsing header 'ethernet'
[09:02:52.516] [bmv2] [D] [thread 92916] [9.0] [cxt 0] Deparser 'deparser': end
[09:02:52.516] [bmv2] [D] [thread 92920] [9.0] [cxt 0] Transmitting packet of size 203 out of port 0
[09:02:52.563] [bmv2] [D] [thread 92915] [10.0] [cxt 0] Processing packet received on port 2
[09:02:52.563] [bmv2] [D] [thread 92915] [10.0] [cxt 0] Parser 'parser': start
[09:02:52.563] [bmv2] [D] [thread 92915] [10.0] [cxt 0] Parser 'parser' entering state 'start'
[09:02:52.563] [bmv2] [D] [thread 92915] [10.0] [cxt 0] Extracting header 'ethernet'
[09:02:52.563] [bmv2] [D] [thread 92915] [10.0] [cxt 0] Parser state 'start': key is 86dd
[09:02:52.563] [bmv2] [T] [thread 92915] [10.0] [cxt 0] Bytes parsed: 14
[09:02:52.563] [bmv2] [D] [thread 92915] [10.0] [cxt 0] Parser 'parser': end
[09:02:52.563] [bmv2] [D] [thread 92915] [10.0] [cxt 0] Pipeline 'ingress': start
[09:02:52.563] [bmv2] [T] [thread 92915] [10.0] [cxt 0] switch.p4(147) Condition "hdr.icn.isValid()" (node_2) is false
[09:02:52.563] [bmv2] [T] [thread 92915] [10.0] [cxt 0] switch.p4(164) Condition "hdr.payload.flag == 1" (node_13) is false
[09:02:52.563] [bmv2] [T] [thread 92915] [10.0] [cxt 0] Applying table 'tbl_data_forward_0'
[09:02:52.563] [bmv2] [D] [thread 92915] [10.0] [cxt 0] Looking up key:

[09:02:52.563] [bmv2] [D] [thread 92915] [10.0] [cxt 0] Table 'tbl_data_forward_0': miss
[09:02:52.563] [bmv2] [D] [thread 92915] [10.0] [cxt 0] Action entry is MyIngress.data_forward - 
[09:02:52.569] [bmv2] [T] [thread 92915] [10.0] [cxt 0] Action MyIngress.data_forward
[09:02:52.569] [bmv2] [T] [thread 92915] [10.0] [cxt 0] switch.p4(97) Primitive pit_table.read(egress_port, hdr.payload.content_id)
[09:02:52.569] [bmv2] [T] [thread 92915] [10.0] [cxt 0] Read register 'MyIngress.pit_table' at index 0 read value 0
[09:02:52.569] [bmv2] [T] [thread 92915] [10.0] [cxt 0] switch.p4(98) Primitive standard_metadata.egress_spec = egress_port
[09:02:52.569] [bmv2] [T] [thread 92915] [10.0] [cxt 0] switch.p4(99) Primitive pit_table.write(hdr.payload.content_id, 0)
[09:02:52.569] [bmv2] [T] [thread 92915] [10.0] [cxt 0] Wrote register 'MyIngress.pit_table' at index 0 with value 0
[09:02:52.569] [bmv2] [T] [thread 92915] [10.0] [cxt 0] switch.p4(100) Primitive hdr.ethernet.srcAddr = 0xFFFFFFFFFFFF
[09:02:52.569] [bmv2] [T] [thread 92915] [10.0] [cxt 0] switch.p4(101) Primitive hdr.ethernet.dstAddr = 0xFFFFFFFFFFFF
[09:02:52.569] [bmv2] [T] [thread 92915] [10.0] [cxt 0] switch.p4(102) Primitive hdr.payload.ttl = hdr.payload.ttl - 1
[09:02:52.569] [bmv2] [D] [thread 92915] [10.0] [cxt 0] Pipeline 'ingress': end
[09:02:52.569] [bmv2] [D] [thread 92915] [10.0] [cxt 0] Egress port is 0
[09:02:52.569] [bmv2] [D] [thread 92916] [10.0] [cxt 0] Pipeline 'egress': start
[09:02:52.569] [bmv2] [D] [thread 92916] [10.0] [cxt 0] Pipeline 'egress': end
[09:02:52.569] [bmv2] [D] [thread 92916] [10.0] [cxt 0] Deparser 'deparser': start
[09:02:52.569] [bmv2] [D] [thread 92916] [10.0] [cxt 0] Deparsing header 'ethernet'
[09:02:52.569] [bmv2] [D] [thread 92916] [10.0] [cxt 0] Deparser 'deparser': end
[09:02:52.569] [bmv2] [D] [thread 92920] [10.0] [cxt 0] Transmitting packet of size 211 out of port 0
[09:02:52.690] [bmv2] [D] [thread 92915] [11.0] [cxt 0] Processing packet received on port 1
[09:02:52.690] [bmv2] [D] [thread 92915] [11.0] [cxt 0] Parser 'parser': start
[09:02:52.690] [bmv2] [D] [thread 92915] [11.0] [cxt 0] Parser 'parser' entering state 'start'
[09:02:52.690] [bmv2] [D] [thread 92915] [11.0] [cxt 0] Extracting header 'ethernet'
[09:02:52.690] [bmv2] [D] [thread 92915] [11.0] [cxt 0] Parser state 'start': key is 86dd
[09:02:52.690] [bmv2] [T] [thread 92915] [11.0] [cxt 0] Bytes parsed: 14
[09:02:52.690] [bmv2] [D] [thread 92915] [11.0] [cxt 0] Parser 'parser': end
[09:02:52.690] [bmv2] [D] [thread 92915] [11.0] [cxt 0] Pipeline 'ingress': start
[09:02:52.690] [bmv2] [T] [thread 92915] [11.0] [cxt 0] switch.p4(147) Condition "hdr.icn.isValid()" (node_2) is false
[09:02:52.690] [bmv2] [T] [thread 92915] [11.0] [cxt 0] switch.p4(164) Condition "hdr.payload.flag == 1" (node_13) is false
[09:02:52.690] [bmv2] [T] [thread 92915] [11.0] [cxt 0] Applying table 'tbl_data_forward_0'
[09:02:52.690] [bmv2] [D] [thread 92915] [11.0] [cxt 0] Looking up key:

[09:02:52.690] [bmv2] [D] [thread 92915] [11.0] [cxt 0] Table 'tbl_data_forward_0': miss
[09:02:52.690] [bmv2] [D] [thread 92915] [11.0] [cxt 0] Action entry is MyIngress.data_forward - 
[09:02:52.690] [bmv2] [T] [thread 92915] [11.0] [cxt 0] Action MyIngress.data_forward
[09:02:52.690] [bmv2] [T] [thread 92915] [11.0] [cxt 0] switch.p4(97) Primitive pit_table.read(egress_port, hdr.payload.content_id)
[09:02:52.690] [bmv2] [T] [thread 92915] [11.0] [cxt 0] Read register 'MyIngress.pit_table' at index 0 read value 0
[09:02:52.690] [bmv2] [T] [thread 92915] [11.0] [cxt 0] switch.p4(98) Primitive standard_metadata.egress_spec = egress_port
[09:02:52.690] [bmv2] [T] [thread 92915] [11.0] [cxt 0] switch.p4(99) Primitive pit_table.write(hdr.payload.content_id, 0)
[09:02:52.690] [bmv2] [T] [thread 92915] [11.0] [cxt 0] Wrote register 'MyIngress.pit_table' at index 0 with value 0
[09:02:52.690] [bmv2] [T] [thread 92915] [11.0] [cxt 0] switch.p4(100) Primitive hdr.ethernet.srcAddr = 0xFFFFFFFFFFFF
[09:02:52.690] [bmv2] [T] [thread 92915] [11.0] [cxt 0] switch.p4(101) Primitive hdr.ethernet.dstAddr = 0xFFFFFFFFFFFF
[09:02:52.690] [bmv2] [T] [thread 92915] [11.0] [cxt 0] switch.p4(102) Primitive hdr.payload.ttl = hdr.payload.ttl - 1
[09:02:52.690] [bmv2] [D] [thread 92915] [11.0] [cxt 0] Pipeline 'ingress': end
[09:02:52.690] [bmv2] [D] [thread 92915] [11.0] [cxt 0] Egress port is 0
[09:02:52.690] [bmv2] [D] [thread 92916] [11.0] [cxt 0] Pipeline 'egress': start
[09:02:52.690] [bmv2] [D] [thread 92916] [11.0] [cxt 0] Pipeline 'egress': end
[09:02:52.690] [bmv2] [D] [thread 92916] [11.0] [cxt 0] Deparser 'deparser': start
[09:02:52.690] [bmv2] [D] [thread 92916] [11.0] [cxt 0] Deparsing header 'ethernet'
[09:02:52.690] [bmv2] [D] [thread 92916] [11.0] [cxt 0] Deparser 'deparser': end
[09:02:52.690] [bmv2] [D] [thread 92920] [11.0] [cxt 0] Transmitting packet of size 90 out of port 0
[09:02:52.770] [bmv2] [D] [thread 92915] [12.0] [cxt 0] Processing packet received on port 1
[09:02:52.770] [bmv2] [D] [thread 92915] [12.0] [cxt 0] Parser 'parser': start
[09:02:52.770] [bmv2] [D] [thread 92915] [12.0] [cxt 0] Parser 'parser' entering state 'start'
[09:02:52.770] [bmv2] [D] [thread 92915] [12.0] [cxt 0] Extracting header 'ethernet'
[09:02:52.770] [bmv2] [D] [thread 92915] [12.0] [cxt 0] Parser state 'start': key is 86dd
[09:02:52.770] [bmv2] [T] [thread 92915] [12.0] [cxt 0] Bytes parsed: 14
[09:02:52.770] [bmv2] [D] [thread 92915] [12.0] [cxt 0] Parser 'parser': end
[09:02:52.770] [bmv2] [D] [thread 92915] [12.0] [cxt 0] Pipeline 'ingress': start
[09:02:52.770] [bmv2] [T] [thread 92915] [12.0] [cxt 0] switch.p4(147) Condition "hdr.icn.isValid()" (node_2) is false
[09:02:52.770] [bmv2] [T] [thread 92915] [12.0] [cxt 0] switch.p4(164) Condition "hdr.payload.flag == 1" (node_13) is false
[09:02:52.770] [bmv2] [T] [thread 92915] [12.0] [cxt 0] Applying table 'tbl_data_forward_0'
[09:02:52.770] [bmv2] [D] [thread 92915] [12.0] [cxt 0] Looking up key:

[09:02:52.770] [bmv2] [D] [thread 92915] [12.0] [cxt 0] Table 'tbl_data_forward_0': miss
[09:02:52.770] [bmv2] [D] [thread 92915] [12.0] [cxt 0] Action entry is MyIngress.data_forward - 
[09:02:52.770] [bmv2] [T] [thread 92915] [12.0] [cxt 0] Action MyIngress.data_forward
[09:02:52.770] [bmv2] [T] [thread 92915] [12.0] [cxt 0] switch.p4(97) Primitive pit_table.read(egress_port, hdr.payload.content_id)
[09:02:52.770] [bmv2] [T] [thread 92915] [12.0] [cxt 0] Read register 'MyIngress.pit_table' at index 0 read value 0
[09:02:52.770] [bmv2] [T] [thread 92915] [12.0] [cxt 0] switch.p4(98) Primitive standard_metadata.egress_spec = egress_port
[09:02:52.770] [bmv2] [T] [thread 92915] [12.0] [cxt 0] switch.p4(99) Primitive pit_table.write(hdr.payload.content_id, 0)
[09:02:52.770] [bmv2] [T] [thread 92915] [12.0] [cxt 0] Wrote register 'MyIngress.pit_table' at index 0 with value 0
[09:02:52.770] [bmv2] [T] [thread 92915] [12.0] [cxt 0] switch.p4(100) Primitive hdr.ethernet.srcAddr = 0xFFFFFFFFFFFF
[09:02:52.770] [bmv2] [T] [thread 92915] [12.0] [cxt 0] switch.p4(101) Primitive hdr.ethernet.dstAddr = 0xFFFFFFFFFFFF
[09:02:52.770] [bmv2] [T] [thread 92915] [12.0] [cxt 0] switch.p4(102) Primitive hdr.payload.ttl = hdr.payload.ttl - 1
[09:02:52.770] [bmv2] [D] [thread 92915] [12.0] [cxt 0] Pipeline 'ingress': end
[09:02:52.770] [bmv2] [D] [thread 92915] [12.0] [cxt 0] Egress port is 0
[09:02:52.770] [bmv2] [D] [thread 92916] [12.0] [cxt 0] Pipeline 'egress': start
[09:02:52.770] [bmv2] [D] [thread 92915] [13.0] [cxt 0] Processing packet received on port 2
[09:02:52.781] [bmv2] [D] [thread 92915] [13.0] [cxt 0] Parser 'parser': start
[09:02:52.781] [bmv2] [D] [thread 92915] [13.0] [cxt 0] Parser 'parser' entering state 'start'
[09:02:52.781] [bmv2] [D] [thread 92915] [13.0] [cxt 0] Extracting header 'ethernet'
[09:02:52.781] [bmv2] [D] [thread 92915] [13.0] [cxt 0] Parser state 'start': key is 86dd
[09:02:52.781] [bmv2] [T] [thread 92915] [13.0] [cxt 0] Bytes parsed: 14
[09:02:52.781] [bmv2] [D] [thread 92915] [13.0] [cxt 0] Parser 'parser': end
[09:02:52.781] [bmv2] [D] [thread 92915] [13.0] [cxt 0] Pipeline 'ingress': start
[09:02:52.781] [bmv2] [T] [thread 92915] [13.0] [cxt 0] switch.p4(147) Condition "hdr.icn.isValid()" (node_2) is false
[09:02:52.781] [bmv2] [T] [thread 92915] [13.0] [cxt 0] switch.p4(164) Condition "hdr.payload.flag == 1" (node_13) is false
[09:02:52.781] [bmv2] [T] [thread 92915] [13.0] [cxt 0] Applying table 'tbl_data_forward_0'
[09:02:52.781] [bmv2] [D] [thread 92915] [13.0] [cxt 0] Looking up key:

[09:02:52.781] [bmv2] [D] [thread 92915] [13.0] [cxt 0] Table 'tbl_data_forward_0': miss
[09:02:52.781] [bmv2] [D] [thread 92915] [13.0] [cxt 0] Action entry is MyIngress.data_forward - 
[09:02:52.781] [bmv2] [T] [thread 92915] [13.0] [cxt 0] Action MyIngress.data_forward
[09:02:52.781] [bmv2] [T] [thread 92915] [13.0] [cxt 0] switch.p4(97) Primitive pit_table.read(egress_port, hdr.payload.content_id)
[09:02:52.781] [bmv2] [T] [thread 92915] [13.0] [cxt 0] Read register 'MyIngress.pit_table' at index 0 read value 0
[09:02:52.781] [bmv2] [T] [thread 92915] [13.0] [cxt 0] switch.p4(98) Primitive standard_metadata.egress_spec = egress_port
[09:02:52.781] [bmv2] [T] [thread 92915] [13.0] [cxt 0] switch.p4(99) Primitive pit_table.write(hdr.payload.content_id, 0)
[09:02:52.781] [bmv2] [T] [thread 92915] [13.0] [cxt 0] Wrote register 'MyIngress.pit_table' at index 0 with value 0
[09:02:52.781] [bmv2] [T] [thread 92915] [13.0] [cxt 0] switch.p4(100) Primitive hdr.ethernet.srcAddr = 0xFFFFFFFFFFFF
[09:02:52.781] [bmv2] [T] [thread 92915] [13.0] [cxt 0] switch.p4(101) Primitive hdr.ethernet.dstAddr = 0xFFFFFFFFFFFF
[09:02:52.781] [bmv2] [T] [thread 92915] [13.0] [cxt 0] switch.p4(102) Primitive hdr.payload.ttl = hdr.payload.ttl - 1
[09:02:52.781] [bmv2] [D] [thread 92915] [13.0] [cxt 0] Pipeline 'ingress': end
[09:02:52.781] [bmv2] [D] [thread 92915] [13.0] [cxt 0] Egress port is 0
[09:02:52.781] [bmv2] [D] [thread 92915] [14.0] [cxt 0] Processing packet received on port 2
[09:02:52.781] [bmv2] [D] [thread 92915] [14.0] [cxt 0] Parser 'parser': start
[09:02:52.781] [bmv2] [D] [thread 92915] [14.0] [cxt 0] Parser 'parser' entering state 'start'
[09:02:52.781] [bmv2] [D] [thread 92915] [14.0] [cxt 0] Extracting header 'ethernet'
[09:02:52.781] [bmv2] [D] [thread 92915] [14.0] [cxt 0] Parser state 'start': key is 86dd
[09:02:52.781] [bmv2] [T] [thread 92915] [14.0] [cxt 0] Bytes parsed: 14
[09:02:52.781] [bmv2] [D] [thread 92915] [14.0] [cxt 0] Parser 'parser': end
[09:02:52.781] [bmv2] [D] [thread 92915] [14.0] [cxt 0] Pipeline 'ingress': start
[09:02:52.781] [bmv2] [T] [thread 92915] [14.0] [cxt 0] switch.p4(147) Condition "hdr.icn.isValid()" (node_2) is false
[09:02:52.781] [bmv2] [T] [thread 92915] [14.0] [cxt 0] switch.p4(164) Condition "hdr.payload.flag == 1" (node_13) is false
[09:02:52.781] [bmv2] [T] [thread 92915] [14.0] [cxt 0] Applying table 'tbl_data_forward_0'
[09:02:52.781] [bmv2] [D] [thread 92915] [14.0] [cxt 0] Looking up key:

[09:02:52.781] [bmv2] [D] [thread 92915] [14.0] [cxt 0] Table 'tbl_data_forward_0': miss
[09:02:52.781] [bmv2] [D] [thread 92915] [14.0] [cxt 0] Action entry is MyIngress.data_forward - 
[09:02:52.781] [bmv2] [T] [thread 92915] [14.0] [cxt 0] Action MyIngress.data_forward
[09:02:52.781] [bmv2] [T] [thread 92915] [14.0] [cxt 0] switch.p4(97) Primitive pit_table.read(egress_port, hdr.payload.content_id)
[09:02:52.781] [bmv2] [T] [thread 92915] [14.0] [cxt 0] Read register 'MyIngress.pit_table' at index 0 read value 0
[09:02:52.781] [bmv2] [T] [thread 92915] [14.0] [cxt 0] switch.p4(98) Primitive standard_metadata.egress_spec = egress_port
[09:02:52.781] [bmv2] [T] [thread 92915] [14.0] [cxt 0] switch.p4(99) Primitive pit_table.write(hdr.payload.content_id, 0)
[09:02:52.781] [bmv2] [T] [thread 92915] [14.0] [cxt 0] Wrote register 'MyIngress.pit_table' at index 0 with value 0
[09:02:52.781] [bmv2] [T] [thread 92915] [14.0] [cxt 0] switch.p4(100) Primitive hdr.ethernet.srcAddr = 0xFFFFFFFFFFFF
[09:02:52.781] [bmv2] [T] [thread 92915] [14.0] [cxt 0] switch.p4(101) Primitive hdr.ethernet.dstAddr = 0xFFFFFFFFFFFF
[09:02:52.781] [bmv2] [T] [thread 92915] [14.0] [cxt 0] switch.p4(102) Primitive hdr.payload.ttl = hdr.payload.ttl - 1
[09:02:52.781] [bmv2] [D] [thread 92915] [14.0] [cxt 0] Pipeline 'ingress': end
[09:02:52.781] [bmv2] [D] [thread 92915] [14.0] [cxt 0] Egress port is 0
[09:02:52.781] [bmv2] [D] [thread 92915] [15.0] [cxt 0] Processing packet received on port 2
[09:02:52.781] [bmv2] [D] [thread 92915] [15.0] [cxt 0] Parser 'parser': start
[09:02:52.781] [bmv2] [D] [thread 92915] [15.0] [cxt 0] Parser 'parser' entering state 'start'
[09:02:52.781] [bmv2] [D] [thread 92915] [15.0] [cxt 0] Extracting header 'ethernet'
[09:02:52.781] [bmv2] [D] [thread 92915] [15.0] [cxt 0] Parser state 'start': key is 86dd
[09:02:52.781] [bmv2] [T] [thread 92915] [15.0] [cxt 0] Bytes parsed: 14
[09:02:52.781] [bmv2] [D] [thread 92915] [15.0] [cxt 0] Parser 'parser': end
[09:02:52.781] [bmv2] [D] [thread 92915] [15.0] [cxt 0] Pipeline 'ingress': start
[09:02:52.781] [bmv2] [T] [thread 92915] [15.0] [cxt 0] switch.p4(147) Condition "hdr.icn.isValid()" (node_2) is false
[09:02:52.781] [bmv2] [T] [thread 92915] [15.0] [cxt 0] switch.p4(164) Condition "hdr.payload.flag == 1" (node_13) is false
[09:02:52.781] [bmv2] [T] [thread 92915] [15.0] [cxt 0] Applying table 'tbl_data_forward_0'
[09:02:52.781] [bmv2] [D] [thread 92915] [15.0] [cxt 0] Looking up key:

[09:02:52.781] [bmv2] [D] [thread 92915] [15.0] [cxt 0] Table 'tbl_data_forward_0': miss
[09:02:52.781] [bmv2] [D] [thread 92915] [15.0] [cxt 0] Action entry is MyIngress.data_forward - 
[09:02:52.781] [bmv2] [T] [thread 92915] [15.0] [cxt 0] Action MyIngress.data_forward
[09:02:52.781] [bmv2] [T] [thread 92915] [15.0] [cxt 0] switch.p4(97) Primitive pit_table.read(egress_port, hdr.payload.content_id)
[09:02:52.781] [bmv2] [T] [thread 92915] [15.0] [cxt 0] Read register 'MyIngress.pit_table' at index 0 read value 0
[09:02:52.781] [bmv2] [T] [thread 92915] [15.0] [cxt 0] switch.p4(98) Primitive standard_metadata.egress_spec = egress_port
[09:02:52.781] [bmv2] [T] [thread 92915] [15.0] [cxt 0] switch.p4(99) Primitive pit_table.write(hdr.payload.content_id, 0)
[09:02:52.781] [bmv2] [T] [thread 92915] [15.0] [cxt 0] Wrote register 'MyIngress.pit_table' at index 0 with value 0
[09:02:52.781] [bmv2] [T] [thread 92915] [15.0] [cxt 0] switch.p4(100) Primitive hdr.ethernet.srcAddr = 0xFFFFFFFFFFFF
[09:02:52.781] [bmv2] [T] [thread 92915] [15.0] [cxt 0] switch.p4(101) Primitive hdr.ethernet.dstAddr = 0xFFFFFFFFFFFF
[09:02:52.781] [bmv2] [T] [thread 92915] [15.0] [cxt 0] switch.p4(102) Primitive hdr.payload.ttl = hdr.payload.ttl - 1
[09:02:52.781] [bmv2] [D] [thread 92915] [15.0] [cxt 0] Pipeline 'ingress': end
[09:02:52.781] [bmv2] [D] [thread 92915] [15.0] [cxt 0] Egress port is 0
[09:02:52.781] [bmv2] [D] [thread 92916] [12.0] [cxt 0] Pipeline 'egress': end
[09:02:52.781] [bmv2] [D] [thread 92916] [12.0] [cxt 0] Deparser 'deparser': start
[09:02:52.781] [bmv2] [D] [thread 92916] [12.0] [cxt 0] Deparsing header 'ethernet'
[09:02:52.781] [bmv2] [D] [thread 92916] [12.0] [cxt 0] Deparser 'deparser': end
[09:02:52.781] [bmv2] [D] [thread 92920] [12.0] [cxt 0] Transmitting packet of size 211 out of port 0
[09:02:52.781] [bmv2] [D] [thread 92916] [13.0] [cxt 0] Pipeline 'egress': start
[09:02:52.781] [bmv2] [D] [thread 92916] [13.0] [cxt 0] Pipeline 'egress': end
[09:02:52.781] [bmv2] [D] [thread 92916] [13.0] [cxt 0] Deparser 'deparser': start
[09:02:52.781] [bmv2] [D] [thread 92916] [13.0] [cxt 0] Deparsing header 'ethernet'
[09:02:52.781] [bmv2] [D] [thread 92916] [13.0] [cxt 0] Deparser 'deparser': end
[09:02:52.781] [bmv2] [D] [thread 92920] [13.0] [cxt 0] Transmitting packet of size 90 out of port 0
[09:02:52.781] [bmv2] [D] [thread 92916] [14.0] [cxt 0] Pipeline 'egress': start
[09:02:52.781] [bmv2] [D] [thread 92916] [14.0] [cxt 0] Pipeline 'egress': end
[09:02:52.781] [bmv2] [D] [thread 92916] [14.0] [cxt 0] Deparser 'deparser': start
[09:02:52.781] [bmv2] [D] [thread 92916] [14.0] [cxt 0] Deparsing header 'ethernet'
[09:02:52.781] [bmv2] [D] [thread 92916] [14.0] [cxt 0] Deparser 'deparser': end
[09:02:52.781] [bmv2] [D] [thread 92920] [14.0] [cxt 0] Transmitting packet of size 70 out of port 0
[09:02:52.781] [bmv2] [D] [thread 92916] [15.0] [cxt 0] Pipeline 'egress': start
[09:02:52.781] [bmv2] [D] [thread 92916] [15.0] [cxt 0] Pipeline 'egress': end
[09:02:52.781] [bmv2] [D] [thread 92916] [15.0] [cxt 0] Deparser 'deparser': start
[09:02:52.781] [bmv2] [D] [thread 92916] [15.0] [cxt 0] Deparsing header 'ethernet'
[09:02:52.781] [bmv2] [D] [thread 92916] [15.0] [cxt 0] Deparser 'deparser': end
[09:02:52.781] [bmv2] [D] [thread 92920] [15.0] [cxt 0] Transmitting packet of size 90 out of port 0
[09:02:52.837] [bmv2] [D] [thread 92915] [16.0] [cxt 0] Processing packet received on port 2
[09:02:52.837] [bmv2] [D] [thread 92915] [16.0] [cxt 0] Parser 'parser': start
[09:02:52.837] [bmv2] [D] [thread 92915] [16.0] [cxt 0] Parser 'parser' entering state 'start'
[09:02:52.837] [bmv2] [D] [thread 92915] [16.0] [cxt 0] Extracting header 'ethernet'
[09:02:52.837] [bmv2] [D] [thread 92915] [16.0] [cxt 0] Parser state 'start': key is 86dd
[09:02:52.837] [bmv2] [T] [thread 92915] [16.0] [cxt 0] Bytes parsed: 14
[09:02:52.837] [bmv2] [D] [thread 92915] [16.0] [cxt 0] Parser 'parser': end
[09:02:52.837] [bmv2] [D] [thread 92915] [16.0] [cxt 0] Pipeline 'ingress': start
[09:02:52.837] [bmv2] [T] [thread 92915] [16.0] [cxt 0] switch.p4(147) Condition "hdr.icn.isValid()" (node_2) is false
[09:02:52.837] [bmv2] [T] [thread 92915] [16.0] [cxt 0] switch.p4(164) Condition "hdr.payload.flag == 1" (node_13) is false
[09:02:52.837] [bmv2] [T] [thread 92915] [16.0] [cxt 0] Applying table 'tbl_data_forward_0'
[09:02:52.837] [bmv2] [D] [thread 92915] [16.0] [cxt 0] Looking up key:

[09:02:52.837] [bmv2] [D] [thread 92915] [16.0] [cxt 0] Table 'tbl_data_forward_0': miss
[09:02:52.837] [bmv2] [D] [thread 92915] [16.0] [cxt 0] Action entry is MyIngress.data_forward - 
[09:02:52.837] [bmv2] [T] [thread 92915] [16.0] [cxt 0] Action MyIngress.data_forward
[09:02:52.837] [bmv2] [T] [thread 92915] [16.0] [cxt 0] switch.p4(97) Primitive pit_table.read(egress_port, hdr.payload.content_id)
[09:02:52.837] [bmv2] [T] [thread 92915] [16.0] [cxt 0] Read register 'MyIngress.pit_table' at index 0 read value 0
[09:02:52.837] [bmv2] [T] [thread 92915] [16.0] [cxt 0] switch.p4(98) Primitive standard_metadata.egress_spec = egress_port
[09:02:52.837] [bmv2] [T] [thread 92915] [16.0] [cxt 0] switch.p4(99) Primitive pit_table.write(hdr.payload.content_id, 0)
[09:02:52.837] [bmv2] [T] [thread 92915] [16.0] [cxt 0] Wrote register 'MyIngress.pit_table' at index 0 with value 0
[09:02:52.837] [bmv2] [T] [thread 92915] [16.0] [cxt 0] switch.p4(100) Primitive hdr.ethernet.srcAddr = 0xFFFFFFFFFFFF
[09:02:52.837] [bmv2] [T] [thread 92915] [16.0] [cxt 0] switch.p4(101) Primitive hdr.ethernet.dstAddr = 0xFFFFFFFFFFFF
[09:02:52.837] [bmv2] [T] [thread 92915] [16.0] [cxt 0] switch.p4(102) Primitive hdr.payload.ttl = hdr.payload.ttl - 1
[09:02:52.837] [bmv2] [D] [thread 92915] [16.0] [cxt 0] Pipeline 'ingress': end
[09:02:52.837] [bmv2] [D] [thread 92915] [16.0] [cxt 0] Egress port is 0
[09:02:52.837] [bmv2] [D] [thread 92916] [16.0] [cxt 0] Pipeline 'egress': start
[09:02:52.837] [bmv2] [D] [thread 92916] [16.0] [cxt 0] Pipeline 'egress': end
[09:02:52.837] [bmv2] [D] [thread 92916] [16.0] [cxt 0] Deparser 'deparser': start
[09:02:52.837] [bmv2] [D] [thread 92916] [16.0] [cxt 0] Deparsing header 'ethernet'
[09:02:52.837] [bmv2] [D] [thread 92916] [16.0] [cxt 0] Deparser 'deparser': end
[09:02:52.837] [bmv2] [D] [thread 92920] [16.0] [cxt 0] Transmitting packet of size 211 out of port 0
[09:02:52.864] [bmv2] [D] [thread 92915] [17.0] [cxt 0] Processing packet received on port 2
[09:02:52.864] [bmv2] [D] [thread 92915] [17.0] [cxt 0] Parser 'parser': start
[09:02:52.864] [bmv2] [D] [thread 92915] [17.0] [cxt 0] Parser 'parser' entering state 'start'
[09:02:52.864] [bmv2] [D] [thread 92915] [17.0] [cxt 0] Extracting header 'ethernet'
[09:02:52.864] [bmv2] [D] [thread 92915] [17.0] [cxt 0] Parser state 'start': key is 86dd
[09:02:52.864] [bmv2] [T] [thread 92915] [17.0] [cxt 0] Bytes parsed: 14
[09:02:52.864] [bmv2] [D] [thread 92915] [17.0] [cxt 0] Parser 'parser': end
[09:02:52.864] [bmv2] [D] [thread 92915] [17.0] [cxt 0] Pipeline 'ingress': start
[09:02:52.864] [bmv2] [T] [thread 92915] [17.0] [cxt 0] switch.p4(147) Condition "hdr.icn.isValid()" (node_2) is false
[09:02:52.864] [bmv2] [T] [thread 92915] [17.0] [cxt 0] switch.p4(164) Condition "hdr.payload.flag == 1" (node_13) is false
[09:02:52.864] [bmv2] [T] [thread 92915] [17.0] [cxt 0] Applying table 'tbl_data_forward_0'
[09:02:52.864] [bmv2] [D] [thread 92915] [17.0] [cxt 0] Looking up key:

[09:02:52.864] [bmv2] [D] [thread 92915] [17.0] [cxt 0] Table 'tbl_data_forward_0': miss
[09:02:52.864] [bmv2] [D] [thread 92915] [17.0] [cxt 0] Action entry is MyIngress.data_forward - 
[09:02:52.864] [bmv2] [T] [thread 92915] [17.0] [cxt 0] Action MyIngress.data_forward
[09:02:52.864] [bmv2] [T] [thread 92915] [17.0] [cxt 0] switch.p4(97) Primitive pit_table.read(egress_port, hdr.payload.content_id)
[09:02:52.864] [bmv2] [T] [thread 92915] [17.0] [cxt 0] Read register 'MyIngress.pit_table' at index 0 read value 0
[09:02:52.864] [bmv2] [T] [thread 92915] [17.0] [cxt 0] switch.p4(98) Primitive standard_metadata.egress_spec = egress_port
[09:02:52.864] [bmv2] [T] [thread 92915] [17.0] [cxt 0] switch.p4(99) Primitive pit_table.write(hdr.payload.content_id, 0)
[09:02:52.864] [bmv2] [T] [thread 92915] [17.0] [cxt 0] Wrote register 'MyIngress.pit_table' at index 0 with value 0
[09:02:52.864] [bmv2] [T] [thread 92915] [17.0] [cxt 0] switch.p4(100) Primitive hdr.ethernet.srcAddr = 0xFFFFFFFFFFFF
[09:02:52.864] [bmv2] [T] [thread 92915] [17.0] [cxt 0] switch.p4(101) Primitive hdr.ethernet.dstAddr = 0xFFFFFFFFFFFF
[09:02:52.864] [bmv2] [T] [thread 92915] [17.0] [cxt 0] switch.p4(102) Primitive hdr.payload.ttl = hdr.payload.ttl - 1
[09:02:52.864] [bmv2] [D] [thread 92915] [17.0] [cxt 0] Pipeline 'ingress': end
[09:02:52.864] [bmv2] [D] [thread 92915] [17.0] [cxt 0] Egress port is 0
[09:02:52.864] [bmv2] [D] [thread 92916] [17.0] [cxt 0] Pipeline 'egress': start
[09:02:52.864] [bmv2] [D] [thread 92916] [17.0] [cxt 0] Pipeline 'egress': end
[09:02:52.864] [bmv2] [D] [thread 92916] [17.0] [cxt 0] Deparser 'deparser': start
[09:02:52.864] [bmv2] [D] [thread 92916] [17.0] [cxt 0] Deparsing header 'ethernet'
[09:02:52.864] [bmv2] [D] [thread 92916] [17.0] [cxt 0] Deparser 'deparser': end
[09:02:52.864] [bmv2] [D] [thread 92920] [17.0] [cxt 0] Transmitting packet of size 211 out of port 0
[09:02:52.877] [bmv2] [D] [thread 92915] [18.0] [cxt 0] Processing packet received on port 2
[09:02:52.877] [bmv2] [D] [thread 92915] [18.0] [cxt 0] Parser 'parser': start
[09:02:52.877] [bmv2] [D] [thread 92915] [18.0] [cxt 0] Parser 'parser' entering state 'start'
[09:02:52.877] [bmv2] [D] [thread 92915] [18.0] [cxt 0] Extracting header 'ethernet'
[09:02:52.877] [bmv2] [D] [thread 92915] [18.0] [cxt 0] Parser state 'start': key is 86dd
[09:02:52.877] [bmv2] [T] [thread 92915] [18.0] [cxt 0] Bytes parsed: 14
[09:02:52.877] [bmv2] [D] [thread 92915] [18.0] [cxt 0] Parser 'parser': end
[09:02:52.877] [bmv2] [D] [thread 92915] [18.0] [cxt 0] Pipeline 'ingress': start
[09:02:52.877] [bmv2] [T] [thread 92915] [18.0] [cxt 0] switch.p4(147) Condition "hdr.icn.isValid()" (node_2) is false
[09:02:52.877] [bmv2] [T] [thread 92915] [18.0] [cxt 0] switch.p4(164) Condition "hdr.payload.flag == 1" (node_13) is false
[09:02:52.877] [bmv2] [T] [thread 92915] [18.0] [cxt 0] Applying table 'tbl_data_forward_0'
[09:02:52.877] [bmv2] [D] [thread 92915] [18.0] [cxt 0] Looking up key:

[09:02:52.877] [bmv2] [D] [thread 92915] [18.0] [cxt 0] Table 'tbl_data_forward_0': miss
[09:02:52.877] [bmv2] [D] [thread 92915] [18.0] [cxt 0] Action entry is MyIngress.data_forward - 
[09:02:52.877] [bmv2] [T] [thread 92915] [18.0] [cxt 0] Action MyIngress.data_forward
[09:02:52.877] [bmv2] [T] [thread 92915] [18.0] [cxt 0] switch.p4(97) Primitive pit_table.read(egress_port, hdr.payload.content_id)
[09:02:52.877] [bmv2] [T] [thread 92915] [18.0] [cxt 0] Read register 'MyIngress.pit_table' at index 0 read value 0
[09:02:52.877] [bmv2] [T] [thread 92915] [18.0] [cxt 0] switch.p4(98) Primitive standard_metadata.egress_spec = egress_port
[09:02:52.877] [bmv2] [T] [thread 92915] [18.0] [cxt 0] switch.p4(99) Primitive pit_table.write(hdr.payload.content_id, 0)
[09:02:52.877] [bmv2] [T] [thread 92915] [18.0] [cxt 0] Wrote register 'MyIngress.pit_table' at index 0 with value 0
[09:02:52.877] [bmv2] [T] [thread 92915] [18.0] [cxt 0] switch.p4(100) Primitive hdr.ethernet.srcAddr = 0xFFFFFFFFFFFF
[09:02:52.877] [bmv2] [T] [thread 92915] [18.0] [cxt 0] switch.p4(101) Primitive hdr.ethernet.dstAddr = 0xFFFFFFFFFFFF
[09:02:52.877] [bmv2] [T] [thread 92915] [18.0] [cxt 0] switch.p4(102) Primitive hdr.payload.ttl = hdr.payload.ttl - 1
[09:02:52.877] [bmv2] [D] [thread 92915] [18.0] [cxt 0] Pipeline 'ingress': end
[09:02:52.877] [bmv2] [D] [thread 92915] [18.0] [cxt 0] Egress port is 0
[09:02:52.877] [bmv2] [D] [thread 92916] [18.0] [cxt 0] Pipeline 'egress': start
[09:02:52.877] [bmv2] [D] [thread 92916] [18.0] [cxt 0] Pipeline 'egress': end
[09:02:52.877] [bmv2] [D] [thread 92916] [18.0] [cxt 0] Deparser 'deparser': start
[09:02:52.877] [bmv2] [D] [thread 92916] [18.0] [cxt 0] Deparsing header 'ethernet'
[09:02:52.877] [bmv2] [D] [thread 92916] [18.0] [cxt 0] Deparser 'deparser': end
[09:02:52.877] [bmv2] [D] [thread 92920] [18.0] [cxt 0] Transmitting packet of size 203 out of port 0
[09:02:52.965] [bmv2] [D] [thread 92915] [19.0] [cxt 0] Processing packet received on port 2
[09:02:52.965] [bmv2] [D] [thread 92915] [19.0] [cxt 0] Parser 'parser': start
[09:02:52.965] [bmv2] [D] [thread 92915] [19.0] [cxt 0] Parser 'parser' entering state 'start'
[09:02:52.965] [bmv2] [D] [thread 92915] [19.0] [cxt 0] Extracting header 'ethernet'
[09:02:52.965] [bmv2] [D] [thread 92915] [19.0] [cxt 0] Parser state 'start': key is 86dd
[09:02:52.965] [bmv2] [T] [thread 92915] [19.0] [cxt 0] Bytes parsed: 14
[09:02:52.965] [bmv2] [D] [thread 92915] [19.0] [cxt 0] Parser 'parser': end
[09:02:52.965] [bmv2] [D] [thread 92915] [19.0] [cxt 0] Pipeline 'ingress': start
[09:02:52.965] [bmv2] [T] [thread 92915] [19.0] [cxt 0] switch.p4(147) Condition "hdr.icn.isValid()" (node_2) is false
[09:02:52.965] [bmv2] [T] [thread 92915] [19.0] [cxt 0] switch.p4(164) Condition "hdr.payload.flag == 1" (node_13) is false
[09:02:52.965] [bmv2] [T] [thread 92915] [19.0] [cxt 0] Applying table 'tbl_data_forward_0'
[09:02:52.965] [bmv2] [D] [thread 92915] [19.0] [cxt 0] Looking up key:

[09:02:52.965] [bmv2] [D] [thread 92915] [19.0] [cxt 0] Table 'tbl_data_forward_0': miss
[09:02:52.965] [bmv2] [D] [thread 92915] [19.0] [cxt 0] Action entry is MyIngress.data_forward - 
[09:02:52.965] [bmv2] [T] [thread 92915] [19.0] [cxt 0] Action MyIngress.data_forward
[09:02:52.965] [bmv2] [T] [thread 92915] [19.0] [cxt 0] switch.p4(97) Primitive pit_table.read(egress_port, hdr.payload.content_id)
[09:02:52.965] [bmv2] [T] [thread 92915] [19.0] [cxt 0] Read register 'MyIngress.pit_table' at index 0 read value 0
[09:02:52.965] [bmv2] [T] [thread 92915] [19.0] [cxt 0] switch.p4(98) Primitive standard_metadata.egress_spec = egress_port
[09:02:52.965] [bmv2] [T] [thread 92915] [19.0] [cxt 0] switch.p4(99) Primitive pit_table.write(hdr.payload.content_id, 0)
[09:02:52.965] [bmv2] [T] [thread 92915] [19.0] [cxt 0] Wrote register 'MyIngress.pit_table' at index 0 with value 0
[09:02:52.965] [bmv2] [T] [thread 92915] [19.0] [cxt 0] switch.p4(100) Primitive hdr.ethernet.srcAddr = 0xFFFFFFFFFFFF
[09:02:52.965] [bmv2] [T] [thread 92915] [19.0] [cxt 0] switch.p4(101) Primitive hdr.ethernet.dstAddr = 0xFFFFFFFFFFFF
[09:02:52.965] [bmv2] [T] [thread 92915] [19.0] [cxt 0] switch.p4(102) Primitive hdr.payload.ttl = hdr.payload.ttl - 1
[09:02:52.965] [bmv2] [D] [thread 92915] [19.0] [cxt 0] Pipeline 'ingress': end
[09:02:52.965] [bmv2] [D] [thread 92915] [19.0] [cxt 0] Egress port is 0
[09:02:52.965] [bmv2] [D] [thread 92916] [19.0] [cxt 0] Pipeline 'egress': start
[09:02:52.965] [bmv2] [D] [thread 92916] [19.0] [cxt 0] Pipeline 'egress': end
[09:02:52.965] [bmv2] [D] [thread 92916] [19.0] [cxt 0] Deparser 'deparser': start
[09:02:52.965] [bmv2] [D] [thread 92916] [19.0] [cxt 0] Deparsing header 'ethernet'
[09:02:52.965] [bmv2] [D] [thread 92916] [19.0] [cxt 0] Deparser 'deparser': end
[09:02:52.965] [bmv2] [D] [thread 92920] [19.0] [cxt 0] Transmitting packet of size 90 out of port 0
[09:02:52.985] [bmv2] [D] [thread 92915] [20.0] [cxt 0] Processing packet received on port 2
[09:02:52.985] [bmv2] [D] [thread 92915] [20.0] [cxt 0] Parser 'parser': start
[09:02:52.985] [bmv2] [D] [thread 92915] [20.0] [cxt 0] Parser 'parser' entering state 'start'
[09:02:52.985] [bmv2] [D] [thread 92915] [20.0] [cxt 0] Extracting header 'ethernet'
[09:02:52.985] [bmv2] [D] [thread 92915] [20.0] [cxt 0] Parser state 'start': key is 86dd
[09:02:52.985] [bmv2] [T] [thread 92915] [20.0] [cxt 0] Bytes parsed: 14
[09:02:52.985] [bmv2] [D] [thread 92915] [20.0] [cxt 0] Parser 'parser': end
[09:02:52.985] [bmv2] [D] [thread 92915] [20.0] [cxt 0] Pipeline 'ingress': start
[09:02:52.985] [bmv2] [T] [thread 92915] [20.0] [cxt 0] switch.p4(147) Condition "hdr.icn.isValid()" (node_2) is false
[09:02:52.985] [bmv2] [T] [thread 92915] [20.0] [cxt 0] switch.p4(164) Condition "hdr.payload.flag == 1" (node_13) is false
[09:02:52.985] [bmv2] [T] [thread 92915] [20.0] [cxt 0] Applying table 'tbl_data_forward_0'
[09:02:52.985] [bmv2] [D] [thread 92915] [20.0] [cxt 0] Looking up key:

[09:02:52.985] [bmv2] [D] [thread 92915] [20.0] [cxt 0] Table 'tbl_data_forward_0': miss
[09:02:52.985] [bmv2] [D] [thread 92915] [20.0] [cxt 0] Action entry is MyIngress.data_forward - 
[09:02:52.985] [bmv2] [T] [thread 92915] [20.0] [cxt 0] Action MyIngress.data_forward
[09:02:52.985] [bmv2] [T] [thread 92915] [20.0] [cxt 0] switch.p4(97) Primitive pit_table.read(egress_port, hdr.payload.content_id)
[09:02:52.985] [bmv2] [T] [thread 92915] [20.0] [cxt 0] Read register 'MyIngress.pit_table' at index 0 read value 0
[09:02:52.985] [bmv2] [T] [thread 92915] [20.0] [cxt 0] switch.p4(98) Primitive standard_metadata.egress_spec = egress_port
[09:02:52.985] [bmv2] [T] [thread 92915] [20.0] [cxt 0] switch.p4(99) Primitive pit_table.write(hdr.payload.content_id, 0)
[09:02:52.985] [bmv2] [T] [thread 92915] [20.0] [cxt 0] Wrote register 'MyIngress.pit_table' at index 0 with value 0
[09:02:52.985] [bmv2] [T] [thread 92915] [20.0] [cxt 0] switch.p4(100) Primitive hdr.ethernet.srcAddr = 0xFFFFFFFFFFFF
[09:02:52.985] [bmv2] [T] [thread 92915] [20.0] [cxt 0] switch.p4(101) Primitive hdr.ethernet.dstAddr = 0xFFFFFFFFFFFF
[09:02:52.985] [bmv2] [T] [thread 92915] [20.0] [cxt 0] switch.p4(102) Primitive hdr.payload.ttl = hdr.payload.ttl - 1
[09:02:52.985] [bmv2] [D] [thread 92915] [20.0] [cxt 0] Pipeline 'ingress': end
[09:02:52.985] [bmv2] [D] [thread 92915] [20.0] [cxt 0] Egress port is 0
[09:02:52.985] [bmv2] [D] [thread 92916] [20.0] [cxt 0] Pipeline 'egress': start
[09:02:52.985] [bmv2] [D] [thread 92916] [20.0] [cxt 0] Pipeline 'egress': end
[09:02:52.985] [bmv2] [D] [thread 92916] [20.0] [cxt 0] Deparser 'deparser': start
[09:02:52.985] [bmv2] [D] [thread 92916] [20.0] [cxt 0] Deparsing header 'ethernet'
[09:02:52.985] [bmv2] [D] [thread 92916] [20.0] [cxt 0] Deparser 'deparser': end
[09:02:52.985] [bmv2] [D] [thread 92920] [20.0] [cxt 0] Transmitting packet of size 90 out of port 0
[09:02:53.046] [bmv2] [D] [thread 92915] [21.0] [cxt 0] Processing packet received on port 1
[09:02:53.046] [bmv2] [D] [thread 92915] [21.0] [cxt 0] Parser 'parser': start
[09:02:53.046] [bmv2] [D] [thread 92915] [21.0] [cxt 0] Parser 'parser' entering state 'start'
[09:02:53.046] [bmv2] [D] [thread 92915] [21.0] [cxt 0] Extracting header 'ethernet'
[09:02:53.046] [bmv2] [D] [thread 92915] [21.0] [cxt 0] Parser state 'start': key is 86dd
[09:02:53.046] [bmv2] [T] [thread 92915] [21.0] [cxt 0] Bytes parsed: 14
[09:02:53.046] [bmv2] [D] [thread 92915] [21.0] [cxt 0] Parser 'parser': end
[09:02:53.046] [bmv2] [D] [thread 92915] [21.0] [cxt 0] Pipeline 'ingress': start
[09:02:53.046] [bmv2] [T] [thread 92915] [21.0] [cxt 0] switch.p4(147) Condition "hdr.icn.isValid()" (node_2) is false
[09:02:53.046] [bmv2] [T] [thread 92915] [21.0] [cxt 0] switch.p4(164) Condition "hdr.payload.flag == 1" (node_13) is false
[09:02:53.046] [bmv2] [T] [thread 92915] [21.0] [cxt 0] Applying table 'tbl_data_forward_0'
[09:02:53.046] [bmv2] [D] [thread 92915] [21.0] [cxt 0] Looking up key:

[09:02:53.046] [bmv2] [D] [thread 92915] [21.0] [cxt 0] Table 'tbl_data_forward_0': miss
[09:02:53.046] [bmv2] [D] [thread 92915] [21.0] [cxt 0] Action entry is MyIngress.data_forward - 
[09:02:53.046] [bmv2] [T] [thread 92915] [21.0] [cxt 0] Action MyIngress.data_forward
[09:02:53.046] [bmv2] [T] [thread 92915] [21.0] [cxt 0] switch.p4(97) Primitive pit_table.read(egress_port, hdr.payload.content_id)
[09:02:53.046] [bmv2] [T] [thread 92915] [21.0] [cxt 0] Read register 'MyIngress.pit_table' at index 0 read value 0
[09:02:53.046] [bmv2] [T] [thread 92915] [21.0] [cxt 0] switch.p4(98) Primitive standard_metadata.egress_spec = egress_port
[09:02:53.046] [bmv2] [T] [thread 92915] [21.0] [cxt 0] switch.p4(99) Primitive pit_table.write(hdr.payload.content_id, 0)
[09:02:53.046] [bmv2] [T] [thread 92915] [21.0] [cxt 0] Wrote register 'MyIngress.pit_table' at index 0 with value 0
[09:02:53.046] [bmv2] [T] [thread 92915] [21.0] [cxt 0] switch.p4(100) Primitive hdr.ethernet.srcAddr = 0xFFFFFFFFFFFF
[09:02:53.046] [bmv2] [T] [thread 92915] [21.0] [cxt 0] switch.p4(101) Primitive hdr.ethernet.dstAddr = 0xFFFFFFFFFFFF
[09:02:53.046] [bmv2] [T] [thread 92915] [21.0] [cxt 0] switch.p4(102) Primitive hdr.payload.ttl = hdr.payload.ttl - 1
[09:02:53.046] [bmv2] [D] [thread 92915] [21.0] [cxt 0] Pipeline 'ingress': end
[09:02:53.046] [bmv2] [D] [thread 92915] [21.0] [cxt 0] Egress port is 0
[09:02:53.046] [bmv2] [D] [thread 92916] [21.0] [cxt 0] Pipeline 'egress': start
[09:02:53.046] [bmv2] [D] [thread 92916] [21.0] [cxt 0] Pipeline 'egress': end
[09:02:53.046] [bmv2] [D] [thread 92916] [21.0] [cxt 0] Deparser 'deparser': start
[09:02:53.046] [bmv2] [D] [thread 92916] [21.0] [cxt 0] Deparsing header 'ethernet'
[09:02:53.046] [bmv2] [D] [thread 92916] [21.0] [cxt 0] Deparser 'deparser': end
[09:02:53.046] [bmv2] [D] [thread 92920] [21.0] [cxt 0] Transmitting packet of size 211 out of port 0
[09:02:53.046] [bmv2] [D] [thread 92915] [22.0] [cxt 0] Processing packet received on port 2
[09:02:53.046] [bmv2] [D] [thread 92915] [22.0] [cxt 0] Parser 'parser': start
[09:02:53.046] [bmv2] [D] [thread 92915] [22.0] [cxt 0] Parser 'parser' entering state 'start'
[09:02:53.046] [bmv2] [D] [thread 92915] [22.0] [cxt 0] Extracting header 'ethernet'
[09:02:53.046] [bmv2] [D] [thread 92915] [22.0] [cxt 0] Parser state 'start': key is 86dd
[09:02:53.046] [bmv2] [T] [thread 92915] [22.0] [cxt 0] Bytes parsed: 14
[09:02:53.046] [bmv2] [D] [thread 92915] [22.0] [cxt 0] Parser 'parser': end
[09:02:53.046] [bmv2] [D] [thread 92915] [22.0] [cxt 0] Pipeline 'ingress': start
[09:02:53.046] [bmv2] [T] [thread 92915] [22.0] [cxt 0] switch.p4(147) Condition "hdr.icn.isValid()" (node_2) is false
[09:02:53.046] [bmv2] [T] [thread 92915] [22.0] [cxt 0] switch.p4(164) Condition "hdr.payload.flag == 1" (node_13) is false
[09:02:53.046] [bmv2] [T] [thread 92915] [22.0] [cxt 0] Applying table 'tbl_data_forward_0'
[09:02:53.046] [bmv2] [D] [thread 92915] [22.0] [cxt 0] Looking up key:

[09:02:53.046] [bmv2] [D] [thread 92915] [22.0] [cxt 0] Table 'tbl_data_forward_0': miss
[09:02:53.046] [bmv2] [D] [thread 92915] [22.0] [cxt 0] Action entry is MyIngress.data_forward - 
[09:02:53.046] [bmv2] [T] [thread 92915] [22.0] [cxt 0] Action MyIngress.data_forward
[09:02:53.046] [bmv2] [T] [thread 92915] [22.0] [cxt 0] switch.p4(97) Primitive pit_table.read(egress_port, hdr.payload.content_id)
[09:02:53.046] [bmv2] [T] [thread 92915] [22.0] [cxt 0] Read register 'MyIngress.pit_table' at index 0 read value 0
[09:02:53.046] [bmv2] [T] [thread 92915] [22.0] [cxt 0] switch.p4(98) Primitive standard_metadata.egress_spec = egress_port
[09:02:53.046] [bmv2] [T] [thread 92915] [22.0] [cxt 0] switch.p4(99) Primitive pit_table.write(hdr.payload.content_id, 0)
[09:02:53.046] [bmv2] [T] [thread 92915] [22.0] [cxt 0] Wrote register 'MyIngress.pit_table' at index 0 with value 0
[09:02:53.046] [bmv2] [T] [thread 92915] [22.0] [cxt 0] switch.p4(100) Primitive hdr.ethernet.srcAddr = 0xFFFFFFFFFFFF
[09:02:53.046] [bmv2] [T] [thread 92915] [22.0] [cxt 0] switch.p4(101) Primitive hdr.ethernet.dstAddr = 0xFFFFFFFFFFFF
[09:02:53.046] [bmv2] [T] [thread 92915] [22.0] [cxt 0] switch.p4(102) Primitive hdr.payload.ttl = hdr.payload.ttl - 1
[09:02:53.046] [bmv2] [D] [thread 92915] [22.0] [cxt 0] Pipeline 'ingress': end
[09:02:53.046] [bmv2] [D] [thread 92915] [22.0] [cxt 0] Egress port is 0
[09:02:53.046] [bmv2] [D] [thread 92916] [22.0] [cxt 0] Pipeline 'egress': start
[09:02:53.046] [bmv2] [D] [thread 92916] [22.0] [cxt 0] Pipeline 'egress': end
[09:02:53.046] [bmv2] [D] [thread 92916] [22.0] [cxt 0] Deparser 'deparser': start
[09:02:53.046] [bmv2] [D] [thread 92916] [22.0] [cxt 0] Deparsing header 'ethernet'
[09:02:53.046] [bmv2] [D] [thread 92916] [22.0] [cxt 0] Deparser 'deparser': end
[09:02:53.046] [bmv2] [D] [thread 92920] [22.0] [cxt 0] Transmitting packet of size 199 out of port 0
[09:02:53.120] [bmv2] [D] [thread 92915] [23.0] [cxt 0] Processing packet received on port 2
[09:02:53.120] [bmv2] [D] [thread 92915] [23.0] [cxt 0] Parser 'parser': start
[09:02:53.120] [bmv2] [D] [thread 92915] [23.0] [cxt 0] Parser 'parser' entering state 'start'
[09:02:53.120] [bmv2] [D] [thread 92915] [23.0] [cxt 0] Extracting header 'ethernet'
[09:02:53.120] [bmv2] [D] [thread 92915] [23.0] [cxt 0] Parser state 'start': key is 86dd
[09:02:53.120] [bmv2] [T] [thread 92915] [23.0] [cxt 0] Bytes parsed: 14
[09:02:53.120] [bmv2] [D] [thread 92915] [23.0] [cxt 0] Parser 'parser': end
[09:02:53.120] [bmv2] [D] [thread 92915] [23.0] [cxt 0] Pipeline 'ingress': start
[09:02:53.120] [bmv2] [T] [thread 92915] [23.0] [cxt 0] switch.p4(147) Condition "hdr.icn.isValid()" (node_2) is false
[09:02:53.120] [bmv2] [T] [thread 92915] [23.0] [cxt 0] switch.p4(164) Condition "hdr.payload.flag == 1" (node_13) is false
[09:02:53.120] [bmv2] [T] [thread 92915] [23.0] [cxt 0] Applying table 'tbl_data_forward_0'
[09:02:53.120] [bmv2] [D] [thread 92915] [23.0] [cxt 0] Looking up key:

[09:02:53.120] [bmv2] [D] [thread 92915] [23.0] [cxt 0] Table 'tbl_data_forward_0': miss
[09:02:53.120] [bmv2] [D] [thread 92915] [23.0] [cxt 0] Action entry is MyIngress.data_forward - 
[09:02:53.120] [bmv2] [T] [thread 92915] [23.0] [cxt 0] Action MyIngress.data_forward
[09:02:53.120] [bmv2] [T] [thread 92915] [23.0] [cxt 0] switch.p4(97) Primitive pit_table.read(egress_port, hdr.payload.content_id)
[09:02:53.120] [bmv2] [T] [thread 92915] [23.0] [cxt 0] Read register 'MyIngress.pit_table' at index 0 read value 0
[09:02:53.120] [bmv2] [T] [thread 92915] [23.0] [cxt 0] switch.p4(98) Primitive standard_metadata.egress_spec = egress_port
[09:02:53.120] [bmv2] [T] [thread 92915] [23.0] [cxt 0] switch.p4(99) Primitive pit_table.write(hdr.payload.content_id, 0)
[09:02:53.120] [bmv2] [T] [thread 92915] [23.0] [cxt 0] Wrote register 'MyIngress.pit_table' at index 0 with value 0
[09:02:53.120] [bmv2] [T] [thread 92915] [23.0] [cxt 0] switch.p4(100) Primitive hdr.ethernet.srcAddr = 0xFFFFFFFFFFFF
[09:02:53.120] [bmv2] [T] [thread 92915] [23.0] [cxt 0] switch.p4(101) Primitive hdr.ethernet.dstAddr = 0xFFFFFFFFFFFF
[09:02:53.120] [bmv2] [T] [thread 92915] [23.0] [cxt 0] switch.p4(102) Primitive hdr.payload.ttl = hdr.payload.ttl - 1
[09:02:53.120] [bmv2] [D] [thread 92915] [23.0] [cxt 0] Pipeline 'ingress': end
[09:02:53.120] [bmv2] [D] [thread 92915] [23.0] [cxt 0] Egress port is 0
[09:02:53.120] [bmv2] [D] [thread 92916] [23.0] [cxt 0] Pipeline 'egress': start
[09:02:53.120] [bmv2] [D] [thread 92916] [23.0] [cxt 0] Pipeline 'egress': end
[09:02:53.120] [bmv2] [D] [thread 92916] [23.0] [cxt 0] Deparser 'deparser': start
[09:02:53.120] [bmv2] [D] [thread 92916] [23.0] [cxt 0] Deparsing header 'ethernet'
[09:02:53.120] [bmv2] [D] [thread 92916] [23.0] [cxt 0] Deparser 'deparser': end
[09:02:53.120] [bmv2] [D] [thread 92920] [23.0] [cxt 0] Transmitting packet of size 211 out of port 0
[09:02:53.184] [bmv2] [D] [thread 92915] [24.0] [cxt 0] Processing packet received on port 2
[09:02:53.184] [bmv2] [D] [thread 92915] [24.0] [cxt 0] Parser 'parser': start
[09:02:53.184] [bmv2] [D] [thread 92915] [24.0] [cxt 0] Parser 'parser' entering state 'start'
[09:02:53.184] [bmv2] [D] [thread 92915] [24.0] [cxt 0] Extracting header 'ethernet'
[09:02:53.184] [bmv2] [D] [thread 92915] [24.0] [cxt 0] Parser state 'start': key is 86dd
[09:02:53.184] [bmv2] [T] [thread 92915] [24.0] [cxt 0] Bytes parsed: 14
[09:02:53.184] [bmv2] [D] [thread 92915] [24.0] [cxt 0] Parser 'parser': end
[09:02:53.184] [bmv2] [D] [thread 92915] [24.0] [cxt 0] Pipeline 'ingress': start
[09:02:53.184] [bmv2] [T] [thread 92915] [24.0] [cxt 0] switch.p4(147) Condition "hdr.icn.isValid()" (node_2) is false
[09:02:53.184] [bmv2] [T] [thread 92915] [24.0] [cxt 0] switch.p4(164) Condition "hdr.payload.flag == 1" (node_13) is false
[09:02:53.184] [bmv2] [T] [thread 92915] [24.0] [cxt 0] Applying table 'tbl_data_forward_0'
[09:02:53.184] [bmv2] [D] [thread 92915] [24.0] [cxt 0] Looking up key:

[09:02:53.184] [bmv2] [D] [thread 92915] [24.0] [cxt 0] Table 'tbl_data_forward_0': miss
[09:02:53.184] [bmv2] [D] [thread 92915] [24.0] [cxt 0] Action entry is MyIngress.data_forward - 
[09:02:53.184] [bmv2] [T] [thread 92915] [24.0] [cxt 0] Action MyIngress.data_forward
[09:02:53.184] [bmv2] [T] [thread 92915] [24.0] [cxt 0] switch.p4(97) Primitive pit_table.read(egress_port, hdr.payload.content_id)
[09:02:53.184] [bmv2] [T] [thread 92915] [24.0] [cxt 0] Read register 'MyIngress.pit_table' at index 0 read value 0
[09:02:53.184] [bmv2] [T] [thread 92915] [24.0] [cxt 0] switch.p4(98) Primitive standard_metadata.egress_spec = egress_port
[09:02:53.184] [bmv2] [T] [thread 92915] [24.0] [cxt 0] switch.p4(99) Primitive pit_table.write(hdr.payload.content_id, 0)
[09:02:53.184] [bmv2] [T] [thread 92915] [24.0] [cxt 0] Wrote register 'MyIngress.pit_table' at index 0 with value 0
[09:02:53.184] [bmv2] [T] [thread 92915] [24.0] [cxt 0] switch.p4(100) Primitive hdr.ethernet.srcAddr = 0xFFFFFFFFFFFF
[09:02:53.184] [bmv2] [T] [thread 92915] [24.0] [cxt 0] switch.p4(101) Primitive hdr.ethernet.dstAddr = 0xFFFFFFFFFFFF
[09:02:53.184] [bmv2] [T] [thread 92915] [24.0] [cxt 0] switch.p4(102) Primitive hdr.payload.ttl = hdr.payload.ttl - 1
[09:02:53.184] [bmv2] [D] [thread 92915] [24.0] [cxt 0] Pipeline 'ingress': end
[09:02:53.184] [bmv2] [D] [thread 92915] [24.0] [cxt 0] Egress port is 0
[09:02:53.184] [bmv2] [D] [thread 92916] [24.0] [cxt 0] Pipeline 'egress': start
[09:02:53.184] [bmv2] [D] [thread 92916] [24.0] [cxt 0] Pipeline 'egress': end
[09:02:53.184] [bmv2] [D] [thread 92916] [24.0] [cxt 0] Deparser 'deparser': start
[09:02:53.184] [bmv2] [D] [thread 92916] [24.0] [cxt 0] Deparsing header 'ethernet'
[09:02:53.184] [bmv2] [D] [thread 92916] [24.0] [cxt 0] Deparser 'deparser': end
[09:02:53.184] [bmv2] [D] [thread 92920] [24.0] [cxt 0] Transmitting packet of size 110 out of port 0
[09:02:53.215] [bmv2] [D] [thread 92915] [25.0] [cxt 0] Processing packet received on port 1
[09:02:53.215] [bmv2] [D] [thread 92915] [25.0] [cxt 0] Parser 'parser': start
[09:02:53.215] [bmv2] [D] [thread 92915] [25.0] [cxt 0] Parser 'parser' entering state 'start'
[09:02:53.215] [bmv2] [D] [thread 92915] [25.0] [cxt 0] Extracting header 'ethernet'
[09:02:53.215] [bmv2] [D] [thread 92915] [25.0] [cxt 0] Parser state 'start': key is 86dd
[09:02:53.215] [bmv2] [T] [thread 92915] [25.0] [cxt 0] Bytes parsed: 14
[09:02:53.215] [bmv2] [D] [thread 92915] [25.0] [cxt 0] Parser 'parser': end
[09:02:53.215] [bmv2] [D] [thread 92915] [25.0] [cxt 0] Pipeline 'ingress': start
[09:02:53.215] [bmv2] [T] [thread 92915] [25.0] [cxt 0] switch.p4(147) Condition "hdr.icn.isValid()" (node_2) is false
[09:02:53.215] [bmv2] [T] [thread 92915] [25.0] [cxt 0] switch.p4(164) Condition "hdr.payload.flag == 1" (node_13) is false
[09:02:53.215] [bmv2] [T] [thread 92915] [25.0] [cxt 0] Applying table 'tbl_data_forward_0'
[09:02:53.215] [bmv2] [D] [thread 92915] [25.0] [cxt 0] Looking up key:

[09:02:53.215] [bmv2] [D] [thread 92915] [25.0] [cxt 0] Table 'tbl_data_forward_0': miss
[09:02:53.215] [bmv2] [D] [thread 92915] [25.0] [cxt 0] Action entry is MyIngress.data_forward - 
[09:02:53.215] [bmv2] [T] [thread 92915] [25.0] [cxt 0] Action MyIngress.data_forward
[09:02:53.215] [bmv2] [T] [thread 92915] [25.0] [cxt 0] switch.p4(97) Primitive pit_table.read(egress_port, hdr.payload.content_id)
[09:02:53.215] [bmv2] [T] [thread 92915] [25.0] [cxt 0] Read register 'MyIngress.pit_table' at index 0 read value 0
[09:02:53.215] [bmv2] [T] [thread 92915] [25.0] [cxt 0] switch.p4(98) Primitive standard_metadata.egress_spec = egress_port
[09:02:53.215] [bmv2] [T] [thread 92915] [25.0] [cxt 0] switch.p4(99) Primitive pit_table.write(hdr.payload.content_id, 0)
[09:02:53.215] [bmv2] [T] [thread 92915] [25.0] [cxt 0] Wrote register 'MyIngress.pit_table' at index 0 with value 0
[09:02:53.215] [bmv2] [T] [thread 92915] [25.0] [cxt 0] switch.p4(100) Primitive hdr.ethernet.srcAddr = 0xFFFFFFFFFFFF
[09:02:53.215] [bmv2] [T] [thread 92915] [25.0] [cxt 0] switch.p4(101) Primitive hdr.ethernet.dstAddr = 0xFFFFFFFFFFFF
[09:02:53.215] [bmv2] [T] [thread 92915] [25.0] [cxt 0] switch.p4(102) Primitive hdr.payload.ttl = hdr.payload.ttl - 1
[09:02:53.215] [bmv2] [D] [thread 92915] [25.0] [cxt 0] Pipeline 'ingress': end
[09:02:53.215] [bmv2] [D] [thread 92915] [25.0] [cxt 0] Egress port is 0
[09:02:53.215] [bmv2] [D] [thread 92916] [25.0] [cxt 0] Pipeline 'egress': start
[09:02:53.215] [bmv2] [D] [thread 92916] [25.0] [cxt 0] Pipeline 'egress': end
[09:02:53.215] [bmv2] [D] [thread 92916] [25.0] [cxt 0] Deparser 'deparser': start
[09:02:53.215] [bmv2] [D] [thread 92916] [25.0] [cxt 0] Deparsing header 'ethernet'
[09:02:53.215] [bmv2] [D] [thread 92916] [25.0] [cxt 0] Deparser 'deparser': end
[09:02:53.215] [bmv2] [D] [thread 92920] [25.0] [cxt 0] Transmitting packet of size 199 out of port 0
[09:02:53.323] [bmv2] [D] [thread 92915] [26.0] [cxt 0] Processing packet received on port 2
[09:02:53.324] [bmv2] [D] [thread 92915] [26.0] [cxt 0] Parser 'parser': start
[09:02:53.324] [bmv2] [D] [thread 92915] [26.0] [cxt 0] Parser 'parser' entering state 'start'
[09:02:53.324] [bmv2] [D] [thread 92915] [26.0] [cxt 0] Extracting header 'ethernet'
[09:02:53.324] [bmv2] [D] [thread 92915] [26.0] [cxt 0] Parser state 'start': key is 86dd
[09:02:53.324] [bmv2] [T] [thread 92915] [26.0] [cxt 0] Bytes parsed: 14
[09:02:53.324] [bmv2] [D] [thread 92915] [26.0] [cxt 0] Parser 'parser': end
[09:02:53.324] [bmv2] [D] [thread 92915] [26.0] [cxt 0] Pipeline 'ingress': start
[09:02:53.324] [bmv2] [T] [thread 92915] [26.0] [cxt 0] switch.p4(147) Condition "hdr.icn.isValid()" (node_2) is false
[09:02:53.324] [bmv2] [T] [thread 92915] [26.0] [cxt 0] switch.p4(164) Condition "hdr.payload.flag == 1" (node_13) is false
[09:02:53.324] [bmv2] [T] [thread 92915] [26.0] [cxt 0] Applying table 'tbl_data_forward_0'
[09:02:53.324] [bmv2] [D] [thread 92915] [26.0] [cxt 0] Looking up key:

[09:02:53.324] [bmv2] [D] [thread 92915] [26.0] [cxt 0] Table 'tbl_data_forward_0': miss
[09:02:53.324] [bmv2] [D] [thread 92915] [26.0] [cxt 0] Action entry is MyIngress.data_forward - 
[09:02:53.324] [bmv2] [T] [thread 92915] [26.0] [cxt 0] Action MyIngress.data_forward
[09:02:53.324] [bmv2] [T] [thread 92915] [26.0] [cxt 0] switch.p4(97) Primitive pit_table.read(egress_port, hdr.payload.content_id)
[09:02:53.324] [bmv2] [T] [thread 92915] [26.0] [cxt 0] Read register 'MyIngress.pit_table' at index 0 read value 0
[09:02:53.324] [bmv2] [T] [thread 92915] [26.0] [cxt 0] switch.p4(98) Primitive standard_metadata.egress_spec = egress_port
[09:02:53.325] [bmv2] [T] [thread 92915] [26.0] [cxt 0] switch.p4(99) Primitive pit_table.write(hdr.payload.content_id, 0)
[09:02:53.325] [bmv2] [T] [thread 92915] [26.0] [cxt 0] Wrote register 'MyIngress.pit_table' at index 0 with value 0
[09:02:53.325] [bmv2] [T] [thread 92915] [26.0] [cxt 0] switch.p4(100) Primitive hdr.ethernet.srcAddr = 0xFFFFFFFFFFFF
[09:02:53.325] [bmv2] [T] [thread 92915] [26.0] [cxt 0] switch.p4(101) Primitive hdr.ethernet.dstAddr = 0xFFFFFFFFFFFF
[09:02:53.325] [bmv2] [T] [thread 92915] [26.0] [cxt 0] switch.p4(102) Primitive hdr.payload.ttl = hdr.payload.ttl - 1
[09:02:53.325] [bmv2] [D] [thread 92915] [26.0] [cxt 0] Pipeline 'ingress': end
[09:02:53.325] [bmv2] [D] [thread 92915] [26.0] [cxt 0] Egress port is 0
[09:02:53.325] [bmv2] [D] [thread 92916] [26.0] [cxt 0] Pipeline 'egress': start
[09:02:53.325] [bmv2] [D] [thread 92916] [26.0] [cxt 0] Pipeline 'egress': end
[09:02:53.325] [bmv2] [D] [thread 92916] [26.0] [cxt 0] Deparser 'deparser': start
[09:02:53.325] [bmv2] [D] [thread 92916] [26.0] [cxt 0] Deparsing header 'ethernet'
[09:02:53.325] [bmv2] [D] [thread 92916] [26.0] [cxt 0] Deparser 'deparser': end
[09:02:53.325] [bmv2] [D] [thread 92920] [26.0] [cxt 0] Transmitting packet of size 203 out of port 0
[09:02:53.399] [bmv2] [D] [thread 92915] [27.0] [cxt 0] Processing packet received on port 2
[09:02:53.399] [bmv2] [D] [thread 92915] [27.0] [cxt 0] Parser 'parser': start
[09:02:53.399] [bmv2] [D] [thread 92915] [27.0] [cxt 0] Parser 'parser' entering state 'start'
[09:02:53.399] [bmv2] [D] [thread 92915] [27.0] [cxt 0] Extracting header 'ethernet'
[09:02:53.399] [bmv2] [D] [thread 92915] [27.0] [cxt 0] Parser state 'start': key is 86dd
[09:02:53.399] [bmv2] [T] [thread 92915] [27.0] [cxt 0] Bytes parsed: 14
[09:02:53.399] [bmv2] [D] [thread 92915] [27.0] [cxt 0] Parser 'parser': end
[09:02:53.399] [bmv2] [D] [thread 92915] [27.0] [cxt 0] Pipeline 'ingress': start
[09:02:53.399] [bmv2] [T] [thread 92915] [27.0] [cxt 0] switch.p4(147) Condition "hdr.icn.isValid()" (node_2) is false
[09:02:53.399] [bmv2] [T] [thread 92915] [27.0] [cxt 0] switch.p4(164) Condition "hdr.payload.flag == 1" (node_13) is false
[09:02:53.399] [bmv2] [T] [thread 92915] [27.0] [cxt 0] Applying table 'tbl_data_forward_0'
[09:02:53.399] [bmv2] [D] [thread 92915] [27.0] [cxt 0] Looking up key:

[09:02:53.399] [bmv2] [D] [thread 92915] [27.0] [cxt 0] Table 'tbl_data_forward_0': miss
[09:02:53.400] [bmv2] [D] [thread 92915] [27.0] [cxt 0] Action entry is MyIngress.data_forward - 
[09:02:53.400] [bmv2] [T] [thread 92915] [27.0] [cxt 0] Action MyIngress.data_forward
[09:02:53.400] [bmv2] [T] [thread 92915] [27.0] [cxt 0] switch.p4(97) Primitive pit_table.read(egress_port, hdr.payload.content_id)
[09:02:53.400] [bmv2] [T] [thread 92915] [27.0] [cxt 0] Read register 'MyIngress.pit_table' at index 0 read value 0
[09:02:53.400] [bmv2] [T] [thread 92915] [27.0] [cxt 0] switch.p4(98) Primitive standard_metadata.egress_spec = egress_port
[09:02:53.400] [bmv2] [T] [thread 92915] [27.0] [cxt 0] switch.p4(99) Primitive pit_table.write(hdr.payload.content_id, 0)
[09:02:53.400] [bmv2] [T] [thread 92915] [27.0] [cxt 0] Wrote register 'MyIngress.pit_table' at index 0 with value 0
[09:02:53.400] [bmv2] [T] [thread 92915] [27.0] [cxt 0] switch.p4(100) Primitive hdr.ethernet.srcAddr = 0xFFFFFFFFFFFF
[09:02:53.400] [bmv2] [T] [thread 92915] [27.0] [cxt 0] switch.p4(101) Primitive hdr.ethernet.dstAddr = 0xFFFFFFFFFFFF
[09:02:53.400] [bmv2] [T] [thread 92915] [27.0] [cxt 0] switch.p4(102) Primitive hdr.payload.ttl = hdr.payload.ttl - 1
[09:02:53.400] [bmv2] [D] [thread 92915] [27.0] [cxt 0] Pipeline 'ingress': end
[09:02:53.400] [bmv2] [D] [thread 92915] [27.0] [cxt 0] Egress port is 0
[09:02:53.400] [bmv2] [D] [thread 92916] [27.0] [cxt 0] Pipeline 'egress': start
[09:02:53.400] [bmv2] [D] [thread 92916] [27.0] [cxt 0] Pipeline 'egress': end
[09:02:53.400] [bmv2] [D] [thread 92916] [27.0] [cxt 0] Deparser 'deparser': start
[09:02:53.400] [bmv2] [D] [thread 92916] [27.0] [cxt 0] Deparsing header 'ethernet'
[09:02:53.400] [bmv2] [D] [thread 92916] [27.0] [cxt 0] Deparser 'deparser': end
[09:02:53.400] [bmv2] [D] [thread 92920] [27.0] [cxt 0] Transmitting packet of size 211 out of port 0
[09:02:53.447] [bmv2] [D] [thread 92915] [28.0] [cxt 0] Processing packet received on port 1
[09:02:53.447] [bmv2] [D] [thread 92915] [28.0] [cxt 0] Parser 'parser': start
[09:02:53.447] [bmv2] [D] [thread 92915] [28.0] [cxt 0] Parser 'parser' entering state 'start'
[09:02:53.447] [bmv2] [D] [thread 92915] [28.0] [cxt 0] Extracting header 'ethernet'
[09:02:53.447] [bmv2] [D] [thread 92915] [28.0] [cxt 0] Parser state 'start': key is 86dd
[09:02:53.447] [bmv2] [T] [thread 92915] [28.0] [cxt 0] Bytes parsed: 14
[09:02:53.447] [bmv2] [D] [thread 92915] [28.0] [cxt 0] Parser 'parser': end
[09:02:53.447] [bmv2] [D] [thread 92915] [28.0] [cxt 0] Pipeline 'ingress': start
[09:02:53.447] [bmv2] [T] [thread 92915] [28.0] [cxt 0] switch.p4(147) Condition "hdr.icn.isValid()" (node_2) is false
[09:02:53.447] [bmv2] [T] [thread 92915] [28.0] [cxt 0] switch.p4(164) Condition "hdr.payload.flag == 1" (node_13) is false
[09:02:53.447] [bmv2] [T] [thread 92915] [28.0] [cxt 0] Applying table 'tbl_data_forward_0'
[09:02:53.447] [bmv2] [D] [thread 92915] [28.0] [cxt 0] Looking up key:

[09:02:53.447] [bmv2] [D] [thread 92915] [28.0] [cxt 0] Table 'tbl_data_forward_0': miss
[09:02:53.447] [bmv2] [D] [thread 92915] [28.0] [cxt 0] Action entry is MyIngress.data_forward - 
[09:02:53.447] [bmv2] [T] [thread 92915] [28.0] [cxt 0] Action MyIngress.data_forward
[09:02:53.447] [bmv2] [T] [thread 92915] [28.0] [cxt 0] switch.p4(97) Primitive pit_table.read(egress_port, hdr.payload.content_id)
[09:02:53.447] [bmv2] [T] [thread 92915] [28.0] [cxt 0] Read register 'MyIngress.pit_table' at index 0 read value 0
[09:02:53.447] [bmv2] [T] [thread 92915] [28.0] [cxt 0] switch.p4(98) Primitive standard_metadata.egress_spec = egress_port
[09:02:53.447] [bmv2] [T] [thread 92915] [28.0] [cxt 0] switch.p4(99) Primitive pit_table.write(hdr.payload.content_id, 0)
[09:02:53.447] [bmv2] [T] [thread 92915] [28.0] [cxt 0] Wrote register 'MyIngress.pit_table' at index 0 with value 0
[09:02:53.447] [bmv2] [T] [thread 92915] [28.0] [cxt 0] switch.p4(100) Primitive hdr.ethernet.srcAddr = 0xFFFFFFFFFFFF
[09:02:53.447] [bmv2] [T] [thread 92915] [28.0] [cxt 0] switch.p4(101) Primitive hdr.ethernet.dstAddr = 0xFFFFFFFFFFFF
[09:02:53.447] [bmv2] [T] [thread 92915] [28.0] [cxt 0] switch.p4(102) Primitive hdr.payload.ttl = hdr.payload.ttl - 1
[09:02:53.447] [bmv2] [D] [thread 92915] [28.0] [cxt 0] Pipeline 'ingress': end
[09:02:53.447] [bmv2] [D] [thread 92915] [28.0] [cxt 0] Egress port is 0
[09:02:53.447] [bmv2] [D] [thread 92916] [28.0] [cxt 0] Pipeline 'egress': start
[09:02:53.447] [bmv2] [D] [thread 92916] [28.0] [cxt 0] Pipeline 'egress': end
[09:02:53.447] [bmv2] [D] [thread 92916] [28.0] [cxt 0] Deparser 'deparser': start
[09:02:53.447] [bmv2] [D] [thread 92916] [28.0] [cxt 0] Deparsing header 'ethernet'
[09:02:53.447] [bmv2] [D] [thread 92916] [28.0] [cxt 0] Deparser 'deparser': end
[09:02:53.447] [bmv2] [D] [thread 92920] [28.0] [cxt 0] Transmitting packet of size 110 out of port 0
[09:02:53.500] [bmv2] [D] [thread 92915] [29.0] [cxt 0] Processing packet received on port 2
[09:02:53.500] [bmv2] [D] [thread 92915] [29.0] [cxt 0] Parser 'parser': start
[09:02:53.500] [bmv2] [D] [thread 92915] [29.0] [cxt 0] Parser 'parser' entering state 'start'
[09:02:53.500] [bmv2] [D] [thread 92915] [29.0] [cxt 0] Extracting header 'ethernet'
[09:02:53.500] [bmv2] [D] [thread 92915] [29.0] [cxt 0] Parser state 'start': key is 86dd
[09:02:53.500] [bmv2] [T] [thread 92915] [29.0] [cxt 0] Bytes parsed: 14
[09:02:53.500] [bmv2] [D] [thread 92915] [29.0] [cxt 0] Parser 'parser': end
[09:02:53.500] [bmv2] [D] [thread 92915] [29.0] [cxt 0] Pipeline 'ingress': start
[09:02:53.500] [bmv2] [T] [thread 92915] [29.0] [cxt 0] switch.p4(147) Condition "hdr.icn.isValid()" (node_2) is false
[09:02:53.500] [bmv2] [T] [thread 92915] [29.0] [cxt 0] switch.p4(164) Condition "hdr.payload.flag == 1" (node_13) is false
[09:02:53.500] [bmv2] [T] [thread 92915] [29.0] [cxt 0] Applying table 'tbl_data_forward_0'
[09:02:53.500] [bmv2] [D] [thread 92915] [29.0] [cxt 0] Looking up key:

[09:02:53.500] [bmv2] [D] [thread 92915] [29.0] [cxt 0] Table 'tbl_data_forward_0': miss
[09:02:53.500] [bmv2] [D] [thread 92915] [29.0] [cxt 0] Action entry is MyIngress.data_forward - 
[09:02:53.500] [bmv2] [T] [thread 92915] [29.0] [cxt 0] Action MyIngress.data_forward
[09:02:53.500] [bmv2] [T] [thread 92915] [29.0] [cxt 0] switch.p4(97) Primitive pit_table.read(egress_port, hdr.payload.content_id)
[09:02:53.500] [bmv2] [T] [thread 92915] [29.0] [cxt 0] Read register 'MyIngress.pit_table' at index 0 read value 0
[09:02:53.500] [bmv2] [T] [thread 92915] [29.0] [cxt 0] switch.p4(98) Primitive standard_metadata.egress_spec = egress_port
[09:02:53.500] [bmv2] [T] [thread 92915] [29.0] [cxt 0] switch.p4(99) Primitive pit_table.write(hdr.payload.content_id, 0)
[09:02:53.500] [bmv2] [T] [thread 92915] [29.0] [cxt 0] Wrote register 'MyIngress.pit_table' at index 0 with value 0
[09:02:53.500] [bmv2] [T] [thread 92915] [29.0] [cxt 0] switch.p4(100) Primitive hdr.ethernet.srcAddr = 0xFFFFFFFFFFFF
[09:02:53.500] [bmv2] [T] [thread 92915] [29.0] [cxt 0] switch.p4(101) Primitive hdr.ethernet.dstAddr = 0xFFFFFFFFFFFF
[09:02:53.500] [bmv2] [T] [thread 92915] [29.0] [cxt 0] switch.p4(102) Primitive hdr.payload.ttl = hdr.payload.ttl - 1
[09:02:53.500] [bmv2] [D] [thread 92915] [29.0] [cxt 0] Pipeline 'ingress': end
[09:02:53.500] [bmv2] [D] [thread 92915] [29.0] [cxt 0] Egress port is 0
[09:02:53.500] [bmv2] [D] [thread 92916] [29.0] [cxt 0] Pipeline 'egress': start
[09:02:53.500] [bmv2] [D] [thread 92916] [29.0] [cxt 0] Pipeline 'egress': end
[09:02:53.500] [bmv2] [D] [thread 92916] [29.0] [cxt 0] Deparser 'deparser': start
[09:02:53.500] [bmv2] [D] [thread 92916] [29.0] [cxt 0] Deparsing header 'ethernet'
[09:02:53.500] [bmv2] [D] [thread 92916] [29.0] [cxt 0] Deparser 'deparser': end
[09:02:53.500] [bmv2] [D] [thread 92920] [29.0] [cxt 0] Transmitting packet of size 110 out of port 0
[09:02:53.548] [bmv2] [D] [thread 92915] [30.0] [cxt 0] Processing packet received on port 1
[09:02:53.548] [bmv2] [D] [thread 92915] [30.0] [cxt 0] Parser 'parser': start
[09:02:53.548] [bmv2] [D] [thread 92915] [30.0] [cxt 0] Parser 'parser' entering state 'start'
[09:02:53.548] [bmv2] [D] [thread 92915] [30.0] [cxt 0] Extracting header 'ethernet'
[09:02:53.548] [bmv2] [D] [thread 92915] [30.0] [cxt 0] Parser state 'start': key is 86dd
[09:02:53.548] [bmv2] [T] [thread 92915] [30.0] [cxt 0] Bytes parsed: 14
[09:02:53.548] [bmv2] [D] [thread 92915] [30.0] [cxt 0] Parser 'parser': end
[09:02:53.548] [bmv2] [D] [thread 92915] [30.0] [cxt 0] Pipeline 'ingress': start
[09:02:53.548] [bmv2] [T] [thread 92915] [30.0] [cxt 0] switch.p4(147) Condition "hdr.icn.isValid()" (node_2) is false
[09:02:53.548] [bmv2] [T] [thread 92915] [30.0] [cxt 0] switch.p4(164) Condition "hdr.payload.flag == 1" (node_13) is false
[09:02:53.548] [bmv2] [T] [thread 92915] [30.0] [cxt 0] Applying table 'tbl_data_forward_0'
[09:02:53.548] [bmv2] [D] [thread 92915] [30.0] [cxt 0] Looking up key:

[09:02:53.548] [bmv2] [D] [thread 92915] [30.0] [cxt 0] Table 'tbl_data_forward_0': miss
[09:02:53.548] [bmv2] [D] [thread 92915] [30.0] [cxt 0] Action entry is MyIngress.data_forward - 
[09:02:53.548] [bmv2] [T] [thread 92915] [30.0] [cxt 0] Action MyIngress.data_forward
[09:02:53.548] [bmv2] [T] [thread 92915] [30.0] [cxt 0] switch.p4(97) Primitive pit_table.read(egress_port, hdr.payload.content_id)
[09:02:53.548] [bmv2] [T] [thread 92915] [30.0] [cxt 0] Read register 'MyIngress.pit_table' at index 0 read value 0
[09:02:53.548] [bmv2] [T] [thread 92915] [30.0] [cxt 0] switch.p4(98) Primitive standard_metadata.egress_spec = egress_port
[09:02:53.548] [bmv2] [T] [thread 92915] [30.0] [cxt 0] switch.p4(99) Primitive pit_table.write(hdr.payload.content_id, 0)
[09:02:53.548] [bmv2] [T] [thread 92915] [30.0] [cxt 0] Wrote register 'MyIngress.pit_table' at index 0 with value 0
[09:02:53.548] [bmv2] [T] [thread 92915] [30.0] [cxt 0] switch.p4(100) Primitive hdr.ethernet.srcAddr = 0xFFFFFFFFFFFF
[09:02:53.548] [bmv2] [T] [thread 92915] [30.0] [cxt 0] switch.p4(101) Primitive hdr.ethernet.dstAddr = 0xFFFFFFFFFFFF
[09:02:53.548] [bmv2] [T] [thread 92915] [30.0] [cxt 0] switch.p4(102) Primitive hdr.payload.ttl = hdr.payload.ttl - 1
[09:02:53.548] [bmv2] [D] [thread 92915] [30.0] [cxt 0] Pipeline 'ingress': end
[09:02:53.548] [bmv2] [D] [thread 92915] [30.0] [cxt 0] Egress port is 0
[09:02:53.548] [bmv2] [D] [thread 92916] [30.0] [cxt 0] Pipeline 'egress': start
[09:02:53.548] [bmv2] [D] [thread 92916] [30.0] [cxt 0] Pipeline 'egress': end
[09:02:53.548] [bmv2] [D] [thread 92916] [30.0] [cxt 0] Deparser 'deparser': start
[09:02:53.548] [bmv2] [D] [thread 92916] [30.0] [cxt 0] Deparsing header 'ethernet'
[09:02:53.548] [bmv2] [D] [thread 92916] [30.0] [cxt 0] Deparser 'deparser': end
[09:02:53.548] [bmv2] [D] [thread 92920] [30.0] [cxt 0] Transmitting packet of size 203 out of port 0
[09:02:53.574] [bmv2] [D] [thread 92915] [31.0] [cxt 0] Processing packet received on port 2
[09:02:53.574] [bmv2] [D] [thread 92915] [31.0] [cxt 0] Parser 'parser': start
[09:02:53.574] [bmv2] [D] [thread 92915] [31.0] [cxt 0] Parser 'parser' entering state 'start'
[09:02:53.574] [bmv2] [D] [thread 92915] [31.0] [cxt 0] Extracting header 'ethernet'
[09:02:53.574] [bmv2] [D] [thread 92915] [31.0] [cxt 0] Parser state 'start': key is 86dd
[09:02:53.574] [bmv2] [T] [thread 92915] [31.0] [cxt 0] Bytes parsed: 14
[09:02:53.574] [bmv2] [D] [thread 92915] [31.0] [cxt 0] Parser 'parser': end
[09:02:53.574] [bmv2] [D] [thread 92915] [31.0] [cxt 0] Pipeline 'ingress': start
[09:02:53.574] [bmv2] [T] [thread 92915] [31.0] [cxt 0] switch.p4(147) Condition "hdr.icn.isValid()" (node_2) is false
[09:02:53.574] [bmv2] [T] [thread 92915] [31.0] [cxt 0] switch.p4(164) Condition "hdr.payload.flag == 1" (node_13) is false
[09:02:53.574] [bmv2] [T] [thread 92915] [31.0] [cxt 0] Applying table 'tbl_data_forward_0'
[09:02:53.574] [bmv2] [D] [thread 92915] [31.0] [cxt 0] Looking up key:

[09:02:53.574] [bmv2] [D] [thread 92915] [31.0] [cxt 0] Table 'tbl_data_forward_0': miss
[09:02:53.574] [bmv2] [D] [thread 92915] [31.0] [cxt 0] Action entry is MyIngress.data_forward - 
[09:02:53.574] [bmv2] [T] [thread 92915] [31.0] [cxt 0] Action MyIngress.data_forward
[09:02:53.574] [bmv2] [T] [thread 92915] [31.0] [cxt 0] switch.p4(97) Primitive pit_table.read(egress_port, hdr.payload.content_id)
[09:02:53.574] [bmv2] [T] [thread 92915] [31.0] [cxt 0] Read register 'MyIngress.pit_table' at index 0 read value 0
[09:02:53.574] [bmv2] [T] [thread 92915] [31.0] [cxt 0] switch.p4(98) Primitive standard_metadata.egress_spec = egress_port
[09:02:53.574] [bmv2] [T] [thread 92915] [31.0] [cxt 0] switch.p4(99) Primitive pit_table.write(hdr.payload.content_id, 0)
[09:02:53.574] [bmv2] [T] [thread 92915] [31.0] [cxt 0] Wrote register 'MyIngress.pit_table' at index 0 with value 0
[09:02:53.574] [bmv2] [T] [thread 92915] [31.0] [cxt 0] switch.p4(100) Primitive hdr.ethernet.srcAddr = 0xFFFFFFFFFFFF
[09:02:53.574] [bmv2] [T] [thread 92915] [31.0] [cxt 0] switch.p4(101) Primitive hdr.ethernet.dstAddr = 0xFFFFFFFFFFFF
[09:02:53.574] [bmv2] [T] [thread 92915] [31.0] [cxt 0] switch.p4(102) Primitive hdr.payload.ttl = hdr.payload.ttl - 1
[09:02:53.574] [bmv2] [D] [thread 92915] [31.0] [cxt 0] Pipeline 'ingress': end
[09:02:53.574] [bmv2] [D] [thread 92915] [31.0] [cxt 0] Egress port is 0
[09:02:53.574] [bmv2] [D] [thread 92916] [31.0] [cxt 0] Pipeline 'egress': start
[09:02:53.574] [bmv2] [D] [thread 92916] [31.0] [cxt 0] Pipeline 'egress': end
[09:02:53.574] [bmv2] [D] [thread 92916] [31.0] [cxt 0] Deparser 'deparser': start
[09:02:53.574] [bmv2] [D] [thread 92916] [31.0] [cxt 0] Deparsing header 'ethernet'
[09:02:53.574] [bmv2] [D] [thread 92916] [31.0] [cxt 0] Deparser 'deparser': end
[09:02:53.574] [bmv2] [D] [thread 92920] [31.0] [cxt 0] Transmitting packet of size 199 out of port 0
[09:02:53.873] [bmv2] [W] [thread 92958] [P4Runtime] p4::tmp::P4DeviceConfig is deprecated
[09:02:53.879] [bmv2] [D] [thread 92915] [32.0] [cxt 0] Processing packet received on port 2
[09:02:53.879] [bmv2] [D] [thread 92915] [32.0] [cxt 0] Parser 'parser': start
[09:02:53.879] [bmv2] [D] [thread 92915] [32.0] [cxt 0] Parser 'parser' entering state 'start'
[09:02:53.879] [bmv2] [D] [thread 92915] [32.0] [cxt 0] Extracting header 'ethernet'
[09:02:53.879] [bmv2] [D] [thread 92915] [32.0] [cxt 0] Parser state 'start': key is 86dd
[09:02:53.879] [bmv2] [T] [thread 92915] [32.0] [cxt 0] Bytes parsed: 14
[09:02:53.879] [bmv2] [D] [thread 92915] [32.0] [cxt 0] Parser 'parser': end
[09:02:53.879] [bmv2] [D] [thread 92915] [32.0] [cxt 0] Pipeline 'ingress': start
[09:02:53.879] [bmv2] [T] [thread 92915] [32.0] [cxt 0] switch.p4(147) Condition "hdr.icn.isValid()" (node_2) is false
[09:02:53.879] [bmv2] [T] [thread 92915] [32.0] [cxt 0] switch.p4(164) Condition "hdr.payload.flag == 1" (node_13) is false
[09:02:53.879] [bmv2] [T] [thread 92915] [32.0] [cxt 0] Applying table 'tbl_data_forward_0'
[09:02:53.880] [bmv2] [D] [thread 92915] [32.0] [cxt 0] Looking up key:

[09:02:53.880] [bmv2] [D] [thread 92915] [32.0] [cxt 0] Table 'tbl_data_forward_0': miss
[09:02:53.880] [bmv2] [D] [thread 92915] [32.0] [cxt 0] Action entry is MyIngress.data_forward - 
[09:02:53.880] [bmv2] [T] [thread 92915] [32.0] [cxt 0] Action MyIngress.data_forward
[09:02:53.880] [bmv2] [T] [thread 92915] [32.0] [cxt 0] switch.p4(97) Primitive pit_table.read(egress_port, hdr.payload.content_id)
[09:02:53.880] [bmv2] [T] [thread 92915] [32.0] [cxt 0] Read register 'MyIngress.pit_table' at index 0 read value 0
[09:02:53.880] [bmv2] [T] [thread 92915] [32.0] [cxt 0] switch.p4(98) Primitive standard_metadata.egress_spec = egress_port
[09:02:53.880] [bmv2] [T] [thread 92915] [32.0] [cxt 0] switch.p4(99) Primitive pit_table.write(hdr.payload.content_id, 0)
[09:02:53.880] [bmv2] [T] [thread 92915] [32.0] [cxt 0] Wrote register 'MyIngress.pit_table' at index 0 with value 0
[09:02:53.880] [bmv2] [T] [thread 92915] [32.0] [cxt 0] switch.p4(100) Primitive hdr.ethernet.srcAddr = 0xFFFFFFFFFFFF
[09:02:53.880] [bmv2] [T] [thread 92915] [32.0] [cxt 0] switch.p4(101) Primitive hdr.ethernet.dstAddr = 0xFFFFFFFFFFFF
[09:02:53.880] [bmv2] [T] [thread 92915] [32.0] [cxt 0] switch.p4(102) Primitive hdr.payload.ttl = hdr.payload.ttl - 1
[09:02:53.880] [bmv2] [D] [thread 92915] [32.0] [cxt 0] Pipeline 'ingress': end
[09:02:53.880] [bmv2] [D] [thread 92915] [32.0] [cxt 0] Egress port is 0
[09:02:53.880] [bmv2] [D] [thread 92916] [32.0] [cxt 0] Pipeline 'egress': start
[09:02:53.880] [bmv2] [D] [thread 92916] [32.0] [cxt 0] Pipeline 'egress': end
[09:02:53.880] [bmv2] [D] [thread 92916] [32.0] [cxt 0] Deparser 'deparser': start
[09:02:53.880] [bmv2] [D] [thread 92916] [32.0] [cxt 0] Deparsing header 'ethernet'
[09:02:53.880] [bmv2] [D] [thread 92916] [32.0] [cxt 0] Deparser 'deparser': end
[09:02:53.881] [bmv2] [D] [thread 92920] [32.0] [cxt 0] Transmitting packet of size 203 out of port 0
[09:02:53.883] [bmv2] [D] [thread 92958] Set default default entry for table 'tbl_switch148': switch148 - 
[09:02:53.883] [bmv2] [D] [thread 92958] Set default default entry for table 'tbl_switch150': switch150 - 
[09:02:53.883] [bmv2] [D] [thread 92958] Set default default entry for table 'tbl_return_content': MyIngress.return_content - 
[09:02:53.883] [bmv2] [D] [thread 92958] Set default default entry for table 'tbl_return_content_0': MyIngress.return_content - 
[09:02:53.883] [bmv2] [D] [thread 92958] Set default default entry for table 'tbl_switch155': switch155 - 
[09:02:53.883] [bmv2] [D] [thread 92958] Set default default entry for table 'tbl_data_forward': MyIngress.data_forward - 
[09:02:53.883] [bmv2] [D] [thread 92958] Set default default entry for table 'tbl_switch159': switch159 - 
[09:02:53.883] [bmv2] [D] [thread 92958] Set default default entry for table 'MyIngress.foward_interest': MyIngress.drop - 
[09:02:53.883] [bmv2] [D] [thread 92958] Set default default entry for table 'tbl_cache_content': MyIngress.cache_content - 
[09:02:53.883] [bmv2] [D] [thread 92958] Set default default entry for table 'tbl_data_forward_0': MyIngress.data_forward - 
[09:02:53.883] [bmv2] [D] [thread 92958] simple_switch target has been notified of a config swap
[09:02:53.883] [bmv2] [D] [thread 92958] Entry 0 added to table 'MyIngress.foward_interest'
[09:02:53.883] [bmv2] [D] [thread 92958] Dumping entry 0
Match key:
* hdr.ethernet.srcAddr: EXACT     080000000200
Action entry: MyIngress.dup_interest - 80000000222,1,

[09:02:54.076] [bmv2] [D] [thread 92915] [33.0] [cxt 0] Processing packet received on port 2
[09:02:54.076] [bmv2] [D] [thread 92915] [33.0] [cxt 0] Parser 'parser': start
[09:02:54.076] [bmv2] [D] [thread 92915] [33.0] [cxt 0] Parser 'parser' entering state 'start'
[09:02:54.076] [bmv2] [D] [thread 92915] [33.0] [cxt 0] Extracting header 'ethernet'
[09:02:54.076] [bmv2] [D] [thread 92915] [33.0] [cxt 0] Parser state 'start': key is 86dd
[09:02:54.076] [bmv2] [T] [thread 92915] [33.0] [cxt 0] Bytes parsed: 14
[09:02:54.076] [bmv2] [D] [thread 92915] [33.0] [cxt 0] Parser 'parser': end
[09:02:54.076] [bmv2] [D] [thread 92915] [33.0] [cxt 0] Pipeline 'ingress': start
[09:02:54.076] [bmv2] [T] [thread 92915] [33.0] [cxt 0] switch.p4(147) Condition "hdr.icn.isValid()" (node_2) is false
[09:02:54.076] [bmv2] [T] [thread 92915] [33.0] [cxt 0] switch.p4(164) Condition "hdr.payload.flag == 1" (node_13) is false
[09:02:54.076] [bmv2] [T] [thread 92915] [33.0] [cxt 0] Applying table 'tbl_data_forward_0'
[09:02:54.076] [bmv2] [D] [thread 92915] [33.0] [cxt 0] Looking up key:

[09:02:54.076] [bmv2] [D] [thread 92915] [33.0] [cxt 0] Table 'tbl_data_forward_0': miss
[09:02:54.076] [bmv2] [D] [thread 92915] [33.0] [cxt 0] Action entry is MyIngress.data_forward - 
[09:02:54.076] [bmv2] [T] [thread 92915] [33.0] [cxt 0] Action MyIngress.data_forward
[09:02:54.076] [bmv2] [T] [thread 92915] [33.0] [cxt 0] switch.p4(97) Primitive pit_table.read(egress_port, hdr.payload.content_id)
[09:02:54.076] [bmv2] [T] [thread 92915] [33.0] [cxt 0] Read register 'MyIngress.pit_table' at index 0 read value 0
[09:02:54.076] [bmv2] [T] [thread 92915] [33.0] [cxt 0] switch.p4(98) Primitive standard_metadata.egress_spec = egress_port
[09:02:54.076] [bmv2] [T] [thread 92915] [33.0] [cxt 0] switch.p4(99) Primitive pit_table.write(hdr.payload.content_id, 0)
[09:02:54.076] [bmv2] [T] [thread 92915] [33.0] [cxt 0] Wrote register 'MyIngress.pit_table' at index 0 with value 0
[09:02:54.076] [bmv2] [T] [thread 92915] [33.0] [cxt 0] switch.p4(100) Primitive hdr.ethernet.srcAddr = 0xFFFFFFFFFFFF
[09:02:54.076] [bmv2] [T] [thread 92915] [33.0] [cxt 0] switch.p4(101) Primitive hdr.ethernet.dstAddr = 0xFFFFFFFFFFFF
[09:02:54.076] [bmv2] [T] [thread 92915] [33.0] [cxt 0] switch.p4(102) Primitive hdr.payload.ttl = hdr.payload.ttl - 1
[09:02:54.076] [bmv2] [D] [thread 92915] [33.0] [cxt 0] Pipeline 'ingress': end
[09:02:54.076] [bmv2] [D] [thread 92915] [33.0] [cxt 0] Egress port is 0
[09:02:54.076] [bmv2] [D] [thread 92916] [33.0] [cxt 0] Pipeline 'egress': start
[09:02:54.076] [bmv2] [D] [thread 92916] [33.0] [cxt 0] Pipeline 'egress': end
[09:02:54.076] [bmv2] [D] [thread 92916] [33.0] [cxt 0] Deparser 'deparser': start
[09:02:54.076] [bmv2] [D] [thread 92916] [33.0] [cxt 0] Deparsing header 'ethernet'
[09:02:54.076] [bmv2] [D] [thread 92916] [33.0] [cxt 0] Deparser 'deparser': end
[09:02:54.076] [bmv2] [D] [thread 92920] [33.0] [cxt 0] Transmitting packet of size 199 out of port 0
[09:02:54.246] [bmv2] [D] [thread 92915] [34.0] [cxt 0] Processing packet received on port 1
[09:02:54.246] [bmv2] [D] [thread 92915] [34.0] [cxt 0] Parser 'parser': start
[09:02:54.246] [bmv2] [D] [thread 92915] [34.0] [cxt 0] Parser 'parser' entering state 'start'
[09:02:54.246] [bmv2] [D] [thread 92915] [34.0] [cxt 0] Extracting header 'ethernet'
[09:02:54.246] [bmv2] [D] [thread 92915] [34.0] [cxt 0] Parser state 'start': key is 86dd
[09:02:54.246] [bmv2] [T] [thread 92915] [34.0] [cxt 0] Bytes parsed: 14
[09:02:54.246] [bmv2] [D] [thread 92915] [34.0] [cxt 0] Parser 'parser': end
[09:02:54.246] [bmv2] [D] [thread 92915] [34.0] [cxt 0] Pipeline 'ingress': start
[09:02:54.246] [bmv2] [T] [thread 92915] [34.0] [cxt 0] switch.p4(147) Condition "hdr.icn.isValid()" (node_2) is false
[09:02:54.246] [bmv2] [T] [thread 92915] [34.0] [cxt 0] switch.p4(164) Condition "hdr.payload.flag == 1" (node_13) is false
[09:02:54.246] [bmv2] [T] [thread 92915] [34.0] [cxt 0] Applying table 'tbl_data_forward_0'
[09:02:54.246] [bmv2] [D] [thread 92915] [34.0] [cxt 0] Looking up key:

[09:02:54.246] [bmv2] [D] [thread 92915] [34.0] [cxt 0] Table 'tbl_data_forward_0': miss
[09:02:54.246] [bmv2] [D] [thread 92915] [34.0] [cxt 0] Action entry is MyIngress.data_forward - 
[09:02:54.246] [bmv2] [T] [thread 92915] [34.0] [cxt 0] Action MyIngress.data_forward
[09:02:54.246] [bmv2] [T] [thread 92915] [34.0] [cxt 0] switch.p4(97) Primitive pit_table.read(egress_port, hdr.payload.content_id)
[09:02:54.246] [bmv2] [T] [thread 92915] [34.0] [cxt 0] Read register 'MyIngress.pit_table' at index 0 read value 0
[09:02:54.246] [bmv2] [T] [thread 92915] [34.0] [cxt 0] switch.p4(98) Primitive standard_metadata.egress_spec = egress_port
[09:02:54.246] [bmv2] [T] [thread 92915] [34.0] [cxt 0] switch.p4(99) Primitive pit_table.write(hdr.payload.content_id, 0)
[09:02:54.246] [bmv2] [T] [thread 92915] [34.0] [cxt 0] Wrote register 'MyIngress.pit_table' at index 0 with value 0
[09:02:54.246] [bmv2] [T] [thread 92915] [34.0] [cxt 0] switch.p4(100) Primitive hdr.ethernet.srcAddr = 0xFFFFFFFFFFFF
[09:02:54.246] [bmv2] [T] [thread 92915] [34.0] [cxt 0] switch.p4(101) Primitive hdr.ethernet.dstAddr = 0xFFFFFFFFFFFF
[09:02:54.246] [bmv2] [T] [thread 92915] [34.0] [cxt 0] switch.p4(102) Primitive hdr.payload.ttl = hdr.payload.ttl - 1
[09:02:54.246] [bmv2] [D] [thread 92915] [34.0] [cxt 0] Pipeline 'ingress': end
[09:02:54.246] [bmv2] [D] [thread 92915] [34.0] [cxt 0] Egress port is 0
[09:02:54.246] [bmv2] [D] [thread 92916] [34.0] [cxt 0] Pipeline 'egress': start
[09:02:54.246] [bmv2] [D] [thread 92916] [34.0] [cxt 0] Pipeline 'egress': end
[09:02:54.251] [bmv2] [D] [thread 92916] [34.0] [cxt 0] Deparser 'deparser': start
[09:02:54.251] [bmv2] [D] [thread 92916] [34.0] [cxt 0] Deparsing header 'ethernet'
[09:02:54.251] [bmv2] [D] [thread 92916] [34.0] [cxt 0] Deparser 'deparser': end
[09:02:54.253] [bmv2] [D] [thread 92920] [34.0] [cxt 0] Transmitting packet of size 199 out of port 0
[09:02:54.644] [bmv2] [D] [thread 92915] [35.0] [cxt 0] Processing packet received on port 2
[09:02:54.644] [bmv2] [D] [thread 92915] [35.0] [cxt 0] Parser 'parser': start
[09:02:54.644] [bmv2] [D] [thread 92915] [35.0] [cxt 0] Parser 'parser' entering state 'start'
[09:02:54.644] [bmv2] [D] [thread 92915] [35.0] [cxt 0] Extracting header 'ethernet'
[09:02:54.644] [bmv2] [D] [thread 92915] [35.0] [cxt 0] Parser state 'start': key is 86dd
[09:02:54.644] [bmv2] [T] [thread 92915] [35.0] [cxt 0] Bytes parsed: 14
[09:02:54.644] [bmv2] [D] [thread 92915] [35.0] [cxt 0] Parser 'parser': end
[09:02:54.644] [bmv2] [D] [thread 92915] [35.0] [cxt 0] Pipeline 'ingress': start
[09:02:54.644] [bmv2] [T] [thread 92915] [35.0] [cxt 0] switch.p4(147) Condition "hdr.icn.isValid()" (node_2) is false
[09:02:54.644] [bmv2] [T] [thread 92915] [35.0] [cxt 0] switch.p4(164) Condition "hdr.payload.flag == 1" (node_13) is false
[09:02:54.644] [bmv2] [T] [thread 92915] [35.0] [cxt 0] Applying table 'tbl_data_forward_0'
[09:02:54.644] [bmv2] [D] [thread 92915] [35.0] [cxt 0] Looking up key:

[09:02:54.644] [bmv2] [D] [thread 92915] [35.0] [cxt 0] Table 'tbl_data_forward_0': miss
[09:02:54.644] [bmv2] [D] [thread 92915] [35.0] [cxt 0] Action entry is MyIngress.data_forward - 
[09:02:54.644] [bmv2] [T] [thread 92915] [35.0] [cxt 0] Action MyIngress.data_forward
[09:02:54.644] [bmv2] [T] [thread 92915] [35.0] [cxt 0] switch.p4(97) Primitive pit_table.read(egress_port, hdr.payload.content_id)
[09:02:54.644] [bmv2] [T] [thread 92915] [35.0] [cxt 0] Read register 'MyIngress.pit_table' at index 0 read value 0
[09:02:54.644] [bmv2] [T] [thread 92915] [35.0] [cxt 0] switch.p4(98) Primitive standard_metadata.egress_spec = egress_port
[09:02:54.644] [bmv2] [T] [thread 92915] [35.0] [cxt 0] switch.p4(99) Primitive pit_table.write(hdr.payload.content_id, 0)
[09:02:54.644] [bmv2] [T] [thread 92915] [35.0] [cxt 0] Wrote register 'MyIngress.pit_table' at index 0 with value 0
[09:02:54.644] [bmv2] [T] [thread 92915] [35.0] [cxt 0] switch.p4(100) Primitive hdr.ethernet.srcAddr = 0xFFFFFFFFFFFF
[09:02:54.644] [bmv2] [T] [thread 92915] [35.0] [cxt 0] switch.p4(101) Primitive hdr.ethernet.dstAddr = 0xFFFFFFFFFFFF
[09:02:54.644] [bmv2] [T] [thread 92915] [35.0] [cxt 0] switch.p4(102) Primitive hdr.payload.ttl = hdr.payload.ttl - 1
[09:02:54.644] [bmv2] [D] [thread 92915] [35.0] [cxt 0] Pipeline 'ingress': end
[09:02:54.644] [bmv2] [D] [thread 92915] [35.0] [cxt 0] Egress port is 0
[09:02:54.646] [bmv2] [D] [thread 92916] [35.0] [cxt 0] Pipeline 'egress': start
[09:02:54.646] [bmv2] [D] [thread 92916] [35.0] [cxt 0] Pipeline 'egress': end
[09:02:54.646] [bmv2] [D] [thread 92916] [35.0] [cxt 0] Deparser 'deparser': start
[09:02:54.646] [bmv2] [D] [thread 92916] [35.0] [cxt 0] Deparsing header 'ethernet'
[09:02:54.646] [bmv2] [D] [thread 92916] [35.0] [cxt 0] Deparser 'deparser': end
[09:02:54.646] [bmv2] [D] [thread 92920] [35.0] [cxt 0] Transmitting packet of size 199 out of port 0
[09:02:55.348] [bmv2] [D] [thread 92915] [36.0] [cxt 0] Processing packet received on port 2
[09:02:55.348] [bmv2] [D] [thread 92915] [36.0] [cxt 0] Parser 'parser': start
[09:02:55.348] [bmv2] [D] [thread 92915] [36.0] [cxt 0] Parser 'parser' entering state 'start'
[09:02:55.348] [bmv2] [D] [thread 92915] [36.0] [cxt 0] Extracting header 'ethernet'
[09:02:55.348] [bmv2] [D] [thread 92915] [36.0] [cxt 0] Parser state 'start': key is 86dd
[09:02:55.348] [bmv2] [T] [thread 92915] [36.0] [cxt 0] Bytes parsed: 14
[09:02:55.348] [bmv2] [D] [thread 92915] [36.0] [cxt 0] Parser 'parser': end
[09:02:55.348] [bmv2] [D] [thread 92915] [36.0] [cxt 0] Pipeline 'ingress': start
[09:02:55.348] [bmv2] [T] [thread 92915] [36.0] [cxt 0] switch.p4(147) Condition "hdr.icn.isValid()" (node_2) is false
[09:02:55.348] [bmv2] [T] [thread 92915] [36.0] [cxt 0] switch.p4(164) Condition "hdr.payload.flag == 1" (node_13) is false
[09:02:55.348] [bmv2] [T] [thread 92915] [36.0] [cxt 0] Applying table 'tbl_data_forward_0'
[09:02:55.348] [bmv2] [D] [thread 92915] [36.0] [cxt 0] Looking up key:

[09:02:55.348] [bmv2] [D] [thread 92915] [36.0] [cxt 0] Table 'tbl_data_forward_0': miss
[09:02:55.349] [bmv2] [D] [thread 92915] [36.0] [cxt 0] Action entry is MyIngress.data_forward - 
[09:02:55.349] [bmv2] [T] [thread 92915] [36.0] [cxt 0] Action MyIngress.data_forward
[09:02:55.349] [bmv2] [T] [thread 92915] [36.0] [cxt 0] switch.p4(97) Primitive pit_table.read(egress_port, hdr.payload.content_id)
[09:02:55.349] [bmv2] [T] [thread 92915] [36.0] [cxt 0] Read register 'MyIngress.pit_table' at index 0 read value 0
[09:02:55.349] [bmv2] [T] [thread 92915] [36.0] [cxt 0] switch.p4(98) Primitive standard_metadata.egress_spec = egress_port
[09:02:55.349] [bmv2] [T] [thread 92915] [36.0] [cxt 0] switch.p4(99) Primitive pit_table.write(hdr.payload.content_id, 0)
[09:02:55.349] [bmv2] [T] [thread 92915] [36.0] [cxt 0] Wrote register 'MyIngress.pit_table' at index 0 with value 0
[09:02:55.349] [bmv2] [T] [thread 92915] [36.0] [cxt 0] switch.p4(100) Primitive hdr.ethernet.srcAddr = 0xFFFFFFFFFFFF
[09:02:55.349] [bmv2] [T] [thread 92915] [36.0] [cxt 0] switch.p4(101) Primitive hdr.ethernet.dstAddr = 0xFFFFFFFFFFFF
[09:02:55.349] [bmv2] [T] [thread 92915] [36.0] [cxt 0] switch.p4(102) Primitive hdr.payload.ttl = hdr.payload.ttl - 1
[09:02:55.349] [bmv2] [D] [thread 92915] [36.0] [cxt 0] Pipeline 'ingress': end
[09:02:55.349] [bmv2] [D] [thread 92915] [36.0] [cxt 0] Egress port is 0
[09:02:55.349] [bmv2] [D] [thread 92916] [36.0] [cxt 0] Pipeline 'egress': start
[09:02:55.349] [bmv2] [D] [thread 92916] [36.0] [cxt 0] Pipeline 'egress': end
[09:02:55.349] [bmv2] [D] [thread 92916] [36.0] [cxt 0] Deparser 'deparser': start
[09:02:55.349] [bmv2] [D] [thread 92916] [36.0] [cxt 0] Deparsing header 'ethernet'
[09:02:55.349] [bmv2] [D] [thread 92916] [36.0] [cxt 0] Deparser 'deparser': end
[09:02:55.349] [bmv2] [D] [thread 92920] [36.0] [cxt 0] Transmitting packet of size 203 out of port 0
[09:02:55.552] [bmv2] [D] [thread 92915] [37.0] [cxt 0] Processing packet received on port 1
[09:02:55.552] [bmv2] [D] [thread 92915] [37.0] [cxt 0] Parser 'parser': start
[09:02:55.552] [bmv2] [D] [thread 92915] [37.0] [cxt 0] Parser 'parser' entering state 'start'
[09:02:55.552] [bmv2] [D] [thread 92915] [37.0] [cxt 0] Extracting header 'ethernet'
[09:02:55.552] [bmv2] [D] [thread 92915] [37.0] [cxt 0] Parser state 'start': key is 86dd
[09:02:55.552] [bmv2] [T] [thread 92915] [37.0] [cxt 0] Bytes parsed: 14
[09:02:55.552] [bmv2] [D] [thread 92915] [37.0] [cxt 0] Parser 'parser': end
[09:02:55.552] [bmv2] [D] [thread 92915] [37.0] [cxt 0] Pipeline 'ingress': start
[09:02:55.552] [bmv2] [T] [thread 92915] [37.0] [cxt 0] switch.p4(147) Condition "hdr.icn.isValid()" (node_2) is false
[09:02:55.552] [bmv2] [T] [thread 92915] [37.0] [cxt 0] switch.p4(164) Condition "hdr.payload.flag == 1" (node_13) is false
[09:02:55.552] [bmv2] [T] [thread 92915] [37.0] [cxt 0] Applying table 'tbl_data_forward_0'
[09:02:55.552] [bmv2] [D] [thread 92915] [37.0] [cxt 0] Looking up key:

[09:02:55.552] [bmv2] [D] [thread 92915] [37.0] [cxt 0] Table 'tbl_data_forward_0': miss
[09:02:55.552] [bmv2] [D] [thread 92915] [37.0] [cxt 0] Action entry is MyIngress.data_forward - 
[09:02:55.552] [bmv2] [T] [thread 92915] [37.0] [cxt 0] Action MyIngress.data_forward
[09:02:55.552] [bmv2] [T] [thread 92915] [37.0] [cxt 0] switch.p4(97) Primitive pit_table.read(egress_port, hdr.payload.content_id)
[09:02:55.552] [bmv2] [T] [thread 92915] [37.0] [cxt 0] Read register 'MyIngress.pit_table' at index 0 read value 0
[09:02:55.552] [bmv2] [T] [thread 92915] [37.0] [cxt 0] switch.p4(98) Primitive standard_metadata.egress_spec = egress_port
[09:02:55.552] [bmv2] [T] [thread 92915] [37.0] [cxt 0] switch.p4(99) Primitive pit_table.write(hdr.payload.content_id, 0)
[09:02:55.552] [bmv2] [T] [thread 92915] [37.0] [cxt 0] Wrote register 'MyIngress.pit_table' at index 0 with value 0
[09:02:55.552] [bmv2] [T] [thread 92915] [37.0] [cxt 0] switch.p4(100) Primitive hdr.ethernet.srcAddr = 0xFFFFFFFFFFFF
[09:02:55.552] [bmv2] [T] [thread 92915] [37.0] [cxt 0] switch.p4(101) Primitive hdr.ethernet.dstAddr = 0xFFFFFFFFFFFF
[09:02:55.552] [bmv2] [T] [thread 92915] [37.0] [cxt 0] switch.p4(102) Primitive hdr.payload.ttl = hdr.payload.ttl - 1
[09:02:55.552] [bmv2] [D] [thread 92915] [37.0] [cxt 0] Pipeline 'ingress': end
[09:02:55.552] [bmv2] [D] [thread 92915] [37.0] [cxt 0] Egress port is 0
[09:02:55.554] [bmv2] [D] [thread 92916] [37.0] [cxt 0] Pipeline 'egress': start
[09:02:55.554] [bmv2] [D] [thread 92916] [37.0] [cxt 0] Pipeline 'egress': end
[09:02:55.554] [bmv2] [D] [thread 92916] [37.0] [cxt 0] Deparser 'deparser': start
[09:02:55.554] [bmv2] [D] [thread 92916] [37.0] [cxt 0] Deparsing header 'ethernet'
[09:02:55.554] [bmv2] [D] [thread 92916] [37.0] [cxt 0] Deparser 'deparser': end
[09:02:55.554] [bmv2] [D] [thread 92920] [37.0] [cxt 0] Transmitting packet of size 203 out of port 0
[09:02:55.883] [bmv2] [D] [thread 92915] [38.0] [cxt 0] Processing packet received on port 2
[09:02:55.883] [bmv2] [D] [thread 92915] [38.0] [cxt 0] Parser 'parser': start
[09:02:55.883] [bmv2] [D] [thread 92915] [38.0] [cxt 0] Parser 'parser' entering state 'start'
[09:02:55.883] [bmv2] [D] [thread 92915] [38.0] [cxt 0] Extracting header 'ethernet'
[09:02:55.883] [bmv2] [D] [thread 92915] [38.0] [cxt 0] Parser state 'start': key is 86dd
[09:02:55.883] [bmv2] [T] [thread 92915] [38.0] [cxt 0] Bytes parsed: 14
[09:02:55.883] [bmv2] [D] [thread 92915] [38.0] [cxt 0] Parser 'parser': end
[09:02:55.883] [bmv2] [D] [thread 92915] [38.0] [cxt 0] Pipeline 'ingress': start
[09:02:55.883] [bmv2] [T] [thread 92915] [38.0] [cxt 0] switch.p4(147) Condition "hdr.icn.isValid()" (node_2) is false
[09:02:55.883] [bmv2] [T] [thread 92915] [38.0] [cxt 0] switch.p4(164) Condition "hdr.payload.flag == 1" (node_13) is false
[09:02:55.883] [bmv2] [T] [thread 92915] [38.0] [cxt 0] Applying table 'tbl_data_forward_0'
[09:02:55.883] [bmv2] [D] [thread 92915] [38.0] [cxt 0] Looking up key:

[09:02:55.883] [bmv2] [D] [thread 92915] [38.0] [cxt 0] Table 'tbl_data_forward_0': miss
[09:02:55.883] [bmv2] [D] [thread 92915] [38.0] [cxt 0] Action entry is MyIngress.data_forward - 
[09:02:55.883] [bmv2] [T] [thread 92915] [38.0] [cxt 0] Action MyIngress.data_forward
[09:02:55.883] [bmv2] [T] [thread 92915] [38.0] [cxt 0] switch.p4(97) Primitive pit_table.read(egress_port, hdr.payload.content_id)
[09:02:55.883] [bmv2] [T] [thread 92915] [38.0] [cxt 0] Read register 'MyIngress.pit_table' at index 0 read value 0
[09:02:55.883] [bmv2] [T] [thread 92915] [38.0] [cxt 0] switch.p4(98) Primitive standard_metadata.egress_spec = egress_port
[09:02:55.883] [bmv2] [T] [thread 92915] [38.0] [cxt 0] switch.p4(99) Primitive pit_table.write(hdr.payload.content_id, 0)
[09:02:55.883] [bmv2] [T] [thread 92915] [38.0] [cxt 0] Wrote register 'MyIngress.pit_table' at index 0 with value 0
[09:02:55.883] [bmv2] [T] [thread 92915] [38.0] [cxt 0] switch.p4(100) Primitive hdr.ethernet.srcAddr = 0xFFFFFFFFFFFF
[09:02:55.883] [bmv2] [T] [thread 92915] [38.0] [cxt 0] switch.p4(101) Primitive hdr.ethernet.dstAddr = 0xFFFFFFFFFFFF
[09:02:55.883] [bmv2] [T] [thread 92915] [38.0] [cxt 0] switch.p4(102) Primitive hdr.payload.ttl = hdr.payload.ttl - 1
[09:02:55.883] [bmv2] [D] [thread 92915] [38.0] [cxt 0] Pipeline 'ingress': end
[09:02:55.883] [bmv2] [D] [thread 92915] [38.0] [cxt 0] Egress port is 0
[09:02:55.883] [bmv2] [D] [thread 92916] [38.0] [cxt 0] Pipeline 'egress': start
[09:02:55.883] [bmv2] [D] [thread 92916] [38.0] [cxt 0] Pipeline 'egress': end
[09:02:55.884] [bmv2] [D] [thread 92916] [38.0] [cxt 0] Deparser 'deparser': start
[09:02:55.884] [bmv2] [D] [thread 92916] [38.0] [cxt 0] Deparsing header 'ethernet'
[09:02:55.884] [bmv2] [D] [thread 92916] [38.0] [cxt 0] Deparser 'deparser': end
[09:02:55.885] [bmv2] [D] [thread 92920] [38.0] [cxt 0] Transmitting packet of size 203 out of port 0
[09:02:56.109] [bmv2] [D] [thread 92915] [39.0] [cxt 0] Processing packet received on port 2
[09:02:56.109] [bmv2] [D] [thread 92915] [39.0] [cxt 0] Parser 'parser': start
[09:02:56.109] [bmv2] [D] [thread 92915] [39.0] [cxt 0] Parser 'parser' entering state 'start'
[09:02:56.109] [bmv2] [D] [thread 92915] [39.0] [cxt 0] Extracting header 'ethernet'
[09:02:56.109] [bmv2] [D] [thread 92915] [39.0] [cxt 0] Parser state 'start': key is 86dd
[09:02:56.109] [bmv2] [T] [thread 92915] [39.0] [cxt 0] Bytes parsed: 14
[09:02:56.109] [bmv2] [D] [thread 92915] [39.0] [cxt 0] Parser 'parser': end
[09:02:56.109] [bmv2] [D] [thread 92915] [39.0] [cxt 0] Pipeline 'ingress': start
[09:02:56.109] [bmv2] [T] [thread 92915] [39.0] [cxt 0] switch.p4(147) Condition "hdr.icn.isValid()" (node_2) is false
[09:02:56.109] [bmv2] [T] [thread 92915] [39.0] [cxt 0] switch.p4(164) Condition "hdr.payload.flag == 1" (node_13) is false
[09:02:56.109] [bmv2] [T] [thread 92915] [39.0] [cxt 0] Applying table 'tbl_data_forward_0'
[09:02:56.109] [bmv2] [D] [thread 92915] [39.0] [cxt 0] Looking up key:

[09:02:56.109] [bmv2] [D] [thread 92915] [39.0] [cxt 0] Table 'tbl_data_forward_0': miss
[09:02:56.109] [bmv2] [D] [thread 92915] [39.0] [cxt 0] Action entry is MyIngress.data_forward - 
[09:02:56.109] [bmv2] [T] [thread 92915] [39.0] [cxt 0] Action MyIngress.data_forward
[09:02:56.109] [bmv2] [T] [thread 92915] [39.0] [cxt 0] switch.p4(97) Primitive pit_table.read(egress_port, hdr.payload.content_id)
[09:02:56.109] [bmv2] [T] [thread 92915] [39.0] [cxt 0] Read register 'MyIngress.pit_table' at index 0 read value 0
[09:02:56.109] [bmv2] [T] [thread 92915] [39.0] [cxt 0] switch.p4(98) Primitive standard_metadata.egress_spec = egress_port
[09:02:56.109] [bmv2] [T] [thread 92915] [39.0] [cxt 0] switch.p4(99) Primitive pit_table.write(hdr.payload.content_id, 0)
[09:02:56.109] [bmv2] [T] [thread 92915] [39.0] [cxt 0] Wrote register 'MyIngress.pit_table' at index 0 with value 0
[09:02:56.109] [bmv2] [T] [thread 92915] [39.0] [cxt 0] switch.p4(100) Primitive hdr.ethernet.srcAddr = 0xFFFFFFFFFFFF
[09:02:56.109] [bmv2] [T] [thread 92915] [39.0] [cxt 0] switch.p4(101) Primitive hdr.ethernet.dstAddr = 0xFFFFFFFFFFFF
[09:02:56.109] [bmv2] [T] [thread 92915] [39.0] [cxt 0] switch.p4(102) Primitive hdr.payload.ttl = hdr.payload.ttl - 1
[09:02:56.109] [bmv2] [D] [thread 92915] [39.0] [cxt 0] Pipeline 'ingress': end
[09:02:56.109] [bmv2] [D] [thread 92915] [39.0] [cxt 0] Egress port is 0
[09:02:56.109] [bmv2] [D] [thread 92916] [39.0] [cxt 0] Pipeline 'egress': start
[09:02:56.109] [bmv2] [D] [thread 92916] [39.0] [cxt 0] Pipeline 'egress': end
[09:02:56.109] [bmv2] [D] [thread 92916] [39.0] [cxt 0] Deparser 'deparser': start
[09:02:56.109] [bmv2] [D] [thread 92916] [39.0] [cxt 0] Deparsing header 'ethernet'
[09:02:56.109] [bmv2] [D] [thread 92916] [39.0] [cxt 0] Deparser 'deparser': end
[09:02:56.109] [bmv2] [D] [thread 92920] [39.0] [cxt 0] Transmitting packet of size 199 out of port 0
[09:02:56.191] [bmv2] [D] [thread 92915] [40.0] [cxt 0] Processing packet received on port 2
[09:02:56.191] [bmv2] [D] [thread 92915] [40.0] [cxt 0] Parser 'parser': start
[09:02:56.191] [bmv2] [D] [thread 92915] [40.0] [cxt 0] Parser 'parser' entering state 'start'
[09:02:56.191] [bmv2] [D] [thread 92915] [40.0] [cxt 0] Extracting header 'ethernet'
[09:02:56.191] [bmv2] [D] [thread 92915] [40.0] [cxt 0] Parser state 'start': key is 86dd
[09:02:56.191] [bmv2] [T] [thread 92915] [40.0] [cxt 0] Bytes parsed: 14
[09:02:56.191] [bmv2] [D] [thread 92915] [40.0] [cxt 0] Parser 'parser': end
[09:02:56.191] [bmv2] [D] [thread 92915] [40.0] [cxt 0] Pipeline 'ingress': start
[09:02:56.191] [bmv2] [T] [thread 92915] [40.0] [cxt 0] switch.p4(147) Condition "hdr.icn.isValid()" (node_2) is false
[09:02:56.191] [bmv2] [T] [thread 92915] [40.0] [cxt 0] switch.p4(164) Condition "hdr.payload.flag == 1" (node_13) is false
[09:02:56.191] [bmv2] [T] [thread 92915] [40.0] [cxt 0] Applying table 'tbl_data_forward_0'
[09:02:56.191] [bmv2] [D] [thread 92915] [40.0] [cxt 0] Looking up key:

[09:02:56.191] [bmv2] [D] [thread 92915] [40.0] [cxt 0] Table 'tbl_data_forward_0': miss
[09:02:56.191] [bmv2] [D] [thread 92915] [40.0] [cxt 0] Action entry is MyIngress.data_forward - 
[09:02:56.191] [bmv2] [T] [thread 92915] [40.0] [cxt 0] Action MyIngress.data_forward
[09:02:56.191] [bmv2] [T] [thread 92915] [40.0] [cxt 0] switch.p4(97) Primitive pit_table.read(egress_port, hdr.payload.content_id)
[09:02:56.191] [bmv2] [T] [thread 92915] [40.0] [cxt 0] Read register 'MyIngress.pit_table' at index 0 read value 0
[09:02:56.191] [bmv2] [T] [thread 92915] [40.0] [cxt 0] switch.p4(98) Primitive standard_metadata.egress_spec = egress_port
[09:02:56.191] [bmv2] [T] [thread 92915] [40.0] [cxt 0] switch.p4(99) Primitive pit_table.write(hdr.payload.content_id, 0)
[09:02:56.191] [bmv2] [T] [thread 92915] [40.0] [cxt 0] Wrote register 'MyIngress.pit_table' at index 0 with value 0
[09:02:56.191] [bmv2] [T] [thread 92915] [40.0] [cxt 0] switch.p4(100) Primitive hdr.ethernet.srcAddr = 0xFFFFFFFFFFFF
[09:02:56.191] [bmv2] [T] [thread 92915] [40.0] [cxt 0] switch.p4(101) Primitive hdr.ethernet.dstAddr = 0xFFFFFFFFFFFF
[09:02:56.191] [bmv2] [T] [thread 92915] [40.0] [cxt 0] switch.p4(102) Primitive hdr.payload.ttl = hdr.payload.ttl - 1
[09:02:56.191] [bmv2] [D] [thread 92915] [40.0] [cxt 0] Pipeline 'ingress': end
[09:02:56.191] [bmv2] [D] [thread 92915] [40.0] [cxt 0] Egress port is 0
[09:02:56.191] [bmv2] [D] [thread 92916] [40.0] [cxt 0] Pipeline 'egress': start
[09:02:56.191] [bmv2] [D] [thread 92916] [40.0] [cxt 0] Pipeline 'egress': end
[09:02:56.191] [bmv2] [D] [thread 92916] [40.0] [cxt 0] Deparser 'deparser': start
[09:02:56.191] [bmv2] [D] [thread 92916] [40.0] [cxt 0] Deparsing header 'ethernet'
[09:02:56.191] [bmv2] [D] [thread 92916] [40.0] [cxt 0] Deparser 'deparser': end
[09:02:56.191] [bmv2] [D] [thread 92920] [40.0] [cxt 0] Transmitting packet of size 70 out of port 0
[09:02:56.285] [bmv2] [D] [thread 92915] [41.0] [cxt 0] Processing packet received on port 1
[09:02:56.285] [bmv2] [D] [thread 92915] [41.0] [cxt 0] Parser 'parser': start
[09:02:56.285] [bmv2] [D] [thread 92915] [41.0] [cxt 0] Parser 'parser' entering state 'start'
[09:02:56.285] [bmv2] [D] [thread 92915] [41.0] [cxt 0] Extracting header 'ethernet'
[09:02:56.285] [bmv2] [D] [thread 92915] [41.0] [cxt 0] Parser state 'start': key is 86dd
[09:02:56.287] [bmv2] [T] [thread 92915] [41.0] [cxt 0] Bytes parsed: 14
[09:02:56.287] [bmv2] [D] [thread 92915] [41.0] [cxt 0] Parser 'parser': end
[09:02:56.287] [bmv2] [D] [thread 92915] [41.0] [cxt 0] Pipeline 'ingress': start
[09:02:56.287] [bmv2] [T] [thread 92915] [41.0] [cxt 0] switch.p4(147) Condition "hdr.icn.isValid()" (node_2) is false
[09:02:56.287] [bmv2] [T] [thread 92915] [41.0] [cxt 0] switch.p4(164) Condition "hdr.payload.flag == 1" (node_13) is false
[09:02:56.287] [bmv2] [T] [thread 92915] [41.0] [cxt 0] Applying table 'tbl_data_forward_0'
[09:02:56.287] [bmv2] [D] [thread 92915] [41.0] [cxt 0] Looking up key:

[09:02:56.287] [bmv2] [D] [thread 92915] [41.0] [cxt 0] Table 'tbl_data_forward_0': miss
[09:02:56.287] [bmv2] [D] [thread 92915] [41.0] [cxt 0] Action entry is MyIngress.data_forward - 
[09:02:56.287] [bmv2] [T] [thread 92915] [41.0] [cxt 0] Action MyIngress.data_forward
[09:02:56.287] [bmv2] [T] [thread 92915] [41.0] [cxt 0] switch.p4(97) Primitive pit_table.read(egress_port, hdr.payload.content_id)
[09:02:56.287] [bmv2] [T] [thread 92915] [41.0] [cxt 0] Read register 'MyIngress.pit_table' at index 0 read value 0
[09:02:56.287] [bmv2] [T] [thread 92915] [41.0] [cxt 0] switch.p4(98) Primitive standard_metadata.egress_spec = egress_port
[09:02:56.288] [bmv2] [T] [thread 92915] [41.0] [cxt 0] switch.p4(99) Primitive pit_table.write(hdr.payload.content_id, 0)
[09:02:56.288] [bmv2] [T] [thread 92915] [41.0] [cxt 0] Wrote register 'MyIngress.pit_table' at index 0 with value 0
[09:02:56.288] [bmv2] [T] [thread 92915] [41.0] [cxt 0] switch.p4(100) Primitive hdr.ethernet.srcAddr = 0xFFFFFFFFFFFF
[09:02:56.288] [bmv2] [T] [thread 92915] [41.0] [cxt 0] switch.p4(101) Primitive hdr.ethernet.dstAddr = 0xFFFFFFFFFFFF
[09:02:56.288] [bmv2] [T] [thread 92915] [41.0] [cxt 0] switch.p4(102) Primitive hdr.payload.ttl = hdr.payload.ttl - 1
[09:02:56.288] [bmv2] [D] [thread 92915] [41.0] [cxt 0] Pipeline 'ingress': end
[09:02:56.288] [bmv2] [D] [thread 92915] [41.0] [cxt 0] Egress port is 0
[09:02:56.288] [bmv2] [D] [thread 92916] [41.0] [cxt 0] Pipeline 'egress': start
[09:02:56.288] [bmv2] [D] [thread 92916] [41.0] [cxt 0] Pipeline 'egress': end
[09:02:56.288] [bmv2] [D] [thread 92916] [41.0] [cxt 0] Deparser 'deparser': start
[09:02:56.288] [bmv2] [D] [thread 92916] [41.0] [cxt 0] Deparsing header 'ethernet'
[09:02:56.288] [bmv2] [D] [thread 92916] [41.0] [cxt 0] Deparser 'deparser': end
[09:02:56.288] [bmv2] [D] [thread 92920] [41.0] [cxt 0] Transmitting packet of size 199 out of port 0
[09:02:56.446] [bmv2] [D] [thread 92915] [42.0] [cxt 0] Processing packet received on port 1
[09:02:56.446] [bmv2] [D] [thread 92915] [42.0] [cxt 0] Parser 'parser': start
[09:02:56.446] [bmv2] [D] [thread 92915] [42.0] [cxt 0] Parser 'parser' entering state 'start'
[09:02:56.446] [bmv2] [D] [thread 92915] [42.0] [cxt 0] Extracting header 'ethernet'
[09:02:56.446] [bmv2] [D] [thread 92915] [42.0] [cxt 0] Parser state 'start': key is 86dd
[09:02:56.446] [bmv2] [T] [thread 92915] [42.0] [cxt 0] Bytes parsed: 14
[09:02:56.446] [bmv2] [D] [thread 92915] [42.0] [cxt 0] Parser 'parser': end
[09:02:56.446] [bmv2] [D] [thread 92915] [42.0] [cxt 0] Pipeline 'ingress': start
[09:02:56.446] [bmv2] [T] [thread 92915] [42.0] [cxt 0] switch.p4(147) Condition "hdr.icn.isValid()" (node_2) is false
[09:02:56.446] [bmv2] [T] [thread 92915] [42.0] [cxt 0] switch.p4(164) Condition "hdr.payload.flag == 1" (node_13) is false
[09:02:56.446] [bmv2] [T] [thread 92915] [42.0] [cxt 0] Applying table 'tbl_data_forward_0'
[09:02:56.446] [bmv2] [D] [thread 92915] [42.0] [cxt 0] Looking up key:

[09:02:56.446] [bmv2] [D] [thread 92915] [42.0] [cxt 0] Table 'tbl_data_forward_0': miss
[09:02:56.446] [bmv2] [D] [thread 92915] [42.0] [cxt 0] Action entry is MyIngress.data_forward - 
[09:02:56.446] [bmv2] [T] [thread 92915] [42.0] [cxt 0] Action MyIngress.data_forward
[09:02:56.446] [bmv2] [T] [thread 92915] [42.0] [cxt 0] switch.p4(97) Primitive pit_table.read(egress_port, hdr.payload.content_id)
[09:02:56.446] [bmv2] [T] [thread 92915] [42.0] [cxt 0] Read register 'MyIngress.pit_table' at index 0 read value 0
[09:02:56.446] [bmv2] [T] [thread 92915] [42.0] [cxt 0] switch.p4(98) Primitive standard_metadata.egress_spec = egress_port
[09:02:56.446] [bmv2] [T] [thread 92915] [42.0] [cxt 0] switch.p4(99) Primitive pit_table.write(hdr.payload.content_id, 0)
[09:02:56.446] [bmv2] [T] [thread 92915] [42.0] [cxt 0] Wrote register 'MyIngress.pit_table' at index 0 with value 0
[09:02:56.446] [bmv2] [T] [thread 92915] [42.0] [cxt 0] switch.p4(100) Primitive hdr.ethernet.srcAddr = 0xFFFFFFFFFFFF
[09:02:56.446] [bmv2] [T] [thread 92915] [42.0] [cxt 0] switch.p4(101) Primitive hdr.ethernet.dstAddr = 0xFFFFFFFFFFFF
[09:02:56.446] [bmv2] [T] [thread 92915] [42.0] [cxt 0] switch.p4(102) Primitive hdr.payload.ttl = hdr.payload.ttl - 1
[09:02:56.446] [bmv2] [D] [thread 92915] [42.0] [cxt 0] Pipeline 'ingress': end
[09:02:56.446] [bmv2] [D] [thread 92915] [42.0] [cxt 0] Egress port is 0
[09:02:56.446] [bmv2] [D] [thread 92916] [42.0] [cxt 0] Pipeline 'egress': start
[09:02:56.446] [bmv2] [D] [thread 92916] [42.0] [cxt 0] Pipeline 'egress': end
[09:02:56.446] [bmv2] [D] [thread 92916] [42.0] [cxt 0] Deparser 'deparser': start
[09:02:56.446] [bmv2] [D] [thread 92916] [42.0] [cxt 0] Deparsing header 'ethernet'
[09:02:56.446] [bmv2] [D] [thread 92916] [42.0] [cxt 0] Deparser 'deparser': end
[09:02:56.446] [bmv2] [D] [thread 92920] [42.0] [cxt 0] Transmitting packet of size 70 out of port 0
[09:02:56.680] [bmv2] [D] [thread 92915] [43.0] [cxt 0] Processing packet received on port 2
[09:02:56.680] [bmv2] [D] [thread 92915] [43.0] [cxt 0] Parser 'parser': start
[09:02:56.680] [bmv2] [D] [thread 92915] [43.0] [cxt 0] Parser 'parser' entering state 'start'
[09:02:56.680] [bmv2] [D] [thread 92915] [43.0] [cxt 0] Extracting header 'ethernet'
[09:02:56.680] [bmv2] [D] [thread 92915] [43.0] [cxt 0] Parser state 'start': key is 86dd
[09:02:56.680] [bmv2] [T] [thread 92915] [43.0] [cxt 0] Bytes parsed: 14
[09:02:56.680] [bmv2] [D] [thread 92915] [43.0] [cxt 0] Parser 'parser': end
[09:02:56.680] [bmv2] [D] [thread 92915] [43.0] [cxt 0] Pipeline 'ingress': start
[09:02:56.680] [bmv2] [T] [thread 92915] [43.0] [cxt 0] switch.p4(147) Condition "hdr.icn.isValid()" (node_2) is false
[09:02:56.680] [bmv2] [T] [thread 92915] [43.0] [cxt 0] switch.p4(164) Condition "hdr.payload.flag == 1" (node_13) is false
[09:02:56.680] [bmv2] [T] [thread 92915] [43.0] [cxt 0] Applying table 'tbl_data_forward_0'
[09:02:56.680] [bmv2] [D] [thread 92915] [43.0] [cxt 0] Looking up key:

[09:02:56.680] [bmv2] [D] [thread 92915] [43.0] [cxt 0] Table 'tbl_data_forward_0': miss
[09:02:56.680] [bmv2] [D] [thread 92915] [43.0] [cxt 0] Action entry is MyIngress.data_forward - 
[09:02:56.680] [bmv2] [T] [thread 92915] [43.0] [cxt 0] Action MyIngress.data_forward
[09:02:56.680] [bmv2] [T] [thread 92915] [43.0] [cxt 0] switch.p4(97) Primitive pit_table.read(egress_port, hdr.payload.content_id)
[09:02:56.680] [bmv2] [T] [thread 92915] [43.0] [cxt 0] Read register 'MyIngress.pit_table' at index 0 read value 0
[09:02:56.680] [bmv2] [T] [thread 92915] [43.0] [cxt 0] switch.p4(98) Primitive standard_metadata.egress_spec = egress_port
[09:02:56.680] [bmv2] [T] [thread 92915] [43.0] [cxt 0] switch.p4(99) Primitive pit_table.write(hdr.payload.content_id, 0)
[09:02:56.680] [bmv2] [T] [thread 92915] [43.0] [cxt 0] Wrote register 'MyIngress.pit_table' at index 0 with value 0
[09:02:56.680] [bmv2] [T] [thread 92915] [43.0] [cxt 0] switch.p4(100) Primitive hdr.ethernet.srcAddr = 0xFFFFFFFFFFFF
[09:02:56.680] [bmv2] [T] [thread 92915] [43.0] [cxt 0] switch.p4(101) Primitive hdr.ethernet.dstAddr = 0xFFFFFFFFFFFF
[09:02:56.680] [bmv2] [T] [thread 92915] [43.0] [cxt 0] switch.p4(102) Primitive hdr.payload.ttl = hdr.payload.ttl - 1
[09:02:56.680] [bmv2] [D] [thread 92915] [43.0] [cxt 0] Pipeline 'ingress': end
[09:02:56.680] [bmv2] [D] [thread 92915] [43.0] [cxt 0] Egress port is 0
[09:02:56.680] [bmv2] [D] [thread 92916] [43.0] [cxt 0] Pipeline 'egress': start
[09:02:56.680] [bmv2] [D] [thread 92916] [43.0] [cxt 0] Pipeline 'egress': end
[09:02:56.680] [bmv2] [D] [thread 92916] [43.0] [cxt 0] Deparser 'deparser': start
[09:02:56.680] [bmv2] [D] [thread 92916] [43.0] [cxt 0] Deparsing header 'ethernet'
[09:02:56.680] [bmv2] [D] [thread 92916] [43.0] [cxt 0] Deparser 'deparser': end
[09:02:56.680] [bmv2] [D] [thread 92920] [43.0] [cxt 0] Transmitting packet of size 199 out of port 0
[09:02:56.697] [bmv2] [D] [thread 92915] [44.0] [cxt 0] Processing packet received on port 2
[09:02:56.697] [bmv2] [D] [thread 92915] [44.0] [cxt 0] Parser 'parser': start
[09:02:56.697] [bmv2] [D] [thread 92915] [44.0] [cxt 0] Parser 'parser' entering state 'start'
[09:02:56.697] [bmv2] [D] [thread 92915] [44.0] [cxt 0] Extracting header 'ethernet'
[09:02:56.697] [bmv2] [D] [thread 92915] [44.0] [cxt 0] Parser state 'start': key is 86dd
[09:02:56.697] [bmv2] [T] [thread 92915] [44.0] [cxt 0] Bytes parsed: 14
[09:02:56.697] [bmv2] [D] [thread 92915] [44.0] [cxt 0] Parser 'parser': end
[09:02:56.697] [bmv2] [D] [thread 92915] [44.0] [cxt 0] Pipeline 'ingress': start
[09:02:56.697] [bmv2] [T] [thread 92915] [44.0] [cxt 0] switch.p4(147) Condition "hdr.icn.isValid()" (node_2) is false
[09:02:56.697] [bmv2] [T] [thread 92915] [44.0] [cxt 0] switch.p4(164) Condition "hdr.payload.flag == 1" (node_13) is false
[09:02:56.697] [bmv2] [T] [thread 92915] [44.0] [cxt 0] Applying table 'tbl_data_forward_0'
[09:02:56.697] [bmv2] [D] [thread 92915] [44.0] [cxt 0] Looking up key:

[09:02:56.697] [bmv2] [D] [thread 92915] [44.0] [cxt 0] Table 'tbl_data_forward_0': miss
[09:02:56.697] [bmv2] [D] [thread 92915] [44.0] [cxt 0] Action entry is MyIngress.data_forward - 
[09:02:56.697] [bmv2] [T] [thread 92915] [44.0] [cxt 0] Action MyIngress.data_forward
[09:02:56.697] [bmv2] [T] [thread 92915] [44.0] [cxt 0] switch.p4(97) Primitive pit_table.read(egress_port, hdr.payload.content_id)
[09:02:56.697] [bmv2] [T] [thread 92915] [44.0] [cxt 0] Read register 'MyIngress.pit_table' at index 0 read value 0
[09:02:56.697] [bmv2] [T] [thread 92915] [44.0] [cxt 0] switch.p4(98) Primitive standard_metadata.egress_spec = egress_port
[09:02:56.697] [bmv2] [T] [thread 92915] [44.0] [cxt 0] switch.p4(99) Primitive pit_table.write(hdr.payload.content_id, 0)
[09:02:56.697] [bmv2] [T] [thread 92915] [44.0] [cxt 0] Wrote register 'MyIngress.pit_table' at index 0 with value 0
[09:02:56.697] [bmv2] [T] [thread 92915] [44.0] [cxt 0] switch.p4(100) Primitive hdr.ethernet.srcAddr = 0xFFFFFFFFFFFF
[09:02:56.697] [bmv2] [T] [thread 92915] [44.0] [cxt 0] switch.p4(101) Primitive hdr.ethernet.dstAddr = 0xFFFFFFFFFFFF
[09:02:56.697] [bmv2] [T] [thread 92915] [44.0] [cxt 0] switch.p4(102) Primitive hdr.payload.ttl = hdr.payload.ttl - 1
[09:02:56.697] [bmv2] [D] [thread 92915] [44.0] [cxt 0] Pipeline 'ingress': end
[09:02:56.697] [bmv2] [D] [thread 92915] [44.0] [cxt 0] Egress port is 0
[09:02:56.697] [bmv2] [D] [thread 92916] [44.0] [cxt 0] Pipeline 'egress': start
[09:02:56.697] [bmv2] [D] [thread 92916] [44.0] [cxt 0] Pipeline 'egress': end
[09:02:56.697] [bmv2] [D] [thread 92916] [44.0] [cxt 0] Deparser 'deparser': start
[09:02:56.697] [bmv2] [D] [thread 92916] [44.0] [cxt 0] Deparsing header 'ethernet'
[09:02:56.697] [bmv2] [D] [thread 92916] [44.0] [cxt 0] Deparser 'deparser': end
[09:02:56.697] [bmv2] [D] [thread 92920] [44.0] [cxt 0] Transmitting packet of size 70 out of port 0
[09:02:57.284] [bmv2] [D] [thread 92915] [45.0] [cxt 0] Processing packet received on port 2
[09:02:57.284] [bmv2] [D] [thread 92915] [45.0] [cxt 0] Parser 'parser': start
[09:02:57.284] [bmv2] [D] [thread 92915] [45.0] [cxt 0] Parser 'parser' entering state 'start'
[09:02:57.284] [bmv2] [D] [thread 92915] [45.0] [cxt 0] Extracting header 'ethernet'
[09:02:57.284] [bmv2] [D] [thread 92915] [45.0] [cxt 0] Parser state 'start': key is 88b5
[09:02:57.284] [bmv2] [T] [thread 92915] [45.0] [cxt 0] Bytes parsed: 14
[09:02:57.284] [bmv2] [D] [thread 92915] [45.0] [cxt 0] Parser 'parser' entering state 'parse_icn'
[09:02:57.284] [bmv2] [D] [thread 92915] [45.0] [cxt 0] Extracting header 'icn'
[09:02:57.284] [bmv2] [D] [thread 92915] [45.0] [cxt 0] Parser state 'parse_icn' has no switch, going to default next state
[09:02:57.284] [bmv2] [T] [thread 92915] [45.0] [cxt 0] Bytes parsed: 22
[09:02:57.284] [bmv2] [D] [thread 92915] [45.0] [cxt 0] Parser 'parser': end
[09:02:57.284] [bmv2] [D] [thread 92915] [45.0] [cxt 0] Pipeline 'ingress': start
[09:02:57.284] [bmv2] [T] [thread 92915] [45.0] [cxt 0] switch.p4(147) Condition "hdr.icn.isValid()" (node_2) is true
[09:02:57.284] [bmv2] [T] [thread 92915] [45.0] [cxt 0] Applying table 'tbl_switch148'
[09:02:57.284] [bmv2] [D] [thread 92915] [45.0] [cxt 0] Looking up key:

[09:02:57.284] [bmv2] [D] [thread 92915] [45.0] [cxt 0] Table 'tbl_switch148': miss
[09:02:57.284] [bmv2] [D] [thread 92915] [45.0] [cxt 0] Action entry is switch148 - 
[09:02:57.284] [bmv2] [T] [thread 92915] [45.0] [cxt 0] Action switch148
[09:02:57.284] [bmv2] [T] [thread 92915] [45.0] [cxt 0] switch.p4(148) Primitive content_cache.read(cached_data, hdr.icn.content_id)
[09:02:57.284] [bmv2] [T] [thread 92915] [45.0] [cxt 0] Read register 'MyIngress.content_cache' at index 1 read value 0
[09:02:57.284] [bmv2] [T] [thread 92915] [45.0] [cxt 0] switch.p4(149) Condition "cached_data != 0" (node_4) is false
[09:02:57.284] [bmv2] [T] [thread 92915] [45.0] [cxt 0] Applying table 'tbl_switch159'
[09:02:57.284] [bmv2] [D] [thread 92915] [45.0] [cxt 0] Looking up key:

[09:02:57.284] [bmv2] [D] [thread 92915] [45.0] [cxt 0] Table 'tbl_switch159': miss
[09:02:57.284] [bmv2] [D] [thread 92915] [45.0] [cxt 0] Action entry is switch159 - 
[09:02:57.284] [bmv2] [T] [thread 92915] [45.0] [cxt 0] Action switch159
[09:02:57.284] [bmv2] [T] [thread 92915] [45.0] [cxt 0] switch.p4(159) Primitive hdr.icn.flag = 0
[09:02:57.284] [bmv2] [T] [thread 92915] [45.0] [cxt 0] switch.p4(160) Primitive pit_table.write(hdr.icn.content_id, standard_metadata.ingress_port)
[09:02:57.284] [bmv2] [T] [thread 92915] [45.0] [cxt 0] Wrote register 'MyIngress.pit_table' at index 1 with value 2
[09:02:57.284] [bmv2] [T] [thread 92915] [45.0] [cxt 0] Applying table 'MyIngress.foward_interest'
[09:02:57.284] [bmv2] [D] [thread 92915] [45.0] [cxt 0] Looking up key:
* hdr.ethernet.srcAddr: 080000000200

[09:02:57.284] [bmv2] [D] [thread 92915] [45.0] [cxt 0] Table 'MyIngress.foward_interest': hit with handle 0
[09:02:57.284] [bmv2] [D] [thread 92915] [45.0] [cxt 0] Dumping entry 0
Match key:
* hdr.ethernet.srcAddr: EXACT     080000000200
Action entry: MyIngress.dup_interest - 80000000222,1,

[09:02:57.284] [bmv2] [D] [thread 92915] [45.0] [cxt 0] Action entry is MyIngress.dup_interest - 80000000222,1,
[09:02:57.284] [bmv2] [T] [thread 92915] [45.0] [cxt 0] Action MyIngress.dup_interest
[09:02:57.284] [bmv2] [T] [thread 92915] [45.0] [cxt 0] switch.p4(124) Primitive standard_metadata.egress_spec = port
[09:02:57.284] [bmv2] [T] [thread 92915] [45.0] [cxt 0] switch.p4(125) Primitive hdr.ethernet.srcAddr = hdr.ethernet.dstAddr
[09:02:57.284] [bmv2] [T] [thread 92915] [45.0] [cxt 0] switch.p4(126) Primitive hdr.ethernet.dstAddr = dstAddr
[09:02:57.284] [bmv2] [T] [thread 92915] [45.0] [cxt 0] switch.p4(128) Primitive hdr.icn.hop_count = hdr.icn.hop_count - 1
[09:02:57.284] [bmv2] [D] [thread 92915] [45.0] [cxt 0] Pipeline 'ingress': end
[09:02:57.284] [bmv2] [D] [thread 92915] [45.0] [cxt 0] Egress port is 1
[09:02:57.284] [bmv2] [D] [thread 92917] [45.0] [cxt 0] Pipeline 'egress': start
[09:02:57.284] [bmv2] [D] [thread 92917] [45.0] [cxt 0] Pipeline 'egress': end
[09:02:57.284] [bmv2] [D] [thread 92917] [45.0] [cxt 0] Deparser 'deparser': start
[09:02:57.284] [bmv2] [D] [thread 92917] [45.0] [cxt 0] Deparsing header 'ethernet'
[09:02:57.284] [bmv2] [D] [thread 92917] [45.0] [cxt 0] Deparsing header 'icn'
[09:02:57.284] [bmv2] [D] [thread 92917] [45.0] [cxt 0] Deparser 'deparser': end
[09:02:57.284] [bmv2] [D] [thread 92920] [45.0] [cxt 0] Transmitting packet of size 22 out of port 1
[09:02:57.296] [bmv2] [D] [thread 92915] [46.0] [cxt 0] Processing packet received on port 1
[09:02:57.296] [bmv2] [D] [thread 92915] [46.0] [cxt 0] Parser 'parser': start
[09:02:57.296] [bmv2] [D] [thread 92915] [46.0] [cxt 0] Parser 'parser' entering state 'start'
[09:02:57.296] [bmv2] [D] [thread 92915] [46.0] [cxt 0] Extracting header 'ethernet'
[09:02:57.296] [bmv2] [D] [thread 92915] [46.0] [cxt 0] Parser state 'start': key is 88b6
[09:02:57.296] [bmv2] [T] [thread 92915] [46.0] [cxt 0] Bytes parsed: 14
[09:02:57.296] [bmv2] [D] [thread 92915] [46.0] [cxt 0] Parser 'parser' entering state 'parse_payload'
[09:02:57.296] [bmv2] [D] [thread 92915] [46.0] [cxt 0] Extracting header 'payload'
[09:02:57.296] [bmv2] [D] [thread 92915] [46.0] [cxt 0] Parser state 'parse_payload' has no switch, going to default next state
[09:02:57.296] [bmv2] [T] [thread 92915] [46.0] [cxt 0] Bytes parsed: 276
[09:02:57.296] [bmv2] [D] [thread 92915] [46.0] [cxt 0] Parser 'parser': end
[09:02:57.296] [bmv2] [D] [thread 92915] [46.0] [cxt 0] Pipeline 'ingress': start
[09:02:57.296] [bmv2] [T] [thread 92915] [46.0] [cxt 0] switch.p4(147) Condition "hdr.icn.isValid()" (node_2) is false
[09:02:57.296] [bmv2] [T] [thread 92915] [46.0] [cxt 0] switch.p4(164) Condition "hdr.payload.flag == 1" (node_13) is true
[09:02:57.296] [bmv2] [T] [thread 92915] [46.0] [cxt 0] Applying table 'tbl_cache_content'
[09:02:57.296] [bmv2] [D] [thread 92915] [46.0] [cxt 0] Looking up key:

[09:02:57.296] [bmv2] [D] [thread 92915] [46.0] [cxt 0] Table 'tbl_cache_content': miss
[09:02:57.296] [bmv2] [D] [thread 92915] [46.0] [cxt 0] Action entry is MyIngress.cache_content - 
[09:02:57.296] [bmv2] [T] [thread 92915] [46.0] [cxt 0] Action MyIngress.cache_content
[09:02:57.296] [bmv2] [T] [thread 92915] [46.0] [cxt 0] switch.p4(106) Primitive content_cache.write(hdr.payload.content_id, hdr.payload.data)
[09:02:57.296] [bmv2] [T] [thread 92915] [46.0] [cxt 0] Wrote register 'MyIngress.content_cache' at index 1 with value 17334248032272856919049904129148938617700988014304292665051363529817104491524797347555222073430792320059939653561838142512049133114388715375014781493453850835185074611781570404847019710571613655373669594595135033889630776998479070814982991093682257016220976393663747692290960138236990461169158975424217495205235714645535325005531839232559780229597835373266260635303518876566160865710124377185704679970288330545603901891183133829188678302433295812412601508611578502040926066791030664212907508769521753768992941363800118204875972853288437881499254902667790476020116895095900119866747339270646056253520273313150781095936
[09:02:57.296] [bmv2] [T] [thread 92915] [46.0] [cxt 0] switch.p4(107) Primitive hdr.payload.flag = 0
[09:02:57.296] [bmv2] [T] [thread 92915] [46.0] [cxt 0] Applying table 'tbl_data_forward_0'
[09:02:57.296] [bmv2] [D] [thread 92915] [46.0] [cxt 0] Looking up key:

[09:02:57.296] [bmv2] [D] [thread 92915] [46.0] [cxt 0] Table 'tbl_data_forward_0': miss
[09:02:57.296] [bmv2] [D] [thread 92915] [46.0] [cxt 0] Action entry is MyIngress.data_forward - 
[09:02:57.296] [bmv2] [T] [thread 92915] [46.0] [cxt 0] Action MyIngress.data_forward
[09:02:57.296] [bmv2] [T] [thread 92915] [46.0] [cxt 0] switch.p4(97) Primitive pit_table.read(egress_port, hdr.payload.content_id)
[09:02:57.296] [bmv2] [T] [thread 92915] [46.0] [cxt 0] Read register 'MyIngress.pit_table' at index 1 read value 2
[09:02:57.296] [bmv2] [T] [thread 92915] [46.0] [cxt 0] switch.p4(98) Primitive standard_metadata.egress_spec = egress_port
[09:02:57.296] [bmv2] [T] [thread 92915] [46.0] [cxt 0] switch.p4(99) Primitive pit_table.write(hdr.payload.content_id, 0)
[09:02:57.296] [bmv2] [T] [thread 92915] [46.0] [cxt 0] Wrote register 'MyIngress.pit_table' at index 1 with value 0
[09:02:57.296] [bmv2] [T] [thread 92915] [46.0] [cxt 0] switch.p4(100) Primitive hdr.ethernet.srcAddr = 0xFFFFFFFFFFFF
[09:02:57.296] [bmv2] [T] [thread 92915] [46.0] [cxt 0] switch.p4(101) Primitive hdr.ethernet.dstAddr = 0xFFFFFFFFFFFF
[09:02:57.296] [bmv2] [T] [thread 92915] [46.0] [cxt 0] switch.p4(102) Primitive hdr.payload.ttl = hdr.payload.ttl - 1
[09:02:57.296] [bmv2] [D] [thread 92915] [46.0] [cxt 0] Pipeline 'ingress': end
[09:02:57.296] [bmv2] [D] [thread 92915] [46.0] [cxt 0] Egress port is 2
[09:02:57.296] [bmv2] [D] [thread 92918] [46.0] [cxt 0] Pipeline 'egress': start
[09:02:57.296] [bmv2] [D] [thread 92918] [46.0] [cxt 0] Pipeline 'egress': end
[09:02:57.296] [bmv2] [D] [thread 92918] [46.0] [cxt 0] Deparser 'deparser': start
[09:02:57.296] [bmv2] [D] [thread 92918] [46.0] [cxt 0] Deparsing header 'ethernet'
[09:02:57.296] [bmv2] [D] [thread 92918] [46.0] [cxt 0] Deparsing header 'payload'
[09:02:57.296] [bmv2] [D] [thread 92918] [46.0] [cxt 0] Deparser 'deparser': end
[09:02:57.296] [bmv2] [D] [thread 92920] [46.0] [cxt 0] Transmitting packet of size 276 out of port 2
[09:02:58.087] [bmv2] [D] [thread 92915] [47.0] [cxt 0] Processing packet received on port 2
[09:02:58.087] [bmv2] [D] [thread 92915] [47.0] [cxt 0] Parser 'parser': start
[09:02:58.087] [bmv2] [D] [thread 92915] [47.0] [cxt 0] Parser 'parser' entering state 'start'
[09:02:58.087] [bmv2] [D] [thread 92915] [47.0] [cxt 0] Extracting header 'ethernet'
[09:02:58.087] [bmv2] [D] [thread 92915] [47.0] [cxt 0] Parser state 'start': key is 88b5
[09:02:58.087] [bmv2] [T] [thread 92915] [47.0] [cxt 0] Bytes parsed: 14
[09:02:58.087] [bmv2] [D] [thread 92915] [47.0] [cxt 0] Parser 'parser' entering state 'parse_icn'
[09:02:58.087] [bmv2] [D] [thread 92915] [47.0] [cxt 0] Extracting header 'icn'
[09:02:58.088] [bmv2] [D] [thread 92915] [47.0] [cxt 0] Parser state 'parse_icn' has no switch, going to default next state
[09:02:58.088] [bmv2] [T] [thread 92915] [47.0] [cxt 0] Bytes parsed: 22
[09:02:58.088] [bmv2] [D] [thread 92915] [47.0] [cxt 0] Parser 'parser': end
[09:02:58.088] [bmv2] [D] [thread 92915] [47.0] [cxt 0] Pipeline 'ingress': start
[09:02:58.088] [bmv2] [T] [thread 92915] [47.0] [cxt 0] switch.p4(147) Condition "hdr.icn.isValid()" (node_2) is true
[09:02:58.088] [bmv2] [T] [thread 92915] [47.0] [cxt 0] Applying table 'tbl_switch148'
[09:02:58.088] [bmv2] [D] [thread 92915] [47.0] [cxt 0] Looking up key:

[09:02:58.088] [bmv2] [D] [thread 92915] [47.0] [cxt 0] Table 'tbl_switch148': miss
[09:02:58.088] [bmv2] [D] [thread 92915] [47.0] [cxt 0] Action entry is switch148 - 
[09:02:58.088] [bmv2] [T] [thread 92915] [47.0] [cxt 0] Action switch148
[09:02:58.088] [bmv2] [T] [thread 92915] [47.0] [cxt 0] switch.p4(148) Primitive content_cache.read(cached_data, hdr.icn.content_id)
[09:02:58.088] [bmv2] [T] [thread 92915] [47.0] [cxt 0] Read register 'MyIngress.content_cache' at index 1 read value 17334248032272856919049904129148938617700988014304292665051363529817104491524797347555222073430792320059939653561838142512049133114388715375014781493453850835185074611781570404847019710571613655373669594595135033889630776998479070814982991093682257016220976393663747692290960138236990461169158975424217495205235714645535325005531839232559780229597835373266260635303518876566160865710124377185704679970288330545603901891183133829188678302433295812412601508611578502040926066791030664212907508769521753768992941363800118204875972853288437881499254902667790476020116895095900119866747339270646056253520273313150781095936
[09:02:58.088] [bmv2] [T] [thread 92915] [47.0] [cxt 0] switch.p4(149) Condition "cached_data != 0" (node_4) is true
[09:02:58.088] [bmv2] [T] [thread 92915] [47.0] [cxt 0] Applying table 'tbl_switch150'
[09:02:58.088] [bmv2] [D] [thread 92915] [47.0] [cxt 0] Looking up key:

[09:02:58.088] [bmv2] [D] [thread 92915] [47.0] [cxt 0] Table 'tbl_switch150': miss
[09:02:58.088] [bmv2] [D] [thread 92915] [47.0] [cxt 0] Action entry is switch150 - 
[09:02:58.088] [bmv2] [T] [thread 92915] [47.0] [cxt 0] Action switch150
[09:02:58.088] [bmv2] [T] [thread 92915] [47.0] [cxt 0] switch.p4(150) Primitive pit_table.write(hdr.icn.content_id, standard_metadata.ingress_port)
[09:02:58.088] [bmv2] [T] [thread 92915] [47.0] [cxt 0] Wrote register 'MyIngress.pit_table' at index 1 with value 2
[09:02:58.089] [bmv2] [T] [thread 92915] [47.0] [cxt 0] switch.p4(151) Condition "hdr.icn.flag == 1" (node_6) is false
[09:02:58.089] [bmv2] [T] [thread 92915] [47.0] [cxt 0] Applying table 'tbl_return_content_0'
[09:02:58.089] [bmv2] [D] [thread 92915] [47.0] [cxt 0] Looking up key:

[09:02:58.089] [bmv2] [D] [thread 92915] [47.0] [cxt 0] Table 'tbl_return_content_0': miss
[09:02:58.089] [bmv2] [D] [thread 92915] [47.0] [cxt 0] Action entry is MyIngress.return_content - 
[09:02:58.089] [bmv2] [T] [thread 92915] [47.0] [cxt 0] Action MyIngress.return_content
[09:02:58.089] [bmv2] [T] [thread 92915] [47.0] [cxt 0] switch.p4(112) Primitive content_cache.read(cached_data, hdr.icn.content_id)
[09:02:58.089] [bmv2] [T] [thread 92915] [47.0] [cxt 0] Read register 'MyIngress.content_cache' at index 1 read value 17334248032272856919049904129148938617700988014304292665051363529817104491524797347555222073430792320059939653561838142512049133114388715375014781493453850835185074611781570404847019710571613655373669594595135033889630776998479070814982991093682257016220976393663747692290960138236990461169158975424217495205235714645535325005531839232559780229597835373266260635303518876566160865710124377185704679970288330545603901891183133829188678302433295812412601508611578502040926066791030664212907508769521753768992941363800118204875972853288437881499254902667790476020116895095900119866747339270646056253520273313150781095936
[09:02:58.089] [bmv2] [T] [thread 92915] [47.0] [cxt 0] switch.p4(113) Primitive hdr.payload.setValid()
[09:02:58.089] [bmv2] [T] [thread 92915] [47.0] [cxt 0] switch.p4(114) Primitive hdr.payload.data = cached_data
[09:02:58.089] [bmv2] [T] [thread 92915] [47.0] [cxt 0] switch.p4(115) Primitive hdr.payload.content_id = hdr.icn.content_id
[09:02:58.089] [bmv2] [T] [thread 92915] [47.0] [cxt 0] switch.p4(116) Primitive hdr.payload.ttl = 8
[09:02:58.089] [bmv2] [T] [thread 92915] [47.0] [cxt 0] switch.p4(117) Primitive hdr.payload.flag = 1
[09:02:58.089] [bmv2] [T] [thread 92915] [47.0] [cxt 0] switch.p4(118) Primitive hdr.ethernet.etherType = 0x88B6
[09:02:58.089] [bmv2] [T] [thread 92915] [47.0] [cxt 0] switch.p4(119) Primitive hdr.icn.setInvalid()
[09:02:58.089] [bmv2] [T] [thread 92915] [47.0] [cxt 0] Applying table 'tbl_switch155'
[09:02:58.089] [bmv2] [D] [thread 92915] [47.0] [cxt 0] Looking up key:

[09:02:58.089] [bmv2] [D] [thread 92915] [47.0] [cxt 0] Table 'tbl_switch155': miss
[09:02:58.090] [bmv2] [D] [thread 92915] [47.0] [cxt 0] Action entry is switch155 - 
[09:02:58.090] [bmv2] [T] [thread 92915] [47.0] [cxt 0] Action switch155
[09:02:58.090] [bmv2] [T] [thread 92915] [47.0] [cxt 0] switch.p4(155) Primitive content_cache.write(hdr.payload.content_id, 0)
[09:02:58.090] [bmv2] [T] [thread 92915] [47.0] [cxt 0] Wrote register 'MyIngress.content_cache' at index 1 with value 0
[09:02:58.090] [bmv2] [T] [thread 92915] [47.0] [cxt 0] Applying table 'tbl_data_forward'
[09:02:58.090] [bmv2] [D] [thread 92915] [47.0] [cxt 0] Looking up key:

[09:02:58.090] [bmv2] [D] [thread 92915] [47.0] [cxt 0] Table 'tbl_data_forward': miss
[09:02:58.090] [bmv2] [D] [thread 92915] [47.0] [cxt 0] Action entry is MyIngress.data_forward - 
[09:02:58.090] [bmv2] [T] [thread 92915] [47.0] [cxt 0] Action MyIngress.data_forward
[09:02:58.090] [bmv2] [T] [thread 92915] [47.0] [cxt 0] switch.p4(97) Primitive pit_table.read(egress_port, hdr.payload.content_id)
[09:02:58.090] [bmv2] [T] [thread 92915] [47.0] [cxt 0] Read register 'MyIngress.pit_table' at index 1 read value 2
[09:02:58.090] [bmv2] [T] [thread 92915] [47.0] [cxt 0] switch.p4(98) Primitive standard_metadata.egress_spec = egress_port
[09:02:58.090] [bmv2] [T] [thread 92915] [47.0] [cxt 0] switch.p4(99) Primitive pit_table.write(hdr.payload.content_id, 0)
[09:02:58.090] [bmv2] [T] [thread 92915] [47.0] [cxt 0] Wrote register 'MyIngress.pit_table' at index 1 with value 0
[09:02:58.090] [bmv2] [T] [thread 92915] [47.0] [cxt 0] switch.p4(100) Primitive hdr.ethernet.srcAddr = 0xFFFFFFFFFFFF
[09:02:58.090] [bmv2] [T] [thread 92915] [47.0] [cxt 0] switch.p4(101) Primitive hdr.ethernet.dstAddr = 0xFFFFFFFFFFFF
[09:02:58.090] [bmv2] [T] [thread 92915] [47.0] [cxt 0] switch.p4(102) Primitive hdr.payload.ttl = hdr.payload.ttl - 1
[09:02:58.090] [bmv2] [D] [thread 92915] [47.0] [cxt 0] Pipeline 'ingress': end
[09:02:58.090] [bmv2] [D] [thread 92915] [47.0] [cxt 0] Egress port is 2
[09:02:58.090] [bmv2] [D] [thread 92918] [47.0] [cxt 0] Pipeline 'egress': start
[09:02:58.090] [bmv2] [D] [thread 92918] [47.0] [cxt 0] Pipeline 'egress': end
[09:02:58.090] [bmv2] [D] [thread 92918] [47.0] [cxt 0] Deparser 'deparser': start
[09:02:58.090] [bmv2] [D] [thread 92918] [47.0] [cxt 0] Deparsing header 'ethernet'
[09:02:58.090] [bmv2] [D] [thread 92918] [47.0] [cxt 0] Deparsing header 'payload'
[09:02:58.090] [bmv2] [D] [thread 92918] [47.0] [cxt 0] Deparser 'deparser': end
[09:02:58.090] [bmv2] [D] [thread 92920] [47.0] [cxt 0] Transmitting packet of size 276 out of port 2
[09:02:59.335] [bmv2] [D] [thread 92915] [48.0] [cxt 0] Processing packet received on port 2
[09:02:59.335] [bmv2] [D] [thread 92915] [48.0] [cxt 0] Parser 'parser': start
[09:02:59.335] [bmv2] [D] [thread 92915] [48.0] [cxt 0] Parser 'parser' entering state 'start'
[09:02:59.335] [bmv2] [D] [thread 92915] [48.0] [cxt 0] Extracting header 'ethernet'
[09:02:59.335] [bmv2] [D] [thread 92915] [48.0] [cxt 0] Parser state 'start': key is 86dd
[09:02:59.335] [bmv2] [T] [thread 92915] [48.0] [cxt 0] Bytes parsed: 14
[09:02:59.335] [bmv2] [D] [thread 92915] [48.0] [cxt 0] Parser 'parser': end
[09:02:59.335] [bmv2] [D] [thread 92915] [48.0] [cxt 0] Pipeline 'ingress': start
[09:02:59.335] [bmv2] [T] [thread 92915] [48.0] [cxt 0] switch.p4(147) Condition "hdr.icn.isValid()" (node_2) is false
[09:02:59.335] [bmv2] [T] [thread 92915] [48.0] [cxt 0] switch.p4(164) Condition "hdr.payload.flag == 1" (node_13) is true
[09:02:59.335] [bmv2] [T] [thread 92915] [48.0] [cxt 0] Applying table 'tbl_cache_content'
[09:02:59.335] [bmv2] [D] [thread 92915] [48.0] [cxt 0] Looking up key:

[09:02:59.335] [bmv2] [D] [thread 92915] [48.0] [cxt 0] Table 'tbl_cache_content': miss
[09:02:59.335] [bmv2] [D] [thread 92915] [48.0] [cxt 0] Action entry is MyIngress.cache_content - 
[09:02:59.335] [bmv2] [T] [thread 92915] [48.0] [cxt 0] Action MyIngress.cache_content
[09:02:59.335] [bmv2] [T] [thread 92915] [48.0] [cxt 0] switch.p4(106) Primitive content_cache.write(hdr.payload.content_id, hdr.payload.data)
[09:02:59.335] [bmv2] [T] [thread 92915] [48.0] [cxt 0] Wrote register 'MyIngress.content_cache' at index 1 with value 17334248032272856919049904129148938617700988014304292665051363529817104491524797347555222073430792320059939653561838142512049133114388715375014781493453850835185074611781570404847019710571613655373669594595135033889630776998479070814982991093682257016220976393663747692290960138236990461169158975424217495205235714645535325005531839232559780229597835373266260635303518876566160865710124377185704679970288330545603901891183133829188678302433295812412601508611578502040926066791030664212907508769521753768992941363800118204875972853288437881499254902667790476020116895095900119866747339270646056253520273313150781095936
[09:02:59.335] [bmv2] [T] [thread 92915] [48.0] [cxt 0] switch.p4(107) Primitive hdr.payload.flag = 0
[09:02:59.335] [bmv2] [T] [thread 92915] [48.0] [cxt 0] Applying table 'tbl_data_forward_0'
[09:02:59.335] [bmv2] [D] [thread 92915] [48.0] [cxt 0] Looking up key:

[09:02:59.335] [bmv2] [D] [thread 92915] [48.0] [cxt 0] Table 'tbl_data_forward_0': miss
[09:02:59.335] [bmv2] [D] [thread 92915] [48.0] [cxt 0] Action entry is MyIngress.data_forward - 
[09:02:59.335] [bmv2] [T] [thread 92915] [48.0] [cxt 0] Action MyIngress.data_forward
[09:02:59.335] [bmv2] [T] [thread 92915] [48.0] [cxt 0] switch.p4(97) Primitive pit_table.read(egress_port, hdr.payload.content_id)
[09:02:59.335] [bmv2] [T] [thread 92915] [48.0] [cxt 0] Read register 'MyIngress.pit_table' at index 1 read value 0
[09:02:59.335] [bmv2] [T] [thread 92915] [48.0] [cxt 0] switch.p4(98) Primitive standard_metadata.egress_spec = egress_port
[09:02:59.335] [bmv2] [T] [thread 92915] [48.0] [cxt 0] switch.p4(99) Primitive pit_table.write(hdr.payload.content_id, 0)
[09:02:59.335] [bmv2] [T] [thread 92915] [48.0] [cxt 0] Wrote register 'MyIngress.pit_table' at index 1 with value 0
[09:02:59.335] [bmv2] [T] [thread 92915] [48.0] [cxt 0] switch.p4(100) Primitive hdr.ethernet.srcAddr = 0xFFFFFFFFFFFF
[09:02:59.335] [bmv2] [T] [thread 92915] [48.0] [cxt 0] switch.p4(101) Primitive hdr.ethernet.dstAddr = 0xFFFFFFFFFFFF
[09:02:59.335] [bmv2] [T] [thread 92915] [48.0] [cxt 0] switch.p4(102) Primitive hdr.payload.ttl = hdr.payload.ttl - 1
[09:02:59.335] [bmv2] [D] [thread 92915] [48.0] [cxt 0] Pipeline 'ingress': end
[09:02:59.335] [bmv2] [D] [thread 92915] [48.0] [cxt 0] Egress port is 0
[09:02:59.335] [bmv2] [D] [thread 92916] [48.0] [cxt 0] Pipeline 'egress': start
[09:02:59.335] [bmv2] [D] [thread 92916] [48.0] [cxt 0] Pipeline 'egress': end
[09:02:59.335] [bmv2] [D] [thread 92916] [48.0] [cxt 0] Deparser 'deparser': start
[09:02:59.335] [bmv2] [D] [thread 92916] [48.0] [cxt 0] Deparsing header 'ethernet'
[09:02:59.335] [bmv2] [D] [thread 92916] [48.0] [cxt 0] Deparser 'deparser': end
[09:02:59.335] [bmv2] [D] [thread 92920] [48.0] [cxt 0] Transmitting packet of size 203 out of port 0
[09:02:59.636] [bmv2] [D] [thread 92915] [49.0] [cxt 0] Processing packet received on port 1
[09:02:59.636] [bmv2] [D] [thread 92915] [49.0] [cxt 0] Parser 'parser': start
[09:02:59.636] [bmv2] [D] [thread 92915] [49.0] [cxt 0] Parser 'parser' entering state 'start'
[09:02:59.636] [bmv2] [D] [thread 92915] [49.0] [cxt 0] Extracting header 'ethernet'
[09:02:59.636] [bmv2] [D] [thread 92915] [49.0] [cxt 0] Parser state 'start': key is 86dd
[09:02:59.636] [bmv2] [T] [thread 92915] [49.0] [cxt 0] Bytes parsed: 14
[09:02:59.636] [bmv2] [D] [thread 92915] [49.0] [cxt 0] Parser 'parser': end
[09:02:59.636] [bmv2] [D] [thread 92915] [49.0] [cxt 0] Pipeline 'ingress': start
[09:02:59.636] [bmv2] [T] [thread 92915] [49.0] [cxt 0] switch.p4(147) Condition "hdr.icn.isValid()" (node_2) is false
[09:02:59.636] [bmv2] [T] [thread 92915] [49.0] [cxt 0] switch.p4(164) Condition "hdr.payload.flag == 1" (node_13) is false
[09:02:59.636] [bmv2] [T] [thread 92915] [49.0] [cxt 0] Applying table 'tbl_data_forward_0'
[09:02:59.636] [bmv2] [D] [thread 92915] [49.0] [cxt 0] Looking up key:

[09:02:59.636] [bmv2] [D] [thread 92915] [49.0] [cxt 0] Table 'tbl_data_forward_0': miss
[09:02:59.636] [bmv2] [D] [thread 92915] [49.0] [cxt 0] Action entry is MyIngress.data_forward - 
[09:02:59.636] [bmv2] [T] [thread 92915] [49.0] [cxt 0] Action MyIngress.data_forward
[09:02:59.636] [bmv2] [T] [thread 92915] [49.0] [cxt 0] switch.p4(97) Primitive pit_table.read(egress_port, hdr.payload.content_id)
[09:02:59.636] [bmv2] [T] [thread 92915] [49.0] [cxt 0] Read register 'MyIngress.pit_table' at index 1 read value 0
[09:02:59.636] [bmv2] [T] [thread 92915] [49.0] [cxt 0] switch.p4(98) Primitive standard_metadata.egress_spec = egress_port
[09:02:59.636] [bmv2] [T] [thread 92915] [49.0] [cxt 0] switch.p4(99) Primitive pit_table.write(hdr.payload.content_id, 0)
[09:02:59.636] [bmv2] [T] [thread 92915] [49.0] [cxt 0] Wrote register 'MyIngress.pit_table' at index 1 with value 0
[09:02:59.636] [bmv2] [T] [thread 92915] [49.0] [cxt 0] switch.p4(100) Primitive hdr.ethernet.srcAddr = 0xFFFFFFFFFFFF
[09:02:59.636] [bmv2] [T] [thread 92915] [49.0] [cxt 0] switch.p4(101) Primitive hdr.ethernet.dstAddr = 0xFFFFFFFFFFFF
[09:02:59.636] [bmv2] [T] [thread 92915] [49.0] [cxt 0] switch.p4(102) Primitive hdr.payload.ttl = hdr.payload.ttl - 1
[09:02:59.636] [bmv2] [D] [thread 92915] [49.0] [cxt 0] Pipeline 'ingress': end
[09:02:59.636] [bmv2] [D] [thread 92915] [49.0] [cxt 0] Egress port is 0
[09:02:59.636] [bmv2] [D] [thread 92916] [49.0] [cxt 0] Pipeline 'egress': start
[09:02:59.636] [bmv2] [D] [thread 92916] [49.0] [cxt 0] Pipeline 'egress': end
[09:02:59.636] [bmv2] [D] [thread 92916] [49.0] [cxt 0] Deparser 'deparser': start
[09:02:59.636] [bmv2] [D] [thread 92916] [49.0] [cxt 0] Deparsing header 'ethernet'
[09:02:59.636] [bmv2] [D] [thread 92916] [49.0] [cxt 0] Deparser 'deparser': end
[09:02:59.636] [bmv2] [D] [thread 92920] [49.0] [cxt 0] Transmitting packet of size 203 out of port 0
[09:02:59.906] [bmv2] [D] [thread 92915] [50.0] [cxt 0] Processing packet received on port 2
[09:02:59.906] [bmv2] [D] [thread 92915] [50.0] [cxt 0] Parser 'parser': start
[09:02:59.906] [bmv2] [D] [thread 92915] [50.0] [cxt 0] Parser 'parser' entering state 'start'
[09:02:59.906] [bmv2] [D] [thread 92915] [50.0] [cxt 0] Extracting header 'ethernet'
[09:02:59.906] [bmv2] [D] [thread 92915] [50.0] [cxt 0] Parser state 'start': key is 86dd
[09:02:59.906] [bmv2] [T] [thread 92915] [50.0] [cxt 0] Bytes parsed: 14
[09:02:59.906] [bmv2] [D] [thread 92915] [50.0] [cxt 0] Parser 'parser': end
[09:02:59.906] [bmv2] [D] [thread 92915] [50.0] [cxt 0] Pipeline 'ingress': start
[09:02:59.906] [bmv2] [T] [thread 92915] [50.0] [cxt 0] switch.p4(147) Condition "hdr.icn.isValid()" (node_2) is false
[09:02:59.906] [bmv2] [T] [thread 92915] [50.0] [cxt 0] switch.p4(164) Condition "hdr.payload.flag == 1" (node_13) is false
[09:02:59.906] [bmv2] [T] [thread 92915] [50.0] [cxt 0] Applying table 'tbl_data_forward_0'
[09:02:59.906] [bmv2] [D] [thread 92915] [50.0] [cxt 0] Looking up key:

[09:02:59.906] [bmv2] [D] [thread 92915] [50.0] [cxt 0] Table 'tbl_data_forward_0': miss
[09:02:59.906] [bmv2] [D] [thread 92915] [50.0] [cxt 0] Action entry is MyIngress.data_forward - 
[09:02:59.906] [bmv2] [T] [thread 92915] [50.0] [cxt 0] Action MyIngress.data_forward
[09:02:59.906] [bmv2] [T] [thread 92915] [50.0] [cxt 0] switch.p4(97) Primitive pit_table.read(egress_port, hdr.payload.content_id)
[09:02:59.906] [bmv2] [T] [thread 92915] [50.0] [cxt 0] Read register 'MyIngress.pit_table' at index 1 read value 0
[09:02:59.906] [bmv2] [T] [thread 92915] [50.0] [cxt 0] switch.p4(98) Primitive standard_metadata.egress_spec = egress_port
[09:02:59.906] [bmv2] [T] [thread 92915] [50.0] [cxt 0] switch.p4(99) Primitive pit_table.write(hdr.payload.content_id, 0)
[09:02:59.906] [bmv2] [T] [thread 92915] [50.0] [cxt 0] Wrote register 'MyIngress.pit_table' at index 1 with value 0
[09:02:59.906] [bmv2] [T] [thread 92915] [50.0] [cxt 0] switch.p4(100) Primitive hdr.ethernet.srcAddr = 0xFFFFFFFFFFFF
[09:02:59.906] [bmv2] [T] [thread 92915] [50.0] [cxt 0] switch.p4(101) Primitive hdr.ethernet.dstAddr = 0xFFFFFFFFFFFF
[09:02:59.906] [bmv2] [T] [thread 92915] [50.0] [cxt 0] switch.p4(102) Primitive hdr.payload.ttl = hdr.payload.ttl - 1
[09:02:59.906] [bmv2] [D] [thread 92915] [50.0] [cxt 0] Pipeline 'ingress': end
[09:02:59.906] [bmv2] [D] [thread 92915] [50.0] [cxt 0] Egress port is 0
[09:02:59.906] [bmv2] [D] [thread 92916] [50.0] [cxt 0] Pipeline 'egress': start
[09:02:59.906] [bmv2] [D] [thread 92916] [50.0] [cxt 0] Pipeline 'egress': end
[09:02:59.906] [bmv2] [D] [thread 92916] [50.0] [cxt 0] Deparser 'deparser': start
[09:02:59.906] [bmv2] [D] [thread 92916] [50.0] [cxt 0] Deparsing header 'ethernet'
[09:02:59.907] [bmv2] [D] [thread 92916] [50.0] [cxt 0] Deparser 'deparser': end
[09:02:59.907] [bmv2] [D] [thread 92920] [50.0] [cxt 0] Transmitting packet of size 203 out of port 0
[09:03:04.441] [bmv2] [D] [thread 92915] [51.0] [cxt 0] Processing packet received on port 1
[09:03:04.441] [bmv2] [D] [thread 92915] [51.0] [cxt 0] Parser 'parser': start
[09:03:04.441] [bmv2] [D] [thread 92915] [51.0] [cxt 0] Parser 'parser' entering state 'start'
[09:03:04.441] [bmv2] [D] [thread 92915] [51.0] [cxt 0] Extracting header 'ethernet'
[09:03:04.441] [bmv2] [D] [thread 92915] [51.0] [cxt 0] Parser state 'start': key is 86dd
[09:03:04.441] [bmv2] [T] [thread 92915] [51.0] [cxt 0] Bytes parsed: 14
[09:03:04.441] [bmv2] [D] [thread 92915] [51.0] [cxt 0] Parser 'parser': end
[09:03:04.441] [bmv2] [D] [thread 92915] [51.0] [cxt 0] Pipeline 'ingress': start
[09:03:04.441] [bmv2] [T] [thread 92915] [51.0] [cxt 0] switch.p4(147) Condition "hdr.icn.isValid()" (node_2) is false
[09:03:04.441] [bmv2] [T] [thread 92915] [51.0] [cxt 0] switch.p4(164) Condition "hdr.payload.flag == 1" (node_13) is false
[09:03:04.441] [bmv2] [T] [thread 92915] [51.0] [cxt 0] Applying table 'tbl_data_forward_0'
[09:03:04.441] [bmv2] [D] [thread 92915] [51.0] [cxt 0] Looking up key:

[09:03:04.441] [bmv2] [D] [thread 92915] [51.0] [cxt 0] Table 'tbl_data_forward_0': miss
[09:03:04.441] [bmv2] [D] [thread 92915] [51.0] [cxt 0] Action entry is MyIngress.data_forward - 
[09:03:04.441] [bmv2] [T] [thread 92915] [51.0] [cxt 0] Action MyIngress.data_forward
[09:03:04.441] [bmv2] [T] [thread 92915] [51.0] [cxt 0] switch.p4(97) Primitive pit_table.read(egress_port, hdr.payload.content_id)
[09:03:04.441] [bmv2] [T] [thread 92915] [51.0] [cxt 0] Read register 'MyIngress.pit_table' at index 1 read value 0
[09:03:04.441] [bmv2] [T] [thread 92915] [51.0] [cxt 0] switch.p4(98) Primitive standard_metadata.egress_spec = egress_port
[09:03:04.441] [bmv2] [T] [thread 92915] [51.0] [cxt 0] switch.p4(99) Primitive pit_table.write(hdr.payload.content_id, 0)
[09:03:04.441] [bmv2] [T] [thread 92915] [51.0] [cxt 0] Wrote register 'MyIngress.pit_table' at index 1 with value 0
[09:03:04.441] [bmv2] [T] [thread 92915] [51.0] [cxt 0] switch.p4(100) Primitive hdr.ethernet.srcAddr = 0xFFFFFFFFFFFF
[09:03:04.441] [bmv2] [T] [thread 92915] [51.0] [cxt 0] switch.p4(101) Primitive hdr.ethernet.dstAddr = 0xFFFFFFFFFFFF
[09:03:04.441] [bmv2] [T] [thread 92915] [51.0] [cxt 0] switch.p4(102) Primitive hdr.payload.ttl = hdr.payload.ttl - 1
[09:03:04.441] [bmv2] [D] [thread 92915] [51.0] [cxt 0] Pipeline 'ingress': end
[09:03:04.441] [bmv2] [D] [thread 92915] [51.0] [cxt 0] Egress port is 0
[09:03:04.441] [bmv2] [D] [thread 92916] [51.0] [cxt 0] Pipeline 'egress': start
[09:03:04.441] [bmv2] [D] [thread 92916] [51.0] [cxt 0] Pipeline 'egress': end
[09:03:04.441] [bmv2] [D] [thread 92916] [51.0] [cxt 0] Deparser 'deparser': start
[09:03:04.441] [bmv2] [D] [thread 92916] [51.0] [cxt 0] Deparsing header 'ethernet'
[09:03:04.441] [bmv2] [D] [thread 92916] [51.0] [cxt 0] Deparser 'deparser': end
[09:03:04.441] [bmv2] [D] [thread 92920] [51.0] [cxt 0] Transmitting packet of size 70 out of port 0
[09:03:04.442] [bmv2] [D] [thread 92915] [52.0] [cxt 0] Processing packet received on port 2
[09:03:04.442] [bmv2] [D] [thread 92915] [52.0] [cxt 0] Parser 'parser': start
[09:03:04.442] [bmv2] [D] [thread 92915] [52.0] [cxt 0] Parser 'parser' entering state 'start'
[09:03:04.442] [bmv2] [D] [thread 92915] [52.0] [cxt 0] Extracting header 'ethernet'
[09:03:04.442] [bmv2] [D] [thread 92915] [52.0] [cxt 0] Parser state 'start': key is 86dd
[09:03:04.442] [bmv2] [T] [thread 92915] [52.0] [cxt 0] Bytes parsed: 14
[09:03:04.442] [bmv2] [D] [thread 92915] [52.0] [cxt 0] Parser 'parser': end
[09:03:04.442] [bmv2] [D] [thread 92915] [52.0] [cxt 0] Pipeline 'ingress': start
[09:03:04.442] [bmv2] [T] [thread 92915] [52.0] [cxt 0] switch.p4(147) Condition "hdr.icn.isValid()" (node_2) is false
[09:03:04.442] [bmv2] [T] [thread 92915] [52.0] [cxt 0] switch.p4(164) Condition "hdr.payload.flag == 1" (node_13) is false
[09:03:04.442] [bmv2] [T] [thread 92915] [52.0] [cxt 0] Applying table 'tbl_data_forward_0'
[09:03:04.442] [bmv2] [D] [thread 92915] [52.0] [cxt 0] Looking up key:

[09:03:04.442] [bmv2] [D] [thread 92915] [52.0] [cxt 0] Table 'tbl_data_forward_0': miss
[09:03:04.442] [bmv2] [D] [thread 92915] [52.0] [cxt 0] Action entry is MyIngress.data_forward - 
[09:03:04.442] [bmv2] [T] [thread 92915] [52.0] [cxt 0] Action MyIngress.data_forward
[09:03:04.442] [bmv2] [T] [thread 92915] [52.0] [cxt 0] switch.p4(97) Primitive pit_table.read(egress_port, hdr.payload.content_id)
[09:03:04.442] [bmv2] [T] [thread 92915] [52.0] [cxt 0] Read register 'MyIngress.pit_table' at index 1 read value 0
[09:03:04.442] [bmv2] [T] [thread 92915] [52.0] [cxt 0] switch.p4(98) Primitive standard_metadata.egress_spec = egress_port
[09:03:04.442] [bmv2] [T] [thread 92915] [52.0] [cxt 0] switch.p4(99) Primitive pit_table.write(hdr.payload.content_id, 0)
[09:03:04.442] [bmv2] [T] [thread 92915] [52.0] [cxt 0] Wrote register 'MyIngress.pit_table' at index 1 with value 0
[09:03:04.442] [bmv2] [T] [thread 92915] [52.0] [cxt 0] switch.p4(100) Primitive hdr.ethernet.srcAddr = 0xFFFFFFFFFFFF
[09:03:04.442] [bmv2] [T] [thread 92915] [52.0] [cxt 0] switch.p4(101) Primitive hdr.ethernet.dstAddr = 0xFFFFFFFFFFFF
[09:03:04.442] [bmv2] [T] [thread 92915] [52.0] [cxt 0] switch.p4(102) Primitive hdr.payload.ttl = hdr.payload.ttl - 1
[09:03:04.442] [bmv2] [D] [thread 92915] [52.0] [cxt 0] Pipeline 'ingress': end
[09:03:04.442] [bmv2] [D] [thread 92915] [52.0] [cxt 0] Egress port is 0
[09:03:04.442] [bmv2] [D] [thread 92916] [52.0] [cxt 0] Pipeline 'egress': start
[09:03:04.442] [bmv2] [D] [thread 92916] [52.0] [cxt 0] Pipeline 'egress': end
[09:03:04.442] [bmv2] [D] [thread 92916] [52.0] [cxt 0] Deparser 'deparser': start
[09:03:04.442] [bmv2] [D] [thread 92916] [52.0] [cxt 0] Deparsing header 'ethernet'
[09:03:04.442] [bmv2] [D] [thread 92916] [52.0] [cxt 0] Deparser 'deparser': end
[09:03:04.442] [bmv2] [D] [thread 92920] [52.0] [cxt 0] Transmitting packet of size 70 out of port 0
[09:03:04.442] [bmv2] [D] [thread 92915] [53.0] [cxt 0] Processing packet received on port 2
[09:03:04.442] [bmv2] [D] [thread 92915] [53.0] [cxt 0] Parser 'parser': start
[09:03:04.442] [bmv2] [D] [thread 92915] [53.0] [cxt 0] Parser 'parser' entering state 'start'
[09:03:04.442] [bmv2] [D] [thread 92915] [53.0] [cxt 0] Extracting header 'ethernet'
[09:03:04.442] [bmv2] [D] [thread 92915] [53.0] [cxt 0] Parser state 'start': key is 86dd
[09:03:04.442] [bmv2] [T] [thread 92915] [53.0] [cxt 0] Bytes parsed: 14
[09:03:04.442] [bmv2] [D] [thread 92915] [53.0] [cxt 0] Parser 'parser': end
[09:03:04.442] [bmv2] [D] [thread 92915] [53.0] [cxt 0] Pipeline 'ingress': start
[09:03:04.442] [bmv2] [T] [thread 92915] [53.0] [cxt 0] switch.p4(147) Condition "hdr.icn.isValid()" (node_2) is false
[09:03:04.442] [bmv2] [T] [thread 92915] [53.0] [cxt 0] switch.p4(164) Condition "hdr.payload.flag == 1" (node_13) is false
[09:03:04.442] [bmv2] [T] [thread 92915] [53.0] [cxt 0] Applying table 'tbl_data_forward_0'
[09:03:04.442] [bmv2] [D] [thread 92915] [53.0] [cxt 0] Looking up key:

[09:03:04.442] [bmv2] [D] [thread 92915] [53.0] [cxt 0] Table 'tbl_data_forward_0': miss
[09:03:04.442] [bmv2] [D] [thread 92915] [53.0] [cxt 0] Action entry is MyIngress.data_forward - 
[09:03:04.442] [bmv2] [T] [thread 92915] [53.0] [cxt 0] Action MyIngress.data_forward
[09:03:04.442] [bmv2] [T] [thread 92915] [53.0] [cxt 0] switch.p4(97) Primitive pit_table.read(egress_port, hdr.payload.content_id)
[09:03:04.442] [bmv2] [T] [thread 92915] [53.0] [cxt 0] Read register 'MyIngress.pit_table' at index 1 read value 0
[09:03:04.442] [bmv2] [T] [thread 92915] [53.0] [cxt 0] switch.p4(98) Primitive standard_metadata.egress_spec = egress_port
[09:03:04.442] [bmv2] [T] [thread 92915] [53.0] [cxt 0] switch.p4(99) Primitive pit_table.write(hdr.payload.content_id, 0)
[09:03:04.442] [bmv2] [T] [thread 92915] [53.0] [cxt 0] Wrote register 'MyIngress.pit_table' at index 1 with value 0
[09:03:04.442] [bmv2] [T] [thread 92915] [53.0] [cxt 0] switch.p4(100) Primitive hdr.ethernet.srcAddr = 0xFFFFFFFFFFFF
[09:03:04.442] [bmv2] [T] [thread 92915] [53.0] [cxt 0] switch.p4(101) Primitive hdr.ethernet.dstAddr = 0xFFFFFFFFFFFF
[09:03:04.442] [bmv2] [T] [thread 92915] [53.0] [cxt 0] switch.p4(102) Primitive hdr.payload.ttl = hdr.payload.ttl - 1
[09:03:04.442] [bmv2] [D] [thread 92915] [53.0] [cxt 0] Pipeline 'ingress': end
[09:03:04.442] [bmv2] [D] [thread 92915] [53.0] [cxt 0] Egress port is 0
[09:03:04.442] [bmv2] [D] [thread 92916] [53.0] [cxt 0] Pipeline 'egress': start
[09:03:04.442] [bmv2] [D] [thread 92916] [53.0] [cxt 0] Pipeline 'egress': end
[09:03:04.442] [bmv2] [D] [thread 92916] [53.0] [cxt 0] Deparser 'deparser': start
[09:03:04.442] [bmv2] [D] [thread 92916] [53.0] [cxt 0] Deparsing header 'ethernet'
[09:03:04.442] [bmv2] [D] [thread 92916] [53.0] [cxt 0] Deparser 'deparser': end
[09:03:04.442] [bmv2] [D] [thread 92920] [53.0] [cxt 0] Transmitting packet of size 70 out of port 0
[09:03:07.341] [bmv2] [D] [thread 92915] [54.0] [cxt 0] Processing packet received on port 2
[09:03:07.341] [bmv2] [D] [thread 92915] [54.0] [cxt 0] Parser 'parser': start
[09:03:07.341] [bmv2] [D] [thread 92915] [54.0] [cxt 0] Parser 'parser' entering state 'start'
[09:03:07.341] [bmv2] [D] [thread 92915] [54.0] [cxt 0] Extracting header 'ethernet'
[09:03:07.341] [bmv2] [D] [thread 92915] [54.0] [cxt 0] Parser state 'start': key is 86dd
[09:03:07.341] [bmv2] [T] [thread 92915] [54.0] [cxt 0] Bytes parsed: 14
[09:03:07.341] [bmv2] [D] [thread 92915] [54.0] [cxt 0] Parser 'parser': end
[09:03:07.341] [bmv2] [D] [thread 92915] [54.0] [cxt 0] Pipeline 'ingress': start
[09:03:07.341] [bmv2] [T] [thread 92915] [54.0] [cxt 0] switch.p4(147) Condition "hdr.icn.isValid()" (node_2) is false
[09:03:07.341] [bmv2] [T] [thread 92915] [54.0] [cxt 0] switch.p4(164) Condition "hdr.payload.flag == 1" (node_13) is false
[09:03:07.341] [bmv2] [T] [thread 92915] [54.0] [cxt 0] Applying table 'tbl_data_forward_0'
[09:03:07.341] [bmv2] [D] [thread 92915] [54.0] [cxt 0] Looking up key:

[09:03:07.341] [bmv2] [D] [thread 92915] [54.0] [cxt 0] Table 'tbl_data_forward_0': miss
[09:03:07.341] [bmv2] [D] [thread 92915] [54.0] [cxt 0] Action entry is MyIngress.data_forward - 
[09:03:07.341] [bmv2] [T] [thread 92915] [54.0] [cxt 0] Action MyIngress.data_forward
[09:03:07.341] [bmv2] [T] [thread 92915] [54.0] [cxt 0] switch.p4(97) Primitive pit_table.read(egress_port, hdr.payload.content_id)
[09:03:07.341] [bmv2] [T] [thread 92915] [54.0] [cxt 0] Read register 'MyIngress.pit_table' at index 1 read value 0
[09:03:07.341] [bmv2] [T] [thread 92915] [54.0] [cxt 0] switch.p4(98) Primitive standard_metadata.egress_spec = egress_port
[09:03:07.341] [bmv2] [T] [thread 92915] [54.0] [cxt 0] switch.p4(99) Primitive pit_table.write(hdr.payload.content_id, 0)
[09:03:07.341] [bmv2] [T] [thread 92915] [54.0] [cxt 0] Wrote register 'MyIngress.pit_table' at index 1 with value 0
[09:03:07.341] [bmv2] [T] [thread 92915] [54.0] [cxt 0] switch.p4(100) Primitive hdr.ethernet.srcAddr = 0xFFFFFFFFFFFF
[09:03:07.341] [bmv2] [T] [thread 92915] [54.0] [cxt 0] switch.p4(101) Primitive hdr.ethernet.dstAddr = 0xFFFFFFFFFFFF
[09:03:07.341] [bmv2] [T] [thread 92915] [54.0] [cxt 0] switch.p4(102) Primitive hdr.payload.ttl = hdr.payload.ttl - 1
[09:03:07.341] [bmv2] [D] [thread 92915] [54.0] [cxt 0] Pipeline 'ingress': end
[09:03:07.341] [bmv2] [D] [thread 92915] [54.0] [cxt 0] Egress port is 0
[09:03:07.341] [bmv2] [D] [thread 92916] [54.0] [cxt 0] Pipeline 'egress': start
[09:03:07.341] [bmv2] [D] [thread 92916] [54.0] [cxt 0] Pipeline 'egress': end
[09:03:07.341] [bmv2] [D] [thread 92916] [54.0] [cxt 0] Deparser 'deparser': start
[09:03:07.341] [bmv2] [D] [thread 92916] [54.0] [cxt 0] Deparsing header 'ethernet'
[09:03:07.341] [bmv2] [D] [thread 92916] [54.0] [cxt 0] Deparser 'deparser': end
[09:03:07.341] [bmv2] [D] [thread 92920] [54.0] [cxt 0] Transmitting packet of size 203 out of port 0
open: No such file or directory
open: No such file or directory
open: No such file or directory
open: No such file or directory
