Calling target program-options parser
[09:12:13.511] [bmv2] [D] [thread 101541] Set default default entry for table 'MyIngress.ipv4_lpm': MyIngress.drop - 
Adding interface s2-eth1 as port 1
[09:12:13.518] [bmv2] [D] [thread 101541] Adding interface s2-eth1 as port 1
Adding interface s2-eth2 as port 2
[09:12:13.540] [bmv2] [D] [thread 101541] Adding interface s2-eth2 as port 2
Server listening on 0.0.0.0:50229
[09:12:13.563] [bmv2] [I] [thread 101541] Starting Thrift server on port 9268
[09:12:13.563] [bmv2] [I] [thread 101541] Thrift server was started
[09:12:13.690] [bmv2] [D] [thread 101557] [0.0] [cxt 0] Processing packet received on port 2
[09:12:13.690] [bmv2] [D] [thread 101557] [0.0] [cxt 0] Parser 'parser': start
[09:12:13.690] [bmv2] [D] [thread 101557] [0.0] [cxt 0] Parser 'parser' entering state 'start'
[09:12:13.690] [bmv2] [D] [thread 101557] [0.0] [cxt 0] Extracting header 'ethernet'
[09:12:13.690] [bmv2] [D] [thread 101557] [0.0] [cxt 0] Parser state 'start': key is 86dd
[09:12:13.690] [bmv2] [T] [thread 101557] [0.0] [cxt 0] Bytes parsed: 14
[09:12:13.690] [bmv2] [D] [thread 101557] [0.0] [cxt 0] Parser 'parser': end
[09:12:13.690] [bmv2] [D] [thread 101557] [0.0] [cxt 0] Pipeline 'ingress': start
[09:12:13.690] [bmv2] [T] [thread 101557] [0.0] [cxt 0] switch.p4(116) Condition "hdr.ipv4.isValid()" (node_2) is false
[09:12:13.690] [bmv2] [D] [thread 101557] [0.0] [cxt 0] Pipeline 'ingress': end
[09:12:13.690] [bmv2] [D] [thread 101557] [0.0] [cxt 0] Egress port is 0
[09:12:13.690] [bmv2] [D] [thread 101558] [0.0] [cxt 0] Pipeline 'egress': start
[09:12:13.690] [bmv2] [D] [thread 101558] [0.0] [cxt 0] Pipeline 'egress': end
[09:12:13.690] [bmv2] [D] [thread 101558] [0.0] [cxt 0] Deparser 'deparser': start
[09:12:13.690] [bmv2] [T] [thread 101558] [0.0] [cxt 0] Skipping checksum 'cksum' update because condition not met
[09:12:13.690] [bmv2] [D] [thread 101558] [0.0] [cxt 0] Deparsing header 'ethernet'
[09:12:13.690] [bmv2] [D] [thread 101558] [0.0] [cxt 0] Deparser 'deparser': end
[09:12:13.690] [bmv2] [D] [thread 101562] [0.0] [cxt 0] Transmitting packet of size 90 out of port 0
[09:12:13.768] [bmv2] [D] [thread 101557] [1.0] [cxt 0] Processing packet received on port 1
[09:12:13.768] [bmv2] [D] [thread 101557] [1.0] [cxt 0] Parser 'parser': start
[09:12:13.768] [bmv2] [D] [thread 101557] [1.0] [cxt 0] Parser 'parser' entering state 'start'
[09:12:13.768] [bmv2] [D] [thread 101557] [1.0] [cxt 0] Extracting header 'ethernet'
[09:12:13.768] [bmv2] [D] [thread 101557] [1.0] [cxt 0] Parser state 'start': key is 86dd
[09:12:13.768] [bmv2] [T] [thread 101557] [1.0] [cxt 0] Bytes parsed: 14
[09:12:13.768] [bmv2] [D] [thread 101557] [1.0] [cxt 0] Parser 'parser': end
[09:12:13.768] [bmv2] [D] [thread 101557] [1.0] [cxt 0] Pipeline 'ingress': start
[09:12:13.768] [bmv2] [T] [thread 101557] [1.0] [cxt 0] switch.p4(116) Condition "hdr.ipv4.isValid()" (node_2) is false
[09:12:13.768] [bmv2] [D] [thread 101557] [1.0] [cxt 0] Pipeline 'ingress': end
[09:12:13.768] [bmv2] [D] [thread 101557] [1.0] [cxt 0] Egress port is 0
[09:12:13.768] [bmv2] [D] [thread 101558] [1.0] [cxt 0] Pipeline 'egress': start
[09:12:13.768] [bmv2] [D] [thread 101558] [1.0] [cxt 0] Pipeline 'egress': end
[09:12:13.768] [bmv2] [D] [thread 101558] [1.0] [cxt 0] Deparser 'deparser': start
[09:12:13.768] [bmv2] [T] [thread 101558] [1.0] [cxt 0] Skipping checksum 'cksum' update because condition not met
[09:12:13.768] [bmv2] [D] [thread 101558] [1.0] [cxt 0] Deparsing header 'ethernet'
[09:12:13.768] [bmv2] [D] [thread 101558] [1.0] [cxt 0] Deparser 'deparser': end
[09:12:13.768] [bmv2] [D] [thread 101562] [1.0] [cxt 0] Transmitting packet of size 90 out of port 0
[09:12:14.105] [bmv2] [D] [thread 101557] [2.0] [cxt 0] Processing packet received on port 1
[09:12:14.105] [bmv2] [D] [thread 101557] [2.0] [cxt 0] Parser 'parser': start
[09:12:14.105] [bmv2] [D] [thread 101557] [2.0] [cxt 0] Parser 'parser' entering state 'start'
[09:12:14.105] [bmv2] [D] [thread 101557] [2.0] [cxt 0] Extracting header 'ethernet'
[09:12:14.105] [bmv2] [D] [thread 101557] [2.0] [cxt 0] Parser state 'start': key is 86dd
[09:12:14.105] [bmv2] [T] [thread 101557] [2.0] [cxt 0] Bytes parsed: 14
[09:12:14.105] [bmv2] [D] [thread 101557] [2.0] [cxt 0] Parser 'parser': end
[09:12:14.105] [bmv2] [D] [thread 101557] [2.0] [cxt 0] Pipeline 'ingress': start
[09:12:14.105] [bmv2] [T] [thread 101557] [2.0] [cxt 0] switch.p4(116) Condition "hdr.ipv4.isValid()" (node_2) is false
[09:12:14.105] [bmv2] [D] [thread 101557] [2.0] [cxt 0] Pipeline 'ingress': end
[09:12:14.105] [bmv2] [D] [thread 101557] [2.0] [cxt 0] Egress port is 0
[09:12:14.105] [bmv2] [D] [thread 101557] [3.0] [cxt 0] Processing packet received on port 2
[09:12:14.105] [bmv2] [D] [thread 101557] [3.0] [cxt 0] Parser 'parser': start
[09:12:14.105] [bmv2] [D] [thread 101557] [3.0] [cxt 0] Parser 'parser' entering state 'start'
[09:12:14.105] [bmv2] [D] [thread 101557] [3.0] [cxt 0] Extracting header 'ethernet'
[09:12:14.105] [bmv2] [D] [thread 101557] [3.0] [cxt 0] Parser state 'start': key is 86dd
[09:12:14.105] [bmv2] [T] [thread 101557] [3.0] [cxt 0] Bytes parsed: 14
[09:12:14.105] [bmv2] [D] [thread 101557] [3.0] [cxt 0] Parser 'parser': end
[09:12:14.105] [bmv2] [D] [thread 101557] [3.0] [cxt 0] Pipeline 'ingress': start
[09:12:14.105] [bmv2] [T] [thread 101557] [3.0] [cxt 0] switch.p4(116) Condition "hdr.ipv4.isValid()" (node_2) is false
[09:12:14.105] [bmv2] [D] [thread 101557] [3.0] [cxt 0] Pipeline 'ingress': end
[09:12:14.105] [bmv2] [D] [thread 101557] [3.0] [cxt 0] Egress port is 0
[09:12:14.105] [bmv2] [D] [thread 101557] [4.0] [cxt 0] Processing packet received on port 1
[09:12:14.105] [bmv2] [D] [thread 101557] [4.0] [cxt 0] Parser 'parser': start
[09:12:14.105] [bmv2] [D] [thread 101557] [4.0] [cxt 0] Parser 'parser' entering state 'start'
[09:12:14.105] [bmv2] [D] [thread 101557] [4.0] [cxt 0] Extracting header 'ethernet'
[09:12:14.105] [bmv2] [D] [thread 101557] [4.0] [cxt 0] Parser state 'start': key is 86dd
[09:12:14.105] [bmv2] [T] [thread 101557] [4.0] [cxt 0] Bytes parsed: 14
[09:12:14.105] [bmv2] [D] [thread 101557] [4.0] [cxt 0] Parser 'parser': end
[09:12:14.105] [bmv2] [D] [thread 101557] [4.0] [cxt 0] Pipeline 'ingress': start
[09:12:14.105] [bmv2] [T] [thread 101557] [4.0] [cxt 0] switch.p4(116) Condition "hdr.ipv4.isValid()" (node_2) is false
[09:12:14.105] [bmv2] [D] [thread 101557] [4.0] [cxt 0] Pipeline 'ingress': end
[09:12:14.105] [bmv2] [D] [thread 101557] [4.0] [cxt 0] Egress port is 0
[09:12:14.105] [bmv2] [D] [thread 101557] [5.0] [cxt 0] Processing packet received on port 2
[09:12:14.105] [bmv2] [D] [thread 101557] [5.0] [cxt 0] Parser 'parser': start
[09:12:14.105] [bmv2] [D] [thread 101557] [5.0] [cxt 0] Parser 'parser' entering state 'start'
[09:12:14.105] [bmv2] [D] [thread 101557] [5.0] [cxt 0] Extracting header 'ethernet'
[09:12:14.105] [bmv2] [D] [thread 101557] [5.0] [cxt 0] Parser state 'start': key is 86dd
[09:12:14.105] [bmv2] [T] [thread 101557] [5.0] [cxt 0] Bytes parsed: 14
[09:12:14.105] [bmv2] [D] [thread 101557] [5.0] [cxt 0] Parser 'parser': end
[09:12:14.105] [bmv2] [D] [thread 101557] [5.0] [cxt 0] Pipeline 'ingress': start
[09:12:14.105] [bmv2] [T] [thread 101557] [5.0] [cxt 0] switch.p4(116) Condition "hdr.ipv4.isValid()" (node_2) is false
[09:12:14.105] [bmv2] [D] [thread 101557] [5.0] [cxt 0] Pipeline 'ingress': end
[09:12:14.105] [bmv2] [D] [thread 101557] [5.0] [cxt 0] Egress port is 0
[09:12:14.105] [bmv2] [D] [thread 101558] [2.0] [cxt 0] Pipeline 'egress': start
[09:12:14.105] [bmv2] [D] [thread 101558] [2.0] [cxt 0] Pipeline 'egress': end
[09:12:14.105] [bmv2] [D] [thread 101558] [2.0] [cxt 0] Deparser 'deparser': start
[09:12:14.105] [bmv2] [T] [thread 101558] [2.0] [cxt 0] Skipping checksum 'cksum' update because condition not met
[09:12:14.105] [bmv2] [D] [thread 101558] [2.0] [cxt 0] Deparsing header 'ethernet'
[09:12:14.105] [bmv2] [D] [thread 101558] [2.0] [cxt 0] Deparser 'deparser': end
[09:12:14.105] [bmv2] [D] [thread 101558] [3.0] [cxt 0] Pipeline 'egress': start
[09:12:14.105] [bmv2] [D] [thread 101558] [3.0] [cxt 0] Pipeline 'egress': end
[09:12:14.105] [bmv2] [D] [thread 101558] [3.0] [cxt 0] Deparser 'deparser': start
[09:12:14.105] [bmv2] [T] [thread 101558] [3.0] [cxt 0] Skipping checksum 'cksum' update because condition not met
[09:12:14.105] [bmv2] [D] [thread 101558] [3.0] [cxt 0] Deparsing header 'ethernet'
[09:12:14.105] [bmv2] [D] [thread 101558] [3.0] [cxt 0] Deparser 'deparser': end
[09:12:14.110] [bmv2] [D] [thread 101558] [4.0] [cxt 0] Pipeline 'egress': start
[09:12:14.110] [bmv2] [D] [thread 101558] [4.0] [cxt 0] Pipeline 'egress': end
[09:12:14.110] [bmv2] [D] [thread 101558] [4.0] [cxt 0] Deparser 'deparser': start
[09:12:14.110] [bmv2] [T] [thread 101558] [4.0] [cxt 0] Skipping checksum 'cksum' update because condition not met
[09:12:14.110] [bmv2] [D] [thread 101558] [4.0] [cxt 0] Deparsing header 'ethernet'
[09:12:14.110] [bmv2] [D] [thread 101558] [4.0] [cxt 0] Deparser 'deparser': end
[09:12:14.110] [bmv2] [D] [thread 101558] [5.0] [cxt 0] Pipeline 'egress': start
[09:12:14.110] [bmv2] [D] [thread 101558] [5.0] [cxt 0] Pipeline 'egress': end
[09:12:14.110] [bmv2] [D] [thread 101558] [5.0] [cxt 0] Deparser 'deparser': start
[09:12:14.110] [bmv2] [T] [thread 101558] [5.0] [cxt 0] Skipping checksum 'cksum' update because condition not met
[09:12:14.110] [bmv2] [D] [thread 101558] [5.0] [cxt 0] Deparsing header 'ethernet'
[09:12:14.110] [bmv2] [D] [thread 101558] [5.0] [cxt 0] Deparser 'deparser': end
[09:12:14.110] [bmv2] [D] [thread 101557] [6.0] [cxt 0] Processing packet received on port 1
[09:12:14.110] [bmv2] [D] [thread 101557] [6.0] [cxt 0] Parser 'parser': start
[09:12:14.110] [bmv2] [D] [thread 101557] [6.0] [cxt 0] Parser 'parser' entering state 'start'
[09:12:14.110] [bmv2] [D] [thread 101557] [6.0] [cxt 0] Extracting header 'ethernet'
[09:12:14.110] [bmv2] [D] [thread 101557] [6.0] [cxt 0] Parser state 'start': key is 86dd
[09:12:14.110] [bmv2] [T] [thread 101557] [6.0] [cxt 0] Bytes parsed: 14
[09:12:14.110] [bmv2] [D] [thread 101557] [6.0] [cxt 0] Parser 'parser': end
[09:12:14.110] [bmv2] [D] [thread 101557] [6.0] [cxt 0] Pipeline 'ingress': start
[09:12:14.110] [bmv2] [T] [thread 101557] [6.0] [cxt 0] switch.p4(116) Condition "hdr.ipv4.isValid()" (node_2) is false
[09:12:14.110] [bmv2] [D] [thread 101557] [6.0] [cxt 0] Pipeline 'ingress': end
[09:12:14.110] [bmv2] [D] [thread 101557] [6.0] [cxt 0] Egress port is 0
[09:12:14.110] [bmv2] [D] [thread 101558] [6.0] [cxt 0] Pipeline 'egress': start
[09:12:14.110] [bmv2] [D] [thread 101558] [6.0] [cxt 0] Pipeline 'egress': end
[09:12:14.110] [bmv2] [D] [thread 101558] [6.0] [cxt 0] Deparser 'deparser': start
[09:12:14.110] [bmv2] [T] [thread 101558] [6.0] [cxt 0] Skipping checksum 'cksum' update because condition not met
[09:12:14.110] [bmv2] [D] [thread 101558] [6.0] [cxt 0] Deparsing header 'ethernet'
[09:12:14.110] [bmv2] [D] [thread 101558] [6.0] [cxt 0] Deparser 'deparser': end
[09:12:14.110] [bmv2] [D] [thread 101557] [7.0] [cxt 0] Processing packet received on port 2
[09:12:14.110] [bmv2] [D] [thread 101557] [7.0] [cxt 0] Parser 'parser': start
[09:12:14.110] [bmv2] [D] [thread 101557] [7.0] [cxt 0] Parser 'parser' entering state 'start'
[09:12:14.110] [bmv2] [D] [thread 101557] [7.0] [cxt 0] Extracting header 'ethernet'
[09:12:14.110] [bmv2] [D] [thread 101557] [7.0] [cxt 0] Parser state 'start': key is 86dd
[09:12:14.110] [bmv2] [T] [thread 101557] [7.0] [cxt 0] Bytes parsed: 14
[09:12:14.115] [bmv2] [D] [thread 101557] [7.0] [cxt 0] Parser 'parser': end
[09:12:14.115] [bmv2] [D] [thread 101557] [7.0] [cxt 0] Pipeline 'ingress': start
[09:12:14.115] [bmv2] [T] [thread 101557] [7.0] [cxt 0] switch.p4(116) Condition "hdr.ipv4.isValid()" (node_2) is false
[09:12:14.115] [bmv2] [D] [thread 101557] [7.0] [cxt 0] Pipeline 'ingress': end
[09:12:14.115] [bmv2] [D] [thread 101557] [7.0] [cxt 0] Egress port is 0
[09:12:14.115] [bmv2] [D] [thread 101558] [7.0] [cxt 0] Pipeline 'egress': start
[09:12:14.115] [bmv2] [D] [thread 101558] [7.0] [cxt 0] Pipeline 'egress': end
[09:12:14.115] [bmv2] [D] [thread 101558] [7.0] [cxt 0] Deparser 'deparser': start
[09:12:14.115] [bmv2] [T] [thread 101558] [7.0] [cxt 0] Skipping checksum 'cksum' update because condition not met
[09:12:14.115] [bmv2] [D] [thread 101558] [7.0] [cxt 0] Deparsing header 'ethernet'
[09:12:14.115] [bmv2] [D] [thread 101558] [7.0] [cxt 0] Deparser 'deparser': end
[09:12:14.120] [bmv2] [D] [thread 101562] [2.0] [cxt 0] Transmitting packet of size 90 out of port 0
[09:12:14.120] [bmv2] [D] [thread 101562] [3.0] [cxt 0] Transmitting packet of size 90 out of port 0
[09:12:14.120] [bmv2] [D] [thread 101562] [4.0] [cxt 0] Transmitting packet of size 70 out of port 0
[09:12:14.120] [bmv2] [D] [thread 101562] [5.0] [cxt 0] Transmitting packet of size 70 out of port 0
[09:12:14.120] [bmv2] [D] [thread 101562] [6.0] [cxt 0] Transmitting packet of size 90 out of port 0
[09:12:14.120] [bmv2] [D] [thread 101562] [7.0] [cxt 0] Transmitting packet of size 90 out of port 0
[09:12:14.136] [bmv2] [D] [thread 101557] [8.0] [cxt 0] Processing packet received on port 1
[09:12:14.136] [bmv2] [D] [thread 101557] [8.0] [cxt 0] Parser 'parser': start
[09:12:14.136] [bmv2] [D] [thread 101557] [8.0] [cxt 0] Parser 'parser' entering state 'start'
[09:12:14.136] [bmv2] [D] [thread 101557] [8.0] [cxt 0] Extracting header 'ethernet'
[09:12:14.136] [bmv2] [D] [thread 101557] [8.0] [cxt 0] Parser state 'start': key is 86dd
[09:12:14.136] [bmv2] [T] [thread 101557] [8.0] [cxt 0] Bytes parsed: 14
[09:12:14.136] [bmv2] [D] [thread 101557] [8.0] [cxt 0] Parser 'parser': end
[09:12:14.136] [bmv2] [D] [thread 101557] [8.0] [cxt 0] Pipeline 'ingress': start
[09:12:14.136] [bmv2] [T] [thread 101557] [8.0] [cxt 0] switch.p4(116) Condition "hdr.ipv4.isValid()" (node_2) is false
[09:12:14.136] [bmv2] [D] [thread 101557] [8.0] [cxt 0] Pipeline 'ingress': end
[09:12:14.136] [bmv2] [D] [thread 101557] [8.0] [cxt 0] Egress port is 0
[09:12:14.136] [bmv2] [D] [thread 101557] [9.0] [cxt 0] Processing packet received on port 1
[09:12:14.136] [bmv2] [D] [thread 101557] [9.0] [cxt 0] Parser 'parser': start
[09:12:14.136] [bmv2] [D] [thread 101557] [9.0] [cxt 0] Parser 'parser' entering state 'start'
[09:12:14.136] [bmv2] [D] [thread 101557] [9.0] [cxt 0] Extracting header 'ethernet'
[09:12:14.136] [bmv2] [D] [thread 101557] [9.0] [cxt 0] Parser state 'start': key is 86dd
[09:12:14.136] [bmv2] [T] [thread 101557] [9.0] [cxt 0] Bytes parsed: 14
[09:12:14.136] [bmv2] [D] [thread 101557] [9.0] [cxt 0] Parser 'parser': end
[09:12:14.136] [bmv2] [D] [thread 101557] [9.0] [cxt 0] Pipeline 'ingress': start
[09:12:14.136] [bmv2] [T] [thread 101557] [9.0] [cxt 0] switch.p4(116) Condition "hdr.ipv4.isValid()" (node_2) is false
[09:12:14.136] [bmv2] [D] [thread 101557] [9.0] [cxt 0] Pipeline 'ingress': end
[09:12:14.136] [bmv2] [D] [thread 101557] [9.0] [cxt 0] Egress port is 0
[09:12:14.136] [bmv2] [D] [thread 101558] [8.0] [cxt 0] Pipeline 'egress': start
[09:12:14.136] [bmv2] [D] [thread 101558] [8.0] [cxt 0] Pipeline 'egress': end
[09:12:14.136] [bmv2] [D] [thread 101558] [8.0] [cxt 0] Deparser 'deparser': start
[09:12:14.136] [bmv2] [T] [thread 101558] [8.0] [cxt 0] Skipping checksum 'cksum' update because condition not met
[09:12:14.136] [bmv2] [D] [thread 101558] [8.0] [cxt 0] Deparsing header 'ethernet'
[09:12:14.136] [bmv2] [D] [thread 101558] [8.0] [cxt 0] Deparser 'deparser': end
[09:12:14.136] [bmv2] [D] [thread 101558] [9.0] [cxt 0] Pipeline 'egress': start
[09:12:14.136] [bmv2] [D] [thread 101558] [9.0] [cxt 0] Pipeline 'egress': end
[09:12:14.136] [bmv2] [D] [thread 101558] [9.0] [cxt 0] Deparser 'deparser': start
[09:12:14.136] [bmv2] [T] [thread 101558] [9.0] [cxt 0] Skipping checksum 'cksum' update because condition not met
[09:12:14.136] [bmv2] [D] [thread 101558] [9.0] [cxt 0] Deparsing header 'ethernet'
[09:12:14.136] [bmv2] [D] [thread 101558] [9.0] [cxt 0] Deparser 'deparser': end
[09:12:14.136] [bmv2] [D] [thread 101562] [8.0] [cxt 0] Transmitting packet of size 90 out of port 0
[09:12:14.136] [bmv2] [D] [thread 101562] [9.0] [cxt 0] Transmitting packet of size 70 out of port 0
[09:12:14.142] [bmv2] [D] [thread 101557] [10.0] [cxt 0] Processing packet received on port 1
[09:12:14.142] [bmv2] [D] [thread 101557] [10.0] [cxt 0] Parser 'parser': start
[09:12:14.142] [bmv2] [D] [thread 101557] [10.0] [cxt 0] Parser 'parser' entering state 'start'
[09:12:14.142] [bmv2] [D] [thread 101557] [10.0] [cxt 0] Extracting header 'ethernet'
[09:12:14.142] [bmv2] [D] [thread 101557] [10.0] [cxt 0] Parser state 'start': key is 86dd
[09:12:14.142] [bmv2] [T] [thread 101557] [10.0] [cxt 0] Bytes parsed: 14
[09:12:14.142] [bmv2] [D] [thread 101557] [10.0] [cxt 0] Parser 'parser': end
[09:12:14.142] [bmv2] [D] [thread 101557] [10.0] [cxt 0] Pipeline 'ingress': start
[09:12:14.142] [bmv2] [T] [thread 101557] [10.0] [cxt 0] switch.p4(116) Condition "hdr.ipv4.isValid()" (node_2) is false
[09:12:14.142] [bmv2] [D] [thread 101557] [10.0] [cxt 0] Pipeline 'ingress': end
[09:12:14.142] [bmv2] [D] [thread 101557] [10.0] [cxt 0] Egress port is 0
[09:12:14.142] [bmv2] [D] [thread 101558] [10.0] [cxt 0] Pipeline 'egress': start
[09:12:14.142] [bmv2] [D] [thread 101558] [10.0] [cxt 0] Pipeline 'egress': end
[09:12:14.142] [bmv2] [D] [thread 101558] [10.0] [cxt 0] Deparser 'deparser': start
[09:12:14.142] [bmv2] [T] [thread 101558] [10.0] [cxt 0] Skipping checksum 'cksum' update because condition not met
[09:12:14.142] [bmv2] [D] [thread 101558] [10.0] [cxt 0] Deparsing header 'ethernet'
[09:12:14.142] [bmv2] [D] [thread 101558] [10.0] [cxt 0] Deparser 'deparser': end
[09:12:14.142] [bmv2] [D] [thread 101562] [10.0] [cxt 0] Transmitting packet of size 90 out of port 0
[09:12:14.206] [bmv2] [D] [thread 101557] [11.0] [cxt 0] Processing packet received on port 1
[09:12:14.206] [bmv2] [D] [thread 101557] [11.0] [cxt 0] Parser 'parser': start
[09:12:14.206] [bmv2] [D] [thread 101557] [11.0] [cxt 0] Parser 'parser' entering state 'start'
[09:12:14.206] [bmv2] [D] [thread 101557] [11.0] [cxt 0] Extracting header 'ethernet'
[09:12:14.206] [bmv2] [D] [thread 101557] [11.0] [cxt 0] Parser state 'start': key is 86dd
[09:12:14.206] [bmv2] [T] [thread 101557] [11.0] [cxt 0] Bytes parsed: 14
[09:12:14.206] [bmv2] [D] [thread 101557] [11.0] [cxt 0] Parser 'parser': end
[09:12:14.206] [bmv2] [D] [thread 101557] [11.0] [cxt 0] Pipeline 'ingress': start
[09:12:14.206] [bmv2] [T] [thread 101557] [11.0] [cxt 0] switch.p4(116) Condition "hdr.ipv4.isValid()" (node_2) is false
[09:12:14.206] [bmv2] [D] [thread 101557] [11.0] [cxt 0] Pipeline 'ingress': end
[09:12:14.206] [bmv2] [D] [thread 101557] [11.0] [cxt 0] Egress port is 0
[09:12:14.206] [bmv2] [D] [thread 101557] [12.0] [cxt 0] Processing packet received on port 2
[09:12:14.206] [bmv2] [D] [thread 101557] [12.0] [cxt 0] Parser 'parser': start
[09:12:14.206] [bmv2] [D] [thread 101557] [12.0] [cxt 0] Parser 'parser' entering state 'start'
[09:12:14.206] [bmv2] [D] [thread 101557] [12.0] [cxt 0] Extracting header 'ethernet'
[09:12:14.206] [bmv2] [D] [thread 101557] [12.0] [cxt 0] Parser state 'start': key is 86dd
[09:12:14.206] [bmv2] [T] [thread 101557] [12.0] [cxt 0] Bytes parsed: 14
[09:12:14.206] [bmv2] [D] [thread 101557] [12.0] [cxt 0] Parser 'parser': end
[09:12:14.206] [bmv2] [D] [thread 101557] [12.0] [cxt 0] Pipeline 'ingress': start
[09:12:14.206] [bmv2] [T] [thread 101557] [12.0] [cxt 0] switch.p4(116) Condition "hdr.ipv4.isValid()" (node_2) is false
[09:12:14.206] [bmv2] [D] [thread 101557] [12.0] [cxt 0] Pipeline 'ingress': end
[09:12:14.206] [bmv2] [D] [thread 101557] [12.0] [cxt 0] Egress port is 0
[09:12:14.206] [bmv2] [D] [thread 101558] [11.0] [cxt 0] Pipeline 'egress': start
[09:12:14.206] [bmv2] [D] [thread 101558] [11.0] [cxt 0] Pipeline 'egress': end
[09:12:14.206] [bmv2] [D] [thread 101558] [11.0] [cxt 0] Deparser 'deparser': start
[09:12:14.206] [bmv2] [T] [thread 101558] [11.0] [cxt 0] Skipping checksum 'cksum' update because condition not met
[09:12:14.206] [bmv2] [D] [thread 101558] [11.0] [cxt 0] Deparsing header 'ethernet'
[09:12:14.206] [bmv2] [D] [thread 101558] [11.0] [cxt 0] Deparser 'deparser': end
[09:12:14.206] [bmv2] [D] [thread 101558] [12.0] [cxt 0] Pipeline 'egress': start
[09:12:14.206] [bmv2] [D] [thread 101558] [12.0] [cxt 0] Pipeline 'egress': end
[09:12:14.206] [bmv2] [D] [thread 101558] [12.0] [cxt 0] Deparser 'deparser': start
[09:12:14.206] [bmv2] [T] [thread 101558] [12.0] [cxt 0] Skipping checksum 'cksum' update because condition not met
[09:12:14.206] [bmv2] [D] [thread 101558] [12.0] [cxt 0] Deparsing header 'ethernet'
[09:12:14.206] [bmv2] [D] [thread 101558] [12.0] [cxt 0] Deparser 'deparser': end
[09:12:14.206] [bmv2] [D] [thread 101562] [11.0] [cxt 0] Transmitting packet of size 203 out of port 0
[09:12:14.206] [bmv2] [D] [thread 101562] [12.0] [cxt 0] Transmitting packet of size 203 out of port 0
[09:12:14.324] [bmv2] [D] [thread 101557] [13.0] [cxt 0] Processing packet received on port 1
[09:12:14.324] [bmv2] [D] [thread 101557] [13.0] [cxt 0] Parser 'parser': start
[09:12:14.324] [bmv2] [D] [thread 101557] [13.0] [cxt 0] Parser 'parser' entering state 'start'
[09:12:14.324] [bmv2] [D] [thread 101557] [13.0] [cxt 0] Extracting header 'ethernet'
[09:12:14.324] [bmv2] [D] [thread 101557] [13.0] [cxt 0] Parser state 'start': key is 86dd
[09:12:14.324] [bmv2] [T] [thread 101557] [13.0] [cxt 0] Bytes parsed: 14
[09:12:14.324] [bmv2] [D] [thread 101557] [13.0] [cxt 0] Parser 'parser': end
[09:12:14.324] [bmv2] [D] [thread 101557] [13.0] [cxt 0] Pipeline 'ingress': start
[09:12:14.324] [bmv2] [T] [thread 101557] [13.0] [cxt 0] switch.p4(116) Condition "hdr.ipv4.isValid()" (node_2) is false
[09:12:14.324] [bmv2] [D] [thread 101557] [13.0] [cxt 0] Pipeline 'ingress': end
[09:12:14.324] [bmv2] [D] [thread 101557] [13.0] [cxt 0] Egress port is 0
[09:12:14.324] [bmv2] [D] [thread 101558] [13.0] [cxt 0] Pipeline 'egress': start
[09:12:14.324] [bmv2] [D] [thread 101558] [13.0] [cxt 0] Pipeline 'egress': end
[09:12:14.324] [bmv2] [D] [thread 101558] [13.0] [cxt 0] Deparser 'deparser': start
[09:12:14.324] [bmv2] [T] [thread 101558] [13.0] [cxt 0] Skipping checksum 'cksum' update because condition not met
[09:12:14.324] [bmv2] [D] [thread 101558] [13.0] [cxt 0] Deparsing header 'ethernet'
[09:12:14.324] [bmv2] [D] [thread 101558] [13.0] [cxt 0] Deparser 'deparser': end
[09:12:14.324] [bmv2] [D] [thread 101562] [13.0] [cxt 0] Transmitting packet of size 110 out of port 0
[09:12:14.328] [bmv2] [D] [thread 101557] [14.0] [cxt 0] Processing packet received on port 2
[09:12:14.328] [bmv2] [D] [thread 101557] [14.0] [cxt 0] Parser 'parser': start
[09:12:14.328] [bmv2] [D] [thread 101557] [14.0] [cxt 0] Parser 'parser' entering state 'start'
[09:12:14.328] [bmv2] [D] [thread 101557] [14.0] [cxt 0] Extracting header 'ethernet'
[09:12:14.328] [bmv2] [D] [thread 101557] [14.0] [cxt 0] Parser state 'start': key is 86dd
[09:12:14.328] [bmv2] [T] [thread 101557] [14.0] [cxt 0] Bytes parsed: 14
[09:12:14.328] [bmv2] [D] [thread 101557] [14.0] [cxt 0] Parser 'parser': end
[09:12:14.328] [bmv2] [D] [thread 101557] [14.0] [cxt 0] Pipeline 'ingress': start
[09:12:14.328] [bmv2] [T] [thread 101557] [14.0] [cxt 0] switch.p4(116) Condition "hdr.ipv4.isValid()" (node_2) is false
[09:12:14.328] [bmv2] [D] [thread 101557] [14.0] [cxt 0] Pipeline 'ingress': end
[09:12:14.328] [bmv2] [D] [thread 101557] [14.0] [cxt 0] Egress port is 0
[09:12:14.328] [bmv2] [D] [thread 101558] [14.0] [cxt 0] Pipeline 'egress': start
[09:12:14.328] [bmv2] [D] [thread 101558] [14.0] [cxt 0] Pipeline 'egress': end
[09:12:14.328] [bmv2] [D] [thread 101558] [14.0] [cxt 0] Deparser 'deparser': start
[09:12:14.328] [bmv2] [T] [thread 101558] [14.0] [cxt 0] Skipping checksum 'cksum' update because condition not met
[09:12:14.328] [bmv2] [D] [thread 101558] [14.0] [cxt 0] Deparsing header 'ethernet'
[09:12:14.328] [bmv2] [D] [thread 101558] [14.0] [cxt 0] Deparser 'deparser': end
[09:12:14.328] [bmv2] [D] [thread 101562] [14.0] [cxt 0] Transmitting packet of size 90 out of port 0
[09:12:14.334] [bmv2] [D] [thread 101557] [15.0] [cxt 0] Processing packet received on port 2
[09:12:14.334] [bmv2] [D] [thread 101557] [15.0] [cxt 0] Parser 'parser': start
[09:12:14.334] [bmv2] [D] [thread 101557] [15.0] [cxt 0] Parser 'parser' entering state 'start'
[09:12:14.334] [bmv2] [D] [thread 101557] [15.0] [cxt 0] Extracting header 'ethernet'
[09:12:14.334] [bmv2] [D] [thread 101557] [15.0] [cxt 0] Parser state 'start': key is 86dd
[09:12:14.334] [bmv2] [T] [thread 101557] [15.0] [cxt 0] Bytes parsed: 14
[09:12:14.334] [bmv2] [D] [thread 101557] [15.0] [cxt 0] Parser 'parser': end
[09:12:14.339] [bmv2] [D] [thread 101557] [15.0] [cxt 0] Pipeline 'ingress': start
[09:12:14.339] [bmv2] [T] [thread 101557] [15.0] [cxt 0] switch.p4(116) Condition "hdr.ipv4.isValid()" (node_2) is false
[09:12:14.339] [bmv2] [D] [thread 101557] [15.0] [cxt 0] Pipeline 'ingress': end
[09:12:14.339] [bmv2] [D] [thread 101557] [15.0] [cxt 0] Egress port is 0
[09:12:14.339] [bmv2] [D] [thread 101557] [16.0] [cxt 0] Processing packet received on port 2
[09:12:14.339] [bmv2] [D] [thread 101557] [16.0] [cxt 0] Parser 'parser': start
[09:12:14.339] [bmv2] [D] [thread 101557] [16.0] [cxt 0] Parser 'parser' entering state 'start'
[09:12:14.339] [bmv2] [D] [thread 101557] [16.0] [cxt 0] Extracting header 'ethernet'
[09:12:14.339] [bmv2] [D] [thread 101557] [16.0] [cxt 0] Parser state 'start': key is 86dd
[09:12:14.339] [bmv2] [T] [thread 101557] [16.0] [cxt 0] Bytes parsed: 14
[09:12:14.339] [bmv2] [D] [thread 101557] [16.0] [cxt 0] Parser 'parser': end
[09:12:14.339] [bmv2] [D] [thread 101557] [16.0] [cxt 0] Pipeline 'ingress': start
[09:12:14.339] [bmv2] [T] [thread 101557] [16.0] [cxt 0] switch.p4(116) Condition "hdr.ipv4.isValid()" (node_2) is false
[09:12:14.339] [bmv2] [D] [thread 101557] [16.0] [cxt 0] Pipeline 'ingress': end
[09:12:14.339] [bmv2] [D] [thread 101557] [16.0] [cxt 0] Egress port is 0
[09:12:14.339] [bmv2] [D] [thread 101557] [17.0] [cxt 0] Processing packet received on port 2
[09:12:14.339] [bmv2] [D] [thread 101557] [17.0] [cxt 0] Parser 'parser': start
[09:12:14.339] [bmv2] [D] [thread 101557] [17.0] [cxt 0] Parser 'parser' entering state 'start'
[09:12:14.339] [bmv2] [D] [thread 101557] [17.0] [cxt 0] Extracting header 'ethernet'
[09:12:14.339] [bmv2] [D] [thread 101557] [17.0] [cxt 0] Parser state 'start': key is 86dd
[09:12:14.339] [bmv2] [T] [thread 101557] [17.0] [cxt 0] Bytes parsed: 14
[09:12:14.339] [bmv2] [D] [thread 101557] [17.0] [cxt 0] Parser 'parser': end
[09:12:14.339] [bmv2] [D] [thread 101557] [17.0] [cxt 0] Pipeline 'ingress': start
[09:12:14.339] [bmv2] [T] [thread 101557] [17.0] [cxt 0] switch.p4(116) Condition "hdr.ipv4.isValid()" (node_2) is false
[09:12:14.339] [bmv2] [D] [thread 101557] [17.0] [cxt 0] Pipeline 'ingress': end
[09:12:14.339] [bmv2] [D] [thread 101557] [17.0] [cxt 0] Egress port is 0
[09:12:14.339] [bmv2] [D] [thread 101558] [15.0] [cxt 0] Pipeline 'egress': start
[09:12:14.339] [bmv2] [D] [thread 101558] [15.0] [cxt 0] Pipeline 'egress': end
[09:12:14.339] [bmv2] [D] [thread 101558] [15.0] [cxt 0] Deparser 'deparser': start
[09:12:14.339] [bmv2] [T] [thread 101558] [15.0] [cxt 0] Skipping checksum 'cksum' update because condition not met
[09:12:14.339] [bmv2] [D] [thread 101558] [15.0] [cxt 0] Deparsing header 'ethernet'
[09:12:14.339] [bmv2] [D] [thread 101558] [15.0] [cxt 0] Deparser 'deparser': end
[09:12:14.339] [bmv2] [D] [thread 101558] [16.0] [cxt 0] Pipeline 'egress': start
[09:12:14.339] [bmv2] [D] [thread 101558] [16.0] [cxt 0] Pipeline 'egress': end
[09:12:14.339] [bmv2] [D] [thread 101558] [16.0] [cxt 0] Deparser 'deparser': start
[09:12:14.339] [bmv2] [T] [thread 101558] [16.0] [cxt 0] Skipping checksum 'cksum' update because condition not met
[09:12:14.339] [bmv2] [D] [thread 101558] [16.0] [cxt 0] Deparsing header 'ethernet'
[09:12:14.339] [bmv2] [D] [thread 101558] [16.0] [cxt 0] Deparser 'deparser': end
[09:12:14.339] [bmv2] [D] [thread 101558] [17.0] [cxt 0] Pipeline 'egress': start
[09:12:14.339] [bmv2] [D] [thread 101558] [17.0] [cxt 0] Pipeline 'egress': end
[09:12:14.339] [bmv2] [D] [thread 101558] [17.0] [cxt 0] Deparser 'deparser': start
[09:12:14.339] [bmv2] [T] [thread 101558] [17.0] [cxt 0] Skipping checksum 'cksum' update because condition not met
[09:12:14.339] [bmv2] [D] [thread 101558] [17.0] [cxt 0] Deparsing header 'ethernet'
[09:12:14.339] [bmv2] [D] [thread 101558] [17.0] [cxt 0] Deparser 'deparser': end
[09:12:14.339] [bmv2] [D] [thread 101562] [15.0] [cxt 0] Transmitting packet of size 70 out of port 0
[09:12:14.339] [bmv2] [D] [thread 101562] [16.0] [cxt 0] Transmitting packet of size 90 out of port 0
[09:12:14.339] [bmv2] [D] [thread 101562] [17.0] [cxt 0] Transmitting packet of size 90 out of port 0
[09:12:14.379] [bmv2] [D] [thread 101557] [18.0] [cxt 0] Processing packet received on port 1
[09:12:14.379] [bmv2] [D] [thread 101557] [18.0] [cxt 0] Parser 'parser': start
[09:12:14.379] [bmv2] [D] [thread 101557] [18.0] [cxt 0] Parser 'parser' entering state 'start'
[09:12:14.379] [bmv2] [D] [thread 101557] [18.0] [cxt 0] Extracting header 'ethernet'
[09:12:14.379] [bmv2] [D] [thread 101557] [18.0] [cxt 0] Parser state 'start': key is 86dd
[09:12:14.379] [bmv2] [T] [thread 101557] [18.0] [cxt 0] Bytes parsed: 14
[09:12:14.379] [bmv2] [D] [thread 101557] [18.0] [cxt 0] Parser 'parser': end
[09:12:14.379] [bmv2] [D] [thread 101557] [18.0] [cxt 0] Pipeline 'ingress': start
[09:12:14.379] [bmv2] [T] [thread 101557] [18.0] [cxt 0] switch.p4(116) Condition "hdr.ipv4.isValid()" (node_2) is false
[09:12:14.379] [bmv2] [D] [thread 101557] [18.0] [cxt 0] Pipeline 'ingress': end
[09:12:14.379] [bmv2] [D] [thread 101557] [18.0] [cxt 0] Egress port is 0
[09:12:14.380] [bmv2] [D] [thread 101557] [19.0] [cxt 0] Processing packet received on port 2
[09:12:14.380] [bmv2] [D] [thread 101557] [19.0] [cxt 0] Parser 'parser': start
[09:12:14.380] [bmv2] [D] [thread 101557] [19.0] [cxt 0] Parser 'parser' entering state 'start'
[09:12:14.380] [bmv2] [D] [thread 101557] [19.0] [cxt 0] Extracting header 'ethernet'
[09:12:14.380] [bmv2] [D] [thread 101557] [19.0] [cxt 0] Parser state 'start': key is 86dd
[09:12:14.380] [bmv2] [D] [thread 101558] [18.0] [cxt 0] Pipeline 'egress': start
[09:12:14.380] [bmv2] [T] [thread 101557] [19.0] [cxt 0] Bytes parsed: 14
[09:12:14.380] [bmv2] [D] [thread 101557] [19.0] [cxt 0] Parser 'parser': end
[09:12:14.380] [bmv2] [D] [thread 101557] [19.0] [cxt 0] Pipeline 'ingress': start
[09:12:14.380] [bmv2] [T] [thread 101557] [19.0] [cxt 0] switch.p4(116) Condition "hdr.ipv4.isValid()" (node_2) is false
[09:12:14.380] [bmv2] [D] [thread 101557] [19.0] [cxt 0] Pipeline 'ingress': end
[09:12:14.380] [bmv2] [D] [thread 101557] [19.0] [cxt 0] Egress port is 0
[09:12:14.380] [bmv2] [D] [thread 101558] [18.0] [cxt 0] Pipeline 'egress': end
[09:12:14.381] [bmv2] [D] [thread 101558] [18.0] [cxt 0] Deparser 'deparser': start
[09:12:14.381] [bmv2] [T] [thread 101558] [18.0] [cxt 0] Skipping checksum 'cksum' update because condition not met
[09:12:14.381] [bmv2] [D] [thread 101558] [18.0] [cxt 0] Deparsing header 'ethernet'
[09:12:14.381] [bmv2] [D] [thread 101558] [18.0] [cxt 0] Deparser 'deparser': end
[09:12:14.381] [bmv2] [D] [thread 101558] [19.0] [cxt 0] Pipeline 'egress': start
[09:12:14.381] [bmv2] [D] [thread 101558] [19.0] [cxt 0] Pipeline 'egress': end
[09:12:14.381] [bmv2] [D] [thread 101558] [19.0] [cxt 0] Deparser 'deparser': start
[09:12:14.381] [bmv2] [T] [thread 101558] [19.0] [cxt 0] Skipping checksum 'cksum' update because condition not met
[09:12:14.381] [bmv2] [D] [thread 101558] [19.0] [cxt 0] Deparsing header 'ethernet'
[09:12:14.381] [bmv2] [D] [thread 101558] [19.0] [cxt 0] Deparser 'deparser': end
[09:12:14.381] [bmv2] [D] [thread 101562] [18.0] [cxt 0] Transmitting packet of size 211 out of port 0
[09:12:14.381] [bmv2] [D] [thread 101562] [19.0] [cxt 0] Transmitting packet of size 211 out of port 0
[09:12:14.401] [bmv2] [D] [thread 101557] [20.0] [cxt 0] Processing packet received on port 1
[09:12:14.401] [bmv2] [D] [thread 101557] [20.0] [cxt 0] Parser 'parser': start
[09:12:14.401] [bmv2] [D] [thread 101557] [20.0] [cxt 0] Parser 'parser' entering state 'start'
[09:12:14.401] [bmv2] [D] [thread 101557] [20.0] [cxt 0] Extracting header 'ethernet'
[09:12:14.401] [bmv2] [D] [thread 101557] [20.0] [cxt 0] Parser state 'start': key is 86dd
[09:12:14.401] [bmv2] [T] [thread 101557] [20.0] [cxt 0] Bytes parsed: 14
[09:12:14.401] [bmv2] [D] [thread 101557] [20.0] [cxt 0] Parser 'parser': end
[09:12:14.401] [bmv2] [D] [thread 101557] [20.0] [cxt 0] Pipeline 'ingress': start
[09:12:14.401] [bmv2] [T] [thread 101557] [20.0] [cxt 0] switch.p4(116) Condition "hdr.ipv4.isValid()" (node_2) is false
[09:12:14.401] [bmv2] [D] [thread 101557] [20.0] [cxt 0] Pipeline 'ingress': end
[09:12:14.401] [bmv2] [D] [thread 101557] [20.0] [cxt 0] Egress port is 0
[09:12:14.401] [bmv2] [D] [thread 101558] [20.0] [cxt 0] Pipeline 'egress': start
[09:12:14.401] [bmv2] [D] [thread 101558] [20.0] [cxt 0] Pipeline 'egress': end
[09:12:14.401] [bmv2] [D] [thread 101558] [20.0] [cxt 0] Deparser 'deparser': start
[09:12:14.401] [bmv2] [T] [thread 101558] [20.0] [cxt 0] Skipping checksum 'cksum' update because condition not met
[09:12:14.401] [bmv2] [D] [thread 101558] [20.0] [cxt 0] Deparsing header 'ethernet'
[09:12:14.401] [bmv2] [D] [thread 101558] [20.0] [cxt 0] Deparser 'deparser': end
[09:12:14.401] [bmv2] [D] [thread 101562] [20.0] [cxt 0] Transmitting packet of size 211 out of port 0
[09:12:14.430] [bmv2] [D] [thread 101557] [21.0] [cxt 0] Processing packet received on port 2
[09:12:14.430] [bmv2] [D] [thread 101557] [21.0] [cxt 0] Parser 'parser': start
[09:12:14.430] [bmv2] [D] [thread 101557] [21.0] [cxt 0] Parser 'parser' entering state 'start'
[09:12:14.430] [bmv2] [D] [thread 101557] [21.0] [cxt 0] Extracting header 'ethernet'
[09:12:14.430] [bmv2] [D] [thread 101557] [21.0] [cxt 0] Parser state 'start': key is 86dd
[09:12:14.430] [bmv2] [T] [thread 101557] [21.0] [cxt 0] Bytes parsed: 14
[09:12:14.430] [bmv2] [D] [thread 101557] [21.0] [cxt 0] Parser 'parser': end
[09:12:14.430] [bmv2] [D] [thread 101557] [21.0] [cxt 0] Pipeline 'ingress': start
[09:12:14.430] [bmv2] [T] [thread 101557] [21.0] [cxt 0] switch.p4(116) Condition "hdr.ipv4.isValid()" (node_2) is false
[09:12:14.430] [bmv2] [D] [thread 101557] [21.0] [cxt 0] Pipeline 'ingress': end
[09:12:14.430] [bmv2] [D] [thread 101557] [21.0] [cxt 0] Egress port is 0
[09:12:14.430] [bmv2] [D] [thread 101558] [21.0] [cxt 0] Pipeline 'egress': start
[09:12:14.430] [bmv2] [D] [thread 101558] [21.0] [cxt 0] Pipeline 'egress': end
[09:12:14.430] [bmv2] [D] [thread 101558] [21.0] [cxt 0] Deparser 'deparser': start
[09:12:14.430] [bmv2] [T] [thread 101558] [21.0] [cxt 0] Skipping checksum 'cksum' update because condition not met
[09:12:14.430] [bmv2] [D] [thread 101558] [21.0] [cxt 0] Deparsing header 'ethernet'
[09:12:14.430] [bmv2] [D] [thread 101558] [21.0] [cxt 0] Deparser 'deparser': end
[09:12:14.430] [bmv2] [D] [thread 101562] [21.0] [cxt 0] Transmitting packet of size 203 out of port 0
[09:12:14.508] [bmv2] [D] [thread 101557] [22.0] [cxt 0] Processing packet received on port 2
[09:12:14.508] [bmv2] [D] [thread 101557] [22.0] [cxt 0] Parser 'parser': start
[09:12:14.508] [bmv2] [D] [thread 101557] [22.0] [cxt 0] Parser 'parser' entering state 'start'
[09:12:14.508] [bmv2] [D] [thread 101557] [22.0] [cxt 0] Extracting header 'ethernet'
[09:12:14.508] [bmv2] [D] [thread 101557] [22.0] [cxt 0] Parser state 'start': key is 86dd
[09:12:14.508] [bmv2] [T] [thread 101557] [22.0] [cxt 0] Bytes parsed: 14
[09:12:14.508] [bmv2] [D] [thread 101557] [22.0] [cxt 0] Parser 'parser': end
[09:12:14.508] [bmv2] [D] [thread 101557] [22.0] [cxt 0] Pipeline 'ingress': start
[09:12:14.508] [bmv2] [T] [thread 101557] [22.0] [cxt 0] switch.p4(116) Condition "hdr.ipv4.isValid()" (node_2) is false
[09:12:14.508] [bmv2] [D] [thread 101557] [22.0] [cxt 0] Pipeline 'ingress': end
[09:12:14.508] [bmv2] [D] [thread 101557] [22.0] [cxt 0] Egress port is 0
[09:12:14.508] [bmv2] [D] [thread 101558] [22.0] [cxt 0] Pipeline 'egress': start
[09:12:14.508] [bmv2] [D] [thread 101558] [22.0] [cxt 0] Pipeline 'egress': end
[09:12:14.508] [bmv2] [D] [thread 101558] [22.0] [cxt 0] Deparser 'deparser': start
[09:12:14.508] [bmv2] [T] [thread 101558] [22.0] [cxt 0] Skipping checksum 'cksum' update because condition not met
[09:12:14.508] [bmv2] [D] [thread 101558] [22.0] [cxt 0] Deparsing header 'ethernet'
[09:12:14.508] [bmv2] [D] [thread 101558] [22.0] [cxt 0] Deparser 'deparser': end
[09:12:14.508] [bmv2] [D] [thread 101562] [22.0] [cxt 0] Transmitting packet of size 110 out of port 0
[09:12:14.612] [bmv2] [D] [thread 101557] [23.0] [cxt 0] Processing packet received on port 2
[09:12:14.612] [bmv2] [D] [thread 101557] [23.0] [cxt 0] Parser 'parser': start
[09:12:14.612] [bmv2] [D] [thread 101557] [23.0] [cxt 0] Parser 'parser' entering state 'start'
[09:12:14.612] [bmv2] [D] [thread 101557] [23.0] [cxt 0] Extracting header 'ethernet'
[09:12:14.612] [bmv2] [D] [thread 101557] [23.0] [cxt 0] Parser state 'start': key is 86dd
[09:12:14.612] [bmv2] [T] [thread 101557] [23.0] [cxt 0] Bytes parsed: 14
[09:12:14.612] [bmv2] [D] [thread 101557] [23.0] [cxt 0] Parser 'parser': end
[09:12:14.612] [bmv2] [D] [thread 101557] [23.0] [cxt 0] Pipeline 'ingress': start
[09:12:14.612] [bmv2] [T] [thread 101557] [23.0] [cxt 0] switch.p4(116) Condition "hdr.ipv4.isValid()" (node_2) is false
[09:12:14.612] [bmv2] [D] [thread 101557] [23.0] [cxt 0] Pipeline 'ingress': end
[09:12:14.612] [bmv2] [D] [thread 101557] [23.0] [cxt 0] Egress port is 0
[09:12:14.612] [bmv2] [D] [thread 101558] [23.0] [cxt 0] Pipeline 'egress': start
[09:12:14.612] [bmv2] [D] [thread 101558] [23.0] [cxt 0] Pipeline 'egress': end
[09:12:14.612] [bmv2] [D] [thread 101558] [23.0] [cxt 0] Deparser 'deparser': start
[09:12:14.612] [bmv2] [T] [thread 101558] [23.0] [cxt 0] Skipping checksum 'cksum' update because condition not met
[09:12:14.612] [bmv2] [D] [thread 101558] [23.0] [cxt 0] Deparsing header 'ethernet'
[09:12:14.612] [bmv2] [D] [thread 101558] [23.0] [cxt 0] Deparser 'deparser': end
[09:12:14.617] [bmv2] [D] [thread 101562] [23.0] [cxt 0] Transmitting packet of size 211 out of port 0
[09:12:14.617] [bmv2] [D] [thread 101557] [24.0] [cxt 0] Processing packet received on port 2
[09:12:14.617] [bmv2] [D] [thread 101557] [24.0] [cxt 0] Parser 'parser': start
[09:12:14.617] [bmv2] [D] [thread 101557] [24.0] [cxt 0] Parser 'parser' entering state 'start'
[09:12:14.617] [bmv2] [D] [thread 101557] [24.0] [cxt 0] Extracting header 'ethernet'
[09:12:14.617] [bmv2] [D] [thread 101557] [24.0] [cxt 0] Parser state 'start': key is 86dd
[09:12:14.617] [bmv2] [T] [thread 101557] [24.0] [cxt 0] Bytes parsed: 14
[09:12:14.617] [bmv2] [D] [thread 101557] [24.0] [cxt 0] Parser 'parser': end
[09:12:14.617] [bmv2] [D] [thread 101557] [24.0] [cxt 0] Pipeline 'ingress': start
[09:12:14.617] [bmv2] [T] [thread 101557] [24.0] [cxt 0] switch.p4(116) Condition "hdr.ipv4.isValid()" (node_2) is false
[09:12:14.617] [bmv2] [D] [thread 101557] [24.0] [cxt 0] Pipeline 'ingress': end
[09:12:14.617] [bmv2] [D] [thread 101557] [24.0] [cxt 0] Egress port is 0
[09:12:14.617] [bmv2] [D] [thread 101558] [24.0] [cxt 0] Pipeline 'egress': start
[09:12:14.617] [bmv2] [D] [thread 101558] [24.0] [cxt 0] Pipeline 'egress': end
[09:12:14.617] [bmv2] [D] [thread 101558] [24.0] [cxt 0] Deparser 'deparser': start
[09:12:14.617] [bmv2] [T] [thread 101558] [24.0] [cxt 0] Skipping checksum 'cksum' update because condition not met
[09:12:14.617] [bmv2] [D] [thread 101558] [24.0] [cxt 0] Deparsing header 'ethernet'
[09:12:14.617] [bmv2] [D] [thread 101558] [24.0] [cxt 0] Deparser 'deparser': end
[09:12:14.617] [bmv2] [D] [thread 101562] [24.0] [cxt 0] Transmitting packet of size 110 out of port 0
[09:12:14.627] [bmv2] [D] [thread 101557] [25.0] [cxt 0] Processing packet received on port 1
[09:12:14.627] [bmv2] [D] [thread 101557] [25.0] [cxt 0] Parser 'parser': start
[09:12:14.627] [bmv2] [D] [thread 101557] [25.0] [cxt 0] Parser 'parser' entering state 'start'
[09:12:14.627] [bmv2] [D] [thread 101557] [25.0] [cxt 0] Extracting header 'ethernet'
[09:12:14.627] [bmv2] [D] [thread 101557] [25.0] [cxt 0] Parser state 'start': key is 86dd
[09:12:14.627] [bmv2] [T] [thread 101557] [25.0] [cxt 0] Bytes parsed: 14
[09:12:14.627] [bmv2] [D] [thread 101557] [25.0] [cxt 0] Parser 'parser': end
[09:12:14.627] [bmv2] [D] [thread 101557] [25.0] [cxt 0] Pipeline 'ingress': start
[09:12:14.627] [bmv2] [T] [thread 101557] [25.0] [cxt 0] switch.p4(116) Condition "hdr.ipv4.isValid()" (node_2) is false
[09:12:14.627] [bmv2] [D] [thread 101557] [25.0] [cxt 0] Pipeline 'ingress': end
[09:12:14.627] [bmv2] [D] [thread 101557] [25.0] [cxt 0] Egress port is 0
[09:12:14.627] [bmv2] [D] [thread 101558] [25.0] [cxt 0] Pipeline 'egress': start
[09:12:14.627] [bmv2] [D] [thread 101558] [25.0] [cxt 0] Pipeline 'egress': end
[09:12:14.627] [bmv2] [D] [thread 101558] [25.0] [cxt 0] Deparser 'deparser': start
[09:12:14.627] [bmv2] [T] [thread 101558] [25.0] [cxt 0] Skipping checksum 'cksum' update because condition not met
[09:12:14.627] [bmv2] [D] [thread 101558] [25.0] [cxt 0] Deparsing header 'ethernet'
[09:12:14.627] [bmv2] [D] [thread 101558] [25.0] [cxt 0] Deparser 'deparser': end
[09:12:14.627] [bmv2] [D] [thread 101562] [25.0] [cxt 0] Transmitting packet of size 90 out of port 0
[09:12:14.673] [bmv2] [D] [thread 101557] [26.0] [cxt 0] Processing packet received on port 1
[09:12:14.673] [bmv2] [D] [thread 101557] [26.0] [cxt 0] Parser 'parser': start
[09:12:14.673] [bmv2] [D] [thread 101557] [26.0] [cxt 0] Parser 'parser' entering state 'start'
[09:12:14.673] [bmv2] [D] [thread 101557] [26.0] [cxt 0] Extracting header 'ethernet'
[09:12:14.673] [bmv2] [D] [thread 101557] [26.0] [cxt 0] Parser state 'start': key is 86dd
[09:12:14.673] [bmv2] [T] [thread 101557] [26.0] [cxt 0] Bytes parsed: 14
[09:12:14.673] [bmv2] [D] [thread 101557] [26.0] [cxt 0] Parser 'parser': end
[09:12:14.673] [bmv2] [D] [thread 101557] [26.0] [cxt 0] Pipeline 'ingress': start
[09:12:14.673] [bmv2] [T] [thread 101557] [26.0] [cxt 0] switch.p4(116) Condition "hdr.ipv4.isValid()" (node_2) is false
[09:12:14.673] [bmv2] [D] [thread 101557] [26.0] [cxt 0] Pipeline 'ingress': end
[09:12:14.673] [bmv2] [D] [thread 101557] [26.0] [cxt 0] Egress port is 0
[09:12:14.673] [bmv2] [D] [thread 101557] [27.0] [cxt 0] Processing packet received on port 2
[09:12:14.673] [bmv2] [D] [thread 101557] [27.0] [cxt 0] Parser 'parser': start
[09:12:14.673] [bmv2] [D] [thread 101557] [27.0] [cxt 0] Parser 'parser' entering state 'start'
[09:12:14.673] [bmv2] [D] [thread 101557] [27.0] [cxt 0] Extracting header 'ethernet'
[09:12:14.673] [bmv2] [D] [thread 101557] [27.0] [cxt 0] Parser state 'start': key is 86dd
[09:12:14.673] [bmv2] [T] [thread 101557] [27.0] [cxt 0] Bytes parsed: 14
[09:12:14.673] [bmv2] [D] [thread 101557] [27.0] [cxt 0] Parser 'parser': end
[09:12:14.673] [bmv2] [D] [thread 101557] [27.0] [cxt 0] Pipeline 'ingress': start
[09:12:14.673] [bmv2] [T] [thread 101557] [27.0] [cxt 0] switch.p4(116) Condition "hdr.ipv4.isValid()" (node_2) is false
[09:12:14.673] [bmv2] [D] [thread 101557] [27.0] [cxt 0] Pipeline 'ingress': end
[09:12:14.673] [bmv2] [D] [thread 101557] [27.0] [cxt 0] Egress port is 0
[09:12:14.673] [bmv2] [D] [thread 101557] [28.0] [cxt 0] Processing packet received on port 1
[09:12:14.673] [bmv2] [D] [thread 101557] [28.0] [cxt 0] Parser 'parser': start
[09:12:14.673] [bmv2] [D] [thread 101557] [28.0] [cxt 0] Parser 'parser' entering state 'start'
[09:12:14.673] [bmv2] [D] [thread 101557] [28.0] [cxt 0] Extracting header 'ethernet'
[09:12:14.673] [bmv2] [D] [thread 101557] [28.0] [cxt 0] Parser state 'start': key is 86dd
[09:12:14.673] [bmv2] [T] [thread 101557] [28.0] [cxt 0] Bytes parsed: 14
[09:12:14.673] [bmv2] [D] [thread 101557] [28.0] [cxt 0] Parser 'parser': end
[09:12:14.673] [bmv2] [D] [thread 101557] [28.0] [cxt 0] Pipeline 'ingress': start
[09:12:14.673] [bmv2] [T] [thread 101557] [28.0] [cxt 0] switch.p4(116) Condition "hdr.ipv4.isValid()" (node_2) is false
[09:12:14.673] [bmv2] [D] [thread 101557] [28.0] [cxt 0] Pipeline 'ingress': end
[09:12:14.673] [bmv2] [D] [thread 101557] [28.0] [cxt 0] Egress port is 0
[09:12:14.673] [bmv2] [D] [thread 101558] [26.0] [cxt 0] Pipeline 'egress': start
[09:12:14.673] [bmv2] [D] [thread 101558] [26.0] [cxt 0] Pipeline 'egress': end
[09:12:14.673] [bmv2] [D] [thread 101558] [26.0] [cxt 0] Deparser 'deparser': start
[09:12:14.673] [bmv2] [T] [thread 101558] [26.0] [cxt 0] Skipping checksum 'cksum' update because condition not met
[09:12:14.673] [bmv2] [D] [thread 101558] [26.0] [cxt 0] Deparsing header 'ethernet'
[09:12:14.673] [bmv2] [D] [thread 101558] [26.0] [cxt 0] Deparser 'deparser': end
[09:12:14.673] [bmv2] [D] [thread 101558] [27.0] [cxt 0] Pipeline 'egress': start
[09:12:14.673] [bmv2] [D] [thread 101558] [27.0] [cxt 0] Pipeline 'egress': end
[09:12:14.673] [bmv2] [D] [thread 101558] [27.0] [cxt 0] Deparser 'deparser': start
[09:12:14.673] [bmv2] [T] [thread 101558] [27.0] [cxt 0] Skipping checksum 'cksum' update because condition not met
[09:12:14.673] [bmv2] [D] [thread 101558] [27.0] [cxt 0] Deparsing header 'ethernet'
[09:12:14.673] [bmv2] [D] [thread 101558] [27.0] [cxt 0] Deparser 'deparser': end
[09:12:14.673] [bmv2] [D] [thread 101558] [28.0] [cxt 0] Pipeline 'egress': start
[09:12:14.673] [bmv2] [D] [thread 101558] [28.0] [cxt 0] Pipeline 'egress': end
[09:12:14.673] [bmv2] [D] [thread 101558] [28.0] [cxt 0] Deparser 'deparser': start
[09:12:14.673] [bmv2] [T] [thread 101558] [28.0] [cxt 0] Skipping checksum 'cksum' update because condition not met
[09:12:14.673] [bmv2] [D] [thread 101558] [28.0] [cxt 0] Deparsing header 'ethernet'
[09:12:14.673] [bmv2] [D] [thread 101558] [28.0] [cxt 0] Deparser 'deparser': end
[09:12:14.673] [bmv2] [D] [thread 101562] [26.0] [cxt 0] Transmitting packet of size 211 out of port 0
[09:12:14.673] [bmv2] [D] [thread 101562] [27.0] [cxt 0] Transmitting packet of size 211 out of port 0
[09:12:14.673] [bmv2] [D] [thread 101562] [28.0] [cxt 0] Transmitting packet of size 211 out of port 0
[09:12:14.715] [bmv2] [D] [thread 101557] [29.0] [cxt 0] Processing packet received on port 1
[09:12:14.715] [bmv2] [D] [thread 101557] [29.0] [cxt 0] Parser 'parser': start
[09:12:14.715] [bmv2] [D] [thread 101557] [29.0] [cxt 0] Parser 'parser' entering state 'start'
[09:12:14.715] [bmv2] [D] [thread 101557] [29.0] [cxt 0] Extracting header 'ethernet'
[09:12:14.715] [bmv2] [D] [thread 101557] [29.0] [cxt 0] Parser state 'start': key is 86dd
[09:12:14.715] [bmv2] [T] [thread 101557] [29.0] [cxt 0] Bytes parsed: 14
[09:12:14.715] [bmv2] [D] [thread 101557] [29.0] [cxt 0] Parser 'parser': end
[09:12:14.715] [bmv2] [D] [thread 101557] [29.0] [cxt 0] Pipeline 'ingress': start
[09:12:14.715] [bmv2] [T] [thread 101557] [29.0] [cxt 0] switch.p4(116) Condition "hdr.ipv4.isValid()" (node_2) is false
[09:12:14.715] [bmv2] [D] [thread 101557] [29.0] [cxt 0] Pipeline 'ingress': end
[09:12:14.715] [bmv2] [D] [thread 101557] [29.0] [cxt 0] Egress port is 0
[09:12:14.715] [bmv2] [D] [thread 101558] [29.0] [cxt 0] Pipeline 'egress': start
[09:12:14.715] [bmv2] [D] [thread 101558] [29.0] [cxt 0] Pipeline 'egress': end
[09:12:14.715] [bmv2] [D] [thread 101558] [29.0] [cxt 0] Deparser 'deparser': start
[09:12:14.715] [bmv2] [T] [thread 101558] [29.0] [cxt 0] Skipping checksum 'cksum' update because condition not met
[09:12:14.715] [bmv2] [D] [thread 101558] [29.0] [cxt 0] Deparsing header 'ethernet'
[09:12:14.715] [bmv2] [D] [thread 101558] [29.0] [cxt 0] Deparser 'deparser': end
[09:12:14.715] [bmv2] [D] [thread 101562] [29.0] [cxt 0] Transmitting packet of size 110 out of port 0
[09:12:14.841] [bmv2] [D] [thread 101557] [30.0] [cxt 0] Processing packet received on port 1
[09:12:14.841] [bmv2] [D] [thread 101557] [30.0] [cxt 0] Parser 'parser': start
[09:12:14.841] [bmv2] [D] [thread 101557] [30.0] [cxt 0] Parser 'parser' entering state 'start'
[09:12:14.841] [bmv2] [D] [thread 101557] [30.0] [cxt 0] Extracting header 'ethernet'
[09:12:14.841] [bmv2] [D] [thread 101557] [30.0] [cxt 0] Parser state 'start': key is 86dd
[09:12:14.841] [bmv2] [T] [thread 101557] [30.0] [cxt 0] Bytes parsed: 14
[09:12:14.841] [bmv2] [D] [thread 101557] [30.0] [cxt 0] Parser 'parser': end
[09:12:14.841] [bmv2] [D] [thread 101557] [30.0] [cxt 0] Pipeline 'ingress': start
[09:12:14.841] [bmv2] [T] [thread 101557] [30.0] [cxt 0] switch.p4(116) Condition "hdr.ipv4.isValid()" (node_2) is false
[09:12:14.841] [bmv2] [D] [thread 101557] [30.0] [cxt 0] Pipeline 'ingress': end
[09:12:14.841] [bmv2] [D] [thread 101557] [30.0] [cxt 0] Egress port is 0
[09:12:14.841] [bmv2] [D] [thread 101558] [30.0] [cxt 0] Pipeline 'egress': start
[09:12:14.841] [bmv2] [D] [thread 101558] [30.0] [cxt 0] Pipeline 'egress': end
[09:12:14.841] [bmv2] [D] [thread 101558] [30.0] [cxt 0] Deparser 'deparser': start
[09:12:14.841] [bmv2] [T] [thread 101558] [30.0] [cxt 0] Skipping checksum 'cksum' update because condition not met
[09:12:14.841] [bmv2] [D] [thread 101558] [30.0] [cxt 0] Deparsing header 'ethernet'
[09:12:14.841] [bmv2] [D] [thread 101558] [30.0] [cxt 0] Deparser 'deparser': end
[09:12:14.841] [bmv2] [D] [thread 101562] [30.0] [cxt 0] Transmitting packet of size 90 out of port 0
[09:12:14.867] [bmv2] [D] [thread 101557] [31.0] [cxt 0] Processing packet received on port 2
[09:12:14.867] [bmv2] [D] [thread 101557] [31.0] [cxt 0] Parser 'parser': start
[09:12:14.870] [bmv2] [D] [thread 101557] [31.0] [cxt 0] Parser 'parser' entering state 'start'
[09:12:14.870] [bmv2] [D] [thread 101557] [31.0] [cxt 0] Extracting header 'ethernet'
[09:12:14.870] [bmv2] [D] [thread 101557] [31.0] [cxt 0] Parser state 'start': key is 86dd
[09:12:14.870] [bmv2] [T] [thread 101557] [31.0] [cxt 0] Bytes parsed: 14
[09:12:14.870] [bmv2] [D] [thread 101557] [31.0] [cxt 0] Parser 'parser': end
[09:12:14.870] [bmv2] [D] [thread 101557] [31.0] [cxt 0] Pipeline 'ingress': start
[09:12:14.871] [bmv2] [T] [thread 101557] [31.0] [cxt 0] switch.p4(116) Condition "hdr.ipv4.isValid()" (node_2) is false
[09:12:14.871] [bmv2] [D] [thread 101557] [31.0] [cxt 0] Pipeline 'ingress': end
[09:12:14.871] [bmv2] [D] [thread 101557] [31.0] [cxt 0] Egress port is 0
[09:12:14.871] [bmv2] [D] [thread 101558] [31.0] [cxt 0] Pipeline 'egress': start
[09:12:14.871] [bmv2] [D] [thread 101558] [31.0] [cxt 0] Pipeline 'egress': end
[09:12:14.871] [bmv2] [D] [thread 101558] [31.0] [cxt 0] Deparser 'deparser': start
[09:12:14.871] [bmv2] [T] [thread 101558] [31.0] [cxt 0] Skipping checksum 'cksum' update because condition not met
[09:12:14.871] [bmv2] [D] [thread 101558] [31.0] [cxt 0] Deparsing header 'ethernet'
[09:12:14.871] [bmv2] [D] [thread 101558] [31.0] [cxt 0] Deparser 'deparser': end
[09:12:14.871] [bmv2] [D] [thread 101562] [31.0] [cxt 0] Transmitting packet of size 211 out of port 0
[09:12:14.919] [bmv2] [D] [thread 101557] [32.0] [cxt 0] Processing packet received on port 1
[09:12:14.919] [bmv2] [D] [thread 101557] [32.0] [cxt 0] Parser 'parser': start
[09:12:14.919] [bmv2] [D] [thread 101557] [32.0] [cxt 0] Parser 'parser' entering state 'start'
[09:12:14.919] [bmv2] [D] [thread 101557] [32.0] [cxt 0] Extracting header 'ethernet'
[09:12:14.919] [bmv2] [D] [thread 101557] [32.0] [cxt 0] Parser state 'start': key is 86dd
[09:12:14.919] [bmv2] [T] [thread 101557] [32.0] [cxt 0] Bytes parsed: 14
[09:12:14.919] [bmv2] [D] [thread 101557] [32.0] [cxt 0] Parser 'parser': end
[09:12:14.919] [bmv2] [D] [thread 101557] [32.0] [cxt 0] Pipeline 'ingress': start
[09:12:14.919] [bmv2] [T] [thread 101557] [32.0] [cxt 0] switch.p4(116) Condition "hdr.ipv4.isValid()" (node_2) is false
[09:12:14.919] [bmv2] [D] [thread 101557] [32.0] [cxt 0] Pipeline 'ingress': end
[09:12:14.919] [bmv2] [D] [thread 101557] [32.0] [cxt 0] Egress port is 0
[09:12:14.919] [bmv2] [D] [thread 101557] [33.0] [cxt 0] Processing packet received on port 1
[09:12:14.919] [bmv2] [D] [thread 101557] [33.0] [cxt 0] Parser 'parser': start
[09:12:14.919] [bmv2] [D] [thread 101557] [33.0] [cxt 0] Parser 'parser' entering state 'start'
[09:12:14.919] [bmv2] [D] [thread 101557] [33.0] [cxt 0] Extracting header 'ethernet'
[09:12:14.919] [bmv2] [D] [thread 101557] [33.0] [cxt 0] Parser state 'start': key is 86dd
[09:12:14.919] [bmv2] [T] [thread 101557] [33.0] [cxt 0] Bytes parsed: 14
[09:12:14.919] [bmv2] [D] [thread 101557] [33.0] [cxt 0] Parser 'parser': end
[09:12:14.919] [bmv2] [D] [thread 101557] [33.0] [cxt 0] Pipeline 'ingress': start
[09:12:14.919] [bmv2] [T] [thread 101557] [33.0] [cxt 0] switch.p4(116) Condition "hdr.ipv4.isValid()" (node_2) is false
[09:12:14.919] [bmv2] [D] [thread 101557] [33.0] [cxt 0] Pipeline 'ingress': end
[09:12:14.919] [bmv2] [D] [thread 101558] [32.0] [cxt 0] Pipeline 'egress': start
[09:12:14.919] [bmv2] [D] [thread 101558] [32.0] [cxt 0] Pipeline 'egress': end
[09:12:14.919] [bmv2] [D] [thread 101558] [32.0] [cxt 0] Deparser 'deparser': start
[09:12:14.919] [bmv2] [T] [thread 101558] [32.0] [cxt 0] Skipping checksum 'cksum' update because condition not met
[09:12:14.919] [bmv2] [D] [thread 101558] [32.0] [cxt 0] Deparsing header 'ethernet'
[09:12:14.919] [bmv2] [D] [thread 101558] [32.0] [cxt 0] Deparser 'deparser': end
[09:12:14.919] [bmv2] [D] [thread 101562] [32.0] [cxt 0] Transmitting packet of size 211 out of port 0
[09:12:14.919] [bmv2] [D] [thread 101557] [33.0] [cxt 0] Egress port is 0
[09:12:14.924] [bmv2] [D] [thread 101557] [34.0] [cxt 0] Processing packet received on port 2
[09:12:14.924] [bmv2] [D] [thread 101557] [34.0] [cxt 0] Parser 'parser': start
[09:12:14.924] [bmv2] [D] [thread 101557] [34.0] [cxt 0] Parser 'parser' entering state 'start'
[09:12:14.924] [bmv2] [D] [thread 101557] [34.0] [cxt 0] Extracting header 'ethernet'
[09:12:14.924] [bmv2] [D] [thread 101557] [34.0] [cxt 0] Parser state 'start': key is 86dd
[09:12:14.924] [bmv2] [T] [thread 101557] [34.0] [cxt 0] Bytes parsed: 14
[09:12:14.924] [bmv2] [D] [thread 101557] [34.0] [cxt 0] Parser 'parser': end
[09:12:14.924] [bmv2] [D] [thread 101557] [34.0] [cxt 0] Pipeline 'ingress': start
[09:12:14.924] [bmv2] [T] [thread 101557] [34.0] [cxt 0] switch.p4(116) Condition "hdr.ipv4.isValid()" (node_2) is false
[09:12:14.924] [bmv2] [D] [thread 101557] [34.0] [cxt 0] Pipeline 'ingress': end
[09:12:14.924] [bmv2] [D] [thread 101557] [34.0] [cxt 0] Egress port is 0
[09:12:14.924] [bmv2] [D] [thread 101558] [33.0] [cxt 0] Pipeline 'egress': start
[09:12:14.924] [bmv2] [D] [thread 101558] [33.0] [cxt 0] Pipeline 'egress': end
[09:12:14.924] [bmv2] [D] [thread 101558] [33.0] [cxt 0] Deparser 'deparser': start
[09:12:14.924] [bmv2] [T] [thread 101558] [33.0] [cxt 0] Skipping checksum 'cksum' update because condition not met
[09:12:14.924] [bmv2] [D] [thread 101558] [33.0] [cxt 0] Deparsing header 'ethernet'
[09:12:14.924] [bmv2] [D] [thread 101558] [33.0] [cxt 0] Deparser 'deparser': end
[09:12:14.924] [bmv2] [D] [thread 101558] [34.0] [cxt 0] Pipeline 'egress': start
[09:12:14.924] [bmv2] [D] [thread 101558] [34.0] [cxt 0] Pipeline 'egress': end
[09:12:14.924] [bmv2] [D] [thread 101558] [34.0] [cxt 0] Deparser 'deparser': start
[09:12:14.924] [bmv2] [T] [thread 101558] [34.0] [cxt 0] Skipping checksum 'cksum' update because condition not met
[09:12:14.924] [bmv2] [D] [thread 101558] [34.0] [cxt 0] Deparsing header 'ethernet'
[09:12:14.924] [bmv2] [D] [thread 101558] [34.0] [cxt 0] Deparser 'deparser': end
[09:12:14.924] [bmv2] [D] [thread 101562] [33.0] [cxt 0] Transmitting packet of size 211 out of port 0
[09:12:14.924] [bmv2] [D] [thread 101562] [34.0] [cxt 0] Transmitting packet of size 211 out of port 0
[09:12:15.120] [bmv2] [D] [thread 101557] [35.0] [cxt 0] Processing packet received on port 1
[09:12:15.120] [bmv2] [D] [thread 101557] [35.0] [cxt 0] Parser 'parser': start
[09:12:15.120] [bmv2] [D] [thread 101557] [35.0] [cxt 0] Parser 'parser' entering state 'start'
[09:12:15.120] [bmv2] [D] [thread 101557] [35.0] [cxt 0] Extracting header 'ethernet'
[09:12:15.120] [bmv2] [D] [thread 101557] [35.0] [cxt 0] Parser state 'start': key is 86dd
[09:12:15.120] [bmv2] [T] [thread 101557] [35.0] [cxt 0] Bytes parsed: 14
[09:12:15.120] [bmv2] [D] [thread 101557] [35.0] [cxt 0] Parser 'parser': end
[09:12:15.120] [bmv2] [D] [thread 101557] [35.0] [cxt 0] Pipeline 'ingress': start
[09:12:15.120] [bmv2] [T] [thread 101557] [35.0] [cxt 0] switch.p4(116) Condition "hdr.ipv4.isValid()" (node_2) is false
[09:12:15.120] [bmv2] [D] [thread 101557] [35.0] [cxt 0] Pipeline 'ingress': end
[09:12:15.120] [bmv2] [D] [thread 101557] [35.0] [cxt 0] Egress port is 0
[09:12:15.120] [bmv2] [D] [thread 101557] [36.0] [cxt 0] Processing packet received on port 2
[09:12:15.120] [bmv2] [D] [thread 101557] [36.0] [cxt 0] Parser 'parser': start
[09:12:15.120] [bmv2] [D] [thread 101557] [36.0] [cxt 0] Parser 'parser' entering state 'start'
[09:12:15.120] [bmv2] [D] [thread 101557] [36.0] [cxt 0] Extracting header 'ethernet'
[09:12:15.120] [bmv2] [D] [thread 101557] [36.0] [cxt 0] Parser state 'start': key is 86dd
[09:12:15.120] [bmv2] [T] [thread 101557] [36.0] [cxt 0] Bytes parsed: 14
[09:12:15.120] [bmv2] [D] [thread 101557] [36.0] [cxt 0] Parser 'parser': end
[09:12:15.120] [bmv2] [D] [thread 101557] [36.0] [cxt 0] Pipeline 'ingress': start
[09:12:15.120] [bmv2] [T] [thread 101557] [36.0] [cxt 0] switch.p4(116) Condition "hdr.ipv4.isValid()" (node_2) is false
[09:12:15.120] [bmv2] [D] [thread 101557] [36.0] [cxt 0] Pipeline 'ingress': end
[09:12:15.120] [bmv2] [D] [thread 101557] [36.0] [cxt 0] Egress port is 0
[09:12:15.120] [bmv2] [D] [thread 101557] [37.0] [cxt 0] Processing packet received on port 1
[09:12:15.120] [bmv2] [D] [thread 101557] [37.0] [cxt 0] Parser 'parser': start
[09:12:15.120] [bmv2] [D] [thread 101557] [37.0] [cxt 0] Parser 'parser' entering state 'start'
[09:12:15.120] [bmv2] [D] [thread 101557] [37.0] [cxt 0] Extracting header 'ethernet'
[09:12:15.120] [bmv2] [D] [thread 101557] [37.0] [cxt 0] Parser state 'start': key is 86dd
[09:12:15.120] [bmv2] [T] [thread 101557] [37.0] [cxt 0] Bytes parsed: 14
[09:12:15.120] [bmv2] [D] [thread 101557] [37.0] [cxt 0] Parser 'parser': end
[09:12:15.120] [bmv2] [D] [thread 101557] [37.0] [cxt 0] Pipeline 'ingress': start
[09:12:15.120] [bmv2] [T] [thread 101557] [37.0] [cxt 0] switch.p4(116) Condition "hdr.ipv4.isValid()" (node_2) is false
[09:12:15.120] [bmv2] [D] [thread 101557] [37.0] [cxt 0] Pipeline 'ingress': end
[09:12:15.120] [bmv2] [D] [thread 101557] [37.0] [cxt 0] Egress port is 0
[09:12:15.120] [bmv2] [D] [thread 101557] [38.0] [cxt 0] Processing packet received on port 2
[09:12:15.120] [bmv2] [D] [thread 101557] [38.0] [cxt 0] Parser 'parser': start
[09:12:15.120] [bmv2] [D] [thread 101557] [38.0] [cxt 0] Parser 'parser' entering state 'start'
[09:12:15.120] [bmv2] [D] [thread 101557] [38.0] [cxt 0] Extracting header 'ethernet'
[09:12:15.120] [bmv2] [D] [thread 101557] [38.0] [cxt 0] Parser state 'start': key is 86dd
[09:12:15.120] [bmv2] [T] [thread 101557] [38.0] [cxt 0] Bytes parsed: 14
[09:12:15.120] [bmv2] [D] [thread 101557] [38.0] [cxt 0] Parser 'parser': end
[09:12:15.120] [bmv2] [D] [thread 101557] [38.0] [cxt 0] Pipeline 'ingress': start
[09:12:15.120] [bmv2] [T] [thread 101557] [38.0] [cxt 0] switch.p4(116) Condition "hdr.ipv4.isValid()" (node_2) is false
[09:12:15.120] [bmv2] [D] [thread 101557] [38.0] [cxt 0] Pipeline 'ingress': end
[09:12:15.120] [bmv2] [D] [thread 101557] [38.0] [cxt 0] Egress port is 0
[09:12:15.120] [bmv2] [D] [thread 101558] [35.0] [cxt 0] Pipeline 'egress': start
[09:12:15.120] [bmv2] [D] [thread 101558] [35.0] [cxt 0] Pipeline 'egress': end
[09:12:15.120] [bmv2] [D] [thread 101558] [35.0] [cxt 0] Deparser 'deparser': start
[09:12:15.120] [bmv2] [T] [thread 101558] [35.0] [cxt 0] Skipping checksum 'cksum' update because condition not met
[09:12:15.120] [bmv2] [D] [thread 101558] [35.0] [cxt 0] Deparsing header 'ethernet'
[09:12:15.120] [bmv2] [D] [thread 101558] [35.0] [cxt 0] Deparser 'deparser': end
[09:12:15.120] [bmv2] [D] [thread 101558] [36.0] [cxt 0] Pipeline 'egress': start
[09:12:15.120] [bmv2] [D] [thread 101558] [36.0] [cxt 0] Pipeline 'egress': end
[09:12:15.120] [bmv2] [D] [thread 101558] [36.0] [cxt 0] Deparser 'deparser': start
[09:12:15.120] [bmv2] [T] [thread 101558] [36.0] [cxt 0] Skipping checksum 'cksum' update because condition not met
[09:12:15.120] [bmv2] [D] [thread 101558] [36.0] [cxt 0] Deparsing header 'ethernet'
[09:12:15.120] [bmv2] [D] [thread 101558] [36.0] [cxt 0] Deparser 'deparser': end
[09:12:15.120] [bmv2] [D] [thread 101558] [37.0] [cxt 0] Pipeline 'egress': start
[09:12:15.120] [bmv2] [D] [thread 101558] [37.0] [cxt 0] Pipeline 'egress': end
[09:12:15.120] [bmv2] [D] [thread 101558] [37.0] [cxt 0] Deparser 'deparser': start
[09:12:15.120] [bmv2] [T] [thread 101558] [37.0] [cxt 0] Skipping checksum 'cksum' update because condition not met
[09:12:15.120] [bmv2] [D] [thread 101558] [37.0] [cxt 0] Deparsing header 'ethernet'
[09:12:15.120] [bmv2] [D] [thread 101558] [37.0] [cxt 0] Deparser 'deparser': end
[09:12:15.120] [bmv2] [D] [thread 101558] [38.0] [cxt 0] Pipeline 'egress': start
[09:12:15.120] [bmv2] [D] [thread 101558] [38.0] [cxt 0] Pipeline 'egress': end
[09:12:15.120] [bmv2] [D] [thread 101558] [38.0] [cxt 0] Deparser 'deparser': start
[09:12:15.120] [bmv2] [T] [thread 101558] [38.0] [cxt 0] Skipping checksum 'cksum' update because condition not met
[09:12:15.120] [bmv2] [D] [thread 101558] [38.0] [cxt 0] Deparsing header 'ethernet'
[09:12:15.120] [bmv2] [D] [thread 101558] [38.0] [cxt 0] Deparser 'deparser': end
[09:12:15.120] [bmv2] [D] [thread 101562] [35.0] [cxt 0] Transmitting packet of size 199 out of port 0
[09:12:15.120] [bmv2] [D] [thread 101562] [36.0] [cxt 0] Transmitting packet of size 211 out of port 0
[09:12:15.120] [bmv2] [D] [thread 101562] [37.0] [cxt 0] Transmitting packet of size 199 out of port 0
[09:12:15.120] [bmv2] [D] [thread 101562] [38.0] [cxt 0] Transmitting packet of size 199 out of port 0
[09:12:15.209] [bmv2] [D] [thread 101557] [39.0] [cxt 0] Processing packet received on port 2
[09:12:15.209] [bmv2] [D] [thread 101557] [39.0] [cxt 0] Parser 'parser': start
[09:12:15.209] [bmv2] [D] [thread 101557] [39.0] [cxt 0] Parser 'parser' entering state 'start'
[09:12:15.209] [bmv2] [D] [thread 101557] [39.0] [cxt 0] Extracting header 'ethernet'
[09:12:15.209] [bmv2] [D] [thread 101557] [39.0] [cxt 0] Parser state 'start': key is 86dd
[09:12:15.209] [bmv2] [T] [thread 101557] [39.0] [cxt 0] Bytes parsed: 14
[09:12:15.209] [bmv2] [D] [thread 101557] [39.0] [cxt 0] Parser 'parser': end
[09:12:15.209] [bmv2] [D] [thread 101557] [39.0] [cxt 0] Pipeline 'ingress': start
[09:12:15.209] [bmv2] [T] [thread 101557] [39.0] [cxt 0] switch.p4(116) Condition "hdr.ipv4.isValid()" (node_2) is false
[09:12:15.209] [bmv2] [D] [thread 101557] [39.0] [cxt 0] Pipeline 'ingress': end
[09:12:15.209] [bmv2] [D] [thread 101557] [39.0] [cxt 0] Egress port is 0
[09:12:15.209] [bmv2] [D] [thread 101557] [40.0] [cxt 0] Processing packet received on port 1
[09:12:15.209] [bmv2] [D] [thread 101557] [40.0] [cxt 0] Parser 'parser': start
[09:12:15.209] [bmv2] [D] [thread 101557] [40.0] [cxt 0] Parser 'parser' entering state 'start'
[09:12:15.209] [bmv2] [D] [thread 101557] [40.0] [cxt 0] Extracting header 'ethernet'
[09:12:15.209] [bmv2] [D] [thread 101557] [40.0] [cxt 0] Parser state 'start': key is 86dd
[09:12:15.209] [bmv2] [T] [thread 101557] [40.0] [cxt 0] Bytes parsed: 14
[09:12:15.209] [bmv2] [D] [thread 101557] [40.0] [cxt 0] Parser 'parser': end
[09:12:15.209] [bmv2] [D] [thread 101557] [40.0] [cxt 0] Pipeline 'ingress': start
[09:12:15.209] [bmv2] [T] [thread 101557] [40.0] [cxt 0] switch.p4(116) Condition "hdr.ipv4.isValid()" (node_2) is false
[09:12:15.209] [bmv2] [D] [thread 101557] [40.0] [cxt 0] Pipeline 'ingress': end
[09:12:15.209] [bmv2] [D] [thread 101557] [40.0] [cxt 0] Egress port is 0
[09:12:15.209] [bmv2] [D] [thread 101558] [39.0] [cxt 0] Pipeline 'egress': start
[09:12:15.209] [bmv2] [D] [thread 101558] [39.0] [cxt 0] Pipeline 'egress': end
[09:12:15.209] [bmv2] [D] [thread 101558] [39.0] [cxt 0] Deparser 'deparser': start
[09:12:15.209] [bmv2] [T] [thread 101558] [39.0] [cxt 0] Skipping checksum 'cksum' update because condition not met
[09:12:15.209] [bmv2] [D] [thread 101558] [39.0] [cxt 0] Deparsing header 'ethernet'
[09:12:15.209] [bmv2] [D] [thread 101558] [39.0] [cxt 0] Deparser 'deparser': end
[09:12:15.209] [bmv2] [D] [thread 101562] [39.0] [cxt 0] Transmitting packet of size 203 out of port 0
[09:12:15.209] [bmv2] [D] [thread 101558] [40.0] [cxt 0] Pipeline 'egress': start
[09:12:15.209] [bmv2] [D] [thread 101558] [40.0] [cxt 0] Pipeline 'egress': end
[09:12:15.209] [bmv2] [D] [thread 101558] [40.0] [cxt 0] Deparser 'deparser': start
[09:12:15.209] [bmv2] [T] [thread 101558] [40.0] [cxt 0] Skipping checksum 'cksum' update because condition not met
[09:12:15.209] [bmv2] [D] [thread 101558] [40.0] [cxt 0] Deparsing header 'ethernet'
[09:12:15.209] [bmv2] [D] [thread 101558] [40.0] [cxt 0] Deparser 'deparser': end
[09:12:15.209] [bmv2] [D] [thread 101562] [40.0] [cxt 0] Transmitting packet of size 203 out of port 0
[09:12:15.289] [bmv2] [D] [thread 101557] [41.0] [cxt 0] Processing packet received on port 2
[09:12:15.289] [bmv2] [D] [thread 101557] [41.0] [cxt 0] Parser 'parser': start
[09:12:15.289] [bmv2] [D] [thread 101557] [41.0] [cxt 0] Parser 'parser' entering state 'start'
[09:12:15.289] [bmv2] [D] [thread 101557] [41.0] [cxt 0] Extracting header 'ethernet'
[09:12:15.289] [bmv2] [D] [thread 101557] [41.0] [cxt 0] Parser state 'start': key is 86dd
[09:12:15.289] [bmv2] [T] [thread 101557] [41.0] [cxt 0] Bytes parsed: 14
[09:12:15.289] [bmv2] [D] [thread 101557] [41.0] [cxt 0] Parser 'parser': end
[09:12:15.289] [bmv2] [D] [thread 101557] [41.0] [cxt 0] Pipeline 'ingress': start
[09:12:15.289] [bmv2] [T] [thread 101557] [41.0] [cxt 0] switch.p4(116) Condition "hdr.ipv4.isValid()" (node_2) is false
[09:12:15.289] [bmv2] [D] [thread 101557] [41.0] [cxt 0] Pipeline 'ingress': end
[09:12:15.289] [bmv2] [D] [thread 101557] [41.0] [cxt 0] Egress port is 0
[09:12:15.292] [bmv2] [D] [thread 101558] [41.0] [cxt 0] Pipeline 'egress': start
[09:12:15.292] [bmv2] [D] [thread 101558] [41.0] [cxt 0] Pipeline 'egress': end
[09:12:15.292] [bmv2] [D] [thread 101558] [41.0] [cxt 0] Deparser 'deparser': start
[09:12:15.292] [bmv2] [T] [thread 101558] [41.0] [cxt 0] Skipping checksum 'cksum' update because condition not met
[09:12:15.292] [bmv2] [D] [thread 101558] [41.0] [cxt 0] Deparsing header 'ethernet'
[09:12:15.292] [bmv2] [D] [thread 101558] [41.0] [cxt 0] Deparser 'deparser': end
[09:12:15.292] [bmv2] [D] [thread 101562] [41.0] [cxt 0] Transmitting packet of size 90 out of port 0
[09:12:15.317] [bmv2] [D] [thread 101557] [42.0] [cxt 0] Processing packet received on port 2
[09:12:15.317] [bmv2] [D] [thread 101557] [42.0] [cxt 0] Parser 'parser': start
[09:12:15.317] [bmv2] [D] [thread 101557] [42.0] [cxt 0] Parser 'parser' entering state 'start'
[09:12:15.317] [bmv2] [D] [thread 101557] [42.0] [cxt 0] Extracting header 'ethernet'
[09:12:15.317] [bmv2] [D] [thread 101557] [42.0] [cxt 0] Parser state 'start': key is 86dd
[09:12:15.317] [bmv2] [T] [thread 101557] [42.0] [cxt 0] Bytes parsed: 14
[09:12:15.317] [bmv2] [D] [thread 101557] [42.0] [cxt 0] Parser 'parser': end
[09:12:15.317] [bmv2] [D] [thread 101557] [42.0] [cxt 0] Pipeline 'ingress': start
[09:12:15.317] [bmv2] [T] [thread 101557] [42.0] [cxt 0] switch.p4(116) Condition "hdr.ipv4.isValid()" (node_2) is false
[09:12:15.317] [bmv2] [D] [thread 101557] [42.0] [cxt 0] Pipeline 'ingress': end
[09:12:15.317] [bmv2] [D] [thread 101557] [42.0] [cxt 0] Egress port is 0
[09:12:15.318] [bmv2] [D] [thread 101558] [42.0] [cxt 0] Pipeline 'egress': start
[09:12:15.318] [bmv2] [D] [thread 101558] [42.0] [cxt 0] Pipeline 'egress': end
[09:12:15.318] [bmv2] [D] [thread 101558] [42.0] [cxt 0] Deparser 'deparser': start
[09:12:15.318] [bmv2] [T] [thread 101558] [42.0] [cxt 0] Skipping checksum 'cksum' update because condition not met
[09:12:15.318] [bmv2] [D] [thread 101558] [42.0] [cxt 0] Deparsing header 'ethernet'
[09:12:15.318] [bmv2] [D] [thread 101558] [42.0] [cxt 0] Deparser 'deparser': end
[09:12:15.319] [bmv2] [D] [thread 101562] [42.0] [cxt 0] Transmitting packet of size 199 out of port 0
[09:12:15.429] [bmv2] [D] [thread 101557] [43.0] [cxt 0] Processing packet received on port 2
[09:12:15.429] [bmv2] [D] [thread 101557] [43.0] [cxt 0] Parser 'parser': start
[09:12:15.429] [bmv2] [D] [thread 101557] [43.0] [cxt 0] Parser 'parser' entering state 'start'
[09:12:15.429] [bmv2] [D] [thread 101557] [43.0] [cxt 0] Extracting header 'ethernet'
[09:12:15.429] [bmv2] [D] [thread 101557] [43.0] [cxt 0] Parser state 'start': key is 86dd
[09:12:15.429] [bmv2] [T] [thread 101557] [43.0] [cxt 0] Bytes parsed: 14
[09:12:15.429] [bmv2] [D] [thread 101557] [43.0] [cxt 0] Parser 'parser': end
[09:12:15.429] [bmv2] [D] [thread 101557] [43.0] [cxt 0] Pipeline 'ingress': start
[09:12:15.429] [bmv2] [T] [thread 101557] [43.0] [cxt 0] switch.p4(116) Condition "hdr.ipv4.isValid()" (node_2) is false
[09:12:15.429] [bmv2] [D] [thread 101557] [43.0] [cxt 0] Pipeline 'ingress': end
[09:12:15.429] [bmv2] [D] [thread 101557] [43.0] [cxt 0] Egress port is 0
[09:12:15.429] [bmv2] [D] [thread 101558] [43.0] [cxt 0] Pipeline 'egress': start
[09:12:15.429] [bmv2] [D] [thread 101558] [43.0] [cxt 0] Pipeline 'egress': end
[09:12:15.429] [bmv2] [D] [thread 101558] [43.0] [cxt 0] Deparser 'deparser': start
[09:12:15.429] [bmv2] [T] [thread 101558] [43.0] [cxt 0] Skipping checksum 'cksum' update because condition not met
[09:12:15.429] [bmv2] [D] [thread 101558] [43.0] [cxt 0] Deparsing header 'ethernet'
[09:12:15.429] [bmv2] [D] [thread 101558] [43.0] [cxt 0] Deparser 'deparser': end
[09:12:15.429] [bmv2] [D] [thread 101562] [43.0] [cxt 0] Transmitting packet of size 203 out of port 0
[09:12:15.990] [bmv2] [W] [thread 101612] [P4Runtime] p4::tmp::P4DeviceConfig is deprecated
[09:12:15.994] [bmv2] [D] [thread 101612] Set default default entry for table 'MyIngress.ipv4_lpm': MyIngress.drop - 
[09:12:16.000] [bmv2] [D] [thread 101612] simple_switch target has been notified of a config swap
[09:12:16.001] [bmv2] [D] [thread 101612] Set default entry for table 'MyIngress.ipv4_lpm': MyIngress.drop - 
[09:12:16.003] [bmv2] [D] [thread 101613] Entry 0 added to table 'MyIngress.ipv4_lpm'
[09:12:16.003] [bmv2] [D] [thread 101613] Dumping entry 0
Match key:
* hdr.ipv4.dstAddr    : LPM       0a000101/32
Action entry: MyIngress.ipv4_forward - 80000000100,1,

[09:12:16.007] [bmv2] [D] [thread 101612] Entry 1 added to table 'MyIngress.ipv4_lpm'
[09:12:16.007] [bmv2] [D] [thread 101612] Dumping entry 1
Match key:
* hdr.ipv4.dstAddr    : LPM       0a000202/32
Action entry: MyIngress.ipv4_forward - 80000000300,2,

[09:12:16.349] [bmv2] [D] [thread 101557] [44.0] [cxt 0] Processing packet received on port 1
[09:12:16.349] [bmv2] [D] [thread 101557] [44.0] [cxt 0] Parser 'parser': start
[09:12:16.349] [bmv2] [D] [thread 101557] [44.0] [cxt 0] Parser 'parser' entering state 'start'
[09:12:16.349] [bmv2] [D] [thread 101557] [44.0] [cxt 0] Extracting header 'ethernet'
[09:12:16.349] [bmv2] [D] [thread 101557] [44.0] [cxt 0] Parser state 'start': key is 86dd
[09:12:16.349] [bmv2] [T] [thread 101557] [44.0] [cxt 0] Bytes parsed: 14
[09:12:16.349] [bmv2] [D] [thread 101557] [44.0] [cxt 0] Parser 'parser': end
[09:12:16.349] [bmv2] [D] [thread 101557] [44.0] [cxt 0] Pipeline 'ingress': start
[09:12:16.349] [bmv2] [T] [thread 101557] [44.0] [cxt 0] switch.p4(116) Condition "hdr.ipv4.isValid()" (node_2) is false
[09:12:16.349] [bmv2] [D] [thread 101557] [44.0] [cxt 0] Pipeline 'ingress': end
[09:12:16.349] [bmv2] [D] [thread 101557] [44.0] [cxt 0] Egress port is 0
[09:12:16.350] [bmv2] [D] [thread 101558] [44.0] [cxt 0] Pipeline 'egress': start
[09:12:16.352] [bmv2] [D] [thread 101557] [45.0] [cxt 0] Processing packet received on port 2
[09:12:16.352] [bmv2] [D] [thread 101557] [45.0] [cxt 0] Parser 'parser': start
[09:12:16.352] [bmv2] [D] [thread 101557] [45.0] [cxt 0] Parser 'parser' entering state 'start'
[09:12:16.352] [bmv2] [D] [thread 101557] [45.0] [cxt 0] Extracting header 'ethernet'
[09:12:16.352] [bmv2] [D] [thread 101557] [45.0] [cxt 0] Parser state 'start': key is 86dd
[09:12:16.352] [bmv2] [T] [thread 101557] [45.0] [cxt 0] Bytes parsed: 14
[09:12:16.352] [bmv2] [D] [thread 101557] [45.0] [cxt 0] Parser 'parser': end
[09:12:16.352] [bmv2] [D] [thread 101557] [45.0] [cxt 0] Pipeline 'ingress': start
[09:12:16.352] [bmv2] [T] [thread 101557] [45.0] [cxt 0] switch.p4(116) Condition "hdr.ipv4.isValid()" (node_2) is false
[09:12:16.352] [bmv2] [D] [thread 101557] [45.0] [cxt 0] Pipeline 'ingress': end
[09:12:16.352] [bmv2] [D] [thread 101557] [45.0] [cxt 0] Egress port is 0
[09:12:16.352] [bmv2] [D] [thread 101557] [46.0] [cxt 0] Processing packet received on port 1
[09:12:16.352] [bmv2] [D] [thread 101557] [46.0] [cxt 0] Parser 'parser': start
[09:12:16.352] [bmv2] [D] [thread 101557] [46.0] [cxt 0] Parser 'parser' entering state 'start'
[09:12:16.352] [bmv2] [D] [thread 101557] [46.0] [cxt 0] Extracting header 'ethernet'
[09:12:16.352] [bmv2] [D] [thread 101557] [46.0] [cxt 0] Parser state 'start': key is 86dd
[09:12:16.352] [bmv2] [T] [thread 101557] [46.0] [cxt 0] Bytes parsed: 14
[09:12:16.352] [bmv2] [D] [thread 101557] [46.0] [cxt 0] Parser 'parser': end
[09:12:16.352] [bmv2] [D] [thread 101557] [46.0] [cxt 0] Pipeline 'ingress': start
[09:12:16.352] [bmv2] [T] [thread 101557] [46.0] [cxt 0] switch.p4(116) Condition "hdr.ipv4.isValid()" (node_2) is false
[09:12:16.352] [bmv2] [D] [thread 101557] [46.0] [cxt 0] Pipeline 'ingress': end
[09:12:16.352] [bmv2] [D] [thread 101557] [46.0] [cxt 0] Egress port is 0
[09:12:16.352] [bmv2] [D] [thread 101558] [44.0] [cxt 0] Pipeline 'egress': end
[09:12:16.352] [bmv2] [D] [thread 101558] [44.0] [cxt 0] Deparser 'deparser': start
[09:12:16.352] [bmv2] [T] [thread 101558] [44.0] [cxt 0] Skipping checksum 'cksum' update because condition not met
[09:12:16.352] [bmv2] [D] [thread 101558] [44.0] [cxt 0] Deparsing header 'ethernet'
[09:12:16.352] [bmv2] [D] [thread 101558] [44.0] [cxt 0] Deparser 'deparser': end
[09:12:16.352] [bmv2] [D] [thread 101562] [44.0] [cxt 0] Transmitting packet of size 199 out of port 0
[09:12:16.352] [bmv2] [D] [thread 101558] [45.0] [cxt 0] Pipeline 'egress': start
[09:12:16.352] [bmv2] [D] [thread 101558] [45.0] [cxt 0] Pipeline 'egress': end
[09:12:16.352] [bmv2] [D] [thread 101558] [45.0] [cxt 0] Deparser 'deparser': start
[09:12:16.352] [bmv2] [T] [thread 101558] [45.0] [cxt 0] Skipping checksum 'cksum' update because condition not met
[09:12:16.352] [bmv2] [D] [thread 101558] [45.0] [cxt 0] Deparsing header 'ethernet'
[09:12:16.352] [bmv2] [D] [thread 101558] [45.0] [cxt 0] Deparser 'deparser': end
[09:12:16.352] [bmv2] [D] [thread 101562] [45.0] [cxt 0] Transmitting packet of size 199 out of port 0
[09:12:16.352] [bmv2] [D] [thread 101558] [46.0] [cxt 0] Pipeline 'egress': start
[09:12:16.352] [bmv2] [D] [thread 101558] [46.0] [cxt 0] Pipeline 'egress': end
[09:12:16.352] [bmv2] [D] [thread 101558] [46.0] [cxt 0] Deparser 'deparser': start
[09:12:16.352] [bmv2] [T] [thread 101558] [46.0] [cxt 0] Skipping checksum 'cksum' update because condition not met
[09:12:16.352] [bmv2] [D] [thread 101558] [46.0] [cxt 0] Deparsing header 'ethernet'
[09:12:16.352] [bmv2] [D] [thread 101558] [46.0] [cxt 0] Deparser 'deparser': end
[09:12:16.352] [bmv2] [D] [thread 101562] [46.0] [cxt 0] Transmitting packet of size 199 out of port 0
[09:12:16.556] [bmv2] [D] [thread 101557] [47.0] [cxt 0] Processing packet received on port 2
[09:12:16.556] [bmv2] [D] [thread 101557] [47.0] [cxt 0] Parser 'parser': start
[09:12:16.556] [bmv2] [D] [thread 101557] [47.0] [cxt 0] Parser 'parser' entering state 'start'
[09:12:16.556] [bmv2] [D] [thread 101557] [47.0] [cxt 0] Extracting header 'ethernet'
[09:12:16.556] [bmv2] [D] [thread 101557] [47.0] [cxt 0] Parser state 'start': key is 86dd
[09:12:16.556] [bmv2] [T] [thread 101557] [47.0] [cxt 0] Bytes parsed: 14
[09:12:16.556] [bmv2] [D] [thread 101557] [47.0] [cxt 0] Parser 'parser': end
[09:12:16.556] [bmv2] [D] [thread 101557] [47.0] [cxt 0] Pipeline 'ingress': start
[09:12:16.556] [bmv2] [T] [thread 101557] [47.0] [cxt 0] switch.p4(116) Condition "hdr.ipv4.isValid()" (node_2) is false
[09:12:16.556] [bmv2] [D] [thread 101557] [47.0] [cxt 0] Pipeline 'ingress': end
[09:12:16.556] [bmv2] [D] [thread 101557] [47.0] [cxt 0] Egress port is 0
[09:12:16.556] [bmv2] [D] [thread 101558] [47.0] [cxt 0] Pipeline 'egress': start
[09:12:16.561] [bmv2] [D] [thread 101558] [47.0] [cxt 0] Pipeline 'egress': end
[09:12:16.561] [bmv2] [D] [thread 101558] [47.0] [cxt 0] Deparser 'deparser': start
[09:12:16.561] [bmv2] [T] [thread 101558] [47.0] [cxt 0] Skipping checksum 'cksum' update because condition not met
[09:12:16.561] [bmv2] [D] [thread 101558] [47.0] [cxt 0] Deparsing header 'ethernet'
[09:12:16.561] [bmv2] [D] [thread 101558] [47.0] [cxt 0] Deparser 'deparser': end
[09:12:16.561] [bmv2] [D] [thread 101562] [47.0] [cxt 0] Transmitting packet of size 199 out of port 0
[09:12:17.272] [bmv2] [D] [thread 101557] [48.0] [cxt 0] Processing packet received on port 1
[09:12:17.272] [bmv2] [D] [thread 101557] [48.0] [cxt 0] Parser 'parser': start
[09:12:17.272] [bmv2] [D] [thread 101557] [48.0] [cxt 0] Parser 'parser' entering state 'start'
[09:12:17.272] [bmv2] [D] [thread 101557] [48.0] [cxt 0] Extracting header 'ethernet'
[09:12:17.272] [bmv2] [D] [thread 101557] [48.0] [cxt 0] Parser state 'start': key is 86dd
[09:12:17.272] [bmv2] [T] [thread 101557] [48.0] [cxt 0] Bytes parsed: 14
[09:12:17.272] [bmv2] [D] [thread 101557] [48.0] [cxt 0] Parser 'parser': end
[09:12:17.272] [bmv2] [D] [thread 101557] [48.0] [cxt 0] Pipeline 'ingress': start
[09:12:17.272] [bmv2] [T] [thread 101557] [48.0] [cxt 0] switch.p4(116) Condition "hdr.ipv4.isValid()" (node_2) is false
[09:12:17.272] [bmv2] [D] [thread 101557] [48.0] [cxt 0] Pipeline 'ingress': end
[09:12:17.272] [bmv2] [D] [thread 101557] [48.0] [cxt 0] Egress port is 0
[09:12:17.272] [bmv2] [D] [thread 101558] [48.0] [cxt 0] Pipeline 'egress': start
[09:12:17.272] [bmv2] [D] [thread 101558] [48.0] [cxt 0] Pipeline 'egress': end
[09:12:17.272] [bmv2] [D] [thread 101558] [48.0] [cxt 0] Deparser 'deparser': start
[09:12:17.272] [bmv2] [T] [thread 101558] [48.0] [cxt 0] Skipping checksum 'cksum' update because condition not met
[09:12:17.272] [bmv2] [D] [thread 101558] [48.0] [cxt 0] Deparsing header 'ethernet'
[09:12:17.272] [bmv2] [D] [thread 101558] [48.0] [cxt 0] Deparser 'deparser': end
[09:12:17.272] [bmv2] [D] [thread 101562] [48.0] [cxt 0] Transmitting packet of size 203 out of port 0
[09:12:17.276] [bmv2] [D] [thread 101557] [49.0] [cxt 0] Processing packet received on port 2
[09:12:17.276] [bmv2] [D] [thread 101557] [49.0] [cxt 0] Parser 'parser': start
[09:12:17.276] [bmv2] [D] [thread 101557] [49.0] [cxt 0] Parser 'parser' entering state 'start'
[09:12:17.276] [bmv2] [D] [thread 101557] [49.0] [cxt 0] Extracting header 'ethernet'
[09:12:17.276] [bmv2] [D] [thread 101557] [49.0] [cxt 0] Parser state 'start': key is 86dd
[09:12:17.276] [bmv2] [T] [thread 101557] [49.0] [cxt 0] Bytes parsed: 14
[09:12:17.276] [bmv2] [D] [thread 101557] [49.0] [cxt 0] Parser 'parser': end
[09:12:17.276] [bmv2] [D] [thread 101557] [49.0] [cxt 0] Pipeline 'ingress': start
[09:12:17.276] [bmv2] [T] [thread 101557] [49.0] [cxt 0] switch.p4(116) Condition "hdr.ipv4.isValid()" (node_2) is false
[09:12:17.276] [bmv2] [D] [thread 101557] [49.0] [cxt 0] Pipeline 'ingress': end
[09:12:17.276] [bmv2] [D] [thread 101557] [49.0] [cxt 0] Egress port is 0
[09:12:17.276] [bmv2] [D] [thread 101558] [49.0] [cxt 0] Pipeline 'egress': start
[09:12:17.276] [bmv2] [D] [thread 101558] [49.0] [cxt 0] Pipeline 'egress': end
[09:12:17.276] [bmv2] [D] [thread 101558] [49.0] [cxt 0] Deparser 'deparser': start
[09:12:17.276] [bmv2] [T] [thread 101558] [49.0] [cxt 0] Skipping checksum 'cksum' update because condition not met
[09:12:17.276] [bmv2] [D] [thread 101558] [49.0] [cxt 0] Deparsing header 'ethernet'
[09:12:17.276] [bmv2] [D] [thread 101558] [49.0] [cxt 0] Deparser 'deparser': end
[09:12:17.276] [bmv2] [D] [thread 101557] [50.0] [cxt 0] Processing packet received on port 1
[09:12:17.276] [bmv2] [D] [thread 101557] [50.0] [cxt 0] Parser 'parser': start
[09:12:17.276] [bmv2] [D] [thread 101557] [50.0] [cxt 0] Parser 'parser' entering state 'start'
[09:12:17.276] [bmv2] [D] [thread 101557] [50.0] [cxt 0] Extracting header 'ethernet'
[09:12:17.276] [bmv2] [D] [thread 101557] [50.0] [cxt 0] Parser state 'start': key is 86dd
[09:12:17.276] [bmv2] [T] [thread 101557] [50.0] [cxt 0] Bytes parsed: 14
[09:12:17.276] [bmv2] [D] [thread 101557] [50.0] [cxt 0] Parser 'parser': end
[09:12:17.276] [bmv2] [D] [thread 101557] [50.0] [cxt 0] Pipeline 'ingress': start
[09:12:17.276] [bmv2] [T] [thread 101557] [50.0] [cxt 0] switch.p4(116) Condition "hdr.ipv4.isValid()" (node_2) is false
[09:12:17.276] [bmv2] [D] [thread 101557] [50.0] [cxt 0] Pipeline 'ingress': end
[09:12:17.276] [bmv2] [D] [thread 101557] [50.0] [cxt 0] Egress port is 0
[09:12:17.276] [bmv2] [D] [thread 101562] [49.0] [cxt 0] Transmitting packet of size 203 out of port 0
[09:12:17.276] [bmv2] [D] [thread 101558] [50.0] [cxt 0] Pipeline 'egress': start
[09:12:17.276] [bmv2] [D] [thread 101558] [50.0] [cxt 0] Pipeline 'egress': end
[09:12:17.276] [bmv2] [D] [thread 101558] [50.0] [cxt 0] Deparser 'deparser': start
[09:12:17.276] [bmv2] [T] [thread 101558] [50.0] [cxt 0] Skipping checksum 'cksum' update because condition not met
[09:12:17.276] [bmv2] [D] [thread 101558] [50.0] [cxt 0] Deparsing header 'ethernet'
[09:12:17.276] [bmv2] [D] [thread 101558] [50.0] [cxt 0] Deparser 'deparser': end
[09:12:17.276] [bmv2] [D] [thread 101562] [50.0] [cxt 0] Transmitting packet of size 203 out of port 0
[09:12:17.916] [bmv2] [D] [thread 101557] [51.0] [cxt 0] Processing packet received on port 1
[09:12:17.916] [bmv2] [D] [thread 101557] [51.0] [cxt 0] Parser 'parser': start
[09:12:17.916] [bmv2] [D] [thread 101557] [51.0] [cxt 0] Parser 'parser' entering state 'start'
[09:12:17.916] [bmv2] [D] [thread 101557] [51.0] [cxt 0] Extracting header 'ethernet'
[09:12:17.916] [bmv2] [D] [thread 101557] [51.0] [cxt 0] Parser state 'start': key is 86dd
[09:12:17.916] [bmv2] [T] [thread 101557] [51.0] [cxt 0] Bytes parsed: 14
[09:12:17.916] [bmv2] [D] [thread 101557] [51.0] [cxt 0] Parser 'parser': end
[09:12:17.916] [bmv2] [D] [thread 101557] [51.0] [cxt 0] Pipeline 'ingress': start
[09:12:17.916] [bmv2] [T] [thread 101557] [51.0] [cxt 0] switch.p4(116) Condition "hdr.ipv4.isValid()" (node_2) is false
[09:12:17.916] [bmv2] [D] [thread 101557] [51.0] [cxt 0] Pipeline 'ingress': end
[09:12:17.916] [bmv2] [D] [thread 101557] [51.0] [cxt 0] Egress port is 0
[09:12:17.916] [bmv2] [D] [thread 101558] [51.0] [cxt 0] Pipeline 'egress': start
[09:12:17.916] [bmv2] [D] [thread 101558] [51.0] [cxt 0] Pipeline 'egress': end
[09:12:17.916] [bmv2] [D] [thread 101558] [51.0] [cxt 0] Deparser 'deparser': start
[09:12:17.916] [bmv2] [T] [thread 101558] [51.0] [cxt 0] Skipping checksum 'cksum' update because condition not met
[09:12:17.916] [bmv2] [D] [thread 101558] [51.0] [cxt 0] Deparsing header 'ethernet'
[09:12:17.916] [bmv2] [D] [thread 101558] [51.0] [cxt 0] Deparser 'deparser': end
[09:12:17.916] [bmv2] [D] [thread 101562] [51.0] [cxt 0] Transmitting packet of size 70 out of port 0
[09:12:18.215] [bmv2] [D] [thread 101557] [52.0] [cxt 0] Processing packet received on port 2
[09:12:18.215] [bmv2] [D] [thread 101557] [52.0] [cxt 0] Parser 'parser': start
[09:12:18.215] [bmv2] [D] [thread 101557] [52.0] [cxt 0] Parser 'parser' entering state 'start'
[09:12:18.215] [bmv2] [D] [thread 101557] [52.0] [cxt 0] Extracting header 'ethernet'
[09:12:18.215] [bmv2] [D] [thread 101557] [52.0] [cxt 0] Parser state 'start': key is 86dd
[09:12:18.215] [bmv2] [T] [thread 101557] [52.0] [cxt 0] Bytes parsed: 14
[09:12:18.215] [bmv2] [D] [thread 101557] [52.0] [cxt 0] Parser 'parser': end
[09:12:18.215] [bmv2] [D] [thread 101557] [52.0] [cxt 0] Pipeline 'ingress': start
[09:12:18.215] [bmv2] [T] [thread 101557] [52.0] [cxt 0] switch.p4(116) Condition "hdr.ipv4.isValid()" (node_2) is false
[09:12:18.215] [bmv2] [D] [thread 101557] [52.0] [cxt 0] Pipeline 'ingress': end
[09:12:18.215] [bmv2] [D] [thread 101557] [52.0] [cxt 0] Egress port is 0
[09:12:18.220] [bmv2] [D] [thread 101558] [52.0] [cxt 0] Pipeline 'egress': start
[09:12:18.220] [bmv2] [D] [thread 101558] [52.0] [cxt 0] Pipeline 'egress': end
[09:12:18.220] [bmv2] [D] [thread 101558] [52.0] [cxt 0] Deparser 'deparser': start
[09:12:18.220] [bmv2] [T] [thread 101558] [52.0] [cxt 0] Skipping checksum 'cksum' update because condition not met
[09:12:18.220] [bmv2] [D] [thread 101558] [52.0] [cxt 0] Deparsing header 'ethernet'
[09:12:18.220] [bmv2] [D] [thread 101558] [52.0] [cxt 0] Deparser 'deparser': end
[09:12:18.220] [bmv2] [D] [thread 101562] [52.0] [cxt 0] Transmitting packet of size 70 out of port 0
[09:12:18.426] [bmv2] [D] [thread 101557] [53.0] [cxt 0] Processing packet received on port 2
[09:12:18.426] [bmv2] [D] [thread 101557] [53.0] [cxt 0] Parser 'parser': start
[09:12:18.426] [bmv2] [D] [thread 101557] [53.0] [cxt 0] Parser 'parser' entering state 'start'
[09:12:18.426] [bmv2] [D] [thread 101557] [53.0] [cxt 0] Extracting header 'ethernet'
[09:12:18.426] [bmv2] [D] [thread 101557] [53.0] [cxt 0] Parser state 'start': key is 86dd
[09:12:18.426] [bmv2] [T] [thread 101557] [53.0] [cxt 0] Bytes parsed: 14
[09:12:18.426] [bmv2] [D] [thread 101557] [53.0] [cxt 0] Parser 'parser': end
[09:12:18.426] [bmv2] [D] [thread 101557] [53.0] [cxt 0] Pipeline 'ingress': start
[09:12:18.426] [bmv2] [T] [thread 101557] [53.0] [cxt 0] switch.p4(116) Condition "hdr.ipv4.isValid()" (node_2) is false
[09:12:18.426] [bmv2] [D] [thread 101557] [53.0] [cxt 0] Pipeline 'ingress': end
[09:12:18.426] [bmv2] [D] [thread 101557] [53.0] [cxt 0] Egress port is 0
[09:12:18.426] [bmv2] [D] [thread 101558] [53.0] [cxt 0] Pipeline 'egress': start
[09:12:18.426] [bmv2] [D] [thread 101558] [53.0] [cxt 0] Pipeline 'egress': end
[09:12:18.426] [bmv2] [D] [thread 101558] [53.0] [cxt 0] Deparser 'deparser': start
[09:12:18.426] [bmv2] [T] [thread 101558] [53.0] [cxt 0] Skipping checksum 'cksum' update because condition not met
[09:12:18.426] [bmv2] [D] [thread 101558] [53.0] [cxt 0] Deparsing header 'ethernet'
[09:12:18.426] [bmv2] [D] [thread 101558] [53.0] [cxt 0] Deparser 'deparser': end
[09:12:18.426] [bmv2] [D] [thread 101562] [53.0] [cxt 0] Transmitting packet of size 70 out of port 0
[09:12:18.557] [bmv2] [D] [thread 101557] [54.0] [cxt 0] Processing packet received on port 1
[09:12:18.559] [bmv2] [D] [thread 101557] [54.0] [cxt 0] Parser 'parser': start
[09:12:18.559] [bmv2] [D] [thread 101557] [54.0] [cxt 0] Parser 'parser' entering state 'start'
[09:12:18.559] [bmv2] [D] [thread 101557] [54.0] [cxt 0] Extracting header 'ethernet'
[09:12:18.559] [bmv2] [D] [thread 101557] [54.0] [cxt 0] Parser state 'start': key is 86dd
[09:12:18.559] [bmv2] [T] [thread 101557] [54.0] [cxt 0] Bytes parsed: 14
[09:12:18.559] [bmv2] [D] [thread 101557] [54.0] [cxt 0] Parser 'parser': end
[09:12:18.559] [bmv2] [D] [thread 101557] [54.0] [cxt 0] Pipeline 'ingress': start
[09:12:18.559] [bmv2] [T] [thread 101557] [54.0] [cxt 0] switch.p4(116) Condition "hdr.ipv4.isValid()" (node_2) is false
[09:12:18.559] [bmv2] [D] [thread 101557] [54.0] [cxt 0] Pipeline 'ingress': end
[09:12:18.559] [bmv2] [D] [thread 101557] [54.0] [cxt 0] Egress port is 0
[09:12:18.559] [bmv2] [D] [thread 101558] [54.0] [cxt 0] Pipeline 'egress': start
[09:12:18.559] [bmv2] [D] [thread 101558] [54.0] [cxt 0] Pipeline 'egress': end
[09:12:18.559] [bmv2] [D] [thread 101558] [54.0] [cxt 0] Deparser 'deparser': start
[09:12:18.559] [bmv2] [T] [thread 101558] [54.0] [cxt 0] Skipping checksum 'cksum' update because condition not met
[09:12:18.559] [bmv2] [D] [thread 101558] [54.0] [cxt 0] Deparsing header 'ethernet'
[09:12:18.559] [bmv2] [D] [thread 101558] [54.0] [cxt 0] Deparser 'deparser': end
[09:12:18.559] [bmv2] [D] [thread 101562] [54.0] [cxt 0] Transmitting packet of size 199 out of port 0
[09:12:18.559] [bmv2] [D] [thread 101557] [55.0] [cxt 0] Processing packet received on port 1
[09:12:18.559] [bmv2] [D] [thread 101557] [55.0] [cxt 0] Parser 'parser': start
[09:12:18.559] [bmv2] [D] [thread 101557] [55.0] [cxt 0] Parser 'parser' entering state 'start'
[09:12:18.559] [bmv2] [D] [thread 101557] [55.0] [cxt 0] Extracting header 'ethernet'
[09:12:18.559] [bmv2] [D] [thread 101557] [55.0] [cxt 0] Parser state 'start': key is 86dd
[09:12:18.559] [bmv2] [T] [thread 101557] [55.0] [cxt 0] Bytes parsed: 14
[09:12:18.559] [bmv2] [D] [thread 101557] [55.0] [cxt 0] Parser 'parser': end
[09:12:18.559] [bmv2] [D] [thread 101557] [55.0] [cxt 0] Pipeline 'ingress': start
[09:12:18.559] [bmv2] [T] [thread 101557] [55.0] [cxt 0] switch.p4(116) Condition "hdr.ipv4.isValid()" (node_2) is false
[09:12:18.559] [bmv2] [D] [thread 101557] [55.0] [cxt 0] Pipeline 'ingress': end
[09:12:18.559] [bmv2] [D] [thread 101557] [55.0] [cxt 0] Egress port is 0
[09:12:18.559] [bmv2] [D] [thread 101558] [55.0] [cxt 0] Pipeline 'egress': start
[09:12:18.559] [bmv2] [D] [thread 101558] [55.0] [cxt 0] Pipeline 'egress': end
[09:12:18.559] [bmv2] [D] [thread 101558] [55.0] [cxt 0] Deparser 'deparser': start
[09:12:18.559] [bmv2] [T] [thread 101558] [55.0] [cxt 0] Skipping checksum 'cksum' update because condition not met
[09:12:18.559] [bmv2] [D] [thread 101558] [55.0] [cxt 0] Deparsing header 'ethernet'
[09:12:18.559] [bmv2] [D] [thread 101558] [55.0] [cxt 0] Deparser 'deparser': end
[09:12:18.559] [bmv2] [D] [thread 101562] [55.0] [cxt 0] Transmitting packet of size 199 out of port 0
[09:12:18.559] [bmv2] [D] [thread 101557] [56.0] [cxt 0] Processing packet received on port 2
[09:12:18.559] [bmv2] [D] [thread 101557] [56.0] [cxt 0] Parser 'parser': start
[09:12:18.559] [bmv2] [D] [thread 101557] [56.0] [cxt 0] Parser 'parser' entering state 'start'
[09:12:18.559] [bmv2] [D] [thread 101557] [56.0] [cxt 0] Extracting header 'ethernet'
[09:12:18.559] [bmv2] [D] [thread 101557] [56.0] [cxt 0] Parser state 'start': key is 86dd
[09:12:18.559] [bmv2] [T] [thread 101557] [56.0] [cxt 0] Bytes parsed: 14
[09:12:18.559] [bmv2] [D] [thread 101557] [56.0] [cxt 0] Parser 'parser': end
[09:12:18.559] [bmv2] [D] [thread 101557] [56.0] [cxt 0] Pipeline 'ingress': start
[09:12:18.559] [bmv2] [T] [thread 101557] [56.0] [cxt 0] switch.p4(116) Condition "hdr.ipv4.isValid()" (node_2) is false
[09:12:18.559] [bmv2] [D] [thread 101557] [56.0] [cxt 0] Pipeline 'ingress': end
[09:12:18.559] [bmv2] [D] [thread 101557] [56.0] [cxt 0] Egress port is 0
[09:12:18.559] [bmv2] [D] [thread 101558] [56.0] [cxt 0] Pipeline 'egress': start
[09:12:18.559] [bmv2] [D] [thread 101558] [56.0] [cxt 0] Pipeline 'egress': end
[09:12:18.559] [bmv2] [D] [thread 101558] [56.0] [cxt 0] Deparser 'deparser': start
[09:12:18.559] [bmv2] [T] [thread 101558] [56.0] [cxt 0] Skipping checksum 'cksum' update because condition not met
[09:12:18.559] [bmv2] [D] [thread 101558] [56.0] [cxt 0] Deparsing header 'ethernet'
[09:12:18.559] [bmv2] [D] [thread 101558] [56.0] [cxt 0] Deparser 'deparser': end
[09:12:18.559] [bmv2] [D] [thread 101562] [56.0] [cxt 0] Transmitting packet of size 199 out of port 0
[09:12:18.755] [bmv2] [D] [thread 101557] [57.0] [cxt 0] Processing packet received on port 2
[09:12:18.755] [bmv2] [D] [thread 101557] [57.0] [cxt 0] Parser 'parser': start
[09:12:18.755] [bmv2] [D] [thread 101557] [57.0] [cxt 0] Parser 'parser' entering state 'start'
[09:12:18.755] [bmv2] [D] [thread 101557] [57.0] [cxt 0] Extracting header 'ethernet'
[09:12:18.755] [bmv2] [D] [thread 101557] [57.0] [cxt 0] Parser state 'start': key is 86dd
[09:12:18.755] [bmv2] [T] [thread 101557] [57.0] [cxt 0] Bytes parsed: 14
[09:12:18.755] [bmv2] [D] [thread 101557] [57.0] [cxt 0] Parser 'parser': end
[09:12:18.755] [bmv2] [D] [thread 101557] [57.0] [cxt 0] Pipeline 'ingress': start
[09:12:18.755] [bmv2] [T] [thread 101557] [57.0] [cxt 0] switch.p4(116) Condition "hdr.ipv4.isValid()" (node_2) is false
[09:12:18.755] [bmv2] [D] [thread 101557] [57.0] [cxt 0] Pipeline 'ingress': end
[09:12:18.755] [bmv2] [D] [thread 101557] [57.0] [cxt 0] Egress port is 0
[09:12:18.755] [bmv2] [D] [thread 101558] [57.0] [cxt 0] Pipeline 'egress': start
[09:12:18.755] [bmv2] [D] [thread 101558] [57.0] [cxt 0] Pipeline 'egress': end
[09:12:18.755] [bmv2] [D] [thread 101558] [57.0] [cxt 0] Deparser 'deparser': start
[09:12:18.755] [bmv2] [T] [thread 101558] [57.0] [cxt 0] Skipping checksum 'cksum' update because condition not met
[09:12:18.755] [bmv2] [D] [thread 101558] [57.0] [cxt 0] Deparsing header 'ethernet'
[09:12:18.755] [bmv2] [D] [thread 101558] [57.0] [cxt 0] Deparser 'deparser': end
[09:12:18.755] [bmv2] [D] [thread 101562] [57.0] [cxt 0] Transmitting packet of size 199 out of port 0
[09:12:18.937] [bmv2] [D] [thread 101557] [58.0] [cxt 0] Processing packet received on port 1
[09:12:18.937] [bmv2] [D] [thread 101557] [58.0] [cxt 0] Parser 'parser': start
[09:12:18.937] [bmv2] [D] [thread 101557] [58.0] [cxt 0] Parser 'parser' entering state 'start'
[09:12:18.937] [bmv2] [D] [thread 101557] [58.0] [cxt 0] Extracting header 'ethernet'
[09:12:18.937] [bmv2] [D] [thread 101557] [58.0] [cxt 0] Parser state 'start': key is 86dd
[09:12:18.937] [bmv2] [T] [thread 101557] [58.0] [cxt 0] Bytes parsed: 14
[09:12:18.937] [bmv2] [D] [thread 101557] [58.0] [cxt 0] Parser 'parser': end
[09:12:18.937] [bmv2] [D] [thread 101557] [58.0] [cxt 0] Pipeline 'ingress': start
[09:12:18.937] [bmv2] [T] [thread 101557] [58.0] [cxt 0] switch.p4(116) Condition "hdr.ipv4.isValid()" (node_2) is false
[09:12:18.937] [bmv2] [D] [thread 101557] [58.0] [cxt 0] Pipeline 'ingress': end
[09:12:18.937] [bmv2] [D] [thread 101557] [58.0] [cxt 0] Egress port is 0
[09:12:18.937] [bmv2] [D] [thread 101558] [58.0] [cxt 0] Pipeline 'egress': start
[09:12:18.937] [bmv2] [D] [thread 101558] [58.0] [cxt 0] Pipeline 'egress': end
[09:12:18.937] [bmv2] [D] [thread 101558] [58.0] [cxt 0] Deparser 'deparser': start
[09:12:18.937] [bmv2] [T] [thread 101558] [58.0] [cxt 0] Skipping checksum 'cksum' update because condition not met
[09:12:18.937] [bmv2] [D] [thread 101558] [58.0] [cxt 0] Deparsing header 'ethernet'
[09:12:18.937] [bmv2] [D] [thread 101558] [58.0] [cxt 0] Deparser 'deparser': end
[09:12:18.937] [bmv2] [D] [thread 101562] [58.0] [cxt 0] Transmitting packet of size 70 out of port 0
[09:12:19.147] [bmv2] [D] [thread 101557] [59.0] [cxt 0] Processing packet received on port 1
[09:12:19.147] [bmv2] [D] [thread 101557] [59.0] [cxt 0] Parser 'parser': start
[09:12:19.147] [bmv2] [D] [thread 101557] [59.0] [cxt 0] Parser 'parser' entering state 'start'
[09:12:19.147] [bmv2] [D] [thread 101557] [59.0] [cxt 0] Extracting header 'ethernet'
[09:12:19.147] [bmv2] [D] [thread 101557] [59.0] [cxt 0] Parser state 'start': key is 0800
[09:12:19.147] [bmv2] [T] [thread 101557] [59.0] [cxt 0] Bytes parsed: 14
[09:12:19.147] [bmv2] [D] [thread 101557] [59.0] [cxt 0] Parser 'parser' entering state 'parse_ipv4'
[09:12:19.147] [bmv2] [D] [thread 101557] [59.0] [cxt 0] Extracting header 'ipv4'
[09:12:19.147] [bmv2] [D] [thread 101557] [59.0] [cxt 0] Parser state 'parse_ipv4' has no switch, going to default next state
[09:12:19.147] [bmv2] [T] [thread 101557] [59.0] [cxt 0] Bytes parsed: 34
[09:12:19.147] [bmv2] [D] [thread 101557] [59.0] [cxt 0] Parser 'parser': end
[09:12:19.147] [bmv2] [D] [thread 101557] [59.0] [cxt 0] Pipeline 'ingress': start
[09:12:19.147] [bmv2] [T] [thread 101557] [59.0] [cxt 0] switch.p4(116) Condition "hdr.ipv4.isValid()" (node_2) is true
[09:12:19.147] [bmv2] [T] [thread 101557] [59.0] [cxt 0] Applying table 'MyIngress.ipv4_lpm'
[09:12:19.147] [bmv2] [D] [thread 101557] [59.0] [cxt 0] Looking up key:
* hdr.ipv4.dstAddr    : 0a000202

[09:12:19.147] [bmv2] [D] [thread 101557] [59.0] [cxt 0] Table 'MyIngress.ipv4_lpm': hit with handle 1
[09:12:19.147] [bmv2] [D] [thread 101557] [59.0] [cxt 0] Dumping entry 1
Match key:
* hdr.ipv4.dstAddr    : LPM       0a000202/32
Action entry: MyIngress.ipv4_forward - 80000000300,2,

[09:12:19.148] [bmv2] [D] [thread 101557] [59.0] [cxt 0] Action entry is MyIngress.ipv4_forward - 80000000300,2,
[09:12:19.148] [bmv2] [T] [thread 101557] [59.0] [cxt 0] Action MyIngress.ipv4_forward
[09:12:19.148] [bmv2] [T] [thread 101557] [59.0] [cxt 0] switch.p4(96) Primitive standard_metadata.egress_spec = port
[09:12:19.148] [bmv2] [T] [thread 101557] [59.0] [cxt 0] switch.p4(97) Primitive hdr.ethernet.srcAddr = hdr.ethernet.dstAddr
[09:12:19.148] [bmv2] [T] [thread 101557] [59.0] [cxt 0] switch.p4(98) Primitive hdr.ethernet.dstAddr = dstAddr
[09:12:19.148] [bmv2] [T] [thread 101557] [59.0] [cxt 0] switch.p4(99) Primitive hdr.ipv4.ttl = hdr.ipv4.ttl - 1
[09:12:19.148] [bmv2] [D] [thread 101557] [59.0] [cxt 0] Pipeline 'ingress': end
[09:12:19.148] [bmv2] [D] [thread 101557] [59.0] [cxt 0] Egress port is 2
[09:12:19.148] [bmv2] [D] [thread 101560] [59.0] [cxt 0] Pipeline 'egress': start
[09:12:19.148] [bmv2] [D] [thread 101560] [59.0] [cxt 0] Pipeline 'egress': end
[09:12:19.148] [bmv2] [D] [thread 101560] [59.0] [cxt 0] Deparser 'deparser': start
[09:12:19.148] [bmv2] [D] [thread 101560] [59.0] [cxt 0] Updating checksum 'cksum'
[09:12:19.148] [bmv2] [D] [thread 101560] [59.0] [cxt 0] Deparsing header 'ethernet'
[09:12:19.148] [bmv2] [D] [thread 101560] [59.0] [cxt 0] Deparsing header 'ipv4'
[09:12:19.148] [bmv2] [D] [thread 101560] [59.0] [cxt 0] Deparser 'deparser': end
[09:12:19.148] [bmv2] [D] [thread 101562] [59.0] [cxt 0] Transmitting packet of size 48 out of port 2
[09:12:19.151] [bmv2] [D] [thread 101557] [60.0] [cxt 0] Processing packet received on port 2
[09:12:19.151] [bmv2] [D] [thread 101557] [60.0] [cxt 0] Parser 'parser': start
[09:12:19.151] [bmv2] [D] [thread 101557] [60.0] [cxt 0] Parser 'parser' entering state 'start'
[09:12:19.151] [bmv2] [D] [thread 101557] [60.0] [cxt 0] Extracting header 'ethernet'
[09:12:19.151] [bmv2] [D] [thread 101557] [60.0] [cxt 0] Parser state 'start': key is 0800
[09:12:19.151] [bmv2] [T] [thread 101557] [60.0] [cxt 0] Bytes parsed: 14
[09:12:19.151] [bmv2] [D] [thread 101557] [60.0] [cxt 0] Parser 'parser' entering state 'parse_ipv4'
[09:12:19.151] [bmv2] [D] [thread 101557] [60.0] [cxt 0] Extracting header 'ipv4'
[09:12:19.151] [bmv2] [D] [thread 101557] [60.0] [cxt 0] Parser state 'parse_ipv4' has no switch, going to default next state
[09:12:19.151] [bmv2] [T] [thread 101557] [60.0] [cxt 0] Bytes parsed: 34
[09:12:19.151] [bmv2] [D] [thread 101557] [60.0] [cxt 0] Parser 'parser': end
[09:12:19.151] [bmv2] [D] [thread 101557] [60.0] [cxt 0] Pipeline 'ingress': start
[09:12:19.151] [bmv2] [T] [thread 101557] [60.0] [cxt 0] switch.p4(116) Condition "hdr.ipv4.isValid()" (node_2) is true
[09:12:19.151] [bmv2] [T] [thread 101557] [60.0] [cxt 0] Applying table 'MyIngress.ipv4_lpm'
[09:12:19.151] [bmv2] [D] [thread 101557] [60.0] [cxt 0] Looking up key:
* hdr.ipv4.dstAddr    : 0a000101

[09:12:19.151] [bmv2] [D] [thread 101557] [60.0] [cxt 0] Table 'MyIngress.ipv4_lpm': hit with handle 0
[09:12:19.151] [bmv2] [D] [thread 101557] [60.0] [cxt 0] Dumping entry 0
Match key:
* hdr.ipv4.dstAddr    : LPM       0a000101/32
Action entry: MyIngress.ipv4_forward - 80000000100,1,

[09:12:19.151] [bmv2] [D] [thread 101557] [60.0] [cxt 0] Action entry is MyIngress.ipv4_forward - 80000000100,1,
[09:12:19.151] [bmv2] [T] [thread 101557] [60.0] [cxt 0] Action MyIngress.ipv4_forward
[09:12:19.151] [bmv2] [T] [thread 101557] [60.0] [cxt 0] switch.p4(96) Primitive standard_metadata.egress_spec = port
[09:12:19.151] [bmv2] [T] [thread 101557] [60.0] [cxt 0] switch.p4(97) Primitive hdr.ethernet.srcAddr = hdr.ethernet.dstAddr
[09:12:19.151] [bmv2] [T] [thread 101557] [60.0] [cxt 0] switch.p4(98) Primitive hdr.ethernet.dstAddr = dstAddr
[09:12:19.151] [bmv2] [T] [thread 101557] [60.0] [cxt 0] switch.p4(99) Primitive hdr.ipv4.ttl = hdr.ipv4.ttl - 1
[09:12:19.151] [bmv2] [D] [thread 101557] [60.0] [cxt 0] Pipeline 'ingress': end
[09:12:19.151] [bmv2] [D] [thread 101557] [60.0] [cxt 0] Egress port is 1
[09:12:19.151] [bmv2] [D] [thread 101559] [60.0] [cxt 0] Pipeline 'egress': start
[09:12:19.151] [bmv2] [D] [thread 101559] [60.0] [cxt 0] Pipeline 'egress': end
[09:12:19.151] [bmv2] [D] [thread 101559] [60.0] [cxt 0] Deparser 'deparser': start
[09:12:19.151] [bmv2] [D] [thread 101559] [60.0] [cxt 0] Updating checksum 'cksum'
[09:12:19.151] [bmv2] [D] [thread 101559] [60.0] [cxt 0] Deparsing header 'ethernet'
[09:12:19.151] [bmv2] [D] [thread 101559] [60.0] [cxt 0] Deparsing header 'ipv4'
[09:12:19.151] [bmv2] [D] [thread 101559] [60.0] [cxt 0] Deparser 'deparser': end
[09:12:19.151] [bmv2] [D] [thread 101562] [60.0] [cxt 0] Transmitting packet of size 76 out of port 1
[09:12:19.176] [bmv2] [D] [thread 101557] [61.0] [cxt 0] Processing packet received on port 2
[09:12:19.176] [bmv2] [D] [thread 101557] [61.0] [cxt 0] Parser 'parser': start
[09:12:19.176] [bmv2] [D] [thread 101557] [61.0] [cxt 0] Parser 'parser' entering state 'start'
[09:12:19.176] [bmv2] [D] [thread 101557] [61.0] [cxt 0] Extracting header 'ethernet'
[09:12:19.176] [bmv2] [D] [thread 101557] [61.0] [cxt 0] Parser state 'start': key is 0800
[09:12:19.176] [bmv2] [T] [thread 101557] [61.0] [cxt 0] Bytes parsed: 14
[09:12:19.176] [bmv2] [D] [thread 101557] [61.0] [cxt 0] Parser 'parser' entering state 'parse_ipv4'
[09:12:19.176] [bmv2] [D] [thread 101557] [61.0] [cxt 0] Extracting header 'ipv4'
[09:12:19.176] [bmv2] [D] [thread 101557] [61.0] [cxt 0] Parser state 'parse_ipv4' has no switch, going to default next state
[09:12:19.176] [bmv2] [T] [thread 101557] [61.0] [cxt 0] Bytes parsed: 34
[09:12:19.176] [bmv2] [D] [thread 101557] [61.0] [cxt 0] Parser 'parser': end
[09:12:19.176] [bmv2] [D] [thread 101557] [61.0] [cxt 0] Pipeline 'ingress': start
[09:12:19.176] [bmv2] [T] [thread 101557] [61.0] [cxt 0] switch.p4(116) Condition "hdr.ipv4.isValid()" (node_2) is true
[09:12:19.176] [bmv2] [T] [thread 101557] [61.0] [cxt 0] Applying table 'MyIngress.ipv4_lpm'
[09:12:19.176] [bmv2] [D] [thread 101557] [61.0] [cxt 0] Looking up key:
* hdr.ipv4.dstAddr    : 0a000101

[09:12:19.176] [bmv2] [D] [thread 101557] [61.0] [cxt 0] Table 'MyIngress.ipv4_lpm': hit with handle 0
[09:12:19.176] [bmv2] [D] [thread 101557] [61.0] [cxt 0] Dumping entry 0
Match key:
* hdr.ipv4.dstAddr    : LPM       0a000101/32
Action entry: MyIngress.ipv4_forward - 80000000100,1,

[09:12:19.176] [bmv2] [D] [thread 101557] [61.0] [cxt 0] Action entry is MyIngress.ipv4_forward - 80000000100,1,
[09:12:19.176] [bmv2] [T] [thread 101557] [61.0] [cxt 0] Action MyIngress.ipv4_forward
[09:12:19.176] [bmv2] [T] [thread 101557] [61.0] [cxt 0] switch.p4(96) Primitive standard_metadata.egress_spec = port
[09:12:19.176] [bmv2] [T] [thread 101557] [61.0] [cxt 0] switch.p4(97) Primitive hdr.ethernet.srcAddr = hdr.ethernet.dstAddr
[09:12:19.176] [bmv2] [T] [thread 101557] [61.0] [cxt 0] switch.p4(98) Primitive hdr.ethernet.dstAddr = dstAddr
[09:12:19.176] [bmv2] [T] [thread 101557] [61.0] [cxt 0] switch.p4(99) Primitive hdr.ipv4.ttl = hdr.ipv4.ttl - 1
[09:12:19.176] [bmv2] [D] [thread 101557] [61.0] [cxt 0] Pipeline 'ingress': end
[09:12:19.176] [bmv2] [D] [thread 101557] [61.0] [cxt 0] Egress port is 1
[09:12:19.176] [bmv2] [D] [thread 101559] [61.0] [cxt 0] Pipeline 'egress': start
[09:12:19.176] [bmv2] [D] [thread 101559] [61.0] [cxt 0] Pipeline 'egress': end
[09:12:19.176] [bmv2] [D] [thread 101559] [61.0] [cxt 0] Deparser 'deparser': start
[09:12:19.176] [bmv2] [D] [thread 101559] [61.0] [cxt 0] Updating checksum 'cksum'
[09:12:19.176] [bmv2] [D] [thread 101559] [61.0] [cxt 0] Deparsing header 'ethernet'
[09:12:19.176] [bmv2] [D] [thread 101559] [61.0] [cxt 0] Deparsing header 'ipv4'
[09:12:19.176] [bmv2] [D] [thread 101559] [61.0] [cxt 0] Deparser 'deparser': end
[09:12:19.176] [bmv2] [D] [thread 101562] [61.0] [cxt 0] Transmitting packet of size 308 out of port 1
[09:12:19.181] [bmv2] [D] [thread 101557] [62.0] [cxt 0] Processing packet received on port 1
[09:12:19.181] [bmv2] [D] [thread 101557] [62.0] [cxt 0] Parser 'parser': start
[09:12:19.181] [bmv2] [D] [thread 101557] [62.0] [cxt 0] Parser 'parser' entering state 'start'
[09:12:19.181] [bmv2] [D] [thread 101557] [62.0] [cxt 0] Extracting header 'ethernet'
[09:12:19.181] [bmv2] [D] [thread 101557] [62.0] [cxt 0] Parser state 'start': key is 0800
[09:12:19.181] [bmv2] [T] [thread 101557] [62.0] [cxt 0] Bytes parsed: 14
[09:12:19.181] [bmv2] [D] [thread 101557] [62.0] [cxt 0] Parser 'parser' entering state 'parse_ipv4'
[09:12:19.181] [bmv2] [D] [thread 101557] [62.0] [cxt 0] Extracting header 'ipv4'
[09:12:19.181] [bmv2] [D] [thread 101557] [62.0] [cxt 0] Parser state 'parse_ipv4' has no switch, going to default next state
[09:12:19.181] [bmv2] [T] [thread 101557] [62.0] [cxt 0] Bytes parsed: 34
[09:12:19.181] [bmv2] [D] [thread 101557] [62.0] [cxt 0] Parser 'parser': end
[09:12:19.181] [bmv2] [D] [thread 101557] [62.0] [cxt 0] Pipeline 'ingress': start
[09:12:19.181] [bmv2] [T] [thread 101557] [62.0] [cxt 0] switch.p4(116) Condition "hdr.ipv4.isValid()" (node_2) is true
[09:12:19.181] [bmv2] [T] [thread 101557] [62.0] [cxt 0] Applying table 'MyIngress.ipv4_lpm'
[09:12:19.181] [bmv2] [D] [thread 101557] [62.0] [cxt 0] Looking up key:
* hdr.ipv4.dstAddr    : 0a000202

[09:12:19.181] [bmv2] [D] [thread 101557] [62.0] [cxt 0] Table 'MyIngress.ipv4_lpm': hit with handle 1
[09:12:19.181] [bmv2] [D] [thread 101557] [62.0] [cxt 0] Dumping entry 1
Match key:
* hdr.ipv4.dstAddr    : LPM       0a000202/32
Action entry: MyIngress.ipv4_forward - 80000000300,2,

[09:12:19.181] [bmv2] [D] [thread 101557] [62.0] [cxt 0] Action entry is MyIngress.ipv4_forward - 80000000300,2,
[09:12:19.181] [bmv2] [T] [thread 101557] [62.0] [cxt 0] Action MyIngress.ipv4_forward
[09:12:19.181] [bmv2] [T] [thread 101557] [62.0] [cxt 0] switch.p4(96) Primitive standard_metadata.egress_spec = port
[09:12:19.181] [bmv2] [T] [thread 101557] [62.0] [cxt 0] switch.p4(97) Primitive hdr.ethernet.srcAddr = hdr.ethernet.dstAddr
[09:12:19.181] [bmv2] [T] [thread 101557] [62.0] [cxt 0] switch.p4(98) Primitive hdr.ethernet.dstAddr = dstAddr
[09:12:19.181] [bmv2] [T] [thread 101557] [62.0] [cxt 0] switch.p4(99) Primitive hdr.ipv4.ttl = hdr.ipv4.ttl - 1
[09:12:19.181] [bmv2] [D] [thread 101557] [62.0] [cxt 0] Pipeline 'ingress': end
[09:12:19.181] [bmv2] [D] [thread 101557] [62.0] [cxt 0] Egress port is 2
[09:12:19.181] [bmv2] [D] [thread 101560] [62.0] [cxt 0] Pipeline 'egress': start
[09:12:19.181] [bmv2] [D] [thread 101560] [62.0] [cxt 0] Pipeline 'egress': end
[09:12:19.181] [bmv2] [D] [thread 101560] [62.0] [cxt 0] Deparser 'deparser': start
[09:12:19.181] [bmv2] [D] [thread 101560] [62.0] [cxt 0] Updating checksum 'cksum'
[09:12:19.181] [bmv2] [D] [thread 101560] [62.0] [cxt 0] Deparsing header 'ethernet'
[09:12:19.181] [bmv2] [D] [thread 101560] [62.0] [cxt 0] Deparsing header 'ipv4'
[09:12:19.181] [bmv2] [D] [thread 101560] [62.0] [cxt 0] Deparser 'deparser': end
[09:12:19.181] [bmv2] [D] [thread 101562] [62.0] [cxt 0] Transmitting packet of size 336 out of port 2
[09:12:19.994] [bmv2] [D] [thread 101557] [63.0] [cxt 0] Processing packet received on port 1
[09:12:19.994] [bmv2] [D] [thread 101557] [63.0] [cxt 0] Parser 'parser': start
[09:12:19.994] [bmv2] [D] [thread 101557] [63.0] [cxt 0] Parser 'parser' entering state 'start'
[09:12:19.994] [bmv2] [D] [thread 101557] [63.0] [cxt 0] Extracting header 'ethernet'
[09:12:19.994] [bmv2] [D] [thread 101557] [63.0] [cxt 0] Parser state 'start': key is 0800
[09:12:19.994] [bmv2] [T] [thread 101557] [63.0] [cxt 0] Bytes parsed: 14
[09:12:19.994] [bmv2] [D] [thread 101557] [63.0] [cxt 0] Parser 'parser' entering state 'parse_ipv4'
[09:12:19.994] [bmv2] [D] [thread 101557] [63.0] [cxt 0] Extracting header 'ipv4'
[09:12:19.994] [bmv2] [D] [thread 101557] [63.0] [cxt 0] Parser state 'parse_ipv4' has no switch, going to default next state
[09:12:19.994] [bmv2] [T] [thread 101557] [63.0] [cxt 0] Bytes parsed: 34
[09:12:19.994] [bmv2] [D] [thread 101557] [63.0] [cxt 0] Parser 'parser': end
[09:12:19.994] [bmv2] [D] [thread 101557] [63.0] [cxt 0] Pipeline 'ingress': start
[09:12:19.994] [bmv2] [T] [thread 101557] [63.0] [cxt 0] switch.p4(116) Condition "hdr.ipv4.isValid()" (node_2) is true
[09:12:19.994] [bmv2] [T] [thread 101557] [63.0] [cxt 0] Applying table 'MyIngress.ipv4_lpm'
[09:12:19.994] [bmv2] [D] [thread 101557] [63.0] [cxt 0] Looking up key:
* hdr.ipv4.dstAddr    : 0a000202

[09:12:19.994] [bmv2] [D] [thread 101557] [63.0] [cxt 0] Table 'MyIngress.ipv4_lpm': hit with handle 1
[09:12:19.994] [bmv2] [D] [thread 101557] [63.0] [cxt 0] Dumping entry 1
Match key:
* hdr.ipv4.dstAddr    : LPM       0a000202/32
Action entry: MyIngress.ipv4_forward - 80000000300,2,

[09:12:19.994] [bmv2] [D] [thread 101557] [63.0] [cxt 0] Action entry is MyIngress.ipv4_forward - 80000000300,2,
[09:12:19.994] [bmv2] [T] [thread 101557] [63.0] [cxt 0] Action MyIngress.ipv4_forward
[09:12:19.994] [bmv2] [T] [thread 101557] [63.0] [cxt 0] switch.p4(96) Primitive standard_metadata.egress_spec = port
[09:12:19.994] [bmv2] [T] [thread 101557] [63.0] [cxt 0] switch.p4(97) Primitive hdr.ethernet.srcAddr = hdr.ethernet.dstAddr
[09:12:19.994] [bmv2] [T] [thread 101557] [63.0] [cxt 0] switch.p4(98) Primitive hdr.ethernet.dstAddr = dstAddr
[09:12:19.994] [bmv2] [T] [thread 101557] [63.0] [cxt 0] switch.p4(99) Primitive hdr.ipv4.ttl = hdr.ipv4.ttl - 1
[09:12:19.994] [bmv2] [D] [thread 101557] [63.0] [cxt 0] Pipeline 'ingress': end
[09:12:19.994] [bmv2] [D] [thread 101557] [63.0] [cxt 0] Egress port is 2
[09:12:19.994] [bmv2] [D] [thread 101560] [63.0] [cxt 0] Pipeline 'egress': start
[09:12:19.994] [bmv2] [D] [thread 101560] [63.0] [cxt 0] Pipeline 'egress': end
[09:12:19.994] [bmv2] [D] [thread 101560] [63.0] [cxt 0] Deparser 'deparser': start
[09:12:19.994] [bmv2] [D] [thread 101560] [63.0] [cxt 0] Updating checksum 'cksum'
[09:12:19.994] [bmv2] [D] [thread 101560] [63.0] [cxt 0] Deparsing header 'ethernet'
[09:12:19.994] [bmv2] [D] [thread 101560] [63.0] [cxt 0] Deparsing header 'ipv4'
[09:12:19.994] [bmv2] [D] [thread 101560] [63.0] [cxt 0] Deparser 'deparser': end
[09:12:19.994] [bmv2] [D] [thread 101562] [63.0] [cxt 0] Transmitting packet of size 48 out of port 2
[09:12:19.994] [bmv2] [D] [thread 101557] [64.0] [cxt 0] Processing packet received on port 2
[09:12:20.000] [bmv2] [D] [thread 101557] [64.0] [cxt 0] Parser 'parser': start
[09:12:20.000] [bmv2] [D] [thread 101557] [64.0] [cxt 0] Parser 'parser' entering state 'start'
[09:12:20.000] [bmv2] [D] [thread 101557] [64.0] [cxt 0] Extracting header 'ethernet'
[09:12:20.000] [bmv2] [D] [thread 101557] [64.0] [cxt 0] Parser state 'start': key is 0800
[09:12:20.000] [bmv2] [T] [thread 101557] [64.0] [cxt 0] Bytes parsed: 14
[09:12:20.000] [bmv2] [D] [thread 101557] [64.0] [cxt 0] Parser 'parser' entering state 'parse_ipv4'
[09:12:20.000] [bmv2] [D] [thread 101557] [64.0] [cxt 0] Extracting header 'ipv4'
[09:12:20.000] [bmv2] [D] [thread 101557] [64.0] [cxt 0] Parser state 'parse_ipv4' has no switch, going to default next state
[09:12:20.000] [bmv2] [T] [thread 101557] [64.0] [cxt 0] Bytes parsed: 34
[09:12:20.000] [bmv2] [D] [thread 101557] [64.0] [cxt 0] Parser 'parser': end
[09:12:20.000] [bmv2] [D] [thread 101557] [64.0] [cxt 0] Pipeline 'ingress': start
[09:12:20.000] [bmv2] [T] [thread 101557] [64.0] [cxt 0] switch.p4(116) Condition "hdr.ipv4.isValid()" (node_2) is true
[09:12:20.000] [bmv2] [T] [thread 101557] [64.0] [cxt 0] Applying table 'MyIngress.ipv4_lpm'
[09:12:20.000] [bmv2] [D] [thread 101557] [64.0] [cxt 0] Looking up key:
* hdr.ipv4.dstAddr    : 0a000101

[09:12:20.000] [bmv2] [D] [thread 101557] [64.0] [cxt 0] Table 'MyIngress.ipv4_lpm': hit with handle 0
[09:12:20.000] [bmv2] [D] [thread 101557] [64.0] [cxt 0] Dumping entry 0
Match key:
* hdr.ipv4.dstAddr    : LPM       0a000101/32
Action entry: MyIngress.ipv4_forward - 80000000100,1,

[09:12:20.000] [bmv2] [D] [thread 101557] [64.0] [cxt 0] Action entry is MyIngress.ipv4_forward - 80000000100,1,
[09:12:20.000] [bmv2] [T] [thread 101557] [64.0] [cxt 0] Action MyIngress.ipv4_forward
[09:12:20.000] [bmv2] [T] [thread 101557] [64.0] [cxt 0] switch.p4(96) Primitive standard_metadata.egress_spec = port
[09:12:20.000] [bmv2] [T] [thread 101557] [64.0] [cxt 0] switch.p4(97) Primitive hdr.ethernet.srcAddr = hdr.ethernet.dstAddr
[09:12:20.000] [bmv2] [T] [thread 101557] [64.0] [cxt 0] switch.p4(98) Primitive hdr.ethernet.dstAddr = dstAddr
[09:12:20.000] [bmv2] [T] [thread 101557] [64.0] [cxt 0] switch.p4(99) Primitive hdr.ipv4.ttl = hdr.ipv4.ttl - 1
[09:12:20.000] [bmv2] [D] [thread 101557] [64.0] [cxt 0] Pipeline 'ingress': end
[09:12:20.000] [bmv2] [D] [thread 101557] [64.0] [cxt 0] Egress port is 1
[09:12:20.000] [bmv2] [D] [thread 101559] [64.0] [cxt 0] Pipeline 'egress': start
[09:12:20.000] [bmv2] [D] [thread 101559] [64.0] [cxt 0] Pipeline 'egress': end
[09:12:20.000] [bmv2] [D] [thread 101559] [64.0] [cxt 0] Deparser 'deparser': start
[09:12:20.000] [bmv2] [D] [thread 101559] [64.0] [cxt 0] Updating checksum 'cksum'
[09:12:20.000] [bmv2] [D] [thread 101559] [64.0] [cxt 0] Deparsing header 'ethernet'
[09:12:20.000] [bmv2] [D] [thread 101559] [64.0] [cxt 0] Deparsing header 'ipv4'
[09:12:20.000] [bmv2] [D] [thread 101559] [64.0] [cxt 0] Deparser 'deparser': end
[09:12:20.000] [bmv2] [D] [thread 101562] [64.0] [cxt 0] Transmitting packet of size 76 out of port 1
[09:12:20.025] [bmv2] [D] [thread 101557] [65.0] [cxt 0] Processing packet received on port 2
[09:12:20.025] [bmv2] [D] [thread 101557] [65.0] [cxt 0] Parser 'parser': start
[09:12:20.025] [bmv2] [D] [thread 101557] [65.0] [cxt 0] Parser 'parser' entering state 'start'
[09:12:20.025] [bmv2] [D] [thread 101557] [65.0] [cxt 0] Extracting header 'ethernet'
[09:12:20.025] [bmv2] [D] [thread 101557] [65.0] [cxt 0] Parser state 'start': key is 0800
[09:12:20.025] [bmv2] [T] [thread 101557] [65.0] [cxt 0] Bytes parsed: 14
[09:12:20.025] [bmv2] [D] [thread 101557] [65.0] [cxt 0] Parser 'parser' entering state 'parse_ipv4'
[09:12:20.025] [bmv2] [D] [thread 101557] [65.0] [cxt 0] Extracting header 'ipv4'
[09:12:20.025] [bmv2] [D] [thread 101557] [65.0] [cxt 0] Parser state 'parse_ipv4' has no switch, going to default next state
[09:12:20.025] [bmv2] [T] [thread 101557] [65.0] [cxt 0] Bytes parsed: 34
[09:12:20.025] [bmv2] [D] [thread 101557] [65.0] [cxt 0] Parser 'parser': end
[09:12:20.025] [bmv2] [D] [thread 101557] [65.0] [cxt 0] Pipeline 'ingress': start
[09:12:20.025] [bmv2] [T] [thread 101557] [65.0] [cxt 0] switch.p4(116) Condition "hdr.ipv4.isValid()" (node_2) is true
[09:12:20.025] [bmv2] [T] [thread 101557] [65.0] [cxt 0] Applying table 'MyIngress.ipv4_lpm'
[09:12:20.025] [bmv2] [D] [thread 101557] [65.0] [cxt 0] Looking up key:
* hdr.ipv4.dstAddr    : 0a000101

[09:12:20.025] [bmv2] [D] [thread 101557] [65.0] [cxt 0] Table 'MyIngress.ipv4_lpm': hit with handle 0
[09:12:20.025] [bmv2] [D] [thread 101557] [65.0] [cxt 0] Dumping entry 0
Match key:
* hdr.ipv4.dstAddr    : LPM       0a000101/32
Action entry: MyIngress.ipv4_forward - 80000000100,1,

[09:12:20.025] [bmv2] [D] [thread 101557] [65.0] [cxt 0] Action entry is MyIngress.ipv4_forward - 80000000100,1,
[09:12:20.025] [bmv2] [T] [thread 101557] [65.0] [cxt 0] Action MyIngress.ipv4_forward
[09:12:20.025] [bmv2] [T] [thread 101557] [65.0] [cxt 0] switch.p4(96) Primitive standard_metadata.egress_spec = port
[09:12:20.025] [bmv2] [T] [thread 101557] [65.0] [cxt 0] switch.p4(97) Primitive hdr.ethernet.srcAddr = hdr.ethernet.dstAddr
[09:12:20.025] [bmv2] [T] [thread 101557] [65.0] [cxt 0] switch.p4(98) Primitive hdr.ethernet.dstAddr = dstAddr
[09:12:20.025] [bmv2] [T] [thread 101557] [65.0] [cxt 0] switch.p4(99) Primitive hdr.ipv4.ttl = hdr.ipv4.ttl - 1
[09:12:20.025] [bmv2] [D] [thread 101557] [65.0] [cxt 0] Pipeline 'ingress': end
[09:12:20.025] [bmv2] [D] [thread 101557] [65.0] [cxt 0] Egress port is 1
[09:12:20.025] [bmv2] [D] [thread 101559] [65.0] [cxt 0] Pipeline 'egress': start
[09:12:20.025] [bmv2] [D] [thread 101559] [65.0] [cxt 0] Pipeline 'egress': end
[09:12:20.025] [bmv2] [D] [thread 101559] [65.0] [cxt 0] Deparser 'deparser': start
[09:12:20.025] [bmv2] [D] [thread 101559] [65.0] [cxt 0] Updating checksum 'cksum'
[09:12:20.025] [bmv2] [D] [thread 101559] [65.0] [cxt 0] Deparsing header 'ethernet'
[09:12:20.025] [bmv2] [D] [thread 101559] [65.0] [cxt 0] Deparsing header 'ipv4'
[09:12:20.025] [bmv2] [D] [thread 101559] [65.0] [cxt 0] Deparser 'deparser': end
[09:12:20.025] [bmv2] [D] [thread 101562] [65.0] [cxt 0] Transmitting packet of size 308 out of port 1
[09:12:20.025] [bmv2] [D] [thread 101557] [66.0] [cxt 0] Processing packet received on port 1
[09:12:20.025] [bmv2] [D] [thread 101557] [66.0] [cxt 0] Parser 'parser': start
[09:12:20.025] [bmv2] [D] [thread 101557] [66.0] [cxt 0] Parser 'parser' entering state 'start'
[09:12:20.025] [bmv2] [D] [thread 101557] [66.0] [cxt 0] Extracting header 'ethernet'
[09:12:20.025] [bmv2] [D] [thread 101557] [66.0] [cxt 0] Parser state 'start': key is 0800
[09:12:20.025] [bmv2] [T] [thread 101557] [66.0] [cxt 0] Bytes parsed: 14
[09:12:20.025] [bmv2] [D] [thread 101557] [66.0] [cxt 0] Parser 'parser' entering state 'parse_ipv4'
[09:12:20.025] [bmv2] [D] [thread 101557] [66.0] [cxt 0] Extracting header 'ipv4'
[09:12:20.025] [bmv2] [D] [thread 101557] [66.0] [cxt 0] Parser state 'parse_ipv4' has no switch, going to default next state
[09:12:20.025] [bmv2] [T] [thread 101557] [66.0] [cxt 0] Bytes parsed: 34
[09:12:20.025] [bmv2] [D] [thread 101557] [66.0] [cxt 0] Parser 'parser': end
[09:12:20.025] [bmv2] [D] [thread 101557] [66.0] [cxt 0] Pipeline 'ingress': start
[09:12:20.025] [bmv2] [T] [thread 101557] [66.0] [cxt 0] switch.p4(116) Condition "hdr.ipv4.isValid()" (node_2) is true
[09:12:20.025] [bmv2] [T] [thread 101557] [66.0] [cxt 0] Applying table 'MyIngress.ipv4_lpm'
[09:12:20.025] [bmv2] [D] [thread 101557] [66.0] [cxt 0] Looking up key:
* hdr.ipv4.dstAddr    : 0a000202

[09:12:20.025] [bmv2] [D] [thread 101557] [66.0] [cxt 0] Table 'MyIngress.ipv4_lpm': hit with handle 1
[09:12:20.025] [bmv2] [D] [thread 101557] [66.0] [cxt 0] Dumping entry 1
Match key:
* hdr.ipv4.dstAddr    : LPM       0a000202/32
Action entry: MyIngress.ipv4_forward - 80000000300,2,

[09:12:20.025] [bmv2] [D] [thread 101557] [66.0] [cxt 0] Action entry is MyIngress.ipv4_forward - 80000000300,2,
[09:12:20.025] [bmv2] [T] [thread 101557] [66.0] [cxt 0] Action MyIngress.ipv4_forward
[09:12:20.025] [bmv2] [T] [thread 101557] [66.0] [cxt 0] switch.p4(96) Primitive standard_metadata.egress_spec = port
[09:12:20.025] [bmv2] [T] [thread 101557] [66.0] [cxt 0] switch.p4(97) Primitive hdr.ethernet.srcAddr = hdr.ethernet.dstAddr
[09:12:20.025] [bmv2] [T] [thread 101557] [66.0] [cxt 0] switch.p4(98) Primitive hdr.ethernet.dstAddr = dstAddr
[09:12:20.025] [bmv2] [T] [thread 101557] [66.0] [cxt 0] switch.p4(99) Primitive hdr.ipv4.ttl = hdr.ipv4.ttl - 1
[09:12:20.025] [bmv2] [D] [thread 101557] [66.0] [cxt 0] Pipeline 'ingress': end
[09:12:20.025] [bmv2] [D] [thread 101557] [66.0] [cxt 0] Egress port is 2
[09:12:20.025] [bmv2] [D] [thread 101560] [66.0] [cxt 0] Pipeline 'egress': start
[09:12:20.025] [bmv2] [D] [thread 101560] [66.0] [cxt 0] Pipeline 'egress': end
[09:12:20.025] [bmv2] [D] [thread 101560] [66.0] [cxt 0] Deparser 'deparser': start
[09:12:20.025] [bmv2] [D] [thread 101560] [66.0] [cxt 0] Updating checksum 'cksum'
[09:12:20.025] [bmv2] [D] [thread 101560] [66.0] [cxt 0] Deparsing header 'ethernet'
[09:12:20.025] [bmv2] [D] [thread 101560] [66.0] [cxt 0] Deparsing header 'ipv4'
[09:12:20.025] [bmv2] [D] [thread 101560] [66.0] [cxt 0] Deparser 'deparser': end
[09:12:20.025] [bmv2] [D] [thread 101562] [66.0] [cxt 0] Transmitting packet of size 336 out of port 2
[09:12:20.976] [bmv2] [D] [thread 101557] [67.0] [cxt 0] Processing packet received on port 1
[09:12:20.976] [bmv2] [D] [thread 101557] [67.0] [cxt 0] Parser 'parser': start
[09:12:20.976] [bmv2] [D] [thread 101557] [67.0] [cxt 0] Parser 'parser' entering state 'start'
[09:12:20.976] [bmv2] [D] [thread 101557] [67.0] [cxt 0] Extracting header 'ethernet'
[09:12:20.976] [bmv2] [D] [thread 101557] [67.0] [cxt 0] Parser state 'start': key is 0800
[09:12:20.976] [bmv2] [T] [thread 101557] [67.0] [cxt 0] Bytes parsed: 14
[09:12:20.976] [bmv2] [D] [thread 101557] [67.0] [cxt 0] Parser 'parser' entering state 'parse_ipv4'
[09:12:20.976] [bmv2] [D] [thread 101557] [67.0] [cxt 0] Extracting header 'ipv4'
[09:12:20.976] [bmv2] [D] [thread 101557] [67.0] [cxt 0] Parser state 'parse_ipv4' has no switch, going to default next state
[09:12:20.976] [bmv2] [T] [thread 101557] [67.0] [cxt 0] Bytes parsed: 34
[09:12:20.976] [bmv2] [D] [thread 101557] [67.0] [cxt 0] Parser 'parser': end
[09:12:20.976] [bmv2] [D] [thread 101557] [67.0] [cxt 0] Pipeline 'ingress': start
[09:12:20.976] [bmv2] [T] [thread 101557] [67.0] [cxt 0] switch.p4(116) Condition "hdr.ipv4.isValid()" (node_2) is true
[09:12:20.976] [bmv2] [T] [thread 101557] [67.0] [cxt 0] Applying table 'MyIngress.ipv4_lpm'
[09:12:20.976] [bmv2] [D] [thread 101557] [67.0] [cxt 0] Looking up key:
* hdr.ipv4.dstAddr    : 0a000202

[09:12:20.976] [bmv2] [D] [thread 101557] [67.0] [cxt 0] Table 'MyIngress.ipv4_lpm': hit with handle 1
[09:12:20.976] [bmv2] [D] [thread 101557] [67.0] [cxt 0] Dumping entry 1
Match key:
* hdr.ipv4.dstAddr    : LPM       0a000202/32
Action entry: MyIngress.ipv4_forward - 80000000300,2,

[09:12:20.976] [bmv2] [D] [thread 101557] [67.0] [cxt 0] Action entry is MyIngress.ipv4_forward - 80000000300,2,
[09:12:20.976] [bmv2] [T] [thread 101557] [67.0] [cxt 0] Action MyIngress.ipv4_forward
[09:12:20.976] [bmv2] [T] [thread 101557] [67.0] [cxt 0] switch.p4(96) Primitive standard_metadata.egress_spec = port
[09:12:20.976] [bmv2] [T] [thread 101557] [67.0] [cxt 0] switch.p4(97) Primitive hdr.ethernet.srcAddr = hdr.ethernet.dstAddr
[09:12:20.976] [bmv2] [T] [thread 101557] [67.0] [cxt 0] switch.p4(98) Primitive hdr.ethernet.dstAddr = dstAddr
[09:12:20.976] [bmv2] [T] [thread 101557] [67.0] [cxt 0] switch.p4(99) Primitive hdr.ipv4.ttl = hdr.ipv4.ttl - 1
[09:12:20.976] [bmv2] [D] [thread 101557] [67.0] [cxt 0] Pipeline 'ingress': end
[09:12:20.976] [bmv2] [D] [thread 101557] [67.0] [cxt 0] Egress port is 2
[09:12:20.976] [bmv2] [D] [thread 101560] [67.0] [cxt 0] Pipeline 'egress': start
[09:12:20.976] [bmv2] [D] [thread 101560] [67.0] [cxt 0] Pipeline 'egress': end
[09:12:20.976] [bmv2] [D] [thread 101560] [67.0] [cxt 0] Deparser 'deparser': start
[09:12:20.976] [bmv2] [D] [thread 101560] [67.0] [cxt 0] Updating checksum 'cksum'
[09:12:20.976] [bmv2] [D] [thread 101560] [67.0] [cxt 0] Deparsing header 'ethernet'
[09:12:20.976] [bmv2] [D] [thread 101560] [67.0] [cxt 0] Deparsing header 'ipv4'
[09:12:20.976] [bmv2] [D] [thread 101560] [67.0] [cxt 0] Deparser 'deparser': end
[09:12:20.976] [bmv2] [D] [thread 101562] [67.0] [cxt 0] Transmitting packet of size 48 out of port 2
[09:12:20.980] [bmv2] [D] [thread 101557] [68.0] [cxt 0] Processing packet received on port 2
[09:12:20.980] [bmv2] [D] [thread 101557] [68.0] [cxt 0] Parser 'parser': start
[09:12:20.980] [bmv2] [D] [thread 101557] [68.0] [cxt 0] Parser 'parser' entering state 'start'
[09:12:20.980] [bmv2] [D] [thread 101557] [68.0] [cxt 0] Extracting header 'ethernet'
[09:12:20.980] [bmv2] [D] [thread 101557] [68.0] [cxt 0] Parser state 'start': key is 0800
[09:12:20.980] [bmv2] [T] [thread 101557] [68.0] [cxt 0] Bytes parsed: 14
[09:12:20.980] [bmv2] [D] [thread 101557] [68.0] [cxt 0] Parser 'parser' entering state 'parse_ipv4'
[09:12:20.980] [bmv2] [D] [thread 101557] [68.0] [cxt 0] Extracting header 'ipv4'
[09:12:20.980] [bmv2] [D] [thread 101557] [68.0] [cxt 0] Parser state 'parse_ipv4' has no switch, going to default next state
[09:12:20.980] [bmv2] [T] [thread 101557] [68.0] [cxt 0] Bytes parsed: 34
[09:12:20.980] [bmv2] [D] [thread 101557] [68.0] [cxt 0] Parser 'parser': end
[09:12:20.980] [bmv2] [D] [thread 101557] [68.0] [cxt 0] Pipeline 'ingress': start
[09:12:20.980] [bmv2] [T] [thread 101557] [68.0] [cxt 0] switch.p4(116) Condition "hdr.ipv4.isValid()" (node_2) is true
[09:12:20.980] [bmv2] [T] [thread 101557] [68.0] [cxt 0] Applying table 'MyIngress.ipv4_lpm'
[09:12:20.980] [bmv2] [D] [thread 101557] [68.0] [cxt 0] Looking up key:
* hdr.ipv4.dstAddr    : 0a000101

[09:12:20.980] [bmv2] [D] [thread 101557] [68.0] [cxt 0] Table 'MyIngress.ipv4_lpm': hit with handle 0
[09:12:20.980] [bmv2] [D] [thread 101557] [68.0] [cxt 0] Dumping entry 0
Match key:
* hdr.ipv4.dstAddr    : LPM       0a000101/32
Action entry: MyIngress.ipv4_forward - 80000000100,1,

[09:12:20.980] [bmv2] [D] [thread 101557] [68.0] [cxt 0] Action entry is MyIngress.ipv4_forward - 80000000100,1,
[09:12:20.980] [bmv2] [T] [thread 101557] [68.0] [cxt 0] Action MyIngress.ipv4_forward
[09:12:20.980] [bmv2] [T] [thread 101557] [68.0] [cxt 0] switch.p4(96) Primitive standard_metadata.egress_spec = port
[09:12:20.980] [bmv2] [T] [thread 101557] [68.0] [cxt 0] switch.p4(97) Primitive hdr.ethernet.srcAddr = hdr.ethernet.dstAddr
[09:12:20.980] [bmv2] [T] [thread 101557] [68.0] [cxt 0] switch.p4(98) Primitive hdr.ethernet.dstAddr = dstAddr
[09:12:20.980] [bmv2] [T] [thread 101557] [68.0] [cxt 0] switch.p4(99) Primitive hdr.ipv4.ttl = hdr.ipv4.ttl - 1
[09:12:20.980] [bmv2] [D] [thread 101557] [68.0] [cxt 0] Pipeline 'ingress': end
[09:12:20.980] [bmv2] [D] [thread 101557] [68.0] [cxt 0] Egress port is 1
[09:12:20.980] [bmv2] [D] [thread 101559] [68.0] [cxt 0] Pipeline 'egress': start
[09:12:20.980] [bmv2] [D] [thread 101559] [68.0] [cxt 0] Pipeline 'egress': end
[09:12:20.980] [bmv2] [D] [thread 101559] [68.0] [cxt 0] Deparser 'deparser': start
[09:12:20.980] [bmv2] [D] [thread 101559] [68.0] [cxt 0] Updating checksum 'cksum'
[09:12:20.980] [bmv2] [D] [thread 101559] [68.0] [cxt 0] Deparsing header 'ethernet'
[09:12:20.980] [bmv2] [D] [thread 101559] [68.0] [cxt 0] Deparsing header 'ipv4'
[09:12:20.980] [bmv2] [D] [thread 101559] [68.0] [cxt 0] Deparser 'deparser': end
[09:12:20.980] [bmv2] [D] [thread 101562] [68.0] [cxt 0] Transmitting packet of size 76 out of port 1
[09:12:21.002] [bmv2] [D] [thread 101557] [69.0] [cxt 0] Processing packet received on port 2
[09:12:21.002] [bmv2] [D] [thread 101557] [69.0] [cxt 0] Parser 'parser': start
[09:12:21.002] [bmv2] [D] [thread 101557] [69.0] [cxt 0] Parser 'parser' entering state 'start'
[09:12:21.002] [bmv2] [D] [thread 101557] [69.0] [cxt 0] Extracting header 'ethernet'
[09:12:21.002] [bmv2] [D] [thread 101557] [69.0] [cxt 0] Parser state 'start': key is 0800
[09:12:21.002] [bmv2] [T] [thread 101557] [69.0] [cxt 0] Bytes parsed: 14
[09:12:21.002] [bmv2] [D] [thread 101557] [69.0] [cxt 0] Parser 'parser' entering state 'parse_ipv4'
[09:12:21.002] [bmv2] [D] [thread 101557] [69.0] [cxt 0] Extracting header 'ipv4'
[09:12:21.002] [bmv2] [D] [thread 101557] [69.0] [cxt 0] Parser state 'parse_ipv4' has no switch, going to default next state
[09:12:21.002] [bmv2] [T] [thread 101557] [69.0] [cxt 0] Bytes parsed: 34
[09:12:21.002] [bmv2] [D] [thread 101557] [69.0] [cxt 0] Parser 'parser': end
[09:12:21.002] [bmv2] [D] [thread 101557] [69.0] [cxt 0] Pipeline 'ingress': start
[09:12:21.002] [bmv2] [T] [thread 101557] [69.0] [cxt 0] switch.p4(116) Condition "hdr.ipv4.isValid()" (node_2) is true
[09:12:21.002] [bmv2] [T] [thread 101557] [69.0] [cxt 0] Applying table 'MyIngress.ipv4_lpm'
[09:12:21.002] [bmv2] [D] [thread 101557] [69.0] [cxt 0] Looking up key:
* hdr.ipv4.dstAddr    : 0a000101

[09:12:21.002] [bmv2] [D] [thread 101557] [69.0] [cxt 0] Table 'MyIngress.ipv4_lpm': hit with handle 0
[09:12:21.002] [bmv2] [D] [thread 101557] [69.0] [cxt 0] Dumping entry 0
Match key:
* hdr.ipv4.dstAddr    : LPM       0a000101/32
Action entry: MyIngress.ipv4_forward - 80000000100,1,

[09:12:21.002] [bmv2] [D] [thread 101557] [69.0] [cxt 0] Action entry is MyIngress.ipv4_forward - 80000000100,1,
[09:12:21.002] [bmv2] [T] [thread 101557] [69.0] [cxt 0] Action MyIngress.ipv4_forward
[09:12:21.002] [bmv2] [T] [thread 101557] [69.0] [cxt 0] switch.p4(96) Primitive standard_metadata.egress_spec = port
[09:12:21.002] [bmv2] [T] [thread 101557] [69.0] [cxt 0] switch.p4(97) Primitive hdr.ethernet.srcAddr = hdr.ethernet.dstAddr
[09:12:21.002] [bmv2] [T] [thread 101557] [69.0] [cxt 0] switch.p4(98) Primitive hdr.ethernet.dstAddr = dstAddr
[09:12:21.002] [bmv2] [T] [thread 101557] [69.0] [cxt 0] switch.p4(99) Primitive hdr.ipv4.ttl = hdr.ipv4.ttl - 1
[09:12:21.002] [bmv2] [D] [thread 101557] [69.0] [cxt 0] Pipeline 'ingress': end
[09:12:21.002] [bmv2] [D] [thread 101557] [69.0] [cxt 0] Egress port is 1
[09:12:21.002] [bmv2] [D] [thread 101559] [69.0] [cxt 0] Pipeline 'egress': start
[09:12:21.002] [bmv2] [D] [thread 101559] [69.0] [cxt 0] Pipeline 'egress': end
[09:12:21.002] [bmv2] [D] [thread 101559] [69.0] [cxt 0] Deparser 'deparser': start
[09:12:21.002] [bmv2] [D] [thread 101559] [69.0] [cxt 0] Updating checksum 'cksum'
[09:12:21.002] [bmv2] [D] [thread 101559] [69.0] [cxt 0] Deparsing header 'ethernet'
[09:12:21.002] [bmv2] [D] [thread 101559] [69.0] [cxt 0] Deparsing header 'ipv4'
[09:12:21.002] [bmv2] [D] [thread 101559] [69.0] [cxt 0] Deparser 'deparser': end
[09:12:21.002] [bmv2] [D] [thread 101562] [69.0] [cxt 0] Transmitting packet of size 308 out of port 1
[09:12:21.006] [bmv2] [D] [thread 101557] [70.0] [cxt 0] Processing packet received on port 1
[09:12:21.006] [bmv2] [D] [thread 101557] [70.0] [cxt 0] Parser 'parser': start
[09:12:21.006] [bmv2] [D] [thread 101557] [70.0] [cxt 0] Parser 'parser' entering state 'start'
[09:12:21.006] [bmv2] [D] [thread 101557] [70.0] [cxt 0] Extracting header 'ethernet'
[09:12:21.006] [bmv2] [D] [thread 101557] [70.0] [cxt 0] Parser state 'start': key is 0800
[09:12:21.006] [bmv2] [T] [thread 101557] [70.0] [cxt 0] Bytes parsed: 14
[09:12:21.006] [bmv2] [D] [thread 101557] [70.0] [cxt 0] Parser 'parser' entering state 'parse_ipv4'
[09:12:21.006] [bmv2] [D] [thread 101557] [70.0] [cxt 0] Extracting header 'ipv4'
[09:12:21.006] [bmv2] [D] [thread 101557] [70.0] [cxt 0] Parser state 'parse_ipv4' has no switch, going to default next state
[09:12:21.006] [bmv2] [T] [thread 101557] [70.0] [cxt 0] Bytes parsed: 34
[09:12:21.006] [bmv2] [D] [thread 101557] [70.0] [cxt 0] Parser 'parser': end
[09:12:21.006] [bmv2] [D] [thread 101557] [70.0] [cxt 0] Pipeline 'ingress': start
[09:12:21.006] [bmv2] [T] [thread 101557] [70.0] [cxt 0] switch.p4(116) Condition "hdr.ipv4.isValid()" (node_2) is true
[09:12:21.006] [bmv2] [T] [thread 101557] [70.0] [cxt 0] Applying table 'MyIngress.ipv4_lpm'
[09:12:21.006] [bmv2] [D] [thread 101557] [70.0] [cxt 0] Looking up key:
* hdr.ipv4.dstAddr    : 0a000202

[09:12:21.006] [bmv2] [D] [thread 101557] [70.0] [cxt 0] Table 'MyIngress.ipv4_lpm': hit with handle 1
[09:12:21.006] [bmv2] [D] [thread 101557] [70.0] [cxt 0] Dumping entry 1
Match key:
* hdr.ipv4.dstAddr    : LPM       0a000202/32
Action entry: MyIngress.ipv4_forward - 80000000300,2,

[09:12:21.006] [bmv2] [D] [thread 101557] [70.0] [cxt 0] Action entry is MyIngress.ipv4_forward - 80000000300,2,
[09:12:21.006] [bmv2] [T] [thread 101557] [70.0] [cxt 0] Action MyIngress.ipv4_forward
[09:12:21.006] [bmv2] [T] [thread 101557] [70.0] [cxt 0] switch.p4(96) Primitive standard_metadata.egress_spec = port
[09:12:21.006] [bmv2] [T] [thread 101557] [70.0] [cxt 0] switch.p4(97) Primitive hdr.ethernet.srcAddr = hdr.ethernet.dstAddr
[09:12:21.006] [bmv2] [T] [thread 101557] [70.0] [cxt 0] switch.p4(98) Primitive hdr.ethernet.dstAddr = dstAddr
[09:12:21.006] [bmv2] [T] [thread 101557] [70.0] [cxt 0] switch.p4(99) Primitive hdr.ipv4.ttl = hdr.ipv4.ttl - 1
[09:12:21.006] [bmv2] [D] [thread 101557] [70.0] [cxt 0] Pipeline 'ingress': end
[09:12:21.006] [bmv2] [D] [thread 101557] [70.0] [cxt 0] Egress port is 2
[09:12:21.006] [bmv2] [D] [thread 101560] [70.0] [cxt 0] Pipeline 'egress': start
[09:12:21.006] [bmv2] [D] [thread 101560] [70.0] [cxt 0] Pipeline 'egress': end
[09:12:21.006] [bmv2] [D] [thread 101560] [70.0] [cxt 0] Deparser 'deparser': start
[09:12:21.006] [bmv2] [D] [thread 101560] [70.0] [cxt 0] Updating checksum 'cksum'
[09:12:21.006] [bmv2] [D] [thread 101560] [70.0] [cxt 0] Deparsing header 'ethernet'
[09:12:21.006] [bmv2] [D] [thread 101560] [70.0] [cxt 0] Deparsing header 'ipv4'
[09:12:21.006] [bmv2] [D] [thread 101560] [70.0] [cxt 0] Deparser 'deparser': end
[09:12:21.006] [bmv2] [D] [thread 101562] [70.0] [cxt 0] Transmitting packet of size 336 out of port 2
[09:12:21.273] [bmv2] [D] [thread 101557] [71.0] [cxt 0] Processing packet received on port 1
[09:12:21.273] [bmv2] [D] [thread 101557] [71.0] [cxt 0] Parser 'parser': start
[09:12:21.273] [bmv2] [D] [thread 101557] [71.0] [cxt 0] Parser 'parser' entering state 'start'
[09:12:21.273] [bmv2] [D] [thread 101557] [71.0] [cxt 0] Extracting header 'ethernet'
[09:12:21.273] [bmv2] [D] [thread 101557] [71.0] [cxt 0] Parser state 'start': key is 86dd
[09:12:21.273] [bmv2] [T] [thread 101557] [71.0] [cxt 0] Bytes parsed: 14
[09:12:21.273] [bmv2] [D] [thread 101557] [71.0] [cxt 0] Parser 'parser': end
[09:12:21.273] [bmv2] [D] [thread 101557] [71.0] [cxt 0] Pipeline 'ingress': start
[09:12:21.273] [bmv2] [T] [thread 101557] [71.0] [cxt 0] switch.p4(116) Condition "hdr.ipv4.isValid()" (node_2) is false
[09:12:21.273] [bmv2] [D] [thread 101557] [71.0] [cxt 0] Pipeline 'ingress': end
[09:12:21.273] [bmv2] [D] [thread 101557] [71.0] [cxt 0] Egress port is 0
[09:12:21.273] [bmv2] [D] [thread 101557] [72.0] [cxt 0] Processing packet received on port 2
[09:12:21.273] [bmv2] [D] [thread 101557] [72.0] [cxt 0] Parser 'parser': start
[09:12:21.273] [bmv2] [D] [thread 101557] [72.0] [cxt 0] Parser 'parser' entering state 'start'
[09:12:21.273] [bmv2] [D] [thread 101557] [72.0] [cxt 0] Extracting header 'ethernet'
[09:12:21.273] [bmv2] [D] [thread 101557] [72.0] [cxt 0] Parser state 'start': key is 86dd
[09:12:21.273] [bmv2] [T] [thread 101557] [72.0] [cxt 0] Bytes parsed: 14
[09:12:21.273] [bmv2] [D] [thread 101557] [72.0] [cxt 0] Parser 'parser': end
[09:12:21.273] [bmv2] [D] [thread 101557] [72.0] [cxt 0] Pipeline 'ingress': start
[09:12:21.273] [bmv2] [T] [thread 101557] [72.0] [cxt 0] switch.p4(116) Condition "hdr.ipv4.isValid()" (node_2) is false
[09:12:21.273] [bmv2] [D] [thread 101557] [72.0] [cxt 0] Pipeline 'ingress': end
[09:12:21.273] [bmv2] [D] [thread 101557] [72.0] [cxt 0] Egress port is 0
[09:12:21.273] [bmv2] [D] [thread 101557] [73.0] [cxt 0] Processing packet received on port 1
[09:12:21.273] [bmv2] [D] [thread 101557] [73.0] [cxt 0] Parser 'parser': start
[09:12:21.273] [bmv2] [D] [thread 101557] [73.0] [cxt 0] Parser 'parser' entering state 'start'
[09:12:21.273] [bmv2] [D] [thread 101557] [73.0] [cxt 0] Extracting header 'ethernet'
[09:12:21.273] [bmv2] [D] [thread 101557] [73.0] [cxt 0] Parser state 'start': key is 86dd
[09:12:21.273] [bmv2] [T] [thread 101557] [73.0] [cxt 0] Bytes parsed: 14
[09:12:21.273] [bmv2] [D] [thread 101557] [73.0] [cxt 0] Parser 'parser': end
[09:12:21.273] [bmv2] [D] [thread 101557] [73.0] [cxt 0] Pipeline 'ingress': start
[09:12:21.273] [bmv2] [T] [thread 101557] [73.0] [cxt 0] switch.p4(116) Condition "hdr.ipv4.isValid()" (node_2) is false
[09:12:21.273] [bmv2] [D] [thread 101557] [73.0] [cxt 0] Pipeline 'ingress': end
[09:12:21.273] [bmv2] [D] [thread 101557] [73.0] [cxt 0] Egress port is 0
[09:12:21.273] [bmv2] [D] [thread 101558] [71.0] [cxt 0] Pipeline 'egress': start
[09:12:21.273] [bmv2] [D] [thread 101558] [71.0] [cxt 0] Pipeline 'egress': end
[09:12:21.273] [bmv2] [D] [thread 101558] [71.0] [cxt 0] Deparser 'deparser': start
[09:12:21.273] [bmv2] [T] [thread 101558] [71.0] [cxt 0] Skipping checksum 'cksum' update because condition not met
[09:12:21.273] [bmv2] [D] [thread 101558] [71.0] [cxt 0] Deparsing header 'ethernet'
[09:12:21.273] [bmv2] [D] [thread 101558] [71.0] [cxt 0] Deparser 'deparser': end
[09:12:21.273] [bmv2] [D] [thread 101562] [71.0] [cxt 0] Transmitting packet of size 203 out of port 0
[09:12:21.273] [bmv2] [D] [thread 101558] [72.0] [cxt 0] Pipeline 'egress': start
[09:12:21.273] [bmv2] [D] [thread 101558] [72.0] [cxt 0] Pipeline 'egress': end
[09:12:21.273] [bmv2] [D] [thread 101558] [72.0] [cxt 0] Deparser 'deparser': start
[09:12:21.273] [bmv2] [T] [thread 101558] [72.0] [cxt 0] Skipping checksum 'cksum' update because condition not met
[09:12:21.273] [bmv2] [D] [thread 101558] [72.0] [cxt 0] Deparsing header 'ethernet'
[09:12:21.273] [bmv2] [D] [thread 101558] [72.0] [cxt 0] Deparser 'deparser': end
[09:12:21.273] [bmv2] [D] [thread 101562] [72.0] [cxt 0] Transmitting packet of size 203 out of port 0
[09:12:21.273] [bmv2] [D] [thread 101558] [73.0] [cxt 0] Pipeline 'egress': start
[09:12:21.273] [bmv2] [D] [thread 101558] [73.0] [cxt 0] Pipeline 'egress': end
[09:12:21.273] [bmv2] [D] [thread 101558] [73.0] [cxt 0] Deparser 'deparser': start
[09:12:21.273] [bmv2] [T] [thread 101558] [73.0] [cxt 0] Skipping checksum 'cksum' update because condition not met
[09:12:21.273] [bmv2] [D] [thread 101558] [73.0] [cxt 0] Deparsing header 'ethernet'
[09:12:21.273] [bmv2] [D] [thread 101558] [73.0] [cxt 0] Deparser 'deparser': end
[09:12:21.273] [bmv2] [D] [thread 101562] [73.0] [cxt 0] Transmitting packet of size 203 out of port 0
[09:12:22.631] [bmv2] [D] [thread 101557] [74.0] [cxt 0] Processing packet received on port 1
[09:12:22.631] [bmv2] [D] [thread 101557] [74.0] [cxt 0] Parser 'parser': start
[09:12:22.631] [bmv2] [D] [thread 101557] [74.0] [cxt 0] Parser 'parser' entering state 'start'
[09:12:22.631] [bmv2] [D] [thread 101557] [74.0] [cxt 0] Extracting header 'ethernet'
[09:12:22.631] [bmv2] [D] [thread 101557] [74.0] [cxt 0] Parser state 'start': key is 0800
[09:12:22.631] [bmv2] [T] [thread 101557] [74.0] [cxt 0] Bytes parsed: 14
[09:12:22.631] [bmv2] [D] [thread 101557] [74.0] [cxt 0] Parser 'parser' entering state 'parse_ipv4'
[09:12:22.631] [bmv2] [D] [thread 101557] [74.0] [cxt 0] Extracting header 'ipv4'
[09:12:22.631] [bmv2] [D] [thread 101557] [74.0] [cxt 0] Parser state 'parse_ipv4' has no switch, going to default next state
[09:12:22.631] [bmv2] [T] [thread 101557] [74.0] [cxt 0] Bytes parsed: 34
[09:12:22.636] [bmv2] [D] [thread 101557] [74.0] [cxt 0] Parser 'parser': end
[09:12:22.636] [bmv2] [D] [thread 101557] [74.0] [cxt 0] Pipeline 'ingress': start
[09:12:22.636] [bmv2] [T] [thread 101557] [74.0] [cxt 0] switch.p4(116) Condition "hdr.ipv4.isValid()" (node_2) is true
[09:12:22.636] [bmv2] [T] [thread 101557] [74.0] [cxt 0] Applying table 'MyIngress.ipv4_lpm'
[09:12:22.636] [bmv2] [D] [thread 101557] [74.0] [cxt 0] Looking up key:
* hdr.ipv4.dstAddr    : 0a000202

[09:12:22.636] [bmv2] [D] [thread 101557] [74.0] [cxt 0] Table 'MyIngress.ipv4_lpm': hit with handle 1
[09:12:22.636] [bmv2] [D] [thread 101557] [74.0] [cxt 0] Dumping entry 1
Match key:
* hdr.ipv4.dstAddr    : LPM       0a000202/32
Action entry: MyIngress.ipv4_forward - 80000000300,2,

[09:12:22.636] [bmv2] [D] [thread 101557] [74.0] [cxt 0] Action entry is MyIngress.ipv4_forward - 80000000300,2,
[09:12:22.636] [bmv2] [T] [thread 101557] [74.0] [cxt 0] Action MyIngress.ipv4_forward
[09:12:22.636] [bmv2] [T] [thread 101557] [74.0] [cxt 0] switch.p4(96) Primitive standard_metadata.egress_spec = port
[09:12:22.636] [bmv2] [T] [thread 101557] [74.0] [cxt 0] switch.p4(97) Primitive hdr.ethernet.srcAddr = hdr.ethernet.dstAddr
[09:12:22.636] [bmv2] [T] [thread 101557] [74.0] [cxt 0] switch.p4(98) Primitive hdr.ethernet.dstAddr = dstAddr
[09:12:22.636] [bmv2] [T] [thread 101557] [74.0] [cxt 0] switch.p4(99) Primitive hdr.ipv4.ttl = hdr.ipv4.ttl - 1
[09:12:22.636] [bmv2] [D] [thread 101557] [74.0] [cxt 0] Pipeline 'ingress': end
[09:12:22.636] [bmv2] [D] [thread 101557] [74.0] [cxt 0] Egress port is 2
[09:12:22.641] [bmv2] [D] [thread 101560] [74.0] [cxt 0] Pipeline 'egress': start
[09:12:22.641] [bmv2] [D] [thread 101560] [74.0] [cxt 0] Pipeline 'egress': end
[09:12:22.641] [bmv2] [D] [thread 101560] [74.0] [cxt 0] Deparser 'deparser': start
[09:12:22.641] [bmv2] [D] [thread 101560] [74.0] [cxt 0] Updating checksum 'cksum'
[09:12:22.641] [bmv2] [D] [thread 101560] [74.0] [cxt 0] Deparsing header 'ethernet'
[09:12:22.641] [bmv2] [D] [thread 101560] [74.0] [cxt 0] Deparsing header 'ipv4'
[09:12:22.641] [bmv2] [D] [thread 101560] [74.0] [cxt 0] Deparser 'deparser': end
[09:12:22.641] [bmv2] [D] [thread 101562] [74.0] [cxt 0] Transmitting packet of size 48 out of port 2
[09:12:22.680] [bmv2] [D] [thread 101557] [75.0] [cxt 0] Processing packet received on port 2
[09:12:22.680] [bmv2] [D] [thread 101557] [75.0] [cxt 0] Parser 'parser': start
[09:12:22.680] [bmv2] [D] [thread 101557] [75.0] [cxt 0] Parser 'parser' entering state 'start'
[09:12:22.680] [bmv2] [D] [thread 101557] [75.0] [cxt 0] Extracting header 'ethernet'
[09:12:22.680] [bmv2] [D] [thread 101557] [75.0] [cxt 0] Parser state 'start': key is 0800
[09:12:22.680] [bmv2] [T] [thread 101557] [75.0] [cxt 0] Bytes parsed: 14
[09:12:22.680] [bmv2] [D] [thread 101557] [75.0] [cxt 0] Parser 'parser' entering state 'parse_ipv4'
[09:12:22.680] [bmv2] [D] [thread 101557] [75.0] [cxt 0] Extracting header 'ipv4'
[09:12:22.680] [bmv2] [D] [thread 101557] [75.0] [cxt 0] Parser state 'parse_ipv4' has no switch, going to default next state
[09:12:22.680] [bmv2] [T] [thread 101557] [75.0] [cxt 0] Bytes parsed: 34
[09:12:22.680] [bmv2] [D] [thread 101557] [75.0] [cxt 0] Parser 'parser': end
[09:12:22.680] [bmv2] [D] [thread 101557] [75.0] [cxt 0] Pipeline 'ingress': start
[09:12:22.680] [bmv2] [T] [thread 101557] [75.0] [cxt 0] switch.p4(116) Condition "hdr.ipv4.isValid()" (node_2) is true
[09:12:22.680] [bmv2] [T] [thread 101557] [75.0] [cxt 0] Applying table 'MyIngress.ipv4_lpm'
[09:12:22.680] [bmv2] [D] [thread 101557] [75.0] [cxt 0] Looking up key:
* hdr.ipv4.dstAddr    : 0a000101

[09:12:22.680] [bmv2] [D] [thread 101557] [75.0] [cxt 0] Table 'MyIngress.ipv4_lpm': hit with handle 0
[09:12:22.680] [bmv2] [D] [thread 101557] [75.0] [cxt 0] Dumping entry 0
Match key:
* hdr.ipv4.dstAddr    : LPM       0a000101/32
Action entry: MyIngress.ipv4_forward - 80000000100,1,

[09:12:22.680] [bmv2] [D] [thread 101557] [75.0] [cxt 0] Action entry is MyIngress.ipv4_forward - 80000000100,1,
[09:12:22.680] [bmv2] [T] [thread 101557] [75.0] [cxt 0] Action MyIngress.ipv4_forward
[09:12:22.680] [bmv2] [T] [thread 101557] [75.0] [cxt 0] switch.p4(96) Primitive standard_metadata.egress_spec = port
[09:12:22.680] [bmv2] [T] [thread 101557] [75.0] [cxt 0] switch.p4(97) Primitive hdr.ethernet.srcAddr = hdr.ethernet.dstAddr
[09:12:22.680] [bmv2] [T] [thread 101557] [75.0] [cxt 0] switch.p4(98) Primitive hdr.ethernet.dstAddr = dstAddr
[09:12:22.680] [bmv2] [T] [thread 101557] [75.0] [cxt 0] switch.p4(99) Primitive hdr.ipv4.ttl = hdr.ipv4.ttl - 1
[09:12:22.680] [bmv2] [D] [thread 101557] [75.0] [cxt 0] Pipeline 'ingress': end
[09:12:22.680] [bmv2] [D] [thread 101557] [75.0] [cxt 0] Egress port is 1
[09:12:22.680] [bmv2] [D] [thread 101559] [75.0] [cxt 0] Pipeline 'egress': start
[09:12:22.680] [bmv2] [D] [thread 101559] [75.0] [cxt 0] Pipeline 'egress': end
[09:12:22.680] [bmv2] [D] [thread 101559] [75.0] [cxt 0] Deparser 'deparser': start
[09:12:22.680] [bmv2] [D] [thread 101559] [75.0] [cxt 0] Updating checksum 'cksum'
[09:12:22.680] [bmv2] [D] [thread 101559] [75.0] [cxt 0] Deparsing header 'ethernet'
[09:12:22.680] [bmv2] [D] [thread 101559] [75.0] [cxt 0] Deparsing header 'ipv4'
[09:12:22.680] [bmv2] [D] [thread 101559] [75.0] [cxt 0] Deparser 'deparser': end
[09:12:22.680] [bmv2] [D] [thread 101562] [75.0] [cxt 0] Transmitting packet of size 76 out of port 1
[09:12:22.687] [bmv2] [D] [thread 101557] [76.0] [cxt 0] Processing packet received on port 2
[09:12:22.687] [bmv2] [D] [thread 101557] [76.0] [cxt 0] Parser 'parser': start
[09:12:22.687] [bmv2] [D] [thread 101557] [76.0] [cxt 0] Parser 'parser' entering state 'start'
[09:12:22.687] [bmv2] [D] [thread 101557] [76.0] [cxt 0] Extracting header 'ethernet'
[09:12:22.687] [bmv2] [D] [thread 101557] [76.0] [cxt 0] Parser state 'start': key is 0800
[09:12:22.687] [bmv2] [T] [thread 101557] [76.0] [cxt 0] Bytes parsed: 14
[09:12:22.687] [bmv2] [D] [thread 101557] [76.0] [cxt 0] Parser 'parser' entering state 'parse_ipv4'
[09:12:22.687] [bmv2] [D] [thread 101557] [76.0] [cxt 0] Extracting header 'ipv4'
[09:12:22.687] [bmv2] [D] [thread 101557] [76.0] [cxt 0] Parser state 'parse_ipv4' has no switch, going to default next state
[09:12:22.687] [bmv2] [T] [thread 101557] [76.0] [cxt 0] Bytes parsed: 34
[09:12:22.687] [bmv2] [D] [thread 101557] [76.0] [cxt 0] Parser 'parser': end
[09:12:22.687] [bmv2] [D] [thread 101557] [76.0] [cxt 0] Pipeline 'ingress': start
[09:12:22.687] [bmv2] [T] [thread 101557] [76.0] [cxt 0] switch.p4(116) Condition "hdr.ipv4.isValid()" (node_2) is true
[09:12:22.687] [bmv2] [T] [thread 101557] [76.0] [cxt 0] Applying table 'MyIngress.ipv4_lpm'
[09:12:22.687] [bmv2] [D] [thread 101557] [76.0] [cxt 0] Looking up key:
* hdr.ipv4.dstAddr    : 0a000101

[09:12:22.687] [bmv2] [D] [thread 101557] [76.0] [cxt 0] Table 'MyIngress.ipv4_lpm': hit with handle 0
[09:12:22.687] [bmv2] [D] [thread 101557] [76.0] [cxt 0] Dumping entry 0
Match key:
* hdr.ipv4.dstAddr    : LPM       0a000101/32
Action entry: MyIngress.ipv4_forward - 80000000100,1,

[09:12:22.687] [bmv2] [D] [thread 101557] [76.0] [cxt 0] Action entry is MyIngress.ipv4_forward - 80000000100,1,
[09:12:22.687] [bmv2] [T] [thread 101557] [76.0] [cxt 0] Action MyIngress.ipv4_forward
[09:12:22.687] [bmv2] [T] [thread 101557] [76.0] [cxt 0] switch.p4(96) Primitive standard_metadata.egress_spec = port
[09:12:22.687] [bmv2] [T] [thread 101557] [76.0] [cxt 0] switch.p4(97) Primitive hdr.ethernet.srcAddr = hdr.ethernet.dstAddr
[09:12:22.687] [bmv2] [T] [thread 101557] [76.0] [cxt 0] switch.p4(98) Primitive hdr.ethernet.dstAddr = dstAddr
[09:12:22.687] [bmv2] [T] [thread 101557] [76.0] [cxt 0] switch.p4(99) Primitive hdr.ipv4.ttl = hdr.ipv4.ttl - 1
[09:12:22.687] [bmv2] [D] [thread 101557] [76.0] [cxt 0] Pipeline 'ingress': end
[09:12:22.687] [bmv2] [D] [thread 101557] [76.0] [cxt 0] Egress port is 1
[09:12:22.687] [bmv2] [D] [thread 101559] [76.0] [cxt 0] Pipeline 'egress': start
[09:12:22.687] [bmv2] [D] [thread 101559] [76.0] [cxt 0] Pipeline 'egress': end
[09:12:22.687] [bmv2] [D] [thread 101559] [76.0] [cxt 0] Deparser 'deparser': start
[09:12:22.687] [bmv2] [D] [thread 101559] [76.0] [cxt 0] Updating checksum 'cksum'
[09:12:22.687] [bmv2] [D] [thread 101559] [76.0] [cxt 0] Deparsing header 'ethernet'
[09:12:22.687] [bmv2] [D] [thread 101559] [76.0] [cxt 0] Deparsing header 'ipv4'
[09:12:22.687] [bmv2] [D] [thread 101559] [76.0] [cxt 0] Deparser 'deparser': end
[09:12:22.687] [bmv2] [D] [thread 101562] [76.0] [cxt 0] Transmitting packet of size 308 out of port 1
[09:12:22.687] [bmv2] [D] [thread 101557] [77.0] [cxt 0] Processing packet received on port 1
[09:12:22.687] [bmv2] [D] [thread 101557] [77.0] [cxt 0] Parser 'parser': start
[09:12:22.687] [bmv2] [D] [thread 101557] [77.0] [cxt 0] Parser 'parser' entering state 'start'
[09:12:22.687] [bmv2] [D] [thread 101557] [77.0] [cxt 0] Extracting header 'ethernet'
[09:12:22.687] [bmv2] [D] [thread 101557] [77.0] [cxt 0] Parser state 'start': key is 0800
[09:12:22.687] [bmv2] [T] [thread 101557] [77.0] [cxt 0] Bytes parsed: 14
[09:12:22.687] [bmv2] [D] [thread 101557] [77.0] [cxt 0] Parser 'parser' entering state 'parse_ipv4'
[09:12:22.687] [bmv2] [D] [thread 101557] [77.0] [cxt 0] Extracting header 'ipv4'
[09:12:22.687] [bmv2] [D] [thread 101557] [77.0] [cxt 0] Parser state 'parse_ipv4' has no switch, going to default next state
[09:12:22.687] [bmv2] [T] [thread 101557] [77.0] [cxt 0] Bytes parsed: 34
[09:12:22.687] [bmv2] [D] [thread 101557] [77.0] [cxt 0] Parser 'parser': end
[09:12:22.693] [bmv2] [D] [thread 101557] [77.0] [cxt 0] Pipeline 'ingress': start
[09:12:22.693] [bmv2] [T] [thread 101557] [77.0] [cxt 0] switch.p4(116) Condition "hdr.ipv4.isValid()" (node_2) is true
[09:12:22.693] [bmv2] [T] [thread 101557] [77.0] [cxt 0] Applying table 'MyIngress.ipv4_lpm'
[09:12:22.693] [bmv2] [D] [thread 101557] [77.0] [cxt 0] Looking up key:
* hdr.ipv4.dstAddr    : 0a000202

[09:12:22.693] [bmv2] [D] [thread 101557] [77.0] [cxt 0] Table 'MyIngress.ipv4_lpm': hit with handle 1
[09:12:22.693] [bmv2] [D] [thread 101557] [77.0] [cxt 0] Dumping entry 1
Match key:
* hdr.ipv4.dstAddr    : LPM       0a000202/32
Action entry: MyIngress.ipv4_forward - 80000000300,2,

[09:12:22.693] [bmv2] [D] [thread 101557] [77.0] [cxt 0] Action entry is MyIngress.ipv4_forward - 80000000300,2,
[09:12:22.693] [bmv2] [T] [thread 101557] [77.0] [cxt 0] Action MyIngress.ipv4_forward
[09:12:22.693] [bmv2] [T] [thread 101557] [77.0] [cxt 0] switch.p4(96) Primitive standard_metadata.egress_spec = port
[09:12:22.693] [bmv2] [T] [thread 101557] [77.0] [cxt 0] switch.p4(97) Primitive hdr.ethernet.srcAddr = hdr.ethernet.dstAddr
[09:12:22.693] [bmv2] [T] [thread 101557] [77.0] [cxt 0] switch.p4(98) Primitive hdr.ethernet.dstAddr = dstAddr
[09:12:22.693] [bmv2] [T] [thread 101557] [77.0] [cxt 0] switch.p4(99) Primitive hdr.ipv4.ttl = hdr.ipv4.ttl - 1
[09:12:22.693] [bmv2] [D] [thread 101557] [77.0] [cxt 0] Pipeline 'ingress': end
[09:12:22.693] [bmv2] [D] [thread 101557] [77.0] [cxt 0] Egress port is 2
[09:12:22.693] [bmv2] [D] [thread 101560] [77.0] [cxt 0] Pipeline 'egress': start
[09:12:22.693] [bmv2] [D] [thread 101560] [77.0] [cxt 0] Pipeline 'egress': end
[09:12:22.693] [bmv2] [D] [thread 101560] [77.0] [cxt 0] Deparser 'deparser': start
[09:12:22.693] [bmv2] [D] [thread 101560] [77.0] [cxt 0] Updating checksum 'cksum'
[09:12:22.693] [bmv2] [D] [thread 101560] [77.0] [cxt 0] Deparsing header 'ethernet'
[09:12:22.693] [bmv2] [D] [thread 101560] [77.0] [cxt 0] Deparsing header 'ipv4'
[09:12:22.693] [bmv2] [D] [thread 101560] [77.0] [cxt 0] Deparser 'deparser': end
[09:12:22.693] [bmv2] [D] [thread 101562] [77.0] [cxt 0] Transmitting packet of size 336 out of port 2
[09:12:23.584] [bmv2] [D] [thread 101557] [78.0] [cxt 0] Processing packet received on port 1
[09:12:23.584] [bmv2] [D] [thread 101557] [78.0] [cxt 0] Parser 'parser': start
[09:12:23.584] [bmv2] [D] [thread 101557] [78.0] [cxt 0] Parser 'parser' entering state 'start'
[09:12:23.584] [bmv2] [D] [thread 101557] [78.0] [cxt 0] Extracting header 'ethernet'
[09:12:23.584] [bmv2] [D] [thread 101557] [78.0] [cxt 0] Parser state 'start': key is 0800
[09:12:23.584] [bmv2] [T] [thread 101557] [78.0] [cxt 0] Bytes parsed: 14
[09:12:23.584] [bmv2] [D] [thread 101557] [78.0] [cxt 0] Parser 'parser' entering state 'parse_ipv4'
[09:12:23.584] [bmv2] [D] [thread 101557] [78.0] [cxt 0] Extracting header 'ipv4'
[09:12:23.584] [bmv2] [D] [thread 101557] [78.0] [cxt 0] Parser state 'parse_ipv4' has no switch, going to default next state
[09:12:23.584] [bmv2] [T] [thread 101557] [78.0] [cxt 0] Bytes parsed: 34
[09:12:23.584] [bmv2] [D] [thread 101557] [78.0] [cxt 0] Parser 'parser': end
[09:12:23.584] [bmv2] [D] [thread 101557] [78.0] [cxt 0] Pipeline 'ingress': start
[09:12:23.584] [bmv2] [T] [thread 101557] [78.0] [cxt 0] switch.p4(116) Condition "hdr.ipv4.isValid()" (node_2) is true
[09:12:23.584] [bmv2] [T] [thread 101557] [78.0] [cxt 0] Applying table 'MyIngress.ipv4_lpm'
[09:12:23.584] [bmv2] [D] [thread 101557] [78.0] [cxt 0] Looking up key:
* hdr.ipv4.dstAddr    : 0a000202

[09:12:23.584] [bmv2] [D] [thread 101557] [78.0] [cxt 0] Table 'MyIngress.ipv4_lpm': hit with handle 1
[09:12:23.584] [bmv2] [D] [thread 101557] [78.0] [cxt 0] Dumping entry 1
Match key:
* hdr.ipv4.dstAddr    : LPM       0a000202/32
Action entry: MyIngress.ipv4_forward - 80000000300,2,

[09:12:23.584] [bmv2] [D] [thread 101557] [78.0] [cxt 0] Action entry is MyIngress.ipv4_forward - 80000000300,2,
[09:12:23.584] [bmv2] [T] [thread 101557] [78.0] [cxt 0] Action MyIngress.ipv4_forward
[09:12:23.584] [bmv2] [T] [thread 101557] [78.0] [cxt 0] switch.p4(96) Primitive standard_metadata.egress_spec = port
[09:12:23.584] [bmv2] [T] [thread 101557] [78.0] [cxt 0] switch.p4(97) Primitive hdr.ethernet.srcAddr = hdr.ethernet.dstAddr
[09:12:23.584] [bmv2] [T] [thread 101557] [78.0] [cxt 0] switch.p4(98) Primitive hdr.ethernet.dstAddr = dstAddr
[09:12:23.584] [bmv2] [T] [thread 101557] [78.0] [cxt 0] switch.p4(99) Primitive hdr.ipv4.ttl = hdr.ipv4.ttl - 1
[09:12:23.584] [bmv2] [D] [thread 101557] [78.0] [cxt 0] Pipeline 'ingress': end
[09:12:23.584] [bmv2] [D] [thread 101557] [78.0] [cxt 0] Egress port is 2
[09:12:23.584] [bmv2] [D] [thread 101560] [78.0] [cxt 0] Pipeline 'egress': start
[09:12:23.584] [bmv2] [D] [thread 101560] [78.0] [cxt 0] Pipeline 'egress': end
[09:12:23.584] [bmv2] [D] [thread 101560] [78.0] [cxt 0] Deparser 'deparser': start
[09:12:23.584] [bmv2] [D] [thread 101560] [78.0] [cxt 0] Updating checksum 'cksum'
[09:12:23.584] [bmv2] [D] [thread 101560] [78.0] [cxt 0] Deparsing header 'ethernet'
[09:12:23.584] [bmv2] [D] [thread 101560] [78.0] [cxt 0] Deparsing header 'ipv4'
[09:12:23.584] [bmv2] [D] [thread 101560] [78.0] [cxt 0] Deparser 'deparser': end
[09:12:23.584] [bmv2] [D] [thread 101562] [78.0] [cxt 0] Transmitting packet of size 48 out of port 2
[09:12:23.595] [bmv2] [D] [thread 101557] [79.0] [cxt 0] Processing packet received on port 2
[09:12:23.595] [bmv2] [D] [thread 101557] [79.0] [cxt 0] Parser 'parser': start
[09:12:23.595] [bmv2] [D] [thread 101557] [79.0] [cxt 0] Parser 'parser' entering state 'start'
[09:12:23.595] [bmv2] [D] [thread 101557] [79.0] [cxt 0] Extracting header 'ethernet'
[09:12:23.595] [bmv2] [D] [thread 101557] [79.0] [cxt 0] Parser state 'start': key is 0800
[09:12:23.595] [bmv2] [T] [thread 101557] [79.0] [cxt 0] Bytes parsed: 14
[09:12:23.595] [bmv2] [D] [thread 101557] [79.0] [cxt 0] Parser 'parser' entering state 'parse_ipv4'
[09:12:23.595] [bmv2] [D] [thread 101557] [79.0] [cxt 0] Extracting header 'ipv4'
[09:12:23.595] [bmv2] [D] [thread 101557] [79.0] [cxt 0] Parser state 'parse_ipv4' has no switch, going to default next state
[09:12:23.595] [bmv2] [T] [thread 101557] [79.0] [cxt 0] Bytes parsed: 34
[09:12:23.595] [bmv2] [D] [thread 101557] [79.0] [cxt 0] Parser 'parser': end
[09:12:23.595] [bmv2] [D] [thread 101557] [79.0] [cxt 0] Pipeline 'ingress': start
[09:12:23.595] [bmv2] [T] [thread 101557] [79.0] [cxt 0] switch.p4(116) Condition "hdr.ipv4.isValid()" (node_2) is true
[09:12:23.595] [bmv2] [T] [thread 101557] [79.0] [cxt 0] Applying table 'MyIngress.ipv4_lpm'
[09:12:23.595] [bmv2] [D] [thread 101557] [79.0] [cxt 0] Looking up key:
* hdr.ipv4.dstAddr    : 0a000101

[09:12:23.595] [bmv2] [D] [thread 101557] [79.0] [cxt 0] Table 'MyIngress.ipv4_lpm': hit with handle 0
[09:12:23.595] [bmv2] [D] [thread 101557] [79.0] [cxt 0] Dumping entry 0
Match key:
* hdr.ipv4.dstAddr    : LPM       0a000101/32
Action entry: MyIngress.ipv4_forward - 80000000100,1,

[09:12:23.595] [bmv2] [D] [thread 101557] [79.0] [cxt 0] Action entry is MyIngress.ipv4_forward - 80000000100,1,
[09:12:23.595] [bmv2] [T] [thread 101557] [79.0] [cxt 0] Action MyIngress.ipv4_forward
[09:12:23.595] [bmv2] [T] [thread 101557] [79.0] [cxt 0] switch.p4(96) Primitive standard_metadata.egress_spec = port
[09:12:23.595] [bmv2] [T] [thread 101557] [79.0] [cxt 0] switch.p4(97) Primitive hdr.ethernet.srcAddr = hdr.ethernet.dstAddr
[09:12:23.595] [bmv2] [T] [thread 101557] [79.0] [cxt 0] switch.p4(98) Primitive hdr.ethernet.dstAddr = dstAddr
[09:12:23.595] [bmv2] [T] [thread 101557] [79.0] [cxt 0] switch.p4(99) Primitive hdr.ipv4.ttl = hdr.ipv4.ttl - 1
[09:12:23.595] [bmv2] [D] [thread 101557] [79.0] [cxt 0] Pipeline 'ingress': end
[09:12:23.595] [bmv2] [D] [thread 101557] [79.0] [cxt 0] Egress port is 1
[09:12:23.595] [bmv2] [D] [thread 101559] [79.0] [cxt 0] Pipeline 'egress': start
[09:12:23.596] [bmv2] [D] [thread 101559] [79.0] [cxt 0] Pipeline 'egress': end
[09:12:23.596] [bmv2] [D] [thread 101559] [79.0] [cxt 0] Deparser 'deparser': start
[09:12:23.596] [bmv2] [D] [thread 101559] [79.0] [cxt 0] Updating checksum 'cksum'
[09:12:23.596] [bmv2] [D] [thread 101559] [79.0] [cxt 0] Deparsing header 'ethernet'
[09:12:23.596] [bmv2] [D] [thread 101559] [79.0] [cxt 0] Deparsing header 'ipv4'
[09:12:23.596] [bmv2] [D] [thread 101559] [79.0] [cxt 0] Deparser 'deparser': end
[09:12:23.596] [bmv2] [D] [thread 101562] [79.0] [cxt 0] Transmitting packet of size 76 out of port 1
[09:12:23.603] [bmv2] [D] [thread 101557] [80.0] [cxt 0] Processing packet received on port 2
[09:12:23.603] [bmv2] [D] [thread 101557] [80.0] [cxt 0] Parser 'parser': start
[09:12:23.603] [bmv2] [D] [thread 101557] [80.0] [cxt 0] Parser 'parser' entering state 'start'
[09:12:23.603] [bmv2] [D] [thread 101557] [80.0] [cxt 0] Extracting header 'ethernet'
[09:12:23.603] [bmv2] [D] [thread 101557] [80.0] [cxt 0] Parser state 'start': key is 0800
[09:12:23.603] [bmv2] [T] [thread 101557] [80.0] [cxt 0] Bytes parsed: 14
[09:12:23.603] [bmv2] [D] [thread 101557] [80.0] [cxt 0] Parser 'parser' entering state 'parse_ipv4'
[09:12:23.603] [bmv2] [D] [thread 101557] [80.0] [cxt 0] Extracting header 'ipv4'
[09:12:23.603] [bmv2] [D] [thread 101557] [80.0] [cxt 0] Parser state 'parse_ipv4' has no switch, going to default next state
[09:12:23.603] [bmv2] [T] [thread 101557] [80.0] [cxt 0] Bytes parsed: 34
[09:12:23.603] [bmv2] [D] [thread 101557] [80.0] [cxt 0] Parser 'parser': end
[09:12:23.603] [bmv2] [D] [thread 101557] [80.0] [cxt 0] Pipeline 'ingress': start
[09:12:23.603] [bmv2] [T] [thread 101557] [80.0] [cxt 0] switch.p4(116) Condition "hdr.ipv4.isValid()" (node_2) is true
[09:12:23.603] [bmv2] [T] [thread 101557] [80.0] [cxt 0] Applying table 'MyIngress.ipv4_lpm'
[09:12:23.603] [bmv2] [D] [thread 101557] [80.0] [cxt 0] Looking up key:
* hdr.ipv4.dstAddr    : 0a000101

[09:12:23.603] [bmv2] [D] [thread 101557] [80.0] [cxt 0] Table 'MyIngress.ipv4_lpm': hit with handle 0
[09:12:23.603] [bmv2] [D] [thread 101557] [80.0] [cxt 0] Dumping entry 0
Match key:
* hdr.ipv4.dstAddr    : LPM       0a000101/32
Action entry: MyIngress.ipv4_forward - 80000000100,1,

[09:12:23.603] [bmv2] [D] [thread 101557] [80.0] [cxt 0] Action entry is MyIngress.ipv4_forward - 80000000100,1,
[09:12:23.603] [bmv2] [T] [thread 101557] [80.0] [cxt 0] Action MyIngress.ipv4_forward
[09:12:23.603] [bmv2] [T] [thread 101557] [80.0] [cxt 0] switch.p4(96) Primitive standard_metadata.egress_spec = port
[09:12:23.603] [bmv2] [T] [thread 101557] [80.0] [cxt 0] switch.p4(97) Primitive hdr.ethernet.srcAddr = hdr.ethernet.dstAddr
[09:12:23.603] [bmv2] [T] [thread 101557] [80.0] [cxt 0] switch.p4(98) Primitive hdr.ethernet.dstAddr = dstAddr
[09:12:23.603] [bmv2] [T] [thread 101557] [80.0] [cxt 0] switch.p4(99) Primitive hdr.ipv4.ttl = hdr.ipv4.ttl - 1
[09:12:23.603] [bmv2] [D] [thread 101557] [80.0] [cxt 0] Pipeline 'ingress': end
[09:12:23.603] [bmv2] [D] [thread 101557] [80.0] [cxt 0] Egress port is 1
[09:12:23.603] [bmv2] [D] [thread 101559] [80.0] [cxt 0] Pipeline 'egress': start
[09:12:23.603] [bmv2] [D] [thread 101559] [80.0] [cxt 0] Pipeline 'egress': end
[09:12:23.603] [bmv2] [D] [thread 101559] [80.0] [cxt 0] Deparser 'deparser': start
[09:12:23.603] [bmv2] [D] [thread 101559] [80.0] [cxt 0] Updating checksum 'cksum'
[09:12:23.603] [bmv2] [D] [thread 101559] [80.0] [cxt 0] Deparsing header 'ethernet'
[09:12:23.603] [bmv2] [D] [thread 101559] [80.0] [cxt 0] Deparsing header 'ipv4'
[09:12:23.603] [bmv2] [D] [thread 101559] [80.0] [cxt 0] Deparser 'deparser': end
[09:12:23.603] [bmv2] [D] [thread 101562] [80.0] [cxt 0] Transmitting packet of size 308 out of port 1
[09:12:23.603] [bmv2] [D] [thread 101557] [81.0] [cxt 0] Processing packet received on port 1
[09:12:23.603] [bmv2] [D] [thread 101557] [81.0] [cxt 0] Parser 'parser': start
[09:12:23.603] [bmv2] [D] [thread 101557] [81.0] [cxt 0] Parser 'parser' entering state 'start'
[09:12:23.603] [bmv2] [D] [thread 101557] [81.0] [cxt 0] Extracting header 'ethernet'
[09:12:23.603] [bmv2] [D] [thread 101557] [81.0] [cxt 0] Parser state 'start': key is 0800
[09:12:23.603] [bmv2] [T] [thread 101557] [81.0] [cxt 0] Bytes parsed: 14
[09:12:23.603] [bmv2] [D] [thread 101557] [81.0] [cxt 0] Parser 'parser' entering state 'parse_ipv4'
[09:12:23.603] [bmv2] [D] [thread 101557] [81.0] [cxt 0] Extracting header 'ipv4'
[09:12:23.603] [bmv2] [D] [thread 101557] [81.0] [cxt 0] Parser state 'parse_ipv4' has no switch, going to default next state
[09:12:23.603] [bmv2] [T] [thread 101557] [81.0] [cxt 0] Bytes parsed: 34
[09:12:23.603] [bmv2] [D] [thread 101557] [81.0] [cxt 0] Parser 'parser': end
[09:12:23.603] [bmv2] [D] [thread 101557] [81.0] [cxt 0] Pipeline 'ingress': start
[09:12:23.603] [bmv2] [T] [thread 101557] [81.0] [cxt 0] switch.p4(116) Condition "hdr.ipv4.isValid()" (node_2) is true
[09:12:23.603] [bmv2] [T] [thread 101557] [81.0] [cxt 0] Applying table 'MyIngress.ipv4_lpm'
[09:12:23.603] [bmv2] [D] [thread 101557] [81.0] [cxt 0] Looking up key:
* hdr.ipv4.dstAddr    : 0a000202

[09:12:23.603] [bmv2] [D] [thread 101557] [81.0] [cxt 0] Table 'MyIngress.ipv4_lpm': hit with handle 1
[09:12:23.603] [bmv2] [D] [thread 101557] [81.0] [cxt 0] Dumping entry 1
Match key:
* hdr.ipv4.dstAddr    : LPM       0a000202/32
Action entry: MyIngress.ipv4_forward - 80000000300,2,

[09:12:23.603] [bmv2] [D] [thread 101557] [81.0] [cxt 0] Action entry is MyIngress.ipv4_forward - 80000000300,2,
[09:12:23.603] [bmv2] [T] [thread 101557] [81.0] [cxt 0] Action MyIngress.ipv4_forward
[09:12:23.603] [bmv2] [T] [thread 101557] [81.0] [cxt 0] switch.p4(96) Primitive standard_metadata.egress_spec = port
[09:12:23.603] [bmv2] [T] [thread 101557] [81.0] [cxt 0] switch.p4(97) Primitive hdr.ethernet.srcAddr = hdr.ethernet.dstAddr
[09:12:23.603] [bmv2] [T] [thread 101557] [81.0] [cxt 0] switch.p4(98) Primitive hdr.ethernet.dstAddr = dstAddr
[09:12:23.603] [bmv2] [T] [thread 101557] [81.0] [cxt 0] switch.p4(99) Primitive hdr.ipv4.ttl = hdr.ipv4.ttl - 1
[09:12:23.603] [bmv2] [D] [thread 101557] [81.0] [cxt 0] Pipeline 'ingress': end
[09:12:23.603] [bmv2] [D] [thread 101557] [81.0] [cxt 0] Egress port is 2
[09:12:23.609] [bmv2] [D] [thread 101560] [81.0] [cxt 0] Pipeline 'egress': start
[09:12:23.609] [bmv2] [D] [thread 101560] [81.0] [cxt 0] Pipeline 'egress': end
[09:12:23.609] [bmv2] [D] [thread 101560] [81.0] [cxt 0] Deparser 'deparser': start
[09:12:23.609] [bmv2] [D] [thread 101560] [81.0] [cxt 0] Updating checksum 'cksum'
[09:12:23.609] [bmv2] [D] [thread 101560] [81.0] [cxt 0] Deparsing header 'ethernet'
[09:12:23.609] [bmv2] [D] [thread 101560] [81.0] [cxt 0] Deparsing header 'ipv4'
[09:12:23.609] [bmv2] [D] [thread 101560] [81.0] [cxt 0] Deparser 'deparser': end
[09:12:23.609] [bmv2] [D] [thread 101562] [81.0] [cxt 0] Transmitting packet of size 336 out of port 2
[09:12:24.599] [bmv2] [D] [thread 101557] [82.0] [cxt 0] Processing packet received on port 1
[09:12:24.599] [bmv2] [D] [thread 101557] [82.0] [cxt 0] Parser 'parser': start
[09:12:24.599] [bmv2] [D] [thread 101557] [82.0] [cxt 0] Parser 'parser' entering state 'start'
[09:12:24.599] [bmv2] [D] [thread 101557] [82.0] [cxt 0] Extracting header 'ethernet'
[09:12:24.599] [bmv2] [D] [thread 101557] [82.0] [cxt 0] Parser state 'start': key is 0800
[09:12:24.599] [bmv2] [T] [thread 101557] [82.0] [cxt 0] Bytes parsed: 14
[09:12:24.599] [bmv2] [D] [thread 101557] [82.0] [cxt 0] Parser 'parser' entering state 'parse_ipv4'
[09:12:24.599] [bmv2] [D] [thread 101557] [82.0] [cxt 0] Extracting header 'ipv4'
[09:12:24.599] [bmv2] [D] [thread 101557] [82.0] [cxt 0] Parser state 'parse_ipv4' has no switch, going to default next state
[09:12:24.599] [bmv2] [T] [thread 101557] [82.0] [cxt 0] Bytes parsed: 34
[09:12:24.599] [bmv2] [D] [thread 101557] [82.0] [cxt 0] Parser 'parser': end
[09:12:24.599] [bmv2] [D] [thread 101557] [82.0] [cxt 0] Pipeline 'ingress': start
[09:12:24.599] [bmv2] [T] [thread 101557] [82.0] [cxt 0] switch.p4(116) Condition "hdr.ipv4.isValid()" (node_2) is true
[09:12:24.599] [bmv2] [T] [thread 101557] [82.0] [cxt 0] Applying table 'MyIngress.ipv4_lpm'
[09:12:24.599] [bmv2] [D] [thread 101557] [82.0] [cxt 0] Looking up key:
* hdr.ipv4.dstAddr    : 0a000202

[09:12:24.599] [bmv2] [D] [thread 101557] [82.0] [cxt 0] Table 'MyIngress.ipv4_lpm': hit with handle 1
[09:12:24.599] [bmv2] [D] [thread 101557] [82.0] [cxt 0] Dumping entry 1
Match key:
* hdr.ipv4.dstAddr    : LPM       0a000202/32
Action entry: MyIngress.ipv4_forward - 80000000300,2,

[09:12:24.599] [bmv2] [D] [thread 101557] [82.0] [cxt 0] Action entry is MyIngress.ipv4_forward - 80000000300,2,
[09:12:24.599] [bmv2] [T] [thread 101557] [82.0] [cxt 0] Action MyIngress.ipv4_forward
[09:12:24.599] [bmv2] [T] [thread 101557] [82.0] [cxt 0] switch.p4(96) Primitive standard_metadata.egress_spec = port
[09:12:24.599] [bmv2] [T] [thread 101557] [82.0] [cxt 0] switch.p4(97) Primitive hdr.ethernet.srcAddr = hdr.ethernet.dstAddr
[09:12:24.599] [bmv2] [T] [thread 101557] [82.0] [cxt 0] switch.p4(98) Primitive hdr.ethernet.dstAddr = dstAddr
[09:12:24.599] [bmv2] [T] [thread 101557] [82.0] [cxt 0] switch.p4(99) Primitive hdr.ipv4.ttl = hdr.ipv4.ttl - 1
[09:12:24.599] [bmv2] [D] [thread 101557] [82.0] [cxt 0] Pipeline 'ingress': end
[09:12:24.599] [bmv2] [D] [thread 101557] [82.0] [cxt 0] Egress port is 2
[09:12:24.606] [bmv2] [D] [thread 101560] [82.0] [cxt 0] Pipeline 'egress': start
[09:12:24.606] [bmv2] [D] [thread 101560] [82.0] [cxt 0] Pipeline 'egress': end
[09:12:24.606] [bmv2] [D] [thread 101560] [82.0] [cxt 0] Deparser 'deparser': start
[09:12:24.606] [bmv2] [D] [thread 101560] [82.0] [cxt 0] Updating checksum 'cksum'
[09:12:24.606] [bmv2] [D] [thread 101560] [82.0] [cxt 0] Deparsing header 'ethernet'
[09:12:24.607] [bmv2] [D] [thread 101560] [82.0] [cxt 0] Deparsing header 'ipv4'
[09:12:24.607] [bmv2] [D] [thread 101560] [82.0] [cxt 0] Deparser 'deparser': end
[09:12:24.608] [bmv2] [D] [thread 101562] [82.0] [cxt 0] Transmitting packet of size 48 out of port 2
[09:12:24.616] [bmv2] [D] [thread 101557] [83.0] [cxt 0] Processing packet received on port 2
[09:12:24.616] [bmv2] [D] [thread 101557] [83.0] [cxt 0] Parser 'parser': start
[09:12:24.616] [bmv2] [D] [thread 101557] [83.0] [cxt 0] Parser 'parser' entering state 'start'
[09:12:24.616] [bmv2] [D] [thread 101557] [83.0] [cxt 0] Extracting header 'ethernet'
[09:12:24.616] [bmv2] [D] [thread 101557] [83.0] [cxt 0] Parser state 'start': key is 0800
[09:12:24.616] [bmv2] [T] [thread 101557] [83.0] [cxt 0] Bytes parsed: 14
[09:12:24.616] [bmv2] [D] [thread 101557] [83.0] [cxt 0] Parser 'parser' entering state 'parse_ipv4'
[09:12:24.616] [bmv2] [D] [thread 101557] [83.0] [cxt 0] Extracting header 'ipv4'
[09:12:24.618] [bmv2] [D] [thread 101557] [83.0] [cxt 0] Parser state 'parse_ipv4' has no switch, going to default next state
[09:12:24.619] [bmv2] [T] [thread 101557] [83.0] [cxt 0] Bytes parsed: 34
[09:12:24.620] [bmv2] [D] [thread 101557] [83.0] [cxt 0] Parser 'parser': end
[09:12:24.620] [bmv2] [D] [thread 101557] [83.0] [cxt 0] Pipeline 'ingress': start
[09:12:24.620] [bmv2] [T] [thread 101557] [83.0] [cxt 0] switch.p4(116) Condition "hdr.ipv4.isValid()" (node_2) is true
[09:12:24.620] [bmv2] [T] [thread 101557] [83.0] [cxt 0] Applying table 'MyIngress.ipv4_lpm'
[09:12:24.620] [bmv2] [D] [thread 101557] [83.0] [cxt 0] Looking up key:
* hdr.ipv4.dstAddr    : 0a000101

[09:12:24.620] [bmv2] [D] [thread 101557] [83.0] [cxt 0] Table 'MyIngress.ipv4_lpm': hit with handle 0
[09:12:24.620] [bmv2] [D] [thread 101557] [83.0] [cxt 0] Dumping entry 0
Match key:
* hdr.ipv4.dstAddr    : LPM       0a000101/32
Action entry: MyIngress.ipv4_forward - 80000000100,1,

[09:12:24.620] [bmv2] [D] [thread 101557] [83.0] [cxt 0] Action entry is MyIngress.ipv4_forward - 80000000100,1,
[09:12:24.620] [bmv2] [T] [thread 101557] [83.0] [cxt 0] Action MyIngress.ipv4_forward
[09:12:24.620] [bmv2] [T] [thread 101557] [83.0] [cxt 0] switch.p4(96) Primitive standard_metadata.egress_spec = port
[09:12:24.620] [bmv2] [T] [thread 101557] [83.0] [cxt 0] switch.p4(97) Primitive hdr.ethernet.srcAddr = hdr.ethernet.dstAddr
[09:12:24.620] [bmv2] [T] [thread 101557] [83.0] [cxt 0] switch.p4(98) Primitive hdr.ethernet.dstAddr = dstAddr
[09:12:24.620] [bmv2] [T] [thread 101557] [83.0] [cxt 0] switch.p4(99) Primitive hdr.ipv4.ttl = hdr.ipv4.ttl - 1
[09:12:24.620] [bmv2] [D] [thread 101557] [83.0] [cxt 0] Pipeline 'ingress': end
[09:12:24.620] [bmv2] [D] [thread 101557] [83.0] [cxt 0] Egress port is 1
[09:12:24.620] [bmv2] [D] [thread 101557] [84.0] [cxt 0] Processing packet received on port 2
[09:12:24.620] [bmv2] [D] [thread 101557] [84.0] [cxt 0] Parser 'parser': start
[09:12:24.620] [bmv2] [D] [thread 101557] [84.0] [cxt 0] Parser 'parser' entering state 'start'
[09:12:24.620] [bmv2] [D] [thread 101557] [84.0] [cxt 0] Extracting header 'ethernet'
[09:12:24.620] [bmv2] [D] [thread 101557] [84.0] [cxt 0] Parser state 'start': key is 0800
[09:12:24.620] [bmv2] [T] [thread 101557] [84.0] [cxt 0] Bytes parsed: 14
[09:12:24.620] [bmv2] [D] [thread 101557] [84.0] [cxt 0] Parser 'parser' entering state 'parse_ipv4'
[09:12:24.620] [bmv2] [D] [thread 101557] [84.0] [cxt 0] Extracting header 'ipv4'
[09:12:24.620] [bmv2] [D] [thread 101557] [84.0] [cxt 0] Parser state 'parse_ipv4' has no switch, going to default next state
[09:12:24.620] [bmv2] [T] [thread 101557] [84.0] [cxt 0] Bytes parsed: 34
[09:12:24.620] [bmv2] [D] [thread 101557] [84.0] [cxt 0] Parser 'parser': end
[09:12:24.620] [bmv2] [D] [thread 101557] [84.0] [cxt 0] Pipeline 'ingress': start
[09:12:24.620] [bmv2] [T] [thread 101557] [84.0] [cxt 0] switch.p4(116) Condition "hdr.ipv4.isValid()" (node_2) is true
[09:12:24.620] [bmv2] [T] [thread 101557] [84.0] [cxt 0] Applying table 'MyIngress.ipv4_lpm'
[09:12:24.620] [bmv2] [D] [thread 101557] [84.0] [cxt 0] Looking up key:
* hdr.ipv4.dstAddr    : 0a000101

[09:12:24.622] [bmv2] [D] [thread 101557] [84.0] [cxt 0] Table 'MyIngress.ipv4_lpm': hit with handle 0
[09:12:24.622] [bmv2] [D] [thread 101557] [84.0] [cxt 0] Dumping entry 0
Match key:
* hdr.ipv4.dstAddr    : LPM       0a000101/32
Action entry: MyIngress.ipv4_forward - 80000000100,1,

[09:12:24.622] [bmv2] [D] [thread 101557] [84.0] [cxt 0] Action entry is MyIngress.ipv4_forward - 80000000100,1,
[09:12:24.622] [bmv2] [T] [thread 101557] [84.0] [cxt 0] Action MyIngress.ipv4_forward
[09:12:24.622] [bmv2] [T] [thread 101557] [84.0] [cxt 0] switch.p4(96) Primitive standard_metadata.egress_spec = port
[09:12:24.622] [bmv2] [T] [thread 101557] [84.0] [cxt 0] switch.p4(97) Primitive hdr.ethernet.srcAddr = hdr.ethernet.dstAddr
[09:12:24.622] [bmv2] [T] [thread 101557] [84.0] [cxt 0] switch.p4(98) Primitive hdr.ethernet.dstAddr = dstAddr
[09:12:24.622] [bmv2] [T] [thread 101557] [84.0] [cxt 0] switch.p4(99) Primitive hdr.ipv4.ttl = hdr.ipv4.ttl - 1
[09:12:24.622] [bmv2] [D] [thread 101557] [84.0] [cxt 0] Pipeline 'ingress': end
[09:12:24.622] [bmv2] [D] [thread 101557] [84.0] [cxt 0] Egress port is 1
[09:12:24.622] [bmv2] [D] [thread 101559] [83.0] [cxt 0] Pipeline 'egress': start
[09:12:24.622] [bmv2] [D] [thread 101559] [83.0] [cxt 0] Pipeline 'egress': end
[09:12:24.622] [bmv2] [D] [thread 101559] [83.0] [cxt 0] Deparser 'deparser': start
[09:12:24.622] [bmv2] [D] [thread 101559] [83.0] [cxt 0] Updating checksum 'cksum'
[09:12:24.622] [bmv2] [D] [thread 101559] [83.0] [cxt 0] Deparsing header 'ethernet'
[09:12:24.622] [bmv2] [D] [thread 101559] [83.0] [cxt 0] Deparsing header 'ipv4'
[09:12:24.622] [bmv2] [D] [thread 101559] [83.0] [cxt 0] Deparser 'deparser': end
[09:12:24.622] [bmv2] [D] [thread 101559] [84.0] [cxt 0] Pipeline 'egress': start
[09:12:24.622] [bmv2] [D] [thread 101559] [84.0] [cxt 0] Pipeline 'egress': end
[09:12:24.622] [bmv2] [D] [thread 101559] [84.0] [cxt 0] Deparser 'deparser': start
[09:12:24.622] [bmv2] [D] [thread 101559] [84.0] [cxt 0] Updating checksum 'cksum'
[09:12:24.622] [bmv2] [D] [thread 101559] [84.0] [cxt 0] Deparsing header 'ethernet'
[09:12:24.622] [bmv2] [D] [thread 101559] [84.0] [cxt 0] Deparsing header 'ipv4'
[09:12:24.622] [bmv2] [D] [thread 101559] [84.0] [cxt 0] Deparser 'deparser': end
[09:12:24.623] [bmv2] [D] [thread 101562] [83.0] [cxt 0] Transmitting packet of size 76 out of port 1
[09:12:24.624] [bmv2] [D] [thread 101562] [84.0] [cxt 0] Transmitting packet of size 308 out of port 1
[09:12:24.649] [bmv2] [D] [thread 101557] [85.0] [cxt 0] Processing packet received on port 1
[09:12:24.649] [bmv2] [D] [thread 101557] [85.0] [cxt 0] Parser 'parser': start
[09:12:24.649] [bmv2] [D] [thread 101557] [85.0] [cxt 0] Parser 'parser' entering state 'start'
[09:12:24.649] [bmv2] [D] [thread 101557] [85.0] [cxt 0] Extracting header 'ethernet'
[09:12:24.649] [bmv2] [D] [thread 101557] [85.0] [cxt 0] Parser state 'start': key is 0800
[09:12:24.649] [bmv2] [T] [thread 101557] [85.0] [cxt 0] Bytes parsed: 14
[09:12:24.649] [bmv2] [D] [thread 101557] [85.0] [cxt 0] Parser 'parser' entering state 'parse_ipv4'
[09:12:24.649] [bmv2] [D] [thread 101557] [85.0] [cxt 0] Extracting header 'ipv4'
[09:12:24.649] [bmv2] [D] [thread 101557] [85.0] [cxt 0] Parser state 'parse_ipv4' has no switch, going to default next state
[09:12:24.649] [bmv2] [T] [thread 101557] [85.0] [cxt 0] Bytes parsed: 34
[09:12:24.649] [bmv2] [D] [thread 101557] [85.0] [cxt 0] Parser 'parser': end
[09:12:24.649] [bmv2] [D] [thread 101557] [85.0] [cxt 0] Pipeline 'ingress': start
[09:12:24.649] [bmv2] [T] [thread 101557] [85.0] [cxt 0] switch.p4(116) Condition "hdr.ipv4.isValid()" (node_2) is true
[09:12:24.649] [bmv2] [T] [thread 101557] [85.0] [cxt 0] Applying table 'MyIngress.ipv4_lpm'
[09:12:24.649] [bmv2] [D] [thread 101557] [85.0] [cxt 0] Looking up key:
* hdr.ipv4.dstAddr    : 0a000202

[09:12:24.649] [bmv2] [D] [thread 101557] [85.0] [cxt 0] Table 'MyIngress.ipv4_lpm': hit with handle 1
[09:12:24.649] [bmv2] [D] [thread 101557] [85.0] [cxt 0] Dumping entry 1
Match key:
* hdr.ipv4.dstAddr    : LPM       0a000202/32
Action entry: MyIngress.ipv4_forward - 80000000300,2,

[09:12:24.649] [bmv2] [D] [thread 101557] [85.0] [cxt 0] Action entry is MyIngress.ipv4_forward - 80000000300,2,
[09:12:24.649] [bmv2] [T] [thread 101557] [85.0] [cxt 0] Action MyIngress.ipv4_forward
[09:12:24.649] [bmv2] [T] [thread 101557] [85.0] [cxt 0] switch.p4(96) Primitive standard_metadata.egress_spec = port
[09:12:24.649] [bmv2] [T] [thread 101557] [85.0] [cxt 0] switch.p4(97) Primitive hdr.ethernet.srcAddr = hdr.ethernet.dstAddr
[09:12:24.649] [bmv2] [T] [thread 101557] [85.0] [cxt 0] switch.p4(98) Primitive hdr.ethernet.dstAddr = dstAddr
[09:12:24.649] [bmv2] [T] [thread 101557] [85.0] [cxt 0] switch.p4(99) Primitive hdr.ipv4.ttl = hdr.ipv4.ttl - 1
[09:12:24.649] [bmv2] [D] [thread 101557] [85.0] [cxt 0] Pipeline 'ingress': end
[09:12:24.649] [bmv2] [D] [thread 101557] [85.0] [cxt 0] Egress port is 2
[09:12:24.649] [bmv2] [D] [thread 101560] [85.0] [cxt 0] Pipeline 'egress': start
[09:12:24.649] [bmv2] [D] [thread 101560] [85.0] [cxt 0] Pipeline 'egress': end
[09:12:24.649] [bmv2] [D] [thread 101560] [85.0] [cxt 0] Deparser 'deparser': start
[09:12:24.649] [bmv2] [D] [thread 101560] [85.0] [cxt 0] Updating checksum 'cksum'
[09:12:24.649] [bmv2] [D] [thread 101560] [85.0] [cxt 0] Deparsing header 'ethernet'
[09:12:24.649] [bmv2] [D] [thread 101560] [85.0] [cxt 0] Deparsing header 'ipv4'
[09:12:24.649] [bmv2] [D] [thread 101560] [85.0] [cxt 0] Deparser 'deparser': end
[09:12:24.649] [bmv2] [D] [thread 101562] [85.0] [cxt 0] Transmitting packet of size 336 out of port 2
[09:12:25.662] [bmv2] [D] [thread 101557] [86.0] [cxt 0] Processing packet received on port 1
[09:12:25.662] [bmv2] [D] [thread 101557] [86.0] [cxt 0] Parser 'parser': start
[09:12:25.662] [bmv2] [D] [thread 101557] [86.0] [cxt 0] Parser 'parser' entering state 'start'
[09:12:25.662] [bmv2] [D] [thread 101557] [86.0] [cxt 0] Extracting header 'ethernet'
[09:12:25.662] [bmv2] [D] [thread 101557] [86.0] [cxt 0] Parser state 'start': key is 0800
[09:12:25.662] [bmv2] [T] [thread 101557] [86.0] [cxt 0] Bytes parsed: 14
[09:12:25.662] [bmv2] [D] [thread 101557] [86.0] [cxt 0] Parser 'parser' entering state 'parse_ipv4'
[09:12:25.662] [bmv2] [D] [thread 101557] [86.0] [cxt 0] Extracting header 'ipv4'
[09:12:25.662] [bmv2] [D] [thread 101557] [86.0] [cxt 0] Parser state 'parse_ipv4' has no switch, going to default next state
[09:12:25.662] [bmv2] [T] [thread 101557] [86.0] [cxt 0] Bytes parsed: 34
[09:12:25.662] [bmv2] [D] [thread 101557] [86.0] [cxt 0] Parser 'parser': end
[09:12:25.662] [bmv2] [D] [thread 101557] [86.0] [cxt 0] Pipeline 'ingress': start
[09:12:25.662] [bmv2] [T] [thread 101557] [86.0] [cxt 0] switch.p4(116) Condition "hdr.ipv4.isValid()" (node_2) is true
[09:12:25.662] [bmv2] [T] [thread 101557] [86.0] [cxt 0] Applying table 'MyIngress.ipv4_lpm'
[09:12:25.662] [bmv2] [D] [thread 101557] [86.0] [cxt 0] Looking up key:
* hdr.ipv4.dstAddr    : 0a000202

[09:12:25.662] [bmv2] [D] [thread 101557] [86.0] [cxt 0] Table 'MyIngress.ipv4_lpm': hit with handle 1
[09:12:25.662] [bmv2] [D] [thread 101557] [86.0] [cxt 0] Dumping entry 1
Match key:
* hdr.ipv4.dstAddr    : LPM       0a000202/32
Action entry: MyIngress.ipv4_forward - 80000000300,2,

[09:12:25.662] [bmv2] [D] [thread 101557] [86.0] [cxt 0] Action entry is MyIngress.ipv4_forward - 80000000300,2,
[09:12:25.662] [bmv2] [T] [thread 101557] [86.0] [cxt 0] Action MyIngress.ipv4_forward
[09:12:25.662] [bmv2] [T] [thread 101557] [86.0] [cxt 0] switch.p4(96) Primitive standard_metadata.egress_spec = port
[09:12:25.662] [bmv2] [T] [thread 101557] [86.0] [cxt 0] switch.p4(97) Primitive hdr.ethernet.srcAddr = hdr.ethernet.dstAddr
[09:12:25.662] [bmv2] [T] [thread 101557] [86.0] [cxt 0] switch.p4(98) Primitive hdr.ethernet.dstAddr = dstAddr
[09:12:25.662] [bmv2] [T] [thread 101557] [86.0] [cxt 0] switch.p4(99) Primitive hdr.ipv4.ttl = hdr.ipv4.ttl - 1
[09:12:25.662] [bmv2] [D] [thread 101557] [86.0] [cxt 0] Pipeline 'ingress': end
[09:12:25.662] [bmv2] [D] [thread 101557] [86.0] [cxt 0] Egress port is 2
[09:12:25.662] [bmv2] [D] [thread 101560] [86.0] [cxt 0] Pipeline 'egress': start
[09:12:25.662] [bmv2] [D] [thread 101560] [86.0] [cxt 0] Pipeline 'egress': end
[09:12:25.662] [bmv2] [D] [thread 101560] [86.0] [cxt 0] Deparser 'deparser': start
[09:12:25.662] [bmv2] [D] [thread 101560] [86.0] [cxt 0] Updating checksum 'cksum'
[09:12:25.662] [bmv2] [D] [thread 101560] [86.0] [cxt 0] Deparsing header 'ethernet'
[09:12:25.662] [bmv2] [D] [thread 101560] [86.0] [cxt 0] Deparsing header 'ipv4'
[09:12:25.662] [bmv2] [D] [thread 101560] [86.0] [cxt 0] Deparser 'deparser': end
[09:12:25.662] [bmv2] [D] [thread 101562] [86.0] [cxt 0] Transmitting packet of size 48 out of port 2
[09:12:25.667] [bmv2] [D] [thread 101557] [87.0] [cxt 0] Processing packet received on port 2
[09:12:25.667] [bmv2] [D] [thread 101557] [87.0] [cxt 0] Parser 'parser': start
[09:12:25.667] [bmv2] [D] [thread 101557] [87.0] [cxt 0] Parser 'parser' entering state 'start'
[09:12:25.667] [bmv2] [D] [thread 101557] [87.0] [cxt 0] Extracting header 'ethernet'
[09:12:25.667] [bmv2] [D] [thread 101557] [87.0] [cxt 0] Parser state 'start': key is 0800
[09:12:25.667] [bmv2] [T] [thread 101557] [87.0] [cxt 0] Bytes parsed: 14
[09:12:25.667] [bmv2] [D] [thread 101557] [87.0] [cxt 0] Parser 'parser' entering state 'parse_ipv4'
[09:12:25.667] [bmv2] [D] [thread 101557] [87.0] [cxt 0] Extracting header 'ipv4'
[09:12:25.667] [bmv2] [D] [thread 101557] [87.0] [cxt 0] Parser state 'parse_ipv4' has no switch, going to default next state
[09:12:25.667] [bmv2] [T] [thread 101557] [87.0] [cxt 0] Bytes parsed: 34
[09:12:25.667] [bmv2] [D] [thread 101557] [87.0] [cxt 0] Parser 'parser': end
[09:12:25.667] [bmv2] [D] [thread 101557] [87.0] [cxt 0] Pipeline 'ingress': start
[09:12:25.667] [bmv2] [T] [thread 101557] [87.0] [cxt 0] switch.p4(116) Condition "hdr.ipv4.isValid()" (node_2) is true
[09:12:25.667] [bmv2] [T] [thread 101557] [87.0] [cxt 0] Applying table 'MyIngress.ipv4_lpm'
[09:12:25.667] [bmv2] [D] [thread 101557] [87.0] [cxt 0] Looking up key:
* hdr.ipv4.dstAddr    : 0a000101

[09:12:25.667] [bmv2] [D] [thread 101557] [87.0] [cxt 0] Table 'MyIngress.ipv4_lpm': hit with handle 0
[09:12:25.667] [bmv2] [D] [thread 101557] [87.0] [cxt 0] Dumping entry 0
Match key:
* hdr.ipv4.dstAddr    : LPM       0a000101/32
Action entry: MyIngress.ipv4_forward - 80000000100,1,

[09:12:25.667] [bmv2] [D] [thread 101557] [87.0] [cxt 0] Action entry is MyIngress.ipv4_forward - 80000000100,1,
[09:12:25.667] [bmv2] [T] [thread 101557] [87.0] [cxt 0] Action MyIngress.ipv4_forward
[09:12:25.667] [bmv2] [T] [thread 101557] [87.0] [cxt 0] switch.p4(96) Primitive standard_metadata.egress_spec = port
[09:12:25.667] [bmv2] [T] [thread 101557] [87.0] [cxt 0] switch.p4(97) Primitive hdr.ethernet.srcAddr = hdr.ethernet.dstAddr
[09:12:25.667] [bmv2] [T] [thread 101557] [87.0] [cxt 0] switch.p4(98) Primitive hdr.ethernet.dstAddr = dstAddr
[09:12:25.667] [bmv2] [T] [thread 101557] [87.0] [cxt 0] switch.p4(99) Primitive hdr.ipv4.ttl = hdr.ipv4.ttl - 1
[09:12:25.667] [bmv2] [D] [thread 101557] [87.0] [cxt 0] Pipeline 'ingress': end
[09:12:25.667] [bmv2] [D] [thread 101557] [87.0] [cxt 0] Egress port is 1
[09:12:25.667] [bmv2] [D] [thread 101559] [87.0] [cxt 0] Pipeline 'egress': start
[09:12:25.667] [bmv2] [D] [thread 101559] [87.0] [cxt 0] Pipeline 'egress': end
[09:12:25.667] [bmv2] [D] [thread 101559] [87.0] [cxt 0] Deparser 'deparser': start
[09:12:25.667] [bmv2] [D] [thread 101559] [87.0] [cxt 0] Updating checksum 'cksum'
[09:12:25.667] [bmv2] [D] [thread 101559] [87.0] [cxt 0] Deparsing header 'ethernet'
[09:12:25.667] [bmv2] [D] [thread 101559] [87.0] [cxt 0] Deparsing header 'ipv4'
[09:12:25.667] [bmv2] [D] [thread 101559] [87.0] [cxt 0] Deparser 'deparser': end
[09:12:25.667] [bmv2] [D] [thread 101562] [87.0] [cxt 0] Transmitting packet of size 76 out of port 1
[09:12:25.682] [bmv2] [D] [thread 101557] [88.0] [cxt 0] Processing packet received on port 2
[09:12:25.682] [bmv2] [D] [thread 101557] [88.0] [cxt 0] Parser 'parser': start
[09:12:25.682] [bmv2] [D] [thread 101557] [88.0] [cxt 0] Parser 'parser' entering state 'start'
[09:12:25.682] [bmv2] [D] [thread 101557] [88.0] [cxt 0] Extracting header 'ethernet'
[09:12:25.682] [bmv2] [D] [thread 101557] [88.0] [cxt 0] Parser state 'start': key is 0800
[09:12:25.682] [bmv2] [T] [thread 101557] [88.0] [cxt 0] Bytes parsed: 14
[09:12:25.682] [bmv2] [D] [thread 101557] [88.0] [cxt 0] Parser 'parser' entering state 'parse_ipv4'
[09:12:25.682] [bmv2] [D] [thread 101557] [88.0] [cxt 0] Extracting header 'ipv4'
[09:12:25.682] [bmv2] [D] [thread 101557] [88.0] [cxt 0] Parser state 'parse_ipv4' has no switch, going to default next state
[09:12:25.682] [bmv2] [T] [thread 101557] [88.0] [cxt 0] Bytes parsed: 34
[09:12:25.682] [bmv2] [D] [thread 101557] [88.0] [cxt 0] Parser 'parser': end
[09:12:25.682] [bmv2] [D] [thread 101557] [88.0] [cxt 0] Pipeline 'ingress': start
[09:12:25.682] [bmv2] [T] [thread 101557] [88.0] [cxt 0] switch.p4(116) Condition "hdr.ipv4.isValid()" (node_2) is true
[09:12:25.682] [bmv2] [T] [thread 101557] [88.0] [cxt 0] Applying table 'MyIngress.ipv4_lpm'
[09:12:25.682] [bmv2] [D] [thread 101557] [88.0] [cxt 0] Looking up key:
* hdr.ipv4.dstAddr    : 0a000101

[09:12:25.682] [bmv2] [D] [thread 101557] [88.0] [cxt 0] Table 'MyIngress.ipv4_lpm': hit with handle 0
[09:12:25.682] [bmv2] [D] [thread 101557] [88.0] [cxt 0] Dumping entry 0
Match key:
* hdr.ipv4.dstAddr    : LPM       0a000101/32
Action entry: MyIngress.ipv4_forward - 80000000100,1,

[09:12:25.682] [bmv2] [D] [thread 101557] [88.0] [cxt 0] Action entry is MyIngress.ipv4_forward - 80000000100,1,
[09:12:25.682] [bmv2] [T] [thread 101557] [88.0] [cxt 0] Action MyIngress.ipv4_forward
[09:12:25.682] [bmv2] [T] [thread 101557] [88.0] [cxt 0] switch.p4(96) Primitive standard_metadata.egress_spec = port
[09:12:25.682] [bmv2] [T] [thread 101557] [88.0] [cxt 0] switch.p4(97) Primitive hdr.ethernet.srcAddr = hdr.ethernet.dstAddr
[09:12:25.682] [bmv2] [T] [thread 101557] [88.0] [cxt 0] switch.p4(98) Primitive hdr.ethernet.dstAddr = dstAddr
[09:12:25.682] [bmv2] [T] [thread 101557] [88.0] [cxt 0] switch.p4(99) Primitive hdr.ipv4.ttl = hdr.ipv4.ttl - 1
[09:12:25.687] [bmv2] [D] [thread 101557] [88.0] [cxt 0] Pipeline 'ingress': end
[09:12:25.687] [bmv2] [D] [thread 101557] [88.0] [cxt 0] Egress port is 1
[09:12:25.687] [bmv2] [D] [thread 101559] [88.0] [cxt 0] Pipeline 'egress': start
[09:12:25.687] [bmv2] [D] [thread 101559] [88.0] [cxt 0] Pipeline 'egress': end
[09:12:25.687] [bmv2] [D] [thread 101559] [88.0] [cxt 0] Deparser 'deparser': start
[09:12:25.687] [bmv2] [D] [thread 101559] [88.0] [cxt 0] Updating checksum 'cksum'
[09:12:25.687] [bmv2] [D] [thread 101559] [88.0] [cxt 0] Deparsing header 'ethernet'
[09:12:25.687] [bmv2] [D] [thread 101559] [88.0] [cxt 0] Deparsing header 'ipv4'
[09:12:25.687] [bmv2] [D] [thread 101559] [88.0] [cxt 0] Deparser 'deparser': end
[09:12:25.687] [bmv2] [D] [thread 101562] [88.0] [cxt 0] Transmitting packet of size 308 out of port 1
[09:12:25.687] [bmv2] [D] [thread 101557] [89.0] [cxt 0] Processing packet received on port 1
[09:12:25.687] [bmv2] [D] [thread 101557] [89.0] [cxt 0] Parser 'parser': start
[09:12:25.687] [bmv2] [D] [thread 101557] [89.0] [cxt 0] Parser 'parser' entering state 'start'
[09:12:25.687] [bmv2] [D] [thread 101557] [89.0] [cxt 0] Extracting header 'ethernet'
[09:12:25.687] [bmv2] [D] [thread 101557] [89.0] [cxt 0] Parser state 'start': key is 0800
[09:12:25.687] [bmv2] [T] [thread 101557] [89.0] [cxt 0] Bytes parsed: 14
[09:12:25.687] [bmv2] [D] [thread 101557] [89.0] [cxt 0] Parser 'parser' entering state 'parse_ipv4'
[09:12:25.687] [bmv2] [D] [thread 101557] [89.0] [cxt 0] Extracting header 'ipv4'
[09:12:25.687] [bmv2] [D] [thread 101557] [89.0] [cxt 0] Parser state 'parse_ipv4' has no switch, going to default next state
[09:12:25.687] [bmv2] [T] [thread 101557] [89.0] [cxt 0] Bytes parsed: 34
[09:12:25.687] [bmv2] [D] [thread 101557] [89.0] [cxt 0] Parser 'parser': end
[09:12:25.687] [bmv2] [D] [thread 101557] [89.0] [cxt 0] Pipeline 'ingress': start
[09:12:25.687] [bmv2] [T] [thread 101557] [89.0] [cxt 0] switch.p4(116) Condition "hdr.ipv4.isValid()" (node_2) is true
[09:12:25.687] [bmv2] [T] [thread 101557] [89.0] [cxt 0] Applying table 'MyIngress.ipv4_lpm'
[09:12:25.687] [bmv2] [D] [thread 101557] [89.0] [cxt 0] Looking up key:
* hdr.ipv4.dstAddr    : 0a000202

[09:12:25.687] [bmv2] [D] [thread 101557] [89.0] [cxt 0] Table 'MyIngress.ipv4_lpm': hit with handle 1
[09:12:25.687] [bmv2] [D] [thread 101557] [89.0] [cxt 0] Dumping entry 1
Match key:
* hdr.ipv4.dstAddr    : LPM       0a000202/32
Action entry: MyIngress.ipv4_forward - 80000000300,2,

[09:12:25.687] [bmv2] [D] [thread 101557] [89.0] [cxt 0] Action entry is MyIngress.ipv4_forward - 80000000300,2,
[09:12:25.687] [bmv2] [T] [thread 101557] [89.0] [cxt 0] Action MyIngress.ipv4_forward
[09:12:25.687] [bmv2] [T] [thread 101557] [89.0] [cxt 0] switch.p4(96) Primitive standard_metadata.egress_spec = port
[09:12:25.687] [bmv2] [T] [thread 101557] [89.0] [cxt 0] switch.p4(97) Primitive hdr.ethernet.srcAddr = hdr.ethernet.dstAddr
[09:12:25.687] [bmv2] [T] [thread 101557] [89.0] [cxt 0] switch.p4(98) Primitive hdr.ethernet.dstAddr = dstAddr
[09:12:25.687] [bmv2] [T] [thread 101557] [89.0] [cxt 0] switch.p4(99) Primitive hdr.ipv4.ttl = hdr.ipv4.ttl - 1
[09:12:25.687] [bmv2] [D] [thread 101557] [89.0] [cxt 0] Pipeline 'ingress': end
[09:12:25.687] [bmv2] [D] [thread 101557] [89.0] [cxt 0] Egress port is 2
[09:12:25.687] [bmv2] [D] [thread 101560] [89.0] [cxt 0] Pipeline 'egress': start
[09:12:25.687] [bmv2] [D] [thread 101560] [89.0] [cxt 0] Pipeline 'egress': end
[09:12:25.687] [bmv2] [D] [thread 101560] [89.0] [cxt 0] Deparser 'deparser': start
[09:12:25.687] [bmv2] [D] [thread 101560] [89.0] [cxt 0] Updating checksum 'cksum'
[09:12:25.687] [bmv2] [D] [thread 101560] [89.0] [cxt 0] Deparsing header 'ethernet'
[09:12:25.687] [bmv2] [D] [thread 101560] [89.0] [cxt 0] Deparsing header 'ipv4'
[09:12:25.687] [bmv2] [D] [thread 101560] [89.0] [cxt 0] Deparser 'deparser': end
[09:12:25.687] [bmv2] [D] [thread 101562] [89.0] [cxt 0] Transmitting packet of size 336 out of port 2
[09:12:26.107] [bmv2] [D] [thread 101557] [90.0] [cxt 0] Processing packet received on port 1
[09:12:26.107] [bmv2] [D] [thread 101557] [90.0] [cxt 0] Parser 'parser': start
[09:12:26.107] [bmv2] [D] [thread 101557] [90.0] [cxt 0] Parser 'parser' entering state 'start'
[09:12:26.107] [bmv2] [D] [thread 101557] [90.0] [cxt 0] Extracting header 'ethernet'
[09:12:26.107] [bmv2] [D] [thread 101557] [90.0] [cxt 0] Parser state 'start': key is 86dd
[09:12:26.107] [bmv2] [T] [thread 101557] [90.0] [cxt 0] Bytes parsed: 14
[09:12:26.107] [bmv2] [D] [thread 101557] [90.0] [cxt 0] Parser 'parser': end
[09:12:26.107] [bmv2] [D] [thread 101557] [90.0] [cxt 0] Pipeline 'ingress': start
[09:12:26.107] [bmv2] [T] [thread 101557] [90.0] [cxt 0] switch.p4(116) Condition "hdr.ipv4.isValid()" (node_2) is false
[09:12:26.107] [bmv2] [D] [thread 101557] [90.0] [cxt 0] Pipeline 'ingress': end
[09:12:26.107] [bmv2] [D] [thread 101557] [90.0] [cxt 0] Egress port is 0
[09:12:26.107] [bmv2] [D] [thread 101557] [91.0] [cxt 0] Processing packet received on port 2
[09:12:26.107] [bmv2] [D] [thread 101557] [91.0] [cxt 0] Parser 'parser': start
[09:12:26.107] [bmv2] [D] [thread 101557] [91.0] [cxt 0] Parser 'parser' entering state 'start'
[09:12:26.107] [bmv2] [D] [thread 101557] [91.0] [cxt 0] Extracting header 'ethernet'
[09:12:26.107] [bmv2] [D] [thread 101557] [91.0] [cxt 0] Parser state 'start': key is 86dd
[09:12:26.107] [bmv2] [T] [thread 101557] [91.0] [cxt 0] Bytes parsed: 14
[09:12:26.107] [bmv2] [D] [thread 101557] [91.0] [cxt 0] Parser 'parser': end
[09:12:26.107] [bmv2] [D] [thread 101557] [91.0] [cxt 0] Pipeline 'ingress': start
[09:12:26.107] [bmv2] [T] [thread 101557] [91.0] [cxt 0] switch.p4(116) Condition "hdr.ipv4.isValid()" (node_2) is false
[09:12:26.107] [bmv2] [D] [thread 101557] [91.0] [cxt 0] Pipeline 'ingress': end
[09:12:26.107] [bmv2] [D] [thread 101557] [91.0] [cxt 0] Egress port is 0
[09:12:26.107] [bmv2] [D] [thread 101558] [90.0] [cxt 0] Pipeline 'egress': start
[09:12:26.107] [bmv2] [D] [thread 101558] [90.0] [cxt 0] Pipeline 'egress': end
[09:12:26.107] [bmv2] [D] [thread 101558] [90.0] [cxt 0] Deparser 'deparser': start
[09:12:26.107] [bmv2] [T] [thread 101558] [90.0] [cxt 0] Skipping checksum 'cksum' update because condition not met
[09:12:26.107] [bmv2] [D] [thread 101558] [90.0] [cxt 0] Deparsing header 'ethernet'
[09:12:26.107] [bmv2] [D] [thread 101558] [90.0] [cxt 0] Deparser 'deparser': end
[09:12:26.107] [bmv2] [D] [thread 101558] [91.0] [cxt 0] Pipeline 'egress': start
[09:12:26.107] [bmv2] [D] [thread 101558] [91.0] [cxt 0] Pipeline 'egress': end
[09:12:26.107] [bmv2] [D] [thread 101558] [91.0] [cxt 0] Deparser 'deparser': start
[09:12:26.107] [bmv2] [T] [thread 101558] [91.0] [cxt 0] Skipping checksum 'cksum' update because condition not met
[09:12:26.107] [bmv2] [D] [thread 101558] [91.0] [cxt 0] Deparsing header 'ethernet'
[09:12:26.107] [bmv2] [D] [thread 101558] [91.0] [cxt 0] Deparser 'deparser': end
[09:12:26.107] [bmv2] [D] [thread 101562] [90.0] [cxt 0] Transmitting packet of size 70 out of port 0
[09:12:26.107] [bmv2] [D] [thread 101562] [91.0] [cxt 0] Transmitting packet of size 70 out of port 0
[09:12:26.628] [bmv2] [D] [thread 101557] [92.0] [cxt 0] Processing packet received on port 2
[09:12:26.629] [bmv2] [D] [thread 101557] [92.0] [cxt 0] Parser 'parser': start
[09:12:26.629] [bmv2] [D] [thread 101557] [92.0] [cxt 0] Parser 'parser' entering state 'start'
[09:12:26.629] [bmv2] [D] [thread 101557] [92.0] [cxt 0] Extracting header 'ethernet'
[09:12:26.629] [bmv2] [D] [thread 101557] [92.0] [cxt 0] Parser state 'start': key is 86dd
[09:12:26.629] [bmv2] [T] [thread 101557] [92.0] [cxt 0] Bytes parsed: 14
[09:12:26.629] [bmv2] [D] [thread 101557] [92.0] [cxt 0] Parser 'parser': end
[09:12:26.629] [bmv2] [D] [thread 101557] [92.0] [cxt 0] Pipeline 'ingress': start
[09:12:26.629] [bmv2] [T] [thread 101557] [92.0] [cxt 0] switch.p4(116) Condition "hdr.ipv4.isValid()" (node_2) is false
[09:12:26.629] [bmv2] [D] [thread 101557] [92.0] [cxt 0] Pipeline 'ingress': end
[09:12:26.629] [bmv2] [D] [thread 101557] [92.0] [cxt 0] Egress port is 0
[09:12:26.629] [bmv2] [D] [thread 101558] [92.0] [cxt 0] Pipeline 'egress': start
[09:12:26.629] [bmv2] [D] [thread 101558] [92.0] [cxt 0] Pipeline 'egress': end
[09:12:26.629] [bmv2] [D] [thread 101558] [92.0] [cxt 0] Deparser 'deparser': start
[09:12:26.629] [bmv2] [T] [thread 101558] [92.0] [cxt 0] Skipping checksum 'cksum' update because condition not met
[09:12:26.629] [bmv2] [D] [thread 101558] [92.0] [cxt 0] Deparsing header 'ethernet'
[09:12:26.629] [bmv2] [D] [thread 101558] [92.0] [cxt 0] Deparser 'deparser': end
[09:12:26.629] [bmv2] [D] [thread 101562] [92.0] [cxt 0] Transmitting packet of size 70 out of port 0
[09:12:26.660] [bmv2] [D] [thread 101557] [93.0] [cxt 0] Processing packet received on port 1
[09:12:26.660] [bmv2] [D] [thread 101557] [93.0] [cxt 0] Parser 'parser': start
[09:12:26.660] [bmv2] [D] [thread 101557] [93.0] [cxt 0] Parser 'parser' entering state 'start'
[09:12:26.660] [bmv2] [D] [thread 101557] [93.0] [cxt 0] Extracting header 'ethernet'
[09:12:26.660] [bmv2] [D] [thread 101557] [93.0] [cxt 0] Parser state 'start': key is 0800
[09:12:26.660] [bmv2] [T] [thread 101557] [93.0] [cxt 0] Bytes parsed: 14
[09:12:26.660] [bmv2] [D] [thread 101557] [93.0] [cxt 0] Parser 'parser' entering state 'parse_ipv4'
[09:12:26.660] [bmv2] [D] [thread 101557] [93.0] [cxt 0] Extracting header 'ipv4'
[09:12:26.660] [bmv2] [D] [thread 101557] [93.0] [cxt 0] Parser state 'parse_ipv4' has no switch, going to default next state
[09:12:26.660] [bmv2] [T] [thread 101557] [93.0] [cxt 0] Bytes parsed: 34
[09:12:26.660] [bmv2] [D] [thread 101557] [93.0] [cxt 0] Parser 'parser': end
[09:12:26.660] [bmv2] [D] [thread 101557] [93.0] [cxt 0] Pipeline 'ingress': start
[09:12:26.660] [bmv2] [T] [thread 101557] [93.0] [cxt 0] switch.p4(116) Condition "hdr.ipv4.isValid()" (node_2) is true
[09:12:26.660] [bmv2] [T] [thread 101557] [93.0] [cxt 0] Applying table 'MyIngress.ipv4_lpm'
[09:12:26.660] [bmv2] [D] [thread 101557] [93.0] [cxt 0] Looking up key:
* hdr.ipv4.dstAddr    : 0a000202

[09:12:26.660] [bmv2] [D] [thread 101557] [93.0] [cxt 0] Table 'MyIngress.ipv4_lpm': hit with handle 1
[09:12:26.660] [bmv2] [D] [thread 101557] [93.0] [cxt 0] Dumping entry 1
Match key:
* hdr.ipv4.dstAddr    : LPM       0a000202/32
Action entry: MyIngress.ipv4_forward - 80000000300,2,

[09:12:26.660] [bmv2] [D] [thread 101557] [93.0] [cxt 0] Action entry is MyIngress.ipv4_forward - 80000000300,2,
[09:12:26.660] [bmv2] [T] [thread 101557] [93.0] [cxt 0] Action MyIngress.ipv4_forward
[09:12:26.660] [bmv2] [T] [thread 101557] [93.0] [cxt 0] switch.p4(96) Primitive standard_metadata.egress_spec = port
[09:12:26.660] [bmv2] [T] [thread 101557] [93.0] [cxt 0] switch.p4(97) Primitive hdr.ethernet.srcAddr = hdr.ethernet.dstAddr
[09:12:26.660] [bmv2] [T] [thread 101557] [93.0] [cxt 0] switch.p4(98) Primitive hdr.ethernet.dstAddr = dstAddr
[09:12:26.660] [bmv2] [T] [thread 101557] [93.0] [cxt 0] switch.p4(99) Primitive hdr.ipv4.ttl = hdr.ipv4.ttl - 1
[09:12:26.660] [bmv2] [D] [thread 101557] [93.0] [cxt 0] Pipeline 'ingress': end
[09:12:26.660] [bmv2] [D] [thread 101557] [93.0] [cxt 0] Egress port is 2
[09:12:26.661] [bmv2] [D] [thread 101560] [93.0] [cxt 0] Pipeline 'egress': start
[09:12:26.661] [bmv2] [D] [thread 101560] [93.0] [cxt 0] Pipeline 'egress': end
[09:12:26.661] [bmv2] [D] [thread 101560] [93.0] [cxt 0] Deparser 'deparser': start
[09:12:26.661] [bmv2] [D] [thread 101560] [93.0] [cxt 0] Updating checksum 'cksum'
[09:12:26.661] [bmv2] [D] [thread 101560] [93.0] [cxt 0] Deparsing header 'ethernet'
[09:12:26.661] [bmv2] [D] [thread 101560] [93.0] [cxt 0] Deparsing header 'ipv4'
[09:12:26.661] [bmv2] [D] [thread 101560] [93.0] [cxt 0] Deparser 'deparser': end
[09:12:26.663] [bmv2] [D] [thread 101562] [93.0] [cxt 0] Transmitting packet of size 48 out of port 2
[09:12:26.680] [bmv2] [D] [thread 101557] [94.0] [cxt 0] Processing packet received on port 2
[09:12:26.680] [bmv2] [D] [thread 101557] [94.0] [cxt 0] Parser 'parser': start
[09:12:26.680] [bmv2] [D] [thread 101557] [94.0] [cxt 0] Parser 'parser' entering state 'start'
[09:12:26.680] [bmv2] [D] [thread 101557] [94.0] [cxt 0] Extracting header 'ethernet'
[09:12:26.680] [bmv2] [D] [thread 101557] [94.0] [cxt 0] Parser state 'start': key is 0800
[09:12:26.680] [bmv2] [T] [thread 101557] [94.0] [cxt 0] Bytes parsed: 14
[09:12:26.680] [bmv2] [D] [thread 101557] [94.0] [cxt 0] Parser 'parser' entering state 'parse_ipv4'
[09:12:26.680] [bmv2] [D] [thread 101557] [94.0] [cxt 0] Extracting header 'ipv4'
[09:12:26.680] [bmv2] [D] [thread 101557] [94.0] [cxt 0] Parser state 'parse_ipv4' has no switch, going to default next state
[09:12:26.680] [bmv2] [T] [thread 101557] [94.0] [cxt 0] Bytes parsed: 34
[09:12:26.680] [bmv2] [D] [thread 101557] [94.0] [cxt 0] Parser 'parser': end
[09:12:26.680] [bmv2] [D] [thread 101557] [94.0] [cxt 0] Pipeline 'ingress': start
[09:12:26.680] [bmv2] [T] [thread 101557] [94.0] [cxt 0] switch.p4(116) Condition "hdr.ipv4.isValid()" (node_2) is true
[09:12:26.680] [bmv2] [T] [thread 101557] [94.0] [cxt 0] Applying table 'MyIngress.ipv4_lpm'
[09:12:26.680] [bmv2] [D] [thread 101557] [94.0] [cxt 0] Looking up key:
* hdr.ipv4.dstAddr    : 0a000101

[09:12:26.680] [bmv2] [D] [thread 101557] [94.0] [cxt 0] Table 'MyIngress.ipv4_lpm': hit with handle 0
[09:12:26.680] [bmv2] [D] [thread 101557] [94.0] [cxt 0] Dumping entry 0
Match key:
* hdr.ipv4.dstAddr    : LPM       0a000101/32
Action entry: MyIngress.ipv4_forward - 80000000100,1,

[09:12:26.680] [bmv2] [D] [thread 101557] [94.0] [cxt 0] Action entry is MyIngress.ipv4_forward - 80000000100,1,
[09:12:26.680] [bmv2] [T] [thread 101557] [94.0] [cxt 0] Action MyIngress.ipv4_forward
[09:12:26.680] [bmv2] [T] [thread 101557] [94.0] [cxt 0] switch.p4(96) Primitive standard_metadata.egress_spec = port
[09:12:26.680] [bmv2] [T] [thread 101557] [94.0] [cxt 0] switch.p4(97) Primitive hdr.ethernet.srcAddr = hdr.ethernet.dstAddr
[09:12:26.680] [bmv2] [T] [thread 101557] [94.0] [cxt 0] switch.p4(98) Primitive hdr.ethernet.dstAddr = dstAddr
[09:12:26.680] [bmv2] [T] [thread 101557] [94.0] [cxt 0] switch.p4(99) Primitive hdr.ipv4.ttl = hdr.ipv4.ttl - 1
[09:12:26.680] [bmv2] [D] [thread 101557] [94.0] [cxt 0] Pipeline 'ingress': end
[09:12:26.680] [bmv2] [D] [thread 101557] [94.0] [cxt 0] Egress port is 1
[09:12:26.682] [bmv2] [D] [thread 101559] [94.0] [cxt 0] Pipeline 'egress': start
[09:12:26.682] [bmv2] [D] [thread 101559] [94.0] [cxt 0] Pipeline 'egress': end
[09:12:26.682] [bmv2] [D] [thread 101559] [94.0] [cxt 0] Deparser 'deparser': start
[09:12:26.682] [bmv2] [D] [thread 101559] [94.0] [cxt 0] Updating checksum 'cksum'
[09:12:26.682] [bmv2] [D] [thread 101559] [94.0] [cxt 0] Deparsing header 'ethernet'
[09:12:26.682] [bmv2] [D] [thread 101559] [94.0] [cxt 0] Deparsing header 'ipv4'
[09:12:26.682] [bmv2] [D] [thread 101559] [94.0] [cxt 0] Deparser 'deparser': end
[09:12:26.683] [bmv2] [D] [thread 101562] [94.0] [cxt 0] Transmitting packet of size 76 out of port 1
[09:12:26.685] [bmv2] [D] [thread 101557] [95.0] [cxt 0] Processing packet received on port 2
[09:12:26.685] [bmv2] [D] [thread 101557] [95.0] [cxt 0] Parser 'parser': start
[09:12:26.685] [bmv2] [D] [thread 101557] [95.0] [cxt 0] Parser 'parser' entering state 'start'
[09:12:26.685] [bmv2] [D] [thread 101557] [95.0] [cxt 0] Extracting header 'ethernet'
[09:12:26.685] [bmv2] [D] [thread 101557] [95.0] [cxt 0] Parser state 'start': key is 0800
[09:12:26.685] [bmv2] [T] [thread 101557] [95.0] [cxt 0] Bytes parsed: 14
[09:12:26.685] [bmv2] [D] [thread 101557] [95.0] [cxt 0] Parser 'parser' entering state 'parse_ipv4'
[09:12:26.685] [bmv2] [D] [thread 101557] [95.0] [cxt 0] Extracting header 'ipv4'
[09:12:26.685] [bmv2] [D] [thread 101557] [95.0] [cxt 0] Parser state 'parse_ipv4' has no switch, going to default next state
[09:12:26.685] [bmv2] [T] [thread 101557] [95.0] [cxt 0] Bytes parsed: 34
[09:12:26.685] [bmv2] [D] [thread 101557] [95.0] [cxt 0] Parser 'parser': end
[09:12:26.685] [bmv2] [D] [thread 101557] [95.0] [cxt 0] Pipeline 'ingress': start
[09:12:26.685] [bmv2] [T] [thread 101557] [95.0] [cxt 0] switch.p4(116) Condition "hdr.ipv4.isValid()" (node_2) is true
[09:12:26.685] [bmv2] [T] [thread 101557] [95.0] [cxt 0] Applying table 'MyIngress.ipv4_lpm'
[09:12:26.685] [bmv2] [D] [thread 101557] [95.0] [cxt 0] Looking up key:
* hdr.ipv4.dstAddr    : 0a000101

[09:12:26.685] [bmv2] [D] [thread 101557] [95.0] [cxt 0] Table 'MyIngress.ipv4_lpm': hit with handle 0
[09:12:26.685] [bmv2] [D] [thread 101557] [95.0] [cxt 0] Dumping entry 0
Match key:
* hdr.ipv4.dstAddr    : LPM       0a000101/32
Action entry: MyIngress.ipv4_forward - 80000000100,1,

[09:12:26.685] [bmv2] [D] [thread 101557] [95.0] [cxt 0] Action entry is MyIngress.ipv4_forward - 80000000100,1,
[09:12:26.685] [bmv2] [T] [thread 101557] [95.0] [cxt 0] Action MyIngress.ipv4_forward
[09:12:26.685] [bmv2] [T] [thread 101557] [95.0] [cxt 0] switch.p4(96) Primitive standard_metadata.egress_spec = port
[09:12:26.685] [bmv2] [T] [thread 101557] [95.0] [cxt 0] switch.p4(97) Primitive hdr.ethernet.srcAddr = hdr.ethernet.dstAddr
[09:12:26.685] [bmv2] [T] [thread 101557] [95.0] [cxt 0] switch.p4(98) Primitive hdr.ethernet.dstAddr = dstAddr
[09:12:26.685] [bmv2] [T] [thread 101557] [95.0] [cxt 0] switch.p4(99) Primitive hdr.ipv4.ttl = hdr.ipv4.ttl - 1
[09:12:26.685] [bmv2] [D] [thread 101557] [95.0] [cxt 0] Pipeline 'ingress': end
[09:12:26.685] [bmv2] [D] [thread 101557] [95.0] [cxt 0] Egress port is 1
[09:12:26.685] [bmv2] [D] [thread 101559] [95.0] [cxt 0] Pipeline 'egress': start
[09:12:26.685] [bmv2] [D] [thread 101559] [95.0] [cxt 0] Pipeline 'egress': end
[09:12:26.687] [bmv2] [D] [thread 101559] [95.0] [cxt 0] Deparser 'deparser': start
[09:12:26.687] [bmv2] [D] [thread 101559] [95.0] [cxt 0] Updating checksum 'cksum'
[09:12:26.687] [bmv2] [D] [thread 101559] [95.0] [cxt 0] Deparsing header 'ethernet'
[09:12:26.687] [bmv2] [D] [thread 101559] [95.0] [cxt 0] Deparsing header 'ipv4'
[09:12:26.687] [bmv2] [D] [thread 101559] [95.0] [cxt 0] Deparser 'deparser': end
[09:12:26.687] [bmv2] [D] [thread 101562] [95.0] [cxt 0] Transmitting packet of size 308 out of port 1
[09:12:26.690] [bmv2] [D] [thread 101557] [96.0] [cxt 0] Processing packet received on port 1
[09:12:26.690] [bmv2] [D] [thread 101557] [96.0] [cxt 0] Parser 'parser': start
[09:12:26.690] [bmv2] [D] [thread 101557] [96.0] [cxt 0] Parser 'parser' entering state 'start'
[09:12:26.690] [bmv2] [D] [thread 101557] [96.0] [cxt 0] Extracting header 'ethernet'
[09:12:26.690] [bmv2] [D] [thread 101557] [96.0] [cxt 0] Parser state 'start': key is 0800
[09:12:26.690] [bmv2] [T] [thread 101557] [96.0] [cxt 0] Bytes parsed: 14
[09:12:26.690] [bmv2] [D] [thread 101557] [96.0] [cxt 0] Parser 'parser' entering state 'parse_ipv4'
[09:12:26.690] [bmv2] [D] [thread 101557] [96.0] [cxt 0] Extracting header 'ipv4'
[09:12:26.690] [bmv2] [D] [thread 101557] [96.0] [cxt 0] Parser state 'parse_ipv4' has no switch, going to default next state
[09:12:26.690] [bmv2] [T] [thread 101557] [96.0] [cxt 0] Bytes parsed: 34
[09:12:26.690] [bmv2] [D] [thread 101557] [96.0] [cxt 0] Parser 'parser': end
[09:12:26.690] [bmv2] [D] [thread 101557] [96.0] [cxt 0] Pipeline 'ingress': start
[09:12:26.690] [bmv2] [T] [thread 101557] [96.0] [cxt 0] switch.p4(116) Condition "hdr.ipv4.isValid()" (node_2) is true
[09:12:26.690] [bmv2] [T] [thread 101557] [96.0] [cxt 0] Applying table 'MyIngress.ipv4_lpm'
[09:12:26.690] [bmv2] [D] [thread 101557] [96.0] [cxt 0] Looking up key:
* hdr.ipv4.dstAddr    : 0a000202

[09:12:26.690] [bmv2] [D] [thread 101557] [96.0] [cxt 0] Table 'MyIngress.ipv4_lpm': hit with handle 1
[09:12:26.690] [bmv2] [D] [thread 101557] [96.0] [cxt 0] Dumping entry 1
Match key:
* hdr.ipv4.dstAddr    : LPM       0a000202/32
Action entry: MyIngress.ipv4_forward - 80000000300,2,

[09:12:26.690] [bmv2] [D] [thread 101557] [96.0] [cxt 0] Action entry is MyIngress.ipv4_forward - 80000000300,2,
[09:12:26.690] [bmv2] [T] [thread 101557] [96.0] [cxt 0] Action MyIngress.ipv4_forward
[09:12:26.690] [bmv2] [T] [thread 101557] [96.0] [cxt 0] switch.p4(96) Primitive standard_metadata.egress_spec = port
[09:12:26.690] [bmv2] [T] [thread 101557] [96.0] [cxt 0] switch.p4(97) Primitive hdr.ethernet.srcAddr = hdr.ethernet.dstAddr
[09:12:26.690] [bmv2] [T] [thread 101557] [96.0] [cxt 0] switch.p4(98) Primitive hdr.ethernet.dstAddr = dstAddr
[09:12:26.690] [bmv2] [T] [thread 101557] [96.0] [cxt 0] switch.p4(99) Primitive hdr.ipv4.ttl = hdr.ipv4.ttl - 1
[09:12:26.690] [bmv2] [D] [thread 101557] [96.0] [cxt 0] Pipeline 'ingress': end
[09:12:26.690] [bmv2] [D] [thread 101557] [96.0] [cxt 0] Egress port is 2
[09:12:26.690] [bmv2] [D] [thread 101560] [96.0] [cxt 0] Pipeline 'egress': start
[09:12:26.690] [bmv2] [D] [thread 101560] [96.0] [cxt 0] Pipeline 'egress': end
[09:12:26.690] [bmv2] [D] [thread 101560] [96.0] [cxt 0] Deparser 'deparser': start
[09:12:26.690] [bmv2] [D] [thread 101560] [96.0] [cxt 0] Updating checksum 'cksum'
[09:12:26.690] [bmv2] [D] [thread 101560] [96.0] [cxt 0] Deparsing header 'ethernet'
[09:12:26.690] [bmv2] [D] [thread 101560] [96.0] [cxt 0] Deparsing header 'ipv4'
[09:12:26.690] [bmv2] [D] [thread 101560] [96.0] [cxt 0] Deparser 'deparser': end
[09:12:26.690] [bmv2] [D] [thread 101562] [96.0] [cxt 0] Transmitting packet of size 336 out of port 2
[09:12:27.672] [bmv2] [D] [thread 101557] [97.0] [cxt 0] Processing packet received on port 1
[09:12:27.672] [bmv2] [D] [thread 101557] [97.0] [cxt 0] Parser 'parser': start
[09:12:27.672] [bmv2] [D] [thread 101557] [97.0] [cxt 0] Parser 'parser' entering state 'start'
[09:12:27.672] [bmv2] [D] [thread 101557] [97.0] [cxt 0] Extracting header 'ethernet'
[09:12:27.672] [bmv2] [D] [thread 101557] [97.0] [cxt 0] Parser state 'start': key is 0800
[09:12:27.672] [bmv2] [T] [thread 101557] [97.0] [cxt 0] Bytes parsed: 14
[09:12:27.672] [bmv2] [D] [thread 101557] [97.0] [cxt 0] Parser 'parser' entering state 'parse_ipv4'
[09:12:27.672] [bmv2] [D] [thread 101557] [97.0] [cxt 0] Extracting header 'ipv4'
[09:12:27.672] [bmv2] [D] [thread 101557] [97.0] [cxt 0] Parser state 'parse_ipv4' has no switch, going to default next state
[09:12:27.672] [bmv2] [T] [thread 101557] [97.0] [cxt 0] Bytes parsed: 34
[09:12:27.672] [bmv2] [D] [thread 101557] [97.0] [cxt 0] Parser 'parser': end
[09:12:27.672] [bmv2] [D] [thread 101557] [97.0] [cxt 0] Pipeline 'ingress': start
[09:12:27.672] [bmv2] [T] [thread 101557] [97.0] [cxt 0] switch.p4(116) Condition "hdr.ipv4.isValid()" (node_2) is true
[09:12:27.672] [bmv2] [T] [thread 101557] [97.0] [cxt 0] Applying table 'MyIngress.ipv4_lpm'
[09:12:27.672] [bmv2] [D] [thread 101557] [97.0] [cxt 0] Looking up key:
* hdr.ipv4.dstAddr    : 0a000202

[09:12:27.672] [bmv2] [D] [thread 101557] [97.0] [cxt 0] Table 'MyIngress.ipv4_lpm': hit with handle 1
[09:12:27.672] [bmv2] [D] [thread 101557] [97.0] [cxt 0] Dumping entry 1
Match key:
* hdr.ipv4.dstAddr    : LPM       0a000202/32
Action entry: MyIngress.ipv4_forward - 80000000300,2,

[09:12:27.672] [bmv2] [D] [thread 101557] [97.0] [cxt 0] Action entry is MyIngress.ipv4_forward - 80000000300,2,
[09:12:27.672] [bmv2] [T] [thread 101557] [97.0] [cxt 0] Action MyIngress.ipv4_forward
[09:12:27.672] [bmv2] [T] [thread 101557] [97.0] [cxt 0] switch.p4(96) Primitive standard_metadata.egress_spec = port
[09:12:27.672] [bmv2] [T] [thread 101557] [97.0] [cxt 0] switch.p4(97) Primitive hdr.ethernet.srcAddr = hdr.ethernet.dstAddr
[09:12:27.672] [bmv2] [T] [thread 101557] [97.0] [cxt 0] switch.p4(98) Primitive hdr.ethernet.dstAddr = dstAddr
[09:12:27.672] [bmv2] [T] [thread 101557] [97.0] [cxt 0] switch.p4(99) Primitive hdr.ipv4.ttl = hdr.ipv4.ttl - 1
[09:12:27.672] [bmv2] [D] [thread 101557] [97.0] [cxt 0] Pipeline 'ingress': end
[09:12:27.672] [bmv2] [D] [thread 101557] [97.0] [cxt 0] Egress port is 2
[09:12:27.672] [bmv2] [D] [thread 101560] [97.0] [cxt 0] Pipeline 'egress': start
[09:12:27.672] [bmv2] [D] [thread 101560] [97.0] [cxt 0] Pipeline 'egress': end
[09:12:27.672] [bmv2] [D] [thread 101560] [97.0] [cxt 0] Deparser 'deparser': start
[09:12:27.672] [bmv2] [D] [thread 101560] [97.0] [cxt 0] Updating checksum 'cksum'
[09:12:27.672] [bmv2] [D] [thread 101560] [97.0] [cxt 0] Deparsing header 'ethernet'
[09:12:27.672] [bmv2] [D] [thread 101560] [97.0] [cxt 0] Deparsing header 'ipv4'
[09:12:27.672] [bmv2] [D] [thread 101560] [97.0] [cxt 0] Deparser 'deparser': end
[09:12:27.672] [bmv2] [D] [thread 101562] [97.0] [cxt 0] Transmitting packet of size 48 out of port 2
[09:12:27.680] [bmv2] [D] [thread 101557] [98.0] [cxt 0] Processing packet received on port 2
[09:12:27.680] [bmv2] [D] [thread 101557] [98.0] [cxt 0] Parser 'parser': start
[09:12:27.680] [bmv2] [D] [thread 101557] [98.0] [cxt 0] Parser 'parser' entering state 'start'
[09:12:27.680] [bmv2] [D] [thread 101557] [98.0] [cxt 0] Extracting header 'ethernet'
[09:12:27.680] [bmv2] [D] [thread 101557] [98.0] [cxt 0] Parser state 'start': key is 0800
[09:12:27.680] [bmv2] [T] [thread 101557] [98.0] [cxt 0] Bytes parsed: 14
[09:12:27.680] [bmv2] [D] [thread 101557] [98.0] [cxt 0] Parser 'parser' entering state 'parse_ipv4'
[09:12:27.680] [bmv2] [D] [thread 101557] [98.0] [cxt 0] Extracting header 'ipv4'
[09:12:27.680] [bmv2] [D] [thread 101557] [98.0] [cxt 0] Parser state 'parse_ipv4' has no switch, going to default next state
[09:12:27.680] [bmv2] [T] [thread 101557] [98.0] [cxt 0] Bytes parsed: 34
[09:12:27.680] [bmv2] [D] [thread 101557] [98.0] [cxt 0] Parser 'parser': end
[09:12:27.680] [bmv2] [D] [thread 101557] [98.0] [cxt 0] Pipeline 'ingress': start
[09:12:27.680] [bmv2] [T] [thread 101557] [98.0] [cxt 0] switch.p4(116) Condition "hdr.ipv4.isValid()" (node_2) is true
[09:12:27.680] [bmv2] [T] [thread 101557] [98.0] [cxt 0] Applying table 'MyIngress.ipv4_lpm'
[09:12:27.680] [bmv2] [D] [thread 101557] [98.0] [cxt 0] Looking up key:
* hdr.ipv4.dstAddr    : 0a000101

[09:12:27.680] [bmv2] [D] [thread 101557] [98.0] [cxt 0] Table 'MyIngress.ipv4_lpm': hit with handle 0
[09:12:27.680] [bmv2] [D] [thread 101557] [98.0] [cxt 0] Dumping entry 0
Match key:
* hdr.ipv4.dstAddr    : LPM       0a000101/32
Action entry: MyIngress.ipv4_forward - 80000000100,1,

[09:12:27.680] [bmv2] [D] [thread 101557] [98.0] [cxt 0] Action entry is MyIngress.ipv4_forward - 80000000100,1,
[09:12:27.680] [bmv2] [T] [thread 101557] [98.0] [cxt 0] Action MyIngress.ipv4_forward
[09:12:27.680] [bmv2] [T] [thread 101557] [98.0] [cxt 0] switch.p4(96) Primitive standard_metadata.egress_spec = port
[09:12:27.680] [bmv2] [T] [thread 101557] [98.0] [cxt 0] switch.p4(97) Primitive hdr.ethernet.srcAddr = hdr.ethernet.dstAddr
[09:12:27.680] [bmv2] [T] [thread 101557] [98.0] [cxt 0] switch.p4(98) Primitive hdr.ethernet.dstAddr = dstAddr
[09:12:27.680] [bmv2] [T] [thread 101557] [98.0] [cxt 0] switch.p4(99) Primitive hdr.ipv4.ttl = hdr.ipv4.ttl - 1
[09:12:27.680] [bmv2] [D] [thread 101557] [98.0] [cxt 0] Pipeline 'ingress': end
[09:12:27.680] [bmv2] [D] [thread 101557] [98.0] [cxt 0] Egress port is 1
[09:12:27.680] [bmv2] [D] [thread 101559] [98.0] [cxt 0] Pipeline 'egress': start
[09:12:27.680] [bmv2] [D] [thread 101559] [98.0] [cxt 0] Pipeline 'egress': end
[09:12:27.680] [bmv2] [D] [thread 101559] [98.0] [cxt 0] Deparser 'deparser': start
[09:12:27.680] [bmv2] [D] [thread 101559] [98.0] [cxt 0] Updating checksum 'cksum'
[09:12:27.680] [bmv2] [D] [thread 101559] [98.0] [cxt 0] Deparsing header 'ethernet'
[09:12:27.680] [bmv2] [D] [thread 101559] [98.0] [cxt 0] Deparsing header 'ipv4'
[09:12:27.680] [bmv2] [D] [thread 101559] [98.0] [cxt 0] Deparser 'deparser': end
[09:12:27.680] [bmv2] [D] [thread 101562] [98.0] [cxt 0] Transmitting packet of size 76 out of port 1
[09:12:27.685] [bmv2] [D] [thread 101557] [99.0] [cxt 0] Processing packet received on port 2
[09:12:27.685] [bmv2] [D] [thread 101557] [99.0] [cxt 0] Parser 'parser': start
[09:12:27.685] [bmv2] [D] [thread 101557] [99.0] [cxt 0] Parser 'parser' entering state 'start'
[09:12:27.685] [bmv2] [D] [thread 101557] [99.0] [cxt 0] Extracting header 'ethernet'
[09:12:27.685] [bmv2] [D] [thread 101557] [99.0] [cxt 0] Parser state 'start': key is 0800
[09:12:27.685] [bmv2] [T] [thread 101557] [99.0] [cxt 0] Bytes parsed: 14
[09:12:27.685] [bmv2] [D] [thread 101557] [99.0] [cxt 0] Parser 'parser' entering state 'parse_ipv4'
[09:12:27.685] [bmv2] [D] [thread 101557] [99.0] [cxt 0] Extracting header 'ipv4'
[09:12:27.685] [bmv2] [D] [thread 101557] [99.0] [cxt 0] Parser state 'parse_ipv4' has no switch, going to default next state
[09:12:27.685] [bmv2] [T] [thread 101557] [99.0] [cxt 0] Bytes parsed: 34
[09:12:27.685] [bmv2] [D] [thread 101557] [99.0] [cxt 0] Parser 'parser': end
[09:12:27.685] [bmv2] [D] [thread 101557] [99.0] [cxt 0] Pipeline 'ingress': start
[09:12:27.685] [bmv2] [T] [thread 101557] [99.0] [cxt 0] switch.p4(116) Condition "hdr.ipv4.isValid()" (node_2) is true
[09:12:27.685] [bmv2] [T] [thread 101557] [99.0] [cxt 0] Applying table 'MyIngress.ipv4_lpm'
[09:12:27.685] [bmv2] [D] [thread 101557] [99.0] [cxt 0] Looking up key:
* hdr.ipv4.dstAddr    : 0a000101

[09:12:27.685] [bmv2] [D] [thread 101557] [99.0] [cxt 0] Table 'MyIngress.ipv4_lpm': hit with handle 0
[09:12:27.685] [bmv2] [D] [thread 101557] [99.0] [cxt 0] Dumping entry 0
Match key:
* hdr.ipv4.dstAddr    : LPM       0a000101/32
Action entry: MyIngress.ipv4_forward - 80000000100,1,

[09:12:27.685] [bmv2] [D] [thread 101557] [99.0] [cxt 0] Action entry is MyIngress.ipv4_forward - 80000000100,1,
[09:12:27.685] [bmv2] [T] [thread 101557] [99.0] [cxt 0] Action MyIngress.ipv4_forward
[09:12:27.685] [bmv2] [T] [thread 101557] [99.0] [cxt 0] switch.p4(96) Primitive standard_metadata.egress_spec = port
[09:12:27.685] [bmv2] [T] [thread 101557] [99.0] [cxt 0] switch.p4(97) Primitive hdr.ethernet.srcAddr = hdr.ethernet.dstAddr
[09:12:27.685] [bmv2] [T] [thread 101557] [99.0] [cxt 0] switch.p4(98) Primitive hdr.ethernet.dstAddr = dstAddr
[09:12:27.685] [bmv2] [T] [thread 101557] [99.0] [cxt 0] switch.p4(99) Primitive hdr.ipv4.ttl = hdr.ipv4.ttl - 1
[09:12:27.685] [bmv2] [D] [thread 101557] [99.0] [cxt 0] Pipeline 'ingress': end
[09:12:27.685] [bmv2] [D] [thread 101557] [99.0] [cxt 0] Egress port is 1
[09:12:27.685] [bmv2] [D] [thread 101559] [99.0] [cxt 0] Pipeline 'egress': start
[09:12:27.686] [bmv2] [D] [thread 101559] [99.0] [cxt 0] Pipeline 'egress': end
[09:12:27.686] [bmv2] [D] [thread 101559] [99.0] [cxt 0] Deparser 'deparser': start
[09:12:27.686] [bmv2] [D] [thread 101559] [99.0] [cxt 0] Updating checksum 'cksum'
[09:12:27.686] [bmv2] [D] [thread 101559] [99.0] [cxt 0] Deparsing header 'ethernet'
[09:12:27.686] [bmv2] [D] [thread 101559] [99.0] [cxt 0] Deparsing header 'ipv4'
[09:12:27.686] [bmv2] [D] [thread 101559] [99.0] [cxt 0] Deparser 'deparser': end
[09:12:27.686] [bmv2] [D] [thread 101562] [99.0] [cxt 0] Transmitting packet of size 308 out of port 1
[09:12:27.688] [bmv2] [D] [thread 101557] [100.0] [cxt 0] Processing packet received on port 1
[09:12:27.688] [bmv2] [D] [thread 101557] [100.0] [cxt 0] Parser 'parser': start
[09:12:27.688] [bmv2] [D] [thread 101557] [100.0] [cxt 0] Parser 'parser' entering state 'start'
[09:12:27.688] [bmv2] [D] [thread 101557] [100.0] [cxt 0] Extracting header 'ethernet'
[09:12:27.688] [bmv2] [D] [thread 101557] [100.0] [cxt 0] Parser state 'start': key is 0800
[09:12:27.688] [bmv2] [T] [thread 101557] [100.0] [cxt 0] Bytes parsed: 14
[09:12:27.688] [bmv2] [D] [thread 101557] [100.0] [cxt 0] Parser 'parser' entering state 'parse_ipv4'
[09:12:27.688] [bmv2] [D] [thread 101557] [100.0] [cxt 0] Extracting header 'ipv4'
[09:12:27.688] [bmv2] [D] [thread 101557] [100.0] [cxt 0] Parser state 'parse_ipv4' has no switch, going to default next state
[09:12:27.688] [bmv2] [T] [thread 101557] [100.0] [cxt 0] Bytes parsed: 34
[09:12:27.688] [bmv2] [D] [thread 101557] [100.0] [cxt 0] Parser 'parser': end
[09:12:27.688] [bmv2] [D] [thread 101557] [100.0] [cxt 0] Pipeline 'ingress': start
[09:12:27.688] [bmv2] [T] [thread 101557] [100.0] [cxt 0] switch.p4(116) Condition "hdr.ipv4.isValid()" (node_2) is true
[09:12:27.688] [bmv2] [T] [thread 101557] [100.0] [cxt 0] Applying table 'MyIngress.ipv4_lpm'
[09:12:27.688] [bmv2] [D] [thread 101557] [100.0] [cxt 0] Looking up key:
* hdr.ipv4.dstAddr    : 0a000202

[09:12:27.688] [bmv2] [D] [thread 101557] [100.0] [cxt 0] Table 'MyIngress.ipv4_lpm': hit with handle 1
[09:12:27.688] [bmv2] [D] [thread 101557] [100.0] [cxt 0] Dumping entry 1
Match key:
* hdr.ipv4.dstAddr    : LPM       0a000202/32
Action entry: MyIngress.ipv4_forward - 80000000300,2,

[09:12:27.688] [bmv2] [D] [thread 101557] [100.0] [cxt 0] Action entry is MyIngress.ipv4_forward - 80000000300,2,
[09:12:27.688] [bmv2] [T] [thread 101557] [100.0] [cxt 0] Action MyIngress.ipv4_forward
[09:12:27.688] [bmv2] [T] [thread 101557] [100.0] [cxt 0] switch.p4(96) Primitive standard_metadata.egress_spec = port
[09:12:27.688] [bmv2] [T] [thread 101557] [100.0] [cxt 0] switch.p4(97) Primitive hdr.ethernet.srcAddr = hdr.ethernet.dstAddr
[09:12:27.688] [bmv2] [T] [thread 101557] [100.0] [cxt 0] switch.p4(98) Primitive hdr.ethernet.dstAddr = dstAddr
[09:12:27.688] [bmv2] [T] [thread 101557] [100.0] [cxt 0] switch.p4(99) Primitive hdr.ipv4.ttl = hdr.ipv4.ttl - 1
[09:12:27.688] [bmv2] [D] [thread 101557] [100.0] [cxt 0] Pipeline 'ingress': end
[09:12:27.688] [bmv2] [D] [thread 101557] [100.0] [cxt 0] Egress port is 2
[09:12:27.688] [bmv2] [D] [thread 101560] [100.0] [cxt 0] Pipeline 'egress': start
[09:12:27.688] [bmv2] [D] [thread 101560] [100.0] [cxt 0] Pipeline 'egress': end
[09:12:27.688] [bmv2] [D] [thread 101560] [100.0] [cxt 0] Deparser 'deparser': start
[09:12:27.688] [bmv2] [D] [thread 101560] [100.0] [cxt 0] Updating checksum 'cksum'
[09:12:27.688] [bmv2] [D] [thread 101560] [100.0] [cxt 0] Deparsing header 'ethernet'
[09:12:27.688] [bmv2] [D] [thread 101560] [100.0] [cxt 0] Deparsing header 'ipv4'
[09:12:27.688] [bmv2] [D] [thread 101560] [100.0] [cxt 0] Deparser 'deparser': end
[09:12:27.689] [bmv2] [D] [thread 101562] [100.0] [cxt 0] Transmitting packet of size 336 out of port 2
[09:12:28.154] [bmv2] [D] [thread 101557] [101.0] [cxt 0] Processing packet received on port 1
[09:12:28.154] [bmv2] [D] [thread 101557] [101.0] [cxt 0] Parser 'parser': start
[09:12:28.154] [bmv2] [D] [thread 101557] [101.0] [cxt 0] Parser 'parser' entering state 'start'
[09:12:28.154] [bmv2] [D] [thread 101557] [101.0] [cxt 0] Extracting header 'ethernet'
[09:12:28.154] [bmv2] [D] [thread 101557] [101.0] [cxt 0] Parser state 'start': key is 86dd
[09:12:28.154] [bmv2] [T] [thread 101557] [101.0] [cxt 0] Bytes parsed: 14
[09:12:28.154] [bmv2] [D] [thread 101557] [101.0] [cxt 0] Parser 'parser': end
[09:12:28.154] [bmv2] [D] [thread 101557] [101.0] [cxt 0] Pipeline 'ingress': start
[09:12:28.154] [bmv2] [T] [thread 101557] [101.0] [cxt 0] switch.p4(116) Condition "hdr.ipv4.isValid()" (node_2) is false
[09:12:28.154] [bmv2] [D] [thread 101557] [101.0] [cxt 0] Pipeline 'ingress': end
[09:12:28.154] [bmv2] [D] [thread 101557] [101.0] [cxt 0] Egress port is 0
[09:12:28.154] [bmv2] [D] [thread 101558] [101.0] [cxt 0] Pipeline 'egress': start
[09:12:28.154] [bmv2] [D] [thread 101558] [101.0] [cxt 0] Pipeline 'egress': end
[09:12:28.154] [bmv2] [D] [thread 101558] [101.0] [cxt 0] Deparser 'deparser': start
[09:12:28.154] [bmv2] [T] [thread 101558] [101.0] [cxt 0] Skipping checksum 'cksum' update because condition not met
[09:12:28.154] [bmv2] [D] [thread 101558] [101.0] [cxt 0] Deparsing header 'ethernet'
[09:12:28.154] [bmv2] [D] [thread 101558] [101.0] [cxt 0] Deparser 'deparser': end
[09:12:28.154] [bmv2] [D] [thread 101562] [101.0] [cxt 0] Transmitting packet of size 70 out of port 0
[09:12:28.692] [bmv2] [D] [thread 101557] [102.0] [cxt 0] Processing packet received on port 1
[09:12:28.692] [bmv2] [D] [thread 101557] [102.0] [cxt 0] Parser 'parser': start
[09:12:28.692] [bmv2] [D] [thread 101557] [102.0] [cxt 0] Parser 'parser' entering state 'start'
[09:12:28.692] [bmv2] [D] [thread 101557] [102.0] [cxt 0] Extracting header 'ethernet'
[09:12:28.692] [bmv2] [D] [thread 101557] [102.0] [cxt 0] Parser state 'start': key is 0800
[09:12:28.692] [bmv2] [T] [thread 101557] [102.0] [cxt 0] Bytes parsed: 14
[09:12:28.692] [bmv2] [D] [thread 101557] [102.0] [cxt 0] Parser 'parser' entering state 'parse_ipv4'
[09:12:28.692] [bmv2] [D] [thread 101557] [102.0] [cxt 0] Extracting header 'ipv4'
[09:12:28.692] [bmv2] [D] [thread 101557] [102.0] [cxt 0] Parser state 'parse_ipv4' has no switch, going to default next state
[09:12:28.692] [bmv2] [T] [thread 101557] [102.0] [cxt 0] Bytes parsed: 34
[09:12:28.692] [bmv2] [D] [thread 101557] [102.0] [cxt 0] Parser 'parser': end
[09:12:28.692] [bmv2] [D] [thread 101557] [102.0] [cxt 0] Pipeline 'ingress': start
[09:12:28.692] [bmv2] [T] [thread 101557] [102.0] [cxt 0] switch.p4(116) Condition "hdr.ipv4.isValid()" (node_2) is true
[09:12:28.692] [bmv2] [T] [thread 101557] [102.0] [cxt 0] Applying table 'MyIngress.ipv4_lpm'
[09:12:28.692] [bmv2] [D] [thread 101557] [102.0] [cxt 0] Looking up key:
* hdr.ipv4.dstAddr    : 0a000202

[09:12:28.692] [bmv2] [D] [thread 101557] [102.0] [cxt 0] Table 'MyIngress.ipv4_lpm': hit with handle 1
[09:12:28.692] [bmv2] [D] [thread 101557] [102.0] [cxt 0] Dumping entry 1
Match key:
* hdr.ipv4.dstAddr    : LPM       0a000202/32
Action entry: MyIngress.ipv4_forward - 80000000300,2,

[09:12:28.692] [bmv2] [D] [thread 101557] [102.0] [cxt 0] Action entry is MyIngress.ipv4_forward - 80000000300,2,
[09:12:28.692] [bmv2] [T] [thread 101557] [102.0] [cxt 0] Action MyIngress.ipv4_forward
[09:12:28.692] [bmv2] [T] [thread 101557] [102.0] [cxt 0] switch.p4(96) Primitive standard_metadata.egress_spec = port
[09:12:28.692] [bmv2] [T] [thread 101557] [102.0] [cxt 0] switch.p4(97) Primitive hdr.ethernet.srcAddr = hdr.ethernet.dstAddr
[09:12:28.692] [bmv2] [T] [thread 101557] [102.0] [cxt 0] switch.p4(98) Primitive hdr.ethernet.dstAddr = dstAddr
[09:12:28.692] [bmv2] [T] [thread 101557] [102.0] [cxt 0] switch.p4(99) Primitive hdr.ipv4.ttl = hdr.ipv4.ttl - 1
[09:12:28.692] [bmv2] [D] [thread 101557] [102.0] [cxt 0] Pipeline 'ingress': end
[09:12:28.692] [bmv2] [D] [thread 101557] [102.0] [cxt 0] Egress port is 2
[09:12:28.693] [bmv2] [D] [thread 101560] [102.0] [cxt 0] Pipeline 'egress': start
[09:12:28.693] [bmv2] [D] [thread 101560] [102.0] [cxt 0] Pipeline 'egress': end
[09:12:28.693] [bmv2] [D] [thread 101560] [102.0] [cxt 0] Deparser 'deparser': start
[09:12:28.693] [bmv2] [D] [thread 101560] [102.0] [cxt 0] Updating checksum 'cksum'
[09:12:28.693] [bmv2] [D] [thread 101560] [102.0] [cxt 0] Deparsing header 'ethernet'
[09:12:28.693] [bmv2] [D] [thread 101560] [102.0] [cxt 0] Deparsing header 'ipv4'
[09:12:28.693] [bmv2] [D] [thread 101560] [102.0] [cxt 0] Deparser 'deparser': end
[09:12:28.693] [bmv2] [D] [thread 101562] [102.0] [cxt 0] Transmitting packet of size 48 out of port 2
[09:12:28.693] [bmv2] [D] [thread 101557] [103.0] [cxt 0] Processing packet received on port 2
[09:12:28.693] [bmv2] [D] [thread 101557] [103.0] [cxt 0] Parser 'parser': start
[09:12:28.693] [bmv2] [D] [thread 101557] [103.0] [cxt 0] Parser 'parser' entering state 'start'
[09:12:28.693] [bmv2] [D] [thread 101557] [103.0] [cxt 0] Extracting header 'ethernet'
[09:12:28.693] [bmv2] [D] [thread 101557] [103.0] [cxt 0] Parser state 'start': key is 0800
[09:12:28.693] [bmv2] [T] [thread 101557] [103.0] [cxt 0] Bytes parsed: 14
[09:12:28.693] [bmv2] [D] [thread 101557] [103.0] [cxt 0] Parser 'parser' entering state 'parse_ipv4'
[09:12:28.693] [bmv2] [D] [thread 101557] [103.0] [cxt 0] Extracting header 'ipv4'
[09:12:28.693] [bmv2] [D] [thread 101557] [103.0] [cxt 0] Parser state 'parse_ipv4' has no switch, going to default next state
[09:12:28.693] [bmv2] [T] [thread 101557] [103.0] [cxt 0] Bytes parsed: 34
[09:12:28.693] [bmv2] [D] [thread 101557] [103.0] [cxt 0] Parser 'parser': end
[09:12:28.693] [bmv2] [D] [thread 101557] [103.0] [cxt 0] Pipeline 'ingress': start
[09:12:28.693] [bmv2] [T] [thread 101557] [103.0] [cxt 0] switch.p4(116) Condition "hdr.ipv4.isValid()" (node_2) is true
[09:12:28.693] [bmv2] [T] [thread 101557] [103.0] [cxt 0] Applying table 'MyIngress.ipv4_lpm'
[09:12:28.693] [bmv2] [D] [thread 101557] [103.0] [cxt 0] Looking up key:
* hdr.ipv4.dstAddr    : 0a000101

[09:12:28.693] [bmv2] [D] [thread 101557] [103.0] [cxt 0] Table 'MyIngress.ipv4_lpm': hit with handle 0
[09:12:28.693] [bmv2] [D] [thread 101557] [103.0] [cxt 0] Dumping entry 0
Match key:
* hdr.ipv4.dstAddr    : LPM       0a000101/32
Action entry: MyIngress.ipv4_forward - 80000000100,1,

[09:12:28.693] [bmv2] [D] [thread 101557] [103.0] [cxt 0] Action entry is MyIngress.ipv4_forward - 80000000100,1,
[09:12:28.693] [bmv2] [T] [thread 101557] [103.0] [cxt 0] Action MyIngress.ipv4_forward
[09:12:28.693] [bmv2] [T] [thread 101557] [103.0] [cxt 0] switch.p4(96) Primitive standard_metadata.egress_spec = port
[09:12:28.693] [bmv2] [T] [thread 101557] [103.0] [cxt 0] switch.p4(97) Primitive hdr.ethernet.srcAddr = hdr.ethernet.dstAddr
[09:12:28.693] [bmv2] [T] [thread 101557] [103.0] [cxt 0] switch.p4(98) Primitive hdr.ethernet.dstAddr = dstAddr
[09:12:28.693] [bmv2] [T] [thread 101557] [103.0] [cxt 0] switch.p4(99) Primitive hdr.ipv4.ttl = hdr.ipv4.ttl - 1
[09:12:28.693] [bmv2] [D] [thread 101557] [103.0] [cxt 0] Pipeline 'ingress': end
[09:12:28.693] [bmv2] [D] [thread 101557] [103.0] [cxt 0] Egress port is 1
[09:12:28.693] [bmv2] [D] [thread 101559] [103.0] [cxt 0] Pipeline 'egress': start
[09:12:28.693] [bmv2] [D] [thread 101559] [103.0] [cxt 0] Pipeline 'egress': end
[09:12:28.693] [bmv2] [D] [thread 101559] [103.0] [cxt 0] Deparser 'deparser': start
[09:12:28.693] [bmv2] [D] [thread 101559] [103.0] [cxt 0] Updating checksum 'cksum'
[09:12:28.693] [bmv2] [D] [thread 101559] [103.0] [cxt 0] Deparsing header 'ethernet'
[09:12:28.693] [bmv2] [D] [thread 101559] [103.0] [cxt 0] Deparsing header 'ipv4'
[09:12:28.693] [bmv2] [D] [thread 101559] [103.0] [cxt 0] Deparser 'deparser': end
[09:12:28.693] [bmv2] [D] [thread 101562] [103.0] [cxt 0] Transmitting packet of size 76 out of port 1
[09:12:28.712] [bmv2] [D] [thread 101557] [104.0] [cxt 0] Processing packet received on port 2
[09:12:28.712] [bmv2] [D] [thread 101557] [104.0] [cxt 0] Parser 'parser': start
[09:12:28.712] [bmv2] [D] [thread 101557] [104.0] [cxt 0] Parser 'parser' entering state 'start'
[09:12:28.712] [bmv2] [D] [thread 101557] [104.0] [cxt 0] Extracting header 'ethernet'
[09:12:28.712] [bmv2] [D] [thread 101557] [104.0] [cxt 0] Parser state 'start': key is 0800
[09:12:28.712] [bmv2] [T] [thread 101557] [104.0] [cxt 0] Bytes parsed: 14
[09:12:28.712] [bmv2] [D] [thread 101557] [104.0] [cxt 0] Parser 'parser' entering state 'parse_ipv4'
[09:12:28.712] [bmv2] [D] [thread 101557] [104.0] [cxt 0] Extracting header 'ipv4'
[09:12:28.712] [bmv2] [D] [thread 101557] [104.0] [cxt 0] Parser state 'parse_ipv4' has no switch, going to default next state
[09:12:28.713] [bmv2] [T] [thread 101557] [104.0] [cxt 0] Bytes parsed: 34
[09:12:28.713] [bmv2] [D] [thread 101557] [104.0] [cxt 0] Parser 'parser': end
[09:12:28.713] [bmv2] [D] [thread 101557] [104.0] [cxt 0] Pipeline 'ingress': start
[09:12:28.713] [bmv2] [T] [thread 101557] [104.0] [cxt 0] switch.p4(116) Condition "hdr.ipv4.isValid()" (node_2) is true
[09:12:28.713] [bmv2] [T] [thread 101557] [104.0] [cxt 0] Applying table 'MyIngress.ipv4_lpm'
[09:12:28.713] [bmv2] [D] [thread 101557] [104.0] [cxt 0] Looking up key:
* hdr.ipv4.dstAddr    : 0a000101

[09:12:28.713] [bmv2] [D] [thread 101557] [104.0] [cxt 0] Table 'MyIngress.ipv4_lpm': hit with handle 0
[09:12:28.713] [bmv2] [D] [thread 101557] [104.0] [cxt 0] Dumping entry 0
Match key:
* hdr.ipv4.dstAddr    : LPM       0a000101/32
Action entry: MyIngress.ipv4_forward - 80000000100,1,

[09:12:28.713] [bmv2] [D] [thread 101557] [104.0] [cxt 0] Action entry is MyIngress.ipv4_forward - 80000000100,1,
[09:12:28.713] [bmv2] [T] [thread 101557] [104.0] [cxt 0] Action MyIngress.ipv4_forward
[09:12:28.713] [bmv2] [T] [thread 101557] [104.0] [cxt 0] switch.p4(96) Primitive standard_metadata.egress_spec = port
[09:12:28.713] [bmv2] [T] [thread 101557] [104.0] [cxt 0] switch.p4(97) Primitive hdr.ethernet.srcAddr = hdr.ethernet.dstAddr
[09:12:28.713] [bmv2] [T] [thread 101557] [104.0] [cxt 0] switch.p4(98) Primitive hdr.ethernet.dstAddr = dstAddr
[09:12:28.713] [bmv2] [T] [thread 101557] [104.0] [cxt 0] switch.p4(99) Primitive hdr.ipv4.ttl = hdr.ipv4.ttl - 1
[09:12:28.713] [bmv2] [D] [thread 101557] [104.0] [cxt 0] Pipeline 'ingress': end
[09:12:28.713] [bmv2] [D] [thread 101557] [104.0] [cxt 0] Egress port is 1
[09:12:28.713] [bmv2] [D] [thread 101559] [104.0] [cxt 0] Pipeline 'egress': start
[09:12:28.713] [bmv2] [D] [thread 101559] [104.0] [cxt 0] Pipeline 'egress': end
[09:12:28.713] [bmv2] [D] [thread 101559] [104.0] [cxt 0] Deparser 'deparser': start
[09:12:28.713] [bmv2] [D] [thread 101559] [104.0] [cxt 0] Updating checksum 'cksum'
[09:12:28.713] [bmv2] [D] [thread 101559] [104.0] [cxt 0] Deparsing header 'ethernet'
[09:12:28.713] [bmv2] [D] [thread 101559] [104.0] [cxt 0] Deparsing header 'ipv4'
[09:12:28.713] [bmv2] [D] [thread 101559] [104.0] [cxt 0] Deparser 'deparser': end
[09:12:28.713] [bmv2] [D] [thread 101562] [104.0] [cxt 0] Transmitting packet of size 308 out of port 1
[09:12:28.718] [bmv2] [D] [thread 101557] [105.0] [cxt 0] Processing packet received on port 1
[09:12:28.718] [bmv2] [D] [thread 101557] [105.0] [cxt 0] Parser 'parser': start
[09:12:28.718] [bmv2] [D] [thread 101557] [105.0] [cxt 0] Parser 'parser' entering state 'start'
[09:12:28.718] [bmv2] [D] [thread 101557] [105.0] [cxt 0] Extracting header 'ethernet'
[09:12:28.718] [bmv2] [D] [thread 101557] [105.0] [cxt 0] Parser state 'start': key is 0800
[09:12:28.718] [bmv2] [T] [thread 101557] [105.0] [cxt 0] Bytes parsed: 14
[09:12:28.718] [bmv2] [D] [thread 101557] [105.0] [cxt 0] Parser 'parser' entering state 'parse_ipv4'
[09:12:28.718] [bmv2] [D] [thread 101557] [105.0] [cxt 0] Extracting header 'ipv4'
[09:12:28.718] [bmv2] [D] [thread 101557] [105.0] [cxt 0] Parser state 'parse_ipv4' has no switch, going to default next state
[09:12:28.718] [bmv2] [T] [thread 101557] [105.0] [cxt 0] Bytes parsed: 34
[09:12:28.718] [bmv2] [D] [thread 101557] [105.0] [cxt 0] Parser 'parser': end
[09:12:28.718] [bmv2] [D] [thread 101557] [105.0] [cxt 0] Pipeline 'ingress': start
[09:12:28.718] [bmv2] [T] [thread 101557] [105.0] [cxt 0] switch.p4(116) Condition "hdr.ipv4.isValid()" (node_2) is true
[09:12:28.718] [bmv2] [T] [thread 101557] [105.0] [cxt 0] Applying table 'MyIngress.ipv4_lpm'
[09:12:28.718] [bmv2] [D] [thread 101557] [105.0] [cxt 0] Looking up key:
* hdr.ipv4.dstAddr    : 0a000202

[09:12:28.718] [bmv2] [D] [thread 101557] [105.0] [cxt 0] Table 'MyIngress.ipv4_lpm': hit with handle 1
[09:12:28.718] [bmv2] [D] [thread 101557] [105.0] [cxt 0] Dumping entry 1
Match key:
* hdr.ipv4.dstAddr    : LPM       0a000202/32
Action entry: MyIngress.ipv4_forward - 80000000300,2,

[09:12:28.719] [bmv2] [D] [thread 101557] [105.0] [cxt 0] Action entry is MyIngress.ipv4_forward - 80000000300,2,
[09:12:28.719] [bmv2] [T] [thread 101557] [105.0] [cxt 0] Action MyIngress.ipv4_forward
[09:12:28.719] [bmv2] [T] [thread 101557] [105.0] [cxt 0] switch.p4(96) Primitive standard_metadata.egress_spec = port
[09:12:28.719] [bmv2] [T] [thread 101557] [105.0] [cxt 0] switch.p4(97) Primitive hdr.ethernet.srcAddr = hdr.ethernet.dstAddr
[09:12:28.719] [bmv2] [T] [thread 101557] [105.0] [cxt 0] switch.p4(98) Primitive hdr.ethernet.dstAddr = dstAddr
[09:12:28.719] [bmv2] [T] [thread 101557] [105.0] [cxt 0] switch.p4(99) Primitive hdr.ipv4.ttl = hdr.ipv4.ttl - 1
[09:12:28.719] [bmv2] [D] [thread 101557] [105.0] [cxt 0] Pipeline 'ingress': end
[09:12:28.719] [bmv2] [D] [thread 101557] [105.0] [cxt 0] Egress port is 2
[09:12:28.719] [bmv2] [D] [thread 101560] [105.0] [cxt 0] Pipeline 'egress': start
[09:12:28.719] [bmv2] [D] [thread 101560] [105.0] [cxt 0] Pipeline 'egress': end
[09:12:28.719] [bmv2] [D] [thread 101560] [105.0] [cxt 0] Deparser 'deparser': start
[09:12:28.719] [bmv2] [D] [thread 101560] [105.0] [cxt 0] Updating checksum 'cksum'
[09:12:28.719] [bmv2] [D] [thread 101560] [105.0] [cxt 0] Deparsing header 'ethernet'
[09:12:28.719] [bmv2] [D] [thread 101560] [105.0] [cxt 0] Deparsing header 'ipv4'
[09:12:28.719] [bmv2] [D] [thread 101560] [105.0] [cxt 0] Deparser 'deparser': end
[09:12:28.719] [bmv2] [D] [thread 101562] [105.0] [cxt 0] Transmitting packet of size 336 out of port 2
[09:12:29.283] [bmv2] [D] [thread 101557] [106.0] [cxt 0] Processing packet received on port 1
[09:12:29.283] [bmv2] [D] [thread 101557] [106.0] [cxt 0] Parser 'parser': start
[09:12:29.284] [bmv2] [D] [thread 101557] [106.0] [cxt 0] Parser 'parser' entering state 'start'
[09:12:29.284] [bmv2] [D] [thread 101557] [106.0] [cxt 0] Extracting header 'ethernet'
[09:12:29.284] [bmv2] [D] [thread 101557] [106.0] [cxt 0] Parser state 'start': key is 86dd
[09:12:29.284] [bmv2] [T] [thread 101557] [106.0] [cxt 0] Bytes parsed: 14
[09:12:29.284] [bmv2] [D] [thread 101557] [106.0] [cxt 0] Parser 'parser': end
[09:12:29.284] [bmv2] [D] [thread 101557] [106.0] [cxt 0] Pipeline 'ingress': start
[09:12:29.284] [bmv2] [T] [thread 101557] [106.0] [cxt 0] switch.p4(116) Condition "hdr.ipv4.isValid()" (node_2) is false
[09:12:29.286] [bmv2] [D] [thread 101557] [106.0] [cxt 0] Pipeline 'ingress': end
[09:12:29.286] [bmv2] [D] [thread 101557] [106.0] [cxt 0] Egress port is 0
[09:12:29.286] [bmv2] [D] [thread 101557] [107.0] [cxt 0] Processing packet received on port 2
[09:12:29.286] [bmv2] [D] [thread 101557] [107.0] [cxt 0] Parser 'parser': start
[09:12:29.286] [bmv2] [D] [thread 101557] [107.0] [cxt 0] Parser 'parser' entering state 'start'
[09:12:29.286] [bmv2] [D] [thread 101557] [107.0] [cxt 0] Extracting header 'ethernet'
[09:12:29.286] [bmv2] [D] [thread 101557] [107.0] [cxt 0] Parser state 'start': key is 86dd
[09:12:29.286] [bmv2] [T] [thread 101557] [107.0] [cxt 0] Bytes parsed: 14
[09:12:29.286] [bmv2] [D] [thread 101557] [107.0] [cxt 0] Parser 'parser': end
[09:12:29.286] [bmv2] [D] [thread 101557] [107.0] [cxt 0] Pipeline 'ingress': start
[09:12:29.286] [bmv2] [T] [thread 101557] [107.0] [cxt 0] switch.p4(116) Condition "hdr.ipv4.isValid()" (node_2) is false
[09:12:29.286] [bmv2] [D] [thread 101557] [107.0] [cxt 0] Pipeline 'ingress': end
[09:12:29.286] [bmv2] [D] [thread 101557] [107.0] [cxt 0] Egress port is 0
[09:12:29.286] [bmv2] [D] [thread 101557] [108.0] [cxt 0] Processing packet received on port 1
[09:12:29.286] [bmv2] [D] [thread 101557] [108.0] [cxt 0] Parser 'parser': start
[09:12:29.286] [bmv2] [D] [thread 101557] [108.0] [cxt 0] Parser 'parser' entering state 'start'
[09:12:29.286] [bmv2] [D] [thread 101557] [108.0] [cxt 0] Extracting header 'ethernet'
[09:12:29.286] [bmv2] [D] [thread 101557] [108.0] [cxt 0] Parser state 'start': key is 86dd
[09:12:29.286] [bmv2] [T] [thread 101557] [108.0] [cxt 0] Bytes parsed: 14
[09:12:29.286] [bmv2] [D] [thread 101557] [108.0] [cxt 0] Parser 'parser': end
[09:12:29.286] [bmv2] [D] [thread 101557] [108.0] [cxt 0] Pipeline 'ingress': start
[09:12:29.286] [bmv2] [T] [thread 101557] [108.0] [cxt 0] switch.p4(116) Condition "hdr.ipv4.isValid()" (node_2) is false
[09:12:29.286] [bmv2] [D] [thread 101557] [108.0] [cxt 0] Pipeline 'ingress': end
[09:12:29.286] [bmv2] [D] [thread 101557] [108.0] [cxt 0] Egress port is 0
[09:12:29.286] [bmv2] [D] [thread 101558] [106.0] [cxt 0] Pipeline 'egress': start
[09:12:29.289] [bmv2] [D] [thread 101558] [106.0] [cxt 0] Pipeline 'egress': end
[09:12:29.289] [bmv2] [D] [thread 101558] [106.0] [cxt 0] Deparser 'deparser': start
[09:12:29.289] [bmv2] [T] [thread 101558] [106.0] [cxt 0] Skipping checksum 'cksum' update because condition not met
[09:12:29.289] [bmv2] [D] [thread 101558] [106.0] [cxt 0] Deparsing header 'ethernet'
[09:12:29.289] [bmv2] [D] [thread 101558] [106.0] [cxt 0] Deparser 'deparser': end
[09:12:29.289] [bmv2] [D] [thread 101558] [107.0] [cxt 0] Pipeline 'egress': start
[09:12:29.289] [bmv2] [D] [thread 101558] [107.0] [cxt 0] Pipeline 'egress': end
[09:12:29.289] [bmv2] [D] [thread 101558] [107.0] [cxt 0] Deparser 'deparser': start
[09:12:29.289] [bmv2] [T] [thread 101558] [107.0] [cxt 0] Skipping checksum 'cksum' update because condition not met
[09:12:29.289] [bmv2] [D] [thread 101558] [107.0] [cxt 0] Deparsing header 'ethernet'
[09:12:29.289] [bmv2] [D] [thread 101558] [107.0] [cxt 0] Deparser 'deparser': end
[09:12:29.289] [bmv2] [D] [thread 101558] [108.0] [cxt 0] Pipeline 'egress': start
[09:12:29.289] [bmv2] [D] [thread 101558] [108.0] [cxt 0] Pipeline 'egress': end
[09:12:29.289] [bmv2] [D] [thread 101558] [108.0] [cxt 0] Deparser 'deparser': start
[09:12:29.289] [bmv2] [T] [thread 101558] [108.0] [cxt 0] Skipping checksum 'cksum' update because condition not met
[09:12:29.289] [bmv2] [D] [thread 101558] [108.0] [cxt 0] Deparsing header 'ethernet'
[09:12:29.289] [bmv2] [D] [thread 101558] [108.0] [cxt 0] Deparser 'deparser': end
[09:12:29.289] [bmv2] [D] [thread 101562] [106.0] [cxt 0] Transmitting packet of size 203 out of port 0
[09:12:29.289] [bmv2] [D] [thread 101562] [107.0] [cxt 0] Transmitting packet of size 203 out of port 0
[09:12:29.289] [bmv2] [D] [thread 101562] [108.0] [cxt 0] Transmitting packet of size 203 out of port 0
[09:12:29.721] [bmv2] [D] [thread 101557] [109.0] [cxt 0] Processing packet received on port 1
[09:12:29.721] [bmv2] [D] [thread 101557] [109.0] [cxt 0] Parser 'parser': start
[09:12:29.721] [bmv2] [D] [thread 101557] [109.0] [cxt 0] Parser 'parser' entering state 'start'
[09:12:29.721] [bmv2] [D] [thread 101557] [109.0] [cxt 0] Extracting header 'ethernet'
[09:12:29.721] [bmv2] [D] [thread 101557] [109.0] [cxt 0] Parser state 'start': key is 0800
[09:12:29.721] [bmv2] [T] [thread 101557] [109.0] [cxt 0] Bytes parsed: 14
[09:12:29.721] [bmv2] [D] [thread 101557] [109.0] [cxt 0] Parser 'parser' entering state 'parse_ipv4'
[09:12:29.721] [bmv2] [D] [thread 101557] [109.0] [cxt 0] Extracting header 'ipv4'
[09:12:29.721] [bmv2] [D] [thread 101557] [109.0] [cxt 0] Parser state 'parse_ipv4' has no switch, going to default next state
[09:12:29.721] [bmv2] [T] [thread 101557] [109.0] [cxt 0] Bytes parsed: 34
[09:12:29.721] [bmv2] [D] [thread 101557] [109.0] [cxt 0] Parser 'parser': end
[09:12:29.721] [bmv2] [D] [thread 101557] [109.0] [cxt 0] Pipeline 'ingress': start
[09:12:29.721] [bmv2] [T] [thread 101557] [109.0] [cxt 0] switch.p4(116) Condition "hdr.ipv4.isValid()" (node_2) is true
[09:12:29.721] [bmv2] [T] [thread 101557] [109.0] [cxt 0] Applying table 'MyIngress.ipv4_lpm'
[09:12:29.721] [bmv2] [D] [thread 101557] [109.0] [cxt 0] Looking up key:
* hdr.ipv4.dstAddr    : 0a000202

[09:12:29.721] [bmv2] [D] [thread 101557] [109.0] [cxt 0] Table 'MyIngress.ipv4_lpm': hit with handle 1
[09:12:29.721] [bmv2] [D] [thread 101557] [109.0] [cxt 0] Dumping entry 1
Match key:
* hdr.ipv4.dstAddr    : LPM       0a000202/32
Action entry: MyIngress.ipv4_forward - 80000000300,2,

[09:12:29.721] [bmv2] [D] [thread 101557] [109.0] [cxt 0] Action entry is MyIngress.ipv4_forward - 80000000300,2,
[09:12:29.721] [bmv2] [T] [thread 101557] [109.0] [cxt 0] Action MyIngress.ipv4_forward
[09:12:29.721] [bmv2] [T] [thread 101557] [109.0] [cxt 0] switch.p4(96) Primitive standard_metadata.egress_spec = port
[09:12:29.721] [bmv2] [T] [thread 101557] [109.0] [cxt 0] switch.p4(97) Primitive hdr.ethernet.srcAddr = hdr.ethernet.dstAddr
[09:12:29.721] [bmv2] [T] [thread 101557] [109.0] [cxt 0] switch.p4(98) Primitive hdr.ethernet.dstAddr = dstAddr
[09:12:29.721] [bmv2] [T] [thread 101557] [109.0] [cxt 0] switch.p4(99) Primitive hdr.ipv4.ttl = hdr.ipv4.ttl - 1
[09:12:29.721] [bmv2] [D] [thread 101557] [109.0] [cxt 0] Pipeline 'ingress': end
[09:12:29.721] [bmv2] [D] [thread 101557] [109.0] [cxt 0] Egress port is 2
[09:12:29.721] [bmv2] [D] [thread 101560] [109.0] [cxt 0] Pipeline 'egress': start
[09:12:29.721] [bmv2] [D] [thread 101560] [109.0] [cxt 0] Pipeline 'egress': end
[09:12:29.721] [bmv2] [D] [thread 101560] [109.0] [cxt 0] Deparser 'deparser': start
[09:12:29.721] [bmv2] [D] [thread 101560] [109.0] [cxt 0] Updating checksum 'cksum'
[09:12:29.721] [bmv2] [D] [thread 101560] [109.0] [cxt 0] Deparsing header 'ethernet'
[09:12:29.721] [bmv2] [D] [thread 101560] [109.0] [cxt 0] Deparsing header 'ipv4'
[09:12:29.721] [bmv2] [D] [thread 101560] [109.0] [cxt 0] Deparser 'deparser': end
[09:12:29.721] [bmv2] [D] [thread 101562] [109.0] [cxt 0] Transmitting packet of size 48 out of port 2
[09:12:29.721] [bmv2] [D] [thread 101557] [110.0] [cxt 0] Processing packet received on port 2
[09:12:29.721] [bmv2] [D] [thread 101557] [110.0] [cxt 0] Parser 'parser': start
[09:12:29.721] [bmv2] [D] [thread 101557] [110.0] [cxt 0] Parser 'parser' entering state 'start'
[09:12:29.721] [bmv2] [D] [thread 101557] [110.0] [cxt 0] Extracting header 'ethernet'
[09:12:29.721] [bmv2] [D] [thread 101557] [110.0] [cxt 0] Parser state 'start': key is 0800
[09:12:29.721] [bmv2] [T] [thread 101557] [110.0] [cxt 0] Bytes parsed: 14
[09:12:29.721] [bmv2] [D] [thread 101557] [110.0] [cxt 0] Parser 'parser' entering state 'parse_ipv4'
[09:12:29.721] [bmv2] [D] [thread 101557] [110.0] [cxt 0] Extracting header 'ipv4'
[09:12:29.721] [bmv2] [D] [thread 101557] [110.0] [cxt 0] Parser state 'parse_ipv4' has no switch, going to default next state
[09:12:29.721] [bmv2] [T] [thread 101557] [110.0] [cxt 0] Bytes parsed: 34
[09:12:29.721] [bmv2] [D] [thread 101557] [110.0] [cxt 0] Parser 'parser': end
[09:12:29.721] [bmv2] [D] [thread 101557] [110.0] [cxt 0] Pipeline 'ingress': start
[09:12:29.721] [bmv2] [T] [thread 101557] [110.0] [cxt 0] switch.p4(116) Condition "hdr.ipv4.isValid()" (node_2) is true
[09:12:29.721] [bmv2] [T] [thread 101557] [110.0] [cxt 0] Applying table 'MyIngress.ipv4_lpm'
[09:12:29.721] [bmv2] [D] [thread 101557] [110.0] [cxt 0] Looking up key:
* hdr.ipv4.dstAddr    : 0a000101

[09:12:29.721] [bmv2] [D] [thread 101557] [110.0] [cxt 0] Table 'MyIngress.ipv4_lpm': hit with handle 0
[09:12:29.721] [bmv2] [D] [thread 101557] [110.0] [cxt 0] Dumping entry 0
Match key:
* hdr.ipv4.dstAddr    : LPM       0a000101/32
Action entry: MyIngress.ipv4_forward - 80000000100,1,

[09:12:29.721] [bmv2] [D] [thread 101557] [110.0] [cxt 0] Action entry is MyIngress.ipv4_forward - 80000000100,1,
[09:12:29.721] [bmv2] [T] [thread 101557] [110.0] [cxt 0] Action MyIngress.ipv4_forward
[09:12:29.721] [bmv2] [T] [thread 101557] [110.0] [cxt 0] switch.p4(96) Primitive standard_metadata.egress_spec = port
[09:12:29.721] [bmv2] [T] [thread 101557] [110.0] [cxt 0] switch.p4(97) Primitive hdr.ethernet.srcAddr = hdr.ethernet.dstAddr
[09:12:29.721] [bmv2] [T] [thread 101557] [110.0] [cxt 0] switch.p4(98) Primitive hdr.ethernet.dstAddr = dstAddr
[09:12:29.721] [bmv2] [T] [thread 101557] [110.0] [cxt 0] switch.p4(99) Primitive hdr.ipv4.ttl = hdr.ipv4.ttl - 1
[09:12:29.721] [bmv2] [D] [thread 101557] [110.0] [cxt 0] Pipeline 'ingress': end
[09:12:29.721] [bmv2] [D] [thread 101557] [110.0] [cxt 0] Egress port is 1
[09:12:29.721] [bmv2] [D] [thread 101559] [110.0] [cxt 0] Pipeline 'egress': start
[09:12:29.721] [bmv2] [D] [thread 101559] [110.0] [cxt 0] Pipeline 'egress': end
[09:12:29.721] [bmv2] [D] [thread 101559] [110.0] [cxt 0] Deparser 'deparser': start
[09:12:29.721] [bmv2] [D] [thread 101559] [110.0] [cxt 0] Updating checksum 'cksum'
[09:12:29.721] [bmv2] [D] [thread 101559] [110.0] [cxt 0] Deparsing header 'ethernet'
[09:12:29.721] [bmv2] [D] [thread 101559] [110.0] [cxt 0] Deparsing header 'ipv4'
[09:12:29.721] [bmv2] [D] [thread 101559] [110.0] [cxt 0] Deparser 'deparser': end
[09:12:29.721] [bmv2] [D] [thread 101562] [110.0] [cxt 0] Transmitting packet of size 76 out of port 1
[09:12:29.764] [bmv2] [D] [thread 101557] [111.0] [cxt 0] Processing packet received on port 2
[09:12:29.764] [bmv2] [D] [thread 101557] [111.0] [cxt 0] Parser 'parser': start
[09:12:29.764] [bmv2] [D] [thread 101557] [111.0] [cxt 0] Parser 'parser' entering state 'start'
[09:12:29.764] [bmv2] [D] [thread 101557] [111.0] [cxt 0] Extracting header 'ethernet'
[09:12:29.764] [bmv2] [D] [thread 101557] [111.0] [cxt 0] Parser state 'start': key is 0800
[09:12:29.764] [bmv2] [T] [thread 101557] [111.0] [cxt 0] Bytes parsed: 14
[09:12:29.764] [bmv2] [D] [thread 101557] [111.0] [cxt 0] Parser 'parser' entering state 'parse_ipv4'
[09:12:29.764] [bmv2] [D] [thread 101557] [111.0] [cxt 0] Extracting header 'ipv4'
[09:12:29.764] [bmv2] [D] [thread 101557] [111.0] [cxt 0] Parser state 'parse_ipv4' has no switch, going to default next state
[09:12:29.764] [bmv2] [T] [thread 101557] [111.0] [cxt 0] Bytes parsed: 34
[09:12:29.764] [bmv2] [D] [thread 101557] [111.0] [cxt 0] Parser 'parser': end
[09:12:29.764] [bmv2] [D] [thread 101557] [111.0] [cxt 0] Pipeline 'ingress': start
[09:12:29.764] [bmv2] [T] [thread 101557] [111.0] [cxt 0] switch.p4(116) Condition "hdr.ipv4.isValid()" (node_2) is true
[09:12:29.764] [bmv2] [T] [thread 101557] [111.0] [cxt 0] Applying table 'MyIngress.ipv4_lpm'
[09:12:29.764] [bmv2] [D] [thread 101557] [111.0] [cxt 0] Looking up key:
* hdr.ipv4.dstAddr    : 0a000101

[09:12:29.764] [bmv2] [D] [thread 101557] [111.0] [cxt 0] Table 'MyIngress.ipv4_lpm': hit with handle 0
[09:12:29.764] [bmv2] [D] [thread 101557] [111.0] [cxt 0] Dumping entry 0
Match key:
* hdr.ipv4.dstAddr    : LPM       0a000101/32
Action entry: MyIngress.ipv4_forward - 80000000100,1,

[09:12:29.764] [bmv2] [D] [thread 101557] [111.0] [cxt 0] Action entry is MyIngress.ipv4_forward - 80000000100,1,
[09:12:29.764] [bmv2] [T] [thread 101557] [111.0] [cxt 0] Action MyIngress.ipv4_forward
[09:12:29.764] [bmv2] [T] [thread 101557] [111.0] [cxt 0] switch.p4(96) Primitive standard_metadata.egress_spec = port
[09:12:29.764] [bmv2] [T] [thread 101557] [111.0] [cxt 0] switch.p4(97) Primitive hdr.ethernet.srcAddr = hdr.ethernet.dstAddr
[09:12:29.764] [bmv2] [T] [thread 101557] [111.0] [cxt 0] switch.p4(98) Primitive hdr.ethernet.dstAddr = dstAddr
[09:12:29.764] [bmv2] [T] [thread 101557] [111.0] [cxt 0] switch.p4(99) Primitive hdr.ipv4.ttl = hdr.ipv4.ttl - 1
[09:12:29.764] [bmv2] [D] [thread 101557] [111.0] [cxt 0] Pipeline 'ingress': end
[09:12:29.764] [bmv2] [D] [thread 101557] [111.0] [cxt 0] Egress port is 1
[09:12:29.764] [bmv2] [D] [thread 101559] [111.0] [cxt 0] Pipeline 'egress': start
[09:12:29.764] [bmv2] [D] [thread 101559] [111.0] [cxt 0] Pipeline 'egress': end
[09:12:29.764] [bmv2] [D] [thread 101559] [111.0] [cxt 0] Deparser 'deparser': start
[09:12:29.764] [bmv2] [D] [thread 101559] [111.0] [cxt 0] Updating checksum 'cksum'
[09:12:29.764] [bmv2] [D] [thread 101559] [111.0] [cxt 0] Deparsing header 'ethernet'
[09:12:29.764] [bmv2] [D] [thread 101559] [111.0] [cxt 0] Deparsing header 'ipv4'
[09:12:29.764] [bmv2] [D] [thread 101559] [111.0] [cxt 0] Deparser 'deparser': end
[09:12:29.764] [bmv2] [D] [thread 101562] [111.0] [cxt 0] Transmitting packet of size 308 out of port 1
[09:12:29.781] [bmv2] [D] [thread 101557] [112.0] [cxt 0] Processing packet received on port 1
[09:12:29.781] [bmv2] [D] [thread 101557] [112.0] [cxt 0] Parser 'parser': start
[09:12:29.781] [bmv2] [D] [thread 101557] [112.0] [cxt 0] Parser 'parser' entering state 'start'
[09:12:29.781] [bmv2] [D] [thread 101557] [112.0] [cxt 0] Extracting header 'ethernet'
[09:12:29.781] [bmv2] [D] [thread 101557] [112.0] [cxt 0] Parser state 'start': key is 0800
[09:12:29.781] [bmv2] [T] [thread 101557] [112.0] [cxt 0] Bytes parsed: 14
[09:12:29.781] [bmv2] [D] [thread 101557] [112.0] [cxt 0] Parser 'parser' entering state 'parse_ipv4'
[09:12:29.781] [bmv2] [D] [thread 101557] [112.0] [cxt 0] Extracting header 'ipv4'
[09:12:29.781] [bmv2] [D] [thread 101557] [112.0] [cxt 0] Parser state 'parse_ipv4' has no switch, going to default next state
[09:12:29.781] [bmv2] [T] [thread 101557] [112.0] [cxt 0] Bytes parsed: 34
[09:12:29.781] [bmv2] [D] [thread 101557] [112.0] [cxt 0] Parser 'parser': end
[09:12:29.781] [bmv2] [D] [thread 101557] [112.0] [cxt 0] Pipeline 'ingress': start
[09:12:29.781] [bmv2] [T] [thread 101557] [112.0] [cxt 0] switch.p4(116) Condition "hdr.ipv4.isValid()" (node_2) is true
[09:12:29.781] [bmv2] [T] [thread 101557] [112.0] [cxt 0] Applying table 'MyIngress.ipv4_lpm'
[09:12:29.781] [bmv2] [D] [thread 101557] [112.0] [cxt 0] Looking up key:
* hdr.ipv4.dstAddr    : 0a000202

[09:12:29.781] [bmv2] [D] [thread 101557] [112.0] [cxt 0] Table 'MyIngress.ipv4_lpm': hit with handle 1
[09:12:29.781] [bmv2] [D] [thread 101557] [112.0] [cxt 0] Dumping entry 1
Match key:
* hdr.ipv4.dstAddr    : LPM       0a000202/32
Action entry: MyIngress.ipv4_forward - 80000000300,2,

[09:12:29.781] [bmv2] [D] [thread 101557] [112.0] [cxt 0] Action entry is MyIngress.ipv4_forward - 80000000300,2,
[09:12:29.781] [bmv2] [T] [thread 101557] [112.0] [cxt 0] Action MyIngress.ipv4_forward
[09:12:29.781] [bmv2] [T] [thread 101557] [112.0] [cxt 0] switch.p4(96) Primitive standard_metadata.egress_spec = port
[09:12:29.781] [bmv2] [T] [thread 101557] [112.0] [cxt 0] switch.p4(97) Primitive hdr.ethernet.srcAddr = hdr.ethernet.dstAddr
[09:12:29.781] [bmv2] [T] [thread 101557] [112.0] [cxt 0] switch.p4(98) Primitive hdr.ethernet.dstAddr = dstAddr
[09:12:29.781] [bmv2] [T] [thread 101557] [112.0] [cxt 0] switch.p4(99) Primitive hdr.ipv4.ttl = hdr.ipv4.ttl - 1
[09:12:29.781] [bmv2] [D] [thread 101557] [112.0] [cxt 0] Pipeline 'ingress': end
[09:12:29.781] [bmv2] [D] [thread 101557] [112.0] [cxt 0] Egress port is 2
[09:12:29.781] [bmv2] [D] [thread 101560] [112.0] [cxt 0] Pipeline 'egress': start
[09:12:29.781] [bmv2] [D] [thread 101560] [112.0] [cxt 0] Pipeline 'egress': end
[09:12:29.781] [bmv2] [D] [thread 101560] [112.0] [cxt 0] Deparser 'deparser': start
[09:12:29.781] [bmv2] [D] [thread 101560] [112.0] [cxt 0] Updating checksum 'cksum'
[09:12:29.781] [bmv2] [D] [thread 101560] [112.0] [cxt 0] Deparsing header 'ethernet'
[09:12:29.781] [bmv2] [D] [thread 101560] [112.0] [cxt 0] Deparsing header 'ipv4'
[09:12:29.781] [bmv2] [D] [thread 101560] [112.0] [cxt 0] Deparser 'deparser': end
[09:12:29.781] [bmv2] [D] [thread 101562] [112.0] [cxt 0] Transmitting packet of size 336 out of port 2
[09:12:30.744] [bmv2] [D] [thread 101557] [113.0] [cxt 0] Processing packet received on port 1
[09:12:30.744] [bmv2] [D] [thread 101557] [113.0] [cxt 0] Parser 'parser': start
[09:12:30.744] [bmv2] [D] [thread 101557] [113.0] [cxt 0] Parser 'parser' entering state 'start'
[09:12:30.744] [bmv2] [D] [thread 101557] [113.0] [cxt 0] Extracting header 'ethernet'
[09:12:30.744] [bmv2] [D] [thread 101557] [113.0] [cxt 0] Parser state 'start': key is 0800
[09:12:30.744] [bmv2] [T] [thread 101557] [113.0] [cxt 0] Bytes parsed: 14
[09:12:30.744] [bmv2] [D] [thread 101557] [113.0] [cxt 0] Parser 'parser' entering state 'parse_ipv4'
[09:12:30.744] [bmv2] [D] [thread 101557] [113.0] [cxt 0] Extracting header 'ipv4'
[09:12:30.744] [bmv2] [D] [thread 101557] [113.0] [cxt 0] Parser state 'parse_ipv4' has no switch, going to default next state
[09:12:30.744] [bmv2] [T] [thread 101557] [113.0] [cxt 0] Bytes parsed: 34
[09:12:30.744] [bmv2] [D] [thread 101557] [113.0] [cxt 0] Parser 'parser': end
[09:12:30.744] [bmv2] [D] [thread 101557] [113.0] [cxt 0] Pipeline 'ingress': start
[09:12:30.744] [bmv2] [T] [thread 101557] [113.0] [cxt 0] switch.p4(116) Condition "hdr.ipv4.isValid()" (node_2) is true
[09:12:30.744] [bmv2] [T] [thread 101557] [113.0] [cxt 0] Applying table 'MyIngress.ipv4_lpm'
[09:12:30.744] [bmv2] [D] [thread 101557] [113.0] [cxt 0] Looking up key:
* hdr.ipv4.dstAddr    : 0a000202

[09:12:30.744] [bmv2] [D] [thread 101557] [113.0] [cxt 0] Table 'MyIngress.ipv4_lpm': hit with handle 1
[09:12:30.744] [bmv2] [D] [thread 101557] [113.0] [cxt 0] Dumping entry 1
Match key:
* hdr.ipv4.dstAddr    : LPM       0a000202/32
Action entry: MyIngress.ipv4_forward - 80000000300,2,

[09:12:30.744] [bmv2] [D] [thread 101557] [113.0] [cxt 0] Action entry is MyIngress.ipv4_forward - 80000000300,2,
[09:12:30.744] [bmv2] [T] [thread 101557] [113.0] [cxt 0] Action MyIngress.ipv4_forward
[09:12:30.744] [bmv2] [T] [thread 101557] [113.0] [cxt 0] switch.p4(96) Primitive standard_metadata.egress_spec = port
[09:12:30.744] [bmv2] [T] [thread 101557] [113.0] [cxt 0] switch.p4(97) Primitive hdr.ethernet.srcAddr = hdr.ethernet.dstAddr
[09:12:30.744] [bmv2] [T] [thread 101557] [113.0] [cxt 0] switch.p4(98) Primitive hdr.ethernet.dstAddr = dstAddr
[09:12:30.744] [bmv2] [T] [thread 101557] [113.0] [cxt 0] switch.p4(99) Primitive hdr.ipv4.ttl = hdr.ipv4.ttl - 1
[09:12:30.744] [bmv2] [D] [thread 101557] [113.0] [cxt 0] Pipeline 'ingress': end
[09:12:30.744] [bmv2] [D] [thread 101557] [113.0] [cxt 0] Egress port is 2
[09:12:30.744] [bmv2] [D] [thread 101560] [113.0] [cxt 0] Pipeline 'egress': start
[09:12:30.744] [bmv2] [D] [thread 101560] [113.0] [cxt 0] Pipeline 'egress': end
[09:12:30.744] [bmv2] [D] [thread 101560] [113.0] [cxt 0] Deparser 'deparser': start
[09:12:30.744] [bmv2] [D] [thread 101560] [113.0] [cxt 0] Updating checksum 'cksum'
[09:12:30.744] [bmv2] [D] [thread 101560] [113.0] [cxt 0] Deparsing header 'ethernet'
[09:12:30.744] [bmv2] [D] [thread 101560] [113.0] [cxt 0] Deparsing header 'ipv4'
[09:12:30.744] [bmv2] [D] [thread 101560] [113.0] [cxt 0] Deparser 'deparser': end
[09:12:30.744] [bmv2] [D] [thread 101562] [113.0] [cxt 0] Transmitting packet of size 48 out of port 2
[09:12:30.749] [bmv2] [D] [thread 101557] [114.0] [cxt 0] Processing packet received on port 2
[09:12:30.749] [bmv2] [D] [thread 101557] [114.0] [cxt 0] Parser 'parser': start
[09:12:30.749] [bmv2] [D] [thread 101557] [114.0] [cxt 0] Parser 'parser' entering state 'start'
[09:12:30.749] [bmv2] [D] [thread 101557] [114.0] [cxt 0] Extracting header 'ethernet'
[09:12:30.749] [bmv2] [D] [thread 101557] [114.0] [cxt 0] Parser state 'start': key is 0800
[09:12:30.749] [bmv2] [T] [thread 101557] [114.0] [cxt 0] Bytes parsed: 14
[09:12:30.749] [bmv2] [D] [thread 101557] [114.0] [cxt 0] Parser 'parser' entering state 'parse_ipv4'
[09:12:30.749] [bmv2] [D] [thread 101557] [114.0] [cxt 0] Extracting header 'ipv4'
[09:12:30.749] [bmv2] [D] [thread 101557] [114.0] [cxt 0] Parser state 'parse_ipv4' has no switch, going to default next state
[09:12:30.749] [bmv2] [T] [thread 101557] [114.0] [cxt 0] Bytes parsed: 34
[09:12:30.749] [bmv2] [D] [thread 101557] [114.0] [cxt 0] Parser 'parser': end
[09:12:30.749] [bmv2] [D] [thread 101557] [114.0] [cxt 0] Pipeline 'ingress': start
[09:12:30.749] [bmv2] [T] [thread 101557] [114.0] [cxt 0] switch.p4(116) Condition "hdr.ipv4.isValid()" (node_2) is true
[09:12:30.749] [bmv2] [T] [thread 101557] [114.0] [cxt 0] Applying table 'MyIngress.ipv4_lpm'
[09:12:30.749] [bmv2] [D] [thread 101557] [114.0] [cxt 0] Looking up key:
* hdr.ipv4.dstAddr    : 0a000101

[09:12:30.749] [bmv2] [D] [thread 101557] [114.0] [cxt 0] Table 'MyIngress.ipv4_lpm': hit with handle 0
[09:12:30.749] [bmv2] [D] [thread 101557] [114.0] [cxt 0] Dumping entry 0
Match key:
* hdr.ipv4.dstAddr    : LPM       0a000101/32
Action entry: MyIngress.ipv4_forward - 80000000100,1,

[09:12:30.749] [bmv2] [D] [thread 101557] [114.0] [cxt 0] Action entry is MyIngress.ipv4_forward - 80000000100,1,
[09:12:30.749] [bmv2] [T] [thread 101557] [114.0] [cxt 0] Action MyIngress.ipv4_forward
[09:12:30.749] [bmv2] [T] [thread 101557] [114.0] [cxt 0] switch.p4(96) Primitive standard_metadata.egress_spec = port
[09:12:30.749] [bmv2] [T] [thread 101557] [114.0] [cxt 0] switch.p4(97) Primitive hdr.ethernet.srcAddr = hdr.ethernet.dstAddr
[09:12:30.749] [bmv2] [T] [thread 101557] [114.0] [cxt 0] switch.p4(98) Primitive hdr.ethernet.dstAddr = dstAddr
[09:12:30.749] [bmv2] [T] [thread 101557] [114.0] [cxt 0] switch.p4(99) Primitive hdr.ipv4.ttl = hdr.ipv4.ttl - 1
[09:12:30.749] [bmv2] [D] [thread 101557] [114.0] [cxt 0] Pipeline 'ingress': end
[09:12:30.749] [bmv2] [D] [thread 101557] [114.0] [cxt 0] Egress port is 1
[09:12:30.749] [bmv2] [D] [thread 101559] [114.0] [cxt 0] Pipeline 'egress': start
[09:12:30.749] [bmv2] [D] [thread 101559] [114.0] [cxt 0] Pipeline 'egress': end
[09:12:30.749] [bmv2] [D] [thread 101559] [114.0] [cxt 0] Deparser 'deparser': start
[09:12:30.749] [bmv2] [D] [thread 101559] [114.0] [cxt 0] Updating checksum 'cksum'
[09:12:30.749] [bmv2] [D] [thread 101559] [114.0] [cxt 0] Deparsing header 'ethernet'
[09:12:30.749] [bmv2] [D] [thread 101559] [114.0] [cxt 0] Deparsing header 'ipv4'
[09:12:30.749] [bmv2] [D] [thread 101559] [114.0] [cxt 0] Deparser 'deparser': end
[09:12:30.749] [bmv2] [D] [thread 101562] [114.0] [cxt 0] Transmitting packet of size 76 out of port 1
[09:12:30.764] [bmv2] [D] [thread 101557] [115.0] [cxt 0] Processing packet received on port 2
[09:12:30.764] [bmv2] [D] [thread 101557] [115.0] [cxt 0] Parser 'parser': start
[09:12:30.764] [bmv2] [D] [thread 101557] [115.0] [cxt 0] Parser 'parser' entering state 'start'
[09:12:30.764] [bmv2] [D] [thread 101557] [115.0] [cxt 0] Extracting header 'ethernet'
[09:12:30.764] [bmv2] [D] [thread 101557] [115.0] [cxt 0] Parser state 'start': key is 0800
[09:12:30.764] [bmv2] [T] [thread 101557] [115.0] [cxt 0] Bytes parsed: 14
[09:12:30.764] [bmv2] [D] [thread 101557] [115.0] [cxt 0] Parser 'parser' entering state 'parse_ipv4'
[09:12:30.764] [bmv2] [D] [thread 101557] [115.0] [cxt 0] Extracting header 'ipv4'
[09:12:30.764] [bmv2] [D] [thread 101557] [115.0] [cxt 0] Parser state 'parse_ipv4' has no switch, going to default next state
[09:12:30.764] [bmv2] [T] [thread 101557] [115.0] [cxt 0] Bytes parsed: 34
[09:12:30.764] [bmv2] [D] [thread 101557] [115.0] [cxt 0] Parser 'parser': end
[09:12:30.764] [bmv2] [D] [thread 101557] [115.0] [cxt 0] Pipeline 'ingress': start
[09:12:30.764] [bmv2] [T] [thread 101557] [115.0] [cxt 0] switch.p4(116) Condition "hdr.ipv4.isValid()" (node_2) is true
[09:12:30.764] [bmv2] [T] [thread 101557] [115.0] [cxt 0] Applying table 'MyIngress.ipv4_lpm'
[09:12:30.764] [bmv2] [D] [thread 101557] [115.0] [cxt 0] Looking up key:
* hdr.ipv4.dstAddr    : 0a000101

[09:12:30.764] [bmv2] [D] [thread 101557] [115.0] [cxt 0] Table 'MyIngress.ipv4_lpm': hit with handle 0
[09:12:30.764] [bmv2] [D] [thread 101557] [115.0] [cxt 0] Dumping entry 0
Match key:
* hdr.ipv4.dstAddr    : LPM       0a000101/32
Action entry: MyIngress.ipv4_forward - 80000000100,1,

[09:12:30.764] [bmv2] [D] [thread 101557] [115.0] [cxt 0] Action entry is MyIngress.ipv4_forward - 80000000100,1,
[09:12:30.764] [bmv2] [T] [thread 101557] [115.0] [cxt 0] Action MyIngress.ipv4_forward
[09:12:30.764] [bmv2] [T] [thread 101557] [115.0] [cxt 0] switch.p4(96) Primitive standard_metadata.egress_spec = port
[09:12:30.764] [bmv2] [T] [thread 101557] [115.0] [cxt 0] switch.p4(97) Primitive hdr.ethernet.srcAddr = hdr.ethernet.dstAddr
[09:12:30.764] [bmv2] [T] [thread 101557] [115.0] [cxt 0] switch.p4(98) Primitive hdr.ethernet.dstAddr = dstAddr
[09:12:30.764] [bmv2] [T] [thread 101557] [115.0] [cxt 0] switch.p4(99) Primitive hdr.ipv4.ttl = hdr.ipv4.ttl - 1
[09:12:30.764] [bmv2] [D] [thread 101557] [115.0] [cxt 0] Pipeline 'ingress': end
[09:12:30.764] [bmv2] [D] [thread 101557] [115.0] [cxt 0] Egress port is 1
[09:12:30.769] [bmv2] [D] [thread 101559] [115.0] [cxt 0] Pipeline 'egress': start
[09:12:30.769] [bmv2] [D] [thread 101559] [115.0] [cxt 0] Pipeline 'egress': end
[09:12:30.769] [bmv2] [D] [thread 101559] [115.0] [cxt 0] Deparser 'deparser': start
[09:12:30.769] [bmv2] [D] [thread 101559] [115.0] [cxt 0] Updating checksum 'cksum'
[09:12:30.769] [bmv2] [D] [thread 101559] [115.0] [cxt 0] Deparsing header 'ethernet'
[09:12:30.769] [bmv2] [D] [thread 101559] [115.0] [cxt 0] Deparsing header 'ipv4'
[09:12:30.769] [bmv2] [D] [thread 101559] [115.0] [cxt 0] Deparser 'deparser': end
[09:12:30.769] [bmv2] [D] [thread 101562] [115.0] [cxt 0] Transmitting packet of size 308 out of port 1
[09:12:30.769] [bmv2] [D] [thread 101557] [116.0] [cxt 0] Processing packet received on port 1
[09:12:30.769] [bmv2] [D] [thread 101557] [116.0] [cxt 0] Parser 'parser': start
[09:12:30.769] [bmv2] [D] [thread 101557] [116.0] [cxt 0] Parser 'parser' entering state 'start'
[09:12:30.769] [bmv2] [D] [thread 101557] [116.0] [cxt 0] Extracting header 'ethernet'
[09:12:30.769] [bmv2] [D] [thread 101557] [116.0] [cxt 0] Parser state 'start': key is 0800
[09:12:30.769] [bmv2] [T] [thread 101557] [116.0] [cxt 0] Bytes parsed: 14
[09:12:30.769] [bmv2] [D] [thread 101557] [116.0] [cxt 0] Parser 'parser' entering state 'parse_ipv4'
[09:12:30.769] [bmv2] [D] [thread 101557] [116.0] [cxt 0] Extracting header 'ipv4'
[09:12:30.774] [bmv2] [D] [thread 101557] [116.0] [cxt 0] Parser state 'parse_ipv4' has no switch, going to default next state
[09:12:30.774] [bmv2] [T] [thread 101557] [116.0] [cxt 0] Bytes parsed: 34
[09:12:30.774] [bmv2] [D] [thread 101557] [116.0] [cxt 0] Parser 'parser': end
[09:12:30.774] [bmv2] [D] [thread 101557] [116.0] [cxt 0] Pipeline 'ingress': start
[09:12:30.774] [bmv2] [T] [thread 101557] [116.0] [cxt 0] switch.p4(116) Condition "hdr.ipv4.isValid()" (node_2) is true
[09:12:30.774] [bmv2] [T] [thread 101557] [116.0] [cxt 0] Applying table 'MyIngress.ipv4_lpm'
[09:12:30.774] [bmv2] [D] [thread 101557] [116.0] [cxt 0] Looking up key:
* hdr.ipv4.dstAddr    : 0a000202

[09:12:30.774] [bmv2] [D] [thread 101557] [116.0] [cxt 0] Table 'MyIngress.ipv4_lpm': hit with handle 1
[09:12:30.774] [bmv2] [D] [thread 101557] [116.0] [cxt 0] Dumping entry 1
Match key:
* hdr.ipv4.dstAddr    : LPM       0a000202/32
Action entry: MyIngress.ipv4_forward - 80000000300,2,

[09:12:30.774] [bmv2] [D] [thread 101557] [116.0] [cxt 0] Action entry is MyIngress.ipv4_forward - 80000000300,2,
[09:12:30.774] [bmv2] [T] [thread 101557] [116.0] [cxt 0] Action MyIngress.ipv4_forward
[09:12:30.774] [bmv2] [T] [thread 101557] [116.0] [cxt 0] switch.p4(96) Primitive standard_metadata.egress_spec = port
[09:12:30.774] [bmv2] [T] [thread 101557] [116.0] [cxt 0] switch.p4(97) Primitive hdr.ethernet.srcAddr = hdr.ethernet.dstAddr
[09:12:30.774] [bmv2] [T] [thread 101557] [116.0] [cxt 0] switch.p4(98) Primitive hdr.ethernet.dstAddr = dstAddr
[09:12:30.774] [bmv2] [T] [thread 101557] [116.0] [cxt 0] switch.p4(99) Primitive hdr.ipv4.ttl = hdr.ipv4.ttl - 1
[09:12:30.774] [bmv2] [D] [thread 101557] [116.0] [cxt 0] Pipeline 'ingress': end
[09:12:30.774] [bmv2] [D] [thread 101557] [116.0] [cxt 0] Egress port is 2
[09:12:30.774] [bmv2] [D] [thread 101560] [116.0] [cxt 0] Pipeline 'egress': start
[09:12:30.774] [bmv2] [D] [thread 101560] [116.0] [cxt 0] Pipeline 'egress': end
[09:12:30.774] [bmv2] [D] [thread 101560] [116.0] [cxt 0] Deparser 'deparser': start
[09:12:30.774] [bmv2] [D] [thread 101560] [116.0] [cxt 0] Updating checksum 'cksum'
[09:12:30.774] [bmv2] [D] [thread 101560] [116.0] [cxt 0] Deparsing header 'ethernet'
[09:12:30.774] [bmv2] [D] [thread 101560] [116.0] [cxt 0] Deparsing header 'ipv4'
[09:12:30.774] [bmv2] [D] [thread 101560] [116.0] [cxt 0] Deparser 'deparser': end
[09:12:30.774] [bmv2] [D] [thread 101562] [116.0] [cxt 0] Transmitting packet of size 336 out of port 2
[09:12:31.847] [bmv2] [D] [thread 101557] [117.0] [cxt 0] Processing packet received on port 1
[09:12:31.847] [bmv2] [D] [thread 101557] [117.0] [cxt 0] Parser 'parser': start
[09:12:31.847] [bmv2] [D] [thread 101557] [117.0] [cxt 0] Parser 'parser' entering state 'start'
[09:12:31.847] [bmv2] [D] [thread 101557] [117.0] [cxt 0] Extracting header 'ethernet'
[09:12:31.847] [bmv2] [D] [thread 101557] [117.0] [cxt 0] Parser state 'start': key is 0800
[09:12:31.847] [bmv2] [T] [thread 101557] [117.0] [cxt 0] Bytes parsed: 14
[09:12:31.847] [bmv2] [D] [thread 101557] [117.0] [cxt 0] Parser 'parser' entering state 'parse_ipv4'
[09:12:31.847] [bmv2] [D] [thread 101557] [117.0] [cxt 0] Extracting header 'ipv4'
[09:12:31.847] [bmv2] [D] [thread 101557] [117.0] [cxt 0] Parser state 'parse_ipv4' has no switch, going to default next state
[09:12:31.847] [bmv2] [T] [thread 101557] [117.0] [cxt 0] Bytes parsed: 34
[09:12:31.847] [bmv2] [D] [thread 101557] [117.0] [cxt 0] Parser 'parser': end
[09:12:31.847] [bmv2] [D] [thread 101557] [117.0] [cxt 0] Pipeline 'ingress': start
[09:12:31.847] [bmv2] [T] [thread 101557] [117.0] [cxt 0] switch.p4(116) Condition "hdr.ipv4.isValid()" (node_2) is true
[09:12:31.847] [bmv2] [T] [thread 101557] [117.0] [cxt 0] Applying table 'MyIngress.ipv4_lpm'
[09:12:31.847] [bmv2] [D] [thread 101557] [117.0] [cxt 0] Looking up key:
* hdr.ipv4.dstAddr    : 0a000202

[09:12:31.847] [bmv2] [D] [thread 101557] [117.0] [cxt 0] Table 'MyIngress.ipv4_lpm': hit with handle 1
[09:12:31.847] [bmv2] [D] [thread 101557] [117.0] [cxt 0] Dumping entry 1
Match key:
* hdr.ipv4.dstAddr    : LPM       0a000202/32
Action entry: MyIngress.ipv4_forward - 80000000300,2,

[09:12:31.847] [bmv2] [D] [thread 101557] [117.0] [cxt 0] Action entry is MyIngress.ipv4_forward - 80000000300,2,
[09:12:31.847] [bmv2] [T] [thread 101557] [117.0] [cxt 0] Action MyIngress.ipv4_forward
[09:12:31.847] [bmv2] [T] [thread 101557] [117.0] [cxt 0] switch.p4(96) Primitive standard_metadata.egress_spec = port
[09:12:31.847] [bmv2] [T] [thread 101557] [117.0] [cxt 0] switch.p4(97) Primitive hdr.ethernet.srcAddr = hdr.ethernet.dstAddr
[09:12:31.847] [bmv2] [T] [thread 101557] [117.0] [cxt 0] switch.p4(98) Primitive hdr.ethernet.dstAddr = dstAddr
[09:12:31.847] [bmv2] [T] [thread 101557] [117.0] [cxt 0] switch.p4(99) Primitive hdr.ipv4.ttl = hdr.ipv4.ttl - 1
[09:12:31.847] [bmv2] [D] [thread 101557] [117.0] [cxt 0] Pipeline 'ingress': end
[09:12:31.847] [bmv2] [D] [thread 101557] [117.0] [cxt 0] Egress port is 2
[09:12:31.847] [bmv2] [D] [thread 101560] [117.0] [cxt 0] Pipeline 'egress': start
[09:12:31.848] [bmv2] [D] [thread 101560] [117.0] [cxt 0] Pipeline 'egress': end
[09:12:31.848] [bmv2] [D] [thread 101560] [117.0] [cxt 0] Deparser 'deparser': start
[09:12:31.848] [bmv2] [D] [thread 101560] [117.0] [cxt 0] Updating checksum 'cksum'
[09:12:31.848] [bmv2] [D] [thread 101560] [117.0] [cxt 0] Deparsing header 'ethernet'
[09:12:31.848] [bmv2] [D] [thread 101560] [117.0] [cxt 0] Deparsing header 'ipv4'
[09:12:31.848] [bmv2] [D] [thread 101560] [117.0] [cxt 0] Deparser 'deparser': end
[09:12:31.848] [bmv2] [D] [thread 101562] [117.0] [cxt 0] Transmitting packet of size 48 out of port 2
[09:12:31.851] [bmv2] [D] [thread 101557] [118.0] [cxt 0] Processing packet received on port 2
[09:12:31.851] [bmv2] [D] [thread 101557] [118.0] [cxt 0] Parser 'parser': start
[09:12:31.851] [bmv2] [D] [thread 101557] [118.0] [cxt 0] Parser 'parser' entering state 'start'
[09:12:31.851] [bmv2] [D] [thread 101557] [118.0] [cxt 0] Extracting header 'ethernet'
[09:12:31.851] [bmv2] [D] [thread 101557] [118.0] [cxt 0] Parser state 'start': key is 0800
[09:12:31.851] [bmv2] [T] [thread 101557] [118.0] [cxt 0] Bytes parsed: 14
[09:12:31.851] [bmv2] [D] [thread 101557] [118.0] [cxt 0] Parser 'parser' entering state 'parse_ipv4'
[09:12:31.851] [bmv2] [D] [thread 101557] [118.0] [cxt 0] Extracting header 'ipv4'
[09:12:31.851] [bmv2] [D] [thread 101557] [118.0] [cxt 0] Parser state 'parse_ipv4' has no switch, going to default next state
[09:12:31.851] [bmv2] [T] [thread 101557] [118.0] [cxt 0] Bytes parsed: 34
[09:12:31.851] [bmv2] [D] [thread 101557] [118.0] [cxt 0] Parser 'parser': end
[09:12:31.851] [bmv2] [D] [thread 101557] [118.0] [cxt 0] Pipeline 'ingress': start
[09:12:31.851] [bmv2] [T] [thread 101557] [118.0] [cxt 0] switch.p4(116) Condition "hdr.ipv4.isValid()" (node_2) is true
[09:12:31.851] [bmv2] [T] [thread 101557] [118.0] [cxt 0] Applying table 'MyIngress.ipv4_lpm'
[09:12:31.851] [bmv2] [D] [thread 101557] [118.0] [cxt 0] Looking up key:
* hdr.ipv4.dstAddr    : 0a000101

[09:12:31.851] [bmv2] [D] [thread 101557] [118.0] [cxt 0] Table 'MyIngress.ipv4_lpm': hit with handle 0
[09:12:31.851] [bmv2] [D] [thread 101557] [118.0] [cxt 0] Dumping entry 0
Match key:
* hdr.ipv4.dstAddr    : LPM       0a000101/32
Action entry: MyIngress.ipv4_forward - 80000000100,1,

[09:12:31.851] [bmv2] [D] [thread 101557] [118.0] [cxt 0] Action entry is MyIngress.ipv4_forward - 80000000100,1,
[09:12:31.851] [bmv2] [T] [thread 101557] [118.0] [cxt 0] Action MyIngress.ipv4_forward
[09:12:31.851] [bmv2] [T] [thread 101557] [118.0] [cxt 0] switch.p4(96) Primitive standard_metadata.egress_spec = port
[09:12:31.851] [bmv2] [T] [thread 101557] [118.0] [cxt 0] switch.p4(97) Primitive hdr.ethernet.srcAddr = hdr.ethernet.dstAddr
[09:12:31.851] [bmv2] [T] [thread 101557] [118.0] [cxt 0] switch.p4(98) Primitive hdr.ethernet.dstAddr = dstAddr
[09:12:31.851] [bmv2] [T] [thread 101557] [118.0] [cxt 0] switch.p4(99) Primitive hdr.ipv4.ttl = hdr.ipv4.ttl - 1
[09:12:31.851] [bmv2] [D] [thread 101557] [118.0] [cxt 0] Pipeline 'ingress': end
[09:12:31.851] [bmv2] [D] [thread 101557] [118.0] [cxt 0] Egress port is 1
[09:12:31.851] [bmv2] [D] [thread 101559] [118.0] [cxt 0] Pipeline 'egress': start
[09:12:31.851] [bmv2] [D] [thread 101559] [118.0] [cxt 0] Pipeline 'egress': end
[09:12:31.851] [bmv2] [D] [thread 101559] [118.0] [cxt 0] Deparser 'deparser': start
[09:12:31.851] [bmv2] [D] [thread 101559] [118.0] [cxt 0] Updating checksum 'cksum'
[09:12:31.851] [bmv2] [D] [thread 101559] [118.0] [cxt 0] Deparsing header 'ethernet'
[09:12:31.851] [bmv2] [D] [thread 101559] [118.0] [cxt 0] Deparsing header 'ipv4'
[09:12:31.851] [bmv2] [D] [thread 101559] [118.0] [cxt 0] Deparser 'deparser': end
[09:12:31.851] [bmv2] [D] [thread 101562] [118.0] [cxt 0] Transmitting packet of size 76 out of port 1
[09:12:31.888] [bmv2] [D] [thread 101557] [119.0] [cxt 0] Processing packet received on port 2
[09:12:31.888] [bmv2] [D] [thread 101557] [119.0] [cxt 0] Parser 'parser': start
[09:12:31.888] [bmv2] [D] [thread 101557] [119.0] [cxt 0] Parser 'parser' entering state 'start'
[09:12:31.888] [bmv2] [D] [thread 101557] [119.0] [cxt 0] Extracting header 'ethernet'
[09:12:31.888] [bmv2] [D] [thread 101557] [119.0] [cxt 0] Parser state 'start': key is 0800
[09:12:31.888] [bmv2] [T] [thread 101557] [119.0] [cxt 0] Bytes parsed: 14
[09:12:31.888] [bmv2] [D] [thread 101557] [119.0] [cxt 0] Parser 'parser' entering state 'parse_ipv4'
[09:12:31.888] [bmv2] [D] [thread 101557] [119.0] [cxt 0] Extracting header 'ipv4'
[09:12:31.888] [bmv2] [D] [thread 101557] [119.0] [cxt 0] Parser state 'parse_ipv4' has no switch, going to default next state
[09:12:31.888] [bmv2] [T] [thread 101557] [119.0] [cxt 0] Bytes parsed: 34
[09:12:31.888] [bmv2] [D] [thread 101557] [119.0] [cxt 0] Parser 'parser': end
[09:12:31.888] [bmv2] [D] [thread 101557] [119.0] [cxt 0] Pipeline 'ingress': start
[09:12:31.888] [bmv2] [T] [thread 101557] [119.0] [cxt 0] switch.p4(116) Condition "hdr.ipv4.isValid()" (node_2) is true
[09:12:31.888] [bmv2] [T] [thread 101557] [119.0] [cxt 0] Applying table 'MyIngress.ipv4_lpm'
[09:12:31.888] [bmv2] [D] [thread 101557] [119.0] [cxt 0] Looking up key:
* hdr.ipv4.dstAddr    : 0a000101

[09:12:31.889] [bmv2] [D] [thread 101557] [119.0] [cxt 0] Table 'MyIngress.ipv4_lpm': hit with handle 0
[09:12:31.889] [bmv2] [D] [thread 101557] [119.0] [cxt 0] Dumping entry 0
Match key:
* hdr.ipv4.dstAddr    : LPM       0a000101/32
Action entry: MyIngress.ipv4_forward - 80000000100,1,

[09:12:31.889] [bmv2] [D] [thread 101557] [119.0] [cxt 0] Action entry is MyIngress.ipv4_forward - 80000000100,1,
[09:12:31.889] [bmv2] [T] [thread 101557] [119.0] [cxt 0] Action MyIngress.ipv4_forward
[09:12:31.889] [bmv2] [T] [thread 101557] [119.0] [cxt 0] switch.p4(96) Primitive standard_metadata.egress_spec = port
[09:12:31.889] [bmv2] [T] [thread 101557] [119.0] [cxt 0] switch.p4(97) Primitive hdr.ethernet.srcAddr = hdr.ethernet.dstAddr
[09:12:31.889] [bmv2] [T] [thread 101557] [119.0] [cxt 0] switch.p4(98) Primitive hdr.ethernet.dstAddr = dstAddr
[09:12:31.889] [bmv2] [T] [thread 101557] [119.0] [cxt 0] switch.p4(99) Primitive hdr.ipv4.ttl = hdr.ipv4.ttl - 1
[09:12:31.889] [bmv2] [D] [thread 101557] [119.0] [cxt 0] Pipeline 'ingress': end
[09:12:31.889] [bmv2] [D] [thread 101557] [119.0] [cxt 0] Egress port is 1
[09:12:31.889] [bmv2] [D] [thread 101559] [119.0] [cxt 0] Pipeline 'egress': start
[09:12:31.889] [bmv2] [D] [thread 101559] [119.0] [cxt 0] Pipeline 'egress': end
[09:12:31.889] [bmv2] [D] [thread 101559] [119.0] [cxt 0] Deparser 'deparser': start
[09:12:31.889] [bmv2] [D] [thread 101559] [119.0] [cxt 0] Updating checksum 'cksum'
[09:12:31.889] [bmv2] [D] [thread 101559] [119.0] [cxt 0] Deparsing header 'ethernet'
[09:12:31.889] [bmv2] [D] [thread 101559] [119.0] [cxt 0] Deparsing header 'ipv4'
[09:12:31.889] [bmv2] [D] [thread 101559] [119.0] [cxt 0] Deparser 'deparser': end
[09:12:31.889] [bmv2] [D] [thread 101562] [119.0] [cxt 0] Transmitting packet of size 308 out of port 1
[09:12:31.889] [bmv2] [D] [thread 101557] [120.0] [cxt 0] Processing packet received on port 1
[09:12:31.889] [bmv2] [D] [thread 101557] [120.0] [cxt 0] Parser 'parser': start
[09:12:31.889] [bmv2] [D] [thread 101557] [120.0] [cxt 0] Parser 'parser' entering state 'start'
[09:12:31.889] [bmv2] [D] [thread 101557] [120.0] [cxt 0] Extracting header 'ethernet'
[09:12:31.889] [bmv2] [D] [thread 101557] [120.0] [cxt 0] Parser state 'start': key is 0800
[09:12:31.889] [bmv2] [T] [thread 101557] [120.0] [cxt 0] Bytes parsed: 14
[09:12:31.889] [bmv2] [D] [thread 101557] [120.0] [cxt 0] Parser 'parser' entering state 'parse_ipv4'
[09:12:31.889] [bmv2] [D] [thread 101557] [120.0] [cxt 0] Extracting header 'ipv4'
[09:12:31.889] [bmv2] [D] [thread 101557] [120.0] [cxt 0] Parser state 'parse_ipv4' has no switch, going to default next state
[09:12:31.889] [bmv2] [T] [thread 101557] [120.0] [cxt 0] Bytes parsed: 34
[09:12:31.889] [bmv2] [D] [thread 101557] [120.0] [cxt 0] Parser 'parser': end
[09:12:31.889] [bmv2] [D] [thread 101557] [120.0] [cxt 0] Pipeline 'ingress': start
[09:12:31.889] [bmv2] [T] [thread 101557] [120.0] [cxt 0] switch.p4(116) Condition "hdr.ipv4.isValid()" (node_2) is true
[09:12:31.889] [bmv2] [T] [thread 101557] [120.0] [cxt 0] Applying table 'MyIngress.ipv4_lpm'
[09:12:31.889] [bmv2] [D] [thread 101557] [120.0] [cxt 0] Looking up key:
* hdr.ipv4.dstAddr    : 0a000202

[09:12:31.889] [bmv2] [D] [thread 101557] [120.0] [cxt 0] Table 'MyIngress.ipv4_lpm': hit with handle 1
[09:12:31.889] [bmv2] [D] [thread 101557] [120.0] [cxt 0] Dumping entry 1
Match key:
* hdr.ipv4.dstAddr    : LPM       0a000202/32
Action entry: MyIngress.ipv4_forward - 80000000300,2,

[09:12:31.889] [bmv2] [D] [thread 101557] [120.0] [cxt 0] Action entry is MyIngress.ipv4_forward - 80000000300,2,
[09:12:31.889] [bmv2] [T] [thread 101557] [120.0] [cxt 0] Action MyIngress.ipv4_forward
[09:12:31.889] [bmv2] [T] [thread 101557] [120.0] [cxt 0] switch.p4(96) Primitive standard_metadata.egress_spec = port
[09:12:31.889] [bmv2] [T] [thread 101557] [120.0] [cxt 0] switch.p4(97) Primitive hdr.ethernet.srcAddr = hdr.ethernet.dstAddr
[09:12:31.889] [bmv2] [T] [thread 101557] [120.0] [cxt 0] switch.p4(98) Primitive hdr.ethernet.dstAddr = dstAddr
[09:12:31.889] [bmv2] [T] [thread 101557] [120.0] [cxt 0] switch.p4(99) Primitive hdr.ipv4.ttl = hdr.ipv4.ttl - 1
[09:12:31.889] [bmv2] [D] [thread 101557] [120.0] [cxt 0] Pipeline 'ingress': end
[09:12:31.889] [bmv2] [D] [thread 101557] [120.0] [cxt 0] Egress port is 2
[09:12:31.889] [bmv2] [D] [thread 101560] [120.0] [cxt 0] Pipeline 'egress': start
[09:12:31.889] [bmv2] [D] [thread 101560] [120.0] [cxt 0] Pipeline 'egress': end
[09:12:31.889] [bmv2] [D] [thread 101560] [120.0] [cxt 0] Deparser 'deparser': start
[09:12:31.889] [bmv2] [D] [thread 101560] [120.0] [cxt 0] Updating checksum 'cksum'
[09:12:31.889] [bmv2] [D] [thread 101560] [120.0] [cxt 0] Deparsing header 'ethernet'
[09:12:31.889] [bmv2] [D] [thread 101560] [120.0] [cxt 0] Deparsing header 'ipv4'
[09:12:31.889] [bmv2] [D] [thread 101560] [120.0] [cxt 0] Deparser 'deparser': end
[09:12:31.895] [bmv2] [D] [thread 101562] [120.0] [cxt 0] Transmitting packet of size 336 out of port 2
