Calling target program-options parser
[09:05:16.829] [bmv2] [D] [thread 95222] Set default default entry for table 'tbl_switch148': switch148 - 
[09:05:16.829] [bmv2] [D] [thread 95222] Set default default entry for table 'tbl_switch150': switch150 - 
[09:05:16.829] [bmv2] [D] [thread 95222] Set default default entry for table 'tbl_return_content': MyIngress.return_content - 
[09:05:16.829] [bmv2] [D] [thread 95222] Set default default entry for table 'tbl_return_content_0': MyIngress.return_content - 
[09:05:16.829] [bmv2] [D] [thread 95222] Set default default entry for table 'tbl_switch155': switch155 - 
[09:05:16.829] [bmv2] [D] [thread 95222] Set default default entry for table 'tbl_data_forward': MyIngress.data_forward - 
[09:05:16.829] [bmv2] [D] [thread 95222] Set default default entry for table 'tbl_switch159': switch159 - 
[09:05:16.829] [bmv2] [D] [thread 95222] Set default default entry for table 'MyIngress.foward_interest': MyIngress.drop - 
[09:05:16.829] [bmv2] [D] [thread 95222] Set default default entry for table 'tbl_cache_content': MyIngress.cache_content - 
[09:05:16.829] [bmv2] [D] [thread 95222] Set default default entry for table 'tbl_data_forward_0': MyIngress.data_forward - 
Adding interface s3-eth1 as port 1
[09:05:16.829] [bmv2] [D] [thread 95222] Adding interface s3-eth1 as port 1
Adding interface s3-eth2 as port 2
[09:05:16.868] [bmv2] [D] [thread 95222] Adding interface s3-eth2 as port 2
Server listening on 0.0.0.0:50164
[09:05:16.888] [bmv2] [I] [thread 95222] Starting Thrift server on port 9203
[09:05:16.888] [bmv2] [I] [thread 95222] Thrift server was started
[09:05:16.908] [bmv2] [D] [thread 95237] [0.0] [cxt 0] Processing packet received on port 1
[09:05:16.908] [bmv2] [D] [thread 95237] [0.0] [cxt 0] Parser 'parser': start
[09:05:16.908] [bmv2] [D] [thread 95237] [0.0] [cxt 0] Parser 'parser' entering state 'start'
[09:05:16.908] [bmv2] [D] [thread 95237] [0.0] [cxt 0] Extracting header 'ethernet'
[09:05:16.908] [bmv2] [D] [thread 95237] [0.0] [cxt 0] Parser state 'start': key is 86dd
[09:05:16.908] [bmv2] [T] [thread 95237] [0.0] [cxt 0] Bytes parsed: 14
[09:05:16.908] [bmv2] [D] [thread 95237] [0.0] [cxt 0] Parser 'parser': end
[09:05:16.908] [bmv2] [D] [thread 95237] [0.0] [cxt 0] Pipeline 'ingress': start
[09:05:16.908] [bmv2] [T] [thread 95237] [0.0] [cxt 0] switch.p4(147) Condition "hdr.icn.isValid()" (node_2) is false
[09:05:16.908] [bmv2] [T] [thread 95237] [0.0] [cxt 0] switch.p4(164) Condition "hdr.payload.flag == 1" (node_13) is false
[09:05:16.908] [bmv2] [T] [thread 95237] [0.0] [cxt 0] Applying table 'tbl_data_forward_0'
[09:05:16.908] [bmv2] [D] [thread 95237] [0.0] [cxt 0] Looking up key:

[09:05:16.908] [bmv2] [D] [thread 95237] [0.0] [cxt 0] Table 'tbl_data_forward_0': miss
[09:05:16.908] [bmv2] [D] [thread 95237] [0.0] [cxt 0] Action entry is MyIngress.data_forward - 
[09:05:16.908] [bmv2] [T] [thread 95237] [0.0] [cxt 0] Action MyIngress.data_forward
[09:05:16.908] [bmv2] [T] [thread 95237] [0.0] [cxt 0] switch.p4(97) Primitive pit_table.read(egress_port, hdr.payload.content_id)
[09:05:16.908] [bmv2] [T] [thread 95237] [0.0] [cxt 0] Read register 'MyIngress.pit_table' at index 0 read value 0
[09:05:16.908] [bmv2] [T] [thread 95237] [0.0] [cxt 0] switch.p4(98) Primitive standard_metadata.egress_spec = egress_port
[09:05:16.908] [bmv2] [T] [thread 95237] [0.0] [cxt 0] switch.p4(99) Primitive pit_table.write(hdr.payload.content_id, 0)
[09:05:16.908] [bmv2] [T] [thread 95237] [0.0] [cxt 0] Wrote register 'MyIngress.pit_table' at index 0 with value 0
[09:05:16.908] [bmv2] [T] [thread 95237] [0.0] [cxt 0] switch.p4(100) Primitive hdr.ethernet.srcAddr = 0xFFFFFFFFFFFF
[09:05:16.908] [bmv2] [T] [thread 95237] [0.0] [cxt 0] switch.p4(101) Primitive hdr.ethernet.dstAddr = 0xFFFFFFFFFFFF
[09:05:16.908] [bmv2] [T] [thread 95237] [0.0] [cxt 0] switch.p4(102) Primitive hdr.payload.ttl = hdr.payload.ttl - 1
[09:05:16.908] [bmv2] [D] [thread 95237] [0.0] [cxt 0] Pipeline 'ingress': end
[09:05:16.908] [bmv2] [D] [thread 95237] [0.0] [cxt 0] Egress port is 0
[09:05:16.908] [bmv2] [D] [thread 95238] [0.0] [cxt 0] Pipeline 'egress': start
[09:05:16.908] [bmv2] [D] [thread 95238] [0.0] [cxt 0] Pipeline 'egress': end
[09:05:16.908] [bmv2] [D] [thread 95238] [0.0] [cxt 0] Deparser 'deparser': start
[09:05:16.908] [bmv2] [D] [thread 95238] [0.0] [cxt 0] Deparsing header 'ethernet'
[09:05:16.908] [bmv2] [D] [thread 95238] [0.0] [cxt 0] Deparser 'deparser': end
[09:05:16.908] [bmv2] [D] [thread 95242] [0.0] [cxt 0] Transmitting packet of size 90 out of port 0
[09:05:16.960] [bmv2] [D] [thread 95237] [1.0] [cxt 0] Processing packet received on port 1
[09:05:16.960] [bmv2] [D] [thread 95237] [1.0] [cxt 0] Parser 'parser': start
[09:05:16.960] [bmv2] [D] [thread 95237] [1.0] [cxt 0] Parser 'parser' entering state 'start'
[09:05:16.960] [bmv2] [D] [thread 95237] [1.0] [cxt 0] Extracting header 'ethernet'
[09:05:16.960] [bmv2] [D] [thread 95237] [1.0] [cxt 0] Parser state 'start': key is 86dd
[09:05:16.961] [bmv2] [T] [thread 95237] [1.0] [cxt 0] Bytes parsed: 14
[09:05:16.961] [bmv2] [D] [thread 95237] [1.0] [cxt 0] Parser 'parser': end
[09:05:16.961] [bmv2] [D] [thread 95237] [1.0] [cxt 0] Pipeline 'ingress': start
[09:05:16.961] [bmv2] [T] [thread 95237] [1.0] [cxt 0] switch.p4(147) Condition "hdr.icn.isValid()" (node_2) is false
[09:05:16.961] [bmv2] [T] [thread 95237] [1.0] [cxt 0] switch.p4(164) Condition "hdr.payload.flag == 1" (node_13) is false
[09:05:16.961] [bmv2] [T] [thread 95237] [1.0] [cxt 0] Applying table 'tbl_data_forward_0'
[09:05:16.961] [bmv2] [D] [thread 95237] [1.0] [cxt 0] Looking up key:

[09:05:16.961] [bmv2] [D] [thread 95237] [1.0] [cxt 0] Table 'tbl_data_forward_0': miss
[09:05:16.961] [bmv2] [D] [thread 95237] [1.0] [cxt 0] Action entry is MyIngress.data_forward - 
[09:05:16.961] [bmv2] [T] [thread 95237] [1.0] [cxt 0] Action MyIngress.data_forward
[09:05:16.961] [bmv2] [T] [thread 95237] [1.0] [cxt 0] switch.p4(97) Primitive pit_table.read(egress_port, hdr.payload.content_id)
[09:05:16.961] [bmv2] [T] [thread 95237] [1.0] [cxt 0] Read register 'MyIngress.pit_table' at index 0 read value 0
[09:05:16.961] [bmv2] [T] [thread 95237] [1.0] [cxt 0] switch.p4(98) Primitive standard_metadata.egress_spec = egress_port
[09:05:16.961] [bmv2] [T] [thread 95237] [1.0] [cxt 0] switch.p4(99) Primitive pit_table.write(hdr.payload.content_id, 0)
[09:05:16.961] [bmv2] [T] [thread 95237] [1.0] [cxt 0] Wrote register 'MyIngress.pit_table' at index 0 with value 0
[09:05:16.961] [bmv2] [T] [thread 95237] [1.0] [cxt 0] switch.p4(100) Primitive hdr.ethernet.srcAddr = 0xFFFFFFFFFFFF
[09:05:16.961] [bmv2] [T] [thread 95237] [1.0] [cxt 0] switch.p4(101) Primitive hdr.ethernet.dstAddr = 0xFFFFFFFFFFFF
[09:05:16.961] [bmv2] [T] [thread 95237] [1.0] [cxt 0] switch.p4(102) Primitive hdr.payload.ttl = hdr.payload.ttl - 1
[09:05:16.961] [bmv2] [D] [thread 95237] [1.0] [cxt 0] Pipeline 'ingress': end
[09:05:16.961] [bmv2] [D] [thread 95237] [1.0] [cxt 0] Egress port is 0
[09:05:16.961] [bmv2] [D] [thread 95238] [1.0] [cxt 0] Pipeline 'egress': start
[09:05:16.961] [bmv2] [D] [thread 95238] [1.0] [cxt 0] Pipeline 'egress': end
[09:05:16.961] [bmv2] [D] [thread 95238] [1.0] [cxt 0] Deparser 'deparser': start
[09:05:16.961] [bmv2] [D] [thread 95238] [1.0] [cxt 0] Deparsing header 'ethernet'
[09:05:16.961] [bmv2] [D] [thread 95238] [1.0] [cxt 0] Deparser 'deparser': end
[09:05:16.961] [bmv2] [D] [thread 95242] [1.0] [cxt 0] Transmitting packet of size 110 out of port 0
[09:05:16.977] [bmv2] [D] [thread 95237] [2.0] [cxt 0] Processing packet received on port 2
[09:05:16.977] [bmv2] [D] [thread 95237] [2.0] [cxt 0] Parser 'parser': start
[09:05:16.977] [bmv2] [D] [thread 95237] [2.0] [cxt 0] Parser 'parser' entering state 'start'
[09:05:16.977] [bmv2] [D] [thread 95237] [2.0] [cxt 0] Extracting header 'ethernet'
[09:05:16.977] [bmv2] [D] [thread 95237] [2.0] [cxt 0] Parser state 'start': key is 86dd
[09:05:16.977] [bmv2] [T] [thread 95237] [2.0] [cxt 0] Bytes parsed: 14
[09:05:16.977] [bmv2] [D] [thread 95237] [2.0] [cxt 0] Parser 'parser': end
[09:05:16.977] [bmv2] [D] [thread 95237] [2.0] [cxt 0] Pipeline 'ingress': start
[09:05:16.977] [bmv2] [T] [thread 95237] [2.0] [cxt 0] switch.p4(147) Condition "hdr.icn.isValid()" (node_2) is false
[09:05:16.977] [bmv2] [T] [thread 95237] [2.0] [cxt 0] switch.p4(164) Condition "hdr.payload.flag == 1" (node_13) is false
[09:05:16.977] [bmv2] [T] [thread 95237] [2.0] [cxt 0] Applying table 'tbl_data_forward_0'
[09:05:16.977] [bmv2] [D] [thread 95237] [2.0] [cxt 0] Looking up key:

[09:05:16.977] [bmv2] [D] [thread 95237] [2.0] [cxt 0] Table 'tbl_data_forward_0': miss
[09:05:16.977] [bmv2] [D] [thread 95237] [2.0] [cxt 0] Action entry is MyIngress.data_forward - 
[09:05:16.977] [bmv2] [T] [thread 95237] [2.0] [cxt 0] Action MyIngress.data_forward
[09:05:16.977] [bmv2] [T] [thread 95237] [2.0] [cxt 0] switch.p4(97) Primitive pit_table.read(egress_port, hdr.payload.content_id)
[09:05:16.977] [bmv2] [T] [thread 95237] [2.0] [cxt 0] Read register 'MyIngress.pit_table' at index 0 read value 0
[09:05:16.977] [bmv2] [T] [thread 95237] [2.0] [cxt 0] switch.p4(98) Primitive standard_metadata.egress_spec = egress_port
[09:05:16.977] [bmv2] [T] [thread 95237] [2.0] [cxt 0] switch.p4(99) Primitive pit_table.write(hdr.payload.content_id, 0)
[09:05:16.977] [bmv2] [T] [thread 95237] [2.0] [cxt 0] Wrote register 'MyIngress.pit_table' at index 0 with value 0
[09:05:16.977] [bmv2] [T] [thread 95237] [2.0] [cxt 0] switch.p4(100) Primitive hdr.ethernet.srcAddr = 0xFFFFFFFFFFFF
[09:05:16.977] [bmv2] [T] [thread 95237] [2.0] [cxt 0] switch.p4(101) Primitive hdr.ethernet.dstAddr = 0xFFFFFFFFFFFF
[09:05:16.977] [bmv2] [T] [thread 95237] [2.0] [cxt 0] switch.p4(102) Primitive hdr.payload.ttl = hdr.payload.ttl - 1
[09:05:16.977] [bmv2] [D] [thread 95237] [2.0] [cxt 0] Pipeline 'ingress': end
[09:05:16.977] [bmv2] [D] [thread 95237] [2.0] [cxt 0] Egress port is 0
[09:05:16.977] [bmv2] [D] [thread 95238] [2.0] [cxt 0] Pipeline 'egress': start
[09:05:16.977] [bmv2] [D] [thread 95238] [2.0] [cxt 0] Pipeline 'egress': end
[09:05:16.977] [bmv2] [D] [thread 95238] [2.0] [cxt 0] Deparser 'deparser': start
[09:05:16.977] [bmv2] [D] [thread 95238] [2.0] [cxt 0] Deparsing header 'ethernet'
[09:05:16.977] [bmv2] [D] [thread 95238] [2.0] [cxt 0] Deparser 'deparser': end
[09:05:16.977] [bmv2] [D] [thread 95242] [2.0] [cxt 0] Transmitting packet of size 90 out of port 0
[09:05:17.024] [bmv2] [D] [thread 95237] [3.0] [cxt 0] Processing packet received on port 2
[09:05:17.024] [bmv2] [D] [thread 95237] [3.0] [cxt 0] Parser 'parser': start
[09:05:17.024] [bmv2] [D] [thread 95237] [3.0] [cxt 0] Parser 'parser' entering state 'start'
[09:05:17.024] [bmv2] [D] [thread 95237] [3.0] [cxt 0] Extracting header 'ethernet'
[09:05:17.024] [bmv2] [D] [thread 95237] [3.0] [cxt 0] Parser state 'start': key is 86dd
[09:05:17.024] [bmv2] [T] [thread 95237] [3.0] [cxt 0] Bytes parsed: 14
[09:05:17.024] [bmv2] [D] [thread 95237] [3.0] [cxt 0] Parser 'parser': end
[09:05:17.024] [bmv2] [D] [thread 95237] [3.0] [cxt 0] Pipeline 'ingress': start
[09:05:17.024] [bmv2] [T] [thread 95237] [3.0] [cxt 0] switch.p4(147) Condition "hdr.icn.isValid()" (node_2) is false
[09:05:17.024] [bmv2] [T] [thread 95237] [3.0] [cxt 0] switch.p4(164) Condition "hdr.payload.flag == 1" (node_13) is false
[09:05:17.024] [bmv2] [T] [thread 95237] [3.0] [cxt 0] Applying table 'tbl_data_forward_0'
[09:05:17.024] [bmv2] [D] [thread 95237] [3.0] [cxt 0] Looking up key:

[09:05:17.024] [bmv2] [D] [thread 95237] [3.0] [cxt 0] Table 'tbl_data_forward_0': miss
[09:05:17.024] [bmv2] [D] [thread 95237] [3.0] [cxt 0] Action entry is MyIngress.data_forward - 
[09:05:17.024] [bmv2] [T] [thread 95237] [3.0] [cxt 0] Action MyIngress.data_forward
[09:05:17.024] [bmv2] [T] [thread 95237] [3.0] [cxt 0] switch.p4(97) Primitive pit_table.read(egress_port, hdr.payload.content_id)
[09:05:17.024] [bmv2] [T] [thread 95237] [3.0] [cxt 0] Read register 'MyIngress.pit_table' at index 0 read value 0
[09:05:17.024] [bmv2] [T] [thread 95237] [3.0] [cxt 0] switch.p4(98) Primitive standard_metadata.egress_spec = egress_port
[09:05:17.024] [bmv2] [T] [thread 95237] [3.0] [cxt 0] switch.p4(99) Primitive pit_table.write(hdr.payload.content_id, 0)
[09:05:17.024] [bmv2] [T] [thread 95237] [3.0] [cxt 0] Wrote register 'MyIngress.pit_table' at index 0 with value 0
[09:05:17.024] [bmv2] [T] [thread 95237] [3.0] [cxt 0] switch.p4(100) Primitive hdr.ethernet.srcAddr = 0xFFFFFFFFFFFF
[09:05:17.024] [bmv2] [T] [thread 95237] [3.0] [cxt 0] switch.p4(101) Primitive hdr.ethernet.dstAddr = 0xFFFFFFFFFFFF
[09:05:17.024] [bmv2] [T] [thread 95237] [3.0] [cxt 0] switch.p4(102) Primitive hdr.payload.ttl = hdr.payload.ttl - 1
[09:05:17.024] [bmv2] [D] [thread 95237] [3.0] [cxt 0] Pipeline 'ingress': end
[09:05:17.024] [bmv2] [D] [thread 95237] [3.0] [cxt 0] Egress port is 0
[09:05:17.024] [bmv2] [D] [thread 95238] [3.0] [cxt 0] Pipeline 'egress': start
[09:05:17.024] [bmv2] [D] [thread 95238] [3.0] [cxt 0] Pipeline 'egress': end
[09:05:17.024] [bmv2] [D] [thread 95238] [3.0] [cxt 0] Deparser 'deparser': start
[09:05:17.024] [bmv2] [D] [thread 95238] [3.0] [cxt 0] Deparsing header 'ethernet'
[09:05:17.024] [bmv2] [D] [thread 95238] [3.0] [cxt 0] Deparser 'deparser': end
[09:05:17.026] [bmv2] [D] [thread 95242] [3.0] [cxt 0] Transmitting packet of size 211 out of port 0
[09:05:17.085] [bmv2] [D] [thread 95237] [4.0] [cxt 0] Processing packet received on port 1
[09:05:17.085] [bmv2] [D] [thread 95237] [4.0] [cxt 0] Parser 'parser': start
[09:05:17.085] [bmv2] [D] [thread 95237] [4.0] [cxt 0] Parser 'parser' entering state 'start'
[09:05:17.085] [bmv2] [D] [thread 95237] [4.0] [cxt 0] Extracting header 'ethernet'
[09:05:17.085] [bmv2] [D] [thread 95237] [4.0] [cxt 0] Parser state 'start': key is 86dd
[09:05:17.085] [bmv2] [T] [thread 95237] [4.0] [cxt 0] Bytes parsed: 14
[09:05:17.085] [bmv2] [D] [thread 95237] [4.0] [cxt 0] Parser 'parser': end
[09:05:17.085] [bmv2] [D] [thread 95237] [4.0] [cxt 0] Pipeline 'ingress': start
[09:05:17.085] [bmv2] [T] [thread 95237] [4.0] [cxt 0] switch.p4(147) Condition "hdr.icn.isValid()" (node_2) is false
[09:05:17.085] [bmv2] [T] [thread 95237] [4.0] [cxt 0] switch.p4(164) Condition "hdr.payload.flag == 1" (node_13) is false
[09:05:17.085] [bmv2] [T] [thread 95237] [4.0] [cxt 0] Applying table 'tbl_data_forward_0'
[09:05:17.085] [bmv2] [D] [thread 95237] [4.0] [cxt 0] Looking up key:

[09:05:17.085] [bmv2] [D] [thread 95237] [4.0] [cxt 0] Table 'tbl_data_forward_0': miss
[09:05:17.085] [bmv2] [D] [thread 95237] [4.0] [cxt 0] Action entry is MyIngress.data_forward - 
[09:05:17.085] [bmv2] [T] [thread 95237] [4.0] [cxt 0] Action MyIngress.data_forward
[09:05:17.085] [bmv2] [T] [thread 95237] [4.0] [cxt 0] switch.p4(97) Primitive pit_table.read(egress_port, hdr.payload.content_id)
[09:05:17.085] [bmv2] [T] [thread 95237] [4.0] [cxt 0] Read register 'MyIngress.pit_table' at index 0 read value 0
[09:05:17.085] [bmv2] [T] [thread 95237] [4.0] [cxt 0] switch.p4(98) Primitive standard_metadata.egress_spec = egress_port
[09:05:17.085] [bmv2] [T] [thread 95237] [4.0] [cxt 0] switch.p4(99) Primitive pit_table.write(hdr.payload.content_id, 0)
[09:05:17.085] [bmv2] [T] [thread 95237] [4.0] [cxt 0] Wrote register 'MyIngress.pit_table' at index 0 with value 0
[09:05:17.085] [bmv2] [T] [thread 95237] [4.0] [cxt 0] switch.p4(100) Primitive hdr.ethernet.srcAddr = 0xFFFFFFFFFFFF
[09:05:17.085] [bmv2] [T] [thread 95237] [4.0] [cxt 0] switch.p4(101) Primitive hdr.ethernet.dstAddr = 0xFFFFFFFFFFFF
[09:05:17.085] [bmv2] [T] [thread 95237] [4.0] [cxt 0] switch.p4(102) Primitive hdr.payload.ttl = hdr.payload.ttl - 1
[09:05:17.085] [bmv2] [D] [thread 95237] [4.0] [cxt 0] Pipeline 'ingress': end
[09:05:17.085] [bmv2] [D] [thread 95237] [4.0] [cxt 0] Egress port is 0
[09:05:17.085] [bmv2] [D] [thread 95238] [4.0] [cxt 0] Pipeline 'egress': start
[09:05:17.085] [bmv2] [D] [thread 95238] [4.0] [cxt 0] Pipeline 'egress': end
[09:05:17.085] [bmv2] [D] [thread 95238] [4.0] [cxt 0] Deparser 'deparser': start
[09:05:17.085] [bmv2] [D] [thread 95238] [4.0] [cxt 0] Deparsing header 'ethernet'
[09:05:17.085] [bmv2] [D] [thread 95238] [4.0] [cxt 0] Deparser 'deparser': end
[09:05:17.085] [bmv2] [D] [thread 95242] [4.0] [cxt 0] Transmitting packet of size 211 out of port 0
[09:05:17.275] [bmv2] [D] [thread 95237] [5.0] [cxt 0] Processing packet received on port 2
[09:05:17.275] [bmv2] [D] [thread 95237] [5.0] [cxt 0] Parser 'parser': start
[09:05:17.275] [bmv2] [D] [thread 95237] [5.0] [cxt 0] Parser 'parser' entering state 'start'
[09:05:17.275] [bmv2] [D] [thread 95237] [5.0] [cxt 0] Extracting header 'ethernet'
[09:05:17.275] [bmv2] [D] [thread 95237] [5.0] [cxt 0] Parser state 'start': key is 86dd
[09:05:17.275] [bmv2] [T] [thread 95237] [5.0] [cxt 0] Bytes parsed: 14
[09:05:17.275] [bmv2] [D] [thread 95237] [5.0] [cxt 0] Parser 'parser': end
[09:05:17.275] [bmv2] [D] [thread 95237] [5.0] [cxt 0] Pipeline 'ingress': start
[09:05:17.275] [bmv2] [T] [thread 95237] [5.0] [cxt 0] switch.p4(147) Condition "hdr.icn.isValid()" (node_2) is false
[09:05:17.275] [bmv2] [T] [thread 95237] [5.0] [cxt 0] switch.p4(164) Condition "hdr.payload.flag == 1" (node_13) is false
[09:05:17.275] [bmv2] [T] [thread 95237] [5.0] [cxt 0] Applying table 'tbl_data_forward_0'
[09:05:17.275] [bmv2] [D] [thread 95237] [5.0] [cxt 0] Looking up key:

[09:05:17.275] [bmv2] [D] [thread 95237] [5.0] [cxt 0] Table 'tbl_data_forward_0': miss
[09:05:17.275] [bmv2] [D] [thread 95237] [5.0] [cxt 0] Action entry is MyIngress.data_forward - 
[09:05:17.275] [bmv2] [T] [thread 95237] [5.0] [cxt 0] Action MyIngress.data_forward
[09:05:17.275] [bmv2] [T] [thread 95237] [5.0] [cxt 0] switch.p4(97) Primitive pit_table.read(egress_port, hdr.payload.content_id)
[09:05:17.275] [bmv2] [T] [thread 95237] [5.0] [cxt 0] Read register 'MyIngress.pit_table' at index 0 read value 0
[09:05:17.275] [bmv2] [T] [thread 95237] [5.0] [cxt 0] switch.p4(98) Primitive standard_metadata.egress_spec = egress_port
[09:05:17.275] [bmv2] [T] [thread 95237] [5.0] [cxt 0] switch.p4(99) Primitive pit_table.write(hdr.payload.content_id, 0)
[09:05:17.275] [bmv2] [T] [thread 95237] [5.0] [cxt 0] Wrote register 'MyIngress.pit_table' at index 0 with value 0
[09:05:17.275] [bmv2] [T] [thread 95237] [5.0] [cxt 0] switch.p4(100) Primitive hdr.ethernet.srcAddr = 0xFFFFFFFFFFFF
[09:05:17.275] [bmv2] [T] [thread 95237] [5.0] [cxt 0] switch.p4(101) Primitive hdr.ethernet.dstAddr = 0xFFFFFFFFFFFF
[09:05:17.275] [bmv2] [T] [thread 95237] [5.0] [cxt 0] switch.p4(102) Primitive hdr.payload.ttl = hdr.payload.ttl - 1
[09:05:17.275] [bmv2] [D] [thread 95237] [5.0] [cxt 0] Pipeline 'ingress': end
[09:05:17.275] [bmv2] [D] [thread 95237] [5.0] [cxt 0] Egress port is 0
[09:05:17.275] [bmv2] [D] [thread 95238] [5.0] [cxt 0] Pipeline 'egress': start
[09:05:17.275] [bmv2] [D] [thread 95238] [5.0] [cxt 0] Pipeline 'egress': end
[09:05:17.275] [bmv2] [D] [thread 95238] [5.0] [cxt 0] Deparser 'deparser': start
[09:05:17.275] [bmv2] [D] [thread 95238] [5.0] [cxt 0] Deparsing header 'ethernet'
[09:05:17.275] [bmv2] [D] [thread 95238] [5.0] [cxt 0] Deparser 'deparser': end
[09:05:17.275] [bmv2] [D] [thread 95242] [5.0] [cxt 0] Transmitting packet of size 211 out of port 0
[09:05:17.308] [bmv2] [D] [thread 95237] [6.0] [cxt 0] Processing packet received on port 2
[09:05:17.308] [bmv2] [D] [thread 95237] [6.0] [cxt 0] Parser 'parser': start
[09:05:17.308] [bmv2] [D] [thread 95237] [6.0] [cxt 0] Parser 'parser' entering state 'start'
[09:05:17.308] [bmv2] [D] [thread 95237] [6.0] [cxt 0] Extracting header 'ethernet'
[09:05:17.308] [bmv2] [D] [thread 95237] [6.0] [cxt 0] Parser state 'start': key is 86dd
[09:05:17.308] [bmv2] [T] [thread 95237] [6.0] [cxt 0] Bytes parsed: 14
[09:05:17.308] [bmv2] [D] [thread 95237] [6.0] [cxt 0] Parser 'parser': end
[09:05:17.308] [bmv2] [D] [thread 95237] [6.0] [cxt 0] Pipeline 'ingress': start
[09:05:17.308] [bmv2] [T] [thread 95237] [6.0] [cxt 0] switch.p4(147) Condition "hdr.icn.isValid()" (node_2) is false
[09:05:17.308] [bmv2] [T] [thread 95237] [6.0] [cxt 0] switch.p4(164) Condition "hdr.payload.flag == 1" (node_13) is false
[09:05:17.308] [bmv2] [T] [thread 95237] [6.0] [cxt 0] Applying table 'tbl_data_forward_0'
[09:05:17.308] [bmv2] [D] [thread 95237] [6.0] [cxt 0] Looking up key:

[09:05:17.308] [bmv2] [D] [thread 95237] [6.0] [cxt 0] Table 'tbl_data_forward_0': miss
[09:05:17.308] [bmv2] [D] [thread 95237] [6.0] [cxt 0] Action entry is MyIngress.data_forward - 
[09:05:17.308] [bmv2] [T] [thread 95237] [6.0] [cxt 0] Action MyIngress.data_forward
[09:05:17.308] [bmv2] [T] [thread 95237] [6.0] [cxt 0] switch.p4(97) Primitive pit_table.read(egress_port, hdr.payload.content_id)
[09:05:17.308] [bmv2] [T] [thread 95237] [6.0] [cxt 0] Read register 'MyIngress.pit_table' at index 0 read value 0
[09:05:17.308] [bmv2] [T] [thread 95237] [6.0] [cxt 0] switch.p4(98) Primitive standard_metadata.egress_spec = egress_port
[09:05:17.308] [bmv2] [T] [thread 95237] [6.0] [cxt 0] switch.p4(99) Primitive pit_table.write(hdr.payload.content_id, 0)
[09:05:17.308] [bmv2] [T] [thread 95237] [6.0] [cxt 0] Wrote register 'MyIngress.pit_table' at index 0 with value 0
[09:05:17.308] [bmv2] [T] [thread 95237] [6.0] [cxt 0] switch.p4(100) Primitive hdr.ethernet.srcAddr = 0xFFFFFFFFFFFF
[09:05:17.308] [bmv2] [T] [thread 95237] [6.0] [cxt 0] switch.p4(101) Primitive hdr.ethernet.dstAddr = 0xFFFFFFFFFFFF
[09:05:17.308] [bmv2] [T] [thread 95237] [6.0] [cxt 0] switch.p4(102) Primitive hdr.payload.ttl = hdr.payload.ttl - 1
[09:05:17.308] [bmv2] [D] [thread 95237] [6.0] [cxt 0] Pipeline 'ingress': end
[09:05:17.308] [bmv2] [D] [thread 95237] [6.0] [cxt 0] Egress port is 0
[09:05:17.308] [bmv2] [D] [thread 95237] [7.0] [cxt 0] Processing packet received on port 2
[09:05:17.308] [bmv2] [D] [thread 95237] [7.0] [cxt 0] Parser 'parser': start
[09:05:17.308] [bmv2] [D] [thread 95237] [7.0] [cxt 0] Parser 'parser' entering state 'start'
[09:05:17.308] [bmv2] [D] [thread 95237] [7.0] [cxt 0] Extracting header 'ethernet'
[09:05:17.308] [bmv2] [D] [thread 95237] [7.0] [cxt 0] Parser state 'start': key is 86dd
[09:05:17.308] [bmv2] [T] [thread 95237] [7.0] [cxt 0] Bytes parsed: 14
[09:05:17.308] [bmv2] [D] [thread 95237] [7.0] [cxt 0] Parser 'parser': end
[09:05:17.308] [bmv2] [D] [thread 95237] [7.0] [cxt 0] Pipeline 'ingress': start
[09:05:17.308] [bmv2] [T] [thread 95237] [7.0] [cxt 0] switch.p4(147) Condition "hdr.icn.isValid()" (node_2) is false
[09:05:17.308] [bmv2] [T] [thread 95237] [7.0] [cxt 0] switch.p4(164) Condition "hdr.payload.flag == 1" (node_13) is false
[09:05:17.308] [bmv2] [T] [thread 95237] [7.0] [cxt 0] Applying table 'tbl_data_forward_0'
[09:05:17.308] [bmv2] [D] [thread 95237] [7.0] [cxt 0] Looking up key:

[09:05:17.308] [bmv2] [D] [thread 95237] [7.0] [cxt 0] Table 'tbl_data_forward_0': miss
[09:05:17.308] [bmv2] [D] [thread 95237] [7.0] [cxt 0] Action entry is MyIngress.data_forward - 
[09:05:17.308] [bmv2] [T] [thread 95237] [7.0] [cxt 0] Action MyIngress.data_forward
[09:05:17.308] [bmv2] [T] [thread 95237] [7.0] [cxt 0] switch.p4(97) Primitive pit_table.read(egress_port, hdr.payload.content_id)
[09:05:17.308] [bmv2] [T] [thread 95237] [7.0] [cxt 0] Read register 'MyIngress.pit_table' at index 0 read value 0
[09:05:17.308] [bmv2] [T] [thread 95237] [7.0] [cxt 0] switch.p4(98) Primitive standard_metadata.egress_spec = egress_port
[09:05:17.308] [bmv2] [T] [thread 95237] [7.0] [cxt 0] switch.p4(99) Primitive pit_table.write(hdr.payload.content_id, 0)
[09:05:17.308] [bmv2] [T] [thread 95237] [7.0] [cxt 0] Wrote register 'MyIngress.pit_table' at index 0 with value 0
[09:05:17.308] [bmv2] [T] [thread 95237] [7.0] [cxt 0] switch.p4(100) Primitive hdr.ethernet.srcAddr = 0xFFFFFFFFFFFF
[09:05:17.308] [bmv2] [T] [thread 95237] [7.0] [cxt 0] switch.p4(101) Primitive hdr.ethernet.dstAddr = 0xFFFFFFFFFFFF
[09:05:17.308] [bmv2] [T] [thread 95237] [7.0] [cxt 0] switch.p4(102) Primitive hdr.payload.ttl = hdr.payload.ttl - 1
[09:05:17.308] [bmv2] [D] [thread 95237] [7.0] [cxt 0] Pipeline 'ingress': end
[09:05:17.308] [bmv2] [D] [thread 95237] [7.0] [cxt 0] Egress port is 0
[09:05:17.308] [bmv2] [D] [thread 95238] [6.0] [cxt 0] Pipeline 'egress': start
[09:05:17.308] [bmv2] [D] [thread 95238] [6.0] [cxt 0] Pipeline 'egress': end
[09:05:17.308] [bmv2] [D] [thread 95238] [6.0] [cxt 0] Deparser 'deparser': start
[09:05:17.308] [bmv2] [D] [thread 95238] [6.0] [cxt 0] Deparsing header 'ethernet'
[09:05:17.308] [bmv2] [D] [thread 95238] [6.0] [cxt 0] Deparser 'deparser': end
[09:05:17.308] [bmv2] [D] [thread 95238] [7.0] [cxt 0] Pipeline 'egress': start
[09:05:17.308] [bmv2] [D] [thread 95238] [7.0] [cxt 0] Pipeline 'egress': end
[09:05:17.308] [bmv2] [D] [thread 95238] [7.0] [cxt 0] Deparser 'deparser': start
[09:05:17.308] [bmv2] [D] [thread 95238] [7.0] [cxt 0] Deparsing header 'ethernet'
[09:05:17.308] [bmv2] [D] [thread 95238] [7.0] [cxt 0] Deparser 'deparser': end
[09:05:17.308] [bmv2] [D] [thread 95242] [6.0] [cxt 0] Transmitting packet of size 90 out of port 0
[09:05:17.308] [bmv2] [D] [thread 95242] [7.0] [cxt 0] Transmitting packet of size 70 out of port 0
[09:05:17.313] [bmv2] [D] [thread 95237] [8.0] [cxt 0] Processing packet received on port 2
[09:05:17.313] [bmv2] [D] [thread 95237] [8.0] [cxt 0] Parser 'parser': start
[09:05:17.313] [bmv2] [D] [thread 95237] [8.0] [cxt 0] Parser 'parser' entering state 'start'
[09:05:17.313] [bmv2] [D] [thread 95237] [8.0] [cxt 0] Extracting header 'ethernet'
[09:05:17.313] [bmv2] [D] [thread 95237] [8.0] [cxt 0] Parser state 'start': key is 86dd
[09:05:17.313] [bmv2] [T] [thread 95237] [8.0] [cxt 0] Bytes parsed: 14
[09:05:17.313] [bmv2] [D] [thread 95237] [8.0] [cxt 0] Parser 'parser': end
[09:05:17.313] [bmv2] [D] [thread 95237] [8.0] [cxt 0] Pipeline 'ingress': start
[09:05:17.313] [bmv2] [T] [thread 95237] [8.0] [cxt 0] switch.p4(147) Condition "hdr.icn.isValid()" (node_2) is false
[09:05:17.313] [bmv2] [T] [thread 95237] [8.0] [cxt 0] switch.p4(164) Condition "hdr.payload.flag == 1" (node_13) is false
[09:05:17.313] [bmv2] [T] [thread 95237] [8.0] [cxt 0] Applying table 'tbl_data_forward_0'
[09:05:17.313] [bmv2] [D] [thread 95237] [8.0] [cxt 0] Looking up key:

[09:05:17.313] [bmv2] [D] [thread 95237] [8.0] [cxt 0] Table 'tbl_data_forward_0': miss
[09:05:17.313] [bmv2] [D] [thread 95237] [8.0] [cxt 0] Action entry is MyIngress.data_forward - 
[09:05:17.313] [bmv2] [T] [thread 95237] [8.0] [cxt 0] Action MyIngress.data_forward
[09:05:17.313] [bmv2] [T] [thread 95237] [8.0] [cxt 0] switch.p4(97) Primitive pit_table.read(egress_port, hdr.payload.content_id)
[09:05:17.313] [bmv2] [T] [thread 95237] [8.0] [cxt 0] Read register 'MyIngress.pit_table' at index 0 read value 0
[09:05:17.313] [bmv2] [T] [thread 95237] [8.0] [cxt 0] switch.p4(98) Primitive standard_metadata.egress_spec = egress_port
[09:05:17.313] [bmv2] [T] [thread 95237] [8.0] [cxt 0] switch.p4(99) Primitive pit_table.write(hdr.payload.content_id, 0)
[09:05:17.313] [bmv2] [T] [thread 95237] [8.0] [cxt 0] Wrote register 'MyIngress.pit_table' at index 0 with value 0
[09:05:17.313] [bmv2] [T] [thread 95237] [8.0] [cxt 0] switch.p4(100) Primitive hdr.ethernet.srcAddr = 0xFFFFFFFFFFFF
[09:05:17.313] [bmv2] [T] [thread 95237] [8.0] [cxt 0] switch.p4(101) Primitive hdr.ethernet.dstAddr = 0xFFFFFFFFFFFF
[09:05:17.313] [bmv2] [T] [thread 95237] [8.0] [cxt 0] switch.p4(102) Primitive hdr.payload.ttl = hdr.payload.ttl - 1
[09:05:17.313] [bmv2] [D] [thread 95237] [8.0] [cxt 0] Pipeline 'ingress': end
[09:05:17.313] [bmv2] [D] [thread 95237] [8.0] [cxt 0] Egress port is 0
[09:05:17.313] [bmv2] [D] [thread 95238] [8.0] [cxt 0] Pipeline 'egress': start
[09:05:17.313] [bmv2] [D] [thread 95238] [8.0] [cxt 0] Pipeline 'egress': end
[09:05:17.313] [bmv2] [D] [thread 95238] [8.0] [cxt 0] Deparser 'deparser': start
[09:05:17.313] [bmv2] [D] [thread 95238] [8.0] [cxt 0] Deparsing header 'ethernet'
[09:05:17.313] [bmv2] [D] [thread 95238] [8.0] [cxt 0] Deparser 'deparser': end
[09:05:17.313] [bmv2] [D] [thread 95242] [8.0] [cxt 0] Transmitting packet of size 90 out of port 0
[09:05:17.346] [bmv2] [D] [thread 95237] [9.0] [cxt 0] Processing packet received on port 1
[09:05:17.346] [bmv2] [D] [thread 95237] [9.0] [cxt 0] Parser 'parser': start
[09:05:17.346] [bmv2] [D] [thread 95237] [9.0] [cxt 0] Parser 'parser' entering state 'start'
[09:05:17.346] [bmv2] [D] [thread 95237] [9.0] [cxt 0] Extracting header 'ethernet'
[09:05:17.346] [bmv2] [D] [thread 95237] [9.0] [cxt 0] Parser state 'start': key is 86dd
[09:05:17.346] [bmv2] [T] [thread 95237] [9.0] [cxt 0] Bytes parsed: 14
[09:05:17.346] [bmv2] [D] [thread 95237] [9.0] [cxt 0] Parser 'parser': end
[09:05:17.346] [bmv2] [D] [thread 95237] [9.0] [cxt 0] Pipeline 'ingress': start
[09:05:17.349] [bmv2] [T] [thread 95237] [9.0] [cxt 0] switch.p4(147) Condition "hdr.icn.isValid()" (node_2) is false
[09:05:17.349] [bmv2] [T] [thread 95237] [9.0] [cxt 0] switch.p4(164) Condition "hdr.payload.flag == 1" (node_13) is false
[09:05:17.349] [bmv2] [T] [thread 95237] [9.0] [cxt 0] Applying table 'tbl_data_forward_0'
[09:05:17.349] [bmv2] [D] [thread 95237] [9.0] [cxt 0] Looking up key:

[09:05:17.349] [bmv2] [D] [thread 95237] [9.0] [cxt 0] Table 'tbl_data_forward_0': miss
[09:05:17.349] [bmv2] [D] [thread 95237] [9.0] [cxt 0] Action entry is MyIngress.data_forward - 
[09:05:17.349] [bmv2] [T] [thread 95237] [9.0] [cxt 0] Action MyIngress.data_forward
[09:05:17.349] [bmv2] [T] [thread 95237] [9.0] [cxt 0] switch.p4(97) Primitive pit_table.read(egress_port, hdr.payload.content_id)
[09:05:17.349] [bmv2] [T] [thread 95237] [9.0] [cxt 0] Read register 'MyIngress.pit_table' at index 0 read value 0
[09:05:17.349] [bmv2] [T] [thread 95237] [9.0] [cxt 0] switch.p4(98) Primitive standard_metadata.egress_spec = egress_port
[09:05:17.349] [bmv2] [T] [thread 95237] [9.0] [cxt 0] switch.p4(99) Primitive pit_table.write(hdr.payload.content_id, 0)
[09:05:17.349] [bmv2] [T] [thread 95237] [9.0] [cxt 0] Wrote register 'MyIngress.pit_table' at index 0 with value 0
[09:05:17.349] [bmv2] [T] [thread 95237] [9.0] [cxt 0] switch.p4(100) Primitive hdr.ethernet.srcAddr = 0xFFFFFFFFFFFF
[09:05:17.349] [bmv2] [T] [thread 95237] [9.0] [cxt 0] switch.p4(101) Primitive hdr.ethernet.dstAddr = 0xFFFFFFFFFFFF
[09:05:17.349] [bmv2] [T] [thread 95237] [9.0] [cxt 0] switch.p4(102) Primitive hdr.payload.ttl = hdr.payload.ttl - 1
[09:05:17.349] [bmv2] [D] [thread 95237] [9.0] [cxt 0] Pipeline 'ingress': end
[09:05:17.349] [bmv2] [D] [thread 95237] [9.0] [cxt 0] Egress port is 0
[09:05:17.349] [bmv2] [D] [thread 95238] [9.0] [cxt 0] Pipeline 'egress': start
[09:05:17.349] [bmv2] [D] [thread 95238] [9.0] [cxt 0] Pipeline 'egress': end
[09:05:17.349] [bmv2] [D] [thread 95238] [9.0] [cxt 0] Deparser 'deparser': start
[09:05:17.349] [bmv2] [D] [thread 95238] [9.0] [cxt 0] Deparsing header 'ethernet'
[09:05:17.349] [bmv2] [D] [thread 95238] [9.0] [cxt 0] Deparser 'deparser': end
[09:05:17.349] [bmv2] [D] [thread 95242] [9.0] [cxt 0] Transmitting packet of size 211 out of port 0
[09:05:17.409] [bmv2] [D] [thread 95237] [10.0] [cxt 0] Processing packet received on port 2
[09:05:17.409] [bmv2] [D] [thread 95237] [10.0] [cxt 0] Parser 'parser': start
[09:05:17.409] [bmv2] [D] [thread 95237] [10.0] [cxt 0] Parser 'parser' entering state 'start'
[09:05:17.409] [bmv2] [D] [thread 95237] [10.0] [cxt 0] Extracting header 'ethernet'
[09:05:17.409] [bmv2] [D] [thread 95237] [10.0] [cxt 0] Parser state 'start': key is 86dd
[09:05:17.409] [bmv2] [T] [thread 95237] [10.0] [cxt 0] Bytes parsed: 14
[09:05:17.409] [bmv2] [D] [thread 95237] [10.0] [cxt 0] Parser 'parser': end
[09:05:17.409] [bmv2] [D] [thread 95237] [10.0] [cxt 0] Pipeline 'ingress': start
[09:05:17.409] [bmv2] [T] [thread 95237] [10.0] [cxt 0] switch.p4(147) Condition "hdr.icn.isValid()" (node_2) is false
[09:05:17.409] [bmv2] [T] [thread 95237] [10.0] [cxt 0] switch.p4(164) Condition "hdr.payload.flag == 1" (node_13) is false
[09:05:17.409] [bmv2] [T] [thread 95237] [10.0] [cxt 0] Applying table 'tbl_data_forward_0'
[09:05:17.409] [bmv2] [D] [thread 95237] [10.0] [cxt 0] Looking up key:

[09:05:17.409] [bmv2] [D] [thread 95237] [10.0] [cxt 0] Table 'tbl_data_forward_0': miss
[09:05:17.409] [bmv2] [D] [thread 95237] [10.0] [cxt 0] Action entry is MyIngress.data_forward - 
[09:05:17.409] [bmv2] [T] [thread 95237] [10.0] [cxt 0] Action MyIngress.data_forward
[09:05:17.409] [bmv2] [T] [thread 95237] [10.0] [cxt 0] switch.p4(97) Primitive pit_table.read(egress_port, hdr.payload.content_id)
[09:05:17.409] [bmv2] [T] [thread 95237] [10.0] [cxt 0] Read register 'MyIngress.pit_table' at index 0 read value 0
[09:05:17.409] [bmv2] [T] [thread 95237] [10.0] [cxt 0] switch.p4(98) Primitive standard_metadata.egress_spec = egress_port
[09:05:17.409] [bmv2] [T] [thread 95237] [10.0] [cxt 0] switch.p4(99) Primitive pit_table.write(hdr.payload.content_id, 0)
[09:05:17.409] [bmv2] [T] [thread 95237] [10.0] [cxt 0] Wrote register 'MyIngress.pit_table' at index 0 with value 0
[09:05:17.409] [bmv2] [T] [thread 95237] [10.0] [cxt 0] switch.p4(100) Primitive hdr.ethernet.srcAddr = 0xFFFFFFFFFFFF
[09:05:17.409] [bmv2] [T] [thread 95237] [10.0] [cxt 0] switch.p4(101) Primitive hdr.ethernet.dstAddr = 0xFFFFFFFFFFFF
[09:05:17.409] [bmv2] [T] [thread 95237] [10.0] [cxt 0] switch.p4(102) Primitive hdr.payload.ttl = hdr.payload.ttl - 1
[09:05:17.409] [bmv2] [D] [thread 95237] [10.0] [cxt 0] Pipeline 'ingress': end
[09:05:17.409] [bmv2] [D] [thread 95237] [10.0] [cxt 0] Egress port is 0
[09:05:17.409] [bmv2] [D] [thread 95238] [10.0] [cxt 0] Pipeline 'egress': start
[09:05:17.409] [bmv2] [D] [thread 95238] [10.0] [cxt 0] Pipeline 'egress': end
[09:05:17.409] [bmv2] [D] [thread 95238] [10.0] [cxt 0] Deparser 'deparser': start
[09:05:17.409] [bmv2] [D] [thread 95238] [10.0] [cxt 0] Deparsing header 'ethernet'
[09:05:17.409] [bmv2] [D] [thread 95238] [10.0] [cxt 0] Deparser 'deparser': end
[09:05:17.409] [bmv2] [D] [thread 95242] [10.0] [cxt 0] Transmitting packet of size 203 out of port 0
[09:05:17.458] [bmv2] [D] [thread 95237] [11.0] [cxt 0] Processing packet received on port 2
[09:05:17.458] [bmv2] [D] [thread 95237] [11.0] [cxt 0] Parser 'parser': start
[09:05:17.458] [bmv2] [D] [thread 95237] [11.0] [cxt 0] Parser 'parser' entering state 'start'
[09:05:17.458] [bmv2] [D] [thread 95237] [11.0] [cxt 0] Extracting header 'ethernet'
[09:05:17.458] [bmv2] [D] [thread 95237] [11.0] [cxt 0] Parser state 'start': key is 86dd
[09:05:17.458] [bmv2] [T] [thread 95237] [11.0] [cxt 0] Bytes parsed: 14
[09:05:17.458] [bmv2] [D] [thread 95237] [11.0] [cxt 0] Parser 'parser': end
[09:05:17.458] [bmv2] [D] [thread 95237] [11.0] [cxt 0] Pipeline 'ingress': start
[09:05:17.458] [bmv2] [T] [thread 95237] [11.0] [cxt 0] switch.p4(147) Condition "hdr.icn.isValid()" (node_2) is false
[09:05:17.458] [bmv2] [T] [thread 95237] [11.0] [cxt 0] switch.p4(164) Condition "hdr.payload.flag == 1" (node_13) is false
[09:05:17.458] [bmv2] [T] [thread 95237] [11.0] [cxt 0] Applying table 'tbl_data_forward_0'
[09:05:17.458] [bmv2] [D] [thread 95237] [11.0] [cxt 0] Looking up key:

[09:05:17.458] [bmv2] [D] [thread 95237] [11.0] [cxt 0] Table 'tbl_data_forward_0': miss
[09:05:17.458] [bmv2] [D] [thread 95237] [11.0] [cxt 0] Action entry is MyIngress.data_forward - 
[09:05:17.458] [bmv2] [T] [thread 95237] [11.0] [cxt 0] Action MyIngress.data_forward
[09:05:17.458] [bmv2] [T] [thread 95237] [11.0] [cxt 0] switch.p4(97) Primitive pit_table.read(egress_port, hdr.payload.content_id)
[09:05:17.458] [bmv2] [T] [thread 95237] [11.0] [cxt 0] Read register 'MyIngress.pit_table' at index 0 read value 0
[09:05:17.458] [bmv2] [T] [thread 95237] [11.0] [cxt 0] switch.p4(98) Primitive standard_metadata.egress_spec = egress_port
[09:05:17.458] [bmv2] [T] [thread 95237] [11.0] [cxt 0] switch.p4(99) Primitive pit_table.write(hdr.payload.content_id, 0)
[09:05:17.458] [bmv2] [T] [thread 95237] [11.0] [cxt 0] Wrote register 'MyIngress.pit_table' at index 0 with value 0
[09:05:17.458] [bmv2] [T] [thread 95237] [11.0] [cxt 0] switch.p4(100) Primitive hdr.ethernet.srcAddr = 0xFFFFFFFFFFFF
[09:05:17.458] [bmv2] [T] [thread 95237] [11.0] [cxt 0] switch.p4(101) Primitive hdr.ethernet.dstAddr = 0xFFFFFFFFFFFF
[09:05:17.458] [bmv2] [T] [thread 95237] [11.0] [cxt 0] switch.p4(102) Primitive hdr.payload.ttl = hdr.payload.ttl - 1
[09:05:17.458] [bmv2] [D] [thread 95237] [11.0] [cxt 0] Pipeline 'ingress': end
[09:05:17.458] [bmv2] [D] [thread 95237] [11.0] [cxt 0] Egress port is 0
[09:05:17.458] [bmv2] [D] [thread 95238] [11.0] [cxt 0] Pipeline 'egress': start
[09:05:17.458] [bmv2] [D] [thread 95238] [11.0] [cxt 0] Pipeline 'egress': end
[09:05:17.458] [bmv2] [D] [thread 95238] [11.0] [cxt 0] Deparser 'deparser': start
[09:05:17.458] [bmv2] [D] [thread 95238] [11.0] [cxt 0] Deparsing header 'ethernet'
[09:05:17.458] [bmv2] [D] [thread 95238] [11.0] [cxt 0] Deparser 'deparser': end
[09:05:17.458] [bmv2] [D] [thread 95242] [11.0] [cxt 0] Transmitting packet of size 211 out of port 0
[09:05:17.474] [bmv2] [D] [thread 95237] [12.0] [cxt 0] Processing packet received on port 2
[09:05:17.474] [bmv2] [D] [thread 95237] [12.0] [cxt 0] Parser 'parser': start
[09:05:17.474] [bmv2] [D] [thread 95237] [12.0] [cxt 0] Parser 'parser' entering state 'start'
[09:05:17.474] [bmv2] [D] [thread 95237] [12.0] [cxt 0] Extracting header 'ethernet'
[09:05:17.474] [bmv2] [D] [thread 95237] [12.0] [cxt 0] Parser state 'start': key is 86dd
[09:05:17.474] [bmv2] [T] [thread 95237] [12.0] [cxt 0] Bytes parsed: 14
[09:05:17.474] [bmv2] [D] [thread 95237] [12.0] [cxt 0] Parser 'parser': end
[09:05:17.474] [bmv2] [D] [thread 95237] [12.0] [cxt 0] Pipeline 'ingress': start
[09:05:17.474] [bmv2] [T] [thread 95237] [12.0] [cxt 0] switch.p4(147) Condition "hdr.icn.isValid()" (node_2) is false
[09:05:17.474] [bmv2] [T] [thread 95237] [12.0] [cxt 0] switch.p4(164) Condition "hdr.payload.flag == 1" (node_13) is false
[09:05:17.474] [bmv2] [T] [thread 95237] [12.0] [cxt 0] Applying table 'tbl_data_forward_0'
[09:05:17.474] [bmv2] [D] [thread 95237] [12.0] [cxt 0] Looking up key:

[09:05:17.474] [bmv2] [D] [thread 95237] [12.0] [cxt 0] Table 'tbl_data_forward_0': miss
[09:05:17.474] [bmv2] [D] [thread 95237] [12.0] [cxt 0] Action entry is MyIngress.data_forward - 
[09:05:17.474] [bmv2] [T] [thread 95237] [12.0] [cxt 0] Action MyIngress.data_forward
[09:05:17.474] [bmv2] [T] [thread 95237] [12.0] [cxt 0] switch.p4(97) Primitive pit_table.read(egress_port, hdr.payload.content_id)
[09:05:17.474] [bmv2] [T] [thread 95237] [12.0] [cxt 0] Read register 'MyIngress.pit_table' at index 0 read value 0
[09:05:17.474] [bmv2] [T] [thread 95237] [12.0] [cxt 0] switch.p4(98) Primitive standard_metadata.egress_spec = egress_port
[09:05:17.474] [bmv2] [T] [thread 95237] [12.0] [cxt 0] switch.p4(99) Primitive pit_table.write(hdr.payload.content_id, 0)
[09:05:17.474] [bmv2] [T] [thread 95237] [12.0] [cxt 0] Wrote register 'MyIngress.pit_table' at index 0 with value 0
[09:05:17.474] [bmv2] [T] [thread 95237] [12.0] [cxt 0] switch.p4(100) Primitive hdr.ethernet.srcAddr = 0xFFFFFFFFFFFF
[09:05:17.474] [bmv2] [T] [thread 95237] [12.0] [cxt 0] switch.p4(101) Primitive hdr.ethernet.dstAddr = 0xFFFFFFFFFFFF
[09:05:17.474] [bmv2] [T] [thread 95237] [12.0] [cxt 0] switch.p4(102) Primitive hdr.payload.ttl = hdr.payload.ttl - 1
[09:05:17.474] [bmv2] [D] [thread 95237] [12.0] [cxt 0] Pipeline 'ingress': end
[09:05:17.474] [bmv2] [D] [thread 95237] [12.0] [cxt 0] Egress port is 0
[09:05:17.474] [bmv2] [D] [thread 95238] [12.0] [cxt 0] Pipeline 'egress': start
[09:05:17.474] [bmv2] [D] [thread 95238] [12.0] [cxt 0] Pipeline 'egress': end
[09:05:17.474] [bmv2] [D] [thread 95238] [12.0] [cxt 0] Deparser 'deparser': start
[09:05:17.474] [bmv2] [D] [thread 95238] [12.0] [cxt 0] Deparsing header 'ethernet'
[09:05:17.474] [bmv2] [D] [thread 95238] [12.0] [cxt 0] Deparser 'deparser': end
[09:05:17.474] [bmv2] [D] [thread 95242] [12.0] [cxt 0] Transmitting packet of size 199 out of port 0
[09:05:17.521] [bmv2] [D] [thread 95237] [13.0] [cxt 0] Processing packet received on port 2
[09:05:17.521] [bmv2] [D] [thread 95237] [13.0] [cxt 0] Parser 'parser': start
[09:05:17.521] [bmv2] [D] [thread 95237] [13.0] [cxt 0] Parser 'parser' entering state 'start'
[09:05:17.521] [bmv2] [D] [thread 95237] [13.0] [cxt 0] Extracting header 'ethernet'
[09:05:17.521] [bmv2] [D] [thread 95237] [13.0] [cxt 0] Parser state 'start': key is 86dd
[09:05:17.521] [bmv2] [T] [thread 95237] [13.0] [cxt 0] Bytes parsed: 14
[09:05:17.521] [bmv2] [D] [thread 95237] [13.0] [cxt 0] Parser 'parser': end
[09:05:17.521] [bmv2] [D] [thread 95237] [13.0] [cxt 0] Pipeline 'ingress': start
[09:05:17.521] [bmv2] [T] [thread 95237] [13.0] [cxt 0] switch.p4(147) Condition "hdr.icn.isValid()" (node_2) is false
[09:05:17.521] [bmv2] [T] [thread 95237] [13.0] [cxt 0] switch.p4(164) Condition "hdr.payload.flag == 1" (node_13) is false
[09:05:17.521] [bmv2] [T] [thread 95237] [13.0] [cxt 0] Applying table 'tbl_data_forward_0'
[09:05:17.521] [bmv2] [D] [thread 95237] [13.0] [cxt 0] Looking up key:

[09:05:17.521] [bmv2] [D] [thread 95237] [13.0] [cxt 0] Table 'tbl_data_forward_0': miss
[09:05:17.521] [bmv2] [D] [thread 95237] [13.0] [cxt 0] Action entry is MyIngress.data_forward - 
[09:05:17.521] [bmv2] [T] [thread 95237] [13.0] [cxt 0] Action MyIngress.data_forward
[09:05:17.521] [bmv2] [T] [thread 95237] [13.0] [cxt 0] switch.p4(97) Primitive pit_table.read(egress_port, hdr.payload.content_id)
[09:05:17.521] [bmv2] [T] [thread 95237] [13.0] [cxt 0] Read register 'MyIngress.pit_table' at index 0 read value 0
[09:05:17.521] [bmv2] [T] [thread 95237] [13.0] [cxt 0] switch.p4(98) Primitive standard_metadata.egress_spec = egress_port
[09:05:17.521] [bmv2] [T] [thread 95237] [13.0] [cxt 0] switch.p4(99) Primitive pit_table.write(hdr.payload.content_id, 0)
[09:05:17.521] [bmv2] [T] [thread 95237] [13.0] [cxt 0] Wrote register 'MyIngress.pit_table' at index 0 with value 0
[09:05:17.521] [bmv2] [T] [thread 95237] [13.0] [cxt 0] switch.p4(100) Primitive hdr.ethernet.srcAddr = 0xFFFFFFFFFFFF
[09:05:17.521] [bmv2] [T] [thread 95237] [13.0] [cxt 0] switch.p4(101) Primitive hdr.ethernet.dstAddr = 0xFFFFFFFFFFFF
[09:05:17.521] [bmv2] [T] [thread 95237] [13.0] [cxt 0] switch.p4(102) Primitive hdr.payload.ttl = hdr.payload.ttl - 1
[09:05:17.521] [bmv2] [D] [thread 95237] [13.0] [cxt 0] Pipeline 'ingress': end
[09:05:17.521] [bmv2] [D] [thread 95237] [13.0] [cxt 0] Egress port is 0
[09:05:17.521] [bmv2] [D] [thread 95238] [13.0] [cxt 0] Pipeline 'egress': start
[09:05:17.521] [bmv2] [D] [thread 95238] [13.0] [cxt 0] Pipeline 'egress': end
[09:05:17.521] [bmv2] [D] [thread 95238] [13.0] [cxt 0] Deparser 'deparser': start
[09:05:17.521] [bmv2] [D] [thread 95238] [13.0] [cxt 0] Deparsing header 'ethernet'
[09:05:17.521] [bmv2] [D] [thread 95238] [13.0] [cxt 0] Deparser 'deparser': end
[09:05:17.521] [bmv2] [D] [thread 95242] [13.0] [cxt 0] Transmitting packet of size 110 out of port 0
[09:05:17.538] [bmv2] [D] [thread 95237] [14.0] [cxt 0] Processing packet received on port 1
[09:05:17.538] [bmv2] [D] [thread 95237] [14.0] [cxt 0] Parser 'parser': start
[09:05:17.538] [bmv2] [D] [thread 95237] [14.0] [cxt 0] Parser 'parser' entering state 'start'
[09:05:17.538] [bmv2] [D] [thread 95237] [14.0] [cxt 0] Extracting header 'ethernet'
[09:05:17.538] [bmv2] [D] [thread 95237] [14.0] [cxt 0] Parser state 'start': key is 86dd
[09:05:17.538] [bmv2] [T] [thread 95237] [14.0] [cxt 0] Bytes parsed: 14
[09:05:17.538] [bmv2] [D] [thread 95237] [14.0] [cxt 0] Parser 'parser': end
[09:05:17.538] [bmv2] [D] [thread 95237] [14.0] [cxt 0] Pipeline 'ingress': start
[09:05:17.538] [bmv2] [T] [thread 95237] [14.0] [cxt 0] switch.p4(147) Condition "hdr.icn.isValid()" (node_2) is false
[09:05:17.538] [bmv2] [T] [thread 95237] [14.0] [cxt 0] switch.p4(164) Condition "hdr.payload.flag == 1" (node_13) is false
[09:05:17.538] [bmv2] [T] [thread 95237] [14.0] [cxt 0] Applying table 'tbl_data_forward_0'
[09:05:17.538] [bmv2] [D] [thread 95237] [14.0] [cxt 0] Looking up key:

[09:05:17.538] [bmv2] [D] [thread 95237] [14.0] [cxt 0] Table 'tbl_data_forward_0': miss
[09:05:17.538] [bmv2] [D] [thread 95237] [14.0] [cxt 0] Action entry is MyIngress.data_forward - 
[09:05:17.538] [bmv2] [T] [thread 95237] [14.0] [cxt 0] Action MyIngress.data_forward
[09:05:17.538] [bmv2] [T] [thread 95237] [14.0] [cxt 0] switch.p4(97) Primitive pit_table.read(egress_port, hdr.payload.content_id)
[09:05:17.538] [bmv2] [T] [thread 95237] [14.0] [cxt 0] Read register 'MyIngress.pit_table' at index 0 read value 0
[09:05:17.538] [bmv2] [T] [thread 95237] [14.0] [cxt 0] switch.p4(98) Primitive standard_metadata.egress_spec = egress_port
[09:05:17.538] [bmv2] [T] [thread 95237] [14.0] [cxt 0] switch.p4(99) Primitive pit_table.write(hdr.payload.content_id, 0)
[09:05:17.538] [bmv2] [T] [thread 95237] [14.0] [cxt 0] Wrote register 'MyIngress.pit_table' at index 0 with value 0
[09:05:17.538] [bmv2] [T] [thread 95237] [14.0] [cxt 0] switch.p4(100) Primitive hdr.ethernet.srcAddr = 0xFFFFFFFFFFFF
[09:05:17.538] [bmv2] [T] [thread 95237] [14.0] [cxt 0] switch.p4(101) Primitive hdr.ethernet.dstAddr = 0xFFFFFFFFFFFF
[09:05:17.538] [bmv2] [T] [thread 95237] [14.0] [cxt 0] switch.p4(102) Primitive hdr.payload.ttl = hdr.payload.ttl - 1
[09:05:17.538] [bmv2] [D] [thread 95237] [14.0] [cxt 0] Pipeline 'ingress': end
[09:05:17.538] [bmv2] [D] [thread 95237] [14.0] [cxt 0] Egress port is 0
[09:05:17.538] [bmv2] [D] [thread 95238] [14.0] [cxt 0] Pipeline 'egress': start
[09:05:17.538] [bmv2] [D] [thread 95238] [14.0] [cxt 0] Pipeline 'egress': end
[09:05:17.538] [bmv2] [D] [thread 95238] [14.0] [cxt 0] Deparser 'deparser': start
[09:05:17.538] [bmv2] [D] [thread 95238] [14.0] [cxt 0] Deparsing header 'ethernet'
[09:05:17.538] [bmv2] [D] [thread 95238] [14.0] [cxt 0] Deparser 'deparser': end
[09:05:17.538] [bmv2] [D] [thread 95242] [14.0] [cxt 0] Transmitting packet of size 199 out of port 0
[09:05:17.651] [bmv2] [D] [thread 95237] [15.0] [cxt 0] Processing packet received on port 2
[09:05:17.651] [bmv2] [D] [thread 95237] [15.0] [cxt 0] Parser 'parser': start
[09:05:17.651] [bmv2] [D] [thread 95237] [15.0] [cxt 0] Parser 'parser' entering state 'start'
[09:05:17.651] [bmv2] [D] [thread 95237] [15.0] [cxt 0] Extracting header 'ethernet'
[09:05:17.651] [bmv2] [D] [thread 95237] [15.0] [cxt 0] Parser state 'start': key is 86dd
[09:05:17.651] [bmv2] [T] [thread 95237] [15.0] [cxt 0] Bytes parsed: 14
[09:05:17.651] [bmv2] [D] [thread 95237] [15.0] [cxt 0] Parser 'parser': end
[09:05:17.651] [bmv2] [D] [thread 95237] [15.0] [cxt 0] Pipeline 'ingress': start
[09:05:17.651] [bmv2] [T] [thread 95237] [15.0] [cxt 0] switch.p4(147) Condition "hdr.icn.isValid()" (node_2) is false
[09:05:17.651] [bmv2] [T] [thread 95237] [15.0] [cxt 0] switch.p4(164) Condition "hdr.payload.flag == 1" (node_13) is false
[09:05:17.651] [bmv2] [T] [thread 95237] [15.0] [cxt 0] Applying table 'tbl_data_forward_0'
[09:05:17.651] [bmv2] [D] [thread 95237] [15.0] [cxt 0] Looking up key:

[09:05:17.651] [bmv2] [D] [thread 95237] [15.0] [cxt 0] Table 'tbl_data_forward_0': miss
[09:05:17.651] [bmv2] [D] [thread 95237] [15.0] [cxt 0] Action entry is MyIngress.data_forward - 
[09:05:17.651] [bmv2] [T] [thread 95237] [15.0] [cxt 0] Action MyIngress.data_forward
[09:05:17.651] [bmv2] [T] [thread 95237] [15.0] [cxt 0] switch.p4(97) Primitive pit_table.read(egress_port, hdr.payload.content_id)
[09:05:17.651] [bmv2] [T] [thread 95237] [15.0] [cxt 0] Read register 'MyIngress.pit_table' at index 0 read value 0
[09:05:17.651] [bmv2] [T] [thread 95237] [15.0] [cxt 0] switch.p4(98) Primitive standard_metadata.egress_spec = egress_port
[09:05:17.651] [bmv2] [T] [thread 95237] [15.0] [cxt 0] switch.p4(99) Primitive pit_table.write(hdr.payload.content_id, 0)
[09:05:17.651] [bmv2] [T] [thread 95237] [15.0] [cxt 0] Wrote register 'MyIngress.pit_table' at index 0 with value 0
[09:05:17.651] [bmv2] [T] [thread 95237] [15.0] [cxt 0] switch.p4(100) Primitive hdr.ethernet.srcAddr = 0xFFFFFFFFFFFF
[09:05:17.651] [bmv2] [T] [thread 95237] [15.0] [cxt 0] switch.p4(101) Primitive hdr.ethernet.dstAddr = 0xFFFFFFFFFFFF
[09:05:17.651] [bmv2] [T] [thread 95237] [15.0] [cxt 0] switch.p4(102) Primitive hdr.payload.ttl = hdr.payload.ttl - 1
[09:05:17.651] [bmv2] [D] [thread 95237] [15.0] [cxt 0] Pipeline 'ingress': end
[09:05:17.651] [bmv2] [D] [thread 95237] [15.0] [cxt 0] Egress port is 0
[09:05:17.651] [bmv2] [D] [thread 95238] [15.0] [cxt 0] Pipeline 'egress': start
[09:05:17.651] [bmv2] [D] [thread 95238] [15.0] [cxt 0] Pipeline 'egress': end
[09:05:17.657] [bmv2] [D] [thread 95238] [15.0] [cxt 0] Deparser 'deparser': start
[09:05:17.657] [bmv2] [D] [thread 95238] [15.0] [cxt 0] Deparsing header 'ethernet'
[09:05:17.657] [bmv2] [D] [thread 95238] [15.0] [cxt 0] Deparser 'deparser': end
[09:05:17.657] [bmv2] [D] [thread 95242] [15.0] [cxt 0] Transmitting packet of size 110 out of port 0
[09:05:17.708] [bmv2] [D] [thread 95237] [16.0] [cxt 0] Processing packet received on port 2
[09:05:17.708] [bmv2] [D] [thread 95237] [16.0] [cxt 0] Parser 'parser': start
[09:05:17.708] [bmv2] [D] [thread 95237] [16.0] [cxt 0] Parser 'parser' entering state 'start'
[09:05:17.708] [bmv2] [D] [thread 95237] [16.0] [cxt 0] Extracting header 'ethernet'
[09:05:17.708] [bmv2] [D] [thread 95237] [16.0] [cxt 0] Parser state 'start': key is 86dd
[09:05:17.709] [bmv2] [T] [thread 95237] [16.0] [cxt 0] Bytes parsed: 14
[09:05:17.709] [bmv2] [D] [thread 95237] [16.0] [cxt 0] Parser 'parser': end
[09:05:17.709] [bmv2] [D] [thread 95237] [16.0] [cxt 0] Pipeline 'ingress': start
[09:05:17.709] [bmv2] [T] [thread 95237] [16.0] [cxt 0] switch.p4(147) Condition "hdr.icn.isValid()" (node_2) is false
[09:05:17.709] [bmv2] [T] [thread 95237] [16.0] [cxt 0] switch.p4(164) Condition "hdr.payload.flag == 1" (node_13) is false
[09:05:17.709] [bmv2] [T] [thread 95237] [16.0] [cxt 0] Applying table 'tbl_data_forward_0'
[09:05:17.709] [bmv2] [D] [thread 95237] [16.0] [cxt 0] Looking up key:

[09:05:17.709] [bmv2] [D] [thread 95237] [16.0] [cxt 0] Table 'tbl_data_forward_0': miss
[09:05:17.709] [bmv2] [D] [thread 95237] [16.0] [cxt 0] Action entry is MyIngress.data_forward - 
[09:05:17.709] [bmv2] [T] [thread 95237] [16.0] [cxt 0] Action MyIngress.data_forward
[09:05:17.709] [bmv2] [T] [thread 95237] [16.0] [cxt 0] switch.p4(97) Primitive pit_table.read(egress_port, hdr.payload.content_id)
[09:05:17.709] [bmv2] [T] [thread 95237] [16.0] [cxt 0] Read register 'MyIngress.pit_table' at index 0 read value 0
[09:05:17.709] [bmv2] [T] [thread 95237] [16.0] [cxt 0] switch.p4(98) Primitive standard_metadata.egress_spec = egress_port
[09:05:17.709] [bmv2] [T] [thread 95237] [16.0] [cxt 0] switch.p4(99) Primitive pit_table.write(hdr.payload.content_id, 0)
[09:05:17.709] [bmv2] [T] [thread 95237] [16.0] [cxt 0] Wrote register 'MyIngress.pit_table' at index 0 with value 0
[09:05:17.709] [bmv2] [T] [thread 95237] [16.0] [cxt 0] switch.p4(100) Primitive hdr.ethernet.srcAddr = 0xFFFFFFFFFFFF
[09:05:17.709] [bmv2] [T] [thread 95237] [16.0] [cxt 0] switch.p4(101) Primitive hdr.ethernet.dstAddr = 0xFFFFFFFFFFFF
[09:05:17.709] [bmv2] [T] [thread 95237] [16.0] [cxt 0] switch.p4(102) Primitive hdr.payload.ttl = hdr.payload.ttl - 1
[09:05:17.709] [bmv2] [D] [thread 95237] [16.0] [cxt 0] Pipeline 'ingress': end
[09:05:17.709] [bmv2] [D] [thread 95237] [16.0] [cxt 0] Egress port is 0
[09:05:17.709] [bmv2] [D] [thread 95238] [16.0] [cxt 0] Pipeline 'egress': start
[09:05:17.710] [bmv2] [D] [thread 95238] [16.0] [cxt 0] Pipeline 'egress': end
[09:05:17.710] [bmv2] [D] [thread 95238] [16.0] [cxt 0] Deparser 'deparser': start
[09:05:17.710] [bmv2] [D] [thread 95238] [16.0] [cxt 0] Deparsing header 'ethernet'
[09:05:17.710] [bmv2] [D] [thread 95238] [16.0] [cxt 0] Deparser 'deparser': end
[09:05:17.710] [bmv2] [D] [thread 95242] [16.0] [cxt 0] Transmitting packet of size 211 out of port 0
[09:05:17.779] [bmv2] [D] [thread 95237] [17.0] [cxt 0] Processing packet received on port 2
[09:05:17.779] [bmv2] [D] [thread 95237] [17.0] [cxt 0] Parser 'parser': start
[09:05:17.779] [bmv2] [D] [thread 95237] [17.0] [cxt 0] Parser 'parser' entering state 'start'
[09:05:17.779] [bmv2] [D] [thread 95237] [17.0] [cxt 0] Extracting header 'ethernet'
[09:05:17.779] [bmv2] [D] [thread 95237] [17.0] [cxt 0] Parser state 'start': key is 86dd
[09:05:17.779] [bmv2] [T] [thread 95237] [17.0] [cxt 0] Bytes parsed: 14
[09:05:17.779] [bmv2] [D] [thread 95237] [17.0] [cxt 0] Parser 'parser': end
[09:05:17.779] [bmv2] [D] [thread 95237] [17.0] [cxt 0] Pipeline 'ingress': start
[09:05:17.779] [bmv2] [T] [thread 95237] [17.0] [cxt 0] switch.p4(147) Condition "hdr.icn.isValid()" (node_2) is false
[09:05:17.779] [bmv2] [T] [thread 95237] [17.0] [cxt 0] switch.p4(164) Condition "hdr.payload.flag == 1" (node_13) is false
[09:05:17.779] [bmv2] [T] [thread 95237] [17.0] [cxt 0] Applying table 'tbl_data_forward_0'
[09:05:17.779] [bmv2] [D] [thread 95237] [17.0] [cxt 0] Looking up key:

[09:05:17.779] [bmv2] [D] [thread 95237] [17.0] [cxt 0] Table 'tbl_data_forward_0': miss
[09:05:17.779] [bmv2] [D] [thread 95237] [17.0] [cxt 0] Action entry is MyIngress.data_forward - 
[09:05:17.779] [bmv2] [T] [thread 95237] [17.0] [cxt 0] Action MyIngress.data_forward
[09:05:17.779] [bmv2] [T] [thread 95237] [17.0] [cxt 0] switch.p4(97) Primitive pit_table.read(egress_port, hdr.payload.content_id)
[09:05:17.779] [bmv2] [T] [thread 95237] [17.0] [cxt 0] Read register 'MyIngress.pit_table' at index 0 read value 0
[09:05:17.779] [bmv2] [T] [thread 95237] [17.0] [cxt 0] switch.p4(98) Primitive standard_metadata.egress_spec = egress_port
[09:05:17.779] [bmv2] [T] [thread 95237] [17.0] [cxt 0] switch.p4(99) Primitive pit_table.write(hdr.payload.content_id, 0)
[09:05:17.779] [bmv2] [T] [thread 95237] [17.0] [cxt 0] Wrote register 'MyIngress.pit_table' at index 0 with value 0
[09:05:17.779] [bmv2] [T] [thread 95237] [17.0] [cxt 0] switch.p4(100) Primitive hdr.ethernet.srcAddr = 0xFFFFFFFFFFFF
[09:05:17.779] [bmv2] [T] [thread 95237] [17.0] [cxt 0] switch.p4(101) Primitive hdr.ethernet.dstAddr = 0xFFFFFFFFFFFF
[09:05:17.779] [bmv2] [T] [thread 95237] [17.0] [cxt 0] switch.p4(102) Primitive hdr.payload.ttl = hdr.payload.ttl - 1
[09:05:17.779] [bmv2] [D] [thread 95237] [17.0] [cxt 0] Pipeline 'ingress': end
[09:05:17.779] [bmv2] [D] [thread 95237] [17.0] [cxt 0] Egress port is 0
[09:05:17.779] [bmv2] [D] [thread 95238] [17.0] [cxt 0] Pipeline 'egress': start
[09:05:17.779] [bmv2] [D] [thread 95238] [17.0] [cxt 0] Pipeline 'egress': end
[09:05:17.779] [bmv2] [D] [thread 95238] [17.0] [cxt 0] Deparser 'deparser': start
[09:05:17.779] [bmv2] [D] [thread 95238] [17.0] [cxt 0] Deparsing header 'ethernet'
[09:05:17.779] [bmv2] [D] [thread 95238] [17.0] [cxt 0] Deparser 'deparser': end
[09:05:17.779] [bmv2] [D] [thread 95242] [17.0] [cxt 0] Transmitting packet of size 203 out of port 0
[09:05:17.839] [bmv2] [D] [thread 95237] [18.0] [cxt 0] Processing packet received on port 1
[09:05:17.839] [bmv2] [D] [thread 95237] [18.0] [cxt 0] Parser 'parser': start
[09:05:17.839] [bmv2] [D] [thread 95237] [18.0] [cxt 0] Parser 'parser' entering state 'start'
[09:05:17.839] [bmv2] [D] [thread 95237] [18.0] [cxt 0] Extracting header 'ethernet'
[09:05:17.839] [bmv2] [D] [thread 95237] [18.0] [cxt 0] Parser state 'start': key is 86dd
[09:05:17.839] [bmv2] [T] [thread 95237] [18.0] [cxt 0] Bytes parsed: 14
[09:05:17.839] [bmv2] [D] [thread 95237] [18.0] [cxt 0] Parser 'parser': end
[09:05:17.839] [bmv2] [D] [thread 95237] [18.0] [cxt 0] Pipeline 'ingress': start
[09:05:17.839] [bmv2] [T] [thread 95237] [18.0] [cxt 0] switch.p4(147) Condition "hdr.icn.isValid()" (node_2) is false
[09:05:17.839] [bmv2] [T] [thread 95237] [18.0] [cxt 0] switch.p4(164) Condition "hdr.payload.flag == 1" (node_13) is false
[09:05:17.839] [bmv2] [T] [thread 95237] [18.0] [cxt 0] Applying table 'tbl_data_forward_0'
[09:05:17.839] [bmv2] [D] [thread 95237] [18.0] [cxt 0] Looking up key:

[09:05:17.839] [bmv2] [D] [thread 95237] [18.0] [cxt 0] Table 'tbl_data_forward_0': miss
[09:05:17.839] [bmv2] [D] [thread 95237] [18.0] [cxt 0] Action entry is MyIngress.data_forward - 
[09:05:17.839] [bmv2] [T] [thread 95237] [18.0] [cxt 0] Action MyIngress.data_forward
[09:05:17.839] [bmv2] [T] [thread 95237] [18.0] [cxt 0] switch.p4(97) Primitive pit_table.read(egress_port, hdr.payload.content_id)
[09:05:17.839] [bmv2] [T] [thread 95237] [18.0] [cxt 0] Read register 'MyIngress.pit_table' at index 0 read value 0
[09:05:17.839] [bmv2] [T] [thread 95237] [18.0] [cxt 0] switch.p4(98) Primitive standard_metadata.egress_spec = egress_port
[09:05:17.839] [bmv2] [T] [thread 95237] [18.0] [cxt 0] switch.p4(99) Primitive pit_table.write(hdr.payload.content_id, 0)
[09:05:17.839] [bmv2] [T] [thread 95237] [18.0] [cxt 0] Wrote register 'MyIngress.pit_table' at index 0 with value 0
[09:05:17.839] [bmv2] [T] [thread 95237] [18.0] [cxt 0] switch.p4(100) Primitive hdr.ethernet.srcAddr = 0xFFFFFFFFFFFF
[09:05:17.839] [bmv2] [T] [thread 95237] [18.0] [cxt 0] switch.p4(101) Primitive hdr.ethernet.dstAddr = 0xFFFFFFFFFFFF
[09:05:17.839] [bmv2] [T] [thread 95237] [18.0] [cxt 0] switch.p4(102) Primitive hdr.payload.ttl = hdr.payload.ttl - 1
[09:05:17.839] [bmv2] [D] [thread 95237] [18.0] [cxt 0] Pipeline 'ingress': end
[09:05:17.839] [bmv2] [D] [thread 95237] [18.0] [cxt 0] Egress port is 0
[09:05:17.839] [bmv2] [D] [thread 95238] [18.0] [cxt 0] Pipeline 'egress': start
[09:05:17.840] [bmv2] [D] [thread 95238] [18.0] [cxt 0] Pipeline 'egress': end
[09:05:17.840] [bmv2] [D] [thread 95238] [18.0] [cxt 0] Deparser 'deparser': start
[09:05:17.840] [bmv2] [D] [thread 95238] [18.0] [cxt 0] Deparsing header 'ethernet'
[09:05:17.840] [bmv2] [D] [thread 95238] [18.0] [cxt 0] Deparser 'deparser': end
[09:05:17.840] [bmv2] [D] [thread 95242] [18.0] [cxt 0] Transmitting packet of size 203 out of port 0
[09:05:17.994] [bmv2] [D] [thread 95237] [19.0] [cxt 0] Processing packet received on port 2
[09:05:17.994] [bmv2] [D] [thread 95237] [19.0] [cxt 0] Parser 'parser': start
[09:05:17.994] [bmv2] [D] [thread 95237] [19.0] [cxt 0] Parser 'parser' entering state 'start'
[09:05:17.994] [bmv2] [D] [thread 95237] [19.0] [cxt 0] Extracting header 'ethernet'
[09:05:17.994] [bmv2] [D] [thread 95237] [19.0] [cxt 0] Parser state 'start': key is 86dd
[09:05:17.994] [bmv2] [T] [thread 95237] [19.0] [cxt 0] Bytes parsed: 14
[09:05:17.994] [bmv2] [D] [thread 95237] [19.0] [cxt 0] Parser 'parser': end
[09:05:17.994] [bmv2] [D] [thread 95237] [19.0] [cxt 0] Pipeline 'ingress': start
[09:05:17.994] [bmv2] [T] [thread 95237] [19.0] [cxt 0] switch.p4(147) Condition "hdr.icn.isValid()" (node_2) is false
[09:05:17.994] [bmv2] [T] [thread 95237] [19.0] [cxt 0] switch.p4(164) Condition "hdr.payload.flag == 1" (node_13) is false
[09:05:17.994] [bmv2] [T] [thread 95237] [19.0] [cxt 0] Applying table 'tbl_data_forward_0'
[09:05:17.994] [bmv2] [D] [thread 95237] [19.0] [cxt 0] Looking up key:

[09:05:17.994] [bmv2] [D] [thread 95237] [19.0] [cxt 0] Table 'tbl_data_forward_0': miss
[09:05:17.994] [bmv2] [D] [thread 95237] [19.0] [cxt 0] Action entry is MyIngress.data_forward - 
[09:05:17.994] [bmv2] [T] [thread 95237] [19.0] [cxt 0] Action MyIngress.data_forward
[09:05:17.994] [bmv2] [T] [thread 95237] [19.0] [cxt 0] switch.p4(97) Primitive pit_table.read(egress_port, hdr.payload.content_id)
[09:05:17.994] [bmv2] [T] [thread 95237] [19.0] [cxt 0] Read register 'MyIngress.pit_table' at index 0 read value 0
[09:05:17.994] [bmv2] [T] [thread 95237] [19.0] [cxt 0] switch.p4(98) Primitive standard_metadata.egress_spec = egress_port
[09:05:17.994] [bmv2] [T] [thread 95237] [19.0] [cxt 0] switch.p4(99) Primitive pit_table.write(hdr.payload.content_id, 0)
[09:05:17.994] [bmv2] [T] [thread 95237] [19.0] [cxt 0] Wrote register 'MyIngress.pit_table' at index 0 with value 0
[09:05:17.994] [bmv2] [T] [thread 95237] [19.0] [cxt 0] switch.p4(100) Primitive hdr.ethernet.srcAddr = 0xFFFFFFFFFFFF
[09:05:17.994] [bmv2] [T] [thread 95237] [19.0] [cxt 0] switch.p4(101) Primitive hdr.ethernet.dstAddr = 0xFFFFFFFFFFFF
[09:05:17.994] [bmv2] [T] [thread 95237] [19.0] [cxt 0] switch.p4(102) Primitive hdr.payload.ttl = hdr.payload.ttl - 1
[09:05:17.994] [bmv2] [D] [thread 95237] [19.0] [cxt 0] Pipeline 'ingress': end
[09:05:17.994] [bmv2] [D] [thread 95237] [19.0] [cxt 0] Egress port is 0
[09:05:17.994] [bmv2] [D] [thread 95238] [19.0] [cxt 0] Pipeline 'egress': start
[09:05:17.994] [bmv2] [D] [thread 95238] [19.0] [cxt 0] Pipeline 'egress': end
[09:05:17.994] [bmv2] [D] [thread 95238] [19.0] [cxt 0] Deparser 'deparser': start
[09:05:17.994] [bmv2] [D] [thread 95238] [19.0] [cxt 0] Deparsing header 'ethernet'
[09:05:17.994] [bmv2] [D] [thread 95238] [19.0] [cxt 0] Deparser 'deparser': end
[09:05:17.994] [bmv2] [D] [thread 95242] [19.0] [cxt 0] Transmitting packet of size 211 out of port 0
[09:05:17.994] [bmv2] [D] [thread 95237] [20.0] [cxt 0] Processing packet received on port 2
[09:05:17.994] [bmv2] [D] [thread 95237] [20.0] [cxt 0] Parser 'parser': start
[09:05:17.994] [bmv2] [D] [thread 95237] [20.0] [cxt 0] Parser 'parser' entering state 'start'
[09:05:17.994] [bmv2] [D] [thread 95237] [20.0] [cxt 0] Extracting header 'ethernet'
[09:05:17.994] [bmv2] [D] [thread 95237] [20.0] [cxt 0] Parser state 'start': key is 86dd
[09:05:17.994] [bmv2] [T] [thread 95237] [20.0] [cxt 0] Bytes parsed: 14
[09:05:17.994] [bmv2] [D] [thread 95237] [20.0] [cxt 0] Parser 'parser': end
[09:05:17.994] [bmv2] [D] [thread 95237] [20.0] [cxt 0] Pipeline 'ingress': start
[09:05:17.994] [bmv2] [T] [thread 95237] [20.0] [cxt 0] switch.p4(147) Condition "hdr.icn.isValid()" (node_2) is false
[09:05:17.994] [bmv2] [T] [thread 95237] [20.0] [cxt 0] switch.p4(164) Condition "hdr.payload.flag == 1" (node_13) is false
[09:05:17.994] [bmv2] [T] [thread 95237] [20.0] [cxt 0] Applying table 'tbl_data_forward_0'
[09:05:17.994] [bmv2] [D] [thread 95237] [20.0] [cxt 0] Looking up key:

[09:05:17.994] [bmv2] [D] [thread 95237] [20.0] [cxt 0] Table 'tbl_data_forward_0': miss
[09:05:17.994] [bmv2] [D] [thread 95237] [20.0] [cxt 0] Action entry is MyIngress.data_forward - 
[09:05:17.994] [bmv2] [T] [thread 95237] [20.0] [cxt 0] Action MyIngress.data_forward
[09:05:17.994] [bmv2] [T] [thread 95237] [20.0] [cxt 0] switch.p4(97) Primitive pit_table.read(egress_port, hdr.payload.content_id)
[09:05:17.994] [bmv2] [T] [thread 95237] [20.0] [cxt 0] Read register 'MyIngress.pit_table' at index 0 read value 0
[09:05:17.994] [bmv2] [T] [thread 95237] [20.0] [cxt 0] switch.p4(98) Primitive standard_metadata.egress_spec = egress_port
[09:05:17.994] [bmv2] [T] [thread 95237] [20.0] [cxt 0] switch.p4(99) Primitive pit_table.write(hdr.payload.content_id, 0)
[09:05:17.994] [bmv2] [T] [thread 95237] [20.0] [cxt 0] Wrote register 'MyIngress.pit_table' at index 0 with value 0
[09:05:17.994] [bmv2] [T] [thread 95237] [20.0] [cxt 0] switch.p4(100) Primitive hdr.ethernet.srcAddr = 0xFFFFFFFFFFFF
[09:05:17.994] [bmv2] [T] [thread 95237] [20.0] [cxt 0] switch.p4(101) Primitive hdr.ethernet.dstAddr = 0xFFFFFFFFFFFF
[09:05:17.994] [bmv2] [T] [thread 95237] [20.0] [cxt 0] switch.p4(102) Primitive hdr.payload.ttl = hdr.payload.ttl - 1
[09:05:17.994] [bmv2] [D] [thread 95237] [20.0] [cxt 0] Pipeline 'ingress': end
[09:05:17.994] [bmv2] [D] [thread 95237] [20.0] [cxt 0] Egress port is 0
[09:05:17.994] [bmv2] [D] [thread 95238] [20.0] [cxt 0] Pipeline 'egress': start
[09:05:17.994] [bmv2] [D] [thread 95238] [20.0] [cxt 0] Pipeline 'egress': end
[09:05:17.994] [bmv2] [D] [thread 95238] [20.0] [cxt 0] Deparser 'deparser': start
[09:05:17.994] [bmv2] [D] [thread 95238] [20.0] [cxt 0] Deparsing header 'ethernet'
[09:05:17.994] [bmv2] [D] [thread 95238] [20.0] [cxt 0] Deparser 'deparser': end
[09:05:17.994] [bmv2] [D] [thread 95242] [20.0] [cxt 0] Transmitting packet of size 113 out of port 0
[09:05:18.050] [bmv2] [D] [thread 95237] [21.0] [cxt 0] Processing packet received on port 2
[09:05:18.050] [bmv2] [D] [thread 95237] [21.0] [cxt 0] Parser 'parser': start
[09:05:18.050] [bmv2] [D] [thread 95237] [21.0] [cxt 0] Parser 'parser' entering state 'start'
[09:05:18.050] [bmv2] [D] [thread 95237] [21.0] [cxt 0] Extracting header 'ethernet'
[09:05:18.050] [bmv2] [D] [thread 95237] [21.0] [cxt 0] Parser state 'start': key is 86dd
[09:05:18.050] [bmv2] [T] [thread 95237] [21.0] [cxt 0] Bytes parsed: 14
[09:05:18.050] [bmv2] [D] [thread 95237] [21.0] [cxt 0] Parser 'parser': end
[09:05:18.050] [bmv2] [D] [thread 95237] [21.0] [cxt 0] Pipeline 'ingress': start
[09:05:18.050] [bmv2] [T] [thread 95237] [21.0] [cxt 0] switch.p4(147) Condition "hdr.icn.isValid()" (node_2) is false
[09:05:18.050] [bmv2] [T] [thread 95237] [21.0] [cxt 0] switch.p4(164) Condition "hdr.payload.flag == 1" (node_13) is false
[09:05:18.050] [bmv2] [T] [thread 95237] [21.0] [cxt 0] Applying table 'tbl_data_forward_0'
[09:05:18.050] [bmv2] [D] [thread 95237] [21.0] [cxt 0] Looking up key:

[09:05:18.050] [bmv2] [D] [thread 95237] [21.0] [cxt 0] Table 'tbl_data_forward_0': miss
[09:05:18.050] [bmv2] [D] [thread 95237] [21.0] [cxt 0] Action entry is MyIngress.data_forward - 
[09:05:18.050] [bmv2] [T] [thread 95237] [21.0] [cxt 0] Action MyIngress.data_forward
[09:05:18.050] [bmv2] [T] [thread 95237] [21.0] [cxt 0] switch.p4(97) Primitive pit_table.read(egress_port, hdr.payload.content_id)
[09:05:18.050] [bmv2] [T] [thread 95237] [21.0] [cxt 0] Read register 'MyIngress.pit_table' at index 0 read value 0
[09:05:18.050] [bmv2] [T] [thread 95237] [21.0] [cxt 0] switch.p4(98) Primitive standard_metadata.egress_spec = egress_port
[09:05:18.050] [bmv2] [T] [thread 95237] [21.0] [cxt 0] switch.p4(99) Primitive pit_table.write(hdr.payload.content_id, 0)
[09:05:18.050] [bmv2] [T] [thread 95237] [21.0] [cxt 0] Wrote register 'MyIngress.pit_table' at index 0 with value 0
[09:05:18.050] [bmv2] [T] [thread 95237] [21.0] [cxt 0] switch.p4(100) Primitive hdr.ethernet.srcAddr = 0xFFFFFFFFFFFF
[09:05:18.050] [bmv2] [T] [thread 95237] [21.0] [cxt 0] switch.p4(101) Primitive hdr.ethernet.dstAddr = 0xFFFFFFFFFFFF
[09:05:18.050] [bmv2] [T] [thread 95237] [21.0] [cxt 0] switch.p4(102) Primitive hdr.payload.ttl = hdr.payload.ttl - 1
[09:05:18.050] [bmv2] [D] [thread 95237] [21.0] [cxt 0] Pipeline 'ingress': end
[09:05:18.050] [bmv2] [D] [thread 95237] [21.0] [cxt 0] Egress port is 0
[09:05:18.056] [bmv2] [D] [thread 95238] [21.0] [cxt 0] Pipeline 'egress': start
[09:05:18.056] [bmv2] [D] [thread 95238] [21.0] [cxt 0] Pipeline 'egress': end
[09:05:18.056] [bmv2] [D] [thread 95238] [21.0] [cxt 0] Deparser 'deparser': start
[09:05:18.056] [bmv2] [D] [thread 95238] [21.0] [cxt 0] Deparsing header 'ethernet'
[09:05:18.056] [bmv2] [D] [thread 95238] [21.0] [cxt 0] Deparser 'deparser': end
[09:05:18.056] [bmv2] [D] [thread 95242] [21.0] [cxt 0] Transmitting packet of size 90 out of port 0
[09:05:18.287] [bmv2] [D] [thread 95237] [22.0] [cxt 0] Processing packet received on port 2
[09:05:18.287] [bmv2] [D] [thread 95237] [22.0] [cxt 0] Parser 'parser': start
[09:05:18.287] [bmv2] [D] [thread 95237] [22.0] [cxt 0] Parser 'parser' entering state 'start'
[09:05:18.287] [bmv2] [D] [thread 95237] [22.0] [cxt 0] Extracting header 'ethernet'
[09:05:18.287] [bmv2] [D] [thread 95237] [22.0] [cxt 0] Parser state 'start': key is 86dd
[09:05:18.287] [bmv2] [T] [thread 95237] [22.0] [cxt 0] Bytes parsed: 14
[09:05:18.287] [bmv2] [D] [thread 95237] [22.0] [cxt 0] Parser 'parser': end
[09:05:18.287] [bmv2] [D] [thread 95237] [22.0] [cxt 0] Pipeline 'ingress': start
[09:05:18.297] [bmv2] [T] [thread 95237] [22.0] [cxt 0] switch.p4(147) Condition "hdr.icn.isValid()" (node_2) is false
[09:05:18.302] [bmv2] [T] [thread 95237] [22.0] [cxt 0] switch.p4(164) Condition "hdr.payload.flag == 1" (node_13) is false
[09:05:18.302] [bmv2] [T] [thread 95237] [22.0] [cxt 0] Applying table 'tbl_data_forward_0'
[09:05:18.302] [bmv2] [D] [thread 95237] [22.0] [cxt 0] Looking up key:

[09:05:18.307] [bmv2] [D] [thread 95237] [22.0] [cxt 0] Table 'tbl_data_forward_0': miss
[09:05:18.307] [bmv2] [D] [thread 95237] [22.0] [cxt 0] Action entry is MyIngress.data_forward - 
[09:05:18.307] [bmv2] [T] [thread 95237] [22.0] [cxt 0] Action MyIngress.data_forward
[09:05:18.307] [bmv2] [T] [thread 95237] [22.0] [cxt 0] switch.p4(97) Primitive pit_table.read(egress_port, hdr.payload.content_id)
[09:05:18.307] [bmv2] [T] [thread 95237] [22.0] [cxt 0] Read register 'MyIngress.pit_table' at index 0 read value 0
[09:05:18.307] [bmv2] [T] [thread 95237] [22.0] [cxt 0] switch.p4(98) Primitive standard_metadata.egress_spec = egress_port
[09:05:18.307] [bmv2] [T] [thread 95237] [22.0] [cxt 0] switch.p4(99) Primitive pit_table.write(hdr.payload.content_id, 0)
[09:05:18.307] [bmv2] [T] [thread 95237] [22.0] [cxt 0] Wrote register 'MyIngress.pit_table' at index 0 with value 0
[09:05:18.307] [bmv2] [T] [thread 95237] [22.0] [cxt 0] switch.p4(100) Primitive hdr.ethernet.srcAddr = 0xFFFFFFFFFFFF
[09:05:18.307] [bmv2] [T] [thread 95237] [22.0] [cxt 0] switch.p4(101) Primitive hdr.ethernet.dstAddr = 0xFFFFFFFFFFFF
[09:05:18.307] [bmv2] [T] [thread 95237] [22.0] [cxt 0] switch.p4(102) Primitive hdr.payload.ttl = hdr.payload.ttl - 1
[09:05:18.307] [bmv2] [D] [thread 95237] [22.0] [cxt 0] Pipeline 'ingress': end
[09:05:18.307] [bmv2] [D] [thread 95237] [22.0] [cxt 0] Egress port is 0
[09:05:18.307] [bmv2] [D] [thread 95238] [22.0] [cxt 0] Pipeline 'egress': start
[09:05:18.307] [bmv2] [D] [thread 95238] [22.0] [cxt 0] Pipeline 'egress': end
[09:05:18.307] [bmv2] [D] [thread 95238] [22.0] [cxt 0] Deparser 'deparser': start
[09:05:18.307] [bmv2] [D] [thread 95238] [22.0] [cxt 0] Deparsing header 'ethernet'
[09:05:18.307] [bmv2] [D] [thread 95238] [22.0] [cxt 0] Deparser 'deparser': end
[09:05:18.307] [bmv2] [D] [thread 95242] [22.0] [cxt 0] Transmitting packet of size 199 out of port 0
[09:05:18.423] [bmv2] [D] [thread 95237] [23.0] [cxt 0] Processing packet received on port 2
[09:05:18.423] [bmv2] [D] [thread 95237] [23.0] [cxt 0] Parser 'parser': start
[09:05:18.423] [bmv2] [D] [thread 95237] [23.0] [cxt 0] Parser 'parser' entering state 'start'
[09:05:18.423] [bmv2] [D] [thread 95237] [23.0] [cxt 0] Extracting header 'ethernet'
[09:05:18.428] [bmv2] [D] [thread 95237] [23.0] [cxt 0] Parser state 'start': key is 86dd
[09:05:18.428] [bmv2] [T] [thread 95237] [23.0] [cxt 0] Bytes parsed: 14
[09:05:18.428] [bmv2] [D] [thread 95237] [23.0] [cxt 0] Parser 'parser': end
[09:05:18.428] [bmv2] [D] [thread 95237] [23.0] [cxt 0] Pipeline 'ingress': start
[09:05:18.428] [bmv2] [T] [thread 95237] [23.0] [cxt 0] switch.p4(147) Condition "hdr.icn.isValid()" (node_2) is false
[09:05:18.428] [bmv2] [T] [thread 95237] [23.0] [cxt 0] switch.p4(164) Condition "hdr.payload.flag == 1" (node_13) is false
[09:05:18.428] [bmv2] [T] [thread 95237] [23.0] [cxt 0] Applying table 'tbl_data_forward_0'
[09:05:18.428] [bmv2] [D] [thread 95237] [23.0] [cxt 0] Looking up key:

[09:05:18.428] [bmv2] [D] [thread 95237] [23.0] [cxt 0] Table 'tbl_data_forward_0': miss
[09:05:18.428] [bmv2] [D] [thread 95237] [23.0] [cxt 0] Action entry is MyIngress.data_forward - 
[09:05:18.428] [bmv2] [T] [thread 95237] [23.0] [cxt 0] Action MyIngress.data_forward
[09:05:18.428] [bmv2] [T] [thread 95237] [23.0] [cxt 0] switch.p4(97) Primitive pit_table.read(egress_port, hdr.payload.content_id)
[09:05:18.428] [bmv2] [T] [thread 95237] [23.0] [cxt 0] Read register 'MyIngress.pit_table' at index 0 read value 0
[09:05:18.428] [bmv2] [T] [thread 95237] [23.0] [cxt 0] switch.p4(98) Primitive standard_metadata.egress_spec = egress_port
[09:05:18.428] [bmv2] [T] [thread 95237] [23.0] [cxt 0] switch.p4(99) Primitive pit_table.write(hdr.payload.content_id, 0)
[09:05:18.428] [bmv2] [T] [thread 95237] [23.0] [cxt 0] Wrote register 'MyIngress.pit_table' at index 0 with value 0
[09:05:18.428] [bmv2] [T] [thread 95237] [23.0] [cxt 0] switch.p4(100) Primitive hdr.ethernet.srcAddr = 0xFFFFFFFFFFFF
[09:05:18.428] [bmv2] [T] [thread 95237] [23.0] [cxt 0] switch.p4(101) Primitive hdr.ethernet.dstAddr = 0xFFFFFFFFFFFF
[09:05:18.428] [bmv2] [T] [thread 95237] [23.0] [cxt 0] switch.p4(102) Primitive hdr.payload.ttl = hdr.payload.ttl - 1
[09:05:18.428] [bmv2] [D] [thread 95237] [23.0] [cxt 0] Pipeline 'ingress': end
[09:05:18.428] [bmv2] [D] [thread 95237] [23.0] [cxt 0] Egress port is 0
[09:05:18.428] [bmv2] [D] [thread 95238] [23.0] [cxt 0] Pipeline 'egress': start
[09:05:18.438] [bmv2] [D] [thread 95238] [23.0] [cxt 0] Pipeline 'egress': end
[09:05:18.438] [bmv2] [D] [thread 95238] [23.0] [cxt 0] Deparser 'deparser': start
[09:05:18.438] [bmv2] [D] [thread 95238] [23.0] [cxt 0] Deparsing header 'ethernet'
[09:05:18.438] [bmv2] [D] [thread 95238] [23.0] [cxt 0] Deparser 'deparser': end
[09:05:18.443] [bmv2] [D] [thread 95242] [23.0] [cxt 0] Transmitting packet of size 203 out of port 0
[09:05:18.524] [bmv2] [W] [thread 95277] [P4Runtime] p4::tmp::P4DeviceConfig is deprecated
[09:05:18.529] [bmv2] [D] [thread 95237] [24.0] [cxt 0] Processing packet received on port 2
[09:05:18.529] [bmv2] [D] [thread 95237] [24.0] [cxt 0] Parser 'parser': start
[09:05:18.529] [bmv2] [D] [thread 95237] [24.0] [cxt 0] Parser 'parser' entering state 'start'
[09:05:18.529] [bmv2] [D] [thread 95237] [24.0] [cxt 0] Extracting header 'ethernet'
[09:05:18.529] [bmv2] [D] [thread 95237] [24.0] [cxt 0] Parser state 'start': key is 86dd
[09:05:18.529] [bmv2] [T] [thread 95237] [24.0] [cxt 0] Bytes parsed: 14
[09:05:18.529] [bmv2] [D] [thread 95237] [24.0] [cxt 0] Parser 'parser': end
[09:05:18.529] [bmv2] [D] [thread 95237] [24.0] [cxt 0] Pipeline 'ingress': start
[09:05:18.529] [bmv2] [T] [thread 95237] [24.0] [cxt 0] switch.p4(147) Condition "hdr.icn.isValid()" (node_2) is false
[09:05:18.529] [bmv2] [D] [thread 95277] Set default default entry for table 'tbl_switch148': switch148 - 
[09:05:18.529] [bmv2] [D] [thread 95277] Set default default entry for table 'tbl_switch150': switch150 - 
[09:05:18.529] [bmv2] [D] [thread 95277] Set default default entry for table 'tbl_return_content': MyIngress.return_content - 
[09:05:18.529] [bmv2] [D] [thread 95277] Set default default entry for table 'tbl_return_content_0': MyIngress.return_content - 
[09:05:18.529] [bmv2] [D] [thread 95277] Set default default entry for table 'tbl_switch155': switch155 - 
[09:05:18.529] [bmv2] [D] [thread 95277] Set default default entry for table 'tbl_data_forward': MyIngress.data_forward - 
[09:05:18.529] [bmv2] [D] [thread 95277] Set default default entry for table 'tbl_switch159': switch159 - 
[09:05:18.529] [bmv2] [D] [thread 95277] Set default default entry for table 'MyIngress.foward_interest': MyIngress.drop - 
[09:05:18.529] [bmv2] [D] [thread 95277] Set default default entry for table 'tbl_cache_content': MyIngress.cache_content - 
[09:05:18.529] [bmv2] [D] [thread 95277] Set default default entry for table 'tbl_data_forward_0': MyIngress.data_forward - 
[09:05:18.529] [bmv2] [T] [thread 95237] [24.0] [cxt 0] switch.p4(164) Condition "hdr.payload.flag == 1" (node_13) is false
[09:05:18.529] [bmv2] [T] [thread 95237] [24.0] [cxt 0] Applying table 'tbl_data_forward_0'
[09:05:18.529] [bmv2] [D] [thread 95237] [24.0] [cxt 0] Looking up key:

[09:05:18.529] [bmv2] [D] [thread 95237] [24.0] [cxt 0] Table 'tbl_data_forward_0': miss
[09:05:18.529] [bmv2] [D] [thread 95237] [24.0] [cxt 0] Action entry is MyIngress.data_forward - 
[09:05:18.529] [bmv2] [T] [thread 95237] [24.0] [cxt 0] Action MyIngress.data_forward
[09:05:18.529] [bmv2] [T] [thread 95237] [24.0] [cxt 0] switch.p4(97) Primitive pit_table.read(egress_port, hdr.payload.content_id)
[09:05:18.529] [bmv2] [T] [thread 95237] [24.0] [cxt 0] Read register 'MyIngress.pit_table' at index 0 read value 0
[09:05:18.529] [bmv2] [T] [thread 95237] [24.0] [cxt 0] switch.p4(98) Primitive standard_metadata.egress_spec = egress_port
[09:05:18.529] [bmv2] [T] [thread 95237] [24.0] [cxt 0] switch.p4(99) Primitive pit_table.write(hdr.payload.content_id, 0)
[09:05:18.529] [bmv2] [T] [thread 95237] [24.0] [cxt 0] Wrote register 'MyIngress.pit_table' at index 0 with value 0
[09:05:18.529] [bmv2] [T] [thread 95237] [24.0] [cxt 0] switch.p4(100) Primitive hdr.ethernet.srcAddr = 0xFFFFFFFFFFFF
[09:05:18.529] [bmv2] [T] [thread 95237] [24.0] [cxt 0] switch.p4(101) Primitive hdr.ethernet.dstAddr = 0xFFFFFFFFFFFF
[09:05:18.529] [bmv2] [T] [thread 95237] [24.0] [cxt 0] switch.p4(102) Primitive hdr.payload.ttl = hdr.payload.ttl - 1
[09:05:18.529] [bmv2] [D] [thread 95237] [24.0] [cxt 0] Pipeline 'ingress': end
[09:05:18.529] [bmv2] [D] [thread 95237] [24.0] [cxt 0] Egress port is 0
[09:05:18.529] [bmv2] [D] [thread 95238] [24.0] [cxt 0] Pipeline 'egress': start
[09:05:18.529] [bmv2] [D] [thread 95238] [24.0] [cxt 0] Pipeline 'egress': end
[09:05:18.529] [bmv2] [D] [thread 95238] [24.0] [cxt 0] Deparser 'deparser': start
[09:05:18.529] [bmv2] [D] [thread 95238] [24.0] [cxt 0] Deparsing header 'ethernet'
[09:05:18.529] [bmv2] [D] [thread 95238] [24.0] [cxt 0] Deparser 'deparser': end
[09:05:18.529] [bmv2] [D] [thread 95242] [24.0] [cxt 0] Transmitting packet of size 199 out of port 0
[09:05:18.534] [bmv2] [D] [thread 95277] simple_switch target has been notified of a config swap
[09:05:18.534] [bmv2] [D] [thread 95279] Entry 0 added to table 'MyIngress.foward_interest'
[09:05:18.534] [bmv2] [D] [thread 95279] Dumping entry 0
Match key:
* hdr.ethernet.srcAddr: EXACT     080000000200
Action entry: MyIngress.dup_interest - 80000000222,1,

[09:05:18.592] [bmv2] [D] [thread 95237] [25.0] [cxt 0] Processing packet received on port 1
[09:05:18.592] [bmv2] [D] [thread 95237] [25.0] [cxt 0] Parser 'parser': start
[09:05:18.592] [bmv2] [D] [thread 95237] [25.0] [cxt 0] Parser 'parser' entering state 'start'
[09:05:18.592] [bmv2] [D] [thread 95237] [25.0] [cxt 0] Extracting header 'ethernet'
[09:05:18.592] [bmv2] [D] [thread 95237] [25.0] [cxt 0] Parser state 'start': key is 86dd
[09:05:18.592] [bmv2] [T] [thread 95237] [25.0] [cxt 0] Bytes parsed: 14
[09:05:18.592] [bmv2] [D] [thread 95237] [25.0] [cxt 0] Parser 'parser': end
[09:05:18.593] [bmv2] [D] [thread 95237] [25.0] [cxt 0] Pipeline 'ingress': start
[09:05:18.593] [bmv2] [T] [thread 95237] [25.0] [cxt 0] switch.p4(147) Condition "hdr.icn.isValid()" (node_2) is false
[09:05:18.593] [bmv2] [T] [thread 95237] [25.0] [cxt 0] switch.p4(164) Condition "hdr.payload.flag == 1" (node_13) is false
[09:05:18.593] [bmv2] [T] [thread 95237] [25.0] [cxt 0] Applying table 'tbl_data_forward_0'
[09:05:18.593] [bmv2] [D] [thread 95237] [25.0] [cxt 0] Looking up key:

[09:05:18.593] [bmv2] [D] [thread 95237] [25.0] [cxt 0] Table 'tbl_data_forward_0': miss
[09:05:18.593] [bmv2] [D] [thread 95237] [25.0] [cxt 0] Action entry is MyIngress.data_forward - 
[09:05:18.593] [bmv2] [T] [thread 95237] [25.0] [cxt 0] Action MyIngress.data_forward
[09:05:18.593] [bmv2] [T] [thread 95237] [25.0] [cxt 0] switch.p4(97) Primitive pit_table.read(egress_port, hdr.payload.content_id)
[09:05:18.593] [bmv2] [T] [thread 95237] [25.0] [cxt 0] Read register 'MyIngress.pit_table' at index 0 read value 0
[09:05:18.593] [bmv2] [T] [thread 95237] [25.0] [cxt 0] switch.p4(98) Primitive standard_metadata.egress_spec = egress_port
[09:05:18.593] [bmv2] [T] [thread 95237] [25.0] [cxt 0] switch.p4(99) Primitive pit_table.write(hdr.payload.content_id, 0)
[09:05:18.593] [bmv2] [T] [thread 95237] [25.0] [cxt 0] Wrote register 'MyIngress.pit_table' at index 0 with value 0
[09:05:18.593] [bmv2] [T] [thread 95237] [25.0] [cxt 0] switch.p4(100) Primitive hdr.ethernet.srcAddr = 0xFFFFFFFFFFFF
[09:05:18.593] [bmv2] [T] [thread 95237] [25.0] [cxt 0] switch.p4(101) Primitive hdr.ethernet.dstAddr = 0xFFFFFFFFFFFF
[09:05:18.593] [bmv2] [T] [thread 95237] [25.0] [cxt 0] switch.p4(102) Primitive hdr.payload.ttl = hdr.payload.ttl - 1
[09:05:18.593] [bmv2] [D] [thread 95237] [25.0] [cxt 0] Pipeline 'ingress': end
[09:05:18.593] [bmv2] [D] [thread 95237] [25.0] [cxt 0] Egress port is 0
[09:05:18.594] [bmv2] [D] [thread 95238] [25.0] [cxt 0] Pipeline 'egress': start
[09:05:18.594] [bmv2] [D] [thread 95238] [25.0] [cxt 0] Pipeline 'egress': end
[09:05:18.594] [bmv2] [D] [thread 95238] [25.0] [cxt 0] Deparser 'deparser': start
[09:05:18.594] [bmv2] [D] [thread 95238] [25.0] [cxt 0] Deparsing header 'ethernet'
[09:05:18.594] [bmv2] [D] [thread 95238] [25.0] [cxt 0] Deparser 'deparser': end
[09:05:18.594] [bmv2] [D] [thread 95242] [25.0] [cxt 0] Transmitting packet of size 199 out of port 0
[09:05:19.354] [bmv2] [D] [thread 95237] [26.0] [cxt 0] Processing packet received on port 2
[09:05:19.354] [bmv2] [D] [thread 95237] [26.0] [cxt 0] Parser 'parser': start
[09:05:19.354] [bmv2] [D] [thread 95237] [26.0] [cxt 0] Parser 'parser' entering state 'start'
[09:05:19.354] [bmv2] [D] [thread 95237] [26.0] [cxt 0] Extracting header 'ethernet'
[09:05:19.354] [bmv2] [D] [thread 95237] [26.0] [cxt 0] Parser state 'start': key is 86dd
[09:05:19.354] [bmv2] [T] [thread 95237] [26.0] [cxt 0] Bytes parsed: 14
[09:05:19.354] [bmv2] [D] [thread 95237] [26.0] [cxt 0] Parser 'parser': end
[09:05:19.354] [bmv2] [D] [thread 95237] [26.0] [cxt 0] Pipeline 'ingress': start
[09:05:19.354] [bmv2] [T] [thread 95237] [26.0] [cxt 0] switch.p4(147) Condition "hdr.icn.isValid()" (node_2) is false
[09:05:19.354] [bmv2] [T] [thread 95237] [26.0] [cxt 0] switch.p4(164) Condition "hdr.payload.flag == 1" (node_13) is false
[09:05:19.354] [bmv2] [T] [thread 95237] [26.0] [cxt 0] Applying table 'tbl_data_forward_0'
[09:05:19.354] [bmv2] [D] [thread 95237] [26.0] [cxt 0] Looking up key:

[09:05:19.354] [bmv2] [D] [thread 95237] [26.0] [cxt 0] Table 'tbl_data_forward_0': miss
[09:05:19.354] [bmv2] [D] [thread 95237] [26.0] [cxt 0] Action entry is MyIngress.data_forward - 
[09:05:19.360] [bmv2] [T] [thread 95237] [26.0] [cxt 0] Action MyIngress.data_forward
[09:05:19.360] [bmv2] [T] [thread 95237] [26.0] [cxt 0] switch.p4(97) Primitive pit_table.read(egress_port, hdr.payload.content_id)
[09:05:19.360] [bmv2] [T] [thread 95237] [26.0] [cxt 0] Read register 'MyIngress.pit_table' at index 0 read value 0
[09:05:19.360] [bmv2] [T] [thread 95237] [26.0] [cxt 0] switch.p4(98) Primitive standard_metadata.egress_spec = egress_port
[09:05:19.360] [bmv2] [T] [thread 95237] [26.0] [cxt 0] switch.p4(99) Primitive pit_table.write(hdr.payload.content_id, 0)
[09:05:19.360] [bmv2] [T] [thread 95237] [26.0] [cxt 0] Wrote register 'MyIngress.pit_table' at index 0 with value 0
[09:05:19.360] [bmv2] [T] [thread 95237] [26.0] [cxt 0] switch.p4(100) Primitive hdr.ethernet.srcAddr = 0xFFFFFFFFFFFF
[09:05:19.360] [bmv2] [T] [thread 95237] [26.0] [cxt 0] switch.p4(101) Primitive hdr.ethernet.dstAddr = 0xFFFFFFFFFFFF
[09:05:19.360] [bmv2] [T] [thread 95237] [26.0] [cxt 0] switch.p4(102) Primitive hdr.payload.ttl = hdr.payload.ttl - 1
[09:05:19.360] [bmv2] [D] [thread 95237] [26.0] [cxt 0] Pipeline 'ingress': end
[09:05:19.360] [bmv2] [D] [thread 95237] [26.0] [cxt 0] Egress port is 0
[09:05:19.360] [bmv2] [D] [thread 95238] [26.0] [cxt 0] Pipeline 'egress': start
[09:05:19.360] [bmv2] [D] [thread 95238] [26.0] [cxt 0] Pipeline 'egress': end
[09:05:19.360] [bmv2] [D] [thread 95238] [26.0] [cxt 0] Deparser 'deparser': start
[09:05:19.360] [bmv2] [D] [thread 95238] [26.0] [cxt 0] Deparsing header 'ethernet'
[09:05:19.360] [bmv2] [D] [thread 95238] [26.0] [cxt 0] Deparser 'deparser': end
[09:05:19.360] [bmv2] [D] [thread 95242] [26.0] [cxt 0] Transmitting packet of size 199 out of port 0
[09:05:19.821] [bmv2] [D] [thread 95237] [27.0] [cxt 0] Processing packet received on port 2
[09:05:19.823] [bmv2] [D] [thread 95237] [27.0] [cxt 0] Parser 'parser': start
[09:05:19.823] [bmv2] [D] [thread 95237] [27.0] [cxt 0] Parser 'parser' entering state 'start'
[09:05:19.823] [bmv2] [D] [thread 95237] [27.0] [cxt 0] Extracting header 'ethernet'
[09:05:19.823] [bmv2] [D] [thread 95237] [27.0] [cxt 0] Parser state 'start': key is 86dd
[09:05:19.823] [bmv2] [T] [thread 95237] [27.0] [cxt 0] Bytes parsed: 14
[09:05:19.823] [bmv2] [D] [thread 95237] [27.0] [cxt 0] Parser 'parser': end
[09:05:19.823] [bmv2] [D] [thread 95237] [27.0] [cxt 0] Pipeline 'ingress': start
[09:05:19.824] [bmv2] [T] [thread 95237] [27.0] [cxt 0] switch.p4(147) Condition "hdr.icn.isValid()" (node_2) is false
[09:05:19.824] [bmv2] [T] [thread 95237] [27.0] [cxt 0] switch.p4(164) Condition "hdr.payload.flag == 1" (node_13) is false
[09:05:19.824] [bmv2] [T] [thread 95237] [27.0] [cxt 0] Applying table 'tbl_data_forward_0'
[09:05:19.824] [bmv2] [D] [thread 95237] [27.0] [cxt 0] Looking up key:

[09:05:19.824] [bmv2] [D] [thread 95237] [27.0] [cxt 0] Table 'tbl_data_forward_0': miss
[09:05:19.824] [bmv2] [D] [thread 95237] [27.0] [cxt 0] Action entry is MyIngress.data_forward - 
[09:05:19.824] [bmv2] [T] [thread 95237] [27.0] [cxt 0] Action MyIngress.data_forward
[09:05:19.824] [bmv2] [T] [thread 95237] [27.0] [cxt 0] switch.p4(97) Primitive pit_table.read(egress_port, hdr.payload.content_id)
[09:05:19.824] [bmv2] [T] [thread 95237] [27.0] [cxt 0] Read register 'MyIngress.pit_table' at index 0 read value 0
[09:05:19.824] [bmv2] [T] [thread 95237] [27.0] [cxt 0] switch.p4(98) Primitive standard_metadata.egress_spec = egress_port
[09:05:19.824] [bmv2] [T] [thread 95237] [27.0] [cxt 0] switch.p4(99) Primitive pit_table.write(hdr.payload.content_id, 0)
[09:05:19.824] [bmv2] [T] [thread 95237] [27.0] [cxt 0] Wrote register 'MyIngress.pit_table' at index 0 with value 0
[09:05:19.824] [bmv2] [T] [thread 95237] [27.0] [cxt 0] switch.p4(100) Primitive hdr.ethernet.srcAddr = 0xFFFFFFFFFFFF
[09:05:19.824] [bmv2] [T] [thread 95237] [27.0] [cxt 0] switch.p4(101) Primitive hdr.ethernet.dstAddr = 0xFFFFFFFFFFFF
[09:05:19.824] [bmv2] [T] [thread 95237] [27.0] [cxt 0] switch.p4(102) Primitive hdr.payload.ttl = hdr.payload.ttl - 1
[09:05:19.824] [bmv2] [D] [thread 95237] [27.0] [cxt 0] Pipeline 'ingress': end
[09:05:19.824] [bmv2] [D] [thread 95237] [27.0] [cxt 0] Egress port is 0
[09:05:19.825] [bmv2] [D] [thread 95238] [27.0] [cxt 0] Pipeline 'egress': start
[09:05:19.825] [bmv2] [D] [thread 95238] [27.0] [cxt 0] Pipeline 'egress': end
[09:05:19.825] [bmv2] [D] [thread 95238] [27.0] [cxt 0] Deparser 'deparser': start
[09:05:19.825] [bmv2] [D] [thread 95238] [27.0] [cxt 0] Deparsing header 'ethernet'
[09:05:19.825] [bmv2] [D] [thread 95238] [27.0] [cxt 0] Deparser 'deparser': end
[09:05:19.826] [bmv2] [D] [thread 95242] [27.0] [cxt 0] Transmitting packet of size 203 out of port 0
[09:05:19.853] [bmv2] [D] [thread 95237] [28.0] [cxt 0] Processing packet received on port 1
[09:05:19.853] [bmv2] [D] [thread 95237] [28.0] [cxt 0] Parser 'parser': start
[09:05:19.853] [bmv2] [D] [thread 95237] [28.0] [cxt 0] Parser 'parser' entering state 'start'
[09:05:19.853] [bmv2] [D] [thread 95237] [28.0] [cxt 0] Extracting header 'ethernet'
[09:05:19.853] [bmv2] [D] [thread 95237] [28.0] [cxt 0] Parser state 'start': key is 86dd
[09:05:19.853] [bmv2] [T] [thread 95237] [28.0] [cxt 0] Bytes parsed: 14
[09:05:19.853] [bmv2] [D] [thread 95237] [28.0] [cxt 0] Parser 'parser': end
[09:05:19.853] [bmv2] [D] [thread 95237] [28.0] [cxt 0] Pipeline 'ingress': start
[09:05:19.853] [bmv2] [T] [thread 95237] [28.0] [cxt 0] switch.p4(147) Condition "hdr.icn.isValid()" (node_2) is false
[09:05:19.853] [bmv2] [T] [thread 95237] [28.0] [cxt 0] switch.p4(164) Condition "hdr.payload.flag == 1" (node_13) is false
[09:05:19.853] [bmv2] [T] [thread 95237] [28.0] [cxt 0] Applying table 'tbl_data_forward_0'
[09:05:19.853] [bmv2] [D] [thread 95237] [28.0] [cxt 0] Looking up key:

[09:05:19.853] [bmv2] [D] [thread 95237] [28.0] [cxt 0] Table 'tbl_data_forward_0': miss
[09:05:19.853] [bmv2] [D] [thread 95237] [28.0] [cxt 0] Action entry is MyIngress.data_forward - 
[09:05:19.853] [bmv2] [T] [thread 95237] [28.0] [cxt 0] Action MyIngress.data_forward
[09:05:19.853] [bmv2] [T] [thread 95237] [28.0] [cxt 0] switch.p4(97) Primitive pit_table.read(egress_port, hdr.payload.content_id)
[09:05:19.853] [bmv2] [T] [thread 95237] [28.0] [cxt 0] Read register 'MyIngress.pit_table' at index 0 read value 0
[09:05:19.853] [bmv2] [T] [thread 95237] [28.0] [cxt 0] switch.p4(98) Primitive standard_metadata.egress_spec = egress_port
[09:05:19.853] [bmv2] [T] [thread 95237] [28.0] [cxt 0] switch.p4(99) Primitive pit_table.write(hdr.payload.content_id, 0)
[09:05:19.853] [bmv2] [T] [thread 95237] [28.0] [cxt 0] Wrote register 'MyIngress.pit_table' at index 0 with value 0
[09:05:19.853] [bmv2] [T] [thread 95237] [28.0] [cxt 0] switch.p4(100) Primitive hdr.ethernet.srcAddr = 0xFFFFFFFFFFFF
[09:05:19.853] [bmv2] [T] [thread 95237] [28.0] [cxt 0] switch.p4(101) Primitive hdr.ethernet.dstAddr = 0xFFFFFFFFFFFF
[09:05:19.853] [bmv2] [T] [thread 95237] [28.0] [cxt 0] switch.p4(102) Primitive hdr.payload.ttl = hdr.payload.ttl - 1
[09:05:19.853] [bmv2] [D] [thread 95237] [28.0] [cxt 0] Pipeline 'ingress': end
[09:05:19.853] [bmv2] [D] [thread 95237] [28.0] [cxt 0] Egress port is 0
[09:05:19.853] [bmv2] [D] [thread 95238] [28.0] [cxt 0] Pipeline 'egress': start
[09:05:19.853] [bmv2] [D] [thread 95238] [28.0] [cxt 0] Pipeline 'egress': end
[09:05:19.853] [bmv2] [D] [thread 95238] [28.0] [cxt 0] Deparser 'deparser': start
[09:05:19.853] [bmv2] [D] [thread 95238] [28.0] [cxt 0] Deparsing header 'ethernet'
[09:05:19.853] [bmv2] [D] [thread 95238] [28.0] [cxt 0] Deparser 'deparser': end
[09:05:19.853] [bmv2] [D] [thread 95242] [28.0] [cxt 0] Transmitting packet of size 203 out of port 0
[09:05:20.424] [bmv2] [D] [thread 95237] [29.0] [cxt 0] Processing packet received on port 2
[09:05:20.424] [bmv2] [D] [thread 95237] [29.0] [cxt 0] Parser 'parser': start
[09:05:20.424] [bmv2] [D] [thread 95237] [29.0] [cxt 0] Parser 'parser' entering state 'start'
[09:05:20.424] [bmv2] [D] [thread 95237] [29.0] [cxt 0] Extracting header 'ethernet'
[09:05:20.426] [bmv2] [D] [thread 95237] [29.0] [cxt 0] Parser state 'start': key is 86dd
[09:05:20.426] [bmv2] [T] [thread 95237] [29.0] [cxt 0] Bytes parsed: 14
[09:05:20.426] [bmv2] [D] [thread 95237] [29.0] [cxt 0] Parser 'parser': end
[09:05:20.426] [bmv2] [D] [thread 95237] [29.0] [cxt 0] Pipeline 'ingress': start
[09:05:20.426] [bmv2] [T] [thread 95237] [29.0] [cxt 0] switch.p4(147) Condition "hdr.icn.isValid()" (node_2) is false
[09:05:20.426] [bmv2] [T] [thread 95237] [29.0] [cxt 0] switch.p4(164) Condition "hdr.payload.flag == 1" (node_13) is false
[09:05:20.426] [bmv2] [T] [thread 95237] [29.0] [cxt 0] Applying table 'tbl_data_forward_0'
[09:05:20.426] [bmv2] [D] [thread 95237] [29.0] [cxt 0] Looking up key:

[09:05:20.426] [bmv2] [D] [thread 95237] [29.0] [cxt 0] Table 'tbl_data_forward_0': miss
[09:05:20.426] [bmv2] [D] [thread 95237] [29.0] [cxt 0] Action entry is MyIngress.data_forward - 
[09:05:20.426] [bmv2] [T] [thread 95237] [29.0] [cxt 0] Action MyIngress.data_forward
[09:05:20.426] [bmv2] [T] [thread 95237] [29.0] [cxt 0] switch.p4(97) Primitive pit_table.read(egress_port, hdr.payload.content_id)
[09:05:20.430] [bmv2] [T] [thread 95237] [29.0] [cxt 0] Read register 'MyIngress.pit_table' at index 0 read value 0
[09:05:20.431] [bmv2] [T] [thread 95237] [29.0] [cxt 0] switch.p4(98) Primitive standard_metadata.egress_spec = egress_port
[09:05:20.434] [bmv2] [T] [thread 95237] [29.0] [cxt 0] switch.p4(99) Primitive pit_table.write(hdr.payload.content_id, 0)
[09:05:20.435] [bmv2] [T] [thread 95237] [29.0] [cxt 0] Wrote register 'MyIngress.pit_table' at index 0 with value 0
[09:05:20.435] [bmv2] [T] [thread 95237] [29.0] [cxt 0] switch.p4(100) Primitive hdr.ethernet.srcAddr = 0xFFFFFFFFFFFF
[09:05:20.435] [bmv2] [T] [thread 95237] [29.0] [cxt 0] switch.p4(101) Primitive hdr.ethernet.dstAddr = 0xFFFFFFFFFFFF
[09:05:20.435] [bmv2] [T] [thread 95237] [29.0] [cxt 0] switch.p4(102) Primitive hdr.payload.ttl = hdr.payload.ttl - 1
[09:05:20.435] [bmv2] [D] [thread 95237] [29.0] [cxt 0] Pipeline 'ingress': end
[09:05:20.435] [bmv2] [D] [thread 95237] [29.0] [cxt 0] Egress port is 0
[09:05:20.437] [bmv2] [D] [thread 95238] [29.0] [cxt 0] Pipeline 'egress': start
[09:05:20.437] [bmv2] [D] [thread 95238] [29.0] [cxt 0] Pipeline 'egress': end
[09:05:20.437] [bmv2] [D] [thread 95238] [29.0] [cxt 0] Deparser 'deparser': start
[09:05:20.437] [bmv2] [D] [thread 95238] [29.0] [cxt 0] Deparsing header 'ethernet'
[09:05:20.437] [bmv2] [D] [thread 95238] [29.0] [cxt 0] Deparser 'deparser': end
[09:05:20.446] [bmv2] [D] [thread 95242] [29.0] [cxt 0] Transmitting packet of size 203 out of port 0
[09:05:20.582] [bmv2] [D] [thread 95237] [30.0] [cxt 0] Processing packet received on port 2
[09:05:20.582] [bmv2] [D] [thread 95237] [30.0] [cxt 0] Parser 'parser': start
[09:05:20.582] [bmv2] [D] [thread 95237] [30.0] [cxt 0] Parser 'parser' entering state 'start'
[09:05:20.582] [bmv2] [D] [thread 95237] [30.0] [cxt 0] Extracting header 'ethernet'
[09:05:20.582] [bmv2] [D] [thread 95237] [30.0] [cxt 0] Parser state 'start': key is 86dd
[09:05:20.582] [bmv2] [T] [thread 95237] [30.0] [cxt 0] Bytes parsed: 14
[09:05:20.582] [bmv2] [D] [thread 95237] [30.0] [cxt 0] Parser 'parser': end
[09:05:20.582] [bmv2] [D] [thread 95237] [30.0] [cxt 0] Pipeline 'ingress': start
[09:05:20.582] [bmv2] [T] [thread 95237] [30.0] [cxt 0] switch.p4(147) Condition "hdr.icn.isValid()" (node_2) is false
[09:05:20.582] [bmv2] [T] [thread 95237] [30.0] [cxt 0] switch.p4(164) Condition "hdr.payload.flag == 1" (node_13) is false
[09:05:20.582] [bmv2] [T] [thread 95237] [30.0] [cxt 0] Applying table 'tbl_data_forward_0'
[09:05:20.582] [bmv2] [D] [thread 95237] [30.0] [cxt 0] Looking up key:

[09:05:20.582] [bmv2] [D] [thread 95237] [30.0] [cxt 0] Table 'tbl_data_forward_0': miss
[09:05:20.582] [bmv2] [D] [thread 95237] [30.0] [cxt 0] Action entry is MyIngress.data_forward - 
[09:05:20.582] [bmv2] [T] [thread 95237] [30.0] [cxt 0] Action MyIngress.data_forward
[09:05:20.582] [bmv2] [T] [thread 95237] [30.0] [cxt 0] switch.p4(97) Primitive pit_table.read(egress_port, hdr.payload.content_id)
[09:05:20.582] [bmv2] [T] [thread 95237] [30.0] [cxt 0] Read register 'MyIngress.pit_table' at index 0 read value 0
[09:05:20.582] [bmv2] [T] [thread 95237] [30.0] [cxt 0] switch.p4(98) Primitive standard_metadata.egress_spec = egress_port
[09:05:20.582] [bmv2] [T] [thread 95237] [30.0] [cxt 0] switch.p4(99) Primitive pit_table.write(hdr.payload.content_id, 0)
[09:05:20.582] [bmv2] [T] [thread 95237] [30.0] [cxt 0] Wrote register 'MyIngress.pit_table' at index 0 with value 0
[09:05:20.582] [bmv2] [T] [thread 95237] [30.0] [cxt 0] switch.p4(100) Primitive hdr.ethernet.srcAddr = 0xFFFFFFFFFFFF
[09:05:20.582] [bmv2] [T] [thread 95237] [30.0] [cxt 0] switch.p4(101) Primitive hdr.ethernet.dstAddr = 0xFFFFFFFFFFFF
[09:05:20.582] [bmv2] [T] [thread 95237] [30.0] [cxt 0] switch.p4(102) Primitive hdr.payload.ttl = hdr.payload.ttl - 1
[09:05:20.582] [bmv2] [D] [thread 95237] [30.0] [cxt 0] Pipeline 'ingress': end
[09:05:20.582] [bmv2] [D] [thread 95237] [30.0] [cxt 0] Egress port is 0
[09:05:20.582] [bmv2] [D] [thread 95238] [30.0] [cxt 0] Pipeline 'egress': start
[09:05:20.582] [bmv2] [D] [thread 95238] [30.0] [cxt 0] Pipeline 'egress': end
[09:05:20.582] [bmv2] [D] [thread 95238] [30.0] [cxt 0] Deparser 'deparser': start
[09:05:20.582] [bmv2] [D] [thread 95238] [30.0] [cxt 0] Deparsing header 'ethernet'
[09:05:20.582] [bmv2] [D] [thread 95238] [30.0] [cxt 0] Deparser 'deparser': end
[09:05:20.582] [bmv2] [D] [thread 95242] [30.0] [cxt 0] Transmitting packet of size 199 out of port 0
[09:05:20.641] [bmv2] [D] [thread 95237] [31.0] [cxt 0] Processing packet received on port 1
[09:05:20.641] [bmv2] [D] [thread 95237] [31.0] [cxt 0] Parser 'parser': start
[09:05:20.641] [bmv2] [D] [thread 95237] [31.0] [cxt 0] Parser 'parser' entering state 'start'
[09:05:20.641] [bmv2] [D] [thread 95237] [31.0] [cxt 0] Extracting header 'ethernet'
[09:05:20.641] [bmv2] [D] [thread 95237] [31.0] [cxt 0] Parser state 'start': key is 86dd
[09:05:20.641] [bmv2] [T] [thread 95237] [31.0] [cxt 0] Bytes parsed: 14
[09:05:20.641] [bmv2] [D] [thread 95237] [31.0] [cxt 0] Parser 'parser': end
[09:05:20.641] [bmv2] [D] [thread 95237] [31.0] [cxt 0] Pipeline 'ingress': start
[09:05:20.641] [bmv2] [T] [thread 95237] [31.0] [cxt 0] switch.p4(147) Condition "hdr.icn.isValid()" (node_2) is false
[09:05:20.641] [bmv2] [T] [thread 95237] [31.0] [cxt 0] switch.p4(164) Condition "hdr.payload.flag == 1" (node_13) is false
[09:05:20.641] [bmv2] [T] [thread 95237] [31.0] [cxt 0] Applying table 'tbl_data_forward_0'
[09:05:20.641] [bmv2] [D] [thread 95237] [31.0] [cxt 0] Looking up key:

[09:05:20.641] [bmv2] [D] [thread 95237] [31.0] [cxt 0] Table 'tbl_data_forward_0': miss
[09:05:20.641] [bmv2] [D] [thread 95237] [31.0] [cxt 0] Action entry is MyIngress.data_forward - 
[09:05:20.641] [bmv2] [T] [thread 95237] [31.0] [cxt 0] Action MyIngress.data_forward
[09:05:20.641] [bmv2] [T] [thread 95237] [31.0] [cxt 0] switch.p4(97) Primitive pit_table.read(egress_port, hdr.payload.content_id)
[09:05:20.641] [bmv2] [T] [thread 95237] [31.0] [cxt 0] Read register 'MyIngress.pit_table' at index 0 read value 0
[09:05:20.641] [bmv2] [T] [thread 95237] [31.0] [cxt 0] switch.p4(98) Primitive standard_metadata.egress_spec = egress_port
[09:05:20.641] [bmv2] [T] [thread 95237] [31.0] [cxt 0] switch.p4(99) Primitive pit_table.write(hdr.payload.content_id, 0)
[09:05:20.641] [bmv2] [T] [thread 95237] [31.0] [cxt 0] Wrote register 'MyIngress.pit_table' at index 0 with value 0
[09:05:20.641] [bmv2] [T] [thread 95237] [31.0] [cxt 0] switch.p4(100) Primitive hdr.ethernet.srcAddr = 0xFFFFFFFFFFFF
[09:05:20.641] [bmv2] [T] [thread 95237] [31.0] [cxt 0] switch.p4(101) Primitive hdr.ethernet.dstAddr = 0xFFFFFFFFFFFF
[09:05:20.641] [bmv2] [T] [thread 95237] [31.0] [cxt 0] switch.p4(102) Primitive hdr.payload.ttl = hdr.payload.ttl - 1
[09:05:20.641] [bmv2] [D] [thread 95237] [31.0] [cxt 0] Pipeline 'ingress': end
[09:05:20.641] [bmv2] [D] [thread 95237] [31.0] [cxt 0] Egress port is 0
[09:05:20.641] [bmv2] [D] [thread 95238] [31.0] [cxt 0] Pipeline 'egress': start
[09:05:20.641] [bmv2] [D] [thread 95238] [31.0] [cxt 0] Pipeline 'egress': end
[09:05:20.641] [bmv2] [D] [thread 95238] [31.0] [cxt 0] Deparser 'deparser': start
[09:05:20.641] [bmv2] [D] [thread 95238] [31.0] [cxt 0] Deparsing header 'ethernet'
[09:05:20.641] [bmv2] [D] [thread 95238] [31.0] [cxt 0] Deparser 'deparser': end
[09:05:20.641] [bmv2] [D] [thread 95242] [31.0] [cxt 0] Transmitting packet of size 199 out of port 0
[09:05:21.020] [bmv2] [D] [thread 95237] [32.0] [cxt 0] Processing packet received on port 2
[09:05:21.021] [bmv2] [D] [thread 95237] [32.0] [cxt 0] Parser 'parser': start
[09:05:21.021] [bmv2] [D] [thread 95237] [32.0] [cxt 0] Parser 'parser' entering state 'start'
[09:05:21.021] [bmv2] [D] [thread 95237] [32.0] [cxt 0] Extracting header 'ethernet'
[09:05:21.021] [bmv2] [D] [thread 95237] [32.0] [cxt 0] Parser state 'start': key is 86dd
[09:05:21.021] [bmv2] [T] [thread 95237] [32.0] [cxt 0] Bytes parsed: 14
[09:05:21.021] [bmv2] [D] [thread 95237] [32.0] [cxt 0] Parser 'parser': end
[09:05:21.021] [bmv2] [D] [thread 95237] [32.0] [cxt 0] Pipeline 'ingress': start
[09:05:21.021] [bmv2] [T] [thread 95237] [32.0] [cxt 0] switch.p4(147) Condition "hdr.icn.isValid()" (node_2) is false
[09:05:21.021] [bmv2] [T] [thread 95237] [32.0] [cxt 0] switch.p4(164) Condition "hdr.payload.flag == 1" (node_13) is false
[09:05:21.021] [bmv2] [T] [thread 95237] [32.0] [cxt 0] Applying table 'tbl_data_forward_0'
[09:05:21.021] [bmv2] [D] [thread 95237] [32.0] [cxt 0] Looking up key:

[09:05:21.021] [bmv2] [D] [thread 95237] [32.0] [cxt 0] Table 'tbl_data_forward_0': miss
[09:05:21.021] [bmv2] [D] [thread 95237] [32.0] [cxt 0] Action entry is MyIngress.data_forward - 
[09:05:21.021] [bmv2] [T] [thread 95237] [32.0] [cxt 0] Action MyIngress.data_forward
[09:05:21.021] [bmv2] [T] [thread 95237] [32.0] [cxt 0] switch.p4(97) Primitive pit_table.read(egress_port, hdr.payload.content_id)
[09:05:21.021] [bmv2] [T] [thread 95237] [32.0] [cxt 0] Read register 'MyIngress.pit_table' at index 0 read value 0
[09:05:21.021] [bmv2] [T] [thread 95237] [32.0] [cxt 0] switch.p4(98) Primitive standard_metadata.egress_spec = egress_port
[09:05:21.021] [bmv2] [T] [thread 95237] [32.0] [cxt 0] switch.p4(99) Primitive pit_table.write(hdr.payload.content_id, 0)
[09:05:21.021] [bmv2] [T] [thread 95237] [32.0] [cxt 0] Wrote register 'MyIngress.pit_table' at index 0 with value 0
[09:05:21.021] [bmv2] [T] [thread 95237] [32.0] [cxt 0] switch.p4(100) Primitive hdr.ethernet.srcAddr = 0xFFFFFFFFFFFF
[09:05:21.021] [bmv2] [T] [thread 95237] [32.0] [cxt 0] switch.p4(101) Primitive hdr.ethernet.dstAddr = 0xFFFFFFFFFFFF
[09:05:21.021] [bmv2] [T] [thread 95237] [32.0] [cxt 0] switch.p4(102) Primitive hdr.payload.ttl = hdr.payload.ttl - 1
[09:05:21.021] [bmv2] [D] [thread 95237] [32.0] [cxt 0] Pipeline 'ingress': end
[09:05:21.021] [bmv2] [D] [thread 95237] [32.0] [cxt 0] Egress port is 0
[09:05:21.021] [bmv2] [D] [thread 95238] [32.0] [cxt 0] Pipeline 'egress': start
[09:05:21.021] [bmv2] [D] [thread 95238] [32.0] [cxt 0] Pipeline 'egress': end
[09:05:21.021] [bmv2] [D] [thread 95238] [32.0] [cxt 0] Deparser 'deparser': start
[09:05:21.021] [bmv2] [D] [thread 95238] [32.0] [cxt 0] Deparsing header 'ethernet'
[09:05:21.021] [bmv2] [D] [thread 95238] [32.0] [cxt 0] Deparser 'deparser': end
[09:05:21.021] [bmv2] [D] [thread 95242] [32.0] [cxt 0] Transmitting packet of size 70 out of port 0
[09:05:21.148] [bmv2] [D] [thread 95237] [33.0] [cxt 0] Processing packet received on port 1
[09:05:21.148] [bmv2] [D] [thread 95237] [33.0] [cxt 0] Parser 'parser': start
[09:05:21.148] [bmv2] [D] [thread 95237] [33.0] [cxt 0] Parser 'parser' entering state 'start'
[09:05:21.148] [bmv2] [D] [thread 95237] [33.0] [cxt 0] Extracting header 'ethernet'
[09:05:21.148] [bmv2] [D] [thread 95237] [33.0] [cxt 0] Parser state 'start': key is 86dd
[09:05:21.148] [bmv2] [T] [thread 95237] [33.0] [cxt 0] Bytes parsed: 14
[09:05:21.148] [bmv2] [D] [thread 95237] [33.0] [cxt 0] Parser 'parser': end
[09:05:21.148] [bmv2] [D] [thread 95237] [33.0] [cxt 0] Pipeline 'ingress': start
[09:05:21.148] [bmv2] [T] [thread 95237] [33.0] [cxt 0] switch.p4(147) Condition "hdr.icn.isValid()" (node_2) is false
[09:05:21.148] [bmv2] [T] [thread 95237] [33.0] [cxt 0] switch.p4(164) Condition "hdr.payload.flag == 1" (node_13) is false
[09:05:21.148] [bmv2] [T] [thread 95237] [33.0] [cxt 0] Applying table 'tbl_data_forward_0'
[09:05:21.148] [bmv2] [D] [thread 95237] [33.0] [cxt 0] Looking up key:

[09:05:21.148] [bmv2] [D] [thread 95237] [33.0] [cxt 0] Table 'tbl_data_forward_0': miss
[09:05:21.148] [bmv2] [D] [thread 95237] [33.0] [cxt 0] Action entry is MyIngress.data_forward - 
[09:05:21.148] [bmv2] [T] [thread 95237] [33.0] [cxt 0] Action MyIngress.data_forward
[09:05:21.148] [bmv2] [T] [thread 95237] [33.0] [cxt 0] switch.p4(97) Primitive pit_table.read(egress_port, hdr.payload.content_id)
[09:05:21.148] [bmv2] [T] [thread 95237] [33.0] [cxt 0] Read register 'MyIngress.pit_table' at index 0 read value 0
[09:05:21.148] [bmv2] [T] [thread 95237] [33.0] [cxt 0] switch.p4(98) Primitive standard_metadata.egress_spec = egress_port
[09:05:21.148] [bmv2] [T] [thread 95237] [33.0] [cxt 0] switch.p4(99) Primitive pit_table.write(hdr.payload.content_id, 0)
[09:05:21.148] [bmv2] [T] [thread 95237] [33.0] [cxt 0] Wrote register 'MyIngress.pit_table' at index 0 with value 0
[09:05:21.148] [bmv2] [T] [thread 95237] [33.0] [cxt 0] switch.p4(100) Primitive hdr.ethernet.srcAddr = 0xFFFFFFFFFFFF
[09:05:21.148] [bmv2] [T] [thread 95237] [33.0] [cxt 0] switch.p4(101) Primitive hdr.ethernet.dstAddr = 0xFFFFFFFFFFFF
[09:05:21.148] [bmv2] [T] [thread 95237] [33.0] [cxt 0] switch.p4(102) Primitive hdr.payload.ttl = hdr.payload.ttl - 1
[09:05:21.148] [bmv2] [D] [thread 95237] [33.0] [cxt 0] Pipeline 'ingress': end
[09:05:21.148] [bmv2] [D] [thread 95237] [33.0] [cxt 0] Egress port is 0
[09:05:21.148] [bmv2] [D] [thread 95238] [33.0] [cxt 0] Pipeline 'egress': start
[09:05:21.148] [bmv2] [D] [thread 95238] [33.0] [cxt 0] Pipeline 'egress': end
[09:05:21.148] [bmv2] [D] [thread 95238] [33.0] [cxt 0] Deparser 'deparser': start
[09:05:21.148] [bmv2] [D] [thread 95238] [33.0] [cxt 0] Deparsing header 'ethernet'
[09:05:21.148] [bmv2] [D] [thread 95238] [33.0] [cxt 0] Deparser 'deparser': end
[09:05:21.148] [bmv2] [D] [thread 95242] [33.0] [cxt 0] Transmitting packet of size 70 out of port 0
[09:05:21.148] [bmv2] [D] [thread 95237] [34.0] [cxt 0] Processing packet received on port 2
[09:05:21.148] [bmv2] [D] [thread 95237] [34.0] [cxt 0] Parser 'parser': start
[09:05:21.148] [bmv2] [D] [thread 95237] [34.0] [cxt 0] Parser 'parser' entering state 'start'
[09:05:21.148] [bmv2] [D] [thread 95237] [34.0] [cxt 0] Extracting header 'ethernet'
[09:05:21.148] [bmv2] [D] [thread 95237] [34.0] [cxt 0] Parser state 'start': key is 86dd
[09:05:21.148] [bmv2] [T] [thread 95237] [34.0] [cxt 0] Bytes parsed: 14
[09:05:21.148] [bmv2] [D] [thread 95237] [34.0] [cxt 0] Parser 'parser': end
[09:05:21.148] [bmv2] [D] [thread 95237] [34.0] [cxt 0] Pipeline 'ingress': start
[09:05:21.148] [bmv2] [T] [thread 95237] [34.0] [cxt 0] switch.p4(147) Condition "hdr.icn.isValid()" (node_2) is false
[09:05:21.148] [bmv2] [T] [thread 95237] [34.0] [cxt 0] switch.p4(164) Condition "hdr.payload.flag == 1" (node_13) is false
[09:05:21.148] [bmv2] [T] [thread 95237] [34.0] [cxt 0] Applying table 'tbl_data_forward_0'
[09:05:21.148] [bmv2] [D] [thread 95237] [34.0] [cxt 0] Looking up key:

[09:05:21.148] [bmv2] [D] [thread 95237] [34.0] [cxt 0] Table 'tbl_data_forward_0': miss
[09:05:21.148] [bmv2] [D] [thread 95237] [34.0] [cxt 0] Action entry is MyIngress.data_forward - 
[09:05:21.148] [bmv2] [T] [thread 95237] [34.0] [cxt 0] Action MyIngress.data_forward
[09:05:21.148] [bmv2] [T] [thread 95237] [34.0] [cxt 0] switch.p4(97) Primitive pit_table.read(egress_port, hdr.payload.content_id)
[09:05:21.148] [bmv2] [T] [thread 95237] [34.0] [cxt 0] Read register 'MyIngress.pit_table' at index 0 read value 0
[09:05:21.148] [bmv2] [T] [thread 95237] [34.0] [cxt 0] switch.p4(98) Primitive standard_metadata.egress_spec = egress_port
[09:05:21.148] [bmv2] [T] [thread 95237] [34.0] [cxt 0] switch.p4(99) Primitive pit_table.write(hdr.payload.content_id, 0)
[09:05:21.148] [bmv2] [T] [thread 95237] [34.0] [cxt 0] Wrote register 'MyIngress.pit_table' at index 0 with value 0
[09:05:21.148] [bmv2] [T] [thread 95237] [34.0] [cxt 0] switch.p4(100) Primitive hdr.ethernet.srcAddr = 0xFFFFFFFFFFFF
[09:05:21.148] [bmv2] [T] [thread 95237] [34.0] [cxt 0] switch.p4(101) Primitive hdr.ethernet.dstAddr = 0xFFFFFFFFFFFF
[09:05:21.148] [bmv2] [T] [thread 95237] [34.0] [cxt 0] switch.p4(102) Primitive hdr.payload.ttl = hdr.payload.ttl - 1
[09:05:21.148] [bmv2] [D] [thread 95237] [34.0] [cxt 0] Pipeline 'ingress': end
[09:05:21.148] [bmv2] [D] [thread 95237] [34.0] [cxt 0] Egress port is 0
[09:05:21.148] [bmv2] [D] [thread 95238] [34.0] [cxt 0] Pipeline 'egress': start
[09:05:21.148] [bmv2] [D] [thread 95238] [34.0] [cxt 0] Pipeline 'egress': end
[09:05:21.148] [bmv2] [D] [thread 95238] [34.0] [cxt 0] Deparser 'deparser': start
[09:05:21.148] [bmv2] [D] [thread 95238] [34.0] [cxt 0] Deparsing header 'ethernet'
[09:05:21.148] [bmv2] [D] [thread 95238] [34.0] [cxt 0] Deparser 'deparser': end
[09:05:21.148] [bmv2] [D] [thread 95242] [34.0] [cxt 0] Transmitting packet of size 70 out of port 0
[09:05:21.406] [bmv2] [D] [thread 95237] [35.0] [cxt 0] Processing packet received on port 2
[09:05:21.406] [bmv2] [D] [thread 95237] [35.0] [cxt 0] Parser 'parser': start
[09:05:21.411] [bmv2] [D] [thread 95237] [35.0] [cxt 0] Parser 'parser' entering state 'start'
[09:05:21.411] [bmv2] [D] [thread 95237] [35.0] [cxt 0] Extracting header 'ethernet'
[09:05:21.411] [bmv2] [D] [thread 95237] [35.0] [cxt 0] Parser state 'start': key is 86dd
[09:05:21.411] [bmv2] [T] [thread 95237] [35.0] [cxt 0] Bytes parsed: 14
[09:05:21.411] [bmv2] [D] [thread 95237] [35.0] [cxt 0] Parser 'parser': end
[09:05:21.411] [bmv2] [D] [thread 95237] [35.0] [cxt 0] Pipeline 'ingress': start
[09:05:21.411] [bmv2] [T] [thread 95237] [35.0] [cxt 0] switch.p4(147) Condition "hdr.icn.isValid()" (node_2) is false
[09:05:21.411] [bmv2] [T] [thread 95237] [35.0] [cxt 0] switch.p4(164) Condition "hdr.payload.flag == 1" (node_13) is false
[09:05:21.411] [bmv2] [T] [thread 95237] [35.0] [cxt 0] Applying table 'tbl_data_forward_0'
[09:05:21.411] [bmv2] [D] [thread 95237] [35.0] [cxt 0] Looking up key:

[09:05:21.411] [bmv2] [D] [thread 95237] [35.0] [cxt 0] Table 'tbl_data_forward_0': miss
[09:05:21.411] [bmv2] [D] [thread 95237] [35.0] [cxt 0] Action entry is MyIngress.data_forward - 
[09:05:21.411] [bmv2] [T] [thread 95237] [35.0] [cxt 0] Action MyIngress.data_forward
[09:05:21.411] [bmv2] [T] [thread 95237] [35.0] [cxt 0] switch.p4(97) Primitive pit_table.read(egress_port, hdr.payload.content_id)
[09:05:21.411] [bmv2] [T] [thread 95237] [35.0] [cxt 0] Read register 'MyIngress.pit_table' at index 0 read value 0
[09:05:21.411] [bmv2] [T] [thread 95237] [35.0] [cxt 0] switch.p4(98) Primitive standard_metadata.egress_spec = egress_port
[09:05:21.411] [bmv2] [T] [thread 95237] [35.0] [cxt 0] switch.p4(99) Primitive pit_table.write(hdr.payload.content_id, 0)
[09:05:21.411] [bmv2] [T] [thread 95237] [35.0] [cxt 0] Wrote register 'MyIngress.pit_table' at index 0 with value 0
[09:05:21.411] [bmv2] [T] [thread 95237] [35.0] [cxt 0] switch.p4(100) Primitive hdr.ethernet.srcAddr = 0xFFFFFFFFFFFF
[09:05:21.411] [bmv2] [T] [thread 95237] [35.0] [cxt 0] switch.p4(101) Primitive hdr.ethernet.dstAddr = 0xFFFFFFFFFFFF
[09:05:21.411] [bmv2] [T] [thread 95237] [35.0] [cxt 0] switch.p4(102) Primitive hdr.payload.ttl = hdr.payload.ttl - 1
[09:05:21.411] [bmv2] [D] [thread 95237] [35.0] [cxt 0] Pipeline 'ingress': end
[09:05:21.411] [bmv2] [D] [thread 95237] [35.0] [cxt 0] Egress port is 0
[09:05:21.411] [bmv2] [D] [thread 95238] [35.0] [cxt 0] Pipeline 'egress': start
[09:05:21.411] [bmv2] [D] [thread 95238] [35.0] [cxt 0] Pipeline 'egress': end
[09:05:21.411] [bmv2] [D] [thread 95238] [35.0] [cxt 0] Deparser 'deparser': start
[09:05:21.411] [bmv2] [D] [thread 95238] [35.0] [cxt 0] Deparsing header 'ethernet'
[09:05:21.411] [bmv2] [D] [thread 95238] [35.0] [cxt 0] Deparser 'deparser': end
[09:05:21.411] [bmv2] [D] [thread 95242] [35.0] [cxt 0] Transmitting packet of size 199 out of port 0
[09:05:21.803] [bmv2] [D] [thread 95237] [36.0] [cxt 0] Processing packet received on port 2
[09:05:21.803] [bmv2] [D] [thread 95237] [36.0] [cxt 0] Parser 'parser': start
[09:05:21.803] [bmv2] [D] [thread 95237] [36.0] [cxt 0] Parser 'parser' entering state 'start'
[09:05:21.803] [bmv2] [D] [thread 95237] [36.0] [cxt 0] Extracting header 'ethernet'
[09:05:21.803] [bmv2] [D] [thread 95237] [36.0] [cxt 0] Parser state 'start': key is 88b5
[09:05:21.803] [bmv2] [T] [thread 95237] [36.0] [cxt 0] Bytes parsed: 14
[09:05:21.803] [bmv2] [D] [thread 95237] [36.0] [cxt 0] Parser 'parser' entering state 'parse_icn'
[09:05:21.803] [bmv2] [D] [thread 95237] [36.0] [cxt 0] Extracting header 'icn'
[09:05:21.803] [bmv2] [D] [thread 95237] [36.0] [cxt 0] Parser state 'parse_icn' has no switch, going to default next state
[09:05:21.803] [bmv2] [T] [thread 95237] [36.0] [cxt 0] Bytes parsed: 22
[09:05:21.803] [bmv2] [D] [thread 95237] [36.0] [cxt 0] Parser 'parser': end
[09:05:21.803] [bmv2] [D] [thread 95237] [36.0] [cxt 0] Pipeline 'ingress': start
[09:05:21.803] [bmv2] [T] [thread 95237] [36.0] [cxt 0] switch.p4(147) Condition "hdr.icn.isValid()" (node_2) is true
[09:05:21.803] [bmv2] [T] [thread 95237] [36.0] [cxt 0] Applying table 'tbl_switch148'
[09:05:21.803] [bmv2] [D] [thread 95237] [36.0] [cxt 0] Looking up key:

[09:05:21.803] [bmv2] [D] [thread 95237] [36.0] [cxt 0] Table 'tbl_switch148': miss
[09:05:21.803] [bmv2] [D] [thread 95237] [36.0] [cxt 0] Action entry is switch148 - 
[09:05:21.803] [bmv2] [T] [thread 95237] [36.0] [cxt 0] Action switch148
[09:05:21.803] [bmv2] [T] [thread 95237] [36.0] [cxt 0] switch.p4(148) Primitive content_cache.read(cached_data, hdr.icn.content_id)
[09:05:21.803] [bmv2] [T] [thread 95237] [36.0] [cxt 0] Read register 'MyIngress.content_cache' at index 1 read value 0
[09:05:21.803] [bmv2] [T] [thread 95237] [36.0] [cxt 0] switch.p4(149) Condition "cached_data != 0" (node_4) is false
[09:05:21.803] [bmv2] [T] [thread 95237] [36.0] [cxt 0] Applying table 'tbl_switch159'
[09:05:21.803] [bmv2] [D] [thread 95237] [36.0] [cxt 0] Looking up key:

[09:05:21.803] [bmv2] [D] [thread 95237] [36.0] [cxt 0] Table 'tbl_switch159': miss
[09:05:21.803] [bmv2] [D] [thread 95237] [36.0] [cxt 0] Action entry is switch159 - 
[09:05:21.803] [bmv2] [T] [thread 95237] [36.0] [cxt 0] Action switch159
[09:05:21.803] [bmv2] [T] [thread 95237] [36.0] [cxt 0] switch.p4(159) Primitive hdr.icn.flag = 0
[09:05:21.803] [bmv2] [T] [thread 95237] [36.0] [cxt 0] switch.p4(160) Primitive pit_table.write(hdr.icn.content_id, standard_metadata.ingress_port)
[09:05:21.803] [bmv2] [T] [thread 95237] [36.0] [cxt 0] Wrote register 'MyIngress.pit_table' at index 1 with value 2
[09:05:21.803] [bmv2] [T] [thread 95237] [36.0] [cxt 0] Applying table 'MyIngress.foward_interest'
[09:05:21.803] [bmv2] [D] [thread 95237] [36.0] [cxt 0] Looking up key:
* hdr.ethernet.srcAddr: 080000000200

[09:05:21.803] [bmv2] [D] [thread 95237] [36.0] [cxt 0] Table 'MyIngress.foward_interest': hit with handle 0
[09:05:21.803] [bmv2] [D] [thread 95237] [36.0] [cxt 0] Dumping entry 0
Match key:
* hdr.ethernet.srcAddr: EXACT     080000000200
Action entry: MyIngress.dup_interest - 80000000222,1,

[09:05:21.803] [bmv2] [D] [thread 95237] [36.0] [cxt 0] Action entry is MyIngress.dup_interest - 80000000222,1,
[09:05:21.803] [bmv2] [T] [thread 95237] [36.0] [cxt 0] Action MyIngress.dup_interest
[09:05:21.803] [bmv2] [T] [thread 95237] [36.0] [cxt 0] switch.p4(124) Primitive standard_metadata.egress_spec = port
[09:05:21.803] [bmv2] [T] [thread 95237] [36.0] [cxt 0] switch.p4(125) Primitive hdr.ethernet.srcAddr = hdr.ethernet.dstAddr
[09:05:21.803] [bmv2] [T] [thread 95237] [36.0] [cxt 0] switch.p4(126) Primitive hdr.ethernet.dstAddr = dstAddr
[09:05:21.803] [bmv2] [T] [thread 95237] [36.0] [cxt 0] switch.p4(128) Primitive hdr.icn.hop_count = hdr.icn.hop_count - 1
[09:05:21.804] [bmv2] [D] [thread 95237] [36.0] [cxt 0] Pipeline 'ingress': end
[09:05:21.804] [bmv2] [D] [thread 95237] [36.0] [cxt 0] Egress port is 1
[09:05:21.804] [bmv2] [D] [thread 95239] [36.0] [cxt 0] Pipeline 'egress': start
[09:05:21.804] [bmv2] [D] [thread 95239] [36.0] [cxt 0] Pipeline 'egress': end
[09:05:21.804] [bmv2] [D] [thread 95239] [36.0] [cxt 0] Deparser 'deparser': start
[09:05:21.804] [bmv2] [D] [thread 95239] [36.0] [cxt 0] Deparsing header 'ethernet'
[09:05:21.804] [bmv2] [D] [thread 95239] [36.0] [cxt 0] Deparsing header 'icn'
[09:05:21.804] [bmv2] [D] [thread 95239] [36.0] [cxt 0] Deparser 'deparser': end
[09:05:21.804] [bmv2] [D] [thread 95242] [36.0] [cxt 0] Transmitting packet of size 22 out of port 1
[09:05:21.830] [bmv2] [D] [thread 95237] [37.0] [cxt 0] Processing packet received on port 1
[09:05:21.830] [bmv2] [D] [thread 95237] [37.0] [cxt 0] Parser 'parser': start
[09:05:21.830] [bmv2] [D] [thread 95237] [37.0] [cxt 0] Parser 'parser' entering state 'start'
[09:05:21.830] [bmv2] [D] [thread 95237] [37.0] [cxt 0] Extracting header 'ethernet'
[09:05:21.830] [bmv2] [D] [thread 95237] [37.0] [cxt 0] Parser state 'start': key is 88b6
[09:05:21.830] [bmv2] [T] [thread 95237] [37.0] [cxt 0] Bytes parsed: 14
[09:05:21.830] [bmv2] [D] [thread 95237] [37.0] [cxt 0] Parser 'parser' entering state 'parse_payload'
[09:05:21.830] [bmv2] [D] [thread 95237] [37.0] [cxt 0] Extracting header 'payload'
[09:05:21.830] [bmv2] [D] [thread 95237] [37.0] [cxt 0] Parser state 'parse_payload' has no switch, going to default next state
[09:05:21.830] [bmv2] [T] [thread 95237] [37.0] [cxt 0] Bytes parsed: 276
[09:05:21.830] [bmv2] [D] [thread 95237] [37.0] [cxt 0] Parser 'parser': end
[09:05:21.830] [bmv2] [D] [thread 95237] [37.0] [cxt 0] Pipeline 'ingress': start
[09:05:21.830] [bmv2] [T] [thread 95237] [37.0] [cxt 0] switch.p4(147) Condition "hdr.icn.isValid()" (node_2) is false
[09:05:21.830] [bmv2] [T] [thread 95237] [37.0] [cxt 0] switch.p4(164) Condition "hdr.payload.flag == 1" (node_13) is true
[09:05:21.830] [bmv2] [T] [thread 95237] [37.0] [cxt 0] Applying table 'tbl_cache_content'
[09:05:21.830] [bmv2] [D] [thread 95237] [37.0] [cxt 0] Looking up key:

[09:05:21.830] [bmv2] [D] [thread 95237] [37.0] [cxt 0] Table 'tbl_cache_content': miss
[09:05:21.830] [bmv2] [D] [thread 95237] [37.0] [cxt 0] Action entry is MyIngress.cache_content - 
[09:05:21.830] [bmv2] [T] [thread 95237] [37.0] [cxt 0] Action MyIngress.cache_content
[09:05:21.830] [bmv2] [T] [thread 95237] [37.0] [cxt 0] switch.p4(106) Primitive content_cache.write(hdr.payload.content_id, hdr.payload.data)
[09:05:21.830] [bmv2] [T] [thread 95237] [37.0] [cxt 0] Wrote register 'MyIngress.content_cache' at index 1 with value 17334248032272856919049904129148938617700988014304292665051363529817104491524797347555222073430792320059939653561838142512049133114388715375014781493453850835185074611781570404847019710571613655373669594595135033889630776998479070814982991093682257016220976393663747692290960138236990461169158975424217495205235714645535325005531839232559780229597835373266260635303518876566160865710124377185704679970288330545603901891183133829188678302433295812412601508611578502040926066791030664212907508769521753768992941363800118204875972853288437881499254902667790476020116895095900119866747339270646056253520273313150781095936
[09:05:21.830] [bmv2] [T] [thread 95237] [37.0] [cxt 0] switch.p4(107) Primitive hdr.payload.flag = 0
[09:05:21.830] [bmv2] [T] [thread 95237] [37.0] [cxt 0] Applying table 'tbl_data_forward_0'
[09:05:21.830] [bmv2] [D] [thread 95237] [37.0] [cxt 0] Looking up key:

[09:05:21.830] [bmv2] [D] [thread 95237] [37.0] [cxt 0] Table 'tbl_data_forward_0': miss
[09:05:21.830] [bmv2] [D] [thread 95237] [37.0] [cxt 0] Action entry is MyIngress.data_forward - 
[09:05:21.830] [bmv2] [T] [thread 95237] [37.0] [cxt 0] Action MyIngress.data_forward
[09:05:21.830] [bmv2] [T] [thread 95237] [37.0] [cxt 0] switch.p4(97) Primitive pit_table.read(egress_port, hdr.payload.content_id)
[09:05:21.830] [bmv2] [T] [thread 95237] [37.0] [cxt 0] Read register 'MyIngress.pit_table' at index 1 read value 2
[09:05:21.830] [bmv2] [T] [thread 95237] [37.0] [cxt 0] switch.p4(98) Primitive standard_metadata.egress_spec = egress_port
[09:05:21.830] [bmv2] [T] [thread 95237] [37.0] [cxt 0] switch.p4(99) Primitive pit_table.write(hdr.payload.content_id, 0)
[09:05:21.830] [bmv2] [T] [thread 95237] [37.0] [cxt 0] Wrote register 'MyIngress.pit_table' at index 1 with value 0
[09:05:21.830] [bmv2] [T] [thread 95237] [37.0] [cxt 0] switch.p4(100) Primitive hdr.ethernet.srcAddr = 0xFFFFFFFFFFFF
[09:05:21.830] [bmv2] [T] [thread 95237] [37.0] [cxt 0] switch.p4(101) Primitive hdr.ethernet.dstAddr = 0xFFFFFFFFFFFF
[09:05:21.830] [bmv2] [T] [thread 95237] [37.0] [cxt 0] switch.p4(102) Primitive hdr.payload.ttl = hdr.payload.ttl - 1
[09:05:21.830] [bmv2] [D] [thread 95237] [37.0] [cxt 0] Pipeline 'ingress': end
[09:05:21.830] [bmv2] [D] [thread 95237] [37.0] [cxt 0] Egress port is 2
[09:05:21.830] [bmv2] [D] [thread 95240] [37.0] [cxt 0] Pipeline 'egress': start
[09:05:21.830] [bmv2] [D] [thread 95240] [37.0] [cxt 0] Pipeline 'egress': end
[09:05:21.830] [bmv2] [D] [thread 95240] [37.0] [cxt 0] Deparser 'deparser': start
[09:05:21.830] [bmv2] [D] [thread 95240] [37.0] [cxt 0] Deparsing header 'ethernet'
[09:05:21.830] [bmv2] [D] [thread 95240] [37.0] [cxt 0] Deparsing header 'payload'
[09:05:21.830] [bmv2] [D] [thread 95240] [37.0] [cxt 0] Deparser 'deparser': end
[09:05:21.830] [bmv2] [D] [thread 95242] [37.0] [cxt 0] Transmitting packet of size 276 out of port 2
[09:05:22.744] [bmv2] [D] [thread 95237] [38.0] [cxt 0] Processing packet received on port 2
[09:05:22.744] [bmv2] [D] [thread 95237] [38.0] [cxt 0] Parser 'parser': start
[09:05:22.744] [bmv2] [D] [thread 95237] [38.0] [cxt 0] Parser 'parser' entering state 'start'
[09:05:22.744] [bmv2] [D] [thread 95237] [38.0] [cxt 0] Extracting header 'ethernet'
[09:05:22.744] [bmv2] [D] [thread 95237] [38.0] [cxt 0] Parser state 'start': key is 88b5
[09:05:22.744] [bmv2] [T] [thread 95237] [38.0] [cxt 0] Bytes parsed: 14
[09:05:22.744] [bmv2] [D] [thread 95237] [38.0] [cxt 0] Parser 'parser' entering state 'parse_icn'
[09:05:22.744] [bmv2] [D] [thread 95237] [38.0] [cxt 0] Extracting header 'icn'
[09:05:22.744] [bmv2] [D] [thread 95237] [38.0] [cxt 0] Parser state 'parse_icn' has no switch, going to default next state
[09:05:22.744] [bmv2] [T] [thread 95237] [38.0] [cxt 0] Bytes parsed: 22
[09:05:22.744] [bmv2] [D] [thread 95237] [38.0] [cxt 0] Parser 'parser': end
[09:05:22.744] [bmv2] [D] [thread 95237] [38.0] [cxt 0] Pipeline 'ingress': start
[09:05:22.744] [bmv2] [T] [thread 95237] [38.0] [cxt 0] switch.p4(147) Condition "hdr.icn.isValid()" (node_2) is true
[09:05:22.744] [bmv2] [T] [thread 95237] [38.0] [cxt 0] Applying table 'tbl_switch148'
[09:05:22.744] [bmv2] [D] [thread 95237] [38.0] [cxt 0] Looking up key:

[09:05:22.744] [bmv2] [D] [thread 95237] [38.0] [cxt 0] Table 'tbl_switch148': miss
[09:05:22.744] [bmv2] [D] [thread 95237] [38.0] [cxt 0] Action entry is switch148 - 
[09:05:22.744] [bmv2] [T] [thread 95237] [38.0] [cxt 0] Action switch148
[09:05:22.744] [bmv2] [T] [thread 95237] [38.0] [cxt 0] switch.p4(148) Primitive content_cache.read(cached_data, hdr.icn.content_id)
[09:05:22.744] [bmv2] [T] [thread 95237] [38.0] [cxt 0] Read register 'MyIngress.content_cache' at index 1 read value 17334248032272856919049904129148938617700988014304292665051363529817104491524797347555222073430792320059939653561838142512049133114388715375014781493453850835185074611781570404847019710571613655373669594595135033889630776998479070814982991093682257016220976393663747692290960138236990461169158975424217495205235714645535325005531839232559780229597835373266260635303518876566160865710124377185704679970288330545603901891183133829188678302433295812412601508611578502040926066791030664212907508769521753768992941363800118204875972853288437881499254902667790476020116895095900119866747339270646056253520273313150781095936
[09:05:22.744] [bmv2] [T] [thread 95237] [38.0] [cxt 0] switch.p4(149) Condition "cached_data != 0" (node_4) is true
[09:05:22.744] [bmv2] [T] [thread 95237] [38.0] [cxt 0] Applying table 'tbl_switch150'
[09:05:22.744] [bmv2] [D] [thread 95237] [38.0] [cxt 0] Looking up key:

[09:05:22.744] [bmv2] [D] [thread 95237] [38.0] [cxt 0] Table 'tbl_switch150': miss
[09:05:22.744] [bmv2] [D] [thread 95237] [38.0] [cxt 0] Action entry is switch150 - 
[09:05:22.744] [bmv2] [T] [thread 95237] [38.0] [cxt 0] Action switch150
[09:05:22.744] [bmv2] [T] [thread 95237] [38.0] [cxt 0] switch.p4(150) Primitive pit_table.write(hdr.icn.content_id, standard_metadata.ingress_port)
[09:05:22.744] [bmv2] [T] [thread 95237] [38.0] [cxt 0] Wrote register 'MyIngress.pit_table' at index 1 with value 2
[09:05:22.744] [bmv2] [T] [thread 95237] [38.0] [cxt 0] switch.p4(151) Condition "hdr.icn.flag == 1" (node_6) is false
[09:05:22.744] [bmv2] [T] [thread 95237] [38.0] [cxt 0] Applying table 'tbl_return_content_0'
[09:05:22.744] [bmv2] [D] [thread 95237] [38.0] [cxt 0] Looking up key:

[09:05:22.744] [bmv2] [D] [thread 95237] [38.0] [cxt 0] Table 'tbl_return_content_0': miss
[09:05:22.744] [bmv2] [D] [thread 95237] [38.0] [cxt 0] Action entry is MyIngress.return_content - 
[09:05:22.744] [bmv2] [T] [thread 95237] [38.0] [cxt 0] Action MyIngress.return_content
[09:05:22.744] [bmv2] [T] [thread 95237] [38.0] [cxt 0] switch.p4(112) Primitive content_cache.read(cached_data, hdr.icn.content_id)
[09:05:22.744] [bmv2] [T] [thread 95237] [38.0] [cxt 0] Read register 'MyIngress.content_cache' at index 1 read value 17334248032272856919049904129148938617700988014304292665051363529817104491524797347555222073430792320059939653561838142512049133114388715375014781493453850835185074611781570404847019710571613655373669594595135033889630776998479070814982991093682257016220976393663747692290960138236990461169158975424217495205235714645535325005531839232559780229597835373266260635303518876566160865710124377185704679970288330545603901891183133829188678302433295812412601508611578502040926066791030664212907508769521753768992941363800118204875972853288437881499254902667790476020116895095900119866747339270646056253520273313150781095936
[09:05:22.744] [bmv2] [T] [thread 95237] [38.0] [cxt 0] switch.p4(113) Primitive hdr.payload.setValid()
[09:05:22.744] [bmv2] [T] [thread 95237] [38.0] [cxt 0] switch.p4(114) Primitive hdr.payload.data = cached_data
[09:05:22.744] [bmv2] [T] [thread 95237] [38.0] [cxt 0] switch.p4(115) Primitive hdr.payload.content_id = hdr.icn.content_id
[09:05:22.744] [bmv2] [T] [thread 95237] [38.0] [cxt 0] switch.p4(116) Primitive hdr.payload.ttl = 8
[09:05:22.744] [bmv2] [T] [thread 95237] [38.0] [cxt 0] switch.p4(117) Primitive hdr.payload.flag = 1
[09:05:22.744] [bmv2] [T] [thread 95237] [38.0] [cxt 0] switch.p4(118) Primitive hdr.ethernet.etherType = 0x88B6
[09:05:22.744] [bmv2] [T] [thread 95237] [38.0] [cxt 0] switch.p4(119) Primitive hdr.icn.setInvalid()
[09:05:22.744] [bmv2] [T] [thread 95237] [38.0] [cxt 0] Applying table 'tbl_switch155'
[09:05:22.744] [bmv2] [D] [thread 95237] [38.0] [cxt 0] Looking up key:

[09:05:22.744] [bmv2] [D] [thread 95237] [38.0] [cxt 0] Table 'tbl_switch155': miss
[09:05:22.744] [bmv2] [D] [thread 95237] [38.0] [cxt 0] Action entry is switch155 - 
[09:05:22.744] [bmv2] [T] [thread 95237] [38.0] [cxt 0] Action switch155
[09:05:22.744] [bmv2] [T] [thread 95237] [38.0] [cxt 0] switch.p4(155) Primitive content_cache.write(hdr.payload.content_id, 0)
[09:05:22.744] [bmv2] [T] [thread 95237] [38.0] [cxt 0] Wrote register 'MyIngress.content_cache' at index 1 with value 0
[09:05:22.744] [bmv2] [T] [thread 95237] [38.0] [cxt 0] Applying table 'tbl_data_forward'
[09:05:22.744] [bmv2] [D] [thread 95237] [38.0] [cxt 0] Looking up key:

[09:05:22.744] [bmv2] [D] [thread 95237] [38.0] [cxt 0] Table 'tbl_data_forward': miss
[09:05:22.744] [bmv2] [D] [thread 95237] [38.0] [cxt 0] Action entry is MyIngress.data_forward - 
[09:05:22.744] [bmv2] [T] [thread 95237] [38.0] [cxt 0] Action MyIngress.data_forward
[09:05:22.744] [bmv2] [T] [thread 95237] [38.0] [cxt 0] switch.p4(97) Primitive pit_table.read(egress_port, hdr.payload.content_id)
[09:05:22.744] [bmv2] [T] [thread 95237] [38.0] [cxt 0] Read register 'MyIngress.pit_table' at index 1 read value 2
[09:05:22.744] [bmv2] [T] [thread 95237] [38.0] [cxt 0] switch.p4(98) Primitive standard_metadata.egress_spec = egress_port
[09:05:22.744] [bmv2] [T] [thread 95237] [38.0] [cxt 0] switch.p4(99) Primitive pit_table.write(hdr.payload.content_id, 0)
[09:05:22.744] [bmv2] [T] [thread 95237] [38.0] [cxt 0] Wrote register 'MyIngress.pit_table' at index 1 with value 0
[09:05:22.744] [bmv2] [T] [thread 95237] [38.0] [cxt 0] switch.p4(100) Primitive hdr.ethernet.srcAddr = 0xFFFFFFFFFFFF
[09:05:22.744] [bmv2] [T] [thread 95237] [38.0] [cxt 0] switch.p4(101) Primitive hdr.ethernet.dstAddr = 0xFFFFFFFFFFFF
[09:05:22.744] [bmv2] [T] [thread 95237] [38.0] [cxt 0] switch.p4(102) Primitive hdr.payload.ttl = hdr.payload.ttl - 1
[09:05:22.744] [bmv2] [D] [thread 95237] [38.0] [cxt 0] Pipeline 'ingress': end
[09:05:22.744] [bmv2] [D] [thread 95237] [38.0] [cxt 0] Egress port is 2
[09:05:22.744] [bmv2] [D] [thread 95240] [38.0] [cxt 0] Pipeline 'egress': start
[09:05:22.744] [bmv2] [D] [thread 95240] [38.0] [cxt 0] Pipeline 'egress': end
[09:05:22.744] [bmv2] [D] [thread 95240] [38.0] [cxt 0] Deparser 'deparser': start
[09:05:22.744] [bmv2] [D] [thread 95240] [38.0] [cxt 0] Deparsing header 'ethernet'
[09:05:22.744] [bmv2] [D] [thread 95240] [38.0] [cxt 0] Deparsing header 'payload'
[09:05:22.744] [bmv2] [D] [thread 95240] [38.0] [cxt 0] Deparser 'deparser': end
[09:05:22.744] [bmv2] [D] [thread 95242] [38.0] [cxt 0] Transmitting packet of size 276 out of port 2
[09:05:23.780] [bmv2] [D] [thread 95237] [39.0] [cxt 0] Processing packet received on port 2
[09:05:23.780] [bmv2] [D] [thread 95237] [39.0] [cxt 0] Parser 'parser': start
[09:05:23.780] [bmv2] [D] [thread 95237] [39.0] [cxt 0] Parser 'parser' entering state 'start'
[09:05:23.780] [bmv2] [D] [thread 95237] [39.0] [cxt 0] Extracting header 'ethernet'
[09:05:23.780] [bmv2] [D] [thread 95237] [39.0] [cxt 0] Parser state 'start': key is 86dd
[09:05:23.780] [bmv2] [T] [thread 95237] [39.0] [cxt 0] Bytes parsed: 14
[09:05:23.780] [bmv2] [D] [thread 95237] [39.0] [cxt 0] Parser 'parser': end
[09:05:23.780] [bmv2] [D] [thread 95237] [39.0] [cxt 0] Pipeline 'ingress': start
[09:05:23.780] [bmv2] [T] [thread 95237] [39.0] [cxt 0] switch.p4(147) Condition "hdr.icn.isValid()" (node_2) is false
[09:05:23.780] [bmv2] [T] [thread 95237] [39.0] [cxt 0] switch.p4(164) Condition "hdr.payload.flag == 1" (node_13) is true
[09:05:23.780] [bmv2] [T] [thread 95237] [39.0] [cxt 0] Applying table 'tbl_cache_content'
[09:05:23.780] [bmv2] [D] [thread 95237] [39.0] [cxt 0] Looking up key:

[09:05:23.780] [bmv2] [D] [thread 95237] [39.0] [cxt 0] Table 'tbl_cache_content': miss
[09:05:23.780] [bmv2] [D] [thread 95237] [39.0] [cxt 0] Action entry is MyIngress.cache_content - 
[09:05:23.780] [bmv2] [T] [thread 95237] [39.0] [cxt 0] Action MyIngress.cache_content
[09:05:23.780] [bmv2] [T] [thread 95237] [39.0] [cxt 0] switch.p4(106) Primitive content_cache.write(hdr.payload.content_id, hdr.payload.data)
[09:05:23.780] [bmv2] [T] [thread 95237] [39.0] [cxt 0] Wrote register 'MyIngress.content_cache' at index 1 with value 17334248032272856919049904129148938617700988014304292665051363529817104491524797347555222073430792320059939653561838142512049133114388715375014781493453850835185074611781570404847019710571613655373669594595135033889630776998479070814982991093682257016220976393663747692290960138236990461169158975424217495205235714645535325005531839232559780229597835373266260635303518876566160865710124377185704679970288330545603901891183133829188678302433295812412601508611578502040926066791030664212907508769521753768992941363800118204875972853288437881499254902667790476020116895095900119866747339270646056253520273313150781095936
[09:05:23.780] [bmv2] [T] [thread 95237] [39.0] [cxt 0] switch.p4(107) Primitive hdr.payload.flag = 0
[09:05:23.780] [bmv2] [T] [thread 95237] [39.0] [cxt 0] Applying table 'tbl_data_forward_0'
[09:05:23.780] [bmv2] [D] [thread 95237] [39.0] [cxt 0] Looking up key:

[09:05:23.780] [bmv2] [D] [thread 95237] [39.0] [cxt 0] Table 'tbl_data_forward_0': miss
[09:05:23.780] [bmv2] [D] [thread 95237] [39.0] [cxt 0] Action entry is MyIngress.data_forward - 
[09:05:23.780] [bmv2] [T] [thread 95237] [39.0] [cxt 0] Action MyIngress.data_forward
[09:05:23.780] [bmv2] [T] [thread 95237] [39.0] [cxt 0] switch.p4(97) Primitive pit_table.read(egress_port, hdr.payload.content_id)
[09:05:23.780] [bmv2] [T] [thread 95237] [39.0] [cxt 0] Read register 'MyIngress.pit_table' at index 1 read value 0
[09:05:23.780] [bmv2] [T] [thread 95237] [39.0] [cxt 0] switch.p4(98) Primitive standard_metadata.egress_spec = egress_port
[09:05:23.780] [bmv2] [T] [thread 95237] [39.0] [cxt 0] switch.p4(99) Primitive pit_table.write(hdr.payload.content_id, 0)
[09:05:23.780] [bmv2] [T] [thread 95237] [39.0] [cxt 0] Wrote register 'MyIngress.pit_table' at index 1 with value 0
[09:05:23.780] [bmv2] [T] [thread 95237] [39.0] [cxt 0] switch.p4(100) Primitive hdr.ethernet.srcAddr = 0xFFFFFFFFFFFF
[09:05:23.780] [bmv2] [T] [thread 95237] [39.0] [cxt 0] switch.p4(101) Primitive hdr.ethernet.dstAddr = 0xFFFFFFFFFFFF
[09:05:23.780] [bmv2] [T] [thread 95237] [39.0] [cxt 0] switch.p4(102) Primitive hdr.payload.ttl = hdr.payload.ttl - 1
[09:05:23.780] [bmv2] [D] [thread 95237] [39.0] [cxt 0] Pipeline 'ingress': end
[09:05:23.780] [bmv2] [D] [thread 95237] [39.0] [cxt 0] Egress port is 0
[09:05:23.781] [bmv2] [D] [thread 95238] [39.0] [cxt 0] Pipeline 'egress': start
[09:05:23.781] [bmv2] [D] [thread 95238] [39.0] [cxt 0] Pipeline 'egress': end
[09:05:23.781] [bmv2] [D] [thread 95238] [39.0] [cxt 0] Deparser 'deparser': start
[09:05:23.781] [bmv2] [D] [thread 95238] [39.0] [cxt 0] Deparsing header 'ethernet'
[09:05:23.781] [bmv2] [D] [thread 95238] [39.0] [cxt 0] Deparser 'deparser': end
[09:05:23.781] [bmv2] [D] [thread 95242] [39.0] [cxt 0] Transmitting packet of size 203 out of port 0
[09:05:23.847] [bmv2] [D] [thread 95237] [40.0] [cxt 0] Processing packet received on port 1
[09:05:23.847] [bmv2] [D] [thread 95237] [40.0] [cxt 0] Parser 'parser': start
[09:05:23.847] [bmv2] [D] [thread 95237] [40.0] [cxt 0] Parser 'parser' entering state 'start'
[09:05:23.847] [bmv2] [D] [thread 95237] [40.0] [cxt 0] Extracting header 'ethernet'
[09:05:23.847] [bmv2] [D] [thread 95237] [40.0] [cxt 0] Parser state 'start': key is 86dd
[09:05:23.847] [bmv2] [T] [thread 95237] [40.0] [cxt 0] Bytes parsed: 14
[09:05:23.847] [bmv2] [D] [thread 95237] [40.0] [cxt 0] Parser 'parser': end
[09:05:23.847] [bmv2] [D] [thread 95237] [40.0] [cxt 0] Pipeline 'ingress': start
[09:05:23.847] [bmv2] [T] [thread 95237] [40.0] [cxt 0] switch.p4(147) Condition "hdr.icn.isValid()" (node_2) is false
[09:05:23.847] [bmv2] [T] [thread 95237] [40.0] [cxt 0] switch.p4(164) Condition "hdr.payload.flag == 1" (node_13) is false
[09:05:23.847] [bmv2] [T] [thread 95237] [40.0] [cxt 0] Applying table 'tbl_data_forward_0'
[09:05:23.847] [bmv2] [D] [thread 95237] [40.0] [cxt 0] Looking up key:

[09:05:23.847] [bmv2] [D] [thread 95237] [40.0] [cxt 0] Table 'tbl_data_forward_0': miss
[09:05:23.847] [bmv2] [D] [thread 95237] [40.0] [cxt 0] Action entry is MyIngress.data_forward - 
[09:05:23.847] [bmv2] [T] [thread 95237] [40.0] [cxt 0] Action MyIngress.data_forward
[09:05:23.847] [bmv2] [T] [thread 95237] [40.0] [cxt 0] switch.p4(97) Primitive pit_table.read(egress_port, hdr.payload.content_id)
[09:05:23.847] [bmv2] [T] [thread 95237] [40.0] [cxt 0] Read register 'MyIngress.pit_table' at index 1 read value 0
[09:05:23.847] [bmv2] [T] [thread 95237] [40.0] [cxt 0] switch.p4(98) Primitive standard_metadata.egress_spec = egress_port
[09:05:23.847] [bmv2] [T] [thread 95237] [40.0] [cxt 0] switch.p4(99) Primitive pit_table.write(hdr.payload.content_id, 0)
[09:05:23.847] [bmv2] [T] [thread 95237] [40.0] [cxt 0] Wrote register 'MyIngress.pit_table' at index 1 with value 0
[09:05:23.847] [bmv2] [T] [thread 95237] [40.0] [cxt 0] switch.p4(100) Primitive hdr.ethernet.srcAddr = 0xFFFFFFFFFFFF
[09:05:23.847] [bmv2] [T] [thread 95237] [40.0] [cxt 0] switch.p4(101) Primitive hdr.ethernet.dstAddr = 0xFFFFFFFFFFFF
[09:05:23.847] [bmv2] [T] [thread 95237] [40.0] [cxt 0] switch.p4(102) Primitive hdr.payload.ttl = hdr.payload.ttl - 1
[09:05:23.847] [bmv2] [D] [thread 95237] [40.0] [cxt 0] Pipeline 'ingress': end
[09:05:23.847] [bmv2] [D] [thread 95237] [40.0] [cxt 0] Egress port is 0
[09:05:23.847] [bmv2] [D] [thread 95238] [40.0] [cxt 0] Pipeline 'egress': start
[09:05:23.847] [bmv2] [D] [thread 95238] [40.0] [cxt 0] Pipeline 'egress': end
[09:05:23.847] [bmv2] [D] [thread 95238] [40.0] [cxt 0] Deparser 'deparser': start
[09:05:23.848] [bmv2] [D] [thread 95238] [40.0] [cxt 0] Deparsing header 'ethernet'
[09:05:23.848] [bmv2] [D] [thread 95238] [40.0] [cxt 0] Deparser 'deparser': end
[09:05:23.848] [bmv2] [D] [thread 95242] [40.0] [cxt 0] Transmitting packet of size 203 out of port 0
[09:05:24.431] [bmv2] [D] [thread 95237] [41.0] [cxt 0] Processing packet received on port 2
[09:05:24.431] [bmv2] [D] [thread 95237] [41.0] [cxt 0] Parser 'parser': start
[09:05:24.431] [bmv2] [D] [thread 95237] [41.0] [cxt 0] Parser 'parser' entering state 'start'
[09:05:24.431] [bmv2] [D] [thread 95237] [41.0] [cxt 0] Extracting header 'ethernet'
[09:05:24.431] [bmv2] [D] [thread 95237] [41.0] [cxt 0] Parser state 'start': key is 86dd
[09:05:24.431] [bmv2] [T] [thread 95237] [41.0] [cxt 0] Bytes parsed: 14
[09:05:24.431] [bmv2] [D] [thread 95237] [41.0] [cxt 0] Parser 'parser': end
[09:05:24.431] [bmv2] [D] [thread 95237] [41.0] [cxt 0] Pipeline 'ingress': start
[09:05:24.431] [bmv2] [T] [thread 95237] [41.0] [cxt 0] switch.p4(147) Condition "hdr.icn.isValid()" (node_2) is false
[09:05:24.431] [bmv2] [T] [thread 95237] [41.0] [cxt 0] switch.p4(164) Condition "hdr.payload.flag == 1" (node_13) is false
[09:05:24.431] [bmv2] [T] [thread 95237] [41.0] [cxt 0] Applying table 'tbl_data_forward_0'
[09:05:24.431] [bmv2] [D] [thread 95237] [41.0] [cxt 0] Looking up key:

[09:05:24.431] [bmv2] [D] [thread 95237] [41.0] [cxt 0] Table 'tbl_data_forward_0': miss
[09:05:24.431] [bmv2] [D] [thread 95237] [41.0] [cxt 0] Action entry is MyIngress.data_forward - 
[09:05:24.431] [bmv2] [T] [thread 95237] [41.0] [cxt 0] Action MyIngress.data_forward
[09:05:24.431] [bmv2] [T] [thread 95237] [41.0] [cxt 0] switch.p4(97) Primitive pit_table.read(egress_port, hdr.payload.content_id)
[09:05:24.431] [bmv2] [T] [thread 95237] [41.0] [cxt 0] Read register 'MyIngress.pit_table' at index 1 read value 0
[09:05:24.431] [bmv2] [T] [thread 95237] [41.0] [cxt 0] switch.p4(98) Primitive standard_metadata.egress_spec = egress_port
[09:05:24.431] [bmv2] [T] [thread 95237] [41.0] [cxt 0] switch.p4(99) Primitive pit_table.write(hdr.payload.content_id, 0)
[09:05:24.431] [bmv2] [T] [thread 95237] [41.0] [cxt 0] Wrote register 'MyIngress.pit_table' at index 1 with value 0
[09:05:24.431] [bmv2] [T] [thread 95237] [41.0] [cxt 0] switch.p4(100) Primitive hdr.ethernet.srcAddr = 0xFFFFFFFFFFFF
[09:05:24.431] [bmv2] [T] [thread 95237] [41.0] [cxt 0] switch.p4(101) Primitive hdr.ethernet.dstAddr = 0xFFFFFFFFFFFF
[09:05:24.431] [bmv2] [T] [thread 95237] [41.0] [cxt 0] switch.p4(102) Primitive hdr.payload.ttl = hdr.payload.ttl - 1
[09:05:24.431] [bmv2] [D] [thread 95237] [41.0] [cxt 0] Pipeline 'ingress': end
[09:05:24.431] [bmv2] [D] [thread 95237] [41.0] [cxt 0] Egress port is 0
[09:05:24.431] [bmv2] [D] [thread 95238] [41.0] [cxt 0] Pipeline 'egress': start
[09:05:24.431] [bmv2] [D] [thread 95238] [41.0] [cxt 0] Pipeline 'egress': end
[09:05:24.431] [bmv2] [D] [thread 95238] [41.0] [cxt 0] Deparser 'deparser': start
[09:05:24.431] [bmv2] [D] [thread 95238] [41.0] [cxt 0] Deparsing header 'ethernet'
[09:05:24.431] [bmv2] [D] [thread 95238] [41.0] [cxt 0] Deparser 'deparser': end
[09:05:24.436] [bmv2] [D] [thread 95242] [41.0] [cxt 0] Transmitting packet of size 203 out of port 0
[09:05:28.316] [bmv2] [D] [thread 95237] [42.0] [cxt 0] Processing packet received on port 2
[09:05:28.316] [bmv2] [D] [thread 95237] [42.0] [cxt 0] Parser 'parser': start
[09:05:28.316] [bmv2] [D] [thread 95237] [42.0] [cxt 0] Parser 'parser' entering state 'start'
[09:05:28.316] [bmv2] [D] [thread 95237] [42.0] [cxt 0] Extracting header 'ethernet'
[09:05:28.316] [bmv2] [D] [thread 95237] [42.0] [cxt 0] Parser state 'start': key is 86dd
[09:05:28.316] [bmv2] [T] [thread 95237] [42.0] [cxt 0] Bytes parsed: 14
[09:05:28.316] [bmv2] [D] [thread 95237] [42.0] [cxt 0] Parser 'parser': end
[09:05:28.316] [bmv2] [D] [thread 95237] [42.0] [cxt 0] Pipeline 'ingress': start
[09:05:28.316] [bmv2] [T] [thread 95237] [42.0] [cxt 0] switch.p4(147) Condition "hdr.icn.isValid()" (node_2) is false
[09:05:28.316] [bmv2] [T] [thread 95237] [42.0] [cxt 0] switch.p4(164) Condition "hdr.payload.flag == 1" (node_13) is false
[09:05:28.316] [bmv2] [T] [thread 95237] [42.0] [cxt 0] Applying table 'tbl_data_forward_0'
[09:05:28.316] [bmv2] [D] [thread 95237] [42.0] [cxt 0] Looking up key:

[09:05:28.316] [bmv2] [D] [thread 95237] [42.0] [cxt 0] Table 'tbl_data_forward_0': miss
[09:05:28.316] [bmv2] [D] [thread 95237] [42.0] [cxt 0] Action entry is MyIngress.data_forward - 
[09:05:28.316] [bmv2] [T] [thread 95237] [42.0] [cxt 0] Action MyIngress.data_forward
[09:05:28.316] [bmv2] [T] [thread 95237] [42.0] [cxt 0] switch.p4(97) Primitive pit_table.read(egress_port, hdr.payload.content_id)
[09:05:28.316] [bmv2] [T] [thread 95237] [42.0] [cxt 0] Read register 'MyIngress.pit_table' at index 1 read value 0
[09:05:28.316] [bmv2] [T] [thread 95237] [42.0] [cxt 0] switch.p4(98) Primitive standard_metadata.egress_spec = egress_port
[09:05:28.316] [bmv2] [T] [thread 95237] [42.0] [cxt 0] switch.p4(99) Primitive pit_table.write(hdr.payload.content_id, 0)
[09:05:28.316] [bmv2] [T] [thread 95237] [42.0] [cxt 0] Wrote register 'MyIngress.pit_table' at index 1 with value 0
[09:05:28.316] [bmv2] [T] [thread 95237] [42.0] [cxt 0] switch.p4(100) Primitive hdr.ethernet.srcAddr = 0xFFFFFFFFFFFF
[09:05:28.316] [bmv2] [T] [thread 95237] [42.0] [cxt 0] switch.p4(101) Primitive hdr.ethernet.dstAddr = 0xFFFFFFFFFFFF
[09:05:28.316] [bmv2] [T] [thread 95237] [42.0] [cxt 0] switch.p4(102) Primitive hdr.payload.ttl = hdr.payload.ttl - 1
[09:05:28.316] [bmv2] [D] [thread 95237] [42.0] [cxt 0] Pipeline 'ingress': end
[09:05:28.316] [bmv2] [D] [thread 95237] [42.0] [cxt 0] Egress port is 0
[09:05:28.316] [bmv2] [D] [thread 95238] [42.0] [cxt 0] Pipeline 'egress': start
[09:05:28.316] [bmv2] [D] [thread 95238] [42.0] [cxt 0] Pipeline 'egress': end
[09:05:28.316] [bmv2] [D] [thread 95238] [42.0] [cxt 0] Deparser 'deparser': start
[09:05:28.316] [bmv2] [D] [thread 95238] [42.0] [cxt 0] Deparsing header 'ethernet'
[09:05:28.316] [bmv2] [D] [thread 95238] [42.0] [cxt 0] Deparser 'deparser': end
[09:05:28.316] [bmv2] [D] [thread 95242] [42.0] [cxt 0] Transmitting packet of size 70 out of port 0
[09:05:29.344] [bmv2] [D] [thread 95237] [43.0] [cxt 0] Processing packet received on port 1
[09:05:29.344] [bmv2] [D] [thread 95237] [43.0] [cxt 0] Parser 'parser': start
[09:05:29.344] [bmv2] [D] [thread 95237] [43.0] [cxt 0] Parser 'parser' entering state 'start'
[09:05:29.344] [bmv2] [D] [thread 95237] [43.0] [cxt 0] Extracting header 'ethernet'
[09:05:29.344] [bmv2] [D] [thread 95237] [43.0] [cxt 0] Parser state 'start': key is 86dd
[09:05:29.344] [bmv2] [T] [thread 95237] [43.0] [cxt 0] Bytes parsed: 14
[09:05:29.344] [bmv2] [D] [thread 95237] [43.0] [cxt 0] Parser 'parser': end
[09:05:29.344] [bmv2] [D] [thread 95237] [43.0] [cxt 0] Pipeline 'ingress': start
[09:05:29.344] [bmv2] [T] [thread 95237] [43.0] [cxt 0] switch.p4(147) Condition "hdr.icn.isValid()" (node_2) is false
[09:05:29.344] [bmv2] [T] [thread 95237] [43.0] [cxt 0] switch.p4(164) Condition "hdr.payload.flag == 1" (node_13) is false
[09:05:29.344] [bmv2] [T] [thread 95237] [43.0] [cxt 0] Applying table 'tbl_data_forward_0'
[09:05:29.344] [bmv2] [D] [thread 95237] [43.0] [cxt 0] Looking up key:

[09:05:29.344] [bmv2] [D] [thread 95237] [43.0] [cxt 0] Table 'tbl_data_forward_0': miss
[09:05:29.344] [bmv2] [D] [thread 95237] [43.0] [cxt 0] Action entry is MyIngress.data_forward - 
[09:05:29.344] [bmv2] [T] [thread 95237] [43.0] [cxt 0] Action MyIngress.data_forward
[09:05:29.344] [bmv2] [T] [thread 95237] [43.0] [cxt 0] switch.p4(97) Primitive pit_table.read(egress_port, hdr.payload.content_id)
[09:05:29.344] [bmv2] [T] [thread 95237] [43.0] [cxt 0] Read register 'MyIngress.pit_table' at index 1 read value 0
[09:05:29.344] [bmv2] [T] [thread 95237] [43.0] [cxt 0] switch.p4(98) Primitive standard_metadata.egress_spec = egress_port
[09:05:29.344] [bmv2] [T] [thread 95237] [43.0] [cxt 0] switch.p4(99) Primitive pit_table.write(hdr.payload.content_id, 0)
[09:05:29.344] [bmv2] [T] [thread 95237] [43.0] [cxt 0] Wrote register 'MyIngress.pit_table' at index 1 with value 0
[09:05:29.344] [bmv2] [T] [thread 95237] [43.0] [cxt 0] switch.p4(100) Primitive hdr.ethernet.srcAddr = 0xFFFFFFFFFFFF
[09:05:29.344] [bmv2] [T] [thread 95237] [43.0] [cxt 0] switch.p4(101) Primitive hdr.ethernet.dstAddr = 0xFFFFFFFFFFFF
[09:05:29.344] [bmv2] [T] [thread 95237] [43.0] [cxt 0] switch.p4(102) Primitive hdr.payload.ttl = hdr.payload.ttl - 1
[09:05:29.344] [bmv2] [D] [thread 95237] [43.0] [cxt 0] Pipeline 'ingress': end
[09:05:29.344] [bmv2] [D] [thread 95237] [43.0] [cxt 0] Egress port is 0
[09:05:29.347] [bmv2] [D] [thread 95237] [44.0] [cxt 0] Processing packet received on port 2
[09:05:29.347] [bmv2] [D] [thread 95237] [44.0] [cxt 0] Parser 'parser': start
[09:05:29.347] [bmv2] [D] [thread 95237] [44.0] [cxt 0] Parser 'parser' entering state 'start'
[09:05:29.347] [bmv2] [D] [thread 95237] [44.0] [cxt 0] Extracting header 'ethernet'
[09:05:29.347] [bmv2] [D] [thread 95238] [43.0] [cxt 0] Pipeline 'egress': start
[09:05:29.347] [bmv2] [D] [thread 95238] [43.0] [cxt 0] Pipeline 'egress': end
[09:05:29.347] [bmv2] [D] [thread 95238] [43.0] [cxt 0] Deparser 'deparser': start
[09:05:29.347] [bmv2] [D] [thread 95238] [43.0] [cxt 0] Deparsing header 'ethernet'
[09:05:29.347] [bmv2] [D] [thread 95238] [43.0] [cxt 0] Deparser 'deparser': end
[09:05:29.347] [bmv2] [D] [thread 95242] [43.0] [cxt 0] Transmitting packet of size 70 out of port 0
[09:05:29.347] [bmv2] [D] [thread 95237] [44.0] [cxt 0] Parser state 'start': key is 86dd
[09:05:29.347] [bmv2] [T] [thread 95237] [44.0] [cxt 0] Bytes parsed: 14
[09:05:29.347] [bmv2] [D] [thread 95237] [44.0] [cxt 0] Parser 'parser': end
[09:05:29.347] [bmv2] [D] [thread 95237] [44.0] [cxt 0] Pipeline 'ingress': start
[09:05:29.347] [bmv2] [T] [thread 95237] [44.0] [cxt 0] switch.p4(147) Condition "hdr.icn.isValid()" (node_2) is false
[09:05:29.347] [bmv2] [T] [thread 95237] [44.0] [cxt 0] switch.p4(164) Condition "hdr.payload.flag == 1" (node_13) is false
[09:05:29.347] [bmv2] [T] [thread 95237] [44.0] [cxt 0] Applying table 'tbl_data_forward_0'
[09:05:29.347] [bmv2] [D] [thread 95237] [44.0] [cxt 0] Looking up key:

[09:05:29.347] [bmv2] [D] [thread 95237] [44.0] [cxt 0] Table 'tbl_data_forward_0': miss
[09:05:29.347] [bmv2] [D] [thread 95237] [44.0] [cxt 0] Action entry is MyIngress.data_forward - 
[09:05:29.347] [bmv2] [T] [thread 95237] [44.0] [cxt 0] Action MyIngress.data_forward
[09:05:29.347] [bmv2] [T] [thread 95237] [44.0] [cxt 0] switch.p4(97) Primitive pit_table.read(egress_port, hdr.payload.content_id)
[09:05:29.347] [bmv2] [T] [thread 95237] [44.0] [cxt 0] Read register 'MyIngress.pit_table' at index 0 read value 0
[09:05:29.347] [bmv2] [T] [thread 95237] [44.0] [cxt 0] switch.p4(98) Primitive standard_metadata.egress_spec = egress_port
[09:05:29.347] [bmv2] [T] [thread 95237] [44.0] [cxt 0] switch.p4(99) Primitive pit_table.write(hdr.payload.content_id, 0)
[09:05:29.347] [bmv2] [T] [thread 95237] [44.0] [cxt 0] Wrote register 'MyIngress.pit_table' at index 0 with value 0
[09:05:29.347] [bmv2] [T] [thread 95237] [44.0] [cxt 0] switch.p4(100) Primitive hdr.ethernet.srcAddr = 0xFFFFFFFFFFFF
[09:05:29.347] [bmv2] [T] [thread 95237] [44.0] [cxt 0] switch.p4(101) Primitive hdr.ethernet.dstAddr = 0xFFFFFFFFFFFF
[09:05:29.347] [bmv2] [T] [thread 95237] [44.0] [cxt 0] switch.p4(102) Primitive hdr.payload.ttl = hdr.payload.ttl - 1
[09:05:29.347] [bmv2] [D] [thread 95237] [44.0] [cxt 0] Pipeline 'ingress': end
[09:05:29.347] [bmv2] [D] [thread 95237] [44.0] [cxt 0] Egress port is 0
[09:05:29.351] [bmv2] [D] [thread 95238] [44.0] [cxt 0] Pipeline 'egress': start
[09:05:29.351] [bmv2] [D] [thread 95238] [44.0] [cxt 0] Pipeline 'egress': end
[09:05:29.351] [bmv2] [D] [thread 95238] [44.0] [cxt 0] Deparser 'deparser': start
[09:05:29.351] [bmv2] [D] [thread 95238] [44.0] [cxt 0] Deparsing header 'ethernet'
[09:05:29.351] [bmv2] [D] [thread 95238] [44.0] [cxt 0] Deparser 'deparser': end
[09:05:29.351] [bmv2] [D] [thread 95242] [44.0] [cxt 0] Transmitting packet of size 70 out of port 0
[09:05:31.788] [bmv2] [D] [thread 95237] [45.0] [cxt 0] Processing packet received on port 2
[09:05:31.788] [bmv2] [D] [thread 95237] [45.0] [cxt 0] Parser 'parser': start
[09:05:31.788] [bmv2] [D] [thread 95237] [45.0] [cxt 0] Parser 'parser' entering state 'start'
[09:05:31.788] [bmv2] [D] [thread 95237] [45.0] [cxt 0] Extracting header 'ethernet'
[09:05:31.788] [bmv2] [D] [thread 95237] [45.0] [cxt 0] Parser state 'start': key is 86dd
[09:05:31.788] [bmv2] [T] [thread 95237] [45.0] [cxt 0] Bytes parsed: 14
[09:05:31.788] [bmv2] [D] [thread 95237] [45.0] [cxt 0] Parser 'parser': end
[09:05:31.788] [bmv2] [D] [thread 95237] [45.0] [cxt 0] Pipeline 'ingress': start
[09:05:31.788] [bmv2] [T] [thread 95237] [45.0] [cxt 0] switch.p4(147) Condition "hdr.icn.isValid()" (node_2) is false
[09:05:31.788] [bmv2] [T] [thread 95237] [45.0] [cxt 0] switch.p4(164) Condition "hdr.payload.flag == 1" (node_13) is false
[09:05:31.788] [bmv2] [T] [thread 95237] [45.0] [cxt 0] Applying table 'tbl_data_forward_0'
[09:05:31.788] [bmv2] [D] [thread 95237] [45.0] [cxt 0] Looking up key:

[09:05:31.788] [bmv2] [D] [thread 95237] [45.0] [cxt 0] Table 'tbl_data_forward_0': miss
[09:05:31.788] [bmv2] [D] [thread 95237] [45.0] [cxt 0] Action entry is MyIngress.data_forward - 
[09:05:31.788] [bmv2] [T] [thread 95237] [45.0] [cxt 0] Action MyIngress.data_forward
[09:05:31.788] [bmv2] [T] [thread 95237] [45.0] [cxt 0] switch.p4(97) Primitive pit_table.read(egress_port, hdr.payload.content_id)
[09:05:31.788] [bmv2] [T] [thread 95237] [45.0] [cxt 0] Read register 'MyIngress.pit_table' at index 0 read value 0
[09:05:31.788] [bmv2] [T] [thread 95237] [45.0] [cxt 0] switch.p4(98) Primitive standard_metadata.egress_spec = egress_port
[09:05:31.788] [bmv2] [T] [thread 95237] [45.0] [cxt 0] switch.p4(99) Primitive pit_table.write(hdr.payload.content_id, 0)
[09:05:31.788] [bmv2] [T] [thread 95237] [45.0] [cxt 0] Wrote register 'MyIngress.pit_table' at index 0 with value 0
[09:05:31.788] [bmv2] [T] [thread 95237] [45.0] [cxt 0] switch.p4(100) Primitive hdr.ethernet.srcAddr = 0xFFFFFFFFFFFF
[09:05:31.788] [bmv2] [T] [thread 95237] [45.0] [cxt 0] switch.p4(101) Primitive hdr.ethernet.dstAddr = 0xFFFFFFFFFFFF
[09:05:31.788] [bmv2] [T] [thread 95237] [45.0] [cxt 0] switch.p4(102) Primitive hdr.payload.ttl = hdr.payload.ttl - 1
[09:05:31.788] [bmv2] [D] [thread 95237] [45.0] [cxt 0] Pipeline 'ingress': end
[09:05:31.788] [bmv2] [D] [thread 95237] [45.0] [cxt 0] Egress port is 0
[09:05:31.794] [bmv2] [D] [thread 95238] [45.0] [cxt 0] Pipeline 'egress': start
[09:05:31.794] [bmv2] [D] [thread 95238] [45.0] [cxt 0] Pipeline 'egress': end
[09:05:31.794] [bmv2] [D] [thread 95238] [45.0] [cxt 0] Deparser 'deparser': start
[09:05:31.794] [bmv2] [D] [thread 95238] [45.0] [cxt 0] Deparsing header 'ethernet'
[09:05:31.794] [bmv2] [D] [thread 95238] [45.0] [cxt 0] Deparser 'deparser': end
[09:05:31.794] [bmv2] [D] [thread 95242] [45.0] [cxt 0] Transmitting packet of size 203 out of port 0
[09:05:31.855] [bmv2] [D] [thread 95237] [46.0] [cxt 0] Processing packet received on port 1
[09:05:31.855] [bmv2] [D] [thread 95237] [46.0] [cxt 0] Parser 'parser': start
[09:05:31.856] [bmv2] [D] [thread 95237] [46.0] [cxt 0] Parser 'parser' entering state 'start'
[09:05:31.856] [bmv2] [D] [thread 95237] [46.0] [cxt 0] Extracting header 'ethernet'
[09:05:31.856] [bmv2] [D] [thread 95237] [46.0] [cxt 0] Parser state 'start': key is 86dd
[09:05:31.856] [bmv2] [T] [thread 95237] [46.0] [cxt 0] Bytes parsed: 14
[09:05:31.856] [bmv2] [D] [thread 95237] [46.0] [cxt 0] Parser 'parser': end
[09:05:31.856] [bmv2] [D] [thread 95237] [46.0] [cxt 0] Pipeline 'ingress': start
[09:05:31.856] [bmv2] [T] [thread 95237] [46.0] [cxt 0] switch.p4(147) Condition "hdr.icn.isValid()" (node_2) is false
[09:05:31.856] [bmv2] [T] [thread 95237] [46.0] [cxt 0] switch.p4(164) Condition "hdr.payload.flag == 1" (node_13) is false
[09:05:31.857] [bmv2] [T] [thread 95237] [46.0] [cxt 0] Applying table 'tbl_data_forward_0'
[09:05:31.857] [bmv2] [D] [thread 95237] [46.0] [cxt 0] Looking up key:

[09:05:31.858] [bmv2] [D] [thread 95237] [46.0] [cxt 0] Table 'tbl_data_forward_0': miss
[09:05:31.858] [bmv2] [D] [thread 95237] [46.0] [cxt 0] Action entry is MyIngress.data_forward - 
[09:05:31.858] [bmv2] [T] [thread 95237] [46.0] [cxt 0] Action MyIngress.data_forward
[09:05:31.858] [bmv2] [T] [thread 95237] [46.0] [cxt 0] switch.p4(97) Primitive pit_table.read(egress_port, hdr.payload.content_id)
[09:05:31.858] [bmv2] [T] [thread 95237] [46.0] [cxt 0] Read register 'MyIngress.pit_table' at index 0 read value 0
[09:05:31.858] [bmv2] [T] [thread 95237] [46.0] [cxt 0] switch.p4(98) Primitive standard_metadata.egress_spec = egress_port
[09:05:31.858] [bmv2] [T] [thread 95237] [46.0] [cxt 0] switch.p4(99) Primitive pit_table.write(hdr.payload.content_id, 0)
[09:05:31.858] [bmv2] [T] [thread 95237] [46.0] [cxt 0] Wrote register 'MyIngress.pit_table' at index 0 with value 0
[09:05:31.858] [bmv2] [T] [thread 95237] [46.0] [cxt 0] switch.p4(100) Primitive hdr.ethernet.srcAddr = 0xFFFFFFFFFFFF
[09:05:31.858] [bmv2] [T] [thread 95237] [46.0] [cxt 0] switch.p4(101) Primitive hdr.ethernet.dstAddr = 0xFFFFFFFFFFFF
[09:05:31.858] [bmv2] [T] [thread 95237] [46.0] [cxt 0] switch.p4(102) Primitive hdr.payload.ttl = hdr.payload.ttl - 1
[09:05:31.859] [bmv2] [D] [thread 95237] [46.0] [cxt 0] Pipeline 'ingress': end
[09:05:31.859] [bmv2] [D] [thread 95237] [46.0] [cxt 0] Egress port is 0
[09:05:31.860] [bmv2] [D] [thread 95238] [46.0] [cxt 0] Pipeline 'egress': start
[09:05:31.860] [bmv2] [D] [thread 95238] [46.0] [cxt 0] Pipeline 'egress': end
[09:05:31.860] [bmv2] [D] [thread 95238] [46.0] [cxt 0] Deparser 'deparser': start
[09:05:31.860] [bmv2] [D] [thread 95238] [46.0] [cxt 0] Deparsing header 'ethernet'
[09:05:31.860] [bmv2] [D] [thread 95238] [46.0] [cxt 0] Deparser 'deparser': end
[09:05:31.860] [bmv2] [D] [thread 95242] [46.0] [cxt 0] Transmitting packet of size 203 out of port 0
open: No such file or directory
open: No such file or directory
open: No such file or directory
