Calling target program-options parser
[09:01:21.354] [bmv2] [D] [thread 91468] Set default default entry for table 'tbl_switch148': switch148 - 
[09:01:21.354] [bmv2] [D] [thread 91468] Set default default entry for table 'tbl_switch150': switch150 - 
[09:01:21.354] [bmv2] [D] [thread 91468] Set default default entry for table 'tbl_return_content': MyIngress.return_content - 
[09:01:21.354] [bmv2] [D] [thread 91468] Set default default entry for table 'tbl_return_content_0': MyIngress.return_content - 
[09:01:21.354] [bmv2] [D] [thread 91468] Set default default entry for table 'tbl_switch155': switch155 - 
[09:01:21.354] [bmv2] [D] [thread 91468] Set default default entry for table 'tbl_data_forward': MyIngress.data_forward - 
[09:01:21.354] [bmv2] [D] [thread 91468] Set default default entry for table 'tbl_switch159': switch159 - 
[09:01:21.354] [bmv2] [D] [thread 91468] Set default default entry for table 'MyIngress.foward_interest': MyIngress.drop - 
[09:01:21.354] [bmv2] [D] [thread 91468] Set default default entry for table 'tbl_cache_content': MyIngress.cache_content - 
[09:01:21.354] [bmv2] [D] [thread 91468] Set default default entry for table 'tbl_data_forward_0': MyIngress.data_forward - 
Adding interface s2-eth1 as port 1
[09:01:21.354] [bmv2] [D] [thread 91468] Adding interface s2-eth1 as port 1
Adding interface s2-eth2 as port 2
[09:01:21.399] [bmv2] [D] [thread 91468] Adding interface s2-eth2 as port 2
Server listening on 0.0.0.0:50124
[09:01:21.418] [bmv2] [I] [thread 91468] Starting Thrift server on port 9163
[09:01:21.424] [bmv2] [I] [thread 91468] Thrift server was started
[09:01:21.467] [bmv2] [D] [thread 91483] [0.0] [cxt 0] Processing packet received on port 2
[09:01:21.467] [bmv2] [D] [thread 91483] [0.0] [cxt 0] Parser 'parser': start
[09:01:21.467] [bmv2] [D] [thread 91483] [0.0] [cxt 0] Parser 'parser' entering state 'start'
[09:01:21.467] [bmv2] [D] [thread 91483] [0.0] [cxt 0] Extracting header 'ethernet'
[09:01:21.467] [bmv2] [D] [thread 91483] [0.0] [cxt 0] Parser state 'start': key is 86dd
[09:01:21.467] [bmv2] [T] [thread 91483] [0.0] [cxt 0] Bytes parsed: 14
[09:01:21.467] [bmv2] [D] [thread 91483] [0.0] [cxt 0] Parser 'parser': end
[09:01:21.467] [bmv2] [D] [thread 91483] [0.0] [cxt 0] Pipeline 'ingress': start
[09:01:21.467] [bmv2] [T] [thread 91483] [0.0] [cxt 0] switch.p4(147) Condition "hdr.icn.isValid()" (node_2) is false
[09:01:21.467] [bmv2] [T] [thread 91483] [0.0] [cxt 0] switch.p4(164) Condition "hdr.payload.flag == 1" (node_13) is false
[09:01:21.467] [bmv2] [T] [thread 91483] [0.0] [cxt 0] Applying table 'tbl_data_forward_0'
[09:01:21.467] [bmv2] [D] [thread 91483] [0.0] [cxt 0] Looking up key:

[09:01:21.467] [bmv2] [D] [thread 91483] [0.0] [cxt 0] Table 'tbl_data_forward_0': miss
[09:01:21.467] [bmv2] [D] [thread 91483] [0.0] [cxt 0] Action entry is MyIngress.data_forward - 
[09:01:21.467] [bmv2] [T] [thread 91483] [0.0] [cxt 0] Action MyIngress.data_forward
[09:01:21.467] [bmv2] [T] [thread 91483] [0.0] [cxt 0] switch.p4(97) Primitive pit_table.read(egress_port, hdr.payload.content_id)
[09:01:21.467] [bmv2] [T] [thread 91483] [0.0] [cxt 0] Read register 'MyIngress.pit_table' at index 0 read value 0
[09:01:21.467] [bmv2] [T] [thread 91483] [0.0] [cxt 0] switch.p4(98) Primitive standard_metadata.egress_spec = egress_port
[09:01:21.467] [bmv2] [T] [thread 91483] [0.0] [cxt 0] switch.p4(99) Primitive pit_table.write(hdr.payload.content_id, 0)
[09:01:21.467] [bmv2] [T] [thread 91483] [0.0] [cxt 0] Wrote register 'MyIngress.pit_table' at index 0 with value 0
[09:01:21.467] [bmv2] [T] [thread 91483] [0.0] [cxt 0] switch.p4(100) Primitive hdr.ethernet.srcAddr = 0xFFFFFFFFFFFF
[09:01:21.467] [bmv2] [T] [thread 91483] [0.0] [cxt 0] switch.p4(101) Primitive hdr.ethernet.dstAddr = 0xFFFFFFFFFFFF
[09:01:21.467] [bmv2] [T] [thread 91483] [0.0] [cxt 0] switch.p4(102) Primitive hdr.payload.ttl = hdr.payload.ttl - 1
[09:01:21.467] [bmv2] [D] [thread 91483] [0.0] [cxt 0] Pipeline 'ingress': end
[09:01:21.467] [bmv2] [D] [thread 91483] [0.0] [cxt 0] Egress port is 0
[09:01:21.467] [bmv2] [D] [thread 91484] [0.0] [cxt 0] Pipeline 'egress': start
[09:01:21.467] [bmv2] [D] [thread 91484] [0.0] [cxt 0] Pipeline 'egress': end
[09:01:21.467] [bmv2] [D] [thread 91484] [0.0] [cxt 0] Deparser 'deparser': start
[09:01:21.467] [bmv2] [D] [thread 91484] [0.0] [cxt 0] Deparsing header 'ethernet'
[09:01:21.467] [bmv2] [D] [thread 91484] [0.0] [cxt 0] Deparser 'deparser': end
[09:01:21.467] [bmv2] [D] [thread 91488] [0.0] [cxt 0] Transmitting packet of size 90 out of port 0
[09:01:21.467] [bmv2] [D] [thread 91483] [1.0] [cxt 0] Processing packet received on port 1
[09:01:21.467] [bmv2] [D] [thread 91483] [1.0] [cxt 0] Parser 'parser': start
[09:01:21.467] [bmv2] [D] [thread 91483] [1.0] [cxt 0] Parser 'parser' entering state 'start'
[09:01:21.467] [bmv2] [D] [thread 91483] [1.0] [cxt 0] Extracting header 'ethernet'
[09:01:21.467] [bmv2] [D] [thread 91483] [1.0] [cxt 0] Parser state 'start': key is 86dd
[09:01:21.467] [bmv2] [T] [thread 91483] [1.0] [cxt 0] Bytes parsed: 14
[09:01:21.467] [bmv2] [D] [thread 91483] [1.0] [cxt 0] Parser 'parser': end
[09:01:21.467] [bmv2] [D] [thread 91483] [1.0] [cxt 0] Pipeline 'ingress': start
[09:01:21.467] [bmv2] [T] [thread 91483] [1.0] [cxt 0] switch.p4(147) Condition "hdr.icn.isValid()" (node_2) is false
[09:01:21.467] [bmv2] [T] [thread 91483] [1.0] [cxt 0] switch.p4(164) Condition "hdr.payload.flag == 1" (node_13) is false
[09:01:21.467] [bmv2] [T] [thread 91483] [1.0] [cxt 0] Applying table 'tbl_data_forward_0'
[09:01:21.467] [bmv2] [D] [thread 91483] [1.0] [cxt 0] Looking up key:

[09:01:21.467] [bmv2] [D] [thread 91483] [1.0] [cxt 0] Table 'tbl_data_forward_0': miss
[09:01:21.467] [bmv2] [D] [thread 91483] [1.0] [cxt 0] Action entry is MyIngress.data_forward - 
[09:01:21.467] [bmv2] [T] [thread 91483] [1.0] [cxt 0] Action MyIngress.data_forward
[09:01:21.467] [bmv2] [T] [thread 91483] [1.0] [cxt 0] switch.p4(97) Primitive pit_table.read(egress_port, hdr.payload.content_id)
[09:01:21.467] [bmv2] [T] [thread 91483] [1.0] [cxt 0] Read register 'MyIngress.pit_table' at index 0 read value 0
[09:01:21.467] [bmv2] [T] [thread 91483] [1.0] [cxt 0] switch.p4(98) Primitive standard_metadata.egress_spec = egress_port
[09:01:21.467] [bmv2] [T] [thread 91483] [1.0] [cxt 0] switch.p4(99) Primitive pit_table.write(hdr.payload.content_id, 0)
[09:01:21.467] [bmv2] [T] [thread 91483] [1.0] [cxt 0] Wrote register 'MyIngress.pit_table' at index 0 with value 0
[09:01:21.467] [bmv2] [T] [thread 91483] [1.0] [cxt 0] switch.p4(100) Primitive hdr.ethernet.srcAddr = 0xFFFFFFFFFFFF
[09:01:21.467] [bmv2] [T] [thread 91483] [1.0] [cxt 0] switch.p4(101) Primitive hdr.ethernet.dstAddr = 0xFFFFFFFFFFFF
[09:01:21.467] [bmv2] [T] [thread 91483] [1.0] [cxt 0] switch.p4(102) Primitive hdr.payload.ttl = hdr.payload.ttl - 1
[09:01:21.467] [bmv2] [D] [thread 91483] [1.0] [cxt 0] Pipeline 'ingress': end
[09:01:21.467] [bmv2] [D] [thread 91483] [1.0] [cxt 0] Egress port is 0
[09:01:21.472] [bmv2] [D] [thread 91484] [1.0] [cxt 0] Pipeline 'egress': start
[09:01:21.472] [bmv2] [D] [thread 91484] [1.0] [cxt 0] Pipeline 'egress': end
[09:01:21.472] [bmv2] [D] [thread 91484] [1.0] [cxt 0] Deparser 'deparser': start
[09:01:21.472] [bmv2] [D] [thread 91484] [1.0] [cxt 0] Deparsing header 'ethernet'
[09:01:21.472] [bmv2] [D] [thread 91484] [1.0] [cxt 0] Deparser 'deparser': end
[09:01:21.472] [bmv2] [D] [thread 91488] [1.0] [cxt 0] Transmitting packet of size 86 out of port 0
[09:01:21.593] [bmv2] [D] [thread 91483] [2.0] [cxt 0] Processing packet received on port 2
[09:01:21.593] [bmv2] [D] [thread 91483] [2.0] [cxt 0] Parser 'parser': start
[09:01:21.593] [bmv2] [D] [thread 91483] [2.0] [cxt 0] Parser 'parser' entering state 'start'
[09:01:21.593] [bmv2] [D] [thread 91483] [2.0] [cxt 0] Extracting header 'ethernet'
[09:01:21.593] [bmv2] [D] [thread 91483] [2.0] [cxt 0] Parser state 'start': key is 86dd
[09:01:21.593] [bmv2] [T] [thread 91483] [2.0] [cxt 0] Bytes parsed: 14
[09:01:21.593] [bmv2] [D] [thread 91483] [2.0] [cxt 0] Parser 'parser': end
[09:01:21.593] [bmv2] [D] [thread 91483] [2.0] [cxt 0] Pipeline 'ingress': start
[09:01:21.593] [bmv2] [T] [thread 91483] [2.0] [cxt 0] switch.p4(147) Condition "hdr.icn.isValid()" (node_2) is false
[09:01:21.593] [bmv2] [T] [thread 91483] [2.0] [cxt 0] switch.p4(164) Condition "hdr.payload.flag == 1" (node_13) is false
[09:01:21.593] [bmv2] [T] [thread 91483] [2.0] [cxt 0] Applying table 'tbl_data_forward_0'
[09:01:21.593] [bmv2] [D] [thread 91483] [2.0] [cxt 0] Looking up key:

[09:01:21.593] [bmv2] [D] [thread 91483] [2.0] [cxt 0] Table 'tbl_data_forward_0': miss
[09:01:21.593] [bmv2] [D] [thread 91483] [2.0] [cxt 0] Action entry is MyIngress.data_forward - 
[09:01:21.593] [bmv2] [T] [thread 91483] [2.0] [cxt 0] Action MyIngress.data_forward
[09:01:21.593] [bmv2] [T] [thread 91483] [2.0] [cxt 0] switch.p4(97) Primitive pit_table.read(egress_port, hdr.payload.content_id)
[09:01:21.593] [bmv2] [T] [thread 91483] [2.0] [cxt 0] Read register 'MyIngress.pit_table' at index 0 read value 0
[09:01:21.593] [bmv2] [T] [thread 91483] [2.0] [cxt 0] switch.p4(98) Primitive standard_metadata.egress_spec = egress_port
[09:01:21.594] [bmv2] [T] [thread 91483] [2.0] [cxt 0] switch.p4(99) Primitive pit_table.write(hdr.payload.content_id, 0)
[09:01:21.594] [bmv2] [T] [thread 91483] [2.0] [cxt 0] Wrote register 'MyIngress.pit_table' at index 0 with value 0
[09:01:21.594] [bmv2] [T] [thread 91483] [2.0] [cxt 0] switch.p4(100) Primitive hdr.ethernet.srcAddr = 0xFFFFFFFFFFFF
[09:01:21.594] [bmv2] [T] [thread 91483] [2.0] [cxt 0] switch.p4(101) Primitive hdr.ethernet.dstAddr = 0xFFFFFFFFFFFF
[09:01:21.594] [bmv2] [T] [thread 91483] [2.0] [cxt 0] switch.p4(102) Primitive hdr.payload.ttl = hdr.payload.ttl - 1
[09:01:21.594] [bmv2] [D] [thread 91483] [2.0] [cxt 0] Pipeline 'ingress': end
[09:01:21.594] [bmv2] [D] [thread 91483] [2.0] [cxt 0] Egress port is 0
[09:01:21.594] [bmv2] [D] [thread 91484] [2.0] [cxt 0] Pipeline 'egress': start
[09:01:21.594] [bmv2] [D] [thread 91484] [2.0] [cxt 0] Pipeline 'egress': end
[09:01:21.594] [bmv2] [D] [thread 91484] [2.0] [cxt 0] Deparser 'deparser': start
[09:01:21.594] [bmv2] [D] [thread 91484] [2.0] [cxt 0] Deparsing header 'ethernet'
[09:01:21.594] [bmv2] [D] [thread 91484] [2.0] [cxt 0] Deparser 'deparser': end
[09:01:21.594] [bmv2] [D] [thread 91488] [2.0] [cxt 0] Transmitting packet of size 90 out of port 0
[09:01:21.795] [bmv2] [D] [thread 91483] [3.0] [cxt 0] Processing packet received on port 1
[09:01:21.795] [bmv2] [D] [thread 91483] [3.0] [cxt 0] Parser 'parser': start
[09:01:21.795] [bmv2] [D] [thread 91483] [3.0] [cxt 0] Parser 'parser' entering state 'start'
[09:01:21.795] [bmv2] [D] [thread 91483] [3.0] [cxt 0] Extracting header 'ethernet'
[09:01:21.795] [bmv2] [D] [thread 91483] [3.0] [cxt 0] Parser state 'start': key is 86dd
[09:01:21.795] [bmv2] [T] [thread 91483] [3.0] [cxt 0] Bytes parsed: 14
[09:01:21.795] [bmv2] [D] [thread 91483] [3.0] [cxt 0] Parser 'parser': end
[09:01:21.795] [bmv2] [D] [thread 91483] [3.0] [cxt 0] Pipeline 'ingress': start
[09:01:21.795] [bmv2] [T] [thread 91483] [3.0] [cxt 0] switch.p4(147) Condition "hdr.icn.isValid()" (node_2) is false
[09:01:21.795] [bmv2] [T] [thread 91483] [3.0] [cxt 0] switch.p4(164) Condition "hdr.payload.flag == 1" (node_13) is false
[09:01:21.795] [bmv2] [T] [thread 91483] [3.0] [cxt 0] Applying table 'tbl_data_forward_0'
[09:01:21.795] [bmv2] [D] [thread 91483] [3.0] [cxt 0] Looking up key:

[09:01:21.795] [bmv2] [D] [thread 91483] [3.0] [cxt 0] Table 'tbl_data_forward_0': miss
[09:01:21.795] [bmv2] [D] [thread 91483] [3.0] [cxt 0] Action entry is MyIngress.data_forward - 
[09:01:21.795] [bmv2] [T] [thread 91483] [3.0] [cxt 0] Action MyIngress.data_forward
[09:01:21.795] [bmv2] [T] [thread 91483] [3.0] [cxt 0] switch.p4(97) Primitive pit_table.read(egress_port, hdr.payload.content_id)
[09:01:21.795] [bmv2] [T] [thread 91483] [3.0] [cxt 0] Read register 'MyIngress.pit_table' at index 0 read value 0
[09:01:21.795] [bmv2] [T] [thread 91483] [3.0] [cxt 0] switch.p4(98) Primitive standard_metadata.egress_spec = egress_port
[09:01:21.795] [bmv2] [T] [thread 91483] [3.0] [cxt 0] switch.p4(99) Primitive pit_table.write(hdr.payload.content_id, 0)
[09:01:21.795] [bmv2] [T] [thread 91483] [3.0] [cxt 0] Wrote register 'MyIngress.pit_table' at index 0 with value 0
[09:01:21.795] [bmv2] [T] [thread 91483] [3.0] [cxt 0] switch.p4(100) Primitive hdr.ethernet.srcAddr = 0xFFFFFFFFFFFF
[09:01:21.795] [bmv2] [T] [thread 91483] [3.0] [cxt 0] switch.p4(101) Primitive hdr.ethernet.dstAddr = 0xFFFFFFFFFFFF
[09:01:21.795] [bmv2] [T] [thread 91483] [3.0] [cxt 0] switch.p4(102) Primitive hdr.payload.ttl = hdr.payload.ttl - 1
[09:01:21.795] [bmv2] [D] [thread 91483] [3.0] [cxt 0] Pipeline 'ingress': end
[09:01:21.795] [bmv2] [D] [thread 91483] [3.0] [cxt 0] Egress port is 0
[09:01:21.795] [bmv2] [D] [thread 91484] [3.0] [cxt 0] Pipeline 'egress': start
[09:01:21.795] [bmv2] [D] [thread 91484] [3.0] [cxt 0] Pipeline 'egress': end
[09:01:21.795] [bmv2] [D] [thread 91484] [3.0] [cxt 0] Deparser 'deparser': start
[09:01:21.795] [bmv2] [D] [thread 91484] [3.0] [cxt 0] Deparsing header 'ethernet'
[09:01:21.795] [bmv2] [D] [thread 91484] [3.0] [cxt 0] Deparser 'deparser': end
[09:01:21.795] [bmv2] [D] [thread 91488] [3.0] [cxt 0] Transmitting packet of size 110 out of port 0
[09:01:21.795] [bmv2] [D] [thread 91483] [4.0] [cxt 0] Processing packet received on port 1
[09:01:21.795] [bmv2] [D] [thread 91483] [4.0] [cxt 0] Parser 'parser': start
[09:01:21.795] [bmv2] [D] [thread 91483] [4.0] [cxt 0] Parser 'parser' entering state 'start'
[09:01:21.795] [bmv2] [D] [thread 91483] [4.0] [cxt 0] Extracting header 'ethernet'
[09:01:21.795] [bmv2] [D] [thread 91483] [4.0] [cxt 0] Parser state 'start': key is 86dd
[09:01:21.795] [bmv2] [T] [thread 91483] [4.0] [cxt 0] Bytes parsed: 14
[09:01:21.795] [bmv2] [D] [thread 91483] [4.0] [cxt 0] Parser 'parser': end
[09:01:21.795] [bmv2] [D] [thread 91483] [4.0] [cxt 0] Pipeline 'ingress': start
[09:01:21.795] [bmv2] [T] [thread 91483] [4.0] [cxt 0] switch.p4(147) Condition "hdr.icn.isValid()" (node_2) is false
[09:01:21.795] [bmv2] [T] [thread 91483] [4.0] [cxt 0] switch.p4(164) Condition "hdr.payload.flag == 1" (node_13) is false
[09:01:21.795] [bmv2] [T] [thread 91483] [4.0] [cxt 0] Applying table 'tbl_data_forward_0'
[09:01:21.795] [bmv2] [D] [thread 91483] [4.0] [cxt 0] Looking up key:

[09:01:21.795] [bmv2] [D] [thread 91483] [4.0] [cxt 0] Table 'tbl_data_forward_0': miss
[09:01:21.795] [bmv2] [D] [thread 91483] [4.0] [cxt 0] Action entry is MyIngress.data_forward - 
[09:01:21.795] [bmv2] [T] [thread 91483] [4.0] [cxt 0] Action MyIngress.data_forward
[09:01:21.795] [bmv2] [T] [thread 91483] [4.0] [cxt 0] switch.p4(97) Primitive pit_table.read(egress_port, hdr.payload.content_id)
[09:01:21.795] [bmv2] [T] [thread 91483] [4.0] [cxt 0] Read register 'MyIngress.pit_table' at index 0 read value 0
[09:01:21.795] [bmv2] [T] [thread 91483] [4.0] [cxt 0] switch.p4(98) Primitive standard_metadata.egress_spec = egress_port
[09:01:21.795] [bmv2] [T] [thread 91483] [4.0] [cxt 0] switch.p4(99) Primitive pit_table.write(hdr.payload.content_id, 0)
[09:01:21.795] [bmv2] [T] [thread 91483] [4.0] [cxt 0] Wrote register 'MyIngress.pit_table' at index 0 with value 0
[09:01:21.795] [bmv2] [T] [thread 91483] [4.0] [cxt 0] switch.p4(100) Primitive hdr.ethernet.srcAddr = 0xFFFFFFFFFFFF
[09:01:21.795] [bmv2] [T] [thread 91483] [4.0] [cxt 0] switch.p4(101) Primitive hdr.ethernet.dstAddr = 0xFFFFFFFFFFFF
[09:01:21.795] [bmv2] [T] [thread 91483] [4.0] [cxt 0] switch.p4(102) Primitive hdr.payload.ttl = hdr.payload.ttl - 1
[09:01:21.795] [bmv2] [D] [thread 91483] [4.0] [cxt 0] Pipeline 'ingress': end
[09:01:21.795] [bmv2] [D] [thread 91483] [4.0] [cxt 0] Egress port is 0
[09:01:21.795] [bmv2] [D] [thread 91484] [4.0] [cxt 0] Pipeline 'egress': start
[09:01:21.795] [bmv2] [D] [thread 91484] [4.0] [cxt 0] Pipeline 'egress': end
[09:01:21.795] [bmv2] [D] [thread 91484] [4.0] [cxt 0] Deparser 'deparser': start
[09:01:21.795] [bmv2] [D] [thread 91484] [4.0] [cxt 0] Deparsing header 'ethernet'
[09:01:21.795] [bmv2] [D] [thread 91484] [4.0] [cxt 0] Deparser 'deparser': end
[09:01:21.795] [bmv2] [D] [thread 91488] [4.0] [cxt 0] Transmitting packet of size 70 out of port 0
[09:01:21.795] [bmv2] [D] [thread 91483] [5.0] [cxt 0] Processing packet received on port 1
[09:01:21.795] [bmv2] [D] [thread 91483] [5.0] [cxt 0] Parser 'parser': start
[09:01:21.795] [bmv2] [D] [thread 91483] [5.0] [cxt 0] Parser 'parser' entering state 'start'
[09:01:21.795] [bmv2] [D] [thread 91483] [5.0] [cxt 0] Extracting header 'ethernet'
[09:01:21.795] [bmv2] [D] [thread 91483] [5.0] [cxt 0] Parser state 'start': key is 86dd
[09:01:21.795] [bmv2] [T] [thread 91483] [5.0] [cxt 0] Bytes parsed: 14
[09:01:21.795] [bmv2] [D] [thread 91483] [5.0] [cxt 0] Parser 'parser': end
[09:01:21.795] [bmv2] [D] [thread 91483] [5.0] [cxt 0] Pipeline 'ingress': start
[09:01:21.795] [bmv2] [T] [thread 91483] [5.0] [cxt 0] switch.p4(147) Condition "hdr.icn.isValid()" (node_2) is false
[09:01:21.795] [bmv2] [T] [thread 91483] [5.0] [cxt 0] switch.p4(164) Condition "hdr.payload.flag == 1" (node_13) is false
[09:01:21.795] [bmv2] [T] [thread 91483] [5.0] [cxt 0] Applying table 'tbl_data_forward_0'
[09:01:21.795] [bmv2] [D] [thread 91483] [5.0] [cxt 0] Looking up key:

[09:01:21.795] [bmv2] [D] [thread 91483] [5.0] [cxt 0] Table 'tbl_data_forward_0': miss
[09:01:21.795] [bmv2] [D] [thread 91483] [5.0] [cxt 0] Action entry is MyIngress.data_forward - 
[09:01:21.795] [bmv2] [T] [thread 91483] [5.0] [cxt 0] Action MyIngress.data_forward
[09:01:21.795] [bmv2] [T] [thread 91483] [5.0] [cxt 0] switch.p4(97) Primitive pit_table.read(egress_port, hdr.payload.content_id)
[09:01:21.795] [bmv2] [T] [thread 91483] [5.0] [cxt 0] Read register 'MyIngress.pit_table' at index 0 read value 0
[09:01:21.795] [bmv2] [T] [thread 91483] [5.0] [cxt 0] switch.p4(98) Primitive standard_metadata.egress_spec = egress_port
[09:01:21.795] [bmv2] [T] [thread 91483] [5.0] [cxt 0] switch.p4(99) Primitive pit_table.write(hdr.payload.content_id, 0)
[09:01:21.795] [bmv2] [T] [thread 91483] [5.0] [cxt 0] Wrote register 'MyIngress.pit_table' at index 0 with value 0
[09:01:21.795] [bmv2] [T] [thread 91483] [5.0] [cxt 0] switch.p4(100) Primitive hdr.ethernet.srcAddr = 0xFFFFFFFFFFFF
[09:01:21.795] [bmv2] [T] [thread 91483] [5.0] [cxt 0] switch.p4(101) Primitive hdr.ethernet.dstAddr = 0xFFFFFFFFFFFF
[09:01:21.795] [bmv2] [T] [thread 91483] [5.0] [cxt 0] switch.p4(102) Primitive hdr.payload.ttl = hdr.payload.ttl - 1
[09:01:21.795] [bmv2] [D] [thread 91483] [5.0] [cxt 0] Pipeline 'ingress': end
[09:01:21.795] [bmv2] [D] [thread 91483] [5.0] [cxt 0] Egress port is 0
[09:01:21.795] [bmv2] [D] [thread 91484] [5.0] [cxt 0] Pipeline 'egress': start
[09:01:21.795] [bmv2] [D] [thread 91484] [5.0] [cxt 0] Pipeline 'egress': end
[09:01:21.795] [bmv2] [D] [thread 91484] [5.0] [cxt 0] Deparser 'deparser': start
[09:01:21.795] [bmv2] [D] [thread 91484] [5.0] [cxt 0] Deparsing header 'ethernet'
[09:01:21.795] [bmv2] [D] [thread 91484] [5.0] [cxt 0] Deparser 'deparser': end
[09:01:21.795] [bmv2] [D] [thread 91488] [5.0] [cxt 0] Transmitting packet of size 90 out of port 0
[09:01:21.891] [bmv2] [D] [thread 91483] [6.0] [cxt 0] Processing packet received on port 1
[09:01:21.891] [bmv2] [D] [thread 91483] [6.0] [cxt 0] Parser 'parser': start
[09:01:21.891] [bmv2] [D] [thread 91483] [6.0] [cxt 0] Parser 'parser' entering state 'start'
[09:01:21.891] [bmv2] [D] [thread 91483] [6.0] [cxt 0] Extracting header 'ethernet'
[09:01:21.891] [bmv2] [D] [thread 91483] [6.0] [cxt 0] Parser state 'start': key is 86dd
[09:01:21.891] [bmv2] [T] [thread 91483] [6.0] [cxt 0] Bytes parsed: 14
[09:01:21.891] [bmv2] [D] [thread 91483] [6.0] [cxt 0] Parser 'parser': end
[09:01:21.891] [bmv2] [D] [thread 91483] [6.0] [cxt 0] Pipeline 'ingress': start
[09:01:21.891] [bmv2] [T] [thread 91483] [6.0] [cxt 0] switch.p4(147) Condition "hdr.icn.isValid()" (node_2) is false
[09:01:21.891] [bmv2] [T] [thread 91483] [6.0] [cxt 0] switch.p4(164) Condition "hdr.payload.flag == 1" (node_13) is false
[09:01:21.891] [bmv2] [T] [thread 91483] [6.0] [cxt 0] Applying table 'tbl_data_forward_0'
[09:01:21.891] [bmv2] [D] [thread 91483] [6.0] [cxt 0] Looking up key:

[09:01:21.891] [bmv2] [D] [thread 91483] [6.0] [cxt 0] Table 'tbl_data_forward_0': miss
[09:01:21.891] [bmv2] [D] [thread 91483] [6.0] [cxt 0] Action entry is MyIngress.data_forward - 
[09:01:21.891] [bmv2] [T] [thread 91483] [6.0] [cxt 0] Action MyIngress.data_forward
[09:01:21.891] [bmv2] [T] [thread 91483] [6.0] [cxt 0] switch.p4(97) Primitive pit_table.read(egress_port, hdr.payload.content_id)
[09:01:21.891] [bmv2] [T] [thread 91483] [6.0] [cxt 0] Read register 'MyIngress.pit_table' at index 0 read value 0
[09:01:21.891] [bmv2] [T] [thread 91483] [6.0] [cxt 0] switch.p4(98) Primitive standard_metadata.egress_spec = egress_port
[09:01:21.891] [bmv2] [T] [thread 91483] [6.0] [cxt 0] switch.p4(99) Primitive pit_table.write(hdr.payload.content_id, 0)
[09:01:21.891] [bmv2] [T] [thread 91483] [6.0] [cxt 0] Wrote register 'MyIngress.pit_table' at index 0 with value 0
[09:01:21.891] [bmv2] [T] [thread 91483] [6.0] [cxt 0] switch.p4(100) Primitive hdr.ethernet.srcAddr = 0xFFFFFFFFFFFF
[09:01:21.891] [bmv2] [T] [thread 91483] [6.0] [cxt 0] switch.p4(101) Primitive hdr.ethernet.dstAddr = 0xFFFFFFFFFFFF
[09:01:21.891] [bmv2] [T] [thread 91483] [6.0] [cxt 0] switch.p4(102) Primitive hdr.payload.ttl = hdr.payload.ttl - 1
[09:01:21.891] [bmv2] [D] [thread 91483] [6.0] [cxt 0] Pipeline 'ingress': end
[09:01:21.891] [bmv2] [D] [thread 91483] [6.0] [cxt 0] Egress port is 0
[09:01:21.891] [bmv2] [D] [thread 91484] [6.0] [cxt 0] Pipeline 'egress': start
[09:01:21.891] [bmv2] [D] [thread 91484] [6.0] [cxt 0] Pipeline 'egress': end
[09:01:21.891] [bmv2] [D] [thread 91484] [6.0] [cxt 0] Deparser 'deparser': start
[09:01:21.891] [bmv2] [D] [thread 91484] [6.0] [cxt 0] Deparsing header 'ethernet'
[09:01:21.891] [bmv2] [D] [thread 91484] [6.0] [cxt 0] Deparser 'deparser': end
[09:01:21.891] [bmv2] [D] [thread 91488] [6.0] [cxt 0] Transmitting packet of size 203 out of port 0
[09:01:21.976] [bmv2] [D] [thread 91483] [7.0] [cxt 0] Processing packet received on port 2
[09:01:21.976] [bmv2] [D] [thread 91483] [7.0] [cxt 0] Parser 'parser': start
[09:01:21.976] [bmv2] [D] [thread 91483] [7.0] [cxt 0] Parser 'parser' entering state 'start'
[09:01:21.976] [bmv2] [D] [thread 91483] [7.0] [cxt 0] Extracting header 'ethernet'
[09:01:21.976] [bmv2] [D] [thread 91483] [7.0] [cxt 0] Parser state 'start': key is 86dd
[09:01:21.976] [bmv2] [T] [thread 91483] [7.0] [cxt 0] Bytes parsed: 14
[09:01:21.976] [bmv2] [D] [thread 91483] [7.0] [cxt 0] Parser 'parser': end
[09:01:21.976] [bmv2] [D] [thread 91483] [7.0] [cxt 0] Pipeline 'ingress': start
[09:01:21.976] [bmv2] [T] [thread 91483] [7.0] [cxt 0] switch.p4(147) Condition "hdr.icn.isValid()" (node_2) is false
[09:01:21.976] [bmv2] [T] [thread 91483] [7.0] [cxt 0] switch.p4(164) Condition "hdr.payload.flag == 1" (node_13) is false
[09:01:21.976] [bmv2] [T] [thread 91483] [7.0] [cxt 0] Applying table 'tbl_data_forward_0'
[09:01:21.976] [bmv2] [D] [thread 91483] [7.0] [cxt 0] Looking up key:

[09:01:21.976] [bmv2] [D] [thread 91483] [7.0] [cxt 0] Table 'tbl_data_forward_0': miss
[09:01:21.976] [bmv2] [D] [thread 91483] [7.0] [cxt 0] Action entry is MyIngress.data_forward - 
[09:01:21.976] [bmv2] [T] [thread 91483] [7.0] [cxt 0] Action MyIngress.data_forward
[09:01:21.976] [bmv2] [T] [thread 91483] [7.0] [cxt 0] switch.p4(97) Primitive pit_table.read(egress_port, hdr.payload.content_id)
[09:01:21.976] [bmv2] [T] [thread 91483] [7.0] [cxt 0] Read register 'MyIngress.pit_table' at index 0 read value 0
[09:01:21.976] [bmv2] [T] [thread 91483] [7.0] [cxt 0] switch.p4(98) Primitive standard_metadata.egress_spec = egress_port
[09:01:21.976] [bmv2] [T] [thread 91483] [7.0] [cxt 0] switch.p4(99) Primitive pit_table.write(hdr.payload.content_id, 0)
[09:01:21.976] [bmv2] [T] [thread 91483] [7.0] [cxt 0] Wrote register 'MyIngress.pit_table' at index 0 with value 0
[09:01:21.976] [bmv2] [T] [thread 91483] [7.0] [cxt 0] switch.p4(100) Primitive hdr.ethernet.srcAddr = 0xFFFFFFFFFFFF
[09:01:21.976] [bmv2] [T] [thread 91483] [7.0] [cxt 0] switch.p4(101) Primitive hdr.ethernet.dstAddr = 0xFFFFFFFFFFFF
[09:01:21.976] [bmv2] [T] [thread 91483] [7.0] [cxt 0] switch.p4(102) Primitive hdr.payload.ttl = hdr.payload.ttl - 1
[09:01:21.976] [bmv2] [D] [thread 91483] [7.0] [cxt 0] Pipeline 'ingress': end
[09:01:21.976] [bmv2] [D] [thread 91483] [7.0] [cxt 0] Egress port is 0
[09:01:21.981] [bmv2] [D] [thread 91484] [7.0] [cxt 0] Pipeline 'egress': start
[09:01:21.981] [bmv2] [D] [thread 91484] [7.0] [cxt 0] Pipeline 'egress': end
[09:01:21.981] [bmv2] [D] [thread 91484] [7.0] [cxt 0] Deparser 'deparser': start
[09:01:21.981] [bmv2] [D] [thread 91484] [7.0] [cxt 0] Deparsing header 'ethernet'
[09:01:21.981] [bmv2] [D] [thread 91484] [7.0] [cxt 0] Deparser 'deparser': end
[09:01:21.981] [bmv2] [D] [thread 91488] [7.0] [cxt 0] Transmitting packet of size 110 out of port 0
[09:01:21.986] [bmv2] [D] [thread 91483] [8.0] [cxt 0] Processing packet received on port 1
[09:01:21.986] [bmv2] [D] [thread 91483] [8.0] [cxt 0] Parser 'parser': start
[09:01:21.986] [bmv2] [D] [thread 91483] [8.0] [cxt 0] Parser 'parser' entering state 'start'
[09:01:21.986] [bmv2] [D] [thread 91483] [8.0] [cxt 0] Extracting header 'ethernet'
[09:01:21.986] [bmv2] [D] [thread 91483] [8.0] [cxt 0] Parser state 'start': key is 86dd
[09:01:21.986] [bmv2] [T] [thread 91483] [8.0] [cxt 0] Bytes parsed: 14
[09:01:21.986] [bmv2] [D] [thread 91483] [8.0] [cxt 0] Parser 'parser': end
[09:01:21.986] [bmv2] [D] [thread 91483] [8.0] [cxt 0] Pipeline 'ingress': start
[09:01:21.986] [bmv2] [T] [thread 91483] [8.0] [cxt 0] switch.p4(147) Condition "hdr.icn.isValid()" (node_2) is false
[09:01:21.986] [bmv2] [T] [thread 91483] [8.0] [cxt 0] switch.p4(164) Condition "hdr.payload.flag == 1" (node_13) is false
[09:01:21.986] [bmv2] [T] [thread 91483] [8.0] [cxt 0] Applying table 'tbl_data_forward_0'
[09:01:21.986] [bmv2] [D] [thread 91483] [8.0] [cxt 0] Looking up key:

[09:01:21.986] [bmv2] [D] [thread 91483] [8.0] [cxt 0] Table 'tbl_data_forward_0': miss
[09:01:21.986] [bmv2] [D] [thread 91483] [8.0] [cxt 0] Action entry is MyIngress.data_forward - 
[09:01:21.986] [bmv2] [T] [thread 91483] [8.0] [cxt 0] Action MyIngress.data_forward
[09:01:21.986] [bmv2] [T] [thread 91483] [8.0] [cxt 0] switch.p4(97) Primitive pit_table.read(egress_port, hdr.payload.content_id)
[09:01:21.986] [bmv2] [T] [thread 91483] [8.0] [cxt 0] Read register 'MyIngress.pit_table' at index 0 read value 0
[09:01:21.986] [bmv2] [T] [thread 91483] [8.0] [cxt 0] switch.p4(98) Primitive standard_metadata.egress_spec = egress_port
[09:01:21.986] [bmv2] [T] [thread 91483] [8.0] [cxt 0] switch.p4(99) Primitive pit_table.write(hdr.payload.content_id, 0)
[09:01:21.986] [bmv2] [T] [thread 91483] [8.0] [cxt 0] Wrote register 'MyIngress.pit_table' at index 0 with value 0
[09:01:21.986] [bmv2] [T] [thread 91483] [8.0] [cxt 0] switch.p4(100) Primitive hdr.ethernet.srcAddr = 0xFFFFFFFFFFFF
[09:01:21.986] [bmv2] [T] [thread 91483] [8.0] [cxt 0] switch.p4(101) Primitive hdr.ethernet.dstAddr = 0xFFFFFFFFFFFF
[09:01:21.986] [bmv2] [T] [thread 91483] [8.0] [cxt 0] switch.p4(102) Primitive hdr.payload.ttl = hdr.payload.ttl - 1
[09:01:21.986] [bmv2] [D] [thread 91483] [8.0] [cxt 0] Pipeline 'ingress': end
[09:01:21.986] [bmv2] [D] [thread 91483] [8.0] [cxt 0] Egress port is 0
[09:01:21.986] [bmv2] [D] [thread 91483] [9.0] [cxt 0] Processing packet received on port 2
[09:01:21.986] [bmv2] [D] [thread 91483] [9.0] [cxt 0] Parser 'parser': start
[09:01:21.986] [bmv2] [D] [thread 91483] [9.0] [cxt 0] Parser 'parser' entering state 'start'
[09:01:21.986] [bmv2] [D] [thread 91483] [9.0] [cxt 0] Extracting header 'ethernet'
[09:01:21.986] [bmv2] [D] [thread 91483] [9.0] [cxt 0] Parser state 'start': key is 86dd
[09:01:21.986] [bmv2] [T] [thread 91483] [9.0] [cxt 0] Bytes parsed: 14
[09:01:21.986] [bmv2] [D] [thread 91483] [9.0] [cxt 0] Parser 'parser': end
[09:01:21.986] [bmv2] [D] [thread 91483] [9.0] [cxt 0] Pipeline 'ingress': start
[09:01:21.986] [bmv2] [T] [thread 91483] [9.0] [cxt 0] switch.p4(147) Condition "hdr.icn.isValid()" (node_2) is false
[09:01:21.986] [bmv2] [T] [thread 91483] [9.0] [cxt 0] switch.p4(164) Condition "hdr.payload.flag == 1" (node_13) is false
[09:01:21.986] [bmv2] [T] [thread 91483] [9.0] [cxt 0] Applying table 'tbl_data_forward_0'
[09:01:21.986] [bmv2] [D] [thread 91483] [9.0] [cxt 0] Looking up key:

[09:01:21.986] [bmv2] [D] [thread 91483] [9.0] [cxt 0] Table 'tbl_data_forward_0': miss
[09:01:21.986] [bmv2] [D] [thread 91483] [9.0] [cxt 0] Action entry is MyIngress.data_forward - 
[09:01:21.986] [bmv2] [T] [thread 91483] [9.0] [cxt 0] Action MyIngress.data_forward
[09:01:21.986] [bmv2] [T] [thread 91483] [9.0] [cxt 0] switch.p4(97) Primitive pit_table.read(egress_port, hdr.payload.content_id)
[09:01:21.986] [bmv2] [T] [thread 91483] [9.0] [cxt 0] Read register 'MyIngress.pit_table' at index 0 read value 0
[09:01:21.986] [bmv2] [T] [thread 91483] [9.0] [cxt 0] switch.p4(98) Primitive standard_metadata.egress_spec = egress_port
[09:01:21.986] [bmv2] [T] [thread 91483] [9.0] [cxt 0] switch.p4(99) Primitive pit_table.write(hdr.payload.content_id, 0)
[09:01:21.986] [bmv2] [T] [thread 91483] [9.0] [cxt 0] Wrote register 'MyIngress.pit_table' at index 0 with value 0
[09:01:21.986] [bmv2] [T] [thread 91483] [9.0] [cxt 0] switch.p4(100) Primitive hdr.ethernet.srcAddr = 0xFFFFFFFFFFFF
[09:01:21.986] [bmv2] [T] [thread 91483] [9.0] [cxt 0] switch.p4(101) Primitive hdr.ethernet.dstAddr = 0xFFFFFFFFFFFF
[09:01:21.986] [bmv2] [T] [thread 91483] [9.0] [cxt 0] switch.p4(102) Primitive hdr.payload.ttl = hdr.payload.ttl - 1
[09:01:21.986] [bmv2] [D] [thread 91483] [9.0] [cxt 0] Pipeline 'ingress': end
[09:01:21.986] [bmv2] [D] [thread 91483] [9.0] [cxt 0] Egress port is 0
[09:01:21.986] [bmv2] [D] [thread 91483] [10.0] [cxt 0] Processing packet received on port 2
[09:01:21.986] [bmv2] [D] [thread 91483] [10.0] [cxt 0] Parser 'parser': start
[09:01:21.986] [bmv2] [D] [thread 91483] [10.0] [cxt 0] Parser 'parser' entering state 'start'
[09:01:21.986] [bmv2] [D] [thread 91483] [10.0] [cxt 0] Extracting header 'ethernet'
[09:01:21.986] [bmv2] [D] [thread 91483] [10.0] [cxt 0] Parser state 'start': key is 86dd
[09:01:21.986] [bmv2] [T] [thread 91483] [10.0] [cxt 0] Bytes parsed: 14
[09:01:21.986] [bmv2] [D] [thread 91483] [10.0] [cxt 0] Parser 'parser': end
[09:01:21.986] [bmv2] [D] [thread 91483] [10.0] [cxt 0] Pipeline 'ingress': start
[09:01:21.986] [bmv2] [T] [thread 91483] [10.0] [cxt 0] switch.p4(147) Condition "hdr.icn.isValid()" (node_2) is false
[09:01:21.986] [bmv2] [T] [thread 91483] [10.0] [cxt 0] switch.p4(164) Condition "hdr.payload.flag == 1" (node_13) is false
[09:01:21.986] [bmv2] [T] [thread 91483] [10.0] [cxt 0] Applying table 'tbl_data_forward_0'
[09:01:21.986] [bmv2] [D] [thread 91483] [10.0] [cxt 0] Looking up key:

[09:01:21.986] [bmv2] [D] [thread 91483] [10.0] [cxt 0] Table 'tbl_data_forward_0': miss
[09:01:21.986] [bmv2] [D] [thread 91483] [10.0] [cxt 0] Action entry is MyIngress.data_forward - 
[09:01:21.986] [bmv2] [T] [thread 91483] [10.0] [cxt 0] Action MyIngress.data_forward
[09:01:21.986] [bmv2] [T] [thread 91483] [10.0] [cxt 0] switch.p4(97) Primitive pit_table.read(egress_port, hdr.payload.content_id)
[09:01:21.986] [bmv2] [T] [thread 91483] [10.0] [cxt 0] Read register 'MyIngress.pit_table' at index 0 read value 0
[09:01:21.986] [bmv2] [T] [thread 91483] [10.0] [cxt 0] switch.p4(98) Primitive standard_metadata.egress_spec = egress_port
[09:01:21.986] [bmv2] [T] [thread 91483] [10.0] [cxt 0] switch.p4(99) Primitive pit_table.write(hdr.payload.content_id, 0)
[09:01:21.986] [bmv2] [T] [thread 91483] [10.0] [cxt 0] Wrote register 'MyIngress.pit_table' at index 0 with value 0
[09:01:21.986] [bmv2] [T] [thread 91483] [10.0] [cxt 0] switch.p4(100) Primitive hdr.ethernet.srcAddr = 0xFFFFFFFFFFFF
[09:01:21.986] [bmv2] [T] [thread 91483] [10.0] [cxt 0] switch.p4(101) Primitive hdr.ethernet.dstAddr = 0xFFFFFFFFFFFF
[09:01:21.986] [bmv2] [T] [thread 91483] [10.0] [cxt 0] switch.p4(102) Primitive hdr.payload.ttl = hdr.payload.ttl - 1
[09:01:21.986] [bmv2] [D] [thread 91483] [10.0] [cxt 0] Pipeline 'ingress': end
[09:01:21.986] [bmv2] [D] [thread 91483] [10.0] [cxt 0] Egress port is 0
[09:01:21.986] [bmv2] [D] [thread 91484] [8.0] [cxt 0] Pipeline 'egress': start
[09:01:21.986] [bmv2] [D] [thread 91484] [8.0] [cxt 0] Pipeline 'egress': end
[09:01:21.986] [bmv2] [D] [thread 91484] [8.0] [cxt 0] Deparser 'deparser': start
[09:01:21.986] [bmv2] [D] [thread 91484] [8.0] [cxt 0] Deparsing header 'ethernet'
[09:01:21.986] [bmv2] [D] [thread 91484] [8.0] [cxt 0] Deparser 'deparser': end
[09:01:21.986] [bmv2] [D] [thread 91484] [9.0] [cxt 0] Pipeline 'egress': start
[09:01:21.986] [bmv2] [D] [thread 91484] [9.0] [cxt 0] Pipeline 'egress': end
[09:01:21.986] [bmv2] [D] [thread 91484] [9.0] [cxt 0] Deparser 'deparser': start
[09:01:21.986] [bmv2] [D] [thread 91484] [9.0] [cxt 0] Deparsing header 'ethernet'
[09:01:21.986] [bmv2] [D] [thread 91484] [9.0] [cxt 0] Deparser 'deparser': end
[09:01:21.986] [bmv2] [D] [thread 91484] [10.0] [cxt 0] Pipeline 'egress': start
[09:01:21.986] [bmv2] [D] [thread 91484] [10.0] [cxt 0] Pipeline 'egress': end
[09:01:21.986] [bmv2] [D] [thread 91484] [10.0] [cxt 0] Deparser 'deparser': start
[09:01:21.986] [bmv2] [D] [thread 91484] [10.0] [cxt 0] Deparsing header 'ethernet'
[09:01:21.986] [bmv2] [D] [thread 91484] [10.0] [cxt 0] Deparser 'deparser': end
[09:01:21.986] [bmv2] [D] [thread 91488] [8.0] [cxt 0] Transmitting packet of size 110 out of port 0
[09:01:21.986] [bmv2] [D] [thread 91488] [9.0] [cxt 0] Transmitting packet of size 70 out of port 0
[09:01:21.986] [bmv2] [D] [thread 91488] [10.0] [cxt 0] Transmitting packet of size 90 out of port 0
[09:01:22.082] [bmv2] [D] [thread 91483] [11.0] [cxt 0] Processing packet received on port 2
[09:01:22.082] [bmv2] [D] [thread 91483] [11.0] [cxt 0] Parser 'parser': start
[09:01:22.082] [bmv2] [D] [thread 91483] [11.0] [cxt 0] Parser 'parser' entering state 'start'
[09:01:22.082] [bmv2] [D] [thread 91483] [11.0] [cxt 0] Extracting header 'ethernet'
[09:01:22.082] [bmv2] [D] [thread 91483] [11.0] [cxt 0] Parser state 'start': key is 86dd
[09:01:22.082] [bmv2] [T] [thread 91483] [11.0] [cxt 0] Bytes parsed: 14
[09:01:22.082] [bmv2] [D] [thread 91483] [11.0] [cxt 0] Parser 'parser': end
[09:01:22.082] [bmv2] [D] [thread 91483] [11.0] [cxt 0] Pipeline 'ingress': start
[09:01:22.082] [bmv2] [T] [thread 91483] [11.0] [cxt 0] switch.p4(147) Condition "hdr.icn.isValid()" (node_2) is false
[09:01:22.082] [bmv2] [T] [thread 91483] [11.0] [cxt 0] switch.p4(164) Condition "hdr.payload.flag == 1" (node_13) is false
[09:01:22.082] [bmv2] [T] [thread 91483] [11.0] [cxt 0] Applying table 'tbl_data_forward_0'
[09:01:22.082] [bmv2] [D] [thread 91483] [11.0] [cxt 0] Looking up key:

[09:01:22.082] [bmv2] [D] [thread 91483] [11.0] [cxt 0] Table 'tbl_data_forward_0': miss
[09:01:22.082] [bmv2] [D] [thread 91483] [11.0] [cxt 0] Action entry is MyIngress.data_forward - 
[09:01:22.082] [bmv2] [T] [thread 91483] [11.0] [cxt 0] Action MyIngress.data_forward
[09:01:22.082] [bmv2] [T] [thread 91483] [11.0] [cxt 0] switch.p4(97) Primitive pit_table.read(egress_port, hdr.payload.content_id)
[09:01:22.082] [bmv2] [T] [thread 91483] [11.0] [cxt 0] Read register 'MyIngress.pit_table' at index 0 read value 0
[09:01:22.082] [bmv2] [T] [thread 91483] [11.0] [cxt 0] switch.p4(98) Primitive standard_metadata.egress_spec = egress_port
[09:01:22.082] [bmv2] [T] [thread 91483] [11.0] [cxt 0] switch.p4(99) Primitive pit_table.write(hdr.payload.content_id, 0)
[09:01:22.082] [bmv2] [T] [thread 91483] [11.0] [cxt 0] Wrote register 'MyIngress.pit_table' at index 0 with value 0
[09:01:22.082] [bmv2] [T] [thread 91483] [11.0] [cxt 0] switch.p4(100) Primitive hdr.ethernet.srcAddr = 0xFFFFFFFFFFFF
[09:01:22.082] [bmv2] [T] [thread 91483] [11.0] [cxt 0] switch.p4(101) Primitive hdr.ethernet.dstAddr = 0xFFFFFFFFFFFF
[09:01:22.082] [bmv2] [T] [thread 91483] [11.0] [cxt 0] switch.p4(102) Primitive hdr.payload.ttl = hdr.payload.ttl - 1
[09:01:22.082] [bmv2] [D] [thread 91483] [11.0] [cxt 0] Pipeline 'ingress': end
[09:01:22.082] [bmv2] [D] [thread 91483] [11.0] [cxt 0] Egress port is 0
[09:01:22.082] [bmv2] [D] [thread 91484] [11.0] [cxt 0] Pipeline 'egress': start
[09:01:22.082] [bmv2] [D] [thread 91484] [11.0] [cxt 0] Pipeline 'egress': end
[09:01:22.082] [bmv2] [D] [thread 91484] [11.0] [cxt 0] Deparser 'deparser': start
[09:01:22.082] [bmv2] [D] [thread 91484] [11.0] [cxt 0] Deparsing header 'ethernet'
[09:01:22.082] [bmv2] [D] [thread 91484] [11.0] [cxt 0] Deparser 'deparser': end
[09:01:22.082] [bmv2] [D] [thread 91488] [11.0] [cxt 0] Transmitting packet of size 203 out of port 0
[09:01:22.088] [bmv2] [D] [thread 91483] [12.0] [cxt 0] Processing packet received on port 1
[09:01:22.088] [bmv2] [D] [thread 91483] [12.0] [cxt 0] Parser 'parser': start
[09:01:22.088] [bmv2] [D] [thread 91483] [12.0] [cxt 0] Parser 'parser' entering state 'start'
[09:01:22.088] [bmv2] [D] [thread 91483] [12.0] [cxt 0] Extracting header 'ethernet'
[09:01:22.088] [bmv2] [D] [thread 91483] [12.0] [cxt 0] Parser state 'start': key is 86dd
[09:01:22.088] [bmv2] [T] [thread 91483] [12.0] [cxt 0] Bytes parsed: 14
[09:01:22.088] [bmv2] [D] [thread 91483] [12.0] [cxt 0] Parser 'parser': end
[09:01:22.088] [bmv2] [D] [thread 91483] [12.0] [cxt 0] Pipeline 'ingress': start
[09:01:22.088] [bmv2] [T] [thread 91483] [12.0] [cxt 0] switch.p4(147) Condition "hdr.icn.isValid()" (node_2) is false
[09:01:22.088] [bmv2] [T] [thread 91483] [12.0] [cxt 0] switch.p4(164) Condition "hdr.payload.flag == 1" (node_13) is false
[09:01:22.088] [bmv2] [T] [thread 91483] [12.0] [cxt 0] Applying table 'tbl_data_forward_0'
[09:01:22.088] [bmv2] [D] [thread 91483] [12.0] [cxt 0] Looking up key:

[09:01:22.088] [bmv2] [D] [thread 91483] [12.0] [cxt 0] Table 'tbl_data_forward_0': miss
[09:01:22.088] [bmv2] [D] [thread 91483] [12.0] [cxt 0] Action entry is MyIngress.data_forward - 
[09:01:22.088] [bmv2] [T] [thread 91483] [12.0] [cxt 0] Action MyIngress.data_forward
[09:01:22.088] [bmv2] [T] [thread 91483] [12.0] [cxt 0] switch.p4(97) Primitive pit_table.read(egress_port, hdr.payload.content_id)
[09:01:22.088] [bmv2] [T] [thread 91483] [12.0] [cxt 0] Read register 'MyIngress.pit_table' at index 0 read value 0
[09:01:22.088] [bmv2] [T] [thread 91483] [12.0] [cxt 0] switch.p4(98) Primitive standard_metadata.egress_spec = egress_port
[09:01:22.088] [bmv2] [T] [thread 91483] [12.0] [cxt 0] switch.p4(99) Primitive pit_table.write(hdr.payload.content_id, 0)
[09:01:22.088] [bmv2] [T] [thread 91483] [12.0] [cxt 0] Wrote register 'MyIngress.pit_table' at index 0 with value 0
[09:01:22.088] [bmv2] [T] [thread 91483] [12.0] [cxt 0] switch.p4(100) Primitive hdr.ethernet.srcAddr = 0xFFFFFFFFFFFF
[09:01:22.088] [bmv2] [T] [thread 91483] [12.0] [cxt 0] switch.p4(101) Primitive hdr.ethernet.dstAddr = 0xFFFFFFFFFFFF
[09:01:22.088] [bmv2] [T] [thread 91483] [12.0] [cxt 0] switch.p4(102) Primitive hdr.payload.ttl = hdr.payload.ttl - 1
[09:01:22.088] [bmv2] [D] [thread 91483] [12.0] [cxt 0] Pipeline 'ingress': end
[09:01:22.088] [bmv2] [D] [thread 91483] [12.0] [cxt 0] Egress port is 0
[09:01:22.088] [bmv2] [D] [thread 91484] [12.0] [cxt 0] Pipeline 'egress': start
[09:01:22.088] [bmv2] [D] [thread 91484] [12.0] [cxt 0] Pipeline 'egress': end
[09:01:22.088] [bmv2] [D] [thread 91484] [12.0] [cxt 0] Deparser 'deparser': start
[09:01:22.088] [bmv2] [D] [thread 91484] [12.0] [cxt 0] Deparsing header 'ethernet'
[09:01:22.088] [bmv2] [D] [thread 91484] [12.0] [cxt 0] Deparser 'deparser': end
[09:01:22.088] [bmv2] [D] [thread 91488] [12.0] [cxt 0] Transmitting packet of size 211 out of port 0
[09:01:22.275] [bmv2] [D] [thread 91483] [13.0] [cxt 0] Processing packet received on port 2
[09:01:22.275] [bmv2] [D] [thread 91483] [13.0] [cxt 0] Parser 'parser': start
[09:01:22.275] [bmv2] [D] [thread 91483] [13.0] [cxt 0] Parser 'parser' entering state 'start'
[09:01:22.275] [bmv2] [D] [thread 91483] [13.0] [cxt 0] Extracting header 'ethernet'
[09:01:22.275] [bmv2] [D] [thread 91483] [13.0] [cxt 0] Parser state 'start': key is 86dd
[09:01:22.275] [bmv2] [T] [thread 91483] [13.0] [cxt 0] Bytes parsed: 14
[09:01:22.275] [bmv2] [D] [thread 91483] [13.0] [cxt 0] Parser 'parser': end
[09:01:22.275] [bmv2] [D] [thread 91483] [13.0] [cxt 0] Pipeline 'ingress': start
[09:01:22.275] [bmv2] [T] [thread 91483] [13.0] [cxt 0] switch.p4(147) Condition "hdr.icn.isValid()" (node_2) is false
[09:01:22.275] [bmv2] [T] [thread 91483] [13.0] [cxt 0] switch.p4(164) Condition "hdr.payload.flag == 1" (node_13) is false
[09:01:22.275] [bmv2] [T] [thread 91483] [13.0] [cxt 0] Applying table 'tbl_data_forward_0'
[09:01:22.275] [bmv2] [D] [thread 91483] [13.0] [cxt 0] Looking up key:

[09:01:22.275] [bmv2] [D] [thread 91483] [13.0] [cxt 0] Table 'tbl_data_forward_0': miss
[09:01:22.275] [bmv2] [D] [thread 91483] [13.0] [cxt 0] Action entry is MyIngress.data_forward - 
[09:01:22.275] [bmv2] [T] [thread 91483] [13.0] [cxt 0] Action MyIngress.data_forward
[09:01:22.275] [bmv2] [T] [thread 91483] [13.0] [cxt 0] switch.p4(97) Primitive pit_table.read(egress_port, hdr.payload.content_id)
[09:01:22.275] [bmv2] [T] [thread 91483] [13.0] [cxt 0] Read register 'MyIngress.pit_table' at index 0 read value 0
[09:01:22.275] [bmv2] [T] [thread 91483] [13.0] [cxt 0] switch.p4(98) Primitive standard_metadata.egress_spec = egress_port
[09:01:22.275] [bmv2] [T] [thread 91483] [13.0] [cxt 0] switch.p4(99) Primitive pit_table.write(hdr.payload.content_id, 0)
[09:01:22.275] [bmv2] [T] [thread 91483] [13.0] [cxt 0] Wrote register 'MyIngress.pit_table' at index 0 with value 0
[09:01:22.275] [bmv2] [T] [thread 91483] [13.0] [cxt 0] switch.p4(100) Primitive hdr.ethernet.srcAddr = 0xFFFFFFFFFFFF
[09:01:22.275] [bmv2] [T] [thread 91483] [13.0] [cxt 0] switch.p4(101) Primitive hdr.ethernet.dstAddr = 0xFFFFFFFFFFFF
[09:01:22.275] [bmv2] [T] [thread 91483] [13.0] [cxt 0] switch.p4(102) Primitive hdr.payload.ttl = hdr.payload.ttl - 1
[09:01:22.275] [bmv2] [D] [thread 91483] [13.0] [cxt 0] Pipeline 'ingress': end
[09:01:22.275] [bmv2] [D] [thread 91483] [13.0] [cxt 0] Egress port is 0
[09:01:22.275] [bmv2] [D] [thread 91484] [13.0] [cxt 0] Pipeline 'egress': start
[09:01:22.280] [bmv2] [D] [thread 91484] [13.0] [cxt 0] Pipeline 'egress': end
[09:01:22.280] [bmv2] [D] [thread 91484] [13.0] [cxt 0] Deparser 'deparser': start
[09:01:22.280] [bmv2] [D] [thread 91484] [13.0] [cxt 0] Deparsing header 'ethernet'
[09:01:22.280] [bmv2] [D] [thread 91484] [13.0] [cxt 0] Deparser 'deparser': end
[09:01:22.280] [bmv2] [D] [thread 91488] [13.0] [cxt 0] Transmitting packet of size 211 out of port 0
[09:01:22.339] [bmv2] [D] [thread 91483] [14.0] [cxt 0] Processing packet received on port 1
[09:01:22.339] [bmv2] [D] [thread 91483] [14.0] [cxt 0] Parser 'parser': start
[09:01:22.339] [bmv2] [D] [thread 91483] [14.0] [cxt 0] Parser 'parser' entering state 'start'
[09:01:22.339] [bmv2] [D] [thread 91483] [14.0] [cxt 0] Extracting header 'ethernet'
[09:01:22.339] [bmv2] [D] [thread 91483] [14.0] [cxt 0] Parser state 'start': key is 86dd
[09:01:22.339] [bmv2] [T] [thread 91483] [14.0] [cxt 0] Bytes parsed: 14
[09:01:22.339] [bmv2] [D] [thread 91483] [14.0] [cxt 0] Parser 'parser': end
[09:01:22.339] [bmv2] [D] [thread 91483] [14.0] [cxt 0] Pipeline 'ingress': start
[09:01:22.339] [bmv2] [T] [thread 91483] [14.0] [cxt 0] switch.p4(147) Condition "hdr.icn.isValid()" (node_2) is false
[09:01:22.345] [bmv2] [T] [thread 91483] [14.0] [cxt 0] switch.p4(164) Condition "hdr.payload.flag == 1" (node_13) is false
[09:01:22.345] [bmv2] [T] [thread 91483] [14.0] [cxt 0] Applying table 'tbl_data_forward_0'
[09:01:22.345] [bmv2] [D] [thread 91483] [14.0] [cxt 0] Looking up key:

[09:01:22.345] [bmv2] [D] [thread 91483] [14.0] [cxt 0] Table 'tbl_data_forward_0': miss
[09:01:22.345] [bmv2] [D] [thread 91483] [14.0] [cxt 0] Action entry is MyIngress.data_forward - 
[09:01:22.345] [bmv2] [T] [thread 91483] [14.0] [cxt 0] Action MyIngress.data_forward
[09:01:22.345] [bmv2] [T] [thread 91483] [14.0] [cxt 0] switch.p4(97) Primitive pit_table.read(egress_port, hdr.payload.content_id)
[09:01:22.345] [bmv2] [T] [thread 91483] [14.0] [cxt 0] Read register 'MyIngress.pit_table' at index 0 read value 0
[09:01:22.345] [bmv2] [T] [thread 91483] [14.0] [cxt 0] switch.p4(98) Primitive standard_metadata.egress_spec = egress_port
[09:01:22.345] [bmv2] [T] [thread 91483] [14.0] [cxt 0] switch.p4(99) Primitive pit_table.write(hdr.payload.content_id, 0)
[09:01:22.345] [bmv2] [T] [thread 91483] [14.0] [cxt 0] Wrote register 'MyIngress.pit_table' at index 0 with value 0
[09:01:22.345] [bmv2] [T] [thread 91483] [14.0] [cxt 0] switch.p4(100) Primitive hdr.ethernet.srcAddr = 0xFFFFFFFFFFFF
[09:01:22.345] [bmv2] [T] [thread 91483] [14.0] [cxt 0] switch.p4(101) Primitive hdr.ethernet.dstAddr = 0xFFFFFFFFFFFF
[09:01:22.345] [bmv2] [T] [thread 91483] [14.0] [cxt 0] switch.p4(102) Primitive hdr.payload.ttl = hdr.payload.ttl - 1
[09:01:22.345] [bmv2] [D] [thread 91483] [14.0] [cxt 0] Pipeline 'ingress': end
[09:01:22.345] [bmv2] [D] [thread 91483] [14.0] [cxt 0] Egress port is 0
[09:01:22.345] [bmv2] [D] [thread 91484] [14.0] [cxt 0] Pipeline 'egress': start
[09:01:22.345] [bmv2] [D] [thread 91484] [14.0] [cxt 0] Pipeline 'egress': end
[09:01:22.345] [bmv2] [D] [thread 91484] [14.0] [cxt 0] Deparser 'deparser': start
[09:01:22.345] [bmv2] [D] [thread 91484] [14.0] [cxt 0] Deparsing header 'ethernet'
[09:01:22.345] [bmv2] [D] [thread 91484] [14.0] [cxt 0] Deparser 'deparser': end
[09:01:22.345] [bmv2] [D] [thread 91488] [14.0] [cxt 0] Transmitting packet of size 211 out of port 0
[09:01:22.437] [bmv2] [D] [thread 91483] [15.0] [cxt 0] Processing packet received on port 2
[09:01:22.437] [bmv2] [D] [thread 91483] [15.0] [cxt 0] Parser 'parser': start
[09:01:22.437] [bmv2] [D] [thread 91483] [15.0] [cxt 0] Parser 'parser' entering state 'start'
[09:01:22.437] [bmv2] [D] [thread 91483] [15.0] [cxt 0] Extracting header 'ethernet'
[09:01:22.437] [bmv2] [D] [thread 91483] [15.0] [cxt 0] Parser state 'start': key is 86dd
[09:01:22.437] [bmv2] [T] [thread 91483] [15.0] [cxt 0] Bytes parsed: 14
[09:01:22.437] [bmv2] [D] [thread 91483] [15.0] [cxt 0] Parser 'parser': end
[09:01:22.437] [bmv2] [D] [thread 91483] [15.0] [cxt 0] Pipeline 'ingress': start
[09:01:22.437] [bmv2] [T] [thread 91483] [15.0] [cxt 0] switch.p4(147) Condition "hdr.icn.isValid()" (node_2) is false
[09:01:22.437] [bmv2] [T] [thread 91483] [15.0] [cxt 0] switch.p4(164) Condition "hdr.payload.flag == 1" (node_13) is false
[09:01:22.437] [bmv2] [T] [thread 91483] [15.0] [cxt 0] Applying table 'tbl_data_forward_0'
[09:01:22.437] [bmv2] [D] [thread 91483] [15.0] [cxt 0] Looking up key:

[09:01:22.437] [bmv2] [D] [thread 91483] [15.0] [cxt 0] Table 'tbl_data_forward_0': miss
[09:01:22.437] [bmv2] [D] [thread 91483] [15.0] [cxt 0] Action entry is MyIngress.data_forward - 
[09:01:22.437] [bmv2] [T] [thread 91483] [15.0] [cxt 0] Action MyIngress.data_forward
[09:01:22.437] [bmv2] [T] [thread 91483] [15.0] [cxt 0] switch.p4(97) Primitive pit_table.read(egress_port, hdr.payload.content_id)
[09:01:22.437] [bmv2] [T] [thread 91483] [15.0] [cxt 0] Read register 'MyIngress.pit_table' at index 0 read value 0
[09:01:22.437] [bmv2] [T] [thread 91483] [15.0] [cxt 0] switch.p4(98) Primitive standard_metadata.egress_spec = egress_port
[09:01:22.437] [bmv2] [T] [thread 91483] [15.0] [cxt 0] switch.p4(99) Primitive pit_table.write(hdr.payload.content_id, 0)
[09:01:22.437] [bmv2] [T] [thread 91483] [15.0] [cxt 0] Wrote register 'MyIngress.pit_table' at index 0 with value 0
[09:01:22.437] [bmv2] [T] [thread 91483] [15.0] [cxt 0] switch.p4(100) Primitive hdr.ethernet.srcAddr = 0xFFFFFFFFFFFF
[09:01:22.437] [bmv2] [T] [thread 91483] [15.0] [cxt 0] switch.p4(101) Primitive hdr.ethernet.dstAddr = 0xFFFFFFFFFFFF
[09:01:22.437] [bmv2] [T] [thread 91483] [15.0] [cxt 0] switch.p4(102) Primitive hdr.payload.ttl = hdr.payload.ttl - 1
[09:01:22.437] [bmv2] [D] [thread 91483] [15.0] [cxt 0] Pipeline 'ingress': end
[09:01:22.437] [bmv2] [D] [thread 91483] [15.0] [cxt 0] Egress port is 0
[09:01:22.437] [bmv2] [D] [thread 91483] [16.0] [cxt 0] Processing packet received on port 2
[09:01:22.437] [bmv2] [D] [thread 91483] [16.0] [cxt 0] Parser 'parser': start
[09:01:22.437] [bmv2] [D] [thread 91483] [16.0] [cxt 0] Parser 'parser' entering state 'start'
[09:01:22.437] [bmv2] [D] [thread 91483] [16.0] [cxt 0] Extracting header 'ethernet'
[09:01:22.437] [bmv2] [D] [thread 91483] [16.0] [cxt 0] Parser state 'start': key is 86dd
[09:01:22.437] [bmv2] [T] [thread 91483] [16.0] [cxt 0] Bytes parsed: 14
[09:01:22.437] [bmv2] [D] [thread 91483] [16.0] [cxt 0] Parser 'parser': end
[09:01:22.437] [bmv2] [D] [thread 91483] [16.0] [cxt 0] Pipeline 'ingress': start
[09:01:22.437] [bmv2] [T] [thread 91483] [16.0] [cxt 0] switch.p4(147) Condition "hdr.icn.isValid()" (node_2) is false
[09:01:22.437] [bmv2] [T] [thread 91483] [16.0] [cxt 0] switch.p4(164) Condition "hdr.payload.flag == 1" (node_13) is false
[09:01:22.437] [bmv2] [T] [thread 91483] [16.0] [cxt 0] Applying table 'tbl_data_forward_0'
[09:01:22.437] [bmv2] [D] [thread 91483] [16.0] [cxt 0] Looking up key:

[09:01:22.437] [bmv2] [D] [thread 91483] [16.0] [cxt 0] Table 'tbl_data_forward_0': miss
[09:01:22.437] [bmv2] [D] [thread 91483] [16.0] [cxt 0] Action entry is MyIngress.data_forward - 
[09:01:22.437] [bmv2] [T] [thread 91483] [16.0] [cxt 0] Action MyIngress.data_forward
[09:01:22.437] [bmv2] [T] [thread 91483] [16.0] [cxt 0] switch.p4(97) Primitive pit_table.read(egress_port, hdr.payload.content_id)
[09:01:22.437] [bmv2] [T] [thread 91483] [16.0] [cxt 0] Read register 'MyIngress.pit_table' at index 0 read value 0
[09:01:22.437] [bmv2] [T] [thread 91483] [16.0] [cxt 0] switch.p4(98) Primitive standard_metadata.egress_spec = egress_port
[09:01:22.437] [bmv2] [T] [thread 91483] [16.0] [cxt 0] switch.p4(99) Primitive pit_table.write(hdr.payload.content_id, 0)
[09:01:22.437] [bmv2] [T] [thread 91483] [16.0] [cxt 0] Wrote register 'MyIngress.pit_table' at index 0 with value 0
[09:01:22.437] [bmv2] [T] [thread 91483] [16.0] [cxt 0] switch.p4(100) Primitive hdr.ethernet.srcAddr = 0xFFFFFFFFFFFF
[09:01:22.437] [bmv2] [T] [thread 91483] [16.0] [cxt 0] switch.p4(101) Primitive hdr.ethernet.dstAddr = 0xFFFFFFFFFFFF
[09:01:22.437] [bmv2] [T] [thread 91483] [16.0] [cxt 0] switch.p4(102) Primitive hdr.payload.ttl = hdr.payload.ttl - 1
[09:01:22.437] [bmv2] [D] [thread 91483] [16.0] [cxt 0] Pipeline 'ingress': end
[09:01:22.437] [bmv2] [D] [thread 91483] [16.0] [cxt 0] Egress port is 0
[09:01:22.437] [bmv2] [D] [thread 91483] [17.0] [cxt 0] Processing packet received on port 2
[09:01:22.437] [bmv2] [D] [thread 91483] [17.0] [cxt 0] Parser 'parser': start
[09:01:22.437] [bmv2] [D] [thread 91483] [17.0] [cxt 0] Parser 'parser' entering state 'start'
[09:01:22.437] [bmv2] [D] [thread 91483] [17.0] [cxt 0] Extracting header 'ethernet'
[09:01:22.437] [bmv2] [D] [thread 91483] [17.0] [cxt 0] Parser state 'start': key is 86dd
[09:01:22.437] [bmv2] [T] [thread 91483] [17.0] [cxt 0] Bytes parsed: 14
[09:01:22.437] [bmv2] [D] [thread 91483] [17.0] [cxt 0] Parser 'parser': end
[09:01:22.437] [bmv2] [D] [thread 91483] [17.0] [cxt 0] Pipeline 'ingress': start
[09:01:22.437] [bmv2] [T] [thread 91483] [17.0] [cxt 0] switch.p4(147) Condition "hdr.icn.isValid()" (node_2) is false
[09:01:22.437] [bmv2] [T] [thread 91483] [17.0] [cxt 0] switch.p4(164) Condition "hdr.payload.flag == 1" (node_13) is false
[09:01:22.437] [bmv2] [T] [thread 91483] [17.0] [cxt 0] Applying table 'tbl_data_forward_0'
[09:01:22.437] [bmv2] [D] [thread 91483] [17.0] [cxt 0] Looking up key:

[09:01:22.437] [bmv2] [D] [thread 91483] [17.0] [cxt 0] Table 'tbl_data_forward_0': miss
[09:01:22.437] [bmv2] [D] [thread 91483] [17.0] [cxt 0] Action entry is MyIngress.data_forward - 
[09:01:22.437] [bmv2] [T] [thread 91483] [17.0] [cxt 0] Action MyIngress.data_forward
[09:01:22.437] [bmv2] [T] [thread 91483] [17.0] [cxt 0] switch.p4(97) Primitive pit_table.read(egress_port, hdr.payload.content_id)
[09:01:22.437] [bmv2] [T] [thread 91483] [17.0] [cxt 0] Read register 'MyIngress.pit_table' at index 0 read value 0
[09:01:22.437] [bmv2] [T] [thread 91483] [17.0] [cxt 0] switch.p4(98) Primitive standard_metadata.egress_spec = egress_port
[09:01:22.437] [bmv2] [T] [thread 91483] [17.0] [cxt 0] switch.p4(99) Primitive pit_table.write(hdr.payload.content_id, 0)
[09:01:22.437] [bmv2] [T] [thread 91483] [17.0] [cxt 0] Wrote register 'MyIngress.pit_table' at index 0 with value 0
[09:01:22.437] [bmv2] [T] [thread 91483] [17.0] [cxt 0] switch.p4(100) Primitive hdr.ethernet.srcAddr = 0xFFFFFFFFFFFF
[09:01:22.437] [bmv2] [T] [thread 91483] [17.0] [cxt 0] switch.p4(101) Primitive hdr.ethernet.dstAddr = 0xFFFFFFFFFFFF
[09:01:22.437] [bmv2] [T] [thread 91483] [17.0] [cxt 0] switch.p4(102) Primitive hdr.payload.ttl = hdr.payload.ttl - 1
[09:01:22.437] [bmv2] [D] [thread 91483] [17.0] [cxt 0] Pipeline 'ingress': end
[09:01:22.437] [bmv2] [D] [thread 91483] [17.0] [cxt 0] Egress port is 0
[09:01:22.437] [bmv2] [D] [thread 91484] [15.0] [cxt 0] Pipeline 'egress': start
[09:01:22.437] [bmv2] [D] [thread 91484] [15.0] [cxt 0] Pipeline 'egress': end
[09:01:22.437] [bmv2] [D] [thread 91484] [15.0] [cxt 0] Deparser 'deparser': start
[09:01:22.437] [bmv2] [D] [thread 91484] [15.0] [cxt 0] Deparsing header 'ethernet'
[09:01:22.437] [bmv2] [D] [thread 91484] [15.0] [cxt 0] Deparser 'deparser': end
[09:01:22.437] [bmv2] [D] [thread 91484] [16.0] [cxt 0] Pipeline 'egress': start
[09:01:22.437] [bmv2] [D] [thread 91484] [16.0] [cxt 0] Pipeline 'egress': end
[09:01:22.437] [bmv2] [D] [thread 91484] [16.0] [cxt 0] Deparser 'deparser': start
[09:01:22.437] [bmv2] [D] [thread 91484] [16.0] [cxt 0] Deparsing header 'ethernet'
[09:01:22.437] [bmv2] [D] [thread 91484] [16.0] [cxt 0] Deparser 'deparser': end
[09:01:22.437] [bmv2] [D] [thread 91484] [17.0] [cxt 0] Pipeline 'egress': start
[09:01:22.437] [bmv2] [D] [thread 91484] [17.0] [cxt 0] Pipeline 'egress': end
[09:01:22.437] [bmv2] [D] [thread 91484] [17.0] [cxt 0] Deparser 'deparser': start
[09:01:22.437] [bmv2] [D] [thread 91484] [17.0] [cxt 0] Deparsing header 'ethernet'
[09:01:22.437] [bmv2] [D] [thread 91484] [17.0] [cxt 0] Deparser 'deparser': end
[09:01:22.437] [bmv2] [D] [thread 91488] [15.0] [cxt 0] Transmitting packet of size 110 out of port 0
[09:01:22.437] [bmv2] [D] [thread 91488] [16.0] [cxt 0] Transmitting packet of size 70 out of port 0
[09:01:22.437] [bmv2] [D] [thread 91488] [17.0] [cxt 0] Transmitting packet of size 90 out of port 0
[09:01:22.470] [bmv2] [D] [thread 91483] [18.0] [cxt 0] Processing packet received on port 2
[09:01:22.470] [bmv2] [D] [thread 91483] [18.0] [cxt 0] Parser 'parser': start
[09:01:22.470] [bmv2] [D] [thread 91483] [18.0] [cxt 0] Parser 'parser' entering state 'start'
[09:01:22.470] [bmv2] [D] [thread 91483] [18.0] [cxt 0] Extracting header 'ethernet'
[09:01:22.470] [bmv2] [D] [thread 91483] [18.0] [cxt 0] Parser state 'start': key is 86dd
[09:01:22.470] [bmv2] [T] [thread 91483] [18.0] [cxt 0] Bytes parsed: 14
[09:01:22.470] [bmv2] [D] [thread 91483] [18.0] [cxt 0] Parser 'parser': end
[09:01:22.470] [bmv2] [D] [thread 91483] [18.0] [cxt 0] Pipeline 'ingress': start
[09:01:22.470] [bmv2] [T] [thread 91483] [18.0] [cxt 0] switch.p4(147) Condition "hdr.icn.isValid()" (node_2) is false
[09:01:22.470] [bmv2] [T] [thread 91483] [18.0] [cxt 0] switch.p4(164) Condition "hdr.payload.flag == 1" (node_13) is false
[09:01:22.470] [bmv2] [T] [thread 91483] [18.0] [cxt 0] Applying table 'tbl_data_forward_0'
[09:01:22.470] [bmv2] [D] [thread 91483] [18.0] [cxt 0] Looking up key:

[09:01:22.470] [bmv2] [D] [thread 91483] [18.0] [cxt 0] Table 'tbl_data_forward_0': miss
[09:01:22.470] [bmv2] [D] [thread 91483] [18.0] [cxt 0] Action entry is MyIngress.data_forward - 
[09:01:22.470] [bmv2] [T] [thread 91483] [18.0] [cxt 0] Action MyIngress.data_forward
[09:01:22.470] [bmv2] [T] [thread 91483] [18.0] [cxt 0] switch.p4(97) Primitive pit_table.read(egress_port, hdr.payload.content_id)
[09:01:22.470] [bmv2] [T] [thread 91483] [18.0] [cxt 0] Read register 'MyIngress.pit_table' at index 0 read value 0
[09:01:22.470] [bmv2] [T] [thread 91483] [18.0] [cxt 0] switch.p4(98) Primitive standard_metadata.egress_spec = egress_port
[09:01:22.470] [bmv2] [T] [thread 91483] [18.0] [cxt 0] switch.p4(99) Primitive pit_table.write(hdr.payload.content_id, 0)
[09:01:22.470] [bmv2] [T] [thread 91483] [18.0] [cxt 0] Wrote register 'MyIngress.pit_table' at index 0 with value 0
[09:01:22.470] [bmv2] [T] [thread 91483] [18.0] [cxt 0] switch.p4(100) Primitive hdr.ethernet.srcAddr = 0xFFFFFFFFFFFF
[09:01:22.470] [bmv2] [T] [thread 91483] [18.0] [cxt 0] switch.p4(101) Primitive hdr.ethernet.dstAddr = 0xFFFFFFFFFFFF
[09:01:22.470] [bmv2] [T] [thread 91483] [18.0] [cxt 0] switch.p4(102) Primitive hdr.payload.ttl = hdr.payload.ttl - 1
[09:01:22.470] [bmv2] [D] [thread 91483] [18.0] [cxt 0] Pipeline 'ingress': end
[09:01:22.470] [bmv2] [D] [thread 91483] [18.0] [cxt 0] Egress port is 0
[09:01:22.470] [bmv2] [D] [thread 91484] [18.0] [cxt 0] Pipeline 'egress': start
[09:01:22.470] [bmv2] [D] [thread 91484] [18.0] [cxt 0] Pipeline 'egress': end
[09:01:22.470] [bmv2] [D] [thread 91484] [18.0] [cxt 0] Deparser 'deparser': start
[09:01:22.470] [bmv2] [D] [thread 91484] [18.0] [cxt 0] Deparsing header 'ethernet'
[09:01:22.470] [bmv2] [D] [thread 91484] [18.0] [cxt 0] Deparser 'deparser': end
[09:01:22.470] [bmv2] [D] [thread 91488] [18.0] [cxt 0] Transmitting packet of size 90 out of port 0
[09:01:22.518] [bmv2] [D] [thread 91483] [19.0] [cxt 0] Processing packet received on port 1
[09:01:22.518] [bmv2] [D] [thread 91483] [19.0] [cxt 0] Parser 'parser': start
[09:01:22.518] [bmv2] [D] [thread 91483] [19.0] [cxt 0] Parser 'parser' entering state 'start'
[09:01:22.518] [bmv2] [D] [thread 91483] [19.0] [cxt 0] Extracting header 'ethernet'
[09:01:22.518] [bmv2] [D] [thread 91483] [19.0] [cxt 0] Parser state 'start': key is 86dd
[09:01:22.518] [bmv2] [T] [thread 91483] [19.0] [cxt 0] Bytes parsed: 14
[09:01:22.518] [bmv2] [D] [thread 91483] [19.0] [cxt 0] Parser 'parser': end
[09:01:22.518] [bmv2] [D] [thread 91483] [19.0] [cxt 0] Pipeline 'ingress': start
[09:01:22.518] [bmv2] [T] [thread 91483] [19.0] [cxt 0] switch.p4(147) Condition "hdr.icn.isValid()" (node_2) is false
[09:01:22.518] [bmv2] [T] [thread 91483] [19.0] [cxt 0] switch.p4(164) Condition "hdr.payload.flag == 1" (node_13) is false
[09:01:22.518] [bmv2] [T] [thread 91483] [19.0] [cxt 0] Applying table 'tbl_data_forward_0'
[09:01:22.518] [bmv2] [D] [thread 91483] [19.0] [cxt 0] Looking up key:

[09:01:22.518] [bmv2] [D] [thread 91483] [19.0] [cxt 0] Table 'tbl_data_forward_0': miss
[09:01:22.518] [bmv2] [D] [thread 91483] [19.0] [cxt 0] Action entry is MyIngress.data_forward - 
[09:01:22.518] [bmv2] [T] [thread 91483] [19.0] [cxt 0] Action MyIngress.data_forward
[09:01:22.518] [bmv2] [T] [thread 91483] [19.0] [cxt 0] switch.p4(97) Primitive pit_table.read(egress_port, hdr.payload.content_id)
[09:01:22.518] [bmv2] [T] [thread 91483] [19.0] [cxt 0] Read register 'MyIngress.pit_table' at index 0 read value 0
[09:01:22.518] [bmv2] [T] [thread 91483] [19.0] [cxt 0] switch.p4(98) Primitive standard_metadata.egress_spec = egress_port
[09:01:22.518] [bmv2] [T] [thread 91483] [19.0] [cxt 0] switch.p4(99) Primitive pit_table.write(hdr.payload.content_id, 0)
[09:01:22.518] [bmv2] [T] [thread 91483] [19.0] [cxt 0] Wrote register 'MyIngress.pit_table' at index 0 with value 0
[09:01:22.518] [bmv2] [T] [thread 91483] [19.0] [cxt 0] switch.p4(100) Primitive hdr.ethernet.srcAddr = 0xFFFFFFFFFFFF
[09:01:22.518] [bmv2] [T] [thread 91483] [19.0] [cxt 0] switch.p4(101) Primitive hdr.ethernet.dstAddr = 0xFFFFFFFFFFFF
[09:01:22.518] [bmv2] [T] [thread 91483] [19.0] [cxt 0] switch.p4(102) Primitive hdr.payload.ttl = hdr.payload.ttl - 1
[09:01:22.518] [bmv2] [D] [thread 91483] [19.0] [cxt 0] Pipeline 'ingress': end
[09:01:22.518] [bmv2] [D] [thread 91483] [19.0] [cxt 0] Egress port is 0
[09:01:22.518] [bmv2] [D] [thread 91483] [20.0] [cxt 0] Processing packet received on port 1
[09:01:22.518] [bmv2] [D] [thread 91484] [19.0] [cxt 0] Pipeline 'egress': start
[09:01:22.518] [bmv2] [D] [thread 91484] [19.0] [cxt 0] Pipeline 'egress': end
[09:01:22.518] [bmv2] [D] [thread 91484] [19.0] [cxt 0] Deparser 'deparser': start
[09:01:22.518] [bmv2] [D] [thread 91484] [19.0] [cxt 0] Deparsing header 'ethernet'
[09:01:22.518] [bmv2] [D] [thread 91484] [19.0] [cxt 0] Deparser 'deparser': end
[09:01:22.518] [bmv2] [D] [thread 91488] [19.0] [cxt 0] Transmitting packet of size 110 out of port 0
[09:01:22.518] [bmv2] [D] [thread 91483] [20.0] [cxt 0] Parser 'parser': start
[09:01:22.518] [bmv2] [D] [thread 91483] [20.0] [cxt 0] Parser 'parser' entering state 'start'
[09:01:22.518] [bmv2] [D] [thread 91483] [20.0] [cxt 0] Extracting header 'ethernet'
[09:01:22.518] [bmv2] [D] [thread 91483] [20.0] [cxt 0] Parser state 'start': key is 86dd
[09:01:22.518] [bmv2] [T] [thread 91483] [20.0] [cxt 0] Bytes parsed: 14
[09:01:22.518] [bmv2] [D] [thread 91483] [20.0] [cxt 0] Parser 'parser': end
[09:01:22.518] [bmv2] [D] [thread 91483] [20.0] [cxt 0] Pipeline 'ingress': start
[09:01:22.518] [bmv2] [T] [thread 91483] [20.0] [cxt 0] switch.p4(147) Condition "hdr.icn.isValid()" (node_2) is false
[09:01:22.518] [bmv2] [T] [thread 91483] [20.0] [cxt 0] switch.p4(164) Condition "hdr.payload.flag == 1" (node_13) is false
[09:01:22.518] [bmv2] [T] [thread 91483] [20.0] [cxt 0] Applying table 'tbl_data_forward_0'
[09:01:22.518] [bmv2] [D] [thread 91483] [20.0] [cxt 0] Looking up key:

[09:01:22.518] [bmv2] [D] [thread 91483] [20.0] [cxt 0] Table 'tbl_data_forward_0': miss
[09:01:22.518] [bmv2] [D] [thread 91483] [20.0] [cxt 0] Action entry is MyIngress.data_forward - 
[09:01:22.518] [bmv2] [T] [thread 91483] [20.0] [cxt 0] Action MyIngress.data_forward
[09:01:22.518] [bmv2] [T] [thread 91483] [20.0] [cxt 0] switch.p4(97) Primitive pit_table.read(egress_port, hdr.payload.content_id)
[09:01:22.518] [bmv2] [T] [thread 91483] [20.0] [cxt 0] Read register 'MyIngress.pit_table' at index 0 read value 0
[09:01:22.518] [bmv2] [T] [thread 91483] [20.0] [cxt 0] switch.p4(98) Primitive standard_metadata.egress_spec = egress_port
[09:01:22.518] [bmv2] [T] [thread 91483] [20.0] [cxt 0] switch.p4(99) Primitive pit_table.write(hdr.payload.content_id, 0)
[09:01:22.518] [bmv2] [T] [thread 91483] [20.0] [cxt 0] Wrote register 'MyIngress.pit_table' at index 0 with value 0
[09:01:22.518] [bmv2] [T] [thread 91483] [20.0] [cxt 0] switch.p4(100) Primitive hdr.ethernet.srcAddr = 0xFFFFFFFFFFFF
[09:01:22.518] [bmv2] [T] [thread 91483] [20.0] [cxt 0] switch.p4(101) Primitive hdr.ethernet.dstAddr = 0xFFFFFFFFFFFF
[09:01:22.518] [bmv2] [T] [thread 91483] [20.0] [cxt 0] switch.p4(102) Primitive hdr.payload.ttl = hdr.payload.ttl - 1
[09:01:22.518] [bmv2] [D] [thread 91483] [20.0] [cxt 0] Pipeline 'ingress': end
[09:01:22.518] [bmv2] [D] [thread 91483] [20.0] [cxt 0] Egress port is 0
[09:01:22.518] [bmv2] [D] [thread 91484] [20.0] [cxt 0] Pipeline 'egress': start
[09:01:22.518] [bmv2] [D] [thread 91484] [20.0] [cxt 0] Pipeline 'egress': end
[09:01:22.518] [bmv2] [D] [thread 91484] [20.0] [cxt 0] Deparser 'deparser': start
[09:01:22.518] [bmv2] [D] [thread 91484] [20.0] [cxt 0] Deparsing header 'ethernet'
[09:01:22.518] [bmv2] [D] [thread 91484] [20.0] [cxt 0] Deparser 'deparser': end
[09:01:22.518] [bmv2] [D] [thread 91488] [20.0] [cxt 0] Transmitting packet of size 70 out of port 0
[09:01:22.523] [bmv2] [D] [thread 91483] [21.0] [cxt 0] Processing packet received on port 1
[09:01:22.523] [bmv2] [D] [thread 91483] [21.0] [cxt 0] Parser 'parser': start
[09:01:22.523] [bmv2] [D] [thread 91483] [21.0] [cxt 0] Parser 'parser' entering state 'start'
[09:01:22.523] [bmv2] [D] [thread 91483] [21.0] [cxt 0] Extracting header 'ethernet'
[09:01:22.523] [bmv2] [D] [thread 91483] [21.0] [cxt 0] Parser state 'start': key is 86dd
[09:01:22.523] [bmv2] [T] [thread 91483] [21.0] [cxt 0] Bytes parsed: 14
[09:01:22.523] [bmv2] [D] [thread 91483] [21.0] [cxt 0] Parser 'parser': end
[09:01:22.523] [bmv2] [D] [thread 91483] [21.0] [cxt 0] Pipeline 'ingress': start
[09:01:22.523] [bmv2] [T] [thread 91483] [21.0] [cxt 0] switch.p4(147) Condition "hdr.icn.isValid()" (node_2) is false
[09:01:22.523] [bmv2] [T] [thread 91483] [21.0] [cxt 0] switch.p4(164) Condition "hdr.payload.flag == 1" (node_13) is false
[09:01:22.523] [bmv2] [T] [thread 91483] [21.0] [cxt 0] Applying table 'tbl_data_forward_0'
[09:01:22.523] [bmv2] [D] [thread 91483] [21.0] [cxt 0] Looking up key:

[09:01:22.523] [bmv2] [D] [thread 91483] [21.0] [cxt 0] Table 'tbl_data_forward_0': miss
[09:01:22.523] [bmv2] [D] [thread 91483] [21.0] [cxt 0] Action entry is MyIngress.data_forward - 
[09:01:22.523] [bmv2] [T] [thread 91483] [21.0] [cxt 0] Action MyIngress.data_forward
[09:01:22.523] [bmv2] [T] [thread 91483] [21.0] [cxt 0] switch.p4(97) Primitive pit_table.read(egress_port, hdr.payload.content_id)
[09:01:22.523] [bmv2] [T] [thread 91483] [21.0] [cxt 0] Read register 'MyIngress.pit_table' at index 0 read value 0
[09:01:22.523] [bmv2] [T] [thread 91483] [21.0] [cxt 0] switch.p4(98) Primitive standard_metadata.egress_spec = egress_port
[09:01:22.523] [bmv2] [T] [thread 91483] [21.0] [cxt 0] switch.p4(99) Primitive pit_table.write(hdr.payload.content_id, 0)
[09:01:22.523] [bmv2] [T] [thread 91483] [21.0] [cxt 0] Wrote register 'MyIngress.pit_table' at index 0 with value 0
[09:01:22.523] [bmv2] [T] [thread 91483] [21.0] [cxt 0] switch.p4(100) Primitive hdr.ethernet.srcAddr = 0xFFFFFFFFFFFF
[09:01:22.523] [bmv2] [T] [thread 91483] [21.0] [cxt 0] switch.p4(101) Primitive hdr.ethernet.dstAddr = 0xFFFFFFFFFFFF
[09:01:22.523] [bmv2] [T] [thread 91483] [21.0] [cxt 0] switch.p4(102) Primitive hdr.payload.ttl = hdr.payload.ttl - 1
[09:01:22.523] [bmv2] [D] [thread 91483] [21.0] [cxt 0] Pipeline 'ingress': end
[09:01:22.523] [bmv2] [D] [thread 91483] [21.0] [cxt 0] Egress port is 0
[09:01:22.523] [bmv2] [D] [thread 91484] [21.0] [cxt 0] Pipeline 'egress': start
[09:01:22.523] [bmv2] [D] [thread 91484] [21.0] [cxt 0] Pipeline 'egress': end
[09:01:22.523] [bmv2] [D] [thread 91484] [21.0] [cxt 0] Deparser 'deparser': start
[09:01:22.523] [bmv2] [D] [thread 91484] [21.0] [cxt 0] Deparsing header 'ethernet'
[09:01:22.523] [bmv2] [D] [thread 91484] [21.0] [cxt 0] Deparser 'deparser': end
[09:01:22.523] [bmv2] [D] [thread 91488] [21.0] [cxt 0] Transmitting packet of size 90 out of port 0
[09:01:22.529] [bmv2] [D] [thread 91483] [22.0] [cxt 0] Processing packet received on port 2
[09:01:22.529] [bmv2] [D] [thread 91483] [22.0] [cxt 0] Parser 'parser': start
[09:01:22.529] [bmv2] [D] [thread 91483] [22.0] [cxt 0] Parser 'parser' entering state 'start'
[09:01:22.529] [bmv2] [D] [thread 91483] [22.0] [cxt 0] Extracting header 'ethernet'
[09:01:22.529] [bmv2] [D] [thread 91483] [22.0] [cxt 0] Parser state 'start': key is 86dd
[09:01:22.529] [bmv2] [T] [thread 91483] [22.0] [cxt 0] Bytes parsed: 14
[09:01:22.529] [bmv2] [D] [thread 91483] [22.0] [cxt 0] Parser 'parser': end
[09:01:22.529] [bmv2] [D] [thread 91483] [22.0] [cxt 0] Pipeline 'ingress': start
[09:01:22.529] [bmv2] [T] [thread 91483] [22.0] [cxt 0] switch.p4(147) Condition "hdr.icn.isValid()" (node_2) is false
[09:01:22.529] [bmv2] [T] [thread 91483] [22.0] [cxt 0] switch.p4(164) Condition "hdr.payload.flag == 1" (node_13) is false
[09:01:22.529] [bmv2] [T] [thread 91483] [22.0] [cxt 0] Applying table 'tbl_data_forward_0'
[09:01:22.529] [bmv2] [D] [thread 91483] [22.0] [cxt 0] Looking up key:

[09:01:22.529] [bmv2] [D] [thread 91483] [22.0] [cxt 0] Table 'tbl_data_forward_0': miss
[09:01:22.529] [bmv2] [D] [thread 91483] [22.0] [cxt 0] Action entry is MyIngress.data_forward - 
[09:01:22.529] [bmv2] [T] [thread 91483] [22.0] [cxt 0] Action MyIngress.data_forward
[09:01:22.529] [bmv2] [T] [thread 91483] [22.0] [cxt 0] switch.p4(97) Primitive pit_table.read(egress_port, hdr.payload.content_id)
[09:01:22.529] [bmv2] [T] [thread 91483] [22.0] [cxt 0] Read register 'MyIngress.pit_table' at index 0 read value 0
[09:01:22.529] [bmv2] [T] [thread 91483] [22.0] [cxt 0] switch.p4(98) Primitive standard_metadata.egress_spec = egress_port
[09:01:22.529] [bmv2] [T] [thread 91483] [22.0] [cxt 0] switch.p4(99) Primitive pit_table.write(hdr.payload.content_id, 0)
[09:01:22.529] [bmv2] [T] [thread 91483] [22.0] [cxt 0] Wrote register 'MyIngress.pit_table' at index 0 with value 0
[09:01:22.529] [bmv2] [T] [thread 91483] [22.0] [cxt 0] switch.p4(100) Primitive hdr.ethernet.srcAddr = 0xFFFFFFFFFFFF
[09:01:22.529] [bmv2] [T] [thread 91483] [22.0] [cxt 0] switch.p4(101) Primitive hdr.ethernet.dstAddr = 0xFFFFFFFFFFFF
[09:01:22.529] [bmv2] [T] [thread 91483] [22.0] [cxt 0] switch.p4(102) Primitive hdr.payload.ttl = hdr.payload.ttl - 1
[09:01:22.529] [bmv2] [D] [thread 91483] [22.0] [cxt 0] Pipeline 'ingress': end
[09:01:22.529] [bmv2] [D] [thread 91483] [22.0] [cxt 0] Egress port is 0
[09:01:22.529] [bmv2] [D] [thread 91484] [22.0] [cxt 0] Pipeline 'egress': start
[09:01:22.529] [bmv2] [D] [thread 91484] [22.0] [cxt 0] Pipeline 'egress': end
[09:01:22.529] [bmv2] [D] [thread 91484] [22.0] [cxt 0] Deparser 'deparser': start
[09:01:22.529] [bmv2] [D] [thread 91484] [22.0] [cxt 0] Deparsing header 'ethernet'
[09:01:22.529] [bmv2] [D] [thread 91484] [22.0] [cxt 0] Deparser 'deparser': end
[09:01:22.529] [bmv2] [D] [thread 91488] [22.0] [cxt 0] Transmitting packet of size 211 out of port 0
[09:01:22.529] [bmv2] [D] [thread 91483] [23.0] [cxt 0] Processing packet received on port 2
[09:01:22.529] [bmv2] [D] [thread 91483] [23.0] [cxt 0] Parser 'parser': start
[09:01:22.529] [bmv2] [D] [thread 91483] [23.0] [cxt 0] Parser 'parser' entering state 'start'
[09:01:22.529] [bmv2] [D] [thread 91483] [23.0] [cxt 0] Extracting header 'ethernet'
[09:01:22.529] [bmv2] [D] [thread 91483] [23.0] [cxt 0] Parser state 'start': key is 86dd
[09:01:22.529] [bmv2] [T] [thread 91483] [23.0] [cxt 0] Bytes parsed: 14
[09:01:22.529] [bmv2] [D] [thread 91483] [23.0] [cxt 0] Parser 'parser': end
[09:01:22.534] [bmv2] [D] [thread 91483] [23.0] [cxt 0] Pipeline 'ingress': start
[09:01:22.534] [bmv2] [T] [thread 91483] [23.0] [cxt 0] switch.p4(147) Condition "hdr.icn.isValid()" (node_2) is false
[09:01:22.534] [bmv2] [T] [thread 91483] [23.0] [cxt 0] switch.p4(164) Condition "hdr.payload.flag == 1" (node_13) is false
[09:01:22.534] [bmv2] [T] [thread 91483] [23.0] [cxt 0] Applying table 'tbl_data_forward_0'
[09:01:22.534] [bmv2] [D] [thread 91483] [23.0] [cxt 0] Looking up key:

[09:01:22.534] [bmv2] [D] [thread 91483] [23.0] [cxt 0] Table 'tbl_data_forward_0': miss
[09:01:22.534] [bmv2] [D] [thread 91483] [23.0] [cxt 0] Action entry is MyIngress.data_forward - 
[09:01:22.534] [bmv2] [T] [thread 91483] [23.0] [cxt 0] Action MyIngress.data_forward
[09:01:22.534] [bmv2] [T] [thread 91483] [23.0] [cxt 0] switch.p4(97) Primitive pit_table.read(egress_port, hdr.payload.content_id)
[09:01:22.534] [bmv2] [T] [thread 91483] [23.0] [cxt 0] Read register 'MyIngress.pit_table' at index 0 read value 0
[09:01:22.534] [bmv2] [T] [thread 91483] [23.0] [cxt 0] switch.p4(98) Primitive standard_metadata.egress_spec = egress_port
[09:01:22.534] [bmv2] [T] [thread 91483] [23.0] [cxt 0] switch.p4(99) Primitive pit_table.write(hdr.payload.content_id, 0)
[09:01:22.534] [bmv2] [T] [thread 91483] [23.0] [cxt 0] Wrote register 'MyIngress.pit_table' at index 0 with value 0
[09:01:22.534] [bmv2] [T] [thread 91483] [23.0] [cxt 0] switch.p4(100) Primitive hdr.ethernet.srcAddr = 0xFFFFFFFFFFFF
[09:01:22.534] [bmv2] [T] [thread 91483] [23.0] [cxt 0] switch.p4(101) Primitive hdr.ethernet.dstAddr = 0xFFFFFFFFFFFF
[09:01:22.534] [bmv2] [T] [thread 91483] [23.0] [cxt 0] switch.p4(102) Primitive hdr.payload.ttl = hdr.payload.ttl - 1
[09:01:22.534] [bmv2] [D] [thread 91483] [23.0] [cxt 0] Pipeline 'ingress': end
[09:01:22.534] [bmv2] [D] [thread 91483] [23.0] [cxt 0] Egress port is 0
[09:01:22.534] [bmv2] [D] [thread 91484] [23.0] [cxt 0] Pipeline 'egress': start
[09:01:22.534] [bmv2] [D] [thread 91484] [23.0] [cxt 0] Pipeline 'egress': end
[09:01:22.534] [bmv2] [D] [thread 91484] [23.0] [cxt 0] Deparser 'deparser': start
[09:01:22.534] [bmv2] [D] [thread 91484] [23.0] [cxt 0] Deparsing header 'ethernet'
[09:01:22.534] [bmv2] [D] [thread 91484] [23.0] [cxt 0] Deparser 'deparser': end
[09:01:22.534] [bmv2] [D] [thread 91488] [23.0] [cxt 0] Transmitting packet of size 203 out of port 0
[09:01:22.552] [bmv2] [D] [thread 91483] [24.0] [cxt 0] Processing packet received on port 2
[09:01:22.552] [bmv2] [D] [thread 91483] [24.0] [cxt 0] Parser 'parser': start
[09:01:22.552] [bmv2] [D] [thread 91483] [24.0] [cxt 0] Parser 'parser' entering state 'start'
[09:01:22.552] [bmv2] [D] [thread 91483] [24.0] [cxt 0] Extracting header 'ethernet'
[09:01:22.552] [bmv2] [D] [thread 91483] [24.0] [cxt 0] Parser state 'start': key is 86dd
[09:01:22.552] [bmv2] [T] [thread 91483] [24.0] [cxt 0] Bytes parsed: 14
[09:01:22.552] [bmv2] [D] [thread 91483] [24.0] [cxt 0] Parser 'parser': end
[09:01:22.552] [bmv2] [D] [thread 91483] [24.0] [cxt 0] Pipeline 'ingress': start
[09:01:22.552] [bmv2] [T] [thread 91483] [24.0] [cxt 0] switch.p4(147) Condition "hdr.icn.isValid()" (node_2) is false
[09:01:22.552] [bmv2] [T] [thread 91483] [24.0] [cxt 0] switch.p4(164) Condition "hdr.payload.flag == 1" (node_13) is false
[09:01:22.552] [bmv2] [T] [thread 91483] [24.0] [cxt 0] Applying table 'tbl_data_forward_0'
[09:01:22.552] [bmv2] [D] [thread 91483] [24.0] [cxt 0] Looking up key:

[09:01:22.552] [bmv2] [D] [thread 91483] [24.0] [cxt 0] Table 'tbl_data_forward_0': miss
[09:01:22.552] [bmv2] [D] [thread 91483] [24.0] [cxt 0] Action entry is MyIngress.data_forward - 
[09:01:22.552] [bmv2] [T] [thread 91483] [24.0] [cxt 0] Action MyIngress.data_forward
[09:01:22.552] [bmv2] [T] [thread 91483] [24.0] [cxt 0] switch.p4(97) Primitive pit_table.read(egress_port, hdr.payload.content_id)
[09:01:22.552] [bmv2] [T] [thread 91483] [24.0] [cxt 0] Read register 'MyIngress.pit_table' at index 0 read value 0
[09:01:22.552] [bmv2] [T] [thread 91483] [24.0] [cxt 0] switch.p4(98) Primitive standard_metadata.egress_spec = egress_port
[09:01:22.552] [bmv2] [T] [thread 91483] [24.0] [cxt 0] switch.p4(99) Primitive pit_table.write(hdr.payload.content_id, 0)
[09:01:22.552] [bmv2] [T] [thread 91483] [24.0] [cxt 0] Wrote register 'MyIngress.pit_table' at index 0 with value 0
[09:01:22.552] [bmv2] [T] [thread 91483] [24.0] [cxt 0] switch.p4(100) Primitive hdr.ethernet.srcAddr = 0xFFFFFFFFFFFF
[09:01:22.552] [bmv2] [T] [thread 91483] [24.0] [cxt 0] switch.p4(101) Primitive hdr.ethernet.dstAddr = 0xFFFFFFFFFFFF
[09:01:22.552] [bmv2] [T] [thread 91483] [24.0] [cxt 0] switch.p4(102) Primitive hdr.payload.ttl = hdr.payload.ttl - 1
[09:01:22.552] [bmv2] [D] [thread 91483] [24.0] [cxt 0] Pipeline 'ingress': end
[09:01:22.552] [bmv2] [D] [thread 91483] [24.0] [cxt 0] Egress port is 0
[09:01:22.552] [bmv2] [D] [thread 91484] [24.0] [cxt 0] Pipeline 'egress': start
[09:01:22.554] [bmv2] [D] [thread 91484] [24.0] [cxt 0] Pipeline 'egress': end
[09:01:22.554] [bmv2] [D] [thread 91484] [24.0] [cxt 0] Deparser 'deparser': start
[09:01:22.554] [bmv2] [D] [thread 91484] [24.0] [cxt 0] Deparsing header 'ethernet'
[09:01:22.554] [bmv2] [D] [thread 91484] [24.0] [cxt 0] Deparser 'deparser': end
[09:01:22.555] [bmv2] [D] [thread 91488] [24.0] [cxt 0] Transmitting packet of size 110 out of port 0
[09:01:22.591] [bmv2] [D] [thread 91483] [25.0] [cxt 0] Processing packet received on port 1
[09:01:22.591] [bmv2] [D] [thread 91483] [25.0] [cxt 0] Parser 'parser': start
[09:01:22.591] [bmv2] [D] [thread 91483] [25.0] [cxt 0] Parser 'parser' entering state 'start'
[09:01:22.591] [bmv2] [D] [thread 91483] [25.0] [cxt 0] Extracting header 'ethernet'
[09:01:22.591] [bmv2] [D] [thread 91483] [25.0] [cxt 0] Parser state 'start': key is 86dd
[09:01:22.591] [bmv2] [T] [thread 91483] [25.0] [cxt 0] Bytes parsed: 14
[09:01:22.591] [bmv2] [D] [thread 91483] [25.0] [cxt 0] Parser 'parser': end
[09:01:22.591] [bmv2] [D] [thread 91483] [25.0] [cxt 0] Pipeline 'ingress': start
[09:01:22.591] [bmv2] [T] [thread 91483] [25.0] [cxt 0] switch.p4(147) Condition "hdr.icn.isValid()" (node_2) is false
[09:01:22.591] [bmv2] [T] [thread 91483] [25.0] [cxt 0] switch.p4(164) Condition "hdr.payload.flag == 1" (node_13) is false
[09:01:22.591] [bmv2] [T] [thread 91483] [25.0] [cxt 0] Applying table 'tbl_data_forward_0'
[09:01:22.591] [bmv2] [D] [thread 91483] [25.0] [cxt 0] Looking up key:

[09:01:22.591] [bmv2] [D] [thread 91483] [25.0] [cxt 0] Table 'tbl_data_forward_0': miss
[09:01:22.591] [bmv2] [D] [thread 91483] [25.0] [cxt 0] Action entry is MyIngress.data_forward - 
[09:01:22.591] [bmv2] [T] [thread 91483] [25.0] [cxt 0] Action MyIngress.data_forward
[09:01:22.591] [bmv2] [T] [thread 91483] [25.0] [cxt 0] switch.p4(97) Primitive pit_table.read(egress_port, hdr.payload.content_id)
[09:01:22.591] [bmv2] [T] [thread 91483] [25.0] [cxt 0] Read register 'MyIngress.pit_table' at index 0 read value 0
[09:01:22.591] [bmv2] [T] [thread 91483] [25.0] [cxt 0] switch.p4(98) Primitive standard_metadata.egress_spec = egress_port
[09:01:22.591] [bmv2] [T] [thread 91483] [25.0] [cxt 0] switch.p4(99) Primitive pit_table.write(hdr.payload.content_id, 0)
[09:01:22.591] [bmv2] [T] [thread 91483] [25.0] [cxt 0] Wrote register 'MyIngress.pit_table' at index 0 with value 0
[09:01:22.591] [bmv2] [T] [thread 91483] [25.0] [cxt 0] switch.p4(100) Primitive hdr.ethernet.srcAddr = 0xFFFFFFFFFFFF
[09:01:22.591] [bmv2] [T] [thread 91483] [25.0] [cxt 0] switch.p4(101) Primitive hdr.ethernet.dstAddr = 0xFFFFFFFFFFFF
[09:01:22.591] [bmv2] [T] [thread 91483] [25.0] [cxt 0] switch.p4(102) Primitive hdr.payload.ttl = hdr.payload.ttl - 1
[09:01:22.591] [bmv2] [D] [thread 91483] [25.0] [cxt 0] Pipeline 'ingress': end
[09:01:22.591] [bmv2] [D] [thread 91483] [25.0] [cxt 0] Egress port is 0
[09:01:22.591] [bmv2] [D] [thread 91484] [25.0] [cxt 0] Pipeline 'egress': start
[09:01:22.591] [bmv2] [D] [thread 91484] [25.0] [cxt 0] Pipeline 'egress': end
[09:01:22.591] [bmv2] [D] [thread 91484] [25.0] [cxt 0] Deparser 'deparser': start
[09:01:22.591] [bmv2] [D] [thread 91484] [25.0] [cxt 0] Deparsing header 'ethernet'
[09:01:22.591] [bmv2] [D] [thread 91484] [25.0] [cxt 0] Deparser 'deparser': end
[09:01:22.591] [bmv2] [D] [thread 91488] [25.0] [cxt 0] Transmitting packet of size 211 out of port 0
[09:01:22.648] [bmv2] [D] [thread 91483] [26.0] [cxt 0] Processing packet received on port 2
[09:01:22.648] [bmv2] [D] [thread 91483] [26.0] [cxt 0] Parser 'parser': start
[09:01:22.648] [bmv2] [D] [thread 91483] [26.0] [cxt 0] Parser 'parser' entering state 'start'
[09:01:22.648] [bmv2] [D] [thread 91483] [26.0] [cxt 0] Extracting header 'ethernet'
[09:01:22.648] [bmv2] [D] [thread 91483] [26.0] [cxt 0] Parser state 'start': key is 86dd
[09:01:22.648] [bmv2] [T] [thread 91483] [26.0] [cxt 0] Bytes parsed: 14
[09:01:22.648] [bmv2] [D] [thread 91483] [26.0] [cxt 0] Parser 'parser': end
[09:01:22.648] [bmv2] [D] [thread 91483] [26.0] [cxt 0] Pipeline 'ingress': start
[09:01:22.648] [bmv2] [T] [thread 91483] [26.0] [cxt 0] switch.p4(147) Condition "hdr.icn.isValid()" (node_2) is false
[09:01:22.648] [bmv2] [T] [thread 91483] [26.0] [cxt 0] switch.p4(164) Condition "hdr.payload.flag == 1" (node_13) is false
[09:01:22.648] [bmv2] [T] [thread 91483] [26.0] [cxt 0] Applying table 'tbl_data_forward_0'
[09:01:22.648] [bmv2] [D] [thread 91483] [26.0] [cxt 0] Looking up key:

[09:01:22.648] [bmv2] [D] [thread 91483] [26.0] [cxt 0] Table 'tbl_data_forward_0': miss
[09:01:22.648] [bmv2] [D] [thread 91483] [26.0] [cxt 0] Action entry is MyIngress.data_forward - 
[09:01:22.648] [bmv2] [T] [thread 91483] [26.0] [cxt 0] Action MyIngress.data_forward
[09:01:22.648] [bmv2] [T] [thread 91483] [26.0] [cxt 0] switch.p4(97) Primitive pit_table.read(egress_port, hdr.payload.content_id)
[09:01:22.648] [bmv2] [T] [thread 91483] [26.0] [cxt 0] Read register 'MyIngress.pit_table' at index 0 read value 0
[09:01:22.648] [bmv2] [T] [thread 91483] [26.0] [cxt 0] switch.p4(98) Primitive standard_metadata.egress_spec = egress_port
[09:01:22.648] [bmv2] [T] [thread 91483] [26.0] [cxt 0] switch.p4(99) Primitive pit_table.write(hdr.payload.content_id, 0)
[09:01:22.648] [bmv2] [T] [thread 91483] [26.0] [cxt 0] Wrote register 'MyIngress.pit_table' at index 0 with value 0
[09:01:22.648] [bmv2] [T] [thread 91483] [26.0] [cxt 0] switch.p4(100) Primitive hdr.ethernet.srcAddr = 0xFFFFFFFFFFFF
[09:01:22.648] [bmv2] [T] [thread 91483] [26.0] [cxt 0] switch.p4(101) Primitive hdr.ethernet.dstAddr = 0xFFFFFFFFFFFF
[09:01:22.648] [bmv2] [T] [thread 91483] [26.0] [cxt 0] switch.p4(102) Primitive hdr.payload.ttl = hdr.payload.ttl - 1
[09:01:22.648] [bmv2] [D] [thread 91483] [26.0] [cxt 0] Pipeline 'ingress': end
[09:01:22.648] [bmv2] [D] [thread 91483] [26.0] [cxt 0] Egress port is 0
[09:01:22.648] [bmv2] [D] [thread 91484] [26.0] [cxt 0] Pipeline 'egress': start
[09:01:22.648] [bmv2] [D] [thread 91484] [26.0] [cxt 0] Pipeline 'egress': end
[09:01:22.648] [bmv2] [D] [thread 91484] [26.0] [cxt 0] Deparser 'deparser': start
[09:01:22.648] [bmv2] [D] [thread 91484] [26.0] [cxt 0] Deparsing header 'ethernet'
[09:01:22.648] [bmv2] [D] [thread 91484] [26.0] [cxt 0] Deparser 'deparser': end
[09:01:22.648] [bmv2] [D] [thread 91488] [26.0] [cxt 0] Transmitting packet of size 90 out of port 0
[09:01:22.648] [bmv2] [D] [thread 91483] [27.0] [cxt 0] Processing packet received on port 1
[09:01:22.648] [bmv2] [D] [thread 91483] [27.0] [cxt 0] Parser 'parser': start
[09:01:22.648] [bmv2] [D] [thread 91483] [27.0] [cxt 0] Parser 'parser' entering state 'start'
[09:01:22.648] [bmv2] [D] [thread 91483] [27.0] [cxt 0] Extracting header 'ethernet'
[09:01:22.648] [bmv2] [D] [thread 91483] [27.0] [cxt 0] Parser state 'start': key is 86dd
[09:01:22.648] [bmv2] [T] [thread 91483] [27.0] [cxt 0] Bytes parsed: 14
[09:01:22.648] [bmv2] [D] [thread 91483] [27.0] [cxt 0] Parser 'parser': end
[09:01:22.648] [bmv2] [D] [thread 91483] [27.0] [cxt 0] Pipeline 'ingress': start
[09:01:22.648] [bmv2] [T] [thread 91483] [27.0] [cxt 0] switch.p4(147) Condition "hdr.icn.isValid()" (node_2) is false
[09:01:22.648] [bmv2] [T] [thread 91483] [27.0] [cxt 0] switch.p4(164) Condition "hdr.payload.flag == 1" (node_13) is false
[09:01:22.648] [bmv2] [T] [thread 91483] [27.0] [cxt 0] Applying table 'tbl_data_forward_0'
[09:01:22.648] [bmv2] [D] [thread 91483] [27.0] [cxt 0] Looking up key:

[09:01:22.648] [bmv2] [D] [thread 91483] [27.0] [cxt 0] Table 'tbl_data_forward_0': miss
[09:01:22.648] [bmv2] [D] [thread 91483] [27.0] [cxt 0] Action entry is MyIngress.data_forward - 
[09:01:22.648] [bmv2] [T] [thread 91483] [27.0] [cxt 0] Action MyIngress.data_forward
[09:01:22.648] [bmv2] [T] [thread 91483] [27.0] [cxt 0] switch.p4(97) Primitive pit_table.read(egress_port, hdr.payload.content_id)
[09:01:22.648] [bmv2] [T] [thread 91483] [27.0] [cxt 0] Read register 'MyIngress.pit_table' at index 0 read value 0
[09:01:22.648] [bmv2] [T] [thread 91483] [27.0] [cxt 0] switch.p4(98) Primitive standard_metadata.egress_spec = egress_port
[09:01:22.648] [bmv2] [T] [thread 91483] [27.0] [cxt 0] switch.p4(99) Primitive pit_table.write(hdr.payload.content_id, 0)
[09:01:22.648] [bmv2] [T] [thread 91483] [27.0] [cxt 0] Wrote register 'MyIngress.pit_table' at index 0 with value 0
[09:01:22.648] [bmv2] [T] [thread 91483] [27.0] [cxt 0] switch.p4(100) Primitive hdr.ethernet.srcAddr = 0xFFFFFFFFFFFF
[09:01:22.648] [bmv2] [T] [thread 91483] [27.0] [cxt 0] switch.p4(101) Primitive hdr.ethernet.dstAddr = 0xFFFFFFFFFFFF
[09:01:22.648] [bmv2] [T] [thread 91483] [27.0] [cxt 0] switch.p4(102) Primitive hdr.payload.ttl = hdr.payload.ttl - 1
[09:01:22.648] [bmv2] [D] [thread 91483] [27.0] [cxt 0] Pipeline 'ingress': end
[09:01:22.648] [bmv2] [D] [thread 91483] [27.0] [cxt 0] Egress port is 0
[09:01:22.648] [bmv2] [D] [thread 91484] [27.0] [cxt 0] Pipeline 'egress': start
[09:01:22.648] [bmv2] [D] [thread 91484] [27.0] [cxt 0] Pipeline 'egress': end
[09:01:22.648] [bmv2] [D] [thread 91484] [27.0] [cxt 0] Deparser 'deparser': start
[09:01:22.648] [bmv2] [D] [thread 91484] [27.0] [cxt 0] Deparsing header 'ethernet'
[09:01:22.648] [bmv2] [D] [thread 91484] [27.0] [cxt 0] Deparser 'deparser': end
[09:01:22.648] [bmv2] [D] [thread 91488] [27.0] [cxt 0] Transmitting packet of size 203 out of port 0
[09:01:22.689] [bmv2] [D] [thread 91483] [28.0] [cxt 0] Processing packet received on port 1
[09:01:22.689] [bmv2] [D] [thread 91483] [28.0] [cxt 0] Parser 'parser': start
[09:01:22.689] [bmv2] [D] [thread 91483] [28.0] [cxt 0] Parser 'parser' entering state 'start'
[09:01:22.693] [bmv2] [D] [thread 91483] [28.0] [cxt 0] Extracting header 'ethernet'
[09:01:22.693] [bmv2] [D] [thread 91483] [28.0] [cxt 0] Parser state 'start': key is 86dd
[09:01:22.693] [bmv2] [T] [thread 91483] [28.0] [cxt 0] Bytes parsed: 14
[09:01:22.693] [bmv2] [D] [thread 91483] [28.0] [cxt 0] Parser 'parser': end
[09:01:22.693] [bmv2] [D] [thread 91483] [28.0] [cxt 0] Pipeline 'ingress': start
[09:01:22.693] [bmv2] [T] [thread 91483] [28.0] [cxt 0] switch.p4(147) Condition "hdr.icn.isValid()" (node_2) is false
[09:01:22.693] [bmv2] [T] [thread 91483] [28.0] [cxt 0] switch.p4(164) Condition "hdr.payload.flag == 1" (node_13) is false
[09:01:22.693] [bmv2] [T] [thread 91483] [28.0] [cxt 0] Applying table 'tbl_data_forward_0'
[09:01:22.693] [bmv2] [D] [thread 91483] [28.0] [cxt 0] Looking up key:

[09:01:22.693] [bmv2] [D] [thread 91483] [28.0] [cxt 0] Table 'tbl_data_forward_0': miss
[09:01:22.693] [bmv2] [D] [thread 91483] [28.0] [cxt 0] Action entry is MyIngress.data_forward - 
[09:01:22.693] [bmv2] [T] [thread 91483] [28.0] [cxt 0] Action MyIngress.data_forward
[09:01:22.693] [bmv2] [T] [thread 91483] [28.0] [cxt 0] switch.p4(97) Primitive pit_table.read(egress_port, hdr.payload.content_id)
[09:01:22.693] [bmv2] [T] [thread 91483] [28.0] [cxt 0] Read register 'MyIngress.pit_table' at index 0 read value 0
[09:01:22.693] [bmv2] [T] [thread 91483] [28.0] [cxt 0] switch.p4(98) Primitive standard_metadata.egress_spec = egress_port
[09:01:22.693] [bmv2] [T] [thread 91483] [28.0] [cxt 0] switch.p4(99) Primitive pit_table.write(hdr.payload.content_id, 0)
[09:01:22.693] [bmv2] [T] [thread 91483] [28.0] [cxt 0] Wrote register 'MyIngress.pit_table' at index 0 with value 0
[09:01:22.693] [bmv2] [T] [thread 91483] [28.0] [cxt 0] switch.p4(100) Primitive hdr.ethernet.srcAddr = 0xFFFFFFFFFFFF
[09:01:22.693] [bmv2] [T] [thread 91483] [28.0] [cxt 0] switch.p4(101) Primitive hdr.ethernet.dstAddr = 0xFFFFFFFFFFFF
[09:01:22.693] [bmv2] [T] [thread 91483] [28.0] [cxt 0] switch.p4(102) Primitive hdr.payload.ttl = hdr.payload.ttl - 1
[09:01:22.693] [bmv2] [D] [thread 91483] [28.0] [cxt 0] Pipeline 'ingress': end
[09:01:22.693] [bmv2] [D] [thread 91483] [28.0] [cxt 0] Egress port is 0
[09:01:22.693] [bmv2] [D] [thread 91484] [28.0] [cxt 0] Pipeline 'egress': start
[09:01:22.693] [bmv2] [D] [thread 91484] [28.0] [cxt 0] Pipeline 'egress': end
[09:01:22.693] [bmv2] [D] [thread 91484] [28.0] [cxt 0] Deparser 'deparser': start
[09:01:22.693] [bmv2] [D] [thread 91484] [28.0] [cxt 0] Deparsing header 'ethernet'
[09:01:22.693] [bmv2] [D] [thread 91484] [28.0] [cxt 0] Deparser 'deparser': end
[09:01:22.693] [bmv2] [D] [thread 91488] [28.0] [cxt 0] Transmitting packet of size 90 out of port 0
[09:01:22.743] [bmv2] [D] [thread 91483] [29.0] [cxt 0] Processing packet received on port 2
[09:01:22.743] [bmv2] [D] [thread 91483] [29.0] [cxt 0] Parser 'parser': start
[09:01:22.743] [bmv2] [D] [thread 91483] [29.0] [cxt 0] Parser 'parser' entering state 'start'
[09:01:22.743] [bmv2] [D] [thread 91483] [29.0] [cxt 0] Extracting header 'ethernet'
[09:01:22.743] [bmv2] [D] [thread 91483] [29.0] [cxt 0] Parser state 'start': key is 86dd
[09:01:22.743] [bmv2] [T] [thread 91483] [29.0] [cxt 0] Bytes parsed: 14
[09:01:22.743] [bmv2] [D] [thread 91483] [29.0] [cxt 0] Parser 'parser': end
[09:01:22.743] [bmv2] [D] [thread 91483] [29.0] [cxt 0] Pipeline 'ingress': start
[09:01:22.743] [bmv2] [T] [thread 91483] [29.0] [cxt 0] switch.p4(147) Condition "hdr.icn.isValid()" (node_2) is false
[09:01:22.743] [bmv2] [T] [thread 91483] [29.0] [cxt 0] switch.p4(164) Condition "hdr.payload.flag == 1" (node_13) is false
[09:01:22.743] [bmv2] [T] [thread 91483] [29.0] [cxt 0] Applying table 'tbl_data_forward_0'
[09:01:22.743] [bmv2] [D] [thread 91483] [29.0] [cxt 0] Looking up key:

[09:01:22.743] [bmv2] [D] [thread 91483] [29.0] [cxt 0] Table 'tbl_data_forward_0': miss
[09:01:22.743] [bmv2] [D] [thread 91483] [29.0] [cxt 0] Action entry is MyIngress.data_forward - 
[09:01:22.743] [bmv2] [T] [thread 91483] [29.0] [cxt 0] Action MyIngress.data_forward
[09:01:22.743] [bmv2] [T] [thread 91483] [29.0] [cxt 0] switch.p4(97) Primitive pit_table.read(egress_port, hdr.payload.content_id)
[09:01:22.743] [bmv2] [T] [thread 91483] [29.0] [cxt 0] Read register 'MyIngress.pit_table' at index 0 read value 0
[09:01:22.743] [bmv2] [T] [thread 91483] [29.0] [cxt 0] switch.p4(98) Primitive standard_metadata.egress_spec = egress_port
[09:01:22.743] [bmv2] [T] [thread 91483] [29.0] [cxt 0] switch.p4(99) Primitive pit_table.write(hdr.payload.content_id, 0)
[09:01:22.743] [bmv2] [T] [thread 91483] [29.0] [cxt 0] Wrote register 'MyIngress.pit_table' at index 0 with value 0
[09:01:22.743] [bmv2] [T] [thread 91483] [29.0] [cxt 0] switch.p4(100) Primitive hdr.ethernet.srcAddr = 0xFFFFFFFFFFFF
[09:01:22.743] [bmv2] [T] [thread 91483] [29.0] [cxt 0] switch.p4(101) Primitive hdr.ethernet.dstAddr = 0xFFFFFFFFFFFF
[09:01:22.743] [bmv2] [T] [thread 91483] [29.0] [cxt 0] switch.p4(102) Primitive hdr.payload.ttl = hdr.payload.ttl - 1
[09:01:22.743] [bmv2] [D] [thread 91483] [29.0] [cxt 0] Pipeline 'ingress': end
[09:01:22.743] [bmv2] [D] [thread 91483] [29.0] [cxt 0] Egress port is 0
[09:01:22.743] [bmv2] [D] [thread 91484] [29.0] [cxt 0] Pipeline 'egress': start
[09:01:22.743] [bmv2] [D] [thread 91484] [29.0] [cxt 0] Pipeline 'egress': end
[09:01:22.743] [bmv2] [D] [thread 91484] [29.0] [cxt 0] Deparser 'deparser': start
[09:01:22.743] [bmv2] [D] [thread 91484] [29.0] [cxt 0] Deparsing header 'ethernet'
[09:01:22.743] [bmv2] [D] [thread 91484] [29.0] [cxt 0] Deparser 'deparser': end
[09:01:22.743] [bmv2] [D] [thread 91488] [29.0] [cxt 0] Transmitting packet of size 211 out of port 0
[09:01:22.786] [bmv2] [D] [thread 91483] [30.0] [cxt 0] Processing packet received on port 2
[09:01:22.786] [bmv2] [D] [thread 91483] [30.0] [cxt 0] Parser 'parser': start
[09:01:22.786] [bmv2] [D] [thread 91483] [30.0] [cxt 0] Parser 'parser' entering state 'start'
[09:01:22.786] [bmv2] [D] [thread 91483] [30.0] [cxt 0] Extracting header 'ethernet'
[09:01:22.786] [bmv2] [D] [thread 91483] [30.0] [cxt 0] Parser state 'start': key is 86dd
[09:01:22.786] [bmv2] [T] [thread 91483] [30.0] [cxt 0] Bytes parsed: 14
[09:01:22.786] [bmv2] [D] [thread 91483] [30.0] [cxt 0] Parser 'parser': end
[09:01:22.786] [bmv2] [D] [thread 91483] [30.0] [cxt 0] Pipeline 'ingress': start
[09:01:22.786] [bmv2] [T] [thread 91483] [30.0] [cxt 0] switch.p4(147) Condition "hdr.icn.isValid()" (node_2) is false
[09:01:22.786] [bmv2] [T] [thread 91483] [30.0] [cxt 0] switch.p4(164) Condition "hdr.payload.flag == 1" (node_13) is false
[09:01:22.786] [bmv2] [T] [thread 91483] [30.0] [cxt 0] Applying table 'tbl_data_forward_0'
[09:01:22.786] [bmv2] [D] [thread 91483] [30.0] [cxt 0] Looking up key:

[09:01:22.786] [bmv2] [D] [thread 91483] [30.0] [cxt 0] Table 'tbl_data_forward_0': miss
[09:01:22.786] [bmv2] [D] [thread 91483] [30.0] [cxt 0] Action entry is MyIngress.data_forward - 
[09:01:22.786] [bmv2] [T] [thread 91483] [30.0] [cxt 0] Action MyIngress.data_forward
[09:01:22.786] [bmv2] [T] [thread 91483] [30.0] [cxt 0] switch.p4(97) Primitive pit_table.read(egress_port, hdr.payload.content_id)
[09:01:22.786] [bmv2] [T] [thread 91483] [30.0] [cxt 0] Read register 'MyIngress.pit_table' at index 0 read value 0
[09:01:22.786] [bmv2] [T] [thread 91483] [30.0] [cxt 0] switch.p4(98) Primitive standard_metadata.egress_spec = egress_port
[09:01:22.786] [bmv2] [T] [thread 91483] [30.0] [cxt 0] switch.p4(99) Primitive pit_table.write(hdr.payload.content_id, 0)
[09:01:22.786] [bmv2] [T] [thread 91483] [30.0] [cxt 0] Wrote register 'MyIngress.pit_table' at index 0 with value 0
[09:01:22.786] [bmv2] [T] [thread 91483] [30.0] [cxt 0] switch.p4(100) Primitive hdr.ethernet.srcAddr = 0xFFFFFFFFFFFF
[09:01:22.786] [bmv2] [T] [thread 91483] [30.0] [cxt 0] switch.p4(101) Primitive hdr.ethernet.dstAddr = 0xFFFFFFFFFFFF
[09:01:22.786] [bmv2] [T] [thread 91483] [30.0] [cxt 0] switch.p4(102) Primitive hdr.payload.ttl = hdr.payload.ttl - 1
[09:01:22.786] [bmv2] [D] [thread 91483] [30.0] [cxt 0] Pipeline 'ingress': end
[09:01:22.786] [bmv2] [D] [thread 91483] [30.0] [cxt 0] Egress port is 0
[09:01:22.786] [bmv2] [D] [thread 91484] [30.0] [cxt 0] Pipeline 'egress': start
[09:01:22.786] [bmv2] [D] [thread 91484] [30.0] [cxt 0] Pipeline 'egress': end
[09:01:22.786] [bmv2] [D] [thread 91484] [30.0] [cxt 0] Deparser 'deparser': start
[09:01:22.786] [bmv2] [D] [thread 91484] [30.0] [cxt 0] Deparsing header 'ethernet'
[09:01:22.786] [bmv2] [D] [thread 91484] [30.0] [cxt 0] Deparser 'deparser': end
[09:01:22.786] [bmv2] [D] [thread 91488] [30.0] [cxt 0] Transmitting packet of size 211 out of port 0
[09:01:22.792] [bmv2] [D] [thread 91483] [31.0] [cxt 0] Processing packet received on port 1
[09:01:22.792] [bmv2] [D] [thread 91483] [31.0] [cxt 0] Parser 'parser': start
[09:01:22.792] [bmv2] [D] [thread 91483] [31.0] [cxt 0] Parser 'parser' entering state 'start'
[09:01:22.792] [bmv2] [D] [thread 91483] [31.0] [cxt 0] Extracting header 'ethernet'
[09:01:22.792] [bmv2] [D] [thread 91483] [31.0] [cxt 0] Parser state 'start': key is 86dd
[09:01:22.792] [bmv2] [T] [thread 91483] [31.0] [cxt 0] Bytes parsed: 14
[09:01:22.792] [bmv2] [D] [thread 91483] [31.0] [cxt 0] Parser 'parser': end
[09:01:22.792] [bmv2] [D] [thread 91483] [31.0] [cxt 0] Pipeline 'ingress': start
[09:01:22.792] [bmv2] [T] [thread 91483] [31.0] [cxt 0] switch.p4(147) Condition "hdr.icn.isValid()" (node_2) is false
[09:01:22.792] [bmv2] [T] [thread 91483] [31.0] [cxt 0] switch.p4(164) Condition "hdr.payload.flag == 1" (node_13) is false
[09:01:22.792] [bmv2] [T] [thread 91483] [31.0] [cxt 0] Applying table 'tbl_data_forward_0'
[09:01:22.792] [bmv2] [D] [thread 91483] [31.0] [cxt 0] Looking up key:

[09:01:22.792] [bmv2] [D] [thread 91483] [31.0] [cxt 0] Table 'tbl_data_forward_0': miss
[09:01:22.792] [bmv2] [D] [thread 91483] [31.0] [cxt 0] Action entry is MyIngress.data_forward - 
[09:01:22.792] [bmv2] [T] [thread 91483] [31.0] [cxt 0] Action MyIngress.data_forward
[09:01:22.792] [bmv2] [T] [thread 91483] [31.0] [cxt 0] switch.p4(97) Primitive pit_table.read(egress_port, hdr.payload.content_id)
[09:01:22.792] [bmv2] [T] [thread 91483] [31.0] [cxt 0] Read register 'MyIngress.pit_table' at index 0 read value 0
[09:01:22.792] [bmv2] [T] [thread 91483] [31.0] [cxt 0] switch.p4(98) Primitive standard_metadata.egress_spec = egress_port
[09:01:22.792] [bmv2] [T] [thread 91483] [31.0] [cxt 0] switch.p4(99) Primitive pit_table.write(hdr.payload.content_id, 0)
[09:01:22.792] [bmv2] [T] [thread 91483] [31.0] [cxt 0] Wrote register 'MyIngress.pit_table' at index 0 with value 0
[09:01:22.792] [bmv2] [T] [thread 91483] [31.0] [cxt 0] switch.p4(100) Primitive hdr.ethernet.srcAddr = 0xFFFFFFFFFFFF
[09:01:22.792] [bmv2] [T] [thread 91483] [31.0] [cxt 0] switch.p4(101) Primitive hdr.ethernet.dstAddr = 0xFFFFFFFFFFFF
[09:01:22.792] [bmv2] [T] [thread 91483] [31.0] [cxt 0] switch.p4(102) Primitive hdr.payload.ttl = hdr.payload.ttl - 1
[09:01:22.792] [bmv2] [D] [thread 91483] [31.0] [cxt 0] Pipeline 'ingress': end
[09:01:22.792] [bmv2] [D] [thread 91483] [31.0] [cxt 0] Egress port is 0
[09:01:22.792] [bmv2] [D] [thread 91484] [31.0] [cxt 0] Pipeline 'egress': start
[09:01:22.792] [bmv2] [D] [thread 91484] [31.0] [cxt 0] Pipeline 'egress': end
[09:01:22.792] [bmv2] [D] [thread 91484] [31.0] [cxt 0] Deparser 'deparser': start
[09:01:22.792] [bmv2] [D] [thread 91484] [31.0] [cxt 0] Deparsing header 'ethernet'
[09:01:22.792] [bmv2] [D] [thread 91484] [31.0] [cxt 0] Deparser 'deparser': end
[09:01:22.792] [bmv2] [D] [thread 91488] [31.0] [cxt 0] Transmitting packet of size 199 out of port 0
[09:01:22.819] [bmv2] [D] [thread 91483] [32.0] [cxt 0] Processing packet received on port 1
[09:01:22.819] [bmv2] [D] [thread 91483] [32.0] [cxt 0] Parser 'parser': start
[09:01:22.819] [bmv2] [D] [thread 91483] [32.0] [cxt 0] Parser 'parser' entering state 'start'
[09:01:22.819] [bmv2] [D] [thread 91483] [32.0] [cxt 0] Extracting header 'ethernet'
[09:01:22.819] [bmv2] [D] [thread 91483] [32.0] [cxt 0] Parser state 'start': key is 86dd
[09:01:22.819] [bmv2] [T] [thread 91483] [32.0] [cxt 0] Bytes parsed: 14
[09:01:22.819] [bmv2] [D] [thread 91483] [32.0] [cxt 0] Parser 'parser': end
[09:01:22.819] [bmv2] [D] [thread 91483] [32.0] [cxt 0] Pipeline 'ingress': start
[09:01:22.819] [bmv2] [T] [thread 91483] [32.0] [cxt 0] switch.p4(147) Condition "hdr.icn.isValid()" (node_2) is false
[09:01:22.819] [bmv2] [T] [thread 91483] [32.0] [cxt 0] switch.p4(164) Condition "hdr.payload.flag == 1" (node_13) is false
[09:01:22.819] [bmv2] [T] [thread 91483] [32.0] [cxt 0] Applying table 'tbl_data_forward_0'
[09:01:22.819] [bmv2] [D] [thread 91483] [32.0] [cxt 0] Looking up key:

[09:01:22.819] [bmv2] [D] [thread 91483] [32.0] [cxt 0] Table 'tbl_data_forward_0': miss
[09:01:22.819] [bmv2] [D] [thread 91483] [32.0] [cxt 0] Action entry is MyIngress.data_forward - 
[09:01:22.819] [bmv2] [T] [thread 91483] [32.0] [cxt 0] Action MyIngress.data_forward
[09:01:22.819] [bmv2] [T] [thread 91483] [32.0] [cxt 0] switch.p4(97) Primitive pit_table.read(egress_port, hdr.payload.content_id)
[09:01:22.819] [bmv2] [T] [thread 91483] [32.0] [cxt 0] Read register 'MyIngress.pit_table' at index 0 read value 0
[09:01:22.819] [bmv2] [T] [thread 91483] [32.0] [cxt 0] switch.p4(98) Primitive standard_metadata.egress_spec = egress_port
[09:01:22.819] [bmv2] [T] [thread 91483] [32.0] [cxt 0] switch.p4(99) Primitive pit_table.write(hdr.payload.content_id, 0)
[09:01:22.819] [bmv2] [T] [thread 91483] [32.0] [cxt 0] Wrote register 'MyIngress.pit_table' at index 0 with value 0
[09:01:22.819] [bmv2] [T] [thread 91483] [32.0] [cxt 0] switch.p4(100) Primitive hdr.ethernet.srcAddr = 0xFFFFFFFFFFFF
[09:01:22.819] [bmv2] [T] [thread 91483] [32.0] [cxt 0] switch.p4(101) Primitive hdr.ethernet.dstAddr = 0xFFFFFFFFFFFF
[09:01:22.819] [bmv2] [T] [thread 91483] [32.0] [cxt 0] switch.p4(102) Primitive hdr.payload.ttl = hdr.payload.ttl - 1
[09:01:22.819] [bmv2] [D] [thread 91483] [32.0] [cxt 0] Pipeline 'ingress': end
[09:01:22.819] [bmv2] [D] [thread 91483] [32.0] [cxt 0] Egress port is 0
[09:01:22.819] [bmv2] [D] [thread 91484] [32.0] [cxt 0] Pipeline 'egress': start
[09:01:22.819] [bmv2] [D] [thread 91484] [32.0] [cxt 0] Pipeline 'egress': end
[09:01:22.819] [bmv2] [D] [thread 91484] [32.0] [cxt 0] Deparser 'deparser': start
[09:01:22.819] [bmv2] [D] [thread 91484] [32.0] [cxt 0] Deparsing header 'ethernet'
[09:01:22.819] [bmv2] [D] [thread 91484] [32.0] [cxt 0] Deparser 'deparser': end
[09:01:22.819] [bmv2] [D] [thread 91488] [32.0] [cxt 0] Transmitting packet of size 211 out of port 0
[09:01:22.893] [bmv2] [D] [thread 91483] [33.0] [cxt 0] Processing packet received on port 1
[09:01:22.893] [bmv2] [D] [thread 91483] [33.0] [cxt 0] Parser 'parser': start
[09:01:22.893] [bmv2] [D] [thread 91483] [33.0] [cxt 0] Parser 'parser' entering state 'start'
[09:01:22.893] [bmv2] [D] [thread 91483] [33.0] [cxt 0] Extracting header 'ethernet'
[09:01:22.893] [bmv2] [D] [thread 91483] [33.0] [cxt 0] Parser state 'start': key is 86dd
[09:01:22.893] [bmv2] [T] [thread 91483] [33.0] [cxt 0] Bytes parsed: 14
[09:01:22.893] [bmv2] [D] [thread 91483] [33.0] [cxt 0] Parser 'parser': end
[09:01:22.893] [bmv2] [D] [thread 91483] [33.0] [cxt 0] Pipeline 'ingress': start
[09:01:22.893] [bmv2] [T] [thread 91483] [33.0] [cxt 0] switch.p4(147) Condition "hdr.icn.isValid()" (node_2) is false
[09:01:22.893] [bmv2] [T] [thread 91483] [33.0] [cxt 0] switch.p4(164) Condition "hdr.payload.flag == 1" (node_13) is false
[09:01:22.893] [bmv2] [T] [thread 91483] [33.0] [cxt 0] Applying table 'tbl_data_forward_0'
[09:01:22.893] [bmv2] [D] [thread 91483] [33.0] [cxt 0] Looking up key:

[09:01:22.893] [bmv2] [D] [thread 91483] [33.0] [cxt 0] Table 'tbl_data_forward_0': miss
[09:01:22.893] [bmv2] [D] [thread 91483] [33.0] [cxt 0] Action entry is MyIngress.data_forward - 
[09:01:22.893] [bmv2] [T] [thread 91483] [33.0] [cxt 0] Action MyIngress.data_forward
[09:01:22.893] [bmv2] [T] [thread 91483] [33.0] [cxt 0] switch.p4(97) Primitive pit_table.read(egress_port, hdr.payload.content_id)
[09:01:22.893] [bmv2] [T] [thread 91483] [33.0] [cxt 0] Read register 'MyIngress.pit_table' at index 0 read value 0
[09:01:22.893] [bmv2] [T] [thread 91483] [33.0] [cxt 0] switch.p4(98) Primitive standard_metadata.egress_spec = egress_port
[09:01:22.893] [bmv2] [T] [thread 91483] [33.0] [cxt 0] switch.p4(99) Primitive pit_table.write(hdr.payload.content_id, 0)
[09:01:22.893] [bmv2] [T] [thread 91483] [33.0] [cxt 0] Wrote register 'MyIngress.pit_table' at index 0 with value 0
[09:01:22.893] [bmv2] [T] [thread 91483] [33.0] [cxt 0] switch.p4(100) Primitive hdr.ethernet.srcAddr = 0xFFFFFFFFFFFF
[09:01:22.893] [bmv2] [T] [thread 91483] [33.0] [cxt 0] switch.p4(101) Primitive hdr.ethernet.dstAddr = 0xFFFFFFFFFFFF
[09:01:22.893] [bmv2] [T] [thread 91483] [33.0] [cxt 0] switch.p4(102) Primitive hdr.payload.ttl = hdr.payload.ttl - 1
[09:01:22.893] [bmv2] [D] [thread 91483] [33.0] [cxt 0] Pipeline 'ingress': end
[09:01:22.893] [bmv2] [D] [thread 91483] [33.0] [cxt 0] Egress port is 0
[09:01:22.893] [bmv2] [D] [thread 91484] [33.0] [cxt 0] Pipeline 'egress': start
[09:01:22.893] [bmv2] [D] [thread 91484] [33.0] [cxt 0] Pipeline 'egress': end
[09:01:22.893] [bmv2] [D] [thread 91484] [33.0] [cxt 0] Deparser 'deparser': start
[09:01:22.893] [bmv2] [D] [thread 91484] [33.0] [cxt 0] Deparsing header 'ethernet'
[09:01:22.893] [bmv2] [D] [thread 91484] [33.0] [cxt 0] Deparser 'deparser': end
[09:01:22.893] [bmv2] [D] [thread 91488] [33.0] [cxt 0] Transmitting packet of size 203 out of port 0
[09:01:23.023] [bmv2] [D] [thread 91483] [34.0] [cxt 0] Processing packet received on port 2
[09:01:23.023] [bmv2] [D] [thread 91483] [34.0] [cxt 0] Parser 'parser': start
[09:01:23.023] [bmv2] [D] [thread 91483] [34.0] [cxt 0] Parser 'parser' entering state 'start'
[09:01:23.023] [bmv2] [D] [thread 91483] [34.0] [cxt 0] Extracting header 'ethernet'
[09:01:23.023] [bmv2] [D] [thread 91483] [34.0] [cxt 0] Parser state 'start': key is 86dd
[09:01:23.023] [bmv2] [T] [thread 91483] [34.0] [cxt 0] Bytes parsed: 14
[09:01:23.023] [bmv2] [D] [thread 91483] [34.0] [cxt 0] Parser 'parser': end
[09:01:23.023] [bmv2] [D] [thread 91483] [34.0] [cxt 0] Pipeline 'ingress': start
[09:01:23.023] [bmv2] [T] [thread 91483] [34.0] [cxt 0] switch.p4(147) Condition "hdr.icn.isValid()" (node_2) is false
[09:01:23.023] [bmv2] [T] [thread 91483] [34.0] [cxt 0] switch.p4(164) Condition "hdr.payload.flag == 1" (node_13) is false
[09:01:23.023] [bmv2] [T] [thread 91483] [34.0] [cxt 0] Applying table 'tbl_data_forward_0'
[09:01:23.023] [bmv2] [D] [thread 91483] [34.0] [cxt 0] Looking up key:

[09:01:23.023] [bmv2] [D] [thread 91483] [34.0] [cxt 0] Table 'tbl_data_forward_0': miss
[09:01:23.023] [bmv2] [D] [thread 91483] [34.0] [cxt 0] Action entry is MyIngress.data_forward - 
[09:01:23.023] [bmv2] [T] [thread 91483] [34.0] [cxt 0] Action MyIngress.data_forward
[09:01:23.023] [bmv2] [T] [thread 91483] [34.0] [cxt 0] switch.p4(97) Primitive pit_table.read(egress_port, hdr.payload.content_id)
[09:01:23.023] [bmv2] [T] [thread 91483] [34.0] [cxt 0] Read register 'MyIngress.pit_table' at index 0 read value 0
[09:01:23.023] [bmv2] [T] [thread 91483] [34.0] [cxt 0] switch.p4(98) Primitive standard_metadata.egress_spec = egress_port
[09:01:23.023] [bmv2] [T] [thread 91483] [34.0] [cxt 0] switch.p4(99) Primitive pit_table.write(hdr.payload.content_id, 0)
[09:01:23.023] [bmv2] [T] [thread 91483] [34.0] [cxt 0] Wrote register 'MyIngress.pit_table' at index 0 with value 0
[09:01:23.023] [bmv2] [T] [thread 91483] [34.0] [cxt 0] switch.p4(100) Primitive hdr.ethernet.srcAddr = 0xFFFFFFFFFFFF
[09:01:23.023] [bmv2] [T] [thread 91483] [34.0] [cxt 0] switch.p4(101) Primitive hdr.ethernet.dstAddr = 0xFFFFFFFFFFFF
[09:01:23.023] [bmv2] [T] [thread 91483] [34.0] [cxt 0] switch.p4(102) Primitive hdr.payload.ttl = hdr.payload.ttl - 1
[09:01:23.023] [bmv2] [D] [thread 91483] [34.0] [cxt 0] Pipeline 'ingress': end
[09:01:23.023] [bmv2] [D] [thread 91483] [34.0] [cxt 0] Egress port is 0
[09:01:23.023] [bmv2] [D] [thread 91483] [35.0] [cxt 0] Processing packet received on port 2
[09:01:23.023] [bmv2] [D] [thread 91483] [35.0] [cxt 0] Parser 'parser': start
[09:01:23.023] [bmv2] [D] [thread 91483] [35.0] [cxt 0] Parser 'parser' entering state 'start'
[09:01:23.023] [bmv2] [D] [thread 91483] [35.0] [cxt 0] Extracting header 'ethernet'
[09:01:23.023] [bmv2] [D] [thread 91483] [35.0] [cxt 0] Parser state 'start': key is 86dd
[09:01:23.023] [bmv2] [T] [thread 91483] [35.0] [cxt 0] Bytes parsed: 14
[09:01:23.023] [bmv2] [D] [thread 91483] [35.0] [cxt 0] Parser 'parser': end
[09:01:23.023] [bmv2] [D] [thread 91483] [35.0] [cxt 0] Pipeline 'ingress': start
[09:01:23.023] [bmv2] [T] [thread 91483] [35.0] [cxt 0] switch.p4(147) Condition "hdr.icn.isValid()" (node_2) is false
[09:01:23.023] [bmv2] [T] [thread 91483] [35.0] [cxt 0] switch.p4(164) Condition "hdr.payload.flag == 1" (node_13) is false
[09:01:23.023] [bmv2] [T] [thread 91483] [35.0] [cxt 0] Applying table 'tbl_data_forward_0'
[09:01:23.023] [bmv2] [D] [thread 91483] [35.0] [cxt 0] Looking up key:

[09:01:23.023] [bmv2] [D] [thread 91483] [35.0] [cxt 0] Table 'tbl_data_forward_0': miss
[09:01:23.023] [bmv2] [D] [thread 91483] [35.0] [cxt 0] Action entry is MyIngress.data_forward - 
[09:01:23.023] [bmv2] [T] [thread 91483] [35.0] [cxt 0] Action MyIngress.data_forward
[09:01:23.023] [bmv2] [T] [thread 91483] [35.0] [cxt 0] switch.p4(97) Primitive pit_table.read(egress_port, hdr.payload.content_id)
[09:01:23.023] [bmv2] [T] [thread 91483] [35.0] [cxt 0] Read register 'MyIngress.pit_table' at index 0 read value 0
[09:01:23.023] [bmv2] [T] [thread 91483] [35.0] [cxt 0] switch.p4(98) Primitive standard_metadata.egress_spec = egress_port
[09:01:23.023] [bmv2] [T] [thread 91483] [35.0] [cxt 0] switch.p4(99) Primitive pit_table.write(hdr.payload.content_id, 0)
[09:01:23.023] [bmv2] [T] [thread 91483] [35.0] [cxt 0] Wrote register 'MyIngress.pit_table' at index 0 with value 0
[09:01:23.023] [bmv2] [T] [thread 91483] [35.0] [cxt 0] switch.p4(100) Primitive hdr.ethernet.srcAddr = 0xFFFFFFFFFFFF
[09:01:23.023] [bmv2] [T] [thread 91483] [35.0] [cxt 0] switch.p4(101) Primitive hdr.ethernet.dstAddr = 0xFFFFFFFFFFFF
[09:01:23.023] [bmv2] [T] [thread 91483] [35.0] [cxt 0] switch.p4(102) Primitive hdr.payload.ttl = hdr.payload.ttl - 1
[09:01:23.023] [bmv2] [D] [thread 91483] [35.0] [cxt 0] Pipeline 'ingress': end
[09:01:23.023] [bmv2] [D] [thread 91483] [35.0] [cxt 0] Egress port is 0
[09:01:23.023] [bmv2] [D] [thread 91484] [34.0] [cxt 0] Pipeline 'egress': start
[09:01:23.023] [bmv2] [D] [thread 91484] [34.0] [cxt 0] Pipeline 'egress': end
[09:01:23.023] [bmv2] [D] [thread 91484] [34.0] [cxt 0] Deparser 'deparser': start
[09:01:23.023] [bmv2] [D] [thread 91484] [34.0] [cxt 0] Deparsing header 'ethernet'
[09:01:23.023] [bmv2] [D] [thread 91484] [34.0] [cxt 0] Deparser 'deparser': end
[09:01:23.023] [bmv2] [D] [thread 91484] [35.0] [cxt 0] Pipeline 'egress': start
[09:01:23.023] [bmv2] [D] [thread 91484] [35.0] [cxt 0] Pipeline 'egress': end
[09:01:23.023] [bmv2] [D] [thread 91484] [35.0] [cxt 0] Deparser 'deparser': start
[09:01:23.023] [bmv2] [D] [thread 91484] [35.0] [cxt 0] Deparsing header 'ethernet'
[09:01:23.023] [bmv2] [D] [thread 91484] [35.0] [cxt 0] Deparser 'deparser': end
[09:01:23.023] [bmv2] [D] [thread 91488] [34.0] [cxt 0] Transmitting packet of size 211 out of port 0
[09:01:23.023] [bmv2] [D] [thread 91488] [35.0] [cxt 0] Transmitting packet of size 199 out of port 0
[09:01:23.106] [bmv2] [D] [thread 91483] [36.0] [cxt 0] Processing packet received on port 1
[09:01:23.106] [bmv2] [D] [thread 91483] [36.0] [cxt 0] Parser 'parser': start
[09:01:23.106] [bmv2] [D] [thread 91483] [36.0] [cxt 0] Parser 'parser' entering state 'start'
[09:01:23.106] [bmv2] [D] [thread 91483] [36.0] [cxt 0] Extracting header 'ethernet'
[09:01:23.106] [bmv2] [D] [thread 91483] [36.0] [cxt 0] Parser state 'start': key is 86dd
[09:01:23.106] [bmv2] [T] [thread 91483] [36.0] [cxt 0] Bytes parsed: 14
[09:01:23.106] [bmv2] [D] [thread 91483] [36.0] [cxt 0] Parser 'parser': end
[09:01:23.106] [bmv2] [D] [thread 91483] [36.0] [cxt 0] Pipeline 'ingress': start
[09:01:23.106] [bmv2] [T] [thread 91483] [36.0] [cxt 0] switch.p4(147) Condition "hdr.icn.isValid()" (node_2) is false
[09:01:23.106] [bmv2] [T] [thread 91483] [36.0] [cxt 0] switch.p4(164) Condition "hdr.payload.flag == 1" (node_13) is false
[09:01:23.106] [bmv2] [T] [thread 91483] [36.0] [cxt 0] Applying table 'tbl_data_forward_0'
[09:01:23.106] [bmv2] [D] [thread 91483] [36.0] [cxt 0] Looking up key:

[09:01:23.106] [bmv2] [D] [thread 91483] [36.0] [cxt 0] Table 'tbl_data_forward_0': miss
[09:01:23.106] [bmv2] [D] [thread 91483] [36.0] [cxt 0] Action entry is MyIngress.data_forward - 
[09:01:23.106] [bmv2] [T] [thread 91483] [36.0] [cxt 0] Action MyIngress.data_forward
[09:01:23.106] [bmv2] [T] [thread 91483] [36.0] [cxt 0] switch.p4(97) Primitive pit_table.read(egress_port, hdr.payload.content_id)
[09:01:23.106] [bmv2] [T] [thread 91483] [36.0] [cxt 0] Read register 'MyIngress.pit_table' at index 0 read value 0
[09:01:23.106] [bmv2] [T] [thread 91483] [36.0] [cxt 0] switch.p4(98) Primitive standard_metadata.egress_spec = egress_port
[09:01:23.106] [bmv2] [T] [thread 91483] [36.0] [cxt 0] switch.p4(99) Primitive pit_table.write(hdr.payload.content_id, 0)
[09:01:23.106] [bmv2] [T] [thread 91483] [36.0] [cxt 0] Wrote register 'MyIngress.pit_table' at index 0 with value 0
[09:01:23.106] [bmv2] [T] [thread 91483] [36.0] [cxt 0] switch.p4(100) Primitive hdr.ethernet.srcAddr = 0xFFFFFFFFFFFF
[09:01:23.106] [bmv2] [T] [thread 91483] [36.0] [cxt 0] switch.p4(101) Primitive hdr.ethernet.dstAddr = 0xFFFFFFFFFFFF
[09:01:23.106] [bmv2] [T] [thread 91483] [36.0] [cxt 0] switch.p4(102) Primitive hdr.payload.ttl = hdr.payload.ttl - 1
[09:01:23.106] [bmv2] [D] [thread 91483] [36.0] [cxt 0] Pipeline 'ingress': end
[09:01:23.106] [bmv2] [D] [thread 91483] [36.0] [cxt 0] Egress port is 0
[09:01:23.106] [bmv2] [D] [thread 91484] [36.0] [cxt 0] Pipeline 'egress': start
[09:01:23.106] [bmv2] [D] [thread 91484] [36.0] [cxt 0] Pipeline 'egress': end
[09:01:23.106] [bmv2] [D] [thread 91484] [36.0] [cxt 0] Deparser 'deparser': start
[09:01:23.106] [bmv2] [D] [thread 91484] [36.0] [cxt 0] Deparsing header 'ethernet'
[09:01:23.106] [bmv2] [D] [thread 91484] [36.0] [cxt 0] Deparser 'deparser': end
[09:01:23.106] [bmv2] [D] [thread 91488] [36.0] [cxt 0] Transmitting packet of size 211 out of port 0
[09:01:23.136] [bmv2] [D] [thread 91483] [37.0] [cxt 0] Processing packet received on port 2
[09:01:23.136] [bmv2] [D] [thread 91483] [37.0] [cxt 0] Parser 'parser': start
[09:01:23.136] [bmv2] [D] [thread 91483] [37.0] [cxt 0] Parser 'parser' entering state 'start'
[09:01:23.136] [bmv2] [D] [thread 91483] [37.0] [cxt 0] Extracting header 'ethernet'
[09:01:23.136] [bmv2] [D] [thread 91483] [37.0] [cxt 0] Parser state 'start': key is 86dd
[09:01:23.136] [bmv2] [T] [thread 91483] [37.0] [cxt 0] Bytes parsed: 14
[09:01:23.136] [bmv2] [D] [thread 91483] [37.0] [cxt 0] Parser 'parser': end
[09:01:23.136] [bmv2] [D] [thread 91483] [37.0] [cxt 0] Pipeline 'ingress': start
[09:01:23.136] [bmv2] [T] [thread 91483] [37.0] [cxt 0] switch.p4(147) Condition "hdr.icn.isValid()" (node_2) is false
[09:01:23.136] [bmv2] [T] [thread 91483] [37.0] [cxt 0] switch.p4(164) Condition "hdr.payload.flag == 1" (node_13) is false
[09:01:23.136] [bmv2] [T] [thread 91483] [37.0] [cxt 0] Applying table 'tbl_data_forward_0'
[09:01:23.136] [bmv2] [D] [thread 91483] [37.0] [cxt 0] Looking up key:

[09:01:23.136] [bmv2] [D] [thread 91483] [37.0] [cxt 0] Table 'tbl_data_forward_0': miss
[09:01:23.136] [bmv2] [D] [thread 91483] [37.0] [cxt 0] Action entry is MyIngress.data_forward - 
[09:01:23.136] [bmv2] [T] [thread 91483] [37.0] [cxt 0] Action MyIngress.data_forward
[09:01:23.136] [bmv2] [T] [thread 91483] [37.0] [cxt 0] switch.p4(97) Primitive pit_table.read(egress_port, hdr.payload.content_id)
[09:01:23.136] [bmv2] [T] [thread 91483] [37.0] [cxt 0] Read register 'MyIngress.pit_table' at index 0 read value 0
[09:01:23.136] [bmv2] [T] [thread 91483] [37.0] [cxt 0] switch.p4(98) Primitive standard_metadata.egress_spec = egress_port
[09:01:23.136] [bmv2] [T] [thread 91483] [37.0] [cxt 0] switch.p4(99) Primitive pit_table.write(hdr.payload.content_id, 0)
[09:01:23.136] [bmv2] [T] [thread 91483] [37.0] [cxt 0] Wrote register 'MyIngress.pit_table' at index 0 with value 0
[09:01:23.136] [bmv2] [T] [thread 91483] [37.0] [cxt 0] switch.p4(100) Primitive hdr.ethernet.srcAddr = 0xFFFFFFFFFFFF
[09:01:23.136] [bmv2] [T] [thread 91483] [37.0] [cxt 0] switch.p4(101) Primitive hdr.ethernet.dstAddr = 0xFFFFFFFFFFFF
[09:01:23.136] [bmv2] [T] [thread 91483] [37.0] [cxt 0] switch.p4(102) Primitive hdr.payload.ttl = hdr.payload.ttl - 1
[09:01:23.136] [bmv2] [D] [thread 91483] [37.0] [cxt 0] Pipeline 'ingress': end
[09:01:23.136] [bmv2] [D] [thread 91483] [37.0] [cxt 0] Egress port is 0
[09:01:23.136] [bmv2] [D] [thread 91484] [37.0] [cxt 0] Pipeline 'egress': start
[09:01:23.136] [bmv2] [D] [thread 91484] [37.0] [cxt 0] Pipeline 'egress': end
[09:01:23.136] [bmv2] [D] [thread 91484] [37.0] [cxt 0] Deparser 'deparser': start
[09:01:23.136] [bmv2] [D] [thread 91484] [37.0] [cxt 0] Deparsing header 'ethernet'
[09:01:23.136] [bmv2] [D] [thread 91484] [37.0] [cxt 0] Deparser 'deparser': end
[09:01:23.136] [bmv2] [D] [thread 91488] [37.0] [cxt 0] Transmitting packet of size 203 out of port 0
[09:01:23.258] [bmv2] [D] [thread 91483] [38.0] [cxt 0] Processing packet received on port 2
[09:01:23.258] [bmv2] [D] [thread 91483] [38.0] [cxt 0] Parser 'parser': start
[09:01:23.258] [bmv2] [D] [thread 91483] [38.0] [cxt 0] Parser 'parser' entering state 'start'
[09:01:23.258] [bmv2] [D] [thread 91483] [38.0] [cxt 0] Extracting header 'ethernet'
[09:01:23.258] [bmv2] [D] [thread 91483] [38.0] [cxt 0] Parser state 'start': key is 86dd
[09:01:23.258] [bmv2] [T] [thread 91483] [38.0] [cxt 0] Bytes parsed: 14
[09:01:23.258] [bmv2] [D] [thread 91483] [38.0] [cxt 0] Parser 'parser': end
[09:01:23.258] [bmv2] [D] [thread 91483] [38.0] [cxt 0] Pipeline 'ingress': start
[09:01:23.258] [bmv2] [T] [thread 91483] [38.0] [cxt 0] switch.p4(147) Condition "hdr.icn.isValid()" (node_2) is false
[09:01:23.258] [bmv2] [T] [thread 91483] [38.0] [cxt 0] switch.p4(164) Condition "hdr.payload.flag == 1" (node_13) is false
[09:01:23.258] [bmv2] [T] [thread 91483] [38.0] [cxt 0] Applying table 'tbl_data_forward_0'
[09:01:23.258] [bmv2] [D] [thread 91483] [38.0] [cxt 0] Looking up key:

[09:01:23.258] [bmv2] [D] [thread 91483] [38.0] [cxt 0] Table 'tbl_data_forward_0': miss
[09:01:23.258] [bmv2] [D] [thread 91483] [38.0] [cxt 0] Action entry is MyIngress.data_forward - 
[09:01:23.258] [bmv2] [T] [thread 91483] [38.0] [cxt 0] Action MyIngress.data_forward
[09:01:23.258] [bmv2] [T] [thread 91483] [38.0] [cxt 0] switch.p4(97) Primitive pit_table.read(egress_port, hdr.payload.content_id)
[09:01:23.258] [bmv2] [T] [thread 91483] [38.0] [cxt 0] Read register 'MyIngress.pit_table' at index 0 read value 0
[09:01:23.258] [bmv2] [T] [thread 91483] [38.0] [cxt 0] switch.p4(98) Primitive standard_metadata.egress_spec = egress_port
[09:01:23.258] [bmv2] [T] [thread 91483] [38.0] [cxt 0] switch.p4(99) Primitive pit_table.write(hdr.payload.content_id, 0)
[09:01:23.258] [bmv2] [T] [thread 91483] [38.0] [cxt 0] Wrote register 'MyIngress.pit_table' at index 0 with value 0
[09:01:23.258] [bmv2] [T] [thread 91483] [38.0] [cxt 0] switch.p4(100) Primitive hdr.ethernet.srcAddr = 0xFFFFFFFFFFFF
[09:01:23.258] [bmv2] [T] [thread 91483] [38.0] [cxt 0] switch.p4(101) Primitive hdr.ethernet.dstAddr = 0xFFFFFFFFFFFF
[09:01:23.258] [bmv2] [T] [thread 91483] [38.0] [cxt 0] switch.p4(102) Primitive hdr.payload.ttl = hdr.payload.ttl - 1
[09:01:23.258] [bmv2] [D] [thread 91483] [38.0] [cxt 0] Pipeline 'ingress': end
[09:01:23.258] [bmv2] [D] [thread 91483] [38.0] [cxt 0] Egress port is 0
[09:01:23.258] [bmv2] [D] [thread 91484] [38.0] [cxt 0] Pipeline 'egress': start
[09:01:23.258] [bmv2] [D] [thread 91484] [38.0] [cxt 0] Pipeline 'egress': end
[09:01:23.258] [bmv2] [D] [thread 91484] [38.0] [cxt 0] Deparser 'deparser': start
[09:01:23.258] [bmv2] [D] [thread 91484] [38.0] [cxt 0] Deparsing header 'ethernet'
[09:01:23.258] [bmv2] [D] [thread 91484] [38.0] [cxt 0] Deparser 'deparser': end
[09:01:23.258] [bmv2] [D] [thread 91488] [38.0] [cxt 0] Transmitting packet of size 211 out of port 0
[09:01:23.345] [bmv2] [D] [thread 91483] [39.0] [cxt 0] Processing packet received on port 1
[09:01:23.345] [bmv2] [D] [thread 91483] [39.0] [cxt 0] Parser 'parser': start
[09:01:23.345] [bmv2] [D] [thread 91483] [39.0] [cxt 0] Parser 'parser' entering state 'start'
[09:01:23.345] [bmv2] [D] [thread 91483] [39.0] [cxt 0] Extracting header 'ethernet'
[09:01:23.345] [bmv2] [D] [thread 91483] [39.0] [cxt 0] Parser state 'start': key is 86dd
[09:01:23.345] [bmv2] [T] [thread 91483] [39.0] [cxt 0] Bytes parsed: 14
[09:01:23.345] [bmv2] [D] [thread 91483] [39.0] [cxt 0] Parser 'parser': end
[09:01:23.345] [bmv2] [D] [thread 91483] [39.0] [cxt 0] Pipeline 'ingress': start
[09:01:23.345] [bmv2] [T] [thread 91483] [39.0] [cxt 0] switch.p4(147) Condition "hdr.icn.isValid()" (node_2) is false
[09:01:23.345] [bmv2] [T] [thread 91483] [39.0] [cxt 0] switch.p4(164) Condition "hdr.payload.flag == 1" (node_13) is false
[09:01:23.345] [bmv2] [T] [thread 91483] [39.0] [cxt 0] Applying table 'tbl_data_forward_0'
[09:01:23.345] [bmv2] [D] [thread 91483] [39.0] [cxt 0] Looking up key:

[09:01:23.345] [bmv2] [D] [thread 91483] [39.0] [cxt 0] Table 'tbl_data_forward_0': miss
[09:01:23.345] [bmv2] [D] [thread 91483] [39.0] [cxt 0] Action entry is MyIngress.data_forward - 
[09:01:23.345] [bmv2] [T] [thread 91483] [39.0] [cxt 0] Action MyIngress.data_forward
[09:01:23.345] [bmv2] [T] [thread 91483] [39.0] [cxt 0] switch.p4(97) Primitive pit_table.read(egress_port, hdr.payload.content_id)
[09:01:23.345] [bmv2] [T] [thread 91483] [39.0] [cxt 0] Read register 'MyIngress.pit_table' at index 0 read value 0
[09:01:23.345] [bmv2] [T] [thread 91483] [39.0] [cxt 0] switch.p4(98) Primitive standard_metadata.egress_spec = egress_port
[09:01:23.345] [bmv2] [T] [thread 91483] [39.0] [cxt 0] switch.p4(99) Primitive pit_table.write(hdr.payload.content_id, 0)
[09:01:23.345] [bmv2] [T] [thread 91483] [39.0] [cxt 0] Wrote register 'MyIngress.pit_table' at index 0 with value 0
[09:01:23.345] [bmv2] [T] [thread 91483] [39.0] [cxt 0] switch.p4(100) Primitive hdr.ethernet.srcAddr = 0xFFFFFFFFFFFF
[09:01:23.345] [bmv2] [T] [thread 91483] [39.0] [cxt 0] switch.p4(101) Primitive hdr.ethernet.dstAddr = 0xFFFFFFFFFFFF
[09:01:23.345] [bmv2] [T] [thread 91483] [39.0] [cxt 0] switch.p4(102) Primitive hdr.payload.ttl = hdr.payload.ttl - 1
[09:01:23.345] [bmv2] [D] [thread 91483] [39.0] [cxt 0] Pipeline 'ingress': end
[09:01:23.345] [bmv2] [D] [thread 91483] [39.0] [cxt 0] Egress port is 0
[09:01:23.345] [bmv2] [D] [thread 91483] [40.0] [cxt 0] Processing packet received on port 1
[09:01:23.345] [bmv2] [D] [thread 91483] [40.0] [cxt 0] Parser 'parser': start
[09:01:23.345] [bmv2] [D] [thread 91483] [40.0] [cxt 0] Parser 'parser' entering state 'start'
[09:01:23.345] [bmv2] [D] [thread 91483] [40.0] [cxt 0] Extracting header 'ethernet'
[09:01:23.345] [bmv2] [D] [thread 91483] [40.0] [cxt 0] Parser state 'start': key is 86dd
[09:01:23.345] [bmv2] [T] [thread 91483] [40.0] [cxt 0] Bytes parsed: 14
[09:01:23.345] [bmv2] [D] [thread 91483] [40.0] [cxt 0] Parser 'parser': end
[09:01:23.345] [bmv2] [D] [thread 91483] [40.0] [cxt 0] Pipeline 'ingress': start
[09:01:23.345] [bmv2] [T] [thread 91483] [40.0] [cxt 0] switch.p4(147) Condition "hdr.icn.isValid()" (node_2) is false
[09:01:23.345] [bmv2] [T] [thread 91483] [40.0] [cxt 0] switch.p4(164) Condition "hdr.payload.flag == 1" (node_13) is false
[09:01:23.345] [bmv2] [T] [thread 91483] [40.0] [cxt 0] Applying table 'tbl_data_forward_0'
[09:01:23.345] [bmv2] [D] [thread 91483] [40.0] [cxt 0] Looking up key:

[09:01:23.345] [bmv2] [D] [thread 91483] [40.0] [cxt 0] Table 'tbl_data_forward_0': miss
[09:01:23.345] [bmv2] [D] [thread 91483] [40.0] [cxt 0] Action entry is MyIngress.data_forward - 
[09:01:23.345] [bmv2] [T] [thread 91483] [40.0] [cxt 0] Action MyIngress.data_forward
[09:01:23.345] [bmv2] [T] [thread 91483] [40.0] [cxt 0] switch.p4(97) Primitive pit_table.read(egress_port, hdr.payload.content_id)
[09:01:23.345] [bmv2] [T] [thread 91483] [40.0] [cxt 0] Read register 'MyIngress.pit_table' at index 0 read value 0
[09:01:23.345] [bmv2] [T] [thread 91483] [40.0] [cxt 0] switch.p4(98) Primitive standard_metadata.egress_spec = egress_port
[09:01:23.345] [bmv2] [T] [thread 91483] [40.0] [cxt 0] switch.p4(99) Primitive pit_table.write(hdr.payload.content_id, 0)
[09:01:23.345] [bmv2] [T] [thread 91483] [40.0] [cxt 0] Wrote register 'MyIngress.pit_table' at index 0 with value 0
[09:01:23.345] [bmv2] [T] [thread 91483] [40.0] [cxt 0] switch.p4(100) Primitive hdr.ethernet.srcAddr = 0xFFFFFFFFFFFF
[09:01:23.345] [bmv2] [T] [thread 91483] [40.0] [cxt 0] switch.p4(101) Primitive hdr.ethernet.dstAddr = 0xFFFFFFFFFFFF
[09:01:23.345] [bmv2] [T] [thread 91483] [40.0] [cxt 0] switch.p4(102) Primitive hdr.payload.ttl = hdr.payload.ttl - 1
[09:01:23.345] [bmv2] [D] [thread 91483] [40.0] [cxt 0] Pipeline 'ingress': end
[09:01:23.345] [bmv2] [D] [thread 91483] [40.0] [cxt 0] Egress port is 0
[09:01:23.345] [bmv2] [D] [thread 91483] [41.0] [cxt 0] Processing packet received on port 1
[09:01:23.345] [bmv2] [D] [thread 91483] [41.0] [cxt 0] Parser 'parser': start
[09:01:23.345] [bmv2] [D] [thread 91483] [41.0] [cxt 0] Parser 'parser' entering state 'start'
[09:01:23.345] [bmv2] [D] [thread 91483] [41.0] [cxt 0] Extracting header 'ethernet'
[09:01:23.345] [bmv2] [D] [thread 91483] [41.0] [cxt 0] Parser state 'start': key is 86dd
[09:01:23.345] [bmv2] [T] [thread 91483] [41.0] [cxt 0] Bytes parsed: 14
[09:01:23.345] [bmv2] [D] [thread 91483] [41.0] [cxt 0] Parser 'parser': end
[09:01:23.345] [bmv2] [D] [thread 91483] [41.0] [cxt 0] Pipeline 'ingress': start
[09:01:23.345] [bmv2] [T] [thread 91483] [41.0] [cxt 0] switch.p4(147) Condition "hdr.icn.isValid()" (node_2) is false
[09:01:23.345] [bmv2] [T] [thread 91483] [41.0] [cxt 0] switch.p4(164) Condition "hdr.payload.flag == 1" (node_13) is false
[09:01:23.345] [bmv2] [T] [thread 91483] [41.0] [cxt 0] Applying table 'tbl_data_forward_0'
[09:01:23.345] [bmv2] [D] [thread 91483] [41.0] [cxt 0] Looking up key:

[09:01:23.345] [bmv2] [D] [thread 91483] [41.0] [cxt 0] Table 'tbl_data_forward_0': miss
[09:01:23.345] [bmv2] [D] [thread 91483] [41.0] [cxt 0] Action entry is MyIngress.data_forward - 
[09:01:23.345] [bmv2] [T] [thread 91483] [41.0] [cxt 0] Action MyIngress.data_forward
[09:01:23.345] [bmv2] [T] [thread 91483] [41.0] [cxt 0] switch.p4(97) Primitive pit_table.read(egress_port, hdr.payload.content_id)
[09:01:23.345] [bmv2] [T] [thread 91483] [41.0] [cxt 0] Read register 'MyIngress.pit_table' at index 0 read value 0
[09:01:23.345] [bmv2] [T] [thread 91483] [41.0] [cxt 0] switch.p4(98) Primitive standard_metadata.egress_spec = egress_port
[09:01:23.345] [bmv2] [T] [thread 91483] [41.0] [cxt 0] switch.p4(99) Primitive pit_table.write(hdr.payload.content_id, 0)
[09:01:23.345] [bmv2] [T] [thread 91483] [41.0] [cxt 0] Wrote register 'MyIngress.pit_table' at index 0 with value 0
[09:01:23.345] [bmv2] [T] [thread 91483] [41.0] [cxt 0] switch.p4(100) Primitive hdr.ethernet.srcAddr = 0xFFFFFFFFFFFF
[09:01:23.345] [bmv2] [T] [thread 91483] [41.0] [cxt 0] switch.p4(101) Primitive hdr.ethernet.dstAddr = 0xFFFFFFFFFFFF
[09:01:23.345] [bmv2] [T] [thread 91483] [41.0] [cxt 0] switch.p4(102) Primitive hdr.payload.ttl = hdr.payload.ttl - 1
[09:01:23.345] [bmv2] [D] [thread 91483] [41.0] [cxt 0] Pipeline 'ingress': end
[09:01:23.345] [bmv2] [D] [thread 91483] [41.0] [cxt 0] Egress port is 0
[09:01:23.345] [bmv2] [D] [thread 91484] [39.0] [cxt 0] Pipeline 'egress': start
[09:01:23.345] [bmv2] [D] [thread 91484] [39.0] [cxt 0] Pipeline 'egress': end
[09:01:23.345] [bmv2] [D] [thread 91484] [39.0] [cxt 0] Deparser 'deparser': start
[09:01:23.345] [bmv2] [D] [thread 91484] [39.0] [cxt 0] Deparsing header 'ethernet'
[09:01:23.345] [bmv2] [D] [thread 91484] [39.0] [cxt 0] Deparser 'deparser': end
[09:01:23.345] [bmv2] [D] [thread 91484] [40.0] [cxt 0] Pipeline 'egress': start
[09:01:23.351] [bmv2] [D] [thread 91484] [40.0] [cxt 0] Pipeline 'egress': end
[09:01:23.351] [bmv2] [D] [thread 91484] [40.0] [cxt 0] Deparser 'deparser': start
[09:01:23.351] [bmv2] [D] [thread 91484] [40.0] [cxt 0] Deparsing header 'ethernet'
[09:01:23.351] [bmv2] [D] [thread 91484] [40.0] [cxt 0] Deparser 'deparser': end
[09:01:23.351] [bmv2] [D] [thread 91484] [41.0] [cxt 0] Pipeline 'egress': start
[09:01:23.351] [bmv2] [D] [thread 91484] [41.0] [cxt 0] Pipeline 'egress': end
[09:01:23.351] [bmv2] [D] [thread 91484] [41.0] [cxt 0] Deparser 'deparser': start
[09:01:23.351] [bmv2] [D] [thread 91484] [41.0] [cxt 0] Deparsing header 'ethernet'
[09:01:23.351] [bmv2] [D] [thread 91484] [41.0] [cxt 0] Deparser 'deparser': end
[09:01:23.351] [bmv2] [D] [thread 91488] [39.0] [cxt 0] Transmitting packet of size 90 out of port 0
[09:01:23.351] [bmv2] [D] [thread 91488] [40.0] [cxt 0] Transmitting packet of size 211 out of port 0
[09:01:23.351] [bmv2] [D] [thread 91488] [41.0] [cxt 0] Transmitting packet of size 113 out of port 0
[09:01:23.385] [bmv2] [D] [thread 91483] [42.0] [cxt 0] Processing packet received on port 2
[09:01:23.385] [bmv2] [D] [thread 91483] [42.0] [cxt 0] Parser 'parser': start
[09:01:23.385] [bmv2] [D] [thread 91483] [42.0] [cxt 0] Parser 'parser' entering state 'start'
[09:01:23.385] [bmv2] [D] [thread 91483] [42.0] [cxt 0] Extracting header 'ethernet'
[09:01:23.385] [bmv2] [D] [thread 91483] [42.0] [cxt 0] Parser state 'start': key is 86dd
[09:01:23.385] [bmv2] [T] [thread 91483] [42.0] [cxt 0] Bytes parsed: 14
[09:01:23.385] [bmv2] [D] [thread 91483] [42.0] [cxt 0] Parser 'parser': end
[09:01:23.385] [bmv2] [D] [thread 91483] [42.0] [cxt 0] Pipeline 'ingress': start
[09:01:23.385] [bmv2] [T] [thread 91483] [42.0] [cxt 0] switch.p4(147) Condition "hdr.icn.isValid()" (node_2) is false
[09:01:23.385] [bmv2] [T] [thread 91483] [42.0] [cxt 0] switch.p4(164) Condition "hdr.payload.flag == 1" (node_13) is false
[09:01:23.385] [bmv2] [T] [thread 91483] [42.0] [cxt 0] Applying table 'tbl_data_forward_0'
[09:01:23.385] [bmv2] [D] [thread 91483] [42.0] [cxt 0] Looking up key:

[09:01:23.385] [bmv2] [D] [thread 91483] [42.0] [cxt 0] Table 'tbl_data_forward_0': miss
[09:01:23.385] [bmv2] [D] [thread 91483] [42.0] [cxt 0] Action entry is MyIngress.data_forward - 
[09:01:23.385] [bmv2] [T] [thread 91483] [42.0] [cxt 0] Action MyIngress.data_forward
[09:01:23.385] [bmv2] [T] [thread 91483] [42.0] [cxt 0] switch.p4(97) Primitive pit_table.read(egress_port, hdr.payload.content_id)
[09:01:23.385] [bmv2] [T] [thread 91483] [42.0] [cxt 0] Read register 'MyIngress.pit_table' at index 0 read value 0
[09:01:23.385] [bmv2] [T] [thread 91483] [42.0] [cxt 0] switch.p4(98) Primitive standard_metadata.egress_spec = egress_port
[09:01:23.385] [bmv2] [T] [thread 91483] [42.0] [cxt 0] switch.p4(99) Primitive pit_table.write(hdr.payload.content_id, 0)
[09:01:23.385] [bmv2] [T] [thread 91483] [42.0] [cxt 0] Wrote register 'MyIngress.pit_table' at index 0 with value 0
[09:01:23.385] [bmv2] [T] [thread 91483] [42.0] [cxt 0] switch.p4(100) Primitive hdr.ethernet.srcAddr = 0xFFFFFFFFFFFF
[09:01:23.385] [bmv2] [T] [thread 91483] [42.0] [cxt 0] switch.p4(101) Primitive hdr.ethernet.dstAddr = 0xFFFFFFFFFFFF
[09:01:23.385] [bmv2] [T] [thread 91483] [42.0] [cxt 0] switch.p4(102) Primitive hdr.payload.ttl = hdr.payload.ttl - 1
[09:01:23.385] [bmv2] [D] [thread 91483] [42.0] [cxt 0] Pipeline 'ingress': end
[09:01:23.385] [bmv2] [D] [thread 91483] [42.0] [cxt 0] Egress port is 0
[09:01:23.385] [bmv2] [D] [thread 91484] [42.0] [cxt 0] Pipeline 'egress': start
[09:01:23.385] [bmv2] [D] [thread 91484] [42.0] [cxt 0] Pipeline 'egress': end
[09:01:23.385] [bmv2] [D] [thread 91484] [42.0] [cxt 0] Deparser 'deparser': start
[09:01:23.385] [bmv2] [D] [thread 91484] [42.0] [cxt 0] Deparsing header 'ethernet'
[09:01:23.385] [bmv2] [D] [thread 91484] [42.0] [cxt 0] Deparser 'deparser': end
[09:01:23.385] [bmv2] [D] [thread 91488] [42.0] [cxt 0] Transmitting packet of size 110 out of port 0
[09:01:23.458] [bmv2] [D] [thread 91483] [43.0] [cxt 0] Processing packet received on port 2
[09:01:23.458] [bmv2] [D] [thread 91483] [43.0] [cxt 0] Parser 'parser': start
[09:01:23.458] [bmv2] [D] [thread 91483] [43.0] [cxt 0] Parser 'parser' entering state 'start'
[09:01:23.458] [bmv2] [D] [thread 91483] [43.0] [cxt 0] Extracting header 'ethernet'
[09:01:23.458] [bmv2] [D] [thread 91483] [43.0] [cxt 0] Parser state 'start': key is 86dd
[09:01:23.458] [bmv2] [T] [thread 91483] [43.0] [cxt 0] Bytes parsed: 14
[09:01:23.458] [bmv2] [D] [thread 91483] [43.0] [cxt 0] Parser 'parser': end
[09:01:23.458] [bmv2] [D] [thread 91483] [43.0] [cxt 0] Pipeline 'ingress': start
[09:01:23.458] [bmv2] [T] [thread 91483] [43.0] [cxt 0] switch.p4(147) Condition "hdr.icn.isValid()" (node_2) is false
[09:01:23.458] [bmv2] [T] [thread 91483] [43.0] [cxt 0] switch.p4(164) Condition "hdr.payload.flag == 1" (node_13) is false
[09:01:23.458] [bmv2] [T] [thread 91483] [43.0] [cxt 0] Applying table 'tbl_data_forward_0'
[09:01:23.458] [bmv2] [D] [thread 91483] [43.0] [cxt 0] Looking up key:

[09:01:23.458] [bmv2] [D] [thread 91483] [43.0] [cxt 0] Table 'tbl_data_forward_0': miss
[09:01:23.458] [bmv2] [D] [thread 91483] [43.0] [cxt 0] Action entry is MyIngress.data_forward - 
[09:01:23.458] [bmv2] [T] [thread 91483] [43.0] [cxt 0] Action MyIngress.data_forward
[09:01:23.458] [bmv2] [T] [thread 91483] [43.0] [cxt 0] switch.p4(97) Primitive pit_table.read(egress_port, hdr.payload.content_id)
[09:01:23.458] [bmv2] [T] [thread 91483] [43.0] [cxt 0] Read register 'MyIngress.pit_table' at index 0 read value 0
[09:01:23.458] [bmv2] [T] [thread 91483] [43.0] [cxt 0] switch.p4(98) Primitive standard_metadata.egress_spec = egress_port
[09:01:23.458] [bmv2] [T] [thread 91483] [43.0] [cxt 0] switch.p4(99) Primitive pit_table.write(hdr.payload.content_id, 0)
[09:01:23.458] [bmv2] [T] [thread 91483] [43.0] [cxt 0] Wrote register 'MyIngress.pit_table' at index 0 with value 0
[09:01:23.458] [bmv2] [T] [thread 91483] [43.0] [cxt 0] switch.p4(100) Primitive hdr.ethernet.srcAddr = 0xFFFFFFFFFFFF
[09:01:23.458] [bmv2] [T] [thread 91483] [43.0] [cxt 0] switch.p4(101) Primitive hdr.ethernet.dstAddr = 0xFFFFFFFFFFFF
[09:01:23.458] [bmv2] [T] [thread 91483] [43.0] [cxt 0] switch.p4(102) Primitive hdr.payload.ttl = hdr.payload.ttl - 1
[09:01:23.458] [bmv2] [D] [thread 91483] [43.0] [cxt 0] Pipeline 'ingress': end
[09:01:23.458] [bmv2] [D] [thread 91483] [43.0] [cxt 0] Egress port is 0
[09:01:23.458] [bmv2] [D] [thread 91484] [43.0] [cxt 0] Pipeline 'egress': start
[09:01:23.458] [bmv2] [D] [thread 91484] [43.0] [cxt 0] Pipeline 'egress': end
[09:01:23.458] [bmv2] [D] [thread 91484] [43.0] [cxt 0] Deparser 'deparser': start
[09:01:23.458] [bmv2] [D] [thread 91484] [43.0] [cxt 0] Deparsing header 'ethernet'
[09:01:23.458] [bmv2] [D] [thread 91484] [43.0] [cxt 0] Deparser 'deparser': end
[09:01:23.458] [bmv2] [D] [thread 91488] [43.0] [cxt 0] Transmitting packet of size 199 out of port 0
[09:01:23.504] [bmv2] [W] [thread 91526] [P4Runtime] p4::tmp::P4DeviceConfig is deprecated
[09:01:23.508] [bmv2] [D] [thread 91526] Set default default entry for table 'tbl_switch148': switch148 - 
[09:01:23.511] [bmv2] [D] [thread 91526] Set default default entry for table 'tbl_switch150': switch150 - 
[09:01:23.511] [bmv2] [D] [thread 91526] Set default default entry for table 'tbl_return_content': MyIngress.return_content - 
[09:01:23.511] [bmv2] [D] [thread 91526] Set default default entry for table 'tbl_return_content_0': MyIngress.return_content - 
[09:01:23.512] [bmv2] [D] [thread 91526] Set default default entry for table 'tbl_switch155': switch155 - 
[09:01:23.512] [bmv2] [D] [thread 91526] Set default default entry for table 'tbl_data_forward': MyIngress.data_forward - 
[09:01:23.512] [bmv2] [D] [thread 91526] Set default default entry for table 'tbl_switch159': switch159 - 
[09:01:23.512] [bmv2] [D] [thread 91526] Set default default entry for table 'MyIngress.foward_interest': MyIngress.drop - 
[09:01:23.513] [bmv2] [D] [thread 91526] Set default default entry for table 'tbl_cache_content': MyIngress.cache_content - 
[09:01:23.513] [bmv2] [D] [thread 91526] Set default default entry for table 'tbl_data_forward_0': MyIngress.data_forward - 
[09:01:23.514] [bmv2] [D] [thread 91483] [44.0] [cxt 0] Processing packet received on port 1
[09:01:23.514] [bmv2] [D] [thread 91483] [44.0] [cxt 0] Parser 'parser': start
[09:01:23.514] [bmv2] [D] [thread 91483] [44.0] [cxt 0] Parser 'parser' entering state 'start'
[09:01:23.514] [bmv2] [D] [thread 91483] [44.0] [cxt 0] Extracting header 'ethernet'
[09:01:23.514] [bmv2] [D] [thread 91483] [44.0] [cxt 0] Parser state 'start': key is 86dd
[09:01:23.514] [bmv2] [T] [thread 91483] [44.0] [cxt 0] Bytes parsed: 14
[09:01:23.514] [bmv2] [D] [thread 91483] [44.0] [cxt 0] Parser 'parser': end
[09:01:23.514] [bmv2] [D] [thread 91483] [44.0] [cxt 0] Pipeline 'ingress': start
[09:01:23.514] [bmv2] [T] [thread 91483] [44.0] [cxt 0] switch.p4(147) Condition "hdr.icn.isValid()" (node_2) is false
[09:01:23.514] [bmv2] [T] [thread 91483] [44.0] [cxt 0] switch.p4(164) Condition "hdr.payload.flag == 1" (node_13) is false
[09:01:23.514] [bmv2] [T] [thread 91483] [44.0] [cxt 0] Applying table 'tbl_data_forward_0'
[09:01:23.514] [bmv2] [D] [thread 91483] [44.0] [cxt 0] Looking up key:

[09:01:23.514] [bmv2] [D] [thread 91483] [44.0] [cxt 0] Table 'tbl_data_forward_0': miss
[09:01:23.514] [bmv2] [D] [thread 91483] [44.0] [cxt 0] Action entry is MyIngress.data_forward - 
[09:01:23.514] [bmv2] [T] [thread 91483] [44.0] [cxt 0] Action MyIngress.data_forward
[09:01:23.514] [bmv2] [T] [thread 91483] [44.0] [cxt 0] switch.p4(97) Primitive pit_table.read(egress_port, hdr.payload.content_id)
[09:01:23.514] [bmv2] [T] [thread 91483] [44.0] [cxt 0] Read register 'MyIngress.pit_table' at index 0 read value 0
[09:01:23.514] [bmv2] [T] [thread 91483] [44.0] [cxt 0] switch.p4(98) Primitive standard_metadata.egress_spec = egress_port
[09:01:23.514] [bmv2] [T] [thread 91483] [44.0] [cxt 0] switch.p4(99) Primitive pit_table.write(hdr.payload.content_id, 0)
[09:01:23.514] [bmv2] [T] [thread 91483] [44.0] [cxt 0] Wrote register 'MyIngress.pit_table' at index 0 with value 0
[09:01:23.514] [bmv2] [T] [thread 91483] [44.0] [cxt 0] switch.p4(100) Primitive hdr.ethernet.srcAddr = 0xFFFFFFFFFFFF
[09:01:23.514] [bmv2] [T] [thread 91483] [44.0] [cxt 0] switch.p4(101) Primitive hdr.ethernet.dstAddr = 0xFFFFFFFFFFFF
[09:01:23.514] [bmv2] [T] [thread 91483] [44.0] [cxt 0] switch.p4(102) Primitive hdr.payload.ttl = hdr.payload.ttl - 1
[09:01:23.514] [bmv2] [D] [thread 91483] [44.0] [cxt 0] Pipeline 'ingress': end
[09:01:23.514] [bmv2] [D] [thread 91483] [44.0] [cxt 0] Egress port is 0
[09:01:23.514] [bmv2] [D] [thread 91484] [44.0] [cxt 0] Pipeline 'egress': start
[09:01:23.514] [bmv2] [D] [thread 91484] [44.0] [cxt 0] Pipeline 'egress': end
[09:01:23.514] [bmv2] [D] [thread 91484] [44.0] [cxt 0] Deparser 'deparser': start
[09:01:23.514] [bmv2] [D] [thread 91484] [44.0] [cxt 0] Deparsing header 'ethernet'
[09:01:23.514] [bmv2] [D] [thread 91484] [44.0] [cxt 0] Deparser 'deparser': end
[09:01:23.514] [bmv2] [D] [thread 91488] [44.0] [cxt 0] Transmitting packet of size 110 out of port 0
[09:01:23.516] [bmv2] [D] [thread 91526] simple_switch target has been notified of a config swap
[09:01:23.518] [bmv2] [D] [thread 91526] Entry 0 added to table 'MyIngress.foward_interest'
[09:01:23.518] [bmv2] [D] [thread 91526] Dumping entry 0
Match key:
* hdr.ethernet.srcAddr: EXACT     080000000100
Action entry: MyIngress.dup_interest - 80000000300,2,

[09:01:23.535] [bmv2] [D] [thread 91483] [45.0] [cxt 0] Processing packet received on port 1
[09:01:23.535] [bmv2] [D] [thread 91483] [45.0] [cxt 0] Parser 'parser': start
[09:01:23.535] [bmv2] [D] [thread 91483] [45.0] [cxt 0] Parser 'parser' entering state 'start'
[09:01:23.535] [bmv2] [D] [thread 91483] [45.0] [cxt 0] Extracting header 'ethernet'
[09:01:23.535] [bmv2] [D] [thread 91483] [45.0] [cxt 0] Parser state 'start': key is 86dd
[09:01:23.535] [bmv2] [T] [thread 91483] [45.0] [cxt 0] Bytes parsed: 14
[09:01:23.535] [bmv2] [D] [thread 91483] [45.0] [cxt 0] Parser 'parser': end
[09:01:23.535] [bmv2] [D] [thread 91483] [45.0] [cxt 0] Pipeline 'ingress': start
[09:01:23.535] [bmv2] [T] [thread 91483] [45.0] [cxt 0] switch.p4(147) Condition "hdr.icn.isValid()" (node_2) is false
[09:01:23.535] [bmv2] [T] [thread 91483] [45.0] [cxt 0] switch.p4(164) Condition "hdr.payload.flag == 1" (node_13) is false
[09:01:23.535] [bmv2] [T] [thread 91483] [45.0] [cxt 0] Applying table 'tbl_data_forward_0'
[09:01:23.535] [bmv2] [D] [thread 91483] [45.0] [cxt 0] Looking up key:

[09:01:23.535] [bmv2] [D] [thread 91483] [45.0] [cxt 0] Table 'tbl_data_forward_0': miss
[09:01:23.535] [bmv2] [D] [thread 91483] [45.0] [cxt 0] Action entry is MyIngress.data_forward - 
[09:01:23.535] [bmv2] [T] [thread 91483] [45.0] [cxt 0] Action MyIngress.data_forward
[09:01:23.535] [bmv2] [T] [thread 91483] [45.0] [cxt 0] switch.p4(97) Primitive pit_table.read(egress_port, hdr.payload.content_id)
[09:01:23.535] [bmv2] [T] [thread 91483] [45.0] [cxt 0] Read register 'MyIngress.pit_table' at index 0 read value 0
[09:01:23.535] [bmv2] [T] [thread 91483] [45.0] [cxt 0] switch.p4(98) Primitive standard_metadata.egress_spec = egress_port
[09:01:23.535] [bmv2] [T] [thread 91483] [45.0] [cxt 0] switch.p4(99) Primitive pit_table.write(hdr.payload.content_id, 0)
[09:01:23.535] [bmv2] [T] [thread 91483] [45.0] [cxt 0] Wrote register 'MyIngress.pit_table' at index 0 with value 0
[09:01:23.535] [bmv2] [T] [thread 91483] [45.0] [cxt 0] switch.p4(100) Primitive hdr.ethernet.srcAddr = 0xFFFFFFFFFFFF
[09:01:23.535] [bmv2] [T] [thread 91483] [45.0] [cxt 0] switch.p4(101) Primitive hdr.ethernet.dstAddr = 0xFFFFFFFFFFFF
[09:01:23.535] [bmv2] [T] [thread 91483] [45.0] [cxt 0] switch.p4(102) Primitive hdr.payload.ttl = hdr.payload.ttl - 1
[09:01:23.535] [bmv2] [D] [thread 91483] [45.0] [cxt 0] Pipeline 'ingress': end
[09:01:23.535] [bmv2] [D] [thread 91483] [45.0] [cxt 0] Egress port is 0
[09:01:23.535] [bmv2] [D] [thread 91483] [46.0] [cxt 0] Processing packet received on port 2
[09:01:23.535] [bmv2] [D] [thread 91483] [46.0] [cxt 0] Parser 'parser': start
[09:01:23.535] [bmv2] [D] [thread 91483] [46.0] [cxt 0] Parser 'parser' entering state 'start'
[09:01:23.535] [bmv2] [D] [thread 91483] [46.0] [cxt 0] Extracting header 'ethernet'
[09:01:23.535] [bmv2] [D] [thread 91483] [46.0] [cxt 0] Parser state 'start': key is 86dd
[09:01:23.535] [bmv2] [T] [thread 91483] [46.0] [cxt 0] Bytes parsed: 14
[09:01:23.535] [bmv2] [D] [thread 91483] [46.0] [cxt 0] Parser 'parser': end
[09:01:23.535] [bmv2] [D] [thread 91483] [46.0] [cxt 0] Pipeline 'ingress': start
[09:01:23.535] [bmv2] [T] [thread 91483] [46.0] [cxt 0] switch.p4(147) Condition "hdr.icn.isValid()" (node_2) is false
[09:01:23.535] [bmv2] [T] [thread 91483] [46.0] [cxt 0] switch.p4(164) Condition "hdr.payload.flag == 1" (node_13) is false
[09:01:23.535] [bmv2] [T] [thread 91483] [46.0] [cxt 0] Applying table 'tbl_data_forward_0'
[09:01:23.535] [bmv2] [D] [thread 91483] [46.0] [cxt 0] Looking up key:

[09:01:23.535] [bmv2] [D] [thread 91483] [46.0] [cxt 0] Table 'tbl_data_forward_0': miss
[09:01:23.535] [bmv2] [D] [thread 91483] [46.0] [cxt 0] Action entry is MyIngress.data_forward - 
[09:01:23.535] [bmv2] [T] [thread 91483] [46.0] [cxt 0] Action MyIngress.data_forward
[09:01:23.535] [bmv2] [T] [thread 91483] [46.0] [cxt 0] switch.p4(97) Primitive pit_table.read(egress_port, hdr.payload.content_id)
[09:01:23.535] [bmv2] [T] [thread 91483] [46.0] [cxt 0] Read register 'MyIngress.pit_table' at index 0 read value 0
[09:01:23.535] [bmv2] [T] [thread 91483] [46.0] [cxt 0] switch.p4(98) Primitive standard_metadata.egress_spec = egress_port
[09:01:23.535] [bmv2] [T] [thread 91483] [46.0] [cxt 0] switch.p4(99) Primitive pit_table.write(hdr.payload.content_id, 0)
[09:01:23.535] [bmv2] [T] [thread 91483] [46.0] [cxt 0] Wrote register 'MyIngress.pit_table' at index 0 with value 0
[09:01:23.535] [bmv2] [T] [thread 91483] [46.0] [cxt 0] switch.p4(100) Primitive hdr.ethernet.srcAddr = 0xFFFFFFFFFFFF
[09:01:23.535] [bmv2] [T] [thread 91483] [46.0] [cxt 0] switch.p4(101) Primitive hdr.ethernet.dstAddr = 0xFFFFFFFFFFFF
[09:01:23.535] [bmv2] [T] [thread 91483] [46.0] [cxt 0] switch.p4(102) Primitive hdr.payload.ttl = hdr.payload.ttl - 1
[09:01:23.535] [bmv2] [D] [thread 91483] [46.0] [cxt 0] Pipeline 'ingress': end
[09:01:23.535] [bmv2] [D] [thread 91483] [46.0] [cxt 0] Egress port is 0
[09:01:23.535] [bmv2] [D] [thread 91484] [45.0] [cxt 0] Pipeline 'egress': start
[09:01:23.535] [bmv2] [D] [thread 91484] [45.0] [cxt 0] Pipeline 'egress': end
[09:01:23.535] [bmv2] [D] [thread 91484] [45.0] [cxt 0] Deparser 'deparser': start
[09:01:23.535] [bmv2] [D] [thread 91484] [45.0] [cxt 0] Deparsing header 'ethernet'
[09:01:23.535] [bmv2] [D] [thread 91484] [45.0] [cxt 0] Deparser 'deparser': end
[09:01:23.535] [bmv2] [D] [thread 91484] [46.0] [cxt 0] Pipeline 'egress': start
[09:01:23.535] [bmv2] [D] [thread 91484] [46.0] [cxt 0] Pipeline 'egress': end
[09:01:23.535] [bmv2] [D] [thread 91484] [46.0] [cxt 0] Deparser 'deparser': start
[09:01:23.535] [bmv2] [D] [thread 91484] [46.0] [cxt 0] Deparsing header 'ethernet'
[09:01:23.535] [bmv2] [D] [thread 91484] [46.0] [cxt 0] Deparser 'deparser': end
[09:01:23.535] [bmv2] [D] [thread 91488] [45.0] [cxt 0] Transmitting packet of size 199 out of port 0
[09:01:23.535] [bmv2] [D] [thread 91488] [46.0] [cxt 0] Transmitting packet of size 203 out of port 0
[09:01:23.612] [bmv2] [D] [thread 91483] [47.0] [cxt 0] Processing packet received on port 1
[09:01:23.612] [bmv2] [D] [thread 91483] [47.0] [cxt 0] Parser 'parser': start
[09:01:23.612] [bmv2] [D] [thread 91483] [47.0] [cxt 0] Parser 'parser' entering state 'start'
[09:01:23.612] [bmv2] [D] [thread 91483] [47.0] [cxt 0] Extracting header 'ethernet'
[09:01:23.612] [bmv2] [D] [thread 91483] [47.0] [cxt 0] Parser state 'start': key is 86dd
[09:01:23.612] [bmv2] [T] [thread 91483] [47.0] [cxt 0] Bytes parsed: 14
[09:01:23.612] [bmv2] [D] [thread 91483] [47.0] [cxt 0] Parser 'parser': end
[09:01:23.612] [bmv2] [D] [thread 91483] [47.0] [cxt 0] Pipeline 'ingress': start
[09:01:23.612] [bmv2] [T] [thread 91483] [47.0] [cxt 0] switch.p4(147) Condition "hdr.icn.isValid()" (node_2) is false
[09:01:23.612] [bmv2] [T] [thread 91483] [47.0] [cxt 0] switch.p4(164) Condition "hdr.payload.flag == 1" (node_13) is false
[09:01:23.612] [bmv2] [T] [thread 91483] [47.0] [cxt 0] Applying table 'tbl_data_forward_0'
[09:01:23.612] [bmv2] [D] [thread 91483] [47.0] [cxt 0] Looking up key:

[09:01:23.612] [bmv2] [D] [thread 91483] [47.0] [cxt 0] Table 'tbl_data_forward_0': miss
[09:01:23.612] [bmv2] [D] [thread 91483] [47.0] [cxt 0] Action entry is MyIngress.data_forward - 
[09:01:23.612] [bmv2] [T] [thread 91483] [47.0] [cxt 0] Action MyIngress.data_forward
[09:01:23.612] [bmv2] [T] [thread 91483] [47.0] [cxt 0] switch.p4(97) Primitive pit_table.read(egress_port, hdr.payload.content_id)
[09:01:23.612] [bmv2] [T] [thread 91483] [47.0] [cxt 0] Read register 'MyIngress.pit_table' at index 0 read value 0
[09:01:23.612] [bmv2] [T] [thread 91483] [47.0] [cxt 0] switch.p4(98) Primitive standard_metadata.egress_spec = egress_port
[09:01:23.612] [bmv2] [T] [thread 91483] [47.0] [cxt 0] switch.p4(99) Primitive pit_table.write(hdr.payload.content_id, 0)
[09:01:23.612] [bmv2] [T] [thread 91483] [47.0] [cxt 0] Wrote register 'MyIngress.pit_table' at index 0 with value 0
[09:01:23.612] [bmv2] [T] [thread 91483] [47.0] [cxt 0] switch.p4(100) Primitive hdr.ethernet.srcAddr = 0xFFFFFFFFFFFF
[09:01:23.612] [bmv2] [T] [thread 91483] [47.0] [cxt 0] switch.p4(101) Primitive hdr.ethernet.dstAddr = 0xFFFFFFFFFFFF
[09:01:23.612] [bmv2] [T] [thread 91483] [47.0] [cxt 0] switch.p4(102) Primitive hdr.payload.ttl = hdr.payload.ttl - 1
[09:01:23.612] [bmv2] [D] [thread 91483] [47.0] [cxt 0] Pipeline 'ingress': end
[09:01:23.612] [bmv2] [D] [thread 91483] [47.0] [cxt 0] Egress port is 0
[09:01:23.612] [bmv2] [D] [thread 91484] [47.0] [cxt 0] Pipeline 'egress': start
[09:01:23.612] [bmv2] [D] [thread 91484] [47.0] [cxt 0] Pipeline 'egress': end
[09:01:23.612] [bmv2] [D] [thread 91484] [47.0] [cxt 0] Deparser 'deparser': start
[09:01:23.612] [bmv2] [D] [thread 91484] [47.0] [cxt 0] Deparsing header 'ethernet'
[09:01:23.612] [bmv2] [D] [thread 91484] [47.0] [cxt 0] Deparser 'deparser': end
[09:01:23.612] [bmv2] [D] [thread 91488] [47.0] [cxt 0] Transmitting packet of size 203 out of port 0
[09:01:24.037] [bmv2] [D] [thread 91483] [48.0] [cxt 0] Processing packet received on port 1
[09:01:24.037] [bmv2] [D] [thread 91483] [48.0] [cxt 0] Parser 'parser': start
[09:01:24.037] [bmv2] [D] [thread 91483] [48.0] [cxt 0] Parser 'parser' entering state 'start'
[09:01:24.038] [bmv2] [D] [thread 91483] [48.0] [cxt 0] Extracting header 'ethernet'
[09:01:24.038] [bmv2] [D] [thread 91483] [48.0] [cxt 0] Parser state 'start': key is 86dd
[09:01:24.038] [bmv2] [T] [thread 91483] [48.0] [cxt 0] Bytes parsed: 14
[09:01:24.038] [bmv2] [D] [thread 91483] [48.0] [cxt 0] Parser 'parser': end
[09:01:24.038] [bmv2] [D] [thread 91483] [48.0] [cxt 0] Pipeline 'ingress': start
[09:01:24.038] [bmv2] [T] [thread 91483] [48.0] [cxt 0] switch.p4(147) Condition "hdr.icn.isValid()" (node_2) is false
[09:01:24.038] [bmv2] [T] [thread 91483] [48.0] [cxt 0] switch.p4(164) Condition "hdr.payload.flag == 1" (node_13) is false
[09:01:24.038] [bmv2] [T] [thread 91483] [48.0] [cxt 0] Applying table 'tbl_data_forward_0'
[09:01:24.038] [bmv2] [D] [thread 91483] [48.0] [cxt 0] Looking up key:

[09:01:24.038] [bmv2] [D] [thread 91483] [48.0] [cxt 0] Table 'tbl_data_forward_0': miss
[09:01:24.038] [bmv2] [D] [thread 91483] [48.0] [cxt 0] Action entry is MyIngress.data_forward - 
[09:01:24.038] [bmv2] [T] [thread 91483] [48.0] [cxt 0] Action MyIngress.data_forward
[09:01:24.038] [bmv2] [T] [thread 91483] [48.0] [cxt 0] switch.p4(97) Primitive pit_table.read(egress_port, hdr.payload.content_id)
[09:01:24.038] [bmv2] [T] [thread 91483] [48.0] [cxt 0] Read register 'MyIngress.pit_table' at index 0 read value 0
[09:01:24.038] [bmv2] [T] [thread 91483] [48.0] [cxt 0] switch.p4(98) Primitive standard_metadata.egress_spec = egress_port
[09:01:24.038] [bmv2] [T] [thread 91483] [48.0] [cxt 0] switch.p4(99) Primitive pit_table.write(hdr.payload.content_id, 0)
[09:01:24.038] [bmv2] [T] [thread 91483] [48.0] [cxt 0] Wrote register 'MyIngress.pit_table' at index 0 with value 0
[09:01:24.038] [bmv2] [T] [thread 91483] [48.0] [cxt 0] switch.p4(100) Primitive hdr.ethernet.srcAddr = 0xFFFFFFFFFFFF
[09:01:24.038] [bmv2] [T] [thread 91483] [48.0] [cxt 0] switch.p4(101) Primitive hdr.ethernet.dstAddr = 0xFFFFFFFFFFFF
[09:01:24.038] [bmv2] [T] [thread 91483] [48.0] [cxt 0] switch.p4(102) Primitive hdr.payload.ttl = hdr.payload.ttl - 1
[09:01:24.038] [bmv2] [D] [thread 91483] [48.0] [cxt 0] Pipeline 'ingress': end
[09:01:24.038] [bmv2] [D] [thread 91483] [48.0] [cxt 0] Egress port is 0
[09:01:24.039] [bmv2] [D] [thread 91484] [48.0] [cxt 0] Pipeline 'egress': start
[09:01:24.039] [bmv2] [D] [thread 91484] [48.0] [cxt 0] Pipeline 'egress': end
[09:01:24.039] [bmv2] [D] [thread 91484] [48.0] [cxt 0] Deparser 'deparser': start
[09:01:24.039] [bmv2] [D] [thread 91484] [48.0] [cxt 0] Deparsing header 'ethernet'
[09:01:24.039] [bmv2] [D] [thread 91484] [48.0] [cxt 0] Deparser 'deparser': end
[09:01:24.039] [bmv2] [D] [thread 91488] [48.0] [cxt 0] Transmitting packet of size 199 out of port 0
[09:01:24.274] [bmv2] [D] [thread 91483] [49.0] [cxt 0] Processing packet received on port 2
[09:01:24.274] [bmv2] [D] [thread 91483] [49.0] [cxt 0] Parser 'parser': start
[09:01:24.274] [bmv2] [D] [thread 91483] [49.0] [cxt 0] Parser 'parser' entering state 'start'
[09:01:24.274] [bmv2] [D] [thread 91483] [49.0] [cxt 0] Extracting header 'ethernet'
[09:01:24.274] [bmv2] [D] [thread 91483] [49.0] [cxt 0] Parser state 'start': key is 86dd
[09:01:24.274] [bmv2] [T] [thread 91483] [49.0] [cxt 0] Bytes parsed: 14
[09:01:24.274] [bmv2] [D] [thread 91483] [49.0] [cxt 0] Parser 'parser': end
[09:01:24.274] [bmv2] [D] [thread 91483] [49.0] [cxt 0] Pipeline 'ingress': start
[09:01:24.274] [bmv2] [T] [thread 91483] [49.0] [cxt 0] switch.p4(147) Condition "hdr.icn.isValid()" (node_2) is false
[09:01:24.274] [bmv2] [T] [thread 91483] [49.0] [cxt 0] switch.p4(164) Condition "hdr.payload.flag == 1" (node_13) is false
[09:01:24.274] [bmv2] [T] [thread 91483] [49.0] [cxt 0] Applying table 'tbl_data_forward_0'
[09:01:24.274] [bmv2] [D] [thread 91483] [49.0] [cxt 0] Looking up key:

[09:01:24.274] [bmv2] [D] [thread 91483] [49.0] [cxt 0] Table 'tbl_data_forward_0': miss
[09:01:24.274] [bmv2] [D] [thread 91483] [49.0] [cxt 0] Action entry is MyIngress.data_forward - 
[09:01:24.274] [bmv2] [T] [thread 91483] [49.0] [cxt 0] Action MyIngress.data_forward
[09:01:24.274] [bmv2] [T] [thread 91483] [49.0] [cxt 0] switch.p4(97) Primitive pit_table.read(egress_port, hdr.payload.content_id)
[09:01:24.274] [bmv2] [T] [thread 91483] [49.0] [cxt 0] Read register 'MyIngress.pit_table' at index 0 read value 0
[09:01:24.274] [bmv2] [T] [thread 91483] [49.0] [cxt 0] switch.p4(98) Primitive standard_metadata.egress_spec = egress_port
[09:01:24.274] [bmv2] [T] [thread 91483] [49.0] [cxt 0] switch.p4(99) Primitive pit_table.write(hdr.payload.content_id, 0)
[09:01:24.274] [bmv2] [T] [thread 91483] [49.0] [cxt 0] Wrote register 'MyIngress.pit_table' at index 0 with value 0
[09:01:24.274] [bmv2] [T] [thread 91483] [49.0] [cxt 0] switch.p4(100) Primitive hdr.ethernet.srcAddr = 0xFFFFFFFFFFFF
[09:01:24.274] [bmv2] [T] [thread 91483] [49.0] [cxt 0] switch.p4(101) Primitive hdr.ethernet.dstAddr = 0xFFFFFFFFFFFF
[09:01:24.274] [bmv2] [T] [thread 91483] [49.0] [cxt 0] switch.p4(102) Primitive hdr.payload.ttl = hdr.payload.ttl - 1
[09:01:24.274] [bmv2] [D] [thread 91483] [49.0] [cxt 0] Pipeline 'ingress': end
[09:01:24.274] [bmv2] [D] [thread 91483] [49.0] [cxt 0] Egress port is 0
[09:01:24.279] [bmv2] [D] [thread 91484] [49.0] [cxt 0] Pipeline 'egress': start
[09:01:24.279] [bmv2] [D] [thread 91484] [49.0] [cxt 0] Pipeline 'egress': end
[09:01:24.279] [bmv2] [D] [thread 91484] [49.0] [cxt 0] Deparser 'deparser': start
[09:01:24.279] [bmv2] [D] [thread 91484] [49.0] [cxt 0] Deparsing header 'ethernet'
[09:01:24.279] [bmv2] [D] [thread 91484] [49.0] [cxt 0] Deparser 'deparser': end
[09:01:24.279] [bmv2] [D] [thread 91488] [49.0] [cxt 0] Transmitting packet of size 199 out of port 0
[09:01:24.707] [bmv2] [D] [thread 91483] [50.0] [cxt 0] Processing packet received on port 2
[09:01:24.707] [bmv2] [D] [thread 91483] [50.0] [cxt 0] Parser 'parser': start
[09:01:24.707] [bmv2] [D] [thread 91483] [50.0] [cxt 0] Parser 'parser' entering state 'start'
[09:01:24.707] [bmv2] [D] [thread 91483] [50.0] [cxt 0] Extracting header 'ethernet'
[09:01:24.707] [bmv2] [D] [thread 91483] [50.0] [cxt 0] Parser state 'start': key is 86dd
[09:01:24.707] [bmv2] [T] [thread 91483] [50.0] [cxt 0] Bytes parsed: 14
[09:01:24.707] [bmv2] [D] [thread 91483] [50.0] [cxt 0] Parser 'parser': end
[09:01:24.707] [bmv2] [D] [thread 91483] [50.0] [cxt 0] Pipeline 'ingress': start
[09:01:24.707] [bmv2] [T] [thread 91483] [50.0] [cxt 0] switch.p4(147) Condition "hdr.icn.isValid()" (node_2) is false
[09:01:24.707] [bmv2] [T] [thread 91483] [50.0] [cxt 0] switch.p4(164) Condition "hdr.payload.flag == 1" (node_13) is false
[09:01:24.707] [bmv2] [T] [thread 91483] [50.0] [cxt 0] Applying table 'tbl_data_forward_0'
[09:01:24.707] [bmv2] [D] [thread 91483] [50.0] [cxt 0] Looking up key:

[09:01:24.707] [bmv2] [D] [thread 91483] [50.0] [cxt 0] Table 'tbl_data_forward_0': miss
[09:01:24.707] [bmv2] [D] [thread 91483] [50.0] [cxt 0] Action entry is MyIngress.data_forward - 
[09:01:24.707] [bmv2] [T] [thread 91483] [50.0] [cxt 0] Action MyIngress.data_forward
[09:01:24.707] [bmv2] [T] [thread 91483] [50.0] [cxt 0] switch.p4(97) Primitive pit_table.read(egress_port, hdr.payload.content_id)
[09:01:24.707] [bmv2] [T] [thread 91483] [50.0] [cxt 0] Read register 'MyIngress.pit_table' at index 0 read value 0
[09:01:24.707] [bmv2] [T] [thread 91483] [50.0] [cxt 0] switch.p4(98) Primitive standard_metadata.egress_spec = egress_port
[09:01:24.707] [bmv2] [T] [thread 91483] [50.0] [cxt 0] switch.p4(99) Primitive pit_table.write(hdr.payload.content_id, 0)
[09:01:24.707] [bmv2] [T] [thread 91483] [50.0] [cxt 0] Wrote register 'MyIngress.pit_table' at index 0 with value 0
[09:01:24.707] [bmv2] [T] [thread 91483] [50.0] [cxt 0] switch.p4(100) Primitive hdr.ethernet.srcAddr = 0xFFFFFFFFFFFF
[09:01:24.707] [bmv2] [T] [thread 91483] [50.0] [cxt 0] switch.p4(101) Primitive hdr.ethernet.dstAddr = 0xFFFFFFFFFFFF
[09:01:24.707] [bmv2] [T] [thread 91483] [50.0] [cxt 0] switch.p4(102) Primitive hdr.payload.ttl = hdr.payload.ttl - 1
[09:01:24.707] [bmv2] [D] [thread 91483] [50.0] [cxt 0] Pipeline 'ingress': end
[09:01:24.707] [bmv2] [D] [thread 91483] [50.0] [cxt 0] Egress port is 0
[09:01:24.707] [bmv2] [D] [thread 91484] [50.0] [cxt 0] Pipeline 'egress': start
[09:01:24.707] [bmv2] [D] [thread 91484] [50.0] [cxt 0] Pipeline 'egress': end
[09:01:24.707] [bmv2] [D] [thread 91484] [50.0] [cxt 0] Deparser 'deparser': start
[09:01:24.707] [bmv2] [D] [thread 91484] [50.0] [cxt 0] Deparsing header 'ethernet'
[09:01:24.707] [bmv2] [D] [thread 91484] [50.0] [cxt 0] Deparser 'deparser': end
[09:01:24.707] [bmv2] [D] [thread 91488] [50.0] [cxt 0] Transmitting packet of size 199 out of port 0
[09:01:24.773] [bmv2] [D] [thread 91483] [51.0] [cxt 0] Processing packet received on port 1
[09:01:24.773] [bmv2] [D] [thread 91483] [51.0] [cxt 0] Parser 'parser': start
[09:01:24.773] [bmv2] [D] [thread 91483] [51.0] [cxt 0] Parser 'parser' entering state 'start'
[09:01:24.773] [bmv2] [D] [thread 91483] [51.0] [cxt 0] Extracting header 'ethernet'
[09:01:24.773] [bmv2] [D] [thread 91483] [51.0] [cxt 0] Parser state 'start': key is 86dd
[09:01:24.773] [bmv2] [T] [thread 91483] [51.0] [cxt 0] Bytes parsed: 14
[09:01:24.773] [bmv2] [D] [thread 91483] [51.0] [cxt 0] Parser 'parser': end
[09:01:24.773] [bmv2] [D] [thread 91483] [51.0] [cxt 0] Pipeline 'ingress': start
[09:01:24.773] [bmv2] [T] [thread 91483] [51.0] [cxt 0] switch.p4(147) Condition "hdr.icn.isValid()" (node_2) is false
[09:01:24.773] [bmv2] [T] [thread 91483] [51.0] [cxt 0] switch.p4(164) Condition "hdr.payload.flag == 1" (node_13) is false
[09:01:24.773] [bmv2] [T] [thread 91483] [51.0] [cxt 0] Applying table 'tbl_data_forward_0'
[09:01:24.773] [bmv2] [D] [thread 91483] [51.0] [cxt 0] Looking up key:

[09:01:24.773] [bmv2] [D] [thread 91483] [51.0] [cxt 0] Table 'tbl_data_forward_0': miss
[09:01:24.773] [bmv2] [D] [thread 91483] [51.0] [cxt 0] Action entry is MyIngress.data_forward - 
[09:01:24.773] [bmv2] [T] [thread 91483] [51.0] [cxt 0] Action MyIngress.data_forward
[09:01:24.773] [bmv2] [T] [thread 91483] [51.0] [cxt 0] switch.p4(97) Primitive pit_table.read(egress_port, hdr.payload.content_id)
[09:01:24.773] [bmv2] [T] [thread 91483] [51.0] [cxt 0] Read register 'MyIngress.pit_table' at index 0 read value 0
[09:01:24.773] [bmv2] [T] [thread 91483] [51.0] [cxt 0] switch.p4(98) Primitive standard_metadata.egress_spec = egress_port
[09:01:24.773] [bmv2] [T] [thread 91483] [51.0] [cxt 0] switch.p4(99) Primitive pit_table.write(hdr.payload.content_id, 0)
[09:01:24.773] [bmv2] [T] [thread 91483] [51.0] [cxt 0] Wrote register 'MyIngress.pit_table' at index 0 with value 0
[09:01:24.773] [bmv2] [T] [thread 91483] [51.0] [cxt 0] switch.p4(100) Primitive hdr.ethernet.srcAddr = 0xFFFFFFFFFFFF
[09:01:24.773] [bmv2] [T] [thread 91483] [51.0] [cxt 0] switch.p4(101) Primitive hdr.ethernet.dstAddr = 0xFFFFFFFFFFFF
[09:01:24.773] [bmv2] [T] [thread 91483] [51.0] [cxt 0] switch.p4(102) Primitive hdr.payload.ttl = hdr.payload.ttl - 1
[09:01:24.773] [bmv2] [D] [thread 91483] [51.0] [cxt 0] Pipeline 'ingress': end
[09:01:24.773] [bmv2] [D] [thread 91483] [51.0] [cxt 0] Egress port is 0
[09:01:24.773] [bmv2] [D] [thread 91484] [51.0] [cxt 0] Pipeline 'egress': start
[09:01:24.773] [bmv2] [D] [thread 91484] [51.0] [cxt 0] Pipeline 'egress': end
[09:01:24.773] [bmv2] [D] [thread 91484] [51.0] [cxt 0] Deparser 'deparser': start
[09:01:24.773] [bmv2] [D] [thread 91484] [51.0] [cxt 0] Deparsing header 'ethernet'
[09:01:24.773] [bmv2] [D] [thread 91484] [51.0] [cxt 0] Deparser 'deparser': end
[09:01:24.773] [bmv2] [D] [thread 91488] [51.0] [cxt 0] Transmitting packet of size 199 out of port 0
[09:01:24.898] [bmv2] [D] [thread 91483] [52.0] [cxt 0] Processing packet received on port 1
[09:01:24.898] [bmv2] [D] [thread 91483] [52.0] [cxt 0] Parser 'parser': start
[09:01:24.898] [bmv2] [D] [thread 91483] [52.0] [cxt 0] Parser 'parser' entering state 'start'
[09:01:24.898] [bmv2] [D] [thread 91483] [52.0] [cxt 0] Extracting header 'ethernet'
[09:01:24.898] [bmv2] [D] [thread 91483] [52.0] [cxt 0] Parser state 'start': key is 86dd
[09:01:24.898] [bmv2] [T] [thread 91483] [52.0] [cxt 0] Bytes parsed: 14
[09:01:24.898] [bmv2] [D] [thread 91483] [52.0] [cxt 0] Parser 'parser': end
[09:01:24.898] [bmv2] [D] [thread 91483] [52.0] [cxt 0] Pipeline 'ingress': start
[09:01:24.898] [bmv2] [T] [thread 91483] [52.0] [cxt 0] switch.p4(147) Condition "hdr.icn.isValid()" (node_2) is false
[09:01:24.898] [bmv2] [T] [thread 91483] [52.0] [cxt 0] switch.p4(164) Condition "hdr.payload.flag == 1" (node_13) is false
[09:01:24.898] [bmv2] [T] [thread 91483] [52.0] [cxt 0] Applying table 'tbl_data_forward_0'
[09:01:24.898] [bmv2] [D] [thread 91483] [52.0] [cxt 0] Looking up key:

[09:01:24.898] [bmv2] [D] [thread 91483] [52.0] [cxt 0] Table 'tbl_data_forward_0': miss
[09:01:24.898] [bmv2] [D] [thread 91483] [52.0] [cxt 0] Action entry is MyIngress.data_forward - 
[09:01:24.898] [bmv2] [T] [thread 91483] [52.0] [cxt 0] Action MyIngress.data_forward
[09:01:24.898] [bmv2] [T] [thread 91483] [52.0] [cxt 0] switch.p4(97) Primitive pit_table.read(egress_port, hdr.payload.content_id)
[09:01:24.898] [bmv2] [T] [thread 91483] [52.0] [cxt 0] Read register 'MyIngress.pit_table' at index 0 read value 0
[09:01:24.898] [bmv2] [T] [thread 91483] [52.0] [cxt 0] switch.p4(98) Primitive standard_metadata.egress_spec = egress_port
[09:01:24.898] [bmv2] [T] [thread 91483] [52.0] [cxt 0] switch.p4(99) Primitive pit_table.write(hdr.payload.content_id, 0)
[09:01:24.899] [bmv2] [T] [thread 91483] [52.0] [cxt 0] Wrote register 'MyIngress.pit_table' at index 0 with value 0
[09:01:24.899] [bmv2] [T] [thread 91483] [52.0] [cxt 0] switch.p4(100) Primitive hdr.ethernet.srcAddr = 0xFFFFFFFFFFFF
[09:01:24.899] [bmv2] [T] [thread 91483] [52.0] [cxt 0] switch.p4(101) Primitive hdr.ethernet.dstAddr = 0xFFFFFFFFFFFF
[09:01:24.899] [bmv2] [T] [thread 91483] [52.0] [cxt 0] switch.p4(102) Primitive hdr.payload.ttl = hdr.payload.ttl - 1
[09:01:24.899] [bmv2] [D] [thread 91483] [52.0] [cxt 0] Pipeline 'ingress': end
[09:01:24.899] [bmv2] [D] [thread 91483] [52.0] [cxt 0] Egress port is 0
[09:01:24.899] [bmv2] [D] [thread 91484] [52.0] [cxt 0] Pipeline 'egress': start
[09:01:24.899] [bmv2] [D] [thread 91484] [52.0] [cxt 0] Pipeline 'egress': end
[09:01:24.899] [bmv2] [D] [thread 91484] [52.0] [cxt 0] Deparser 'deparser': start
[09:01:24.899] [bmv2] [D] [thread 91484] [52.0] [cxt 0] Deparsing header 'ethernet'
[09:01:24.899] [bmv2] [D] [thread 91484] [52.0] [cxt 0] Deparser 'deparser': end
[09:01:24.899] [bmv2] [D] [thread 91488] [52.0] [cxt 0] Transmitting packet of size 203 out of port 0
[09:01:25.131] [bmv2] [D] [thread 91483] [53.0] [cxt 0] Processing packet received on port 2
[09:01:25.131] [bmv2] [D] [thread 91483] [53.0] [cxt 0] Parser 'parser': start
[09:01:25.131] [bmv2] [D] [thread 91483] [53.0] [cxt 0] Parser 'parser' entering state 'start'
[09:01:25.131] [bmv2] [D] [thread 91483] [53.0] [cxt 0] Extracting header 'ethernet'
[09:01:25.131] [bmv2] [D] [thread 91483] [53.0] [cxt 0] Parser state 'start': key is 86dd
[09:01:25.131] [bmv2] [T] [thread 91483] [53.0] [cxt 0] Bytes parsed: 14
[09:01:25.131] [bmv2] [D] [thread 91483] [53.0] [cxt 0] Parser 'parser': end
[09:01:25.131] [bmv2] [D] [thread 91483] [53.0] [cxt 0] Pipeline 'ingress': start
[09:01:25.131] [bmv2] [T] [thread 91483] [53.0] [cxt 0] switch.p4(147) Condition "hdr.icn.isValid()" (node_2) is false
[09:01:25.131] [bmv2] [T] [thread 91483] [53.0] [cxt 0] switch.p4(164) Condition "hdr.payload.flag == 1" (node_13) is false
[09:01:25.131] [bmv2] [T] [thread 91483] [53.0] [cxt 0] Applying table 'tbl_data_forward_0'
[09:01:25.131] [bmv2] [D] [thread 91483] [53.0] [cxt 0] Looking up key:

[09:01:25.131] [bmv2] [D] [thread 91483] [53.0] [cxt 0] Table 'tbl_data_forward_0': miss
[09:01:25.131] [bmv2] [D] [thread 91483] [53.0] [cxt 0] Action entry is MyIngress.data_forward - 
[09:01:25.131] [bmv2] [T] [thread 91483] [53.0] [cxt 0] Action MyIngress.data_forward
[09:01:25.131] [bmv2] [T] [thread 91483] [53.0] [cxt 0] switch.p4(97) Primitive pit_table.read(egress_port, hdr.payload.content_id)
[09:01:25.131] [bmv2] [T] [thread 91483] [53.0] [cxt 0] Read register 'MyIngress.pit_table' at index 0 read value 0
[09:01:25.131] [bmv2] [T] [thread 91483] [53.0] [cxt 0] switch.p4(98) Primitive standard_metadata.egress_spec = egress_port
[09:01:25.131] [bmv2] [T] [thread 91483] [53.0] [cxt 0] switch.p4(99) Primitive pit_table.write(hdr.payload.content_id, 0)
[09:01:25.131] [bmv2] [T] [thread 91483] [53.0] [cxt 0] Wrote register 'MyIngress.pit_table' at index 0 with value 0
[09:01:25.131] [bmv2] [T] [thread 91483] [53.0] [cxt 0] switch.p4(100) Primitive hdr.ethernet.srcAddr = 0xFFFFFFFFFFFF
[09:01:25.131] [bmv2] [T] [thread 91483] [53.0] [cxt 0] switch.p4(101) Primitive hdr.ethernet.dstAddr = 0xFFFFFFFFFFFF
[09:01:25.131] [bmv2] [T] [thread 91483] [53.0] [cxt 0] switch.p4(102) Primitive hdr.payload.ttl = hdr.payload.ttl - 1
[09:01:25.131] [bmv2] [D] [thread 91483] [53.0] [cxt 0] Pipeline 'ingress': end
[09:01:25.131] [bmv2] [D] [thread 91483] [53.0] [cxt 0] Egress port is 0
[09:01:25.131] [bmv2] [D] [thread 91484] [53.0] [cxt 0] Pipeline 'egress': start
[09:01:25.131] [bmv2] [D] [thread 91484] [53.0] [cxt 0] Pipeline 'egress': end
[09:01:25.131] [bmv2] [D] [thread 91484] [53.0] [cxt 0] Deparser 'deparser': start
[09:01:25.131] [bmv2] [D] [thread 91484] [53.0] [cxt 0] Deparsing header 'ethernet'
[09:01:25.131] [bmv2] [D] [thread 91484] [53.0] [cxt 0] Deparser 'deparser': end
[09:01:25.131] [bmv2] [D] [thread 91488] [53.0] [cxt 0] Transmitting packet of size 203 out of port 0
[09:01:25.539] [bmv2] [D] [thread 91483] [54.0] [cxt 0] Processing packet received on port 2
[09:01:25.539] [bmv2] [D] [thread 91483] [54.0] [cxt 0] Parser 'parser': start
[09:01:25.539] [bmv2] [D] [thread 91483] [54.0] [cxt 0] Parser 'parser' entering state 'start'
[09:01:25.539] [bmv2] [D] [thread 91483] [54.0] [cxt 0] Extracting header 'ethernet'
[09:01:25.539] [bmv2] [D] [thread 91483] [54.0] [cxt 0] Parser state 'start': key is 86dd
[09:01:25.539] [bmv2] [T] [thread 91483] [54.0] [cxt 0] Bytes parsed: 14
[09:01:25.539] [bmv2] [D] [thread 91483] [54.0] [cxt 0] Parser 'parser': end
[09:01:25.539] [bmv2] [D] [thread 91483] [54.0] [cxt 0] Pipeline 'ingress': start
[09:01:25.539] [bmv2] [T] [thread 91483] [54.0] [cxt 0] switch.p4(147) Condition "hdr.icn.isValid()" (node_2) is false
[09:01:25.539] [bmv2] [T] [thread 91483] [54.0] [cxt 0] switch.p4(164) Condition "hdr.payload.flag == 1" (node_13) is false
[09:01:25.539] [bmv2] [T] [thread 91483] [54.0] [cxt 0] Applying table 'tbl_data_forward_0'
[09:01:25.539] [bmv2] [D] [thread 91483] [54.0] [cxt 0] Looking up key:

[09:01:25.539] [bmv2] [D] [thread 91483] [54.0] [cxt 0] Table 'tbl_data_forward_0': miss
[09:01:25.539] [bmv2] [D] [thread 91483] [54.0] [cxt 0] Action entry is MyIngress.data_forward - 
[09:01:25.539] [bmv2] [T] [thread 91483] [54.0] [cxt 0] Action MyIngress.data_forward
[09:01:25.539] [bmv2] [T] [thread 91483] [54.0] [cxt 0] switch.p4(97) Primitive pit_table.read(egress_port, hdr.payload.content_id)
[09:01:25.539] [bmv2] [T] [thread 91483] [54.0] [cxt 0] Read register 'MyIngress.pit_table' at index 0 read value 0
[09:01:25.539] [bmv2] [T] [thread 91483] [54.0] [cxt 0] switch.p4(98) Primitive standard_metadata.egress_spec = egress_port
[09:01:25.539] [bmv2] [T] [thread 91483] [54.0] [cxt 0] switch.p4(99) Primitive pit_table.write(hdr.payload.content_id, 0)
[09:01:25.539] [bmv2] [T] [thread 91483] [54.0] [cxt 0] Wrote register 'MyIngress.pit_table' at index 0 with value 0
[09:01:25.539] [bmv2] [T] [thread 91483] [54.0] [cxt 0] switch.p4(100) Primitive hdr.ethernet.srcAddr = 0xFFFFFFFFFFFF
[09:01:25.539] [bmv2] [T] [thread 91483] [54.0] [cxt 0] switch.p4(101) Primitive hdr.ethernet.dstAddr = 0xFFFFFFFFFFFF
[09:01:25.539] [bmv2] [T] [thread 91483] [54.0] [cxt 0] switch.p4(102) Primitive hdr.payload.ttl = hdr.payload.ttl - 1
[09:01:25.539] [bmv2] [D] [thread 91483] [54.0] [cxt 0] Pipeline 'ingress': end
[09:01:25.539] [bmv2] [D] [thread 91483] [54.0] [cxt 0] Egress port is 0
[09:01:25.542] [bmv2] [D] [thread 91484] [54.0] [cxt 0] Pipeline 'egress': start
[09:01:25.542] [bmv2] [D] [thread 91484] [54.0] [cxt 0] Pipeline 'egress': end
[09:01:25.542] [bmv2] [D] [thread 91484] [54.0] [cxt 0] Deparser 'deparser': start
[09:01:25.542] [bmv2] [D] [thread 91484] [54.0] [cxt 0] Deparsing header 'ethernet'
[09:01:25.542] [bmv2] [D] [thread 91484] [54.0] [cxt 0] Deparser 'deparser': end
[09:01:25.542] [bmv2] [D] [thread 91488] [54.0] [cxt 0] Transmitting packet of size 203 out of port 0
[09:01:25.614] [bmv2] [D] [thread 91483] [55.0] [cxt 0] Processing packet received on port 1
[09:01:25.614] [bmv2] [D] [thread 91483] [55.0] [cxt 0] Parser 'parser': start
[09:01:25.614] [bmv2] [D] [thread 91483] [55.0] [cxt 0] Parser 'parser' entering state 'start'
[09:01:25.614] [bmv2] [D] [thread 91483] [55.0] [cxt 0] Extracting header 'ethernet'
[09:01:25.614] [bmv2] [D] [thread 91483] [55.0] [cxt 0] Parser state 'start': key is 86dd
[09:01:25.614] [bmv2] [T] [thread 91483] [55.0] [cxt 0] Bytes parsed: 14
[09:01:25.614] [bmv2] [D] [thread 91483] [55.0] [cxt 0] Parser 'parser': end
[09:01:25.614] [bmv2] [D] [thread 91483] [55.0] [cxt 0] Pipeline 'ingress': start
[09:01:25.614] [bmv2] [T] [thread 91483] [55.0] [cxt 0] switch.p4(147) Condition "hdr.icn.isValid()" (node_2) is false
[09:01:25.614] [bmv2] [T] [thread 91483] [55.0] [cxt 0] switch.p4(164) Condition "hdr.payload.flag == 1" (node_13) is false
[09:01:25.614] [bmv2] [T] [thread 91483] [55.0] [cxt 0] Applying table 'tbl_data_forward_0'
[09:01:25.614] [bmv2] [D] [thread 91483] [55.0] [cxt 0] Looking up key:

[09:01:25.614] [bmv2] [D] [thread 91483] [55.0] [cxt 0] Table 'tbl_data_forward_0': miss
[09:01:25.614] [bmv2] [D] [thread 91483] [55.0] [cxt 0] Action entry is MyIngress.data_forward - 
[09:01:25.614] [bmv2] [T] [thread 91483] [55.0] [cxt 0] Action MyIngress.data_forward
[09:01:25.614] [bmv2] [T] [thread 91483] [55.0] [cxt 0] switch.p4(97) Primitive pit_table.read(egress_port, hdr.payload.content_id)
[09:01:25.614] [bmv2] [T] [thread 91483] [55.0] [cxt 0] Read register 'MyIngress.pit_table' at index 0 read value 0
[09:01:25.614] [bmv2] [T] [thread 91483] [55.0] [cxt 0] switch.p4(98) Primitive standard_metadata.egress_spec = egress_port
[09:01:25.614] [bmv2] [T] [thread 91483] [55.0] [cxt 0] switch.p4(99) Primitive pit_table.write(hdr.payload.content_id, 0)
[09:01:25.614] [bmv2] [T] [thread 91483] [55.0] [cxt 0] Wrote register 'MyIngress.pit_table' at index 0 with value 0
[09:01:25.614] [bmv2] [T] [thread 91483] [55.0] [cxt 0] switch.p4(100) Primitive hdr.ethernet.srcAddr = 0xFFFFFFFFFFFF
[09:01:25.614] [bmv2] [T] [thread 91483] [55.0] [cxt 0] switch.p4(101) Primitive hdr.ethernet.dstAddr = 0xFFFFFFFFFFFF
[09:01:25.614] [bmv2] [T] [thread 91483] [55.0] [cxt 0] switch.p4(102) Primitive hdr.payload.ttl = hdr.payload.ttl - 1
[09:01:25.614] [bmv2] [D] [thread 91483] [55.0] [cxt 0] Pipeline 'ingress': end
[09:01:25.614] [bmv2] [D] [thread 91483] [55.0] [cxt 0] Egress port is 0
[09:01:25.614] [bmv2] [D] [thread 91484] [55.0] [cxt 0] Pipeline 'egress': start
[09:01:25.614] [bmv2] [D] [thread 91484] [55.0] [cxt 0] Pipeline 'egress': end
[09:01:25.614] [bmv2] [D] [thread 91484] [55.0] [cxt 0] Deparser 'deparser': start
[09:01:25.614] [bmv2] [D] [thread 91484] [55.0] [cxt 0] Deparsing header 'ethernet'
[09:01:25.614] [bmv2] [D] [thread 91484] [55.0] [cxt 0] Deparser 'deparser': end
[09:01:25.614] [bmv2] [D] [thread 91488] [55.0] [cxt 0] Transmitting packet of size 203 out of port 0
[09:01:25.757] [bmv2] [D] [thread 91483] [56.0] [cxt 0] Processing packet received on port 1
[09:01:25.757] [bmv2] [D] [thread 91483] [56.0] [cxt 0] Parser 'parser': start
[09:01:25.757] [bmv2] [D] [thread 91483] [56.0] [cxt 0] Parser 'parser' entering state 'start'
[09:01:25.757] [bmv2] [D] [thread 91483] [56.0] [cxt 0] Extracting header 'ethernet'
[09:01:25.757] [bmv2] [D] [thread 91483] [56.0] [cxt 0] Parser state 'start': key is 86dd
[09:01:25.757] [bmv2] [T] [thread 91483] [56.0] [cxt 0] Bytes parsed: 14
[09:01:25.757] [bmv2] [D] [thread 91483] [56.0] [cxt 0] Parser 'parser': end
[09:01:25.757] [bmv2] [D] [thread 91483] [56.0] [cxt 0] Pipeline 'ingress': start
[09:01:25.757] [bmv2] [T] [thread 91483] [56.0] [cxt 0] switch.p4(147) Condition "hdr.icn.isValid()" (node_2) is false
[09:01:25.757] [bmv2] [T] [thread 91483] [56.0] [cxt 0] switch.p4(164) Condition "hdr.payload.flag == 1" (node_13) is false
[09:01:25.757] [bmv2] [T] [thread 91483] [56.0] [cxt 0] Applying table 'tbl_data_forward_0'
[09:01:25.757] [bmv2] [D] [thread 91483] [56.0] [cxt 0] Looking up key:

[09:01:25.757] [bmv2] [D] [thread 91483] [56.0] [cxt 0] Table 'tbl_data_forward_0': miss
[09:01:25.757] [bmv2] [D] [thread 91483] [56.0] [cxt 0] Action entry is MyIngress.data_forward - 
[09:01:25.757] [bmv2] [T] [thread 91483] [56.0] [cxt 0] Action MyIngress.data_forward
[09:01:25.757] [bmv2] [T] [thread 91483] [56.0] [cxt 0] switch.p4(97) Primitive pit_table.read(egress_port, hdr.payload.content_id)
[09:01:25.757] [bmv2] [T] [thread 91483] [56.0] [cxt 0] Read register 'MyIngress.pit_table' at index 0 read value 0
[09:01:25.757] [bmv2] [T] [thread 91483] [56.0] [cxt 0] switch.p4(98) Primitive standard_metadata.egress_spec = egress_port
[09:01:25.757] [bmv2] [T] [thread 91483] [56.0] [cxt 0] switch.p4(99) Primitive pit_table.write(hdr.payload.content_id, 0)
[09:01:25.757] [bmv2] [T] [thread 91483] [56.0] [cxt 0] Wrote register 'MyIngress.pit_table' at index 0 with value 0
[09:01:25.757] [bmv2] [T] [thread 91483] [56.0] [cxt 0] switch.p4(100) Primitive hdr.ethernet.srcAddr = 0xFFFFFFFFFFFF
[09:01:25.757] [bmv2] [T] [thread 91483] [56.0] [cxt 0] switch.p4(101) Primitive hdr.ethernet.dstAddr = 0xFFFFFFFFFFFF
[09:01:25.757] [bmv2] [T] [thread 91483] [56.0] [cxt 0] switch.p4(102) Primitive hdr.payload.ttl = hdr.payload.ttl - 1
[09:01:25.757] [bmv2] [D] [thread 91483] [56.0] [cxt 0] Pipeline 'ingress': end
[09:01:25.757] [bmv2] [D] [thread 91483] [56.0] [cxt 0] Egress port is 0
[09:01:25.757] [bmv2] [D] [thread 91484] [56.0] [cxt 0] Pipeline 'egress': start
[09:01:25.757] [bmv2] [D] [thread 91484] [56.0] [cxt 0] Pipeline 'egress': end
[09:01:25.757] [bmv2] [D] [thread 91484] [56.0] [cxt 0] Deparser 'deparser': start
[09:01:25.762] [bmv2] [D] [thread 91484] [56.0] [cxt 0] Deparsing header 'ethernet'
[09:01:25.762] [bmv2] [D] [thread 91484] [56.0] [cxt 0] Deparser 'deparser': end
[09:01:25.762] [bmv2] [D] [thread 91488] [56.0] [cxt 0] Transmitting packet of size 70 out of port 0
[09:01:26.142] [bmv2] [D] [thread 91483] [57.0] [cxt 0] Processing packet received on port 2
[09:01:26.142] [bmv2] [D] [thread 91483] [57.0] [cxt 0] Parser 'parser': start
[09:01:26.142] [bmv2] [D] [thread 91483] [57.0] [cxt 0] Parser 'parser' entering state 'start'
[09:01:26.142] [bmv2] [D] [thread 91483] [57.0] [cxt 0] Extracting header 'ethernet'
[09:01:26.142] [bmv2] [D] [thread 91483] [57.0] [cxt 0] Parser state 'start': key is 86dd
[09:01:26.142] [bmv2] [T] [thread 91483] [57.0] [cxt 0] Bytes parsed: 14
[09:01:26.142] [bmv2] [D] [thread 91483] [57.0] [cxt 0] Parser 'parser': end
[09:01:26.142] [bmv2] [D] [thread 91483] [57.0] [cxt 0] Pipeline 'ingress': start
[09:01:26.142] [bmv2] [T] [thread 91483] [57.0] [cxt 0] switch.p4(147) Condition "hdr.icn.isValid()" (node_2) is false
[09:01:26.142] [bmv2] [T] [thread 91483] [57.0] [cxt 0] switch.p4(164) Condition "hdr.payload.flag == 1" (node_13) is false
[09:01:26.142] [bmv2] [T] [thread 91483] [57.0] [cxt 0] Applying table 'tbl_data_forward_0'
[09:01:26.142] [bmv2] [D] [thread 91483] [57.0] [cxt 0] Looking up key:

[09:01:26.142] [bmv2] [D] [thread 91483] [57.0] [cxt 0] Table 'tbl_data_forward_0': miss
[09:01:26.142] [bmv2] [D] [thread 91483] [57.0] [cxt 0] Action entry is MyIngress.data_forward - 
[09:01:26.142] [bmv2] [T] [thread 91483] [57.0] [cxt 0] Action MyIngress.data_forward
[09:01:26.142] [bmv2] [T] [thread 91483] [57.0] [cxt 0] switch.p4(97) Primitive pit_table.read(egress_port, hdr.payload.content_id)
[09:01:26.142] [bmv2] [T] [thread 91483] [57.0] [cxt 0] Read register 'MyIngress.pit_table' at index 0 read value 0
[09:01:26.142] [bmv2] [T] [thread 91483] [57.0] [cxt 0] switch.p4(98) Primitive standard_metadata.egress_spec = egress_port
[09:01:26.142] [bmv2] [T] [thread 91483] [57.0] [cxt 0] switch.p4(99) Primitive pit_table.write(hdr.payload.content_id, 0)
[09:01:26.142] [bmv2] [T] [thread 91483] [57.0] [cxt 0] Wrote register 'MyIngress.pit_table' at index 0 with value 0
[09:01:26.142] [bmv2] [T] [thread 91483] [57.0] [cxt 0] switch.p4(100) Primitive hdr.ethernet.srcAddr = 0xFFFFFFFFFFFF
[09:01:26.142] [bmv2] [T] [thread 91483] [57.0] [cxt 0] switch.p4(101) Primitive hdr.ethernet.dstAddr = 0xFFFFFFFFFFFF
[09:01:26.142] [bmv2] [T] [thread 91483] [57.0] [cxt 0] switch.p4(102) Primitive hdr.payload.ttl = hdr.payload.ttl - 1
[09:01:26.142] [bmv2] [D] [thread 91483] [57.0] [cxt 0] Pipeline 'ingress': end
[09:01:26.142] [bmv2] [D] [thread 91483] [57.0] [cxt 0] Egress port is 0
[09:01:26.144] [bmv2] [D] [thread 91484] [57.0] [cxt 0] Pipeline 'egress': start
[09:01:26.144] [bmv2] [D] [thread 91484] [57.0] [cxt 0] Pipeline 'egress': end
[09:01:26.144] [bmv2] [D] [thread 91484] [57.0] [cxt 0] Deparser 'deparser': start
[09:01:26.144] [bmv2] [D] [thread 91484] [57.0] [cxt 0] Deparsing header 'ethernet'
[09:01:26.144] [bmv2] [D] [thread 91484] [57.0] [cxt 0] Deparser 'deparser': end
[09:01:26.144] [bmv2] [D] [thread 91488] [57.0] [cxt 0] Transmitting packet of size 70 out of port 0
[09:01:26.329] [bmv2] [D] [thread 91483] [58.0] [cxt 0] Processing packet received on port 2
[09:01:26.329] [bmv2] [D] [thread 91483] [58.0] [cxt 0] Parser 'parser': start
[09:01:26.329] [bmv2] [D] [thread 91483] [58.0] [cxt 0] Parser 'parser' entering state 'start'
[09:01:26.329] [bmv2] [D] [thread 91483] [58.0] [cxt 0] Extracting header 'ethernet'
[09:01:26.329] [bmv2] [D] [thread 91483] [58.0] [cxt 0] Parser state 'start': key is 86dd
[09:01:26.329] [bmv2] [T] [thread 91483] [58.0] [cxt 0] Bytes parsed: 14
[09:01:26.329] [bmv2] [D] [thread 91483] [58.0] [cxt 0] Parser 'parser': end
[09:01:26.329] [bmv2] [D] [thread 91483] [58.0] [cxt 0] Pipeline 'ingress': start
[09:01:26.329] [bmv2] [T] [thread 91483] [58.0] [cxt 0] switch.p4(147) Condition "hdr.icn.isValid()" (node_2) is false
[09:01:26.329] [bmv2] [T] [thread 91483] [58.0] [cxt 0] switch.p4(164) Condition "hdr.payload.flag == 1" (node_13) is false
[09:01:26.329] [bmv2] [T] [thread 91483] [58.0] [cxt 0] Applying table 'tbl_data_forward_0'
[09:01:26.329] [bmv2] [D] [thread 91483] [58.0] [cxt 0] Looking up key:

[09:01:26.329] [bmv2] [D] [thread 91483] [58.0] [cxt 0] Table 'tbl_data_forward_0': miss
[09:01:26.329] [bmv2] [D] [thread 91483] [58.0] [cxt 0] Action entry is MyIngress.data_forward - 
[09:01:26.329] [bmv2] [T] [thread 91483] [58.0] [cxt 0] Action MyIngress.data_forward
[09:01:26.329] [bmv2] [T] [thread 91483] [58.0] [cxt 0] switch.p4(97) Primitive pit_table.read(egress_port, hdr.payload.content_id)
[09:01:26.329] [bmv2] [T] [thread 91483] [58.0] [cxt 0] Read register 'MyIngress.pit_table' at index 0 read value 0
[09:01:26.329] [bmv2] [T] [thread 91483] [58.0] [cxt 0] switch.p4(98) Primitive standard_metadata.egress_spec = egress_port
[09:01:26.329] [bmv2] [T] [thread 91483] [58.0] [cxt 0] switch.p4(99) Primitive pit_table.write(hdr.payload.content_id, 0)
[09:01:26.329] [bmv2] [T] [thread 91483] [58.0] [cxt 0] Wrote register 'MyIngress.pit_table' at index 0 with value 0
[09:01:26.329] [bmv2] [T] [thread 91483] [58.0] [cxt 0] switch.p4(100) Primitive hdr.ethernet.srcAddr = 0xFFFFFFFFFFFF
[09:01:26.329] [bmv2] [T] [thread 91483] [58.0] [cxt 0] switch.p4(101) Primitive hdr.ethernet.dstAddr = 0xFFFFFFFFFFFF
[09:01:26.329] [bmv2] [T] [thread 91483] [58.0] [cxt 0] switch.p4(102) Primitive hdr.payload.ttl = hdr.payload.ttl - 1
[09:01:26.329] [bmv2] [D] [thread 91483] [58.0] [cxt 0] Pipeline 'ingress': end
[09:01:26.329] [bmv2] [D] [thread 91483] [58.0] [cxt 0] Egress port is 0
[09:01:26.329] [bmv2] [D] [thread 91484] [58.0] [cxt 0] Pipeline 'egress': start
[09:01:26.329] [bmv2] [D] [thread 91484] [58.0] [cxt 0] Pipeline 'egress': end
[09:01:26.329] [bmv2] [D] [thread 91484] [58.0] [cxt 0] Deparser 'deparser': start
[09:01:26.329] [bmv2] [D] [thread 91484] [58.0] [cxt 0] Deparsing header 'ethernet'
[09:01:26.329] [bmv2] [D] [thread 91484] [58.0] [cxt 0] Deparser 'deparser': end
[09:01:26.329] [bmv2] [D] [thread 91488] [58.0] [cxt 0] Transmitting packet of size 70 out of port 0
[09:01:26.344] [bmv2] [D] [thread 91483] [59.0] [cxt 0] Processing packet received on port 1
[09:01:26.344] [bmv2] [D] [thread 91483] [59.0] [cxt 0] Parser 'parser': start
[09:01:26.344] [bmv2] [D] [thread 91483] [59.0] [cxt 0] Parser 'parser' entering state 'start'
[09:01:26.344] [bmv2] [D] [thread 91483] [59.0] [cxt 0] Extracting header 'ethernet'
[09:01:26.344] [bmv2] [D] [thread 91483] [59.0] [cxt 0] Parser state 'start': key is 86dd
[09:01:26.344] [bmv2] [T] [thread 91483] [59.0] [cxt 0] Bytes parsed: 14
[09:01:26.344] [bmv2] [D] [thread 91483] [59.0] [cxt 0] Parser 'parser': end
[09:01:26.344] [bmv2] [D] [thread 91483] [59.0] [cxt 0] Pipeline 'ingress': start
[09:01:26.344] [bmv2] [T] [thread 91483] [59.0] [cxt 0] switch.p4(147) Condition "hdr.icn.isValid()" (node_2) is false
[09:01:26.344] [bmv2] [T] [thread 91483] [59.0] [cxt 0] switch.p4(164) Condition "hdr.payload.flag == 1" (node_13) is false
[09:01:26.344] [bmv2] [T] [thread 91483] [59.0] [cxt 0] Applying table 'tbl_data_forward_0'
[09:01:26.344] [bmv2] [D] [thread 91483] [59.0] [cxt 0] Looking up key:

[09:01:26.344] [bmv2] [D] [thread 91483] [59.0] [cxt 0] Table 'tbl_data_forward_0': miss
[09:01:26.344] [bmv2] [D] [thread 91483] [59.0] [cxt 0] Action entry is MyIngress.data_forward - 
[09:01:26.344] [bmv2] [T] [thread 91483] [59.0] [cxt 0] Action MyIngress.data_forward
[09:01:26.344] [bmv2] [T] [thread 91483] [59.0] [cxt 0] switch.p4(97) Primitive pit_table.read(egress_port, hdr.payload.content_id)
[09:01:26.344] [bmv2] [T] [thread 91483] [59.0] [cxt 0] Read register 'MyIngress.pit_table' at index 0 read value 0
[09:01:26.344] [bmv2] [T] [thread 91483] [59.0] [cxt 0] switch.p4(98) Primitive standard_metadata.egress_spec = egress_port
[09:01:26.344] [bmv2] [T] [thread 91483] [59.0] [cxt 0] switch.p4(99) Primitive pit_table.write(hdr.payload.content_id, 0)
[09:01:26.344] [bmv2] [T] [thread 91483] [59.0] [cxt 0] Wrote register 'MyIngress.pit_table' at index 0 with value 0
[09:01:26.344] [bmv2] [T] [thread 91483] [59.0] [cxt 0] switch.p4(100) Primitive hdr.ethernet.srcAddr = 0xFFFFFFFFFFFF
[09:01:26.344] [bmv2] [T] [thread 91483] [59.0] [cxt 0] switch.p4(101) Primitive hdr.ethernet.dstAddr = 0xFFFFFFFFFFFF
[09:01:26.344] [bmv2] [T] [thread 91483] [59.0] [cxt 0] switch.p4(102) Primitive hdr.payload.ttl = hdr.payload.ttl - 1
[09:01:26.344] [bmv2] [D] [thread 91483] [59.0] [cxt 0] Pipeline 'ingress': end
[09:01:26.344] [bmv2] [D] [thread 91483] [59.0] [cxt 0] Egress port is 0
[09:01:26.344] [bmv2] [D] [thread 91484] [59.0] [cxt 0] Pipeline 'egress': start
[09:01:26.344] [bmv2] [D] [thread 91484] [59.0] [cxt 0] Pipeline 'egress': end
[09:01:26.344] [bmv2] [D] [thread 91484] [59.0] [cxt 0] Deparser 'deparser': start
[09:01:26.344] [bmv2] [D] [thread 91484] [59.0] [cxt 0] Deparsing header 'ethernet'
[09:01:26.344] [bmv2] [D] [thread 91484] [59.0] [cxt 0] Deparser 'deparser': end
[09:01:26.344] [bmv2] [D] [thread 91488] [59.0] [cxt 0] Transmitting packet of size 199 out of port 0
[09:01:26.400] [bmv2] [D] [thread 91483] [60.0] [cxt 0] Processing packet received on port 1
[09:01:26.400] [bmv2] [D] [thread 91483] [60.0] [cxt 0] Parser 'parser': start
[09:01:26.400] [bmv2] [D] [thread 91483] [60.0] [cxt 0] Parser 'parser' entering state 'start'
[09:01:26.400] [bmv2] [D] [thread 91483] [60.0] [cxt 0] Extracting header 'ethernet'
[09:01:26.400] [bmv2] [D] [thread 91483] [60.0] [cxt 0] Parser state 'start': key is 86dd
[09:01:26.400] [bmv2] [T] [thread 91483] [60.0] [cxt 0] Bytes parsed: 14
[09:01:26.400] [bmv2] [D] [thread 91483] [60.0] [cxt 0] Parser 'parser': end
[09:01:26.400] [bmv2] [D] [thread 91483] [60.0] [cxt 0] Pipeline 'ingress': start
[09:01:26.400] [bmv2] [T] [thread 91483] [60.0] [cxt 0] switch.p4(147) Condition "hdr.icn.isValid()" (node_2) is false
[09:01:26.400] [bmv2] [T] [thread 91483] [60.0] [cxt 0] switch.p4(164) Condition "hdr.payload.flag == 1" (node_13) is false
[09:01:26.400] [bmv2] [T] [thread 91483] [60.0] [cxt 0] Applying table 'tbl_data_forward_0'
[09:01:26.400] [bmv2] [D] [thread 91483] [60.0] [cxt 0] Looking up key:

[09:01:26.400] [bmv2] [D] [thread 91483] [60.0] [cxt 0] Table 'tbl_data_forward_0': miss
[09:01:26.400] [bmv2] [D] [thread 91483] [60.0] [cxt 0] Action entry is MyIngress.data_forward - 
[09:01:26.400] [bmv2] [T] [thread 91483] [60.0] [cxt 0] Action MyIngress.data_forward
[09:01:26.400] [bmv2] [T] [thread 91483] [60.0] [cxt 0] switch.p4(97) Primitive pit_table.read(egress_port, hdr.payload.content_id)
[09:01:26.400] [bmv2] [T] [thread 91483] [60.0] [cxt 0] Read register 'MyIngress.pit_table' at index 0 read value 0
[09:01:26.400] [bmv2] [T] [thread 91483] [60.0] [cxt 0] switch.p4(98) Primitive standard_metadata.egress_spec = egress_port
[09:01:26.400] [bmv2] [T] [thread 91483] [60.0] [cxt 0] switch.p4(99) Primitive pit_table.write(hdr.payload.content_id, 0)
[09:01:26.400] [bmv2] [T] [thread 91483] [60.0] [cxt 0] Wrote register 'MyIngress.pit_table' at index 0 with value 0
[09:01:26.400] [bmv2] [T] [thread 91483] [60.0] [cxt 0] switch.p4(100) Primitive hdr.ethernet.srcAddr = 0xFFFFFFFFFFFF
[09:01:26.400] [bmv2] [T] [thread 91483] [60.0] [cxt 0] switch.p4(101) Primitive hdr.ethernet.dstAddr = 0xFFFFFFFFFFFF
[09:01:26.400] [bmv2] [T] [thread 91483] [60.0] [cxt 0] switch.p4(102) Primitive hdr.payload.ttl = hdr.payload.ttl - 1
[09:01:26.400] [bmv2] [D] [thread 91483] [60.0] [cxt 0] Pipeline 'ingress': end
[09:01:26.400] [bmv2] [D] [thread 91483] [60.0] [cxt 0] Egress port is 0
[09:01:26.400] [bmv2] [D] [thread 91484] [60.0] [cxt 0] Pipeline 'egress': start
[09:01:26.400] [bmv2] [D] [thread 91484] [60.0] [cxt 0] Pipeline 'egress': end
[09:01:26.400] [bmv2] [D] [thread 91484] [60.0] [cxt 0] Deparser 'deparser': start
[09:01:26.400] [bmv2] [D] [thread 91484] [60.0] [cxt 0] Deparsing header 'ethernet'
[09:01:26.400] [bmv2] [D] [thread 91484] [60.0] [cxt 0] Deparser 'deparser': end
[09:01:26.400] [bmv2] [D] [thread 91488] [60.0] [cxt 0] Transmitting packet of size 70 out of port 0
[09:01:26.518] [bmv2] [D] [thread 91483] [61.0] [cxt 0] Processing packet received on port 2
[09:01:26.518] [bmv2] [D] [thread 91483] [61.0] [cxt 0] Parser 'parser': start
[09:01:26.518] [bmv2] [D] [thread 91483] [61.0] [cxt 0] Parser 'parser' entering state 'start'
[09:01:26.518] [bmv2] [D] [thread 91483] [61.0] [cxt 0] Extracting header 'ethernet'
[09:01:26.518] [bmv2] [D] [thread 91483] [61.0] [cxt 0] Parser state 'start': key is 86dd
[09:01:26.518] [bmv2] [T] [thread 91483] [61.0] [cxt 0] Bytes parsed: 14
[09:01:26.518] [bmv2] [D] [thread 91483] [61.0] [cxt 0] Parser 'parser': end
[09:01:26.518] [bmv2] [D] [thread 91483] [61.0] [cxt 0] Pipeline 'ingress': start
[09:01:26.518] [bmv2] [T] [thread 91483] [61.0] [cxt 0] switch.p4(147) Condition "hdr.icn.isValid()" (node_2) is false
[09:01:26.518] [bmv2] [T] [thread 91483] [61.0] [cxt 0] switch.p4(164) Condition "hdr.payload.flag == 1" (node_13) is false
[09:01:26.518] [bmv2] [T] [thread 91483] [61.0] [cxt 0] Applying table 'tbl_data_forward_0'
[09:01:26.518] [bmv2] [D] [thread 91483] [61.0] [cxt 0] Looking up key:

[09:01:26.518] [bmv2] [D] [thread 91483] [61.0] [cxt 0] Table 'tbl_data_forward_0': miss
[09:01:26.518] [bmv2] [D] [thread 91483] [61.0] [cxt 0] Action entry is MyIngress.data_forward - 
[09:01:26.518] [bmv2] [T] [thread 91483] [61.0] [cxt 0] Action MyIngress.data_forward
[09:01:26.518] [bmv2] [T] [thread 91483] [61.0] [cxt 0] switch.p4(97) Primitive pit_table.read(egress_port, hdr.payload.content_id)
[09:01:26.518] [bmv2] [T] [thread 91483] [61.0] [cxt 0] Read register 'MyIngress.pit_table' at index 0 read value 0
[09:01:26.518] [bmv2] [T] [thread 91483] [61.0] [cxt 0] switch.p4(98) Primitive standard_metadata.egress_spec = egress_port
[09:01:26.518] [bmv2] [T] [thread 91483] [61.0] [cxt 0] switch.p4(99) Primitive pit_table.write(hdr.payload.content_id, 0)
[09:01:26.518] [bmv2] [T] [thread 91483] [61.0] [cxt 0] Wrote register 'MyIngress.pit_table' at index 0 with value 0
[09:01:26.518] [bmv2] [T] [thread 91483] [61.0] [cxt 0] switch.p4(100) Primitive hdr.ethernet.srcAddr = 0xFFFFFFFFFFFF
[09:01:26.518] [bmv2] [T] [thread 91483] [61.0] [cxt 0] switch.p4(101) Primitive hdr.ethernet.dstAddr = 0xFFFFFFFFFFFF
[09:01:26.518] [bmv2] [T] [thread 91483] [61.0] [cxt 0] switch.p4(102) Primitive hdr.payload.ttl = hdr.payload.ttl - 1
[09:01:26.518] [bmv2] [D] [thread 91483] [61.0] [cxt 0] Pipeline 'ingress': end
[09:01:26.518] [bmv2] [D] [thread 91483] [61.0] [cxt 0] Egress port is 0
[09:01:26.518] [bmv2] [D] [thread 91484] [61.0] [cxt 0] Pipeline 'egress': start
[09:01:26.518] [bmv2] [D] [thread 91484] [61.0] [cxt 0] Pipeline 'egress': end
[09:01:26.518] [bmv2] [D] [thread 91484] [61.0] [cxt 0] Deparser 'deparser': start
[09:01:26.518] [bmv2] [D] [thread 91484] [61.0] [cxt 0] Deparsing header 'ethernet'
[09:01:26.518] [bmv2] [D] [thread 91484] [61.0] [cxt 0] Deparser 'deparser': end
[09:01:26.518] [bmv2] [D] [thread 91488] [61.0] [cxt 0] Transmitting packet of size 199 out of port 0
[09:01:26.854] [bmv2] [D] [thread 91483] [62.0] [cxt 0] Processing packet received on port 1
[09:01:26.854] [bmv2] [D] [thread 91483] [62.0] [cxt 0] Parser 'parser': start
[09:01:26.854] [bmv2] [D] [thread 91483] [62.0] [cxt 0] Parser 'parser' entering state 'start'
[09:01:26.854] [bmv2] [D] [thread 91483] [62.0] [cxt 0] Extracting header 'ethernet'
[09:01:26.854] [bmv2] [D] [thread 91483] [62.0] [cxt 0] Parser state 'start': key is 88b5
[09:01:26.854] [bmv2] [T] [thread 91483] [62.0] [cxt 0] Bytes parsed: 14
[09:01:26.854] [bmv2] [D] [thread 91483] [62.0] [cxt 0] Parser 'parser' entering state 'parse_icn'
[09:01:26.854] [bmv2] [D] [thread 91483] [62.0] [cxt 0] Extracting header 'icn'
[09:01:26.854] [bmv2] [D] [thread 91483] [62.0] [cxt 0] Parser state 'parse_icn' has no switch, going to default next state
[09:01:26.854] [bmv2] [T] [thread 91483] [62.0] [cxt 0] Bytes parsed: 22
[09:01:26.854] [bmv2] [D] [thread 91483] [62.0] [cxt 0] Parser 'parser': end
[09:01:26.854] [bmv2] [D] [thread 91483] [62.0] [cxt 0] Pipeline 'ingress': start
[09:01:26.854] [bmv2] [T] [thread 91483] [62.0] [cxt 0] switch.p4(147) Condition "hdr.icn.isValid()" (node_2) is true
[09:01:26.854] [bmv2] [T] [thread 91483] [62.0] [cxt 0] Applying table 'tbl_switch148'
[09:01:26.854] [bmv2] [D] [thread 91483] [62.0] [cxt 0] Looking up key:

[09:01:26.854] [bmv2] [D] [thread 91483] [62.0] [cxt 0] Table 'tbl_switch148': miss
[09:01:26.854] [bmv2] [D] [thread 91483] [62.0] [cxt 0] Action entry is switch148 - 
[09:01:26.854] [bmv2] [T] [thread 91483] [62.0] [cxt 0] Action switch148
[09:01:26.854] [bmv2] [T] [thread 91483] [62.0] [cxt 0] switch.p4(148) Primitive content_cache.read(cached_data, hdr.icn.content_id)
[09:01:26.854] [bmv2] [T] [thread 91483] [62.0] [cxt 0] Read register 'MyIngress.content_cache' at index 1 read value 0
[09:01:26.854] [bmv2] [T] [thread 91483] [62.0] [cxt 0] switch.p4(149) Condition "cached_data != 0" (node_4) is false
[09:01:26.854] [bmv2] [T] [thread 91483] [62.0] [cxt 0] Applying table 'tbl_switch159'
[09:01:26.854] [bmv2] [D] [thread 91483] [62.0] [cxt 0] Looking up key:

[09:01:26.854] [bmv2] [D] [thread 91483] [62.0] [cxt 0] Table 'tbl_switch159': miss
[09:01:26.854] [bmv2] [D] [thread 91483] [62.0] [cxt 0] Action entry is switch159 - 
[09:01:26.854] [bmv2] [T] [thread 91483] [62.0] [cxt 0] Action switch159
[09:01:26.854] [bmv2] [T] [thread 91483] [62.0] [cxt 0] switch.p4(159) Primitive hdr.icn.flag = 0
[09:01:26.854] [bmv2] [T] [thread 91483] [62.0] [cxt 0] switch.p4(160) Primitive pit_table.write(hdr.icn.content_id, standard_metadata.ingress_port)
[09:01:26.854] [bmv2] [T] [thread 91483] [62.0] [cxt 0] Wrote register 'MyIngress.pit_table' at index 1 with value 1
[09:01:26.854] [bmv2] [T] [thread 91483] [62.0] [cxt 0] Applying table 'MyIngress.foward_interest'
[09:01:26.854] [bmv2] [D] [thread 91483] [62.0] [cxt 0] Looking up key:
* hdr.ethernet.srcAddr: 080000000100

[09:01:26.854] [bmv2] [D] [thread 91483] [62.0] [cxt 0] Table 'MyIngress.foward_interest': hit with handle 0
[09:01:26.854] [bmv2] [D] [thread 91483] [62.0] [cxt 0] Dumping entry 0
Match key:
* hdr.ethernet.srcAddr: EXACT     080000000100
Action entry: MyIngress.dup_interest - 80000000300,2,

[09:01:26.854] [bmv2] [D] [thread 91483] [62.0] [cxt 0] Action entry is MyIngress.dup_interest - 80000000300,2,
[09:01:26.854] [bmv2] [T] [thread 91483] [62.0] [cxt 0] Action MyIngress.dup_interest
[09:01:26.854] [bmv2] [T] [thread 91483] [62.0] [cxt 0] switch.p4(124) Primitive standard_metadata.egress_spec = port
[09:01:26.854] [bmv2] [T] [thread 91483] [62.0] [cxt 0] switch.p4(125) Primitive hdr.ethernet.srcAddr = hdr.ethernet.dstAddr
[09:01:26.854] [bmv2] [T] [thread 91483] [62.0] [cxt 0] switch.p4(126) Primitive hdr.ethernet.dstAddr = dstAddr
[09:01:26.854] [bmv2] [T] [thread 91483] [62.0] [cxt 0] switch.p4(128) Primitive hdr.icn.hop_count = hdr.icn.hop_count - 1
[09:01:26.854] [bmv2] [D] [thread 91483] [62.0] [cxt 0] Pipeline 'ingress': end
[09:01:26.854] [bmv2] [D] [thread 91483] [62.0] [cxt 0] Egress port is 2
[09:01:26.854] [bmv2] [D] [thread 91486] [62.0] [cxt 0] Pipeline 'egress': start
[09:01:26.856] [bmv2] [D] [thread 91486] [62.0] [cxt 0] Pipeline 'egress': end
[09:01:26.856] [bmv2] [D] [thread 91486] [62.0] [cxt 0] Deparser 'deparser': start
[09:01:26.856] [bmv2] [D] [thread 91486] [62.0] [cxt 0] Deparsing header 'ethernet'
[09:01:26.856] [bmv2] [D] [thread 91486] [62.0] [cxt 0] Deparsing header 'icn'
[09:01:26.856] [bmv2] [D] [thread 91486] [62.0] [cxt 0] Deparser 'deparser': end
[09:01:26.856] [bmv2] [D] [thread 91488] [62.0] [cxt 0] Transmitting packet of size 22 out of port 2
[09:01:26.892] [bmv2] [D] [thread 91483] [63.0] [cxt 0] Processing packet received on port 2
[09:01:26.892] [bmv2] [D] [thread 91483] [63.0] [cxt 0] Parser 'parser': start
[09:01:26.892] [bmv2] [D] [thread 91483] [63.0] [cxt 0] Parser 'parser' entering state 'start'
[09:01:26.892] [bmv2] [D] [thread 91483] [63.0] [cxt 0] Extracting header 'ethernet'
[09:01:26.892] [bmv2] [D] [thread 91483] [63.0] [cxt 0] Parser state 'start': key is 88b6
[09:01:26.892] [bmv2] [T] [thread 91483] [63.0] [cxt 0] Bytes parsed: 14
[09:01:26.892] [bmv2] [D] [thread 91483] [63.0] [cxt 0] Parser 'parser' entering state 'parse_payload'
[09:01:26.892] [bmv2] [D] [thread 91483] [63.0] [cxt 0] Extracting header 'payload'
[09:01:26.892] [bmv2] [D] [thread 91483] [63.0] [cxt 0] Parser state 'parse_payload' has no switch, going to default next state
[09:01:26.892] [bmv2] [T] [thread 91483] [63.0] [cxt 0] Bytes parsed: 276
[09:01:26.892] [bmv2] [D] [thread 91483] [63.0] [cxt 0] Parser 'parser': end
[09:01:26.892] [bmv2] [D] [thread 91483] [63.0] [cxt 0] Pipeline 'ingress': start
[09:01:26.892] [bmv2] [T] [thread 91483] [63.0] [cxt 0] switch.p4(147) Condition "hdr.icn.isValid()" (node_2) is false
[09:01:26.892] [bmv2] [T] [thread 91483] [63.0] [cxt 0] switch.p4(164) Condition "hdr.payload.flag == 1" (node_13) is false
[09:01:26.892] [bmv2] [T] [thread 91483] [63.0] [cxt 0] Applying table 'tbl_data_forward_0'
[09:01:26.892] [bmv2] [D] [thread 91483] [63.0] [cxt 0] Looking up key:

[09:01:26.892] [bmv2] [D] [thread 91483] [63.0] [cxt 0] Table 'tbl_data_forward_0': miss
[09:01:26.892] [bmv2] [D] [thread 91483] [63.0] [cxt 0] Action entry is MyIngress.data_forward - 
[09:01:26.892] [bmv2] [T] [thread 91483] [63.0] [cxt 0] Action MyIngress.data_forward
[09:01:26.892] [bmv2] [T] [thread 91483] [63.0] [cxt 0] switch.p4(97) Primitive pit_table.read(egress_port, hdr.payload.content_id)
[09:01:26.892] [bmv2] [T] [thread 91483] [63.0] [cxt 0] Read register 'MyIngress.pit_table' at index 1 read value 1
[09:01:26.892] [bmv2] [T] [thread 91483] [63.0] [cxt 0] switch.p4(98) Primitive standard_metadata.egress_spec = egress_port
[09:01:26.892] [bmv2] [T] [thread 91483] [63.0] [cxt 0] switch.p4(99) Primitive pit_table.write(hdr.payload.content_id, 0)
[09:01:26.892] [bmv2] [T] [thread 91483] [63.0] [cxt 0] Wrote register 'MyIngress.pit_table' at index 1 with value 0
[09:01:26.892] [bmv2] [T] [thread 91483] [63.0] [cxt 0] switch.p4(100) Primitive hdr.ethernet.srcAddr = 0xFFFFFFFFFFFF
[09:01:26.892] [bmv2] [T] [thread 91483] [63.0] [cxt 0] switch.p4(101) Primitive hdr.ethernet.dstAddr = 0xFFFFFFFFFFFF
[09:01:26.892] [bmv2] [T] [thread 91483] [63.0] [cxt 0] switch.p4(102) Primitive hdr.payload.ttl = hdr.payload.ttl - 1
[09:01:26.892] [bmv2] [D] [thread 91483] [63.0] [cxt 0] Pipeline 'ingress': end
[09:01:26.892] [bmv2] [D] [thread 91483] [63.0] [cxt 0] Egress port is 1
[09:01:26.892] [bmv2] [D] [thread 91485] [63.0] [cxt 0] Pipeline 'egress': start
[09:01:26.892] [bmv2] [D] [thread 91485] [63.0] [cxt 0] Pipeline 'egress': end
[09:01:26.892] [bmv2] [D] [thread 91485] [63.0] [cxt 0] Deparser 'deparser': start
[09:01:26.892] [bmv2] [D] [thread 91485] [63.0] [cxt 0] Deparsing header 'ethernet'
[09:01:26.892] [bmv2] [D] [thread 91485] [63.0] [cxt 0] Deparsing header 'payload'
[09:01:26.892] [bmv2] [D] [thread 91485] [63.0] [cxt 0] Deparser 'deparser': end
[09:01:26.892] [bmv2] [D] [thread 91488] [63.0] [cxt 0] Transmitting packet of size 276 out of port 1
[09:01:26.962] [bmv2] [D] [thread 91483] [64.0] [cxt 0] Processing packet received on port 2
[09:01:26.962] [bmv2] [D] [thread 91483] [64.0] [cxt 0] Parser 'parser': start
[09:01:26.962] [bmv2] [D] [thread 91483] [64.0] [cxt 0] Parser 'parser' entering state 'start'
[09:01:26.962] [bmv2] [D] [thread 91483] [64.0] [cxt 0] Extracting header 'ethernet'
[09:01:26.962] [bmv2] [D] [thread 91483] [64.0] [cxt 0] Parser state 'start': key is 86dd
[09:01:26.962] [bmv2] [T] [thread 91483] [64.0] [cxt 0] Bytes parsed: 14
[09:01:26.962] [bmv2] [D] [thread 91483] [64.0] [cxt 0] Parser 'parser': end
[09:01:26.962] [bmv2] [D] [thread 91483] [64.0] [cxt 0] Pipeline 'ingress': start
[09:01:26.962] [bmv2] [T] [thread 91483] [64.0] [cxt 0] switch.p4(147) Condition "hdr.icn.isValid()" (node_2) is false
[09:01:26.962] [bmv2] [T] [thread 91483] [64.0] [cxt 0] switch.p4(164) Condition "hdr.payload.flag == 1" (node_13) is false
[09:01:26.962] [bmv2] [T] [thread 91483] [64.0] [cxt 0] Applying table 'tbl_data_forward_0'
[09:01:26.962] [bmv2] [D] [thread 91483] [64.0] [cxt 0] Looking up key:

[09:01:26.962] [bmv2] [D] [thread 91483] [64.0] [cxt 0] Table 'tbl_data_forward_0': miss
[09:01:26.962] [bmv2] [D] [thread 91483] [64.0] [cxt 0] Action entry is MyIngress.data_forward - 
[09:01:26.962] [bmv2] [T] [thread 91483] [64.0] [cxt 0] Action MyIngress.data_forward
[09:01:26.968] [bmv2] [T] [thread 91483] [64.0] [cxt 0] switch.p4(97) Primitive pit_table.read(egress_port, hdr.payload.content_id)
[09:01:26.968] [bmv2] [T] [thread 91483] [64.0] [cxt 0] Read register 'MyIngress.pit_table' at index 1 read value 0
[09:01:26.968] [bmv2] [T] [thread 91483] [64.0] [cxt 0] switch.p4(98) Primitive standard_metadata.egress_spec = egress_port
[09:01:26.968] [bmv2] [T] [thread 91483] [64.0] [cxt 0] switch.p4(99) Primitive pit_table.write(hdr.payload.content_id, 0)
[09:01:26.968] [bmv2] [T] [thread 91483] [64.0] [cxt 0] Wrote register 'MyIngress.pit_table' at index 1 with value 0
[09:01:26.968] [bmv2] [T] [thread 91483] [64.0] [cxt 0] switch.p4(100) Primitive hdr.ethernet.srcAddr = 0xFFFFFFFFFFFF
[09:01:26.968] [bmv2] [T] [thread 91483] [64.0] [cxt 0] switch.p4(101) Primitive hdr.ethernet.dstAddr = 0xFFFFFFFFFFFF
[09:01:26.968] [bmv2] [T] [thread 91483] [64.0] [cxt 0] switch.p4(102) Primitive hdr.payload.ttl = hdr.payload.ttl - 1
[09:01:26.968] [bmv2] [D] [thread 91483] [64.0] [cxt 0] Pipeline 'ingress': end
[09:01:26.968] [bmv2] [D] [thread 91483] [64.0] [cxt 0] Egress port is 0
[09:01:26.968] [bmv2] [D] [thread 91484] [64.0] [cxt 0] Pipeline 'egress': start
[09:01:26.968] [bmv2] [D] [thread 91484] [64.0] [cxt 0] Pipeline 'egress': end
[09:01:26.968] [bmv2] [D] [thread 91484] [64.0] [cxt 0] Deparser 'deparser': start
[09:01:26.968] [bmv2] [D] [thread 91484] [64.0] [cxt 0] Deparsing header 'ethernet'
[09:01:26.968] [bmv2] [D] [thread 91484] [64.0] [cxt 0] Deparser 'deparser': end
[09:01:26.968] [bmv2] [D] [thread 91488] [64.0] [cxt 0] Transmitting packet of size 199 out of port 0
[09:01:27.014] [bmv2] [D] [thread 91483] [65.0] [cxt 0] Processing packet received on port 1
[09:01:27.014] [bmv2] [D] [thread 91483] [65.0] [cxt 0] Parser 'parser': start
[09:01:27.014] [bmv2] [D] [thread 91483] [65.0] [cxt 0] Parser 'parser' entering state 'start'
[09:01:27.014] [bmv2] [D] [thread 91483] [65.0] [cxt 0] Extracting header 'ethernet'
[09:01:27.014] [bmv2] [D] [thread 91483] [65.0] [cxt 0] Parser state 'start': key is 86dd
[09:01:27.014] [bmv2] [T] [thread 91483] [65.0] [cxt 0] Bytes parsed: 14
[09:01:27.014] [bmv2] [D] [thread 91483] [65.0] [cxt 0] Parser 'parser': end
[09:01:27.014] [bmv2] [D] [thread 91483] [65.0] [cxt 0] Pipeline 'ingress': start
[09:01:27.014] [bmv2] [T] [thread 91483] [65.0] [cxt 0] switch.p4(147) Condition "hdr.icn.isValid()" (node_2) is false
[09:01:27.014] [bmv2] [T] [thread 91483] [65.0] [cxt 0] switch.p4(164) Condition "hdr.payload.flag == 1" (node_13) is false
[09:01:27.014] [bmv2] [T] [thread 91483] [65.0] [cxt 0] Applying table 'tbl_data_forward_0'
[09:01:27.014] [bmv2] [D] [thread 91483] [65.0] [cxt 0] Looking up key:

[09:01:27.014] [bmv2] [D] [thread 91483] [65.0] [cxt 0] Table 'tbl_data_forward_0': miss
[09:01:27.014] [bmv2] [D] [thread 91483] [65.0] [cxt 0] Action entry is MyIngress.data_forward - 
[09:01:27.014] [bmv2] [T] [thread 91483] [65.0] [cxt 0] Action MyIngress.data_forward
[09:01:27.014] [bmv2] [T] [thread 91483] [65.0] [cxt 0] switch.p4(97) Primitive pit_table.read(egress_port, hdr.payload.content_id)
[09:01:27.014] [bmv2] [T] [thread 91483] [65.0] [cxt 0] Read register 'MyIngress.pit_table' at index 1 read value 0
[09:01:27.014] [bmv2] [T] [thread 91483] [65.0] [cxt 0] switch.p4(98) Primitive standard_metadata.egress_spec = egress_port
[09:01:27.014] [bmv2] [T] [thread 91483] [65.0] [cxt 0] switch.p4(99) Primitive pit_table.write(hdr.payload.content_id, 0)
[09:01:27.014] [bmv2] [T] [thread 91483] [65.0] [cxt 0] Wrote register 'MyIngress.pit_table' at index 1 with value 0
[09:01:27.014] [bmv2] [T] [thread 91483] [65.0] [cxt 0] switch.p4(100) Primitive hdr.ethernet.srcAddr = 0xFFFFFFFFFFFF
[09:01:27.014] [bmv2] [T] [thread 91483] [65.0] [cxt 0] switch.p4(101) Primitive hdr.ethernet.dstAddr = 0xFFFFFFFFFFFF
[09:01:27.014] [bmv2] [T] [thread 91483] [65.0] [cxt 0] switch.p4(102) Primitive hdr.payload.ttl = hdr.payload.ttl - 1
[09:01:27.014] [bmv2] [D] [thread 91483] [65.0] [cxt 0] Pipeline 'ingress': end
[09:01:27.014] [bmv2] [D] [thread 91483] [65.0] [cxt 0] Egress port is 0
[09:01:27.014] [bmv2] [D] [thread 91484] [65.0] [cxt 0] Pipeline 'egress': start
[09:01:27.014] [bmv2] [D] [thread 91484] [65.0] [cxt 0] Pipeline 'egress': end
[09:01:27.014] [bmv2] [D] [thread 91484] [65.0] [cxt 0] Deparser 'deparser': start
[09:01:27.014] [bmv2] [D] [thread 91484] [65.0] [cxt 0] Deparsing header 'ethernet'
[09:01:27.018] [bmv2] [D] [thread 91484] [65.0] [cxt 0] Deparser 'deparser': end
[09:01:27.018] [bmv2] [D] [thread 91488] [65.0] [cxt 0] Transmitting packet of size 199 out of port 0
[09:01:27.779] [bmv2] [D] [thread 91483] [66.0] [cxt 0] Processing packet received on port 1
[09:01:27.779] [bmv2] [D] [thread 91483] [66.0] [cxt 0] Parser 'parser': start
[09:01:27.779] [bmv2] [D] [thread 91483] [66.0] [cxt 0] Parser 'parser' entering state 'start'
[09:01:27.779] [bmv2] [D] [thread 91483] [66.0] [cxt 0] Extracting header 'ethernet'
[09:01:27.779] [bmv2] [D] [thread 91483] [66.0] [cxt 0] Parser state 'start': key is 88b5
[09:01:27.779] [bmv2] [T] [thread 91483] [66.0] [cxt 0] Bytes parsed: 14
[09:01:27.779] [bmv2] [D] [thread 91483] [66.0] [cxt 0] Parser 'parser' entering state 'parse_icn'
[09:01:27.779] [bmv2] [D] [thread 91483] [66.0] [cxt 0] Extracting header 'icn'
[09:01:27.779] [bmv2] [D] [thread 91483] [66.0] [cxt 0] Parser state 'parse_icn' has no switch, going to default next state
[09:01:27.779] [bmv2] [T] [thread 91483] [66.0] [cxt 0] Bytes parsed: 22
[09:01:27.779] [bmv2] [D] [thread 91483] [66.0] [cxt 0] Parser 'parser': end
[09:01:27.779] [bmv2] [D] [thread 91483] [66.0] [cxt 0] Pipeline 'ingress': start
[09:01:27.779] [bmv2] [T] [thread 91483] [66.0] [cxt 0] switch.p4(147) Condition "hdr.icn.isValid()" (node_2) is true
[09:01:27.779] [bmv2] [T] [thread 91483] [66.0] [cxt 0] Applying table 'tbl_switch148'
[09:01:27.779] [bmv2] [D] [thread 91483] [66.0] [cxt 0] Looking up key:

[09:01:27.779] [bmv2] [D] [thread 91483] [66.0] [cxt 0] Table 'tbl_switch148': miss
[09:01:27.779] [bmv2] [D] [thread 91483] [66.0] [cxt 0] Action entry is switch148 - 
[09:01:27.779] [bmv2] [T] [thread 91483] [66.0] [cxt 0] Action switch148
[09:01:27.779] [bmv2] [T] [thread 91483] [66.0] [cxt 0] switch.p4(148) Primitive content_cache.read(cached_data, hdr.icn.content_id)
[09:01:27.779] [bmv2] [T] [thread 91483] [66.0] [cxt 0] Read register 'MyIngress.content_cache' at index 1 read value 0
[09:01:27.779] [bmv2] [T] [thread 91483] [66.0] [cxt 0] switch.p4(149) Condition "cached_data != 0" (node_4) is false
[09:01:27.779] [bmv2] [T] [thread 91483] [66.0] [cxt 0] Applying table 'tbl_switch159'
[09:01:27.779] [bmv2] [D] [thread 91483] [66.0] [cxt 0] Looking up key:

[09:01:27.779] [bmv2] [D] [thread 91483] [66.0] [cxt 0] Table 'tbl_switch159': miss
[09:01:27.779] [bmv2] [D] [thread 91483] [66.0] [cxt 0] Action entry is switch159 - 
[09:01:27.779] [bmv2] [T] [thread 91483] [66.0] [cxt 0] Action switch159
[09:01:27.779] [bmv2] [T] [thread 91483] [66.0] [cxt 0] switch.p4(159) Primitive hdr.icn.flag = 0
[09:01:27.779] [bmv2] [T] [thread 91483] [66.0] [cxt 0] switch.p4(160) Primitive pit_table.write(hdr.icn.content_id, standard_metadata.ingress_port)
[09:01:27.779] [bmv2] [T] [thread 91483] [66.0] [cxt 0] Wrote register 'MyIngress.pit_table' at index 1 with value 1
[09:01:27.779] [bmv2] [T] [thread 91483] [66.0] [cxt 0] Applying table 'MyIngress.foward_interest'
[09:01:27.779] [bmv2] [D] [thread 91483] [66.0] [cxt 0] Looking up key:
* hdr.ethernet.srcAddr: 080000000100

[09:01:27.779] [bmv2] [D] [thread 91483] [66.0] [cxt 0] Table 'MyIngress.foward_interest': hit with handle 0
[09:01:27.779] [bmv2] [D] [thread 91483] [66.0] [cxt 0] Dumping entry 0
Match key:
* hdr.ethernet.srcAddr: EXACT     080000000100
Action entry: MyIngress.dup_interest - 80000000300,2,

[09:01:27.779] [bmv2] [D] [thread 91483] [66.0] [cxt 0] Action entry is MyIngress.dup_interest - 80000000300,2,
[09:01:27.779] [bmv2] [T] [thread 91483] [66.0] [cxt 0] Action MyIngress.dup_interest
[09:01:27.779] [bmv2] [T] [thread 91483] [66.0] [cxt 0] switch.p4(124) Primitive standard_metadata.egress_spec = port
[09:01:27.779] [bmv2] [T] [thread 91483] [66.0] [cxt 0] switch.p4(125) Primitive hdr.ethernet.srcAddr = hdr.ethernet.dstAddr
[09:01:27.779] [bmv2] [T] [thread 91483] [66.0] [cxt 0] switch.p4(126) Primitive hdr.ethernet.dstAddr = dstAddr
[09:01:27.779] [bmv2] [T] [thread 91483] [66.0] [cxt 0] switch.p4(128) Primitive hdr.icn.hop_count = hdr.icn.hop_count - 1
[09:01:27.779] [bmv2] [D] [thread 91483] [66.0] [cxt 0] Pipeline 'ingress': end
[09:01:27.779] [bmv2] [D] [thread 91483] [66.0] [cxt 0] Egress port is 2
[09:01:27.779] [bmv2] [D] [thread 91486] [66.0] [cxt 0] Pipeline 'egress': start
[09:01:27.779] [bmv2] [D] [thread 91486] [66.0] [cxt 0] Pipeline 'egress': end
[09:01:27.779] [bmv2] [D] [thread 91486] [66.0] [cxt 0] Deparser 'deparser': start
[09:01:27.779] [bmv2] [D] [thread 91486] [66.0] [cxt 0] Deparsing header 'ethernet'
[09:01:27.779] [bmv2] [D] [thread 91486] [66.0] [cxt 0] Deparsing header 'icn'
[09:01:27.779] [bmv2] [D] [thread 91486] [66.0] [cxt 0] Deparser 'deparser': end
[09:01:27.779] [bmv2] [D] [thread 91488] [66.0] [cxt 0] Transmitting packet of size 22 out of port 2
[09:01:27.783] [bmv2] [D] [thread 91483] [67.0] [cxt 0] Processing packet received on port 2
[09:01:27.783] [bmv2] [D] [thread 91483] [67.0] [cxt 0] Parser 'parser': start
[09:01:27.783] [bmv2] [D] [thread 91483] [67.0] [cxt 0] Parser 'parser' entering state 'start'
[09:01:27.783] [bmv2] [D] [thread 91483] [67.0] [cxt 0] Extracting header 'ethernet'
[09:01:27.783] [bmv2] [D] [thread 91483] [67.0] [cxt 0] Parser state 'start': key is 88b6
[09:01:27.783] [bmv2] [T] [thread 91483] [67.0] [cxt 0] Bytes parsed: 14
[09:01:27.783] [bmv2] [D] [thread 91483] [67.0] [cxt 0] Parser 'parser' entering state 'parse_payload'
[09:01:27.783] [bmv2] [D] [thread 91483] [67.0] [cxt 0] Extracting header 'payload'
[09:01:27.783] [bmv2] [D] [thread 91483] [67.0] [cxt 0] Parser state 'parse_payload' has no switch, going to default next state
[09:01:27.783] [bmv2] [T] [thread 91483] [67.0] [cxt 0] Bytes parsed: 276
[09:01:27.783] [bmv2] [D] [thread 91483] [67.0] [cxt 0] Parser 'parser': end
[09:01:27.783] [bmv2] [D] [thread 91483] [67.0] [cxt 0] Pipeline 'ingress': start
[09:01:27.783] [bmv2] [T] [thread 91483] [67.0] [cxt 0] switch.p4(147) Condition "hdr.icn.isValid()" (node_2) is false
[09:01:27.783] [bmv2] [T] [thread 91483] [67.0] [cxt 0] switch.p4(164) Condition "hdr.payload.flag == 1" (node_13) is true
[09:01:27.783] [bmv2] [T] [thread 91483] [67.0] [cxt 0] Applying table 'tbl_cache_content'
[09:01:27.783] [bmv2] [D] [thread 91483] [67.0] [cxt 0] Looking up key:

[09:01:27.783] [bmv2] [D] [thread 91483] [67.0] [cxt 0] Table 'tbl_cache_content': miss
[09:01:27.783] [bmv2] [D] [thread 91483] [67.0] [cxt 0] Action entry is MyIngress.cache_content - 
[09:01:27.783] [bmv2] [T] [thread 91483] [67.0] [cxt 0] Action MyIngress.cache_content
[09:01:27.783] [bmv2] [T] [thread 91483] [67.0] [cxt 0] switch.p4(106) Primitive content_cache.write(hdr.payload.content_id, hdr.payload.data)
[09:01:27.783] [bmv2] [T] [thread 91483] [67.0] [cxt 0] Wrote register 'MyIngress.content_cache' at index 1 with value 17334248032272856919049904129148938617700988014304292665051363529817104491524797347555222073430792320059939653561838142512049133114388715375014781493453850835185074611781570404847019710571613655373669594595135033889630776998479070814982991093682257016220976393663747692290960138236990461169158975424217495205235714645535325005531839232559780229597835373266260635303518876566160865710124377185704679970288330545603901891183133829188678302433295812412601508611578502040926066791030664212907508769521753768992941363800118204875972853288437881499254902667790476020116895095900119866747339270646056253520273313150781095936
[09:01:27.783] [bmv2] [T] [thread 91483] [67.0] [cxt 0] switch.p4(107) Primitive hdr.payload.flag = 0
[09:01:27.783] [bmv2] [T] [thread 91483] [67.0] [cxt 0] Applying table 'tbl_data_forward_0'
[09:01:27.783] [bmv2] [D] [thread 91483] [67.0] [cxt 0] Looking up key:

[09:01:27.783] [bmv2] [D] [thread 91483] [67.0] [cxt 0] Table 'tbl_data_forward_0': miss
[09:01:27.783] [bmv2] [D] [thread 91483] [67.0] [cxt 0] Action entry is MyIngress.data_forward - 
[09:01:27.783] [bmv2] [T] [thread 91483] [67.0] [cxt 0] Action MyIngress.data_forward
[09:01:27.783] [bmv2] [T] [thread 91483] [67.0] [cxt 0] switch.p4(97) Primitive pit_table.read(egress_port, hdr.payload.content_id)
[09:01:27.783] [bmv2] [T] [thread 91483] [67.0] [cxt 0] Read register 'MyIngress.pit_table' at index 1 read value 1
[09:01:27.783] [bmv2] [T] [thread 91483] [67.0] [cxt 0] switch.p4(98) Primitive standard_metadata.egress_spec = egress_port
[09:01:27.783] [bmv2] [T] [thread 91483] [67.0] [cxt 0] switch.p4(99) Primitive pit_table.write(hdr.payload.content_id, 0)
[09:01:27.783] [bmv2] [T] [thread 91483] [67.0] [cxt 0] Wrote register 'MyIngress.pit_table' at index 1 with value 0
[09:01:27.783] [bmv2] [T] [thread 91483] [67.0] [cxt 0] switch.p4(100) Primitive hdr.ethernet.srcAddr = 0xFFFFFFFFFFFF
[09:01:27.783] [bmv2] [T] [thread 91483] [67.0] [cxt 0] switch.p4(101) Primitive hdr.ethernet.dstAddr = 0xFFFFFFFFFFFF
[09:01:27.783] [bmv2] [T] [thread 91483] [67.0] [cxt 0] switch.p4(102) Primitive hdr.payload.ttl = hdr.payload.ttl - 1
[09:01:27.783] [bmv2] [D] [thread 91483] [67.0] [cxt 0] Pipeline 'ingress': end
[09:01:27.783] [bmv2] [D] [thread 91483] [67.0] [cxt 0] Egress port is 1
[09:01:27.783] [bmv2] [D] [thread 91485] [67.0] [cxt 0] Pipeline 'egress': start
[09:01:27.783] [bmv2] [D] [thread 91485] [67.0] [cxt 0] Pipeline 'egress': end
[09:01:27.783] [bmv2] [D] [thread 91485] [67.0] [cxt 0] Deparser 'deparser': start
[09:01:27.783] [bmv2] [D] [thread 91485] [67.0] [cxt 0] Deparsing header 'ethernet'
[09:01:27.783] [bmv2] [D] [thread 91485] [67.0] [cxt 0] Deparsing header 'payload'
[09:01:27.783] [bmv2] [D] [thread 91485] [67.0] [cxt 0] Deparser 'deparser': end
[09:01:27.783] [bmv2] [D] [thread 91488] [67.0] [cxt 0] Transmitting packet of size 276 out of port 1
[09:01:28.806] [bmv2] [D] [thread 91483] [68.0] [cxt 0] Processing packet received on port 1
[09:01:28.806] [bmv2] [D] [thread 91483] [68.0] [cxt 0] Parser 'parser': start
[09:01:28.806] [bmv2] [D] [thread 91483] [68.0] [cxt 0] Parser 'parser' entering state 'start'
[09:01:28.806] [bmv2] [D] [thread 91483] [68.0] [cxt 0] Extracting header 'ethernet'
[09:01:28.806] [bmv2] [D] [thread 91483] [68.0] [cxt 0] Parser state 'start': key is 88b5
[09:01:28.806] [bmv2] [T] [thread 91483] [68.0] [cxt 0] Bytes parsed: 14
[09:01:28.806] [bmv2] [D] [thread 91483] [68.0] [cxt 0] Parser 'parser' entering state 'parse_icn'
[09:01:28.806] [bmv2] [D] [thread 91483] [68.0] [cxt 0] Extracting header 'icn'
[09:01:28.806] [bmv2] [D] [thread 91483] [68.0] [cxt 0] Parser state 'parse_icn' has no switch, going to default next state
[09:01:28.806] [bmv2] [T] [thread 91483] [68.0] [cxt 0] Bytes parsed: 22
[09:01:28.806] [bmv2] [D] [thread 91483] [68.0] [cxt 0] Parser 'parser': end
[09:01:28.806] [bmv2] [D] [thread 91483] [68.0] [cxt 0] Pipeline 'ingress': start
[09:01:28.806] [bmv2] [T] [thread 91483] [68.0] [cxt 0] switch.p4(147) Condition "hdr.icn.isValid()" (node_2) is true
[09:01:28.806] [bmv2] [T] [thread 91483] [68.0] [cxt 0] Applying table 'tbl_switch148'
[09:01:28.806] [bmv2] [D] [thread 91483] [68.0] [cxt 0] Looking up key:

[09:01:28.806] [bmv2] [D] [thread 91483] [68.0] [cxt 0] Table 'tbl_switch148': miss
[09:01:28.806] [bmv2] [D] [thread 91483] [68.0] [cxt 0] Action entry is switch148 - 
[09:01:28.806] [bmv2] [T] [thread 91483] [68.0] [cxt 0] Action switch148
[09:01:28.806] [bmv2] [T] [thread 91483] [68.0] [cxt 0] switch.p4(148) Primitive content_cache.read(cached_data, hdr.icn.content_id)
[09:01:28.806] [bmv2] [T] [thread 91483] [68.0] [cxt 0] Read register 'MyIngress.content_cache' at index 1 read value 17334248032272856919049904129148938617700988014304292665051363529817104491524797347555222073430792320059939653561838142512049133114388715375014781493453850835185074611781570404847019710571613655373669594595135033889630776998479070814982991093682257016220976393663747692290960138236990461169158975424217495205235714645535325005531839232559780229597835373266260635303518876566160865710124377185704679970288330545603901891183133829188678302433295812412601508611578502040926066791030664212907508769521753768992941363800118204875972853288437881499254902667790476020116895095900119866747339270646056253520273313150781095936
[09:01:28.806] [bmv2] [T] [thread 91483] [68.0] [cxt 0] switch.p4(149) Condition "cached_data != 0" (node_4) is true
[09:01:28.806] [bmv2] [T] [thread 91483] [68.0] [cxt 0] Applying table 'tbl_switch150'
[09:01:28.806] [bmv2] [D] [thread 91483] [68.0] [cxt 0] Looking up key:

[09:01:28.806] [bmv2] [D] [thread 91483] [68.0] [cxt 0] Table 'tbl_switch150': miss
[09:01:28.806] [bmv2] [D] [thread 91483] [68.0] [cxt 0] Action entry is switch150 - 
[09:01:28.806] [bmv2] [T] [thread 91483] [68.0] [cxt 0] Action switch150
[09:01:28.806] [bmv2] [T] [thread 91483] [68.0] [cxt 0] switch.p4(150) Primitive pit_table.write(hdr.icn.content_id, standard_metadata.ingress_port)
[09:01:28.806] [bmv2] [T] [thread 91483] [68.0] [cxt 0] Wrote register 'MyIngress.pit_table' at index 1 with value 1
[09:01:28.806] [bmv2] [T] [thread 91483] [68.0] [cxt 0] switch.p4(151) Condition "hdr.icn.flag == 1" (node_6) is false
[09:01:28.806] [bmv2] [T] [thread 91483] [68.0] [cxt 0] Applying table 'tbl_return_content_0'
[09:01:28.806] [bmv2] [D] [thread 91483] [68.0] [cxt 0] Looking up key:

[09:01:28.806] [bmv2] [D] [thread 91483] [68.0] [cxt 0] Table 'tbl_return_content_0': miss
[09:01:28.806] [bmv2] [D] [thread 91483] [68.0] [cxt 0] Action entry is MyIngress.return_content - 
[09:01:28.806] [bmv2] [T] [thread 91483] [68.0] [cxt 0] Action MyIngress.return_content
[09:01:28.806] [bmv2] [T] [thread 91483] [68.0] [cxt 0] switch.p4(112) Primitive content_cache.read(cached_data, hdr.icn.content_id)
[09:01:28.806] [bmv2] [T] [thread 91483] [68.0] [cxt 0] Read register 'MyIngress.content_cache' at index 1 read value 17334248032272856919049904129148938617700988014304292665051363529817104491524797347555222073430792320059939653561838142512049133114388715375014781493453850835185074611781570404847019710571613655373669594595135033889630776998479070814982991093682257016220976393663747692290960138236990461169158975424217495205235714645535325005531839232559780229597835373266260635303518876566160865710124377185704679970288330545603901891183133829188678302433295812412601508611578502040926066791030664212907508769521753768992941363800118204875972853288437881499254902667790476020116895095900119866747339270646056253520273313150781095936
[09:01:28.806] [bmv2] [T] [thread 91483] [68.0] [cxt 0] switch.p4(113) Primitive hdr.payload.setValid()
[09:01:28.806] [bmv2] [T] [thread 91483] [68.0] [cxt 0] switch.p4(114) Primitive hdr.payload.data = cached_data
[09:01:28.806] [bmv2] [T] [thread 91483] [68.0] [cxt 0] switch.p4(115) Primitive hdr.payload.content_id = hdr.icn.content_id
[09:01:28.806] [bmv2] [T] [thread 91483] [68.0] [cxt 0] switch.p4(116) Primitive hdr.payload.ttl = 8
[09:01:28.806] [bmv2] [T] [thread 91483] [68.0] [cxt 0] switch.p4(117) Primitive hdr.payload.flag = 1
[09:01:28.806] [bmv2] [T] [thread 91483] [68.0] [cxt 0] switch.p4(118) Primitive hdr.ethernet.etherType = 0x88B6
[09:01:28.806] [bmv2] [T] [thread 91483] [68.0] [cxt 0] switch.p4(119) Primitive hdr.icn.setInvalid()
[09:01:28.806] [bmv2] [T] [thread 91483] [68.0] [cxt 0] Applying table 'tbl_switch155'
[09:01:28.806] [bmv2] [D] [thread 91483] [68.0] [cxt 0] Looking up key:

[09:01:28.806] [bmv2] [D] [thread 91483] [68.0] [cxt 0] Table 'tbl_switch155': miss
[09:01:28.806] [bmv2] [D] [thread 91483] [68.0] [cxt 0] Action entry is switch155 - 
[09:01:28.806] [bmv2] [T] [thread 91483] [68.0] [cxt 0] Action switch155
[09:01:28.806] [bmv2] [T] [thread 91483] [68.0] [cxt 0] switch.p4(155) Primitive content_cache.write(hdr.payload.content_id, 0)
[09:01:28.806] [bmv2] [T] [thread 91483] [68.0] [cxt 0] Wrote register 'MyIngress.content_cache' at index 1 with value 0
[09:01:28.806] [bmv2] [T] [thread 91483] [68.0] [cxt 0] Applying table 'tbl_data_forward'
[09:01:28.806] [bmv2] [D] [thread 91483] [68.0] [cxt 0] Looking up key:

[09:01:28.806] [bmv2] [D] [thread 91483] [68.0] [cxt 0] Table 'tbl_data_forward': miss
[09:01:28.806] [bmv2] [D] [thread 91483] [68.0] [cxt 0] Action entry is MyIngress.data_forward - 
[09:01:28.806] [bmv2] [T] [thread 91483] [68.0] [cxt 0] Action MyIngress.data_forward
[09:01:28.806] [bmv2] [T] [thread 91483] [68.0] [cxt 0] switch.p4(97) Primitive pit_table.read(egress_port, hdr.payload.content_id)
[09:01:28.806] [bmv2] [T] [thread 91483] [68.0] [cxt 0] Read register 'MyIngress.pit_table' at index 1 read value 1
[09:01:28.806] [bmv2] [T] [thread 91483] [68.0] [cxt 0] switch.p4(98) Primitive standard_metadata.egress_spec = egress_port
[09:01:28.806] [bmv2] [T] [thread 91483] [68.0] [cxt 0] switch.p4(99) Primitive pit_table.write(hdr.payload.content_id, 0)
[09:01:28.806] [bmv2] [T] [thread 91483] [68.0] [cxt 0] Wrote register 'MyIngress.pit_table' at index 1 with value 0
[09:01:28.806] [bmv2] [T] [thread 91483] [68.0] [cxt 0] switch.p4(100) Primitive hdr.ethernet.srcAddr = 0xFFFFFFFFFFFF
[09:01:28.806] [bmv2] [T] [thread 91483] [68.0] [cxt 0] switch.p4(101) Primitive hdr.ethernet.dstAddr = 0xFFFFFFFFFFFF
[09:01:28.806] [bmv2] [T] [thread 91483] [68.0] [cxt 0] switch.p4(102) Primitive hdr.payload.ttl = hdr.payload.ttl - 1
[09:01:28.806] [bmv2] [D] [thread 91483] [68.0] [cxt 0] Pipeline 'ingress': end
[09:01:28.806] [bmv2] [D] [thread 91483] [68.0] [cxt 0] Egress port is 1
[09:01:28.806] [bmv2] [D] [thread 91485] [68.0] [cxt 0] Pipeline 'egress': start
[09:01:28.811] [bmv2] [D] [thread 91485] [68.0] [cxt 0] Pipeline 'egress': end
[09:01:28.811] [bmv2] [D] [thread 91485] [68.0] [cxt 0] Deparser 'deparser': start
[09:01:28.811] [bmv2] [D] [thread 91485] [68.0] [cxt 0] Deparsing header 'ethernet'
[09:01:28.811] [bmv2] [D] [thread 91485] [68.0] [cxt 0] Deparsing header 'payload'
[09:01:28.811] [bmv2] [D] [thread 91485] [68.0] [cxt 0] Deparser 'deparser': end
[09:01:28.811] [bmv2] [D] [thread 91488] [68.0] [cxt 0] Transmitting packet of size 276 out of port 1
[09:01:28.955] [bmv2] [D] [thread 91483] [69.0] [cxt 0] Processing packet received on port 1
[09:01:28.955] [bmv2] [D] [thread 91483] [69.0] [cxt 0] Parser 'parser': start
[09:01:28.955] [bmv2] [D] [thread 91483] [69.0] [cxt 0] Parser 'parser' entering state 'start'
[09:01:28.955] [bmv2] [D] [thread 91483] [69.0] [cxt 0] Extracting header 'ethernet'
[09:01:28.955] [bmv2] [D] [thread 91483] [69.0] [cxt 0] Parser state 'start': key is 86dd
[09:01:28.955] [bmv2] [T] [thread 91483] [69.0] [cxt 0] Bytes parsed: 14
[09:01:28.955] [bmv2] [D] [thread 91483] [69.0] [cxt 0] Parser 'parser': end
[09:01:28.955] [bmv2] [D] [thread 91483] [69.0] [cxt 0] Pipeline 'ingress': start
[09:01:28.955] [bmv2] [T] [thread 91483] [69.0] [cxt 0] switch.p4(147) Condition "hdr.icn.isValid()" (node_2) is false
[09:01:28.955] [bmv2] [T] [thread 91483] [69.0] [cxt 0] switch.p4(164) Condition "hdr.payload.flag == 1" (node_13) is true
[09:01:28.955] [bmv2] [T] [thread 91483] [69.0] [cxt 0] Applying table 'tbl_cache_content'
[09:01:28.955] [bmv2] [D] [thread 91483] [69.0] [cxt 0] Looking up key:

[09:01:28.955] [bmv2] [D] [thread 91483] [69.0] [cxt 0] Table 'tbl_cache_content': miss
[09:01:28.955] [bmv2] [D] [thread 91483] [69.0] [cxt 0] Action entry is MyIngress.cache_content - 
[09:01:28.955] [bmv2] [T] [thread 91483] [69.0] [cxt 0] Action MyIngress.cache_content
[09:01:28.955] [bmv2] [T] [thread 91483] [69.0] [cxt 0] switch.p4(106) Primitive content_cache.write(hdr.payload.content_id, hdr.payload.data)
[09:01:28.957] [bmv2] [T] [thread 91483] [69.0] [cxt 0] Wrote register 'MyIngress.content_cache' at index 1 with value 17334248032272856919049904129148938617700988014304292665051363529817104491524797347555222073430792320059939653561838142512049133114388715375014781493453850835185074611781570404847019710571613655373669594595135033889630776998479070814982991093682257016220976393663747692290960138236990461169158975424217495205235714645535325005531839232559780229597835373266260635303518876566160865710124377185704679970288330545603901891183133829188678302433295812412601508611578502040926066791030664212907508769521753768992941363800118204875972853288437881499254902667790476020116895095900119866747339270646056253520273313150781095936
[09:01:28.957] [bmv2] [T] [thread 91483] [69.0] [cxt 0] switch.p4(107) Primitive hdr.payload.flag = 0
[09:01:28.957] [bmv2] [T] [thread 91483] [69.0] [cxt 0] Applying table 'tbl_data_forward_0'
[09:01:28.957] [bmv2] [D] [thread 91483] [69.0] [cxt 0] Looking up key:

[09:01:28.957] [bmv2] [D] [thread 91483] [69.0] [cxt 0] Table 'tbl_data_forward_0': miss
[09:01:28.957] [bmv2] [D] [thread 91483] [69.0] [cxt 0] Action entry is MyIngress.data_forward - 
[09:01:28.957] [bmv2] [T] [thread 91483] [69.0] [cxt 0] Action MyIngress.data_forward
[09:01:28.957] [bmv2] [T] [thread 91483] [69.0] [cxt 0] switch.p4(97) Primitive pit_table.read(egress_port, hdr.payload.content_id)
[09:01:28.957] [bmv2] [T] [thread 91483] [69.0] [cxt 0] Read register 'MyIngress.pit_table' at index 1 read value 0
[09:01:28.957] [bmv2] [T] [thread 91483] [69.0] [cxt 0] switch.p4(98) Primitive standard_metadata.egress_spec = egress_port
[09:01:28.957] [bmv2] [T] [thread 91483] [69.0] [cxt 0] switch.p4(99) Primitive pit_table.write(hdr.payload.content_id, 0)
[09:01:28.957] [bmv2] [T] [thread 91483] [69.0] [cxt 0] Wrote register 'MyIngress.pit_table' at index 1 with value 0
[09:01:28.957] [bmv2] [T] [thread 91483] [69.0] [cxt 0] switch.p4(100) Primitive hdr.ethernet.srcAddr = 0xFFFFFFFFFFFF
[09:01:28.957] [bmv2] [T] [thread 91483] [69.0] [cxt 0] switch.p4(101) Primitive hdr.ethernet.dstAddr = 0xFFFFFFFFFFFF
[09:01:28.957] [bmv2] [T] [thread 91483] [69.0] [cxt 0] switch.p4(102) Primitive hdr.payload.ttl = hdr.payload.ttl - 1
[09:01:28.957] [bmv2] [D] [thread 91483] [69.0] [cxt 0] Pipeline 'ingress': end
[09:01:28.957] [bmv2] [D] [thread 91483] [69.0] [cxt 0] Egress port is 0
[09:01:28.957] [bmv2] [D] [thread 91484] [69.0] [cxt 0] Pipeline 'egress': start
[09:01:28.957] [bmv2] [D] [thread 91484] [69.0] [cxt 0] Pipeline 'egress': end
[09:01:28.957] [bmv2] [D] [thread 91484] [69.0] [cxt 0] Deparser 'deparser': start
[09:01:28.957] [bmv2] [D] [thread 91484] [69.0] [cxt 0] Deparsing header 'ethernet'
[09:01:28.957] [bmv2] [D] [thread 91484] [69.0] [cxt 0] Deparser 'deparser': end
[09:01:28.957] [bmv2] [D] [thread 91488] [69.0] [cxt 0] Transmitting packet of size 203 out of port 0
[09:01:29.131] [bmv2] [D] [thread 91483] [70.0] [cxt 0] Processing packet received on port 2
[09:01:29.131] [bmv2] [D] [thread 91483] [70.0] [cxt 0] Parser 'parser': start
[09:01:29.131] [bmv2] [D] [thread 91483] [70.0] [cxt 0] Parser 'parser' entering state 'start'
[09:01:29.131] [bmv2] [D] [thread 91483] [70.0] [cxt 0] Extracting header 'ethernet'
[09:01:29.131] [bmv2] [D] [thread 91483] [70.0] [cxt 0] Parser state 'start': key is 86dd
[09:01:29.131] [bmv2] [T] [thread 91483] [70.0] [cxt 0] Bytes parsed: 14
[09:01:29.131] [bmv2] [D] [thread 91483] [70.0] [cxt 0] Parser 'parser': end
[09:01:29.131] [bmv2] [D] [thread 91483] [70.0] [cxt 0] Pipeline 'ingress': start
[09:01:29.131] [bmv2] [T] [thread 91483] [70.0] [cxt 0] switch.p4(147) Condition "hdr.icn.isValid()" (node_2) is false
[09:01:29.131] [bmv2] [T] [thread 91483] [70.0] [cxt 0] switch.p4(164) Condition "hdr.payload.flag == 1" (node_13) is false
[09:01:29.131] [bmv2] [T] [thread 91483] [70.0] [cxt 0] Applying table 'tbl_data_forward_0'
[09:01:29.131] [bmv2] [D] [thread 91483] [70.0] [cxt 0] Looking up key:

[09:01:29.131] [bmv2] [D] [thread 91483] [70.0] [cxt 0] Table 'tbl_data_forward_0': miss
[09:01:29.131] [bmv2] [D] [thread 91483] [70.0] [cxt 0] Action entry is MyIngress.data_forward - 
[09:01:29.131] [bmv2] [T] [thread 91483] [70.0] [cxt 0] Action MyIngress.data_forward
[09:01:29.131] [bmv2] [T] [thread 91483] [70.0] [cxt 0] switch.p4(97) Primitive pit_table.read(egress_port, hdr.payload.content_id)
[09:01:29.131] [bmv2] [T] [thread 91483] [70.0] [cxt 0] Read register 'MyIngress.pit_table' at index 1 read value 0
[09:01:29.131] [bmv2] [T] [thread 91483] [70.0] [cxt 0] switch.p4(98) Primitive standard_metadata.egress_spec = egress_port
[09:01:29.131] [bmv2] [T] [thread 91483] [70.0] [cxt 0] switch.p4(99) Primitive pit_table.write(hdr.payload.content_id, 0)
[09:01:29.131] [bmv2] [T] [thread 91483] [70.0] [cxt 0] Wrote register 'MyIngress.pit_table' at index 1 with value 0
[09:01:29.131] [bmv2] [T] [thread 91483] [70.0] [cxt 0] switch.p4(100) Primitive hdr.ethernet.srcAddr = 0xFFFFFFFFFFFF
[09:01:29.131] [bmv2] [T] [thread 91483] [70.0] [cxt 0] switch.p4(101) Primitive hdr.ethernet.dstAddr = 0xFFFFFFFFFFFF
[09:01:29.131] [bmv2] [T] [thread 91483] [70.0] [cxt 0] switch.p4(102) Primitive hdr.payload.ttl = hdr.payload.ttl - 1
[09:01:29.131] [bmv2] [D] [thread 91483] [70.0] [cxt 0] Pipeline 'ingress': end
[09:01:29.131] [bmv2] [D] [thread 91483] [70.0] [cxt 0] Egress port is 0
[09:01:29.131] [bmv2] [D] [thread 91484] [70.0] [cxt 0] Pipeline 'egress': start
[09:01:29.131] [bmv2] [D] [thread 91484] [70.0] [cxt 0] Pipeline 'egress': end
[09:01:29.131] [bmv2] [D] [thread 91484] [70.0] [cxt 0] Deparser 'deparser': start
[09:01:29.131] [bmv2] [D] [thread 91484] [70.0] [cxt 0] Deparsing header 'ethernet'
[09:01:29.131] [bmv2] [D] [thread 91484] [70.0] [cxt 0] Deparser 'deparser': end
[09:01:29.131] [bmv2] [D] [thread 91488] [70.0] [cxt 0] Transmitting packet of size 203 out of port 0
[09:01:29.560] [bmv2] [D] [thread 91483] [71.0] [cxt 0] Processing packet received on port 2
[09:01:29.560] [bmv2] [D] [thread 91483] [71.0] [cxt 0] Parser 'parser': start
[09:01:29.560] [bmv2] [D] [thread 91483] [71.0] [cxt 0] Parser 'parser' entering state 'start'
[09:01:29.560] [bmv2] [D] [thread 91483] [71.0] [cxt 0] Extracting header 'ethernet'
[09:01:29.560] [bmv2] [D] [thread 91483] [71.0] [cxt 0] Parser state 'start': key is 86dd
[09:01:29.560] [bmv2] [T] [thread 91483] [71.0] [cxt 0] Bytes parsed: 14
[09:01:29.560] [bmv2] [D] [thread 91483] [71.0] [cxt 0] Parser 'parser': end
[09:01:29.560] [bmv2] [D] [thread 91483] [71.0] [cxt 0] Pipeline 'ingress': start
[09:01:29.560] [bmv2] [T] [thread 91483] [71.0] [cxt 0] switch.p4(147) Condition "hdr.icn.isValid()" (node_2) is false
[09:01:29.560] [bmv2] [T] [thread 91483] [71.0] [cxt 0] switch.p4(164) Condition "hdr.payload.flag == 1" (node_13) is false
[09:01:29.560] [bmv2] [T] [thread 91483] [71.0] [cxt 0] Applying table 'tbl_data_forward_0'
[09:01:29.560] [bmv2] [D] [thread 91483] [71.0] [cxt 0] Looking up key:

[09:01:29.560] [bmv2] [D] [thread 91483] [71.0] [cxt 0] Table 'tbl_data_forward_0': miss
[09:01:29.560] [bmv2] [D] [thread 91483] [71.0] [cxt 0] Action entry is MyIngress.data_forward - 
[09:01:29.560] [bmv2] [T] [thread 91483] [71.0] [cxt 0] Action MyIngress.data_forward
[09:01:29.560] [bmv2] [T] [thread 91483] [71.0] [cxt 0] switch.p4(97) Primitive pit_table.read(egress_port, hdr.payload.content_id)
[09:01:29.560] [bmv2] [T] [thread 91483] [71.0] [cxt 0] Read register 'MyIngress.pit_table' at index 1 read value 0
[09:01:29.560] [bmv2] [T] [thread 91483] [71.0] [cxt 0] switch.p4(98) Primitive standard_metadata.egress_spec = egress_port
[09:01:29.560] [bmv2] [T] [thread 91483] [71.0] [cxt 0] switch.p4(99) Primitive pit_table.write(hdr.payload.content_id, 0)
[09:01:29.560] [bmv2] [T] [thread 91483] [71.0] [cxt 0] Wrote register 'MyIngress.pit_table' at index 1 with value 0
[09:01:29.560] [bmv2] [T] [thread 91483] [71.0] [cxt 0] switch.p4(100) Primitive hdr.ethernet.srcAddr = 0xFFFFFFFFFFFF
[09:01:29.560] [bmv2] [T] [thread 91483] [71.0] [cxt 0] switch.p4(101) Primitive hdr.ethernet.dstAddr = 0xFFFFFFFFFFFF
[09:01:29.560] [bmv2] [T] [thread 91483] [71.0] [cxt 0] switch.p4(102) Primitive hdr.payload.ttl = hdr.payload.ttl - 1
[09:01:29.560] [bmv2] [D] [thread 91483] [71.0] [cxt 0] Pipeline 'ingress': end
[09:01:29.560] [bmv2] [D] [thread 91483] [71.0] [cxt 0] Egress port is 0
[09:01:29.560] [bmv2] [D] [thread 91484] [71.0] [cxt 0] Pipeline 'egress': start
[09:01:29.560] [bmv2] [D] [thread 91484] [71.0] [cxt 0] Pipeline 'egress': end
[09:01:29.560] [bmv2] [D] [thread 91484] [71.0] [cxt 0] Deparser 'deparser': start
[09:01:29.560] [bmv2] [D] [thread 91484] [71.0] [cxt 0] Deparsing header 'ethernet'
[09:01:29.560] [bmv2] [D] [thread 91484] [71.0] [cxt 0] Deparser 'deparser': end
[09:01:29.560] [bmv2] [D] [thread 91488] [71.0] [cxt 0] Transmitting packet of size 203 out of port 0
[09:01:29.617] [bmv2] [D] [thread 91483] [72.0] [cxt 0] Processing packet received on port 1
[09:01:29.617] [bmv2] [D] [thread 91483] [72.0] [cxt 0] Parser 'parser': start
[09:01:29.617] [bmv2] [D] [thread 91483] [72.0] [cxt 0] Parser 'parser' entering state 'start'
[09:01:29.617] [bmv2] [D] [thread 91483] [72.0] [cxt 0] Extracting header 'ethernet'
[09:01:29.617] [bmv2] [D] [thread 91483] [72.0] [cxt 0] Parser state 'start': key is 86dd
[09:01:29.617] [bmv2] [T] [thread 91483] [72.0] [cxt 0] Bytes parsed: 14
[09:01:29.617] [bmv2] [D] [thread 91483] [72.0] [cxt 0] Parser 'parser': end
[09:01:29.617] [bmv2] [D] [thread 91483] [72.0] [cxt 0] Pipeline 'ingress': start
[09:01:29.617] [bmv2] [T] [thread 91483] [72.0] [cxt 0] switch.p4(147) Condition "hdr.icn.isValid()" (node_2) is false
[09:01:29.617] [bmv2] [T] [thread 91483] [72.0] [cxt 0] switch.p4(164) Condition "hdr.payload.flag == 1" (node_13) is false
[09:01:29.617] [bmv2] [T] [thread 91483] [72.0] [cxt 0] Applying table 'tbl_data_forward_0'
[09:01:29.617] [bmv2] [D] [thread 91483] [72.0] [cxt 0] Looking up key:

[09:01:29.617] [bmv2] [D] [thread 91483] [72.0] [cxt 0] Table 'tbl_data_forward_0': miss
[09:01:29.617] [bmv2] [D] [thread 91483] [72.0] [cxt 0] Action entry is MyIngress.data_forward - 
[09:01:29.617] [bmv2] [T] [thread 91483] [72.0] [cxt 0] Action MyIngress.data_forward
[09:01:29.617] [bmv2] [T] [thread 91483] [72.0] [cxt 0] switch.p4(97) Primitive pit_table.read(egress_port, hdr.payload.content_id)
[09:01:29.617] [bmv2] [T] [thread 91483] [72.0] [cxt 0] Read register 'MyIngress.pit_table' at index 1 read value 0
[09:01:29.617] [bmv2] [T] [thread 91483] [72.0] [cxt 0] switch.p4(98) Primitive standard_metadata.egress_spec = egress_port
[09:01:29.617] [bmv2] [T] [thread 91483] [72.0] [cxt 0] switch.p4(99) Primitive pit_table.write(hdr.payload.content_id, 0)
[09:01:29.617] [bmv2] [T] [thread 91483] [72.0] [cxt 0] Wrote register 'MyIngress.pit_table' at index 1 with value 0
[09:01:29.617] [bmv2] [T] [thread 91483] [72.0] [cxt 0] switch.p4(100) Primitive hdr.ethernet.srcAddr = 0xFFFFFFFFFFFF
[09:01:29.617] [bmv2] [T] [thread 91483] [72.0] [cxt 0] switch.p4(101) Primitive hdr.ethernet.dstAddr = 0xFFFFFFFFFFFF
[09:01:29.617] [bmv2] [T] [thread 91483] [72.0] [cxt 0] switch.p4(102) Primitive hdr.payload.ttl = hdr.payload.ttl - 1
[09:01:29.617] [bmv2] [D] [thread 91483] [72.0] [cxt 0] Pipeline 'ingress': end
[09:01:29.617] [bmv2] [D] [thread 91483] [72.0] [cxt 0] Egress port is 0
[09:01:29.617] [bmv2] [D] [thread 91484] [72.0] [cxt 0] Pipeline 'egress': start
[09:01:29.617] [bmv2] [D] [thread 91484] [72.0] [cxt 0] Pipeline 'egress': end
[09:01:29.617] [bmv2] [D] [thread 91484] [72.0] [cxt 0] Deparser 'deparser': start
[09:01:29.617] [bmv2] [D] [thread 91484] [72.0] [cxt 0] Deparsing header 'ethernet'
[09:01:29.617] [bmv2] [D] [thread 91484] [72.0] [cxt 0] Deparser 'deparser': end
[09:01:29.617] [bmv2] [D] [thread 91488] [72.0] [cxt 0] Transmitting packet of size 203 out of port 0
[09:01:34.329] [bmv2] [D] [thread 91483] [73.0] [cxt 0] Processing packet received on port 1
[09:01:34.329] [bmv2] [D] [thread 91483] [73.0] [cxt 0] Parser 'parser': start
[09:01:34.329] [bmv2] [D] [thread 91483] [73.0] [cxt 0] Parser 'parser' entering state 'start'
[09:01:34.329] [bmv2] [D] [thread 91483] [73.0] [cxt 0] Extracting header 'ethernet'
[09:01:34.329] [bmv2] [D] [thread 91483] [73.0] [cxt 0] Parser state 'start': key is 86dd
[09:01:34.329] [bmv2] [T] [thread 91483] [73.0] [cxt 0] Bytes parsed: 14
[09:01:34.329] [bmv2] [D] [thread 91483] [73.0] [cxt 0] Parser 'parser': end
[09:01:34.329] [bmv2] [D] [thread 91483] [73.0] [cxt 0] Pipeline 'ingress': start
[09:01:34.329] [bmv2] [T] [thread 91483] [73.0] [cxt 0] switch.p4(147) Condition "hdr.icn.isValid()" (node_2) is false
[09:01:34.329] [bmv2] [T] [thread 91483] [73.0] [cxt 0] switch.p4(164) Condition "hdr.payload.flag == 1" (node_13) is false
[09:01:34.329] [bmv2] [T] [thread 91483] [73.0] [cxt 0] Applying table 'tbl_data_forward_0'
[09:01:34.329] [bmv2] [D] [thread 91483] [73.0] [cxt 0] Looking up key:

[09:01:34.329] [bmv2] [D] [thread 91483] [73.0] [cxt 0] Table 'tbl_data_forward_0': miss
[09:01:34.329] [bmv2] [D] [thread 91483] [73.0] [cxt 0] Action entry is MyIngress.data_forward - 
[09:01:34.329] [bmv2] [T] [thread 91483] [73.0] [cxt 0] Action MyIngress.data_forward
[09:01:34.329] [bmv2] [T] [thread 91483] [73.0] [cxt 0] switch.p4(97) Primitive pit_table.read(egress_port, hdr.payload.content_id)
[09:01:34.329] [bmv2] [T] [thread 91483] [73.0] [cxt 0] Read register 'MyIngress.pit_table' at index 1 read value 0
[09:01:34.329] [bmv2] [T] [thread 91483] [73.0] [cxt 0] switch.p4(98) Primitive standard_metadata.egress_spec = egress_port
[09:01:34.329] [bmv2] [T] [thread 91483] [73.0] [cxt 0] switch.p4(99) Primitive pit_table.write(hdr.payload.content_id, 0)
[09:01:34.329] [bmv2] [T] [thread 91483] [73.0] [cxt 0] Wrote register 'MyIngress.pit_table' at index 1 with value 0
[09:01:34.329] [bmv2] [T] [thread 91483] [73.0] [cxt 0] switch.p4(100) Primitive hdr.ethernet.srcAddr = 0xFFFFFFFFFFFF
[09:01:34.329] [bmv2] [T] [thread 91483] [73.0] [cxt 0] switch.p4(101) Primitive hdr.ethernet.dstAddr = 0xFFFFFFFFFFFF
[09:01:34.329] [bmv2] [T] [thread 91483] [73.0] [cxt 0] switch.p4(102) Primitive hdr.payload.ttl = hdr.payload.ttl - 1
[09:01:34.329] [bmv2] [D] [thread 91483] [73.0] [cxt 0] Pipeline 'ingress': end
[09:01:34.329] [bmv2] [D] [thread 91483] [73.0] [cxt 0] Egress port is 0
[09:01:34.329] [bmv2] [D] [thread 91483] [74.0] [cxt 0] Processing packet received on port 2
[09:01:34.329] [bmv2] [D] [thread 91483] [74.0] [cxt 0] Parser 'parser': start
[09:01:34.329] [bmv2] [D] [thread 91483] [74.0] [cxt 0] Parser 'parser' entering state 'start'
[09:01:34.329] [bmv2] [D] [thread 91483] [74.0] [cxt 0] Extracting header 'ethernet'
[09:01:34.329] [bmv2] [D] [thread 91483] [74.0] [cxt 0] Parser state 'start': key is 86dd
[09:01:34.329] [bmv2] [T] [thread 91483] [74.0] [cxt 0] Bytes parsed: 14
[09:01:34.329] [bmv2] [D] [thread 91483] [74.0] [cxt 0] Parser 'parser': end
[09:01:34.329] [bmv2] [D] [thread 91483] [74.0] [cxt 0] Pipeline 'ingress': start
[09:01:34.329] [bmv2] [T] [thread 91483] [74.0] [cxt 0] switch.p4(147) Condition "hdr.icn.isValid()" (node_2) is false
[09:01:34.329] [bmv2] [T] [thread 91483] [74.0] [cxt 0] switch.p4(164) Condition "hdr.payload.flag == 1" (node_13) is false
[09:01:34.329] [bmv2] [T] [thread 91483] [74.0] [cxt 0] Applying table 'tbl_data_forward_0'
[09:01:34.329] [bmv2] [D] [thread 91483] [74.0] [cxt 0] Looking up key:

[09:01:34.329] [bmv2] [D] [thread 91483] [74.0] [cxt 0] Table 'tbl_data_forward_0': miss
[09:01:34.329] [bmv2] [D] [thread 91483] [74.0] [cxt 0] Action entry is MyIngress.data_forward - 
[09:01:34.329] [bmv2] [T] [thread 91483] [74.0] [cxt 0] Action MyIngress.data_forward
[09:01:34.329] [bmv2] [T] [thread 91483] [74.0] [cxt 0] switch.p4(97) Primitive pit_table.read(egress_port, hdr.payload.content_id)
[09:01:34.329] [bmv2] [T] [thread 91483] [74.0] [cxt 0] Read register 'MyIngress.pit_table' at index 0 read value 0
[09:01:34.329] [bmv2] [T] [thread 91483] [74.0] [cxt 0] switch.p4(98) Primitive standard_metadata.egress_spec = egress_port
[09:01:34.329] [bmv2] [T] [thread 91483] [74.0] [cxt 0] switch.p4(99) Primitive pit_table.write(hdr.payload.content_id, 0)
[09:01:34.329] [bmv2] [T] [thread 91483] [74.0] [cxt 0] Wrote register 'MyIngress.pit_table' at index 0 with value 0
[09:01:34.329] [bmv2] [T] [thread 91483] [74.0] [cxt 0] switch.p4(100) Primitive hdr.ethernet.srcAddr = 0xFFFFFFFFFFFF
[09:01:34.329] [bmv2] [T] [thread 91483] [74.0] [cxt 0] switch.p4(101) Primitive hdr.ethernet.dstAddr = 0xFFFFFFFFFFFF
[09:01:34.329] [bmv2] [T] [thread 91483] [74.0] [cxt 0] switch.p4(102) Primitive hdr.payload.ttl = hdr.payload.ttl - 1
[09:01:34.329] [bmv2] [D] [thread 91483] [74.0] [cxt 0] Pipeline 'ingress': end
[09:01:34.329] [bmv2] [D] [thread 91483] [74.0] [cxt 0] Egress port is 0
[09:01:34.329] [bmv2] [D] [thread 91483] [75.0] [cxt 0] Processing packet received on port 1
[09:01:34.329] [bmv2] [D] [thread 91483] [75.0] [cxt 0] Parser 'parser': start
[09:01:34.329] [bmv2] [D] [thread 91483] [75.0] [cxt 0] Parser 'parser' entering state 'start'
[09:01:34.329] [bmv2] [D] [thread 91483] [75.0] [cxt 0] Extracting header 'ethernet'
[09:01:34.329] [bmv2] [D] [thread 91483] [75.0] [cxt 0] Parser state 'start': key is 86dd
[09:01:34.329] [bmv2] [T] [thread 91483] [75.0] [cxt 0] Bytes parsed: 14
[09:01:34.329] [bmv2] [D] [thread 91483] [75.0] [cxt 0] Parser 'parser': end
[09:01:34.329] [bmv2] [D] [thread 91483] [75.0] [cxt 0] Pipeline 'ingress': start
[09:01:34.329] [bmv2] [T] [thread 91483] [75.0] [cxt 0] switch.p4(147) Condition "hdr.icn.isValid()" (node_2) is false
[09:01:34.329] [bmv2] [T] [thread 91483] [75.0] [cxt 0] switch.p4(164) Condition "hdr.payload.flag == 1" (node_13) is false
[09:01:34.329] [bmv2] [T] [thread 91483] [75.0] [cxt 0] Applying table 'tbl_data_forward_0'
[09:01:34.329] [bmv2] [D] [thread 91483] [75.0] [cxt 0] Looking up key:

[09:01:34.329] [bmv2] [D] [thread 91483] [75.0] [cxt 0] Table 'tbl_data_forward_0': miss
[09:01:34.329] [bmv2] [D] [thread 91483] [75.0] [cxt 0] Action entry is MyIngress.data_forward - 
[09:01:34.329] [bmv2] [T] [thread 91483] [75.0] [cxt 0] Action MyIngress.data_forward
[09:01:34.329] [bmv2] [T] [thread 91483] [75.0] [cxt 0] switch.p4(97) Primitive pit_table.read(egress_port, hdr.payload.content_id)
[09:01:34.329] [bmv2] [T] [thread 91483] [75.0] [cxt 0] Read register 'MyIngress.pit_table' at index 0 read value 0
[09:01:34.329] [bmv2] [T] [thread 91483] [75.0] [cxt 0] switch.p4(98) Primitive standard_metadata.egress_spec = egress_port
[09:01:34.329] [bmv2] [T] [thread 91483] [75.0] [cxt 0] switch.p4(99) Primitive pit_table.write(hdr.payload.content_id, 0)
[09:01:34.329] [bmv2] [T] [thread 91483] [75.0] [cxt 0] Wrote register 'MyIngress.pit_table' at index 0 with value 0
[09:01:34.329] [bmv2] [T] [thread 91483] [75.0] [cxt 0] switch.p4(100) Primitive hdr.ethernet.srcAddr = 0xFFFFFFFFFFFF
[09:01:34.329] [bmv2] [T] [thread 91483] [75.0] [cxt 0] switch.p4(101) Primitive hdr.ethernet.dstAddr = 0xFFFFFFFFFFFF
[09:01:34.329] [bmv2] [T] [thread 91483] [75.0] [cxt 0] switch.p4(102) Primitive hdr.payload.ttl = hdr.payload.ttl - 1
[09:01:34.329] [bmv2] [D] [thread 91483] [75.0] [cxt 0] Pipeline 'ingress': end
[09:01:34.329] [bmv2] [D] [thread 91483] [75.0] [cxt 0] Egress port is 0
[09:01:34.334] [bmv2] [D] [thread 91484] [73.0] [cxt 0] Pipeline 'egress': start
[09:01:34.334] [bmv2] [D] [thread 91484] [73.0] [cxt 0] Pipeline 'egress': end
[09:01:34.334] [bmv2] [D] [thread 91484] [73.0] [cxt 0] Deparser 'deparser': start
[09:01:34.334] [bmv2] [D] [thread 91484] [73.0] [cxt 0] Deparsing header 'ethernet'
[09:01:34.334] [bmv2] [D] [thread 91484] [73.0] [cxt 0] Deparser 'deparser': end
[09:01:34.334] [bmv2] [D] [thread 91484] [74.0] [cxt 0] Pipeline 'egress': start
[09:01:34.334] [bmv2] [D] [thread 91484] [74.0] [cxt 0] Pipeline 'egress': end
[09:01:34.334] [bmv2] [D] [thread 91484] [74.0] [cxt 0] Deparser 'deparser': start
[09:01:34.334] [bmv2] [D] [thread 91484] [74.0] [cxt 0] Deparsing header 'ethernet'
[09:01:34.334] [bmv2] [D] [thread 91484] [74.0] [cxt 0] Deparser 'deparser': end
[09:01:34.334] [bmv2] [D] [thread 91484] [75.0] [cxt 0] Pipeline 'egress': start
[09:01:34.334] [bmv2] [D] [thread 91484] [75.0] [cxt 0] Pipeline 'egress': end
[09:01:34.334] [bmv2] [D] [thread 91484] [75.0] [cxt 0] Deparser 'deparser': start
[09:01:34.334] [bmv2] [D] [thread 91484] [75.0] [cxt 0] Deparsing header 'ethernet'
[09:01:34.334] [bmv2] [D] [thread 91484] [75.0] [cxt 0] Deparser 'deparser': end
[09:01:34.334] [bmv2] [D] [thread 91488] [73.0] [cxt 0] Transmitting packet of size 70 out of port 0
[09:01:34.334] [bmv2] [D] [thread 91488] [74.0] [cxt 0] Transmitting packet of size 70 out of port 0
[09:01:34.339] [bmv2] [D] [thread 91488] [75.0] [cxt 0] Transmitting packet of size 70 out of port 0
[09:01:34.842] [bmv2] [D] [thread 91483] [76.0] [cxt 0] Processing packet received on port 2
[09:01:34.842] [bmv2] [D] [thread 91483] [76.0] [cxt 0] Parser 'parser': start
[09:01:34.842] [bmv2] [D] [thread 91483] [76.0] [cxt 0] Parser 'parser' entering state 'start'
[09:01:34.842] [bmv2] [D] [thread 91483] [76.0] [cxt 0] Extracting header 'ethernet'
[09:01:34.842] [bmv2] [D] [thread 91483] [76.0] [cxt 0] Parser state 'start': key is 86dd
[09:01:34.842] [bmv2] [T] [thread 91483] [76.0] [cxt 0] Bytes parsed: 14
[09:01:34.842] [bmv2] [D] [thread 91483] [76.0] [cxt 0] Parser 'parser': end
[09:01:34.843] [bmv2] [D] [thread 91483] [76.0] [cxt 0] Pipeline 'ingress': start
[09:01:34.843] [bmv2] [T] [thread 91483] [76.0] [cxt 0] switch.p4(147) Condition "hdr.icn.isValid()" (node_2) is false
[09:01:34.843] [bmv2] [T] [thread 91483] [76.0] [cxt 0] switch.p4(164) Condition "hdr.payload.flag == 1" (node_13) is false
[09:01:34.843] [bmv2] [T] [thread 91483] [76.0] [cxt 0] Applying table 'tbl_data_forward_0'
[09:01:34.843] [bmv2] [D] [thread 91483] [76.0] [cxt 0] Looking up key:

[09:01:34.843] [bmv2] [D] [thread 91483] [76.0] [cxt 0] Table 'tbl_data_forward_0': miss
[09:01:34.843] [bmv2] [D] [thread 91483] [76.0] [cxt 0] Action entry is MyIngress.data_forward - 
[09:01:34.843] [bmv2] [T] [thread 91483] [76.0] [cxt 0] Action MyIngress.data_forward
[09:01:34.843] [bmv2] [T] [thread 91483] [76.0] [cxt 0] switch.p4(97) Primitive pit_table.read(egress_port, hdr.payload.content_id)
[09:01:34.843] [bmv2] [T] [thread 91483] [76.0] [cxt 0] Read register 'MyIngress.pit_table' at index 0 read value 0
[09:01:34.843] [bmv2] [T] [thread 91483] [76.0] [cxt 0] switch.p4(98) Primitive standard_metadata.egress_spec = egress_port
[09:01:34.843] [bmv2] [T] [thread 91483] [76.0] [cxt 0] switch.p4(99) Primitive pit_table.write(hdr.payload.content_id, 0)
[09:01:34.843] [bmv2] [T] [thread 91483] [76.0] [cxt 0] Wrote register 'MyIngress.pit_table' at index 0 with value 0
[09:01:34.843] [bmv2] [T] [thread 91483] [76.0] [cxt 0] switch.p4(100) Primitive hdr.ethernet.srcAddr = 0xFFFFFFFFFFFF
[09:01:34.843] [bmv2] [T] [thread 91483] [76.0] [cxt 0] switch.p4(101) Primitive hdr.ethernet.dstAddr = 0xFFFFFFFFFFFF
[09:01:34.843] [bmv2] [T] [thread 91483] [76.0] [cxt 0] switch.p4(102) Primitive hdr.payload.ttl = hdr.payload.ttl - 1
[09:01:34.843] [bmv2] [D] [thread 91483] [76.0] [cxt 0] Pipeline 'ingress': end
[09:01:34.843] [bmv2] [D] [thread 91483] [76.0] [cxt 0] Egress port is 0
[09:01:34.843] [bmv2] [D] [thread 91484] [76.0] [cxt 0] Pipeline 'egress': start
[09:01:34.843] [bmv2] [D] [thread 91484] [76.0] [cxt 0] Pipeline 'egress': end
[09:01:34.843] [bmv2] [D] [thread 91484] [76.0] [cxt 0] Deparser 'deparser': start
[09:01:34.843] [bmv2] [D] [thread 91484] [76.0] [cxt 0] Deparsing header 'ethernet'
[09:01:34.843] [bmv2] [D] [thread 91484] [76.0] [cxt 0] Deparser 'deparser': end
[09:01:34.843] [bmv2] [D] [thread 91488] [76.0] [cxt 0] Transmitting packet of size 70 out of port 0
[09:01:36.930] [bmv2] [D] [thread 91483] [77.0] [cxt 0] Processing packet received on port 1
[09:01:36.930] [bmv2] [D] [thread 91483] [77.0] [cxt 0] Parser 'parser': start
[09:01:36.930] [bmv2] [D] [thread 91483] [77.0] [cxt 0] Parser 'parser' entering state 'start'
[09:01:36.930] [bmv2] [D] [thread 91483] [77.0] [cxt 0] Extracting header 'ethernet'
[09:01:36.930] [bmv2] [D] [thread 91483] [77.0] [cxt 0] Parser state 'start': key is 86dd
[09:01:36.930] [bmv2] [T] [thread 91483] [77.0] [cxt 0] Bytes parsed: 14
[09:01:36.930] [bmv2] [D] [thread 91483] [77.0] [cxt 0] Parser 'parser': end
[09:01:36.930] [bmv2] [D] [thread 91483] [77.0] [cxt 0] Pipeline 'ingress': start
[09:01:36.930] [bmv2] [T] [thread 91483] [77.0] [cxt 0] switch.p4(147) Condition "hdr.icn.isValid()" (node_2) is false
[09:01:36.930] [bmv2] [T] [thread 91483] [77.0] [cxt 0] switch.p4(164) Condition "hdr.payload.flag == 1" (node_13) is false
[09:01:36.930] [bmv2] [T] [thread 91483] [77.0] [cxt 0] Applying table 'tbl_data_forward_0'
[09:01:36.930] [bmv2] [D] [thread 91483] [77.0] [cxt 0] Looking up key:

[09:01:36.930] [bmv2] [D] [thread 91483] [77.0] [cxt 0] Table 'tbl_data_forward_0': miss
[09:01:36.930] [bmv2] [D] [thread 91483] [77.0] [cxt 0] Action entry is MyIngress.data_forward - 
[09:01:36.930] [bmv2] [T] [thread 91483] [77.0] [cxt 0] Action MyIngress.data_forward
[09:01:36.930] [bmv2] [T] [thread 91483] [77.0] [cxt 0] switch.p4(97) Primitive pit_table.read(egress_port, hdr.payload.content_id)
[09:01:36.930] [bmv2] [T] [thread 91483] [77.0] [cxt 0] Read register 'MyIngress.pit_table' at index 0 read value 0
[09:01:36.930] [bmv2] [T] [thread 91483] [77.0] [cxt 0] switch.p4(98) Primitive standard_metadata.egress_spec = egress_port
[09:01:36.930] [bmv2] [T] [thread 91483] [77.0] [cxt 0] switch.p4(99) Primitive pit_table.write(hdr.payload.content_id, 0)
[09:01:36.930] [bmv2] [T] [thread 91483] [77.0] [cxt 0] Wrote register 'MyIngress.pit_table' at index 0 with value 0
[09:01:36.930] [bmv2] [T] [thread 91483] [77.0] [cxt 0] switch.p4(100) Primitive hdr.ethernet.srcAddr = 0xFFFFFFFFFFFF
[09:01:36.930] [bmv2] [T] [thread 91483] [77.0] [cxt 0] switch.p4(101) Primitive hdr.ethernet.dstAddr = 0xFFFFFFFFFFFF
[09:01:36.930] [bmv2] [T] [thread 91483] [77.0] [cxt 0] switch.p4(102) Primitive hdr.payload.ttl = hdr.payload.ttl - 1
[09:01:36.930] [bmv2] [D] [thread 91483] [77.0] [cxt 0] Pipeline 'ingress': end
[09:01:36.930] [bmv2] [D] [thread 91483] [77.0] [cxt 0] Egress port is 0
[09:01:36.930] [bmv2] [D] [thread 91484] [77.0] [cxt 0] Pipeline 'egress': start
[09:01:36.930] [bmv2] [D] [thread 91484] [77.0] [cxt 0] Pipeline 'egress': end
[09:01:36.930] [bmv2] [D] [thread 91484] [77.0] [cxt 0] Deparser 'deparser': start
[09:01:36.930] [bmv2] [D] [thread 91484] [77.0] [cxt 0] Deparsing header 'ethernet'
[09:01:36.930] [bmv2] [D] [thread 91484] [77.0] [cxt 0] Deparser 'deparser': end
[09:01:36.930] [bmv2] [D] [thread 91488] [77.0] [cxt 0] Transmitting packet of size 203 out of port 0
[09:01:37.138] [bmv2] [D] [thread 91483] [78.0] [cxt 0] Processing packet received on port 2
[09:01:37.138] [bmv2] [D] [thread 91483] [78.0] [cxt 0] Parser 'parser': start
[09:01:37.138] [bmv2] [D] [thread 91483] [78.0] [cxt 0] Parser 'parser' entering state 'start'
[09:01:37.138] [bmv2] [D] [thread 91483] [78.0] [cxt 0] Extracting header 'ethernet'
[09:01:37.138] [bmv2] [D] [thread 91483] [78.0] [cxt 0] Parser state 'start': key is 86dd
[09:01:37.138] [bmv2] [T] [thread 91483] [78.0] [cxt 0] Bytes parsed: 14
[09:01:37.138] [bmv2] [D] [thread 91483] [78.0] [cxt 0] Parser 'parser': end
[09:01:37.138] [bmv2] [D] [thread 91483] [78.0] [cxt 0] Pipeline 'ingress': start
[09:01:37.138] [bmv2] [T] [thread 91483] [78.0] [cxt 0] switch.p4(147) Condition "hdr.icn.isValid()" (node_2) is false
[09:01:37.138] [bmv2] [T] [thread 91483] [78.0] [cxt 0] switch.p4(164) Condition "hdr.payload.flag == 1" (node_13) is false
[09:01:37.138] [bmv2] [T] [thread 91483] [78.0] [cxt 0] Applying table 'tbl_data_forward_0'
[09:01:37.138] [bmv2] [D] [thread 91483] [78.0] [cxt 0] Looking up key:

[09:01:37.138] [bmv2] [D] [thread 91483] [78.0] [cxt 0] Table 'tbl_data_forward_0': miss
[09:01:37.138] [bmv2] [D] [thread 91483] [78.0] [cxt 0] Action entry is MyIngress.data_forward - 
[09:01:37.138] [bmv2] [T] [thread 91483] [78.0] [cxt 0] Action MyIngress.data_forward
[09:01:37.138] [bmv2] [T] [thread 91483] [78.0] [cxt 0] switch.p4(97) Primitive pit_table.read(egress_port, hdr.payload.content_id)
[09:01:37.138] [bmv2] [T] [thread 91483] [78.0] [cxt 0] Read register 'MyIngress.pit_table' at index 0 read value 0
[09:01:37.138] [bmv2] [T] [thread 91483] [78.0] [cxt 0] switch.p4(98) Primitive standard_metadata.egress_spec = egress_port
[09:01:37.138] [bmv2] [T] [thread 91483] [78.0] [cxt 0] switch.p4(99) Primitive pit_table.write(hdr.payload.content_id, 0)
[09:01:37.138] [bmv2] [T] [thread 91483] [78.0] [cxt 0] Wrote register 'MyIngress.pit_table' at index 0 with value 0
[09:01:37.138] [bmv2] [T] [thread 91483] [78.0] [cxt 0] switch.p4(100) Primitive hdr.ethernet.srcAddr = 0xFFFFFFFFFFFF
[09:01:37.138] [bmv2] [T] [thread 91483] [78.0] [cxt 0] switch.p4(101) Primitive hdr.ethernet.dstAddr = 0xFFFFFFFFFFFF
[09:01:37.138] [bmv2] [T] [thread 91483] [78.0] [cxt 0] switch.p4(102) Primitive hdr.payload.ttl = hdr.payload.ttl - 1
[09:01:37.138] [bmv2] [D] [thread 91483] [78.0] [cxt 0] Pipeline 'ingress': end
[09:01:37.138] [bmv2] [D] [thread 91483] [78.0] [cxt 0] Egress port is 0
[09:01:37.138] [bmv2] [D] [thread 91484] [78.0] [cxt 0] Pipeline 'egress': start
[09:01:37.138] [bmv2] [D] [thread 91484] [78.0] [cxt 0] Pipeline 'egress': end
[09:01:37.138] [bmv2] [D] [thread 91484] [78.0] [cxt 0] Deparser 'deparser': start
[09:01:37.138] [bmv2] [D] [thread 91484] [78.0] [cxt 0] Deparsing header 'ethernet'
[09:01:37.138] [bmv2] [D] [thread 91484] [78.0] [cxt 0] Deparser 'deparser': end
[09:01:37.138] [bmv2] [D] [thread 91488] [78.0] [cxt 0] Transmitting packet of size 203 out of port 0
open: No such file or directory
