Calling target program-options parser
[09:11:52.525] [bmv2] [D] [thread 101213] Set default default entry for table 'MyIngress.ipv4_lpm': MyIngress.drop - 
Adding interface s2-eth1 as port 1
[09:11:52.528] [bmv2] [D] [thread 101213] Adding interface s2-eth1 as port 1
Adding interface s2-eth2 as port 2
[09:11:52.539] [bmv2] [D] [thread 101213] Adding interface s2-eth2 as port 2
Server listening on 0.0.0.0:50226
[09:11:52.578] [bmv2] [I] [thread 101213] Starting Thrift server on port 9265
[09:11:52.578] [bmv2] [I] [thread 101213] Thrift server was started
[09:11:52.578] [bmv2] [D] [thread 101228] [0.0] [cxt 0] Processing packet received on port 1
[09:11:52.578] [bmv2] [D] [thread 101228] [0.0] [cxt 0] Parser 'parser': start
[09:11:52.578] [bmv2] [D] [thread 101228] [0.0] [cxt 0] Parser 'parser' entering state 'start'
[09:11:52.578] [bmv2] [D] [thread 101228] [0.0] [cxt 0] Extracting header 'ethernet'
[09:11:52.578] [bmv2] [D] [thread 101228] [0.0] [cxt 0] Parser state 'start': key is 86dd
[09:11:52.578] [bmv2] [T] [thread 101228] [0.0] [cxt 0] Bytes parsed: 14
[09:11:52.578] [bmv2] [D] [thread 101228] [0.0] [cxt 0] Parser 'parser': end
[09:11:52.578] [bmv2] [D] [thread 101228] [0.0] [cxt 0] Pipeline 'ingress': start
[09:11:52.578] [bmv2] [T] [thread 101228] [0.0] [cxt 0] switch.p4(116) Condition "hdr.ipv4.isValid()" (node_2) is false
[09:11:52.578] [bmv2] [D] [thread 101228] [0.0] [cxt 0] Pipeline 'ingress': end
[09:11:52.578] [bmv2] [D] [thread 101228] [0.0] [cxt 0] Egress port is 0
[09:11:52.578] [bmv2] [D] [thread 101229] [0.0] [cxt 0] Pipeline 'egress': start
[09:11:52.578] [bmv2] [D] [thread 101229] [0.0] [cxt 0] Pipeline 'egress': end
[09:11:52.578] [bmv2] [D] [thread 101229] [0.0] [cxt 0] Deparser 'deparser': start
[09:11:52.578] [bmv2] [T] [thread 101229] [0.0] [cxt 0] Skipping checksum 'cksum' update because condition not met
[09:11:52.578] [bmv2] [D] [thread 101229] [0.0] [cxt 0] Deparsing header 'ethernet'
[09:11:52.578] [bmv2] [D] [thread 101229] [0.0] [cxt 0] Deparser 'deparser': end
[09:11:52.583] [bmv2] [D] [thread 101233] [0.0] [cxt 0] Transmitting packet of size 86 out of port 0
[09:11:52.703] [bmv2] [D] [thread 101228] [1.0] [cxt 0] Processing packet received on port 1
[09:11:52.703] [bmv2] [D] [thread 101228] [1.0] [cxt 0] Parser 'parser': start
[09:11:52.703] [bmv2] [D] [thread 101228] [1.0] [cxt 0] Parser 'parser' entering state 'start'
[09:11:52.703] [bmv2] [D] [thread 101228] [1.0] [cxt 0] Extracting header 'ethernet'
[09:11:52.703] [bmv2] [D] [thread 101228] [1.0] [cxt 0] Parser state 'start': key is 86dd
[09:11:52.703] [bmv2] [T] [thread 101228] [1.0] [cxt 0] Bytes parsed: 14
[09:11:52.703] [bmv2] [D] [thread 101228] [1.0] [cxt 0] Parser 'parser': end
[09:11:52.703] [bmv2] [D] [thread 101228] [1.0] [cxt 0] Pipeline 'ingress': start
[09:11:52.703] [bmv2] [T] [thread 101228] [1.0] [cxt 0] switch.p4(116) Condition "hdr.ipv4.isValid()" (node_2) is false
[09:11:52.703] [bmv2] [D] [thread 101228] [1.0] [cxt 0] Pipeline 'ingress': end
[09:11:52.703] [bmv2] [D] [thread 101228] [1.0] [cxt 0] Egress port is 0
[09:11:52.704] [bmv2] [D] [thread 101229] [1.0] [cxt 0] Pipeline 'egress': start
[09:11:52.704] [bmv2] [D] [thread 101229] [1.0] [cxt 0] Pipeline 'egress': end
[09:11:52.704] [bmv2] [D] [thread 101229] [1.0] [cxt 0] Deparser 'deparser': start
[09:11:52.704] [bmv2] [T] [thread 101229] [1.0] [cxt 0] Skipping checksum 'cksum' update because condition not met
[09:11:52.704] [bmv2] [D] [thread 101229] [1.0] [cxt 0] Deparsing header 'ethernet'
[09:11:52.704] [bmv2] [D] [thread 101229] [1.0] [cxt 0] Deparser 'deparser': end
[09:11:52.704] [bmv2] [D] [thread 101233] [1.0] [cxt 0] Transmitting packet of size 86 out of port 0
[09:11:52.705] [bmv2] [D] [thread 101228] [2.0] [cxt 0] Processing packet received on port 2
[09:11:52.705] [bmv2] [D] [thread 101228] [2.0] [cxt 0] Parser 'parser': start
[09:11:52.705] [bmv2] [D] [thread 101228] [2.0] [cxt 0] Parser 'parser' entering state 'start'
[09:11:52.705] [bmv2] [D] [thread 101228] [2.0] [cxt 0] Extracting header 'ethernet'
[09:11:52.705] [bmv2] [D] [thread 101228] [2.0] [cxt 0] Parser state 'start': key is 86dd
[09:11:52.705] [bmv2] [T] [thread 101228] [2.0] [cxt 0] Bytes parsed: 14
[09:11:52.705] [bmv2] [D] [thread 101228] [2.0] [cxt 0] Parser 'parser': end
[09:11:52.705] [bmv2] [D] [thread 101228] [2.0] [cxt 0] Pipeline 'ingress': start
[09:11:52.705] [bmv2] [T] [thread 101228] [2.0] [cxt 0] switch.p4(116) Condition "hdr.ipv4.isValid()" (node_2) is false
[09:11:52.705] [bmv2] [D] [thread 101228] [2.0] [cxt 0] Pipeline 'ingress': end
[09:11:52.705] [bmv2] [D] [thread 101228] [2.0] [cxt 0] Egress port is 0
[09:11:52.705] [bmv2] [D] [thread 101229] [2.0] [cxt 0] Pipeline 'egress': start
[09:11:52.705] [bmv2] [D] [thread 101229] [2.0] [cxt 0] Pipeline 'egress': end
[09:11:52.705] [bmv2] [D] [thread 101229] [2.0] [cxt 0] Deparser 'deparser': start
[09:11:52.705] [bmv2] [T] [thread 101229] [2.0] [cxt 0] Skipping checksum 'cksum' update because condition not met
[09:11:52.705] [bmv2] [D] [thread 101229] [2.0] [cxt 0] Deparsing header 'ethernet'
[09:11:52.705] [bmv2] [D] [thread 101229] [2.0] [cxt 0] Deparser 'deparser': end
[09:11:52.706] [bmv2] [D] [thread 101233] [2.0] [cxt 0] Transmitting packet of size 86 out of port 0
[09:11:53.346] [bmv2] [D] [thread 101228] [3.0] [cxt 0] Processing packet received on port 2
[09:11:53.346] [bmv2] [D] [thread 101228] [3.0] [cxt 0] Parser 'parser': start
[09:11:53.346] [bmv2] [D] [thread 101228] [3.0] [cxt 0] Parser 'parser' entering state 'start'
[09:11:53.346] [bmv2] [D] [thread 101228] [3.0] [cxt 0] Extracting header 'ethernet'
[09:11:53.346] [bmv2] [D] [thread 101228] [3.0] [cxt 0] Parser state 'start': key is 86dd
[09:11:53.346] [bmv2] [T] [thread 101228] [3.0] [cxt 0] Bytes parsed: 14
[09:11:53.346] [bmv2] [D] [thread 101228] [3.0] [cxt 0] Parser 'parser': end
[09:11:53.346] [bmv2] [D] [thread 101228] [3.0] [cxt 0] Pipeline 'ingress': start
[09:11:53.346] [bmv2] [T] [thread 101228] [3.0] [cxt 0] switch.p4(116) Condition "hdr.ipv4.isValid()" (node_2) is false
[09:11:53.346] [bmv2] [D] [thread 101228] [3.0] [cxt 0] Pipeline 'ingress': end
[09:11:53.351] [bmv2] [D] [thread 101228] [3.0] [cxt 0] Egress port is 0
[09:11:53.351] [bmv2] [D] [thread 101229] [3.0] [cxt 0] Pipeline 'egress': start
[09:11:53.351] [bmv2] [D] [thread 101229] [3.0] [cxt 0] Pipeline 'egress': end
[09:11:53.351] [bmv2] [D] [thread 101229] [3.0] [cxt 0] Deparser 'deparser': start
[09:11:53.351] [bmv2] [T] [thread 101229] [3.0] [cxt 0] Skipping checksum 'cksum' update because condition not met
[09:11:53.351] [bmv2] [D] [thread 101229] [3.0] [cxt 0] Deparsing header 'ethernet'
[09:11:53.351] [bmv2] [D] [thread 101229] [3.0] [cxt 0] Deparser 'deparser': end
[09:11:53.351] [bmv2] [D] [thread 101233] [3.0] [cxt 0] Transmitting packet of size 90 out of port 0
[09:11:53.351] [bmv2] [D] [thread 101228] [4.0] [cxt 0] Processing packet received on port 2
[09:11:53.351] [bmv2] [D] [thread 101228] [4.0] [cxt 0] Parser 'parser': start
[09:11:53.351] [bmv2] [D] [thread 101228] [4.0] [cxt 0] Parser 'parser' entering state 'start'
[09:11:53.351] [bmv2] [D] [thread 101228] [4.0] [cxt 0] Extracting header 'ethernet'
[09:11:53.351] [bmv2] [D] [thread 101228] [4.0] [cxt 0] Parser state 'start': key is 86dd
[09:11:53.351] [bmv2] [T] [thread 101228] [4.0] [cxt 0] Bytes parsed: 14
[09:11:53.351] [bmv2] [D] [thread 101228] [4.0] [cxt 0] Parser 'parser': end
[09:11:53.351] [bmv2] [D] [thread 101228] [4.0] [cxt 0] Pipeline 'ingress': start
[09:11:53.351] [bmv2] [T] [thread 101228] [4.0] [cxt 0] switch.p4(116) Condition "hdr.ipv4.isValid()" (node_2) is false
[09:11:53.351] [bmv2] [D] [thread 101228] [4.0] [cxt 0] Pipeline 'ingress': end
[09:11:53.351] [bmv2] [D] [thread 101228] [4.0] [cxt 0] Egress port is 0
[09:11:53.351] [bmv2] [D] [thread 101229] [4.0] [cxt 0] Pipeline 'egress': start
[09:11:53.351] [bmv2] [D] [thread 101229] [4.0] [cxt 0] Pipeline 'egress': end
[09:11:53.351] [bmv2] [D] [thread 101229] [4.0] [cxt 0] Deparser 'deparser': start
[09:11:53.351] [bmv2] [T] [thread 101229] [4.0] [cxt 0] Skipping checksum 'cksum' update because condition not met
[09:11:53.351] [bmv2] [D] [thread 101229] [4.0] [cxt 0] Deparsing header 'ethernet'
[09:11:53.351] [bmv2] [D] [thread 101229] [4.0] [cxt 0] Deparser 'deparser': end
[09:11:53.351] [bmv2] [D] [thread 101233] [4.0] [cxt 0] Transmitting packet of size 70 out of port 0
[09:11:53.351] [bmv2] [D] [thread 101228] [5.0] [cxt 0] Processing packet received on port 2
[09:11:53.351] [bmv2] [D] [thread 101228] [5.0] [cxt 0] Parser 'parser': start
[09:11:53.351] [bmv2] [D] [thread 101228] [5.0] [cxt 0] Parser 'parser' entering state 'start'
[09:11:53.351] [bmv2] [D] [thread 101228] [5.0] [cxt 0] Extracting header 'ethernet'
[09:11:53.351] [bmv2] [D] [thread 101228] [5.0] [cxt 0] Parser state 'start': key is 86dd
[09:11:53.351] [bmv2] [T] [thread 101228] [5.0] [cxt 0] Bytes parsed: 14
[09:11:53.351] [bmv2] [D] [thread 101228] [5.0] [cxt 0] Parser 'parser': end
[09:11:53.351] [bmv2] [D] [thread 101228] [5.0] [cxt 0] Pipeline 'ingress': start
[09:11:53.351] [bmv2] [T] [thread 101228] [5.0] [cxt 0] switch.p4(116) Condition "hdr.ipv4.isValid()" (node_2) is false
[09:11:53.351] [bmv2] [D] [thread 101228] [5.0] [cxt 0] Pipeline 'ingress': end
[09:11:53.351] [bmv2] [D] [thread 101228] [5.0] [cxt 0] Egress port is 0
[09:11:53.351] [bmv2] [D] [thread 101229] [5.0] [cxt 0] Pipeline 'egress': start
[09:11:53.351] [bmv2] [D] [thread 101229] [5.0] [cxt 0] Pipeline 'egress': end
[09:11:53.351] [bmv2] [D] [thread 101229] [5.0] [cxt 0] Deparser 'deparser': start
[09:11:53.351] [bmv2] [T] [thread 101229] [5.0] [cxt 0] Skipping checksum 'cksum' update because condition not met
[09:11:53.351] [bmv2] [D] [thread 101229] [5.0] [cxt 0] Deparsing header 'ethernet'
[09:11:53.351] [bmv2] [D] [thread 101229] [5.0] [cxt 0] Deparser 'deparser': end
[09:11:53.351] [bmv2] [D] [thread 101233] [5.0] [cxt 0] Transmitting packet of size 90 out of port 0
[09:11:53.441] [bmv2] [D] [thread 101228] [6.0] [cxt 0] Processing packet received on port 2
[09:11:53.441] [bmv2] [D] [thread 101228] [6.0] [cxt 0] Parser 'parser': start
[09:11:53.441] [bmv2] [D] [thread 101228] [6.0] [cxt 0] Parser 'parser' entering state 'start'
[09:11:53.441] [bmv2] [D] [thread 101228] [6.0] [cxt 0] Extracting header 'ethernet'
[09:11:53.441] [bmv2] [D] [thread 101228] [6.0] [cxt 0] Parser state 'start': key is 86dd
[09:11:53.441] [bmv2] [T] [thread 101228] [6.0] [cxt 0] Bytes parsed: 14
[09:11:53.441] [bmv2] [D] [thread 101228] [6.0] [cxt 0] Parser 'parser': end
[09:11:53.441] [bmv2] [D] [thread 101228] [6.0] [cxt 0] Pipeline 'ingress': start
[09:11:53.441] [bmv2] [T] [thread 101228] [6.0] [cxt 0] switch.p4(116) Condition "hdr.ipv4.isValid()" (node_2) is false
[09:11:53.441] [bmv2] [D] [thread 101228] [6.0] [cxt 0] Pipeline 'ingress': end
[09:11:53.441] [bmv2] [D] [thread 101228] [6.0] [cxt 0] Egress port is 0
[09:11:53.441] [bmv2] [D] [thread 101229] [6.0] [cxt 0] Pipeline 'egress': start
[09:11:53.441] [bmv2] [D] [thread 101229] [6.0] [cxt 0] Pipeline 'egress': end
[09:11:53.441] [bmv2] [D] [thread 101229] [6.0] [cxt 0] Deparser 'deparser': start
[09:11:53.441] [bmv2] [T] [thread 101229] [6.0] [cxt 0] Skipping checksum 'cksum' update because condition not met
[09:11:53.441] [bmv2] [D] [thread 101229] [6.0] [cxt 0] Deparsing header 'ethernet'
[09:11:53.441] [bmv2] [D] [thread 101229] [6.0] [cxt 0] Deparser 'deparser': end
[09:11:53.441] [bmv2] [D] [thread 101233] [6.0] [cxt 0] Transmitting packet of size 90 out of port 0
[09:11:53.450] [bmv2] [D] [thread 101228] [7.0] [cxt 0] Processing packet received on port 2
[09:11:53.450] [bmv2] [D] [thread 101228] [7.0] [cxt 0] Parser 'parser': start
[09:11:53.450] [bmv2] [D] [thread 101228] [7.0] [cxt 0] Parser 'parser' entering state 'start'
[09:11:53.450] [bmv2] [D] [thread 101228] [7.0] [cxt 0] Extracting header 'ethernet'
[09:11:53.450] [bmv2] [D] [thread 101228] [7.0] [cxt 0] Parser state 'start': key is 86dd
[09:11:53.450] [bmv2] [T] [thread 101228] [7.0] [cxt 0] Bytes parsed: 14
[09:11:53.450] [bmv2] [D] [thread 101228] [7.0] [cxt 0] Parser 'parser': end
[09:11:53.450] [bmv2] [D] [thread 101228] [7.0] [cxt 0] Pipeline 'ingress': start
[09:11:53.450] [bmv2] [T] [thread 101228] [7.0] [cxt 0] switch.p4(116) Condition "hdr.ipv4.isValid()" (node_2) is false
[09:11:53.450] [bmv2] [D] [thread 101228] [7.0] [cxt 0] Pipeline 'ingress': end
[09:11:53.450] [bmv2] [D] [thread 101228] [7.0] [cxt 0] Egress port is 0
[09:11:53.450] [bmv2] [D] [thread 101229] [7.0] [cxt 0] Pipeline 'egress': start
[09:11:53.450] [bmv2] [D] [thread 101229] [7.0] [cxt 0] Pipeline 'egress': end
[09:11:53.450] [bmv2] [D] [thread 101229] [7.0] [cxt 0] Deparser 'deparser': start
[09:11:53.450] [bmv2] [T] [thread 101229] [7.0] [cxt 0] Skipping checksum 'cksum' update because condition not met
[09:11:53.450] [bmv2] [D] [thread 101229] [7.0] [cxt 0] Deparsing header 'ethernet'
[09:11:53.450] [bmv2] [D] [thread 101229] [7.0] [cxt 0] Deparser 'deparser': end
[09:11:53.450] [bmv2] [D] [thread 101233] [7.0] [cxt 0] Transmitting packet of size 203 out of port 0
[09:11:53.595] [bmv2] [D] [thread 101228] [8.0] [cxt 0] Processing packet received on port 1
[09:11:53.595] [bmv2] [D] [thread 101228] [8.0] [cxt 0] Parser 'parser': start
[09:11:53.595] [bmv2] [D] [thread 101228] [8.0] [cxt 0] Parser 'parser' entering state 'start'
[09:11:53.595] [bmv2] [D] [thread 101228] [8.0] [cxt 0] Extracting header 'ethernet'
[09:11:53.595] [bmv2] [D] [thread 101228] [8.0] [cxt 0] Parser state 'start': key is 86dd
[09:11:53.595] [bmv2] [T] [thread 101228] [8.0] [cxt 0] Bytes parsed: 14
[09:11:53.595] [bmv2] [D] [thread 101228] [8.0] [cxt 0] Parser 'parser': end
[09:11:53.595] [bmv2] [D] [thread 101228] [8.0] [cxt 0] Pipeline 'ingress': start
[09:11:53.595] [bmv2] [T] [thread 101228] [8.0] [cxt 0] switch.p4(116) Condition "hdr.ipv4.isValid()" (node_2) is false
[09:11:53.595] [bmv2] [D] [thread 101228] [8.0] [cxt 0] Pipeline 'ingress': end
[09:11:53.595] [bmv2] [D] [thread 101228] [8.0] [cxt 0] Egress port is 0
[09:11:53.595] [bmv2] [D] [thread 101228] [9.0] [cxt 0] Processing packet received on port 1
[09:11:53.595] [bmv2] [D] [thread 101228] [9.0] [cxt 0] Parser 'parser': start
[09:11:53.595] [bmv2] [D] [thread 101228] [9.0] [cxt 0] Parser 'parser' entering state 'start'
[09:11:53.595] [bmv2] [D] [thread 101228] [9.0] [cxt 0] Extracting header 'ethernet'
[09:11:53.595] [bmv2] [D] [thread 101228] [9.0] [cxt 0] Parser state 'start': key is 86dd
[09:11:53.595] [bmv2] [T] [thread 101228] [9.0] [cxt 0] Bytes parsed: 14
[09:11:53.595] [bmv2] [D] [thread 101228] [9.0] [cxt 0] Parser 'parser': end
[09:11:53.595] [bmv2] [D] [thread 101228] [9.0] [cxt 0] Pipeline 'ingress': start
[09:11:53.595] [bmv2] [T] [thread 101228] [9.0] [cxt 0] switch.p4(116) Condition "hdr.ipv4.isValid()" (node_2) is false
[09:11:53.595] [bmv2] [D] [thread 101228] [9.0] [cxt 0] Pipeline 'ingress': end
[09:11:53.595] [bmv2] [D] [thread 101228] [9.0] [cxt 0] Egress port is 0
[09:11:53.595] [bmv2] [D] [thread 101229] [8.0] [cxt 0] Pipeline 'egress': start
[09:11:53.595] [bmv2] [D] [thread 101229] [8.0] [cxt 0] Pipeline 'egress': end
[09:11:53.595] [bmv2] [D] [thread 101229] [8.0] [cxt 0] Deparser 'deparser': start
[09:11:53.595] [bmv2] [T] [thread 101229] [8.0] [cxt 0] Skipping checksum 'cksum' update because condition not met
[09:11:53.595] [bmv2] [D] [thread 101229] [8.0] [cxt 0] Deparsing header 'ethernet'
[09:11:53.595] [bmv2] [D] [thread 101229] [8.0] [cxt 0] Deparser 'deparser': end
[09:11:53.595] [bmv2] [D] [thread 101229] [9.0] [cxt 0] Pipeline 'egress': start
[09:11:53.595] [bmv2] [D] [thread 101229] [9.0] [cxt 0] Pipeline 'egress': end
[09:11:53.595] [bmv2] [D] [thread 101229] [9.0] [cxt 0] Deparser 'deparser': start
[09:11:53.595] [bmv2] [T] [thread 101229] [9.0] [cxt 0] Skipping checksum 'cksum' update because condition not met
[09:11:53.595] [bmv2] [D] [thread 101229] [9.0] [cxt 0] Deparsing header 'ethernet'
[09:11:53.595] [bmv2] [D] [thread 101229] [9.0] [cxt 0] Deparser 'deparser': end
[09:11:53.595] [bmv2] [D] [thread 101233] [8.0] [cxt 0] Transmitting packet of size 90 out of port 0
[09:11:53.595] [bmv2] [D] [thread 101233] [9.0] [cxt 0] Transmitting packet of size 70 out of port 0
[09:11:53.601] [bmv2] [D] [thread 101228] [10.0] [cxt 0] Processing packet received on port 1
[09:11:53.601] [bmv2] [D] [thread 101228] [10.0] [cxt 0] Parser 'parser': start
[09:11:53.601] [bmv2] [D] [thread 101228] [10.0] [cxt 0] Parser 'parser' entering state 'start'
[09:11:53.601] [bmv2] [D] [thread 101228] [10.0] [cxt 0] Extracting header 'ethernet'
[09:11:53.601] [bmv2] [D] [thread 101228] [10.0] [cxt 0] Parser state 'start': key is 86dd
[09:11:53.601] [bmv2] [T] [thread 101228] [10.0] [cxt 0] Bytes parsed: 14
[09:11:53.601] [bmv2] [D] [thread 101228] [10.0] [cxt 0] Parser 'parser': end
[09:11:53.601] [bmv2] [D] [thread 101228] [10.0] [cxt 0] Pipeline 'ingress': start
[09:11:53.601] [bmv2] [T] [thread 101228] [10.0] [cxt 0] switch.p4(116) Condition "hdr.ipv4.isValid()" (node_2) is false
[09:11:53.601] [bmv2] [D] [thread 101228] [10.0] [cxt 0] Pipeline 'ingress': end
[09:11:53.601] [bmv2] [D] [thread 101228] [10.0] [cxt 0] Egress port is 0
[09:11:53.601] [bmv2] [D] [thread 101229] [10.0] [cxt 0] Pipeline 'egress': start
[09:11:53.601] [bmv2] [D] [thread 101229] [10.0] [cxt 0] Pipeline 'egress': end
[09:11:53.601] [bmv2] [D] [thread 101229] [10.0] [cxt 0] Deparser 'deparser': start
[09:11:53.601] [bmv2] [T] [thread 101229] [10.0] [cxt 0] Skipping checksum 'cksum' update because condition not met
[09:11:53.601] [bmv2] [D] [thread 101229] [10.0] [cxt 0] Deparsing header 'ethernet'
[09:11:53.601] [bmv2] [D] [thread 101229] [10.0] [cxt 0] Deparser 'deparser': end
[09:11:53.601] [bmv2] [D] [thread 101233] [10.0] [cxt 0] Transmitting packet of size 90 out of port 0
[09:11:53.640] [bmv2] [D] [thread 101228] [11.0] [cxt 0] Processing packet received on port 2
[09:11:53.640] [bmv2] [D] [thread 101228] [11.0] [cxt 0] Parser 'parser': start
[09:11:53.640] [bmv2] [D] [thread 101228] [11.0] [cxt 0] Parser 'parser' entering state 'start'
[09:11:53.640] [bmv2] [D] [thread 101228] [11.0] [cxt 0] Extracting header 'ethernet'
[09:11:53.640] [bmv2] [D] [thread 101228] [11.0] [cxt 0] Parser state 'start': key is 86dd
[09:11:53.640] [bmv2] [T] [thread 101228] [11.0] [cxt 0] Bytes parsed: 14
[09:11:53.640] [bmv2] [D] [thread 101228] [11.0] [cxt 0] Parser 'parser': end
[09:11:53.640] [bmv2] [D] [thread 101228] [11.0] [cxt 0] Pipeline 'ingress': start
[09:11:53.640] [bmv2] [T] [thread 101228] [11.0] [cxt 0] switch.p4(116) Condition "hdr.ipv4.isValid()" (node_2) is false
[09:11:53.641] [bmv2] [D] [thread 101228] [11.0] [cxt 0] Pipeline 'ingress': end
[09:11:53.641] [bmv2] [D] [thread 101228] [11.0] [cxt 0] Egress port is 0
[09:11:53.642] [bmv2] [D] [thread 101229] [11.0] [cxt 0] Pipeline 'egress': start
[09:11:53.643] [bmv2] [D] [thread 101229] [11.0] [cxt 0] Pipeline 'egress': end
[09:11:53.643] [bmv2] [D] [thread 101229] [11.0] [cxt 0] Deparser 'deparser': start
[09:11:53.643] [bmv2] [T] [thread 101229] [11.0] [cxt 0] Skipping checksum 'cksum' update because condition not met
[09:11:53.643] [bmv2] [D] [thread 101229] [11.0] [cxt 0] Deparsing header 'ethernet'
[09:11:53.643] [bmv2] [D] [thread 101229] [11.0] [cxt 0] Deparser 'deparser': end
[09:11:53.643] [bmv2] [D] [thread 101233] [11.0] [cxt 0] Transmitting packet of size 211 out of port 0
[09:11:53.701] [bmv2] [D] [thread 101228] [12.0] [cxt 0] Processing packet received on port 1
[09:11:53.701] [bmv2] [D] [thread 101228] [12.0] [cxt 0] Parser 'parser': start
[09:11:53.701] [bmv2] [D] [thread 101228] [12.0] [cxt 0] Parser 'parser' entering state 'start'
[09:11:53.701] [bmv2] [D] [thread 101228] [12.0] [cxt 0] Extracting header 'ethernet'
[09:11:53.701] [bmv2] [D] [thread 101228] [12.0] [cxt 0] Parser state 'start': key is 86dd
[09:11:53.701] [bmv2] [T] [thread 101228] [12.0] [cxt 0] Bytes parsed: 14
[09:11:53.701] [bmv2] [D] [thread 101228] [12.0] [cxt 0] Parser 'parser': end
[09:11:53.701] [bmv2] [D] [thread 101228] [12.0] [cxt 0] Pipeline 'ingress': start
[09:11:53.701] [bmv2] [T] [thread 101228] [12.0] [cxt 0] switch.p4(116) Condition "hdr.ipv4.isValid()" (node_2) is false
[09:11:53.701] [bmv2] [D] [thread 101228] [12.0] [cxt 0] Pipeline 'ingress': end
[09:11:53.701] [bmv2] [D] [thread 101228] [12.0] [cxt 0] Egress port is 0
[09:11:53.701] [bmv2] [D] [thread 101229] [12.0] [cxt 0] Pipeline 'egress': start
[09:11:53.701] [bmv2] [D] [thread 101229] [12.0] [cxt 0] Pipeline 'egress': end
[09:11:53.701] [bmv2] [D] [thread 101229] [12.0] [cxt 0] Deparser 'deparser': start
[09:11:53.701] [bmv2] [T] [thread 101229] [12.0] [cxt 0] Skipping checksum 'cksum' update because condition not met
[09:11:53.701] [bmv2] [D] [thread 101229] [12.0] [cxt 0] Deparsing header 'ethernet'
[09:11:53.701] [bmv2] [D] [thread 101229] [12.0] [cxt 0] Deparser 'deparser': end
[09:11:53.701] [bmv2] [D] [thread 101233] [12.0] [cxt 0] Transmitting packet of size 203 out of port 0
[09:11:53.730] [bmv2] [D] [thread 101228] [13.0] [cxt 0] Processing packet received on port 1
[09:11:53.730] [bmv2] [D] [thread 101228] [13.0] [cxt 0] Parser 'parser': start
[09:11:53.730] [bmv2] [D] [thread 101228] [13.0] [cxt 0] Parser 'parser' entering state 'start'
[09:11:53.730] [bmv2] [D] [thread 101228] [13.0] [cxt 0] Extracting header 'ethernet'
[09:11:53.730] [bmv2] [D] [thread 101228] [13.0] [cxt 0] Parser state 'start': key is 86dd
[09:11:53.730] [bmv2] [T] [thread 101228] [13.0] [cxt 0] Bytes parsed: 14
[09:11:53.730] [bmv2] [D] [thread 101228] [13.0] [cxt 0] Parser 'parser': end
[09:11:53.730] [bmv2] [D] [thread 101228] [13.0] [cxt 0] Pipeline 'ingress': start
[09:11:53.730] [bmv2] [T] [thread 101228] [13.0] [cxt 0] switch.p4(116) Condition "hdr.ipv4.isValid()" (node_2) is false
[09:11:53.730] [bmv2] [D] [thread 101228] [13.0] [cxt 0] Pipeline 'ingress': end
[09:11:53.730] [bmv2] [D] [thread 101228] [13.0] [cxt 0] Egress port is 0
[09:11:53.730] [bmv2] [D] [thread 101228] [14.0] [cxt 0] Processing packet received on port 2
[09:11:53.730] [bmv2] [D] [thread 101228] [14.0] [cxt 0] Parser 'parser': start
[09:11:53.730] [bmv2] [D] [thread 101228] [14.0] [cxt 0] Parser 'parser' entering state 'start'
[09:11:53.730] [bmv2] [D] [thread 101228] [14.0] [cxt 0] Extracting header 'ethernet'
[09:11:53.730] [bmv2] [D] [thread 101228] [14.0] [cxt 0] Parser state 'start': key is 86dd
[09:11:53.730] [bmv2] [T] [thread 101228] [14.0] [cxt 0] Bytes parsed: 14
[09:11:53.730] [bmv2] [D] [thread 101228] [14.0] [cxt 0] Parser 'parser': end
[09:11:53.730] [bmv2] [D] [thread 101228] [14.0] [cxt 0] Pipeline 'ingress': start
[09:11:53.730] [bmv2] [T] [thread 101228] [14.0] [cxt 0] switch.p4(116) Condition "hdr.ipv4.isValid()" (node_2) is false
[09:11:53.730] [bmv2] [D] [thread 101228] [14.0] [cxt 0] Pipeline 'ingress': end
[09:11:53.730] [bmv2] [D] [thread 101228] [14.0] [cxt 0] Egress port is 0
[09:11:53.730] [bmv2] [D] [thread 101228] [15.0] [cxt 0] Processing packet received on port 1
[09:11:53.730] [bmv2] [D] [thread 101228] [15.0] [cxt 0] Parser 'parser': start
[09:11:53.730] [bmv2] [D] [thread 101228] [15.0] [cxt 0] Parser 'parser' entering state 'start'
[09:11:53.730] [bmv2] [D] [thread 101228] [15.0] [cxt 0] Extracting header 'ethernet'
[09:11:53.730] [bmv2] [D] [thread 101228] [15.0] [cxt 0] Parser state 'start': key is 86dd
[09:11:53.730] [bmv2] [T] [thread 101228] [15.0] [cxt 0] Bytes parsed: 14
[09:11:53.730] [bmv2] [D] [thread 101228] [15.0] [cxt 0] Parser 'parser': end
[09:11:53.730] [bmv2] [D] [thread 101228] [15.0] [cxt 0] Pipeline 'ingress': start
[09:11:53.730] [bmv2] [T] [thread 101228] [15.0] [cxt 0] switch.p4(116) Condition "hdr.ipv4.isValid()" (node_2) is false
[09:11:53.730] [bmv2] [D] [thread 101228] [15.0] [cxt 0] Pipeline 'ingress': end
[09:11:53.730] [bmv2] [D] [thread 101228] [15.0] [cxt 0] Egress port is 0
[09:11:53.730] [bmv2] [D] [thread 101228] [16.0] [cxt 0] Processing packet received on port 2
[09:11:53.730] [bmv2] [D] [thread 101228] [16.0] [cxt 0] Parser 'parser': start
[09:11:53.730] [bmv2] [D] [thread 101228] [16.0] [cxt 0] Parser 'parser' entering state 'start'
[09:11:53.730] [bmv2] [D] [thread 101228] [16.0] [cxt 0] Extracting header 'ethernet'
[09:11:53.730] [bmv2] [D] [thread 101228] [16.0] [cxt 0] Parser state 'start': key is 86dd
[09:11:53.730] [bmv2] [T] [thread 101228] [16.0] [cxt 0] Bytes parsed: 14
[09:11:53.730] [bmv2] [D] [thread 101228] [16.0] [cxt 0] Parser 'parser': end
[09:11:53.730] [bmv2] [D] [thread 101228] [16.0] [cxt 0] Pipeline 'ingress': start
[09:11:53.730] [bmv2] [T] [thread 101228] [16.0] [cxt 0] switch.p4(116) Condition "hdr.ipv4.isValid()" (node_2) is false
[09:11:53.730] [bmv2] [D] [thread 101228] [16.0] [cxt 0] Pipeline 'ingress': end
[09:11:53.730] [bmv2] [D] [thread 101228] [16.0] [cxt 0] Egress port is 0
[09:11:53.730] [bmv2] [D] [thread 101228] [17.0] [cxt 0] Processing packet received on port 1
[09:11:53.730] [bmv2] [D] [thread 101228] [17.0] [cxt 0] Parser 'parser': start
[09:11:53.730] [bmv2] [D] [thread 101228] [17.0] [cxt 0] Parser 'parser' entering state 'start'
[09:11:53.730] [bmv2] [D] [thread 101228] [17.0] [cxt 0] Extracting header 'ethernet'
[09:11:53.730] [bmv2] [D] [thread 101228] [17.0] [cxt 0] Parser state 'start': key is 86dd
[09:11:53.730] [bmv2] [T] [thread 101228] [17.0] [cxt 0] Bytes parsed: 14
[09:11:53.730] [bmv2] [D] [thread 101228] [17.0] [cxt 0] Parser 'parser': end
[09:11:53.730] [bmv2] [D] [thread 101228] [17.0] [cxt 0] Pipeline 'ingress': start
[09:11:53.730] [bmv2] [T] [thread 101228] [17.0] [cxt 0] switch.p4(116) Condition "hdr.ipv4.isValid()" (node_2) is false
[09:11:53.730] [bmv2] [D] [thread 101228] [17.0] [cxt 0] Pipeline 'ingress': end
[09:11:53.730] [bmv2] [D] [thread 101228] [17.0] [cxt 0] Egress port is 0
[09:11:53.730] [bmv2] [D] [thread 101228] [18.0] [cxt 0] Processing packet received on port 2
[09:11:53.730] [bmv2] [D] [thread 101228] [18.0] [cxt 0] Parser 'parser': start
[09:11:53.730] [bmv2] [D] [thread 101228] [18.0] [cxt 0] Parser 'parser' entering state 'start'
[09:11:53.730] [bmv2] [D] [thread 101228] [18.0] [cxt 0] Extracting header 'ethernet'
[09:11:53.730] [bmv2] [D] [thread 101228] [18.0] [cxt 0] Parser state 'start': key is 86dd
[09:11:53.730] [bmv2] [T] [thread 101228] [18.0] [cxt 0] Bytes parsed: 14
[09:11:53.730] [bmv2] [D] [thread 101228] [18.0] [cxt 0] Parser 'parser': end
[09:11:53.730] [bmv2] [D] [thread 101228] [18.0] [cxt 0] Pipeline 'ingress': start
[09:11:53.730] [bmv2] [T] [thread 101228] [18.0] [cxt 0] switch.p4(116) Condition "hdr.ipv4.isValid()" (node_2) is false
[09:11:53.730] [bmv2] [D] [thread 101228] [18.0] [cxt 0] Pipeline 'ingress': end
[09:11:53.730] [bmv2] [D] [thread 101228] [18.0] [cxt 0] Egress port is 0
[09:11:53.735] [bmv2] [D] [thread 101229] [13.0] [cxt 0] Pipeline 'egress': start
[09:11:53.735] [bmv2] [D] [thread 101229] [13.0] [cxt 0] Pipeline 'egress': end
[09:11:53.735] [bmv2] [D] [thread 101229] [13.0] [cxt 0] Deparser 'deparser': start
[09:11:53.735] [bmv2] [T] [thread 101229] [13.0] [cxt 0] Skipping checksum 'cksum' update because condition not met
[09:11:53.735] [bmv2] [D] [thread 101229] [13.0] [cxt 0] Deparsing header 'ethernet'
[09:11:53.735] [bmv2] [D] [thread 101229] [13.0] [cxt 0] Deparser 'deparser': end
[09:11:53.735] [bmv2] [D] [thread 101233] [13.0] [cxt 0] Transmitting packet of size 90 out of port 0
[09:11:53.735] [bmv2] [D] [thread 101229] [14.0] [cxt 0] Pipeline 'egress': start
[09:11:53.735] [bmv2] [D] [thread 101229] [14.0] [cxt 0] Pipeline 'egress': end
[09:11:53.735] [bmv2] [D] [thread 101229] [14.0] [cxt 0] Deparser 'deparser': start
[09:11:53.735] [bmv2] [T] [thread 101229] [14.0] [cxt 0] Skipping checksum 'cksum' update because condition not met
[09:11:53.735] [bmv2] [D] [thread 101229] [14.0] [cxt 0] Deparsing header 'ethernet'
[09:11:53.735] [bmv2] [D] [thread 101229] [14.0] [cxt 0] Deparser 'deparser': end
[09:11:53.735] [bmv2] [D] [thread 101233] [14.0] [cxt 0] Transmitting packet of size 90 out of port 0
[09:11:53.735] [bmv2] [D] [thread 101229] [15.0] [cxt 0] Pipeline 'egress': start
[09:11:53.735] [bmv2] [D] [thread 101229] [15.0] [cxt 0] Pipeline 'egress': end
[09:11:53.735] [bmv2] [D] [thread 101229] [15.0] [cxt 0] Deparser 'deparser': start
[09:11:53.735] [bmv2] [T] [thread 101229] [15.0] [cxt 0] Skipping checksum 'cksum' update because condition not met
[09:11:53.735] [bmv2] [D] [thread 101229] [15.0] [cxt 0] Deparsing header 'ethernet'
[09:11:53.735] [bmv2] [D] [thread 101229] [15.0] [cxt 0] Deparser 'deparser': end
[09:11:53.735] [bmv2] [D] [thread 101233] [15.0] [cxt 0] Transmitting packet of size 70 out of port 0
[09:11:53.735] [bmv2] [D] [thread 101229] [16.0] [cxt 0] Pipeline 'egress': start
[09:11:53.735] [bmv2] [D] [thread 101229] [16.0] [cxt 0] Pipeline 'egress': end
[09:11:53.735] [bmv2] [D] [thread 101229] [16.0] [cxt 0] Deparser 'deparser': start
[09:11:53.735] [bmv2] [T] [thread 101229] [16.0] [cxt 0] Skipping checksum 'cksum' update because condition not met
[09:11:53.735] [bmv2] [D] [thread 101229] [16.0] [cxt 0] Deparsing header 'ethernet'
[09:11:53.735] [bmv2] [D] [thread 101229] [16.0] [cxt 0] Deparser 'deparser': end
[09:11:53.735] [bmv2] [D] [thread 101233] [16.0] [cxt 0] Transmitting packet of size 70 out of port 0
[09:11:53.735] [bmv2] [D] [thread 101229] [17.0] [cxt 0] Pipeline 'egress': start
[09:11:53.735] [bmv2] [D] [thread 101229] [17.0] [cxt 0] Pipeline 'egress': end
[09:11:53.735] [bmv2] [D] [thread 101229] [17.0] [cxt 0] Deparser 'deparser': start
[09:11:53.735] [bmv2] [T] [thread 101229] [17.0] [cxt 0] Skipping checksum 'cksum' update because condition not met
[09:11:53.735] [bmv2] [D] [thread 101229] [17.0] [cxt 0] Deparsing header 'ethernet'
[09:11:53.735] [bmv2] [D] [thread 101229] [17.0] [cxt 0] Deparser 'deparser': end
[09:11:53.735] [bmv2] [D] [thread 101233] [17.0] [cxt 0] Transmitting packet of size 90 out of port 0
[09:11:53.735] [bmv2] [D] [thread 101229] [18.0] [cxt 0] Pipeline 'egress': start
[09:11:53.740] [bmv2] [D] [thread 101229] [18.0] [cxt 0] Pipeline 'egress': end
[09:11:53.740] [bmv2] [D] [thread 101229] [18.0] [cxt 0] Deparser 'deparser': start
[09:11:53.740] [bmv2] [T] [thread 101229] [18.0] [cxt 0] Skipping checksum 'cksum' update because condition not met
[09:11:53.740] [bmv2] [D] [thread 101229] [18.0] [cxt 0] Deparsing header 'ethernet'
[09:11:53.740] [bmv2] [D] [thread 101229] [18.0] [cxt 0] Deparser 'deparser': end
[09:11:53.740] [bmv2] [D] [thread 101233] [18.0] [cxt 0] Transmitting packet of size 90 out of port 0
[09:11:53.761] [bmv2] [D] [thread 101228] [19.0] [cxt 0] Processing packet received on port 2
[09:11:53.761] [bmv2] [D] [thread 101228] [19.0] [cxt 0] Parser 'parser': start
[09:11:53.761] [bmv2] [D] [thread 101228] [19.0] [cxt 0] Parser 'parser' entering state 'start'
[09:11:53.761] [bmv2] [D] [thread 101228] [19.0] [cxt 0] Extracting header 'ethernet'
[09:11:53.761] [bmv2] [D] [thread 101228] [19.0] [cxt 0] Parser state 'start': key is 86dd
[09:11:53.761] [bmv2] [T] [thread 101228] [19.0] [cxt 0] Bytes parsed: 14
[09:11:53.761] [bmv2] [D] [thread 101228] [19.0] [cxt 0] Parser 'parser': end
[09:11:53.761] [bmv2] [D] [thread 101228] [19.0] [cxt 0] Pipeline 'ingress': start
[09:11:53.761] [bmv2] [T] [thread 101228] [19.0] [cxt 0] switch.p4(116) Condition "hdr.ipv4.isValid()" (node_2) is false
[09:11:53.761] [bmv2] [D] [thread 101228] [19.0] [cxt 0] Pipeline 'ingress': end
[09:11:53.761] [bmv2] [D] [thread 101228] [19.0] [cxt 0] Egress port is 0
[09:11:53.761] [bmv2] [D] [thread 101229] [19.0] [cxt 0] Pipeline 'egress': start
[09:11:53.761] [bmv2] [D] [thread 101229] [19.0] [cxt 0] Pipeline 'egress': end
[09:11:53.761] [bmv2] [D] [thread 101229] [19.0] [cxt 0] Deparser 'deparser': start
[09:11:53.761] [bmv2] [T] [thread 101229] [19.0] [cxt 0] Skipping checksum 'cksum' update because condition not met
[09:11:53.761] [bmv2] [D] [thread 101229] [19.0] [cxt 0] Deparsing header 'ethernet'
[09:11:53.761] [bmv2] [D] [thread 101229] [19.0] [cxt 0] Deparser 'deparser': end
[09:11:53.761] [bmv2] [D] [thread 101233] [19.0] [cxt 0] Transmitting packet of size 110 out of port 0
[09:11:53.827] [bmv2] [D] [thread 101228] [20.0] [cxt 0] Processing packet received on port 1
[09:11:53.827] [bmv2] [D] [thread 101228] [20.0] [cxt 0] Parser 'parser': start
[09:11:53.827] [bmv2] [D] [thread 101228] [20.0] [cxt 0] Parser 'parser' entering state 'start'
[09:11:53.827] [bmv2] [D] [thread 101228] [20.0] [cxt 0] Extracting header 'ethernet'
[09:11:53.827] [bmv2] [D] [thread 101228] [20.0] [cxt 0] Parser state 'start': key is 86dd
[09:11:53.828] [bmv2] [T] [thread 101228] [20.0] [cxt 0] Bytes parsed: 14
[09:11:53.828] [bmv2] [D] [thread 101228] [20.0] [cxt 0] Parser 'parser': end
[09:11:53.828] [bmv2] [D] [thread 101228] [20.0] [cxt 0] Pipeline 'ingress': start
[09:11:53.828] [bmv2] [T] [thread 101228] [20.0] [cxt 0] switch.p4(116) Condition "hdr.ipv4.isValid()" (node_2) is false
[09:11:53.828] [bmv2] [D] [thread 101228] [20.0] [cxt 0] Pipeline 'ingress': end
[09:11:53.828] [bmv2] [D] [thread 101228] [20.0] [cxt 0] Egress port is 0
[09:11:53.828] [bmv2] [D] [thread 101228] [21.0] [cxt 0] Processing packet received on port 2
[09:11:53.828] [bmv2] [D] [thread 101228] [21.0] [cxt 0] Parser 'parser': start
[09:11:53.828] [bmv2] [D] [thread 101228] [21.0] [cxt 0] Parser 'parser' entering state 'start'
[09:11:53.828] [bmv2] [D] [thread 101228] [21.0] [cxt 0] Extracting header 'ethernet'
[09:11:53.828] [bmv2] [D] [thread 101228] [21.0] [cxt 0] Parser state 'start': key is 86dd
[09:11:53.828] [bmv2] [T] [thread 101228] [21.0] [cxt 0] Bytes parsed: 14
[09:11:53.828] [bmv2] [D] [thread 101228] [21.0] [cxt 0] Parser 'parser': end
[09:11:53.828] [bmv2] [D] [thread 101228] [21.0] [cxt 0] Pipeline 'ingress': start
[09:11:53.828] [bmv2] [T] [thread 101228] [21.0] [cxt 0] switch.p4(116) Condition "hdr.ipv4.isValid()" (node_2) is false
[09:11:53.828] [bmv2] [D] [thread 101228] [21.0] [cxt 0] Pipeline 'ingress': end
[09:11:53.828] [bmv2] [D] [thread 101228] [21.0] [cxt 0] Egress port is 0
[09:11:53.829] [bmv2] [D] [thread 101229] [20.0] [cxt 0] Pipeline 'egress': start
[09:11:53.829] [bmv2] [D] [thread 101229] [20.0] [cxt 0] Pipeline 'egress': end
[09:11:53.829] [bmv2] [D] [thread 101229] [20.0] [cxt 0] Deparser 'deparser': start
[09:11:53.829] [bmv2] [T] [thread 101229] [20.0] [cxt 0] Skipping checksum 'cksum' update because condition not met
[09:11:53.829] [bmv2] [D] [thread 101229] [20.0] [cxt 0] Deparsing header 'ethernet'
[09:11:53.829] [bmv2] [D] [thread 101229] [20.0] [cxt 0] Deparser 'deparser': end
[09:11:53.829] [bmv2] [D] [thread 101229] [21.0] [cxt 0] Pipeline 'egress': start
[09:11:53.829] [bmv2] [D] [thread 101229] [21.0] [cxt 0] Pipeline 'egress': end
[09:11:53.829] [bmv2] [D] [thread 101229] [21.0] [cxt 0] Deparser 'deparser': start
[09:11:53.829] [bmv2] [T] [thread 101229] [21.0] [cxt 0] Skipping checksum 'cksum' update because condition not met
[09:11:53.829] [bmv2] [D] [thread 101229] [21.0] [cxt 0] Deparsing header 'ethernet'
[09:11:53.829] [bmv2] [D] [thread 101233] [20.0] [cxt 0] Transmitting packet of size 203 out of port 0
[09:11:53.829] [bmv2] [D] [thread 101229] [21.0] [cxt 0] Deparser 'deparser': end
[09:11:53.829] [bmv2] [D] [thread 101233] [21.0] [cxt 0] Transmitting packet of size 203 out of port 0
[09:11:53.870] [bmv2] [D] [thread 101228] [22.0] [cxt 0] Processing packet received on port 1
[09:11:53.870] [bmv2] [D] [thread 101228] [22.0] [cxt 0] Parser 'parser': start
[09:11:53.870] [bmv2] [D] [thread 101228] [22.0] [cxt 0] Parser 'parser' entering state 'start'
[09:11:53.870] [bmv2] [D] [thread 101228] [22.0] [cxt 0] Extracting header 'ethernet'
[09:11:53.870] [bmv2] [D] [thread 101228] [22.0] [cxt 0] Parser state 'start': key is 86dd
[09:11:53.870] [bmv2] [T] [thread 101228] [22.0] [cxt 0] Bytes parsed: 14
[09:11:53.870] [bmv2] [D] [thread 101228] [22.0] [cxt 0] Parser 'parser': end
[09:11:53.870] [bmv2] [D] [thread 101228] [22.0] [cxt 0] Pipeline 'ingress': start
[09:11:53.870] [bmv2] [T] [thread 101228] [22.0] [cxt 0] switch.p4(116) Condition "hdr.ipv4.isValid()" (node_2) is false
[09:11:53.870] [bmv2] [D] [thread 101228] [22.0] [cxt 0] Pipeline 'ingress': end
[09:11:53.870] [bmv2] [D] [thread 101228] [22.0] [cxt 0] Egress port is 0
[09:11:53.870] [bmv2] [D] [thread 101228] [23.0] [cxt 0] Processing packet received on port 2
[09:11:53.870] [bmv2] [D] [thread 101228] [23.0] [cxt 0] Parser 'parser': start
[09:11:53.870] [bmv2] [D] [thread 101228] [23.0] [cxt 0] Parser 'parser' entering state 'start'
[09:11:53.870] [bmv2] [D] [thread 101228] [23.0] [cxt 0] Extracting header 'ethernet'
[09:11:53.870] [bmv2] [D] [thread 101228] [23.0] [cxt 0] Parser state 'start': key is 86dd
[09:11:53.870] [bmv2] [T] [thread 101228] [23.0] [cxt 0] Bytes parsed: 14
[09:11:53.870] [bmv2] [D] [thread 101228] [23.0] [cxt 0] Parser 'parser': end
[09:11:53.871] [bmv2] [D] [thread 101228] [23.0] [cxt 0] Pipeline 'ingress': start
[09:11:53.871] [bmv2] [T] [thread 101228] [23.0] [cxt 0] switch.p4(116) Condition "hdr.ipv4.isValid()" (node_2) is false
[09:11:53.871] [bmv2] [D] [thread 101228] [23.0] [cxt 0] Pipeline 'ingress': end
[09:11:53.871] [bmv2] [D] [thread 101228] [23.0] [cxt 0] Egress port is 0
[09:11:53.871] [bmv2] [D] [thread 101229] [22.0] [cxt 0] Pipeline 'egress': start
[09:11:53.871] [bmv2] [D] [thread 101229] [22.0] [cxt 0] Pipeline 'egress': end
[09:11:53.871] [bmv2] [D] [thread 101229] [22.0] [cxt 0] Deparser 'deparser': start
[09:11:53.871] [bmv2] [T] [thread 101229] [22.0] [cxt 0] Skipping checksum 'cksum' update because condition not met
[09:11:53.871] [bmv2] [D] [thread 101229] [22.0] [cxt 0] Deparsing header 'ethernet'
[09:11:53.871] [bmv2] [D] [thread 101229] [22.0] [cxt 0] Deparser 'deparser': end
[09:11:53.871] [bmv2] [D] [thread 101229] [23.0] [cxt 0] Pipeline 'egress': start
[09:11:53.871] [bmv2] [D] [thread 101229] [23.0] [cxt 0] Pipeline 'egress': end
[09:11:53.871] [bmv2] [D] [thread 101229] [23.0] [cxt 0] Deparser 'deparser': start
[09:11:53.871] [bmv2] [T] [thread 101229] [23.0] [cxt 0] Skipping checksum 'cksum' update because condition not met
[09:11:53.871] [bmv2] [D] [thread 101229] [23.0] [cxt 0] Deparsing header 'ethernet'
[09:11:53.871] [bmv2] [D] [thread 101233] [22.0] [cxt 0] Transmitting packet of size 211 out of port 0
[09:11:53.871] [bmv2] [D] [thread 101229] [23.0] [cxt 0] Deparser 'deparser': end
[09:11:53.871] [bmv2] [D] [thread 101233] [23.0] [cxt 0] Transmitting packet of size 211 out of port 0
[09:11:54.033] [bmv2] [D] [thread 101228] [24.0] [cxt 0] Processing packet received on port 1
[09:11:54.033] [bmv2] [D] [thread 101228] [24.0] [cxt 0] Parser 'parser': start
[09:11:54.033] [bmv2] [D] [thread 101228] [24.0] [cxt 0] Parser 'parser' entering state 'start'
[09:11:54.033] [bmv2] [D] [thread 101228] [24.0] [cxt 0] Extracting header 'ethernet'
[09:11:54.033] [bmv2] [D] [thread 101228] [24.0] [cxt 0] Parser state 'start': key is 86dd
[09:11:54.033] [bmv2] [T] [thread 101228] [24.0] [cxt 0] Bytes parsed: 14
[09:11:54.033] [bmv2] [D] [thread 101228] [24.0] [cxt 0] Parser 'parser': end
[09:11:54.033] [bmv2] [D] [thread 101228] [24.0] [cxt 0] Pipeline 'ingress': start
[09:11:54.033] [bmv2] [T] [thread 101228] [24.0] [cxt 0] switch.p4(116) Condition "hdr.ipv4.isValid()" (node_2) is false
[09:11:54.033] [bmv2] [D] [thread 101228] [24.0] [cxt 0] Pipeline 'ingress': end
[09:11:54.033] [bmv2] [D] [thread 101228] [24.0] [cxt 0] Egress port is 0
[09:11:54.033] [bmv2] [D] [thread 101228] [25.0] [cxt 0] Processing packet received on port 2
[09:11:54.033] [bmv2] [D] [thread 101228] [25.0] [cxt 0] Parser 'parser': start
[09:11:54.033] [bmv2] [D] [thread 101228] [25.0] [cxt 0] Parser 'parser' entering state 'start'
[09:11:54.033] [bmv2] [D] [thread 101228] [25.0] [cxt 0] Extracting header 'ethernet'
[09:11:54.033] [bmv2] [D] [thread 101228] [25.0] [cxt 0] Parser state 'start': key is 86dd
[09:11:54.033] [bmv2] [T] [thread 101228] [25.0] [cxt 0] Bytes parsed: 14
[09:11:54.033] [bmv2] [D] [thread 101228] [25.0] [cxt 0] Parser 'parser': end
[09:11:54.033] [bmv2] [D] [thread 101228] [25.0] [cxt 0] Pipeline 'ingress': start
[09:11:54.033] [bmv2] [T] [thread 101228] [25.0] [cxt 0] switch.p4(116) Condition "hdr.ipv4.isValid()" (node_2) is false
[09:11:54.033] [bmv2] [D] [thread 101228] [25.0] [cxt 0] Pipeline 'ingress': end
[09:11:54.033] [bmv2] [D] [thread 101228] [25.0] [cxt 0] Egress port is 0
[09:11:54.033] [bmv2] [D] [thread 101229] [24.0] [cxt 0] Pipeline 'egress': start
[09:11:54.039] [bmv2] [D] [thread 101229] [24.0] [cxt 0] Pipeline 'egress': end
[09:11:54.040] [bmv2] [D] [thread 101229] [24.0] [cxt 0] Deparser 'deparser': start
[09:11:54.040] [bmv2] [T] [thread 101229] [24.0] [cxt 0] Skipping checksum 'cksum' update because condition not met
[09:11:54.040] [bmv2] [D] [thread 101229] [24.0] [cxt 0] Deparsing header 'ethernet'
[09:11:54.040] [bmv2] [D] [thread 101229] [24.0] [cxt 0] Deparser 'deparser': end
[09:11:54.041] [bmv2] [D] [thread 101233] [24.0] [cxt 0] Transmitting packet of size 211 out of port 0
[09:11:54.041] [bmv2] [D] [thread 101229] [25.0] [cxt 0] Pipeline 'egress': start
[09:11:54.041] [bmv2] [D] [thread 101229] [25.0] [cxt 0] Pipeline 'egress': end
[09:11:54.041] [bmv2] [D] [thread 101229] [25.0] [cxt 0] Deparser 'deparser': start
[09:11:54.041] [bmv2] [T] [thread 101229] [25.0] [cxt 0] Skipping checksum 'cksum' update because condition not met
[09:11:54.041] [bmv2] [D] [thread 101229] [25.0] [cxt 0] Deparsing header 'ethernet'
[09:11:54.041] [bmv2] [D] [thread 101229] [25.0] [cxt 0] Deparser 'deparser': end
[09:11:54.042] [bmv2] [D] [thread 101233] [25.0] [cxt 0] Transmitting packet of size 211 out of port 0
[09:11:54.141] [bmv2] [D] [thread 101228] [26.0] [cxt 0] Processing packet received on port 1
[09:11:54.141] [bmv2] [D] [thread 101228] [26.0] [cxt 0] Parser 'parser': start
[09:11:54.141] [bmv2] [D] [thread 101228] [26.0] [cxt 0] Parser 'parser' entering state 'start'
[09:11:54.141] [bmv2] [D] [thread 101228] [26.0] [cxt 0] Extracting header 'ethernet'
[09:11:54.141] [bmv2] [D] [thread 101228] [26.0] [cxt 0] Parser state 'start': key is 86dd
[09:11:54.141] [bmv2] [T] [thread 101228] [26.0] [cxt 0] Bytes parsed: 14
[09:11:54.141] [bmv2] [D] [thread 101228] [26.0] [cxt 0] Parser 'parser': end
[09:11:54.141] [bmv2] [D] [thread 101228] [26.0] [cxt 0] Pipeline 'ingress': start
[09:11:54.141] [bmv2] [T] [thread 101228] [26.0] [cxt 0] switch.p4(116) Condition "hdr.ipv4.isValid()" (node_2) is false
[09:11:54.141] [bmv2] [D] [thread 101228] [26.0] [cxt 0] Pipeline 'ingress': end
[09:11:54.141] [bmv2] [D] [thread 101228] [26.0] [cxt 0] Egress port is 0
[09:11:54.141] [bmv2] [D] [thread 101228] [27.0] [cxt 0] Processing packet received on port 1
[09:11:54.141] [bmv2] [D] [thread 101228] [27.0] [cxt 0] Parser 'parser': start
[09:11:54.141] [bmv2] [D] [thread 101228] [27.0] [cxt 0] Parser 'parser' entering state 'start'
[09:11:54.141] [bmv2] [D] [thread 101228] [27.0] [cxt 0] Extracting header 'ethernet'
[09:11:54.141] [bmv2] [D] [thread 101228] [27.0] [cxt 0] Parser state 'start': key is 86dd
[09:11:54.141] [bmv2] [T] [thread 101228] [27.0] [cxt 0] Bytes parsed: 14
[09:11:54.141] [bmv2] [D] [thread 101228] [27.0] [cxt 0] Parser 'parser': end
[09:11:54.141] [bmv2] [D] [thread 101228] [27.0] [cxt 0] Pipeline 'ingress': start
[09:11:54.141] [bmv2] [T] [thread 101228] [27.0] [cxt 0] switch.p4(116) Condition "hdr.ipv4.isValid()" (node_2) is false
[09:11:54.141] [bmv2] [D] [thread 101228] [27.0] [cxt 0] Pipeline 'ingress': end
[09:11:54.141] [bmv2] [D] [thread 101228] [27.0] [cxt 0] Egress port is 0
[09:11:54.141] [bmv2] [D] [thread 101229] [26.0] [cxt 0] Pipeline 'egress': start
[09:11:54.153] [bmv2] [D] [thread 101229] [26.0] [cxt 0] Pipeline 'egress': end
[09:11:54.153] [bmv2] [D] [thread 101229] [26.0] [cxt 0] Deparser 'deparser': start
[09:11:54.153] [bmv2] [T] [thread 101229] [26.0] [cxt 0] Skipping checksum 'cksum' update because condition not met
[09:11:54.153] [bmv2] [D] [thread 101229] [26.0] [cxt 0] Deparsing header 'ethernet'
[09:11:54.153] [bmv2] [D] [thread 101229] [26.0] [cxt 0] Deparser 'deparser': end
[09:11:54.153] [bmv2] [D] [thread 101229] [27.0] [cxt 0] Pipeline 'egress': start
[09:11:54.153] [bmv2] [D] [thread 101229] [27.0] [cxt 0] Pipeline 'egress': end
[09:11:54.153] [bmv2] [D] [thread 101229] [27.0] [cxt 0] Deparser 'deparser': start
[09:11:54.153] [bmv2] [T] [thread 101229] [27.0] [cxt 0] Skipping checksum 'cksum' update because condition not met
[09:11:54.153] [bmv2] [D] [thread 101229] [27.0] [cxt 0] Deparsing header 'ethernet'
[09:11:54.153] [bmv2] [D] [thread 101229] [27.0] [cxt 0] Deparser 'deparser': end
[09:11:54.153] [bmv2] [D] [thread 101233] [26.0] [cxt 0] Transmitting packet of size 110 out of port 0
[09:11:54.153] [bmv2] [D] [thread 101233] [27.0] [cxt 0] Transmitting packet of size 110 out of port 0
[09:11:54.194] [bmv2] [D] [thread 101228] [28.0] [cxt 0] Processing packet received on port 1
[09:11:54.194] [bmv2] [D] [thread 101228] [28.0] [cxt 0] Parser 'parser': start
[09:11:54.194] [bmv2] [D] [thread 101228] [28.0] [cxt 0] Parser 'parser' entering state 'start'
[09:11:54.194] [bmv2] [D] [thread 101228] [28.0] [cxt 0] Extracting header 'ethernet'
[09:11:54.194] [bmv2] [D] [thread 101228] [28.0] [cxt 0] Parser state 'start': key is 86dd
[09:11:54.194] [bmv2] [T] [thread 101228] [28.0] [cxt 0] Bytes parsed: 14
[09:11:54.194] [bmv2] [D] [thread 101228] [28.0] [cxt 0] Parser 'parser': end
[09:11:54.194] [bmv2] [D] [thread 101228] [28.0] [cxt 0] Pipeline 'ingress': start
[09:11:54.194] [bmv2] [T] [thread 101228] [28.0] [cxt 0] switch.p4(116) Condition "hdr.ipv4.isValid()" (node_2) is false
[09:11:54.194] [bmv2] [D] [thread 101228] [28.0] [cxt 0] Pipeline 'ingress': end
[09:11:54.194] [bmv2] [D] [thread 101228] [28.0] [cxt 0] Egress port is 0
[09:11:54.194] [bmv2] [D] [thread 101228] [29.0] [cxt 0] Processing packet received on port 2
[09:11:54.194] [bmv2] [D] [thread 101228] [29.0] [cxt 0] Parser 'parser': start
[09:11:54.194] [bmv2] [D] [thread 101228] [29.0] [cxt 0] Parser 'parser' entering state 'start'
[09:11:54.194] [bmv2] [D] [thread 101228] [29.0] [cxt 0] Extracting header 'ethernet'
[09:11:54.194] [bmv2] [D] [thread 101228] [29.0] [cxt 0] Parser state 'start': key is 86dd
[09:11:54.194] [bmv2] [T] [thread 101228] [29.0] [cxt 0] Bytes parsed: 14
[09:11:54.194] [bmv2] [D] [thread 101228] [29.0] [cxt 0] Parser 'parser': end
[09:11:54.194] [bmv2] [D] [thread 101228] [29.0] [cxt 0] Pipeline 'ingress': start
[09:11:54.194] [bmv2] [T] [thread 101228] [29.0] [cxt 0] switch.p4(116) Condition "hdr.ipv4.isValid()" (node_2) is false
[09:11:54.194] [bmv2] [D] [thread 101228] [29.0] [cxt 0] Pipeline 'ingress': end
[09:11:54.194] [bmv2] [D] [thread 101228] [29.0] [cxt 0] Egress port is 0
[09:11:54.194] [bmv2] [D] [thread 101229] [28.0] [cxt 0] Pipeline 'egress': start
[09:11:54.194] [bmv2] [D] [thread 101229] [28.0] [cxt 0] Pipeline 'egress': end
[09:11:54.194] [bmv2] [D] [thread 101229] [28.0] [cxt 0] Deparser 'deparser': start
[09:11:54.194] [bmv2] [T] [thread 101229] [28.0] [cxt 0] Skipping checksum 'cksum' update because condition not met
[09:11:54.194] [bmv2] [D] [thread 101229] [28.0] [cxt 0] Deparsing header 'ethernet'
[09:11:54.194] [bmv2] [D] [thread 101229] [28.0] [cxt 0] Deparser 'deparser': end
[09:11:54.194] [bmv2] [D] [thread 101229] [29.0] [cxt 0] Pipeline 'egress': start
[09:11:54.194] [bmv2] [D] [thread 101229] [29.0] [cxt 0] Pipeline 'egress': end
[09:11:54.194] [bmv2] [D] [thread 101229] [29.0] [cxt 0] Deparser 'deparser': start
[09:11:54.194] [bmv2] [T] [thread 101229] [29.0] [cxt 0] Skipping checksum 'cksum' update because condition not met
[09:11:54.194] [bmv2] [D] [thread 101229] [29.0] [cxt 0] Deparsing header 'ethernet'
[09:11:54.194] [bmv2] [D] [thread 101229] [29.0] [cxt 0] Deparser 'deparser': end
[09:11:54.194] [bmv2] [D] [thread 101233] [28.0] [cxt 0] Transmitting packet of size 211 out of port 0
[09:11:54.194] [bmv2] [D] [thread 101233] [29.0] [cxt 0] Transmitting packet of size 211 out of port 0
[09:11:54.273] [bmv2] [D] [thread 101228] [30.0] [cxt 0] Processing packet received on port 1
[09:11:54.273] [bmv2] [D] [thread 101228] [30.0] [cxt 0] Parser 'parser': start
[09:11:54.273] [bmv2] [D] [thread 101228] [30.0] [cxt 0] Parser 'parser' entering state 'start'
[09:11:54.273] [bmv2] [D] [thread 101228] [30.0] [cxt 0] Extracting header 'ethernet'
[09:11:54.273] [bmv2] [D] [thread 101228] [30.0] [cxt 0] Parser state 'start': key is 86dd
[09:11:54.273] [bmv2] [T] [thread 101228] [30.0] [cxt 0] Bytes parsed: 14
[09:11:54.273] [bmv2] [D] [thread 101228] [30.0] [cxt 0] Parser 'parser': end
[09:11:54.273] [bmv2] [D] [thread 101228] [30.0] [cxt 0] Pipeline 'ingress': start
[09:11:54.273] [bmv2] [T] [thread 101228] [30.0] [cxt 0] switch.p4(116) Condition "hdr.ipv4.isValid()" (node_2) is false
[09:11:54.273] [bmv2] [D] [thread 101228] [30.0] [cxt 0] Pipeline 'ingress': end
[09:11:54.273] [bmv2] [D] [thread 101228] [30.0] [cxt 0] Egress port is 0
[09:11:54.273] [bmv2] [D] [thread 101229] [30.0] [cxt 0] Pipeline 'egress': start
[09:11:54.273] [bmv2] [D] [thread 101229] [30.0] [cxt 0] Pipeline 'egress': end
[09:11:54.273] [bmv2] [D] [thread 101229] [30.0] [cxt 0] Deparser 'deparser': start
[09:11:54.273] [bmv2] [T] [thread 101229] [30.0] [cxt 0] Skipping checksum 'cksum' update because condition not met
[09:11:54.273] [bmv2] [D] [thread 101229] [30.0] [cxt 0] Deparsing header 'ethernet'
[09:11:54.273] [bmv2] [D] [thread 101229] [30.0] [cxt 0] Deparser 'deparser': end
[09:11:54.273] [bmv2] [D] [thread 101233] [30.0] [cxt 0] Transmitting packet of size 211 out of port 0
[09:11:54.273] [bmv2] [D] [thread 101228] [31.0] [cxt 0] Processing packet received on port 2
[09:11:54.273] [bmv2] [D] [thread 101228] [31.0] [cxt 0] Parser 'parser': start
[09:11:54.274] [bmv2] [D] [thread 101228] [31.0] [cxt 0] Parser 'parser' entering state 'start'
[09:11:54.274] [bmv2] [D] [thread 101228] [31.0] [cxt 0] Extracting header 'ethernet'
[09:11:54.274] [bmv2] [D] [thread 101228] [31.0] [cxt 0] Parser state 'start': key is 86dd
[09:11:54.274] [bmv2] [T] [thread 101228] [31.0] [cxt 0] Bytes parsed: 14
[09:11:54.274] [bmv2] [D] [thread 101228] [31.0] [cxt 0] Parser 'parser': end
[09:11:54.274] [bmv2] [D] [thread 101228] [31.0] [cxt 0] Pipeline 'ingress': start
[09:11:54.275] [bmv2] [T] [thread 101228] [31.0] [cxt 0] switch.p4(116) Condition "hdr.ipv4.isValid()" (node_2) is false
[09:11:54.275] [bmv2] [D] [thread 101228] [31.0] [cxt 0] Pipeline 'ingress': end
[09:11:54.275] [bmv2] [D] [thread 101228] [31.0] [cxt 0] Egress port is 0
[09:11:54.276] [bmv2] [D] [thread 101229] [31.0] [cxt 0] Pipeline 'egress': start
[09:11:54.276] [bmv2] [D] [thread 101229] [31.0] [cxt 0] Pipeline 'egress': end
[09:11:54.276] [bmv2] [D] [thread 101229] [31.0] [cxt 0] Deparser 'deparser': start
[09:11:54.276] [bmv2] [T] [thread 101229] [31.0] [cxt 0] Skipping checksum 'cksum' update because condition not met
[09:11:54.277] [bmv2] [D] [thread 101229] [31.0] [cxt 0] Deparsing header 'ethernet'
[09:11:54.277] [bmv2] [D] [thread 101229] [31.0] [cxt 0] Deparser 'deparser': end
[09:11:54.278] [bmv2] [D] [thread 101233] [31.0] [cxt 0] Transmitting packet of size 211 out of port 0
[09:11:54.360] [bmv2] [D] [thread 101228] [32.0] [cxt 0] Processing packet received on port 2
[09:11:54.360] [bmv2] [D] [thread 101228] [32.0] [cxt 0] Parser 'parser': start
[09:11:54.360] [bmv2] [D] [thread 101228] [32.0] [cxt 0] Parser 'parser' entering state 'start'
[09:11:54.360] [bmv2] [D] [thread 101228] [32.0] [cxt 0] Extracting header 'ethernet'
[09:11:54.360] [bmv2] [D] [thread 101228] [32.0] [cxt 0] Parser state 'start': key is 86dd
[09:11:54.360] [bmv2] [T] [thread 101228] [32.0] [cxt 0] Bytes parsed: 14
[09:11:54.360] [bmv2] [D] [thread 101228] [32.0] [cxt 0] Parser 'parser': end
[09:11:54.360] [bmv2] [D] [thread 101228] [32.0] [cxt 0] Pipeline 'ingress': start
[09:11:54.360] [bmv2] [T] [thread 101228] [32.0] [cxt 0] switch.p4(116) Condition "hdr.ipv4.isValid()" (node_2) is false
[09:11:54.360] [bmv2] [D] [thread 101228] [32.0] [cxt 0] Pipeline 'ingress': end
[09:11:54.360] [bmv2] [D] [thread 101228] [32.0] [cxt 0] Egress port is 0
[09:11:54.360] [bmv2] [D] [thread 101228] [33.0] [cxt 0] Processing packet received on port 1
[09:11:54.360] [bmv2] [D] [thread 101228] [33.0] [cxt 0] Parser 'parser': start
[09:11:54.360] [bmv2] [D] [thread 101228] [33.0] [cxt 0] Parser 'parser' entering state 'start'
[09:11:54.360] [bmv2] [D] [thread 101228] [33.0] [cxt 0] Extracting header 'ethernet'
[09:11:54.360] [bmv2] [D] [thread 101228] [33.0] [cxt 0] Parser state 'start': key is 86dd
[09:11:54.360] [bmv2] [T] [thread 101228] [33.0] [cxt 0] Bytes parsed: 14
[09:11:54.360] [bmv2] [D] [thread 101228] [33.0] [cxt 0] Parser 'parser': end
[09:11:54.360] [bmv2] [D] [thread 101228] [33.0] [cxt 0] Pipeline 'ingress': start
[09:11:54.360] [bmv2] [T] [thread 101228] [33.0] [cxt 0] switch.p4(116) Condition "hdr.ipv4.isValid()" (node_2) is false
[09:11:54.360] [bmv2] [D] [thread 101228] [33.0] [cxt 0] Pipeline 'ingress': end
[09:11:54.360] [bmv2] [D] [thread 101228] [33.0] [cxt 0] Egress port is 0
[09:11:54.360] [bmv2] [D] [thread 101228] [34.0] [cxt 0] Processing packet received on port 2
[09:11:54.360] [bmv2] [D] [thread 101228] [34.0] [cxt 0] Parser 'parser': start
[09:11:54.360] [bmv2] [D] [thread 101228] [34.0] [cxt 0] Parser 'parser' entering state 'start'
[09:11:54.360] [bmv2] [D] [thread 101228] [34.0] [cxt 0] Extracting header 'ethernet'
[09:11:54.360] [bmv2] [D] [thread 101228] [34.0] [cxt 0] Parser state 'start': key is 86dd
[09:11:54.360] [bmv2] [T] [thread 101228] [34.0] [cxt 0] Bytes parsed: 14
[09:11:54.360] [bmv2] [D] [thread 101228] [34.0] [cxt 0] Parser 'parser': end
[09:11:54.360] [bmv2] [D] [thread 101228] [34.0] [cxt 0] Pipeline 'ingress': start
[09:11:54.360] [bmv2] [T] [thread 101228] [34.0] [cxt 0] switch.p4(116) Condition "hdr.ipv4.isValid()" (node_2) is false
[09:11:54.360] [bmv2] [D] [thread 101228] [34.0] [cxt 0] Pipeline 'ingress': end
[09:11:54.360] [bmv2] [D] [thread 101228] [34.0] [cxt 0] Egress port is 0
[09:11:54.360] [bmv2] [D] [thread 101229] [32.0] [cxt 0] Pipeline 'egress': start
[09:11:54.360] [bmv2] [D] [thread 101229] [32.0] [cxt 0] Pipeline 'egress': end
[09:11:54.360] [bmv2] [D] [thread 101229] [32.0] [cxt 0] Deparser 'deparser': start
[09:11:54.360] [bmv2] [T] [thread 101229] [32.0] [cxt 0] Skipping checksum 'cksum' update because condition not met
[09:11:54.360] [bmv2] [D] [thread 101229] [32.0] [cxt 0] Deparsing header 'ethernet'
[09:11:54.360] [bmv2] [D] [thread 101229] [32.0] [cxt 0] Deparser 'deparser': end
[09:11:54.360] [bmv2] [D] [thread 101229] [33.0] [cxt 0] Pipeline 'egress': start
[09:11:54.360] [bmv2] [D] [thread 101229] [33.0] [cxt 0] Pipeline 'egress': end
[09:11:54.360] [bmv2] [D] [thread 101229] [33.0] [cxt 0] Deparser 'deparser': start
[09:11:54.360] [bmv2] [T] [thread 101229] [33.0] [cxt 0] Skipping checksum 'cksum' update because condition not met
[09:11:54.360] [bmv2] [D] [thread 101229] [33.0] [cxt 0] Deparsing header 'ethernet'
[09:11:54.360] [bmv2] [D] [thread 101229] [33.0] [cxt 0] Deparser 'deparser': end
[09:11:54.360] [bmv2] [D] [thread 101229] [34.0] [cxt 0] Pipeline 'egress': start
[09:11:54.360] [bmv2] [D] [thread 101229] [34.0] [cxt 0] Pipeline 'egress': end
[09:11:54.360] [bmv2] [D] [thread 101229] [34.0] [cxt 0] Deparser 'deparser': start
[09:11:54.360] [bmv2] [T] [thread 101229] [34.0] [cxt 0] Skipping checksum 'cksum' update because condition not met
[09:11:54.360] [bmv2] [D] [thread 101229] [34.0] [cxt 0] Deparsing header 'ethernet'
[09:11:54.360] [bmv2] [D] [thread 101229] [34.0] [cxt 0] Deparser 'deparser': end
[09:11:54.360] [bmv2] [D] [thread 101233] [32.0] [cxt 0] Transmitting packet of size 110 out of port 0
[09:11:54.360] [bmv2] [D] [thread 101233] [33.0] [cxt 0] Transmitting packet of size 90 out of port 0
[09:11:54.360] [bmv2] [D] [thread 101233] [34.0] [cxt 0] Transmitting packet of size 90 out of port 0
[09:11:54.391] [bmv2] [D] [thread 101228] [35.0] [cxt 0] Processing packet received on port 2
[09:11:54.391] [bmv2] [D] [thread 101228] [35.0] [cxt 0] Parser 'parser': start
[09:11:54.391] [bmv2] [D] [thread 101228] [35.0] [cxt 0] Parser 'parser' entering state 'start'
[09:11:54.391] [bmv2] [D] [thread 101228] [35.0] [cxt 0] Extracting header 'ethernet'
[09:11:54.391] [bmv2] [D] [thread 101228] [35.0] [cxt 0] Parser state 'start': key is 86dd
[09:11:54.391] [bmv2] [T] [thread 101228] [35.0] [cxt 0] Bytes parsed: 14
[09:11:54.391] [bmv2] [D] [thread 101228] [35.0] [cxt 0] Parser 'parser': end
[09:11:54.391] [bmv2] [D] [thread 101228] [35.0] [cxt 0] Pipeline 'ingress': start
[09:11:54.391] [bmv2] [T] [thread 101228] [35.0] [cxt 0] switch.p4(116) Condition "hdr.ipv4.isValid()" (node_2) is false
[09:11:54.391] [bmv2] [D] [thread 101228] [35.0] [cxt 0] Pipeline 'ingress': end
[09:11:54.391] [bmv2] [D] [thread 101228] [35.0] [cxt 0] Egress port is 0
[09:11:54.391] [bmv2] [D] [thread 101229] [35.0] [cxt 0] Pipeline 'egress': start
[09:11:54.391] [bmv2] [D] [thread 101229] [35.0] [cxt 0] Pipeline 'egress': end
[09:11:54.391] [bmv2] [D] [thread 101229] [35.0] [cxt 0] Deparser 'deparser': start
[09:11:54.391] [bmv2] [T] [thread 101229] [35.0] [cxt 0] Skipping checksum 'cksum' update because condition not met
[09:11:54.391] [bmv2] [D] [thread 101229] [35.0] [cxt 0] Deparsing header 'ethernet'
[09:11:54.391] [bmv2] [D] [thread 101229] [35.0] [cxt 0] Deparser 'deparser': end
[09:11:54.391] [bmv2] [D] [thread 101233] [35.0] [cxt 0] Transmitting packet of size 199 out of port 0
[09:11:54.510] [bmv2] [D] [thread 101228] [36.0] [cxt 0] Processing packet received on port 1
[09:11:54.510] [bmv2] [D] [thread 101228] [36.0] [cxt 0] Parser 'parser': start
[09:11:54.510] [bmv2] [D] [thread 101228] [36.0] [cxt 0] Parser 'parser' entering state 'start'
[09:11:54.510] [bmv2] [D] [thread 101228] [36.0] [cxt 0] Extracting header 'ethernet'
[09:11:54.510] [bmv2] [D] [thread 101228] [36.0] [cxt 0] Parser state 'start': key is 86dd
[09:11:54.510] [bmv2] [T] [thread 101228] [36.0] [cxt 0] Bytes parsed: 14
[09:11:54.510] [bmv2] [D] [thread 101228] [36.0] [cxt 0] Parser 'parser': end
[09:11:54.510] [bmv2] [D] [thread 101228] [36.0] [cxt 0] Pipeline 'ingress': start
[09:11:54.510] [bmv2] [T] [thread 101228] [36.0] [cxt 0] switch.p4(116) Condition "hdr.ipv4.isValid()" (node_2) is false
[09:11:54.510] [bmv2] [D] [thread 101228] [36.0] [cxt 0] Pipeline 'ingress': end
[09:11:54.510] [bmv2] [D] [thread 101228] [36.0] [cxt 0] Egress port is 0
[09:11:54.510] [bmv2] [D] [thread 101229] [36.0] [cxt 0] Pipeline 'egress': start
[09:11:54.510] [bmv2] [D] [thread 101229] [36.0] [cxt 0] Pipeline 'egress': end
[09:11:54.510] [bmv2] [D] [thread 101229] [36.0] [cxt 0] Deparser 'deparser': start
[09:11:54.510] [bmv2] [T] [thread 101229] [36.0] [cxt 0] Skipping checksum 'cksum' update because condition not met
[09:11:54.510] [bmv2] [D] [thread 101229] [36.0] [cxt 0] Deparsing header 'ethernet'
[09:11:54.510] [bmv2] [D] [thread 101229] [36.0] [cxt 0] Deparser 'deparser': end
[09:11:54.510] [bmv2] [D] [thread 101233] [36.0] [cxt 0] Transmitting packet of size 211 out of port 0
[09:11:54.510] [bmv2] [D] [thread 101228] [37.0] [cxt 0] Processing packet received on port 2
[09:11:54.510] [bmv2] [D] [thread 101228] [37.0] [cxt 0] Parser 'parser': start
[09:11:54.510] [bmv2] [D] [thread 101228] [37.0] [cxt 0] Parser 'parser' entering state 'start'
[09:11:54.510] [bmv2] [D] [thread 101228] [37.0] [cxt 0] Extracting header 'ethernet'
[09:11:54.510] [bmv2] [D] [thread 101228] [37.0] [cxt 0] Parser state 'start': key is 86dd
[09:11:54.510] [bmv2] [T] [thread 101228] [37.0] [cxt 0] Bytes parsed: 14
[09:11:54.510] [bmv2] [D] [thread 101228] [37.0] [cxt 0] Parser 'parser': end
[09:11:54.510] [bmv2] [D] [thread 101228] [37.0] [cxt 0] Pipeline 'ingress': start
[09:11:54.510] [bmv2] [T] [thread 101228] [37.0] [cxt 0] switch.p4(116) Condition "hdr.ipv4.isValid()" (node_2) is false
[09:11:54.510] [bmv2] [D] [thread 101228] [37.0] [cxt 0] Pipeline 'ingress': end
[09:11:54.510] [bmv2] [D] [thread 101228] [37.0] [cxt 0] Egress port is 0
[09:11:54.510] [bmv2] [D] [thread 101229] [37.0] [cxt 0] Pipeline 'egress': start
[09:11:54.510] [bmv2] [D] [thread 101229] [37.0] [cxt 0] Pipeline 'egress': end
[09:11:54.510] [bmv2] [D] [thread 101229] [37.0] [cxt 0] Deparser 'deparser': start
[09:11:54.510] [bmv2] [T] [thread 101229] [37.0] [cxt 0] Skipping checksum 'cksum' update because condition not met
[09:11:54.510] [bmv2] [D] [thread 101229] [37.0] [cxt 0] Deparsing header 'ethernet'
[09:11:54.510] [bmv2] [D] [thread 101229] [37.0] [cxt 0] Deparser 'deparser': end
[09:11:54.510] [bmv2] [D] [thread 101233] [37.0] [cxt 0] Transmitting packet of size 203 out of port 0
[09:11:54.550] [bmv2] [D] [thread 101228] [38.0] [cxt 0] Processing packet received on port 1
[09:11:54.550] [bmv2] [D] [thread 101228] [38.0] [cxt 0] Parser 'parser': start
[09:11:54.550] [bmv2] [D] [thread 101228] [38.0] [cxt 0] Parser 'parser' entering state 'start'
[09:11:54.550] [bmv2] [D] [thread 101228] [38.0] [cxt 0] Extracting header 'ethernet'
[09:11:54.550] [bmv2] [D] [thread 101228] [38.0] [cxt 0] Parser state 'start': key is 86dd
[09:11:54.550] [bmv2] [T] [thread 101228] [38.0] [cxt 0] Bytes parsed: 14
[09:11:54.550] [bmv2] [D] [thread 101228] [38.0] [cxt 0] Parser 'parser': end
[09:11:54.550] [bmv2] [D] [thread 101228] [38.0] [cxt 0] Pipeline 'ingress': start
[09:11:54.550] [bmv2] [T] [thread 101228] [38.0] [cxt 0] switch.p4(116) Condition "hdr.ipv4.isValid()" (node_2) is false
[09:11:54.550] [bmv2] [D] [thread 101228] [38.0] [cxt 0] Pipeline 'ingress': end
[09:11:54.550] [bmv2] [D] [thread 101228] [38.0] [cxt 0] Egress port is 0
[09:11:54.550] [bmv2] [D] [thread 101228] [39.0] [cxt 0] Processing packet received on port 2
[09:11:54.550] [bmv2] [D] [thread 101228] [39.0] [cxt 0] Parser 'parser': start
[09:11:54.550] [bmv2] [D] [thread 101228] [39.0] [cxt 0] Parser 'parser' entering state 'start'
[09:11:54.550] [bmv2] [D] [thread 101228] [39.0] [cxt 0] Extracting header 'ethernet'
[09:11:54.550] [bmv2] [D] [thread 101228] [39.0] [cxt 0] Parser state 'start': key is 86dd
[09:11:54.550] [bmv2] [T] [thread 101228] [39.0] [cxt 0] Bytes parsed: 14
[09:11:54.550] [bmv2] [D] [thread 101228] [39.0] [cxt 0] Parser 'parser': end
[09:11:54.550] [bmv2] [D] [thread 101228] [39.0] [cxt 0] Pipeline 'ingress': start
[09:11:54.550] [bmv2] [T] [thread 101228] [39.0] [cxt 0] switch.p4(116) Condition "hdr.ipv4.isValid()" (node_2) is false
[09:11:54.557] [bmv2] [D] [thread 101229] [38.0] [cxt 0] Pipeline 'egress': start
[09:11:54.557] [bmv2] [D] [thread 101229] [38.0] [cxt 0] Pipeline 'egress': end
[09:11:54.557] [bmv2] [D] [thread 101229] [38.0] [cxt 0] Deparser 'deparser': start
[09:11:54.557] [bmv2] [T] [thread 101229] [38.0] [cxt 0] Skipping checksum 'cksum' update because condition not met
[09:11:54.557] [bmv2] [D] [thread 101229] [38.0] [cxt 0] Deparsing header 'ethernet'
[09:11:54.557] [bmv2] [D] [thread 101229] [38.0] [cxt 0] Deparser 'deparser': end
[09:11:54.557] [bmv2] [D] [thread 101233] [38.0] [cxt 0] Transmitting packet of size 211 out of port 0
[09:11:54.557] [bmv2] [D] [thread 101228] [39.0] [cxt 0] Pipeline 'ingress': end
[09:11:54.557] [bmv2] [D] [thread 101228] [39.0] [cxt 0] Egress port is 0
[09:11:54.557] [bmv2] [D] [thread 101229] [39.0] [cxt 0] Pipeline 'egress': start
[09:11:54.557] [bmv2] [D] [thread 101229] [39.0] [cxt 0] Pipeline 'egress': end
[09:11:54.557] [bmv2] [D] [thread 101229] [39.0] [cxt 0] Deparser 'deparser': start
[09:11:54.557] [bmv2] [T] [thread 101229] [39.0] [cxt 0] Skipping checksum 'cksum' update because condition not met
[09:11:54.557] [bmv2] [D] [thread 101229] [39.0] [cxt 0] Deparsing header 'ethernet'
[09:11:54.557] [bmv2] [D] [thread 101229] [39.0] [cxt 0] Deparser 'deparser': end
[09:11:54.557] [bmv2] [D] [thread 101233] [39.0] [cxt 0] Transmitting packet of size 211 out of port 0
[09:11:54.557] [bmv2] [D] [thread 101228] [40.0] [cxt 0] Processing packet received on port 1
[09:11:54.557] [bmv2] [D] [thread 101228] [40.0] [cxt 0] Parser 'parser': start
[09:11:54.557] [bmv2] [D] [thread 101228] [40.0] [cxt 0] Parser 'parser' entering state 'start'
[09:11:54.557] [bmv2] [D] [thread 101228] [40.0] [cxt 0] Extracting header 'ethernet'
[09:11:54.557] [bmv2] [D] [thread 101228] [40.0] [cxt 0] Parser state 'start': key is 86dd
[09:11:54.557] [bmv2] [T] [thread 101228] [40.0] [cxt 0] Bytes parsed: 14
[09:11:54.557] [bmv2] [D] [thread 101228] [40.0] [cxt 0] Parser 'parser': end
[09:11:54.557] [bmv2] [D] [thread 101228] [40.0] [cxt 0] Pipeline 'ingress': start
[09:11:54.557] [bmv2] [T] [thread 101228] [40.0] [cxt 0] switch.p4(116) Condition "hdr.ipv4.isValid()" (node_2) is false
[09:11:54.557] [bmv2] [D] [thread 101228] [40.0] [cxt 0] Pipeline 'ingress': end
[09:11:54.557] [bmv2] [D] [thread 101228] [40.0] [cxt 0] Egress port is 0
[09:11:54.557] [bmv2] [D] [thread 101229] [40.0] [cxt 0] Pipeline 'egress': start
[09:11:54.557] [bmv2] [D] [thread 101229] [40.0] [cxt 0] Pipeline 'egress': end
[09:11:54.557] [bmv2] [D] [thread 101229] [40.0] [cxt 0] Deparser 'deparser': start
[09:11:54.557] [bmv2] [T] [thread 101229] [40.0] [cxt 0] Skipping checksum 'cksum' update because condition not met
[09:11:54.557] [bmv2] [D] [thread 101229] [40.0] [cxt 0] Deparsing header 'ethernet'
[09:11:54.557] [bmv2] [D] [thread 101229] [40.0] [cxt 0] Deparser 'deparser': end
[09:11:54.557] [bmv2] [D] [thread 101233] [40.0] [cxt 0] Transmitting packet of size 90 out of port 0
[09:11:54.647] [bmv2] [D] [thread 101228] [41.0] [cxt 0] Processing packet received on port 1
[09:11:54.647] [bmv2] [D] [thread 101228] [41.0] [cxt 0] Parser 'parser': start
[09:11:54.647] [bmv2] [D] [thread 101228] [41.0] [cxt 0] Parser 'parser' entering state 'start'
[09:11:54.647] [bmv2] [D] [thread 101228] [41.0] [cxt 0] Extracting header 'ethernet'
[09:11:54.647] [bmv2] [D] [thread 101228] [41.0] [cxt 0] Parser state 'start': key is 86dd
[09:11:54.647] [bmv2] [T] [thread 101228] [41.0] [cxt 0] Bytes parsed: 14
[09:11:54.647] [bmv2] [D] [thread 101228] [41.0] [cxt 0] Parser 'parser': end
[09:11:54.647] [bmv2] [D] [thread 101228] [41.0] [cxt 0] Pipeline 'ingress': start
[09:11:54.647] [bmv2] [T] [thread 101228] [41.0] [cxt 0] switch.p4(116) Condition "hdr.ipv4.isValid()" (node_2) is false
[09:11:54.647] [bmv2] [D] [thread 101228] [41.0] [cxt 0] Pipeline 'ingress': end
[09:11:54.647] [bmv2] [D] [thread 101228] [41.0] [cxt 0] Egress port is 0
[09:11:54.652] [bmv2] [D] [thread 101229] [41.0] [cxt 0] Pipeline 'egress': start
[09:11:54.652] [bmv2] [D] [thread 101229] [41.0] [cxt 0] Pipeline 'egress': end
[09:11:54.652] [bmv2] [D] [thread 101229] [41.0] [cxt 0] Deparser 'deparser': start
[09:11:54.652] [bmv2] [T] [thread 101229] [41.0] [cxt 0] Skipping checksum 'cksum' update because condition not met
[09:11:54.652] [bmv2] [D] [thread 101229] [41.0] [cxt 0] Deparsing header 'ethernet'
[09:11:54.652] [bmv2] [D] [thread 101229] [41.0] [cxt 0] Deparser 'deparser': end
[09:11:54.652] [bmv2] [D] [thread 101233] [41.0] [cxt 0] Transmitting packet of size 199 out of port 0
[09:11:54.720] [bmv2] [D] [thread 101228] [42.0] [cxt 0] Processing packet received on port 1
[09:11:54.720] [bmv2] [D] [thread 101228] [42.0] [cxt 0] Parser 'parser': start
[09:11:54.720] [bmv2] [D] [thread 101228] [42.0] [cxt 0] Parser 'parser' entering state 'start'
[09:11:54.720] [bmv2] [D] [thread 101228] [42.0] [cxt 0] Extracting header 'ethernet'
[09:11:54.720] [bmv2] [D] [thread 101228] [42.0] [cxt 0] Parser state 'start': key is 86dd
[09:11:54.720] [bmv2] [T] [thread 101228] [42.0] [cxt 0] Bytes parsed: 14
[09:11:54.720] [bmv2] [D] [thread 101228] [42.0] [cxt 0] Parser 'parser': end
[09:11:54.720] [bmv2] [D] [thread 101228] [42.0] [cxt 0] Pipeline 'ingress': start
[09:11:54.720] [bmv2] [T] [thread 101228] [42.0] [cxt 0] switch.p4(116) Condition "hdr.ipv4.isValid()" (node_2) is false
[09:11:54.720] [bmv2] [D] [thread 101228] [42.0] [cxt 0] Pipeline 'ingress': end
[09:11:54.720] [bmv2] [D] [thread 101228] [42.0] [cxt 0] Egress port is 0
[09:11:54.720] [bmv2] [D] [thread 101229] [42.0] [cxt 0] Pipeline 'egress': start
[09:11:54.720] [bmv2] [D] [thread 101229] [42.0] [cxt 0] Pipeline 'egress': end
[09:11:54.720] [bmv2] [D] [thread 101229] [42.0] [cxt 0] Deparser 'deparser': start
[09:11:54.720] [bmv2] [T] [thread 101229] [42.0] [cxt 0] Skipping checksum 'cksum' update because condition not met
[09:11:54.720] [bmv2] [D] [thread 101229] [42.0] [cxt 0] Deparsing header 'ethernet'
[09:11:54.720] [bmv2] [D] [thread 101229] [42.0] [cxt 0] Deparser 'deparser': end
[09:11:54.720] [bmv2] [D] [thread 101233] [42.0] [cxt 0] Transmitting packet of size 203 out of port 0
[09:11:54.734] [bmv2] [W] [thread 101277] [P4Runtime] p4::tmp::P4DeviceConfig is deprecated
[09:11:54.734] [bmv2] [D] [thread 101277] Set default default entry for table 'MyIngress.ipv4_lpm': MyIngress.drop - 
[09:11:54.744] [bmv2] [D] [thread 101277] simple_switch target has been notified of a config swap
[09:11:54.744] [bmv2] [D] [thread 101280] Set default entry for table 'MyIngress.ipv4_lpm': MyIngress.drop - 
[09:11:54.750] [bmv2] [D] [thread 101277] Entry 0 added to table 'MyIngress.ipv4_lpm'
[09:11:54.750] [bmv2] [D] [thread 101277] Dumping entry 0
Match key:
* hdr.ipv4.dstAddr    : LPM       0a000101/32
Action entry: MyIngress.ipv4_forward - 80000000100,1,

[09:11:54.750] [bmv2] [D] [thread 101280] Entry 1 added to table 'MyIngress.ipv4_lpm'
[09:11:54.750] [bmv2] [D] [thread 101280] Dumping entry 1
Match key:
* hdr.ipv4.dstAddr    : LPM       0a000202/32
Action entry: MyIngress.ipv4_forward - 80000000300,2,

[09:11:54.755] [bmv2] [D] [thread 101228] [43.0] [cxt 0] Processing packet received on port 1
[09:11:54.755] [bmv2] [D] [thread 101228] [43.0] [cxt 0] Parser 'parser': start
[09:11:54.755] [bmv2] [D] [thread 101228] [43.0] [cxt 0] Parser 'parser' entering state 'start'
[09:11:54.755] [bmv2] [D] [thread 101228] [43.0] [cxt 0] Extracting header 'ethernet'
[09:11:54.755] [bmv2] [D] [thread 101228] [43.0] [cxt 0] Parser state 'start': key is 86dd
[09:11:54.755] [bmv2] [T] [thread 101228] [43.0] [cxt 0] Bytes parsed: 14
[09:11:54.755] [bmv2] [D] [thread 101228] [43.0] [cxt 0] Parser 'parser': end
[09:11:54.755] [bmv2] [D] [thread 101228] [43.0] [cxt 0] Pipeline 'ingress': start
[09:11:54.755] [bmv2] [T] [thread 101228] [43.0] [cxt 0] switch.p4(116) Condition "hdr.ipv4.isValid()" (node_2) is false
[09:11:54.755] [bmv2] [D] [thread 101228] [43.0] [cxt 0] Pipeline 'ingress': end
[09:11:54.755] [bmv2] [D] [thread 101228] [43.0] [cxt 0] Egress port is 0
[09:11:54.755] [bmv2] [D] [thread 101228] [44.0] [cxt 0] Processing packet received on port 2
[09:11:54.755] [bmv2] [D] [thread 101228] [44.0] [cxt 0] Parser 'parser': start
[09:11:54.755] [bmv2] [D] [thread 101228] [44.0] [cxt 0] Parser 'parser' entering state 'start'
[09:11:54.755] [bmv2] [D] [thread 101228] [44.0] [cxt 0] Extracting header 'ethernet'
[09:11:54.755] [bmv2] [D] [thread 101228] [44.0] [cxt 0] Parser state 'start': key is 86dd
[09:11:54.755] [bmv2] [T] [thread 101228] [44.0] [cxt 0] Bytes parsed: 14
[09:11:54.755] [bmv2] [D] [thread 101228] [44.0] [cxt 0] Parser 'parser': end
[09:11:54.755] [bmv2] [D] [thread 101228] [44.0] [cxt 0] Pipeline 'ingress': start
[09:11:54.755] [bmv2] [T] [thread 101228] [44.0] [cxt 0] switch.p4(116) Condition "hdr.ipv4.isValid()" (node_2) is false
[09:11:54.755] [bmv2] [D] [thread 101228] [44.0] [cxt 0] Pipeline 'ingress': end
[09:11:54.755] [bmv2] [D] [thread 101228] [44.0] [cxt 0] Egress port is 0
[09:11:54.755] [bmv2] [D] [thread 101229] [43.0] [cxt 0] Pipeline 'egress': start
[09:11:54.755] [bmv2] [D] [thread 101229] [43.0] [cxt 0] Pipeline 'egress': end
[09:11:54.755] [bmv2] [D] [thread 101229] [43.0] [cxt 0] Deparser 'deparser': start
[09:11:54.755] [bmv2] [T] [thread 101229] [43.0] [cxt 0] Skipping checksum 'cksum' update because condition not met
[09:11:54.755] [bmv2] [D] [thread 101229] [43.0] [cxt 0] Deparsing header 'ethernet'
[09:11:54.755] [bmv2] [D] [thread 101229] [43.0] [cxt 0] Deparser 'deparser': end
[09:11:54.755] [bmv2] [D] [thread 101229] [44.0] [cxt 0] Pipeline 'egress': start
[09:11:54.755] [bmv2] [D] [thread 101229] [44.0] [cxt 0] Pipeline 'egress': end
[09:11:54.755] [bmv2] [D] [thread 101229] [44.0] [cxt 0] Deparser 'deparser': start
[09:11:54.755] [bmv2] [T] [thread 101229] [44.0] [cxt 0] Skipping checksum 'cksum' update because condition not met
[09:11:54.755] [bmv2] [D] [thread 101229] [44.0] [cxt 0] Deparsing header 'ethernet'
[09:11:54.755] [bmv2] [D] [thread 101229] [44.0] [cxt 0] Deparser 'deparser': end
[09:11:54.755] [bmv2] [D] [thread 101233] [43.0] [cxt 0] Transmitting packet of size 199 out of port 0
[09:11:54.755] [bmv2] [D] [thread 101233] [44.0] [cxt 0] Transmitting packet of size 199 out of port 0
[09:11:54.844] [bmv2] [D] [thread 101228] [45.0] [cxt 0] Processing packet received on port 2
[09:11:54.844] [bmv2] [D] [thread 101228] [45.0] [cxt 0] Parser 'parser': start
[09:11:54.844] [bmv2] [D] [thread 101228] [45.0] [cxt 0] Parser 'parser' entering state 'start'
[09:11:54.844] [bmv2] [D] [thread 101228] [45.0] [cxt 0] Extracting header 'ethernet'
[09:11:54.844] [bmv2] [D] [thread 101228] [45.0] [cxt 0] Parser state 'start': key is 86dd
[09:11:54.844] [bmv2] [T] [thread 101228] [45.0] [cxt 0] Bytes parsed: 14
[09:11:54.844] [bmv2] [D] [thread 101228] [45.0] [cxt 0] Parser 'parser': end
[09:11:54.844] [bmv2] [D] [thread 101228] [45.0] [cxt 0] Pipeline 'ingress': start
[09:11:54.844] [bmv2] [T] [thread 101228] [45.0] [cxt 0] switch.p4(116) Condition "hdr.ipv4.isValid()" (node_2) is false
[09:11:54.844] [bmv2] [D] [thread 101228] [45.0] [cxt 0] Pipeline 'ingress': end
[09:11:54.844] [bmv2] [D] [thread 101228] [45.0] [cxt 0] Egress port is 0
[09:11:54.844] [bmv2] [D] [thread 101229] [45.0] [cxt 0] Pipeline 'egress': start
[09:11:54.844] [bmv2] [D] [thread 101229] [45.0] [cxt 0] Pipeline 'egress': end
[09:11:54.844] [bmv2] [D] [thread 101229] [45.0] [cxt 0] Deparser 'deparser': start
[09:11:54.844] [bmv2] [T] [thread 101229] [45.0] [cxt 0] Skipping checksum 'cksum' update because condition not met
[09:11:54.844] [bmv2] [D] [thread 101229] [45.0] [cxt 0] Deparsing header 'ethernet'
[09:11:54.844] [bmv2] [D] [thread 101229] [45.0] [cxt 0] Deparser 'deparser': end
[09:11:54.844] [bmv2] [D] [thread 101233] [45.0] [cxt 0] Transmitting packet of size 203 out of port 0
[09:11:55.621] [bmv2] [D] [thread 101228] [46.0] [cxt 0] Processing packet received on port 2
[09:11:55.621] [bmv2] [D] [thread 101228] [46.0] [cxt 0] Parser 'parser': start
[09:11:55.621] [bmv2] [D] [thread 101228] [46.0] [cxt 0] Parser 'parser' entering state 'start'
[09:11:55.621] [bmv2] [D] [thread 101228] [46.0] [cxt 0] Extracting header 'ethernet'
[09:11:55.621] [bmv2] [D] [thread 101228] [46.0] [cxt 0] Parser state 'start': key is 86dd
[09:11:55.621] [bmv2] [T] [thread 101228] [46.0] [cxt 0] Bytes parsed: 14
[09:11:55.621] [bmv2] [D] [thread 101228] [46.0] [cxt 0] Parser 'parser': end
[09:11:55.621] [bmv2] [D] [thread 101228] [46.0] [cxt 0] Pipeline 'ingress': start
[09:11:55.621] [bmv2] [T] [thread 101228] [46.0] [cxt 0] switch.p4(116) Condition "hdr.ipv4.isValid()" (node_2) is false
[09:11:55.621] [bmv2] [D] [thread 101228] [46.0] [cxt 0] Pipeline 'ingress': end
[09:11:55.621] [bmv2] [D] [thread 101228] [46.0] [cxt 0] Egress port is 0
[09:11:55.621] [bmv2] [D] [thread 101229] [46.0] [cxt 0] Pipeline 'egress': start
[09:11:55.621] [bmv2] [D] [thread 101229] [46.0] [cxt 0] Pipeline 'egress': end
[09:11:55.621] [bmv2] [D] [thread 101229] [46.0] [cxt 0] Deparser 'deparser': start
[09:11:55.621] [bmv2] [T] [thread 101229] [46.0] [cxt 0] Skipping checksum 'cksum' update because condition not met
[09:11:55.621] [bmv2] [D] [thread 101229] [46.0] [cxt 0] Deparsing header 'ethernet'
[09:11:55.621] [bmv2] [D] [thread 101229] [46.0] [cxt 0] Deparser 'deparser': end
[09:11:55.621] [bmv2] [D] [thread 101233] [46.0] [cxt 0] Transmitting packet of size 199 out of port 0
[09:11:55.893] [bmv2] [D] [thread 101228] [47.0] [cxt 0] Processing packet received on port 1
[09:11:55.893] [bmv2] [D] [thread 101228] [47.0] [cxt 0] Parser 'parser': start
[09:11:55.893] [bmv2] [D] [thread 101228] [47.0] [cxt 0] Parser 'parser' entering state 'start'
[09:11:55.893] [bmv2] [D] [thread 101228] [47.0] [cxt 0] Extracting header 'ethernet'
[09:11:55.893] [bmv2] [D] [thread 101228] [47.0] [cxt 0] Parser state 'start': key is 86dd
[09:11:55.893] [bmv2] [T] [thread 101228] [47.0] [cxt 0] Bytes parsed: 14
[09:11:55.893] [bmv2] [D] [thread 101228] [47.0] [cxt 0] Parser 'parser': end
[09:11:55.893] [bmv2] [D] [thread 101228] [47.0] [cxt 0] Pipeline 'ingress': start
[09:11:55.893] [bmv2] [T] [thread 101228] [47.0] [cxt 0] switch.p4(116) Condition "hdr.ipv4.isValid()" (node_2) is false
[09:11:55.893] [bmv2] [D] [thread 101228] [47.0] [cxt 0] Pipeline 'ingress': end
[09:11:55.893] [bmv2] [D] [thread 101228] [47.0] [cxt 0] Egress port is 0
[09:11:55.893] [bmv2] [D] [thread 101229] [47.0] [cxt 0] Pipeline 'egress': start
[09:11:55.893] [bmv2] [D] [thread 101229] [47.0] [cxt 0] Pipeline 'egress': end
[09:11:55.893] [bmv2] [D] [thread 101229] [47.0] [cxt 0] Deparser 'deparser': start
[09:11:55.893] [bmv2] [T] [thread 101229] [47.0] [cxt 0] Skipping checksum 'cksum' update because condition not met
[09:11:55.893] [bmv2] [D] [thread 101229] [47.0] [cxt 0] Deparsing header 'ethernet'
[09:11:55.893] [bmv2] [D] [thread 101229] [47.0] [cxt 0] Deparser 'deparser': end
[09:11:55.893] [bmv2] [D] [thread 101233] [47.0] [cxt 0] Transmitting packet of size 199 out of port 0
[09:11:55.973] [bmv2] [D] [thread 101228] [48.0] [cxt 0] Processing packet received on port 1
[09:11:55.973] [bmv2] [D] [thread 101228] [48.0] [cxt 0] Parser 'parser': start
[09:11:55.973] [bmv2] [D] [thread 101228] [48.0] [cxt 0] Parser 'parser' entering state 'start'
[09:11:55.973] [bmv2] [D] [thread 101228] [48.0] [cxt 0] Extracting header 'ethernet'
[09:11:55.973] [bmv2] [D] [thread 101228] [48.0] [cxt 0] Parser state 'start': key is 86dd
[09:11:55.973] [bmv2] [T] [thread 101228] [48.0] [cxt 0] Bytes parsed: 14
[09:11:55.973] [bmv2] [D] [thread 101228] [48.0] [cxt 0] Parser 'parser': end
[09:11:55.973] [bmv2] [D] [thread 101228] [48.0] [cxt 0] Pipeline 'ingress': start
[09:11:55.973] [bmv2] [T] [thread 101228] [48.0] [cxt 0] switch.p4(116) Condition "hdr.ipv4.isValid()" (node_2) is false
[09:11:55.973] [bmv2] [D] [thread 101228] [48.0] [cxt 0] Pipeline 'ingress': end
[09:11:55.973] [bmv2] [D] [thread 101228] [48.0] [cxt 0] Egress port is 0
[09:11:55.973] [bmv2] [D] [thread 101229] [48.0] [cxt 0] Pipeline 'egress': start
[09:11:55.973] [bmv2] [D] [thread 101229] [48.0] [cxt 0] Pipeline 'egress': end
[09:11:55.973] [bmv2] [D] [thread 101229] [48.0] [cxt 0] Deparser 'deparser': start
[09:11:55.973] [bmv2] [T] [thread 101229] [48.0] [cxt 0] Skipping checksum 'cksum' update because condition not met
[09:11:55.973] [bmv2] [D] [thread 101229] [48.0] [cxt 0] Deparsing header 'ethernet'
[09:11:55.973] [bmv2] [D] [thread 101229] [48.0] [cxt 0] Deparser 'deparser': end
[09:11:55.973] [bmv2] [D] [thread 101233] [48.0] [cxt 0] Transmitting packet of size 171 out of port 0
[09:11:55.978] [bmv2] [D] [thread 101228] [49.0] [cxt 0] Processing packet received on port 2
[09:11:55.978] [bmv2] [D] [thread 101228] [49.0] [cxt 0] Parser 'parser': start
[09:11:55.978] [bmv2] [D] [thread 101228] [49.0] [cxt 0] Parser 'parser' entering state 'start'
[09:11:55.978] [bmv2] [D] [thread 101228] [49.0] [cxt 0] Extracting header 'ethernet'
[09:11:55.978] [bmv2] [D] [thread 101228] [49.0] [cxt 0] Parser state 'start': key is 86dd
[09:11:55.978] [bmv2] [T] [thread 101228] [49.0] [cxt 0] Bytes parsed: 14
[09:11:55.978] [bmv2] [D] [thread 101228] [49.0] [cxt 0] Parser 'parser': end
[09:11:55.978] [bmv2] [D] [thread 101228] [49.0] [cxt 0] Pipeline 'ingress': start
[09:11:55.978] [bmv2] [T] [thread 101228] [49.0] [cxt 0] switch.p4(116) Condition "hdr.ipv4.isValid()" (node_2) is false
[09:11:55.978] [bmv2] [D] [thread 101228] [49.0] [cxt 0] Pipeline 'ingress': end
[09:11:55.978] [bmv2] [D] [thread 101228] [49.0] [cxt 0] Egress port is 0
[09:11:55.978] [bmv2] [D] [thread 101229] [49.0] [cxt 0] Pipeline 'egress': start
[09:11:55.978] [bmv2] [D] [thread 101229] [49.0] [cxt 0] Pipeline 'egress': end
[09:11:55.978] [bmv2] [D] [thread 101229] [49.0] [cxt 0] Deparser 'deparser': start
[09:11:55.978] [bmv2] [T] [thread 101229] [49.0] [cxt 0] Skipping checksum 'cksum' update because condition not met
[09:11:55.978] [bmv2] [D] [thread 101229] [49.0] [cxt 0] Deparsing header 'ethernet'
[09:11:55.978] [bmv2] [D] [thread 101229] [49.0] [cxt 0] Deparser 'deparser': end
[09:11:55.978] [bmv2] [D] [thread 101233] [49.0] [cxt 0] Transmitting packet of size 199 out of port 0
[09:11:55.978] [bmv2] [D] [thread 101228] [50.0] [cxt 0] Processing packet received on port 1
[09:11:55.978] [bmv2] [D] [thread 101228] [50.0] [cxt 0] Parser 'parser': start
[09:11:55.978] [bmv2] [D] [thread 101228] [50.0] [cxt 0] Parser 'parser' entering state 'start'
[09:11:55.978] [bmv2] [D] [thread 101228] [50.0] [cxt 0] Extracting header 'ethernet'
[09:11:55.978] [bmv2] [D] [thread 101228] [50.0] [cxt 0] Parser state 'start': key is 86dd
[09:11:55.978] [bmv2] [T] [thread 101228] [50.0] [cxt 0] Bytes parsed: 14
[09:11:55.978] [bmv2] [D] [thread 101228] [50.0] [cxt 0] Parser 'parser': end
[09:11:55.978] [bmv2] [D] [thread 101228] [50.0] [cxt 0] Pipeline 'ingress': start
[09:11:55.978] [bmv2] [T] [thread 101228] [50.0] [cxt 0] switch.p4(116) Condition "hdr.ipv4.isValid()" (node_2) is false
[09:11:55.978] [bmv2] [D] [thread 101228] [50.0] [cxt 0] Pipeline 'ingress': end
[09:11:55.978] [bmv2] [D] [thread 101228] [50.0] [cxt 0] Egress port is 0
[09:11:55.978] [bmv2] [D] [thread 101229] [50.0] [cxt 0] Pipeline 'egress': start
[09:11:55.978] [bmv2] [D] [thread 101229] [50.0] [cxt 0] Pipeline 'egress': end
[09:11:55.978] [bmv2] [D] [thread 101229] [50.0] [cxt 0] Deparser 'deparser': start
[09:11:55.978] [bmv2] [T] [thread 101229] [50.0] [cxt 0] Skipping checksum 'cksum' update because condition not met
[09:11:55.978] [bmv2] [D] [thread 101229] [50.0] [cxt 0] Deparsing header 'ethernet'
[09:11:55.978] [bmv2] [D] [thread 101229] [50.0] [cxt 0] Deparser 'deparser': end
[09:11:55.978] [bmv2] [D] [thread 101233] [50.0] [cxt 0] Transmitting packet of size 113 out of port 0
[09:11:56.452] [bmv2] [D] [thread 101228] [51.0] [cxt 0] Processing packet received on port 2
[09:11:56.452] [bmv2] [D] [thread 101228] [51.0] [cxt 0] Parser 'parser': start
[09:11:56.452] [bmv2] [D] [thread 101228] [51.0] [cxt 0] Parser 'parser' entering state 'start'
[09:11:56.452] [bmv2] [D] [thread 101228] [51.0] [cxt 0] Extracting header 'ethernet'
[09:11:56.452] [bmv2] [D] [thread 101228] [51.0] [cxt 0] Parser state 'start': key is 86dd
[09:11:56.452] [bmv2] [T] [thread 101228] [51.0] [cxt 0] Bytes parsed: 14
[09:11:56.452] [bmv2] [D] [thread 101228] [51.0] [cxt 0] Parser 'parser': end
[09:11:56.452] [bmv2] [D] [thread 101228] [51.0] [cxt 0] Pipeline 'ingress': start
[09:11:56.452] [bmv2] [T] [thread 101228] [51.0] [cxt 0] switch.p4(116) Condition "hdr.ipv4.isValid()" (node_2) is false
[09:11:56.452] [bmv2] [D] [thread 101228] [51.0] [cxt 0] Pipeline 'ingress': end
[09:11:56.452] [bmv2] [D] [thread 101228] [51.0] [cxt 0] Egress port is 0
[09:11:56.452] [bmv2] [D] [thread 101229] [51.0] [cxt 0] Pipeline 'egress': start
[09:11:56.452] [bmv2] [D] [thread 101229] [51.0] [cxt 0] Pipeline 'egress': end
[09:11:56.454] [bmv2] [D] [thread 101229] [51.0] [cxt 0] Deparser 'deparser': start
[09:11:56.454] [bmv2] [T] [thread 101229] [51.0] [cxt 0] Skipping checksum 'cksum' update because condition not met
[09:11:56.454] [bmv2] [D] [thread 101229] [51.0] [cxt 0] Deparsing header 'ethernet'
[09:11:56.454] [bmv2] [D] [thread 101229] [51.0] [cxt 0] Deparser 'deparser': end
[09:11:56.455] [bmv2] [D] [thread 101233] [51.0] [cxt 0] Transmitting packet of size 203 out of port 0
[09:11:56.708] [bmv2] [D] [thread 101228] [52.0] [cxt 0] Processing packet received on port 1
[09:11:56.708] [bmv2] [D] [thread 101228] [52.0] [cxt 0] Parser 'parser': start
[09:11:56.708] [bmv2] [D] [thread 101228] [52.0] [cxt 0] Parser 'parser' entering state 'start'
[09:11:56.708] [bmv2] [D] [thread 101228] [52.0] [cxt 0] Extracting header 'ethernet'
[09:11:56.708] [bmv2] [D] [thread 101228] [52.0] [cxt 0] Parser state 'start': key is 86dd
[09:11:56.708] [bmv2] [T] [thread 101228] [52.0] [cxt 0] Bytes parsed: 14
[09:11:56.708] [bmv2] [D] [thread 101228] [52.0] [cxt 0] Parser 'parser': end
[09:11:56.708] [bmv2] [D] [thread 101228] [52.0] [cxt 0] Pipeline 'ingress': start
[09:11:56.708] [bmv2] [T] [thread 101228] [52.0] [cxt 0] switch.p4(116) Condition "hdr.ipv4.isValid()" (node_2) is false
[09:11:56.708] [bmv2] [D] [thread 101228] [52.0] [cxt 0] Pipeline 'ingress': end
[09:11:56.708] [bmv2] [D] [thread 101228] [52.0] [cxt 0] Egress port is 0
[09:11:56.708] [bmv2] [D] [thread 101229] [52.0] [cxt 0] Pipeline 'egress': start
[09:11:56.708] [bmv2] [D] [thread 101229] [52.0] [cxt 0] Pipeline 'egress': end
[09:11:56.708] [bmv2] [D] [thread 101229] [52.0] [cxt 0] Deparser 'deparser': start
[09:11:56.708] [bmv2] [T] [thread 101229] [52.0] [cxt 0] Skipping checksum 'cksum' update because condition not met
[09:11:56.708] [bmv2] [D] [thread 101229] [52.0] [cxt 0] Deparsing header 'ethernet'
[09:11:56.708] [bmv2] [D] [thread 101229] [52.0] [cxt 0] Deparser 'deparser': end
[09:11:56.708] [bmv2] [D] [thread 101233] [52.0] [cxt 0] Transmitting packet of size 203 out of port 0
[09:11:56.872] [bmv2] [D] [thread 101228] [53.0] [cxt 0] Processing packet received on port 2
[09:11:56.872] [bmv2] [D] [thread 101228] [53.0] [cxt 0] Parser 'parser': start
[09:11:56.872] [bmv2] [D] [thread 101228] [53.0] [cxt 0] Parser 'parser' entering state 'start'
[09:11:56.872] [bmv2] [D] [thread 101228] [53.0] [cxt 0] Extracting header 'ethernet'
[09:11:56.872] [bmv2] [D] [thread 101228] [53.0] [cxt 0] Parser state 'start': key is 86dd
[09:11:56.872] [bmv2] [T] [thread 101228] [53.0] [cxt 0] Bytes parsed: 14
[09:11:56.872] [bmv2] [D] [thread 101228] [53.0] [cxt 0] Parser 'parser': end
[09:11:56.872] [bmv2] [D] [thread 101228] [53.0] [cxt 0] Pipeline 'ingress': start
[09:11:56.872] [bmv2] [T] [thread 101228] [53.0] [cxt 0] switch.p4(116) Condition "hdr.ipv4.isValid()" (node_2) is false
[09:11:56.872] [bmv2] [D] [thread 101228] [53.0] [cxt 0] Pipeline 'ingress': end
[09:11:56.872] [bmv2] [D] [thread 101228] [53.0] [cxt 0] Egress port is 0
[09:11:56.872] [bmv2] [D] [thread 101229] [53.0] [cxt 0] Pipeline 'egress': start
[09:11:56.872] [bmv2] [D] [thread 101229] [53.0] [cxt 0] Pipeline 'egress': end
[09:11:56.872] [bmv2] [D] [thread 101229] [53.0] [cxt 0] Deparser 'deparser': start
[09:11:56.872] [bmv2] [T] [thread 101229] [53.0] [cxt 0] Skipping checksum 'cksum' update because condition not met
[09:11:56.872] [bmv2] [D] [thread 101229] [53.0] [cxt 0] Deparsing header 'ethernet'
[09:11:56.872] [bmv2] [D] [thread 101229] [53.0] [cxt 0] Deparser 'deparser': end
[09:11:56.872] [bmv2] [D] [thread 101233] [53.0] [cxt 0] Transmitting packet of size 203 out of port 0
[09:11:57.252] [bmv2] [D] [thread 101228] [54.0] [cxt 0] Processing packet received on port 2
[09:11:57.252] [bmv2] [D] [thread 101228] [54.0] [cxt 0] Parser 'parser': start
[09:11:57.252] [bmv2] [D] [thread 101228] [54.0] [cxt 0] Parser 'parser' entering state 'start'
[09:11:57.252] [bmv2] [D] [thread 101228] [54.0] [cxt 0] Extracting header 'ethernet'
[09:11:57.252] [bmv2] [D] [thread 101228] [54.0] [cxt 0] Parser state 'start': key is 86dd
[09:11:57.252] [bmv2] [T] [thread 101228] [54.0] [cxt 0] Bytes parsed: 14
[09:11:57.252] [bmv2] [D] [thread 101228] [54.0] [cxt 0] Parser 'parser': end
[09:11:57.252] [bmv2] [D] [thread 101228] [54.0] [cxt 0] Pipeline 'ingress': start
[09:11:57.252] [bmv2] [T] [thread 101228] [54.0] [cxt 0] switch.p4(116) Condition "hdr.ipv4.isValid()" (node_2) is false
[09:11:57.252] [bmv2] [D] [thread 101228] [54.0] [cxt 0] Pipeline 'ingress': end
[09:11:57.252] [bmv2] [D] [thread 101228] [54.0] [cxt 0] Egress port is 0
[09:11:57.252] [bmv2] [D] [thread 101229] [54.0] [cxt 0] Pipeline 'egress': start
[09:11:57.252] [bmv2] [D] [thread 101229] [54.0] [cxt 0] Pipeline 'egress': end
[09:11:57.252] [bmv2] [D] [thread 101229] [54.0] [cxt 0] Deparser 'deparser': start
[09:11:57.252] [bmv2] [T] [thread 101229] [54.0] [cxt 0] Skipping checksum 'cksum' update because condition not met
[09:11:57.252] [bmv2] [D] [thread 101229] [54.0] [cxt 0] Deparsing header 'ethernet'
[09:11:57.252] [bmv2] [D] [thread 101229] [54.0] [cxt 0] Deparser 'deparser': end
[09:11:57.252] [bmv2] [D] [thread 101233] [54.0] [cxt 0] Transmitting packet of size 70 out of port 0
[09:11:57.307] [bmv2] [D] [thread 101228] [55.0] [cxt 0] Processing packet received on port 1
[09:11:57.307] [bmv2] [D] [thread 101228] [55.0] [cxt 0] Parser 'parser': start
[09:11:57.307] [bmv2] [D] [thread 101228] [55.0] [cxt 0] Parser 'parser' entering state 'start'
[09:11:57.307] [bmv2] [D] [thread 101228] [55.0] [cxt 0] Extracting header 'ethernet'
[09:11:57.307] [bmv2] [D] [thread 101228] [55.0] [cxt 0] Parser state 'start': key is 86dd
[09:11:57.307] [bmv2] [T] [thread 101228] [55.0] [cxt 0] Bytes parsed: 14
[09:11:57.307] [bmv2] [D] [thread 101228] [55.0] [cxt 0] Parser 'parser': end
[09:11:57.307] [bmv2] [D] [thread 101228] [55.0] [cxt 0] Pipeline 'ingress': start
[09:11:57.307] [bmv2] [T] [thread 101228] [55.0] [cxt 0] switch.p4(116) Condition "hdr.ipv4.isValid()" (node_2) is false
[09:11:57.307] [bmv2] [D] [thread 101228] [55.0] [cxt 0] Pipeline 'ingress': end
[09:11:57.307] [bmv2] [D] [thread 101228] [55.0] [cxt 0] Egress port is 0
[09:11:57.307] [bmv2] [D] [thread 101229] [55.0] [cxt 0] Pipeline 'egress': start
[09:11:57.307] [bmv2] [D] [thread 101229] [55.0] [cxt 0] Pipeline 'egress': end
[09:11:57.307] [bmv2] [D] [thread 101229] [55.0] [cxt 0] Deparser 'deparser': start
[09:11:57.307] [bmv2] [T] [thread 101229] [55.0] [cxt 0] Skipping checksum 'cksum' update because condition not met
[09:11:57.307] [bmv2] [D] [thread 101229] [55.0] [cxt 0] Deparsing header 'ethernet'
[09:11:57.307] [bmv2] [D] [thread 101229] [55.0] [cxt 0] Deparser 'deparser': end
[09:11:57.307] [bmv2] [D] [thread 101233] [55.0] [cxt 0] Transmitting packet of size 70 out of port 0
[09:11:57.842] [bmv2] [D] [thread 101228] [56.0] [cxt 0] Processing packet received on port 2
[09:11:57.842] [bmv2] [D] [thread 101228] [56.0] [cxt 0] Parser 'parser': start
[09:11:57.842] [bmv2] [D] [thread 101228] [56.0] [cxt 0] Parser 'parser' entering state 'start'
[09:11:57.842] [bmv2] [D] [thread 101228] [56.0] [cxt 0] Extracting header 'ethernet'
[09:11:57.842] [bmv2] [D] [thread 101228] [56.0] [cxt 0] Parser state 'start': key is 86dd
[09:11:57.843] [bmv2] [T] [thread 101228] [56.0] [cxt 0] Bytes parsed: 14
[09:11:57.843] [bmv2] [D] [thread 101228] [56.0] [cxt 0] Parser 'parser': end
[09:11:57.843] [bmv2] [D] [thread 101228] [56.0] [cxt 0] Pipeline 'ingress': start
[09:11:57.843] [bmv2] [T] [thread 101228] [56.0] [cxt 0] switch.p4(116) Condition "hdr.ipv4.isValid()" (node_2) is false
[09:11:57.843] [bmv2] [D] [thread 101228] [56.0] [cxt 0] Pipeline 'ingress': end
[09:11:57.843] [bmv2] [D] [thread 101228] [56.0] [cxt 0] Egress port is 0
[09:11:57.843] [bmv2] [D] [thread 101229] [56.0] [cxt 0] Pipeline 'egress': start
[09:11:57.843] [bmv2] [D] [thread 101229] [56.0] [cxt 0] Pipeline 'egress': end
[09:11:57.843] [bmv2] [D] [thread 101229] [56.0] [cxt 0] Deparser 'deparser': start
[09:11:57.843] [bmv2] [T] [thread 101229] [56.0] [cxt 0] Skipping checksum 'cksum' update because condition not met
[09:11:57.843] [bmv2] [D] [thread 101229] [56.0] [cxt 0] Deparsing header 'ethernet'
[09:11:57.843] [bmv2] [D] [thread 101229] [56.0] [cxt 0] Deparser 'deparser': end
[09:11:57.843] [bmv2] [D] [thread 101233] [56.0] [cxt 0] Transmitting packet of size 199 out of port 0
[09:11:57.847] [bmv2] [D] [thread 101228] [57.0] [cxt 0] Processing packet received on port 1
[09:11:57.847] [bmv2] [D] [thread 101228] [57.0] [cxt 0] Parser 'parser': start
[09:11:57.847] [bmv2] [D] [thread 101228] [57.0] [cxt 0] Parser 'parser' entering state 'start'
[09:11:57.847] [bmv2] [D] [thread 101228] [57.0] [cxt 0] Extracting header 'ethernet'
[09:11:57.847] [bmv2] [D] [thread 101228] [57.0] [cxt 0] Parser state 'start': key is 0800
[09:11:57.847] [bmv2] [T] [thread 101228] [57.0] [cxt 0] Bytes parsed: 14
[09:11:57.847] [bmv2] [D] [thread 101228] [57.0] [cxt 0] Parser 'parser' entering state 'parse_ipv4'
[09:11:57.847] [bmv2] [D] [thread 101228] [57.0] [cxt 0] Extracting header 'ipv4'
[09:11:57.847] [bmv2] [D] [thread 101228] [57.0] [cxt 0] Parser state 'parse_ipv4' has no switch, going to default next state
[09:11:57.847] [bmv2] [T] [thread 101228] [57.0] [cxt 0] Bytes parsed: 34
[09:11:57.847] [bmv2] [D] [thread 101228] [57.0] [cxt 0] Parser 'parser': end
[09:11:57.847] [bmv2] [D] [thread 101228] [57.0] [cxt 0] Pipeline 'ingress': start
[09:11:57.847] [bmv2] [T] [thread 101228] [57.0] [cxt 0] switch.p4(116) Condition "hdr.ipv4.isValid()" (node_2) is true
[09:11:57.847] [bmv2] [T] [thread 101228] [57.0] [cxt 0] Applying table 'MyIngress.ipv4_lpm'
[09:11:57.847] [bmv2] [D] [thread 101228] [57.0] [cxt 0] Looking up key:
* hdr.ipv4.dstAddr    : 0a000202

[09:11:57.847] [bmv2] [D] [thread 101228] [57.0] [cxt 0] Table 'MyIngress.ipv4_lpm': hit with handle 1
[09:11:57.847] [bmv2] [D] [thread 101228] [57.0] [cxt 0] Dumping entry 1
Match key:
* hdr.ipv4.dstAddr    : LPM       0a000202/32
Action entry: MyIngress.ipv4_forward - 80000000300,2,

[09:11:57.847] [bmv2] [D] [thread 101228] [57.0] [cxt 0] Action entry is MyIngress.ipv4_forward - 80000000300,2,
[09:11:57.847] [bmv2] [T] [thread 101228] [57.0] [cxt 0] Action MyIngress.ipv4_forward
[09:11:57.847] [bmv2] [T] [thread 101228] [57.0] [cxt 0] switch.p4(96) Primitive standard_metadata.egress_spec = port
[09:11:57.847] [bmv2] [T] [thread 101228] [57.0] [cxt 0] switch.p4(97) Primitive hdr.ethernet.srcAddr = hdr.ethernet.dstAddr
[09:11:57.847] [bmv2] [T] [thread 101228] [57.0] [cxt 0] switch.p4(98) Primitive hdr.ethernet.dstAddr = dstAddr
[09:11:57.847] [bmv2] [T] [thread 101228] [57.0] [cxt 0] switch.p4(99) Primitive hdr.ipv4.ttl = hdr.ipv4.ttl - 1
[09:11:57.847] [bmv2] [D] [thread 101228] [57.0] [cxt 0] Pipeline 'ingress': end
[09:11:57.847] [bmv2] [D] [thread 101228] [57.0] [cxt 0] Egress port is 2
[09:11:57.847] [bmv2] [D] [thread 101231] [57.0] [cxt 0] Pipeline 'egress': start
[09:11:57.848] [bmv2] [D] [thread 101231] [57.0] [cxt 0] Pipeline 'egress': end
[09:11:57.848] [bmv2] [D] [thread 101231] [57.0] [cxt 0] Deparser 'deparser': start
[09:11:57.848] [bmv2] [D] [thread 101231] [57.0] [cxt 0] Updating checksum 'cksum'
[09:11:57.848] [bmv2] [D] [thread 101231] [57.0] [cxt 0] Deparsing header 'ethernet'
[09:11:57.848] [bmv2] [D] [thread 101231] [57.0] [cxt 0] Deparsing header 'ipv4'
[09:11:57.848] [bmv2] [D] [thread 101231] [57.0] [cxt 0] Deparser 'deparser': end
[09:11:57.848] [bmv2] [D] [thread 101233] [57.0] [cxt 0] Transmitting packet of size 48 out of port 2
[09:11:57.852] [bmv2] [D] [thread 101228] [58.0] [cxt 0] Processing packet received on port 2
[09:11:57.852] [bmv2] [D] [thread 101228] [58.0] [cxt 0] Parser 'parser': start
[09:11:57.852] [bmv2] [D] [thread 101228] [58.0] [cxt 0] Parser 'parser' entering state 'start'
[09:11:57.852] [bmv2] [D] [thread 101228] [58.0] [cxt 0] Extracting header 'ethernet'
[09:11:57.852] [bmv2] [D] [thread 101228] [58.0] [cxt 0] Parser state 'start': key is 0800
[09:11:57.852] [bmv2] [T] [thread 101228] [58.0] [cxt 0] Bytes parsed: 14
[09:11:57.852] [bmv2] [D] [thread 101228] [58.0] [cxt 0] Parser 'parser' entering state 'parse_ipv4'
[09:11:57.852] [bmv2] [D] [thread 101228] [58.0] [cxt 0] Extracting header 'ipv4'
[09:11:57.852] [bmv2] [D] [thread 101228] [58.0] [cxt 0] Parser state 'parse_ipv4' has no switch, going to default next state
[09:11:57.852] [bmv2] [T] [thread 101228] [58.0] [cxt 0] Bytes parsed: 34
[09:11:57.852] [bmv2] [D] [thread 101228] [58.0] [cxt 0] Parser 'parser': end
[09:11:57.852] [bmv2] [D] [thread 101228] [58.0] [cxt 0] Pipeline 'ingress': start
[09:11:57.852] [bmv2] [T] [thread 101228] [58.0] [cxt 0] switch.p4(116) Condition "hdr.ipv4.isValid()" (node_2) is true
[09:11:57.852] [bmv2] [T] [thread 101228] [58.0] [cxt 0] Applying table 'MyIngress.ipv4_lpm'
[09:11:57.852] [bmv2] [D] [thread 101228] [58.0] [cxt 0] Looking up key:
* hdr.ipv4.dstAddr    : 0a000101

[09:11:57.852] [bmv2] [D] [thread 101228] [58.0] [cxt 0] Table 'MyIngress.ipv4_lpm': hit with handle 0
[09:11:57.852] [bmv2] [D] [thread 101228] [58.0] [cxt 0] Dumping entry 0
Match key:
* hdr.ipv4.dstAddr    : LPM       0a000101/32
Action entry: MyIngress.ipv4_forward - 80000000100,1,

[09:11:57.852] [bmv2] [D] [thread 101228] [58.0] [cxt 0] Action entry is MyIngress.ipv4_forward - 80000000100,1,
[09:11:57.852] [bmv2] [T] [thread 101228] [58.0] [cxt 0] Action MyIngress.ipv4_forward
[09:11:57.852] [bmv2] [T] [thread 101228] [58.0] [cxt 0] switch.p4(96) Primitive standard_metadata.egress_spec = port
[09:11:57.852] [bmv2] [T] [thread 101228] [58.0] [cxt 0] switch.p4(97) Primitive hdr.ethernet.srcAddr = hdr.ethernet.dstAddr
[09:11:57.852] [bmv2] [T] [thread 101228] [58.0] [cxt 0] switch.p4(98) Primitive hdr.ethernet.dstAddr = dstAddr
[09:11:57.852] [bmv2] [T] [thread 101228] [58.0] [cxt 0] switch.p4(99) Primitive hdr.ipv4.ttl = hdr.ipv4.ttl - 1
[09:11:57.852] [bmv2] [D] [thread 101228] [58.0] [cxt 0] Pipeline 'ingress': end
[09:11:57.852] [bmv2] [D] [thread 101228] [58.0] [cxt 0] Egress port is 1
[09:11:57.852] [bmv2] [D] [thread 101230] [58.0] [cxt 0] Pipeline 'egress': start
[09:11:57.854] [bmv2] [D] [thread 101230] [58.0] [cxt 0] Pipeline 'egress': end
[09:11:57.854] [bmv2] [D] [thread 101230] [58.0] [cxt 0] Deparser 'deparser': start
[09:11:57.854] [bmv2] [D] [thread 101230] [58.0] [cxt 0] Updating checksum 'cksum'
[09:11:57.854] [bmv2] [D] [thread 101230] [58.0] [cxt 0] Deparsing header 'ethernet'
[09:11:57.854] [bmv2] [D] [thread 101230] [58.0] [cxt 0] Deparsing header 'ipv4'
[09:11:57.854] [bmv2] [D] [thread 101230] [58.0] [cxt 0] Deparser 'deparser': end
[09:11:57.854] [bmv2] [D] [thread 101233] [58.0] [cxt 0] Transmitting packet of size 76 out of port 1
[09:11:57.930] [bmv2] [D] [thread 101228] [59.0] [cxt 0] Processing packet received on port 2
[09:11:57.930] [bmv2] [D] [thread 101228] [59.0] [cxt 0] Parser 'parser': start
[09:11:57.930] [bmv2] [D] [thread 101228] [59.0] [cxt 0] Parser 'parser' entering state 'start'
[09:11:57.930] [bmv2] [D] [thread 101228] [59.0] [cxt 0] Extracting header 'ethernet'
[09:11:57.930] [bmv2] [D] [thread 101228] [59.0] [cxt 0] Parser state 'start': key is 0800
[09:11:57.930] [bmv2] [T] [thread 101228] [59.0] [cxt 0] Bytes parsed: 14
[09:11:57.930] [bmv2] [D] [thread 101228] [59.0] [cxt 0] Parser 'parser' entering state 'parse_ipv4'
[09:11:57.930] [bmv2] [D] [thread 101228] [59.0] [cxt 0] Extracting header 'ipv4'
[09:11:57.930] [bmv2] [D] [thread 101228] [59.0] [cxt 0] Parser state 'parse_ipv4' has no switch, going to default next state
[09:11:57.930] [bmv2] [T] [thread 101228] [59.0] [cxt 0] Bytes parsed: 34
[09:11:57.930] [bmv2] [D] [thread 101228] [59.0] [cxt 0] Parser 'parser': end
[09:11:57.930] [bmv2] [D] [thread 101228] [59.0] [cxt 0] Pipeline 'ingress': start
[09:11:57.930] [bmv2] [T] [thread 101228] [59.0] [cxt 0] switch.p4(116) Condition "hdr.ipv4.isValid()" (node_2) is true
[09:11:57.930] [bmv2] [T] [thread 101228] [59.0] [cxt 0] Applying table 'MyIngress.ipv4_lpm'
[09:11:57.930] [bmv2] [D] [thread 101228] [59.0] [cxt 0] Looking up key:
* hdr.ipv4.dstAddr    : 0a000101

[09:11:57.930] [bmv2] [D] [thread 101228] [59.0] [cxt 0] Table 'MyIngress.ipv4_lpm': hit with handle 0
[09:11:57.930] [bmv2] [D] [thread 101228] [59.0] [cxt 0] Dumping entry 0
Match key:
* hdr.ipv4.dstAddr    : LPM       0a000101/32
Action entry: MyIngress.ipv4_forward - 80000000100,1,

[09:11:57.930] [bmv2] [D] [thread 101228] [59.0] [cxt 0] Action entry is MyIngress.ipv4_forward - 80000000100,1,
[09:11:57.930] [bmv2] [T] [thread 101228] [59.0] [cxt 0] Action MyIngress.ipv4_forward
[09:11:57.930] [bmv2] [T] [thread 101228] [59.0] [cxt 0] switch.p4(96) Primitive standard_metadata.egress_spec = port
[09:11:57.930] [bmv2] [T] [thread 101228] [59.0] [cxt 0] switch.p4(97) Primitive hdr.ethernet.srcAddr = hdr.ethernet.dstAddr
[09:11:57.930] [bmv2] [T] [thread 101228] [59.0] [cxt 0] switch.p4(98) Primitive hdr.ethernet.dstAddr = dstAddr
[09:11:57.930] [bmv2] [T] [thread 101228] [59.0] [cxt 0] switch.p4(99) Primitive hdr.ipv4.ttl = hdr.ipv4.ttl - 1
[09:11:57.930] [bmv2] [D] [thread 101228] [59.0] [cxt 0] Pipeline 'ingress': end
[09:11:57.930] [bmv2] [D] [thread 101228] [59.0] [cxt 0] Egress port is 1
[09:11:57.930] [bmv2] [D] [thread 101230] [59.0] [cxt 0] Pipeline 'egress': start
[09:11:57.930] [bmv2] [D] [thread 101230] [59.0] [cxt 0] Pipeline 'egress': end
[09:11:57.930] [bmv2] [D] [thread 101230] [59.0] [cxt 0] Deparser 'deparser': start
[09:11:57.930] [bmv2] [D] [thread 101230] [59.0] [cxt 0] Updating checksum 'cksum'
[09:11:57.930] [bmv2] [D] [thread 101230] [59.0] [cxt 0] Deparsing header 'ethernet'
[09:11:57.930] [bmv2] [D] [thread 101230] [59.0] [cxt 0] Deparsing header 'ipv4'
[09:11:57.930] [bmv2] [D] [thread 101230] [59.0] [cxt 0] Deparser 'deparser': end
[09:11:57.930] [bmv2] [D] [thread 101233] [59.0] [cxt 0] Transmitting packet of size 308 out of port 1
[09:11:57.944] [bmv2] [D] [thread 101228] [60.0] [cxt 0] Processing packet received on port 1
[09:11:57.944] [bmv2] [D] [thread 101228] [60.0] [cxt 0] Parser 'parser': start
[09:11:57.944] [bmv2] [D] [thread 101228] [60.0] [cxt 0] Parser 'parser' entering state 'start'
[09:11:57.944] [bmv2] [D] [thread 101228] [60.0] [cxt 0] Extracting header 'ethernet'
[09:11:57.944] [bmv2] [D] [thread 101228] [60.0] [cxt 0] Parser state 'start': key is 86dd
[09:11:57.944] [bmv2] [T] [thread 101228] [60.0] [cxt 0] Bytes parsed: 14
[09:11:57.944] [bmv2] [D] [thread 101228] [60.0] [cxt 0] Parser 'parser': end
[09:11:57.944] [bmv2] [D] [thread 101228] [60.0] [cxt 0] Pipeline 'ingress': start
[09:11:57.944] [bmv2] [T] [thread 101228] [60.0] [cxt 0] switch.p4(116) Condition "hdr.ipv4.isValid()" (node_2) is false
[09:11:57.944] [bmv2] [D] [thread 101228] [60.0] [cxt 0] Pipeline 'ingress': end
[09:11:57.944] [bmv2] [D] [thread 101228] [60.0] [cxt 0] Egress port is 0
[09:11:57.944] [bmv2] [D] [thread 101229] [60.0] [cxt 0] Pipeline 'egress': start
[09:11:57.944] [bmv2] [D] [thread 101229] [60.0] [cxt 0] Pipeline 'egress': end
[09:11:57.944] [bmv2] [D] [thread 101229] [60.0] [cxt 0] Deparser 'deparser': start
[09:11:57.944] [bmv2] [T] [thread 101229] [60.0] [cxt 0] Skipping checksum 'cksum' update because condition not met
[09:11:57.944] [bmv2] [D] [thread 101229] [60.0] [cxt 0] Deparsing header 'ethernet'
[09:11:57.944] [bmv2] [D] [thread 101229] [60.0] [cxt 0] Deparser 'deparser': end
[09:11:57.944] [bmv2] [D] [thread 101233] [60.0] [cxt 0] Transmitting packet of size 70 out of port 0
[09:11:57.944] [bmv2] [D] [thread 101228] [61.0] [cxt 0] Processing packet received on port 1
[09:11:57.944] [bmv2] [D] [thread 101228] [61.0] [cxt 0] Parser 'parser': start
[09:11:57.944] [bmv2] [D] [thread 101228] [61.0] [cxt 0] Parser 'parser' entering state 'start'
[09:11:57.944] [bmv2] [D] [thread 101228] [61.0] [cxt 0] Extracting header 'ethernet'
[09:11:57.944] [bmv2] [D] [thread 101228] [61.0] [cxt 0] Parser state 'start': key is 0800
[09:11:57.944] [bmv2] [T] [thread 101228] [61.0] [cxt 0] Bytes parsed: 14
[09:11:57.944] [bmv2] [D] [thread 101228] [61.0] [cxt 0] Parser 'parser' entering state 'parse_ipv4'
[09:11:57.944] [bmv2] [D] [thread 101228] [61.0] [cxt 0] Extracting header 'ipv4'
[09:11:57.944] [bmv2] [D] [thread 101228] [61.0] [cxt 0] Parser state 'parse_ipv4' has no switch, going to default next state
[09:11:57.944] [bmv2] [T] [thread 101228] [61.0] [cxt 0] Bytes parsed: 34
[09:11:57.944] [bmv2] [D] [thread 101228] [61.0] [cxt 0] Parser 'parser': end
[09:11:57.944] [bmv2] [D] [thread 101228] [61.0] [cxt 0] Pipeline 'ingress': start
[09:11:57.944] [bmv2] [T] [thread 101228] [61.0] [cxt 0] switch.p4(116) Condition "hdr.ipv4.isValid()" (node_2) is true
[09:11:57.944] [bmv2] [T] [thread 101228] [61.0] [cxt 0] Applying table 'MyIngress.ipv4_lpm'
[09:11:57.944] [bmv2] [D] [thread 101228] [61.0] [cxt 0] Looking up key:
* hdr.ipv4.dstAddr    : 0a000202

[09:11:57.944] [bmv2] [D] [thread 101228] [61.0] [cxt 0] Table 'MyIngress.ipv4_lpm': hit with handle 1
[09:11:57.944] [bmv2] [D] [thread 101228] [61.0] [cxt 0] Dumping entry 1
Match key:
* hdr.ipv4.dstAddr    : LPM       0a000202/32
Action entry: MyIngress.ipv4_forward - 80000000300,2,

[09:11:57.944] [bmv2] [D] [thread 101228] [61.0] [cxt 0] Action entry is MyIngress.ipv4_forward - 80000000300,2,
[09:11:57.944] [bmv2] [T] [thread 101228] [61.0] [cxt 0] Action MyIngress.ipv4_forward
[09:11:57.944] [bmv2] [T] [thread 101228] [61.0] [cxt 0] switch.p4(96) Primitive standard_metadata.egress_spec = port
[09:11:57.944] [bmv2] [T] [thread 101228] [61.0] [cxt 0] switch.p4(97) Primitive hdr.ethernet.srcAddr = hdr.ethernet.dstAddr
[09:11:57.944] [bmv2] [T] [thread 101228] [61.0] [cxt 0] switch.p4(98) Primitive hdr.ethernet.dstAddr = dstAddr
[09:11:57.944] [bmv2] [T] [thread 101228] [61.0] [cxt 0] switch.p4(99) Primitive hdr.ipv4.ttl = hdr.ipv4.ttl - 1
[09:11:57.944] [bmv2] [D] [thread 101228] [61.0] [cxt 0] Pipeline 'ingress': end
[09:11:57.944] [bmv2] [D] [thread 101228] [61.0] [cxt 0] Egress port is 2
[09:11:57.944] [bmv2] [D] [thread 101231] [61.0] [cxt 0] Pipeline 'egress': start
[09:11:57.944] [bmv2] [D] [thread 101231] [61.0] [cxt 0] Pipeline 'egress': end
[09:11:57.944] [bmv2] [D] [thread 101231] [61.0] [cxt 0] Deparser 'deparser': start
[09:11:57.944] [bmv2] [D] [thread 101231] [61.0] [cxt 0] Updating checksum 'cksum'
[09:11:57.944] [bmv2] [D] [thread 101231] [61.0] [cxt 0] Deparsing header 'ethernet'
[09:11:57.944] [bmv2] [D] [thread 101231] [61.0] [cxt 0] Deparsing header 'ipv4'
[09:11:57.944] [bmv2] [D] [thread 101231] [61.0] [cxt 0] Deparser 'deparser': end
[09:11:57.944] [bmv2] [D] [thread 101233] [61.0] [cxt 0] Transmitting packet of size 336 out of port 2
[09:11:58.114] [bmv2] [D] [thread 101228] [62.0] [cxt 0] Processing packet received on port 1
[09:11:58.114] [bmv2] [D] [thread 101228] [62.0] [cxt 0] Parser 'parser': start
[09:11:58.114] [bmv2] [D] [thread 101228] [62.0] [cxt 0] Parser 'parser' entering state 'start'
[09:11:58.114] [bmv2] [D] [thread 101228] [62.0] [cxt 0] Extracting header 'ethernet'
[09:11:58.114] [bmv2] [D] [thread 101228] [62.0] [cxt 0] Parser state 'start': key is 86dd
[09:11:58.114] [bmv2] [T] [thread 101228] [62.0] [cxt 0] Bytes parsed: 14
[09:11:58.114] [bmv2] [D] [thread 101228] [62.0] [cxt 0] Parser 'parser': end
[09:11:58.114] [bmv2] [D] [thread 101228] [62.0] [cxt 0] Pipeline 'ingress': start
[09:11:58.114] [bmv2] [T] [thread 101228] [62.0] [cxt 0] switch.p4(116) Condition "hdr.ipv4.isValid()" (node_2) is false
[09:11:58.114] [bmv2] [D] [thread 101228] [62.0] [cxt 0] Pipeline 'ingress': end
[09:11:58.114] [bmv2] [D] [thread 101228] [62.0] [cxt 0] Egress port is 0
[09:11:58.114] [bmv2] [D] [thread 101229] [62.0] [cxt 0] Pipeline 'egress': start
[09:11:58.114] [bmv2] [D] [thread 101229] [62.0] [cxt 0] Pipeline 'egress': end
[09:11:58.114] [bmv2] [D] [thread 101229] [62.0] [cxt 0] Deparser 'deparser': start
[09:11:58.114] [bmv2] [T] [thread 101229] [62.0] [cxt 0] Skipping checksum 'cksum' update because condition not met
[09:11:58.114] [bmv2] [D] [thread 101229] [62.0] [cxt 0] Deparsing header 'ethernet'
[09:11:58.114] [bmv2] [D] [thread 101229] [62.0] [cxt 0] Deparser 'deparser': end
[09:11:58.114] [bmv2] [D] [thread 101233] [62.0] [cxt 0] Transmitting packet of size 199 out of port 0
[09:11:58.195] [bmv2] [D] [thread 101228] [63.0] [cxt 0] Processing packet received on port 1
[09:11:58.195] [bmv2] [D] [thread 101228] [63.0] [cxt 0] Parser 'parser': start
[09:11:58.195] [bmv2] [D] [thread 101228] [63.0] [cxt 0] Parser 'parser' entering state 'start'
[09:11:58.195] [bmv2] [D] [thread 101228] [63.0] [cxt 0] Extracting header 'ethernet'
[09:11:58.195] [bmv2] [D] [thread 101228] [63.0] [cxt 0] Parser state 'start': key is 86dd
[09:11:58.195] [bmv2] [T] [thread 101228] [63.0] [cxt 0] Bytes parsed: 14
[09:11:58.195] [bmv2] [D] [thread 101228] [63.0] [cxt 0] Parser 'parser': end
[09:11:58.195] [bmv2] [D] [thread 101228] [63.0] [cxt 0] Pipeline 'ingress': start
[09:11:58.195] [bmv2] [T] [thread 101228] [63.0] [cxt 0] switch.p4(116) Condition "hdr.ipv4.isValid()" (node_2) is false
[09:11:58.195] [bmv2] [D] [thread 101228] [63.0] [cxt 0] Pipeline 'ingress': end
[09:11:58.195] [bmv2] [D] [thread 101228] [63.0] [cxt 0] Egress port is 0
[09:11:58.195] [bmv2] [D] [thread 101229] [63.0] [cxt 0] Pipeline 'egress': start
[09:11:58.195] [bmv2] [D] [thread 101229] [63.0] [cxt 0] Pipeline 'egress': end
[09:11:58.195] [bmv2] [D] [thread 101229] [63.0] [cxt 0] Deparser 'deparser': start
[09:11:58.195] [bmv2] [T] [thread 101229] [63.0] [cxt 0] Skipping checksum 'cksum' update because condition not met
[09:11:58.195] [bmv2] [D] [thread 101229] [63.0] [cxt 0] Deparsing header 'ethernet'
[09:11:58.195] [bmv2] [D] [thread 101229] [63.0] [cxt 0] Deparser 'deparser': end
[09:11:58.195] [bmv2] [D] [thread 101233] [63.0] [cxt 0] Transmitting packet of size 171 out of port 0
[09:11:58.201] [bmv2] [D] [thread 101228] [64.0] [cxt 0] Processing packet received on port 1
[09:11:58.206] [bmv2] [D] [thread 101228] [64.0] [cxt 0] Parser 'parser': start
[09:11:58.206] [bmv2] [D] [thread 101228] [64.0] [cxt 0] Parser 'parser' entering state 'start'
[09:11:58.206] [bmv2] [D] [thread 101228] [64.0] [cxt 0] Extracting header 'ethernet'
[09:11:58.206] [bmv2] [D] [thread 101228] [64.0] [cxt 0] Parser state 'start': key is 86dd
[09:11:58.206] [bmv2] [T] [thread 101228] [64.0] [cxt 0] Bytes parsed: 14
[09:11:58.206] [bmv2] [D] [thread 101228] [64.0] [cxt 0] Parser 'parser': end
[09:11:58.206] [bmv2] [D] [thread 101228] [64.0] [cxt 0] Pipeline 'ingress': start
[09:11:58.206] [bmv2] [T] [thread 101228] [64.0] [cxt 0] switch.p4(116) Condition "hdr.ipv4.isValid()" (node_2) is false
[09:11:58.206] [bmv2] [D] [thread 101228] [64.0] [cxt 0] Pipeline 'ingress': end
[09:11:58.206] [bmv2] [D] [thread 101228] [64.0] [cxt 0] Egress port is 0
[09:11:58.206] [bmv2] [D] [thread 101228] [65.0] [cxt 0] Processing packet received on port 2
[09:11:58.206] [bmv2] [D] [thread 101228] [65.0] [cxt 0] Parser 'parser': start
[09:11:58.206] [bmv2] [D] [thread 101228] [65.0] [cxt 0] Parser 'parser' entering state 'start'
[09:11:58.206] [bmv2] [D] [thread 101228] [65.0] [cxt 0] Extracting header 'ethernet'
[09:11:58.206] [bmv2] [D] [thread 101228] [65.0] [cxt 0] Parser state 'start': key is 86dd
[09:11:58.206] [bmv2] [T] [thread 101228] [65.0] [cxt 0] Bytes parsed: 14
[09:11:58.206] [bmv2] [D] [thread 101228] [65.0] [cxt 0] Parser 'parser': end
[09:11:58.206] [bmv2] [D] [thread 101228] [65.0] [cxt 0] Pipeline 'ingress': start
[09:11:58.206] [bmv2] [T] [thread 101228] [65.0] [cxt 0] switch.p4(116) Condition "hdr.ipv4.isValid()" (node_2) is false
[09:11:58.206] [bmv2] [D] [thread 101228] [65.0] [cxt 0] Pipeline 'ingress': end
[09:11:58.206] [bmv2] [D] [thread 101228] [65.0] [cxt 0] Egress port is 0
[09:11:58.206] [bmv2] [D] [thread 101229] [64.0] [cxt 0] Pipeline 'egress': start
[09:11:58.206] [bmv2] [D] [thread 101229] [64.0] [cxt 0] Pipeline 'egress': end
[09:11:58.206] [bmv2] [D] [thread 101229] [64.0] [cxt 0] Deparser 'deparser': start
[09:11:58.206] [bmv2] [T] [thread 101229] [64.0] [cxt 0] Skipping checksum 'cksum' update because condition not met
[09:11:58.206] [bmv2] [D] [thread 101229] [64.0] [cxt 0] Deparsing header 'ethernet'
[09:11:58.206] [bmv2] [D] [thread 101229] [64.0] [cxt 0] Deparser 'deparser': end
[09:11:58.206] [bmv2] [D] [thread 101229] [65.0] [cxt 0] Pipeline 'egress': start
[09:11:58.206] [bmv2] [D] [thread 101229] [65.0] [cxt 0] Pipeline 'egress': end
[09:11:58.206] [bmv2] [D] [thread 101229] [65.0] [cxt 0] Deparser 'deparser': start
[09:11:58.206] [bmv2] [T] [thread 101229] [65.0] [cxt 0] Skipping checksum 'cksum' update because condition not met
[09:11:58.206] [bmv2] [D] [thread 101229] [65.0] [cxt 0] Deparsing header 'ethernet'
[09:11:58.206] [bmv2] [D] [thread 101229] [65.0] [cxt 0] Deparser 'deparser': end
[09:11:58.206] [bmv2] [D] [thread 101233] [64.0] [cxt 0] Transmitting packet of size 113 out of port 0
[09:11:58.206] [bmv2] [D] [thread 101233] [65.0] [cxt 0] Transmitting packet of size 199 out of port 0
[09:11:58.458] [bmv2] [D] [thread 101228] [66.0] [cxt 0] Processing packet received on port 2
[09:11:58.458] [bmv2] [D] [thread 101228] [66.0] [cxt 0] Parser 'parser': start
[09:11:58.458] [bmv2] [D] [thread 101228] [66.0] [cxt 0] Parser 'parser' entering state 'start'
[09:11:58.458] [bmv2] [D] [thread 101228] [66.0] [cxt 0] Extracting header 'ethernet'
[09:11:58.458] [bmv2] [D] [thread 101228] [66.0] [cxt 0] Parser state 'start': key is 86dd
[09:11:58.458] [bmv2] [T] [thread 101228] [66.0] [cxt 0] Bytes parsed: 14
[09:11:58.458] [bmv2] [D] [thread 101228] [66.0] [cxt 0] Parser 'parser': end
[09:11:58.458] [bmv2] [D] [thread 101228] [66.0] [cxt 0] Pipeline 'ingress': start
[09:11:58.458] [bmv2] [T] [thread 101228] [66.0] [cxt 0] switch.p4(116) Condition "hdr.ipv4.isValid()" (node_2) is false
[09:11:58.458] [bmv2] [D] [thread 101228] [66.0] [cxt 0] Pipeline 'ingress': end
[09:11:58.458] [bmv2] [D] [thread 101228] [66.0] [cxt 0] Egress port is 0
[09:11:58.458] [bmv2] [D] [thread 101229] [66.0] [cxt 0] Pipeline 'egress': start
[09:11:58.458] [bmv2] [D] [thread 101229] [66.0] [cxt 0] Pipeline 'egress': end
[09:11:58.458] [bmv2] [D] [thread 101229] [66.0] [cxt 0] Deparser 'deparser': start
[09:11:58.458] [bmv2] [T] [thread 101229] [66.0] [cxt 0] Skipping checksum 'cksum' update because condition not met
[09:11:58.458] [bmv2] [D] [thread 101229] [66.0] [cxt 0] Deparsing header 'ethernet'
[09:11:58.458] [bmv2] [D] [thread 101229] [66.0] [cxt 0] Deparser 'deparser': end
[09:11:58.458] [bmv2] [D] [thread 101233] [66.0] [cxt 0] Transmitting packet of size 70 out of port 0
[09:11:58.604] [bmv2] [D] [thread 101228] [67.0] [cxt 0] Processing packet received on port 1
[09:11:58.604] [bmv2] [D] [thread 101228] [67.0] [cxt 0] Parser 'parser': start
[09:11:58.604] [bmv2] [D] [thread 101228] [67.0] [cxt 0] Parser 'parser' entering state 'start'
[09:11:58.604] [bmv2] [D] [thread 101228] [67.0] [cxt 0] Extracting header 'ethernet'
[09:11:58.604] [bmv2] [D] [thread 101228] [67.0] [cxt 0] Parser state 'start': key is 0800
[09:11:58.604] [bmv2] [T] [thread 101228] [67.0] [cxt 0] Bytes parsed: 14
[09:11:58.604] [bmv2] [D] [thread 101228] [67.0] [cxt 0] Parser 'parser' entering state 'parse_ipv4'
[09:11:58.604] [bmv2] [D] [thread 101228] [67.0] [cxt 0] Extracting header 'ipv4'
[09:11:58.604] [bmv2] [D] [thread 101228] [67.0] [cxt 0] Parser state 'parse_ipv4' has no switch, going to default next state
[09:11:58.604] [bmv2] [T] [thread 101228] [67.0] [cxt 0] Bytes parsed: 34
[09:11:58.604] [bmv2] [D] [thread 101228] [67.0] [cxt 0] Parser 'parser': end
[09:11:58.604] [bmv2] [D] [thread 101228] [67.0] [cxt 0] Pipeline 'ingress': start
[09:11:58.604] [bmv2] [T] [thread 101228] [67.0] [cxt 0] switch.p4(116) Condition "hdr.ipv4.isValid()" (node_2) is true
[09:11:58.604] [bmv2] [T] [thread 101228] [67.0] [cxt 0] Applying table 'MyIngress.ipv4_lpm'
[09:11:58.604] [bmv2] [D] [thread 101228] [67.0] [cxt 0] Looking up key:
* hdr.ipv4.dstAddr    : 0a000202

[09:11:58.604] [bmv2] [D] [thread 101228] [67.0] [cxt 0] Table 'MyIngress.ipv4_lpm': hit with handle 1
[09:11:58.604] [bmv2] [D] [thread 101228] [67.0] [cxt 0] Dumping entry 1
Match key:
* hdr.ipv4.dstAddr    : LPM       0a000202/32
Action entry: MyIngress.ipv4_forward - 80000000300,2,

[09:11:58.604] [bmv2] [D] [thread 101228] [67.0] [cxt 0] Action entry is MyIngress.ipv4_forward - 80000000300,2,
[09:11:58.604] [bmv2] [T] [thread 101228] [67.0] [cxt 0] Action MyIngress.ipv4_forward
[09:11:58.604] [bmv2] [T] [thread 101228] [67.0] [cxt 0] switch.p4(96) Primitive standard_metadata.egress_spec = port
[09:11:58.604] [bmv2] [T] [thread 101228] [67.0] [cxt 0] switch.p4(97) Primitive hdr.ethernet.srcAddr = hdr.ethernet.dstAddr
[09:11:58.604] [bmv2] [T] [thread 101228] [67.0] [cxt 0] switch.p4(98) Primitive hdr.ethernet.dstAddr = dstAddr
[09:11:58.604] [bmv2] [T] [thread 101228] [67.0] [cxt 0] switch.p4(99) Primitive hdr.ipv4.ttl = hdr.ipv4.ttl - 1
[09:11:58.604] [bmv2] [D] [thread 101228] [67.0] [cxt 0] Pipeline 'ingress': end
[09:11:58.604] [bmv2] [D] [thread 101228] [67.0] [cxt 0] Egress port is 2
[09:11:58.604] [bmv2] [D] [thread 101231] [67.0] [cxt 0] Pipeline 'egress': start
[09:11:58.604] [bmv2] [D] [thread 101231] [67.0] [cxt 0] Pipeline 'egress': end
[09:11:58.604] [bmv2] [D] [thread 101231] [67.0] [cxt 0] Deparser 'deparser': start
[09:11:58.604] [bmv2] [D] [thread 101231] [67.0] [cxt 0] Updating checksum 'cksum'
[09:11:58.604] [bmv2] [D] [thread 101231] [67.0] [cxt 0] Deparsing header 'ethernet'
[09:11:58.604] [bmv2] [D] [thread 101231] [67.0] [cxt 0] Deparsing header 'ipv4'
[09:11:58.604] [bmv2] [D] [thread 101231] [67.0] [cxt 0] Deparser 'deparser': end
[09:11:58.604] [bmv2] [D] [thread 101233] [67.0] [cxt 0] Transmitting packet of size 48 out of port 2
[09:11:58.615] [bmv2] [D] [thread 101228] [68.0] [cxt 0] Processing packet received on port 2
[09:11:58.620] [bmv2] [D] [thread 101228] [68.0] [cxt 0] Parser 'parser': start
[09:11:58.620] [bmv2] [D] [thread 101228] [68.0] [cxt 0] Parser 'parser' entering state 'start'
[09:11:58.620] [bmv2] [D] [thread 101228] [68.0] [cxt 0] Extracting header 'ethernet'
[09:11:58.620] [bmv2] [D] [thread 101228] [68.0] [cxt 0] Parser state 'start': key is 0800
[09:11:58.620] [bmv2] [T] [thread 101228] [68.0] [cxt 0] Bytes parsed: 14
[09:11:58.620] [bmv2] [D] [thread 101228] [68.0] [cxt 0] Parser 'parser' entering state 'parse_ipv4'
[09:11:58.620] [bmv2] [D] [thread 101228] [68.0] [cxt 0] Extracting header 'ipv4'
[09:11:58.620] [bmv2] [D] [thread 101228] [68.0] [cxt 0] Parser state 'parse_ipv4' has no switch, going to default next state
[09:11:58.625] [bmv2] [T] [thread 101228] [68.0] [cxt 0] Bytes parsed: 34
[09:11:58.625] [bmv2] [D] [thread 101228] [68.0] [cxt 0] Parser 'parser': end
[09:11:58.625] [bmv2] [D] [thread 101228] [68.0] [cxt 0] Pipeline 'ingress': start
[09:11:58.625] [bmv2] [T] [thread 101228] [68.0] [cxt 0] switch.p4(116) Condition "hdr.ipv4.isValid()" (node_2) is true
[09:11:58.625] [bmv2] [T] [thread 101228] [68.0] [cxt 0] Applying table 'MyIngress.ipv4_lpm'
[09:11:58.625] [bmv2] [D] [thread 101228] [68.0] [cxt 0] Looking up key:
* hdr.ipv4.dstAddr    : 0a000101

[09:11:58.625] [bmv2] [D] [thread 101228] [68.0] [cxt 0] Table 'MyIngress.ipv4_lpm': hit with handle 0
[09:11:58.625] [bmv2] [D] [thread 101228] [68.0] [cxt 0] Dumping entry 0
Match key:
* hdr.ipv4.dstAddr    : LPM       0a000101/32
Action entry: MyIngress.ipv4_forward - 80000000100,1,

[09:11:58.625] [bmv2] [D] [thread 101228] [68.0] [cxt 0] Action entry is MyIngress.ipv4_forward - 80000000100,1,
[09:11:58.625] [bmv2] [T] [thread 101228] [68.0] [cxt 0] Action MyIngress.ipv4_forward
[09:11:58.625] [bmv2] [T] [thread 101228] [68.0] [cxt 0] switch.p4(96) Primitive standard_metadata.egress_spec = port
[09:11:58.625] [bmv2] [T] [thread 101228] [68.0] [cxt 0] switch.p4(97) Primitive hdr.ethernet.srcAddr = hdr.ethernet.dstAddr
[09:11:58.625] [bmv2] [T] [thread 101228] [68.0] [cxt 0] switch.p4(98) Primitive hdr.ethernet.dstAddr = dstAddr
[09:11:58.625] [bmv2] [T] [thread 101228] [68.0] [cxt 0] switch.p4(99) Primitive hdr.ipv4.ttl = hdr.ipv4.ttl - 1
[09:11:58.625] [bmv2] [D] [thread 101228] [68.0] [cxt 0] Pipeline 'ingress': end
[09:11:58.625] [bmv2] [D] [thread 101228] [68.0] [cxt 0] Egress port is 1
[09:11:58.625] [bmv2] [D] [thread 101230] [68.0] [cxt 0] Pipeline 'egress': start
[09:11:58.625] [bmv2] [D] [thread 101230] [68.0] [cxt 0] Pipeline 'egress': end
[09:11:58.630] [bmv2] [D] [thread 101230] [68.0] [cxt 0] Deparser 'deparser': start
[09:11:58.630] [bmv2] [D] [thread 101230] [68.0] [cxt 0] Updating checksum 'cksum'
[09:11:58.635] [bmv2] [D] [thread 101230] [68.0] [cxt 0] Deparsing header 'ethernet'
[09:11:58.635] [bmv2] [D] [thread 101230] [68.0] [cxt 0] Deparsing header 'ipv4'
[09:11:58.635] [bmv2] [D] [thread 101230] [68.0] [cxt 0] Deparser 'deparser': end
[09:11:58.635] [bmv2] [D] [thread 101233] [68.0] [cxt 0] Transmitting packet of size 76 out of port 1
[09:11:58.640] [bmv2] [D] [thread 101228] [69.0] [cxt 0] Processing packet received on port 2
[09:11:58.645] [bmv2] [D] [thread 101228] [69.0] [cxt 0] Parser 'parser': start
[09:11:58.645] [bmv2] [D] [thread 101228] [69.0] [cxt 0] Parser 'parser' entering state 'start'
[09:11:58.645] [bmv2] [D] [thread 101228] [69.0] [cxt 0] Extracting header 'ethernet'
[09:11:58.645] [bmv2] [D] [thread 101228] [69.0] [cxt 0] Parser state 'start': key is 0800
[09:11:58.645] [bmv2] [T] [thread 101228] [69.0] [cxt 0] Bytes parsed: 14
[09:11:58.645] [bmv2] [D] [thread 101228] [69.0] [cxt 0] Parser 'parser' entering state 'parse_ipv4'
[09:11:58.645] [bmv2] [D] [thread 101228] [69.0] [cxt 0] Extracting header 'ipv4'
[09:11:58.645] [bmv2] [D] [thread 101228] [69.0] [cxt 0] Parser state 'parse_ipv4' has no switch, going to default next state
[09:11:58.645] [bmv2] [T] [thread 101228] [69.0] [cxt 0] Bytes parsed: 34
[09:11:58.645] [bmv2] [D] [thread 101228] [69.0] [cxt 0] Parser 'parser': end
[09:11:58.645] [bmv2] [D] [thread 101228] [69.0] [cxt 0] Pipeline 'ingress': start
[09:11:58.645] [bmv2] [T] [thread 101228] [69.0] [cxt 0] switch.p4(116) Condition "hdr.ipv4.isValid()" (node_2) is true
[09:11:58.645] [bmv2] [T] [thread 101228] [69.0] [cxt 0] Applying table 'MyIngress.ipv4_lpm'
[09:11:58.645] [bmv2] [D] [thread 101228] [69.0] [cxt 0] Looking up key:
* hdr.ipv4.dstAddr    : 0a000101

[09:11:58.650] [bmv2] [D] [thread 101228] [69.0] [cxt 0] Table 'MyIngress.ipv4_lpm': hit with handle 0
[09:11:58.650] [bmv2] [D] [thread 101228] [69.0] [cxt 0] Dumping entry 0
Match key:
* hdr.ipv4.dstAddr    : LPM       0a000101/32
Action entry: MyIngress.ipv4_forward - 80000000100,1,

[09:11:58.650] [bmv2] [D] [thread 101228] [69.0] [cxt 0] Action entry is MyIngress.ipv4_forward - 80000000100,1,
[09:11:58.650] [bmv2] [T] [thread 101228] [69.0] [cxt 0] Action MyIngress.ipv4_forward
[09:11:58.650] [bmv2] [T] [thread 101228] [69.0] [cxt 0] switch.p4(96) Primitive standard_metadata.egress_spec = port
[09:11:58.650] [bmv2] [T] [thread 101228] [69.0] [cxt 0] switch.p4(97) Primitive hdr.ethernet.srcAddr = hdr.ethernet.dstAddr
[09:11:58.655] [bmv2] [T] [thread 101228] [69.0] [cxt 0] switch.p4(98) Primitive hdr.ethernet.dstAddr = dstAddr
[09:11:58.655] [bmv2] [T] [thread 101228] [69.0] [cxt 0] switch.p4(99) Primitive hdr.ipv4.ttl = hdr.ipv4.ttl - 1
[09:11:58.655] [bmv2] [D] [thread 101228] [69.0] [cxt 0] Pipeline 'ingress': end
[09:11:58.655] [bmv2] [D] [thread 101228] [69.0] [cxt 0] Egress port is 1
[09:11:58.655] [bmv2] [D] [thread 101230] [69.0] [cxt 0] Pipeline 'egress': start
[09:11:58.655] [bmv2] [D] [thread 101230] [69.0] [cxt 0] Pipeline 'egress': end
[09:11:58.655] [bmv2] [D] [thread 101230] [69.0] [cxt 0] Deparser 'deparser': start
[09:11:58.655] [bmv2] [D] [thread 101230] [69.0] [cxt 0] Updating checksum 'cksum'
[09:11:58.655] [bmv2] [D] [thread 101230] [69.0] [cxt 0] Deparsing header 'ethernet'
[09:11:58.655] [bmv2] [D] [thread 101230] [69.0] [cxt 0] Deparsing header 'ipv4'
[09:11:58.655] [bmv2] [D] [thread 101230] [69.0] [cxt 0] Deparser 'deparser': end
[09:11:58.655] [bmv2] [D] [thread 101233] [69.0] [cxt 0] Transmitting packet of size 308 out of port 1
[09:11:58.671] [bmv2] [D] [thread 101228] [70.0] [cxt 0] Processing packet received on port 1
[09:11:58.671] [bmv2] [D] [thread 101228] [70.0] [cxt 0] Parser 'parser': start
[09:11:58.671] [bmv2] [D] [thread 101228] [70.0] [cxt 0] Parser 'parser' entering state 'start'
[09:11:58.671] [bmv2] [D] [thread 101228] [70.0] [cxt 0] Extracting header 'ethernet'
[09:11:58.671] [bmv2] [D] [thread 101228] [70.0] [cxt 0] Parser state 'start': key is 0800
[09:11:58.671] [bmv2] [T] [thread 101228] [70.0] [cxt 0] Bytes parsed: 14
[09:11:58.671] [bmv2] [D] [thread 101228] [70.0] [cxt 0] Parser 'parser' entering state 'parse_ipv4'
[09:11:58.671] [bmv2] [D] [thread 101228] [70.0] [cxt 0] Extracting header 'ipv4'
[09:11:58.671] [bmv2] [D] [thread 101228] [70.0] [cxt 0] Parser state 'parse_ipv4' has no switch, going to default next state
[09:11:58.672] [bmv2] [T] [thread 101228] [70.0] [cxt 0] Bytes parsed: 34
[09:11:58.672] [bmv2] [D] [thread 101228] [70.0] [cxt 0] Parser 'parser': end
[09:11:58.672] [bmv2] [D] [thread 101228] [70.0] [cxt 0] Pipeline 'ingress': start
[09:11:58.672] [bmv2] [T] [thread 101228] [70.0] [cxt 0] switch.p4(116) Condition "hdr.ipv4.isValid()" (node_2) is true
[09:11:58.672] [bmv2] [T] [thread 101228] [70.0] [cxt 0] Applying table 'MyIngress.ipv4_lpm'
[09:11:58.672] [bmv2] [D] [thread 101228] [70.0] [cxt 0] Looking up key:
* hdr.ipv4.dstAddr    : 0a000202

[09:11:58.672] [bmv2] [D] [thread 101228] [70.0] [cxt 0] Table 'MyIngress.ipv4_lpm': hit with handle 1
[09:11:58.672] [bmv2] [D] [thread 101228] [70.0] [cxt 0] Dumping entry 1
Match key:
* hdr.ipv4.dstAddr    : LPM       0a000202/32
Action entry: MyIngress.ipv4_forward - 80000000300,2,

[09:11:58.672] [bmv2] [D] [thread 101228] [70.0] [cxt 0] Action entry is MyIngress.ipv4_forward - 80000000300,2,
[09:11:58.672] [bmv2] [T] [thread 101228] [70.0] [cxt 0] Action MyIngress.ipv4_forward
[09:11:58.672] [bmv2] [T] [thread 101228] [70.0] [cxt 0] switch.p4(96) Primitive standard_metadata.egress_spec = port
[09:11:58.672] [bmv2] [T] [thread 101228] [70.0] [cxt 0] switch.p4(97) Primitive hdr.ethernet.srcAddr = hdr.ethernet.dstAddr
[09:11:58.672] [bmv2] [T] [thread 101228] [70.0] [cxt 0] switch.p4(98) Primitive hdr.ethernet.dstAddr = dstAddr
[09:11:58.672] [bmv2] [T] [thread 101228] [70.0] [cxt 0] switch.p4(99) Primitive hdr.ipv4.ttl = hdr.ipv4.ttl - 1
[09:11:58.672] [bmv2] [D] [thread 101228] [70.0] [cxt 0] Pipeline 'ingress': end
[09:11:58.672] [bmv2] [D] [thread 101228] [70.0] [cxt 0] Egress port is 2
[09:11:58.672] [bmv2] [D] [thread 101231] [70.0] [cxt 0] Pipeline 'egress': start
[09:11:58.672] [bmv2] [D] [thread 101231] [70.0] [cxt 0] Pipeline 'egress': end
[09:11:58.672] [bmv2] [D] [thread 101231] [70.0] [cxt 0] Deparser 'deparser': start
[09:11:58.672] [bmv2] [D] [thread 101231] [70.0] [cxt 0] Updating checksum 'cksum'
[09:11:58.672] [bmv2] [D] [thread 101231] [70.0] [cxt 0] Deparsing header 'ethernet'
[09:11:58.672] [bmv2] [D] [thread 101231] [70.0] [cxt 0] Deparsing header 'ipv4'
[09:11:58.672] [bmv2] [D] [thread 101231] [70.0] [cxt 0] Deparser 'deparser': end
[09:11:58.672] [bmv2] [D] [thread 101233] [70.0] [cxt 0] Transmitting packet of size 336 out of port 2
[09:11:59.635] [bmv2] [D] [thread 101228] [71.0] [cxt 0] Processing packet received on port 1
[09:11:59.635] [bmv2] [D] [thread 101228] [71.0] [cxt 0] Parser 'parser': start
[09:11:59.635] [bmv2] [D] [thread 101228] [71.0] [cxt 0] Parser 'parser' entering state 'start'
[09:11:59.635] [bmv2] [D] [thread 101228] [71.0] [cxt 0] Extracting header 'ethernet'
[09:11:59.635] [bmv2] [D] [thread 101228] [71.0] [cxt 0] Parser state 'start': key is 0800
[09:11:59.635] [bmv2] [T] [thread 101228] [71.0] [cxt 0] Bytes parsed: 14
[09:11:59.635] [bmv2] [D] [thread 101228] [71.0] [cxt 0] Parser 'parser' entering state 'parse_ipv4'
[09:11:59.635] [bmv2] [D] [thread 101228] [71.0] [cxt 0] Extracting header 'ipv4'
[09:11:59.635] [bmv2] [D] [thread 101228] [71.0] [cxt 0] Parser state 'parse_ipv4' has no switch, going to default next state
[09:11:59.635] [bmv2] [T] [thread 101228] [71.0] [cxt 0] Bytes parsed: 34
[09:11:59.635] [bmv2] [D] [thread 101228] [71.0] [cxt 0] Parser 'parser': end
[09:11:59.635] [bmv2] [D] [thread 101228] [71.0] [cxt 0] Pipeline 'ingress': start
[09:11:59.635] [bmv2] [T] [thread 101228] [71.0] [cxt 0] switch.p4(116) Condition "hdr.ipv4.isValid()" (node_2) is true
[09:11:59.635] [bmv2] [T] [thread 101228] [71.0] [cxt 0] Applying table 'MyIngress.ipv4_lpm'
[09:11:59.635] [bmv2] [D] [thread 101228] [71.0] [cxt 0] Looking up key:
* hdr.ipv4.dstAddr    : 0a000202

[09:11:59.635] [bmv2] [D] [thread 101228] [71.0] [cxt 0] Table 'MyIngress.ipv4_lpm': hit with handle 1
[09:11:59.635] [bmv2] [D] [thread 101228] [71.0] [cxt 0] Dumping entry 1
Match key:
* hdr.ipv4.dstAddr    : LPM       0a000202/32
Action entry: MyIngress.ipv4_forward - 80000000300,2,

[09:11:59.635] [bmv2] [D] [thread 101228] [71.0] [cxt 0] Action entry is MyIngress.ipv4_forward - 80000000300,2,
[09:11:59.635] [bmv2] [T] [thread 101228] [71.0] [cxt 0] Action MyIngress.ipv4_forward
[09:11:59.635] [bmv2] [T] [thread 101228] [71.0] [cxt 0] switch.p4(96) Primitive standard_metadata.egress_spec = port
[09:11:59.635] [bmv2] [T] [thread 101228] [71.0] [cxt 0] switch.p4(97) Primitive hdr.ethernet.srcAddr = hdr.ethernet.dstAddr
[09:11:59.635] [bmv2] [T] [thread 101228] [71.0] [cxt 0] switch.p4(98) Primitive hdr.ethernet.dstAddr = dstAddr
[09:11:59.635] [bmv2] [T] [thread 101228] [71.0] [cxt 0] switch.p4(99) Primitive hdr.ipv4.ttl = hdr.ipv4.ttl - 1
[09:11:59.635] [bmv2] [D] [thread 101228] [71.0] [cxt 0] Pipeline 'ingress': end
[09:11:59.635] [bmv2] [D] [thread 101228] [71.0] [cxt 0] Egress port is 2
[09:11:59.635] [bmv2] [D] [thread 101231] [71.0] [cxt 0] Pipeline 'egress': start
[09:11:59.635] [bmv2] [D] [thread 101231] [71.0] [cxt 0] Pipeline 'egress': end
[09:11:59.637] [bmv2] [D] [thread 101231] [71.0] [cxt 0] Deparser 'deparser': start
[09:11:59.637] [bmv2] [D] [thread 101231] [71.0] [cxt 0] Updating checksum 'cksum'
[09:11:59.637] [bmv2] [D] [thread 101231] [71.0] [cxt 0] Deparsing header 'ethernet'
[09:11:59.637] [bmv2] [D] [thread 101231] [71.0] [cxt 0] Deparsing header 'ipv4'
[09:11:59.637] [bmv2] [D] [thread 101231] [71.0] [cxt 0] Deparser 'deparser': end
[09:11:59.637] [bmv2] [D] [thread 101233] [71.0] [cxt 0] Transmitting packet of size 48 out of port 2
[09:11:59.638] [bmv2] [D] [thread 101228] [72.0] [cxt 0] Processing packet received on port 2
[09:11:59.638] [bmv2] [D] [thread 101228] [72.0] [cxt 0] Parser 'parser': start
[09:11:59.638] [bmv2] [D] [thread 101228] [72.0] [cxt 0] Parser 'parser' entering state 'start'
[09:11:59.638] [bmv2] [D] [thread 101228] [72.0] [cxt 0] Extracting header 'ethernet'
[09:11:59.638] [bmv2] [D] [thread 101228] [72.0] [cxt 0] Parser state 'start': key is 0800
[09:11:59.638] [bmv2] [T] [thread 101228] [72.0] [cxt 0] Bytes parsed: 14
[09:11:59.638] [bmv2] [D] [thread 101228] [72.0] [cxt 0] Parser 'parser' entering state 'parse_ipv4'
[09:11:59.638] [bmv2] [D] [thread 101228] [72.0] [cxt 0] Extracting header 'ipv4'
[09:11:59.638] [bmv2] [D] [thread 101228] [72.0] [cxt 0] Parser state 'parse_ipv4' has no switch, going to default next state
[09:11:59.638] [bmv2] [T] [thread 101228] [72.0] [cxt 0] Bytes parsed: 34
[09:11:59.638] [bmv2] [D] [thread 101228] [72.0] [cxt 0] Parser 'parser': end
[09:11:59.638] [bmv2] [D] [thread 101228] [72.0] [cxt 0] Pipeline 'ingress': start
[09:11:59.638] [bmv2] [T] [thread 101228] [72.0] [cxt 0] switch.p4(116) Condition "hdr.ipv4.isValid()" (node_2) is true
[09:11:59.638] [bmv2] [T] [thread 101228] [72.0] [cxt 0] Applying table 'MyIngress.ipv4_lpm'
[09:11:59.638] [bmv2] [D] [thread 101228] [72.0] [cxt 0] Looking up key:
* hdr.ipv4.dstAddr    : 0a000101

[09:11:59.638] [bmv2] [D] [thread 101228] [72.0] [cxt 0] Table 'MyIngress.ipv4_lpm': hit with handle 0
[09:11:59.638] [bmv2] [D] [thread 101228] [72.0] [cxt 0] Dumping entry 0
Match key:
* hdr.ipv4.dstAddr    : LPM       0a000101/32
Action entry: MyIngress.ipv4_forward - 80000000100,1,

[09:11:59.638] [bmv2] [D] [thread 101228] [72.0] [cxt 0] Action entry is MyIngress.ipv4_forward - 80000000100,1,
[09:11:59.638] [bmv2] [T] [thread 101228] [72.0] [cxt 0] Action MyIngress.ipv4_forward
[09:11:59.638] [bmv2] [T] [thread 101228] [72.0] [cxt 0] switch.p4(96) Primitive standard_metadata.egress_spec = port
[09:11:59.638] [bmv2] [T] [thread 101228] [72.0] [cxt 0] switch.p4(97) Primitive hdr.ethernet.srcAddr = hdr.ethernet.dstAddr
[09:11:59.638] [bmv2] [T] [thread 101228] [72.0] [cxt 0] switch.p4(98) Primitive hdr.ethernet.dstAddr = dstAddr
[09:11:59.638] [bmv2] [T] [thread 101228] [72.0] [cxt 0] switch.p4(99) Primitive hdr.ipv4.ttl = hdr.ipv4.ttl - 1
[09:11:59.638] [bmv2] [D] [thread 101228] [72.0] [cxt 0] Pipeline 'ingress': end
[09:11:59.638] [bmv2] [D] [thread 101228] [72.0] [cxt 0] Egress port is 1
[09:11:59.638] [bmv2] [D] [thread 101230] [72.0] [cxt 0] Pipeline 'egress': start
[09:11:59.638] [bmv2] [D] [thread 101230] [72.0] [cxt 0] Pipeline 'egress': end
[09:11:59.638] [bmv2] [D] [thread 101230] [72.0] [cxt 0] Deparser 'deparser': start
[09:11:59.638] [bmv2] [D] [thread 101230] [72.0] [cxt 0] Updating checksum 'cksum'
[09:11:59.638] [bmv2] [D] [thread 101230] [72.0] [cxt 0] Deparsing header 'ethernet'
[09:11:59.638] [bmv2] [D] [thread 101230] [72.0] [cxt 0] Deparsing header 'ipv4'
[09:11:59.638] [bmv2] [D] [thread 101230] [72.0] [cxt 0] Deparser 'deparser': end
[09:11:59.638] [bmv2] [D] [thread 101233] [72.0] [cxt 0] Transmitting packet of size 76 out of port 1
[09:11:59.662] [bmv2] [D] [thread 101228] [73.0] [cxt 0] Processing packet received on port 2
[09:11:59.662] [bmv2] [D] [thread 101228] [73.0] [cxt 0] Parser 'parser': start
[09:11:59.662] [bmv2] [D] [thread 101228] [73.0] [cxt 0] Parser 'parser' entering state 'start'
[09:11:59.662] [bmv2] [D] [thread 101228] [73.0] [cxt 0] Extracting header 'ethernet'
[09:11:59.662] [bmv2] [D] [thread 101228] [73.0] [cxt 0] Parser state 'start': key is 0800
[09:11:59.662] [bmv2] [T] [thread 101228] [73.0] [cxt 0] Bytes parsed: 14
[09:11:59.662] [bmv2] [D] [thread 101228] [73.0] [cxt 0] Parser 'parser' entering state 'parse_ipv4'
[09:11:59.662] [bmv2] [D] [thread 101228] [73.0] [cxt 0] Extracting header 'ipv4'
[09:11:59.662] [bmv2] [D] [thread 101228] [73.0] [cxt 0] Parser state 'parse_ipv4' has no switch, going to default next state
[09:11:59.662] [bmv2] [T] [thread 101228] [73.0] [cxt 0] Bytes parsed: 34
[09:11:59.662] [bmv2] [D] [thread 101228] [73.0] [cxt 0] Parser 'parser': end
[09:11:59.662] [bmv2] [D] [thread 101228] [73.0] [cxt 0] Pipeline 'ingress': start
[09:11:59.662] [bmv2] [T] [thread 101228] [73.0] [cxt 0] switch.p4(116) Condition "hdr.ipv4.isValid()" (node_2) is true
[09:11:59.662] [bmv2] [T] [thread 101228] [73.0] [cxt 0] Applying table 'MyIngress.ipv4_lpm'
[09:11:59.662] [bmv2] [D] [thread 101228] [73.0] [cxt 0] Looking up key:
* hdr.ipv4.dstAddr    : 0a000101

[09:11:59.662] [bmv2] [D] [thread 101228] [73.0] [cxt 0] Table 'MyIngress.ipv4_lpm': hit with handle 0
[09:11:59.662] [bmv2] [D] [thread 101228] [73.0] [cxt 0] Dumping entry 0
Match key:
* hdr.ipv4.dstAddr    : LPM       0a000101/32
Action entry: MyIngress.ipv4_forward - 80000000100,1,

[09:11:59.662] [bmv2] [D] [thread 101228] [73.0] [cxt 0] Action entry is MyIngress.ipv4_forward - 80000000100,1,
[09:11:59.662] [bmv2] [T] [thread 101228] [73.0] [cxt 0] Action MyIngress.ipv4_forward
[09:11:59.662] [bmv2] [T] [thread 101228] [73.0] [cxt 0] switch.p4(96) Primitive standard_metadata.egress_spec = port
[09:11:59.662] [bmv2] [T] [thread 101228] [73.0] [cxt 0] switch.p4(97) Primitive hdr.ethernet.srcAddr = hdr.ethernet.dstAddr
[09:11:59.662] [bmv2] [T] [thread 101228] [73.0] [cxt 0] switch.p4(98) Primitive hdr.ethernet.dstAddr = dstAddr
[09:11:59.662] [bmv2] [T] [thread 101228] [73.0] [cxt 0] switch.p4(99) Primitive hdr.ipv4.ttl = hdr.ipv4.ttl - 1
[09:11:59.662] [bmv2] [D] [thread 101228] [73.0] [cxt 0] Pipeline 'ingress': end
[09:11:59.662] [bmv2] [D] [thread 101228] [73.0] [cxt 0] Egress port is 1
[09:11:59.662] [bmv2] [D] [thread 101230] [73.0] [cxt 0] Pipeline 'egress': start
[09:11:59.662] [bmv2] [D] [thread 101230] [73.0] [cxt 0] Pipeline 'egress': end
[09:11:59.662] [bmv2] [D] [thread 101230] [73.0] [cxt 0] Deparser 'deparser': start
[09:11:59.662] [bmv2] [D] [thread 101230] [73.0] [cxt 0] Updating checksum 'cksum'
[09:11:59.662] [bmv2] [D] [thread 101230] [73.0] [cxt 0] Deparsing header 'ethernet'
[09:11:59.662] [bmv2] [D] [thread 101230] [73.0] [cxt 0] Deparsing header 'ipv4'
[09:11:59.662] [bmv2] [D] [thread 101230] [73.0] [cxt 0] Deparser 'deparser': end
[09:11:59.662] [bmv2] [D] [thread 101233] [73.0] [cxt 0] Transmitting packet of size 308 out of port 1
[09:11:59.681] [bmv2] [D] [thread 101228] [74.0] [cxt 0] Processing packet received on port 1
[09:11:59.681] [bmv2] [D] [thread 101228] [74.0] [cxt 0] Parser 'parser': start
[09:11:59.681] [bmv2] [D] [thread 101228] [74.0] [cxt 0] Parser 'parser' entering state 'start'
[09:11:59.681] [bmv2] [D] [thread 101228] [74.0] [cxt 0] Extracting header 'ethernet'
[09:11:59.681] [bmv2] [D] [thread 101228] [74.0] [cxt 0] Parser state 'start': key is 0800
[09:11:59.681] [bmv2] [T] [thread 101228] [74.0] [cxt 0] Bytes parsed: 14
[09:11:59.681] [bmv2] [D] [thread 101228] [74.0] [cxt 0] Parser 'parser' entering state 'parse_ipv4'
[09:11:59.681] [bmv2] [D] [thread 101228] [74.0] [cxt 0] Extracting header 'ipv4'
[09:11:59.681] [bmv2] [D] [thread 101228] [74.0] [cxt 0] Parser state 'parse_ipv4' has no switch, going to default next state
[09:11:59.681] [bmv2] [T] [thread 101228] [74.0] [cxt 0] Bytes parsed: 34
[09:11:59.681] [bmv2] [D] [thread 101228] [74.0] [cxt 0] Parser 'parser': end
[09:11:59.681] [bmv2] [D] [thread 101228] [74.0] [cxt 0] Pipeline 'ingress': start
[09:11:59.681] [bmv2] [T] [thread 101228] [74.0] [cxt 0] switch.p4(116) Condition "hdr.ipv4.isValid()" (node_2) is true
[09:11:59.681] [bmv2] [T] [thread 101228] [74.0] [cxt 0] Applying table 'MyIngress.ipv4_lpm'
[09:11:59.681] [bmv2] [D] [thread 101228] [74.0] [cxt 0] Looking up key:
* hdr.ipv4.dstAddr    : 0a000202

[09:11:59.681] [bmv2] [D] [thread 101228] [74.0] [cxt 0] Table 'MyIngress.ipv4_lpm': hit with handle 1
[09:11:59.681] [bmv2] [D] [thread 101228] [74.0] [cxt 0] Dumping entry 1
Match key:
* hdr.ipv4.dstAddr    : LPM       0a000202/32
Action entry: MyIngress.ipv4_forward - 80000000300,2,

[09:11:59.681] [bmv2] [D] [thread 101228] [74.0] [cxt 0] Action entry is MyIngress.ipv4_forward - 80000000300,2,
[09:11:59.681] [bmv2] [T] [thread 101228] [74.0] [cxt 0] Action MyIngress.ipv4_forward
[09:11:59.681] [bmv2] [T] [thread 101228] [74.0] [cxt 0] switch.p4(96) Primitive standard_metadata.egress_spec = port
[09:11:59.681] [bmv2] [T] [thread 101228] [74.0] [cxt 0] switch.p4(97) Primitive hdr.ethernet.srcAddr = hdr.ethernet.dstAddr
[09:11:59.681] [bmv2] [T] [thread 101228] [74.0] [cxt 0] switch.p4(98) Primitive hdr.ethernet.dstAddr = dstAddr
[09:11:59.681] [bmv2] [T] [thread 101228] [74.0] [cxt 0] switch.p4(99) Primitive hdr.ipv4.ttl = hdr.ipv4.ttl - 1
[09:11:59.681] [bmv2] [D] [thread 101228] [74.0] [cxt 0] Pipeline 'ingress': end
[09:11:59.681] [bmv2] [D] [thread 101228] [74.0] [cxt 0] Egress port is 2
[09:11:59.681] [bmv2] [D] [thread 101231] [74.0] [cxt 0] Pipeline 'egress': start
[09:11:59.681] [bmv2] [D] [thread 101231] [74.0] [cxt 0] Pipeline 'egress': end
[09:11:59.681] [bmv2] [D] [thread 101231] [74.0] [cxt 0] Deparser 'deparser': start
[09:11:59.681] [bmv2] [D] [thread 101231] [74.0] [cxt 0] Updating checksum 'cksum'
[09:11:59.681] [bmv2] [D] [thread 101231] [74.0] [cxt 0] Deparsing header 'ethernet'
[09:11:59.681] [bmv2] [D] [thread 101231] [74.0] [cxt 0] Deparsing header 'ipv4'
[09:11:59.681] [bmv2] [D] [thread 101231] [74.0] [cxt 0] Deparser 'deparser': end
[09:11:59.681] [bmv2] [D] [thread 101233] [74.0] [cxt 0] Transmitting packet of size 336 out of port 2
[09:12:00.459] [bmv2] [D] [thread 101228] [75.0] [cxt 0] Processing packet received on port 2
[09:12:00.459] [bmv2] [D] [thread 101228] [75.0] [cxt 0] Parser 'parser': start
[09:12:00.459] [bmv2] [D] [thread 101228] [75.0] [cxt 0] Parser 'parser' entering state 'start'
[09:12:00.459] [bmv2] [D] [thread 101228] [75.0] [cxt 0] Extracting header 'ethernet'
[09:12:00.459] [bmv2] [D] [thread 101228] [75.0] [cxt 0] Parser state 'start': key is 86dd
[09:12:00.459] [bmv2] [T] [thread 101228] [75.0] [cxt 0] Bytes parsed: 14
[09:12:00.459] [bmv2] [D] [thread 101228] [75.0] [cxt 0] Parser 'parser': end
[09:12:00.459] [bmv2] [D] [thread 101228] [75.0] [cxt 0] Pipeline 'ingress': start
[09:12:00.459] [bmv2] [T] [thread 101228] [75.0] [cxt 0] switch.p4(116) Condition "hdr.ipv4.isValid()" (node_2) is false
[09:12:00.459] [bmv2] [D] [thread 101228] [75.0] [cxt 0] Pipeline 'ingress': end
[09:12:00.459] [bmv2] [D] [thread 101228] [75.0] [cxt 0] Egress port is 0
[09:12:00.459] [bmv2] [D] [thread 101229] [75.0] [cxt 0] Pipeline 'egress': start
[09:12:00.459] [bmv2] [D] [thread 101229] [75.0] [cxt 0] Pipeline 'egress': end
[09:12:00.459] [bmv2] [D] [thread 101229] [75.0] [cxt 0] Deparser 'deparser': start
[09:12:00.459] [bmv2] [T] [thread 101229] [75.0] [cxt 0] Skipping checksum 'cksum' update because condition not met
[09:12:00.459] [bmv2] [D] [thread 101229] [75.0] [cxt 0] Deparsing header 'ethernet'
[09:12:00.459] [bmv2] [D] [thread 101229] [75.0] [cxt 0] Deparser 'deparser': end
[09:12:00.459] [bmv2] [D] [thread 101233] [75.0] [cxt 0] Transmitting packet of size 203 out of port 0
[09:12:00.718] [bmv2] [D] [thread 101228] [76.0] [cxt 0] Processing packet received on port 1
[09:12:00.718] [bmv2] [D] [thread 101228] [76.0] [cxt 0] Parser 'parser': start
[09:12:00.718] [bmv2] [D] [thread 101228] [76.0] [cxt 0] Parser 'parser' entering state 'start'
[09:12:00.718] [bmv2] [D] [thread 101228] [76.0] [cxt 0] Extracting header 'ethernet'
[09:12:00.718] [bmv2] [D] [thread 101228] [76.0] [cxt 0] Parser state 'start': key is 86dd
[09:12:00.718] [bmv2] [T] [thread 101228] [76.0] [cxt 0] Bytes parsed: 14
[09:12:00.718] [bmv2] [D] [thread 101228] [76.0] [cxt 0] Parser 'parser': end
[09:12:00.718] [bmv2] [D] [thread 101228] [76.0] [cxt 0] Pipeline 'ingress': start
[09:12:00.718] [bmv2] [T] [thread 101228] [76.0] [cxt 0] switch.p4(116) Condition "hdr.ipv4.isValid()" (node_2) is false
[09:12:00.718] [bmv2] [D] [thread 101228] [76.0] [cxt 0] Pipeline 'ingress': end
[09:12:00.718] [bmv2] [D] [thread 101228] [76.0] [cxt 0] Egress port is 0
[09:12:00.718] [bmv2] [D] [thread 101229] [76.0] [cxt 0] Pipeline 'egress': start
[09:12:00.718] [bmv2] [D] [thread 101229] [76.0] [cxt 0] Pipeline 'egress': end
[09:12:00.718] [bmv2] [D] [thread 101229] [76.0] [cxt 0] Deparser 'deparser': start
[09:12:00.718] [bmv2] [T] [thread 101229] [76.0] [cxt 0] Skipping checksum 'cksum' update because condition not met
[09:12:00.718] [bmv2] [D] [thread 101229] [76.0] [cxt 0] Deparsing header 'ethernet'
[09:12:00.718] [bmv2] [D] [thread 101229] [76.0] [cxt 0] Deparser 'deparser': end
[09:12:00.718] [bmv2] [D] [thread 101233] [76.0] [cxt 0] Transmitting packet of size 203 out of port 0
[09:12:00.870] [bmv2] [D] [thread 101228] [77.0] [cxt 0] Processing packet received on port 2
[09:12:00.870] [bmv2] [D] [thread 101228] [77.0] [cxt 0] Parser 'parser': start
[09:12:00.870] [bmv2] [D] [thread 101228] [77.0] [cxt 0] Parser 'parser' entering state 'start'
[09:12:00.870] [bmv2] [D] [thread 101228] [77.0] [cxt 0] Extracting header 'ethernet'
[09:12:00.870] [bmv2] [D] [thread 101228] [77.0] [cxt 0] Parser state 'start': key is 86dd
[09:12:00.870] [bmv2] [T] [thread 101228] [77.0] [cxt 0] Bytes parsed: 14
[09:12:00.870] [bmv2] [D] [thread 101228] [77.0] [cxt 0] Parser 'parser': end
[09:12:00.870] [bmv2] [D] [thread 101228] [77.0] [cxt 0] Pipeline 'ingress': start
[09:12:00.870] [bmv2] [T] [thread 101228] [77.0] [cxt 0] switch.p4(116) Condition "hdr.ipv4.isValid()" (node_2) is false
[09:12:00.870] [bmv2] [D] [thread 101228] [77.0] [cxt 0] Pipeline 'ingress': end
[09:12:00.870] [bmv2] [D] [thread 101228] [77.0] [cxt 0] Egress port is 0
[09:12:00.870] [bmv2] [D] [thread 101229] [77.0] [cxt 0] Pipeline 'egress': start
[09:12:00.870] [bmv2] [D] [thread 101229] [77.0] [cxt 0] Pipeline 'egress': end
[09:12:00.870] [bmv2] [D] [thread 101229] [77.0] [cxt 0] Deparser 'deparser': start
[09:12:00.870] [bmv2] [T] [thread 101229] [77.0] [cxt 0] Skipping checksum 'cksum' update because condition not met
[09:12:00.870] [bmv2] [D] [thread 101229] [77.0] [cxt 0] Deparsing header 'ethernet'
[09:12:00.870] [bmv2] [D] [thread 101229] [77.0] [cxt 0] Deparser 'deparser': end
[09:12:00.870] [bmv2] [D] [thread 101233] [77.0] [cxt 0] Transmitting packet of size 203 out of port 0
[09:12:01.267] [bmv2] [D] [thread 101228] [78.0] [cxt 0] Processing packet received on port 1
[09:12:01.273] [bmv2] [D] [thread 101228] [78.0] [cxt 0] Parser 'parser': start
[09:12:01.273] [bmv2] [D] [thread 101228] [78.0] [cxt 0] Parser 'parser' entering state 'start'
[09:12:01.273] [bmv2] [D] [thread 101228] [78.0] [cxt 0] Extracting header 'ethernet'
[09:12:01.273] [bmv2] [D] [thread 101228] [78.0] [cxt 0] Parser state 'start': key is 0800
[09:12:01.273] [bmv2] [T] [thread 101228] [78.0] [cxt 0] Bytes parsed: 14
[09:12:01.273] [bmv2] [D] [thread 101228] [78.0] [cxt 0] Parser 'parser' entering state 'parse_ipv4'
[09:12:01.273] [bmv2] [D] [thread 101228] [78.0] [cxt 0] Extracting header 'ipv4'
[09:12:01.273] [bmv2] [D] [thread 101228] [78.0] [cxt 0] Parser state 'parse_ipv4' has no switch, going to default next state
[09:12:01.273] [bmv2] [T] [thread 101228] [78.0] [cxt 0] Bytes parsed: 34
[09:12:01.273] [bmv2] [D] [thread 101228] [78.0] [cxt 0] Parser 'parser': end
[09:12:01.273] [bmv2] [D] [thread 101228] [78.0] [cxt 0] Pipeline 'ingress': start
[09:12:01.273] [bmv2] [T] [thread 101228] [78.0] [cxt 0] switch.p4(116) Condition "hdr.ipv4.isValid()" (node_2) is true
[09:12:01.273] [bmv2] [T] [thread 101228] [78.0] [cxt 0] Applying table 'MyIngress.ipv4_lpm'
[09:12:01.273] [bmv2] [D] [thread 101228] [78.0] [cxt 0] Looking up key:
* hdr.ipv4.dstAddr    : 0a000202

[09:12:01.273] [bmv2] [D] [thread 101228] [78.0] [cxt 0] Table 'MyIngress.ipv4_lpm': hit with handle 1
[09:12:01.273] [bmv2] [D] [thread 101228] [78.0] [cxt 0] Dumping entry 1
Match key:
* hdr.ipv4.dstAddr    : LPM       0a000202/32
Action entry: MyIngress.ipv4_forward - 80000000300,2,

[09:12:01.273] [bmv2] [D] [thread 101228] [78.0] [cxt 0] Action entry is MyIngress.ipv4_forward - 80000000300,2,
[09:12:01.273] [bmv2] [T] [thread 101228] [78.0] [cxt 0] Action MyIngress.ipv4_forward
[09:12:01.273] [bmv2] [T] [thread 101228] [78.0] [cxt 0] switch.p4(96) Primitive standard_metadata.egress_spec = port
[09:12:01.273] [bmv2] [T] [thread 101228] [78.0] [cxt 0] switch.p4(97) Primitive hdr.ethernet.srcAddr = hdr.ethernet.dstAddr
[09:12:01.273] [bmv2] [T] [thread 101228] [78.0] [cxt 0] switch.p4(98) Primitive hdr.ethernet.dstAddr = dstAddr
[09:12:01.273] [bmv2] [T] [thread 101228] [78.0] [cxt 0] switch.p4(99) Primitive hdr.ipv4.ttl = hdr.ipv4.ttl - 1
[09:12:01.273] [bmv2] [D] [thread 101228] [78.0] [cxt 0] Pipeline 'ingress': end
[09:12:01.273] [bmv2] [D] [thread 101228] [78.0] [cxt 0] Egress port is 2
[09:12:01.273] [bmv2] [D] [thread 101231] [78.0] [cxt 0] Pipeline 'egress': start
[09:12:01.273] [bmv2] [D] [thread 101231] [78.0] [cxt 0] Pipeline 'egress': end
[09:12:01.275] [bmv2] [D] [thread 101231] [78.0] [cxt 0] Deparser 'deparser': start
[09:12:01.275] [bmv2] [D] [thread 101231] [78.0] [cxt 0] Updating checksum 'cksum'
[09:12:01.275] [bmv2] [D] [thread 101231] [78.0] [cxt 0] Deparsing header 'ethernet'
[09:12:01.275] [bmv2] [D] [thread 101231] [78.0] [cxt 0] Deparsing header 'ipv4'
[09:12:01.275] [bmv2] [D] [thread 101231] [78.0] [cxt 0] Deparser 'deparser': end
[09:12:01.275] [bmv2] [D] [thread 101233] [78.0] [cxt 0] Transmitting packet of size 48 out of port 2
[09:12:01.277] [bmv2] [D] [thread 101228] [79.0] [cxt 0] Processing packet received on port 2
[09:12:01.277] [bmv2] [D] [thread 101228] [79.0] [cxt 0] Parser 'parser': start
[09:12:01.277] [bmv2] [D] [thread 101228] [79.0] [cxt 0] Parser 'parser' entering state 'start'
[09:12:01.277] [bmv2] [D] [thread 101228] [79.0] [cxt 0] Extracting header 'ethernet'
[09:12:01.277] [bmv2] [D] [thread 101228] [79.0] [cxt 0] Parser state 'start': key is 0800
[09:12:01.277] [bmv2] [T] [thread 101228] [79.0] [cxt 0] Bytes parsed: 14
[09:12:01.277] [bmv2] [D] [thread 101228] [79.0] [cxt 0] Parser 'parser' entering state 'parse_ipv4'
[09:12:01.277] [bmv2] [D] [thread 101228] [79.0] [cxt 0] Extracting header 'ipv4'
[09:12:01.277] [bmv2] [D] [thread 101228] [79.0] [cxt 0] Parser state 'parse_ipv4' has no switch, going to default next state
[09:12:01.277] [bmv2] [T] [thread 101228] [79.0] [cxt 0] Bytes parsed: 34
[09:12:01.277] [bmv2] [D] [thread 101228] [79.0] [cxt 0] Parser 'parser': end
[09:12:01.277] [bmv2] [D] [thread 101228] [79.0] [cxt 0] Pipeline 'ingress': start
[09:12:01.277] [bmv2] [T] [thread 101228] [79.0] [cxt 0] switch.p4(116) Condition "hdr.ipv4.isValid()" (node_2) is true
[09:12:01.277] [bmv2] [T] [thread 101228] [79.0] [cxt 0] Applying table 'MyIngress.ipv4_lpm'
[09:12:01.277] [bmv2] [D] [thread 101228] [79.0] [cxt 0] Looking up key:
* hdr.ipv4.dstAddr    : 0a000101

[09:12:01.277] [bmv2] [D] [thread 101228] [79.0] [cxt 0] Table 'MyIngress.ipv4_lpm': hit with handle 0
[09:12:01.277] [bmv2] [D] [thread 101228] [79.0] [cxt 0] Dumping entry 0
Match key:
* hdr.ipv4.dstAddr    : LPM       0a000101/32
Action entry: MyIngress.ipv4_forward - 80000000100,1,

[09:12:01.277] [bmv2] [D] [thread 101228] [79.0] [cxt 0] Action entry is MyIngress.ipv4_forward - 80000000100,1,
[09:12:01.277] [bmv2] [T] [thread 101228] [79.0] [cxt 0] Action MyIngress.ipv4_forward
[09:12:01.277] [bmv2] [T] [thread 101228] [79.0] [cxt 0] switch.p4(96) Primitive standard_metadata.egress_spec = port
[09:12:01.277] [bmv2] [T] [thread 101228] [79.0] [cxt 0] switch.p4(97) Primitive hdr.ethernet.srcAddr = hdr.ethernet.dstAddr
[09:12:01.277] [bmv2] [T] [thread 101228] [79.0] [cxt 0] switch.p4(98) Primitive hdr.ethernet.dstAddr = dstAddr
[09:12:01.277] [bmv2] [T] [thread 101228] [79.0] [cxt 0] switch.p4(99) Primitive hdr.ipv4.ttl = hdr.ipv4.ttl - 1
[09:12:01.277] [bmv2] [D] [thread 101228] [79.0] [cxt 0] Pipeline 'ingress': end
[09:12:01.277] [bmv2] [D] [thread 101228] [79.0] [cxt 0] Egress port is 1
[09:12:01.277] [bmv2] [D] [thread 101230] [79.0] [cxt 0] Pipeline 'egress': start
[09:12:01.277] [bmv2] [D] [thread 101230] [79.0] [cxt 0] Pipeline 'egress': end
[09:12:01.277] [bmv2] [D] [thread 101230] [79.0] [cxt 0] Deparser 'deparser': start
[09:12:01.277] [bmv2] [D] [thread 101230] [79.0] [cxt 0] Updating checksum 'cksum'
[09:12:01.277] [bmv2] [D] [thread 101230] [79.0] [cxt 0] Deparsing header 'ethernet'
[09:12:01.277] [bmv2] [D] [thread 101230] [79.0] [cxt 0] Deparsing header 'ipv4'
[09:12:01.277] [bmv2] [D] [thread 101230] [79.0] [cxt 0] Deparser 'deparser': end
[09:12:01.277] [bmv2] [D] [thread 101233] [79.0] [cxt 0] Transmitting packet of size 76 out of port 1
[09:12:01.295] [bmv2] [D] [thread 101228] [80.0] [cxt 0] Processing packet received on port 2
[09:12:01.295] [bmv2] [D] [thread 101228] [80.0] [cxt 0] Parser 'parser': start
[09:12:01.295] [bmv2] [D] [thread 101228] [80.0] [cxt 0] Parser 'parser' entering state 'start'
[09:12:01.295] [bmv2] [D] [thread 101228] [80.0] [cxt 0] Extracting header 'ethernet'
[09:12:01.295] [bmv2] [D] [thread 101228] [80.0] [cxt 0] Parser state 'start': key is 0800
[09:12:01.295] [bmv2] [T] [thread 101228] [80.0] [cxt 0] Bytes parsed: 14
[09:12:01.295] [bmv2] [D] [thread 101228] [80.0] [cxt 0] Parser 'parser' entering state 'parse_ipv4'
[09:12:01.295] [bmv2] [D] [thread 101228] [80.0] [cxt 0] Extracting header 'ipv4'
[09:12:01.295] [bmv2] [D] [thread 101228] [80.0] [cxt 0] Parser state 'parse_ipv4' has no switch, going to default next state
[09:12:01.295] [bmv2] [T] [thread 101228] [80.0] [cxt 0] Bytes parsed: 34
[09:12:01.295] [bmv2] [D] [thread 101228] [80.0] [cxt 0] Parser 'parser': end
[09:12:01.295] [bmv2] [D] [thread 101228] [80.0] [cxt 0] Pipeline 'ingress': start
[09:12:01.295] [bmv2] [T] [thread 101228] [80.0] [cxt 0] switch.p4(116) Condition "hdr.ipv4.isValid()" (node_2) is true
[09:12:01.295] [bmv2] [T] [thread 101228] [80.0] [cxt 0] Applying table 'MyIngress.ipv4_lpm'
[09:12:01.295] [bmv2] [D] [thread 101228] [80.0] [cxt 0] Looking up key:
* hdr.ipv4.dstAddr    : 0a000101

[09:12:01.295] [bmv2] [D] [thread 101228] [80.0] [cxt 0] Table 'MyIngress.ipv4_lpm': hit with handle 0
[09:12:01.295] [bmv2] [D] [thread 101228] [80.0] [cxt 0] Dumping entry 0
Match key:
* hdr.ipv4.dstAddr    : LPM       0a000101/32
Action entry: MyIngress.ipv4_forward - 80000000100,1,

[09:12:01.295] [bmv2] [D] [thread 101228] [80.0] [cxt 0] Action entry is MyIngress.ipv4_forward - 80000000100,1,
[09:12:01.295] [bmv2] [T] [thread 101228] [80.0] [cxt 0] Action MyIngress.ipv4_forward
[09:12:01.295] [bmv2] [T] [thread 101228] [80.0] [cxt 0] switch.p4(96) Primitive standard_metadata.egress_spec = port
[09:12:01.295] [bmv2] [T] [thread 101228] [80.0] [cxt 0] switch.p4(97) Primitive hdr.ethernet.srcAddr = hdr.ethernet.dstAddr
[09:12:01.295] [bmv2] [T] [thread 101228] [80.0] [cxt 0] switch.p4(98) Primitive hdr.ethernet.dstAddr = dstAddr
[09:12:01.295] [bmv2] [T] [thread 101228] [80.0] [cxt 0] switch.p4(99) Primitive hdr.ipv4.ttl = hdr.ipv4.ttl - 1
[09:12:01.295] [bmv2] [D] [thread 101228] [80.0] [cxt 0] Pipeline 'ingress': end
[09:12:01.295] [bmv2] [D] [thread 101228] [80.0] [cxt 0] Egress port is 1
[09:12:01.295] [bmv2] [D] [thread 101230] [80.0] [cxt 0] Pipeline 'egress': start
[09:12:01.295] [bmv2] [D] [thread 101230] [80.0] [cxt 0] Pipeline 'egress': end
[09:12:01.295] [bmv2] [D] [thread 101230] [80.0] [cxt 0] Deparser 'deparser': start
[09:12:01.295] [bmv2] [D] [thread 101230] [80.0] [cxt 0] Updating checksum 'cksum'
[09:12:01.295] [bmv2] [D] [thread 101230] [80.0] [cxt 0] Deparsing header 'ethernet'
[09:12:01.295] [bmv2] [D] [thread 101230] [80.0] [cxt 0] Deparsing header 'ipv4'
[09:12:01.295] [bmv2] [D] [thread 101230] [80.0] [cxt 0] Deparser 'deparser': end
[09:12:01.295] [bmv2] [D] [thread 101233] [80.0] [cxt 0] Transmitting packet of size 308 out of port 1
[09:12:01.300] [bmv2] [D] [thread 101228] [81.0] [cxt 0] Processing packet received on port 1
[09:12:01.300] [bmv2] [D] [thread 101228] [81.0] [cxt 0] Parser 'parser': start
[09:12:01.300] [bmv2] [D] [thread 101228] [81.0] [cxt 0] Parser 'parser' entering state 'start'
[09:12:01.300] [bmv2] [D] [thread 101228] [81.0] [cxt 0] Extracting header 'ethernet'
[09:12:01.300] [bmv2] [D] [thread 101228] [81.0] [cxt 0] Parser state 'start': key is 0800
[09:12:01.300] [bmv2] [T] [thread 101228] [81.0] [cxt 0] Bytes parsed: 14
[09:12:01.300] [bmv2] [D] [thread 101228] [81.0] [cxt 0] Parser 'parser' entering state 'parse_ipv4'
[09:12:01.300] [bmv2] [D] [thread 101228] [81.0] [cxt 0] Extracting header 'ipv4'
[09:12:01.300] [bmv2] [D] [thread 101228] [81.0] [cxt 0] Parser state 'parse_ipv4' has no switch, going to default next state
[09:12:01.300] [bmv2] [T] [thread 101228] [81.0] [cxt 0] Bytes parsed: 34
[09:12:01.300] [bmv2] [D] [thread 101228] [81.0] [cxt 0] Parser 'parser': end
[09:12:01.300] [bmv2] [D] [thread 101228] [81.0] [cxt 0] Pipeline 'ingress': start
[09:12:01.300] [bmv2] [T] [thread 101228] [81.0] [cxt 0] switch.p4(116) Condition "hdr.ipv4.isValid()" (node_2) is true
[09:12:01.300] [bmv2] [T] [thread 101228] [81.0] [cxt 0] Applying table 'MyIngress.ipv4_lpm'
[09:12:01.300] [bmv2] [D] [thread 101228] [81.0] [cxt 0] Looking up key:
* hdr.ipv4.dstAddr    : 0a000202

[09:12:01.300] [bmv2] [D] [thread 101228] [81.0] [cxt 0] Table 'MyIngress.ipv4_lpm': hit with handle 1
[09:12:01.300] [bmv2] [D] [thread 101228] [81.0] [cxt 0] Dumping entry 1
Match key:
* hdr.ipv4.dstAddr    : LPM       0a000202/32
Action entry: MyIngress.ipv4_forward - 80000000300,2,

[09:12:01.300] [bmv2] [D] [thread 101228] [81.0] [cxt 0] Action entry is MyIngress.ipv4_forward - 80000000300,2,
[09:12:01.300] [bmv2] [T] [thread 101228] [81.0] [cxt 0] Action MyIngress.ipv4_forward
[09:12:01.300] [bmv2] [T] [thread 101228] [81.0] [cxt 0] switch.p4(96) Primitive standard_metadata.egress_spec = port
[09:12:01.300] [bmv2] [T] [thread 101228] [81.0] [cxt 0] switch.p4(97) Primitive hdr.ethernet.srcAddr = hdr.ethernet.dstAddr
[09:12:01.300] [bmv2] [T] [thread 101228] [81.0] [cxt 0] switch.p4(98) Primitive hdr.ethernet.dstAddr = dstAddr
[09:12:01.300] [bmv2] [T] [thread 101228] [81.0] [cxt 0] switch.p4(99) Primitive hdr.ipv4.ttl = hdr.ipv4.ttl - 1
[09:12:01.300] [bmv2] [D] [thread 101228] [81.0] [cxt 0] Pipeline 'ingress': end
[09:12:01.300] [bmv2] [D] [thread 101228] [81.0] [cxt 0] Egress port is 2
[09:12:01.300] [bmv2] [D] [thread 101231] [81.0] [cxt 0] Pipeline 'egress': start
[09:12:01.300] [bmv2] [D] [thread 101231] [81.0] [cxt 0] Pipeline 'egress': end
[09:12:01.300] [bmv2] [D] [thread 101231] [81.0] [cxt 0] Deparser 'deparser': start
[09:12:01.300] [bmv2] [D] [thread 101231] [81.0] [cxt 0] Updating checksum 'cksum'
[09:12:01.300] [bmv2] [D] [thread 101231] [81.0] [cxt 0] Deparsing header 'ethernet'
[09:12:01.300] [bmv2] [D] [thread 101231] [81.0] [cxt 0] Deparsing header 'ipv4'
[09:12:01.300] [bmv2] [D] [thread 101231] [81.0] [cxt 0] Deparser 'deparser': end
[09:12:01.300] [bmv2] [D] [thread 101233] [81.0] [cxt 0] Transmitting packet of size 336 out of port 2
[09:12:02.227] [bmv2] [D] [thread 101228] [82.0] [cxt 0] Processing packet received on port 1
[09:12:02.227] [bmv2] [D] [thread 101228] [82.0] [cxt 0] Parser 'parser': start
[09:12:02.227] [bmv2] [D] [thread 101228] [82.0] [cxt 0] Parser 'parser' entering state 'start'
[09:12:02.227] [bmv2] [D] [thread 101228] [82.0] [cxt 0] Extracting header 'ethernet'
[09:12:02.227] [bmv2] [D] [thread 101228] [82.0] [cxt 0] Parser state 'start': key is 0800
[09:12:02.227] [bmv2] [T] [thread 101228] [82.0] [cxt 0] Bytes parsed: 14
[09:12:02.227] [bmv2] [D] [thread 101228] [82.0] [cxt 0] Parser 'parser' entering state 'parse_ipv4'
[09:12:02.227] [bmv2] [D] [thread 101228] [82.0] [cxt 0] Extracting header 'ipv4'
[09:12:02.227] [bmv2] [D] [thread 101228] [82.0] [cxt 0] Parser state 'parse_ipv4' has no switch, going to default next state
[09:12:02.227] [bmv2] [T] [thread 101228] [82.0] [cxt 0] Bytes parsed: 34
[09:12:02.227] [bmv2] [D] [thread 101228] [82.0] [cxt 0] Parser 'parser': end
[09:12:02.227] [bmv2] [D] [thread 101228] [82.0] [cxt 0] Pipeline 'ingress': start
[09:12:02.227] [bmv2] [T] [thread 101228] [82.0] [cxt 0] switch.p4(116) Condition "hdr.ipv4.isValid()" (node_2) is true
[09:12:02.227] [bmv2] [T] [thread 101228] [82.0] [cxt 0] Applying table 'MyIngress.ipv4_lpm'
[09:12:02.227] [bmv2] [D] [thread 101228] [82.0] [cxt 0] Looking up key:
* hdr.ipv4.dstAddr    : 0a000202

[09:12:02.227] [bmv2] [D] [thread 101228] [82.0] [cxt 0] Table 'MyIngress.ipv4_lpm': hit with handle 1
[09:12:02.227] [bmv2] [D] [thread 101228] [82.0] [cxt 0] Dumping entry 1
Match key:
* hdr.ipv4.dstAddr    : LPM       0a000202/32
Action entry: MyIngress.ipv4_forward - 80000000300,2,

[09:12:02.227] [bmv2] [D] [thread 101228] [82.0] [cxt 0] Action entry is MyIngress.ipv4_forward - 80000000300,2,
[09:12:02.227] [bmv2] [T] [thread 101228] [82.0] [cxt 0] Action MyIngress.ipv4_forward
[09:12:02.227] [bmv2] [T] [thread 101228] [82.0] [cxt 0] switch.p4(96) Primitive standard_metadata.egress_spec = port
[09:12:02.227] [bmv2] [T] [thread 101228] [82.0] [cxt 0] switch.p4(97) Primitive hdr.ethernet.srcAddr = hdr.ethernet.dstAddr
[09:12:02.227] [bmv2] [T] [thread 101228] [82.0] [cxt 0] switch.p4(98) Primitive hdr.ethernet.dstAddr = dstAddr
[09:12:02.227] [bmv2] [T] [thread 101228] [82.0] [cxt 0] switch.p4(99) Primitive hdr.ipv4.ttl = hdr.ipv4.ttl - 1
[09:12:02.227] [bmv2] [D] [thread 101228] [82.0] [cxt 0] Pipeline 'ingress': end
[09:12:02.227] [bmv2] [D] [thread 101228] [82.0] [cxt 0] Egress port is 2
[09:12:02.232] [bmv2] [D] [thread 101231] [82.0] [cxt 0] Pipeline 'egress': start
[09:12:02.232] [bmv2] [D] [thread 101231] [82.0] [cxt 0] Pipeline 'egress': end
[09:12:02.232] [bmv2] [D] [thread 101231] [82.0] [cxt 0] Deparser 'deparser': start
[09:12:02.232] [bmv2] [D] [thread 101231] [82.0] [cxt 0] Updating checksum 'cksum'
[09:12:02.232] [bmv2] [D] [thread 101231] [82.0] [cxt 0] Deparsing header 'ethernet'
[09:12:02.232] [bmv2] [D] [thread 101231] [82.0] [cxt 0] Deparsing header 'ipv4'
[09:12:02.232] [bmv2] [D] [thread 101231] [82.0] [cxt 0] Deparser 'deparser': end
[09:12:02.232] [bmv2] [D] [thread 101233] [82.0] [cxt 0] Transmitting packet of size 48 out of port 2
[09:12:02.232] [bmv2] [D] [thread 101228] [83.0] [cxt 0] Processing packet received on port 2
[09:12:02.232] [bmv2] [D] [thread 101228] [83.0] [cxt 0] Parser 'parser': start
[09:12:02.232] [bmv2] [D] [thread 101228] [83.0] [cxt 0] Parser 'parser' entering state 'start'
[09:12:02.232] [bmv2] [D] [thread 101228] [83.0] [cxt 0] Extracting header 'ethernet'
[09:12:02.232] [bmv2] [D] [thread 101228] [83.0] [cxt 0] Parser state 'start': key is 0800
[09:12:02.232] [bmv2] [T] [thread 101228] [83.0] [cxt 0] Bytes parsed: 14
[09:12:02.232] [bmv2] [D] [thread 101228] [83.0] [cxt 0] Parser 'parser' entering state 'parse_ipv4'
[09:12:02.232] [bmv2] [D] [thread 101228] [83.0] [cxt 0] Extracting header 'ipv4'
[09:12:02.232] [bmv2] [D] [thread 101228] [83.0] [cxt 0] Parser state 'parse_ipv4' has no switch, going to default next state
[09:12:02.232] [bmv2] [T] [thread 101228] [83.0] [cxt 0] Bytes parsed: 34
[09:12:02.232] [bmv2] [D] [thread 101228] [83.0] [cxt 0] Parser 'parser': end
[09:12:02.232] [bmv2] [D] [thread 101228] [83.0] [cxt 0] Pipeline 'ingress': start
[09:12:02.232] [bmv2] [T] [thread 101228] [83.0] [cxt 0] switch.p4(116) Condition "hdr.ipv4.isValid()" (node_2) is true
[09:12:02.232] [bmv2] [T] [thread 101228] [83.0] [cxt 0] Applying table 'MyIngress.ipv4_lpm'
[09:12:02.232] [bmv2] [D] [thread 101228] [83.0] [cxt 0] Looking up key:
* hdr.ipv4.dstAddr    : 0a000101

[09:12:02.238] [bmv2] [D] [thread 101228] [83.0] [cxt 0] Table 'MyIngress.ipv4_lpm': hit with handle 0
[09:12:02.238] [bmv2] [D] [thread 101228] [83.0] [cxt 0] Dumping entry 0
Match key:
* hdr.ipv4.dstAddr    : LPM       0a000101/32
Action entry: MyIngress.ipv4_forward - 80000000100,1,

[09:12:02.238] [bmv2] [D] [thread 101228] [83.0] [cxt 0] Action entry is MyIngress.ipv4_forward - 80000000100,1,
[09:12:02.238] [bmv2] [T] [thread 101228] [83.0] [cxt 0] Action MyIngress.ipv4_forward
[09:12:02.238] [bmv2] [T] [thread 101228] [83.0] [cxt 0] switch.p4(96) Primitive standard_metadata.egress_spec = port
[09:12:02.238] [bmv2] [T] [thread 101228] [83.0] [cxt 0] switch.p4(97) Primitive hdr.ethernet.srcAddr = hdr.ethernet.dstAddr
[09:12:02.238] [bmv2] [T] [thread 101228] [83.0] [cxt 0] switch.p4(98) Primitive hdr.ethernet.dstAddr = dstAddr
[09:12:02.238] [bmv2] [T] [thread 101228] [83.0] [cxt 0] switch.p4(99) Primitive hdr.ipv4.ttl = hdr.ipv4.ttl - 1
[09:12:02.238] [bmv2] [D] [thread 101228] [83.0] [cxt 0] Pipeline 'ingress': end
[09:12:02.238] [bmv2] [D] [thread 101228] [83.0] [cxt 0] Egress port is 1
[09:12:02.238] [bmv2] [D] [thread 101230] [83.0] [cxt 0] Pipeline 'egress': start
[09:12:02.238] [bmv2] [D] [thread 101230] [83.0] [cxt 0] Pipeline 'egress': end
[09:12:02.238] [bmv2] [D] [thread 101230] [83.0] [cxt 0] Deparser 'deparser': start
[09:12:02.238] [bmv2] [D] [thread 101230] [83.0] [cxt 0] Updating checksum 'cksum'
[09:12:02.238] [bmv2] [D] [thread 101230] [83.0] [cxt 0] Deparsing header 'ethernet'
[09:12:02.238] [bmv2] [D] [thread 101230] [83.0] [cxt 0] Deparsing header 'ipv4'
[09:12:02.238] [bmv2] [D] [thread 101230] [83.0] [cxt 0] Deparser 'deparser': end
[09:12:02.238] [bmv2] [D] [thread 101233] [83.0] [cxt 0] Transmitting packet of size 76 out of port 1
[09:12:02.255] [bmv2] [D] [thread 101228] [84.0] [cxt 0] Processing packet received on port 2
[09:12:02.255] [bmv2] [D] [thread 101228] [84.0] [cxt 0] Parser 'parser': start
[09:12:02.255] [bmv2] [D] [thread 101228] [84.0] [cxt 0] Parser 'parser' entering state 'start'
[09:12:02.255] [bmv2] [D] [thread 101228] [84.0] [cxt 0] Extracting header 'ethernet'
[09:12:02.255] [bmv2] [D] [thread 101228] [84.0] [cxt 0] Parser state 'start': key is 0800
[09:12:02.255] [bmv2] [T] [thread 101228] [84.0] [cxt 0] Bytes parsed: 14
[09:12:02.255] [bmv2] [D] [thread 101228] [84.0] [cxt 0] Parser 'parser' entering state 'parse_ipv4'
[09:12:02.255] [bmv2] [D] [thread 101228] [84.0] [cxt 0] Extracting header 'ipv4'
[09:12:02.255] [bmv2] [D] [thread 101228] [84.0] [cxt 0] Parser state 'parse_ipv4' has no switch, going to default next state
[09:12:02.255] [bmv2] [T] [thread 101228] [84.0] [cxt 0] Bytes parsed: 34
[09:12:02.255] [bmv2] [D] [thread 101228] [84.0] [cxt 0] Parser 'parser': end
[09:12:02.255] [bmv2] [D] [thread 101228] [84.0] [cxt 0] Pipeline 'ingress': start
[09:12:02.255] [bmv2] [T] [thread 101228] [84.0] [cxt 0] switch.p4(116) Condition "hdr.ipv4.isValid()" (node_2) is true
[09:12:02.255] [bmv2] [T] [thread 101228] [84.0] [cxt 0] Applying table 'MyIngress.ipv4_lpm'
[09:12:02.255] [bmv2] [D] [thread 101228] [84.0] [cxt 0] Looking up key:
* hdr.ipv4.dstAddr    : 0a000101

[09:12:02.255] [bmv2] [D] [thread 101228] [84.0] [cxt 0] Table 'MyIngress.ipv4_lpm': hit with handle 0
[09:12:02.255] [bmv2] [D] [thread 101228] [84.0] [cxt 0] Dumping entry 0
Match key:
* hdr.ipv4.dstAddr    : LPM       0a000101/32
Action entry: MyIngress.ipv4_forward - 80000000100,1,

[09:12:02.255] [bmv2] [D] [thread 101228] [84.0] [cxt 0] Action entry is MyIngress.ipv4_forward - 80000000100,1,
[09:12:02.255] [bmv2] [T] [thread 101228] [84.0] [cxt 0] Action MyIngress.ipv4_forward
[09:12:02.255] [bmv2] [T] [thread 101228] [84.0] [cxt 0] switch.p4(96) Primitive standard_metadata.egress_spec = port
[09:12:02.255] [bmv2] [T] [thread 101228] [84.0] [cxt 0] switch.p4(97) Primitive hdr.ethernet.srcAddr = hdr.ethernet.dstAddr
[09:12:02.255] [bmv2] [T] [thread 101228] [84.0] [cxt 0] switch.p4(98) Primitive hdr.ethernet.dstAddr = dstAddr
[09:12:02.255] [bmv2] [T] [thread 101228] [84.0] [cxt 0] switch.p4(99) Primitive hdr.ipv4.ttl = hdr.ipv4.ttl - 1
[09:12:02.255] [bmv2] [D] [thread 101228] [84.0] [cxt 0] Pipeline 'ingress': end
[09:12:02.255] [bmv2] [D] [thread 101228] [84.0] [cxt 0] Egress port is 1
[09:12:02.255] [bmv2] [D] [thread 101230] [84.0] [cxt 0] Pipeline 'egress': start
[09:12:02.255] [bmv2] [D] [thread 101230] [84.0] [cxt 0] Pipeline 'egress': end
[09:12:02.255] [bmv2] [D] [thread 101230] [84.0] [cxt 0] Deparser 'deparser': start
[09:12:02.255] [bmv2] [D] [thread 101230] [84.0] [cxt 0] Updating checksum 'cksum'
[09:12:02.255] [bmv2] [D] [thread 101230] [84.0] [cxt 0] Deparsing header 'ethernet'
[09:12:02.255] [bmv2] [D] [thread 101230] [84.0] [cxt 0] Deparsing header 'ipv4'
[09:12:02.255] [bmv2] [D] [thread 101230] [84.0] [cxt 0] Deparser 'deparser': end
[09:12:02.255] [bmv2] [D] [thread 101233] [84.0] [cxt 0] Transmitting packet of size 308 out of port 1
[09:12:02.260] [bmv2] [D] [thread 101228] [85.0] [cxt 0] Processing packet received on port 1
[09:12:02.260] [bmv2] [D] [thread 101228] [85.0] [cxt 0] Parser 'parser': start
[09:12:02.260] [bmv2] [D] [thread 101228] [85.0] [cxt 0] Parser 'parser' entering state 'start'
[09:12:02.260] [bmv2] [D] [thread 101228] [85.0] [cxt 0] Extracting header 'ethernet'
[09:12:02.260] [bmv2] [D] [thread 101228] [85.0] [cxt 0] Parser state 'start': key is 0800
[09:12:02.260] [bmv2] [T] [thread 101228] [85.0] [cxt 0] Bytes parsed: 14
[09:12:02.260] [bmv2] [D] [thread 101228] [85.0] [cxt 0] Parser 'parser' entering state 'parse_ipv4'
[09:12:02.260] [bmv2] [D] [thread 101228] [85.0] [cxt 0] Extracting header 'ipv4'
[09:12:02.260] [bmv2] [D] [thread 101228] [85.0] [cxt 0] Parser state 'parse_ipv4' has no switch, going to default next state
[09:12:02.260] [bmv2] [T] [thread 101228] [85.0] [cxt 0] Bytes parsed: 34
[09:12:02.260] [bmv2] [D] [thread 101228] [85.0] [cxt 0] Parser 'parser': end
[09:12:02.260] [bmv2] [D] [thread 101228] [85.0] [cxt 0] Pipeline 'ingress': start
[09:12:02.260] [bmv2] [T] [thread 101228] [85.0] [cxt 0] switch.p4(116) Condition "hdr.ipv4.isValid()" (node_2) is true
[09:12:02.260] [bmv2] [T] [thread 101228] [85.0] [cxt 0] Applying table 'MyIngress.ipv4_lpm'
[09:12:02.260] [bmv2] [D] [thread 101228] [85.0] [cxt 0] Looking up key:
* hdr.ipv4.dstAddr    : 0a000202

[09:12:02.260] [bmv2] [D] [thread 101228] [85.0] [cxt 0] Table 'MyIngress.ipv4_lpm': hit with handle 1
[09:12:02.260] [bmv2] [D] [thread 101228] [85.0] [cxt 0] Dumping entry 1
Match key:
* hdr.ipv4.dstAddr    : LPM       0a000202/32
Action entry: MyIngress.ipv4_forward - 80000000300,2,

[09:12:02.260] [bmv2] [D] [thread 101228] [85.0] [cxt 0] Action entry is MyIngress.ipv4_forward - 80000000300,2,
[09:12:02.260] [bmv2] [T] [thread 101228] [85.0] [cxt 0] Action MyIngress.ipv4_forward
[09:12:02.260] [bmv2] [T] [thread 101228] [85.0] [cxt 0] switch.p4(96) Primitive standard_metadata.egress_spec = port
[09:12:02.260] [bmv2] [T] [thread 101228] [85.0] [cxt 0] switch.p4(97) Primitive hdr.ethernet.srcAddr = hdr.ethernet.dstAddr
[09:12:02.260] [bmv2] [T] [thread 101228] [85.0] [cxt 0] switch.p4(98) Primitive hdr.ethernet.dstAddr = dstAddr
[09:12:02.260] [bmv2] [T] [thread 101228] [85.0] [cxt 0] switch.p4(99) Primitive hdr.ipv4.ttl = hdr.ipv4.ttl - 1
[09:12:02.260] [bmv2] [D] [thread 101228] [85.0] [cxt 0] Pipeline 'ingress': end
[09:12:02.260] [bmv2] [D] [thread 101228] [85.0] [cxt 0] Egress port is 2
[09:12:02.260] [bmv2] [D] [thread 101231] [85.0] [cxt 0] Pipeline 'egress': start
[09:12:02.260] [bmv2] [D] [thread 101231] [85.0] [cxt 0] Pipeline 'egress': end
[09:12:02.260] [bmv2] [D] [thread 101231] [85.0] [cxt 0] Deparser 'deparser': start
[09:12:02.260] [bmv2] [D] [thread 101231] [85.0] [cxt 0] Updating checksum 'cksum'
[09:12:02.260] [bmv2] [D] [thread 101231] [85.0] [cxt 0] Deparsing header 'ethernet'
[09:12:02.260] [bmv2] [D] [thread 101231] [85.0] [cxt 0] Deparsing header 'ipv4'
[09:12:02.260] [bmv2] [D] [thread 101231] [85.0] [cxt 0] Deparser 'deparser': end
[09:12:02.265] [bmv2] [D] [thread 101233] [85.0] [cxt 0] Transmitting packet of size 336 out of port 2
[09:12:03.287] [bmv2] [D] [thread 101228] [86.0] [cxt 0] Processing packet received on port 1
[09:12:03.287] [bmv2] [D] [thread 101228] [86.0] [cxt 0] Parser 'parser': start
[09:12:03.287] [bmv2] [D] [thread 101228] [86.0] [cxt 0] Parser 'parser' entering state 'start'
[09:12:03.287] [bmv2] [D] [thread 101228] [86.0] [cxt 0] Extracting header 'ethernet'
[09:12:03.287] [bmv2] [D] [thread 101228] [86.0] [cxt 0] Parser state 'start': key is 0800
[09:12:03.287] [bmv2] [T] [thread 101228] [86.0] [cxt 0] Bytes parsed: 14
[09:12:03.287] [bmv2] [D] [thread 101228] [86.0] [cxt 0] Parser 'parser' entering state 'parse_ipv4'
[09:12:03.287] [bmv2] [D] [thread 101228] [86.0] [cxt 0] Extracting header 'ipv4'
[09:12:03.287] [bmv2] [D] [thread 101228] [86.0] [cxt 0] Parser state 'parse_ipv4' has no switch, going to default next state
[09:12:03.287] [bmv2] [T] [thread 101228] [86.0] [cxt 0] Bytes parsed: 34
[09:12:03.287] [bmv2] [D] [thread 101228] [86.0] [cxt 0] Parser 'parser': end
[09:12:03.287] [bmv2] [D] [thread 101228] [86.0] [cxt 0] Pipeline 'ingress': start
[09:12:03.287] [bmv2] [T] [thread 101228] [86.0] [cxt 0] switch.p4(116) Condition "hdr.ipv4.isValid()" (node_2) is true
[09:12:03.287] [bmv2] [T] [thread 101228] [86.0] [cxt 0] Applying table 'MyIngress.ipv4_lpm'
[09:12:03.287] [bmv2] [D] [thread 101228] [86.0] [cxt 0] Looking up key:
* hdr.ipv4.dstAddr    : 0a000202

[09:12:03.287] [bmv2] [D] [thread 101228] [86.0] [cxt 0] Table 'MyIngress.ipv4_lpm': hit with handle 1
[09:12:03.287] [bmv2] [D] [thread 101228] [86.0] [cxt 0] Dumping entry 1
Match key:
* hdr.ipv4.dstAddr    : LPM       0a000202/32
Action entry: MyIngress.ipv4_forward - 80000000300,2,

[09:12:03.287] [bmv2] [D] [thread 101228] [86.0] [cxt 0] Action entry is MyIngress.ipv4_forward - 80000000300,2,
[09:12:03.287] [bmv2] [T] [thread 101228] [86.0] [cxt 0] Action MyIngress.ipv4_forward
[09:12:03.287] [bmv2] [T] [thread 101228] [86.0] [cxt 0] switch.p4(96) Primitive standard_metadata.egress_spec = port
[09:12:03.287] [bmv2] [T] [thread 101228] [86.0] [cxt 0] switch.p4(97) Primitive hdr.ethernet.srcAddr = hdr.ethernet.dstAddr
[09:12:03.287] [bmv2] [T] [thread 101228] [86.0] [cxt 0] switch.p4(98) Primitive hdr.ethernet.dstAddr = dstAddr
[09:12:03.287] [bmv2] [T] [thread 101228] [86.0] [cxt 0] switch.p4(99) Primitive hdr.ipv4.ttl = hdr.ipv4.ttl - 1
[09:12:03.287] [bmv2] [D] [thread 101228] [86.0] [cxt 0] Pipeline 'ingress': end
[09:12:03.287] [bmv2] [D] [thread 101228] [86.0] [cxt 0] Egress port is 2
[09:12:03.287] [bmv2] [D] [thread 101231] [86.0] [cxt 0] Pipeline 'egress': start
[09:12:03.287] [bmv2] [D] [thread 101231] [86.0] [cxt 0] Pipeline 'egress': end
[09:12:03.287] [bmv2] [D] [thread 101231] [86.0] [cxt 0] Deparser 'deparser': start
[09:12:03.287] [bmv2] [D] [thread 101231] [86.0] [cxt 0] Updating checksum 'cksum'
[09:12:03.287] [bmv2] [D] [thread 101231] [86.0] [cxt 0] Deparsing header 'ethernet'
[09:12:03.287] [bmv2] [D] [thread 101231] [86.0] [cxt 0] Deparsing header 'ipv4'
[09:12:03.287] [bmv2] [D] [thread 101231] [86.0] [cxt 0] Deparser 'deparser': end
[09:12:03.287] [bmv2] [D] [thread 101233] [86.0] [cxt 0] Transmitting packet of size 48 out of port 2
[09:12:03.293] [bmv2] [D] [thread 101228] [87.0] [cxt 0] Processing packet received on port 2
[09:12:03.293] [bmv2] [D] [thread 101228] [87.0] [cxt 0] Parser 'parser': start
[09:12:03.293] [bmv2] [D] [thread 101228] [87.0] [cxt 0] Parser 'parser' entering state 'start'
[09:12:03.293] [bmv2] [D] [thread 101228] [87.0] [cxt 0] Extracting header 'ethernet'
[09:12:03.293] [bmv2] [D] [thread 101228] [87.0] [cxt 0] Parser state 'start': key is 0800
[09:12:03.293] [bmv2] [T] [thread 101228] [87.0] [cxt 0] Bytes parsed: 14
[09:12:03.293] [bmv2] [D] [thread 101228] [87.0] [cxt 0] Parser 'parser' entering state 'parse_ipv4'
[09:12:03.293] [bmv2] [D] [thread 101228] [87.0] [cxt 0] Extracting header 'ipv4'
[09:12:03.293] [bmv2] [D] [thread 101228] [87.0] [cxt 0] Parser state 'parse_ipv4' has no switch, going to default next state
[09:12:03.293] [bmv2] [T] [thread 101228] [87.0] [cxt 0] Bytes parsed: 34
[09:12:03.293] [bmv2] [D] [thread 101228] [87.0] [cxt 0] Parser 'parser': end
[09:12:03.293] [bmv2] [D] [thread 101228] [87.0] [cxt 0] Pipeline 'ingress': start
[09:12:03.293] [bmv2] [T] [thread 101228] [87.0] [cxt 0] switch.p4(116) Condition "hdr.ipv4.isValid()" (node_2) is true
[09:12:03.293] [bmv2] [T] [thread 101228] [87.0] [cxt 0] Applying table 'MyIngress.ipv4_lpm'
[09:12:03.293] [bmv2] [D] [thread 101228] [87.0] [cxt 0] Looking up key:
* hdr.ipv4.dstAddr    : 0a000101

[09:12:03.293] [bmv2] [D] [thread 101228] [87.0] [cxt 0] Table 'MyIngress.ipv4_lpm': hit with handle 0
[09:12:03.293] [bmv2] [D] [thread 101228] [87.0] [cxt 0] Dumping entry 0
Match key:
* hdr.ipv4.dstAddr    : LPM       0a000101/32
Action entry: MyIngress.ipv4_forward - 80000000100,1,

[09:12:03.293] [bmv2] [D] [thread 101228] [87.0] [cxt 0] Action entry is MyIngress.ipv4_forward - 80000000100,1,
[09:12:03.293] [bmv2] [T] [thread 101228] [87.0] [cxt 0] Action MyIngress.ipv4_forward
[09:12:03.293] [bmv2] [T] [thread 101228] [87.0] [cxt 0] switch.p4(96) Primitive standard_metadata.egress_spec = port
[09:12:03.293] [bmv2] [T] [thread 101228] [87.0] [cxt 0] switch.p4(97) Primitive hdr.ethernet.srcAddr = hdr.ethernet.dstAddr
[09:12:03.293] [bmv2] [T] [thread 101228] [87.0] [cxt 0] switch.p4(98) Primitive hdr.ethernet.dstAddr = dstAddr
[09:12:03.293] [bmv2] [T] [thread 101228] [87.0] [cxt 0] switch.p4(99) Primitive hdr.ipv4.ttl = hdr.ipv4.ttl - 1
[09:12:03.293] [bmv2] [D] [thread 101228] [87.0] [cxt 0] Pipeline 'ingress': end
[09:12:03.293] [bmv2] [D] [thread 101228] [87.0] [cxt 0] Egress port is 1
[09:12:03.293] [bmv2] [D] [thread 101230] [87.0] [cxt 0] Pipeline 'egress': start
[09:12:03.293] [bmv2] [D] [thread 101230] [87.0] [cxt 0] Pipeline 'egress': end
[09:12:03.293] [bmv2] [D] [thread 101230] [87.0] [cxt 0] Deparser 'deparser': start
[09:12:03.293] [bmv2] [D] [thread 101230] [87.0] [cxt 0] Updating checksum 'cksum'
[09:12:03.293] [bmv2] [D] [thread 101230] [87.0] [cxt 0] Deparsing header 'ethernet'
[09:12:03.293] [bmv2] [D] [thread 101230] [87.0] [cxt 0] Deparsing header 'ipv4'
[09:12:03.293] [bmv2] [D] [thread 101230] [87.0] [cxt 0] Deparser 'deparser': end
[09:12:03.293] [bmv2] [D] [thread 101233] [87.0] [cxt 0] Transmitting packet of size 76 out of port 1
[09:12:03.310] [bmv2] [D] [thread 101228] [88.0] [cxt 0] Processing packet received on port 2
[09:12:03.310] [bmv2] [D] [thread 101228] [88.0] [cxt 0] Parser 'parser': start
[09:12:03.310] [bmv2] [D] [thread 101228] [88.0] [cxt 0] Parser 'parser' entering state 'start'
[09:12:03.310] [bmv2] [D] [thread 101228] [88.0] [cxt 0] Extracting header 'ethernet'
[09:12:03.310] [bmv2] [D] [thread 101228] [88.0] [cxt 0] Parser state 'start': key is 0800
[09:12:03.310] [bmv2] [T] [thread 101228] [88.0] [cxt 0] Bytes parsed: 14
[09:12:03.310] [bmv2] [D] [thread 101228] [88.0] [cxt 0] Parser 'parser' entering state 'parse_ipv4'
[09:12:03.310] [bmv2] [D] [thread 101228] [88.0] [cxt 0] Extracting header 'ipv4'
[09:12:03.310] [bmv2] [D] [thread 101228] [88.0] [cxt 0] Parser state 'parse_ipv4' has no switch, going to default next state
[09:12:03.310] [bmv2] [T] [thread 101228] [88.0] [cxt 0] Bytes parsed: 34
[09:12:03.310] [bmv2] [D] [thread 101228] [88.0] [cxt 0] Parser 'parser': end
[09:12:03.310] [bmv2] [D] [thread 101228] [88.0] [cxt 0] Pipeline 'ingress': start
[09:12:03.310] [bmv2] [T] [thread 101228] [88.0] [cxt 0] switch.p4(116) Condition "hdr.ipv4.isValid()" (node_2) is true
[09:12:03.310] [bmv2] [T] [thread 101228] [88.0] [cxt 0] Applying table 'MyIngress.ipv4_lpm'
[09:12:03.310] [bmv2] [D] [thread 101228] [88.0] [cxt 0] Looking up key:
* hdr.ipv4.dstAddr    : 0a000101

[09:12:03.310] [bmv2] [D] [thread 101228] [88.0] [cxt 0] Table 'MyIngress.ipv4_lpm': hit with handle 0
[09:12:03.310] [bmv2] [D] [thread 101228] [88.0] [cxt 0] Dumping entry 0
Match key:
* hdr.ipv4.dstAddr    : LPM       0a000101/32
Action entry: MyIngress.ipv4_forward - 80000000100,1,

[09:12:03.310] [bmv2] [D] [thread 101228] [88.0] [cxt 0] Action entry is MyIngress.ipv4_forward - 80000000100,1,
[09:12:03.310] [bmv2] [T] [thread 101228] [88.0] [cxt 0] Action MyIngress.ipv4_forward
[09:12:03.310] [bmv2] [T] [thread 101228] [88.0] [cxt 0] switch.p4(96) Primitive standard_metadata.egress_spec = port
[09:12:03.310] [bmv2] [T] [thread 101228] [88.0] [cxt 0] switch.p4(97) Primitive hdr.ethernet.srcAddr = hdr.ethernet.dstAddr
[09:12:03.310] [bmv2] [T] [thread 101228] [88.0] [cxt 0] switch.p4(98) Primitive hdr.ethernet.dstAddr = dstAddr
[09:12:03.310] [bmv2] [T] [thread 101228] [88.0] [cxt 0] switch.p4(99) Primitive hdr.ipv4.ttl = hdr.ipv4.ttl - 1
[09:12:03.310] [bmv2] [D] [thread 101228] [88.0] [cxt 0] Pipeline 'ingress': end
[09:12:03.310] [bmv2] [D] [thread 101228] [88.0] [cxt 0] Egress port is 1
[09:12:03.310] [bmv2] [D] [thread 101230] [88.0] [cxt 0] Pipeline 'egress': start
[09:12:03.310] [bmv2] [D] [thread 101230] [88.0] [cxt 0] Pipeline 'egress': end
[09:12:03.310] [bmv2] [D] [thread 101230] [88.0] [cxt 0] Deparser 'deparser': start
[09:12:03.310] [bmv2] [D] [thread 101230] [88.0] [cxt 0] Updating checksum 'cksum'
[09:12:03.310] [bmv2] [D] [thread 101230] [88.0] [cxt 0] Deparsing header 'ethernet'
[09:12:03.310] [bmv2] [D] [thread 101230] [88.0] [cxt 0] Deparsing header 'ipv4'
[09:12:03.310] [bmv2] [D] [thread 101230] [88.0] [cxt 0] Deparser 'deparser': end
[09:12:03.310] [bmv2] [D] [thread 101233] [88.0] [cxt 0] Transmitting packet of size 308 out of port 1
[09:12:03.314] [bmv2] [D] [thread 101228] [89.0] [cxt 0] Processing packet received on port 1
[09:12:03.314] [bmv2] [D] [thread 101228] [89.0] [cxt 0] Parser 'parser': start
[09:12:03.314] [bmv2] [D] [thread 101228] [89.0] [cxt 0] Parser 'parser' entering state 'start'
[09:12:03.314] [bmv2] [D] [thread 101228] [89.0] [cxt 0] Extracting header 'ethernet'
[09:12:03.314] [bmv2] [D] [thread 101228] [89.0] [cxt 0] Parser state 'start': key is 0800
[09:12:03.314] [bmv2] [T] [thread 101228] [89.0] [cxt 0] Bytes parsed: 14
[09:12:03.314] [bmv2] [D] [thread 101228] [89.0] [cxt 0] Parser 'parser' entering state 'parse_ipv4'
[09:12:03.314] [bmv2] [D] [thread 101228] [89.0] [cxt 0] Extracting header 'ipv4'
[09:12:03.314] [bmv2] [D] [thread 101228] [89.0] [cxt 0] Parser state 'parse_ipv4' has no switch, going to default next state
[09:12:03.314] [bmv2] [T] [thread 101228] [89.0] [cxt 0] Bytes parsed: 34
[09:12:03.314] [bmv2] [D] [thread 101228] [89.0] [cxt 0] Parser 'parser': end
[09:12:03.314] [bmv2] [D] [thread 101228] [89.0] [cxt 0] Pipeline 'ingress': start
[09:12:03.314] [bmv2] [T] [thread 101228] [89.0] [cxt 0] switch.p4(116) Condition "hdr.ipv4.isValid()" (node_2) is true
[09:12:03.314] [bmv2] [T] [thread 101228] [89.0] [cxt 0] Applying table 'MyIngress.ipv4_lpm'
[09:12:03.314] [bmv2] [D] [thread 101228] [89.0] [cxt 0] Looking up key:
* hdr.ipv4.dstAddr    : 0a000202

[09:12:03.314] [bmv2] [D] [thread 101228] [89.0] [cxt 0] Table 'MyIngress.ipv4_lpm': hit with handle 1
[09:12:03.314] [bmv2] [D] [thread 101228] [89.0] [cxt 0] Dumping entry 1
Match key:
* hdr.ipv4.dstAddr    : LPM       0a000202/32
Action entry: MyIngress.ipv4_forward - 80000000300,2,

[09:12:03.314] [bmv2] [D] [thread 101228] [89.0] [cxt 0] Action entry is MyIngress.ipv4_forward - 80000000300,2,
[09:12:03.314] [bmv2] [T] [thread 101228] [89.0] [cxt 0] Action MyIngress.ipv4_forward
[09:12:03.314] [bmv2] [T] [thread 101228] [89.0] [cxt 0] switch.p4(96) Primitive standard_metadata.egress_spec = port
[09:12:03.314] [bmv2] [T] [thread 101228] [89.0] [cxt 0] switch.p4(97) Primitive hdr.ethernet.srcAddr = hdr.ethernet.dstAddr
[09:12:03.314] [bmv2] [T] [thread 101228] [89.0] [cxt 0] switch.p4(98) Primitive hdr.ethernet.dstAddr = dstAddr
[09:12:03.314] [bmv2] [T] [thread 101228] [89.0] [cxt 0] switch.p4(99) Primitive hdr.ipv4.ttl = hdr.ipv4.ttl - 1
[09:12:03.314] [bmv2] [D] [thread 101228] [89.0] [cxt 0] Pipeline 'ingress': end
[09:12:03.314] [bmv2] [D] [thread 101228] [89.0] [cxt 0] Egress port is 2
[09:12:03.314] [bmv2] [D] [thread 101231] [89.0] [cxt 0] Pipeline 'egress': start
[09:12:03.314] [bmv2] [D] [thread 101231] [89.0] [cxt 0] Pipeline 'egress': end
[09:12:03.314] [bmv2] [D] [thread 101231] [89.0] [cxt 0] Deparser 'deparser': start
[09:12:03.314] [bmv2] [D] [thread 101231] [89.0] [cxt 0] Updating checksum 'cksum'
[09:12:03.314] [bmv2] [D] [thread 101231] [89.0] [cxt 0] Deparsing header 'ethernet'
[09:12:03.314] [bmv2] [D] [thread 101231] [89.0] [cxt 0] Deparsing header 'ipv4'
[09:12:03.314] [bmv2] [D] [thread 101231] [89.0] [cxt 0] Deparser 'deparser': end
[09:12:03.314] [bmv2] [D] [thread 101233] [89.0] [cxt 0] Transmitting packet of size 336 out of port 2
[09:12:04.264] [bmv2] [D] [thread 101228] [90.0] [cxt 0] Processing packet received on port 1
[09:12:04.264] [bmv2] [D] [thread 101228] [90.0] [cxt 0] Parser 'parser': start
[09:12:04.264] [bmv2] [D] [thread 101228] [90.0] [cxt 0] Parser 'parser' entering state 'start'
[09:12:04.264] [bmv2] [D] [thread 101228] [90.0] [cxt 0] Extracting header 'ethernet'
[09:12:04.264] [bmv2] [D] [thread 101228] [90.0] [cxt 0] Parser state 'start': key is 0800
[09:12:04.264] [bmv2] [T] [thread 101228] [90.0] [cxt 0] Bytes parsed: 14
[09:12:04.264] [bmv2] [D] [thread 101228] [90.0] [cxt 0] Parser 'parser' entering state 'parse_ipv4'
[09:12:04.264] [bmv2] [D] [thread 101228] [90.0] [cxt 0] Extracting header 'ipv4'
[09:12:04.264] [bmv2] [D] [thread 101228] [90.0] [cxt 0] Parser state 'parse_ipv4' has no switch, going to default next state
[09:12:04.264] [bmv2] [T] [thread 101228] [90.0] [cxt 0] Bytes parsed: 34
[09:12:04.264] [bmv2] [D] [thread 101228] [90.0] [cxt 0] Parser 'parser': end
[09:12:04.264] [bmv2] [D] [thread 101228] [90.0] [cxt 0] Pipeline 'ingress': start
[09:12:04.264] [bmv2] [T] [thread 101228] [90.0] [cxt 0] switch.p4(116) Condition "hdr.ipv4.isValid()" (node_2) is true
[09:12:04.264] [bmv2] [T] [thread 101228] [90.0] [cxt 0] Applying table 'MyIngress.ipv4_lpm'
[09:12:04.264] [bmv2] [D] [thread 101228] [90.0] [cxt 0] Looking up key:
* hdr.ipv4.dstAddr    : 0a000202

[09:12:04.264] [bmv2] [D] [thread 101228] [90.0] [cxt 0] Table 'MyIngress.ipv4_lpm': hit with handle 1
[09:12:04.264] [bmv2] [D] [thread 101228] [90.0] [cxt 0] Dumping entry 1
Match key:
* hdr.ipv4.dstAddr    : LPM       0a000202/32
Action entry: MyIngress.ipv4_forward - 80000000300,2,

[09:12:04.264] [bmv2] [D] [thread 101228] [90.0] [cxt 0] Action entry is MyIngress.ipv4_forward - 80000000300,2,
[09:12:04.264] [bmv2] [T] [thread 101228] [90.0] [cxt 0] Action MyIngress.ipv4_forward
[09:12:04.264] [bmv2] [T] [thread 101228] [90.0] [cxt 0] switch.p4(96) Primitive standard_metadata.egress_spec = port
[09:12:04.264] [bmv2] [T] [thread 101228] [90.0] [cxt 0] switch.p4(97) Primitive hdr.ethernet.srcAddr = hdr.ethernet.dstAddr
[09:12:04.264] [bmv2] [T] [thread 101228] [90.0] [cxt 0] switch.p4(98) Primitive hdr.ethernet.dstAddr = dstAddr
[09:12:04.264] [bmv2] [T] [thread 101228] [90.0] [cxt 0] switch.p4(99) Primitive hdr.ipv4.ttl = hdr.ipv4.ttl - 1
[09:12:04.264] [bmv2] [D] [thread 101228] [90.0] [cxt 0] Pipeline 'ingress': end
[09:12:04.264] [bmv2] [D] [thread 101228] [90.0] [cxt 0] Egress port is 2
[09:12:04.264] [bmv2] [D] [thread 101231] [90.0] [cxt 0] Pipeline 'egress': start
[09:12:04.264] [bmv2] [D] [thread 101231] [90.0] [cxt 0] Pipeline 'egress': end
[09:12:04.264] [bmv2] [D] [thread 101231] [90.0] [cxt 0] Deparser 'deparser': start
[09:12:04.264] [bmv2] [D] [thread 101231] [90.0] [cxt 0] Updating checksum 'cksum'
[09:12:04.264] [bmv2] [D] [thread 101231] [90.0] [cxt 0] Deparsing header 'ethernet'
[09:12:04.264] [bmv2] [D] [thread 101231] [90.0] [cxt 0] Deparsing header 'ipv4'
[09:12:04.264] [bmv2] [D] [thread 101231] [90.0] [cxt 0] Deparser 'deparser': end
[09:12:04.264] [bmv2] [D] [thread 101233] [90.0] [cxt 0] Transmitting packet of size 48 out of port 2
[09:12:04.270] [bmv2] [D] [thread 101228] [91.0] [cxt 0] Processing packet received on port 2
[09:12:04.270] [bmv2] [D] [thread 101228] [91.0] [cxt 0] Parser 'parser': start
[09:12:04.270] [bmv2] [D] [thread 101228] [91.0] [cxt 0] Parser 'parser' entering state 'start'
[09:12:04.270] [bmv2] [D] [thread 101228] [91.0] [cxt 0] Extracting header 'ethernet'
[09:12:04.270] [bmv2] [D] [thread 101228] [91.0] [cxt 0] Parser state 'start': key is 0800
[09:12:04.270] [bmv2] [T] [thread 101228] [91.0] [cxt 0] Bytes parsed: 14
[09:12:04.270] [bmv2] [D] [thread 101228] [91.0] [cxt 0] Parser 'parser' entering state 'parse_ipv4'
[09:12:04.270] [bmv2] [D] [thread 101228] [91.0] [cxt 0] Extracting header 'ipv4'
[09:12:04.270] [bmv2] [D] [thread 101228] [91.0] [cxt 0] Parser state 'parse_ipv4' has no switch, going to default next state
[09:12:04.270] [bmv2] [T] [thread 101228] [91.0] [cxt 0] Bytes parsed: 34
[09:12:04.270] [bmv2] [D] [thread 101228] [91.0] [cxt 0] Parser 'parser': end
[09:12:04.270] [bmv2] [D] [thread 101228] [91.0] [cxt 0] Pipeline 'ingress': start
[09:12:04.270] [bmv2] [T] [thread 101228] [91.0] [cxt 0] switch.p4(116) Condition "hdr.ipv4.isValid()" (node_2) is true
[09:12:04.270] [bmv2] [T] [thread 101228] [91.0] [cxt 0] Applying table 'MyIngress.ipv4_lpm'
[09:12:04.270] [bmv2] [D] [thread 101228] [91.0] [cxt 0] Looking up key:
* hdr.ipv4.dstAddr    : 0a000101

[09:12:04.270] [bmv2] [D] [thread 101228] [91.0] [cxt 0] Table 'MyIngress.ipv4_lpm': hit with handle 0
[09:12:04.270] [bmv2] [D] [thread 101228] [91.0] [cxt 0] Dumping entry 0
Match key:
* hdr.ipv4.dstAddr    : LPM       0a000101/32
Action entry: MyIngress.ipv4_forward - 80000000100,1,

[09:12:04.270] [bmv2] [D] [thread 101228] [91.0] [cxt 0] Action entry is MyIngress.ipv4_forward - 80000000100,1,
[09:12:04.270] [bmv2] [T] [thread 101228] [91.0] [cxt 0] Action MyIngress.ipv4_forward
[09:12:04.270] [bmv2] [T] [thread 101228] [91.0] [cxt 0] switch.p4(96) Primitive standard_metadata.egress_spec = port
[09:12:04.270] [bmv2] [T] [thread 101228] [91.0] [cxt 0] switch.p4(97) Primitive hdr.ethernet.srcAddr = hdr.ethernet.dstAddr
[09:12:04.270] [bmv2] [T] [thread 101228] [91.0] [cxt 0] switch.p4(98) Primitive hdr.ethernet.dstAddr = dstAddr
[09:12:04.270] [bmv2] [T] [thread 101228] [91.0] [cxt 0] switch.p4(99) Primitive hdr.ipv4.ttl = hdr.ipv4.ttl - 1
[09:12:04.270] [bmv2] [D] [thread 101228] [91.0] [cxt 0] Pipeline 'ingress': end
[09:12:04.270] [bmv2] [D] [thread 101228] [91.0] [cxt 0] Egress port is 1
[09:12:04.308] [bmv2] [D] [thread 101228] [92.0] [cxt 0] Processing packet received on port 2
[09:12:04.308] [bmv2] [D] [thread 101228] [92.0] [cxt 0] Parser 'parser': start
[09:12:04.308] [bmv2] [D] [thread 101228] [92.0] [cxt 0] Parser 'parser' entering state 'start'
[09:12:04.308] [bmv2] [D] [thread 101228] [92.0] [cxt 0] Extracting header 'ethernet'
[09:12:04.308] [bmv2] [D] [thread 101228] [92.0] [cxt 0] Parser state 'start': key is 0800
[09:12:04.308] [bmv2] [T] [thread 101228] [92.0] [cxt 0] Bytes parsed: 14
[09:12:04.308] [bmv2] [D] [thread 101228] [92.0] [cxt 0] Parser 'parser' entering state 'parse_ipv4'
[09:12:04.308] [bmv2] [D] [thread 101228] [92.0] [cxt 0] Extracting header 'ipv4'
[09:12:04.308] [bmv2] [D] [thread 101228] [92.0] [cxt 0] Parser state 'parse_ipv4' has no switch, going to default next state
[09:12:04.308] [bmv2] [T] [thread 101228] [92.0] [cxt 0] Bytes parsed: 34
[09:12:04.308] [bmv2] [D] [thread 101228] [92.0] [cxt 0] Parser 'parser': end
[09:12:04.308] [bmv2] [D] [thread 101228] [92.0] [cxt 0] Pipeline 'ingress': start
[09:12:04.308] [bmv2] [T] [thread 101228] [92.0] [cxt 0] switch.p4(116) Condition "hdr.ipv4.isValid()" (node_2) is true
[09:12:04.308] [bmv2] [T] [thread 101228] [92.0] [cxt 0] Applying table 'MyIngress.ipv4_lpm'
[09:12:04.308] [bmv2] [D] [thread 101228] [92.0] [cxt 0] Looking up key:
* hdr.ipv4.dstAddr    : 0a000101

[09:12:04.308] [bmv2] [D] [thread 101228] [92.0] [cxt 0] Table 'MyIngress.ipv4_lpm': hit with handle 0
[09:12:04.308] [bmv2] [D] [thread 101228] [92.0] [cxt 0] Dumping entry 0
Match key:
* hdr.ipv4.dstAddr    : LPM       0a000101/32
Action entry: MyIngress.ipv4_forward - 80000000100,1,

[09:12:04.308] [bmv2] [D] [thread 101228] [92.0] [cxt 0] Action entry is MyIngress.ipv4_forward - 80000000100,1,
[09:12:04.308] [bmv2] [T] [thread 101228] [92.0] [cxt 0] Action MyIngress.ipv4_forward
[09:12:04.308] [bmv2] [T] [thread 101228] [92.0] [cxt 0] switch.p4(96) Primitive standard_metadata.egress_spec = port
[09:12:04.308] [bmv2] [T] [thread 101228] [92.0] [cxt 0] switch.p4(97) Primitive hdr.ethernet.srcAddr = hdr.ethernet.dstAddr
[09:12:04.308] [bmv2] [T] [thread 101228] [92.0] [cxt 0] switch.p4(98) Primitive hdr.ethernet.dstAddr = dstAddr
[09:12:04.308] [bmv2] [T] [thread 101228] [92.0] [cxt 0] switch.p4(99) Primitive hdr.ipv4.ttl = hdr.ipv4.ttl - 1
[09:12:04.308] [bmv2] [D] [thread 101228] [92.0] [cxt 0] Pipeline 'ingress': end
[09:12:04.308] [bmv2] [D] [thread 101228] [92.0] [cxt 0] Egress port is 1
[09:12:04.315] [bmv2] [D] [thread 101230] [91.0] [cxt 0] Pipeline 'egress': start
[09:12:04.315] [bmv2] [D] [thread 101230] [91.0] [cxt 0] Pipeline 'egress': end
[09:12:04.315] [bmv2] [D] [thread 101230] [91.0] [cxt 0] Deparser 'deparser': start
[09:12:04.315] [bmv2] [D] [thread 101230] [91.0] [cxt 0] Updating checksum 'cksum'
[09:12:04.315] [bmv2] [D] [thread 101230] [91.0] [cxt 0] Deparsing header 'ethernet'
[09:12:04.315] [bmv2] [D] [thread 101230] [91.0] [cxt 0] Deparsing header 'ipv4'
[09:12:04.315] [bmv2] [D] [thread 101230] [91.0] [cxt 0] Deparser 'deparser': end
[09:12:04.315] [bmv2] [D] [thread 101230] [92.0] [cxt 0] Pipeline 'egress': start
[09:12:04.315] [bmv2] [D] [thread 101230] [92.0] [cxt 0] Pipeline 'egress': end
[09:12:04.315] [bmv2] [D] [thread 101230] [92.0] [cxt 0] Deparser 'deparser': start
[09:12:04.315] [bmv2] [D] [thread 101230] [92.0] [cxt 0] Updating checksum 'cksum'
[09:12:04.315] [bmv2] [D] [thread 101230] [92.0] [cxt 0] Deparsing header 'ethernet'
[09:12:04.315] [bmv2] [D] [thread 101230] [92.0] [cxt 0] Deparsing header 'ipv4'
[09:12:04.315] [bmv2] [D] [thread 101230] [92.0] [cxt 0] Deparser 'deparser': end
[09:12:04.315] [bmv2] [D] [thread 101233] [91.0] [cxt 0] Transmitting packet of size 76 out of port 1
[09:12:04.315] [bmv2] [D] [thread 101233] [92.0] [cxt 0] Transmitting packet of size 308 out of port 1
[09:12:04.315] [bmv2] [D] [thread 101228] [93.0] [cxt 0] Processing packet received on port 1
[09:12:04.315] [bmv2] [D] [thread 101228] [93.0] [cxt 0] Parser 'parser': start
[09:12:04.315] [bmv2] [D] [thread 101228] [93.0] [cxt 0] Parser 'parser' entering state 'start'
[09:12:04.315] [bmv2] [D] [thread 101228] [93.0] [cxt 0] Extracting header 'ethernet'
[09:12:04.315] [bmv2] [D] [thread 101228] [93.0] [cxt 0] Parser state 'start': key is 0800
[09:12:04.315] [bmv2] [T] [thread 101228] [93.0] [cxt 0] Bytes parsed: 14
[09:12:04.315] [bmv2] [D] [thread 101228] [93.0] [cxt 0] Parser 'parser' entering state 'parse_ipv4'
[09:12:04.315] [bmv2] [D] [thread 101228] [93.0] [cxt 0] Extracting header 'ipv4'
[09:12:04.315] [bmv2] [D] [thread 101228] [93.0] [cxt 0] Parser state 'parse_ipv4' has no switch, going to default next state
[09:12:04.315] [bmv2] [T] [thread 101228] [93.0] [cxt 0] Bytes parsed: 34
[09:12:04.315] [bmv2] [D] [thread 101228] [93.0] [cxt 0] Parser 'parser': end
[09:12:04.315] [bmv2] [D] [thread 101228] [93.0] [cxt 0] Pipeline 'ingress': start
[09:12:04.315] [bmv2] [T] [thread 101228] [93.0] [cxt 0] switch.p4(116) Condition "hdr.ipv4.isValid()" (node_2) is true
[09:12:04.315] [bmv2] [T] [thread 101228] [93.0] [cxt 0] Applying table 'MyIngress.ipv4_lpm'
[09:12:04.315] [bmv2] [D] [thread 101228] [93.0] [cxt 0] Looking up key:
* hdr.ipv4.dstAddr    : 0a000202

[09:12:04.315] [bmv2] [D] [thread 101228] [93.0] [cxt 0] Table 'MyIngress.ipv4_lpm': hit with handle 1
[09:12:04.315] [bmv2] [D] [thread 101228] [93.0] [cxt 0] Dumping entry 1
Match key:
* hdr.ipv4.dstAddr    : LPM       0a000202/32
Action entry: MyIngress.ipv4_forward - 80000000300,2,

[09:12:04.315] [bmv2] [D] [thread 101228] [93.0] [cxt 0] Action entry is MyIngress.ipv4_forward - 80000000300,2,
[09:12:04.315] [bmv2] [T] [thread 101228] [93.0] [cxt 0] Action MyIngress.ipv4_forward
[09:12:04.315] [bmv2] [T] [thread 101228] [93.0] [cxt 0] switch.p4(96) Primitive standard_metadata.egress_spec = port
[09:12:04.315] [bmv2] [T] [thread 101228] [93.0] [cxt 0] switch.p4(97) Primitive hdr.ethernet.srcAddr = hdr.ethernet.dstAddr
[09:12:04.315] [bmv2] [T] [thread 101228] [93.0] [cxt 0] switch.p4(98) Primitive hdr.ethernet.dstAddr = dstAddr
[09:12:04.315] [bmv2] [T] [thread 101228] [93.0] [cxt 0] switch.p4(99) Primitive hdr.ipv4.ttl = hdr.ipv4.ttl - 1
[09:12:04.315] [bmv2] [D] [thread 101228] [93.0] [cxt 0] Pipeline 'ingress': end
[09:12:04.315] [bmv2] [D] [thread 101228] [93.0] [cxt 0] Egress port is 2
[09:12:04.315] [bmv2] [D] [thread 101231] [93.0] [cxt 0] Pipeline 'egress': start
[09:12:04.315] [bmv2] [D] [thread 101231] [93.0] [cxt 0] Pipeline 'egress': end
[09:12:04.315] [bmv2] [D] [thread 101231] [93.0] [cxt 0] Deparser 'deparser': start
[09:12:04.315] [bmv2] [D] [thread 101231] [93.0] [cxt 0] Updating checksum 'cksum'
[09:12:04.315] [bmv2] [D] [thread 101231] [93.0] [cxt 0] Deparsing header 'ethernet'
[09:12:04.315] [bmv2] [D] [thread 101231] [93.0] [cxt 0] Deparsing header 'ipv4'
[09:12:04.315] [bmv2] [D] [thread 101231] [93.0] [cxt 0] Deparser 'deparser': end
[09:12:04.315] [bmv2] [D] [thread 101233] [93.0] [cxt 0] Transmitting packet of size 336 out of port 2
[09:12:05.112] [bmv2] [D] [thread 101228] [94.0] [cxt 0] Processing packet received on port 1
[09:12:05.112] [bmv2] [D] [thread 101228] [94.0] [cxt 0] Parser 'parser': start
[09:12:05.112] [bmv2] [D] [thread 101228] [94.0] [cxt 0] Parser 'parser' entering state 'start'
[09:12:05.112] [bmv2] [D] [thread 101228] [94.0] [cxt 0] Extracting header 'ethernet'
[09:12:05.112] [bmv2] [D] [thread 101228] [94.0] [cxt 0] Parser state 'start': key is 86dd
[09:12:05.112] [bmv2] [T] [thread 101228] [94.0] [cxt 0] Bytes parsed: 14
[09:12:05.112] [bmv2] [D] [thread 101228] [94.0] [cxt 0] Parser 'parser': end
[09:12:05.112] [bmv2] [D] [thread 101228] [94.0] [cxt 0] Pipeline 'ingress': start
[09:12:05.112] [bmv2] [T] [thread 101228] [94.0] [cxt 0] switch.p4(116) Condition "hdr.ipv4.isValid()" (node_2) is false
[09:12:05.112] [bmv2] [D] [thread 101228] [94.0] [cxt 0] Pipeline 'ingress': end
[09:12:05.112] [bmv2] [D] [thread 101228] [94.0] [cxt 0] Egress port is 0
[09:12:05.112] [bmv2] [D] [thread 101229] [94.0] [cxt 0] Pipeline 'egress': start
[09:12:05.112] [bmv2] [D] [thread 101229] [94.0] [cxt 0] Pipeline 'egress': end
[09:12:05.112] [bmv2] [D] [thread 101229] [94.0] [cxt 0] Deparser 'deparser': start
[09:12:05.112] [bmv2] [T] [thread 101229] [94.0] [cxt 0] Skipping checksum 'cksum' update because condition not met
[09:12:05.112] [bmv2] [D] [thread 101229] [94.0] [cxt 0] Deparsing header 'ethernet'
[09:12:05.112] [bmv2] [D] [thread 101229] [94.0] [cxt 0] Deparser 'deparser': end
[09:12:05.112] [bmv2] [D] [thread 101233] [94.0] [cxt 0] Transmitting packet of size 70 out of port 0
[09:12:05.114] [bmv2] [D] [thread 101228] [95.0] [cxt 0] Processing packet received on port 2
[09:12:05.114] [bmv2] [D] [thread 101228] [95.0] [cxt 0] Parser 'parser': start
[09:12:05.114] [bmv2] [D] [thread 101228] [95.0] [cxt 0] Parser 'parser' entering state 'start'
[09:12:05.114] [bmv2] [D] [thread 101228] [95.0] [cxt 0] Extracting header 'ethernet'
[09:12:05.114] [bmv2] [D] [thread 101228] [95.0] [cxt 0] Parser state 'start': key is 86dd
[09:12:05.114] [bmv2] [T] [thread 101228] [95.0] [cxt 0] Bytes parsed: 14
[09:12:05.114] [bmv2] [D] [thread 101228] [95.0] [cxt 0] Parser 'parser': end
[09:12:05.114] [bmv2] [D] [thread 101228] [95.0] [cxt 0] Pipeline 'ingress': start
[09:12:05.114] [bmv2] [T] [thread 101228] [95.0] [cxt 0] switch.p4(116) Condition "hdr.ipv4.isValid()" (node_2) is false
[09:12:05.114] [bmv2] [D] [thread 101228] [95.0] [cxt 0] Pipeline 'ingress': end
[09:12:05.114] [bmv2] [D] [thread 101228] [95.0] [cxt 0] Egress port is 0
[09:12:05.114] [bmv2] [D] [thread 101229] [95.0] [cxt 0] Pipeline 'egress': start
[09:12:05.114] [bmv2] [D] [thread 101229] [95.0] [cxt 0] Pipeline 'egress': end
[09:12:05.114] [bmv2] [D] [thread 101229] [95.0] [cxt 0] Deparser 'deparser': start
[09:12:05.114] [bmv2] [T] [thread 101229] [95.0] [cxt 0] Skipping checksum 'cksum' update because condition not met
[09:12:05.114] [bmv2] [D] [thread 101229] [95.0] [cxt 0] Deparsing header 'ethernet'
[09:12:05.114] [bmv2] [D] [thread 101229] [95.0] [cxt 0] Deparser 'deparser': end
[09:12:05.114] [bmv2] [D] [thread 101233] [95.0] [cxt 0] Transmitting packet of size 70 out of port 0
[09:12:05.273] [bmv2] [D] [thread 101228] [96.0] [cxt 0] Processing packet received on port 1
[09:12:05.273] [bmv2] [D] [thread 101228] [96.0] [cxt 0] Parser 'parser': start
[09:12:05.273] [bmv2] [D] [thread 101228] [96.0] [cxt 0] Parser 'parser' entering state 'start'
[09:12:05.273] [bmv2] [D] [thread 101228] [96.0] [cxt 0] Extracting header 'ethernet'
[09:12:05.273] [bmv2] [D] [thread 101228] [96.0] [cxt 0] Parser state 'start': key is 0800
[09:12:05.273] [bmv2] [T] [thread 101228] [96.0] [cxt 0] Bytes parsed: 14
[09:12:05.273] [bmv2] [D] [thread 101228] [96.0] [cxt 0] Parser 'parser' entering state 'parse_ipv4'
[09:12:05.273] [bmv2] [D] [thread 101228] [96.0] [cxt 0] Extracting header 'ipv4'
[09:12:05.273] [bmv2] [D] [thread 101228] [96.0] [cxt 0] Parser state 'parse_ipv4' has no switch, going to default next state
[09:12:05.273] [bmv2] [T] [thread 101228] [96.0] [cxt 0] Bytes parsed: 34
[09:12:05.273] [bmv2] [D] [thread 101228] [96.0] [cxt 0] Parser 'parser': end
[09:12:05.273] [bmv2] [D] [thread 101228] [96.0] [cxt 0] Pipeline 'ingress': start
[09:12:05.273] [bmv2] [T] [thread 101228] [96.0] [cxt 0] switch.p4(116) Condition "hdr.ipv4.isValid()" (node_2) is true
[09:12:05.273] [bmv2] [T] [thread 101228] [96.0] [cxt 0] Applying table 'MyIngress.ipv4_lpm'
[09:12:05.273] [bmv2] [D] [thread 101228] [96.0] [cxt 0] Looking up key:
* hdr.ipv4.dstAddr    : 0a000202

[09:12:05.273] [bmv2] [D] [thread 101228] [96.0] [cxt 0] Table 'MyIngress.ipv4_lpm': hit with handle 1
[09:12:05.273] [bmv2] [D] [thread 101228] [96.0] [cxt 0] Dumping entry 1
Match key:
* hdr.ipv4.dstAddr    : LPM       0a000202/32
Action entry: MyIngress.ipv4_forward - 80000000300,2,

[09:12:05.273] [bmv2] [D] [thread 101228] [96.0] [cxt 0] Action entry is MyIngress.ipv4_forward - 80000000300,2,
[09:12:05.273] [bmv2] [T] [thread 101228] [96.0] [cxt 0] Action MyIngress.ipv4_forward
[09:12:05.273] [bmv2] [T] [thread 101228] [96.0] [cxt 0] switch.p4(96) Primitive standard_metadata.egress_spec = port
[09:12:05.273] [bmv2] [T] [thread 101228] [96.0] [cxt 0] switch.p4(97) Primitive hdr.ethernet.srcAddr = hdr.ethernet.dstAddr
[09:12:05.273] [bmv2] [T] [thread 101228] [96.0] [cxt 0] switch.p4(98) Primitive hdr.ethernet.dstAddr = dstAddr
[09:12:05.273] [bmv2] [T] [thread 101228] [96.0] [cxt 0] switch.p4(99) Primitive hdr.ipv4.ttl = hdr.ipv4.ttl - 1
[09:12:05.273] [bmv2] [D] [thread 101228] [96.0] [cxt 0] Pipeline 'ingress': end
[09:12:05.273] [bmv2] [D] [thread 101228] [96.0] [cxt 0] Egress port is 2
[09:12:05.273] [bmv2] [D] [thread 101231] [96.0] [cxt 0] Pipeline 'egress': start
[09:12:05.273] [bmv2] [D] [thread 101231] [96.0] [cxt 0] Pipeline 'egress': end
[09:12:05.273] [bmv2] [D] [thread 101231] [96.0] [cxt 0] Deparser 'deparser': start
[09:12:05.273] [bmv2] [D] [thread 101231] [96.0] [cxt 0] Updating checksum 'cksum'
[09:12:05.273] [bmv2] [D] [thread 101231] [96.0] [cxt 0] Deparsing header 'ethernet'
[09:12:05.273] [bmv2] [D] [thread 101231] [96.0] [cxt 0] Deparsing header 'ipv4'
[09:12:05.273] [bmv2] [D] [thread 101231] [96.0] [cxt 0] Deparser 'deparser': end
[09:12:05.273] [bmv2] [D] [thread 101233] [96.0] [cxt 0] Transmitting packet of size 48 out of port 2
[09:12:05.278] [bmv2] [D] [thread 101228] [97.0] [cxt 0] Processing packet received on port 2
[09:12:05.278] [bmv2] [D] [thread 101228] [97.0] [cxt 0] Parser 'parser': start
[09:12:05.278] [bmv2] [D] [thread 101228] [97.0] [cxt 0] Parser 'parser' entering state 'start'
[09:12:05.278] [bmv2] [D] [thread 101228] [97.0] [cxt 0] Extracting header 'ethernet'
[09:12:05.278] [bmv2] [D] [thread 101228] [97.0] [cxt 0] Parser state 'start': key is 0800
[09:12:05.278] [bmv2] [T] [thread 101228] [97.0] [cxt 0] Bytes parsed: 14
[09:12:05.278] [bmv2] [D] [thread 101228] [97.0] [cxt 0] Parser 'parser' entering state 'parse_ipv4'
[09:12:05.278] [bmv2] [D] [thread 101228] [97.0] [cxt 0] Extracting header 'ipv4'
[09:12:05.278] [bmv2] [D] [thread 101228] [97.0] [cxt 0] Parser state 'parse_ipv4' has no switch, going to default next state
[09:12:05.278] [bmv2] [T] [thread 101228] [97.0] [cxt 0] Bytes parsed: 34
[09:12:05.278] [bmv2] [D] [thread 101228] [97.0] [cxt 0] Parser 'parser': end
[09:12:05.278] [bmv2] [D] [thread 101228] [97.0] [cxt 0] Pipeline 'ingress': start
[09:12:05.278] [bmv2] [T] [thread 101228] [97.0] [cxt 0] switch.p4(116) Condition "hdr.ipv4.isValid()" (node_2) is true
[09:12:05.278] [bmv2] [T] [thread 101228] [97.0] [cxt 0] Applying table 'MyIngress.ipv4_lpm'
[09:12:05.278] [bmv2] [D] [thread 101228] [97.0] [cxt 0] Looking up key:
* hdr.ipv4.dstAddr    : 0a000101

[09:12:05.278] [bmv2] [D] [thread 101228] [97.0] [cxt 0] Table 'MyIngress.ipv4_lpm': hit with handle 0
[09:12:05.278] [bmv2] [D] [thread 101228] [97.0] [cxt 0] Dumping entry 0
Match key:
* hdr.ipv4.dstAddr    : LPM       0a000101/32
Action entry: MyIngress.ipv4_forward - 80000000100,1,

[09:12:05.278] [bmv2] [D] [thread 101228] [97.0] [cxt 0] Action entry is MyIngress.ipv4_forward - 80000000100,1,
[09:12:05.278] [bmv2] [T] [thread 101228] [97.0] [cxt 0] Action MyIngress.ipv4_forward
[09:12:05.278] [bmv2] [T] [thread 101228] [97.0] [cxt 0] switch.p4(96) Primitive standard_metadata.egress_spec = port
[09:12:05.278] [bmv2] [T] [thread 101228] [97.0] [cxt 0] switch.p4(97) Primitive hdr.ethernet.srcAddr = hdr.ethernet.dstAddr
[09:12:05.278] [bmv2] [T] [thread 101228] [97.0] [cxt 0] switch.p4(98) Primitive hdr.ethernet.dstAddr = dstAddr
[09:12:05.278] [bmv2] [T] [thread 101228] [97.0] [cxt 0] switch.p4(99) Primitive hdr.ipv4.ttl = hdr.ipv4.ttl - 1
[09:12:05.278] [bmv2] [D] [thread 101228] [97.0] [cxt 0] Pipeline 'ingress': end
[09:12:05.278] [bmv2] [D] [thread 101228] [97.0] [cxt 0] Egress port is 1
[09:12:05.278] [bmv2] [D] [thread 101230] [97.0] [cxt 0] Pipeline 'egress': start
[09:12:05.278] [bmv2] [D] [thread 101230] [97.0] [cxt 0] Pipeline 'egress': end
[09:12:05.278] [bmv2] [D] [thread 101230] [97.0] [cxt 0] Deparser 'deparser': start
[09:12:05.278] [bmv2] [D] [thread 101230] [97.0] [cxt 0] Updating checksum 'cksum'
[09:12:05.278] [bmv2] [D] [thread 101230] [97.0] [cxt 0] Deparsing header 'ethernet'
[09:12:05.278] [bmv2] [D] [thread 101230] [97.0] [cxt 0] Deparsing header 'ipv4'
[09:12:05.278] [bmv2] [D] [thread 101230] [97.0] [cxt 0] Deparser 'deparser': end
[09:12:05.278] [bmv2] [D] [thread 101233] [97.0] [cxt 0] Transmitting packet of size 76 out of port 1
[09:12:05.290] [bmv2] [D] [thread 101228] [98.0] [cxt 0] Processing packet received on port 2
[09:12:05.290] [bmv2] [D] [thread 101228] [98.0] [cxt 0] Parser 'parser': start
[09:12:05.290] [bmv2] [D] [thread 101228] [98.0] [cxt 0] Parser 'parser' entering state 'start'
[09:12:05.290] [bmv2] [D] [thread 101228] [98.0] [cxt 0] Extracting header 'ethernet'
[09:12:05.290] [bmv2] [D] [thread 101228] [98.0] [cxt 0] Parser state 'start': key is 0800
[09:12:05.290] [bmv2] [T] [thread 101228] [98.0] [cxt 0] Bytes parsed: 14
[09:12:05.290] [bmv2] [D] [thread 101228] [98.0] [cxt 0] Parser 'parser' entering state 'parse_ipv4'
[09:12:05.290] [bmv2] [D] [thread 101228] [98.0] [cxt 0] Extracting header 'ipv4'
[09:12:05.290] [bmv2] [D] [thread 101228] [98.0] [cxt 0] Parser state 'parse_ipv4' has no switch, going to default next state
[09:12:05.290] [bmv2] [T] [thread 101228] [98.0] [cxt 0] Bytes parsed: 34
[09:12:05.290] [bmv2] [D] [thread 101228] [98.0] [cxt 0] Parser 'parser': end
[09:12:05.290] [bmv2] [D] [thread 101228] [98.0] [cxt 0] Pipeline 'ingress': start
[09:12:05.290] [bmv2] [T] [thread 101228] [98.0] [cxt 0] switch.p4(116) Condition "hdr.ipv4.isValid()" (node_2) is true
[09:12:05.290] [bmv2] [T] [thread 101228] [98.0] [cxt 0] Applying table 'MyIngress.ipv4_lpm'
[09:12:05.290] [bmv2] [D] [thread 101228] [98.0] [cxt 0] Looking up key:
* hdr.ipv4.dstAddr    : 0a000101

[09:12:05.290] [bmv2] [D] [thread 101228] [98.0] [cxt 0] Table 'MyIngress.ipv4_lpm': hit with handle 0
[09:12:05.290] [bmv2] [D] [thread 101228] [98.0] [cxt 0] Dumping entry 0
Match key:
* hdr.ipv4.dstAddr    : LPM       0a000101/32
Action entry: MyIngress.ipv4_forward - 80000000100,1,

[09:12:05.290] [bmv2] [D] [thread 101228] [98.0] [cxt 0] Action entry is MyIngress.ipv4_forward - 80000000100,1,
[09:12:05.290] [bmv2] [T] [thread 101228] [98.0] [cxt 0] Action MyIngress.ipv4_forward
[09:12:05.292] [bmv2] [T] [thread 101228] [98.0] [cxt 0] switch.p4(96) Primitive standard_metadata.egress_spec = port
[09:12:05.292] [bmv2] [T] [thread 101228] [98.0] [cxt 0] switch.p4(97) Primitive hdr.ethernet.srcAddr = hdr.ethernet.dstAddr
[09:12:05.292] [bmv2] [T] [thread 101228] [98.0] [cxt 0] switch.p4(98) Primitive hdr.ethernet.dstAddr = dstAddr
[09:12:05.292] [bmv2] [T] [thread 101228] [98.0] [cxt 0] switch.p4(99) Primitive hdr.ipv4.ttl = hdr.ipv4.ttl - 1
[09:12:05.292] [bmv2] [D] [thread 101228] [98.0] [cxt 0] Pipeline 'ingress': end
[09:12:05.292] [bmv2] [D] [thread 101228] [98.0] [cxt 0] Egress port is 1
[09:12:05.292] [bmv2] [D] [thread 101230] [98.0] [cxt 0] Pipeline 'egress': start
[09:12:05.292] [bmv2] [D] [thread 101230] [98.0] [cxt 0] Pipeline 'egress': end
[09:12:05.292] [bmv2] [D] [thread 101230] [98.0] [cxt 0] Deparser 'deparser': start
[09:12:05.292] [bmv2] [D] [thread 101230] [98.0] [cxt 0] Updating checksum 'cksum'
[09:12:05.292] [bmv2] [D] [thread 101230] [98.0] [cxt 0] Deparsing header 'ethernet'
[09:12:05.292] [bmv2] [D] [thread 101230] [98.0] [cxt 0] Deparsing header 'ipv4'
[09:12:05.292] [bmv2] [D] [thread 101230] [98.0] [cxt 0] Deparser 'deparser': end
[09:12:05.292] [bmv2] [D] [thread 101233] [98.0] [cxt 0] Transmitting packet of size 308 out of port 1
[09:12:05.294] [bmv2] [D] [thread 101228] [99.0] [cxt 0] Processing packet received on port 1
[09:12:05.294] [bmv2] [D] [thread 101228] [99.0] [cxt 0] Parser 'parser': start
[09:12:05.294] [bmv2] [D] [thread 101228] [99.0] [cxt 0] Parser 'parser' entering state 'start'
[09:12:05.294] [bmv2] [D] [thread 101228] [99.0] [cxt 0] Extracting header 'ethernet'
[09:12:05.294] [bmv2] [D] [thread 101228] [99.0] [cxt 0] Parser state 'start': key is 0800
[09:12:05.294] [bmv2] [T] [thread 101228] [99.0] [cxt 0] Bytes parsed: 14
[09:12:05.294] [bmv2] [D] [thread 101228] [99.0] [cxt 0] Parser 'parser' entering state 'parse_ipv4'
[09:12:05.294] [bmv2] [D] [thread 101228] [99.0] [cxt 0] Extracting header 'ipv4'
[09:12:05.294] [bmv2] [D] [thread 101228] [99.0] [cxt 0] Parser state 'parse_ipv4' has no switch, going to default next state
[09:12:05.294] [bmv2] [T] [thread 101228] [99.0] [cxt 0] Bytes parsed: 34
[09:12:05.294] [bmv2] [D] [thread 101228] [99.0] [cxt 0] Parser 'parser': end
[09:12:05.294] [bmv2] [D] [thread 101228] [99.0] [cxt 0] Pipeline 'ingress': start
[09:12:05.294] [bmv2] [T] [thread 101228] [99.0] [cxt 0] switch.p4(116) Condition "hdr.ipv4.isValid()" (node_2) is true
[09:12:05.294] [bmv2] [T] [thread 101228] [99.0] [cxt 0] Applying table 'MyIngress.ipv4_lpm'
[09:12:05.294] [bmv2] [D] [thread 101228] [99.0] [cxt 0] Looking up key:
* hdr.ipv4.dstAddr    : 0a000202

[09:12:05.294] [bmv2] [D] [thread 101228] [99.0] [cxt 0] Table 'MyIngress.ipv4_lpm': hit with handle 1
[09:12:05.294] [bmv2] [D] [thread 101228] [99.0] [cxt 0] Dumping entry 1
Match key:
* hdr.ipv4.dstAddr    : LPM       0a000202/32
Action entry: MyIngress.ipv4_forward - 80000000300,2,

[09:12:05.294] [bmv2] [D] [thread 101228] [99.0] [cxt 0] Action entry is MyIngress.ipv4_forward - 80000000300,2,
[09:12:05.294] [bmv2] [T] [thread 101228] [99.0] [cxt 0] Action MyIngress.ipv4_forward
[09:12:05.294] [bmv2] [T] [thread 101228] [99.0] [cxt 0] switch.p4(96) Primitive standard_metadata.egress_spec = port
[09:12:05.294] [bmv2] [T] [thread 101228] [99.0] [cxt 0] switch.p4(97) Primitive hdr.ethernet.srcAddr = hdr.ethernet.dstAddr
[09:12:05.294] [bmv2] [T] [thread 101228] [99.0] [cxt 0] switch.p4(98) Primitive hdr.ethernet.dstAddr = dstAddr
[09:12:05.294] [bmv2] [T] [thread 101228] [99.0] [cxt 0] switch.p4(99) Primitive hdr.ipv4.ttl = hdr.ipv4.ttl - 1
[09:12:05.294] [bmv2] [D] [thread 101228] [99.0] [cxt 0] Pipeline 'ingress': end
[09:12:05.294] [bmv2] [D] [thread 101228] [99.0] [cxt 0] Egress port is 2
[09:12:05.294] [bmv2] [D] [thread 101231] [99.0] [cxt 0] Pipeline 'egress': start
[09:12:05.294] [bmv2] [D] [thread 101231] [99.0] [cxt 0] Pipeline 'egress': end
[09:12:05.294] [bmv2] [D] [thread 101231] [99.0] [cxt 0] Deparser 'deparser': start
[09:12:05.294] [bmv2] [D] [thread 101231] [99.0] [cxt 0] Updating checksum 'cksum'
[09:12:05.294] [bmv2] [D] [thread 101231] [99.0] [cxt 0] Deparsing header 'ethernet'
[09:12:05.294] [bmv2] [D] [thread 101231] [99.0] [cxt 0] Deparsing header 'ipv4'
[09:12:05.294] [bmv2] [D] [thread 101231] [99.0] [cxt 0] Deparser 'deparser': end
[09:12:05.294] [bmv2] [D] [thread 101233] [99.0] [cxt 0] Transmitting packet of size 336 out of port 2
[09:12:06.308] [bmv2] [D] [thread 101228] [100.0] [cxt 0] Processing packet received on port 1
[09:12:06.308] [bmv2] [D] [thread 101228] [100.0] [cxt 0] Parser 'parser': start
[09:12:06.308] [bmv2] [D] [thread 101228] [100.0] [cxt 0] Parser 'parser' entering state 'start'
[09:12:06.308] [bmv2] [D] [thread 101228] [100.0] [cxt 0] Extracting header 'ethernet'
[09:12:06.308] [bmv2] [D] [thread 101228] [100.0] [cxt 0] Parser state 'start': key is 0800
[09:12:06.308] [bmv2] [T] [thread 101228] [100.0] [cxt 0] Bytes parsed: 14
[09:12:06.308] [bmv2] [D] [thread 101228] [100.0] [cxt 0] Parser 'parser' entering state 'parse_ipv4'
[09:12:06.308] [bmv2] [D] [thread 101228] [100.0] [cxt 0] Extracting header 'ipv4'
[09:12:06.308] [bmv2] [D] [thread 101228] [100.0] [cxt 0] Parser state 'parse_ipv4' has no switch, going to default next state
[09:12:06.308] [bmv2] [T] [thread 101228] [100.0] [cxt 0] Bytes parsed: 34
[09:12:06.308] [bmv2] [D] [thread 101228] [100.0] [cxt 0] Parser 'parser': end
[09:12:06.308] [bmv2] [D] [thread 101228] [100.0] [cxt 0] Pipeline 'ingress': start
[09:12:06.308] [bmv2] [T] [thread 101228] [100.0] [cxt 0] switch.p4(116) Condition "hdr.ipv4.isValid()" (node_2) is true
[09:12:06.308] [bmv2] [T] [thread 101228] [100.0] [cxt 0] Applying table 'MyIngress.ipv4_lpm'
[09:12:06.308] [bmv2] [D] [thread 101228] [100.0] [cxt 0] Looking up key:
* hdr.ipv4.dstAddr    : 0a000202

[09:12:06.308] [bmv2] [D] [thread 101228] [100.0] [cxt 0] Table 'MyIngress.ipv4_lpm': hit with handle 1
[09:12:06.308] [bmv2] [D] [thread 101228] [100.0] [cxt 0] Dumping entry 1
Match key:
* hdr.ipv4.dstAddr    : LPM       0a000202/32
Action entry: MyIngress.ipv4_forward - 80000000300,2,

[09:12:06.308] [bmv2] [D] [thread 101228] [100.0] [cxt 0] Action entry is MyIngress.ipv4_forward - 80000000300,2,
[09:12:06.308] [bmv2] [T] [thread 101228] [100.0] [cxt 0] Action MyIngress.ipv4_forward
[09:12:06.308] [bmv2] [T] [thread 101228] [100.0] [cxt 0] switch.p4(96) Primitive standard_metadata.egress_spec = port
[09:12:06.308] [bmv2] [T] [thread 101228] [100.0] [cxt 0] switch.p4(97) Primitive hdr.ethernet.srcAddr = hdr.ethernet.dstAddr
[09:12:06.308] [bmv2] [T] [thread 101228] [100.0] [cxt 0] switch.p4(98) Primitive hdr.ethernet.dstAddr = dstAddr
[09:12:06.308] [bmv2] [T] [thread 101228] [100.0] [cxt 0] switch.p4(99) Primitive hdr.ipv4.ttl = hdr.ipv4.ttl - 1
[09:12:06.308] [bmv2] [D] [thread 101228] [100.0] [cxt 0] Pipeline 'ingress': end
[09:12:06.308] [bmv2] [D] [thread 101228] [100.0] [cxt 0] Egress port is 2
[09:12:06.308] [bmv2] [D] [thread 101231] [100.0] [cxt 0] Pipeline 'egress': start
[09:12:06.308] [bmv2] [D] [thread 101231] [100.0] [cxt 0] Pipeline 'egress': end
[09:12:06.308] [bmv2] [D] [thread 101231] [100.0] [cxt 0] Deparser 'deparser': start
[09:12:06.313] [bmv2] [D] [thread 101231] [100.0] [cxt 0] Updating checksum 'cksum'
[09:12:06.313] [bmv2] [D] [thread 101231] [100.0] [cxt 0] Deparsing header 'ethernet'
[09:12:06.313] [bmv2] [D] [thread 101231] [100.0] [cxt 0] Deparsing header 'ipv4'
[09:12:06.313] [bmv2] [D] [thread 101231] [100.0] [cxt 0] Deparser 'deparser': end
[09:12:06.313] [bmv2] [D] [thread 101233] [100.0] [cxt 0] Transmitting packet of size 48 out of port 2
[09:12:06.325] [bmv2] [D] [thread 101228] [101.0] [cxt 0] Processing packet received on port 2
[09:12:06.325] [bmv2] [D] [thread 101228] [101.0] [cxt 0] Parser 'parser': start
[09:12:06.325] [bmv2] [D] [thread 101228] [101.0] [cxt 0] Parser 'parser' entering state 'start'
[09:12:06.325] [bmv2] [D] [thread 101228] [101.0] [cxt 0] Extracting header 'ethernet'
[09:12:06.325] [bmv2] [D] [thread 101228] [101.0] [cxt 0] Parser state 'start': key is 0800
[09:12:06.325] [bmv2] [T] [thread 101228] [101.0] [cxt 0] Bytes parsed: 14
[09:12:06.325] [bmv2] [D] [thread 101228] [101.0] [cxt 0] Parser 'parser' entering state 'parse_ipv4'
[09:12:06.325] [bmv2] [D] [thread 101228] [101.0] [cxt 0] Extracting header 'ipv4'
[09:12:06.325] [bmv2] [D] [thread 101228] [101.0] [cxt 0] Parser state 'parse_ipv4' has no switch, going to default next state
[09:12:06.325] [bmv2] [T] [thread 101228] [101.0] [cxt 0] Bytes parsed: 34
[09:12:06.325] [bmv2] [D] [thread 101228] [101.0] [cxt 0] Parser 'parser': end
[09:12:06.325] [bmv2] [D] [thread 101228] [101.0] [cxt 0] Pipeline 'ingress': start
[09:12:06.325] [bmv2] [T] [thread 101228] [101.0] [cxt 0] switch.p4(116) Condition "hdr.ipv4.isValid()" (node_2) is true
[09:12:06.325] [bmv2] [T] [thread 101228] [101.0] [cxt 0] Applying table 'MyIngress.ipv4_lpm'
[09:12:06.325] [bmv2] [D] [thread 101228] [101.0] [cxt 0] Looking up key:
* hdr.ipv4.dstAddr    : 0a000101

[09:12:06.325] [bmv2] [D] [thread 101228] [101.0] [cxt 0] Table 'MyIngress.ipv4_lpm': hit with handle 0
[09:12:06.325] [bmv2] [D] [thread 101228] [101.0] [cxt 0] Dumping entry 0
Match key:
* hdr.ipv4.dstAddr    : LPM       0a000101/32
Action entry: MyIngress.ipv4_forward - 80000000100,1,

[09:12:06.325] [bmv2] [D] [thread 101228] [101.0] [cxt 0] Action entry is MyIngress.ipv4_forward - 80000000100,1,
[09:12:06.325] [bmv2] [T] [thread 101228] [101.0] [cxt 0] Action MyIngress.ipv4_forward
[09:12:06.325] [bmv2] [T] [thread 101228] [101.0] [cxt 0] switch.p4(96) Primitive standard_metadata.egress_spec = port
[09:12:06.325] [bmv2] [T] [thread 101228] [101.0] [cxt 0] switch.p4(97) Primitive hdr.ethernet.srcAddr = hdr.ethernet.dstAddr
[09:12:06.325] [bmv2] [T] [thread 101228] [101.0] [cxt 0] switch.p4(98) Primitive hdr.ethernet.dstAddr = dstAddr
[09:12:06.325] [bmv2] [T] [thread 101228] [101.0] [cxt 0] switch.p4(99) Primitive hdr.ipv4.ttl = hdr.ipv4.ttl - 1
[09:12:06.325] [bmv2] [D] [thread 101228] [101.0] [cxt 0] Pipeline 'ingress': end
[09:12:06.325] [bmv2] [D] [thread 101228] [101.0] [cxt 0] Egress port is 1
[09:12:06.325] [bmv2] [D] [thread 101230] [101.0] [cxt 0] Pipeline 'egress': start
[09:12:06.325] [bmv2] [D] [thread 101230] [101.0] [cxt 0] Pipeline 'egress': end
[09:12:06.325] [bmv2] [D] [thread 101230] [101.0] [cxt 0] Deparser 'deparser': start
[09:12:06.325] [bmv2] [D] [thread 101230] [101.0] [cxt 0] Updating checksum 'cksum'
[09:12:06.325] [bmv2] [D] [thread 101230] [101.0] [cxt 0] Deparsing header 'ethernet'
[09:12:06.325] [bmv2] [D] [thread 101230] [101.0] [cxt 0] Deparsing header 'ipv4'
[09:12:06.325] [bmv2] [D] [thread 101230] [101.0] [cxt 0] Deparser 'deparser': end
[09:12:06.325] [bmv2] [D] [thread 101233] [101.0] [cxt 0] Transmitting packet of size 76 out of port 1
[09:12:06.330] [bmv2] [D] [thread 101228] [102.0] [cxt 0] Processing packet received on port 2
[09:12:06.330] [bmv2] [D] [thread 101228] [102.0] [cxt 0] Parser 'parser': start
[09:12:06.330] [bmv2] [D] [thread 101228] [102.0] [cxt 0] Parser 'parser' entering state 'start'
[09:12:06.330] [bmv2] [D] [thread 101228] [102.0] [cxt 0] Extracting header 'ethernet'
[09:12:06.330] [bmv2] [D] [thread 101228] [102.0] [cxt 0] Parser state 'start': key is 0800
[09:12:06.330] [bmv2] [T] [thread 101228] [102.0] [cxt 0] Bytes parsed: 14
[09:12:06.330] [bmv2] [D] [thread 101228] [102.0] [cxt 0] Parser 'parser' entering state 'parse_ipv4'
[09:12:06.330] [bmv2] [D] [thread 101228] [102.0] [cxt 0] Extracting header 'ipv4'
[09:12:06.330] [bmv2] [D] [thread 101228] [102.0] [cxt 0] Parser state 'parse_ipv4' has no switch, going to default next state
[09:12:06.330] [bmv2] [T] [thread 101228] [102.0] [cxt 0] Bytes parsed: 34
[09:12:06.330] [bmv2] [D] [thread 101228] [102.0] [cxt 0] Parser 'parser': end
[09:12:06.330] [bmv2] [D] [thread 101228] [102.0] [cxt 0] Pipeline 'ingress': start
[09:12:06.330] [bmv2] [T] [thread 101228] [102.0] [cxt 0] switch.p4(116) Condition "hdr.ipv4.isValid()" (node_2) is true
[09:12:06.330] [bmv2] [T] [thread 101228] [102.0] [cxt 0] Applying table 'MyIngress.ipv4_lpm'
[09:12:06.330] [bmv2] [D] [thread 101228] [102.0] [cxt 0] Looking up key:
* hdr.ipv4.dstAddr    : 0a000101

[09:12:06.330] [bmv2] [D] [thread 101228] [102.0] [cxt 0] Table 'MyIngress.ipv4_lpm': hit with handle 0
[09:12:06.330] [bmv2] [D] [thread 101228] [102.0] [cxt 0] Dumping entry 0
Match key:
* hdr.ipv4.dstAddr    : LPM       0a000101/32
Action entry: MyIngress.ipv4_forward - 80000000100,1,

[09:12:06.330] [bmv2] [D] [thread 101228] [102.0] [cxt 0] Action entry is MyIngress.ipv4_forward - 80000000100,1,
[09:12:06.330] [bmv2] [T] [thread 101228] [102.0] [cxt 0] Action MyIngress.ipv4_forward
[09:12:06.330] [bmv2] [T] [thread 101228] [102.0] [cxt 0] switch.p4(96) Primitive standard_metadata.egress_spec = port
[09:12:06.330] [bmv2] [T] [thread 101228] [102.0] [cxt 0] switch.p4(97) Primitive hdr.ethernet.srcAddr = hdr.ethernet.dstAddr
[09:12:06.330] [bmv2] [T] [thread 101228] [102.0] [cxt 0] switch.p4(98) Primitive hdr.ethernet.dstAddr = dstAddr
[09:12:06.330] [bmv2] [T] [thread 101228] [102.0] [cxt 0] switch.p4(99) Primitive hdr.ipv4.ttl = hdr.ipv4.ttl - 1
[09:12:06.330] [bmv2] [D] [thread 101228] [102.0] [cxt 0] Pipeline 'ingress': end
[09:12:06.330] [bmv2] [D] [thread 101228] [102.0] [cxt 0] Egress port is 1
[09:12:06.330] [bmv2] [D] [thread 101230] [102.0] [cxt 0] Pipeline 'egress': start
[09:12:06.330] [bmv2] [D] [thread 101230] [102.0] [cxt 0] Pipeline 'egress': end
[09:12:06.330] [bmv2] [D] [thread 101230] [102.0] [cxt 0] Deparser 'deparser': start
[09:12:06.330] [bmv2] [D] [thread 101230] [102.0] [cxt 0] Updating checksum 'cksum'
[09:12:06.330] [bmv2] [D] [thread 101230] [102.0] [cxt 0] Deparsing header 'ethernet'
[09:12:06.330] [bmv2] [D] [thread 101230] [102.0] [cxt 0] Deparsing header 'ipv4'
[09:12:06.330] [bmv2] [D] [thread 101230] [102.0] [cxt 0] Deparser 'deparser': end
[09:12:06.330] [bmv2] [D] [thread 101233] [102.0] [cxt 0] Transmitting packet of size 308 out of port 1
[09:12:06.336] [bmv2] [D] [thread 101228] [103.0] [cxt 0] Processing packet received on port 1
[09:12:06.336] [bmv2] [D] [thread 101228] [103.0] [cxt 0] Parser 'parser': start
[09:12:06.336] [bmv2] [D] [thread 101228] [103.0] [cxt 0] Parser 'parser' entering state 'start'
[09:12:06.336] [bmv2] [D] [thread 101228] [103.0] [cxt 0] Extracting header 'ethernet'
[09:12:06.336] [bmv2] [D] [thread 101228] [103.0] [cxt 0] Parser state 'start': key is 0800
[09:12:06.336] [bmv2] [T] [thread 101228] [103.0] [cxt 0] Bytes parsed: 14
[09:12:06.336] [bmv2] [D] [thread 101228] [103.0] [cxt 0] Parser 'parser' entering state 'parse_ipv4'
[09:12:06.336] [bmv2] [D] [thread 101228] [103.0] [cxt 0] Extracting header 'ipv4'
[09:12:06.336] [bmv2] [D] [thread 101228] [103.0] [cxt 0] Parser state 'parse_ipv4' has no switch, going to default next state
[09:12:06.336] [bmv2] [T] [thread 101228] [103.0] [cxt 0] Bytes parsed: 34
[09:12:06.336] [bmv2] [D] [thread 101228] [103.0] [cxt 0] Parser 'parser': end
[09:12:06.336] [bmv2] [D] [thread 101228] [103.0] [cxt 0] Pipeline 'ingress': start
[09:12:06.336] [bmv2] [T] [thread 101228] [103.0] [cxt 0] switch.p4(116) Condition "hdr.ipv4.isValid()" (node_2) is true
[09:12:06.341] [bmv2] [T] [thread 101228] [103.0] [cxt 0] Applying table 'MyIngress.ipv4_lpm'
[09:12:06.341] [bmv2] [D] [thread 101228] [103.0] [cxt 0] Looking up key:
* hdr.ipv4.dstAddr    : 0a000202

[09:12:06.341] [bmv2] [D] [thread 101228] [103.0] [cxt 0] Table 'MyIngress.ipv4_lpm': hit with handle 1
[09:12:06.341] [bmv2] [D] [thread 101228] [103.0] [cxt 0] Dumping entry 1
Match key:
* hdr.ipv4.dstAddr    : LPM       0a000202/32
Action entry: MyIngress.ipv4_forward - 80000000300,2,

[09:12:06.341] [bmv2] [D] [thread 101228] [103.0] [cxt 0] Action entry is MyIngress.ipv4_forward - 80000000300,2,
[09:12:06.341] [bmv2] [T] [thread 101228] [103.0] [cxt 0] Action MyIngress.ipv4_forward
[09:12:06.341] [bmv2] [T] [thread 101228] [103.0] [cxt 0] switch.p4(96) Primitive standard_metadata.egress_spec = port
[09:12:06.341] [bmv2] [T] [thread 101228] [103.0] [cxt 0] switch.p4(97) Primitive hdr.ethernet.srcAddr = hdr.ethernet.dstAddr
[09:12:06.341] [bmv2] [T] [thread 101228] [103.0] [cxt 0] switch.p4(98) Primitive hdr.ethernet.dstAddr = dstAddr
[09:12:06.341] [bmv2] [T] [thread 101228] [103.0] [cxt 0] switch.p4(99) Primitive hdr.ipv4.ttl = hdr.ipv4.ttl - 1
[09:12:06.341] [bmv2] [D] [thread 101228] [103.0] [cxt 0] Pipeline 'ingress': end
[09:12:06.341] [bmv2] [D] [thread 101228] [103.0] [cxt 0] Egress port is 2
[09:12:06.341] [bmv2] [D] [thread 101231] [103.0] [cxt 0] Pipeline 'egress': start
[09:12:06.341] [bmv2] [D] [thread 101231] [103.0] [cxt 0] Pipeline 'egress': end
[09:12:06.341] [bmv2] [D] [thread 101231] [103.0] [cxt 0] Deparser 'deparser': start
[09:12:06.341] [bmv2] [D] [thread 101231] [103.0] [cxt 0] Updating checksum 'cksum'
[09:12:06.341] [bmv2] [D] [thread 101231] [103.0] [cxt 0] Deparsing header 'ethernet'
[09:12:06.341] [bmv2] [D] [thread 101231] [103.0] [cxt 0] Deparsing header 'ipv4'
[09:12:06.341] [bmv2] [D] [thread 101231] [103.0] [cxt 0] Deparser 'deparser': end
[09:12:06.341] [bmv2] [D] [thread 101233] [103.0] [cxt 0] Transmitting packet of size 336 out of port 2
[09:12:06.661] [bmv2] [D] [thread 101228] [104.0] [cxt 0] Processing packet received on port 1
[09:12:06.662] [bmv2] [D] [thread 101228] [104.0] [cxt 0] Parser 'parser': start
[09:12:06.662] [bmv2] [D] [thread 101228] [104.0] [cxt 0] Parser 'parser' entering state 'start'
[09:12:06.663] [bmv2] [D] [thread 101228] [104.0] [cxt 0] Extracting header 'ethernet'
[09:12:06.663] [bmv2] [D] [thread 101228] [104.0] [cxt 0] Parser state 'start': key is 86dd
[09:12:06.663] [bmv2] [T] [thread 101228] [104.0] [cxt 0] Bytes parsed: 14
[09:12:06.663] [bmv2] [D] [thread 101228] [104.0] [cxt 0] Parser 'parser': end
[09:12:06.663] [bmv2] [D] [thread 101228] [104.0] [cxt 0] Pipeline 'ingress': start
[09:12:06.663] [bmv2] [T] [thread 101228] [104.0] [cxt 0] switch.p4(116) Condition "hdr.ipv4.isValid()" (node_2) is false
[09:12:06.663] [bmv2] [D] [thread 101228] [104.0] [cxt 0] Pipeline 'ingress': end
[09:12:06.664] [bmv2] [D] [thread 101228] [104.0] [cxt 0] Egress port is 0
[09:12:06.667] [bmv2] [D] [thread 101229] [104.0] [cxt 0] Pipeline 'egress': start
[09:12:06.667] [bmv2] [D] [thread 101229] [104.0] [cxt 0] Pipeline 'egress': end
[09:12:06.667] [bmv2] [D] [thread 101229] [104.0] [cxt 0] Deparser 'deparser': start
[09:12:06.667] [bmv2] [T] [thread 101229] [104.0] [cxt 0] Skipping checksum 'cksum' update because condition not met
[09:12:06.667] [bmv2] [D] [thread 101229] [104.0] [cxt 0] Deparsing header 'ethernet'
[09:12:06.667] [bmv2] [D] [thread 101229] [104.0] [cxt 0] Deparser 'deparser': end
[09:12:06.670] [bmv2] [D] [thread 101233] [104.0] [cxt 0] Transmitting packet of size 70 out of port 0
[09:12:07.163] [bmv2] [D] [thread 101228] [105.0] [cxt 0] Processing packet received on port 2
[09:12:07.163] [bmv2] [D] [thread 101228] [105.0] [cxt 0] Parser 'parser': start
[09:12:07.163] [bmv2] [D] [thread 101228] [105.0] [cxt 0] Parser 'parser' entering state 'start'
[09:12:07.163] [bmv2] [D] [thread 101228] [105.0] [cxt 0] Extracting header 'ethernet'
[09:12:07.163] [bmv2] [D] [thread 101228] [105.0] [cxt 0] Parser state 'start': key is 86dd
[09:12:07.163] [bmv2] [T] [thread 101228] [105.0] [cxt 0] Bytes parsed: 14
[09:12:07.163] [bmv2] [D] [thread 101228] [105.0] [cxt 0] Parser 'parser': end
[09:12:07.163] [bmv2] [D] [thread 101228] [105.0] [cxt 0] Pipeline 'ingress': start
[09:12:07.163] [bmv2] [T] [thread 101228] [105.0] [cxt 0] switch.p4(116) Condition "hdr.ipv4.isValid()" (node_2) is false
[09:12:07.163] [bmv2] [D] [thread 101228] [105.0] [cxt 0] Pipeline 'ingress': end
[09:12:07.163] [bmv2] [D] [thread 101228] [105.0] [cxt 0] Egress port is 0
[09:12:07.163] [bmv2] [D] [thread 101229] [105.0] [cxt 0] Pipeline 'egress': start
[09:12:07.163] [bmv2] [D] [thread 101229] [105.0] [cxt 0] Pipeline 'egress': end
[09:12:07.163] [bmv2] [D] [thread 101229] [105.0] [cxt 0] Deparser 'deparser': start
[09:12:07.163] [bmv2] [T] [thread 101229] [105.0] [cxt 0] Skipping checksum 'cksum' update because condition not met
[09:12:07.163] [bmv2] [D] [thread 101229] [105.0] [cxt 0] Deparsing header 'ethernet'
[09:12:07.163] [bmv2] [D] [thread 101229] [105.0] [cxt 0] Deparser 'deparser': end
[09:12:07.163] [bmv2] [D] [thread 101233] [105.0] [cxt 0] Transmitting packet of size 70 out of port 0
[09:12:07.476] [bmv2] [D] [thread 101228] [106.0] [cxt 0] Processing packet received on port 1
[09:12:07.476] [bmv2] [D] [thread 101228] [106.0] [cxt 0] Parser 'parser': start
[09:12:07.476] [bmv2] [D] [thread 101228] [106.0] [cxt 0] Parser 'parser' entering state 'start'
[09:12:07.476] [bmv2] [D] [thread 101228] [106.0] [cxt 0] Extracting header 'ethernet'
[09:12:07.476] [bmv2] [D] [thread 101228] [106.0] [cxt 0] Parser state 'start': key is 0800
[09:12:07.476] [bmv2] [T] [thread 101228] [106.0] [cxt 0] Bytes parsed: 14
[09:12:07.476] [bmv2] [D] [thread 101228] [106.0] [cxt 0] Parser 'parser' entering state 'parse_ipv4'
[09:12:07.476] [bmv2] [D] [thread 101228] [106.0] [cxt 0] Extracting header 'ipv4'
[09:12:07.476] [bmv2] [D] [thread 101228] [106.0] [cxt 0] Parser state 'parse_ipv4' has no switch, going to default next state
[09:12:07.476] [bmv2] [T] [thread 101228] [106.0] [cxt 0] Bytes parsed: 34
[09:12:07.476] [bmv2] [D] [thread 101228] [106.0] [cxt 0] Parser 'parser': end
[09:12:07.476] [bmv2] [D] [thread 101228] [106.0] [cxt 0] Pipeline 'ingress': start
[09:12:07.476] [bmv2] [T] [thread 101228] [106.0] [cxt 0] switch.p4(116) Condition "hdr.ipv4.isValid()" (node_2) is true
[09:12:07.476] [bmv2] [T] [thread 101228] [106.0] [cxt 0] Applying table 'MyIngress.ipv4_lpm'
[09:12:07.476] [bmv2] [D] [thread 101228] [106.0] [cxt 0] Looking up key:
* hdr.ipv4.dstAddr    : 0a000202

[09:12:07.476] [bmv2] [D] [thread 101228] [106.0] [cxt 0] Table 'MyIngress.ipv4_lpm': hit with handle 1
[09:12:07.476] [bmv2] [D] [thread 101228] [106.0] [cxt 0] Dumping entry 1
Match key:
* hdr.ipv4.dstAddr    : LPM       0a000202/32
Action entry: MyIngress.ipv4_forward - 80000000300,2,

[09:12:07.476] [bmv2] [D] [thread 101228] [106.0] [cxt 0] Action entry is MyIngress.ipv4_forward - 80000000300,2,
[09:12:07.476] [bmv2] [T] [thread 101228] [106.0] [cxt 0] Action MyIngress.ipv4_forward
[09:12:07.476] [bmv2] [T] [thread 101228] [106.0] [cxt 0] switch.p4(96) Primitive standard_metadata.egress_spec = port
[09:12:07.476] [bmv2] [T] [thread 101228] [106.0] [cxt 0] switch.p4(97) Primitive hdr.ethernet.srcAddr = hdr.ethernet.dstAddr
[09:12:07.476] [bmv2] [T] [thread 101228] [106.0] [cxt 0] switch.p4(98) Primitive hdr.ethernet.dstAddr = dstAddr
[09:12:07.476] [bmv2] [T] [thread 101228] [106.0] [cxt 0] switch.p4(99) Primitive hdr.ipv4.ttl = hdr.ipv4.ttl - 1
[09:12:07.476] [bmv2] [D] [thread 101228] [106.0] [cxt 0] Pipeline 'ingress': end
[09:12:07.476] [bmv2] [D] [thread 101228] [106.0] [cxt 0] Egress port is 2
[09:12:07.476] [bmv2] [D] [thread 101231] [106.0] [cxt 0] Pipeline 'egress': start
[09:12:07.476] [bmv2] [D] [thread 101231] [106.0] [cxt 0] Pipeline 'egress': end
[09:12:07.476] [bmv2] [D] [thread 101231] [106.0] [cxt 0] Deparser 'deparser': start
[09:12:07.476] [bmv2] [D] [thread 101231] [106.0] [cxt 0] Updating checksum 'cksum'
[09:12:07.476] [bmv2] [D] [thread 101231] [106.0] [cxt 0] Deparsing header 'ethernet'
[09:12:07.476] [bmv2] [D] [thread 101231] [106.0] [cxt 0] Deparsing header 'ipv4'
[09:12:07.476] [bmv2] [D] [thread 101231] [106.0] [cxt 0] Deparser 'deparser': end
[09:12:07.476] [bmv2] [D] [thread 101233] [106.0] [cxt 0] Transmitting packet of size 48 out of port 2
[09:12:07.483] [bmv2] [D] [thread 101228] [107.0] [cxt 0] Processing packet received on port 2
[09:12:07.483] [bmv2] [D] [thread 101228] [107.0] [cxt 0] Parser 'parser': start
[09:12:07.483] [bmv2] [D] [thread 101228] [107.0] [cxt 0] Parser 'parser' entering state 'start'
[09:12:07.483] [bmv2] [D] [thread 101228] [107.0] [cxt 0] Extracting header 'ethernet'
[09:12:07.483] [bmv2] [D] [thread 101228] [107.0] [cxt 0] Parser state 'start': key is 0800
[09:12:07.483] [bmv2] [T] [thread 101228] [107.0] [cxt 0] Bytes parsed: 14
[09:12:07.483] [bmv2] [D] [thread 101228] [107.0] [cxt 0] Parser 'parser' entering state 'parse_ipv4'
[09:12:07.483] [bmv2] [D] [thread 101228] [107.0] [cxt 0] Extracting header 'ipv4'
[09:12:07.483] [bmv2] [D] [thread 101228] [107.0] [cxt 0] Parser state 'parse_ipv4' has no switch, going to default next state
[09:12:07.483] [bmv2] [T] [thread 101228] [107.0] [cxt 0] Bytes parsed: 34
[09:12:07.483] [bmv2] [D] [thread 101228] [107.0] [cxt 0] Parser 'parser': end
[09:12:07.483] [bmv2] [D] [thread 101228] [107.0] [cxt 0] Pipeline 'ingress': start
[09:12:07.483] [bmv2] [T] [thread 101228] [107.0] [cxt 0] switch.p4(116) Condition "hdr.ipv4.isValid()" (node_2) is true
[09:12:07.483] [bmv2] [T] [thread 101228] [107.0] [cxt 0] Applying table 'MyIngress.ipv4_lpm'
[09:12:07.483] [bmv2] [D] [thread 101228] [107.0] [cxt 0] Looking up key:
* hdr.ipv4.dstAddr    : 0a000101

[09:12:07.483] [bmv2] [D] [thread 101228] [107.0] [cxt 0] Table 'MyIngress.ipv4_lpm': hit with handle 0
[09:12:07.483] [bmv2] [D] [thread 101228] [107.0] [cxt 0] Dumping entry 0
Match key:
* hdr.ipv4.dstAddr    : LPM       0a000101/32
Action entry: MyIngress.ipv4_forward - 80000000100,1,

[09:12:07.483] [bmv2] [D] [thread 101228] [107.0] [cxt 0] Action entry is MyIngress.ipv4_forward - 80000000100,1,
[09:12:07.483] [bmv2] [T] [thread 101228] [107.0] [cxt 0] Action MyIngress.ipv4_forward
[09:12:07.483] [bmv2] [T] [thread 101228] [107.0] [cxt 0] switch.p4(96) Primitive standard_metadata.egress_spec = port
[09:12:07.483] [bmv2] [T] [thread 101228] [107.0] [cxt 0] switch.p4(97) Primitive hdr.ethernet.srcAddr = hdr.ethernet.dstAddr
[09:12:07.483] [bmv2] [T] [thread 101228] [107.0] [cxt 0] switch.p4(98) Primitive hdr.ethernet.dstAddr = dstAddr
[09:12:07.483] [bmv2] [T] [thread 101228] [107.0] [cxt 0] switch.p4(99) Primitive hdr.ipv4.ttl = hdr.ipv4.ttl - 1
[09:12:07.483] [bmv2] [D] [thread 101228] [107.0] [cxt 0] Pipeline 'ingress': end
[09:12:07.483] [bmv2] [D] [thread 101228] [107.0] [cxt 0] Egress port is 1
[09:12:07.483] [bmv2] [D] [thread 101230] [107.0] [cxt 0] Pipeline 'egress': start
[09:12:07.488] [bmv2] [D] [thread 101230] [107.0] [cxt 0] Pipeline 'egress': end
[09:12:07.488] [bmv2] [D] [thread 101230] [107.0] [cxt 0] Deparser 'deparser': start
[09:12:07.488] [bmv2] [D] [thread 101230] [107.0] [cxt 0] Updating checksum 'cksum'
[09:12:07.488] [bmv2] [D] [thread 101230] [107.0] [cxt 0] Deparsing header 'ethernet'
[09:12:07.488] [bmv2] [D] [thread 101230] [107.0] [cxt 0] Deparsing header 'ipv4'
[09:12:07.488] [bmv2] [D] [thread 101230] [107.0] [cxt 0] Deparser 'deparser': end
[09:12:07.488] [bmv2] [D] [thread 101233] [107.0] [cxt 0] Transmitting packet of size 76 out of port 1
[09:12:07.518] [bmv2] [D] [thread 101228] [108.0] [cxt 0] Processing packet received on port 2
[09:12:07.518] [bmv2] [D] [thread 101228] [108.0] [cxt 0] Parser 'parser': start
[09:12:07.518] [bmv2] [D] [thread 101228] [108.0] [cxt 0] Parser 'parser' entering state 'start'
[09:12:07.518] [bmv2] [D] [thread 101228] [108.0] [cxt 0] Extracting header 'ethernet'
[09:12:07.518] [bmv2] [D] [thread 101228] [108.0] [cxt 0] Parser state 'start': key is 0800
[09:12:07.518] [bmv2] [T] [thread 101228] [108.0] [cxt 0] Bytes parsed: 14
[09:12:07.518] [bmv2] [D] [thread 101228] [108.0] [cxt 0] Parser 'parser' entering state 'parse_ipv4'
[09:12:07.518] [bmv2] [D] [thread 101228] [108.0] [cxt 0] Extracting header 'ipv4'
[09:12:07.518] [bmv2] [D] [thread 101228] [108.0] [cxt 0] Parser state 'parse_ipv4' has no switch, going to default next state
[09:12:07.518] [bmv2] [T] [thread 101228] [108.0] [cxt 0] Bytes parsed: 34
[09:12:07.518] [bmv2] [D] [thread 101228] [108.0] [cxt 0] Parser 'parser': end
[09:12:07.518] [bmv2] [D] [thread 101228] [108.0] [cxt 0] Pipeline 'ingress': start
[09:12:07.518] [bmv2] [T] [thread 101228] [108.0] [cxt 0] switch.p4(116) Condition "hdr.ipv4.isValid()" (node_2) is true
[09:12:07.518] [bmv2] [T] [thread 101228] [108.0] [cxt 0] Applying table 'MyIngress.ipv4_lpm'
[09:12:07.518] [bmv2] [D] [thread 101228] [108.0] [cxt 0] Looking up key:
* hdr.ipv4.dstAddr    : 0a000101

[09:12:07.518] [bmv2] [D] [thread 101228] [108.0] [cxt 0] Table 'MyIngress.ipv4_lpm': hit with handle 0
[09:12:07.518] [bmv2] [D] [thread 101228] [108.0] [cxt 0] Dumping entry 0
Match key:
* hdr.ipv4.dstAddr    : LPM       0a000101/32
Action entry: MyIngress.ipv4_forward - 80000000100,1,

[09:12:07.518] [bmv2] [D] [thread 101228] [108.0] [cxt 0] Action entry is MyIngress.ipv4_forward - 80000000100,1,
[09:12:07.518] [bmv2] [T] [thread 101228] [108.0] [cxt 0] Action MyIngress.ipv4_forward
[09:12:07.518] [bmv2] [T] [thread 101228] [108.0] [cxt 0] switch.p4(96) Primitive standard_metadata.egress_spec = port
[09:12:07.518] [bmv2] [T] [thread 101228] [108.0] [cxt 0] switch.p4(97) Primitive hdr.ethernet.srcAddr = hdr.ethernet.dstAddr
[09:12:07.518] [bmv2] [T] [thread 101228] [108.0] [cxt 0] switch.p4(98) Primitive hdr.ethernet.dstAddr = dstAddr
[09:12:07.518] [bmv2] [T] [thread 101228] [108.0] [cxt 0] switch.p4(99) Primitive hdr.ipv4.ttl = hdr.ipv4.ttl - 1
[09:12:07.518] [bmv2] [D] [thread 101228] [108.0] [cxt 0] Pipeline 'ingress': end
[09:12:07.518] [bmv2] [D] [thread 101228] [108.0] [cxt 0] Egress port is 1
[09:12:07.518] [bmv2] [D] [thread 101230] [108.0] [cxt 0] Pipeline 'egress': start
[09:12:07.518] [bmv2] [D] [thread 101230] [108.0] [cxt 0] Pipeline 'egress': end
[09:12:07.518] [bmv2] [D] [thread 101230] [108.0] [cxt 0] Deparser 'deparser': start
[09:12:07.518] [bmv2] [D] [thread 101230] [108.0] [cxt 0] Updating checksum 'cksum'
[09:12:07.518] [bmv2] [D] [thread 101230] [108.0] [cxt 0] Deparsing header 'ethernet'
[09:12:07.518] [bmv2] [D] [thread 101230] [108.0] [cxt 0] Deparsing header 'ipv4'
[09:12:07.518] [bmv2] [D] [thread 101230] [108.0] [cxt 0] Deparser 'deparser': end
[09:12:07.518] [bmv2] [D] [thread 101233] [108.0] [cxt 0] Transmitting packet of size 308 out of port 1
[09:12:07.521] [bmv2] [D] [thread 101228] [109.0] [cxt 0] Processing packet received on port 1
[09:12:07.521] [bmv2] [D] [thread 101228] [109.0] [cxt 0] Parser 'parser': start
[09:12:07.521] [bmv2] [D] [thread 101228] [109.0] [cxt 0] Parser 'parser' entering state 'start'
[09:12:07.521] [bmv2] [D] [thread 101228] [109.0] [cxt 0] Extracting header 'ethernet'
[09:12:07.522] [bmv2] [D] [thread 101228] [109.0] [cxt 0] Parser state 'start': key is 0800
[09:12:07.522] [bmv2] [T] [thread 101228] [109.0] [cxt 0] Bytes parsed: 14
[09:12:07.522] [bmv2] [D] [thread 101228] [109.0] [cxt 0] Parser 'parser' entering state 'parse_ipv4'
[09:12:07.522] [bmv2] [D] [thread 101228] [109.0] [cxt 0] Extracting header 'ipv4'
[09:12:07.522] [bmv2] [D] [thread 101228] [109.0] [cxt 0] Parser state 'parse_ipv4' has no switch, going to default next state
[09:12:07.522] [bmv2] [T] [thread 101228] [109.0] [cxt 0] Bytes parsed: 34
[09:12:07.522] [bmv2] [D] [thread 101228] [109.0] [cxt 0] Parser 'parser': end
[09:12:07.522] [bmv2] [D] [thread 101228] [109.0] [cxt 0] Pipeline 'ingress': start
[09:12:07.522] [bmv2] [T] [thread 101228] [109.0] [cxt 0] switch.p4(116) Condition "hdr.ipv4.isValid()" (node_2) is true
[09:12:07.522] [bmv2] [T] [thread 101228] [109.0] [cxt 0] Applying table 'MyIngress.ipv4_lpm'
[09:12:07.522] [bmv2] [D] [thread 101228] [109.0] [cxt 0] Looking up key:
* hdr.ipv4.dstAddr    : 0a000202

[09:12:07.522] [bmv2] [D] [thread 101228] [109.0] [cxt 0] Table 'MyIngress.ipv4_lpm': hit with handle 1
[09:12:07.522] [bmv2] [D] [thread 101228] [109.0] [cxt 0] Dumping entry 1
Match key:
* hdr.ipv4.dstAddr    : LPM       0a000202/32
Action entry: MyIngress.ipv4_forward - 80000000300,2,

[09:12:07.522] [bmv2] [D] [thread 101228] [109.0] [cxt 0] Action entry is MyIngress.ipv4_forward - 80000000300,2,
[09:12:07.522] [bmv2] [T] [thread 101228] [109.0] [cxt 0] Action MyIngress.ipv4_forward
[09:12:07.522] [bmv2] [T] [thread 101228] [109.0] [cxt 0] switch.p4(96) Primitive standard_metadata.egress_spec = port
[09:12:07.522] [bmv2] [T] [thread 101228] [109.0] [cxt 0] switch.p4(97) Primitive hdr.ethernet.srcAddr = hdr.ethernet.dstAddr
[09:12:07.522] [bmv2] [T] [thread 101228] [109.0] [cxt 0] switch.p4(98) Primitive hdr.ethernet.dstAddr = dstAddr
[09:12:07.522] [bmv2] [T] [thread 101228] [109.0] [cxt 0] switch.p4(99) Primitive hdr.ipv4.ttl = hdr.ipv4.ttl - 1
[09:12:07.522] [bmv2] [D] [thread 101228] [109.0] [cxt 0] Pipeline 'ingress': end
[09:12:07.522] [bmv2] [D] [thread 101228] [109.0] [cxt 0] Egress port is 2
[09:12:07.522] [bmv2] [D] [thread 101231] [109.0] [cxt 0] Pipeline 'egress': start
[09:12:07.522] [bmv2] [D] [thread 101231] [109.0] [cxt 0] Pipeline 'egress': end
[09:12:07.522] [bmv2] [D] [thread 101231] [109.0] [cxt 0] Deparser 'deparser': start
[09:12:07.522] [bmv2] [D] [thread 101231] [109.0] [cxt 0] Updating checksum 'cksum'
[09:12:07.522] [bmv2] [D] [thread 101231] [109.0] [cxt 0] Deparsing header 'ethernet'
[09:12:07.522] [bmv2] [D] [thread 101231] [109.0] [cxt 0] Deparsing header 'ipv4'
[09:12:07.522] [bmv2] [D] [thread 101231] [109.0] [cxt 0] Deparser 'deparser': end
[09:12:07.522] [bmv2] [D] [thread 101233] [109.0] [cxt 0] Transmitting packet of size 336 out of port 2
[09:12:08.429] [bmv2] [D] [thread 101228] [110.0] [cxt 0] Processing packet received on port 1
[09:12:08.429] [bmv2] [D] [thread 101228] [110.0] [cxt 0] Parser 'parser': start
[09:12:08.429] [bmv2] [D] [thread 101228] [110.0] [cxt 0] Parser 'parser' entering state 'start'
[09:12:08.429] [bmv2] [D] [thread 101228] [110.0] [cxt 0] Extracting header 'ethernet'
[09:12:08.429] [bmv2] [D] [thread 101228] [110.0] [cxt 0] Parser state 'start': key is 0800
[09:12:08.429] [bmv2] [T] [thread 101228] [110.0] [cxt 0] Bytes parsed: 14
[09:12:08.429] [bmv2] [D] [thread 101228] [110.0] [cxt 0] Parser 'parser' entering state 'parse_ipv4'
[09:12:08.429] [bmv2] [D] [thread 101228] [110.0] [cxt 0] Extracting header 'ipv4'
[09:12:08.429] [bmv2] [D] [thread 101228] [110.0] [cxt 0] Parser state 'parse_ipv4' has no switch, going to default next state
[09:12:08.429] [bmv2] [T] [thread 101228] [110.0] [cxt 0] Bytes parsed: 34
[09:12:08.429] [bmv2] [D] [thread 101228] [110.0] [cxt 0] Parser 'parser': end
[09:12:08.429] [bmv2] [D] [thread 101228] [110.0] [cxt 0] Pipeline 'ingress': start
[09:12:08.429] [bmv2] [T] [thread 101228] [110.0] [cxt 0] switch.p4(116) Condition "hdr.ipv4.isValid()" (node_2) is true
[09:12:08.429] [bmv2] [T] [thread 101228] [110.0] [cxt 0] Applying table 'MyIngress.ipv4_lpm'
[09:12:08.429] [bmv2] [D] [thread 101228] [110.0] [cxt 0] Looking up key:
* hdr.ipv4.dstAddr    : 0a000202

[09:12:08.429] [bmv2] [D] [thread 101228] [110.0] [cxt 0] Table 'MyIngress.ipv4_lpm': hit with handle 1
[09:12:08.429] [bmv2] [D] [thread 101228] [110.0] [cxt 0] Dumping entry 1
Match key:
* hdr.ipv4.dstAddr    : LPM       0a000202/32
Action entry: MyIngress.ipv4_forward - 80000000300,2,

[09:12:08.429] [bmv2] [D] [thread 101228] [110.0] [cxt 0] Action entry is MyIngress.ipv4_forward - 80000000300,2,
[09:12:08.429] [bmv2] [T] [thread 101228] [110.0] [cxt 0] Action MyIngress.ipv4_forward
[09:12:08.429] [bmv2] [T] [thread 101228] [110.0] [cxt 0] switch.p4(96) Primitive standard_metadata.egress_spec = port
[09:12:08.429] [bmv2] [T] [thread 101228] [110.0] [cxt 0] switch.p4(97) Primitive hdr.ethernet.srcAddr = hdr.ethernet.dstAddr
[09:12:08.429] [bmv2] [T] [thread 101228] [110.0] [cxt 0] switch.p4(98) Primitive hdr.ethernet.dstAddr = dstAddr
[09:12:08.429] [bmv2] [T] [thread 101228] [110.0] [cxt 0] switch.p4(99) Primitive hdr.ipv4.ttl = hdr.ipv4.ttl - 1
[09:12:08.429] [bmv2] [D] [thread 101228] [110.0] [cxt 0] Pipeline 'ingress': end
[09:12:08.429] [bmv2] [D] [thread 101228] [110.0] [cxt 0] Egress port is 2
[09:12:08.429] [bmv2] [D] [thread 101231] [110.0] [cxt 0] Pipeline 'egress': start
[09:12:08.429] [bmv2] [D] [thread 101231] [110.0] [cxt 0] Pipeline 'egress': end
[09:12:08.429] [bmv2] [D] [thread 101231] [110.0] [cxt 0] Deparser 'deparser': start
[09:12:08.429] [bmv2] [D] [thread 101231] [110.0] [cxt 0] Updating checksum 'cksum'
[09:12:08.429] [bmv2] [D] [thread 101231] [110.0] [cxt 0] Deparsing header 'ethernet'
[09:12:08.429] [bmv2] [D] [thread 101231] [110.0] [cxt 0] Deparsing header 'ipv4'
[09:12:08.429] [bmv2] [D] [thread 101231] [110.0] [cxt 0] Deparser 'deparser': end
[09:12:08.429] [bmv2] [D] [thread 101233] [110.0] [cxt 0] Transmitting packet of size 48 out of port 2
[09:12:08.440] [bmv2] [D] [thread 101228] [111.0] [cxt 0] Processing packet received on port 2
[09:12:08.440] [bmv2] [D] [thread 101228] [111.0] [cxt 0] Parser 'parser': start
[09:12:08.440] [bmv2] [D] [thread 101228] [111.0] [cxt 0] Parser 'parser' entering state 'start'
[09:12:08.440] [bmv2] [D] [thread 101228] [111.0] [cxt 0] Extracting header 'ethernet'
[09:12:08.440] [bmv2] [D] [thread 101228] [111.0] [cxt 0] Parser state 'start': key is 0800
[09:12:08.440] [bmv2] [T] [thread 101228] [111.0] [cxt 0] Bytes parsed: 14
[09:12:08.440] [bmv2] [D] [thread 101228] [111.0] [cxt 0] Parser 'parser' entering state 'parse_ipv4'
[09:12:08.440] [bmv2] [D] [thread 101228] [111.0] [cxt 0] Extracting header 'ipv4'
[09:12:08.440] [bmv2] [D] [thread 101228] [111.0] [cxt 0] Parser state 'parse_ipv4' has no switch, going to default next state
[09:12:08.440] [bmv2] [T] [thread 101228] [111.0] [cxt 0] Bytes parsed: 34
[09:12:08.440] [bmv2] [D] [thread 101228] [111.0] [cxt 0] Parser 'parser': end
[09:12:08.440] [bmv2] [D] [thread 101228] [111.0] [cxt 0] Pipeline 'ingress': start
[09:12:08.440] [bmv2] [T] [thread 101228] [111.0] [cxt 0] switch.p4(116) Condition "hdr.ipv4.isValid()" (node_2) is true
[09:12:08.440] [bmv2] [T] [thread 101228] [111.0] [cxt 0] Applying table 'MyIngress.ipv4_lpm'
[09:12:08.440] [bmv2] [D] [thread 101228] [111.0] [cxt 0] Looking up key:
* hdr.ipv4.dstAddr    : 0a000101

[09:12:08.440] [bmv2] [D] [thread 101228] [111.0] [cxt 0] Table 'MyIngress.ipv4_lpm': hit with handle 0
[09:12:08.440] [bmv2] [D] [thread 101228] [111.0] [cxt 0] Dumping entry 0
Match key:
* hdr.ipv4.dstAddr    : LPM       0a000101/32
Action entry: MyIngress.ipv4_forward - 80000000100,1,

[09:12:08.440] [bmv2] [D] [thread 101228] [111.0] [cxt 0] Action entry is MyIngress.ipv4_forward - 80000000100,1,
[09:12:08.440] [bmv2] [T] [thread 101228] [111.0] [cxt 0] Action MyIngress.ipv4_forward
[09:12:08.440] [bmv2] [T] [thread 101228] [111.0] [cxt 0] switch.p4(96) Primitive standard_metadata.egress_spec = port
[09:12:08.440] [bmv2] [T] [thread 101228] [111.0] [cxt 0] switch.p4(97) Primitive hdr.ethernet.srcAddr = hdr.ethernet.dstAddr
[09:12:08.440] [bmv2] [T] [thread 101228] [111.0] [cxt 0] switch.p4(98) Primitive hdr.ethernet.dstAddr = dstAddr
[09:12:08.440] [bmv2] [T] [thread 101228] [111.0] [cxt 0] switch.p4(99) Primitive hdr.ipv4.ttl = hdr.ipv4.ttl - 1
[09:12:08.440] [bmv2] [D] [thread 101228] [111.0] [cxt 0] Pipeline 'ingress': end
[09:12:08.440] [bmv2] [D] [thread 101228] [111.0] [cxt 0] Egress port is 1
[09:12:08.440] [bmv2] [D] [thread 101230] [111.0] [cxt 0] Pipeline 'egress': start
[09:12:08.440] [bmv2] [D] [thread 101230] [111.0] [cxt 0] Pipeline 'egress': end
[09:12:08.440] [bmv2] [D] [thread 101230] [111.0] [cxt 0] Deparser 'deparser': start
[09:12:08.440] [bmv2] [D] [thread 101230] [111.0] [cxt 0] Updating checksum 'cksum'
[09:12:08.440] [bmv2] [D] [thread 101230] [111.0] [cxt 0] Deparsing header 'ethernet'
[09:12:08.440] [bmv2] [D] [thread 101230] [111.0] [cxt 0] Deparsing header 'ipv4'
[09:12:08.440] [bmv2] [D] [thread 101230] [111.0] [cxt 0] Deparser 'deparser': end
[09:12:08.440] [bmv2] [D] [thread 101233] [111.0] [cxt 0] Transmitting packet of size 76 out of port 1
[09:12:08.461] [bmv2] [D] [thread 101228] [112.0] [cxt 0] Processing packet received on port 2
[09:12:08.461] [bmv2] [D] [thread 101228] [112.0] [cxt 0] Parser 'parser': start
[09:12:08.461] [bmv2] [D] [thread 101228] [112.0] [cxt 0] Parser 'parser' entering state 'start'
[09:12:08.461] [bmv2] [D] [thread 101228] [112.0] [cxt 0] Extracting header 'ethernet'
[09:12:08.461] [bmv2] [D] [thread 101228] [112.0] [cxt 0] Parser state 'start': key is 0800
[09:12:08.461] [bmv2] [T] [thread 101228] [112.0] [cxt 0] Bytes parsed: 14
[09:12:08.461] [bmv2] [D] [thread 101228] [112.0] [cxt 0] Parser 'parser' entering state 'parse_ipv4'
[09:12:08.461] [bmv2] [D] [thread 101228] [112.0] [cxt 0] Extracting header 'ipv4'
[09:12:08.461] [bmv2] [D] [thread 101228] [112.0] [cxt 0] Parser state 'parse_ipv4' has no switch, going to default next state
[09:12:08.461] [bmv2] [T] [thread 101228] [112.0] [cxt 0] Bytes parsed: 34
[09:12:08.461] [bmv2] [D] [thread 101228] [112.0] [cxt 0] Parser 'parser': end
[09:12:08.461] [bmv2] [D] [thread 101228] [112.0] [cxt 0] Pipeline 'ingress': start
[09:12:08.461] [bmv2] [T] [thread 101228] [112.0] [cxt 0] switch.p4(116) Condition "hdr.ipv4.isValid()" (node_2) is true
[09:12:08.461] [bmv2] [T] [thread 101228] [112.0] [cxt 0] Applying table 'MyIngress.ipv4_lpm'
[09:12:08.461] [bmv2] [D] [thread 101228] [112.0] [cxt 0] Looking up key:
* hdr.ipv4.dstAddr    : 0a000101

[09:12:08.461] [bmv2] [D] [thread 101228] [112.0] [cxt 0] Table 'MyIngress.ipv4_lpm': hit with handle 0
[09:12:08.461] [bmv2] [D] [thread 101228] [112.0] [cxt 0] Dumping entry 0
Match key:
* hdr.ipv4.dstAddr    : LPM       0a000101/32
Action entry: MyIngress.ipv4_forward - 80000000100,1,

[09:12:08.461] [bmv2] [D] [thread 101228] [112.0] [cxt 0] Action entry is MyIngress.ipv4_forward - 80000000100,1,
[09:12:08.461] [bmv2] [T] [thread 101228] [112.0] [cxt 0] Action MyIngress.ipv4_forward
[09:12:08.461] [bmv2] [T] [thread 101228] [112.0] [cxt 0] switch.p4(96) Primitive standard_metadata.egress_spec = port
[09:12:08.461] [bmv2] [T] [thread 101228] [112.0] [cxt 0] switch.p4(97) Primitive hdr.ethernet.srcAddr = hdr.ethernet.dstAddr
[09:12:08.461] [bmv2] [T] [thread 101228] [112.0] [cxt 0] switch.p4(98) Primitive hdr.ethernet.dstAddr = dstAddr
[09:12:08.461] [bmv2] [T] [thread 101228] [112.0] [cxt 0] switch.p4(99) Primitive hdr.ipv4.ttl = hdr.ipv4.ttl - 1
[09:12:08.461] [bmv2] [D] [thread 101228] [112.0] [cxt 0] Pipeline 'ingress': end
[09:12:08.461] [bmv2] [D] [thread 101228] [112.0] [cxt 0] Egress port is 1
[09:12:08.461] [bmv2] [D] [thread 101230] [112.0] [cxt 0] Pipeline 'egress': start
[09:12:08.461] [bmv2] [D] [thread 101230] [112.0] [cxt 0] Pipeline 'egress': end
[09:12:08.461] [bmv2] [D] [thread 101230] [112.0] [cxt 0] Deparser 'deparser': start
[09:12:08.461] [bmv2] [D] [thread 101230] [112.0] [cxt 0] Updating checksum 'cksum'
[09:12:08.461] [bmv2] [D] [thread 101230] [112.0] [cxt 0] Deparsing header 'ethernet'
[09:12:08.461] [bmv2] [D] [thread 101230] [112.0] [cxt 0] Deparsing header 'ipv4'
[09:12:08.461] [bmv2] [D] [thread 101230] [112.0] [cxt 0] Deparser 'deparser': end
[09:12:08.461] [bmv2] [D] [thread 101233] [112.0] [cxt 0] Transmitting packet of size 308 out of port 1
[09:12:08.461] [bmv2] [D] [thread 101228] [113.0] [cxt 0] Processing packet received on port 1
[09:12:08.461] [bmv2] [D] [thread 101228] [113.0] [cxt 0] Parser 'parser': start
[09:12:08.461] [bmv2] [D] [thread 101228] [113.0] [cxt 0] Parser 'parser' entering state 'start'
[09:12:08.461] [bmv2] [D] [thread 101228] [113.0] [cxt 0] Extracting header 'ethernet'
[09:12:08.461] [bmv2] [D] [thread 101228] [113.0] [cxt 0] Parser state 'start': key is 0800
[09:12:08.461] [bmv2] [T] [thread 101228] [113.0] [cxt 0] Bytes parsed: 14
[09:12:08.461] [bmv2] [D] [thread 101228] [113.0] [cxt 0] Parser 'parser' entering state 'parse_ipv4'
[09:12:08.461] [bmv2] [D] [thread 101228] [113.0] [cxt 0] Extracting header 'ipv4'
[09:12:08.461] [bmv2] [D] [thread 101228] [113.0] [cxt 0] Parser state 'parse_ipv4' has no switch, going to default next state
[09:12:08.461] [bmv2] [T] [thread 101228] [113.0] [cxt 0] Bytes parsed: 34
[09:12:08.461] [bmv2] [D] [thread 101228] [113.0] [cxt 0] Parser 'parser': end
[09:12:08.461] [bmv2] [D] [thread 101228] [113.0] [cxt 0] Pipeline 'ingress': start
[09:12:08.461] [bmv2] [T] [thread 101228] [113.0] [cxt 0] switch.p4(116) Condition "hdr.ipv4.isValid()" (node_2) is true
[09:12:08.461] [bmv2] [T] [thread 101228] [113.0] [cxt 0] Applying table 'MyIngress.ipv4_lpm'
[09:12:08.461] [bmv2] [D] [thread 101228] [113.0] [cxt 0] Looking up key:
* hdr.ipv4.dstAddr    : 0a000202

[09:12:08.461] [bmv2] [D] [thread 101228] [113.0] [cxt 0] Table 'MyIngress.ipv4_lpm': hit with handle 1
[09:12:08.461] [bmv2] [D] [thread 101228] [113.0] [cxt 0] Dumping entry 1
Match key:
* hdr.ipv4.dstAddr    : LPM       0a000202/32
Action entry: MyIngress.ipv4_forward - 80000000300,2,

[09:12:08.461] [bmv2] [D] [thread 101228] [113.0] [cxt 0] Action entry is MyIngress.ipv4_forward - 80000000300,2,
[09:12:08.461] [bmv2] [T] [thread 101228] [113.0] [cxt 0] Action MyIngress.ipv4_forward
[09:12:08.461] [bmv2] [T] [thread 101228] [113.0] [cxt 0] switch.p4(96) Primitive standard_metadata.egress_spec = port
[09:12:08.461] [bmv2] [T] [thread 101228] [113.0] [cxt 0] switch.p4(97) Primitive hdr.ethernet.srcAddr = hdr.ethernet.dstAddr
[09:12:08.461] [bmv2] [T] [thread 101228] [113.0] [cxt 0] switch.p4(98) Primitive hdr.ethernet.dstAddr = dstAddr
[09:12:08.461] [bmv2] [T] [thread 101228] [113.0] [cxt 0] switch.p4(99) Primitive hdr.ipv4.ttl = hdr.ipv4.ttl - 1
[09:12:08.461] [bmv2] [D] [thread 101228] [113.0] [cxt 0] Pipeline 'ingress': end
[09:12:08.461] [bmv2] [D] [thread 101228] [113.0] [cxt 0] Egress port is 2
[09:12:08.461] [bmv2] [D] [thread 101231] [113.0] [cxt 0] Pipeline 'egress': start
[09:12:08.461] [bmv2] [D] [thread 101231] [113.0] [cxt 0] Pipeline 'egress': end
[09:12:08.461] [bmv2] [D] [thread 101231] [113.0] [cxt 0] Deparser 'deparser': start
[09:12:08.461] [bmv2] [D] [thread 101231] [113.0] [cxt 0] Updating checksum 'cksum'
[09:12:08.461] [bmv2] [D] [thread 101231] [113.0] [cxt 0] Deparsing header 'ethernet'
[09:12:08.461] [bmv2] [D] [thread 101231] [113.0] [cxt 0] Deparsing header 'ipv4'
[09:12:08.461] [bmv2] [D] [thread 101231] [113.0] [cxt 0] Deparser 'deparser': end
[09:12:08.461] [bmv2] [D] [thread 101233] [113.0] [cxt 0] Transmitting packet of size 336 out of port 2
[09:12:08.478] [bmv2] [D] [thread 101228] [114.0] [cxt 0] Processing packet received on port 2
[09:12:08.478] [bmv2] [D] [thread 101228] [114.0] [cxt 0] Parser 'parser': start
[09:12:08.478] [bmv2] [D] [thread 101228] [114.0] [cxt 0] Parser 'parser' entering state 'start'
[09:12:08.478] [bmv2] [D] [thread 101228] [114.0] [cxt 0] Extracting header 'ethernet'
[09:12:08.478] [bmv2] [D] [thread 101228] [114.0] [cxt 0] Parser state 'start': key is 86dd
[09:12:08.478] [bmv2] [T] [thread 101228] [114.0] [cxt 0] Bytes parsed: 14
[09:12:08.478] [bmv2] [D] [thread 101228] [114.0] [cxt 0] Parser 'parser': end
[09:12:08.478] [bmv2] [D] [thread 101228] [114.0] [cxt 0] Pipeline 'ingress': start
[09:12:08.478] [bmv2] [T] [thread 101228] [114.0] [cxt 0] switch.p4(116) Condition "hdr.ipv4.isValid()" (node_2) is false
[09:12:08.478] [bmv2] [D] [thread 101228] [114.0] [cxt 0] Pipeline 'ingress': end
[09:12:08.478] [bmv2] [D] [thread 101228] [114.0] [cxt 0] Egress port is 0
[09:12:08.478] [bmv2] [D] [thread 101229] [114.0] [cxt 0] Pipeline 'egress': start
[09:12:08.478] [bmv2] [D] [thread 101229] [114.0] [cxt 0] Pipeline 'egress': end
[09:12:08.478] [bmv2] [D] [thread 101229] [114.0] [cxt 0] Deparser 'deparser': start
[09:12:08.478] [bmv2] [T] [thread 101229] [114.0] [cxt 0] Skipping checksum 'cksum' update because condition not met
[09:12:08.478] [bmv2] [D] [thread 101229] [114.0] [cxt 0] Deparsing header 'ethernet'
[09:12:08.478] [bmv2] [D] [thread 101229] [114.0] [cxt 0] Deparser 'deparser': end
[09:12:08.478] [bmv2] [D] [thread 101233] [114.0] [cxt 0] Transmitting packet of size 203 out of port 0
[09:12:08.715] [bmv2] [D] [thread 101228] [115.0] [cxt 0] Processing packet received on port 1
[09:12:08.715] [bmv2] [D] [thread 101228] [115.0] [cxt 0] Parser 'parser': start
[09:12:08.715] [bmv2] [D] [thread 101228] [115.0] [cxt 0] Parser 'parser' entering state 'start'
[09:12:08.715] [bmv2] [D] [thread 101228] [115.0] [cxt 0] Extracting header 'ethernet'
[09:12:08.715] [bmv2] [D] [thread 101228] [115.0] [cxt 0] Parser state 'start': key is 86dd
[09:12:08.715] [bmv2] [T] [thread 101228] [115.0] [cxt 0] Bytes parsed: 14
[09:12:08.715] [bmv2] [D] [thread 101228] [115.0] [cxt 0] Parser 'parser': end
[09:12:08.715] [bmv2] [D] [thread 101228] [115.0] [cxt 0] Pipeline 'ingress': start
[09:12:08.715] [bmv2] [T] [thread 101228] [115.0] [cxt 0] switch.p4(116) Condition "hdr.ipv4.isValid()" (node_2) is false
[09:12:08.715] [bmv2] [D] [thread 101228] [115.0] [cxt 0] Pipeline 'ingress': end
[09:12:08.715] [bmv2] [D] [thread 101228] [115.0] [cxt 0] Egress port is 0
[09:12:08.715] [bmv2] [D] [thread 101229] [115.0] [cxt 0] Pipeline 'egress': start
[09:12:08.715] [bmv2] [D] [thread 101229] [115.0] [cxt 0] Pipeline 'egress': end
[09:12:08.715] [bmv2] [D] [thread 101229] [115.0] [cxt 0] Deparser 'deparser': start
[09:12:08.715] [bmv2] [T] [thread 101229] [115.0] [cxt 0] Skipping checksum 'cksum' update because condition not met
[09:12:08.715] [bmv2] [D] [thread 101229] [115.0] [cxt 0] Deparsing header 'ethernet'
[09:12:08.715] [bmv2] [D] [thread 101229] [115.0] [cxt 0] Deparser 'deparser': end
[09:12:08.715] [bmv2] [D] [thread 101233] [115.0] [cxt 0] Transmitting packet of size 203 out of port 0
[09:12:08.875] [bmv2] [D] [thread 101228] [116.0] [cxt 0] Processing packet received on port 2
[09:12:08.875] [bmv2] [D] [thread 101228] [116.0] [cxt 0] Parser 'parser': start
[09:12:08.875] [bmv2] [D] [thread 101228] [116.0] [cxt 0] Parser 'parser' entering state 'start'
[09:12:08.875] [bmv2] [D] [thread 101228] [116.0] [cxt 0] Extracting header 'ethernet'
[09:12:08.875] [bmv2] [D] [thread 101228] [116.0] [cxt 0] Parser state 'start': key is 86dd
[09:12:08.875] [bmv2] [T] [thread 101228] [116.0] [cxt 0] Bytes parsed: 14
[09:12:08.875] [bmv2] [D] [thread 101228] [116.0] [cxt 0] Parser 'parser': end
[09:12:08.875] [bmv2] [D] [thread 101228] [116.0] [cxt 0] Pipeline 'ingress': start
[09:12:08.875] [bmv2] [T] [thread 101228] [116.0] [cxt 0] switch.p4(116) Condition "hdr.ipv4.isValid()" (node_2) is false
[09:12:08.875] [bmv2] [D] [thread 101228] [116.0] [cxt 0] Pipeline 'ingress': end
[09:12:08.875] [bmv2] [D] [thread 101228] [116.0] [cxt 0] Egress port is 0
[09:12:08.875] [bmv2] [D] [thread 101229] [116.0] [cxt 0] Pipeline 'egress': start
[09:12:08.875] [bmv2] [D] [thread 101229] [116.0] [cxt 0] Pipeline 'egress': end
[09:12:08.875] [bmv2] [D] [thread 101229] [116.0] [cxt 0] Deparser 'deparser': start
[09:12:08.875] [bmv2] [T] [thread 101229] [116.0] [cxt 0] Skipping checksum 'cksum' update because condition not met
[09:12:08.875] [bmv2] [D] [thread 101229] [116.0] [cxt 0] Deparsing header 'ethernet'
[09:12:08.875] [bmv2] [D] [thread 101229] [116.0] [cxt 0] Deparser 'deparser': end
[09:12:08.875] [bmv2] [D] [thread 101233] [116.0] [cxt 0] Transmitting packet of size 203 out of port 0
[09:12:09.430] [bmv2] [D] [thread 101228] [117.0] [cxt 0] Processing packet received on port 1
[09:12:09.430] [bmv2] [D] [thread 101228] [117.0] [cxt 0] Parser 'parser': start
[09:12:09.430] [bmv2] [D] [thread 101228] [117.0] [cxt 0] Parser 'parser' entering state 'start'
[09:12:09.430] [bmv2] [D] [thread 101228] [117.0] [cxt 0] Extracting header 'ethernet'
[09:12:09.430] [bmv2] [D] [thread 101228] [117.0] [cxt 0] Parser state 'start': key is 0800
[09:12:09.430] [bmv2] [T] [thread 101228] [117.0] [cxt 0] Bytes parsed: 14
[09:12:09.430] [bmv2] [D] [thread 101228] [117.0] [cxt 0] Parser 'parser' entering state 'parse_ipv4'
[09:12:09.431] [bmv2] [D] [thread 101228] [117.0] [cxt 0] Extracting header 'ipv4'
[09:12:09.431] [bmv2] [D] [thread 101228] [117.0] [cxt 0] Parser state 'parse_ipv4' has no switch, going to default next state
[09:12:09.431] [bmv2] [T] [thread 101228] [117.0] [cxt 0] Bytes parsed: 34
[09:12:09.431] [bmv2] [D] [thread 101228] [117.0] [cxt 0] Parser 'parser': end
[09:12:09.431] [bmv2] [D] [thread 101228] [117.0] [cxt 0] Pipeline 'ingress': start
[09:12:09.431] [bmv2] [T] [thread 101228] [117.0] [cxt 0] switch.p4(116) Condition "hdr.ipv4.isValid()" (node_2) is true
[09:12:09.431] [bmv2] [T] [thread 101228] [117.0] [cxt 0] Applying table 'MyIngress.ipv4_lpm'
[09:12:09.431] [bmv2] [D] [thread 101228] [117.0] [cxt 0] Looking up key:
* hdr.ipv4.dstAddr    : 0a000202

[09:12:09.431] [bmv2] [D] [thread 101228] [117.0] [cxt 0] Table 'MyIngress.ipv4_lpm': hit with handle 1
[09:12:09.431] [bmv2] [D] [thread 101228] [117.0] [cxt 0] Dumping entry 1
Match key:
* hdr.ipv4.dstAddr    : LPM       0a000202/32
Action entry: MyIngress.ipv4_forward - 80000000300,2,

[09:12:09.431] [bmv2] [D] [thread 101228] [117.0] [cxt 0] Action entry is MyIngress.ipv4_forward - 80000000300,2,
[09:12:09.431] [bmv2] [T] [thread 101228] [117.0] [cxt 0] Action MyIngress.ipv4_forward
[09:12:09.431] [bmv2] [T] [thread 101228] [117.0] [cxt 0] switch.p4(96) Primitive standard_metadata.egress_spec = port
[09:12:09.431] [bmv2] [T] [thread 101228] [117.0] [cxt 0] switch.p4(97) Primitive hdr.ethernet.srcAddr = hdr.ethernet.dstAddr
[09:12:09.431] [bmv2] [T] [thread 101228] [117.0] [cxt 0] switch.p4(98) Primitive hdr.ethernet.dstAddr = dstAddr
[09:12:09.431] [bmv2] [T] [thread 101228] [117.0] [cxt 0] switch.p4(99) Primitive hdr.ipv4.ttl = hdr.ipv4.ttl - 1
[09:12:09.431] [bmv2] [D] [thread 101228] [117.0] [cxt 0] Pipeline 'ingress': end
[09:12:09.431] [bmv2] [D] [thread 101228] [117.0] [cxt 0] Egress port is 2
[09:12:09.431] [bmv2] [D] [thread 101231] [117.0] [cxt 0] Pipeline 'egress': start
[09:12:09.431] [bmv2] [D] [thread 101231] [117.0] [cxt 0] Pipeline 'egress': end
[09:12:09.431] [bmv2] [D] [thread 101231] [117.0] [cxt 0] Deparser 'deparser': start
[09:12:09.431] [bmv2] [D] [thread 101231] [117.0] [cxt 0] Updating checksum 'cksum'
[09:12:09.431] [bmv2] [D] [thread 101231] [117.0] [cxt 0] Deparsing header 'ethernet'
[09:12:09.431] [bmv2] [D] [thread 101231] [117.0] [cxt 0] Deparsing header 'ipv4'
[09:12:09.431] [bmv2] [D] [thread 101231] [117.0] [cxt 0] Deparser 'deparser': end
[09:12:09.431] [bmv2] [D] [thread 101233] [117.0] [cxt 0] Transmitting packet of size 48 out of port 2
[09:12:09.434] [bmv2] [D] [thread 101228] [118.0] [cxt 0] Processing packet received on port 2
[09:12:09.434] [bmv2] [D] [thread 101228] [118.0] [cxt 0] Parser 'parser': start
[09:12:09.434] [bmv2] [D] [thread 101228] [118.0] [cxt 0] Parser 'parser' entering state 'start'
[09:12:09.434] [bmv2] [D] [thread 101228] [118.0] [cxt 0] Extracting header 'ethernet'
[09:12:09.434] [bmv2] [D] [thread 101228] [118.0] [cxt 0] Parser state 'start': key is 0800
[09:12:09.434] [bmv2] [T] [thread 101228] [118.0] [cxt 0] Bytes parsed: 14
[09:12:09.434] [bmv2] [D] [thread 101228] [118.0] [cxt 0] Parser 'parser' entering state 'parse_ipv4'
[09:12:09.434] [bmv2] [D] [thread 101228] [118.0] [cxt 0] Extracting header 'ipv4'
[09:12:09.434] [bmv2] [D] [thread 101228] [118.0] [cxt 0] Parser state 'parse_ipv4' has no switch, going to default next state
[09:12:09.435] [bmv2] [T] [thread 101228] [118.0] [cxt 0] Bytes parsed: 34
[09:12:09.435] [bmv2] [D] [thread 101228] [118.0] [cxt 0] Parser 'parser': end
[09:12:09.435] [bmv2] [D] [thread 101228] [118.0] [cxt 0] Pipeline 'ingress': start
[09:12:09.435] [bmv2] [T] [thread 101228] [118.0] [cxt 0] switch.p4(116) Condition "hdr.ipv4.isValid()" (node_2) is true
[09:12:09.435] [bmv2] [T] [thread 101228] [118.0] [cxt 0] Applying table 'MyIngress.ipv4_lpm'
[09:12:09.435] [bmv2] [D] [thread 101228] [118.0] [cxt 0] Looking up key:
* hdr.ipv4.dstAddr    : 0a000101

[09:12:09.435] [bmv2] [D] [thread 101228] [118.0] [cxt 0] Table 'MyIngress.ipv4_lpm': hit with handle 0
[09:12:09.435] [bmv2] [D] [thread 101228] [118.0] [cxt 0] Dumping entry 0
Match key:
* hdr.ipv4.dstAddr    : LPM       0a000101/32
Action entry: MyIngress.ipv4_forward - 80000000100,1,

[09:12:09.435] [bmv2] [D] [thread 101228] [118.0] [cxt 0] Action entry is MyIngress.ipv4_forward - 80000000100,1,
[09:12:09.435] [bmv2] [T] [thread 101228] [118.0] [cxt 0] Action MyIngress.ipv4_forward
[09:12:09.435] [bmv2] [T] [thread 101228] [118.0] [cxt 0] switch.p4(96) Primitive standard_metadata.egress_spec = port
[09:12:09.435] [bmv2] [T] [thread 101228] [118.0] [cxt 0] switch.p4(97) Primitive hdr.ethernet.srcAddr = hdr.ethernet.dstAddr
[09:12:09.435] [bmv2] [T] [thread 101228] [118.0] [cxt 0] switch.p4(98) Primitive hdr.ethernet.dstAddr = dstAddr
[09:12:09.435] [bmv2] [T] [thread 101228] [118.0] [cxt 0] switch.p4(99) Primitive hdr.ipv4.ttl = hdr.ipv4.ttl - 1
[09:12:09.435] [bmv2] [D] [thread 101228] [118.0] [cxt 0] Pipeline 'ingress': end
[09:12:09.435] [bmv2] [D] [thread 101228] [118.0] [cxt 0] Egress port is 1
[09:12:09.435] [bmv2] [D] [thread 101230] [118.0] [cxt 0] Pipeline 'egress': start
[09:12:09.435] [bmv2] [D] [thread 101230] [118.0] [cxt 0] Pipeline 'egress': end
[09:12:09.435] [bmv2] [D] [thread 101230] [118.0] [cxt 0] Deparser 'deparser': start
[09:12:09.435] [bmv2] [D] [thread 101230] [118.0] [cxt 0] Updating checksum 'cksum'
[09:12:09.435] [bmv2] [D] [thread 101230] [118.0] [cxt 0] Deparsing header 'ethernet'
[09:12:09.435] [bmv2] [D] [thread 101230] [118.0] [cxt 0] Deparsing header 'ipv4'
[09:12:09.435] [bmv2] [D] [thread 101230] [118.0] [cxt 0] Deparser 'deparser': end
[09:12:09.435] [bmv2] [D] [thread 101233] [118.0] [cxt 0] Transmitting packet of size 76 out of port 1
[09:12:09.446] [bmv2] [D] [thread 101228] [119.0] [cxt 0] Processing packet received on port 2
[09:12:09.446] [bmv2] [D] [thread 101228] [119.0] [cxt 0] Parser 'parser': start
[09:12:09.446] [bmv2] [D] [thread 101228] [119.0] [cxt 0] Parser 'parser' entering state 'start'
[09:12:09.446] [bmv2] [D] [thread 101228] [119.0] [cxt 0] Extracting header 'ethernet'
[09:12:09.446] [bmv2] [D] [thread 101228] [119.0] [cxt 0] Parser state 'start': key is 0800
[09:12:09.446] [bmv2] [T] [thread 101228] [119.0] [cxt 0] Bytes parsed: 14
[09:12:09.446] [bmv2] [D] [thread 101228] [119.0] [cxt 0] Parser 'parser' entering state 'parse_ipv4'
[09:12:09.446] [bmv2] [D] [thread 101228] [119.0] [cxt 0] Extracting header 'ipv4'
[09:12:09.446] [bmv2] [D] [thread 101228] [119.0] [cxt 0] Parser state 'parse_ipv4' has no switch, going to default next state
[09:12:09.446] [bmv2] [T] [thread 101228] [119.0] [cxt 0] Bytes parsed: 34
[09:12:09.446] [bmv2] [D] [thread 101228] [119.0] [cxt 0] Parser 'parser': end
[09:12:09.446] [bmv2] [D] [thread 101228] [119.0] [cxt 0] Pipeline 'ingress': start
[09:12:09.446] [bmv2] [T] [thread 101228] [119.0] [cxt 0] switch.p4(116) Condition "hdr.ipv4.isValid()" (node_2) is true
[09:12:09.446] [bmv2] [T] [thread 101228] [119.0] [cxt 0] Applying table 'MyIngress.ipv4_lpm'
[09:12:09.446] [bmv2] [D] [thread 101228] [119.0] [cxt 0] Looking up key:
* hdr.ipv4.dstAddr    : 0a000101

[09:12:09.446] [bmv2] [D] [thread 101228] [119.0] [cxt 0] Table 'MyIngress.ipv4_lpm': hit with handle 0
[09:12:09.446] [bmv2] [D] [thread 101228] [119.0] [cxt 0] Dumping entry 0
Match key:
* hdr.ipv4.dstAddr    : LPM       0a000101/32
Action entry: MyIngress.ipv4_forward - 80000000100,1,

[09:12:09.447] [bmv2] [D] [thread 101228] [119.0] [cxt 0] Action entry is MyIngress.ipv4_forward - 80000000100,1,
[09:12:09.447] [bmv2] [T] [thread 101228] [119.0] [cxt 0] Action MyIngress.ipv4_forward
[09:12:09.447] [bmv2] [T] [thread 101228] [119.0] [cxt 0] switch.p4(96) Primitive standard_metadata.egress_spec = port
[09:12:09.447] [bmv2] [T] [thread 101228] [119.0] [cxt 0] switch.p4(97) Primitive hdr.ethernet.srcAddr = hdr.ethernet.dstAddr
[09:12:09.447] [bmv2] [T] [thread 101228] [119.0] [cxt 0] switch.p4(98) Primitive hdr.ethernet.dstAddr = dstAddr
[09:12:09.447] [bmv2] [T] [thread 101228] [119.0] [cxt 0] switch.p4(99) Primitive hdr.ipv4.ttl = hdr.ipv4.ttl - 1
[09:12:09.447] [bmv2] [D] [thread 101228] [119.0] [cxt 0] Pipeline 'ingress': end
[09:12:09.447] [bmv2] [D] [thread 101228] [119.0] [cxt 0] Egress port is 1
[09:12:09.447] [bmv2] [D] [thread 101230] [119.0] [cxt 0] Pipeline 'egress': start
[09:12:09.447] [bmv2] [D] [thread 101230] [119.0] [cxt 0] Pipeline 'egress': end
[09:12:09.447] [bmv2] [D] [thread 101230] [119.0] [cxt 0] Deparser 'deparser': start
[09:12:09.447] [bmv2] [D] [thread 101230] [119.0] [cxt 0] Updating checksum 'cksum'
[09:12:09.447] [bmv2] [D] [thread 101230] [119.0] [cxt 0] Deparsing header 'ethernet'
[09:12:09.447] [bmv2] [D] [thread 101230] [119.0] [cxt 0] Deparsing header 'ipv4'
[09:12:09.447] [bmv2] [D] [thread 101230] [119.0] [cxt 0] Deparser 'deparser': end
[09:12:09.447] [bmv2] [D] [thread 101233] [119.0] [cxt 0] Transmitting packet of size 308 out of port 1
[09:12:09.451] [bmv2] [D] [thread 101228] [120.0] [cxt 0] Processing packet received on port 1
[09:12:09.451] [bmv2] [D] [thread 101228] [120.0] [cxt 0] Parser 'parser': start
[09:12:09.451] [bmv2] [D] [thread 101228] [120.0] [cxt 0] Parser 'parser' entering state 'start'
[09:12:09.451] [bmv2] [D] [thread 101228] [120.0] [cxt 0] Extracting header 'ethernet'
[09:12:09.451] [bmv2] [D] [thread 101228] [120.0] [cxt 0] Parser state 'start': key is 0800
[09:12:09.451] [bmv2] [T] [thread 101228] [120.0] [cxt 0] Bytes parsed: 14
[09:12:09.451] [bmv2] [D] [thread 101228] [120.0] [cxt 0] Parser 'parser' entering state 'parse_ipv4'
[09:12:09.451] [bmv2] [D] [thread 101228] [120.0] [cxt 0] Extracting header 'ipv4'
[09:12:09.451] [bmv2] [D] [thread 101228] [120.0] [cxt 0] Parser state 'parse_ipv4' has no switch, going to default next state
[09:12:09.451] [bmv2] [T] [thread 101228] [120.0] [cxt 0] Bytes parsed: 34
[09:12:09.451] [bmv2] [D] [thread 101228] [120.0] [cxt 0] Parser 'parser': end
[09:12:09.451] [bmv2] [D] [thread 101228] [120.0] [cxt 0] Pipeline 'ingress': start
[09:12:09.451] [bmv2] [T] [thread 101228] [120.0] [cxt 0] switch.p4(116) Condition "hdr.ipv4.isValid()" (node_2) is true
[09:12:09.451] [bmv2] [T] [thread 101228] [120.0] [cxt 0] Applying table 'MyIngress.ipv4_lpm'
[09:12:09.451] [bmv2] [D] [thread 101228] [120.0] [cxt 0] Looking up key:
* hdr.ipv4.dstAddr    : 0a000202

[09:12:09.451] [bmv2] [D] [thread 101228] [120.0] [cxt 0] Table 'MyIngress.ipv4_lpm': hit with handle 1
[09:12:09.451] [bmv2] [D] [thread 101228] [120.0] [cxt 0] Dumping entry 1
Match key:
* hdr.ipv4.dstAddr    : LPM       0a000202/32
Action entry: MyIngress.ipv4_forward - 80000000300,2,

[09:12:09.451] [bmv2] [D] [thread 101228] [120.0] [cxt 0] Action entry is MyIngress.ipv4_forward - 80000000300,2,
[09:12:09.451] [bmv2] [T] [thread 101228] [120.0] [cxt 0] Action MyIngress.ipv4_forward
[09:12:09.451] [bmv2] [T] [thread 101228] [120.0] [cxt 0] switch.p4(96) Primitive standard_metadata.egress_spec = port
[09:12:09.451] [bmv2] [T] [thread 101228] [120.0] [cxt 0] switch.p4(97) Primitive hdr.ethernet.srcAddr = hdr.ethernet.dstAddr
[09:12:09.451] [bmv2] [T] [thread 101228] [120.0] [cxt 0] switch.p4(98) Primitive hdr.ethernet.dstAddr = dstAddr
[09:12:09.451] [bmv2] [T] [thread 101228] [120.0] [cxt 0] switch.p4(99) Primitive hdr.ipv4.ttl = hdr.ipv4.ttl - 1
[09:12:09.451] [bmv2] [D] [thread 101228] [120.0] [cxt 0] Pipeline 'ingress': end
[09:12:09.451] [bmv2] [D] [thread 101228] [120.0] [cxt 0] Egress port is 2
[09:12:09.451] [bmv2] [D] [thread 101231] [120.0] [cxt 0] Pipeline 'egress': start
[09:12:09.451] [bmv2] [D] [thread 101231] [120.0] [cxt 0] Pipeline 'egress': end
[09:12:09.451] [bmv2] [D] [thread 101231] [120.0] [cxt 0] Deparser 'deparser': start
[09:12:09.451] [bmv2] [D] [thread 101231] [120.0] [cxt 0] Updating checksum 'cksum'
[09:12:09.451] [bmv2] [D] [thread 101231] [120.0] [cxt 0] Deparsing header 'ethernet'
[09:12:09.451] [bmv2] [D] [thread 101231] [120.0] [cxt 0] Deparsing header 'ipv4'
[09:12:09.451] [bmv2] [D] [thread 101231] [120.0] [cxt 0] Deparser 'deparser': end
[09:12:09.451] [bmv2] [D] [thread 101233] [120.0] [cxt 0] Transmitting packet of size 336 out of port 2
[09:12:10.455] [bmv2] [D] [thread 101228] [121.0] [cxt 0] Processing packet received on port 1
[09:12:10.456] [bmv2] [D] [thread 101228] [121.0] [cxt 0] Parser 'parser': start
[09:12:10.456] [bmv2] [D] [thread 101228] [121.0] [cxt 0] Parser 'parser' entering state 'start'
[09:12:10.456] [bmv2] [D] [thread 101228] [121.0] [cxt 0] Extracting header 'ethernet'
[09:12:10.456] [bmv2] [D] [thread 101228] [121.0] [cxt 0] Parser state 'start': key is 0800
[09:12:10.456] [bmv2] [T] [thread 101228] [121.0] [cxt 0] Bytes parsed: 14
[09:12:10.456] [bmv2] [D] [thread 101228] [121.0] [cxt 0] Parser 'parser' entering state 'parse_ipv4'
[09:12:10.456] [bmv2] [D] [thread 101228] [121.0] [cxt 0] Extracting header 'ipv4'
[09:12:10.456] [bmv2] [D] [thread 101228] [121.0] [cxt 0] Parser state 'parse_ipv4' has no switch, going to default next state
[09:12:10.456] [bmv2] [T] [thread 101228] [121.0] [cxt 0] Bytes parsed: 34
[09:12:10.456] [bmv2] [D] [thread 101228] [121.0] [cxt 0] Parser 'parser': end
[09:12:10.456] [bmv2] [D] [thread 101228] [121.0] [cxt 0] Pipeline 'ingress': start
[09:12:10.456] [bmv2] [T] [thread 101228] [121.0] [cxt 0] switch.p4(116) Condition "hdr.ipv4.isValid()" (node_2) is true
[09:12:10.456] [bmv2] [T] [thread 101228] [121.0] [cxt 0] Applying table 'MyIngress.ipv4_lpm'
[09:12:10.456] [bmv2] [D] [thread 101228] [121.0] [cxt 0] Looking up key:
* hdr.ipv4.dstAddr    : 0a000202

[09:12:10.456] [bmv2] [D] [thread 101228] [121.0] [cxt 0] Table 'MyIngress.ipv4_lpm': hit with handle 1
[09:12:10.456] [bmv2] [D] [thread 101228] [121.0] [cxt 0] Dumping entry 1
Match key:
* hdr.ipv4.dstAddr    : LPM       0a000202/32
Action entry: MyIngress.ipv4_forward - 80000000300,2,

[09:12:10.456] [bmv2] [D] [thread 101228] [121.0] [cxt 0] Action entry is MyIngress.ipv4_forward - 80000000300,2,
[09:12:10.456] [bmv2] [T] [thread 101228] [121.0] [cxt 0] Action MyIngress.ipv4_forward
[09:12:10.456] [bmv2] [T] [thread 101228] [121.0] [cxt 0] switch.p4(96) Primitive standard_metadata.egress_spec = port
[09:12:10.456] [bmv2] [T] [thread 101228] [121.0] [cxt 0] switch.p4(97) Primitive hdr.ethernet.srcAddr = hdr.ethernet.dstAddr
[09:12:10.456] [bmv2] [T] [thread 101228] [121.0] [cxt 0] switch.p4(98) Primitive hdr.ethernet.dstAddr = dstAddr
[09:12:10.456] [bmv2] [T] [thread 101228] [121.0] [cxt 0] switch.p4(99) Primitive hdr.ipv4.ttl = hdr.ipv4.ttl - 1
[09:12:10.456] [bmv2] [D] [thread 101228] [121.0] [cxt 0] Pipeline 'ingress': end
[09:12:10.456] [bmv2] [D] [thread 101228] [121.0] [cxt 0] Egress port is 2
[09:12:10.459] [bmv2] [D] [thread 101231] [121.0] [cxt 0] Pipeline 'egress': start
[09:12:10.460] [bmv2] [D] [thread 101231] [121.0] [cxt 0] Pipeline 'egress': end
[09:12:10.460] [bmv2] [D] [thread 101231] [121.0] [cxt 0] Deparser 'deparser': start
[09:12:10.460] [bmv2] [D] [thread 101231] [121.0] [cxt 0] Updating checksum 'cksum'
[09:12:10.460] [bmv2] [D] [thread 101231] [121.0] [cxt 0] Deparsing header 'ethernet'
[09:12:10.460] [bmv2] [D] [thread 101231] [121.0] [cxt 0] Deparsing header 'ipv4'
[09:12:10.460] [bmv2] [D] [thread 101231] [121.0] [cxt 0] Deparser 'deparser': end
[09:12:10.460] [bmv2] [D] [thread 101233] [121.0] [cxt 0] Transmitting packet of size 48 out of port 2
[09:12:10.497] [bmv2] [D] [thread 101228] [122.0] [cxt 0] Processing packet received on port 2
[09:12:10.497] [bmv2] [D] [thread 101228] [122.0] [cxt 0] Parser 'parser': start
[09:12:10.497] [bmv2] [D] [thread 101228] [122.0] [cxt 0] Parser 'parser' entering state 'start'
[09:12:10.497] [bmv2] [D] [thread 101228] [122.0] [cxt 0] Extracting header 'ethernet'
[09:12:10.497] [bmv2] [D] [thread 101228] [122.0] [cxt 0] Parser state 'start': key is 0800
[09:12:10.497] [bmv2] [T] [thread 101228] [122.0] [cxt 0] Bytes parsed: 14
[09:12:10.497] [bmv2] [D] [thread 101228] [122.0] [cxt 0] Parser 'parser' entering state 'parse_ipv4'
[09:12:10.497] [bmv2] [D] [thread 101228] [122.0] [cxt 0] Extracting header 'ipv4'
[09:12:10.497] [bmv2] [D] [thread 101228] [122.0] [cxt 0] Parser state 'parse_ipv4' has no switch, going to default next state
[09:12:10.497] [bmv2] [T] [thread 101228] [122.0] [cxt 0] Bytes parsed: 34
[09:12:10.497] [bmv2] [D] [thread 101228] [122.0] [cxt 0] Parser 'parser': end
[09:12:10.497] [bmv2] [D] [thread 101228] [122.0] [cxt 0] Pipeline 'ingress': start
[09:12:10.497] [bmv2] [T] [thread 101228] [122.0] [cxt 0] switch.p4(116) Condition "hdr.ipv4.isValid()" (node_2) is true
[09:12:10.497] [bmv2] [T] [thread 101228] [122.0] [cxt 0] Applying table 'MyIngress.ipv4_lpm'
[09:12:10.497] [bmv2] [D] [thread 101228] [122.0] [cxt 0] Looking up key:
* hdr.ipv4.dstAddr    : 0a000101

[09:12:10.497] [bmv2] [D] [thread 101228] [122.0] [cxt 0] Table 'MyIngress.ipv4_lpm': hit with handle 0
[09:12:10.497] [bmv2] [D] [thread 101228] [122.0] [cxt 0] Dumping entry 0
Match key:
* hdr.ipv4.dstAddr    : LPM       0a000101/32
Action entry: MyIngress.ipv4_forward - 80000000100,1,

[09:12:10.497] [bmv2] [D] [thread 101228] [122.0] [cxt 0] Action entry is MyIngress.ipv4_forward - 80000000100,1,
[09:12:10.497] [bmv2] [T] [thread 101228] [122.0] [cxt 0] Action MyIngress.ipv4_forward
[09:12:10.497] [bmv2] [T] [thread 101228] [122.0] [cxt 0] switch.p4(96) Primitive standard_metadata.egress_spec = port
[09:12:10.497] [bmv2] [T] [thread 101228] [122.0] [cxt 0] switch.p4(97) Primitive hdr.ethernet.srcAddr = hdr.ethernet.dstAddr
[09:12:10.497] [bmv2] [T] [thread 101228] [122.0] [cxt 0] switch.p4(98) Primitive hdr.ethernet.dstAddr = dstAddr
[09:12:10.497] [bmv2] [T] [thread 101228] [122.0] [cxt 0] switch.p4(99) Primitive hdr.ipv4.ttl = hdr.ipv4.ttl - 1
[09:12:10.497] [bmv2] [D] [thread 101228] [122.0] [cxt 0] Pipeline 'ingress': end
[09:12:10.497] [bmv2] [D] [thread 101228] [122.0] [cxt 0] Egress port is 1
[09:12:10.497] [bmv2] [D] [thread 101230] [122.0] [cxt 0] Pipeline 'egress': start
[09:12:10.497] [bmv2] [D] [thread 101230] [122.0] [cxt 0] Pipeline 'egress': end
[09:12:10.497] [bmv2] [D] [thread 101230] [122.0] [cxt 0] Deparser 'deparser': start
[09:12:10.497] [bmv2] [D] [thread 101230] [122.0] [cxt 0] Updating checksum 'cksum'
[09:12:10.497] [bmv2] [D] [thread 101230] [122.0] [cxt 0] Deparsing header 'ethernet'
[09:12:10.497] [bmv2] [D] [thread 101230] [122.0] [cxt 0] Deparsing header 'ipv4'
[09:12:10.497] [bmv2] [D] [thread 101230] [122.0] [cxt 0] Deparser 'deparser': end
[09:12:10.502] [bmv2] [D] [thread 101233] [122.0] [cxt 0] Transmitting packet of size 76 out of port 1
[09:12:10.522] [bmv2] [D] [thread 101228] [123.0] [cxt 0] Processing packet received on port 2
[09:12:10.522] [bmv2] [D] [thread 101228] [123.0] [cxt 0] Parser 'parser': start
[09:12:10.522] [bmv2] [D] [thread 101228] [123.0] [cxt 0] Parser 'parser' entering state 'start'
[09:12:10.522] [bmv2] [D] [thread 101228] [123.0] [cxt 0] Extracting header 'ethernet'
[09:12:10.522] [bmv2] [D] [thread 101228] [123.0] [cxt 0] Parser state 'start': key is 0800
[09:12:10.522] [bmv2] [T] [thread 101228] [123.0] [cxt 0] Bytes parsed: 14
[09:12:10.522] [bmv2] [D] [thread 101228] [123.0] [cxt 0] Parser 'parser' entering state 'parse_ipv4'
[09:12:10.522] [bmv2] [D] [thread 101228] [123.0] [cxt 0] Extracting header 'ipv4'
[09:12:10.539] [bmv2] [D] [thread 101228] [123.0] [cxt 0] Parser state 'parse_ipv4' has no switch, going to default next state
[09:12:10.539] [bmv2] [T] [thread 101228] [123.0] [cxt 0] Bytes parsed: 34
[09:12:10.539] [bmv2] [D] [thread 101228] [123.0] [cxt 0] Parser 'parser': end
[09:12:10.539] [bmv2] [D] [thread 101228] [123.0] [cxt 0] Pipeline 'ingress': start
[09:12:10.539] [bmv2] [T] [thread 101228] [123.0] [cxt 0] switch.p4(116) Condition "hdr.ipv4.isValid()" (node_2) is true
[09:12:10.539] [bmv2] [T] [thread 101228] [123.0] [cxt 0] Applying table 'MyIngress.ipv4_lpm'
[09:12:10.539] [bmv2] [D] [thread 101228] [123.0] [cxt 0] Looking up key:
* hdr.ipv4.dstAddr    : 0a000101

[09:12:10.539] [bmv2] [D] [thread 101228] [123.0] [cxt 0] Table 'MyIngress.ipv4_lpm': hit with handle 0
[09:12:10.539] [bmv2] [D] [thread 101228] [123.0] [cxt 0] Dumping entry 0
Match key:
* hdr.ipv4.dstAddr    : LPM       0a000101/32
Action entry: MyIngress.ipv4_forward - 80000000100,1,

[09:12:10.539] [bmv2] [D] [thread 101228] [123.0] [cxt 0] Action entry is MyIngress.ipv4_forward - 80000000100,1,
[09:12:10.539] [bmv2] [T] [thread 101228] [123.0] [cxt 0] Action MyIngress.ipv4_forward
[09:12:10.539] [bmv2] [T] [thread 101228] [123.0] [cxt 0] switch.p4(96) Primitive standard_metadata.egress_spec = port
[09:12:10.539] [bmv2] [T] [thread 101228] [123.0] [cxt 0] switch.p4(97) Primitive hdr.ethernet.srcAddr = hdr.ethernet.dstAddr
[09:12:10.539] [bmv2] [T] [thread 101228] [123.0] [cxt 0] switch.p4(98) Primitive hdr.ethernet.dstAddr = dstAddr
[09:12:10.539] [bmv2] [T] [thread 101228] [123.0] [cxt 0] switch.p4(99) Primitive hdr.ipv4.ttl = hdr.ipv4.ttl - 1
[09:12:10.539] [bmv2] [D] [thread 101228] [123.0] [cxt 0] Pipeline 'ingress': end
[09:12:10.539] [bmv2] [D] [thread 101228] [123.0] [cxt 0] Egress port is 1
[09:12:10.539] [bmv2] [D] [thread 101230] [123.0] [cxt 0] Pipeline 'egress': start
[09:12:10.539] [bmv2] [D] [thread 101230] [123.0] [cxt 0] Pipeline 'egress': end
[09:12:10.539] [bmv2] [D] [thread 101230] [123.0] [cxt 0] Deparser 'deparser': start
[09:12:10.539] [bmv2] [D] [thread 101230] [123.0] [cxt 0] Updating checksum 'cksum'
[09:12:10.539] [bmv2] [D] [thread 101230] [123.0] [cxt 0] Deparsing header 'ethernet'
[09:12:10.539] [bmv2] [D] [thread 101230] [123.0] [cxt 0] Deparsing header 'ipv4'
[09:12:10.539] [bmv2] [D] [thread 101230] [123.0] [cxt 0] Deparser 'deparser': end
[09:12:10.539] [bmv2] [D] [thread 101233] [123.0] [cxt 0] Transmitting packet of size 308 out of port 1
[09:12:10.548] [bmv2] [D] [thread 101228] [124.0] [cxt 0] Processing packet received on port 1
[09:12:10.548] [bmv2] [D] [thread 101228] [124.0] [cxt 0] Parser 'parser': start
[09:12:10.548] [bmv2] [D] [thread 101228] [124.0] [cxt 0] Parser 'parser' entering state 'start'
[09:12:10.548] [bmv2] [D] [thread 101228] [124.0] [cxt 0] Extracting header 'ethernet'
[09:12:10.548] [bmv2] [D] [thread 101228] [124.0] [cxt 0] Parser state 'start': key is 0800
[09:12:10.548] [bmv2] [T] [thread 101228] [124.0] [cxt 0] Bytes parsed: 14
[09:12:10.548] [bmv2] [D] [thread 101228] [124.0] [cxt 0] Parser 'parser' entering state 'parse_ipv4'
[09:12:10.548] [bmv2] [D] [thread 101228] [124.0] [cxt 0] Extracting header 'ipv4'
[09:12:10.548] [bmv2] [D] [thread 101228] [124.0] [cxt 0] Parser state 'parse_ipv4' has no switch, going to default next state
[09:12:10.548] [bmv2] [T] [thread 101228] [124.0] [cxt 0] Bytes parsed: 34
[09:12:10.548] [bmv2] [D] [thread 101228] [124.0] [cxt 0] Parser 'parser': end
[09:12:10.548] [bmv2] [D] [thread 101228] [124.0] [cxt 0] Pipeline 'ingress': start
[09:12:10.548] [bmv2] [T] [thread 101228] [124.0] [cxt 0] switch.p4(116) Condition "hdr.ipv4.isValid()" (node_2) is true
[09:12:10.548] [bmv2] [T] [thread 101228] [124.0] [cxt 0] Applying table 'MyIngress.ipv4_lpm'
[09:12:10.548] [bmv2] [D] [thread 101228] [124.0] [cxt 0] Looking up key:
* hdr.ipv4.dstAddr    : 0a000202

[09:12:10.548] [bmv2] [D] [thread 101228] [124.0] [cxt 0] Table 'MyIngress.ipv4_lpm': hit with handle 1
[09:12:10.548] [bmv2] [D] [thread 101228] [124.0] [cxt 0] Dumping entry 1
Match key:
* hdr.ipv4.dstAddr    : LPM       0a000202/32
Action entry: MyIngress.ipv4_forward - 80000000300,2,

[09:12:10.548] [bmv2] [D] [thread 101228] [124.0] [cxt 0] Action entry is MyIngress.ipv4_forward - 80000000300,2,
[09:12:10.549] [bmv2] [T] [thread 101228] [124.0] [cxt 0] Action MyIngress.ipv4_forward
[09:12:10.549] [bmv2] [T] [thread 101228] [124.0] [cxt 0] switch.p4(96) Primitive standard_metadata.egress_spec = port
[09:12:10.549] [bmv2] [T] [thread 101228] [124.0] [cxt 0] switch.p4(97) Primitive hdr.ethernet.srcAddr = hdr.ethernet.dstAddr
[09:12:10.549] [bmv2] [T] [thread 101228] [124.0] [cxt 0] switch.p4(98) Primitive hdr.ethernet.dstAddr = dstAddr
[09:12:10.549] [bmv2] [T] [thread 101228] [124.0] [cxt 0] switch.p4(99) Primitive hdr.ipv4.ttl = hdr.ipv4.ttl - 1
[09:12:10.549] [bmv2] [D] [thread 101228] [124.0] [cxt 0] Pipeline 'ingress': end
[09:12:10.549] [bmv2] [D] [thread 101228] [124.0] [cxt 0] Egress port is 2
[09:12:10.549] [bmv2] [D] [thread 101231] [124.0] [cxt 0] Pipeline 'egress': start
[09:12:10.549] [bmv2] [D] [thread 101231] [124.0] [cxt 0] Pipeline 'egress': end
[09:12:10.549] [bmv2] [D] [thread 101231] [124.0] [cxt 0] Deparser 'deparser': start
[09:12:10.549] [bmv2] [D] [thread 101231] [124.0] [cxt 0] Updating checksum 'cksum'
[09:12:10.549] [bmv2] [D] [thread 101231] [124.0] [cxt 0] Deparsing header 'ethernet'
[09:12:10.549] [bmv2] [D] [thread 101231] [124.0] [cxt 0] Deparsing header 'ipv4'
[09:12:10.549] [bmv2] [D] [thread 101231] [124.0] [cxt 0] Deparser 'deparser': end
[09:12:10.550] [bmv2] [D] [thread 101233] [124.0] [cxt 0] Transmitting packet of size 336 out of port 2
open: No such file or directory
open: No such file or directory
