Calling target program-options parser
[08:55:36.240] [bmv2] [D] [thread 85872] Set default default entry for table 'tbl_switch148': switch148 - 
[08:55:36.240] [bmv2] [D] [thread 85872] Set default default entry for table 'tbl_switch150': switch150 - 
[08:55:36.240] [bmv2] [D] [thread 85872] Set default default entry for table 'tbl_return_content': MyIngress.return_content - 
[08:55:36.240] [bmv2] [D] [thread 85872] Set default default entry for table 'tbl_return_content_0': MyIngress.return_content - 
[08:55:36.240] [bmv2] [D] [thread 85872] Set default default entry for table 'tbl_switch155': switch155 - 
[08:55:36.240] [bmv2] [D] [thread 85872] Set default default entry for table 'tbl_data_forward': MyIngress.data_forward - 
[08:55:36.240] [bmv2] [D] [thread 85872] Set default default entry for table 'tbl_switch159': switch159 - 
[08:55:36.240] [bmv2] [D] [thread 85872] Set default default entry for table 'MyIngress.foward_interest': MyIngress.drop - 
[08:55:36.240] [bmv2] [D] [thread 85872] Set default default entry for table 'tbl_cache_content': MyIngress.cache_content - 
[08:55:36.240] [bmv2] [D] [thread 85872] Set default default entry for table 'tbl_data_forward_0': MyIngress.data_forward - 
Adding interface s3-eth1 as port 1
[08:55:36.240] [bmv2] [D] [thread 85872] Adding interface s3-eth1 as port 1
Adding interface s3-eth2 as port 2
[08:55:36.262] [bmv2] [D] [thread 85872] Adding interface s3-eth2 as port 2
Server listening on 0.0.0.0:50068
[08:55:36.288] [bmv2] [I] [thread 85872] Starting Thrift server on port 9107
[08:55:36.289] [bmv2] [I] [thread 85872] Thrift server was started
[08:55:36.290] [bmv2] [D] [thread 85887] [0.0] [cxt 0] Processing packet received on port 1
[08:55:36.290] [bmv2] [D] [thread 85887] [0.0] [cxt 0] Parser 'parser': start
[08:55:36.290] [bmv2] [D] [thread 85887] [0.0] [cxt 0] Parser 'parser' entering state 'start'
[08:55:36.290] [bmv2] [D] [thread 85887] [0.0] [cxt 0] Extracting header 'ethernet'
[08:55:36.290] [bmv2] [D] [thread 85887] [0.0] [cxt 0] Parser state 'start': key is 86dd
[08:55:36.290] [bmv2] [T] [thread 85887] [0.0] [cxt 0] Bytes parsed: 14
[08:55:36.290] [bmv2] [D] [thread 85887] [0.0] [cxt 0] Parser 'parser': end
[08:55:36.290] [bmv2] [D] [thread 85887] [0.0] [cxt 0] Pipeline 'ingress': start
[08:55:36.290] [bmv2] [T] [thread 85887] [0.0] [cxt 0] switch.p4(147) Condition "hdr.icn.isValid()" (node_2) is false
[08:55:36.290] [bmv2] [T] [thread 85887] [0.0] [cxt 0] switch.p4(164) Condition "hdr.payload.flag == 1" (node_13) is false
[08:55:36.290] [bmv2] [T] [thread 85887] [0.0] [cxt 0] Applying table 'tbl_data_forward_0'
[08:55:36.290] [bmv2] [D] [thread 85887] [0.0] [cxt 0] Looking up key:

[08:55:36.290] [bmv2] [D] [thread 85887] [0.0] [cxt 0] Table 'tbl_data_forward_0': miss
[08:55:36.290] [bmv2] [D] [thread 85887] [0.0] [cxt 0] Action entry is MyIngress.data_forward - 
[08:55:36.290] [bmv2] [T] [thread 85887] [0.0] [cxt 0] Action MyIngress.data_forward
[08:55:36.290] [bmv2] [T] [thread 85887] [0.0] [cxt 0] switch.p4(97) Primitive pit_table.read(egress_port, hdr.payload.content_id)
[08:55:36.290] [bmv2] [T] [thread 85887] [0.0] [cxt 0] Read register 'MyIngress.pit_table' at index 0 read value 0
[08:55:36.290] [bmv2] [T] [thread 85887] [0.0] [cxt 0] switch.p4(98) Primitive standard_metadata.egress_spec = egress_port
[08:55:36.290] [bmv2] [T] [thread 85887] [0.0] [cxt 0] switch.p4(99) Primitive pit_table.write(hdr.payload.content_id, 0)
[08:55:36.290] [bmv2] [T] [thread 85887] [0.0] [cxt 0] Wrote register 'MyIngress.pit_table' at index 0 with value 0
[08:55:36.290] [bmv2] [T] [thread 85887] [0.0] [cxt 0] switch.p4(100) Primitive hdr.ethernet.srcAddr = 0xFFFFFFFFFFFF
[08:55:36.290] [bmv2] [T] [thread 85887] [0.0] [cxt 0] switch.p4(101) Primitive hdr.ethernet.dstAddr = 0xFFFFFFFFFFFF
[08:55:36.290] [bmv2] [T] [thread 85887] [0.0] [cxt 0] switch.p4(102) Primitive hdr.payload.ttl = hdr.payload.ttl - 1
[08:55:36.290] [bmv2] [D] [thread 85887] [0.0] [cxt 0] Pipeline 'ingress': end
[08:55:36.290] [bmv2] [D] [thread 85887] [0.0] [cxt 0] Egress port is 0
[08:55:36.291] [bmv2] [D] [thread 85888] [0.0] [cxt 0] Pipeline 'egress': start
[08:55:36.291] [bmv2] [D] [thread 85888] [0.0] [cxt 0] Pipeline 'egress': end
[08:55:36.291] [bmv2] [D] [thread 85888] [0.0] [cxt 0] Deparser 'deparser': start
[08:55:36.291] [bmv2] [D] [thread 85888] [0.0] [cxt 0] Deparsing header 'ethernet'
[08:55:36.291] [bmv2] [D] [thread 85888] [0.0] [cxt 0] Deparser 'deparser': end
[08:55:36.291] [bmv2] [D] [thread 85892] [0.0] [cxt 0] Transmitting packet of size 203 out of port 0
[08:55:36.328] [bmv2] [D] [thread 85887] [1.0] [cxt 0] Processing packet received on port 1
[08:55:36.328] [bmv2] [D] [thread 85887] [1.0] [cxt 0] Parser 'parser': start
[08:55:36.328] [bmv2] [D] [thread 85887] [1.0] [cxt 0] Parser 'parser' entering state 'start'
[08:55:36.328] [bmv2] [D] [thread 85887] [1.0] [cxt 0] Extracting header 'ethernet'
[08:55:36.328] [bmv2] [D] [thread 85887] [1.0] [cxt 0] Parser state 'start': key is 86dd
[08:55:36.328] [bmv2] [T] [thread 85887] [1.0] [cxt 0] Bytes parsed: 14
[08:55:36.328] [bmv2] [D] [thread 85887] [1.0] [cxt 0] Parser 'parser': end
[08:55:36.328] [bmv2] [D] [thread 85887] [1.0] [cxt 0] Pipeline 'ingress': start
[08:55:36.328] [bmv2] [T] [thread 85887] [1.0] [cxt 0] switch.p4(147) Condition "hdr.icn.isValid()" (node_2) is false
[08:55:36.328] [bmv2] [T] [thread 85887] [1.0] [cxt 0] switch.p4(164) Condition "hdr.payload.flag == 1" (node_13) is false
[08:55:36.328] [bmv2] [T] [thread 85887] [1.0] [cxt 0] Applying table 'tbl_data_forward_0'
[08:55:36.328] [bmv2] [D] [thread 85887] [1.0] [cxt 0] Looking up key:

[08:55:36.328] [bmv2] [D] [thread 85887] [1.0] [cxt 0] Table 'tbl_data_forward_0': miss
[08:55:36.328] [bmv2] [D] [thread 85887] [1.0] [cxt 0] Action entry is MyIngress.data_forward - 
[08:55:36.328] [bmv2] [T] [thread 85887] [1.0] [cxt 0] Action MyIngress.data_forward
[08:55:36.328] [bmv2] [T] [thread 85887] [1.0] [cxt 0] switch.p4(97) Primitive pit_table.read(egress_port, hdr.payload.content_id)
[08:55:36.328] [bmv2] [T] [thread 85887] [1.0] [cxt 0] Read register 'MyIngress.pit_table' at index 0 read value 0
[08:55:36.328] [bmv2] [T] [thread 85887] [1.0] [cxt 0] switch.p4(98) Primitive standard_metadata.egress_spec = egress_port
[08:55:36.328] [bmv2] [T] [thread 85887] [1.0] [cxt 0] switch.p4(99) Primitive pit_table.write(hdr.payload.content_id, 0)
[08:55:36.328] [bmv2] [T] [thread 85887] [1.0] [cxt 0] Wrote register 'MyIngress.pit_table' at index 0 with value 0
[08:55:36.328] [bmv2] [T] [thread 85887] [1.0] [cxt 0] switch.p4(100) Primitive hdr.ethernet.srcAddr = 0xFFFFFFFFFFFF
[08:55:36.328] [bmv2] [T] [thread 85887] [1.0] [cxt 0] switch.p4(101) Primitive hdr.ethernet.dstAddr = 0xFFFFFFFFFFFF
[08:55:36.328] [bmv2] [T] [thread 85887] [1.0] [cxt 0] switch.p4(102) Primitive hdr.payload.ttl = hdr.payload.ttl - 1
[08:55:36.328] [bmv2] [D] [thread 85887] [1.0] [cxt 0] Pipeline 'ingress': end
[08:55:36.328] [bmv2] [D] [thread 85887] [1.0] [cxt 0] Egress port is 0
[08:55:36.328] [bmv2] [D] [thread 85888] [1.0] [cxt 0] Pipeline 'egress': start
[08:55:36.328] [bmv2] [D] [thread 85888] [1.0] [cxt 0] Pipeline 'egress': end
[08:55:36.328] [bmv2] [D] [thread 85888] [1.0] [cxt 0] Deparser 'deparser': start
[08:55:36.328] [bmv2] [D] [thread 85888] [1.0] [cxt 0] Deparsing header 'ethernet'
[08:55:36.328] [bmv2] [D] [thread 85888] [1.0] [cxt 0] Deparser 'deparser': end
[08:55:36.328] [bmv2] [D] [thread 85892] [1.0] [cxt 0] Transmitting packet of size 211 out of port 0
[08:55:36.440] [bmv2] [D] [thread 85887] [2.0] [cxt 0] Processing packet received on port 2
[08:55:36.442] [bmv2] [D] [thread 85887] [2.0] [cxt 0] Parser 'parser': start
[08:55:36.442] [bmv2] [D] [thread 85887] [2.0] [cxt 0] Parser 'parser' entering state 'start'
[08:55:36.442] [bmv2] [D] [thread 85887] [2.0] [cxt 0] Extracting header 'ethernet'
[08:55:36.442] [bmv2] [D] [thread 85887] [2.0] [cxt 0] Parser state 'start': key is 86dd
[08:55:36.442] [bmv2] [T] [thread 85887] [2.0] [cxt 0] Bytes parsed: 14
[08:55:36.442] [bmv2] [D] [thread 85887] [2.0] [cxt 0] Parser 'parser': end
[08:55:36.442] [bmv2] [D] [thread 85887] [2.0] [cxt 0] Pipeline 'ingress': start
[08:55:36.442] [bmv2] [T] [thread 85887] [2.0] [cxt 0] switch.p4(147) Condition "hdr.icn.isValid()" (node_2) is false
[08:55:36.442] [bmv2] [T] [thread 85887] [2.0] [cxt 0] switch.p4(164) Condition "hdr.payload.flag == 1" (node_13) is false
[08:55:36.442] [bmv2] [T] [thread 85887] [2.0] [cxt 0] Applying table 'tbl_data_forward_0'
[08:55:36.442] [bmv2] [D] [thread 85887] [2.0] [cxt 0] Looking up key:

[08:55:36.442] [bmv2] [D] [thread 85887] [2.0] [cxt 0] Table 'tbl_data_forward_0': miss
[08:55:36.442] [bmv2] [D] [thread 85887] [2.0] [cxt 0] Action entry is MyIngress.data_forward - 
[08:55:36.442] [bmv2] [T] [thread 85887] [2.0] [cxt 0] Action MyIngress.data_forward
[08:55:36.442] [bmv2] [T] [thread 85887] [2.0] [cxt 0] switch.p4(97) Primitive pit_table.read(egress_port, hdr.payload.content_id)
[08:55:36.442] [bmv2] [T] [thread 85887] [2.0] [cxt 0] Read register 'MyIngress.pit_table' at index 0 read value 0
[08:55:36.444] [bmv2] [T] [thread 85887] [2.0] [cxt 0] switch.p4(98) Primitive standard_metadata.egress_spec = egress_port
[08:55:36.444] [bmv2] [T] [thread 85887] [2.0] [cxt 0] switch.p4(99) Primitive pit_table.write(hdr.payload.content_id, 0)
[08:55:36.444] [bmv2] [T] [thread 85887] [2.0] [cxt 0] Wrote register 'MyIngress.pit_table' at index 0 with value 0
[08:55:36.444] [bmv2] [T] [thread 85887] [2.0] [cxt 0] switch.p4(100) Primitive hdr.ethernet.srcAddr = 0xFFFFFFFFFFFF
[08:55:36.444] [bmv2] [T] [thread 85887] [2.0] [cxt 0] switch.p4(101) Primitive hdr.ethernet.dstAddr = 0xFFFFFFFFFFFF
[08:55:36.444] [bmv2] [T] [thread 85887] [2.0] [cxt 0] switch.p4(102) Primitive hdr.payload.ttl = hdr.payload.ttl - 1
[08:55:36.444] [bmv2] [D] [thread 85887] [2.0] [cxt 0] Pipeline 'ingress': end
[08:55:36.444] [bmv2] [D] [thread 85887] [2.0] [cxt 0] Egress port is 0
[08:55:36.444] [bmv2] [D] [thread 85887] [3.0] [cxt 0] Processing packet received on port 2
[08:55:36.444] [bmv2] [D] [thread 85887] [3.0] [cxt 0] Parser 'parser': start
[08:55:36.444] [bmv2] [D] [thread 85887] [3.0] [cxt 0] Parser 'parser' entering state 'start'
[08:55:36.444] [bmv2] [D] [thread 85887] [3.0] [cxt 0] Extracting header 'ethernet'
[08:55:36.444] [bmv2] [D] [thread 85887] [3.0] [cxt 0] Parser state 'start': key is 86dd
[08:55:36.444] [bmv2] [T] [thread 85887] [3.0] [cxt 0] Bytes parsed: 14
[08:55:36.444] [bmv2] [D] [thread 85887] [3.0] [cxt 0] Parser 'parser': end
[08:55:36.444] [bmv2] [D] [thread 85887] [3.0] [cxt 0] Pipeline 'ingress': start
[08:55:36.445] [bmv2] [T] [thread 85887] [3.0] [cxt 0] switch.p4(147) Condition "hdr.icn.isValid()" (node_2) is false
[08:55:36.445] [bmv2] [T] [thread 85887] [3.0] [cxt 0] switch.p4(164) Condition "hdr.payload.flag == 1" (node_13) is false
[08:55:36.445] [bmv2] [T] [thread 85887] [3.0] [cxt 0] Applying table 'tbl_data_forward_0'
[08:55:36.444] [bmv2] [D] [thread 85888] [2.0] [cxt 0] Pipeline 'egress': start
[08:55:36.445] [bmv2] [D] [thread 85888] [2.0] [cxt 0] Pipeline 'egress': end
[08:55:36.445] [bmv2] [D] [thread 85888] [2.0] [cxt 0] Deparser 'deparser': start
[08:55:36.445] [bmv2] [D] [thread 85888] [2.0] [cxt 0] Deparsing header 'ethernet'
[08:55:36.445] [bmv2] [D] [thread 85888] [2.0] [cxt 0] Deparser 'deparser': end
[08:55:36.445] [bmv2] [D] [thread 85887] [3.0] [cxt 0] Looking up key:

[08:55:36.446] [bmv2] [D] [thread 85887] [3.0] [cxt 0] Table 'tbl_data_forward_0': miss
[08:55:36.446] [bmv2] [D] [thread 85887] [3.0] [cxt 0] Action entry is MyIngress.data_forward - 
[08:55:36.446] [bmv2] [T] [thread 85887] [3.0] [cxt 0] Action MyIngress.data_forward
[08:55:36.446] [bmv2] [T] [thread 85887] [3.0] [cxt 0] switch.p4(97) Primitive pit_table.read(egress_port, hdr.payload.content_id)
[08:55:36.446] [bmv2] [T] [thread 85887] [3.0] [cxt 0] Read register 'MyIngress.pit_table' at index 0 read value 0
[08:55:36.446] [bmv2] [T] [thread 85887] [3.0] [cxt 0] switch.p4(98) Primitive standard_metadata.egress_spec = egress_port
[08:55:36.446] [bmv2] [T] [thread 85887] [3.0] [cxt 0] switch.p4(99) Primitive pit_table.write(hdr.payload.content_id, 0)
[08:55:36.446] [bmv2] [T] [thread 85887] [3.0] [cxt 0] Wrote register 'MyIngress.pit_table' at index 0 with value 0
[08:55:36.446] [bmv2] [T] [thread 85887] [3.0] [cxt 0] switch.p4(100) Primitive hdr.ethernet.srcAddr = 0xFFFFFFFFFFFF
[08:55:36.446] [bmv2] [T] [thread 85887] [3.0] [cxt 0] switch.p4(101) Primitive hdr.ethernet.dstAddr = 0xFFFFFFFFFFFF
[08:55:36.446] [bmv2] [T] [thread 85887] [3.0] [cxt 0] switch.p4(102) Primitive hdr.payload.ttl = hdr.payload.ttl - 1
[08:55:36.446] [bmv2] [D] [thread 85887] [3.0] [cxt 0] Pipeline 'ingress': end
[08:55:36.446] [bmv2] [D] [thread 85887] [3.0] [cxt 0] Egress port is 0
[08:55:36.446] [bmv2] [D] [thread 85887] [4.0] [cxt 0] Processing packet received on port 2
[08:55:36.446] [bmv2] [D] [thread 85887] [4.0] [cxt 0] Parser 'parser': start
[08:55:36.446] [bmv2] [D] [thread 85887] [4.0] [cxt 0] Parser 'parser' entering state 'start'
[08:55:36.446] [bmv2] [D] [thread 85887] [4.0] [cxt 0] Extracting header 'ethernet'
[08:55:36.446] [bmv2] [D] [thread 85887] [4.0] [cxt 0] Parser state 'start': key is 86dd
[08:55:36.446] [bmv2] [T] [thread 85887] [4.0] [cxt 0] Bytes parsed: 14
[08:55:36.446] [bmv2] [D] [thread 85887] [4.0] [cxt 0] Parser 'parser': end
[08:55:36.446] [bmv2] [D] [thread 85887] [4.0] [cxt 0] Pipeline 'ingress': start
[08:55:36.446] [bmv2] [T] [thread 85887] [4.0] [cxt 0] switch.p4(147) Condition "hdr.icn.isValid()" (node_2) is false
[08:55:36.446] [bmv2] [T] [thread 85887] [4.0] [cxt 0] switch.p4(164) Condition "hdr.payload.flag == 1" (node_13) is false
[08:55:36.446] [bmv2] [T] [thread 85887] [4.0] [cxt 0] Applying table 'tbl_data_forward_0'
[08:55:36.446] [bmv2] [D] [thread 85887] [4.0] [cxt 0] Looking up key:

[08:55:36.446] [bmv2] [D] [thread 85887] [4.0] [cxt 0] Table 'tbl_data_forward_0': miss
[08:55:36.446] [bmv2] [D] [thread 85887] [4.0] [cxt 0] Action entry is MyIngress.data_forward - 
[08:55:36.446] [bmv2] [T] [thread 85887] [4.0] [cxt 0] Action MyIngress.data_forward
[08:55:36.446] [bmv2] [T] [thread 85887] [4.0] [cxt 0] switch.p4(97) Primitive pit_table.read(egress_port, hdr.payload.content_id)
[08:55:36.446] [bmv2] [T] [thread 85887] [4.0] [cxt 0] Read register 'MyIngress.pit_table' at index 0 read value 0
[08:55:36.446] [bmv2] [T] [thread 85887] [4.0] [cxt 0] switch.p4(98) Primitive standard_metadata.egress_spec = egress_port
[08:55:36.446] [bmv2] [T] [thread 85887] [4.0] [cxt 0] switch.p4(99) Primitive pit_table.write(hdr.payload.content_id, 0)
[08:55:36.446] [bmv2] [T] [thread 85887] [4.0] [cxt 0] Wrote register 'MyIngress.pit_table' at index 0 with value 0
[08:55:36.446] [bmv2] [T] [thread 85887] [4.0] [cxt 0] switch.p4(100) Primitive hdr.ethernet.srcAddr = 0xFFFFFFFFFFFF
[08:55:36.446] [bmv2] [T] [thread 85887] [4.0] [cxt 0] switch.p4(101) Primitive hdr.ethernet.dstAddr = 0xFFFFFFFFFFFF
[08:55:36.446] [bmv2] [T] [thread 85887] [4.0] [cxt 0] switch.p4(102) Primitive hdr.payload.ttl = hdr.payload.ttl - 1
[08:55:36.446] [bmv2] [D] [thread 85887] [4.0] [cxt 0] Pipeline 'ingress': end
[08:55:36.446] [bmv2] [D] [thread 85887] [4.0] [cxt 0] Egress port is 0
[08:55:36.446] [bmv2] [D] [thread 85892] [2.0] [cxt 0] Transmitting packet of size 90 out of port 0
[08:55:36.446] [bmv2] [D] [thread 85888] [3.0] [cxt 0] Pipeline 'egress': start
[08:55:36.446] [bmv2] [D] [thread 85888] [3.0] [cxt 0] Pipeline 'egress': end
[08:55:36.446] [bmv2] [D] [thread 85888] [3.0] [cxt 0] Deparser 'deparser': start
[08:55:36.446] [bmv2] [D] [thread 85888] [3.0] [cxt 0] Deparsing header 'ethernet'
[08:55:36.446] [bmv2] [D] [thread 85888] [3.0] [cxt 0] Deparser 'deparser': end
[08:55:36.446] [bmv2] [D] [thread 85888] [4.0] [cxt 0] Pipeline 'egress': start
[08:55:36.446] [bmv2] [D] [thread 85888] [4.0] [cxt 0] Pipeline 'egress': end
[08:55:36.446] [bmv2] [D] [thread 85888] [4.0] [cxt 0] Deparser 'deparser': start
[08:55:36.446] [bmv2] [D] [thread 85888] [4.0] [cxt 0] Deparsing header 'ethernet'
[08:55:36.446] [bmv2] [D] [thread 85888] [4.0] [cxt 0] Deparser 'deparser': end
[08:55:36.446] [bmv2] [D] [thread 85892] [3.0] [cxt 0] Transmitting packet of size 70 out of port 0
[08:55:36.446] [bmv2] [D] [thread 85892] [4.0] [cxt 0] Transmitting packet of size 90 out of port 0
[08:55:36.540] [bmv2] [D] [thread 85887] [5.0] [cxt 0] Processing packet received on port 2
[08:55:36.540] [bmv2] [D] [thread 85887] [5.0] [cxt 0] Parser 'parser': start
[08:55:36.540] [bmv2] [D] [thread 85887] [5.0] [cxt 0] Parser 'parser' entering state 'start'
[08:55:36.540] [bmv2] [D] [thread 85887] [5.0] [cxt 0] Extracting header 'ethernet'
[08:55:36.540] [bmv2] [D] [thread 85887] [5.0] [cxt 0] Parser state 'start': key is 86dd
[08:55:36.540] [bmv2] [T] [thread 85887] [5.0] [cxt 0] Bytes parsed: 14
[08:55:36.540] [bmv2] [D] [thread 85887] [5.0] [cxt 0] Parser 'parser': end
[08:55:36.540] [bmv2] [D] [thread 85887] [5.0] [cxt 0] Pipeline 'ingress': start
[08:55:36.540] [bmv2] [T] [thread 85887] [5.0] [cxt 0] switch.p4(147) Condition "hdr.icn.isValid()" (node_2) is false
[08:55:36.540] [bmv2] [T] [thread 85887] [5.0] [cxt 0] switch.p4(164) Condition "hdr.payload.flag == 1" (node_13) is false
[08:55:36.540] [bmv2] [T] [thread 85887] [5.0] [cxt 0] Applying table 'tbl_data_forward_0'
[08:55:36.540] [bmv2] [D] [thread 85887] [5.0] [cxt 0] Looking up key:

[08:55:36.540] [bmv2] [D] [thread 85887] [5.0] [cxt 0] Table 'tbl_data_forward_0': miss
[08:55:36.540] [bmv2] [D] [thread 85887] [5.0] [cxt 0] Action entry is MyIngress.data_forward - 
[08:55:36.540] [bmv2] [T] [thread 85887] [5.0] [cxt 0] Action MyIngress.data_forward
[08:55:36.540] [bmv2] [T] [thread 85887] [5.0] [cxt 0] switch.p4(97) Primitive pit_table.read(egress_port, hdr.payload.content_id)
[08:55:36.540] [bmv2] [T] [thread 85887] [5.0] [cxt 0] Read register 'MyIngress.pit_table' at index 0 read value 0
[08:55:36.540] [bmv2] [T] [thread 85887] [5.0] [cxt 0] switch.p4(98) Primitive standard_metadata.egress_spec = egress_port
[08:55:36.540] [bmv2] [T] [thread 85887] [5.0] [cxt 0] switch.p4(99) Primitive pit_table.write(hdr.payload.content_id, 0)
[08:55:36.540] [bmv2] [T] [thread 85887] [5.0] [cxt 0] Wrote register 'MyIngress.pit_table' at index 0 with value 0
[08:55:36.540] [bmv2] [T] [thread 85887] [5.0] [cxt 0] switch.p4(100) Primitive hdr.ethernet.srcAddr = 0xFFFFFFFFFFFF
[08:55:36.540] [bmv2] [T] [thread 85887] [5.0] [cxt 0] switch.p4(101) Primitive hdr.ethernet.dstAddr = 0xFFFFFFFFFFFF
[08:55:36.540] [bmv2] [T] [thread 85887] [5.0] [cxt 0] switch.p4(102) Primitive hdr.payload.ttl = hdr.payload.ttl - 1
[08:55:36.540] [bmv2] [D] [thread 85887] [5.0] [cxt 0] Pipeline 'ingress': end
[08:55:36.540] [bmv2] [D] [thread 85887] [5.0] [cxt 0] Egress port is 0
[08:55:36.540] [bmv2] [D] [thread 85888] [5.0] [cxt 0] Pipeline 'egress': start
[08:55:36.540] [bmv2] [D] [thread 85888] [5.0] [cxt 0] Pipeline 'egress': end
[08:55:36.540] [bmv2] [D] [thread 85888] [5.0] [cxt 0] Deparser 'deparser': start
[08:55:36.540] [bmv2] [D] [thread 85888] [5.0] [cxt 0] Deparsing header 'ethernet'
[08:55:36.540] [bmv2] [D] [thread 85888] [5.0] [cxt 0] Deparser 'deparser': end
[08:55:36.540] [bmv2] [D] [thread 85892] [5.0] [cxt 0] Transmitting packet of size 203 out of port 0
[08:55:36.591] [bmv2] [D] [thread 85887] [6.0] [cxt 0] Processing packet received on port 1
[08:55:36.591] [bmv2] [D] [thread 85887] [6.0] [cxt 0] Parser 'parser': start
[08:55:36.591] [bmv2] [D] [thread 85887] [6.0] [cxt 0] Parser 'parser' entering state 'start'
[08:55:36.591] [bmv2] [D] [thread 85887] [6.0] [cxt 0] Extracting header 'ethernet'
[08:55:36.591] [bmv2] [D] [thread 85887] [6.0] [cxt 0] Parser state 'start': key is 86dd
[08:55:36.591] [bmv2] [T] [thread 85887] [6.0] [cxt 0] Bytes parsed: 14
[08:55:36.591] [bmv2] [D] [thread 85887] [6.0] [cxt 0] Parser 'parser': end
[08:55:36.591] [bmv2] [D] [thread 85887] [6.0] [cxt 0] Pipeline 'ingress': start
[08:55:36.591] [bmv2] [T] [thread 85887] [6.0] [cxt 0] switch.p4(147) Condition "hdr.icn.isValid()" (node_2) is false
[08:55:36.591] [bmv2] [T] [thread 85887] [6.0] [cxt 0] switch.p4(164) Condition "hdr.payload.flag == 1" (node_13) is false
[08:55:36.591] [bmv2] [T] [thread 85887] [6.0] [cxt 0] Applying table 'tbl_data_forward_0'
[08:55:36.591] [bmv2] [D] [thread 85887] [6.0] [cxt 0] Looking up key:

[08:55:36.591] [bmv2] [D] [thread 85887] [6.0] [cxt 0] Table 'tbl_data_forward_0': miss
[08:55:36.594] [bmv2] [D] [thread 85887] [6.0] [cxt 0] Action entry is MyIngress.data_forward - 
[08:55:36.594] [bmv2] [T] [thread 85887] [6.0] [cxt 0] Action MyIngress.data_forward
[08:55:36.594] [bmv2] [T] [thread 85887] [6.0] [cxt 0] switch.p4(97) Primitive pit_table.read(egress_port, hdr.payload.content_id)
[08:55:36.594] [bmv2] [T] [thread 85887] [6.0] [cxt 0] Read register 'MyIngress.pit_table' at index 0 read value 0
[08:55:36.594] [bmv2] [T] [thread 85887] [6.0] [cxt 0] switch.p4(98) Primitive standard_metadata.egress_spec = egress_port
[08:55:36.594] [bmv2] [T] [thread 85887] [6.0] [cxt 0] switch.p4(99) Primitive pit_table.write(hdr.payload.content_id, 0)
[08:55:36.594] [bmv2] [T] [thread 85887] [6.0] [cxt 0] Wrote register 'MyIngress.pit_table' at index 0 with value 0
[08:55:36.594] [bmv2] [T] [thread 85887] [6.0] [cxt 0] switch.p4(100) Primitive hdr.ethernet.srcAddr = 0xFFFFFFFFFFFF
[08:55:36.594] [bmv2] [T] [thread 85887] [6.0] [cxt 0] switch.p4(101) Primitive hdr.ethernet.dstAddr = 0xFFFFFFFFFFFF
[08:55:36.594] [bmv2] [T] [thread 85887] [6.0] [cxt 0] switch.p4(102) Primitive hdr.payload.ttl = hdr.payload.ttl - 1
[08:55:36.594] [bmv2] [D] [thread 85887] [6.0] [cxt 0] Pipeline 'ingress': end
[08:55:36.594] [bmv2] [D] [thread 85887] [6.0] [cxt 0] Egress port is 0
[08:55:36.594] [bmv2] [D] [thread 85887] [7.0] [cxt 0] Processing packet received on port 2
[08:55:36.600] [bmv2] [D] [thread 85888] [6.0] [cxt 0] Pipeline 'egress': start
[08:55:36.594] [bmv2] [D] [thread 85887] [7.0] [cxt 0] Parser 'parser': start
[08:55:36.600] [bmv2] [D] [thread 85887] [7.0] [cxt 0] Parser 'parser' entering state 'start'
[08:55:36.600] [bmv2] [D] [thread 85887] [7.0] [cxt 0] Extracting header 'ethernet'
[08:55:36.600] [bmv2] [D] [thread 85887] [7.0] [cxt 0] Parser state 'start': key is 86dd
[08:55:36.600] [bmv2] [T] [thread 85887] [7.0] [cxt 0] Bytes parsed: 14
[08:55:36.600] [bmv2] [D] [thread 85887] [7.0] [cxt 0] Parser 'parser': end
[08:55:36.600] [bmv2] [D] [thread 85887] [7.0] [cxt 0] Pipeline 'ingress': start
[08:55:36.600] [bmv2] [T] [thread 85887] [7.0] [cxt 0] switch.p4(147) Condition "hdr.icn.isValid()" (node_2) is false
[08:55:36.600] [bmv2] [T] [thread 85887] [7.0] [cxt 0] switch.p4(164) Condition "hdr.payload.flag == 1" (node_13) is false
[08:55:36.600] [bmv2] [T] [thread 85887] [7.0] [cxt 0] Applying table 'tbl_data_forward_0'
[08:55:36.600] [bmv2] [D] [thread 85887] [7.0] [cxt 0] Looking up key:

[08:55:36.600] [bmv2] [D] [thread 85887] [7.0] [cxt 0] Table 'tbl_data_forward_0': miss
[08:55:36.600] [bmv2] [D] [thread 85887] [7.0] [cxt 0] Action entry is MyIngress.data_forward - 
[08:55:36.600] [bmv2] [T] [thread 85887] [7.0] [cxt 0] Action MyIngress.data_forward
[08:55:36.600] [bmv2] [T] [thread 85887] [7.0] [cxt 0] switch.p4(97) Primitive pit_table.read(egress_port, hdr.payload.content_id)
[08:55:36.600] [bmv2] [T] [thread 85887] [7.0] [cxt 0] Read register 'MyIngress.pit_table' at index 0 read value 0
[08:55:36.600] [bmv2] [T] [thread 85887] [7.0] [cxt 0] switch.p4(98) Primitive standard_metadata.egress_spec = egress_port
[08:55:36.600] [bmv2] [T] [thread 85887] [7.0] [cxt 0] switch.p4(99) Primitive pit_table.write(hdr.payload.content_id, 0)
[08:55:36.600] [bmv2] [T] [thread 85887] [7.0] [cxt 0] Wrote register 'MyIngress.pit_table' at index 0 with value 0
[08:55:36.600] [bmv2] [T] [thread 85887] [7.0] [cxt 0] switch.p4(100) Primitive hdr.ethernet.srcAddr = 0xFFFFFFFFFFFF
[08:55:36.600] [bmv2] [T] [thread 85887] [7.0] [cxt 0] switch.p4(101) Primitive hdr.ethernet.dstAddr = 0xFFFFFFFFFFFF
[08:55:36.600] [bmv2] [T] [thread 85887] [7.0] [cxt 0] switch.p4(102) Primitive hdr.payload.ttl = hdr.payload.ttl - 1
[08:55:36.600] [bmv2] [D] [thread 85887] [7.0] [cxt 0] Pipeline 'ingress': end
[08:55:36.600] [bmv2] [D] [thread 85887] [7.0] [cxt 0] Egress port is 0
[08:55:36.600] [bmv2] [D] [thread 85887] [8.0] [cxt 0] Processing packet received on port 1
[08:55:36.600] [bmv2] [D] [thread 85887] [8.0] [cxt 0] Parser 'parser': start
[08:55:36.600] [bmv2] [D] [thread 85887] [8.0] [cxt 0] Parser 'parser' entering state 'start'
[08:55:36.600] [bmv2] [D] [thread 85887] [8.0] [cxt 0] Extracting header 'ethernet'
[08:55:36.600] [bmv2] [D] [thread 85887] [8.0] [cxt 0] Parser state 'start': key is 86dd
[08:55:36.600] [bmv2] [T] [thread 85887] [8.0] [cxt 0] Bytes parsed: 14
[08:55:36.600] [bmv2] [D] [thread 85888] [6.0] [cxt 0] Pipeline 'egress': end
[08:55:36.600] [bmv2] [D] [thread 85887] [8.0] [cxt 0] Parser 'parser': end
[08:55:36.600] [bmv2] [D] [thread 85888] [6.0] [cxt 0] Deparser 'deparser': start
[08:55:36.600] [bmv2] [D] [thread 85887] [8.0] [cxt 0] Pipeline 'ingress': start
[08:55:36.600] [bmv2] [D] [thread 85888] [6.0] [cxt 0] Deparsing header 'ethernet'
[08:55:36.600] [bmv2] [D] [thread 85888] [6.0] [cxt 0] Deparser 'deparser': end
[08:55:36.600] [bmv2] [T] [thread 85887] [8.0] [cxt 0] switch.p4(147) Condition "hdr.icn.isValid()" (node_2) is false
[08:55:36.600] [bmv2] [T] [thread 85887] [8.0] [cxt 0] switch.p4(164) Condition "hdr.payload.flag == 1" (node_13) is false
[08:55:36.600] [bmv2] [D] [thread 85888] [7.0] [cxt 0] Pipeline 'egress': start
[08:55:36.600] [bmv2] [D] [thread 85888] [7.0] [cxt 0] Pipeline 'egress': end
[08:55:36.600] [bmv2] [D] [thread 85888] [7.0] [cxt 0] Deparser 'deparser': start
[08:55:36.600] [bmv2] [D] [thread 85888] [7.0] [cxt 0] Deparsing header 'ethernet'
[08:55:36.600] [bmv2] [D] [thread 85888] [7.0] [cxt 0] Deparser 'deparser': end
[08:55:36.600] [bmv2] [D] [thread 85892] [6.0] [cxt 0] Transmitting packet of size 90 out of port 0
[08:55:36.600] [bmv2] [T] [thread 85887] [8.0] [cxt 0] Applying table 'tbl_data_forward_0'
[08:55:36.600] [bmv2] [D] [thread 85887] [8.0] [cxt 0] Looking up key:

[08:55:36.600] [bmv2] [D] [thread 85887] [8.0] [cxt 0] Table 'tbl_data_forward_0': miss
[08:55:36.600] [bmv2] [D] [thread 85887] [8.0] [cxt 0] Action entry is MyIngress.data_forward - 
[08:55:36.600] [bmv2] [T] [thread 85887] [8.0] [cxt 0] Action MyIngress.data_forward
[08:55:36.600] [bmv2] [T] [thread 85887] [8.0] [cxt 0] switch.p4(97) Primitive pit_table.read(egress_port, hdr.payload.content_id)
[08:55:36.600] [bmv2] [T] [thread 85887] [8.0] [cxt 0] Read register 'MyIngress.pit_table' at index 0 read value 0
[08:55:36.600] [bmv2] [T] [thread 85887] [8.0] [cxt 0] switch.p4(98) Primitive standard_metadata.egress_spec = egress_port
[08:55:36.600] [bmv2] [T] [thread 85887] [8.0] [cxt 0] switch.p4(99) Primitive pit_table.write(hdr.payload.content_id, 0)
[08:55:36.600] [bmv2] [T] [thread 85887] [8.0] [cxt 0] Wrote register 'MyIngress.pit_table' at index 0 with value 0
[08:55:36.600] [bmv2] [T] [thread 85887] [8.0] [cxt 0] switch.p4(100) Primitive hdr.ethernet.srcAddr = 0xFFFFFFFFFFFF
[08:55:36.600] [bmv2] [T] [thread 85887] [8.0] [cxt 0] switch.p4(101) Primitive hdr.ethernet.dstAddr = 0xFFFFFFFFFFFF
[08:55:36.600] [bmv2] [T] [thread 85887] [8.0] [cxt 0] switch.p4(102) Primitive hdr.payload.ttl = hdr.payload.ttl - 1
[08:55:36.600] [bmv2] [D] [thread 85887] [8.0] [cxt 0] Pipeline 'ingress': end
[08:55:36.600] [bmv2] [D] [thread 85887] [8.0] [cxt 0] Egress port is 0
[08:55:36.600] [bmv2] [D] [thread 85892] [7.0] [cxt 0] Transmitting packet of size 211 out of port 0
[08:55:36.600] [bmv2] [D] [thread 85888] [8.0] [cxt 0] Pipeline 'egress': start
[08:55:36.600] [bmv2] [D] [thread 85888] [8.0] [cxt 0] Pipeline 'egress': end
[08:55:36.600] [bmv2] [D] [thread 85888] [8.0] [cxt 0] Deparser 'deparser': start
[08:55:36.600] [bmv2] [D] [thread 85888] [8.0] [cxt 0] Deparsing header 'ethernet'
[08:55:36.600] [bmv2] [D] [thread 85888] [8.0] [cxt 0] Deparser 'deparser': end
[08:55:36.600] [bmv2] [D] [thread 85892] [8.0] [cxt 0] Transmitting packet of size 211 out of port 0
[08:55:36.763] [bmv2] [D] [thread 85887] [9.0] [cxt 0] Processing packet received on port 2
[08:55:36.763] [bmv2] [D] [thread 85887] [9.0] [cxt 0] Parser 'parser': start
[08:55:36.763] [bmv2] [D] [thread 85887] [9.0] [cxt 0] Parser 'parser' entering state 'start'
[08:55:36.763] [bmv2] [D] [thread 85887] [9.0] [cxt 0] Extracting header 'ethernet'
[08:55:36.763] [bmv2] [D] [thread 85887] [9.0] [cxt 0] Parser state 'start': key is 86dd
[08:55:36.763] [bmv2] [T] [thread 85887] [9.0] [cxt 0] Bytes parsed: 14
[08:55:36.763] [bmv2] [D] [thread 85887] [9.0] [cxt 0] Parser 'parser': end
[08:55:36.763] [bmv2] [D] [thread 85887] [9.0] [cxt 0] Pipeline 'ingress': start
[08:55:36.763] [bmv2] [T] [thread 85887] [9.0] [cxt 0] switch.p4(147) Condition "hdr.icn.isValid()" (node_2) is false
[08:55:36.763] [bmv2] [T] [thread 85887] [9.0] [cxt 0] switch.p4(164) Condition "hdr.payload.flag == 1" (node_13) is false
[08:55:36.763] [bmv2] [T] [thread 85887] [9.0] [cxt 0] Applying table 'tbl_data_forward_0'
[08:55:36.763] [bmv2] [D] [thread 85887] [9.0] [cxt 0] Looking up key:

[08:55:36.763] [bmv2] [D] [thread 85887] [9.0] [cxt 0] Table 'tbl_data_forward_0': miss
[08:55:36.763] [bmv2] [D] [thread 85887] [9.0] [cxt 0] Action entry is MyIngress.data_forward - 
[08:55:36.763] [bmv2] [T] [thread 85887] [9.0] [cxt 0] Action MyIngress.data_forward
[08:55:36.763] [bmv2] [T] [thread 85887] [9.0] [cxt 0] switch.p4(97) Primitive pit_table.read(egress_port, hdr.payload.content_id)
[08:55:36.763] [bmv2] [T] [thread 85887] [9.0] [cxt 0] Read register 'MyIngress.pit_table' at index 0 read value 0
[08:55:36.763] [bmv2] [T] [thread 85887] [9.0] [cxt 0] switch.p4(98) Primitive standard_metadata.egress_spec = egress_port
[08:55:36.763] [bmv2] [T] [thread 85887] [9.0] [cxt 0] switch.p4(99) Primitive pit_table.write(hdr.payload.content_id, 0)
[08:55:36.763] [bmv2] [T] [thread 85887] [9.0] [cxt 0] Wrote register 'MyIngress.pit_table' at index 0 with value 0
[08:55:36.763] [bmv2] [T] [thread 85887] [9.0] [cxt 0] switch.p4(100) Primitive hdr.ethernet.srcAddr = 0xFFFFFFFFFFFF
[08:55:36.763] [bmv2] [T] [thread 85887] [9.0] [cxt 0] switch.p4(101) Primitive hdr.ethernet.dstAddr = 0xFFFFFFFFFFFF
[08:55:36.763] [bmv2] [T] [thread 85887] [9.0] [cxt 0] switch.p4(102) Primitive hdr.payload.ttl = hdr.payload.ttl - 1
[08:55:36.763] [bmv2] [D] [thread 85887] [9.0] [cxt 0] Pipeline 'ingress': end
[08:55:36.763] [bmv2] [D] [thread 85887] [9.0] [cxt 0] Egress port is 0
[08:55:36.763] [bmv2] [D] [thread 85887] [10.0] [cxt 0] Processing packet received on port 2
[08:55:36.763] [bmv2] [D] [thread 85887] [10.0] [cxt 0] Parser 'parser': start
[08:55:36.763] [bmv2] [D] [thread 85887] [10.0] [cxt 0] Parser 'parser' entering state 'start'
[08:55:36.763] [bmv2] [D] [thread 85887] [10.0] [cxt 0] Extracting header 'ethernet'
[08:55:36.763] [bmv2] [D] [thread 85887] [10.0] [cxt 0] Parser state 'start': key is 86dd
[08:55:36.763] [bmv2] [T] [thread 85887] [10.0] [cxt 0] Bytes parsed: 14
[08:55:36.763] [bmv2] [D] [thread 85887] [10.0] [cxt 0] Parser 'parser': end
[08:55:36.763] [bmv2] [D] [thread 85887] [10.0] [cxt 0] Pipeline 'ingress': start
[08:55:36.763] [bmv2] [T] [thread 85887] [10.0] [cxt 0] switch.p4(147) Condition "hdr.icn.isValid()" (node_2) is false
[08:55:36.763] [bmv2] [T] [thread 85887] [10.0] [cxt 0] switch.p4(164) Condition "hdr.payload.flag == 1" (node_13) is false
[08:55:36.763] [bmv2] [T] [thread 85887] [10.0] [cxt 0] Applying table 'tbl_data_forward_0'
[08:55:36.763] [bmv2] [D] [thread 85887] [10.0] [cxt 0] Looking up key:

[08:55:36.763] [bmv2] [D] [thread 85887] [10.0] [cxt 0] Table 'tbl_data_forward_0': miss
[08:55:36.763] [bmv2] [D] [thread 85887] [10.0] [cxt 0] Action entry is MyIngress.data_forward - 
[08:55:36.763] [bmv2] [T] [thread 85887] [10.0] [cxt 0] Action MyIngress.data_forward
[08:55:36.763] [bmv2] [T] [thread 85887] [10.0] [cxt 0] switch.p4(97) Primitive pit_table.read(egress_port, hdr.payload.content_id)
[08:55:36.763] [bmv2] [T] [thread 85887] [10.0] [cxt 0] Read register 'MyIngress.pit_table' at index 0 read value 0
[08:55:36.763] [bmv2] [T] [thread 85887] [10.0] [cxt 0] switch.p4(98) Primitive standard_metadata.egress_spec = egress_port
[08:55:36.763] [bmv2] [T] [thread 85887] [10.0] [cxt 0] switch.p4(99) Primitive pit_table.write(hdr.payload.content_id, 0)
[08:55:36.763] [bmv2] [T] [thread 85887] [10.0] [cxt 0] Wrote register 'MyIngress.pit_table' at index 0 with value 0
[08:55:36.763] [bmv2] [T] [thread 85887] [10.0] [cxt 0] switch.p4(100) Primitive hdr.ethernet.srcAddr = 0xFFFFFFFFFFFF
[08:55:36.763] [bmv2] [T] [thread 85887] [10.0] [cxt 0] switch.p4(101) Primitive hdr.ethernet.dstAddr = 0xFFFFFFFFFFFF
[08:55:36.763] [bmv2] [T] [thread 85887] [10.0] [cxt 0] switch.p4(102) Primitive hdr.payload.ttl = hdr.payload.ttl - 1
[08:55:36.763] [bmv2] [D] [thread 85887] [10.0] [cxt 0] Pipeline 'ingress': end
[08:55:36.763] [bmv2] [D] [thread 85887] [10.0] [cxt 0] Egress port is 0
[08:55:36.763] [bmv2] [D] [thread 85887] [11.0] [cxt 0] Processing packet received on port 2
[08:55:36.763] [bmv2] [D] [thread 85887] [11.0] [cxt 0] Parser 'parser': start
[08:55:36.763] [bmv2] [D] [thread 85887] [11.0] [cxt 0] Parser 'parser' entering state 'start'
[08:55:36.763] [bmv2] [D] [thread 85887] [11.0] [cxt 0] Extracting header 'ethernet'
[08:55:36.763] [bmv2] [D] [thread 85887] [11.0] [cxt 0] Parser state 'start': key is 86dd
[08:55:36.763] [bmv2] [T] [thread 85887] [11.0] [cxt 0] Bytes parsed: 14
[08:55:36.763] [bmv2] [D] [thread 85887] [11.0] [cxt 0] Parser 'parser': end
[08:55:36.763] [bmv2] [D] [thread 85887] [11.0] [cxt 0] Pipeline 'ingress': start
[08:55:36.763] [bmv2] [T] [thread 85887] [11.0] [cxt 0] switch.p4(147) Condition "hdr.icn.isValid()" (node_2) is false
[08:55:36.763] [bmv2] [T] [thread 85887] [11.0] [cxt 0] switch.p4(164) Condition "hdr.payload.flag == 1" (node_13) is false
[08:55:36.763] [bmv2] [T] [thread 85887] [11.0] [cxt 0] Applying table 'tbl_data_forward_0'
[08:55:36.763] [bmv2] [D] [thread 85887] [11.0] [cxt 0] Looking up key:

[08:55:36.763] [bmv2] [D] [thread 85887] [11.0] [cxt 0] Table 'tbl_data_forward_0': miss
[08:55:36.763] [bmv2] [D] [thread 85887] [11.0] [cxt 0] Action entry is MyIngress.data_forward - 
[08:55:36.763] [bmv2] [T] [thread 85887] [11.0] [cxt 0] Action MyIngress.data_forward
[08:55:36.763] [bmv2] [T] [thread 85887] [11.0] [cxt 0] switch.p4(97) Primitive pit_table.read(egress_port, hdr.payload.content_id)
[08:55:36.763] [bmv2] [T] [thread 85887] [11.0] [cxt 0] Read register 'MyIngress.pit_table' at index 0 read value 0
[08:55:36.763] [bmv2] [T] [thread 85887] [11.0] [cxt 0] switch.p4(98) Primitive standard_metadata.egress_spec = egress_port
[08:55:36.763] [bmv2] [T] [thread 85887] [11.0] [cxt 0] switch.p4(99) Primitive pit_table.write(hdr.payload.content_id, 0)
[08:55:36.763] [bmv2] [T] [thread 85887] [11.0] [cxt 0] Wrote register 'MyIngress.pit_table' at index 0 with value 0
[08:55:36.763] [bmv2] [T] [thread 85887] [11.0] [cxt 0] switch.p4(100) Primitive hdr.ethernet.srcAddr = 0xFFFFFFFFFFFF
[08:55:36.763] [bmv2] [T] [thread 85887] [11.0] [cxt 0] switch.p4(101) Primitive hdr.ethernet.dstAddr = 0xFFFFFFFFFFFF
[08:55:36.763] [bmv2] [T] [thread 85887] [11.0] [cxt 0] switch.p4(102) Primitive hdr.payload.ttl = hdr.payload.ttl - 1
[08:55:36.763] [bmv2] [D] [thread 85887] [11.0] [cxt 0] Pipeline 'ingress': end
[08:55:36.763] [bmv2] [D] [thread 85887] [11.0] [cxt 0] Egress port is 0
[08:55:36.763] [bmv2] [D] [thread 85888] [9.0] [cxt 0] Pipeline 'egress': start
[08:55:36.766] [bmv2] [D] [thread 85888] [9.0] [cxt 0] Pipeline 'egress': end
[08:55:36.766] [bmv2] [D] [thread 85888] [9.0] [cxt 0] Deparser 'deparser': start
[08:55:36.766] [bmv2] [D] [thread 85888] [9.0] [cxt 0] Deparsing header 'ethernet'
[08:55:36.766] [bmv2] [D] [thread 85888] [9.0] [cxt 0] Deparser 'deparser': end
[08:55:36.766] [bmv2] [D] [thread 85888] [10.0] [cxt 0] Pipeline 'egress': start
[08:55:36.766] [bmv2] [D] [thread 85888] [10.0] [cxt 0] Pipeline 'egress': end
[08:55:36.766] [bmv2] [D] [thread 85888] [10.0] [cxt 0] Deparser 'deparser': start
[08:55:36.766] [bmv2] [D] [thread 85888] [10.0] [cxt 0] Deparsing header 'ethernet'
[08:55:36.766] [bmv2] [D] [thread 85888] [10.0] [cxt 0] Deparser 'deparser': end
[08:55:36.766] [bmv2] [D] [thread 85888] [11.0] [cxt 0] Pipeline 'egress': start
[08:55:36.766] [bmv2] [D] [thread 85888] [11.0] [cxt 0] Pipeline 'egress': end
[08:55:36.766] [bmv2] [D] [thread 85888] [11.0] [cxt 0] Deparser 'deparser': start
[08:55:36.766] [bmv2] [D] [thread 85888] [11.0] [cxt 0] Deparsing header 'ethernet'
[08:55:36.766] [bmv2] [D] [thread 85888] [11.0] [cxt 0] Deparser 'deparser': end
[08:55:36.766] [bmv2] [D] [thread 85892] [9.0] [cxt 0] Transmitting packet of size 90 out of port 0
[08:55:36.766] [bmv2] [D] [thread 85892] [10.0] [cxt 0] Transmitting packet of size 70 out of port 0
[08:55:36.766] [bmv2] [D] [thread 85892] [11.0] [cxt 0] Transmitting packet of size 90 out of port 0
[08:55:36.813] [bmv2] [D] [thread 85887] [12.0] [cxt 0] Processing packet received on port 1
[08:55:36.813] [bmv2] [D] [thread 85887] [12.0] [cxt 0] Parser 'parser': start
[08:55:36.813] [bmv2] [D] [thread 85887] [12.0] [cxt 0] Parser 'parser' entering state 'start'
[08:55:36.813] [bmv2] [D] [thread 85887] [12.0] [cxt 0] Extracting header 'ethernet'
[08:55:36.813] [bmv2] [D] [thread 85887] [12.0] [cxt 0] Parser state 'start': key is 86dd
[08:55:36.813] [bmv2] [T] [thread 85887] [12.0] [cxt 0] Bytes parsed: 14
[08:55:36.813] [bmv2] [D] [thread 85887] [12.0] [cxt 0] Parser 'parser': end
[08:55:36.813] [bmv2] [D] [thread 85887] [12.0] [cxt 0] Pipeline 'ingress': start
[08:55:36.813] [bmv2] [T] [thread 85887] [12.0] [cxt 0] switch.p4(147) Condition "hdr.icn.isValid()" (node_2) is false
[08:55:36.813] [bmv2] [T] [thread 85887] [12.0] [cxt 0] switch.p4(164) Condition "hdr.payload.flag == 1" (node_13) is false
[08:55:36.813] [bmv2] [T] [thread 85887] [12.0] [cxt 0] Applying table 'tbl_data_forward_0'
[08:55:36.813] [bmv2] [D] [thread 85887] [12.0] [cxt 0] Looking up key:

[08:55:36.813] [bmv2] [D] [thread 85887] [12.0] [cxt 0] Table 'tbl_data_forward_0': miss
[08:55:36.813] [bmv2] [D] [thread 85887] [12.0] [cxt 0] Action entry is MyIngress.data_forward - 
[08:55:36.813] [bmv2] [T] [thread 85887] [12.0] [cxt 0] Action MyIngress.data_forward
[08:55:36.813] [bmv2] [T] [thread 85887] [12.0] [cxt 0] switch.p4(97) Primitive pit_table.read(egress_port, hdr.payload.content_id)
[08:55:36.813] [bmv2] [T] [thread 85887] [12.0] [cxt 0] Read register 'MyIngress.pit_table' at index 0 read value 0
[08:55:36.813] [bmv2] [T] [thread 85887] [12.0] [cxt 0] switch.p4(98) Primitive standard_metadata.egress_spec = egress_port
[08:55:36.813] [bmv2] [T] [thread 85887] [12.0] [cxt 0] switch.p4(99) Primitive pit_table.write(hdr.payload.content_id, 0)
[08:55:36.813] [bmv2] [T] [thread 85887] [12.0] [cxt 0] Wrote register 'MyIngress.pit_table' at index 0 with value 0
[08:55:36.813] [bmv2] [T] [thread 85887] [12.0] [cxt 0] switch.p4(100) Primitive hdr.ethernet.srcAddr = 0xFFFFFFFFFFFF
[08:55:36.813] [bmv2] [T] [thread 85887] [12.0] [cxt 0] switch.p4(101) Primitive hdr.ethernet.dstAddr = 0xFFFFFFFFFFFF
[08:55:36.813] [bmv2] [T] [thread 85887] [12.0] [cxt 0] switch.p4(102) Primitive hdr.payload.ttl = hdr.payload.ttl - 1
[08:55:36.813] [bmv2] [D] [thread 85887] [12.0] [cxt 0] Pipeline 'ingress': end
[08:55:36.813] [bmv2] [D] [thread 85887] [12.0] [cxt 0] Egress port is 0
[08:55:36.813] [bmv2] [D] [thread 85888] [12.0] [cxt 0] Pipeline 'egress': start
[08:55:36.813] [bmv2] [D] [thread 85888] [12.0] [cxt 0] Pipeline 'egress': end
[08:55:36.813] [bmv2] [D] [thread 85888] [12.0] [cxt 0] Deparser 'deparser': start
[08:55:36.813] [bmv2] [D] [thread 85888] [12.0] [cxt 0] Deparsing header 'ethernet'
[08:55:36.813] [bmv2] [D] [thread 85888] [12.0] [cxt 0] Deparser 'deparser': end
[08:55:36.813] [bmv2] [D] [thread 85892] [12.0] [cxt 0] Transmitting packet of size 211 out of port 0
[08:55:36.813] [bmv2] [D] [thread 85887] [13.0] [cxt 0] Processing packet received on port 2
[08:55:36.813] [bmv2] [D] [thread 85887] [13.0] [cxt 0] Parser 'parser': start
[08:55:36.813] [bmv2] [D] [thread 85887] [13.0] [cxt 0] Parser 'parser' entering state 'start'
[08:55:36.813] [bmv2] [D] [thread 85887] [13.0] [cxt 0] Extracting header 'ethernet'
[08:55:36.813] [bmv2] [D] [thread 85887] [13.0] [cxt 0] Parser state 'start': key is 86dd
[08:55:36.813] [bmv2] [T] [thread 85887] [13.0] [cxt 0] Bytes parsed: 14
[08:55:36.813] [bmv2] [D] [thread 85887] [13.0] [cxt 0] Parser 'parser': end
[08:55:36.813] [bmv2] [D] [thread 85887] [13.0] [cxt 0] Pipeline 'ingress': start
[08:55:36.813] [bmv2] [T] [thread 85887] [13.0] [cxt 0] switch.p4(147) Condition "hdr.icn.isValid()" (node_2) is false
[08:55:36.813] [bmv2] [T] [thread 85887] [13.0] [cxt 0] switch.p4(164) Condition "hdr.payload.flag == 1" (node_13) is false
[08:55:36.813] [bmv2] [T] [thread 85887] [13.0] [cxt 0] Applying table 'tbl_data_forward_0'
[08:55:36.813] [bmv2] [D] [thread 85887] [13.0] [cxt 0] Looking up key:

[08:55:36.813] [bmv2] [D] [thread 85887] [13.0] [cxt 0] Table 'tbl_data_forward_0': miss
[08:55:36.813] [bmv2] [D] [thread 85887] [13.0] [cxt 0] Action entry is MyIngress.data_forward - 
[08:55:36.813] [bmv2] [T] [thread 85887] [13.0] [cxt 0] Action MyIngress.data_forward
[08:55:36.813] [bmv2] [T] [thread 85887] [13.0] [cxt 0] switch.p4(97) Primitive pit_table.read(egress_port, hdr.payload.content_id)
[08:55:36.813] [bmv2] [T] [thread 85887] [13.0] [cxt 0] Read register 'MyIngress.pit_table' at index 0 read value 0
[08:55:36.813] [bmv2] [T] [thread 85887] [13.0] [cxt 0] switch.p4(98) Primitive standard_metadata.egress_spec = egress_port
[08:55:36.813] [bmv2] [T] [thread 85887] [13.0] [cxt 0] switch.p4(99) Primitive pit_table.write(hdr.payload.content_id, 0)
[08:55:36.813] [bmv2] [T] [thread 85887] [13.0] [cxt 0] Wrote register 'MyIngress.pit_table' at index 0 with value 0
[08:55:36.813] [bmv2] [T] [thread 85887] [13.0] [cxt 0] switch.p4(100) Primitive hdr.ethernet.srcAddr = 0xFFFFFFFFFFFF
[08:55:36.813] [bmv2] [T] [thread 85887] [13.0] [cxt 0] switch.p4(101) Primitive hdr.ethernet.dstAddr = 0xFFFFFFFFFFFF
[08:55:36.813] [bmv2] [T] [thread 85887] [13.0] [cxt 0] switch.p4(102) Primitive hdr.payload.ttl = hdr.payload.ttl - 1
[08:55:36.813] [bmv2] [D] [thread 85887] [13.0] [cxt 0] Pipeline 'ingress': end
[08:55:36.813] [bmv2] [D] [thread 85887] [13.0] [cxt 0] Egress port is 0
[08:55:36.813] [bmv2] [D] [thread 85888] [13.0] [cxt 0] Pipeline 'egress': start
[08:55:36.813] [bmv2] [D] [thread 85888] [13.0] [cxt 0] Pipeline 'egress': end
[08:55:36.813] [bmv2] [D] [thread 85888] [13.0] [cxt 0] Deparser 'deparser': start
[08:55:36.813] [bmv2] [D] [thread 85888] [13.0] [cxt 0] Deparsing header 'ethernet'
[08:55:36.813] [bmv2] [D] [thread 85888] [13.0] [cxt 0] Deparser 'deparser': end
[08:55:36.813] [bmv2] [D] [thread 85892] [13.0] [cxt 0] Transmitting packet of size 211 out of port 0
[08:55:36.849] [bmv2] [D] [thread 85887] [14.0] [cxt 0] Processing packet received on port 2
[08:55:36.849] [bmv2] [D] [thread 85887] [14.0] [cxt 0] Parser 'parser': start
[08:55:36.849] [bmv2] [D] [thread 85887] [14.0] [cxt 0] Parser 'parser' entering state 'start'
[08:55:36.849] [bmv2] [D] [thread 85887] [14.0] [cxt 0] Extracting header 'ethernet'
[08:55:36.849] [bmv2] [D] [thread 85887] [14.0] [cxt 0] Parser state 'start': key is 86dd
[08:55:36.849] [bmv2] [T] [thread 85887] [14.0] [cxt 0] Bytes parsed: 14
[08:55:36.849] [bmv2] [D] [thread 85887] [14.0] [cxt 0] Parser 'parser': end
[08:55:36.849] [bmv2] [D] [thread 85887] [14.0] [cxt 0] Pipeline 'ingress': start
[08:55:36.849] [bmv2] [T] [thread 85887] [14.0] [cxt 0] switch.p4(147) Condition "hdr.icn.isValid()" (node_2) is false
[08:55:36.849] [bmv2] [T] [thread 85887] [14.0] [cxt 0] switch.p4(164) Condition "hdr.payload.flag == 1" (node_13) is false
[08:55:36.849] [bmv2] [T] [thread 85887] [14.0] [cxt 0] Applying table 'tbl_data_forward_0'
[08:55:36.849] [bmv2] [D] [thread 85887] [14.0] [cxt 0] Looking up key:

[08:55:36.850] [bmv2] [D] [thread 85887] [14.0] [cxt 0] Table 'tbl_data_forward_0': miss
[08:55:36.850] [bmv2] [D] [thread 85887] [14.0] [cxt 0] Action entry is MyIngress.data_forward - 
[08:55:36.850] [bmv2] [T] [thread 85887] [14.0] [cxt 0] Action MyIngress.data_forward
[08:55:36.850] [bmv2] [T] [thread 85887] [14.0] [cxt 0] switch.p4(97) Primitive pit_table.read(egress_port, hdr.payload.content_id)
[08:55:36.850] [bmv2] [T] [thread 85887] [14.0] [cxt 0] Read register 'MyIngress.pit_table' at index 0 read value 0
[08:55:36.850] [bmv2] [T] [thread 85887] [14.0] [cxt 0] switch.p4(98) Primitive standard_metadata.egress_spec = egress_port
[08:55:36.850] [bmv2] [T] [thread 85887] [14.0] [cxt 0] switch.p4(99) Primitive pit_table.write(hdr.payload.content_id, 0)
[08:55:36.850] [bmv2] [T] [thread 85887] [14.0] [cxt 0] Wrote register 'MyIngress.pit_table' at index 0 with value 0
[08:55:36.850] [bmv2] [T] [thread 85887] [14.0] [cxt 0] switch.p4(100) Primitive hdr.ethernet.srcAddr = 0xFFFFFFFFFFFF
[08:55:36.850] [bmv2] [T] [thread 85887] [14.0] [cxt 0] switch.p4(101) Primitive hdr.ethernet.dstAddr = 0xFFFFFFFFFFFF
[08:55:36.850] [bmv2] [T] [thread 85887] [14.0] [cxt 0] switch.p4(102) Primitive hdr.payload.ttl = hdr.payload.ttl - 1
[08:55:36.850] [bmv2] [D] [thread 85887] [14.0] [cxt 0] Pipeline 'ingress': end
[08:55:36.850] [bmv2] [D] [thread 85887] [14.0] [cxt 0] Egress port is 0
[08:55:36.850] [bmv2] [D] [thread 85888] [14.0] [cxt 0] Pipeline 'egress': start
[08:55:36.850] [bmv2] [D] [thread 85888] [14.0] [cxt 0] Pipeline 'egress': end
[08:55:36.850] [bmv2] [D] [thread 85888] [14.0] [cxt 0] Deparser 'deparser': start
[08:55:36.850] [bmv2] [D] [thread 85888] [14.0] [cxt 0] Deparsing header 'ethernet'
[08:55:36.850] [bmv2] [D] [thread 85888] [14.0] [cxt 0] Deparser 'deparser': end
[08:55:36.850] [bmv2] [D] [thread 85892] [14.0] [cxt 0] Transmitting packet of size 90 out of port 0
[08:55:36.861] [bmv2] [D] [thread 85887] [15.0] [cxt 0] Processing packet received on port 2
[08:55:36.861] [bmv2] [D] [thread 85887] [15.0] [cxt 0] Parser 'parser': start
[08:55:36.861] [bmv2] [D] [thread 85887] [15.0] [cxt 0] Parser 'parser' entering state 'start'
[08:55:36.861] [bmv2] [D] [thread 85887] [15.0] [cxt 0] Extracting header 'ethernet'
[08:55:36.861] [bmv2] [D] [thread 85887] [15.0] [cxt 0] Parser state 'start': key is 86dd
[08:55:36.861] [bmv2] [T] [thread 85887] [15.0] [cxt 0] Bytes parsed: 14
[08:55:36.861] [bmv2] [D] [thread 85887] [15.0] [cxt 0] Parser 'parser': end
[08:55:36.861] [bmv2] [D] [thread 85887] [15.0] [cxt 0] Pipeline 'ingress': start
[08:55:36.861] [bmv2] [T] [thread 85887] [15.0] [cxt 0] switch.p4(147) Condition "hdr.icn.isValid()" (node_2) is false
[08:55:36.861] [bmv2] [T] [thread 85887] [15.0] [cxt 0] switch.p4(164) Condition "hdr.payload.flag == 1" (node_13) is false
[08:55:36.861] [bmv2] [T] [thread 85887] [15.0] [cxt 0] Applying table 'tbl_data_forward_0'
[08:55:36.861] [bmv2] [D] [thread 85887] [15.0] [cxt 0] Looking up key:

[08:55:36.861] [bmv2] [D] [thread 85887] [15.0] [cxt 0] Table 'tbl_data_forward_0': miss
[08:55:36.861] [bmv2] [D] [thread 85887] [15.0] [cxt 0] Action entry is MyIngress.data_forward - 
[08:55:36.861] [bmv2] [T] [thread 85887] [15.0] [cxt 0] Action MyIngress.data_forward
[08:55:36.861] [bmv2] [T] [thread 85887] [15.0] [cxt 0] switch.p4(97) Primitive pit_table.read(egress_port, hdr.payload.content_id)
[08:55:36.861] [bmv2] [T] [thread 85887] [15.0] [cxt 0] Read register 'MyIngress.pit_table' at index 0 read value 0
[08:55:36.861] [bmv2] [T] [thread 85887] [15.0] [cxt 0] switch.p4(98) Primitive standard_metadata.egress_spec = egress_port
[08:55:36.861] [bmv2] [T] [thread 85887] [15.0] [cxt 0] switch.p4(99) Primitive pit_table.write(hdr.payload.content_id, 0)
[08:55:36.861] [bmv2] [T] [thread 85887] [15.0] [cxt 0] Wrote register 'MyIngress.pit_table' at index 0 with value 0
[08:55:36.861] [bmv2] [T] [thread 85887] [15.0] [cxt 0] switch.p4(100) Primitive hdr.ethernet.srcAddr = 0xFFFFFFFFFFFF
[08:55:36.861] [bmv2] [T] [thread 85887] [15.0] [cxt 0] switch.p4(101) Primitive hdr.ethernet.dstAddr = 0xFFFFFFFFFFFF
[08:55:36.861] [bmv2] [T] [thread 85887] [15.0] [cxt 0] switch.p4(102) Primitive hdr.payload.ttl = hdr.payload.ttl - 1
[08:55:36.861] [bmv2] [D] [thread 85887] [15.0] [cxt 0] Pipeline 'ingress': end
[08:55:36.861] [bmv2] [D] [thread 85887] [15.0] [cxt 0] Egress port is 0
[08:55:36.862] [bmv2] [D] [thread 85888] [15.0] [cxt 0] Pipeline 'egress': start
[08:55:36.862] [bmv2] [D] [thread 85888] [15.0] [cxt 0] Pipeline 'egress': end
[08:55:36.862] [bmv2] [D] [thread 85888] [15.0] [cxt 0] Deparser 'deparser': start
[08:55:36.862] [bmv2] [D] [thread 85888] [15.0] [cxt 0] Deparsing header 'ethernet'
[08:55:36.862] [bmv2] [D] [thread 85888] [15.0] [cxt 0] Deparser 'deparser': end
[08:55:36.862] [bmv2] [D] [thread 85892] [15.0] [cxt 0] Transmitting packet of size 203 out of port 0
[08:55:36.883] [bmv2] [D] [thread 85887] [16.0] [cxt 0] Processing packet received on port 2
[08:55:36.883] [bmv2] [D] [thread 85887] [16.0] [cxt 0] Parser 'parser': start
[08:55:36.883] [bmv2] [D] [thread 85887] [16.0] [cxt 0] Parser 'parser' entering state 'start'
[08:55:36.883] [bmv2] [D] [thread 85887] [16.0] [cxt 0] Extracting header 'ethernet'
[08:55:36.883] [bmv2] [D] [thread 85887] [16.0] [cxt 0] Parser state 'start': key is 86dd
[08:55:36.883] [bmv2] [T] [thread 85887] [16.0] [cxt 0] Bytes parsed: 14
[08:55:36.883] [bmv2] [D] [thread 85887] [16.0] [cxt 0] Parser 'parser': end
[08:55:36.883] [bmv2] [D] [thread 85887] [16.0] [cxt 0] Pipeline 'ingress': start
[08:55:36.883] [bmv2] [T] [thread 85887] [16.0] [cxt 0] switch.p4(147) Condition "hdr.icn.isValid()" (node_2) is false
[08:55:36.883] [bmv2] [T] [thread 85887] [16.0] [cxt 0] switch.p4(164) Condition "hdr.payload.flag == 1" (node_13) is false
[08:55:36.883] [bmv2] [T] [thread 85887] [16.0] [cxt 0] Applying table 'tbl_data_forward_0'
[08:55:36.883] [bmv2] [D] [thread 85887] [16.0] [cxt 0] Looking up key:

[08:55:36.883] [bmv2] [D] [thread 85887] [16.0] [cxt 0] Table 'tbl_data_forward_0': miss
[08:55:36.883] [bmv2] [D] [thread 85887] [16.0] [cxt 0] Action entry is MyIngress.data_forward - 
[08:55:36.883] [bmv2] [T] [thread 85887] [16.0] [cxt 0] Action MyIngress.data_forward
[08:55:36.883] [bmv2] [T] [thread 85887] [16.0] [cxt 0] switch.p4(97) Primitive pit_table.read(egress_port, hdr.payload.content_id)
[08:55:36.883] [bmv2] [T] [thread 85887] [16.0] [cxt 0] Read register 'MyIngress.pit_table' at index 0 read value 0
[08:55:36.883] [bmv2] [T] [thread 85887] [16.0] [cxt 0] switch.p4(98) Primitive standard_metadata.egress_spec = egress_port
[08:55:36.883] [bmv2] [T] [thread 85887] [16.0] [cxt 0] switch.p4(99) Primitive pit_table.write(hdr.payload.content_id, 0)
[08:55:36.883] [bmv2] [T] [thread 85887] [16.0] [cxt 0] Wrote register 'MyIngress.pit_table' at index 0 with value 0
[08:55:36.883] [bmv2] [T] [thread 85887] [16.0] [cxt 0] switch.p4(100) Primitive hdr.ethernet.srcAddr = 0xFFFFFFFFFFFF
[08:55:36.883] [bmv2] [T] [thread 85887] [16.0] [cxt 0] switch.p4(101) Primitive hdr.ethernet.dstAddr = 0xFFFFFFFFFFFF
[08:55:36.883] [bmv2] [T] [thread 85887] [16.0] [cxt 0] switch.p4(102) Primitive hdr.payload.ttl = hdr.payload.ttl - 1
[08:55:36.883] [bmv2] [D] [thread 85887] [16.0] [cxt 0] Pipeline 'ingress': end
[08:55:36.883] [bmv2] [D] [thread 85887] [16.0] [cxt 0] Egress port is 0
[08:55:36.883] [bmv2] [D] [thread 85888] [16.0] [cxt 0] Pipeline 'egress': start
[08:55:36.883] [bmv2] [D] [thread 85888] [16.0] [cxt 0] Pipeline 'egress': end
[08:55:36.883] [bmv2] [D] [thread 85888] [16.0] [cxt 0] Deparser 'deparser': start
[08:55:36.883] [bmv2] [D] [thread 85888] [16.0] [cxt 0] Deparsing header 'ethernet'
[08:55:36.883] [bmv2] [D] [thread 85888] [16.0] [cxt 0] Deparser 'deparser': end
[08:55:36.883] [bmv2] [D] [thread 85892] [16.0] [cxt 0] Transmitting packet of size 211 out of port 0
[08:55:37.017] [bmv2] [D] [thread 85887] [17.0] [cxt 0] Processing packet received on port 1
[08:55:37.017] [bmv2] [D] [thread 85887] [17.0] [cxt 0] Parser 'parser': start
[08:55:37.017] [bmv2] [D] [thread 85887] [17.0] [cxt 0] Parser 'parser' entering state 'start'
[08:55:37.017] [bmv2] [D] [thread 85887] [17.0] [cxt 0] Extracting header 'ethernet'
[08:55:37.017] [bmv2] [D] [thread 85887] [17.0] [cxt 0] Parser state 'start': key is 86dd
[08:55:37.017] [bmv2] [T] [thread 85887] [17.0] [cxt 0] Bytes parsed: 14
[08:55:37.017] [bmv2] [D] [thread 85887] [17.0] [cxt 0] Parser 'parser': end
[08:55:37.017] [bmv2] [D] [thread 85887] [17.0] [cxt 0] Pipeline 'ingress': start
[08:55:37.017] [bmv2] [T] [thread 85887] [17.0] [cxt 0] switch.p4(147) Condition "hdr.icn.isValid()" (node_2) is false
[08:55:37.017] [bmv2] [T] [thread 85887] [17.0] [cxt 0] switch.p4(164) Condition "hdr.payload.flag == 1" (node_13) is false
[08:55:37.017] [bmv2] [T] [thread 85887] [17.0] [cxt 0] Applying table 'tbl_data_forward_0'
[08:55:37.017] [bmv2] [D] [thread 85887] [17.0] [cxt 0] Looking up key:

[08:55:37.017] [bmv2] [D] [thread 85887] [17.0] [cxt 0] Table 'tbl_data_forward_0': miss
[08:55:37.017] [bmv2] [D] [thread 85887] [17.0] [cxt 0] Action entry is MyIngress.data_forward - 
[08:55:37.017] [bmv2] [T] [thread 85887] [17.0] [cxt 0] Action MyIngress.data_forward
[08:55:37.017] [bmv2] [T] [thread 85887] [17.0] [cxt 0] switch.p4(97) Primitive pit_table.read(egress_port, hdr.payload.content_id)
[08:55:37.017] [bmv2] [T] [thread 85887] [17.0] [cxt 0] Read register 'MyIngress.pit_table' at index 0 read value 0
[08:55:37.017] [bmv2] [T] [thread 85887] [17.0] [cxt 0] switch.p4(98) Primitive standard_metadata.egress_spec = egress_port
[08:55:37.017] [bmv2] [T] [thread 85887] [17.0] [cxt 0] switch.p4(99) Primitive pit_table.write(hdr.payload.content_id, 0)
[08:55:37.017] [bmv2] [T] [thread 85887] [17.0] [cxt 0] Wrote register 'MyIngress.pit_table' at index 0 with value 0
[08:55:37.017] [bmv2] [T] [thread 85887] [17.0] [cxt 0] switch.p4(100) Primitive hdr.ethernet.srcAddr = 0xFFFFFFFFFFFF
[08:55:37.017] [bmv2] [T] [thread 85887] [17.0] [cxt 0] switch.p4(101) Primitive hdr.ethernet.dstAddr = 0xFFFFFFFFFFFF
[08:55:37.017] [bmv2] [T] [thread 85887] [17.0] [cxt 0] switch.p4(102) Primitive hdr.payload.ttl = hdr.payload.ttl - 1
[08:55:37.017] [bmv2] [D] [thread 85887] [17.0] [cxt 0] Pipeline 'ingress': end
[08:55:37.017] [bmv2] [D] [thread 85887] [17.0] [cxt 0] Egress port is 0
[08:55:37.017] [bmv2] [D] [thread 85888] [17.0] [cxt 0] Pipeline 'egress': start
[08:55:37.017] [bmv2] [D] [thread 85888] [17.0] [cxt 0] Pipeline 'egress': end
[08:55:37.017] [bmv2] [D] [thread 85888] [17.0] [cxt 0] Deparser 'deparser': start
[08:55:37.017] [bmv2] [D] [thread 85888] [17.0] [cxt 0] Deparsing header 'ethernet'
[08:55:37.017] [bmv2] [D] [thread 85888] [17.0] [cxt 0] Deparser 'deparser': end
[08:55:37.017] [bmv2] [D] [thread 85892] [17.0] [cxt 0] Transmitting packet of size 199 out of port 0
[08:55:37.085] [bmv2] [D] [thread 85887] [18.0] [cxt 0] Processing packet received on port 1
[08:55:37.085] [bmv2] [D] [thread 85887] [18.0] [cxt 0] Parser 'parser': start
[08:55:37.085] [bmv2] [D] [thread 85887] [18.0] [cxt 0] Parser 'parser' entering state 'start'
[08:55:37.085] [bmv2] [D] [thread 85887] [18.0] [cxt 0] Extracting header 'ethernet'
[08:55:37.085] [bmv2] [D] [thread 85887] [18.0] [cxt 0] Parser state 'start': key is 86dd
[08:55:37.085] [bmv2] [T] [thread 85887] [18.0] [cxt 0] Bytes parsed: 14
[08:55:37.085] [bmv2] [D] [thread 85887] [18.0] [cxt 0] Parser 'parser': end
[08:55:37.085] [bmv2] [D] [thread 85887] [18.0] [cxt 0] Pipeline 'ingress': start
[08:55:37.085] [bmv2] [T] [thread 85887] [18.0] [cxt 0] switch.p4(147) Condition "hdr.icn.isValid()" (node_2) is false
[08:55:37.085] [bmv2] [T] [thread 85887] [18.0] [cxt 0] switch.p4(164) Condition "hdr.payload.flag == 1" (node_13) is false
[08:55:37.085] [bmv2] [T] [thread 85887] [18.0] [cxt 0] Applying table 'tbl_data_forward_0'
[08:55:37.085] [bmv2] [D] [thread 85887] [18.0] [cxt 0] Looking up key:

[08:55:37.085] [bmv2] [D] [thread 85887] [18.0] [cxt 0] Table 'tbl_data_forward_0': miss
[08:55:37.085] [bmv2] [D] [thread 85887] [18.0] [cxt 0] Action entry is MyIngress.data_forward - 
[08:55:37.085] [bmv2] [T] [thread 85887] [18.0] [cxt 0] Action MyIngress.data_forward
[08:55:37.085] [bmv2] [T] [thread 85887] [18.0] [cxt 0] switch.p4(97) Primitive pit_table.read(egress_port, hdr.payload.content_id)
[08:55:37.085] [bmv2] [T] [thread 85887] [18.0] [cxt 0] Read register 'MyIngress.pit_table' at index 0 read value 0
[08:55:37.085] [bmv2] [T] [thread 85887] [18.0] [cxt 0] switch.p4(98) Primitive standard_metadata.egress_spec = egress_port
[08:55:37.085] [bmv2] [T] [thread 85887] [18.0] [cxt 0] switch.p4(99) Primitive pit_table.write(hdr.payload.content_id, 0)
[08:55:37.085] [bmv2] [T] [thread 85887] [18.0] [cxt 0] Wrote register 'MyIngress.pit_table' at index 0 with value 0
[08:55:37.085] [bmv2] [T] [thread 85887] [18.0] [cxt 0] switch.p4(100) Primitive hdr.ethernet.srcAddr = 0xFFFFFFFFFFFF
[08:55:37.085] [bmv2] [T] [thread 85887] [18.0] [cxt 0] switch.p4(101) Primitive hdr.ethernet.dstAddr = 0xFFFFFFFFFFFF
[08:55:37.085] [bmv2] [T] [thread 85887] [18.0] [cxt 0] switch.p4(102) Primitive hdr.payload.ttl = hdr.payload.ttl - 1
[08:55:37.085] [bmv2] [D] [thread 85887] [18.0] [cxt 0] Pipeline 'ingress': end
[08:55:37.085] [bmv2] [D] [thread 85887] [18.0] [cxt 0] Egress port is 0
[08:55:37.085] [bmv2] [D] [thread 85887] [19.0] [cxt 0] Processing packet received on port 2
[08:55:37.085] [bmv2] [D] [thread 85887] [19.0] [cxt 0] Parser 'parser': start
[08:55:37.085] [bmv2] [D] [thread 85887] [19.0] [cxt 0] Parser 'parser' entering state 'start'
[08:55:37.085] [bmv2] [D] [thread 85887] [19.0] [cxt 0] Extracting header 'ethernet'
[08:55:37.085] [bmv2] [D] [thread 85887] [19.0] [cxt 0] Parser state 'start': key is 86dd
[08:55:37.085] [bmv2] [T] [thread 85887] [19.0] [cxt 0] Bytes parsed: 14
[08:55:37.085] [bmv2] [D] [thread 85887] [19.0] [cxt 0] Parser 'parser': end
[08:55:37.085] [bmv2] [D] [thread 85887] [19.0] [cxt 0] Pipeline 'ingress': start
[08:55:37.085] [bmv2] [T] [thread 85887] [19.0] [cxt 0] switch.p4(147) Condition "hdr.icn.isValid()" (node_2) is false
[08:55:37.085] [bmv2] [T] [thread 85887] [19.0] [cxt 0] switch.p4(164) Condition "hdr.payload.flag == 1" (node_13) is false
[08:55:37.085] [bmv2] [T] [thread 85887] [19.0] [cxt 0] Applying table 'tbl_data_forward_0'
[08:55:37.085] [bmv2] [D] [thread 85887] [19.0] [cxt 0] Looking up key:

[08:55:37.085] [bmv2] [D] [thread 85887] [19.0] [cxt 0] Table 'tbl_data_forward_0': miss
[08:55:37.085] [bmv2] [D] [thread 85887] [19.0] [cxt 0] Action entry is MyIngress.data_forward - 
[08:55:37.085] [bmv2] [T] [thread 85887] [19.0] [cxt 0] Action MyIngress.data_forward
[08:55:37.085] [bmv2] [T] [thread 85887] [19.0] [cxt 0] switch.p4(97) Primitive pit_table.read(egress_port, hdr.payload.content_id)
[08:55:37.085] [bmv2] [T] [thread 85887] [19.0] [cxt 0] Read register 'MyIngress.pit_table' at index 0 read value 0
[08:55:37.085] [bmv2] [T] [thread 85887] [19.0] [cxt 0] switch.p4(98) Primitive standard_metadata.egress_spec = egress_port
[08:55:37.085] [bmv2] [T] [thread 85887] [19.0] [cxt 0] switch.p4(99) Primitive pit_table.write(hdr.payload.content_id, 0)
[08:55:37.085] [bmv2] [T] [thread 85887] [19.0] [cxt 0] Wrote register 'MyIngress.pit_table' at index 0 with value 0
[08:55:37.085] [bmv2] [T] [thread 85887] [19.0] [cxt 0] switch.p4(100) Primitive hdr.ethernet.srcAddr = 0xFFFFFFFFFFFF
[08:55:37.085] [bmv2] [T] [thread 85887] [19.0] [cxt 0] switch.p4(101) Primitive hdr.ethernet.dstAddr = 0xFFFFFFFFFFFF
[08:55:37.085] [bmv2] [T] [thread 85887] [19.0] [cxt 0] switch.p4(102) Primitive hdr.payload.ttl = hdr.payload.ttl - 1
[08:55:37.085] [bmv2] [D] [thread 85887] [19.0] [cxt 0] Pipeline 'ingress': end
[08:55:37.085] [bmv2] [D] [thread 85887] [19.0] [cxt 0] Egress port is 0
[08:55:37.085] [bmv2] [D] [thread 85888] [18.0] [cxt 0] Pipeline 'egress': start
[08:55:37.085] [bmv2] [D] [thread 85888] [18.0] [cxt 0] Pipeline 'egress': end
[08:55:37.085] [bmv2] [D] [thread 85888] [18.0] [cxt 0] Deparser 'deparser': start
[08:55:37.085] [bmv2] [D] [thread 85888] [18.0] [cxt 0] Deparsing header 'ethernet'
[08:55:37.085] [bmv2] [D] [thread 85888] [18.0] [cxt 0] Deparser 'deparser': end
[08:55:37.085] [bmv2] [D] [thread 85888] [19.0] [cxt 0] Pipeline 'egress': start
[08:55:37.085] [bmv2] [D] [thread 85888] [19.0] [cxt 0] Pipeline 'egress': end
[08:55:37.085] [bmv2] [D] [thread 85888] [19.0] [cxt 0] Deparser 'deparser': start
[08:55:37.085] [bmv2] [D] [thread 85888] [19.0] [cxt 0] Deparsing header 'ethernet'
[08:55:37.085] [bmv2] [D] [thread 85888] [19.0] [cxt 0] Deparser 'deparser': end
[08:55:37.085] [bmv2] [D] [thread 85892] [18.0] [cxt 0] Transmitting packet of size 110 out of port 0
[08:55:37.085] [bmv2] [D] [thread 85892] [19.0] [cxt 0] Transmitting packet of size 211 out of port 0
[08:55:37.138] [bmv2] [D] [thread 85887] [20.0] [cxt 0] Processing packet received on port 2
[08:55:37.138] [bmv2] [D] [thread 85887] [20.0] [cxt 0] Parser 'parser': start
[08:55:37.138] [bmv2] [D] [thread 85887] [20.0] [cxt 0] Parser 'parser' entering state 'start'
[08:55:37.138] [bmv2] [D] [thread 85887] [20.0] [cxt 0] Extracting header 'ethernet'
[08:55:37.138] [bmv2] [D] [thread 85887] [20.0] [cxt 0] Parser state 'start': key is 86dd
[08:55:37.138] [bmv2] [T] [thread 85887] [20.0] [cxt 0] Bytes parsed: 14
[08:55:37.138] [bmv2] [D] [thread 85887] [20.0] [cxt 0] Parser 'parser': end
[08:55:37.138] [bmv2] [D] [thread 85887] [20.0] [cxt 0] Pipeline 'ingress': start
[08:55:37.138] [bmv2] [T] [thread 85887] [20.0] [cxt 0] switch.p4(147) Condition "hdr.icn.isValid()" (node_2) is false
[08:55:37.138] [bmv2] [T] [thread 85887] [20.0] [cxt 0] switch.p4(164) Condition "hdr.payload.flag == 1" (node_13) is false
[08:55:37.138] [bmv2] [T] [thread 85887] [20.0] [cxt 0] Applying table 'tbl_data_forward_0'
[08:55:37.138] [bmv2] [D] [thread 85887] [20.0] [cxt 0] Looking up key:

[08:55:37.138] [bmv2] [D] [thread 85887] [20.0] [cxt 0] Table 'tbl_data_forward_0': miss
[08:55:37.138] [bmv2] [D] [thread 85887] [20.0] [cxt 0] Action entry is MyIngress.data_forward - 
[08:55:37.138] [bmv2] [T] [thread 85887] [20.0] [cxt 0] Action MyIngress.data_forward
[08:55:37.138] [bmv2] [T] [thread 85887] [20.0] [cxt 0] switch.p4(97) Primitive pit_table.read(egress_port, hdr.payload.content_id)
[08:55:37.138] [bmv2] [T] [thread 85887] [20.0] [cxt 0] Read register 'MyIngress.pit_table' at index 0 read value 0
[08:55:37.138] [bmv2] [T] [thread 85887] [20.0] [cxt 0] switch.p4(98) Primitive standard_metadata.egress_spec = egress_port
[08:55:37.138] [bmv2] [T] [thread 85887] [20.0] [cxt 0] switch.p4(99) Primitive pit_table.write(hdr.payload.content_id, 0)
[08:55:37.138] [bmv2] [T] [thread 85887] [20.0] [cxt 0] Wrote register 'MyIngress.pit_table' at index 0 with value 0
[08:55:37.138] [bmv2] [T] [thread 85887] [20.0] [cxt 0] switch.p4(100) Primitive hdr.ethernet.srcAddr = 0xFFFFFFFFFFFF
[08:55:37.138] [bmv2] [T] [thread 85887] [20.0] [cxt 0] switch.p4(101) Primitive hdr.ethernet.dstAddr = 0xFFFFFFFFFFFF
[08:55:37.138] [bmv2] [T] [thread 85887] [20.0] [cxt 0] switch.p4(102) Primitive hdr.payload.ttl = hdr.payload.ttl - 1
[08:55:37.139] [bmv2] [D] [thread 85887] [20.0] [cxt 0] Pipeline 'ingress': end
[08:55:37.139] [bmv2] [D] [thread 85887] [20.0] [cxt 0] Egress port is 0
[08:55:37.139] [bmv2] [D] [thread 85888] [20.0] [cxt 0] Pipeline 'egress': start
[08:55:37.139] [bmv2] [D] [thread 85888] [20.0] [cxt 0] Pipeline 'egress': end
[08:55:37.139] [bmv2] [D] [thread 85888] [20.0] [cxt 0] Deparser 'deparser': start
[08:55:37.139] [bmv2] [D] [thread 85888] [20.0] [cxt 0] Deparsing header 'ethernet'
[08:55:37.139] [bmv2] [D] [thread 85888] [20.0] [cxt 0] Deparser 'deparser': end
[08:55:37.140] [bmv2] [D] [thread 85892] [20.0] [cxt 0] Transmitting packet of size 211 out of port 0
[08:55:37.148] [bmv2] [D] [thread 85887] [21.0] [cxt 0] Processing packet received on port 2
[08:55:37.148] [bmv2] [D] [thread 85887] [21.0] [cxt 0] Parser 'parser': start
[08:55:37.148] [bmv2] [D] [thread 85887] [21.0] [cxt 0] Parser 'parser' entering state 'start'
[08:55:37.148] [bmv2] [D] [thread 85887] [21.0] [cxt 0] Extracting header 'ethernet'
[08:55:37.148] [bmv2] [D] [thread 85887] [21.0] [cxt 0] Parser state 'start': key is 86dd
[08:55:37.148] [bmv2] [T] [thread 85887] [21.0] [cxt 0] Bytes parsed: 14
[08:55:37.148] [bmv2] [D] [thread 85887] [21.0] [cxt 0] Parser 'parser': end
[08:55:37.148] [bmv2] [D] [thread 85887] [21.0] [cxt 0] Pipeline 'ingress': start
[08:55:37.148] [bmv2] [T] [thread 85887] [21.0] [cxt 0] switch.p4(147) Condition "hdr.icn.isValid()" (node_2) is false
[08:55:37.148] [bmv2] [T] [thread 85887] [21.0] [cxt 0] switch.p4(164) Condition "hdr.payload.flag == 1" (node_13) is false
[08:55:37.148] [bmv2] [T] [thread 85887] [21.0] [cxt 0] Applying table 'tbl_data_forward_0'
[08:55:37.148] [bmv2] [D] [thread 85887] [21.0] [cxt 0] Looking up key:

[08:55:37.148] [bmv2] [D] [thread 85887] [21.0] [cxt 0] Table 'tbl_data_forward_0': miss
[08:55:37.148] [bmv2] [D] [thread 85887] [21.0] [cxt 0] Action entry is MyIngress.data_forward - 
[08:55:37.148] [bmv2] [T] [thread 85887] [21.0] [cxt 0] Action MyIngress.data_forward
[08:55:37.148] [bmv2] [T] [thread 85887] [21.0] [cxt 0] switch.p4(97) Primitive pit_table.read(egress_port, hdr.payload.content_id)
[08:55:37.148] [bmv2] [T] [thread 85887] [21.0] [cxt 0] Read register 'MyIngress.pit_table' at index 0 read value 0
[08:55:37.148] [bmv2] [T] [thread 85887] [21.0] [cxt 0] switch.p4(98) Primitive standard_metadata.egress_spec = egress_port
[08:55:37.148] [bmv2] [T] [thread 85887] [21.0] [cxt 0] switch.p4(99) Primitive pit_table.write(hdr.payload.content_id, 0)
[08:55:37.148] [bmv2] [T] [thread 85887] [21.0] [cxt 0] Wrote register 'MyIngress.pit_table' at index 0 with value 0
[08:55:37.148] [bmv2] [T] [thread 85887] [21.0] [cxt 0] switch.p4(100) Primitive hdr.ethernet.srcAddr = 0xFFFFFFFFFFFF
[08:55:37.148] [bmv2] [T] [thread 85887] [21.0] [cxt 0] switch.p4(101) Primitive hdr.ethernet.dstAddr = 0xFFFFFFFFFFFF
[08:55:37.148] [bmv2] [T] [thread 85887] [21.0] [cxt 0] switch.p4(102) Primitive hdr.payload.ttl = hdr.payload.ttl - 1
[08:55:37.148] [bmv2] [D] [thread 85887] [21.0] [cxt 0] Pipeline 'ingress': end
[08:55:37.148] [bmv2] [D] [thread 85887] [21.0] [cxt 0] Egress port is 0
[08:55:37.154] [bmv2] [D] [thread 85888] [21.0] [cxt 0] Pipeline 'egress': start
[08:55:37.154] [bmv2] [D] [thread 85888] [21.0] [cxt 0] Pipeline 'egress': end
[08:55:37.154] [bmv2] [D] [thread 85888] [21.0] [cxt 0] Deparser 'deparser': start
[08:55:37.154] [bmv2] [D] [thread 85888] [21.0] [cxt 0] Deparsing header 'ethernet'
[08:55:37.154] [bmv2] [D] [thread 85888] [21.0] [cxt 0] Deparser 'deparser': end
[08:55:37.154] [bmv2] [D] [thread 85892] [21.0] [cxt 0] Transmitting packet of size 110 out of port 0
[08:55:37.295] [bmv2] [D] [thread 85887] [22.0] [cxt 0] Processing packet received on port 1
[08:55:37.295] [bmv2] [D] [thread 85887] [22.0] [cxt 0] Parser 'parser': start
[08:55:37.295] [bmv2] [D] [thread 85887] [22.0] [cxt 0] Parser 'parser' entering state 'start'
[08:55:37.295] [bmv2] [D] [thread 85887] [22.0] [cxt 0] Extracting header 'ethernet'
[08:55:37.295] [bmv2] [D] [thread 85887] [22.0] [cxt 0] Parser state 'start': key is 86dd
[08:55:37.295] [bmv2] [T] [thread 85887] [22.0] [cxt 0] Bytes parsed: 14
[08:55:37.295] [bmv2] [D] [thread 85887] [22.0] [cxt 0] Parser 'parser': end
[08:55:37.295] [bmv2] [D] [thread 85887] [22.0] [cxt 0] Pipeline 'ingress': start
[08:55:37.295] [bmv2] [T] [thread 85887] [22.0] [cxt 0] switch.p4(147) Condition "hdr.icn.isValid()" (node_2) is false
[08:55:37.295] [bmv2] [T] [thread 85887] [22.0] [cxt 0] switch.p4(164) Condition "hdr.payload.flag == 1" (node_13) is false
[08:55:37.295] [bmv2] [T] [thread 85887] [22.0] [cxt 0] Applying table 'tbl_data_forward_0'
[08:55:37.295] [bmv2] [D] [thread 85887] [22.0] [cxt 0] Looking up key:

[08:55:37.295] [bmv2] [D] [thread 85887] [22.0] [cxt 0] Table 'tbl_data_forward_0': miss
[08:55:37.295] [bmv2] [D] [thread 85887] [22.0] [cxt 0] Action entry is MyIngress.data_forward - 
[08:55:37.295] [bmv2] [T] [thread 85887] [22.0] [cxt 0] Action MyIngress.data_forward
[08:55:37.295] [bmv2] [T] [thread 85887] [22.0] [cxt 0] switch.p4(97) Primitive pit_table.read(egress_port, hdr.payload.content_id)
[08:55:37.295] [bmv2] [T] [thread 85887] [22.0] [cxt 0] Read register 'MyIngress.pit_table' at index 0 read value 0
[08:55:37.295] [bmv2] [T] [thread 85887] [22.0] [cxt 0] switch.p4(98) Primitive standard_metadata.egress_spec = egress_port
[08:55:37.295] [bmv2] [T] [thread 85887] [22.0] [cxt 0] switch.p4(99) Primitive pit_table.write(hdr.payload.content_id, 0)
[08:55:37.295] [bmv2] [T] [thread 85887] [22.0] [cxt 0] Wrote register 'MyIngress.pit_table' at index 0 with value 0
[08:55:37.295] [bmv2] [T] [thread 85887] [22.0] [cxt 0] switch.p4(100) Primitive hdr.ethernet.srcAddr = 0xFFFFFFFFFFFF
[08:55:37.295] [bmv2] [T] [thread 85887] [22.0] [cxt 0] switch.p4(101) Primitive hdr.ethernet.dstAddr = 0xFFFFFFFFFFFF
[08:55:37.295] [bmv2] [T] [thread 85887] [22.0] [cxt 0] switch.p4(102) Primitive hdr.payload.ttl = hdr.payload.ttl - 1
[08:55:37.295] [bmv2] [D] [thread 85887] [22.0] [cxt 0] Pipeline 'ingress': end
[08:55:37.295] [bmv2] [D] [thread 85887] [22.0] [cxt 0] Egress port is 0
[08:55:37.295] [bmv2] [D] [thread 85888] [22.0] [cxt 0] Pipeline 'egress': start
[08:55:37.295] [bmv2] [D] [thread 85888] [22.0] [cxt 0] Pipeline 'egress': end
[08:55:37.295] [bmv2] [D] [thread 85888] [22.0] [cxt 0] Deparser 'deparser': start
[08:55:37.295] [bmv2] [D] [thread 85888] [22.0] [cxt 0] Deparsing header 'ethernet'
[08:55:37.295] [bmv2] [D] [thread 85888] [22.0] [cxt 0] Deparser 'deparser': end
[08:55:37.295] [bmv2] [D] [thread 85892] [22.0] [cxt 0] Transmitting packet of size 203 out of port 0
[08:55:37.295] [bmv2] [D] [thread 85887] [23.0] [cxt 0] Processing packet received on port 2
[08:55:37.295] [bmv2] [D] [thread 85887] [23.0] [cxt 0] Parser 'parser': start
[08:55:37.295] [bmv2] [D] [thread 85887] [23.0] [cxt 0] Parser 'parser' entering state 'start'
[08:55:37.295] [bmv2] [D] [thread 85887] [23.0] [cxt 0] Extracting header 'ethernet'
[08:55:37.295] [bmv2] [D] [thread 85887] [23.0] [cxt 0] Parser state 'start': key is 86dd
[08:55:37.295] [bmv2] [T] [thread 85887] [23.0] [cxt 0] Bytes parsed: 14
[08:55:37.295] [bmv2] [D] [thread 85887] [23.0] [cxt 0] Parser 'parser': end
[08:55:37.295] [bmv2] [D] [thread 85887] [23.0] [cxt 0] Pipeline 'ingress': start
[08:55:37.295] [bmv2] [T] [thread 85887] [23.0] [cxt 0] switch.p4(147) Condition "hdr.icn.isValid()" (node_2) is false
[08:55:37.295] [bmv2] [T] [thread 85887] [23.0] [cxt 0] switch.p4(164) Condition "hdr.payload.flag == 1" (node_13) is false
[08:55:37.295] [bmv2] [T] [thread 85887] [23.0] [cxt 0] Applying table 'tbl_data_forward_0'
[08:55:37.295] [bmv2] [D] [thread 85887] [23.0] [cxt 0] Looking up key:

[08:55:37.295] [bmv2] [D] [thread 85887] [23.0] [cxt 0] Table 'tbl_data_forward_0': miss
[08:55:37.295] [bmv2] [D] [thread 85887] [23.0] [cxt 0] Action entry is MyIngress.data_forward - 
[08:55:37.295] [bmv2] [T] [thread 85887] [23.0] [cxt 0] Action MyIngress.data_forward
[08:55:37.295] [bmv2] [T] [thread 85887] [23.0] [cxt 0] switch.p4(97) Primitive pit_table.read(egress_port, hdr.payload.content_id)
[08:55:37.295] [bmv2] [T] [thread 85887] [23.0] [cxt 0] Read register 'MyIngress.pit_table' at index 0 read value 0
[08:55:37.295] [bmv2] [T] [thread 85887] [23.0] [cxt 0] switch.p4(98) Primitive standard_metadata.egress_spec = egress_port
[08:55:37.295] [bmv2] [T] [thread 85887] [23.0] [cxt 0] switch.p4(99) Primitive pit_table.write(hdr.payload.content_id, 0)
[08:55:37.295] [bmv2] [T] [thread 85887] [23.0] [cxt 0] Wrote register 'MyIngress.pit_table' at index 0 with value 0
[08:55:37.295] [bmv2] [T] [thread 85887] [23.0] [cxt 0] switch.p4(100) Primitive hdr.ethernet.srcAddr = 0xFFFFFFFFFFFF
[08:55:37.295] [bmv2] [T] [thread 85887] [23.0] [cxt 0] switch.p4(101) Primitive hdr.ethernet.dstAddr = 0xFFFFFFFFFFFF
[08:55:37.295] [bmv2] [T] [thread 85887] [23.0] [cxt 0] switch.p4(102) Primitive hdr.payload.ttl = hdr.payload.ttl - 1
[08:55:37.295] [bmv2] [D] [thread 85887] [23.0] [cxt 0] Pipeline 'ingress': end
[08:55:37.295] [bmv2] [D] [thread 85887] [23.0] [cxt 0] Egress port is 0
[08:55:37.295] [bmv2] [D] [thread 85888] [23.0] [cxt 0] Pipeline 'egress': start
[08:55:37.295] [bmv2] [D] [thread 85888] [23.0] [cxt 0] Pipeline 'egress': end
[08:55:37.295] [bmv2] [D] [thread 85888] [23.0] [cxt 0] Deparser 'deparser': start
[08:55:37.295] [bmv2] [D] [thread 85888] [23.0] [cxt 0] Deparsing header 'ethernet'
[08:55:37.295] [bmv2] [D] [thread 85888] [23.0] [cxt 0] Deparser 'deparser': end
[08:55:37.295] [bmv2] [D] [thread 85892] [23.0] [cxt 0] Transmitting packet of size 90 out of port 0
[08:55:37.295] [bmv2] [D] [thread 85887] [24.0] [cxt 0] Processing packet received on port 2
[08:55:37.295] [bmv2] [D] [thread 85887] [24.0] [cxt 0] Parser 'parser': start
[08:55:37.295] [bmv2] [D] [thread 85887] [24.0] [cxt 0] Parser 'parser' entering state 'start'
[08:55:37.295] [bmv2] [D] [thread 85887] [24.0] [cxt 0] Extracting header 'ethernet'
[08:55:37.295] [bmv2] [D] [thread 85887] [24.0] [cxt 0] Parser state 'start': key is 86dd
[08:55:37.295] [bmv2] [T] [thread 85887] [24.0] [cxt 0] Bytes parsed: 14
[08:55:37.295] [bmv2] [D] [thread 85887] [24.0] [cxt 0] Parser 'parser': end
[08:55:37.295] [bmv2] [D] [thread 85887] [24.0] [cxt 0] Pipeline 'ingress': start
[08:55:37.300] [bmv2] [T] [thread 85887] [24.0] [cxt 0] switch.p4(147) Condition "hdr.icn.isValid()" (node_2) is false
[08:55:37.300] [bmv2] [T] [thread 85887] [24.0] [cxt 0] switch.p4(164) Condition "hdr.payload.flag == 1" (node_13) is false
[08:55:37.300] [bmv2] [T] [thread 85887] [24.0] [cxt 0] Applying table 'tbl_data_forward_0'
[08:55:37.300] [bmv2] [D] [thread 85887] [24.0] [cxt 0] Looking up key:

[08:55:37.300] [bmv2] [D] [thread 85887] [24.0] [cxt 0] Table 'tbl_data_forward_0': miss
[08:55:37.300] [bmv2] [D] [thread 85887] [24.0] [cxt 0] Action entry is MyIngress.data_forward - 
[08:55:37.300] [bmv2] [T] [thread 85887] [24.0] [cxt 0] Action MyIngress.data_forward
[08:55:37.300] [bmv2] [T] [thread 85887] [24.0] [cxt 0] switch.p4(97) Primitive pit_table.read(egress_port, hdr.payload.content_id)
[08:55:37.300] [bmv2] [T] [thread 85887] [24.0] [cxt 0] Read register 'MyIngress.pit_table' at index 0 read value 0
[08:55:37.300] [bmv2] [T] [thread 85887] [24.0] [cxt 0] switch.p4(98) Primitive standard_metadata.egress_spec = egress_port
[08:55:37.300] [bmv2] [T] [thread 85887] [24.0] [cxt 0] switch.p4(99) Primitive pit_table.write(hdr.payload.content_id, 0)
[08:55:37.300] [bmv2] [T] [thread 85887] [24.0] [cxt 0] Wrote register 'MyIngress.pit_table' at index 0 with value 0
[08:55:37.300] [bmv2] [T] [thread 85887] [24.0] [cxt 0] switch.p4(100) Primitive hdr.ethernet.srcAddr = 0xFFFFFFFFFFFF
[08:55:37.300] [bmv2] [T] [thread 85887] [24.0] [cxt 0] switch.p4(101) Primitive hdr.ethernet.dstAddr = 0xFFFFFFFFFFFF
[08:55:37.300] [bmv2] [T] [thread 85887] [24.0] [cxt 0] switch.p4(102) Primitive hdr.payload.ttl = hdr.payload.ttl - 1
[08:55:37.300] [bmv2] [D] [thread 85887] [24.0] [cxt 0] Pipeline 'ingress': end
[08:55:37.300] [bmv2] [D] [thread 85887] [24.0] [cxt 0] Egress port is 0
[08:55:37.300] [bmv2] [D] [thread 85888] [24.0] [cxt 0] Pipeline 'egress': start
[08:55:37.300] [bmv2] [D] [thread 85888] [24.0] [cxt 0] Pipeline 'egress': end
[08:55:37.300] [bmv2] [D] [thread 85888] [24.0] [cxt 0] Deparser 'deparser': start
[08:55:37.300] [bmv2] [D] [thread 85888] [24.0] [cxt 0] Deparsing header 'ethernet'
[08:55:37.300] [bmv2] [D] [thread 85888] [24.0] [cxt 0] Deparser 'deparser': end
[08:55:37.300] [bmv2] [D] [thread 85892] [24.0] [cxt 0] Transmitting packet of size 199 out of port 0
[08:55:37.387] [bmv2] [D] [thread 85887] [25.0] [cxt 0] Processing packet received on port 2
[08:55:37.387] [bmv2] [D] [thread 85887] [25.0] [cxt 0] Parser 'parser': start
[08:55:37.387] [bmv2] [D] [thread 85887] [25.0] [cxt 0] Parser 'parser' entering state 'start'
[08:55:37.387] [bmv2] [D] [thread 85887] [25.0] [cxt 0] Extracting header 'ethernet'
[08:55:37.387] [bmv2] [D] [thread 85887] [25.0] [cxt 0] Parser state 'start': key is 86dd
[08:55:37.387] [bmv2] [T] [thread 85887] [25.0] [cxt 0] Bytes parsed: 14
[08:55:37.387] [bmv2] [D] [thread 85887] [25.0] [cxt 0] Parser 'parser': end
[08:55:37.387] [bmv2] [D] [thread 85887] [25.0] [cxt 0] Pipeline 'ingress': start
[08:55:37.387] [bmv2] [T] [thread 85887] [25.0] [cxt 0] switch.p4(147) Condition "hdr.icn.isValid()" (node_2) is false
[08:55:37.387] [bmv2] [T] [thread 85887] [25.0] [cxt 0] switch.p4(164) Condition "hdr.payload.flag == 1" (node_13) is false
[08:55:37.387] [bmv2] [T] [thread 85887] [25.0] [cxt 0] Applying table 'tbl_data_forward_0'
[08:55:37.387] [bmv2] [D] [thread 85887] [25.0] [cxt 0] Looking up key:

[08:55:37.387] [bmv2] [D] [thread 85887] [25.0] [cxt 0] Table 'tbl_data_forward_0': miss
[08:55:37.387] [bmv2] [D] [thread 85887] [25.0] [cxt 0] Action entry is MyIngress.data_forward - 
[08:55:37.387] [bmv2] [T] [thread 85887] [25.0] [cxt 0] Action MyIngress.data_forward
[08:55:37.387] [bmv2] [T] [thread 85887] [25.0] [cxt 0] switch.p4(97) Primitive pit_table.read(egress_port, hdr.payload.content_id)
[08:55:37.387] [bmv2] [T] [thread 85887] [25.0] [cxt 0] Read register 'MyIngress.pit_table' at index 0 read value 0
[08:55:37.387] [bmv2] [T] [thread 85887] [25.0] [cxt 0] switch.p4(98) Primitive standard_metadata.egress_spec = egress_port
[08:55:37.387] [bmv2] [T] [thread 85887] [25.0] [cxt 0] switch.p4(99) Primitive pit_table.write(hdr.payload.content_id, 0)
[08:55:37.387] [bmv2] [T] [thread 85887] [25.0] [cxt 0] Wrote register 'MyIngress.pit_table' at index 0 with value 0
[08:55:37.387] [bmv2] [T] [thread 85887] [25.0] [cxt 0] switch.p4(100) Primitive hdr.ethernet.srcAddr = 0xFFFFFFFFFFFF
[08:55:37.387] [bmv2] [T] [thread 85887] [25.0] [cxt 0] switch.p4(101) Primitive hdr.ethernet.dstAddr = 0xFFFFFFFFFFFF
[08:55:37.387] [bmv2] [T] [thread 85887] [25.0] [cxt 0] switch.p4(102) Primitive hdr.payload.ttl = hdr.payload.ttl - 1
[08:55:37.387] [bmv2] [D] [thread 85887] [25.0] [cxt 0] Pipeline 'ingress': end
[08:55:37.387] [bmv2] [D] [thread 85887] [25.0] [cxt 0] Egress port is 0
[08:55:37.387] [bmv2] [D] [thread 85888] [25.0] [cxt 0] Pipeline 'egress': start
[08:55:37.387] [bmv2] [D] [thread 85888] [25.0] [cxt 0] Pipeline 'egress': end
[08:55:37.387] [bmv2] [D] [thread 85888] [25.0] [cxt 0] Deparser 'deparser': start
[08:55:37.387] [bmv2] [D] [thread 85888] [25.0] [cxt 0] Deparsing header 'ethernet'
[08:55:37.387] [bmv2] [D] [thread 85888] [25.0] [cxt 0] Deparser 'deparser': end
[08:55:37.387] [bmv2] [D] [thread 85892] [25.0] [cxt 0] Transmitting packet of size 110 out of port 0
[08:55:37.447] [bmv2] [D] [thread 85887] [26.0] [cxt 0] Processing packet received on port 2
[08:55:37.447] [bmv2] [D] [thread 85887] [26.0] [cxt 0] Parser 'parser': start
[08:55:37.447] [bmv2] [D] [thread 85887] [26.0] [cxt 0] Parser 'parser' entering state 'start'
[08:55:37.447] [bmv2] [D] [thread 85887] [26.0] [cxt 0] Extracting header 'ethernet'
[08:55:37.447] [bmv2] [D] [thread 85887] [26.0] [cxt 0] Parser state 'start': key is 86dd
[08:55:37.447] [bmv2] [T] [thread 85887] [26.0] [cxt 0] Bytes parsed: 14
[08:55:37.447] [bmv2] [D] [thread 85887] [26.0] [cxt 0] Parser 'parser': end
[08:55:37.447] [bmv2] [D] [thread 85887] [26.0] [cxt 0] Pipeline 'ingress': start
[08:55:37.447] [bmv2] [T] [thread 85887] [26.0] [cxt 0] switch.p4(147) Condition "hdr.icn.isValid()" (node_2) is false
[08:55:37.447] [bmv2] [T] [thread 85887] [26.0] [cxt 0] switch.p4(164) Condition "hdr.payload.flag == 1" (node_13) is false
[08:55:37.447] [bmv2] [T] [thread 85887] [26.0] [cxt 0] Applying table 'tbl_data_forward_0'
[08:55:37.447] [bmv2] [D] [thread 85887] [26.0] [cxt 0] Looking up key:

[08:55:37.447] [bmv2] [D] [thread 85887] [26.0] [cxt 0] Table 'tbl_data_forward_0': miss
[08:55:37.447] [bmv2] [D] [thread 85887] [26.0] [cxt 0] Action entry is MyIngress.data_forward - 
[08:55:37.447] [bmv2] [T] [thread 85887] [26.0] [cxt 0] Action MyIngress.data_forward
[08:55:37.447] [bmv2] [T] [thread 85887] [26.0] [cxt 0] switch.p4(97) Primitive pit_table.read(egress_port, hdr.payload.content_id)
[08:55:37.447] [bmv2] [T] [thread 85887] [26.0] [cxt 0] Read register 'MyIngress.pit_table' at index 0 read value 0
[08:55:37.447] [bmv2] [T] [thread 85887] [26.0] [cxt 0] switch.p4(98) Primitive standard_metadata.egress_spec = egress_port
[08:55:37.447] [bmv2] [T] [thread 85887] [26.0] [cxt 0] switch.p4(99) Primitive pit_table.write(hdr.payload.content_id, 0)
[08:55:37.447] [bmv2] [T] [thread 85887] [26.0] [cxt 0] Wrote register 'MyIngress.pit_table' at index 0 with value 0
[08:55:37.447] [bmv2] [T] [thread 85887] [26.0] [cxt 0] switch.p4(100) Primitive hdr.ethernet.srcAddr = 0xFFFFFFFFFFFF
[08:55:37.447] [bmv2] [T] [thread 85887] [26.0] [cxt 0] switch.p4(101) Primitive hdr.ethernet.dstAddr = 0xFFFFFFFFFFFF
[08:55:37.447] [bmv2] [T] [thread 85887] [26.0] [cxt 0] switch.p4(102) Primitive hdr.payload.ttl = hdr.payload.ttl - 1
[08:55:37.447] [bmv2] [D] [thread 85887] [26.0] [cxt 0] Pipeline 'ingress': end
[08:55:37.447] [bmv2] [D] [thread 85887] [26.0] [cxt 0] Egress port is 0
[08:55:37.447] [bmv2] [D] [thread 85888] [26.0] [cxt 0] Pipeline 'egress': start
[08:55:37.447] [bmv2] [D] [thread 85888] [26.0] [cxt 0] Pipeline 'egress': end
[08:55:37.447] [bmv2] [D] [thread 85888] [26.0] [cxt 0] Deparser 'deparser': start
[08:55:37.447] [bmv2] [D] [thread 85888] [26.0] [cxt 0] Deparsing header 'ethernet'
[08:55:37.447] [bmv2] [D] [thread 85888] [26.0] [cxt 0] Deparser 'deparser': end
[08:55:37.447] [bmv2] [D] [thread 85892] [26.0] [cxt 0] Transmitting packet of size 211 out of port 0
[08:55:37.603] [bmv2] [D] [thread 85887] [27.0] [cxt 0] Processing packet received on port 2
[08:55:37.603] [bmv2] [D] [thread 85887] [27.0] [cxt 0] Parser 'parser': start
[08:55:37.603] [bmv2] [D] [thread 85887] [27.0] [cxt 0] Parser 'parser' entering state 'start'
[08:55:37.603] [bmv2] [D] [thread 85887] [27.0] [cxt 0] Extracting header 'ethernet'
[08:55:37.603] [bmv2] [D] [thread 85887] [27.0] [cxt 0] Parser state 'start': key is 86dd
[08:55:37.603] [bmv2] [T] [thread 85887] [27.0] [cxt 0] Bytes parsed: 14
[08:55:37.603] [bmv2] [D] [thread 85887] [27.0] [cxt 0] Parser 'parser': end
[08:55:37.603] [bmv2] [D] [thread 85887] [27.0] [cxt 0] Pipeline 'ingress': start
[08:55:37.603] [bmv2] [T] [thread 85887] [27.0] [cxt 0] switch.p4(147) Condition "hdr.icn.isValid()" (node_2) is false
[08:55:37.603] [bmv2] [T] [thread 85887] [27.0] [cxt 0] switch.p4(164) Condition "hdr.payload.flag == 1" (node_13) is false
[08:55:37.603] [bmv2] [T] [thread 85887] [27.0] [cxt 0] Applying table 'tbl_data_forward_0'
[08:55:37.603] [bmv2] [D] [thread 85887] [27.0] [cxt 0] Looking up key:

[08:55:37.603] [bmv2] [D] [thread 85887] [27.0] [cxt 0] Table 'tbl_data_forward_0': miss
[08:55:37.603] [bmv2] [D] [thread 85887] [27.0] [cxt 0] Action entry is MyIngress.data_forward - 
[08:55:37.603] [bmv2] [T] [thread 85887] [27.0] [cxt 0] Action MyIngress.data_forward
[08:55:37.603] [bmv2] [T] [thread 85887] [27.0] [cxt 0] switch.p4(97) Primitive pit_table.read(egress_port, hdr.payload.content_id)
[08:55:37.603] [bmv2] [T] [thread 85887] [27.0] [cxt 0] Read register 'MyIngress.pit_table' at index 0 read value 0
[08:55:37.603] [bmv2] [T] [thread 85887] [27.0] [cxt 0] switch.p4(98) Primitive standard_metadata.egress_spec = egress_port
[08:55:37.603] [bmv2] [T] [thread 85887] [27.0] [cxt 0] switch.p4(99) Primitive pit_table.write(hdr.payload.content_id, 0)
[08:55:37.603] [bmv2] [T] [thread 85887] [27.0] [cxt 0] Wrote register 'MyIngress.pit_table' at index 0 with value 0
[08:55:37.603] [bmv2] [T] [thread 85887] [27.0] [cxt 0] switch.p4(100) Primitive hdr.ethernet.srcAddr = 0xFFFFFFFFFFFF
[08:55:37.603] [bmv2] [T] [thread 85887] [27.0] [cxt 0] switch.p4(101) Primitive hdr.ethernet.dstAddr = 0xFFFFFFFFFFFF
[08:55:37.603] [bmv2] [T] [thread 85887] [27.0] [cxt 0] switch.p4(102) Primitive hdr.payload.ttl = hdr.payload.ttl - 1
[08:55:37.603] [bmv2] [D] [thread 85887] [27.0] [cxt 0] Pipeline 'ingress': end
[08:55:37.603] [bmv2] [D] [thread 85887] [27.0] [cxt 0] Egress port is 0
[08:55:37.603] [bmv2] [D] [thread 85888] [27.0] [cxt 0] Pipeline 'egress': start
[08:55:37.603] [bmv2] [D] [thread 85888] [27.0] [cxt 0] Pipeline 'egress': end
[08:55:37.603] [bmv2] [D] [thread 85888] [27.0] [cxt 0] Deparser 'deparser': start
[08:55:37.603] [bmv2] [D] [thread 85888] [27.0] [cxt 0] Deparsing header 'ethernet'
[08:55:37.603] [bmv2] [D] [thread 85888] [27.0] [cxt 0] Deparser 'deparser': end
[08:55:37.610] [bmv2] [D] [thread 85892] [27.0] [cxt 0] Transmitting packet of size 203 out of port 0
[08:55:37.680] [bmv2] [D] [thread 85887] [28.0] [cxt 0] Processing packet received on port 2
[08:55:37.680] [bmv2] [D] [thread 85887] [28.0] [cxt 0] Parser 'parser': start
[08:55:37.680] [bmv2] [D] [thread 85887] [28.0] [cxt 0] Parser 'parser' entering state 'start'
[08:55:37.680] [bmv2] [D] [thread 85887] [28.0] [cxt 0] Extracting header 'ethernet'
[08:55:37.680] [bmv2] [D] [thread 85887] [28.0] [cxt 0] Parser state 'start': key is 86dd
[08:55:37.680] [bmv2] [T] [thread 85887] [28.0] [cxt 0] Bytes parsed: 14
[08:55:37.680] [bmv2] [D] [thread 85887] [28.0] [cxt 0] Parser 'parser': end
[08:55:37.680] [bmv2] [D] [thread 85887] [28.0] [cxt 0] Pipeline 'ingress': start
[08:55:37.680] [bmv2] [T] [thread 85887] [28.0] [cxt 0] switch.p4(147) Condition "hdr.icn.isValid()" (node_2) is false
[08:55:37.680] [bmv2] [T] [thread 85887] [28.0] [cxt 0] switch.p4(164) Condition "hdr.payload.flag == 1" (node_13) is false
[08:55:37.680] [bmv2] [T] [thread 85887] [28.0] [cxt 0] Applying table 'tbl_data_forward_0'
[08:55:37.680] [bmv2] [D] [thread 85887] [28.0] [cxt 0] Looking up key:

[08:55:37.680] [bmv2] [D] [thread 85887] [28.0] [cxt 0] Table 'tbl_data_forward_0': miss
[08:55:37.680] [bmv2] [D] [thread 85887] [28.0] [cxt 0] Action entry is MyIngress.data_forward - 
[08:55:37.680] [bmv2] [T] [thread 85887] [28.0] [cxt 0] Action MyIngress.data_forward
[08:55:37.680] [bmv2] [T] [thread 85887] [28.0] [cxt 0] switch.p4(97) Primitive pit_table.read(egress_port, hdr.payload.content_id)
[08:55:37.680] [bmv2] [T] [thread 85887] [28.0] [cxt 0] Read register 'MyIngress.pit_table' at index 0 read value 0
[08:55:37.680] [bmv2] [T] [thread 85887] [28.0] [cxt 0] switch.p4(98) Primitive standard_metadata.egress_spec = egress_port
[08:55:37.680] [bmv2] [T] [thread 85887] [28.0] [cxt 0] switch.p4(99) Primitive pit_table.write(hdr.payload.content_id, 0)
[08:55:37.680] [bmv2] [T] [thread 85887] [28.0] [cxt 0] Wrote register 'MyIngress.pit_table' at index 0 with value 0
[08:55:37.680] [bmv2] [T] [thread 85887] [28.0] [cxt 0] switch.p4(100) Primitive hdr.ethernet.srcAddr = 0xFFFFFFFFFFFF
[08:55:37.680] [bmv2] [T] [thread 85887] [28.0] [cxt 0] switch.p4(101) Primitive hdr.ethernet.dstAddr = 0xFFFFFFFFFFFF
[08:55:37.680] [bmv2] [T] [thread 85887] [28.0] [cxt 0] switch.p4(102) Primitive hdr.payload.ttl = hdr.payload.ttl - 1
[08:55:37.680] [bmv2] [D] [thread 85887] [28.0] [cxt 0] Pipeline 'ingress': end
[08:55:37.680] [bmv2] [D] [thread 85887] [28.0] [cxt 0] Egress port is 0
[08:55:37.691] [bmv2] [D] [thread 85888] [28.0] [cxt 0] Pipeline 'egress': start
[08:55:37.691] [bmv2] [D] [thread 85888] [28.0] [cxt 0] Pipeline 'egress': end
[08:55:37.691] [bmv2] [D] [thread 85888] [28.0] [cxt 0] Deparser 'deparser': start
[08:55:37.691] [bmv2] [D] [thread 85888] [28.0] [cxt 0] Deparsing header 'ethernet'
[08:55:37.691] [bmv2] [D] [thread 85888] [28.0] [cxt 0] Deparser 'deparser': end
[08:55:37.691] [bmv2] [D] [thread 85892] [28.0] [cxt 0] Transmitting packet of size 199 out of port 0
[08:55:37.860] [bmv2] [D] [thread 85887] [29.0] [cxt 0] Processing packet received on port 2
[08:55:37.860] [bmv2] [D] [thread 85887] [29.0] [cxt 0] Parser 'parser': start
[08:55:37.860] [bmv2] [D] [thread 85887] [29.0] [cxt 0] Parser 'parser' entering state 'start'
[08:55:37.860] [bmv2] [D] [thread 85887] [29.0] [cxt 0] Extracting header 'ethernet'
[08:55:37.860] [bmv2] [D] [thread 85887] [29.0] [cxt 0] Parser state 'start': key is 86dd
[08:55:37.860] [bmv2] [T] [thread 85887] [29.0] [cxt 0] Bytes parsed: 14
[08:55:37.860] [bmv2] [D] [thread 85887] [29.0] [cxt 0] Parser 'parser': end
[08:55:37.860] [bmv2] [D] [thread 85887] [29.0] [cxt 0] Pipeline 'ingress': start
[08:55:37.860] [bmv2] [T] [thread 85887] [29.0] [cxt 0] switch.p4(147) Condition "hdr.icn.isValid()" (node_2) is false
[08:55:37.860] [bmv2] [T] [thread 85887] [29.0] [cxt 0] switch.p4(164) Condition "hdr.payload.flag == 1" (node_13) is false
[08:55:37.860] [bmv2] [T] [thread 85887] [29.0] [cxt 0] Applying table 'tbl_data_forward_0'
[08:55:37.860] [bmv2] [D] [thread 85887] [29.0] [cxt 0] Looking up key:

[08:55:37.860] [bmv2] [D] [thread 85887] [29.0] [cxt 0] Table 'tbl_data_forward_0': miss
[08:55:37.860] [bmv2] [D] [thread 85887] [29.0] [cxt 0] Action entry is MyIngress.data_forward - 
[08:55:37.860] [bmv2] [T] [thread 85887] [29.0] [cxt 0] Action MyIngress.data_forward
[08:55:37.860] [bmv2] [T] [thread 85887] [29.0] [cxt 0] switch.p4(97) Primitive pit_table.read(egress_port, hdr.payload.content_id)
[08:55:37.860] [bmv2] [T] [thread 85887] [29.0] [cxt 0] Read register 'MyIngress.pit_table' at index 0 read value 0
[08:55:37.860] [bmv2] [T] [thread 85887] [29.0] [cxt 0] switch.p4(98) Primitive standard_metadata.egress_spec = egress_port
[08:55:37.860] [bmv2] [T] [thread 85887] [29.0] [cxt 0] switch.p4(99) Primitive pit_table.write(hdr.payload.content_id, 0)
[08:55:37.860] [bmv2] [T] [thread 85887] [29.0] [cxt 0] Wrote register 'MyIngress.pit_table' at index 0 with value 0
[08:55:37.860] [bmv2] [T] [thread 85887] [29.0] [cxt 0] switch.p4(100) Primitive hdr.ethernet.srcAddr = 0xFFFFFFFFFFFF
[08:55:37.860] [bmv2] [T] [thread 85887] [29.0] [cxt 0] switch.p4(101) Primitive hdr.ethernet.dstAddr = 0xFFFFFFFFFFFF
[08:55:37.860] [bmv2] [T] [thread 85887] [29.0] [cxt 0] switch.p4(102) Primitive hdr.payload.ttl = hdr.payload.ttl - 1
[08:55:37.860] [bmv2] [D] [thread 85887] [29.0] [cxt 0] Pipeline 'ingress': end
[08:55:37.860] [bmv2] [D] [thread 85887] [29.0] [cxt 0] Egress port is 0
[08:55:37.860] [bmv2] [D] [thread 85888] [29.0] [cxt 0] Pipeline 'egress': start
[08:55:37.860] [bmv2] [D] [thread 85888] [29.0] [cxt 0] Pipeline 'egress': end
[08:55:37.860] [bmv2] [D] [thread 85888] [29.0] [cxt 0] Deparser 'deparser': start
[08:55:37.860] [bmv2] [D] [thread 85888] [29.0] [cxt 0] Deparsing header 'ethernet'
[08:55:37.860] [bmv2] [D] [thread 85888] [29.0] [cxt 0] Deparser 'deparser': end
[08:55:37.860] [bmv2] [D] [thread 85892] [29.0] [cxt 0] Transmitting packet of size 203 out of port 0
[08:55:37.899] [bmv2] [W] [thread 85918] [P4Runtime] p4::tmp::P4DeviceConfig is deprecated
[08:55:37.905] [bmv2] [D] [thread 85918] Set default default entry for table 'tbl_switch148': switch148 - 
[08:55:37.912] [bmv2] [D] [thread 85918] Set default default entry for table 'tbl_switch150': switch150 - 
[08:55:37.912] [bmv2] [D] [thread 85918] Set default default entry for table 'tbl_return_content': MyIngress.return_content - 
[08:55:37.922] [bmv2] [D] [thread 85918] Set default default entry for table 'tbl_return_content_0': MyIngress.return_content - 
[08:55:37.922] [bmv2] [D] [thread 85918] Set default default entry for table 'tbl_switch155': switch155 - 
[08:55:37.922] [bmv2] [D] [thread 85918] Set default default entry for table 'tbl_data_forward': MyIngress.data_forward - 
[08:55:37.922] [bmv2] [D] [thread 85918] Set default default entry for table 'tbl_switch159': switch159 - 
[08:55:37.922] [bmv2] [D] [thread 85918] Set default default entry for table 'MyIngress.foward_interest': MyIngress.drop - 
[08:55:37.922] [bmv2] [D] [thread 85918] Set default default entry for table 'tbl_cache_content': MyIngress.cache_content - 
[08:55:37.922] [bmv2] [D] [thread 85918] Set default default entry for table 'tbl_data_forward_0': MyIngress.data_forward - 
[08:55:37.922] [bmv2] [D] [thread 85918] simple_switch target has been notified of a config swap
[08:55:37.935] [bmv2] [D] [thread 85918] Entry 0 added to table 'MyIngress.foward_interest'
[08:55:37.935] [bmv2] [D] [thread 85918] Dumping entry 0
Match key:
* hdr.ethernet.srcAddr: EXACT     080000000200
Action entry: MyIngress.dup_interest - 80000000222,1,

[08:55:38.095] [bmv2] [D] [thread 85887] [30.0] [cxt 0] Processing packet received on port 1
[08:55:38.095] [bmv2] [D] [thread 85887] [30.0] [cxt 0] Parser 'parser': start
[08:55:38.095] [bmv2] [D] [thread 85887] [30.0] [cxt 0] Parser 'parser' entering state 'start'
[08:55:38.095] [bmv2] [D] [thread 85887] [30.0] [cxt 0] Extracting header 'ethernet'
[08:55:38.095] [bmv2] [D] [thread 85887] [30.0] [cxt 0] Parser state 'start': key is 86dd
[08:55:38.095] [bmv2] [T] [thread 85887] [30.0] [cxt 0] Bytes parsed: 14
[08:55:38.095] [bmv2] [D] [thread 85887] [30.0] [cxt 0] Parser 'parser': end
[08:55:38.095] [bmv2] [D] [thread 85887] [30.0] [cxt 0] Pipeline 'ingress': start
[08:55:38.095] [bmv2] [T] [thread 85887] [30.0] [cxt 0] switch.p4(147) Condition "hdr.icn.isValid()" (node_2) is false
[08:55:38.095] [bmv2] [T] [thread 85887] [30.0] [cxt 0] switch.p4(164) Condition "hdr.payload.flag == 1" (node_13) is false
[08:55:38.095] [bmv2] [T] [thread 85887] [30.0] [cxt 0] Applying table 'tbl_data_forward_0'
[08:55:38.095] [bmv2] [D] [thread 85887] [30.0] [cxt 0] Looking up key:

[08:55:38.095] [bmv2] [D] [thread 85887] [30.0] [cxt 0] Table 'tbl_data_forward_0': miss
[08:55:38.095] [bmv2] [D] [thread 85887] [30.0] [cxt 0] Action entry is MyIngress.data_forward - 
[08:55:38.095] [bmv2] [T] [thread 85887] [30.0] [cxt 0] Action MyIngress.data_forward
[08:55:38.095] [bmv2] [T] [thread 85887] [30.0] [cxt 0] switch.p4(97) Primitive pit_table.read(egress_port, hdr.payload.content_id)
[08:55:38.095] [bmv2] [T] [thread 85887] [30.0] [cxt 0] Read register 'MyIngress.pit_table' at index 0 read value 0
[08:55:38.095] [bmv2] [T] [thread 85887] [30.0] [cxt 0] switch.p4(98) Primitive standard_metadata.egress_spec = egress_port
[08:55:38.095] [bmv2] [T] [thread 85887] [30.0] [cxt 0] switch.p4(99) Primitive pit_table.write(hdr.payload.content_id, 0)
[08:55:38.095] [bmv2] [T] [thread 85887] [30.0] [cxt 0] Wrote register 'MyIngress.pit_table' at index 0 with value 0
[08:55:38.095] [bmv2] [T] [thread 85887] [30.0] [cxt 0] switch.p4(100) Primitive hdr.ethernet.srcAddr = 0xFFFFFFFFFFFF
[08:55:38.095] [bmv2] [T] [thread 85887] [30.0] [cxt 0] switch.p4(101) Primitive hdr.ethernet.dstAddr = 0xFFFFFFFFFFFF
[08:55:38.095] [bmv2] [T] [thread 85887] [30.0] [cxt 0] switch.p4(102) Primitive hdr.payload.ttl = hdr.payload.ttl - 1
[08:55:38.095] [bmv2] [D] [thread 85887] [30.0] [cxt 0] Pipeline 'ingress': end
[08:55:38.095] [bmv2] [D] [thread 85887] [30.0] [cxt 0] Egress port is 0
[08:55:38.095] [bmv2] [D] [thread 85888] [30.0] [cxt 0] Pipeline 'egress': start
[08:55:38.095] [bmv2] [D] [thread 85888] [30.0] [cxt 0] Pipeline 'egress': end
[08:55:38.095] [bmv2] [D] [thread 85888] [30.0] [cxt 0] Deparser 'deparser': start
[08:55:38.095] [bmv2] [D] [thread 85888] [30.0] [cxt 0] Deparsing header 'ethernet'
[08:55:38.095] [bmv2] [D] [thread 85888] [30.0] [cxt 0] Deparser 'deparser': end
[08:55:38.095] [bmv2] [D] [thread 85892] [30.0] [cxt 0] Transmitting packet of size 199 out of port 0
[08:55:38.371] [bmv2] [D] [thread 85887] [31.0] [cxt 0] Processing packet received on port 2
[08:55:38.371] [bmv2] [D] [thread 85887] [31.0] [cxt 0] Parser 'parser': start
[08:55:38.371] [bmv2] [D] [thread 85887] [31.0] [cxt 0] Parser 'parser' entering state 'start'
[08:55:38.371] [bmv2] [D] [thread 85887] [31.0] [cxt 0] Extracting header 'ethernet'
[08:55:38.371] [bmv2] [D] [thread 85887] [31.0] [cxt 0] Parser state 'start': key is 86dd
[08:55:38.371] [bmv2] [T] [thread 85887] [31.0] [cxt 0] Bytes parsed: 14
[08:55:38.371] [bmv2] [D] [thread 85887] [31.0] [cxt 0] Parser 'parser': end
[08:55:38.371] [bmv2] [D] [thread 85887] [31.0] [cxt 0] Pipeline 'ingress': start
[08:55:38.371] [bmv2] [T] [thread 85887] [31.0] [cxt 0] switch.p4(147) Condition "hdr.icn.isValid()" (node_2) is false
[08:55:38.371] [bmv2] [T] [thread 85887] [31.0] [cxt 0] switch.p4(164) Condition "hdr.payload.flag == 1" (node_13) is false
[08:55:38.371] [bmv2] [T] [thread 85887] [31.0] [cxt 0] Applying table 'tbl_data_forward_0'
[08:55:38.371] [bmv2] [D] [thread 85887] [31.0] [cxt 0] Looking up key:

[08:55:38.371] [bmv2] [D] [thread 85887] [31.0] [cxt 0] Table 'tbl_data_forward_0': miss
[08:55:38.371] [bmv2] [D] [thread 85887] [31.0] [cxt 0] Action entry is MyIngress.data_forward - 
[08:55:38.371] [bmv2] [T] [thread 85887] [31.0] [cxt 0] Action MyIngress.data_forward
[08:55:38.371] [bmv2] [T] [thread 85887] [31.0] [cxt 0] switch.p4(97) Primitive pit_table.read(egress_port, hdr.payload.content_id)
[08:55:38.371] [bmv2] [T] [thread 85887] [31.0] [cxt 0] Read register 'MyIngress.pit_table' at index 0 read value 0
[08:55:38.371] [bmv2] [T] [thread 85887] [31.0] [cxt 0] switch.p4(98) Primitive standard_metadata.egress_spec = egress_port
[08:55:38.371] [bmv2] [T] [thread 85887] [31.0] [cxt 0] switch.p4(99) Primitive pit_table.write(hdr.payload.content_id, 0)
[08:55:38.371] [bmv2] [T] [thread 85887] [31.0] [cxt 0] Wrote register 'MyIngress.pit_table' at index 0 with value 0
[08:55:38.371] [bmv2] [T] [thread 85887] [31.0] [cxt 0] switch.p4(100) Primitive hdr.ethernet.srcAddr = 0xFFFFFFFFFFFF
[08:55:38.371] [bmv2] [T] [thread 85887] [31.0] [cxt 0] switch.p4(101) Primitive hdr.ethernet.dstAddr = 0xFFFFFFFFFFFF
[08:55:38.371] [bmv2] [T] [thread 85887] [31.0] [cxt 0] switch.p4(102) Primitive hdr.payload.ttl = hdr.payload.ttl - 1
[08:55:38.371] [bmv2] [D] [thread 85887] [31.0] [cxt 0] Pipeline 'ingress': end
[08:55:38.371] [bmv2] [D] [thread 85887] [31.0] [cxt 0] Egress port is 0
[08:55:38.371] [bmv2] [D] [thread 85888] [31.0] [cxt 0] Pipeline 'egress': start
[08:55:38.371] [bmv2] [D] [thread 85888] [31.0] [cxt 0] Pipeline 'egress': end
[08:55:38.371] [bmv2] [D] [thread 85888] [31.0] [cxt 0] Deparser 'deparser': start
[08:55:38.371] [bmv2] [D] [thread 85888] [31.0] [cxt 0] Deparsing header 'ethernet'
[08:55:38.371] [bmv2] [D] [thread 85888] [31.0] [cxt 0] Deparser 'deparser': end
[08:55:38.371] [bmv2] [D] [thread 85892] [31.0] [cxt 0] Transmitting packet of size 199 out of port 0
[08:55:38.761] [bmv2] [D] [thread 85887] [32.0] [cxt 0] Processing packet received on port 2
[08:55:38.761] [bmv2] [D] [thread 85887] [32.0] [cxt 0] Parser 'parser': start
[08:55:38.761] [bmv2] [D] [thread 85887] [32.0] [cxt 0] Parser 'parser' entering state 'start'
[08:55:38.761] [bmv2] [D] [thread 85887] [32.0] [cxt 0] Extracting header 'ethernet'
[08:55:38.761] [bmv2] [D] [thread 85887] [32.0] [cxt 0] Parser state 'start': key is 86dd
[08:55:38.761] [bmv2] [T] [thread 85887] [32.0] [cxt 0] Bytes parsed: 14
[08:55:38.761] [bmv2] [D] [thread 85887] [32.0] [cxt 0] Parser 'parser': end
[08:55:38.761] [bmv2] [D] [thread 85887] [32.0] [cxt 0] Pipeline 'ingress': start
[08:55:38.761] [bmv2] [T] [thread 85887] [32.0] [cxt 0] switch.p4(147) Condition "hdr.icn.isValid()" (node_2) is false
[08:55:38.761] [bmv2] [T] [thread 85887] [32.0] [cxt 0] switch.p4(164) Condition "hdr.payload.flag == 1" (node_13) is false
[08:55:38.761] [bmv2] [T] [thread 85887] [32.0] [cxt 0] Applying table 'tbl_data_forward_0'
[08:55:38.761] [bmv2] [D] [thread 85887] [32.0] [cxt 0] Looking up key:

[08:55:38.761] [bmv2] [D] [thread 85887] [32.0] [cxt 0] Table 'tbl_data_forward_0': miss
[08:55:38.761] [bmv2] [D] [thread 85887] [32.0] [cxt 0] Action entry is MyIngress.data_forward - 
[08:55:38.761] [bmv2] [T] [thread 85887] [32.0] [cxt 0] Action MyIngress.data_forward
[08:55:38.761] [bmv2] [T] [thread 85887] [32.0] [cxt 0] switch.p4(97) Primitive pit_table.read(egress_port, hdr.payload.content_id)
[08:55:38.761] [bmv2] [T] [thread 85887] [32.0] [cxt 0] Read register 'MyIngress.pit_table' at index 0 read value 0
[08:55:38.761] [bmv2] [T] [thread 85887] [32.0] [cxt 0] switch.p4(98) Primitive standard_metadata.egress_spec = egress_port
[08:55:38.761] [bmv2] [T] [thread 85887] [32.0] [cxt 0] switch.p4(99) Primitive pit_table.write(hdr.payload.content_id, 0)
[08:55:38.761] [bmv2] [T] [thread 85887] [32.0] [cxt 0] Wrote register 'MyIngress.pit_table' at index 0 with value 0
[08:55:38.761] [bmv2] [T] [thread 85887] [32.0] [cxt 0] switch.p4(100) Primitive hdr.ethernet.srcAddr = 0xFFFFFFFFFFFF
[08:55:38.761] [bmv2] [T] [thread 85887] [32.0] [cxt 0] switch.p4(101) Primitive hdr.ethernet.dstAddr = 0xFFFFFFFFFFFF
[08:55:38.761] [bmv2] [T] [thread 85887] [32.0] [cxt 0] switch.p4(102) Primitive hdr.payload.ttl = hdr.payload.ttl - 1
[08:55:38.762] [bmv2] [D] [thread 85887] [32.0] [cxt 0] Pipeline 'ingress': end
[08:55:38.762] [bmv2] [D] [thread 85887] [32.0] [cxt 0] Egress port is 0
[08:55:38.763] [bmv2] [D] [thread 85888] [32.0] [cxt 0] Pipeline 'egress': start
[08:55:38.763] [bmv2] [D] [thread 85888] [32.0] [cxt 0] Pipeline 'egress': end
[08:55:38.763] [bmv2] [D] [thread 85888] [32.0] [cxt 0] Deparser 'deparser': start
[08:55:38.763] [bmv2] [D] [thread 85888] [32.0] [cxt 0] Deparsing header 'ethernet'
[08:55:38.763] [bmv2] [D] [thread 85888] [32.0] [cxt 0] Deparser 'deparser': end
[08:55:38.763] [bmv2] [D] [thread 85892] [32.0] [cxt 0] Transmitting packet of size 199 out of port 0
[08:55:39.329] [bmv2] [D] [thread 85887] [33.0] [cxt 0] Processing packet received on port 1
[08:55:39.329] [bmv2] [D] [thread 85887] [33.0] [cxt 0] Parser 'parser': start
[08:55:39.329] [bmv2] [D] [thread 85887] [33.0] [cxt 0] Parser 'parser' entering state 'start'
[08:55:39.329] [bmv2] [D] [thread 85887] [33.0] [cxt 0] Extracting header 'ethernet'
[08:55:39.329] [bmv2] [D] [thread 85887] [33.0] [cxt 0] Parser state 'start': key is 86dd
[08:55:39.329] [bmv2] [T] [thread 85887] [33.0] [cxt 0] Bytes parsed: 14
[08:55:39.329] [bmv2] [D] [thread 85887] [33.0] [cxt 0] Parser 'parser': end
[08:55:39.329] [bmv2] [D] [thread 85887] [33.0] [cxt 0] Pipeline 'ingress': start
[08:55:39.329] [bmv2] [T] [thread 85887] [33.0] [cxt 0] switch.p4(147) Condition "hdr.icn.isValid()" (node_2) is false
[08:55:39.329] [bmv2] [T] [thread 85887] [33.0] [cxt 0] switch.p4(164) Condition "hdr.payload.flag == 1" (node_13) is false
[08:55:39.329] [bmv2] [T] [thread 85887] [33.0] [cxt 0] Applying table 'tbl_data_forward_0'
[08:55:39.329] [bmv2] [D] [thread 85887] [33.0] [cxt 0] Looking up key:

[08:55:39.329] [bmv2] [D] [thread 85887] [33.0] [cxt 0] Table 'tbl_data_forward_0': miss
[08:55:39.329] [bmv2] [D] [thread 85887] [33.0] [cxt 0] Action entry is MyIngress.data_forward - 
[08:55:39.329] [bmv2] [T] [thread 85887] [33.0] [cxt 0] Action MyIngress.data_forward
[08:55:39.329] [bmv2] [T] [thread 85887] [33.0] [cxt 0] switch.p4(97) Primitive pit_table.read(egress_port, hdr.payload.content_id)
[08:55:39.329] [bmv2] [T] [thread 85887] [33.0] [cxt 0] Read register 'MyIngress.pit_table' at index 0 read value 0
[08:55:39.329] [bmv2] [T] [thread 85887] [33.0] [cxt 0] switch.p4(98) Primitive standard_metadata.egress_spec = egress_port
[08:55:39.329] [bmv2] [T] [thread 85887] [33.0] [cxt 0] switch.p4(99) Primitive pit_table.write(hdr.payload.content_id, 0)
[08:55:39.329] [bmv2] [T] [thread 85887] [33.0] [cxt 0] Wrote register 'MyIngress.pit_table' at index 0 with value 0
[08:55:39.329] [bmv2] [T] [thread 85887] [33.0] [cxt 0] switch.p4(100) Primitive hdr.ethernet.srcAddr = 0xFFFFFFFFFFFF
[08:55:39.329] [bmv2] [T] [thread 85887] [33.0] [cxt 0] switch.p4(101) Primitive hdr.ethernet.dstAddr = 0xFFFFFFFFFFFF
[08:55:39.329] [bmv2] [T] [thread 85887] [33.0] [cxt 0] switch.p4(102) Primitive hdr.payload.ttl = hdr.payload.ttl - 1
[08:55:39.329] [bmv2] [D] [thread 85887] [33.0] [cxt 0] Pipeline 'ingress': end
[08:55:39.329] [bmv2] [D] [thread 85887] [33.0] [cxt 0] Egress port is 0
[08:55:39.329] [bmv2] [D] [thread 85888] [33.0] [cxt 0] Pipeline 'egress': start
[08:55:39.329] [bmv2] [D] [thread 85888] [33.0] [cxt 0] Pipeline 'egress': end
[08:55:39.329] [bmv2] [D] [thread 85888] [33.0] [cxt 0] Deparser 'deparser': start
[08:55:39.329] [bmv2] [D] [thread 85888] [33.0] [cxt 0] Deparsing header 'ethernet'
[08:55:39.329] [bmv2] [D] [thread 85888] [33.0] [cxt 0] Deparser 'deparser': end
[08:55:39.329] [bmv2] [D] [thread 85892] [33.0] [cxt 0] Transmitting packet of size 203 out of port 0
[08:55:39.560] [bmv2] [D] [thread 85887] [34.0] [cxt 0] Processing packet received on port 2
[08:55:39.560] [bmv2] [D] [thread 85887] [34.0] [cxt 0] Parser 'parser': start
[08:55:39.560] [bmv2] [D] [thread 85887] [34.0] [cxt 0] Parser 'parser' entering state 'start'
[08:55:39.560] [bmv2] [D] [thread 85887] [34.0] [cxt 0] Extracting header 'ethernet'
[08:55:39.560] [bmv2] [D] [thread 85887] [34.0] [cxt 0] Parser state 'start': key is 86dd
[08:55:39.560] [bmv2] [T] [thread 85887] [34.0] [cxt 0] Bytes parsed: 14
[08:55:39.560] [bmv2] [D] [thread 85887] [34.0] [cxt 0] Parser 'parser': end
[08:55:39.560] [bmv2] [D] [thread 85887] [34.0] [cxt 0] Pipeline 'ingress': start
[08:55:39.560] [bmv2] [T] [thread 85887] [34.0] [cxt 0] switch.p4(147) Condition "hdr.icn.isValid()" (node_2) is false
[08:55:39.560] [bmv2] [T] [thread 85887] [34.0] [cxt 0] switch.p4(164) Condition "hdr.payload.flag == 1" (node_13) is false
[08:55:39.560] [bmv2] [T] [thread 85887] [34.0] [cxt 0] Applying table 'tbl_data_forward_0'
[08:55:39.560] [bmv2] [D] [thread 85887] [34.0] [cxt 0] Looking up key:

[08:55:39.560] [bmv2] [D] [thread 85887] [34.0] [cxt 0] Table 'tbl_data_forward_0': miss
[08:55:39.560] [bmv2] [D] [thread 85887] [34.0] [cxt 0] Action entry is MyIngress.data_forward - 
[08:55:39.560] [bmv2] [T] [thread 85887] [34.0] [cxt 0] Action MyIngress.data_forward
[08:55:39.560] [bmv2] [T] [thread 85887] [34.0] [cxt 0] switch.p4(97) Primitive pit_table.read(egress_port, hdr.payload.content_id)
[08:55:39.560] [bmv2] [T] [thread 85887] [34.0] [cxt 0] Read register 'MyIngress.pit_table' at index 0 read value 0
[08:55:39.560] [bmv2] [T] [thread 85887] [34.0] [cxt 0] switch.p4(98) Primitive standard_metadata.egress_spec = egress_port
[08:55:39.560] [bmv2] [T] [thread 85887] [34.0] [cxt 0] switch.p4(99) Primitive pit_table.write(hdr.payload.content_id, 0)
[08:55:39.560] [bmv2] [T] [thread 85887] [34.0] [cxt 0] Wrote register 'MyIngress.pit_table' at index 0 with value 0
[08:55:39.560] [bmv2] [T] [thread 85887] [34.0] [cxt 0] switch.p4(100) Primitive hdr.ethernet.srcAddr = 0xFFFFFFFFFFFF
[08:55:39.560] [bmv2] [T] [thread 85887] [34.0] [cxt 0] switch.p4(101) Primitive hdr.ethernet.dstAddr = 0xFFFFFFFFFFFF
[08:55:39.560] [bmv2] [T] [thread 85887] [34.0] [cxt 0] switch.p4(102) Primitive hdr.payload.ttl = hdr.payload.ttl - 1
[08:55:39.560] [bmv2] [D] [thread 85887] [34.0] [cxt 0] Pipeline 'ingress': end
[08:55:39.560] [bmv2] [D] [thread 85887] [34.0] [cxt 0] Egress port is 0
[08:55:39.560] [bmv2] [D] [thread 85888] [34.0] [cxt 0] Pipeline 'egress': start
[08:55:39.560] [bmv2] [D] [thread 85888] [34.0] [cxt 0] Pipeline 'egress': end
[08:55:39.560] [bmv2] [D] [thread 85888] [34.0] [cxt 0] Deparser 'deparser': start
[08:55:39.560] [bmv2] [D] [thread 85888] [34.0] [cxt 0] Deparsing header 'ethernet'
[08:55:39.560] [bmv2] [D] [thread 85888] [34.0] [cxt 0] Deparser 'deparser': end
[08:55:39.560] [bmv2] [D] [thread 85892] [34.0] [cxt 0] Transmitting packet of size 203 out of port 0
[08:55:39.833] [bmv2] [D] [thread 85887] [35.0] [cxt 0] Processing packet received on port 1
[08:55:39.833] [bmv2] [D] [thread 85887] [35.0] [cxt 0] Parser 'parser': start
[08:55:39.833] [bmv2] [D] [thread 85887] [35.0] [cxt 0] Parser 'parser' entering state 'start'
[08:55:39.833] [bmv2] [D] [thread 85887] [35.0] [cxt 0] Extracting header 'ethernet'
[08:55:39.833] [bmv2] [D] [thread 85887] [35.0] [cxt 0] Parser state 'start': key is 86dd
[08:55:39.833] [bmv2] [T] [thread 85887] [35.0] [cxt 0] Bytes parsed: 14
[08:55:39.833] [bmv2] [D] [thread 85887] [35.0] [cxt 0] Parser 'parser': end
[08:55:39.833] [bmv2] [D] [thread 85887] [35.0] [cxt 0] Pipeline 'ingress': start
[08:55:39.833] [bmv2] [T] [thread 85887] [35.0] [cxt 0] switch.p4(147) Condition "hdr.icn.isValid()" (node_2) is false
[08:55:39.833] [bmv2] [T] [thread 85887] [35.0] [cxt 0] switch.p4(164) Condition "hdr.payload.flag == 1" (node_13) is false
[08:55:39.833] [bmv2] [T] [thread 85887] [35.0] [cxt 0] Applying table 'tbl_data_forward_0'
[08:55:39.833] [bmv2] [D] [thread 85887] [35.0] [cxt 0] Looking up key:

[08:55:39.833] [bmv2] [D] [thread 85887] [35.0] [cxt 0] Table 'tbl_data_forward_0': miss
[08:55:39.833] [bmv2] [D] [thread 85887] [35.0] [cxt 0] Action entry is MyIngress.data_forward - 
[08:55:39.833] [bmv2] [T] [thread 85887] [35.0] [cxt 0] Action MyIngress.data_forward
[08:55:39.833] [bmv2] [T] [thread 85887] [35.0] [cxt 0] switch.p4(97) Primitive pit_table.read(egress_port, hdr.payload.content_id)
[08:55:39.833] [bmv2] [T] [thread 85887] [35.0] [cxt 0] Read register 'MyIngress.pit_table' at index 0 read value 0
[08:55:39.833] [bmv2] [T] [thread 85887] [35.0] [cxt 0] switch.p4(98) Primitive standard_metadata.egress_spec = egress_port
[08:55:39.833] [bmv2] [T] [thread 85887] [35.0] [cxt 0] switch.p4(99) Primitive pit_table.write(hdr.payload.content_id, 0)
[08:55:39.833] [bmv2] [T] [thread 85887] [35.0] [cxt 0] Wrote register 'MyIngress.pit_table' at index 0 with value 0
[08:55:39.833] [bmv2] [T] [thread 85887] [35.0] [cxt 0] switch.p4(100) Primitive hdr.ethernet.srcAddr = 0xFFFFFFFFFFFF
[08:55:39.833] [bmv2] [T] [thread 85887] [35.0] [cxt 0] switch.p4(101) Primitive hdr.ethernet.dstAddr = 0xFFFFFFFFFFFF
[08:55:39.833] [bmv2] [T] [thread 85887] [35.0] [cxt 0] switch.p4(102) Primitive hdr.payload.ttl = hdr.payload.ttl - 1
[08:55:39.833] [bmv2] [D] [thread 85887] [35.0] [cxt 0] Pipeline 'ingress': end
[08:55:39.833] [bmv2] [D] [thread 85887] [35.0] [cxt 0] Egress port is 0
[08:55:39.833] [bmv2] [D] [thread 85888] [35.0] [cxt 0] Pipeline 'egress': start
[08:55:39.833] [bmv2] [D] [thread 85888] [35.0] [cxt 0] Pipeline 'egress': end
[08:55:39.833] [bmv2] [D] [thread 85888] [35.0] [cxt 0] Deparser 'deparser': start
[08:55:39.833] [bmv2] [D] [thread 85888] [35.0] [cxt 0] Deparsing header 'ethernet'
[08:55:39.833] [bmv2] [D] [thread 85888] [35.0] [cxt 0] Deparser 'deparser': end
[08:55:39.833] [bmv2] [D] [thread 85892] [35.0] [cxt 0] Transmitting packet of size 70 out of port 0
[08:55:39.866] [bmv2] [D] [thread 85887] [36.0] [cxt 0] Processing packet received on port 2
[08:55:39.866] [bmv2] [D] [thread 85887] [36.0] [cxt 0] Parser 'parser': start
[08:55:39.866] [bmv2] [D] [thread 85887] [36.0] [cxt 0] Parser 'parser' entering state 'start'
[08:55:39.866] [bmv2] [D] [thread 85887] [36.0] [cxt 0] Extracting header 'ethernet'
[08:55:39.866] [bmv2] [D] [thread 85887] [36.0] [cxt 0] Parser state 'start': key is 86dd
[08:55:39.866] [bmv2] [T] [thread 85887] [36.0] [cxt 0] Bytes parsed: 14
[08:55:39.866] [bmv2] [D] [thread 85887] [36.0] [cxt 0] Parser 'parser': end
[08:55:39.866] [bmv2] [D] [thread 85887] [36.0] [cxt 0] Pipeline 'ingress': start
[08:55:39.866] [bmv2] [T] [thread 85887] [36.0] [cxt 0] switch.p4(147) Condition "hdr.icn.isValid()" (node_2) is false
[08:55:39.866] [bmv2] [T] [thread 85887] [36.0] [cxt 0] switch.p4(164) Condition "hdr.payload.flag == 1" (node_13) is false
[08:55:39.866] [bmv2] [T] [thread 85887] [36.0] [cxt 0] Applying table 'tbl_data_forward_0'
[08:55:39.866] [bmv2] [D] [thread 85887] [36.0] [cxt 0] Looking up key:

[08:55:39.866] [bmv2] [D] [thread 85887] [36.0] [cxt 0] Table 'tbl_data_forward_0': miss
[08:55:39.866] [bmv2] [D] [thread 85887] [36.0] [cxt 0] Action entry is MyIngress.data_forward - 
[08:55:39.866] [bmv2] [T] [thread 85887] [36.0] [cxt 0] Action MyIngress.data_forward
[08:55:39.866] [bmv2] [T] [thread 85887] [36.0] [cxt 0] switch.p4(97) Primitive pit_table.read(egress_port, hdr.payload.content_id)
[08:55:39.866] [bmv2] [T] [thread 85887] [36.0] [cxt 0] Read register 'MyIngress.pit_table' at index 0 read value 0
[08:55:39.866] [bmv2] [T] [thread 85887] [36.0] [cxt 0] switch.p4(98) Primitive standard_metadata.egress_spec = egress_port
[08:55:39.866] [bmv2] [T] [thread 85887] [36.0] [cxt 0] switch.p4(99) Primitive pit_table.write(hdr.payload.content_id, 0)
[08:55:39.866] [bmv2] [T] [thread 85887] [36.0] [cxt 0] Wrote register 'MyIngress.pit_table' at index 0 with value 0
[08:55:39.866] [bmv2] [T] [thread 85887] [36.0] [cxt 0] switch.p4(100) Primitive hdr.ethernet.srcAddr = 0xFFFFFFFFFFFF
[08:55:39.866] [bmv2] [T] [thread 85887] [36.0] [cxt 0] switch.p4(101) Primitive hdr.ethernet.dstAddr = 0xFFFFFFFFFFFF
[08:55:39.866] [bmv2] [T] [thread 85887] [36.0] [cxt 0] switch.p4(102) Primitive hdr.payload.ttl = hdr.payload.ttl - 1
[08:55:39.866] [bmv2] [D] [thread 85887] [36.0] [cxt 0] Pipeline 'ingress': end
[08:55:39.866] [bmv2] [D] [thread 85887] [36.0] [cxt 0] Egress port is 0
[08:55:39.866] [bmv2] [D] [thread 85888] [36.0] [cxt 0] Pipeline 'egress': start
[08:55:39.866] [bmv2] [D] [thread 85888] [36.0] [cxt 0] Pipeline 'egress': end
[08:55:39.866] [bmv2] [D] [thread 85888] [36.0] [cxt 0] Deparser 'deparser': start
[08:55:39.866] [bmv2] [D] [thread 85888] [36.0] [cxt 0] Deparsing header 'ethernet'
[08:55:39.866] [bmv2] [D] [thread 85888] [36.0] [cxt 0] Deparser 'deparser': end
[08:55:39.866] [bmv2] [D] [thread 85892] [36.0] [cxt 0] Transmitting packet of size 203 out of port 0
[08:55:40.163] [bmv2] [D] [thread 85887] [37.0] [cxt 0] Processing packet received on port 1
[08:55:40.163] [bmv2] [D] [thread 85887] [37.0] [cxt 0] Parser 'parser': start
[08:55:40.168] [bmv2] [D] [thread 85887] [37.0] [cxt 0] Parser 'parser' entering state 'start'
[08:55:40.168] [bmv2] [D] [thread 85887] [37.0] [cxt 0] Extracting header 'ethernet'
[08:55:40.168] [bmv2] [D] [thread 85887] [37.0] [cxt 0] Parser state 'start': key is 86dd
[08:55:40.168] [bmv2] [T] [thread 85887] [37.0] [cxt 0] Bytes parsed: 14
[08:55:40.168] [bmv2] [D] [thread 85887] [37.0] [cxt 0] Parser 'parser': end
[08:55:40.168] [bmv2] [D] [thread 85887] [37.0] [cxt 0] Pipeline 'ingress': start
[08:55:40.168] [bmv2] [T] [thread 85887] [37.0] [cxt 0] switch.p4(147) Condition "hdr.icn.isValid()" (node_2) is false
[08:55:40.168] [bmv2] [T] [thread 85887] [37.0] [cxt 0] switch.p4(164) Condition "hdr.payload.flag == 1" (node_13) is false
[08:55:40.168] [bmv2] [T] [thread 85887] [37.0] [cxt 0] Applying table 'tbl_data_forward_0'
[08:55:40.168] [bmv2] [D] [thread 85887] [37.0] [cxt 0] Looking up key:

[08:55:40.168] [bmv2] [D] [thread 85887] [37.0] [cxt 0] Table 'tbl_data_forward_0': miss
[08:55:40.168] [bmv2] [D] [thread 85887] [37.0] [cxt 0] Action entry is MyIngress.data_forward - 
[08:55:40.168] [bmv2] [T] [thread 85887] [37.0] [cxt 0] Action MyIngress.data_forward
[08:55:40.168] [bmv2] [T] [thread 85887] [37.0] [cxt 0] switch.p4(97) Primitive pit_table.read(egress_port, hdr.payload.content_id)
[08:55:40.168] [bmv2] [T] [thread 85887] [37.0] [cxt 0] Read register 'MyIngress.pit_table' at index 0 read value 0
[08:55:40.168] [bmv2] [T] [thread 85887] [37.0] [cxt 0] switch.p4(98) Primitive standard_metadata.egress_spec = egress_port
[08:55:40.168] [bmv2] [T] [thread 85887] [37.0] [cxt 0] switch.p4(99) Primitive pit_table.write(hdr.payload.content_id, 0)
[08:55:40.168] [bmv2] [T] [thread 85887] [37.0] [cxt 0] Wrote register 'MyIngress.pit_table' at index 0 with value 0
[08:55:40.168] [bmv2] [T] [thread 85887] [37.0] [cxt 0] switch.p4(100) Primitive hdr.ethernet.srcAddr = 0xFFFFFFFFFFFF
[08:55:40.168] [bmv2] [T] [thread 85887] [37.0] [cxt 0] switch.p4(101) Primitive hdr.ethernet.dstAddr = 0xFFFFFFFFFFFF
[08:55:40.168] [bmv2] [T] [thread 85887] [37.0] [cxt 0] switch.p4(102) Primitive hdr.payload.ttl = hdr.payload.ttl - 1
[08:55:40.168] [bmv2] [D] [thread 85887] [37.0] [cxt 0] Pipeline 'ingress': end
[08:55:40.168] [bmv2] [D] [thread 85887] [37.0] [cxt 0] Egress port is 0
[08:55:40.168] [bmv2] [D] [thread 85888] [37.0] [cxt 0] Pipeline 'egress': start
[08:55:40.168] [bmv2] [D] [thread 85888] [37.0] [cxt 0] Pipeline 'egress': end
[08:55:40.168] [bmv2] [D] [thread 85888] [37.0] [cxt 0] Deparser 'deparser': start
[08:55:40.168] [bmv2] [D] [thread 85888] [37.0] [cxt 0] Deparsing header 'ethernet'
[08:55:40.168] [bmv2] [D] [thread 85888] [37.0] [cxt 0] Deparser 'deparser': end
[08:55:40.168] [bmv2] [D] [thread 85892] [37.0] [cxt 0] Transmitting packet of size 199 out of port 0
[08:55:40.458] [bmv2] [D] [thread 85887] [38.0] [cxt 0] Processing packet received on port 2
[08:55:40.458] [bmv2] [D] [thread 85887] [38.0] [cxt 0] Parser 'parser': start
[08:55:40.458] [bmv2] [D] [thread 85887] [38.0] [cxt 0] Parser 'parser' entering state 'start'
[08:55:40.458] [bmv2] [D] [thread 85887] [38.0] [cxt 0] Extracting header 'ethernet'
[08:55:40.458] [bmv2] [D] [thread 85887] [38.0] [cxt 0] Parser state 'start': key is 86dd
[08:55:40.458] [bmv2] [T] [thread 85887] [38.0] [cxt 0] Bytes parsed: 14
[08:55:40.458] [bmv2] [D] [thread 85887] [38.0] [cxt 0] Parser 'parser': end
[08:55:40.458] [bmv2] [D] [thread 85887] [38.0] [cxt 0] Pipeline 'ingress': start
[08:55:40.458] [bmv2] [T] [thread 85887] [38.0] [cxt 0] switch.p4(147) Condition "hdr.icn.isValid()" (node_2) is false
[08:55:40.458] [bmv2] [T] [thread 85887] [38.0] [cxt 0] switch.p4(164) Condition "hdr.payload.flag == 1" (node_13) is false
[08:55:40.458] [bmv2] [T] [thread 85887] [38.0] [cxt 0] Applying table 'tbl_data_forward_0'
[08:55:40.458] [bmv2] [D] [thread 85887] [38.0] [cxt 0] Looking up key:

[08:55:40.458] [bmv2] [D] [thread 85887] [38.0] [cxt 0] Table 'tbl_data_forward_0': miss
[08:55:40.458] [bmv2] [D] [thread 85887] [38.0] [cxt 0] Action entry is MyIngress.data_forward - 
[08:55:40.458] [bmv2] [T] [thread 85887] [38.0] [cxt 0] Action MyIngress.data_forward
[08:55:40.458] [bmv2] [T] [thread 85887] [38.0] [cxt 0] switch.p4(97) Primitive pit_table.read(egress_port, hdr.payload.content_id)
[08:55:40.458] [bmv2] [T] [thread 85887] [38.0] [cxt 0] Read register 'MyIngress.pit_table' at index 0 read value 0
[08:55:40.458] [bmv2] [T] [thread 85887] [38.0] [cxt 0] switch.p4(98) Primitive standard_metadata.egress_spec = egress_port
[08:55:40.458] [bmv2] [T] [thread 85887] [38.0] [cxt 0] switch.p4(99) Primitive pit_table.write(hdr.payload.content_id, 0)
[08:55:40.458] [bmv2] [T] [thread 85887] [38.0] [cxt 0] Wrote register 'MyIngress.pit_table' at index 0 with value 0
[08:55:40.458] [bmv2] [T] [thread 85887] [38.0] [cxt 0] switch.p4(100) Primitive hdr.ethernet.srcAddr = 0xFFFFFFFFFFFF
[08:55:40.458] [bmv2] [T] [thread 85887] [38.0] [cxt 0] switch.p4(101) Primitive hdr.ethernet.dstAddr = 0xFFFFFFFFFFFF
[08:55:40.458] [bmv2] [T] [thread 85887] [38.0] [cxt 0] switch.p4(102) Primitive hdr.payload.ttl = hdr.payload.ttl - 1
[08:55:40.458] [bmv2] [D] [thread 85887] [38.0] [cxt 0] Pipeline 'ingress': end
[08:55:40.458] [bmv2] [D] [thread 85887] [38.0] [cxt 0] Egress port is 0
[08:55:40.458] [bmv2] [D] [thread 85888] [38.0] [cxt 0] Pipeline 'egress': start
[08:55:40.458] [bmv2] [D] [thread 85888] [38.0] [cxt 0] Pipeline 'egress': end
[08:55:40.458] [bmv2] [D] [thread 85888] [38.0] [cxt 0] Deparser 'deparser': start
[08:55:40.458] [bmv2] [D] [thread 85888] [38.0] [cxt 0] Deparsing header 'ethernet'
[08:55:40.458] [bmv2] [D] [thread 85888] [38.0] [cxt 0] Deparser 'deparser': end
[08:55:40.458] [bmv2] [D] [thread 85892] [38.0] [cxt 0] Transmitting packet of size 70 out of port 0
[08:55:40.527] [bmv2] [D] [thread 85887] [39.0] [cxt 0] Processing packet received on port 2
[08:55:40.527] [bmv2] [D] [thread 85887] [39.0] [cxt 0] Parser 'parser': start
[08:55:40.527] [bmv2] [D] [thread 85887] [39.0] [cxt 0] Parser 'parser' entering state 'start'
[08:55:40.527] [bmv2] [D] [thread 85887] [39.0] [cxt 0] Extracting header 'ethernet'
[08:55:40.527] [bmv2] [D] [thread 85887] [39.0] [cxt 0] Parser state 'start': key is 86dd
[08:55:40.527] [bmv2] [T] [thread 85887] [39.0] [cxt 0] Bytes parsed: 14
[08:55:40.527] [bmv2] [D] [thread 85887] [39.0] [cxt 0] Parser 'parser': end
[08:55:40.527] [bmv2] [D] [thread 85887] [39.0] [cxt 0] Pipeline 'ingress': start
[08:55:40.527] [bmv2] [T] [thread 85887] [39.0] [cxt 0] switch.p4(147) Condition "hdr.icn.isValid()" (node_2) is false
[08:55:40.527] [bmv2] [T] [thread 85887] [39.0] [cxt 0] switch.p4(164) Condition "hdr.payload.flag == 1" (node_13) is false
[08:55:40.527] [bmv2] [T] [thread 85887] [39.0] [cxt 0] Applying table 'tbl_data_forward_0'
[08:55:40.527] [bmv2] [D] [thread 85887] [39.0] [cxt 0] Looking up key:

[08:55:40.527] [bmv2] [D] [thread 85887] [39.0] [cxt 0] Table 'tbl_data_forward_0': miss
[08:55:40.527] [bmv2] [D] [thread 85887] [39.0] [cxt 0] Action entry is MyIngress.data_forward - 
[08:55:40.527] [bmv2] [T] [thread 85887] [39.0] [cxt 0] Action MyIngress.data_forward
[08:55:40.527] [bmv2] [T] [thread 85887] [39.0] [cxt 0] switch.p4(97) Primitive pit_table.read(egress_port, hdr.payload.content_id)
[08:55:40.527] [bmv2] [T] [thread 85887] [39.0] [cxt 0] Read register 'MyIngress.pit_table' at index 0 read value 0
[08:55:40.527] [bmv2] [T] [thread 85887] [39.0] [cxt 0] switch.p4(98) Primitive standard_metadata.egress_spec = egress_port
[08:55:40.527] [bmv2] [T] [thread 85887] [39.0] [cxt 0] switch.p4(99) Primitive pit_table.write(hdr.payload.content_id, 0)
[08:55:40.527] [bmv2] [T] [thread 85887] [39.0] [cxt 0] Wrote register 'MyIngress.pit_table' at index 0 with value 0
[08:55:40.527] [bmv2] [T] [thread 85887] [39.0] [cxt 0] switch.p4(100) Primitive hdr.ethernet.srcAddr = 0xFFFFFFFFFFFF
[08:55:40.527] [bmv2] [T] [thread 85887] [39.0] [cxt 0] switch.p4(101) Primitive hdr.ethernet.dstAddr = 0xFFFFFFFFFFFF
[08:55:40.527] [bmv2] [T] [thread 85887] [39.0] [cxt 0] switch.p4(102) Primitive hdr.payload.ttl = hdr.payload.ttl - 1
[08:55:40.527] [bmv2] [D] [thread 85887] [39.0] [cxt 0] Pipeline 'ingress': end
[08:55:40.527] [bmv2] [D] [thread 85887] [39.0] [cxt 0] Egress port is 0
[08:55:40.527] [bmv2] [D] [thread 85888] [39.0] [cxt 0] Pipeline 'egress': start
[08:55:40.527] [bmv2] [D] [thread 85888] [39.0] [cxt 0] Pipeline 'egress': end
[08:55:40.527] [bmv2] [D] [thread 85888] [39.0] [cxt 0] Deparser 'deparser': start
[08:55:40.527] [bmv2] [D] [thread 85888] [39.0] [cxt 0] Deparsing header 'ethernet'
[08:55:40.527] [bmv2] [D] [thread 85888] [39.0] [cxt 0] Deparser 'deparser': end
[08:55:40.527] [bmv2] [D] [thread 85892] [39.0] [cxt 0] Transmitting packet of size 199 out of port 0
[08:55:40.830] [bmv2] [D] [thread 85887] [40.0] [cxt 0] Processing packet received on port 2
[08:55:40.830] [bmv2] [D] [thread 85887] [40.0] [cxt 0] Parser 'parser': start
[08:55:40.830] [bmv2] [D] [thread 85887] [40.0] [cxt 0] Parser 'parser' entering state 'start'
[08:55:40.830] [bmv2] [D] [thread 85887] [40.0] [cxt 0] Extracting header 'ethernet'
[08:55:40.830] [bmv2] [D] [thread 85887] [40.0] [cxt 0] Parser state 'start': key is 86dd
[08:55:40.830] [bmv2] [T] [thread 85887] [40.0] [cxt 0] Bytes parsed: 14
[08:55:40.830] [bmv2] [D] [thread 85887] [40.0] [cxt 0] Parser 'parser': end
[08:55:40.830] [bmv2] [D] [thread 85887] [40.0] [cxt 0] Pipeline 'ingress': start
[08:55:40.830] [bmv2] [T] [thread 85887] [40.0] [cxt 0] switch.p4(147) Condition "hdr.icn.isValid()" (node_2) is false
[08:55:40.830] [bmv2] [T] [thread 85887] [40.0] [cxt 0] switch.p4(164) Condition "hdr.payload.flag == 1" (node_13) is false
[08:55:40.830] [bmv2] [T] [thread 85887] [40.0] [cxt 0] Applying table 'tbl_data_forward_0'
[08:55:40.830] [bmv2] [D] [thread 85887] [40.0] [cxt 0] Looking up key:

[08:55:40.830] [bmv2] [D] [thread 85887] [40.0] [cxt 0] Table 'tbl_data_forward_0': miss
[08:55:40.830] [bmv2] [D] [thread 85887] [40.0] [cxt 0] Action entry is MyIngress.data_forward - 
[08:55:40.830] [bmv2] [T] [thread 85887] [40.0] [cxt 0] Action MyIngress.data_forward
[08:55:40.830] [bmv2] [T] [thread 85887] [40.0] [cxt 0] switch.p4(97) Primitive pit_table.read(egress_port, hdr.payload.content_id)
[08:55:40.830] [bmv2] [T] [thread 85887] [40.0] [cxt 0] Read register 'MyIngress.pit_table' at index 0 read value 0
[08:55:40.830] [bmv2] [T] [thread 85887] [40.0] [cxt 0] switch.p4(98) Primitive standard_metadata.egress_spec = egress_port
[08:55:40.830] [bmv2] [T] [thread 85887] [40.0] [cxt 0] switch.p4(99) Primitive pit_table.write(hdr.payload.content_id, 0)
[08:55:40.830] [bmv2] [T] [thread 85887] [40.0] [cxt 0] Wrote register 'MyIngress.pit_table' at index 0 with value 0
[08:55:40.830] [bmv2] [T] [thread 85887] [40.0] [cxt 0] switch.p4(100) Primitive hdr.ethernet.srcAddr = 0xFFFFFFFFFFFF
[08:55:40.830] [bmv2] [T] [thread 85887] [40.0] [cxt 0] switch.p4(101) Primitive hdr.ethernet.dstAddr = 0xFFFFFFFFFFFF
[08:55:40.830] [bmv2] [T] [thread 85887] [40.0] [cxt 0] switch.p4(102) Primitive hdr.payload.ttl = hdr.payload.ttl - 1
[08:55:40.830] [bmv2] [D] [thread 85887] [40.0] [cxt 0] Pipeline 'ingress': end
[08:55:40.830] [bmv2] [D] [thread 85887] [40.0] [cxt 0] Egress port is 0
[08:55:40.830] [bmv2] [D] [thread 85888] [40.0] [cxt 0] Pipeline 'egress': start
[08:55:40.830] [bmv2] [D] [thread 85888] [40.0] [cxt 0] Pipeline 'egress': end
[08:55:40.830] [bmv2] [D] [thread 85888] [40.0] [cxt 0] Deparser 'deparser': start
[08:55:40.830] [bmv2] [D] [thread 85888] [40.0] [cxt 0] Deparsing header 'ethernet'
[08:55:40.830] [bmv2] [D] [thread 85888] [40.0] [cxt 0] Deparser 'deparser': end
[08:55:40.830] [bmv2] [D] [thread 85892] [40.0] [cxt 0] Transmitting packet of size 199 out of port 0
[08:55:41.297] [bmv2] [D] [thread 85887] [41.0] [cxt 0] Processing packet received on port 2
[08:55:41.297] [bmv2] [D] [thread 85887] [41.0] [cxt 0] Parser 'parser': start
[08:55:41.297] [bmv2] [D] [thread 85887] [41.0] [cxt 0] Parser 'parser' entering state 'start'
[08:55:41.297] [bmv2] [D] [thread 85887] [41.0] [cxt 0] Extracting header 'ethernet'
[08:55:41.297] [bmv2] [D] [thread 85887] [41.0] [cxt 0] Parser state 'start': key is 88b5
[08:55:41.297] [bmv2] [T] [thread 85887] [41.0] [cxt 0] Bytes parsed: 14
[08:55:41.297] [bmv2] [D] [thread 85887] [41.0] [cxt 0] Parser 'parser' entering state 'parse_icn'
[08:55:41.297] [bmv2] [D] [thread 85887] [41.0] [cxt 0] Extracting header 'icn'
[08:55:41.297] [bmv2] [D] [thread 85887] [41.0] [cxt 0] Parser state 'parse_icn' has no switch, going to default next state
[08:55:41.297] [bmv2] [T] [thread 85887] [41.0] [cxt 0] Bytes parsed: 22
[08:55:41.297] [bmv2] [D] [thread 85887] [41.0] [cxt 0] Parser 'parser': end
[08:55:41.297] [bmv2] [D] [thread 85887] [41.0] [cxt 0] Pipeline 'ingress': start
[08:55:41.297] [bmv2] [T] [thread 85887] [41.0] [cxt 0] switch.p4(147) Condition "hdr.icn.isValid()" (node_2) is true
[08:55:41.297] [bmv2] [T] [thread 85887] [41.0] [cxt 0] Applying table 'tbl_switch148'
[08:55:41.297] [bmv2] [D] [thread 85887] [41.0] [cxt 0] Looking up key:

[08:55:41.297] [bmv2] [D] [thread 85887] [41.0] [cxt 0] Table 'tbl_switch148': miss
[08:55:41.297] [bmv2] [D] [thread 85887] [41.0] [cxt 0] Action entry is switch148 - 
[08:55:41.297] [bmv2] [T] [thread 85887] [41.0] [cxt 0] Action switch148
[08:55:41.297] [bmv2] [T] [thread 85887] [41.0] [cxt 0] switch.p4(148) Primitive content_cache.read(cached_data, hdr.icn.content_id)
[08:55:41.297] [bmv2] [T] [thread 85887] [41.0] [cxt 0] Read register 'MyIngress.content_cache' at index 1 read value 0
[08:55:41.297] [bmv2] [T] [thread 85887] [41.0] [cxt 0] switch.p4(149) Condition "cached_data != 0" (node_4) is false
[08:55:41.297] [bmv2] [T] [thread 85887] [41.0] [cxt 0] Applying table 'tbl_switch159'
[08:55:41.297] [bmv2] [D] [thread 85887] [41.0] [cxt 0] Looking up key:

[08:55:41.297] [bmv2] [D] [thread 85887] [41.0] [cxt 0] Table 'tbl_switch159': miss
[08:55:41.297] [bmv2] [D] [thread 85887] [41.0] [cxt 0] Action entry is switch159 - 
[08:55:41.297] [bmv2] [T] [thread 85887] [41.0] [cxt 0] Action switch159
[08:55:41.297] [bmv2] [T] [thread 85887] [41.0] [cxt 0] switch.p4(159) Primitive hdr.icn.flag = 0
[08:55:41.297] [bmv2] [T] [thread 85887] [41.0] [cxt 0] switch.p4(160) Primitive pit_table.write(hdr.icn.content_id, standard_metadata.ingress_port)
[08:55:41.297] [bmv2] [T] [thread 85887] [41.0] [cxt 0] Wrote register 'MyIngress.pit_table' at index 1 with value 2
[08:55:41.298] [bmv2] [T] [thread 85887] [41.0] [cxt 0] Applying table 'MyIngress.foward_interest'
[08:55:41.298] [bmv2] [D] [thread 85887] [41.0] [cxt 0] Looking up key:
* hdr.ethernet.srcAddr: 080000000200

[08:55:41.298] [bmv2] [D] [thread 85887] [41.0] [cxt 0] Table 'MyIngress.foward_interest': hit with handle 0
[08:55:41.298] [bmv2] [D] [thread 85887] [41.0] [cxt 0] Dumping entry 0
Match key:
* hdr.ethernet.srcAddr: EXACT     080000000200
Action entry: MyIngress.dup_interest - 80000000222,1,

[08:55:41.298] [bmv2] [D] [thread 85887] [41.0] [cxt 0] Action entry is MyIngress.dup_interest - 80000000222,1,
[08:55:41.298] [bmv2] [T] [thread 85887] [41.0] [cxt 0] Action MyIngress.dup_interest
[08:55:41.298] [bmv2] [T] [thread 85887] [41.0] [cxt 0] switch.p4(124) Primitive standard_metadata.egress_spec = port
[08:55:41.298] [bmv2] [T] [thread 85887] [41.0] [cxt 0] switch.p4(125) Primitive hdr.ethernet.srcAddr = hdr.ethernet.dstAddr
[08:55:41.298] [bmv2] [T] [thread 85887] [41.0] [cxt 0] switch.p4(126) Primitive hdr.ethernet.dstAddr = dstAddr
[08:55:41.298] [bmv2] [T] [thread 85887] [41.0] [cxt 0] switch.p4(128) Primitive hdr.icn.hop_count = hdr.icn.hop_count - 1
[08:55:41.298] [bmv2] [D] [thread 85887] [41.0] [cxt 0] Pipeline 'ingress': end
[08:55:41.298] [bmv2] [D] [thread 85887] [41.0] [cxt 0] Egress port is 1
[08:55:41.299] [bmv2] [D] [thread 85889] [41.0] [cxt 0] Pipeline 'egress': start
[08:55:41.299] [bmv2] [D] [thread 85889] [41.0] [cxt 0] Pipeline 'egress': end
[08:55:41.299] [bmv2] [D] [thread 85889] [41.0] [cxt 0] Deparser 'deparser': start
[08:55:41.299] [bmv2] [D] [thread 85889] [41.0] [cxt 0] Deparsing header 'ethernet'
[08:55:41.299] [bmv2] [D] [thread 85889] [41.0] [cxt 0] Deparsing header 'icn'
[08:55:41.299] [bmv2] [D] [thread 85889] [41.0] [cxt 0] Deparser 'deparser': end
[08:55:41.299] [bmv2] [D] [thread 85892] [41.0] [cxt 0] Transmitting packet of size 22 out of port 1
[08:55:41.309] [bmv2] [D] [thread 85887] [42.0] [cxt 0] Processing packet received on port 1
[08:55:41.311] [bmv2] [D] [thread 85887] [42.0] [cxt 0] Parser 'parser': start
[08:55:41.311] [bmv2] [D] [thread 85887] [42.0] [cxt 0] Parser 'parser' entering state 'start'
[08:55:41.311] [bmv2] [D] [thread 85887] [42.0] [cxt 0] Extracting header 'ethernet'
[08:55:41.311] [bmv2] [D] [thread 85887] [42.0] [cxt 0] Parser state 'start': key is 88b6
[08:55:41.311] [bmv2] [T] [thread 85887] [42.0] [cxt 0] Bytes parsed: 14
[08:55:41.311] [bmv2] [D] [thread 85887] [42.0] [cxt 0] Parser 'parser' entering state 'parse_payload'
[08:55:41.311] [bmv2] [D] [thread 85887] [42.0] [cxt 0] Extracting header 'payload'
[08:55:41.311] [bmv2] [D] [thread 85887] [42.0] [cxt 0] Parser state 'parse_payload' has no switch, going to default next state
[08:55:41.311] [bmv2] [T] [thread 85887] [42.0] [cxt 0] Bytes parsed: 276
[08:55:41.311] [bmv2] [D] [thread 85887] [42.0] [cxt 0] Parser 'parser': end
[08:55:41.311] [bmv2] [D] [thread 85887] [42.0] [cxt 0] Pipeline 'ingress': start
[08:55:41.311] [bmv2] [T] [thread 85887] [42.0] [cxt 0] switch.p4(147) Condition "hdr.icn.isValid()" (node_2) is false
[08:55:41.311] [bmv2] [T] [thread 85887] [42.0] [cxt 0] switch.p4(164) Condition "hdr.payload.flag == 1" (node_13) is true
[08:55:41.311] [bmv2] [T] [thread 85887] [42.0] [cxt 0] Applying table 'tbl_cache_content'
[08:55:41.311] [bmv2] [D] [thread 85887] [42.0] [cxt 0] Looking up key:

[08:55:41.311] [bmv2] [D] [thread 85887] [42.0] [cxt 0] Table 'tbl_cache_content': miss
[08:55:41.311] [bmv2] [D] [thread 85887] [42.0] [cxt 0] Action entry is MyIngress.cache_content - 
[08:55:41.311] [bmv2] [T] [thread 85887] [42.0] [cxt 0] Action MyIngress.cache_content
[08:55:41.311] [bmv2] [T] [thread 85887] [42.0] [cxt 0] switch.p4(106) Primitive content_cache.write(hdr.payload.content_id, hdr.payload.data)
[08:55:41.311] [bmv2] [T] [thread 85887] [42.0] [cxt 0] Wrote register 'MyIngress.content_cache' at index 1 with value 17334248032272856919049904129148938617700988014304292665051363529817104491524797347555222073430792320059939653561838142512049133114388715375014781493453850835185074611781570404847019710571613655373669594595135033889630776998479070814982991093682257016220976393663747692290960138236990461169158975424217495205235714645535325005531839232559780229597835373266260635303518876566160865710124377185704679970288330545603901891183133829188678302433295812412601508611578502040926066791030664212907508769521753768992941363800118204875972853288437881499254902667790476020116895095900119866747339270646056253520273313150781095936
[08:55:41.311] [bmv2] [T] [thread 85887] [42.0] [cxt 0] switch.p4(107) Primitive hdr.payload.flag = 0
[08:55:41.311] [bmv2] [T] [thread 85887] [42.0] [cxt 0] Applying table 'tbl_data_forward_0'
[08:55:41.311] [bmv2] [D] [thread 85887] [42.0] [cxt 0] Looking up key:

[08:55:41.311] [bmv2] [D] [thread 85887] [42.0] [cxt 0] Table 'tbl_data_forward_0': miss
[08:55:41.311] [bmv2] [D] [thread 85887] [42.0] [cxt 0] Action entry is MyIngress.data_forward - 
[08:55:41.311] [bmv2] [T] [thread 85887] [42.0] [cxt 0] Action MyIngress.data_forward
[08:55:41.311] [bmv2] [T] [thread 85887] [42.0] [cxt 0] switch.p4(97) Primitive pit_table.read(egress_port, hdr.payload.content_id)
[08:55:41.311] [bmv2] [T] [thread 85887] [42.0] [cxt 0] Read register 'MyIngress.pit_table' at index 1 read value 2
[08:55:41.311] [bmv2] [T] [thread 85887] [42.0] [cxt 0] switch.p4(98) Primitive standard_metadata.egress_spec = egress_port
[08:55:41.311] [bmv2] [T] [thread 85887] [42.0] [cxt 0] switch.p4(99) Primitive pit_table.write(hdr.payload.content_id, 0)
[08:55:41.311] [bmv2] [T] [thread 85887] [42.0] [cxt 0] Wrote register 'MyIngress.pit_table' at index 1 with value 0
[08:55:41.311] [bmv2] [T] [thread 85887] [42.0] [cxt 0] switch.p4(100) Primitive hdr.ethernet.srcAddr = 0xFFFFFFFFFFFF
[08:55:41.311] [bmv2] [T] [thread 85887] [42.0] [cxt 0] switch.p4(101) Primitive hdr.ethernet.dstAddr = 0xFFFFFFFFFFFF
[08:55:41.311] [bmv2] [T] [thread 85887] [42.0] [cxt 0] switch.p4(102) Primitive hdr.payload.ttl = hdr.payload.ttl - 1
[08:55:41.311] [bmv2] [D] [thread 85887] [42.0] [cxt 0] Pipeline 'ingress': end
[08:55:41.311] [bmv2] [D] [thread 85887] [42.0] [cxt 0] Egress port is 2
[08:55:41.312] [bmv2] [D] [thread 85890] [42.0] [cxt 0] Pipeline 'egress': start
[08:55:41.312] [bmv2] [D] [thread 85890] [42.0] [cxt 0] Pipeline 'egress': end
[08:55:41.312] [bmv2] [D] [thread 85890] [42.0] [cxt 0] Deparser 'deparser': start
[08:55:41.312] [bmv2] [D] [thread 85890] [42.0] [cxt 0] Deparsing header 'ethernet'
[08:55:41.312] [bmv2] [D] [thread 85890] [42.0] [cxt 0] Deparsing header 'payload'
[08:55:41.312] [bmv2] [D] [thread 85890] [42.0] [cxt 0] Deparser 'deparser': end
[08:55:41.312] [bmv2] [D] [thread 85892] [42.0] [cxt 0] Transmitting packet of size 276 out of port 2
[08:55:41.564] [bmv2] [D] [thread 85887] [43.0] [cxt 0] Processing packet received on port 2
[08:55:41.564] [bmv2] [D] [thread 85887] [43.0] [cxt 0] Parser 'parser': start
[08:55:41.564] [bmv2] [D] [thread 85887] [43.0] [cxt 0] Parser 'parser' entering state 'start'
[08:55:41.564] [bmv2] [D] [thread 85887] [43.0] [cxt 0] Extracting header 'ethernet'
[08:55:41.564] [bmv2] [D] [thread 85887] [43.0] [cxt 0] Parser state 'start': key is 86dd
[08:55:41.564] [bmv2] [T] [thread 85887] [43.0] [cxt 0] Bytes parsed: 14
[08:55:41.564] [bmv2] [D] [thread 85887] [43.0] [cxt 0] Parser 'parser': end
[08:55:41.564] [bmv2] [D] [thread 85887] [43.0] [cxt 0] Pipeline 'ingress': start
[08:55:41.564] [bmv2] [T] [thread 85887] [43.0] [cxt 0] switch.p4(147) Condition "hdr.icn.isValid()" (node_2) is false
[08:55:41.564] [bmv2] [T] [thread 85887] [43.0] [cxt 0] switch.p4(164) Condition "hdr.payload.flag == 1" (node_13) is false
[08:55:41.564] [bmv2] [T] [thread 85887] [43.0] [cxt 0] Applying table 'tbl_data_forward_0'
[08:55:41.564] [bmv2] [D] [thread 85887] [43.0] [cxt 0] Looking up key:

[08:55:41.564] [bmv2] [D] [thread 85887] [43.0] [cxt 0] Table 'tbl_data_forward_0': miss
[08:55:41.564] [bmv2] [D] [thread 85887] [43.0] [cxt 0] Action entry is MyIngress.data_forward - 
[08:55:41.564] [bmv2] [T] [thread 85887] [43.0] [cxt 0] Action MyIngress.data_forward
[08:55:41.564] [bmv2] [T] [thread 85887] [43.0] [cxt 0] switch.p4(97) Primitive pit_table.read(egress_port, hdr.payload.content_id)
[08:55:41.564] [bmv2] [T] [thread 85887] [43.0] [cxt 0] Read register 'MyIngress.pit_table' at index 1 read value 0
[08:55:41.564] [bmv2] [T] [thread 85887] [43.0] [cxt 0] switch.p4(98) Primitive standard_metadata.egress_spec = egress_port
[08:55:41.564] [bmv2] [T] [thread 85887] [43.0] [cxt 0] switch.p4(99) Primitive pit_table.write(hdr.payload.content_id, 0)
[08:55:41.564] [bmv2] [T] [thread 85887] [43.0] [cxt 0] Wrote register 'MyIngress.pit_table' at index 1 with value 0
[08:55:41.564] [bmv2] [T] [thread 85887] [43.0] [cxt 0] switch.p4(100) Primitive hdr.ethernet.srcAddr = 0xFFFFFFFFFFFF
[08:55:41.564] [bmv2] [T] [thread 85887] [43.0] [cxt 0] switch.p4(101) Primitive hdr.ethernet.dstAddr = 0xFFFFFFFFFFFF
[08:55:41.564] [bmv2] [T] [thread 85887] [43.0] [cxt 0] switch.p4(102) Primitive hdr.payload.ttl = hdr.payload.ttl - 1
[08:55:41.564] [bmv2] [D] [thread 85887] [43.0] [cxt 0] Pipeline 'ingress': end
[08:55:41.564] [bmv2] [D] [thread 85887] [43.0] [cxt 0] Egress port is 0
[08:55:41.564] [bmv2] [D] [thread 85888] [43.0] [cxt 0] Pipeline 'egress': start
[08:55:41.564] [bmv2] [D] [thread 85888] [43.0] [cxt 0] Pipeline 'egress': end
[08:55:41.564] [bmv2] [D] [thread 85888] [43.0] [cxt 0] Deparser 'deparser': start
[08:55:41.564] [bmv2] [D] [thread 85888] [43.0] [cxt 0] Deparsing header 'ethernet'
[08:55:41.564] [bmv2] [D] [thread 85888] [43.0] [cxt 0] Deparser 'deparser': end
[08:55:41.564] [bmv2] [D] [thread 85892] [43.0] [cxt 0] Transmitting packet of size 70 out of port 0
[08:55:42.278] [bmv2] [D] [thread 85887] [44.0] [cxt 0] Processing packet received on port 2
[08:55:42.278] [bmv2] [D] [thread 85887] [44.0] [cxt 0] Parser 'parser': start
[08:55:42.278] [bmv2] [D] [thread 85887] [44.0] [cxt 0] Parser 'parser' entering state 'start'
[08:55:42.278] [bmv2] [D] [thread 85887] [44.0] [cxt 0] Extracting header 'ethernet'
[08:55:42.278] [bmv2] [D] [thread 85887] [44.0] [cxt 0] Parser state 'start': key is 88b5
[08:55:42.278] [bmv2] [T] [thread 85887] [44.0] [cxt 0] Bytes parsed: 14
[08:55:42.278] [bmv2] [D] [thread 85887] [44.0] [cxt 0] Parser 'parser' entering state 'parse_icn'
[08:55:42.278] [bmv2] [D] [thread 85887] [44.0] [cxt 0] Extracting header 'icn'
[08:55:42.278] [bmv2] [D] [thread 85887] [44.0] [cxt 0] Parser state 'parse_icn' has no switch, going to default next state
[08:55:42.278] [bmv2] [T] [thread 85887] [44.0] [cxt 0] Bytes parsed: 22
[08:55:42.278] [bmv2] [D] [thread 85887] [44.0] [cxt 0] Parser 'parser': end
[08:55:42.278] [bmv2] [D] [thread 85887] [44.0] [cxt 0] Pipeline 'ingress': start
[08:55:42.278] [bmv2] [T] [thread 85887] [44.0] [cxt 0] switch.p4(147) Condition "hdr.icn.isValid()" (node_2) is true
[08:55:42.278] [bmv2] [T] [thread 85887] [44.0] [cxt 0] Applying table 'tbl_switch148'
[08:55:42.278] [bmv2] [D] [thread 85887] [44.0] [cxt 0] Looking up key:

[08:55:42.278] [bmv2] [D] [thread 85887] [44.0] [cxt 0] Table 'tbl_switch148': miss
[08:55:42.278] [bmv2] [D] [thread 85887] [44.0] [cxt 0] Action entry is switch148 - 
[08:55:42.278] [bmv2] [T] [thread 85887] [44.0] [cxt 0] Action switch148
[08:55:42.278] [bmv2] [T] [thread 85887] [44.0] [cxt 0] switch.p4(148) Primitive content_cache.read(cached_data, hdr.icn.content_id)
[08:55:42.278] [bmv2] [T] [thread 85887] [44.0] [cxt 0] Read register 'MyIngress.content_cache' at index 1 read value 17334248032272856919049904129148938617700988014304292665051363529817104491524797347555222073430792320059939653561838142512049133114388715375014781493453850835185074611781570404847019710571613655373669594595135033889630776998479070814982991093682257016220976393663747692290960138236990461169158975424217495205235714645535325005531839232559780229597835373266260635303518876566160865710124377185704679970288330545603901891183133829188678302433295812412601508611578502040926066791030664212907508769521753768992941363800118204875972853288437881499254902667790476020116895095900119866747339270646056253520273313150781095936
[08:55:42.278] [bmv2] [T] [thread 85887] [44.0] [cxt 0] switch.p4(149) Condition "cached_data != 0" (node_4) is true
[08:55:42.278] [bmv2] [T] [thread 85887] [44.0] [cxt 0] Applying table 'tbl_switch150'
[08:55:42.278] [bmv2] [D] [thread 85887] [44.0] [cxt 0] Looking up key:

[08:55:42.278] [bmv2] [D] [thread 85887] [44.0] [cxt 0] Table 'tbl_switch150': miss
[08:55:42.278] [bmv2] [D] [thread 85887] [44.0] [cxt 0] Action entry is switch150 - 
[08:55:42.278] [bmv2] [T] [thread 85887] [44.0] [cxt 0] Action switch150
[08:55:42.278] [bmv2] [T] [thread 85887] [44.0] [cxt 0] switch.p4(150) Primitive pit_table.write(hdr.icn.content_id, standard_metadata.ingress_port)
[08:55:42.278] [bmv2] [T] [thread 85887] [44.0] [cxt 0] Wrote register 'MyIngress.pit_table' at index 1 with value 2
[08:55:42.278] [bmv2] [T] [thread 85887] [44.0] [cxt 0] switch.p4(151) Condition "hdr.icn.flag == 1" (node_6) is false
[08:55:42.278] [bmv2] [T] [thread 85887] [44.0] [cxt 0] Applying table 'tbl_return_content_0'
[08:55:42.278] [bmv2] [D] [thread 85887] [44.0] [cxt 0] Looking up key:

[08:55:42.278] [bmv2] [D] [thread 85887] [44.0] [cxt 0] Table 'tbl_return_content_0': miss
[08:55:42.278] [bmv2] [D] [thread 85887] [44.0] [cxt 0] Action entry is MyIngress.return_content - 
[08:55:42.278] [bmv2] [T] [thread 85887] [44.0] [cxt 0] Action MyIngress.return_content
[08:55:42.278] [bmv2] [T] [thread 85887] [44.0] [cxt 0] switch.p4(112) Primitive content_cache.read(cached_data, hdr.icn.content_id)
[08:55:42.278] [bmv2] [T] [thread 85887] [44.0] [cxt 0] Read register 'MyIngress.content_cache' at index 1 read value 17334248032272856919049904129148938617700988014304292665051363529817104491524797347555222073430792320059939653561838142512049133114388715375014781493453850835185074611781570404847019710571613655373669594595135033889630776998479070814982991093682257016220976393663747692290960138236990461169158975424217495205235714645535325005531839232559780229597835373266260635303518876566160865710124377185704679970288330545603901891183133829188678302433295812412601508611578502040926066791030664212907508769521753768992941363800118204875972853288437881499254902667790476020116895095900119866747339270646056253520273313150781095936
[08:55:42.278] [bmv2] [T] [thread 85887] [44.0] [cxt 0] switch.p4(113) Primitive hdr.payload.setValid()
[08:55:42.278] [bmv2] [T] [thread 85887] [44.0] [cxt 0] switch.p4(114) Primitive hdr.payload.data = cached_data
[08:55:42.278] [bmv2] [T] [thread 85887] [44.0] [cxt 0] switch.p4(115) Primitive hdr.payload.content_id = hdr.icn.content_id
[08:55:42.278] [bmv2] [T] [thread 85887] [44.0] [cxt 0] switch.p4(116) Primitive hdr.payload.ttl = 8
[08:55:42.278] [bmv2] [T] [thread 85887] [44.0] [cxt 0] switch.p4(117) Primitive hdr.payload.flag = 1
[08:55:42.278] [bmv2] [T] [thread 85887] [44.0] [cxt 0] switch.p4(118) Primitive hdr.ethernet.etherType = 0x88B6
[08:55:42.278] [bmv2] [T] [thread 85887] [44.0] [cxt 0] switch.p4(119) Primitive hdr.icn.setInvalid()
[08:55:42.278] [bmv2] [T] [thread 85887] [44.0] [cxt 0] Applying table 'tbl_switch155'
[08:55:42.278] [bmv2] [D] [thread 85887] [44.0] [cxt 0] Looking up key:

[08:55:42.278] [bmv2] [D] [thread 85887] [44.0] [cxt 0] Table 'tbl_switch155': miss
[08:55:42.278] [bmv2] [D] [thread 85887] [44.0] [cxt 0] Action entry is switch155 - 
[08:55:42.278] [bmv2] [T] [thread 85887] [44.0] [cxt 0] Action switch155
[08:55:42.278] [bmv2] [T] [thread 85887] [44.0] [cxt 0] switch.p4(155) Primitive content_cache.write(hdr.payload.content_id, 0)
[08:55:42.278] [bmv2] [T] [thread 85887] [44.0] [cxt 0] Wrote register 'MyIngress.content_cache' at index 1 with value 0
[08:55:42.278] [bmv2] [T] [thread 85887] [44.0] [cxt 0] Applying table 'tbl_data_forward'
[08:55:42.278] [bmv2] [D] [thread 85887] [44.0] [cxt 0] Looking up key:

[08:55:42.278] [bmv2] [D] [thread 85887] [44.0] [cxt 0] Table 'tbl_data_forward': miss
[08:55:42.278] [bmv2] [D] [thread 85887] [44.0] [cxt 0] Action entry is MyIngress.data_forward - 
[08:55:42.278] [bmv2] [T] [thread 85887] [44.0] [cxt 0] Action MyIngress.data_forward
[08:55:42.278] [bmv2] [T] [thread 85887] [44.0] [cxt 0] switch.p4(97) Primitive pit_table.read(egress_port, hdr.payload.content_id)
[08:55:42.278] [bmv2] [T] [thread 85887] [44.0] [cxt 0] Read register 'MyIngress.pit_table' at index 1 read value 2
[08:55:42.278] [bmv2] [T] [thread 85887] [44.0] [cxt 0] switch.p4(98) Primitive standard_metadata.egress_spec = egress_port
[08:55:42.278] [bmv2] [T] [thread 85887] [44.0] [cxt 0] switch.p4(99) Primitive pit_table.write(hdr.payload.content_id, 0)
[08:55:42.278] [bmv2] [T] [thread 85887] [44.0] [cxt 0] Wrote register 'MyIngress.pit_table' at index 1 with value 0
[08:55:42.278] [bmv2] [T] [thread 85887] [44.0] [cxt 0] switch.p4(100) Primitive hdr.ethernet.srcAddr = 0xFFFFFFFFFFFF
[08:55:42.278] [bmv2] [T] [thread 85887] [44.0] [cxt 0] switch.p4(101) Primitive hdr.ethernet.dstAddr = 0xFFFFFFFFFFFF
[08:55:42.278] [bmv2] [T] [thread 85887] [44.0] [cxt 0] switch.p4(102) Primitive hdr.payload.ttl = hdr.payload.ttl - 1
[08:55:42.278] [bmv2] [D] [thread 85887] [44.0] [cxt 0] Pipeline 'ingress': end
[08:55:42.278] [bmv2] [D] [thread 85887] [44.0] [cxt 0] Egress port is 2
[08:55:42.278] [bmv2] [D] [thread 85890] [44.0] [cxt 0] Pipeline 'egress': start
[08:55:42.278] [bmv2] [D] [thread 85890] [44.0] [cxt 0] Pipeline 'egress': end
[08:55:42.278] [bmv2] [D] [thread 85890] [44.0] [cxt 0] Deparser 'deparser': start
[08:55:42.278] [bmv2] [D] [thread 85890] [44.0] [cxt 0] Deparsing header 'ethernet'
[08:55:42.278] [bmv2] [D] [thread 85890] [44.0] [cxt 0] Deparsing header 'payload'
[08:55:42.278] [bmv2] [D] [thread 85890] [44.0] [cxt 0] Deparser 'deparser': end
[08:55:42.278] [bmv2] [D] [thread 85892] [44.0] [cxt 0] Transmitting packet of size 276 out of port 2
[08:55:43.314] [bmv2] [D] [thread 85887] [45.0] [cxt 0] Processing packet received on port 1
[08:55:43.314] [bmv2] [D] [thread 85887] [45.0] [cxt 0] Parser 'parser': start
[08:55:43.314] [bmv2] [D] [thread 85887] [45.0] [cxt 0] Parser 'parser' entering state 'start'
[08:55:43.314] [bmv2] [D] [thread 85887] [45.0] [cxt 0] Extracting header 'ethernet'
[08:55:43.314] [bmv2] [D] [thread 85887] [45.0] [cxt 0] Parser state 'start': key is 86dd
[08:55:43.314] [bmv2] [T] [thread 85887] [45.0] [cxt 0] Bytes parsed: 14
[08:55:43.315] [bmv2] [D] [thread 85887] [45.0] [cxt 0] Parser 'parser': end
[08:55:43.315] [bmv2] [D] [thread 85887] [45.0] [cxt 0] Pipeline 'ingress': start
[08:55:43.316] [bmv2] [T] [thread 85887] [45.0] [cxt 0] switch.p4(147) Condition "hdr.icn.isValid()" (node_2) is false
[08:55:43.316] [bmv2] [T] [thread 85887] [45.0] [cxt 0] switch.p4(164) Condition "hdr.payload.flag == 1" (node_13) is true
[08:55:43.316] [bmv2] [T] [thread 85887] [45.0] [cxt 0] Applying table 'tbl_cache_content'
[08:55:43.316] [bmv2] [D] [thread 85887] [45.0] [cxt 0] Looking up key:

[08:55:43.316] [bmv2] [D] [thread 85887] [45.0] [cxt 0] Table 'tbl_cache_content': miss
[08:55:43.316] [bmv2] [D] [thread 85887] [45.0] [cxt 0] Action entry is MyIngress.cache_content - 
[08:55:43.316] [bmv2] [T] [thread 85887] [45.0] [cxt 0] Action MyIngress.cache_content
[08:55:43.316] [bmv2] [T] [thread 85887] [45.0] [cxt 0] switch.p4(106) Primitive content_cache.write(hdr.payload.content_id, hdr.payload.data)
[08:55:43.316] [bmv2] [T] [thread 85887] [45.0] [cxt 0] Wrote register 'MyIngress.content_cache' at index 1 with value 17334248032272856919049904129148938617700988014304292665051363529817104491524797347555222073430792320059939653561838142512049133114388715375014781493453850835185074611781570404847019710571613655373669594595135033889630776998479070814982991093682257016220976393663747692290960138236990461169158975424217495205235714645535325005531839232559780229597835373266260635303518876566160865710124377185704679970288330545603901891183133829188678302433295812412601508611578502040926066791030664212907508769521753768992941363800118204875972853288437881499254902667790476020116895095900119866747339270646056253520273313150781095936
[08:55:43.316] [bmv2] [T] [thread 85887] [45.0] [cxt 0] switch.p4(107) Primitive hdr.payload.flag = 0
[08:55:43.316] [bmv2] [T] [thread 85887] [45.0] [cxt 0] Applying table 'tbl_data_forward_0'
[08:55:43.316] [bmv2] [D] [thread 85887] [45.0] [cxt 0] Looking up key:

[08:55:43.316] [bmv2] [D] [thread 85887] [45.0] [cxt 0] Table 'tbl_data_forward_0': miss
[08:55:43.316] [bmv2] [D] [thread 85887] [45.0] [cxt 0] Action entry is MyIngress.data_forward - 
[08:55:43.316] [bmv2] [T] [thread 85887] [45.0] [cxt 0] Action MyIngress.data_forward
[08:55:43.316] [bmv2] [T] [thread 85887] [45.0] [cxt 0] switch.p4(97) Primitive pit_table.read(egress_port, hdr.payload.content_id)
[08:55:43.316] [bmv2] [T] [thread 85887] [45.0] [cxt 0] Read register 'MyIngress.pit_table' at index 1 read value 0
[08:55:43.316] [bmv2] [T] [thread 85887] [45.0] [cxt 0] switch.p4(98) Primitive standard_metadata.egress_spec = egress_port
[08:55:43.316] [bmv2] [T] [thread 85887] [45.0] [cxt 0] switch.p4(99) Primitive pit_table.write(hdr.payload.content_id, 0)
[08:55:43.316] [bmv2] [T] [thread 85887] [45.0] [cxt 0] Wrote register 'MyIngress.pit_table' at index 1 with value 0
[08:55:43.316] [bmv2] [T] [thread 85887] [45.0] [cxt 0] switch.p4(100) Primitive hdr.ethernet.srcAddr = 0xFFFFFFFFFFFF
[08:55:43.316] [bmv2] [T] [thread 85887] [45.0] [cxt 0] switch.p4(101) Primitive hdr.ethernet.dstAddr = 0xFFFFFFFFFFFF
[08:55:43.316] [bmv2] [T] [thread 85887] [45.0] [cxt 0] switch.p4(102) Primitive hdr.payload.ttl = hdr.payload.ttl - 1
[08:55:43.316] [bmv2] [D] [thread 85887] [45.0] [cxt 0] Pipeline 'ingress': end
[08:55:43.316] [bmv2] [D] [thread 85887] [45.0] [cxt 0] Egress port is 0
[08:55:43.316] [bmv2] [D] [thread 85888] [45.0] [cxt 0] Pipeline 'egress': start
[08:55:43.316] [bmv2] [D] [thread 85888] [45.0] [cxt 0] Pipeline 'egress': end
[08:55:43.316] [bmv2] [D] [thread 85888] [45.0] [cxt 0] Deparser 'deparser': start
[08:55:43.316] [bmv2] [D] [thread 85888] [45.0] [cxt 0] Deparsing header 'ethernet'
[08:55:43.316] [bmv2] [D] [thread 85888] [45.0] [cxt 0] Deparser 'deparser': end
[08:55:43.316] [bmv2] [D] [thread 85892] [45.0] [cxt 0] Transmitting packet of size 203 out of port 0
[08:55:43.565] [bmv2] [D] [thread 85887] [46.0] [cxt 0] Processing packet received on port 2
[08:55:43.565] [bmv2] [D] [thread 85887] [46.0] [cxt 0] Parser 'parser': start
[08:55:43.565] [bmv2] [D] [thread 85887] [46.0] [cxt 0] Parser 'parser' entering state 'start'
[08:55:43.565] [bmv2] [D] [thread 85887] [46.0] [cxt 0] Extracting header 'ethernet'
[08:55:43.565] [bmv2] [D] [thread 85887] [46.0] [cxt 0] Parser state 'start': key is 86dd
[08:55:43.565] [bmv2] [T] [thread 85887] [46.0] [cxt 0] Bytes parsed: 14
[08:55:43.565] [bmv2] [D] [thread 85887] [46.0] [cxt 0] Parser 'parser': end
[08:55:43.565] [bmv2] [D] [thread 85887] [46.0] [cxt 0] Pipeline 'ingress': start
[08:55:43.565] [bmv2] [T] [thread 85887] [46.0] [cxt 0] switch.p4(147) Condition "hdr.icn.isValid()" (node_2) is false
[08:55:43.565] [bmv2] [T] [thread 85887] [46.0] [cxt 0] switch.p4(164) Condition "hdr.payload.flag == 1" (node_13) is false
[08:55:43.565] [bmv2] [T] [thread 85887] [46.0] [cxt 0] Applying table 'tbl_data_forward_0'
[08:55:43.565] [bmv2] [D] [thread 85887] [46.0] [cxt 0] Looking up key:

[08:55:43.565] [bmv2] [D] [thread 85887] [46.0] [cxt 0] Table 'tbl_data_forward_0': miss
[08:55:43.565] [bmv2] [D] [thread 85887] [46.0] [cxt 0] Action entry is MyIngress.data_forward - 
[08:55:43.565] [bmv2] [T] [thread 85887] [46.0] [cxt 0] Action MyIngress.data_forward
[08:55:43.565] [bmv2] [T] [thread 85887] [46.0] [cxt 0] switch.p4(97) Primitive pit_table.read(egress_port, hdr.payload.content_id)
[08:55:43.565] [bmv2] [T] [thread 85887] [46.0] [cxt 0] Read register 'MyIngress.pit_table' at index 1 read value 0
[08:55:43.565] [bmv2] [T] [thread 85887] [46.0] [cxt 0] switch.p4(98) Primitive standard_metadata.egress_spec = egress_port
[08:55:43.565] [bmv2] [T] [thread 85887] [46.0] [cxt 0] switch.p4(99) Primitive pit_table.write(hdr.payload.content_id, 0)
[08:55:43.565] [bmv2] [T] [thread 85887] [46.0] [cxt 0] Wrote register 'MyIngress.pit_table' at index 1 with value 0
[08:55:43.565] [bmv2] [T] [thread 85887] [46.0] [cxt 0] switch.p4(100) Primitive hdr.ethernet.srcAddr = 0xFFFFFFFFFFFF
[08:55:43.565] [bmv2] [T] [thread 85887] [46.0] [cxt 0] switch.p4(101) Primitive hdr.ethernet.dstAddr = 0xFFFFFFFFFFFF
[08:55:43.565] [bmv2] [T] [thread 85887] [46.0] [cxt 0] switch.p4(102) Primitive hdr.payload.ttl = hdr.payload.ttl - 1
[08:55:43.565] [bmv2] [D] [thread 85887] [46.0] [cxt 0] Pipeline 'ingress': end
[08:55:43.565] [bmv2] [D] [thread 85887] [46.0] [cxt 0] Egress port is 0
[08:55:43.566] [bmv2] [D] [thread 85888] [46.0] [cxt 0] Pipeline 'egress': start
[08:55:43.566] [bmv2] [D] [thread 85888] [46.0] [cxt 0] Pipeline 'egress': end
[08:55:43.566] [bmv2] [D] [thread 85888] [46.0] [cxt 0] Deparser 'deparser': start
[08:55:43.566] [bmv2] [D] [thread 85888] [46.0] [cxt 0] Deparsing header 'ethernet'
[08:55:43.567] [bmv2] [D] [thread 85888] [46.0] [cxt 0] Deparser 'deparser': end
[08:55:43.567] [bmv2] [D] [thread 85892] [46.0] [cxt 0] Transmitting packet of size 203 out of port 0
[08:55:43.869] [bmv2] [D] [thread 85887] [47.0] [cxt 0] Processing packet received on port 2
[08:55:43.869] [bmv2] [D] [thread 85887] [47.0] [cxt 0] Parser 'parser': start
[08:55:43.869] [bmv2] [D] [thread 85887] [47.0] [cxt 0] Parser 'parser' entering state 'start'
[08:55:43.869] [bmv2] [D] [thread 85887] [47.0] [cxt 0] Extracting header 'ethernet'
[08:55:43.869] [bmv2] [D] [thread 85887] [47.0] [cxt 0] Parser state 'start': key is 86dd
[08:55:43.869] [bmv2] [T] [thread 85887] [47.0] [cxt 0] Bytes parsed: 14
[08:55:43.869] [bmv2] [D] [thread 85887] [47.0] [cxt 0] Parser 'parser': end
[08:55:43.869] [bmv2] [D] [thread 85887] [47.0] [cxt 0] Pipeline 'ingress': start
[08:55:43.869] [bmv2] [T] [thread 85887] [47.0] [cxt 0] switch.p4(147) Condition "hdr.icn.isValid()" (node_2) is false
[08:55:43.869] [bmv2] [T] [thread 85887] [47.0] [cxt 0] switch.p4(164) Condition "hdr.payload.flag == 1" (node_13) is false
[08:55:43.869] [bmv2] [T] [thread 85887] [47.0] [cxt 0] Applying table 'tbl_data_forward_0'
[08:55:43.869] [bmv2] [D] [thread 85887] [47.0] [cxt 0] Looking up key:

[08:55:43.869] [bmv2] [D] [thread 85887] [47.0] [cxt 0] Table 'tbl_data_forward_0': miss
[08:55:43.869] [bmv2] [D] [thread 85887] [47.0] [cxt 0] Action entry is MyIngress.data_forward - 
[08:55:43.869] [bmv2] [T] [thread 85887] [47.0] [cxt 0] Action MyIngress.data_forward
[08:55:43.869] [bmv2] [T] [thread 85887] [47.0] [cxt 0] switch.p4(97) Primitive pit_table.read(egress_port, hdr.payload.content_id)
[08:55:43.869] [bmv2] [T] [thread 85887] [47.0] [cxt 0] Read register 'MyIngress.pit_table' at index 1 read value 0
[08:55:43.869] [bmv2] [T] [thread 85887] [47.0] [cxt 0] switch.p4(98) Primitive standard_metadata.egress_spec = egress_port
[08:55:43.869] [bmv2] [T] [thread 85887] [47.0] [cxt 0] switch.p4(99) Primitive pit_table.write(hdr.payload.content_id, 0)
[08:55:43.869] [bmv2] [T] [thread 85887] [47.0] [cxt 0] Wrote register 'MyIngress.pit_table' at index 1 with value 0
[08:55:43.869] [bmv2] [T] [thread 85887] [47.0] [cxt 0] switch.p4(100) Primitive hdr.ethernet.srcAddr = 0xFFFFFFFFFFFF
[08:55:43.869] [bmv2] [T] [thread 85887] [47.0] [cxt 0] switch.p4(101) Primitive hdr.ethernet.dstAddr = 0xFFFFFFFFFFFF
[08:55:43.869] [bmv2] [T] [thread 85887] [47.0] [cxt 0] switch.p4(102) Primitive hdr.payload.ttl = hdr.payload.ttl - 1
[08:55:43.869] [bmv2] [D] [thread 85887] [47.0] [cxt 0] Pipeline 'ingress': end
[08:55:43.869] [bmv2] [D] [thread 85887] [47.0] [cxt 0] Egress port is 0
[08:55:43.869] [bmv2] [D] [thread 85888] [47.0] [cxt 0] Pipeline 'egress': start
[08:55:43.869] [bmv2] [D] [thread 85888] [47.0] [cxt 0] Pipeline 'egress': end
[08:55:43.869] [bmv2] [D] [thread 85888] [47.0] [cxt 0] Deparser 'deparser': start
[08:55:43.869] [bmv2] [D] [thread 85888] [47.0] [cxt 0] Deparsing header 'ethernet'
[08:55:43.869] [bmv2] [D] [thread 85888] [47.0] [cxt 0] Deparser 'deparser': end
[08:55:43.869] [bmv2] [D] [thread 85892] [47.0] [cxt 0] Transmitting packet of size 203 out of port 0
[08:55:47.193] [bmv2] [D] [thread 85887] [48.0] [cxt 0] Processing packet received on port 1
[08:55:47.193] [bmv2] [D] [thread 85887] [48.0] [cxt 0] Parser 'parser': start
[08:55:47.193] [bmv2] [D] [thread 85887] [48.0] [cxt 0] Parser 'parser' entering state 'start'
[08:55:47.193] [bmv2] [D] [thread 85887] [48.0] [cxt 0] Extracting header 'ethernet'
[08:55:47.193] [bmv2] [D] [thread 85887] [48.0] [cxt 0] Parser state 'start': key is 86dd
[08:55:47.193] [bmv2] [T] [thread 85887] [48.0] [cxt 0] Bytes parsed: 14
[08:55:47.193] [bmv2] [D] [thread 85887] [48.0] [cxt 0] Parser 'parser': end
[08:55:47.193] [bmv2] [D] [thread 85887] [48.0] [cxt 0] Pipeline 'ingress': start
[08:55:47.193] [bmv2] [T] [thread 85887] [48.0] [cxt 0] switch.p4(147) Condition "hdr.icn.isValid()" (node_2) is false
[08:55:47.193] [bmv2] [T] [thread 85887] [48.0] [cxt 0] switch.p4(164) Condition "hdr.payload.flag == 1" (node_13) is false
[08:55:47.193] [bmv2] [T] [thread 85887] [48.0] [cxt 0] Applying table 'tbl_data_forward_0'
[08:55:47.193] [bmv2] [D] [thread 85887] [48.0] [cxt 0] Looking up key:

[08:55:47.193] [bmv2] [D] [thread 85887] [48.0] [cxt 0] Table 'tbl_data_forward_0': miss
[08:55:47.193] [bmv2] [D] [thread 85887] [48.0] [cxt 0] Action entry is MyIngress.data_forward - 
[08:55:47.193] [bmv2] [T] [thread 85887] [48.0] [cxt 0] Action MyIngress.data_forward
[08:55:47.193] [bmv2] [T] [thread 85887] [48.0] [cxt 0] switch.p4(97) Primitive pit_table.read(egress_port, hdr.payload.content_id)
[08:55:47.193] [bmv2] [T] [thread 85887] [48.0] [cxt 0] Read register 'MyIngress.pit_table' at index 1 read value 0
[08:55:47.193] [bmv2] [T] [thread 85887] [48.0] [cxt 0] switch.p4(98) Primitive standard_metadata.egress_spec = egress_port
[08:55:47.193] [bmv2] [T] [thread 85887] [48.0] [cxt 0] switch.p4(99) Primitive pit_table.write(hdr.payload.content_id, 0)
[08:55:47.193] [bmv2] [T] [thread 85887] [48.0] [cxt 0] Wrote register 'MyIngress.pit_table' at index 1 with value 0
[08:55:47.193] [bmv2] [T] [thread 85887] [48.0] [cxt 0] switch.p4(100) Primitive hdr.ethernet.srcAddr = 0xFFFFFFFFFFFF
[08:55:47.193] [bmv2] [T] [thread 85887] [48.0] [cxt 0] switch.p4(101) Primitive hdr.ethernet.dstAddr = 0xFFFFFFFFFFFF
[08:55:47.193] [bmv2] [T] [thread 85887] [48.0] [cxt 0] switch.p4(102) Primitive hdr.payload.ttl = hdr.payload.ttl - 1
[08:55:47.193] [bmv2] [D] [thread 85887] [48.0] [cxt 0] Pipeline 'ingress': end
[08:55:47.193] [bmv2] [D] [thread 85887] [48.0] [cxt 0] Egress port is 0
[08:55:47.193] [bmv2] [D] [thread 85888] [48.0] [cxt 0] Pipeline 'egress': start
[08:55:47.193] [bmv2] [D] [thread 85888] [48.0] [cxt 0] Pipeline 'egress': end
[08:55:47.193] [bmv2] [D] [thread 85888] [48.0] [cxt 0] Deparser 'deparser': start
[08:55:47.193] [bmv2] [D] [thread 85888] [48.0] [cxt 0] Deparsing header 'ethernet'
[08:55:47.193] [bmv2] [D] [thread 85888] [48.0] [cxt 0] Deparser 'deparser': end
[08:55:47.195] [bmv2] [D] [thread 85892] [48.0] [cxt 0] Transmitting packet of size 70 out of port 0
[08:55:48.754] [bmv2] [D] [thread 85887] [49.0] [cxt 0] Processing packet received on port 2
[08:55:48.754] [bmv2] [D] [thread 85887] [49.0] [cxt 0] Parser 'parser': start
[08:55:48.754] [bmv2] [D] [thread 85887] [49.0] [cxt 0] Parser 'parser' entering state 'start'
[08:55:48.754] [bmv2] [D] [thread 85887] [49.0] [cxt 0] Extracting header 'ethernet'
[08:55:48.754] [bmv2] [D] [thread 85887] [49.0] [cxt 0] Parser state 'start': key is 86dd
[08:55:48.754] [bmv2] [T] [thread 85887] [49.0] [cxt 0] Bytes parsed: 14
[08:55:48.754] [bmv2] [D] [thread 85887] [49.0] [cxt 0] Parser 'parser': end
[08:55:48.754] [bmv2] [D] [thread 85887] [49.0] [cxt 0] Pipeline 'ingress': start
[08:55:48.754] [bmv2] [T] [thread 85887] [49.0] [cxt 0] switch.p4(147) Condition "hdr.icn.isValid()" (node_2) is false
[08:55:48.754] [bmv2] [T] [thread 85887] [49.0] [cxt 0] switch.p4(164) Condition "hdr.payload.flag == 1" (node_13) is false
[08:55:48.754] [bmv2] [T] [thread 85887] [49.0] [cxt 0] Applying table 'tbl_data_forward_0'
[08:55:48.754] [bmv2] [D] [thread 85887] [49.0] [cxt 0] Looking up key:

[08:55:48.754] [bmv2] [D] [thread 85887] [49.0] [cxt 0] Table 'tbl_data_forward_0': miss
[08:55:48.754] [bmv2] [D] [thread 85887] [49.0] [cxt 0] Action entry is MyIngress.data_forward - 
[08:55:48.754] [bmv2] [T] [thread 85887] [49.0] [cxt 0] Action MyIngress.data_forward
[08:55:48.754] [bmv2] [T] [thread 85887] [49.0] [cxt 0] switch.p4(97) Primitive pit_table.read(egress_port, hdr.payload.content_id)
[08:55:48.754] [bmv2] [T] [thread 85887] [49.0] [cxt 0] Read register 'MyIngress.pit_table' at index 1 read value 0
[08:55:48.754] [bmv2] [T] [thread 85887] [49.0] [cxt 0] switch.p4(98) Primitive standard_metadata.egress_spec = egress_port
[08:55:48.754] [bmv2] [T] [thread 85887] [49.0] [cxt 0] switch.p4(99) Primitive pit_table.write(hdr.payload.content_id, 0)
[08:55:48.754] [bmv2] [T] [thread 85887] [49.0] [cxt 0] Wrote register 'MyIngress.pit_table' at index 1 with value 0
[08:55:48.754] [bmv2] [T] [thread 85887] [49.0] [cxt 0] switch.p4(100) Primitive hdr.ethernet.srcAddr = 0xFFFFFFFFFFFF
[08:55:48.754] [bmv2] [T] [thread 85887] [49.0] [cxt 0] switch.p4(101) Primitive hdr.ethernet.dstAddr = 0xFFFFFFFFFFFF
[08:55:48.754] [bmv2] [T] [thread 85887] [49.0] [cxt 0] switch.p4(102) Primitive hdr.payload.ttl = hdr.payload.ttl - 1
[08:55:48.754] [bmv2] [D] [thread 85887] [49.0] [cxt 0] Pipeline 'ingress': end
[08:55:48.754] [bmv2] [D] [thread 85887] [49.0] [cxt 0] Egress port is 0
[08:55:48.769] [bmv2] [D] [thread 85888] [49.0] [cxt 0] Pipeline 'egress': start
[08:55:48.769] [bmv2] [D] [thread 85888] [49.0] [cxt 0] Pipeline 'egress': end
[08:55:48.769] [bmv2] [D] [thread 85888] [49.0] [cxt 0] Deparser 'deparser': start
[08:55:48.769] [bmv2] [D] [thread 85888] [49.0] [cxt 0] Deparsing header 'ethernet'
[08:55:48.769] [bmv2] [D] [thread 85888] [49.0] [cxt 0] Deparser 'deparser': end
[08:55:48.769] [bmv2] [D] [thread 85892] [49.0] [cxt 0] Transmitting packet of size 70 out of port 0
[08:55:50.265] [bmv2] [D] [thread 85887] [50.0] [cxt 0] Processing packet received on port 2
[08:55:50.265] [bmv2] [D] [thread 85887] [50.0] [cxt 0] Parser 'parser': start
[08:55:50.265] [bmv2] [D] [thread 85887] [50.0] [cxt 0] Parser 'parser' entering state 'start'
[08:55:50.265] [bmv2] [D] [thread 85887] [50.0] [cxt 0] Extracting header 'ethernet'
[08:55:50.265] [bmv2] [D] [thread 85887] [50.0] [cxt 0] Parser state 'start': key is 86dd
[08:55:50.265] [bmv2] [T] [thread 85887] [50.0] [cxt 0] Bytes parsed: 14
[08:55:50.265] [bmv2] [D] [thread 85887] [50.0] [cxt 0] Parser 'parser': end
[08:55:50.265] [bmv2] [D] [thread 85887] [50.0] [cxt 0] Pipeline 'ingress': start
[08:55:50.265] [bmv2] [T] [thread 85887] [50.0] [cxt 0] switch.p4(147) Condition "hdr.icn.isValid()" (node_2) is false
[08:55:50.265] [bmv2] [T] [thread 85887] [50.0] [cxt 0] switch.p4(164) Condition "hdr.payload.flag == 1" (node_13) is false
[08:55:50.265] [bmv2] [T] [thread 85887] [50.0] [cxt 0] Applying table 'tbl_data_forward_0'
[08:55:50.265] [bmv2] [D] [thread 85887] [50.0] [cxt 0] Looking up key:

[08:55:50.265] [bmv2] [D] [thread 85887] [50.0] [cxt 0] Table 'tbl_data_forward_0': miss
[08:55:50.265] [bmv2] [D] [thread 85887] [50.0] [cxt 0] Action entry is MyIngress.data_forward - 
[08:55:50.265] [bmv2] [T] [thread 85887] [50.0] [cxt 0] Action MyIngress.data_forward
[08:55:50.265] [bmv2] [T] [thread 85887] [50.0] [cxt 0] switch.p4(97) Primitive pit_table.read(egress_port, hdr.payload.content_id)
[08:55:50.265] [bmv2] [T] [thread 85887] [50.0] [cxt 0] Read register 'MyIngress.pit_table' at index 1 read value 0
[08:55:50.265] [bmv2] [T] [thread 85887] [50.0] [cxt 0] switch.p4(98) Primitive standard_metadata.egress_spec = egress_port
[08:55:50.265] [bmv2] [T] [thread 85887] [50.0] [cxt 0] switch.p4(99) Primitive pit_table.write(hdr.payload.content_id, 0)
[08:55:50.265] [bmv2] [T] [thread 85887] [50.0] [cxt 0] Wrote register 'MyIngress.pit_table' at index 1 with value 0
[08:55:50.265] [bmv2] [T] [thread 85887] [50.0] [cxt 0] switch.p4(100) Primitive hdr.ethernet.srcAddr = 0xFFFFFFFFFFFF
[08:55:50.265] [bmv2] [T] [thread 85887] [50.0] [cxt 0] switch.p4(101) Primitive hdr.ethernet.dstAddr = 0xFFFFFFFFFFFF
[08:55:50.265] [bmv2] [T] [thread 85887] [50.0] [cxt 0] switch.p4(102) Primitive hdr.payload.ttl = hdr.payload.ttl - 1
[08:55:50.265] [bmv2] [D] [thread 85887] [50.0] [cxt 0] Pipeline 'ingress': end
[08:55:50.265] [bmv2] [D] [thread 85887] [50.0] [cxt 0] Egress port is 0
[08:55:50.265] [bmv2] [D] [thread 85888] [50.0] [cxt 0] Pipeline 'egress': start
[08:55:50.265] [bmv2] [D] [thread 85888] [50.0] [cxt 0] Pipeline 'egress': end
[08:55:50.265] [bmv2] [D] [thread 85888] [50.0] [cxt 0] Deparser 'deparser': start
[08:55:50.265] [bmv2] [D] [thread 85888] [50.0] [cxt 0] Deparsing header 'ethernet'
[08:55:50.265] [bmv2] [D] [thread 85888] [50.0] [cxt 0] Deparser 'deparser': end
[08:55:50.265] [bmv2] [D] [thread 85892] [50.0] [cxt 0] Transmitting packet of size 70 out of port 0
[08:55:51.316] [bmv2] [D] [thread 85887] [51.0] [cxt 0] Processing packet received on port 1
[08:55:51.316] [bmv2] [D] [thread 85887] [51.0] [cxt 0] Parser 'parser': start
[08:55:51.316] [bmv2] [D] [thread 85887] [51.0] [cxt 0] Parser 'parser' entering state 'start'
[08:55:51.317] [bmv2] [D] [thread 85887] [51.0] [cxt 0] Extracting header 'ethernet'
[08:55:51.317] [bmv2] [D] [thread 85887] [51.0] [cxt 0] Parser state 'start': key is 86dd
[08:55:51.317] [bmv2] [T] [thread 85887] [51.0] [cxt 0] Bytes parsed: 14
[08:55:51.317] [bmv2] [D] [thread 85887] [51.0] [cxt 0] Parser 'parser': end
[08:55:51.317] [bmv2] [D] [thread 85887] [51.0] [cxt 0] Pipeline 'ingress': start
[08:55:51.317] [bmv2] [T] [thread 85887] [51.0] [cxt 0] switch.p4(147) Condition "hdr.icn.isValid()" (node_2) is false
[08:55:51.317] [bmv2] [T] [thread 85887] [51.0] [cxt 0] switch.p4(164) Condition "hdr.payload.flag == 1" (node_13) is false
[08:55:51.317] [bmv2] [T] [thread 85887] [51.0] [cxt 0] Applying table 'tbl_data_forward_0'
[08:55:51.317] [bmv2] [D] [thread 85887] [51.0] [cxt 0] Looking up key:

[08:55:51.317] [bmv2] [D] [thread 85887] [51.0] [cxt 0] Table 'tbl_data_forward_0': miss
[08:55:51.317] [bmv2] [D] [thread 85887] [51.0] [cxt 0] Action entry is MyIngress.data_forward - 
[08:55:51.317] [bmv2] [T] [thread 85887] [51.0] [cxt 0] Action MyIngress.data_forward
[08:55:51.317] [bmv2] [T] [thread 85887] [51.0] [cxt 0] switch.p4(97) Primitive pit_table.read(egress_port, hdr.payload.content_id)
[08:55:51.317] [bmv2] [T] [thread 85887] [51.0] [cxt 0] Read register 'MyIngress.pit_table' at index 1 read value 0
[08:55:51.317] [bmv2] [T] [thread 85887] [51.0] [cxt 0] switch.p4(98) Primitive standard_metadata.egress_spec = egress_port
[08:55:51.317] [bmv2] [T] [thread 85887] [51.0] [cxt 0] switch.p4(99) Primitive pit_table.write(hdr.payload.content_id, 0)
[08:55:51.317] [bmv2] [T] [thread 85887] [51.0] [cxt 0] Wrote register 'MyIngress.pit_table' at index 1 with value 0
[08:55:51.317] [bmv2] [T] [thread 85887] [51.0] [cxt 0] switch.p4(100) Primitive hdr.ethernet.srcAddr = 0xFFFFFFFFFFFF
[08:55:51.317] [bmv2] [T] [thread 85887] [51.0] [cxt 0] switch.p4(101) Primitive hdr.ethernet.dstAddr = 0xFFFFFFFFFFFF
[08:55:51.317] [bmv2] [T] [thread 85887] [51.0] [cxt 0] switch.p4(102) Primitive hdr.payload.ttl = hdr.payload.ttl - 1
[08:55:51.317] [bmv2] [D] [thread 85887] [51.0] [cxt 0] Pipeline 'ingress': end
[08:55:51.317] [bmv2] [D] [thread 85887] [51.0] [cxt 0] Egress port is 0
[08:55:51.317] [bmv2] [D] [thread 85888] [51.0] [cxt 0] Pipeline 'egress': start
[08:55:51.317] [bmv2] [D] [thread 85888] [51.0] [cxt 0] Pipeline 'egress': end
[08:55:51.317] [bmv2] [D] [thread 85888] [51.0] [cxt 0] Deparser 'deparser': start
[08:55:51.317] [bmv2] [D] [thread 85888] [51.0] [cxt 0] Deparsing header 'ethernet'
[08:55:51.317] [bmv2] [D] [thread 85888] [51.0] [cxt 0] Deparser 'deparser': end
[08:55:51.317] [bmv2] [D] [thread 85892] [51.0] [cxt 0] Transmitting packet of size 203 out of port 0
[08:55:51.586] [bmv2] [D] [thread 85887] [52.0] [cxt 0] Processing packet received on port 2
[08:55:51.586] [bmv2] [D] [thread 85887] [52.0] [cxt 0] Parser 'parser': start
[08:55:51.586] [bmv2] [D] [thread 85887] [52.0] [cxt 0] Parser 'parser' entering state 'start'
[08:55:51.586] [bmv2] [D] [thread 85887] [52.0] [cxt 0] Extracting header 'ethernet'
[08:55:51.586] [bmv2] [D] [thread 85887] [52.0] [cxt 0] Parser state 'start': key is 86dd
[08:55:51.586] [bmv2] [T] [thread 85887] [52.0] [cxt 0] Bytes parsed: 14
[08:55:51.586] [bmv2] [D] [thread 85887] [52.0] [cxt 0] Parser 'parser': end
[08:55:51.586] [bmv2] [D] [thread 85887] [52.0] [cxt 0] Pipeline 'ingress': start
[08:55:51.586] [bmv2] [T] [thread 85887] [52.0] [cxt 0] switch.p4(147) Condition "hdr.icn.isValid()" (node_2) is false
[08:55:51.586] [bmv2] [T] [thread 85887] [52.0] [cxt 0] switch.p4(164) Condition "hdr.payload.flag == 1" (node_13) is false
[08:55:51.586] [bmv2] [T] [thread 85887] [52.0] [cxt 0] Applying table 'tbl_data_forward_0'
[08:55:51.586] [bmv2] [D] [thread 85887] [52.0] [cxt 0] Looking up key:

[08:55:51.586] [bmv2] [D] [thread 85887] [52.0] [cxt 0] Table 'tbl_data_forward_0': miss
[08:55:51.586] [bmv2] [D] [thread 85887] [52.0] [cxt 0] Action entry is MyIngress.data_forward - 
[08:55:51.586] [bmv2] [T] [thread 85887] [52.0] [cxt 0] Action MyIngress.data_forward
[08:55:51.586] [bmv2] [T] [thread 85887] [52.0] [cxt 0] switch.p4(97) Primitive pit_table.read(egress_port, hdr.payload.content_id)
[08:55:51.586] [bmv2] [T] [thread 85887] [52.0] [cxt 0] Read register 'MyIngress.pit_table' at index 1 read value 0
[08:55:51.586] [bmv2] [T] [thread 85887] [52.0] [cxt 0] switch.p4(98) Primitive standard_metadata.egress_spec = egress_port
[08:55:51.586] [bmv2] [T] [thread 85887] [52.0] [cxt 0] switch.p4(99) Primitive pit_table.write(hdr.payload.content_id, 0)
[08:55:51.586] [bmv2] [T] [thread 85887] [52.0] [cxt 0] Wrote register 'MyIngress.pit_table' at index 1 with value 0
[08:55:51.586] [bmv2] [T] [thread 85887] [52.0] [cxt 0] switch.p4(100) Primitive hdr.ethernet.srcAddr = 0xFFFFFFFFFFFF
[08:55:51.586] [bmv2] [T] [thread 85887] [52.0] [cxt 0] switch.p4(101) Primitive hdr.ethernet.dstAddr = 0xFFFFFFFFFFFF
[08:55:51.586] [bmv2] [T] [thread 85887] [52.0] [cxt 0] switch.p4(102) Primitive hdr.payload.ttl = hdr.payload.ttl - 1
[08:55:51.586] [bmv2] [D] [thread 85887] [52.0] [cxt 0] Pipeline 'ingress': end
[08:55:51.586] [bmv2] [D] [thread 85887] [52.0] [cxt 0] Egress port is 0
[08:55:51.586] [bmv2] [D] [thread 85888] [52.0] [cxt 0] Pipeline 'egress': start
[08:55:51.586] [bmv2] [D] [thread 85888] [52.0] [cxt 0] Pipeline 'egress': end
[08:55:51.586] [bmv2] [D] [thread 85888] [52.0] [cxt 0] Deparser 'deparser': start
[08:55:51.586] [bmv2] [D] [thread 85888] [52.0] [cxt 0] Deparsing header 'ethernet'
[08:55:51.586] [bmv2] [D] [thread 85888] [52.0] [cxt 0] Deparser 'deparser': end
[08:55:51.586] [bmv2] [D] [thread 85892] [52.0] [cxt 0] Transmitting packet of size 203 out of port 0
open: No such file or directory
open: No such file or directory
open: No such file or directory
