Calling target program-options parser
[09:14:43.006] [bmv2] [D] [thread 103638] Set default default entry for table 'MyIngress.ipv4_lpm': MyIngress.drop - 
Adding interface s2-eth1 as port 1
[09:14:43.006] [bmv2] [D] [thread 103638] Adding interface s2-eth1 as port 1
Adding interface s2-eth2 as port 2
[09:14:43.018] [bmv2] [D] [thread 103638] Adding interface s2-eth2 as port 2
Server listening on 0.0.0.0:50250
[09:14:43.033] [bmv2] [I] [thread 103638] Starting Thrift server on port 9289
[09:14:43.033] [bmv2] [I] [thread 103638] Thrift server was started
[09:14:43.143] [bmv2] [D] [thread 103653] [0.0] [cxt 0] Processing packet received on port 1
[09:14:43.143] [bmv2] [D] [thread 103653] [0.0] [cxt 0] Parser 'parser': start
[09:14:43.143] [bmv2] [D] [thread 103653] [0.0] [cxt 0] Parser 'parser' entering state 'start'
[09:14:43.143] [bmv2] [D] [thread 103653] [0.0] [cxt 0] Extracting header 'ethernet'
[09:14:43.143] [bmv2] [D] [thread 103653] [0.0] [cxt 0] Parser state 'start': key is 86dd
[09:14:43.143] [bmv2] [T] [thread 103653] [0.0] [cxt 0] Bytes parsed: 14
[09:14:43.143] [bmv2] [D] [thread 103653] [0.0] [cxt 0] Parser 'parser': end
[09:14:43.143] [bmv2] [D] [thread 103653] [0.0] [cxt 0] Pipeline 'ingress': start
[09:14:43.143] [bmv2] [T] [thread 103653] [0.0] [cxt 0] switch.p4(116) Condition "hdr.ipv4.isValid()" (node_2) is false
[09:14:43.143] [bmv2] [D] [thread 103653] [0.0] [cxt 0] Pipeline 'ingress': end
[09:14:43.143] [bmv2] [D] [thread 103653] [0.0] [cxt 0] Egress port is 0
[09:14:43.144] [bmv2] [D] [thread 103654] [0.0] [cxt 0] Pipeline 'egress': start
[09:14:43.144] [bmv2] [D] [thread 103654] [0.0] [cxt 0] Pipeline 'egress': end
[09:14:43.144] [bmv2] [D] [thread 103654] [0.0] [cxt 0] Deparser 'deparser': start
[09:14:43.144] [bmv2] [T] [thread 103654] [0.0] [cxt 0] Skipping checksum 'cksum' update because condition not met
[09:14:43.144] [bmv2] [D] [thread 103654] [0.0] [cxt 0] Deparsing header 'ethernet'
[09:14:43.144] [bmv2] [D] [thread 103654] [0.0] [cxt 0] Deparser 'deparser': end
[09:14:43.144] [bmv2] [D] [thread 103658] [0.0] [cxt 0] Transmitting packet of size 86 out of port 0
[09:14:43.290] [bmv2] [D] [thread 103653] [1.0] [cxt 0] Processing packet received on port 2
[09:14:43.290] [bmv2] [D] [thread 103653] [1.0] [cxt 0] Parser 'parser': start
[09:14:43.290] [bmv2] [D] [thread 103653] [1.0] [cxt 0] Parser 'parser' entering state 'start'
[09:14:43.290] [bmv2] [D] [thread 103653] [1.0] [cxt 0] Extracting header 'ethernet'
[09:14:43.290] [bmv2] [D] [thread 103653] [1.0] [cxt 0] Parser state 'start': key is 86dd
[09:14:43.296] [bmv2] [T] [thread 103653] [1.0] [cxt 0] Bytes parsed: 14
[09:14:43.296] [bmv2] [D] [thread 103653] [1.0] [cxt 0] Parser 'parser': end
[09:14:43.296] [bmv2] [D] [thread 103653] [1.0] [cxt 0] Pipeline 'ingress': start
[09:14:43.296] [bmv2] [T] [thread 103653] [1.0] [cxt 0] switch.p4(116) Condition "hdr.ipv4.isValid()" (node_2) is false
[09:14:43.296] [bmv2] [D] [thread 103653] [1.0] [cxt 0] Pipeline 'ingress': end
[09:14:43.296] [bmv2] [D] [thread 103653] [1.0] [cxt 0] Egress port is 0
[09:14:43.296] [bmv2] [D] [thread 103653] [2.0] [cxt 0] Processing packet received on port 2
[09:14:43.296] [bmv2] [D] [thread 103653] [2.0] [cxt 0] Parser 'parser': start
[09:14:43.296] [bmv2] [D] [thread 103653] [2.0] [cxt 0] Parser 'parser' entering state 'start'
[09:14:43.296] [bmv2] [D] [thread 103653] [2.0] [cxt 0] Extracting header 'ethernet'
[09:14:43.296] [bmv2] [D] [thread 103653] [2.0] [cxt 0] Parser state 'start': key is 86dd
[09:14:43.296] [bmv2] [T] [thread 103653] [2.0] [cxt 0] Bytes parsed: 14
[09:14:43.296] [bmv2] [D] [thread 103653] [2.0] [cxt 0] Parser 'parser': end
[09:14:43.296] [bmv2] [D] [thread 103653] [2.0] [cxt 0] Pipeline 'ingress': start
[09:14:43.296] [bmv2] [T] [thread 103653] [2.0] [cxt 0] switch.p4(116) Condition "hdr.ipv4.isValid()" (node_2) is false
[09:14:43.296] [bmv2] [D] [thread 103653] [2.0] [cxt 0] Pipeline 'ingress': end
[09:14:43.296] [bmv2] [D] [thread 103653] [2.0] [cxt 0] Egress port is 0
[09:14:43.296] [bmv2] [D] [thread 103654] [1.0] [cxt 0] Pipeline 'egress': start
[09:14:43.296] [bmv2] [D] [thread 103654] [1.0] [cxt 0] Pipeline 'egress': end
[09:14:43.296] [bmv2] [D] [thread 103654] [1.0] [cxt 0] Deparser 'deparser': start
[09:14:43.296] [bmv2] [T] [thread 103654] [1.0] [cxt 0] Skipping checksum 'cksum' update because condition not met
[09:14:43.296] [bmv2] [D] [thread 103654] [1.0] [cxt 0] Deparsing header 'ethernet'
[09:14:43.296] [bmv2] [D] [thread 103654] [1.0] [cxt 0] Deparser 'deparser': end
[09:14:43.296] [bmv2] [D] [thread 103654] [2.0] [cxt 0] Pipeline 'egress': start
[09:14:43.296] [bmv2] [D] [thread 103654] [2.0] [cxt 0] Pipeline 'egress': end
[09:14:43.296] [bmv2] [D] [thread 103654] [2.0] [cxt 0] Deparser 'deparser': start
[09:14:43.296] [bmv2] [T] [thread 103654] [2.0] [cxt 0] Skipping checksum 'cksum' update because condition not met
[09:14:43.296] [bmv2] [D] [thread 103654] [2.0] [cxt 0] Deparsing header 'ethernet'
[09:14:43.296] [bmv2] [D] [thread 103654] [2.0] [cxt 0] Deparser 'deparser': end
[09:14:43.296] [bmv2] [D] [thread 103658] [1.0] [cxt 0] Transmitting packet of size 90 out of port 0
[09:14:43.296] [bmv2] [D] [thread 103658] [2.0] [cxt 0] Transmitting packet of size 86 out of port 0
[09:14:43.704] [bmv2] [D] [thread 103653] [3.0] [cxt 0] Processing packet received on port 2
[09:14:43.704] [bmv2] [D] [thread 103653] [3.0] [cxt 0] Parser 'parser': start
[09:14:43.704] [bmv2] [D] [thread 103653] [3.0] [cxt 0] Parser 'parser' entering state 'start'
[09:14:43.704] [bmv2] [D] [thread 103653] [3.0] [cxt 0] Extracting header 'ethernet'
[09:14:43.704] [bmv2] [D] [thread 103653] [3.0] [cxt 0] Parser state 'start': key is 86dd
[09:14:43.704] [bmv2] [T] [thread 103653] [3.0] [cxt 0] Bytes parsed: 14
[09:14:43.704] [bmv2] [D] [thread 103653] [3.0] [cxt 0] Parser 'parser': end
[09:14:43.704] [bmv2] [D] [thread 103653] [3.0] [cxt 0] Pipeline 'ingress': start
[09:14:43.704] [bmv2] [T] [thread 103653] [3.0] [cxt 0] switch.p4(116) Condition "hdr.ipv4.isValid()" (node_2) is false
[09:14:43.704] [bmv2] [D] [thread 103653] [3.0] [cxt 0] Pipeline 'ingress': end
[09:14:43.704] [bmv2] [D] [thread 103653] [3.0] [cxt 0] Egress port is 0
[09:14:43.704] [bmv2] [D] [thread 103653] [4.0] [cxt 0] Processing packet received on port 2
[09:14:43.704] [bmv2] [D] [thread 103653] [4.0] [cxt 0] Parser 'parser': start
[09:14:43.704] [bmv2] [D] [thread 103653] [4.0] [cxt 0] Parser 'parser' entering state 'start'
[09:14:43.704] [bmv2] [D] [thread 103653] [4.0] [cxt 0] Extracting header 'ethernet'
[09:14:43.704] [bmv2] [D] [thread 103653] [4.0] [cxt 0] Parser state 'start': key is 86dd
[09:14:43.704] [bmv2] [T] [thread 103653] [4.0] [cxt 0] Bytes parsed: 14
[09:14:43.704] [bmv2] [D] [thread 103653] [4.0] [cxt 0] Parser 'parser': end
[09:14:43.704] [bmv2] [D] [thread 103653] [4.0] [cxt 0] Pipeline 'ingress': start
[09:14:43.704] [bmv2] [T] [thread 103653] [4.0] [cxt 0] switch.p4(116) Condition "hdr.ipv4.isValid()" (node_2) is false
[09:14:43.704] [bmv2] [D] [thread 103653] [4.0] [cxt 0] Pipeline 'ingress': end
[09:14:43.704] [bmv2] [D] [thread 103653] [4.0] [cxt 0] Egress port is 0
[09:14:43.709] [bmv2] [D] [thread 103654] [3.0] [cxt 0] Pipeline 'egress': start
[09:14:43.709] [bmv2] [D] [thread 103654] [3.0] [cxt 0] Pipeline 'egress': end
[09:14:43.709] [bmv2] [D] [thread 103654] [3.0] [cxt 0] Deparser 'deparser': start
[09:14:43.709] [bmv2] [T] [thread 103654] [3.0] [cxt 0] Skipping checksum 'cksum' update because condition not met
[09:14:43.709] [bmv2] [D] [thread 103654] [3.0] [cxt 0] Deparsing header 'ethernet'
[09:14:43.709] [bmv2] [D] [thread 103654] [3.0] [cxt 0] Deparser 'deparser': end
[09:14:43.709] [bmv2] [D] [thread 103658] [3.0] [cxt 0] Transmitting packet of size 90 out of port 0
[09:14:43.709] [bmv2] [D] [thread 103653] [5.0] [cxt 0] Processing packet received on port 2
[09:14:43.709] [bmv2] [D] [thread 103653] [5.0] [cxt 0] Parser 'parser': start
[09:14:43.709] [bmv2] [D] [thread 103653] [5.0] [cxt 0] Parser 'parser' entering state 'start'
[09:14:43.709] [bmv2] [D] [thread 103653] [5.0] [cxt 0] Extracting header 'ethernet'
[09:14:43.709] [bmv2] [D] [thread 103653] [5.0] [cxt 0] Parser state 'start': key is 86dd
[09:14:43.709] [bmv2] [T] [thread 103653] [5.0] [cxt 0] Bytes parsed: 14
[09:14:43.709] [bmv2] [D] [thread 103653] [5.0] [cxt 0] Parser 'parser': end
[09:14:43.709] [bmv2] [D] [thread 103653] [5.0] [cxt 0] Pipeline 'ingress': start
[09:14:43.709] [bmv2] [T] [thread 103653] [5.0] [cxt 0] switch.p4(116) Condition "hdr.ipv4.isValid()" (node_2) is false
[09:14:43.709] [bmv2] [D] [thread 103653] [5.0] [cxt 0] Pipeline 'ingress': end
[09:14:43.709] [bmv2] [D] [thread 103653] [5.0] [cxt 0] Egress port is 0
[09:14:43.709] [bmv2] [D] [thread 103654] [4.0] [cxt 0] Pipeline 'egress': start
[09:14:43.709] [bmv2] [D] [thread 103654] [4.0] [cxt 0] Pipeline 'egress': end
[09:14:43.709] [bmv2] [D] [thread 103654] [4.0] [cxt 0] Deparser 'deparser': start
[09:14:43.709] [bmv2] [T] [thread 103654] [4.0] [cxt 0] Skipping checksum 'cksum' update because condition not met
[09:14:43.709] [bmv2] [D] [thread 103654] [4.0] [cxt 0] Deparsing header 'ethernet'
[09:14:43.709] [bmv2] [D] [thread 103654] [4.0] [cxt 0] Deparser 'deparser': end
[09:14:43.709] [bmv2] [D] [thread 103654] [5.0] [cxt 0] Pipeline 'egress': start
[09:14:43.709] [bmv2] [D] [thread 103658] [4.0] [cxt 0] Transmitting packet of size 70 out of port 0
[09:14:43.714] [bmv2] [D] [thread 103654] [5.0] [cxt 0] Pipeline 'egress': end
[09:14:43.714] [bmv2] [D] [thread 103654] [5.0] [cxt 0] Deparser 'deparser': start
[09:14:43.714] [bmv2] [T] [thread 103654] [5.0] [cxt 0] Skipping checksum 'cksum' update because condition not met
[09:14:43.714] [bmv2] [D] [thread 103654] [5.0] [cxt 0] Deparsing header 'ethernet'
[09:14:43.714] [bmv2] [D] [thread 103654] [5.0] [cxt 0] Deparser 'deparser': end
[09:14:43.714] [bmv2] [D] [thread 103658] [5.0] [cxt 0] Transmitting packet of size 90 out of port 0
[09:14:43.807] [bmv2] [D] [thread 103653] [6.0] [cxt 0] Processing packet received on port 2
[09:14:43.807] [bmv2] [D] [thread 103653] [6.0] [cxt 0] Parser 'parser': start
[09:14:43.807] [bmv2] [D] [thread 103653] [6.0] [cxt 0] Parser 'parser' entering state 'start'
[09:14:43.807] [bmv2] [D] [thread 103653] [6.0] [cxt 0] Extracting header 'ethernet'
[09:14:43.807] [bmv2] [D] [thread 103653] [6.0] [cxt 0] Parser state 'start': key is 86dd
[09:14:43.807] [bmv2] [T] [thread 103653] [6.0] [cxt 0] Bytes parsed: 14
[09:14:43.807] [bmv2] [D] [thread 103653] [6.0] [cxt 0] Parser 'parser': end
[09:14:43.807] [bmv2] [D] [thread 103653] [6.0] [cxt 0] Pipeline 'ingress': start
[09:14:43.807] [bmv2] [T] [thread 103653] [6.0] [cxt 0] switch.p4(116) Condition "hdr.ipv4.isValid()" (node_2) is false
[09:14:43.807] [bmv2] [D] [thread 103653] [6.0] [cxt 0] Pipeline 'ingress': end
[09:14:43.807] [bmv2] [D] [thread 103653] [6.0] [cxt 0] Egress port is 0
[09:14:43.807] [bmv2] [D] [thread 103654] [6.0] [cxt 0] Pipeline 'egress': start
[09:14:43.807] [bmv2] [D] [thread 103654] [6.0] [cxt 0] Pipeline 'egress': end
[09:14:43.807] [bmv2] [D] [thread 103654] [6.0] [cxt 0] Deparser 'deparser': start
[09:14:43.807] [bmv2] [T] [thread 103654] [6.0] [cxt 0] Skipping checksum 'cksum' update because condition not met
[09:14:43.807] [bmv2] [D] [thread 103654] [6.0] [cxt 0] Deparsing header 'ethernet'
[09:14:43.807] [bmv2] [D] [thread 103654] [6.0] [cxt 0] Deparser 'deparser': end
[09:14:43.807] [bmv2] [D] [thread 103658] [6.0] [cxt 0] Transmitting packet of size 203 out of port 0
[09:14:43.874] [bmv2] [D] [thread 103653] [7.0] [cxt 0] Processing packet received on port 2
[09:14:43.874] [bmv2] [D] [thread 103653] [7.0] [cxt 0] Parser 'parser': start
[09:14:43.874] [bmv2] [D] [thread 103653] [7.0] [cxt 0] Parser 'parser' entering state 'start'
[09:14:43.874] [bmv2] [D] [thread 103653] [7.0] [cxt 0] Extracting header 'ethernet'
[09:14:43.874] [bmv2] [D] [thread 103653] [7.0] [cxt 0] Parser state 'start': key is 86dd
[09:14:43.874] [bmv2] [T] [thread 103653] [7.0] [cxt 0] Bytes parsed: 14
[09:14:43.874] [bmv2] [D] [thread 103653] [7.0] [cxt 0] Parser 'parser': end
[09:14:43.874] [bmv2] [D] [thread 103653] [7.0] [cxt 0] Pipeline 'ingress': start
[09:14:43.874] [bmv2] [T] [thread 103653] [7.0] [cxt 0] switch.p4(116) Condition "hdr.ipv4.isValid()" (node_2) is false
[09:14:43.874] [bmv2] [D] [thread 103653] [7.0] [cxt 0] Pipeline 'ingress': end
[09:14:43.874] [bmv2] [D] [thread 103653] [7.0] [cxt 0] Egress port is 0
[09:14:43.874] [bmv2] [D] [thread 103654] [7.0] [cxt 0] Pipeline 'egress': start
[09:14:43.874] [bmv2] [D] [thread 103654] [7.0] [cxt 0] Pipeline 'egress': end
[09:14:43.874] [bmv2] [D] [thread 103654] [7.0] [cxt 0] Deparser 'deparser': start
[09:14:43.874] [bmv2] [T] [thread 103654] [7.0] [cxt 0] Skipping checksum 'cksum' update because condition not met
[09:14:43.874] [bmv2] [D] [thread 103654] [7.0] [cxt 0] Deparsing header 'ethernet'
[09:14:43.874] [bmv2] [D] [thread 103654] [7.0] [cxt 0] Deparser 'deparser': end
[09:14:43.874] [bmv2] [D] [thread 103658] [7.0] [cxt 0] Transmitting packet of size 211 out of port 0
[09:14:43.930] [bmv2] [D] [thread 103653] [8.0] [cxt 0] Processing packet received on port 2
[09:14:43.930] [bmv2] [D] [thread 103653] [8.0] [cxt 0] Parser 'parser': start
[09:14:43.930] [bmv2] [D] [thread 103653] [8.0] [cxt 0] Parser 'parser' entering state 'start'
[09:14:43.930] [bmv2] [D] [thread 103653] [8.0] [cxt 0] Extracting header 'ethernet'
[09:14:43.930] [bmv2] [D] [thread 103653] [8.0] [cxt 0] Parser state 'start': key is 86dd
[09:14:43.930] [bmv2] [T] [thread 103653] [8.0] [cxt 0] Bytes parsed: 14
[09:14:43.930] [bmv2] [D] [thread 103653] [8.0] [cxt 0] Parser 'parser': end
[09:14:43.930] [bmv2] [D] [thread 103653] [8.0] [cxt 0] Pipeline 'ingress': start
[09:14:43.930] [bmv2] [T] [thread 103653] [8.0] [cxt 0] switch.p4(116) Condition "hdr.ipv4.isValid()" (node_2) is false
[09:14:43.930] [bmv2] [D] [thread 103653] [8.0] [cxt 0] Pipeline 'ingress': end
[09:14:43.930] [bmv2] [D] [thread 103653] [8.0] [cxt 0] Egress port is 0
[09:14:43.930] [bmv2] [D] [thread 103654] [8.0] [cxt 0] Pipeline 'egress': start
[09:14:43.931] [bmv2] [D] [thread 103654] [8.0] [cxt 0] Pipeline 'egress': end
[09:14:43.931] [bmv2] [D] [thread 103654] [8.0] [cxt 0] Deparser 'deparser': start
[09:14:43.931] [bmv2] [T] [thread 103654] [8.0] [cxt 0] Skipping checksum 'cksum' update because condition not met
[09:14:43.931] [bmv2] [D] [thread 103654] [8.0] [cxt 0] Deparsing header 'ethernet'
[09:14:43.931] [bmv2] [D] [thread 103654] [8.0] [cxt 0] Deparser 'deparser': end
[09:14:43.931] [bmv2] [D] [thread 103658] [8.0] [cxt 0] Transmitting packet of size 90 out of port 0
[09:14:44.025] [bmv2] [D] [thread 103653] [9.0] [cxt 0] Processing packet received on port 1
[09:14:44.025] [bmv2] [D] [thread 103653] [9.0] [cxt 0] Parser 'parser': start
[09:14:44.025] [bmv2] [D] [thread 103653] [9.0] [cxt 0] Parser 'parser' entering state 'start'
[09:14:44.025] [bmv2] [D] [thread 103653] [9.0] [cxt 0] Extracting header 'ethernet'
[09:14:44.025] [bmv2] [D] [thread 103653] [9.0] [cxt 0] Parser state 'start': key is 86dd
[09:14:44.025] [bmv2] [T] [thread 103653] [9.0] [cxt 0] Bytes parsed: 14
[09:14:44.025] [bmv2] [D] [thread 103653] [9.0] [cxt 0] Parser 'parser': end
[09:14:44.025] [bmv2] [D] [thread 103653] [9.0] [cxt 0] Pipeline 'ingress': start
[09:14:44.025] [bmv2] [T] [thread 103653] [9.0] [cxt 0] switch.p4(116) Condition "hdr.ipv4.isValid()" (node_2) is false
[09:14:44.025] [bmv2] [D] [thread 103653] [9.0] [cxt 0] Pipeline 'ingress': end
[09:14:44.025] [bmv2] [D] [thread 103653] [9.0] [cxt 0] Egress port is 0
[09:14:44.025] [bmv2] [D] [thread 103653] [10.0] [cxt 0] Processing packet received on port 1
[09:14:44.031] [bmv2] [D] [thread 103653] [10.0] [cxt 0] Parser 'parser': start
[09:14:44.031] [bmv2] [D] [thread 103653] [10.0] [cxt 0] Parser 'parser' entering state 'start'
[09:14:44.031] [bmv2] [D] [thread 103653] [10.0] [cxt 0] Extracting header 'ethernet'
[09:14:44.031] [bmv2] [D] [thread 103653] [10.0] [cxt 0] Parser state 'start': key is 86dd
[09:14:44.031] [bmv2] [T] [thread 103653] [10.0] [cxt 0] Bytes parsed: 14
[09:14:44.031] [bmv2] [D] [thread 103653] [10.0] [cxt 0] Parser 'parser': end
[09:14:44.031] [bmv2] [D] [thread 103653] [10.0] [cxt 0] Pipeline 'ingress': start
[09:14:44.031] [bmv2] [T] [thread 103653] [10.0] [cxt 0] switch.p4(116) Condition "hdr.ipv4.isValid()" (node_2) is false
[09:14:44.031] [bmv2] [D] [thread 103653] [10.0] [cxt 0] Pipeline 'ingress': end
[09:14:44.031] [bmv2] [D] [thread 103653] [10.0] [cxt 0] Egress port is 0
[09:14:44.031] [bmv2] [D] [thread 103653] [11.0] [cxt 0] Processing packet received on port 1
[09:14:44.031] [bmv2] [D] [thread 103653] [11.0] [cxt 0] Parser 'parser': start
[09:14:44.031] [bmv2] [D] [thread 103653] [11.0] [cxt 0] Parser 'parser' entering state 'start'
[09:14:44.031] [bmv2] [D] [thread 103653] [11.0] [cxt 0] Extracting header 'ethernet'
[09:14:44.031] [bmv2] [D] [thread 103653] [11.0] [cxt 0] Parser state 'start': key is 86dd
[09:14:44.031] [bmv2] [T] [thread 103653] [11.0] [cxt 0] Bytes parsed: 14
[09:14:44.031] [bmv2] [D] [thread 103653] [11.0] [cxt 0] Parser 'parser': end
[09:14:44.031] [bmv2] [D] [thread 103653] [11.0] [cxt 0] Pipeline 'ingress': start
[09:14:44.031] [bmv2] [T] [thread 103653] [11.0] [cxt 0] switch.p4(116) Condition "hdr.ipv4.isValid()" (node_2) is false
[09:14:44.031] [bmv2] [D] [thread 103653] [11.0] [cxt 0] Pipeline 'ingress': end
[09:14:44.031] [bmv2] [D] [thread 103653] [11.0] [cxt 0] Egress port is 0
[09:14:44.025] [bmv2] [D] [thread 103654] [9.0] [cxt 0] Pipeline 'egress': start
[09:14:44.031] [bmv2] [D] [thread 103654] [9.0] [cxt 0] Pipeline 'egress': end
[09:14:44.031] [bmv2] [D] [thread 103654] [9.0] [cxt 0] Deparser 'deparser': start
[09:14:44.031] [bmv2] [T] [thread 103654] [9.0] [cxt 0] Skipping checksum 'cksum' update because condition not met
[09:14:44.031] [bmv2] [D] [thread 103654] [9.0] [cxt 0] Deparsing header 'ethernet'
[09:14:44.031] [bmv2] [D] [thread 103654] [9.0] [cxt 0] Deparser 'deparser': end
[09:14:44.031] [bmv2] [D] [thread 103658] [9.0] [cxt 0] Transmitting packet of size 90 out of port 0
[09:14:44.031] [bmv2] [D] [thread 103654] [10.0] [cxt 0] Pipeline 'egress': start
[09:14:44.031] [bmv2] [D] [thread 103654] [10.0] [cxt 0] Pipeline 'egress': end
[09:14:44.031] [bmv2] [D] [thread 103654] [10.0] [cxt 0] Deparser 'deparser': start
[09:14:44.031] [bmv2] [T] [thread 103654] [10.0] [cxt 0] Skipping checksum 'cksum' update because condition not met
[09:14:44.031] [bmv2] [D] [thread 103654] [10.0] [cxt 0] Deparsing header 'ethernet'
[09:14:44.031] [bmv2] [D] [thread 103654] [10.0] [cxt 0] Deparser 'deparser': end
[09:14:44.031] [bmv2] [D] [thread 103654] [11.0] [cxt 0] Pipeline 'egress': start
[09:14:44.031] [bmv2] [D] [thread 103654] [11.0] [cxt 0] Pipeline 'egress': end
[09:14:44.031] [bmv2] [D] [thread 103654] [11.0] [cxt 0] Deparser 'deparser': start
[09:14:44.031] [bmv2] [T] [thread 103654] [11.0] [cxt 0] Skipping checksum 'cksum' update because condition not met
[09:14:44.031] [bmv2] [D] [thread 103654] [11.0] [cxt 0] Deparsing header 'ethernet'
[09:14:44.031] [bmv2] [D] [thread 103654] [11.0] [cxt 0] Deparser 'deparser': end
[09:14:44.031] [bmv2] [D] [thread 103658] [10.0] [cxt 0] Transmitting packet of size 70 out of port 0
[09:14:44.031] [bmv2] [D] [thread 103658] [11.0] [cxt 0] Transmitting packet of size 90 out of port 0
[09:14:44.126] [bmv2] [D] [thread 103653] [12.0] [cxt 0] Processing packet received on port 1
[09:14:44.126] [bmv2] [D] [thread 103653] [12.0] [cxt 0] Parser 'parser': start
[09:14:44.126] [bmv2] [D] [thread 103653] [12.0] [cxt 0] Parser 'parser' entering state 'start'
[09:14:44.126] [bmv2] [D] [thread 103653] [12.0] [cxt 0] Extracting header 'ethernet'
[09:14:44.126] [bmv2] [D] [thread 103653] [12.0] [cxt 0] Parser state 'start': key is 86dd
[09:14:44.126] [bmv2] [T] [thread 103653] [12.0] [cxt 0] Bytes parsed: 14
[09:14:44.126] [bmv2] [D] [thread 103653] [12.0] [cxt 0] Parser 'parser': end
[09:14:44.126] [bmv2] [D] [thread 103653] [12.0] [cxt 0] Pipeline 'ingress': start
[09:14:44.126] [bmv2] [T] [thread 103653] [12.0] [cxt 0] switch.p4(116) Condition "hdr.ipv4.isValid()" (node_2) is false
[09:14:44.126] [bmv2] [D] [thread 103653] [12.0] [cxt 0] Pipeline 'ingress': end
[09:14:44.126] [bmv2] [D] [thread 103653] [12.0] [cxt 0] Egress port is 0
[09:14:44.126] [bmv2] [D] [thread 103653] [13.0] [cxt 0] Processing packet received on port 2
[09:14:44.126] [bmv2] [D] [thread 103653] [13.0] [cxt 0] Parser 'parser': start
[09:14:44.126] [bmv2] [D] [thread 103653] [13.0] [cxt 0] Parser 'parser' entering state 'start'
[09:14:44.126] [bmv2] [D] [thread 103653] [13.0] [cxt 0] Extracting header 'ethernet'
[09:14:44.126] [bmv2] [D] [thread 103653] [13.0] [cxt 0] Parser state 'start': key is 86dd
[09:14:44.126] [bmv2] [T] [thread 103653] [13.0] [cxt 0] Bytes parsed: 14
[09:14:44.126] [bmv2] [D] [thread 103653] [13.0] [cxt 0] Parser 'parser': end
[09:14:44.126] [bmv2] [D] [thread 103653] [13.0] [cxt 0] Pipeline 'ingress': start
[09:14:44.126] [bmv2] [T] [thread 103653] [13.0] [cxt 0] switch.p4(116) Condition "hdr.ipv4.isValid()" (node_2) is false
[09:14:44.126] [bmv2] [D] [thread 103653] [13.0] [cxt 0] Pipeline 'ingress': end
[09:14:44.126] [bmv2] [D] [thread 103653] [13.0] [cxt 0] Egress port is 0
[09:14:44.126] [bmv2] [D] [thread 103654] [12.0] [cxt 0] Pipeline 'egress': start
[09:14:44.126] [bmv2] [D] [thread 103654] [12.0] [cxt 0] Pipeline 'egress': end
[09:14:44.126] [bmv2] [D] [thread 103654] [12.0] [cxt 0] Deparser 'deparser': start
[09:14:44.126] [bmv2] [T] [thread 103654] [12.0] [cxt 0] Skipping checksum 'cksum' update because condition not met
[09:14:44.126] [bmv2] [D] [thread 103654] [12.0] [cxt 0] Deparsing header 'ethernet'
[09:14:44.126] [bmv2] [D] [thread 103654] [12.0] [cxt 0] Deparser 'deparser': end
[09:14:44.126] [bmv2] [D] [thread 103658] [12.0] [cxt 0] Transmitting packet of size 203 out of port 0
[09:14:44.126] [bmv2] [D] [thread 103654] [13.0] [cxt 0] Pipeline 'egress': start
[09:14:44.126] [bmv2] [D] [thread 103654] [13.0] [cxt 0] Pipeline 'egress': end
[09:14:44.126] [bmv2] [D] [thread 103654] [13.0] [cxt 0] Deparser 'deparser': start
[09:14:44.126] [bmv2] [T] [thread 103654] [13.0] [cxt 0] Skipping checksum 'cksum' update because condition not met
[09:14:44.126] [bmv2] [D] [thread 103654] [13.0] [cxt 0] Deparsing header 'ethernet'
[09:14:44.126] [bmv2] [D] [thread 103654] [13.0] [cxt 0] Deparser 'deparser': end
[09:14:44.126] [bmv2] [D] [thread 103658] [13.0] [cxt 0] Transmitting packet of size 211 out of port 0
[09:14:44.189] [bmv2] [D] [thread 103653] [14.0] [cxt 0] Processing packet received on port 1
[09:14:44.189] [bmv2] [D] [thread 103653] [14.0] [cxt 0] Parser 'parser': start
[09:14:44.189] [bmv2] [D] [thread 103653] [14.0] [cxt 0] Parser 'parser' entering state 'start'
[09:14:44.189] [bmv2] [D] [thread 103653] [14.0] [cxt 0] Extracting header 'ethernet'
[09:14:44.189] [bmv2] [D] [thread 103653] [14.0] [cxt 0] Parser state 'start': key is 86dd
[09:14:44.189] [bmv2] [T] [thread 103653] [14.0] [cxt 0] Bytes parsed: 14
[09:14:44.189] [bmv2] [D] [thread 103653] [14.0] [cxt 0] Parser 'parser': end
[09:14:44.189] [bmv2] [D] [thread 103653] [14.0] [cxt 0] Pipeline 'ingress': start
[09:14:44.189] [bmv2] [T] [thread 103653] [14.0] [cxt 0] switch.p4(116) Condition "hdr.ipv4.isValid()" (node_2) is false
[09:14:44.189] [bmv2] [D] [thread 103653] [14.0] [cxt 0] Pipeline 'ingress': end
[09:14:44.189] [bmv2] [D] [thread 103653] [14.0] [cxt 0] Egress port is 0
[09:14:44.189] [bmv2] [D] [thread 103654] [14.0] [cxt 0] Pipeline 'egress': start
[09:14:44.189] [bmv2] [D] [thread 103654] [14.0] [cxt 0] Pipeline 'egress': end
[09:14:44.189] [bmv2] [D] [thread 103654] [14.0] [cxt 0] Deparser 'deparser': start
[09:14:44.189] [bmv2] [T] [thread 103654] [14.0] [cxt 0] Skipping checksum 'cksum' update because condition not met
[09:14:44.189] [bmv2] [D] [thread 103654] [14.0] [cxt 0] Deparsing header 'ethernet'
[09:14:44.189] [bmv2] [D] [thread 103654] [14.0] [cxt 0] Deparser 'deparser': end
[09:14:44.189] [bmv2] [D] [thread 103658] [14.0] [cxt 0] Transmitting packet of size 90 out of port 0
[09:14:44.189] [bmv2] [D] [thread 103653] [15.0] [cxt 0] Processing packet received on port 2
[09:14:44.189] [bmv2] [D] [thread 103653] [15.0] [cxt 0] Parser 'parser': start
[09:14:44.189] [bmv2] [D] [thread 103653] [15.0] [cxt 0] Parser 'parser' entering state 'start'
[09:14:44.189] [bmv2] [D] [thread 103653] [15.0] [cxt 0] Extracting header 'ethernet'
[09:14:44.189] [bmv2] [D] [thread 103653] [15.0] [cxt 0] Parser state 'start': key is 86dd
[09:14:44.189] [bmv2] [T] [thread 103653] [15.0] [cxt 0] Bytes parsed: 14
[09:14:44.189] [bmv2] [D] [thread 103653] [15.0] [cxt 0] Parser 'parser': end
[09:14:44.189] [bmv2] [D] [thread 103653] [15.0] [cxt 0] Pipeline 'ingress': start
[09:14:44.189] [bmv2] [T] [thread 103653] [15.0] [cxt 0] switch.p4(116) Condition "hdr.ipv4.isValid()" (node_2) is false
[09:14:44.189] [bmv2] [D] [thread 103653] [15.0] [cxt 0] Pipeline 'ingress': end
[09:14:44.189] [bmv2] [D] [thread 103653] [15.0] [cxt 0] Egress port is 0
[09:14:44.189] [bmv2] [D] [thread 103654] [15.0] [cxt 0] Pipeline 'egress': start
[09:14:44.189] [bmv2] [D] [thread 103654] [15.0] [cxt 0] Pipeline 'egress': end
[09:14:44.189] [bmv2] [D] [thread 103654] [15.0] [cxt 0] Deparser 'deparser': start
[09:14:44.189] [bmv2] [T] [thread 103654] [15.0] [cxt 0] Skipping checksum 'cksum' update because condition not met
[09:14:44.189] [bmv2] [D] [thread 103654] [15.0] [cxt 0] Deparsing header 'ethernet'
[09:14:44.189] [bmv2] [D] [thread 103654] [15.0] [cxt 0] Deparser 'deparser': end
[09:14:44.189] [bmv2] [D] [thread 103658] [15.0] [cxt 0] Transmitting packet of size 110 out of port 0
[09:14:44.189] [bmv2] [D] [thread 103653] [16.0] [cxt 0] Processing packet received on port 1
[09:14:44.189] [bmv2] [D] [thread 103653] [16.0] [cxt 0] Parser 'parser': start
[09:14:44.189] [bmv2] [D] [thread 103653] [16.0] [cxt 0] Parser 'parser' entering state 'start'
[09:14:44.189] [bmv2] [D] [thread 103653] [16.0] [cxt 0] Extracting header 'ethernet'
[09:14:44.189] [bmv2] [D] [thread 103653] [16.0] [cxt 0] Parser state 'start': key is 86dd
[09:14:44.189] [bmv2] [T] [thread 103653] [16.0] [cxt 0] Bytes parsed: 14
[09:14:44.189] [bmv2] [D] [thread 103653] [16.0] [cxt 0] Parser 'parser': end
[09:14:44.189] [bmv2] [D] [thread 103653] [16.0] [cxt 0] Pipeline 'ingress': start
[09:14:44.189] [bmv2] [T] [thread 103653] [16.0] [cxt 0] switch.p4(116) Condition "hdr.ipv4.isValid()" (node_2) is false
[09:14:44.189] [bmv2] [D] [thread 103653] [16.0] [cxt 0] Pipeline 'ingress': end
[09:14:44.189] [bmv2] [D] [thread 103653] [16.0] [cxt 0] Egress port is 0
[09:14:44.189] [bmv2] [D] [thread 103654] [16.0] [cxt 0] Pipeline 'egress': start
[09:14:44.189] [bmv2] [D] [thread 103654] [16.0] [cxt 0] Pipeline 'egress': end
[09:14:44.189] [bmv2] [D] [thread 103654] [16.0] [cxt 0] Deparser 'deparser': start
[09:14:44.189] [bmv2] [T] [thread 103654] [16.0] [cxt 0] Skipping checksum 'cksum' update because condition not met
[09:14:44.189] [bmv2] [D] [thread 103654] [16.0] [cxt 0] Deparsing header 'ethernet'
[09:14:44.189] [bmv2] [D] [thread 103654] [16.0] [cxt 0] Deparser 'deparser': end
[09:14:44.189] [bmv2] [D] [thread 103658] [16.0] [cxt 0] Transmitting packet of size 70 out of port 0
[09:14:44.189] [bmv2] [D] [thread 103653] [17.0] [cxt 0] Processing packet received on port 1
[09:14:44.189] [bmv2] [D] [thread 103653] [17.0] [cxt 0] Parser 'parser': start
[09:14:44.189] [bmv2] [D] [thread 103653] [17.0] [cxt 0] Parser 'parser' entering state 'start'
[09:14:44.189] [bmv2] [D] [thread 103653] [17.0] [cxt 0] Extracting header 'ethernet'
[09:14:44.189] [bmv2] [D] [thread 103653] [17.0] [cxt 0] Parser state 'start': key is 86dd
[09:14:44.189] [bmv2] [T] [thread 103653] [17.0] [cxt 0] Bytes parsed: 14
[09:14:44.189] [bmv2] [D] [thread 103653] [17.0] [cxt 0] Parser 'parser': end
[09:14:44.189] [bmv2] [D] [thread 103653] [17.0] [cxt 0] Pipeline 'ingress': start
[09:14:44.189] [bmv2] [T] [thread 103653] [17.0] [cxt 0] switch.p4(116) Condition "hdr.ipv4.isValid()" (node_2) is false
[09:14:44.189] [bmv2] [D] [thread 103653] [17.0] [cxt 0] Pipeline 'ingress': end
[09:14:44.189] [bmv2] [D] [thread 103653] [17.0] [cxt 0] Egress port is 0
[09:14:44.189] [bmv2] [D] [thread 103654] [17.0] [cxt 0] Pipeline 'egress': start
[09:14:44.189] [bmv2] [D] [thread 103654] [17.0] [cxt 0] Pipeline 'egress': end
[09:14:44.189] [bmv2] [D] [thread 103654] [17.0] [cxt 0] Deparser 'deparser': start
[09:14:44.189] [bmv2] [T] [thread 103654] [17.0] [cxt 0] Skipping checksum 'cksum' update because condition not met
[09:14:44.189] [bmv2] [D] [thread 103654] [17.0] [cxt 0] Deparsing header 'ethernet'
[09:14:44.189] [bmv2] [D] [thread 103654] [17.0] [cxt 0] Deparser 'deparser': end
[09:14:44.189] [bmv2] [D] [thread 103658] [17.0] [cxt 0] Transmitting packet of size 90 out of port 0
[09:14:44.234] [bmv2] [D] [thread 103653] [18.0] [cxt 0] Processing packet received on port 1
[09:14:44.234] [bmv2] [D] [thread 103653] [18.0] [cxt 0] Parser 'parser': start
[09:14:44.234] [bmv2] [D] [thread 103653] [18.0] [cxt 0] Parser 'parser' entering state 'start'
[09:14:44.234] [bmv2] [D] [thread 103653] [18.0] [cxt 0] Extracting header 'ethernet'
[09:14:44.234] [bmv2] [D] [thread 103653] [18.0] [cxt 0] Parser state 'start': key is 86dd
[09:14:44.234] [bmv2] [T] [thread 103653] [18.0] [cxt 0] Bytes parsed: 14
[09:14:44.234] [bmv2] [D] [thread 103653] [18.0] [cxt 0] Parser 'parser': end
[09:14:44.234] [bmv2] [D] [thread 103653] [18.0] [cxt 0] Pipeline 'ingress': start
[09:14:44.234] [bmv2] [T] [thread 103653] [18.0] [cxt 0] switch.p4(116) Condition "hdr.ipv4.isValid()" (node_2) is false
[09:14:44.234] [bmv2] [D] [thread 103653] [18.0] [cxt 0] Pipeline 'ingress': end
[09:14:44.234] [bmv2] [D] [thread 103653] [18.0] [cxt 0] Egress port is 0
[09:14:44.234] [bmv2] [D] [thread 103654] [18.0] [cxt 0] Pipeline 'egress': start
[09:14:44.234] [bmv2] [D] [thread 103654] [18.0] [cxt 0] Pipeline 'egress': end
[09:14:44.234] [bmv2] [D] [thread 103654] [18.0] [cxt 0] Deparser 'deparser': start
[09:14:44.234] [bmv2] [T] [thread 103654] [18.0] [cxt 0] Skipping checksum 'cksum' update because condition not met
[09:14:44.234] [bmv2] [D] [thread 103654] [18.0] [cxt 0] Deparsing header 'ethernet'
[09:14:44.234] [bmv2] [D] [thread 103654] [18.0] [cxt 0] Deparser 'deparser': end
[09:14:44.234] [bmv2] [D] [thread 103658] [18.0] [cxt 0] Transmitting packet of size 211 out of port 0
[09:14:44.290] [bmv2] [D] [thread 103653] [19.0] [cxt 0] Processing packet received on port 1
[09:14:44.290] [bmv2] [D] [thread 103653] [19.0] [cxt 0] Parser 'parser': start
[09:14:44.290] [bmv2] [D] [thread 103653] [19.0] [cxt 0] Parser 'parser' entering state 'start'
[09:14:44.290] [bmv2] [D] [thread 103653] [19.0] [cxt 0] Extracting header 'ethernet'
[09:14:44.290] [bmv2] [D] [thread 103653] [19.0] [cxt 0] Parser state 'start': key is 86dd
[09:14:44.290] [bmv2] [T] [thread 103653] [19.0] [cxt 0] Bytes parsed: 14
[09:14:44.290] [bmv2] [D] [thread 103653] [19.0] [cxt 0] Parser 'parser': end
[09:14:44.290] [bmv2] [D] [thread 103653] [19.0] [cxt 0] Pipeline 'ingress': start
[09:14:44.290] [bmv2] [T] [thread 103653] [19.0] [cxt 0] switch.p4(116) Condition "hdr.ipv4.isValid()" (node_2) is false
[09:14:44.290] [bmv2] [D] [thread 103653] [19.0] [cxt 0] Pipeline 'ingress': end
[09:14:44.290] [bmv2] [D] [thread 103653] [19.0] [cxt 0] Egress port is 0
[09:14:44.290] [bmv2] [D] [thread 103654] [19.0] [cxt 0] Pipeline 'egress': start
[09:14:44.290] [bmv2] [D] [thread 103654] [19.0] [cxt 0] Pipeline 'egress': end
[09:14:44.290] [bmv2] [D] [thread 103654] [19.0] [cxt 0] Deparser 'deparser': start
[09:14:44.290] [bmv2] [T] [thread 103654] [19.0] [cxt 0] Skipping checksum 'cksum' update because condition not met
[09:14:44.290] [bmv2] [D] [thread 103654] [19.0] [cxt 0] Deparsing header 'ethernet'
[09:14:44.290] [bmv2] [D] [thread 103654] [19.0] [cxt 0] Deparser 'deparser': end
[09:14:44.290] [bmv2] [D] [thread 103658] [19.0] [cxt 0] Transmitting packet of size 203 out of port 0
[09:14:44.361] [bmv2] [D] [thread 103653] [20.0] [cxt 0] Processing packet received on port 1
[09:14:44.361] [bmv2] [D] [thread 103653] [20.0] [cxt 0] Parser 'parser': start
[09:14:44.361] [bmv2] [D] [thread 103653] [20.0] [cxt 0] Parser 'parser' entering state 'start'
[09:14:44.361] [bmv2] [D] [thread 103653] [20.0] [cxt 0] Extracting header 'ethernet'
[09:14:44.361] [bmv2] [D] [thread 103653] [20.0] [cxt 0] Parser state 'start': key is 86dd
[09:14:44.361] [bmv2] [T] [thread 103653] [20.0] [cxt 0] Bytes parsed: 14
[09:14:44.361] [bmv2] [D] [thread 103653] [20.0] [cxt 0] Parser 'parser': end
[09:14:44.361] [bmv2] [D] [thread 103653] [20.0] [cxt 0] Pipeline 'ingress': start
[09:14:44.361] [bmv2] [T] [thread 103653] [20.0] [cxt 0] switch.p4(116) Condition "hdr.ipv4.isValid()" (node_2) is false
[09:14:44.361] [bmv2] [D] [thread 103653] [20.0] [cxt 0] Pipeline 'ingress': end
[09:14:44.361] [bmv2] [D] [thread 103653] [20.0] [cxt 0] Egress port is 0
[09:14:44.361] [bmv2] [D] [thread 103654] [20.0] [cxt 0] Pipeline 'egress': start
[09:14:44.361] [bmv2] [D] [thread 103654] [20.0] [cxt 0] Pipeline 'egress': end
[09:14:44.361] [bmv2] [D] [thread 103654] [20.0] [cxt 0] Deparser 'deparser': start
[09:14:44.361] [bmv2] [T] [thread 103654] [20.0] [cxt 0] Skipping checksum 'cksum' update because condition not met
[09:14:44.361] [bmv2] [D] [thread 103654] [20.0] [cxt 0] Deparsing header 'ethernet'
[09:14:44.361] [bmv2] [D] [thread 103654] [20.0] [cxt 0] Deparser 'deparser': end
[09:14:44.361] [bmv2] [D] [thread 103658] [20.0] [cxt 0] Transmitting packet of size 211 out of port 0
[09:14:44.361] [bmv2] [D] [thread 103653] [21.0] [cxt 0] Processing packet received on port 2
[09:14:44.361] [bmv2] [D] [thread 103653] [21.0] [cxt 0] Parser 'parser': start
[09:14:44.361] [bmv2] [D] [thread 103653] [21.0] [cxt 0] Parser 'parser' entering state 'start'
[09:14:44.361] [bmv2] [D] [thread 103653] [21.0] [cxt 0] Extracting header 'ethernet'
[09:14:44.361] [bmv2] [D] [thread 103653] [21.0] [cxt 0] Parser state 'start': key is 86dd
[09:14:44.361] [bmv2] [T] [thread 103653] [21.0] [cxt 0] Bytes parsed: 14
[09:14:44.361] [bmv2] [D] [thread 103653] [21.0] [cxt 0] Parser 'parser': end
[09:14:44.361] [bmv2] [D] [thread 103653] [21.0] [cxt 0] Pipeline 'ingress': start
[09:14:44.361] [bmv2] [T] [thread 103653] [21.0] [cxt 0] switch.p4(116) Condition "hdr.ipv4.isValid()" (node_2) is false
[09:14:44.361] [bmv2] [D] [thread 103653] [21.0] [cxt 0] Pipeline 'ingress': end
[09:14:44.361] [bmv2] [D] [thread 103653] [21.0] [cxt 0] Egress port is 0
[09:14:44.361] [bmv2] [D] [thread 103654] [21.0] [cxt 0] Pipeline 'egress': start
[09:14:44.361] [bmv2] [D] [thread 103654] [21.0] [cxt 0] Pipeline 'egress': end
[09:14:44.361] [bmv2] [D] [thread 103654] [21.0] [cxt 0] Deparser 'deparser': start
[09:14:44.361] [bmv2] [T] [thread 103654] [21.0] [cxt 0] Skipping checksum 'cksum' update because condition not met
[09:14:44.361] [bmv2] [D] [thread 103654] [21.0] [cxt 0] Deparsing header 'ethernet'
[09:14:44.361] [bmv2] [D] [thread 103654] [21.0] [cxt 0] Deparser 'deparser': end
[09:14:44.361] [bmv2] [D] [thread 103658] [21.0] [cxt 0] Transmitting packet of size 90 out of port 0
[09:14:44.361] [bmv2] [D] [thread 103653] [22.0] [cxt 0] Processing packet received on port 2
[09:14:44.361] [bmv2] [D] [thread 103653] [22.0] [cxt 0] Parser 'parser': start
[09:14:44.361] [bmv2] [D] [thread 103653] [22.0] [cxt 0] Parser 'parser' entering state 'start'
[09:14:44.361] [bmv2] [D] [thread 103653] [22.0] [cxt 0] Extracting header 'ethernet'
[09:14:44.361] [bmv2] [D] [thread 103653] [22.0] [cxt 0] Parser state 'start': key is 86dd
[09:14:44.361] [bmv2] [T] [thread 103653] [22.0] [cxt 0] Bytes parsed: 14
[09:14:44.361] [bmv2] [D] [thread 103653] [22.0] [cxt 0] Parser 'parser': end
[09:14:44.361] [bmv2] [D] [thread 103653] [22.0] [cxt 0] Pipeline 'ingress': start
[09:14:44.361] [bmv2] [T] [thread 103653] [22.0] [cxt 0] switch.p4(116) Condition "hdr.ipv4.isValid()" (node_2) is false
[09:14:44.361] [bmv2] [D] [thread 103653] [22.0] [cxt 0] Pipeline 'ingress': end
[09:14:44.361] [bmv2] [D] [thread 103653] [22.0] [cxt 0] Egress port is 0
[09:14:44.361] [bmv2] [D] [thread 103654] [22.0] [cxt 0] Pipeline 'egress': start
[09:14:44.361] [bmv2] [D] [thread 103653] [23.0] [cxt 0] Processing packet received on port 2
[09:14:44.361] [bmv2] [D] [thread 103653] [23.0] [cxt 0] Parser 'parser': start
[09:14:44.361] [bmv2] [D] [thread 103653] [23.0] [cxt 0] Parser 'parser' entering state 'start'
[09:14:44.361] [bmv2] [D] [thread 103653] [23.0] [cxt 0] Extracting header 'ethernet'
[09:14:44.361] [bmv2] [D] [thread 103653] [23.0] [cxt 0] Parser state 'start': key is 86dd
[09:14:44.361] [bmv2] [T] [thread 103653] [23.0] [cxt 0] Bytes parsed: 14
[09:14:44.361] [bmv2] [D] [thread 103653] [23.0] [cxt 0] Parser 'parser': end
[09:14:44.361] [bmv2] [D] [thread 103653] [23.0] [cxt 0] Pipeline 'ingress': start
[09:14:44.361] [bmv2] [T] [thread 103653] [23.0] [cxt 0] switch.p4(116) Condition "hdr.ipv4.isValid()" (node_2) is false
[09:14:44.361] [bmv2] [D] [thread 103653] [23.0] [cxt 0] Pipeline 'ingress': end
[09:14:44.361] [bmv2] [D] [thread 103653] [23.0] [cxt 0] Egress port is 0
[09:14:44.361] [bmv2] [D] [thread 103654] [22.0] [cxt 0] Pipeline 'egress': end
[09:14:44.366] [bmv2] [D] [thread 103654] [22.0] [cxt 0] Deparser 'deparser': start
[09:14:44.366] [bmv2] [T] [thread 103654] [22.0] [cxt 0] Skipping checksum 'cksum' update because condition not met
[09:14:44.366] [bmv2] [D] [thread 103654] [22.0] [cxt 0] Deparsing header 'ethernet'
[09:14:44.366] [bmv2] [D] [thread 103654] [22.0] [cxt 0] Deparser 'deparser': end
[09:14:44.366] [bmv2] [D] [thread 103654] [23.0] [cxt 0] Pipeline 'egress': start
[09:14:44.366] [bmv2] [D] [thread 103654] [23.0] [cxt 0] Pipeline 'egress': end
[09:14:44.366] [bmv2] [D] [thread 103654] [23.0] [cxt 0] Deparser 'deparser': start
[09:14:44.366] [bmv2] [T] [thread 103654] [23.0] [cxt 0] Skipping checksum 'cksum' update because condition not met
[09:14:44.366] [bmv2] [D] [thread 103654] [23.0] [cxt 0] Deparsing header 'ethernet'
[09:14:44.366] [bmv2] [D] [thread 103654] [23.0] [cxt 0] Deparser 'deparser': end
[09:14:44.366] [bmv2] [D] [thread 103658] [22.0] [cxt 0] Transmitting packet of size 70 out of port 0
[09:14:44.366] [bmv2] [D] [thread 103658] [23.0] [cxt 0] Transmitting packet of size 90 out of port 0
[09:14:44.383] [bmv2] [D] [thread 103653] [24.0] [cxt 0] Processing packet received on port 2
[09:14:44.383] [bmv2] [D] [thread 103653] [24.0] [cxt 0] Parser 'parser': start
[09:14:44.383] [bmv2] [D] [thread 103653] [24.0] [cxt 0] Parser 'parser' entering state 'start'
[09:14:44.383] [bmv2] [D] [thread 103653] [24.0] [cxt 0] Extracting header 'ethernet'
[09:14:44.383] [bmv2] [D] [thread 103653] [24.0] [cxt 0] Parser state 'start': key is 86dd
[09:14:44.383] [bmv2] [T] [thread 103653] [24.0] [cxt 0] Bytes parsed: 14
[09:14:44.383] [bmv2] [D] [thread 103653] [24.0] [cxt 0] Parser 'parser': end
[09:14:44.383] [bmv2] [D] [thread 103653] [24.0] [cxt 0] Pipeline 'ingress': start
[09:14:44.383] [bmv2] [T] [thread 103653] [24.0] [cxt 0] switch.p4(116) Condition "hdr.ipv4.isValid()" (node_2) is false
[09:14:44.383] [bmv2] [D] [thread 103653] [24.0] [cxt 0] Pipeline 'ingress': end
[09:14:44.383] [bmv2] [D] [thread 103653] [24.0] [cxt 0] Egress port is 0
[09:14:44.383] [bmv2] [D] [thread 103654] [24.0] [cxt 0] Pipeline 'egress': start
[09:14:44.383] [bmv2] [D] [thread 103654] [24.0] [cxt 0] Pipeline 'egress': end
[09:14:44.383] [bmv2] [D] [thread 103654] [24.0] [cxt 0] Deparser 'deparser': start
[09:14:44.383] [bmv2] [T] [thread 103654] [24.0] [cxt 0] Skipping checksum 'cksum' update because condition not met
[09:14:44.383] [bmv2] [D] [thread 103654] [24.0] [cxt 0] Deparsing header 'ethernet'
[09:14:44.383] [bmv2] [D] [thread 103654] [24.0] [cxt 0] Deparser 'deparser': end
[09:14:44.383] [bmv2] [D] [thread 103658] [24.0] [cxt 0] Transmitting packet of size 211 out of port 0
[09:14:44.450] [bmv2] [D] [thread 103653] [25.0] [cxt 0] Processing packet received on port 2
[09:14:44.450] [bmv2] [D] [thread 103653] [25.0] [cxt 0] Parser 'parser': start
[09:14:44.450] [bmv2] [D] [thread 103653] [25.0] [cxt 0] Parser 'parser' entering state 'start'
[09:14:44.450] [bmv2] [D] [thread 103653] [25.0] [cxt 0] Extracting header 'ethernet'
[09:14:44.450] [bmv2] [D] [thread 103653] [25.0] [cxt 0] Parser state 'start': key is 86dd
[09:14:44.450] [bmv2] [T] [thread 103653] [25.0] [cxt 0] Bytes parsed: 14
[09:14:44.450] [bmv2] [D] [thread 103653] [25.0] [cxt 0] Parser 'parser': end
[09:14:44.450] [bmv2] [D] [thread 103653] [25.0] [cxt 0] Pipeline 'ingress': start
[09:14:44.450] [bmv2] [T] [thread 103653] [25.0] [cxt 0] switch.p4(116) Condition "hdr.ipv4.isValid()" (node_2) is false
[09:14:44.450] [bmv2] [D] [thread 103653] [25.0] [cxt 0] Pipeline 'ingress': end
[09:14:44.450] [bmv2] [D] [thread 103653] [25.0] [cxt 0] Egress port is 0
[09:14:44.450] [bmv2] [D] [thread 103654] [25.0] [cxt 0] Pipeline 'egress': start
[09:14:44.450] [bmv2] [D] [thread 103654] [25.0] [cxt 0] Pipeline 'egress': end
[09:14:44.450] [bmv2] [D] [thread 103654] [25.0] [cxt 0] Deparser 'deparser': start
[09:14:44.450] [bmv2] [T] [thread 103654] [25.0] [cxt 0] Skipping checksum 'cksum' update because condition not met
[09:14:44.450] [bmv2] [D] [thread 103654] [25.0] [cxt 0] Deparsing header 'ethernet'
[09:14:44.450] [bmv2] [D] [thread 103654] [25.0] [cxt 0] Deparser 'deparser': end
[09:14:44.450] [bmv2] [D] [thread 103658] [25.0] [cxt 0] Transmitting packet of size 203 out of port 0
[09:14:44.571] [bmv2] [D] [thread 103653] [26.0] [cxt 0] Processing packet received on port 1
[09:14:44.571] [bmv2] [D] [thread 103653] [26.0] [cxt 0] Parser 'parser': start
[09:14:44.571] [bmv2] [D] [thread 103653] [26.0] [cxt 0] Parser 'parser' entering state 'start'
[09:14:44.571] [bmv2] [D] [thread 103653] [26.0] [cxt 0] Extracting header 'ethernet'
[09:14:44.571] [bmv2] [D] [thread 103653] [26.0] [cxt 0] Parser state 'start': key is 86dd
[09:14:44.571] [bmv2] [T] [thread 103653] [26.0] [cxt 0] Bytes parsed: 14
[09:14:44.571] [bmv2] [D] [thread 103653] [26.0] [cxt 0] Parser 'parser': end
[09:14:44.571] [bmv2] [D] [thread 103653] [26.0] [cxt 0] Pipeline 'ingress': start
[09:14:44.571] [bmv2] [T] [thread 103653] [26.0] [cxt 0] switch.p4(116) Condition "hdr.ipv4.isValid()" (node_2) is false
[09:14:44.571] [bmv2] [D] [thread 103653] [26.0] [cxt 0] Pipeline 'ingress': end
[09:14:44.571] [bmv2] [D] [thread 103653] [26.0] [cxt 0] Egress port is 0
[09:14:44.571] [bmv2] [D] [thread 103654] [26.0] [cxt 0] Pipeline 'egress': start
[09:14:44.571] [bmv2] [D] [thread 103654] [26.0] [cxt 0] Pipeline 'egress': end
[09:14:44.571] [bmv2] [D] [thread 103654] [26.0] [cxt 0] Deparser 'deparser': start
[09:14:44.571] [bmv2] [T] [thread 103654] [26.0] [cxt 0] Skipping checksum 'cksum' update because condition not met
[09:14:44.571] [bmv2] [D] [thread 103654] [26.0] [cxt 0] Deparsing header 'ethernet'
[09:14:44.571] [bmv2] [D] [thread 103654] [26.0] [cxt 0] Deparser 'deparser': end
[09:14:44.571] [bmv2] [D] [thread 103658] [26.0] [cxt 0] Transmitting packet of size 211 out of port 0
[09:14:44.592] [bmv2] [D] [thread 103653] [27.0] [cxt 0] Processing packet received on port 2
[09:14:44.597] [bmv2] [D] [thread 103653] [27.0] [cxt 0] Parser 'parser': start
[09:14:44.597] [bmv2] [D] [thread 103653] [27.0] [cxt 0] Parser 'parser' entering state 'start'
[09:14:44.597] [bmv2] [D] [thread 103653] [27.0] [cxt 0] Extracting header 'ethernet'
[09:14:44.597] [bmv2] [D] [thread 103653] [27.0] [cxt 0] Parser state 'start': key is 86dd
[09:14:44.597] [bmv2] [T] [thread 103653] [27.0] [cxt 0] Bytes parsed: 14
[09:14:44.597] [bmv2] [D] [thread 103653] [27.0] [cxt 0] Parser 'parser': end
[09:14:44.597] [bmv2] [D] [thread 103653] [27.0] [cxt 0] Pipeline 'ingress': start
[09:14:44.597] [bmv2] [T] [thread 103653] [27.0] [cxt 0] switch.p4(116) Condition "hdr.ipv4.isValid()" (node_2) is false
[09:14:44.597] [bmv2] [D] [thread 103653] [27.0] [cxt 0] Pipeline 'ingress': end
[09:14:44.597] [bmv2] [D] [thread 103653] [27.0] [cxt 0] Egress port is 0
[09:14:44.597] [bmv2] [D] [thread 103654] [27.0] [cxt 0] Pipeline 'egress': start
[09:14:44.597] [bmv2] [D] [thread 103654] [27.0] [cxt 0] Pipeline 'egress': end
[09:14:44.597] [bmv2] [D] [thread 103654] [27.0] [cxt 0] Deparser 'deparser': start
[09:14:44.597] [bmv2] [T] [thread 103654] [27.0] [cxt 0] Skipping checksum 'cksum' update because condition not met
[09:14:44.597] [bmv2] [D] [thread 103654] [27.0] [cxt 0] Deparsing header 'ethernet'
[09:14:44.597] [bmv2] [D] [thread 103654] [27.0] [cxt 0] Deparser 'deparser': end
[09:14:44.597] [bmv2] [D] [thread 103658] [27.0] [cxt 0] Transmitting packet of size 199 out of port 0
[09:14:44.626] [bmv2] [D] [thread 103653] [28.0] [cxt 0] Processing packet received on port 2
[09:14:44.626] [bmv2] [D] [thread 103653] [28.0] [cxt 0] Parser 'parser': start
[09:14:44.626] [bmv2] [D] [thread 103653] [28.0] [cxt 0] Parser 'parser' entering state 'start'
[09:14:44.626] [bmv2] [D] [thread 103653] [28.0] [cxt 0] Extracting header 'ethernet'
[09:14:44.626] [bmv2] [D] [thread 103653] [28.0] [cxt 0] Parser state 'start': key is 86dd
[09:14:44.626] [bmv2] [T] [thread 103653] [28.0] [cxt 0] Bytes parsed: 14
[09:14:44.626] [bmv2] [D] [thread 103653] [28.0] [cxt 0] Parser 'parser': end
[09:14:44.626] [bmv2] [D] [thread 103653] [28.0] [cxt 0] Pipeline 'ingress': start
[09:14:44.626] [bmv2] [T] [thread 103653] [28.0] [cxt 0] switch.p4(116) Condition "hdr.ipv4.isValid()" (node_2) is false
[09:14:44.626] [bmv2] [D] [thread 103653] [28.0] [cxt 0] Pipeline 'ingress': end
[09:14:44.626] [bmv2] [D] [thread 103653] [28.0] [cxt 0] Egress port is 0
[09:14:44.626] [bmv2] [D] [thread 103654] [28.0] [cxt 0] Pipeline 'egress': start
[09:14:44.626] [bmv2] [D] [thread 103654] [28.0] [cxt 0] Pipeline 'egress': end
[09:14:44.626] [bmv2] [D] [thread 103654] [28.0] [cxt 0] Deparser 'deparser': start
[09:14:44.626] [bmv2] [T] [thread 103654] [28.0] [cxt 0] Skipping checksum 'cksum' update because condition not met
[09:14:44.626] [bmv2] [D] [thread 103654] [28.0] [cxt 0] Deparsing header 'ethernet'
[09:14:44.626] [bmv2] [D] [thread 103654] [28.0] [cxt 0] Deparser 'deparser': end
[09:14:44.626] [bmv2] [D] [thread 103658] [28.0] [cxt 0] Transmitting packet of size 211 out of port 0
[09:14:44.643] [bmv2] [D] [thread 103653] [29.0] [cxt 0] Processing packet received on port 1
[09:14:44.643] [bmv2] [D] [thread 103653] [29.0] [cxt 0] Parser 'parser': start
[09:14:44.643] [bmv2] [D] [thread 103653] [29.0] [cxt 0] Parser 'parser' entering state 'start'
[09:14:44.643] [bmv2] [D] [thread 103653] [29.0] [cxt 0] Extracting header 'ethernet'
[09:14:44.643] [bmv2] [D] [thread 103653] [29.0] [cxt 0] Parser state 'start': key is 86dd
[09:14:44.643] [bmv2] [T] [thread 103653] [29.0] [cxt 0] Bytes parsed: 14
[09:14:44.643] [bmv2] [D] [thread 103653] [29.0] [cxt 0] Parser 'parser': end
[09:14:44.643] [bmv2] [D] [thread 103653] [29.0] [cxt 0] Pipeline 'ingress': start
[09:14:44.643] [bmv2] [T] [thread 103653] [29.0] [cxt 0] switch.p4(116) Condition "hdr.ipv4.isValid()" (node_2) is false
[09:14:44.643] [bmv2] [D] [thread 103653] [29.0] [cxt 0] Pipeline 'ingress': end
[09:14:44.643] [bmv2] [D] [thread 103653] [29.0] [cxt 0] Egress port is 0
[09:14:44.643] [bmv2] [D] [thread 103654] [29.0] [cxt 0] Pipeline 'egress': start
[09:14:44.643] [bmv2] [D] [thread 103654] [29.0] [cxt 0] Pipeline 'egress': end
[09:14:44.643] [bmv2] [D] [thread 103654] [29.0] [cxt 0] Deparser 'deparser': start
[09:14:44.643] [bmv2] [T] [thread 103654] [29.0] [cxt 0] Skipping checksum 'cksum' update because condition not met
[09:14:44.643] [bmv2] [D] [thread 103654] [29.0] [cxt 0] Deparsing header 'ethernet'
[09:14:44.643] [bmv2] [D] [thread 103654] [29.0] [cxt 0] Deparser 'deparser': end
[09:14:44.643] [bmv2] [D] [thread 103658] [29.0] [cxt 0] Transmitting packet of size 211 out of port 0
[09:14:44.797] [bmv2] [D] [thread 103653] [30.0] [cxt 0] Processing packet received on port 1
[09:14:44.797] [bmv2] [D] [thread 103653] [30.0] [cxt 0] Parser 'parser': start
[09:14:44.797] [bmv2] [D] [thread 103653] [30.0] [cxt 0] Parser 'parser' entering state 'start'
[09:14:44.797] [bmv2] [D] [thread 103653] [30.0] [cxt 0] Extracting header 'ethernet'
[09:14:44.798] [bmv2] [D] [thread 103653] [30.0] [cxt 0] Parser state 'start': key is 86dd
[09:14:44.798] [bmv2] [T] [thread 103653] [30.0] [cxt 0] Bytes parsed: 14
[09:14:44.798] [bmv2] [D] [thread 103653] [30.0] [cxt 0] Parser 'parser': end
[09:14:44.798] [bmv2] [D] [thread 103653] [30.0] [cxt 0] Pipeline 'ingress': start
[09:14:44.798] [bmv2] [T] [thread 103653] [30.0] [cxt 0] switch.p4(116) Condition "hdr.ipv4.isValid()" (node_2) is false
[09:14:44.798] [bmv2] [D] [thread 103653] [30.0] [cxt 0] Pipeline 'ingress': end
[09:14:44.798] [bmv2] [D] [thread 103653] [30.0] [cxt 0] Egress port is 0
[09:14:44.798] [bmv2] [D] [thread 103653] [31.0] [cxt 0] Processing packet received on port 1
[09:14:44.798] [bmv2] [D] [thread 103653] [31.0] [cxt 0] Parser 'parser': start
[09:14:44.798] [bmv2] [D] [thread 103653] [31.0] [cxt 0] Parser 'parser' entering state 'start'
[09:14:44.798] [bmv2] [D] [thread 103653] [31.0] [cxt 0] Extracting header 'ethernet'
[09:14:44.798] [bmv2] [D] [thread 103653] [31.0] [cxt 0] Parser state 'start': key is 86dd
[09:14:44.798] [bmv2] [T] [thread 103653] [31.0] [cxt 0] Bytes parsed: 14
[09:14:44.798] [bmv2] [D] [thread 103653] [31.0] [cxt 0] Parser 'parser': end
[09:14:44.798] [bmv2] [D] [thread 103653] [31.0] [cxt 0] Pipeline 'ingress': start
[09:14:44.798] [bmv2] [T] [thread 103653] [31.0] [cxt 0] switch.p4(116) Condition "hdr.ipv4.isValid()" (node_2) is false
[09:14:44.798] [bmv2] [D] [thread 103654] [30.0] [cxt 0] Pipeline 'egress': start
[09:14:44.798] [bmv2] [D] [thread 103654] [30.0] [cxt 0] Pipeline 'egress': end
[09:14:44.798] [bmv2] [D] [thread 103654] [30.0] [cxt 0] Deparser 'deparser': start
[09:14:44.798] [bmv2] [T] [thread 103654] [30.0] [cxt 0] Skipping checksum 'cksum' update because condition not met
[09:14:44.798] [bmv2] [D] [thread 103654] [30.0] [cxt 0] Deparsing header 'ethernet'
[09:14:44.798] [bmv2] [D] [thread 103654] [30.0] [cxt 0] Deparser 'deparser': end
[09:14:44.798] [bmv2] [D] [thread 103658] [30.0] [cxt 0] Transmitting packet of size 90 out of port 0
[09:14:44.798] [bmv2] [D] [thread 103653] [31.0] [cxt 0] Pipeline 'ingress': end
[09:14:44.799] [bmv2] [D] [thread 103653] [31.0] [cxt 0] Egress port is 0
[09:14:44.799] [bmv2] [D] [thread 103654] [31.0] [cxt 0] Pipeline 'egress': start
[09:14:44.799] [bmv2] [D] [thread 103654] [31.0] [cxt 0] Pipeline 'egress': end
[09:14:44.799] [bmv2] [D] [thread 103654] [31.0] [cxt 0] Deparser 'deparser': start
[09:14:44.799] [bmv2] [T] [thread 103654] [31.0] [cxt 0] Skipping checksum 'cksum' update because condition not met
[09:14:44.799] [bmv2] [D] [thread 103654] [31.0] [cxt 0] Deparsing header 'ethernet'
[09:14:44.799] [bmv2] [D] [thread 103654] [31.0] [cxt 0] Deparser 'deparser': end
[09:14:44.799] [bmv2] [D] [thread 103658] [31.0] [cxt 0] Transmitting packet of size 110 out of port 0
[09:14:44.808] [bmv2] [D] [thread 103653] [32.0] [cxt 0] Processing packet received on port 2
[09:14:44.808] [bmv2] [D] [thread 103653] [32.0] [cxt 0] Parser 'parser': start
[09:14:44.808] [bmv2] [D] [thread 103653] [32.0] [cxt 0] Parser 'parser' entering state 'start'
[09:14:44.808] [bmv2] [D] [thread 103653] [32.0] [cxt 0] Extracting header 'ethernet'
[09:14:44.808] [bmv2] [D] [thread 103653] [32.0] [cxt 0] Parser state 'start': key is 86dd
[09:14:44.808] [bmv2] [T] [thread 103653] [32.0] [cxt 0] Bytes parsed: 14
[09:14:44.808] [bmv2] [D] [thread 103653] [32.0] [cxt 0] Parser 'parser': end
[09:14:44.808] [bmv2] [D] [thread 103653] [32.0] [cxt 0] Pipeline 'ingress': start
[09:14:44.808] [bmv2] [T] [thread 103653] [32.0] [cxt 0] switch.p4(116) Condition "hdr.ipv4.isValid()" (node_2) is false
[09:14:44.808] [bmv2] [D] [thread 103653] [32.0] [cxt 0] Pipeline 'ingress': end
[09:14:44.808] [bmv2] [D] [thread 103653] [32.0] [cxt 0] Egress port is 0
[09:14:44.808] [bmv2] [D] [thread 103654] [32.0] [cxt 0] Pipeline 'egress': start
[09:14:44.808] [bmv2] [D] [thread 103654] [32.0] [cxt 0] Pipeline 'egress': end
[09:14:44.808] [bmv2] [D] [thread 103654] [32.0] [cxt 0] Deparser 'deparser': start
[09:14:44.808] [bmv2] [T] [thread 103654] [32.0] [cxt 0] Skipping checksum 'cksum' update because condition not met
[09:14:44.808] [bmv2] [D] [thread 103654] [32.0] [cxt 0] Deparsing header 'ethernet'
[09:14:44.808] [bmv2] [D] [thread 103654] [32.0] [cxt 0] Deparser 'deparser': end
[09:14:44.808] [bmv2] [D] [thread 103658] [32.0] [cxt 0] Transmitting packet of size 203 out of port 0
[09:14:44.881] [bmv2] [D] [thread 103653] [33.0] [cxt 0] Processing packet received on port 2
[09:14:44.883] [bmv2] [D] [thread 103653] [33.0] [cxt 0] Parser 'parser': start
[09:14:44.883] [bmv2] [D] [thread 103653] [33.0] [cxt 0] Parser 'parser' entering state 'start'
[09:14:44.883] [bmv2] [D] [thread 103653] [33.0] [cxt 0] Extracting header 'ethernet'
[09:14:44.883] [bmv2] [D] [thread 103653] [33.0] [cxt 0] Parser state 'start': key is 86dd
[09:14:44.883] [bmv2] [T] [thread 103653] [33.0] [cxt 0] Bytes parsed: 14
[09:14:44.883] [bmv2] [D] [thread 103653] [33.0] [cxt 0] Parser 'parser': end
[09:14:44.883] [bmv2] [D] [thread 103653] [33.0] [cxt 0] Pipeline 'ingress': start
[09:14:44.883] [bmv2] [T] [thread 103653] [33.0] [cxt 0] switch.p4(116) Condition "hdr.ipv4.isValid()" (node_2) is false
[09:14:44.883] [bmv2] [D] [thread 103653] [33.0] [cxt 0] Pipeline 'ingress': end
[09:14:44.883] [bmv2] [D] [thread 103653] [33.0] [cxt 0] Egress port is 0
[09:14:44.883] [bmv2] [D] [thread 103654] [33.0] [cxt 0] Pipeline 'egress': start
[09:14:44.883] [bmv2] [D] [thread 103654] [33.0] [cxt 0] Pipeline 'egress': end
[09:14:44.883] [bmv2] [D] [thread 103654] [33.0] [cxt 0] Deparser 'deparser': start
[09:14:44.883] [bmv2] [T] [thread 103654] [33.0] [cxt 0] Skipping checksum 'cksum' update because condition not met
[09:14:44.883] [bmv2] [D] [thread 103654] [33.0] [cxt 0] Deparsing header 'ethernet'
[09:14:44.883] [bmv2] [D] [thread 103654] [33.0] [cxt 0] Deparser 'deparser': end
[09:14:44.883] [bmv2] [D] [thread 103658] [33.0] [cxt 0] Transmitting packet of size 211 out of port 0
[09:14:44.898] [bmv2] [D] [thread 103653] [34.0] [cxt 0] Processing packet received on port 1
[09:14:44.898] [bmv2] [D] [thread 103653] [34.0] [cxt 0] Parser 'parser': start
[09:14:44.898] [bmv2] [D] [thread 103653] [34.0] [cxt 0] Parser 'parser' entering state 'start'
[09:14:44.898] [bmv2] [D] [thread 103653] [34.0] [cxt 0] Extracting header 'ethernet'
[09:14:44.898] [bmv2] [D] [thread 103653] [34.0] [cxt 0] Parser state 'start': key is 86dd
[09:14:44.898] [bmv2] [T] [thread 103653] [34.0] [cxt 0] Bytes parsed: 14
[09:14:44.898] [bmv2] [D] [thread 103653] [34.0] [cxt 0] Parser 'parser': end
[09:14:44.898] [bmv2] [D] [thread 103653] [34.0] [cxt 0] Pipeline 'ingress': start
[09:14:44.898] [bmv2] [T] [thread 103653] [34.0] [cxt 0] switch.p4(116) Condition "hdr.ipv4.isValid()" (node_2) is false
[09:14:44.898] [bmv2] [D] [thread 103653] [34.0] [cxt 0] Pipeline 'ingress': end
[09:14:44.898] [bmv2] [D] [thread 103653] [34.0] [cxt 0] Egress port is 0
[09:14:44.898] [bmv2] [D] [thread 103654] [34.0] [cxt 0] Pipeline 'egress': start
[09:14:44.898] [bmv2] [D] [thread 103654] [34.0] [cxt 0] Pipeline 'egress': end
[09:14:44.898] [bmv2] [D] [thread 103654] [34.0] [cxt 0] Deparser 'deparser': start
[09:14:44.898] [bmv2] [T] [thread 103654] [34.0] [cxt 0] Skipping checksum 'cksum' update because condition not met
[09:14:44.898] [bmv2] [D] [thread 103654] [34.0] [cxt 0] Deparsing header 'ethernet'
[09:14:44.898] [bmv2] [D] [thread 103654] [34.0] [cxt 0] Deparser 'deparser': end
[09:14:44.898] [bmv2] [D] [thread 103658] [34.0] [cxt 0] Transmitting packet of size 211 out of port 0
[09:14:44.924] [bmv2] [D] [thread 103653] [35.0] [cxt 0] Processing packet received on port 1
[09:14:44.924] [bmv2] [D] [thread 103653] [35.0] [cxt 0] Parser 'parser': start
[09:14:44.924] [bmv2] [D] [thread 103653] [35.0] [cxt 0] Parser 'parser' entering state 'start'
[09:14:44.924] [bmv2] [D] [thread 103653] [35.0] [cxt 0] Extracting header 'ethernet'
[09:14:44.924] [bmv2] [D] [thread 103653] [35.0] [cxt 0] Parser state 'start': key is 86dd
[09:14:44.924] [bmv2] [T] [thread 103653] [35.0] [cxt 0] Bytes parsed: 14
[09:14:44.924] [bmv2] [D] [thread 103653] [35.0] [cxt 0] Parser 'parser': end
[09:14:44.924] [bmv2] [D] [thread 103653] [35.0] [cxt 0] Pipeline 'ingress': start
[09:14:44.924] [bmv2] [T] [thread 103653] [35.0] [cxt 0] switch.p4(116) Condition "hdr.ipv4.isValid()" (node_2) is false
[09:14:44.924] [bmv2] [D] [thread 103653] [35.0] [cxt 0] Pipeline 'ingress': end
[09:14:44.924] [bmv2] [D] [thread 103653] [35.0] [cxt 0] Egress port is 0
[09:14:44.924] [bmv2] [D] [thread 103653] [36.0] [cxt 0] Processing packet received on port 1
[09:14:44.924] [bmv2] [D] [thread 103653] [36.0] [cxt 0] Parser 'parser': start
[09:14:44.924] [bmv2] [D] [thread 103653] [36.0] [cxt 0] Parser 'parser' entering state 'start'
[09:14:44.924] [bmv2] [D] [thread 103653] [36.0] [cxt 0] Extracting header 'ethernet'
[09:14:44.924] [bmv2] [D] [thread 103653] [36.0] [cxt 0] Parser state 'start': key is 86dd
[09:14:44.924] [bmv2] [T] [thread 103653] [36.0] [cxt 0] Bytes parsed: 14
[09:14:44.924] [bmv2] [D] [thread 103653] [36.0] [cxt 0] Parser 'parser': end
[09:14:44.924] [bmv2] [D] [thread 103653] [36.0] [cxt 0] Pipeline 'ingress': start
[09:14:44.924] [bmv2] [T] [thread 103653] [36.0] [cxt 0] switch.p4(116) Condition "hdr.ipv4.isValid()" (node_2) is false
[09:14:44.924] [bmv2] [D] [thread 103653] [36.0] [cxt 0] Pipeline 'ingress': end
[09:14:44.924] [bmv2] [D] [thread 103653] [36.0] [cxt 0] Egress port is 0
[09:14:44.924] [bmv2] [D] [thread 103654] [35.0] [cxt 0] Pipeline 'egress': start
[09:14:44.924] [bmv2] [D] [thread 103654] [35.0] [cxt 0] Pipeline 'egress': end
[09:14:44.924] [bmv2] [D] [thread 103654] [35.0] [cxt 0] Deparser 'deparser': start
[09:14:44.924] [bmv2] [T] [thread 103654] [35.0] [cxt 0] Skipping checksum 'cksum' update because condition not met
[09:14:44.924] [bmv2] [D] [thread 103654] [35.0] [cxt 0] Deparsing header 'ethernet'
[09:14:44.924] [bmv2] [D] [thread 103654] [35.0] [cxt 0] Deparser 'deparser': end
[09:14:44.924] [bmv2] [D] [thread 103654] [36.0] [cxt 0] Pipeline 'egress': start
[09:14:44.924] [bmv2] [D] [thread 103654] [36.0] [cxt 0] Pipeline 'egress': end
[09:14:44.924] [bmv2] [D] [thread 103654] [36.0] [cxt 0] Deparser 'deparser': start
[09:14:44.924] [bmv2] [T] [thread 103654] [36.0] [cxt 0] Skipping checksum 'cksum' update because condition not met
[09:14:44.924] [bmv2] [D] [thread 103654] [36.0] [cxt 0] Deparsing header 'ethernet'
[09:14:44.924] [bmv2] [D] [thread 103654] [36.0] [cxt 0] Deparser 'deparser': end
[09:14:44.924] [bmv2] [D] [thread 103658] [35.0] [cxt 0] Transmitting packet of size 90 out of port 0
[09:14:44.924] [bmv2] [D] [thread 103658] [36.0] [cxt 0] Transmitting packet of size 110 out of port 0
[09:14:44.951] [bmv2] [D] [thread 103653] [37.0] [cxt 0] Processing packet received on port 1
[09:14:44.951] [bmv2] [D] [thread 103653] [37.0] [cxt 0] Parser 'parser': start
[09:14:44.951] [bmv2] [D] [thread 103653] [37.0] [cxt 0] Parser 'parser' entering state 'start'
[09:14:44.951] [bmv2] [D] [thread 103653] [37.0] [cxt 0] Extracting header 'ethernet'
[09:14:44.951] [bmv2] [D] [thread 103653] [37.0] [cxt 0] Parser state 'start': key is 86dd
[09:14:44.951] [bmv2] [T] [thread 103653] [37.0] [cxt 0] Bytes parsed: 14
[09:14:44.951] [bmv2] [D] [thread 103653] [37.0] [cxt 0] Parser 'parser': end
[09:14:44.951] [bmv2] [D] [thread 103653] [37.0] [cxt 0] Pipeline 'ingress': start
[09:14:44.951] [bmv2] [T] [thread 103653] [37.0] [cxt 0] switch.p4(116) Condition "hdr.ipv4.isValid()" (node_2) is false
[09:14:44.951] [bmv2] [D] [thread 103653] [37.0] [cxt 0] Pipeline 'ingress': end
[09:14:44.951] [bmv2] [D] [thread 103653] [37.0] [cxt 0] Egress port is 0
[09:14:44.951] [bmv2] [D] [thread 103654] [37.0] [cxt 0] Pipeline 'egress': start
[09:14:44.951] [bmv2] [D] [thread 103654] [37.0] [cxt 0] Pipeline 'egress': end
[09:14:44.951] [bmv2] [D] [thread 103654] [37.0] [cxt 0] Deparser 'deparser': start
[09:14:44.951] [bmv2] [T] [thread 103654] [37.0] [cxt 0] Skipping checksum 'cksum' update because condition not met
[09:14:44.951] [bmv2] [D] [thread 103654] [37.0] [cxt 0] Deparsing header 'ethernet'
[09:14:44.951] [bmv2] [D] [thread 103654] [37.0] [cxt 0] Deparser 'deparser': end
[09:14:44.951] [bmv2] [D] [thread 103658] [37.0] [cxt 0] Transmitting packet of size 199 out of port 0
[09:14:45.094] [bmv2] [D] [thread 103653] [38.0] [cxt 0] Processing packet received on port 1
[09:14:45.094] [bmv2] [D] [thread 103653] [38.0] [cxt 0] Parser 'parser': start
[09:14:45.094] [bmv2] [D] [thread 103653] [38.0] [cxt 0] Parser 'parser' entering state 'start'
[09:14:45.094] [bmv2] [D] [thread 103653] [38.0] [cxt 0] Extracting header 'ethernet'
[09:14:45.094] [bmv2] [D] [thread 103653] [38.0] [cxt 0] Parser state 'start': key is 86dd
[09:14:45.094] [bmv2] [T] [thread 103653] [38.0] [cxt 0] Bytes parsed: 14
[09:14:45.094] [bmv2] [D] [thread 103653] [38.0] [cxt 0] Parser 'parser': end
[09:14:45.094] [bmv2] [D] [thread 103653] [38.0] [cxt 0] Pipeline 'ingress': start
[09:14:45.094] [bmv2] [T] [thread 103653] [38.0] [cxt 0] switch.p4(116) Condition "hdr.ipv4.isValid()" (node_2) is false
[09:14:45.094] [bmv2] [D] [thread 103653] [38.0] [cxt 0] Pipeline 'ingress': end
[09:14:45.094] [bmv2] [D] [thread 103653] [38.0] [cxt 0] Egress port is 0
[09:14:45.094] [bmv2] [D] [thread 103654] [38.0] [cxt 0] Pipeline 'egress': start
[09:14:45.094] [bmv2] [D] [thread 103654] [38.0] [cxt 0] Pipeline 'egress': end
[09:14:45.094] [bmv2] [D] [thread 103654] [38.0] [cxt 0] Deparser 'deparser': start
[09:14:45.094] [bmv2] [T] [thread 103654] [38.0] [cxt 0] Skipping checksum 'cksum' update because condition not met
[09:14:45.094] [bmv2] [D] [thread 103654] [38.0] [cxt 0] Deparsing header 'ethernet'
[09:14:45.094] [bmv2] [D] [thread 103654] [38.0] [cxt 0] Deparser 'deparser': end
[09:14:45.095] [bmv2] [D] [thread 103658] [38.0] [cxt 0] Transmitting packet of size 199 out of port 0
[09:14:45.136] [bmv2] [D] [thread 103653] [39.0] [cxt 0] Processing packet received on port 2
[09:14:45.136] [bmv2] [D] [thread 103653] [39.0] [cxt 0] Parser 'parser': start
[09:14:45.136] [bmv2] [D] [thread 103653] [39.0] [cxt 0] Parser 'parser' entering state 'start'
[09:14:45.136] [bmv2] [D] [thread 103653] [39.0] [cxt 0] Extracting header 'ethernet'
[09:14:45.138] [bmv2] [D] [thread 103653] [39.0] [cxt 0] Parser state 'start': key is 86dd
[09:14:45.138] [bmv2] [T] [thread 103653] [39.0] [cxt 0] Bytes parsed: 14
[09:14:45.138] [bmv2] [D] [thread 103653] [39.0] [cxt 0] Parser 'parser': end
[09:14:45.138] [bmv2] [D] [thread 103653] [39.0] [cxt 0] Pipeline 'ingress': start
[09:14:45.138] [bmv2] [T] [thread 103653] [39.0] [cxt 0] switch.p4(116) Condition "hdr.ipv4.isValid()" (node_2) is false
[09:14:45.138] [bmv2] [D] [thread 103653] [39.0] [cxt 0] Pipeline 'ingress': end
[09:14:45.138] [bmv2] [D] [thread 103653] [39.0] [cxt 0] Egress port is 0
[09:14:45.138] [bmv2] [D] [thread 103653] [40.0] [cxt 0] Processing packet received on port 2
[09:14:45.138] [bmv2] [D] [thread 103653] [40.0] [cxt 0] Parser 'parser': start
[09:14:45.138] [bmv2] [D] [thread 103653] [40.0] [cxt 0] Parser 'parser' entering state 'start'
[09:14:45.138] [bmv2] [D] [thread 103653] [40.0] [cxt 0] Extracting header 'ethernet'
[09:14:45.138] [bmv2] [D] [thread 103653] [40.0] [cxt 0] Parser state 'start': key is 86dd
[09:14:45.138] [bmv2] [T] [thread 103653] [40.0] [cxt 0] Bytes parsed: 14
[09:14:45.138] [bmv2] [D] [thread 103654] [39.0] [cxt 0] Pipeline 'egress': start
[09:14:45.138] [bmv2] [D] [thread 103654] [39.0] [cxt 0] Pipeline 'egress': end
[09:14:45.138] [bmv2] [D] [thread 103654] [39.0] [cxt 0] Deparser 'deparser': start
[09:14:45.138] [bmv2] [T] [thread 103654] [39.0] [cxt 0] Skipping checksum 'cksum' update because condition not met
[09:14:45.138] [bmv2] [D] [thread 103654] [39.0] [cxt 0] Deparsing header 'ethernet'
[09:14:45.138] [bmv2] [D] [thread 103654] [39.0] [cxt 0] Deparser 'deparser': end
[09:14:45.138] [bmv2] [D] [thread 103658] [39.0] [cxt 0] Transmitting packet of size 90 out of port 0
[09:14:45.138] [bmv2] [D] [thread 103653] [40.0] [cxt 0] Parser 'parser': end
[09:14:45.138] [bmv2] [D] [thread 103653] [40.0] [cxt 0] Pipeline 'ingress': start
[09:14:45.138] [bmv2] [T] [thread 103653] [40.0] [cxt 0] switch.p4(116) Condition "hdr.ipv4.isValid()" (node_2) is false
[09:14:45.138] [bmv2] [D] [thread 103653] [40.0] [cxt 0] Pipeline 'ingress': end
[09:14:45.138] [bmv2] [D] [thread 103653] [40.0] [cxt 0] Egress port is 0
[09:14:45.138] [bmv2] [D] [thread 103653] [41.0] [cxt 0] Processing packet received on port 2
[09:14:45.138] [bmv2] [D] [thread 103653] [41.0] [cxt 0] Parser 'parser': start
[09:14:45.138] [bmv2] [D] [thread 103653] [41.0] [cxt 0] Parser 'parser' entering state 'start'
[09:14:45.138] [bmv2] [D] [thread 103653] [41.0] [cxt 0] Extracting header 'ethernet'
[09:14:45.138] [bmv2] [D] [thread 103653] [41.0] [cxt 0] Parser state 'start': key is 86dd
[09:14:45.138] [bmv2] [T] [thread 103653] [41.0] [cxt 0] Bytes parsed: 14
[09:14:45.138] [bmv2] [D] [thread 103653] [41.0] [cxt 0] Parser 'parser': end
[09:14:45.138] [bmv2] [D] [thread 103653] [41.0] [cxt 0] Pipeline 'ingress': start
[09:14:45.138] [bmv2] [T] [thread 103653] [41.0] [cxt 0] switch.p4(116) Condition "hdr.ipv4.isValid()" (node_2) is false
[09:14:45.138] [bmv2] [D] [thread 103653] [41.0] [cxt 0] Pipeline 'ingress': end
[09:14:45.138] [bmv2] [D] [thread 103653] [41.0] [cxt 0] Egress port is 0
[09:14:45.138] [bmv2] [D] [thread 103654] [40.0] [cxt 0] Pipeline 'egress': start
[09:14:45.138] [bmv2] [D] [thread 103654] [40.0] [cxt 0] Pipeline 'egress': end
[09:14:45.138] [bmv2] [D] [thread 103654] [40.0] [cxt 0] Deparser 'deparser': start
[09:14:45.138] [bmv2] [T] [thread 103654] [40.0] [cxt 0] Skipping checksum 'cksum' update because condition not met
[09:14:45.138] [bmv2] [D] [thread 103654] [40.0] [cxt 0] Deparsing header 'ethernet'
[09:14:45.138] [bmv2] [D] [thread 103654] [40.0] [cxt 0] Deparser 'deparser': end
[09:14:45.138] [bmv2] [D] [thread 103654] [41.0] [cxt 0] Pipeline 'egress': start
[09:14:45.138] [bmv2] [D] [thread 103654] [41.0] [cxt 0] Pipeline 'egress': end
[09:14:45.138] [bmv2] [D] [thread 103654] [41.0] [cxt 0] Deparser 'deparser': start
[09:14:45.138] [bmv2] [T] [thread 103654] [41.0] [cxt 0] Skipping checksum 'cksum' update because condition not met
[09:14:45.138] [bmv2] [D] [thread 103654] [41.0] [cxt 0] Deparsing header 'ethernet'
[09:14:45.138] [bmv2] [D] [thread 103654] [41.0] [cxt 0] Deparser 'deparser': end
[09:14:45.138] [bmv2] [D] [thread 103658] [40.0] [cxt 0] Transmitting packet of size 211 out of port 0
[09:14:45.138] [bmv2] [D] [thread 103658] [41.0] [cxt 0] Transmitting packet of size 113 out of port 0
[09:14:45.152] [bmv2] [D] [thread 103653] [42.0] [cxt 0] Processing packet received on port 1
[09:14:45.152] [bmv2] [D] [thread 103653] [42.0] [cxt 0] Parser 'parser': start
[09:14:45.152] [bmv2] [D] [thread 103653] [42.0] [cxt 0] Parser 'parser' entering state 'start'
[09:14:45.152] [bmv2] [D] [thread 103653] [42.0] [cxt 0] Extracting header 'ethernet'
[09:14:45.152] [bmv2] [D] [thread 103653] [42.0] [cxt 0] Parser state 'start': key is 86dd
[09:14:45.152] [bmv2] [T] [thread 103653] [42.0] [cxt 0] Bytes parsed: 14
[09:14:45.152] [bmv2] [D] [thread 103653] [42.0] [cxt 0] Parser 'parser': end
[09:14:45.152] [bmv2] [D] [thread 103653] [42.0] [cxt 0] Pipeline 'ingress': start
[09:14:45.152] [bmv2] [T] [thread 103653] [42.0] [cxt 0] switch.p4(116) Condition "hdr.ipv4.isValid()" (node_2) is false
[09:14:45.152] [bmv2] [D] [thread 103653] [42.0] [cxt 0] Pipeline 'ingress': end
[09:14:45.152] [bmv2] [D] [thread 103653] [42.0] [cxt 0] Egress port is 0
[09:14:45.152] [bmv2] [D] [thread 103654] [42.0] [cxt 0] Pipeline 'egress': start
[09:14:45.152] [bmv2] [D] [thread 103654] [42.0] [cxt 0] Pipeline 'egress': end
[09:14:45.152] [bmv2] [D] [thread 103654] [42.0] [cxt 0] Deparser 'deparser': start
[09:14:45.152] [bmv2] [T] [thread 103654] [42.0] [cxt 0] Skipping checksum 'cksum' update because condition not met
[09:14:45.152] [bmv2] [D] [thread 103654] [42.0] [cxt 0] Deparsing header 'ethernet'
[09:14:45.152] [bmv2] [D] [thread 103654] [42.0] [cxt 0] Deparser 'deparser': end
[09:14:45.152] [bmv2] [D] [thread 103658] [42.0] [cxt 0] Transmitting packet of size 203 out of port 0
[09:14:45.201] [bmv2] [W] [thread 103698] [P4Runtime] p4::tmp::P4DeviceConfig is deprecated
[09:14:45.201] [bmv2] [D] [thread 103698] Set default default entry for table 'MyIngress.ipv4_lpm': MyIngress.drop - 
[09:14:45.201] [bmv2] [D] [thread 103698] simple_switch target has been notified of a config swap
[09:14:45.208] [bmv2] [D] [thread 103698] Set default entry for table 'MyIngress.ipv4_lpm': MyIngress.drop - 
[09:14:45.208] [bmv2] [D] [thread 103699] Entry 0 added to table 'MyIngress.ipv4_lpm'
[09:14:45.208] [bmv2] [D] [thread 103699] Dumping entry 0
Match key:
* hdr.ipv4.dstAddr    : LPM       0a000101/32
Action entry: MyIngress.ipv4_forward - 80000000100,1,

[09:14:45.213] [bmv2] [D] [thread 103698] Entry 1 added to table 'MyIngress.ipv4_lpm'
[09:14:45.213] [bmv2] [D] [thread 103698] Dumping entry 1
Match key:
* hdr.ipv4.dstAddr    : LPM       0a000202/32
Action entry: MyIngress.ipv4_forward - 80000000300,2,

[09:14:45.306] [bmv2] [D] [thread 103653] [43.0] [cxt 0] Processing packet received on port 2
[09:14:45.306] [bmv2] [D] [thread 103653] [43.0] [cxt 0] Parser 'parser': start
[09:14:45.306] [bmv2] [D] [thread 103653] [43.0] [cxt 0] Parser 'parser' entering state 'start'
[09:14:45.306] [bmv2] [D] [thread 103653] [43.0] [cxt 0] Extracting header 'ethernet'
[09:14:45.306] [bmv2] [D] [thread 103653] [43.0] [cxt 0] Parser state 'start': key is 86dd
[09:14:45.306] [bmv2] [T] [thread 103653] [43.0] [cxt 0] Bytes parsed: 14
[09:14:45.306] [bmv2] [D] [thread 103653] [43.0] [cxt 0] Parser 'parser': end
[09:14:45.306] [bmv2] [D] [thread 103653] [43.0] [cxt 0] Pipeline 'ingress': start
[09:14:45.306] [bmv2] [T] [thread 103653] [43.0] [cxt 0] switch.p4(116) Condition "hdr.ipv4.isValid()" (node_2) is false
[09:14:45.306] [bmv2] [D] [thread 103653] [43.0] [cxt 0] Pipeline 'ingress': end
[09:14:45.306] [bmv2] [D] [thread 103653] [43.0] [cxt 0] Egress port is 0
[09:14:45.306] [bmv2] [D] [thread 103654] [43.0] [cxt 0] Pipeline 'egress': start
[09:14:45.306] [bmv2] [D] [thread 103654] [43.0] [cxt 0] Pipeline 'egress': end
[09:14:45.306] [bmv2] [D] [thread 103654] [43.0] [cxt 0] Deparser 'deparser': start
[09:14:45.306] [bmv2] [T] [thread 103654] [43.0] [cxt 0] Skipping checksum 'cksum' update because condition not met
[09:14:45.306] [bmv2] [D] [thread 103654] [43.0] [cxt 0] Deparsing header 'ethernet'
[09:14:45.306] [bmv2] [D] [thread 103654] [43.0] [cxt 0] Deparser 'deparser': end
[09:14:45.306] [bmv2] [D] [thread 103658] [43.0] [cxt 0] Transmitting packet of size 110 out of port 0
[09:14:45.335] [bmv2] [D] [thread 103653] [44.0] [cxt 0] Processing packet received on port 2
[09:14:45.335] [bmv2] [D] [thread 103653] [44.0] [cxt 0] Parser 'parser': start
[09:14:45.335] [bmv2] [D] [thread 103653] [44.0] [cxt 0] Parser 'parser' entering state 'start'
[09:14:45.335] [bmv2] [D] [thread 103653] [44.0] [cxt 0] Extracting header 'ethernet'
[09:14:45.335] [bmv2] [D] [thread 103653] [44.0] [cxt 0] Parser state 'start': key is 86dd
[09:14:45.335] [bmv2] [T] [thread 103653] [44.0] [cxt 0] Bytes parsed: 14
[09:14:45.335] [bmv2] [D] [thread 103653] [44.0] [cxt 0] Parser 'parser': end
[09:14:45.335] [bmv2] [D] [thread 103653] [44.0] [cxt 0] Pipeline 'ingress': start
[09:14:45.335] [bmv2] [T] [thread 103653] [44.0] [cxt 0] switch.p4(116) Condition "hdr.ipv4.isValid()" (node_2) is false
[09:14:45.335] [bmv2] [D] [thread 103653] [44.0] [cxt 0] Pipeline 'ingress': end
[09:14:45.335] [bmv2] [D] [thread 103653] [44.0] [cxt 0] Egress port is 0
[09:14:45.335] [bmv2] [D] [thread 103654] [44.0] [cxt 0] Pipeline 'egress': start
[09:14:45.335] [bmv2] [D] [thread 103654] [44.0] [cxt 0] Pipeline 'egress': end
[09:14:45.335] [bmv2] [D] [thread 103654] [44.0] [cxt 0] Deparser 'deparser': start
[09:14:45.335] [bmv2] [T] [thread 103654] [44.0] [cxt 0] Skipping checksum 'cksum' update because condition not met
[09:14:45.335] [bmv2] [D] [thread 103654] [44.0] [cxt 0] Deparsing header 'ethernet'
[09:14:45.335] [bmv2] [D] [thread 103654] [44.0] [cxt 0] Deparser 'deparser': end
[09:14:45.335] [bmv2] [D] [thread 103658] [44.0] [cxt 0] Transmitting packet of size 199 out of port 0
[09:14:45.453] [bmv2] [D] [thread 103653] [45.0] [cxt 0] Processing packet received on port 2
[09:14:45.453] [bmv2] [D] [thread 103653] [45.0] [cxt 0] Parser 'parser': start
[09:14:45.453] [bmv2] [D] [thread 103653] [45.0] [cxt 0] Parser 'parser' entering state 'start'
[09:14:45.453] [bmv2] [D] [thread 103653] [45.0] [cxt 0] Extracting header 'ethernet'
[09:14:45.453] [bmv2] [D] [thread 103653] [45.0] [cxt 0] Parser state 'start': key is 86dd
[09:14:45.453] [bmv2] [T] [thread 103653] [45.0] [cxt 0] Bytes parsed: 14
[09:14:45.453] [bmv2] [D] [thread 103653] [45.0] [cxt 0] Parser 'parser': end
[09:14:45.453] [bmv2] [D] [thread 103653] [45.0] [cxt 0] Pipeline 'ingress': start
[09:14:45.453] [bmv2] [T] [thread 103653] [45.0] [cxt 0] switch.p4(116) Condition "hdr.ipv4.isValid()" (node_2) is false
[09:14:45.453] [bmv2] [D] [thread 103653] [45.0] [cxt 0] Pipeline 'ingress': end
[09:14:45.453] [bmv2] [D] [thread 103653] [45.0] [cxt 0] Egress port is 0
[09:14:45.453] [bmv2] [D] [thread 103654] [45.0] [cxt 0] Pipeline 'egress': start
[09:14:45.453] [bmv2] [D] [thread 103654] [45.0] [cxt 0] Pipeline 'egress': end
[09:14:45.453] [bmv2] [D] [thread 103654] [45.0] [cxt 0] Deparser 'deparser': start
[09:14:45.453] [bmv2] [T] [thread 103654] [45.0] [cxt 0] Skipping checksum 'cksum' update because condition not met
[09:14:45.453] [bmv2] [D] [thread 103654] [45.0] [cxt 0] Deparsing header 'ethernet'
[09:14:45.454] [bmv2] [D] [thread 103654] [45.0] [cxt 0] Deparser 'deparser': end
[09:14:45.454] [bmv2] [D] [thread 103658] [45.0] [cxt 0] Transmitting packet of size 203 out of port 0
[09:14:45.710] [bmv2] [D] [thread 103653] [46.0] [cxt 0] Processing packet received on port 2
[09:14:45.710] [bmv2] [D] [thread 103653] [46.0] [cxt 0] Parser 'parser': start
[09:14:45.710] [bmv2] [D] [thread 103653] [46.0] [cxt 0] Parser 'parser' entering state 'start'
[09:14:45.710] [bmv2] [D] [thread 103653] [46.0] [cxt 0] Extracting header 'ethernet'
[09:14:45.710] [bmv2] [D] [thread 103653] [46.0] [cxt 0] Parser state 'start': key is 86dd
[09:14:45.710] [bmv2] [T] [thread 103653] [46.0] [cxt 0] Bytes parsed: 14
[09:14:45.710] [bmv2] [D] [thread 103653] [46.0] [cxt 0] Parser 'parser': end
[09:14:45.710] [bmv2] [D] [thread 103653] [46.0] [cxt 0] Pipeline 'ingress': start
[09:14:45.710] [bmv2] [T] [thread 103653] [46.0] [cxt 0] switch.p4(116) Condition "hdr.ipv4.isValid()" (node_2) is false
[09:14:45.710] [bmv2] [D] [thread 103653] [46.0] [cxt 0] Pipeline 'ingress': end
[09:14:45.710] [bmv2] [D] [thread 103653] [46.0] [cxt 0] Egress port is 0
[09:14:45.710] [bmv2] [D] [thread 103654] [46.0] [cxt 0] Pipeline 'egress': start
[09:14:45.710] [bmv2] [D] [thread 103654] [46.0] [cxt 0] Pipeline 'egress': end
[09:14:45.710] [bmv2] [D] [thread 103654] [46.0] [cxt 0] Deparser 'deparser': start
[09:14:45.710] [bmv2] [T] [thread 103654] [46.0] [cxt 0] Skipping checksum 'cksum' update because condition not met
[09:14:45.710] [bmv2] [D] [thread 103654] [46.0] [cxt 0] Deparsing header 'ethernet'
[09:14:45.710] [bmv2] [D] [thread 103654] [46.0] [cxt 0] Deparser 'deparser': end
[09:14:45.710] [bmv2] [D] [thread 103658] [46.0] [cxt 0] Transmitting packet of size 199 out of port 0
[09:14:46.100] [bmv2] [D] [thread 103653] [47.0] [cxt 0] Processing packet received on port 1
[09:14:46.100] [bmv2] [D] [thread 103653] [47.0] [cxt 0] Parser 'parser': start
[09:14:46.100] [bmv2] [D] [thread 103653] [47.0] [cxt 0] Parser 'parser' entering state 'start'
[09:14:46.100] [bmv2] [D] [thread 103653] [47.0] [cxt 0] Extracting header 'ethernet'
[09:14:46.100] [bmv2] [D] [thread 103653] [47.0] [cxt 0] Parser state 'start': key is 86dd
[09:14:46.100] [bmv2] [T] [thread 103653] [47.0] [cxt 0] Bytes parsed: 14
[09:14:46.100] [bmv2] [D] [thread 103653] [47.0] [cxt 0] Parser 'parser': end
[09:14:46.100] [bmv2] [D] [thread 103653] [47.0] [cxt 0] Pipeline 'ingress': start
[09:14:46.100] [bmv2] [T] [thread 103653] [47.0] [cxt 0] switch.p4(116) Condition "hdr.ipv4.isValid()" (node_2) is false
[09:14:46.100] [bmv2] [D] [thread 103653] [47.0] [cxt 0] Pipeline 'ingress': end
[09:14:46.100] [bmv2] [D] [thread 103653] [47.0] [cxt 0] Egress port is 0
[09:14:46.100] [bmv2] [D] [thread 103654] [47.0] [cxt 0] Pipeline 'egress': start
[09:14:46.100] [bmv2] [D] [thread 103654] [47.0] [cxt 0] Pipeline 'egress': end
[09:14:46.100] [bmv2] [D] [thread 103654] [47.0] [cxt 0] Deparser 'deparser': start
[09:14:46.100] [bmv2] [T] [thread 103654] [47.0] [cxt 0] Skipping checksum 'cksum' update because condition not met
[09:14:46.100] [bmv2] [D] [thread 103654] [47.0] [cxt 0] Deparsing header 'ethernet'
[09:14:46.100] [bmv2] [D] [thread 103654] [47.0] [cxt 0] Deparser 'deparser': end
[09:14:46.100] [bmv2] [D] [thread 103658] [47.0] [cxt 0] Transmitting packet of size 199 out of port 0
[09:14:46.211] [bmv2] [D] [thread 103653] [48.0] [cxt 0] Processing packet received on port 1
[09:14:46.211] [bmv2] [D] [thread 103653] [48.0] [cxt 0] Parser 'parser': start
[09:14:46.211] [bmv2] [D] [thread 103653] [48.0] [cxt 0] Parser 'parser' entering state 'start'
[09:14:46.211] [bmv2] [D] [thread 103653] [48.0] [cxt 0] Extracting header 'ethernet'
[09:14:46.211] [bmv2] [D] [thread 103653] [48.0] [cxt 0] Parser state 'start': key is 86dd
[09:14:46.211] [bmv2] [T] [thread 103653] [48.0] [cxt 0] Bytes parsed: 14
[09:14:46.211] [bmv2] [D] [thread 103653] [48.0] [cxt 0] Parser 'parser': end
[09:14:46.211] [bmv2] [D] [thread 103653] [48.0] [cxt 0] Pipeline 'ingress': start
[09:14:46.211] [bmv2] [T] [thread 103653] [48.0] [cxt 0] switch.p4(116) Condition "hdr.ipv4.isValid()" (node_2) is false
[09:14:46.211] [bmv2] [D] [thread 103653] [48.0] [cxt 0] Pipeline 'ingress': end
[09:14:46.211] [bmv2] [D] [thread 103653] [48.0] [cxt 0] Egress port is 0
[09:14:46.211] [bmv2] [D] [thread 103654] [48.0] [cxt 0] Pipeline 'egress': start
[09:14:46.211] [bmv2] [D] [thread 103654] [48.0] [cxt 0] Pipeline 'egress': end
[09:14:46.211] [bmv2] [D] [thread 103654] [48.0] [cxt 0] Deparser 'deparser': start
[09:14:46.211] [bmv2] [T] [thread 103654] [48.0] [cxt 0] Skipping checksum 'cksum' update because condition not met
[09:14:46.211] [bmv2] [D] [thread 103654] [48.0] [cxt 0] Deparsing header 'ethernet'
[09:14:46.211] [bmv2] [D] [thread 103654] [48.0] [cxt 0] Deparser 'deparser': end
[09:14:46.211] [bmv2] [D] [thread 103658] [48.0] [cxt 0] Transmitting packet of size 199 out of port 0
[09:14:46.451] [bmv2] [D] [thread 103653] [49.0] [cxt 0] Processing packet received on port 2
[09:14:46.451] [bmv2] [D] [thread 103653] [49.0] [cxt 0] Parser 'parser': start
[09:14:46.451] [bmv2] [D] [thread 103653] [49.0] [cxt 0] Parser 'parser' entering state 'start'
[09:14:46.451] [bmv2] [D] [thread 103653] [49.0] [cxt 0] Extracting header 'ethernet'
[09:14:46.451] [bmv2] [D] [thread 103653] [49.0] [cxt 0] Parser state 'start': key is 86dd
[09:14:46.451] [bmv2] [T] [thread 103653] [49.0] [cxt 0] Bytes parsed: 14
[09:14:46.451] [bmv2] [D] [thread 103653] [49.0] [cxt 0] Parser 'parser': end
[09:14:46.451] [bmv2] [D] [thread 103653] [49.0] [cxt 0] Pipeline 'ingress': start
[09:14:46.451] [bmv2] [T] [thread 103653] [49.0] [cxt 0] switch.p4(116) Condition "hdr.ipv4.isValid()" (node_2) is false
[09:14:46.451] [bmv2] [D] [thread 103653] [49.0] [cxt 0] Pipeline 'ingress': end
[09:14:46.451] [bmv2] [D] [thread 103653] [49.0] [cxt 0] Egress port is 0
[09:14:46.451] [bmv2] [D] [thread 103654] [49.0] [cxt 0] Pipeline 'egress': start
[09:14:46.451] [bmv2] [D] [thread 103654] [49.0] [cxt 0] Pipeline 'egress': end
[09:14:46.451] [bmv2] [D] [thread 103654] [49.0] [cxt 0] Deparser 'deparser': start
[09:14:46.451] [bmv2] [T] [thread 103654] [49.0] [cxt 0] Skipping checksum 'cksum' update because condition not met
[09:14:46.451] [bmv2] [D] [thread 103654] [49.0] [cxt 0] Deparsing header 'ethernet'
[09:14:46.451] [bmv2] [D] [thread 103654] [49.0] [cxt 0] Deparser 'deparser': end
[09:14:46.451] [bmv2] [D] [thread 103658] [49.0] [cxt 0] Transmitting packet of size 199 out of port 0
[09:14:46.807] [bmv2] [D] [thread 103653] [50.0] [cxt 0] Processing packet received on port 2
[09:14:46.807] [bmv2] [D] [thread 103653] [50.0] [cxt 0] Parser 'parser': start
[09:14:46.807] [bmv2] [D] [thread 103653] [50.0] [cxt 0] Parser 'parser' entering state 'start'
[09:14:46.807] [bmv2] [D] [thread 103653] [50.0] [cxt 0] Extracting header 'ethernet'
[09:14:46.807] [bmv2] [D] [thread 103653] [50.0] [cxt 0] Parser state 'start': key is 86dd
[09:14:46.807] [bmv2] [T] [thread 103653] [50.0] [cxt 0] Bytes parsed: 14
[09:14:46.807] [bmv2] [D] [thread 103653] [50.0] [cxt 0] Parser 'parser': end
[09:14:46.807] [bmv2] [D] [thread 103653] [50.0] [cxt 0] Pipeline 'ingress': start
[09:14:46.807] [bmv2] [T] [thread 103653] [50.0] [cxt 0] switch.p4(116) Condition "hdr.ipv4.isValid()" (node_2) is false
[09:14:46.807] [bmv2] [D] [thread 103653] [50.0] [cxt 0] Pipeline 'ingress': end
[09:14:46.807] [bmv2] [D] [thread 103653] [50.0] [cxt 0] Egress port is 0
[09:14:46.807] [bmv2] [D] [thread 103654] [50.0] [cxt 0] Pipeline 'egress': start
[09:14:46.807] [bmv2] [D] [thread 103654] [50.0] [cxt 0] Pipeline 'egress': end
[09:14:46.807] [bmv2] [D] [thread 103654] [50.0] [cxt 0] Deparser 'deparser': start
[09:14:46.807] [bmv2] [T] [thread 103654] [50.0] [cxt 0] Skipping checksum 'cksum' update because condition not met
[09:14:46.807] [bmv2] [D] [thread 103654] [50.0] [cxt 0] Deparsing header 'ethernet'
[09:14:46.807] [bmv2] [D] [thread 103654] [50.0] [cxt 0] Deparser 'deparser': end
[09:14:46.807] [bmv2] [D] [thread 103658] [50.0] [cxt 0] Transmitting packet of size 203 out of port 0
[09:14:47.187] [bmv2] [D] [thread 103653] [51.0] [cxt 0] Processing packet received on port 1
[09:14:47.187] [bmv2] [D] [thread 103653] [51.0] [cxt 0] Parser 'parser': start
[09:14:47.187] [bmv2] [D] [thread 103653] [51.0] [cxt 0] Parser 'parser' entering state 'start'
[09:14:47.187] [bmv2] [D] [thread 103653] [51.0] [cxt 0] Extracting header 'ethernet'
[09:14:47.187] [bmv2] [D] [thread 103653] [51.0] [cxt 0] Parser state 'start': key is 86dd
[09:14:47.193] [bmv2] [T] [thread 103653] [51.0] [cxt 0] Bytes parsed: 14
[09:14:47.193] [bmv2] [D] [thread 103653] [51.0] [cxt 0] Parser 'parser': end
[09:14:47.193] [bmv2] [D] [thread 103653] [51.0] [cxt 0] Pipeline 'ingress': start
[09:14:47.193] [bmv2] [T] [thread 103653] [51.0] [cxt 0] switch.p4(116) Condition "hdr.ipv4.isValid()" (node_2) is false
[09:14:47.193] [bmv2] [D] [thread 103653] [51.0] [cxt 0] Pipeline 'ingress': end
[09:14:47.193] [bmv2] [D] [thread 103653] [51.0] [cxt 0] Egress port is 0
[09:14:47.193] [bmv2] [D] [thread 103654] [51.0] [cxt 0] Pipeline 'egress': start
[09:14:47.193] [bmv2] [D] [thread 103654] [51.0] [cxt 0] Pipeline 'egress': end
[09:14:47.193] [bmv2] [D] [thread 103654] [51.0] [cxt 0] Deparser 'deparser': start
[09:14:47.193] [bmv2] [T] [thread 103654] [51.0] [cxt 0] Skipping checksum 'cksum' update because condition not met
[09:14:47.193] [bmv2] [D] [thread 103654] [51.0] [cxt 0] Deparsing header 'ethernet'
[09:14:47.193] [bmv2] [D] [thread 103654] [51.0] [cxt 0] Deparser 'deparser': end
[09:14:47.193] [bmv2] [D] [thread 103658] [51.0] [cxt 0] Transmitting packet of size 203 out of port 0
[09:14:47.476] [bmv2] [D] [thread 103653] [52.0] [cxt 0] Processing packet received on port 2
[09:14:47.476] [bmv2] [D] [thread 103653] [52.0] [cxt 0] Parser 'parser': start
[09:14:47.476] [bmv2] [D] [thread 103653] [52.0] [cxt 0] Parser 'parser' entering state 'start'
[09:14:47.476] [bmv2] [D] [thread 103653] [52.0] [cxt 0] Extracting header 'ethernet'
[09:14:47.476] [bmv2] [D] [thread 103653] [52.0] [cxt 0] Parser state 'start': key is 86dd
[09:14:47.476] [bmv2] [T] [thread 103653] [52.0] [cxt 0] Bytes parsed: 14
[09:14:47.476] [bmv2] [D] [thread 103653] [52.0] [cxt 0] Parser 'parser': end
[09:14:47.476] [bmv2] [D] [thread 103653] [52.0] [cxt 0] Pipeline 'ingress': start
[09:14:47.476] [bmv2] [T] [thread 103653] [52.0] [cxt 0] switch.p4(116) Condition "hdr.ipv4.isValid()" (node_2) is false
[09:14:47.476] [bmv2] [D] [thread 103653] [52.0] [cxt 0] Pipeline 'ingress': end
[09:14:47.476] [bmv2] [D] [thread 103653] [52.0] [cxt 0] Egress port is 0
[09:14:47.476] [bmv2] [D] [thread 103654] [52.0] [cxt 0] Pipeline 'egress': start
[09:14:47.476] [bmv2] [D] [thread 103654] [52.0] [cxt 0] Pipeline 'egress': end
[09:14:47.476] [bmv2] [D] [thread 103654] [52.0] [cxt 0] Deparser 'deparser': start
[09:14:47.476] [bmv2] [T] [thread 103654] [52.0] [cxt 0] Skipping checksum 'cksum' update because condition not met
[09:14:47.476] [bmv2] [D] [thread 103654] [52.0] [cxt 0] Deparsing header 'ethernet'
[09:14:47.476] [bmv2] [D] [thread 103654] [52.0] [cxt 0] Deparser 'deparser': end
[09:14:47.476] [bmv2] [D] [thread 103658] [52.0] [cxt 0] Transmitting packet of size 203 out of port 0
[09:14:47.825] [bmv2] [D] [thread 103653] [53.0] [cxt 0] Processing packet received on port 2
[09:14:47.825] [bmv2] [D] [thread 103653] [53.0] [cxt 0] Parser 'parser': start
[09:14:47.825] [bmv2] [D] [thread 103653] [53.0] [cxt 0] Parser 'parser' entering state 'start'
[09:14:47.825] [bmv2] [D] [thread 103653] [53.0] [cxt 0] Extracting header 'ethernet'
[09:14:47.825] [bmv2] [D] [thread 103653] [53.0] [cxt 0] Parser state 'start': key is 86dd
[09:14:47.825] [bmv2] [T] [thread 103653] [53.0] [cxt 0] Bytes parsed: 14
[09:14:47.825] [bmv2] [D] [thread 103653] [53.0] [cxt 0] Parser 'parser': end
[09:14:47.825] [bmv2] [D] [thread 103653] [53.0] [cxt 0] Pipeline 'ingress': start
[09:14:47.825] [bmv2] [T] [thread 103653] [53.0] [cxt 0] switch.p4(116) Condition "hdr.ipv4.isValid()" (node_2) is false
[09:14:47.825] [bmv2] [D] [thread 103653] [53.0] [cxt 0] Pipeline 'ingress': end
[09:14:47.825] [bmv2] [D] [thread 103653] [53.0] [cxt 0] Egress port is 0
[09:14:47.825] [bmv2] [D] [thread 103654] [53.0] [cxt 0] Pipeline 'egress': start
[09:14:47.825] [bmv2] [D] [thread 103654] [53.0] [cxt 0] Pipeline 'egress': end
[09:14:47.825] [bmv2] [D] [thread 103654] [53.0] [cxt 0] Deparser 'deparser': start
[09:14:47.825] [bmv2] [T] [thread 103654] [53.0] [cxt 0] Skipping checksum 'cksum' update because condition not met
[09:14:47.825] [bmv2] [D] [thread 103654] [53.0] [cxt 0] Deparsing header 'ethernet'
[09:14:47.825] [bmv2] [D] [thread 103654] [53.0] [cxt 0] Deparser 'deparser': end
[09:14:47.825] [bmv2] [D] [thread 103658] [53.0] [cxt 0] Transmitting packet of size 199 out of port 0
[09:14:47.931] [bmv2] [D] [thread 103653] [54.0] [cxt 0] Processing packet received on port 1
[09:14:47.931] [bmv2] [D] [thread 103653] [54.0] [cxt 0] Parser 'parser': start
[09:14:47.931] [bmv2] [D] [thread 103653] [54.0] [cxt 0] Parser 'parser' entering state 'start'
[09:14:47.931] [bmv2] [D] [thread 103653] [54.0] [cxt 0] Extracting header 'ethernet'
[09:14:47.931] [bmv2] [D] [thread 103653] [54.0] [cxt 0] Parser state 'start': key is 86dd
[09:14:47.931] [bmv2] [T] [thread 103653] [54.0] [cxt 0] Bytes parsed: 14
[09:14:47.931] [bmv2] [D] [thread 103653] [54.0] [cxt 0] Parser 'parser': end
[09:14:47.931] [bmv2] [D] [thread 103653] [54.0] [cxt 0] Pipeline 'ingress': start
[09:14:47.931] [bmv2] [T] [thread 103653] [54.0] [cxt 0] switch.p4(116) Condition "hdr.ipv4.isValid()" (node_2) is false
[09:14:47.931] [bmv2] [D] [thread 103653] [54.0] [cxt 0] Pipeline 'ingress': end
[09:14:47.931] [bmv2] [D] [thread 103653] [54.0] [cxt 0] Egress port is 0
[09:14:47.931] [bmv2] [D] [thread 103654] [54.0] [cxt 0] Pipeline 'egress': start
[09:14:47.931] [bmv2] [D] [thread 103654] [54.0] [cxt 0] Pipeline 'egress': end
[09:14:47.931] [bmv2] [D] [thread 103654] [54.0] [cxt 0] Deparser 'deparser': start
[09:14:47.931] [bmv2] [T] [thread 103654] [54.0] [cxt 0] Skipping checksum 'cksum' update because condition not met
[09:14:47.931] [bmv2] [D] [thread 103654] [54.0] [cxt 0] Deparsing header 'ethernet'
[09:14:47.931] [bmv2] [D] [thread 103654] [54.0] [cxt 0] Deparser 'deparser': end
[09:14:47.936] [bmv2] [D] [thread 103658] [54.0] [cxt 0] Transmitting packet of size 70 out of port 0
[09:14:48.228] [bmv2] [D] [thread 103653] [55.0] [cxt 0] Processing packet received on port 1
[09:14:48.228] [bmv2] [D] [thread 103653] [55.0] [cxt 0] Parser 'parser': start
[09:14:48.228] [bmv2] [D] [thread 103653] [55.0] [cxt 0] Parser 'parser' entering state 'start'
[09:14:48.228] [bmv2] [D] [thread 103653] [55.0] [cxt 0] Extracting header 'ethernet'
[09:14:48.228] [bmv2] [D] [thread 103653] [55.0] [cxt 0] Parser state 'start': key is 86dd
[09:14:48.228] [bmv2] [T] [thread 103653] [55.0] [cxt 0] Bytes parsed: 14
[09:14:48.228] [bmv2] [D] [thread 103653] [55.0] [cxt 0] Parser 'parser': end
[09:14:48.228] [bmv2] [D] [thread 103653] [55.0] [cxt 0] Pipeline 'ingress': start
[09:14:48.228] [bmv2] [T] [thread 103653] [55.0] [cxt 0] switch.p4(116) Condition "hdr.ipv4.isValid()" (node_2) is false
[09:14:48.228] [bmv2] [D] [thread 103653] [55.0] [cxt 0] Pipeline 'ingress': end
[09:14:48.228] [bmv2] [D] [thread 103653] [55.0] [cxt 0] Egress port is 0
[09:14:48.228] [bmv2] [D] [thread 103654] [55.0] [cxt 0] Pipeline 'egress': start
[09:14:48.228] [bmv2] [D] [thread 103654] [55.0] [cxt 0] Pipeline 'egress': end
[09:14:48.228] [bmv2] [D] [thread 103654] [55.0] [cxt 0] Deparser 'deparser': start
[09:14:48.228] [bmv2] [T] [thread 103654] [55.0] [cxt 0] Skipping checksum 'cksum' update because condition not met
[09:14:48.228] [bmv2] [D] [thread 103654] [55.0] [cxt 0] Deparsing header 'ethernet'
[09:14:48.228] [bmv2] [D] [thread 103654] [55.0] [cxt 0] Deparser 'deparser': end
[09:14:48.233] [bmv2] [D] [thread 103658] [55.0] [cxt 0] Transmitting packet of size 199 out of port 0
[09:14:48.233] [bmv2] [D] [thread 103653] [56.0] [cxt 0] Processing packet received on port 1
[09:14:48.233] [bmv2] [D] [thread 103653] [56.0] [cxt 0] Parser 'parser': start
[09:14:48.233] [bmv2] [D] [thread 103653] [56.0] [cxt 0] Parser 'parser' entering state 'start'
[09:14:48.233] [bmv2] [D] [thread 103653] [56.0] [cxt 0] Extracting header 'ethernet'
[09:14:48.233] [bmv2] [D] [thread 103653] [56.0] [cxt 0] Parser state 'start': key is 0800
[09:14:48.233] [bmv2] [T] [thread 103653] [56.0] [cxt 0] Bytes parsed: 14
[09:14:48.233] [bmv2] [D] [thread 103653] [56.0] [cxt 0] Parser 'parser' entering state 'parse_ipv4'
[09:14:48.233] [bmv2] [D] [thread 103653] [56.0] [cxt 0] Extracting header 'ipv4'
[09:14:48.233] [bmv2] [D] [thread 103653] [56.0] [cxt 0] Parser state 'parse_ipv4' has no switch, going to default next state
[09:14:48.233] [bmv2] [T] [thread 103653] [56.0] [cxt 0] Bytes parsed: 34
[09:14:48.233] [bmv2] [D] [thread 103653] [56.0] [cxt 0] Parser 'parser': end
[09:14:48.233] [bmv2] [D] [thread 103653] [56.0] [cxt 0] Pipeline 'ingress': start
[09:14:48.233] [bmv2] [T] [thread 103653] [56.0] [cxt 0] switch.p4(116) Condition "hdr.ipv4.isValid()" (node_2) is true
[09:14:48.233] [bmv2] [T] [thread 103653] [56.0] [cxt 0] Applying table 'MyIngress.ipv4_lpm'
[09:14:48.233] [bmv2] [D] [thread 103653] [56.0] [cxt 0] Looking up key:
* hdr.ipv4.dstAddr    : 0a000202

[09:14:48.233] [bmv2] [D] [thread 103653] [56.0] [cxt 0] Table 'MyIngress.ipv4_lpm': hit with handle 1
[09:14:48.233] [bmv2] [D] [thread 103653] [56.0] [cxt 0] Dumping entry 1
Match key:
* hdr.ipv4.dstAddr    : LPM       0a000202/32
Action entry: MyIngress.ipv4_forward - 80000000300,2,

[09:14:48.233] [bmv2] [D] [thread 103653] [56.0] [cxt 0] Action entry is MyIngress.ipv4_forward - 80000000300,2,
[09:14:48.233] [bmv2] [T] [thread 103653] [56.0] [cxt 0] Action MyIngress.ipv4_forward
[09:14:48.233] [bmv2] [T] [thread 103653] [56.0] [cxt 0] switch.p4(96) Primitive standard_metadata.egress_spec = port
[09:14:48.233] [bmv2] [T] [thread 103653] [56.0] [cxt 0] switch.p4(97) Primitive hdr.ethernet.srcAddr = hdr.ethernet.dstAddr
[09:14:48.233] [bmv2] [T] [thread 103653] [56.0] [cxt 0] switch.p4(98) Primitive hdr.ethernet.dstAddr = dstAddr
[09:14:48.233] [bmv2] [T] [thread 103653] [56.0] [cxt 0] switch.p4(99) Primitive hdr.ipv4.ttl = hdr.ipv4.ttl - 1
[09:14:48.233] [bmv2] [D] [thread 103653] [56.0] [cxt 0] Pipeline 'ingress': end
[09:14:48.233] [bmv2] [D] [thread 103653] [56.0] [cxt 0] Egress port is 2
[09:14:48.233] [bmv2] [D] [thread 103656] [56.0] [cxt 0] Pipeline 'egress': start
[09:14:48.233] [bmv2] [D] [thread 103656] [56.0] [cxt 0] Pipeline 'egress': end
[09:14:48.233] [bmv2] [D] [thread 103656] [56.0] [cxt 0] Deparser 'deparser': start
[09:14:48.233] [bmv2] [D] [thread 103656] [56.0] [cxt 0] Updating checksum 'cksum'
[09:14:48.233] [bmv2] [D] [thread 103656] [56.0] [cxt 0] Deparsing header 'ethernet'
[09:14:48.233] [bmv2] [D] [thread 103656] [56.0] [cxt 0] Deparsing header 'ipv4'
[09:14:48.233] [bmv2] [D] [thread 103656] [56.0] [cxt 0] Deparser 'deparser': end
[09:14:48.233] [bmv2] [D] [thread 103658] [56.0] [cxt 0] Transmitting packet of size 48 out of port 2
[09:14:48.268] [bmv2] [D] [thread 103653] [57.0] [cxt 0] Processing packet received on port 2
[09:14:48.268] [bmv2] [D] [thread 103653] [57.0] [cxt 0] Parser 'parser': start
[09:14:48.268] [bmv2] [D] [thread 103653] [57.0] [cxt 0] Parser 'parser' entering state 'start'
[09:14:48.268] [bmv2] [D] [thread 103653] [57.0] [cxt 0] Extracting header 'ethernet'
[09:14:48.268] [bmv2] [D] [thread 103653] [57.0] [cxt 0] Parser state 'start': key is 0800
[09:14:48.268] [bmv2] [T] [thread 103653] [57.0] [cxt 0] Bytes parsed: 14
[09:14:48.268] [bmv2] [D] [thread 103653] [57.0] [cxt 0] Parser 'parser' entering state 'parse_ipv4'
[09:14:48.268] [bmv2] [D] [thread 103653] [57.0] [cxt 0] Extracting header 'ipv4'
[09:14:48.268] [bmv2] [D] [thread 103653] [57.0] [cxt 0] Parser state 'parse_ipv4' has no switch, going to default next state
[09:14:48.268] [bmv2] [T] [thread 103653] [57.0] [cxt 0] Bytes parsed: 34
[09:14:48.268] [bmv2] [D] [thread 103653] [57.0] [cxt 0] Parser 'parser': end
[09:14:48.268] [bmv2] [D] [thread 103653] [57.0] [cxt 0] Pipeline 'ingress': start
[09:14:48.268] [bmv2] [T] [thread 103653] [57.0] [cxt 0] switch.p4(116) Condition "hdr.ipv4.isValid()" (node_2) is true
[09:14:48.268] [bmv2] [T] [thread 103653] [57.0] [cxt 0] Applying table 'MyIngress.ipv4_lpm'
[09:14:48.268] [bmv2] [D] [thread 103653] [57.0] [cxt 0] Looking up key:
* hdr.ipv4.dstAddr    : 0a000101

[09:14:48.268] [bmv2] [D] [thread 103653] [57.0] [cxt 0] Table 'MyIngress.ipv4_lpm': hit with handle 0
[09:14:48.268] [bmv2] [D] [thread 103653] [57.0] [cxt 0] Dumping entry 0
Match key:
* hdr.ipv4.dstAddr    : LPM       0a000101/32
Action entry: MyIngress.ipv4_forward - 80000000100,1,

[09:14:48.268] [bmv2] [D] [thread 103653] [57.0] [cxt 0] Action entry is MyIngress.ipv4_forward - 80000000100,1,
[09:14:48.268] [bmv2] [T] [thread 103653] [57.0] [cxt 0] Action MyIngress.ipv4_forward
[09:14:48.268] [bmv2] [T] [thread 103653] [57.0] [cxt 0] switch.p4(96) Primitive standard_metadata.egress_spec = port
[09:14:48.268] [bmv2] [T] [thread 103653] [57.0] [cxt 0] switch.p4(97) Primitive hdr.ethernet.srcAddr = hdr.ethernet.dstAddr
[09:14:48.268] [bmv2] [T] [thread 103653] [57.0] [cxt 0] switch.p4(98) Primitive hdr.ethernet.dstAddr = dstAddr
[09:14:48.268] [bmv2] [T] [thread 103653] [57.0] [cxt 0] switch.p4(99) Primitive hdr.ipv4.ttl = hdr.ipv4.ttl - 1
[09:14:48.268] [bmv2] [D] [thread 103653] [57.0] [cxt 0] Pipeline 'ingress': end
[09:14:48.268] [bmv2] [D] [thread 103653] [57.0] [cxt 0] Egress port is 1
[09:14:48.268] [bmv2] [D] [thread 103655] [57.0] [cxt 0] Pipeline 'egress': start
[09:14:48.268] [bmv2] [D] [thread 103655] [57.0] [cxt 0] Pipeline 'egress': end
[09:14:48.268] [bmv2] [D] [thread 103655] [57.0] [cxt 0] Deparser 'deparser': start
[09:14:48.268] [bmv2] [D] [thread 103655] [57.0] [cxt 0] Updating checksum 'cksum'
[09:14:48.268] [bmv2] [D] [thread 103655] [57.0] [cxt 0] Deparsing header 'ethernet'
[09:14:48.268] [bmv2] [D] [thread 103655] [57.0] [cxt 0] Deparsing header 'ipv4'
[09:14:48.268] [bmv2] [D] [thread 103655] [57.0] [cxt 0] Deparser 'deparser': end
[09:14:48.268] [bmv2] [D] [thread 103658] [57.0] [cxt 0] Transmitting packet of size 76 out of port 1
[09:14:48.339] [bmv2] [D] [thread 103653] [58.0] [cxt 0] Processing packet received on port 1
[09:14:48.340] [bmv2] [D] [thread 103653] [58.0] [cxt 0] Parser 'parser': start
[09:14:48.340] [bmv2] [D] [thread 103653] [58.0] [cxt 0] Parser 'parser' entering state 'start'
[09:14:48.341] [bmv2] [D] [thread 103653] [58.0] [cxt 0] Extracting header 'ethernet'
[09:14:48.342] [bmv2] [D] [thread 103653] [58.0] [cxt 0] Parser state 'start': key is 86dd
[09:14:48.342] [bmv2] [T] [thread 103653] [58.0] [cxt 0] Bytes parsed: 14
[09:14:48.342] [bmv2] [D] [thread 103653] [58.0] [cxt 0] Parser 'parser': end
[09:14:48.342] [bmv2] [D] [thread 103653] [58.0] [cxt 0] Pipeline 'ingress': start
[09:14:48.342] [bmv2] [T] [thread 103653] [58.0] [cxt 0] switch.p4(116) Condition "hdr.ipv4.isValid()" (node_2) is false
[09:14:48.342] [bmv2] [D] [thread 103653] [58.0] [cxt 0] Pipeline 'ingress': end
[09:14:48.342] [bmv2] [D] [thread 103653] [58.0] [cxt 0] Egress port is 0
[09:14:48.342] [bmv2] [D] [thread 103654] [58.0] [cxt 0] Pipeline 'egress': start
[09:14:48.342] [bmv2] [D] [thread 103654] [58.0] [cxt 0] Pipeline 'egress': end
[09:14:48.342] [bmv2] [D] [thread 103654] [58.0] [cxt 0] Deparser 'deparser': start
[09:14:48.342] [bmv2] [T] [thread 103654] [58.0] [cxt 0] Skipping checksum 'cksum' update because condition not met
[09:14:48.342] [bmv2] [D] [thread 103654] [58.0] [cxt 0] Deparsing header 'ethernet'
[09:14:48.342] [bmv2] [D] [thread 103654] [58.0] [cxt 0] Deparser 'deparser': end
[09:14:48.342] [bmv2] [D] [thread 103658] [58.0] [cxt 0] Transmitting packet of size 199 out of port 0
[09:14:48.342] [bmv2] [D] [thread 103653] [59.0] [cxt 0] Processing packet received on port 2
[09:14:48.342] [bmv2] [D] [thread 103653] [59.0] [cxt 0] Parser 'parser': start
[09:14:48.342] [bmv2] [D] [thread 103653] [59.0] [cxt 0] Parser 'parser' entering state 'start'
[09:14:48.342] [bmv2] [D] [thread 103653] [59.0] [cxt 0] Extracting header 'ethernet'
[09:14:48.342] [bmv2] [D] [thread 103653] [59.0] [cxt 0] Parser state 'start': key is 0800
[09:14:48.342] [bmv2] [T] [thread 103653] [59.0] [cxt 0] Bytes parsed: 14
[09:14:48.342] [bmv2] [D] [thread 103653] [59.0] [cxt 0] Parser 'parser' entering state 'parse_ipv4'
[09:14:48.342] [bmv2] [D] [thread 103653] [59.0] [cxt 0] Extracting header 'ipv4'
[09:14:48.342] [bmv2] [D] [thread 103653] [59.0] [cxt 0] Parser state 'parse_ipv4' has no switch, going to default next state
[09:14:48.342] [bmv2] [T] [thread 103653] [59.0] [cxt 0] Bytes parsed: 34
[09:14:48.342] [bmv2] [D] [thread 103653] [59.0] [cxt 0] Parser 'parser': end
[09:14:48.342] [bmv2] [D] [thread 103653] [59.0] [cxt 0] Pipeline 'ingress': start
[09:14:48.342] [bmv2] [T] [thread 103653] [59.0] [cxt 0] switch.p4(116) Condition "hdr.ipv4.isValid()" (node_2) is true
[09:14:48.342] [bmv2] [T] [thread 103653] [59.0] [cxt 0] Applying table 'MyIngress.ipv4_lpm'
[09:14:48.342] [bmv2] [D] [thread 103653] [59.0] [cxt 0] Looking up key:
* hdr.ipv4.dstAddr    : 0a000101

[09:14:48.342] [bmv2] [D] [thread 103653] [59.0] [cxt 0] Table 'MyIngress.ipv4_lpm': hit with handle 0
[09:14:48.342] [bmv2] [D] [thread 103653] [59.0] [cxt 0] Dumping entry 0
Match key:
* hdr.ipv4.dstAddr    : LPM       0a000101/32
Action entry: MyIngress.ipv4_forward - 80000000100,1,

[09:14:48.342] [bmv2] [D] [thread 103653] [59.0] [cxt 0] Action entry is MyIngress.ipv4_forward - 80000000100,1,
[09:14:48.342] [bmv2] [T] [thread 103653] [59.0] [cxt 0] Action MyIngress.ipv4_forward
[09:14:48.342] [bmv2] [T] [thread 103653] [59.0] [cxt 0] switch.p4(96) Primitive standard_metadata.egress_spec = port
[09:14:48.342] [bmv2] [T] [thread 103653] [59.0] [cxt 0] switch.p4(97) Primitive hdr.ethernet.srcAddr = hdr.ethernet.dstAddr
[09:14:48.342] [bmv2] [T] [thread 103653] [59.0] [cxt 0] switch.p4(98) Primitive hdr.ethernet.dstAddr = dstAddr
[09:14:48.342] [bmv2] [T] [thread 103653] [59.0] [cxt 0] switch.p4(99) Primitive hdr.ipv4.ttl = hdr.ipv4.ttl - 1
[09:14:48.342] [bmv2] [D] [thread 103653] [59.0] [cxt 0] Pipeline 'ingress': end
[09:14:48.342] [bmv2] [D] [thread 103653] [59.0] [cxt 0] Egress port is 1
[09:14:48.342] [bmv2] [D] [thread 103655] [59.0] [cxt 0] Pipeline 'egress': start
[09:14:48.342] [bmv2] [D] [thread 103655] [59.0] [cxt 0] Pipeline 'egress': end
[09:14:48.342] [bmv2] [D] [thread 103655] [59.0] [cxt 0] Deparser 'deparser': start
[09:14:48.342] [bmv2] [D] [thread 103655] [59.0] [cxt 0] Updating checksum 'cksum'
[09:14:48.342] [bmv2] [D] [thread 103655] [59.0] [cxt 0] Deparsing header 'ethernet'
[09:14:48.342] [bmv2] [D] [thread 103655] [59.0] [cxt 0] Deparsing header 'ipv4'
[09:14:48.342] [bmv2] [D] [thread 103655] [59.0] [cxt 0] Deparser 'deparser': end
[09:14:48.342] [bmv2] [D] [thread 103658] [59.0] [cxt 0] Transmitting packet of size 308 out of port 1
[09:14:48.344] [bmv2] [D] [thread 103653] [60.0] [cxt 0] Processing packet received on port 1
[09:14:48.344] [bmv2] [D] [thread 103653] [60.0] [cxt 0] Parser 'parser': start
[09:14:48.344] [bmv2] [D] [thread 103653] [60.0] [cxt 0] Parser 'parser' entering state 'start'
[09:14:48.344] [bmv2] [D] [thread 103653] [60.0] [cxt 0] Extracting header 'ethernet'
[09:14:48.344] [bmv2] [D] [thread 103653] [60.0] [cxt 0] Parser state 'start': key is 0800
[09:14:48.344] [bmv2] [T] [thread 103653] [60.0] [cxt 0] Bytes parsed: 14
[09:14:48.344] [bmv2] [D] [thread 103653] [60.0] [cxt 0] Parser 'parser' entering state 'parse_ipv4'
[09:14:48.344] [bmv2] [D] [thread 103653] [60.0] [cxt 0] Extracting header 'ipv4'
[09:14:48.344] [bmv2] [D] [thread 103653] [60.0] [cxt 0] Parser state 'parse_ipv4' has no switch, going to default next state
[09:14:48.344] [bmv2] [T] [thread 103653] [60.0] [cxt 0] Bytes parsed: 34
[09:14:48.344] [bmv2] [D] [thread 103653] [60.0] [cxt 0] Parser 'parser': end
[09:14:48.344] [bmv2] [D] [thread 103653] [60.0] [cxt 0] Pipeline 'ingress': start
[09:14:48.344] [bmv2] [T] [thread 103653] [60.0] [cxt 0] switch.p4(116) Condition "hdr.ipv4.isValid()" (node_2) is true
[09:14:48.344] [bmv2] [T] [thread 103653] [60.0] [cxt 0] Applying table 'MyIngress.ipv4_lpm'
[09:14:48.344] [bmv2] [D] [thread 103653] [60.0] [cxt 0] Looking up key:
* hdr.ipv4.dstAddr    : 0a000202

[09:14:48.344] [bmv2] [D] [thread 103653] [60.0] [cxt 0] Table 'MyIngress.ipv4_lpm': hit with handle 1
[09:14:48.344] [bmv2] [D] [thread 103653] [60.0] [cxt 0] Dumping entry 1
Match key:
* hdr.ipv4.dstAddr    : LPM       0a000202/32
Action entry: MyIngress.ipv4_forward - 80000000300,2,

[09:14:48.344] [bmv2] [D] [thread 103653] [60.0] [cxt 0] Action entry is MyIngress.ipv4_forward - 80000000300,2,
[09:14:48.344] [bmv2] [T] [thread 103653] [60.0] [cxt 0] Action MyIngress.ipv4_forward
[09:14:48.344] [bmv2] [T] [thread 103653] [60.0] [cxt 0] switch.p4(96) Primitive standard_metadata.egress_spec = port
[09:14:48.344] [bmv2] [T] [thread 103653] [60.0] [cxt 0] switch.p4(97) Primitive hdr.ethernet.srcAddr = hdr.ethernet.dstAddr
[09:14:48.344] [bmv2] [T] [thread 103653] [60.0] [cxt 0] switch.p4(98) Primitive hdr.ethernet.dstAddr = dstAddr
[09:14:48.344] [bmv2] [T] [thread 103653] [60.0] [cxt 0] switch.p4(99) Primitive hdr.ipv4.ttl = hdr.ipv4.ttl - 1
[09:14:48.344] [bmv2] [D] [thread 103653] [60.0] [cxt 0] Pipeline 'ingress': end
[09:14:48.344] [bmv2] [D] [thread 103653] [60.0] [cxt 0] Egress port is 2
[09:14:48.344] [bmv2] [D] [thread 103656] [60.0] [cxt 0] Pipeline 'egress': start
[09:14:48.345] [bmv2] [D] [thread 103656] [60.0] [cxt 0] Pipeline 'egress': end
[09:14:48.345] [bmv2] [D] [thread 103656] [60.0] [cxt 0] Deparser 'deparser': start
[09:14:48.346] [bmv2] [D] [thread 103656] [60.0] [cxt 0] Updating checksum 'cksum'
[09:14:48.346] [bmv2] [D] [thread 103656] [60.0] [cxt 0] Deparsing header 'ethernet'
[09:14:48.346] [bmv2] [D] [thread 103656] [60.0] [cxt 0] Deparsing header 'ipv4'
[09:14:48.346] [bmv2] [D] [thread 103656] [60.0] [cxt 0] Deparser 'deparser': end
[09:14:48.346] [bmv2] [D] [thread 103658] [60.0] [cxt 0] Transmitting packet of size 336 out of port 2
[09:14:48.441] [bmv2] [D] [thread 103653] [61.0] [cxt 0] Processing packet received on port 1
[09:14:48.441] [bmv2] [D] [thread 103653] [61.0] [cxt 0] Parser 'parser': start
[09:14:48.441] [bmv2] [D] [thread 103653] [61.0] [cxt 0] Parser 'parser' entering state 'start'
[09:14:48.441] [bmv2] [D] [thread 103653] [61.0] [cxt 0] Extracting header 'ethernet'
[09:14:48.441] [bmv2] [D] [thread 103653] [61.0] [cxt 0] Parser state 'start': key is 86dd
[09:14:48.441] [bmv2] [T] [thread 103653] [61.0] [cxt 0] Bytes parsed: 14
[09:14:48.441] [bmv2] [D] [thread 103653] [61.0] [cxt 0] Parser 'parser': end
[09:14:48.441] [bmv2] [D] [thread 103653] [61.0] [cxt 0] Pipeline 'ingress': start
[09:14:48.441] [bmv2] [T] [thread 103653] [61.0] [cxt 0] switch.p4(116) Condition "hdr.ipv4.isValid()" (node_2) is false
[09:14:48.441] [bmv2] [D] [thread 103653] [61.0] [cxt 0] Pipeline 'ingress': end
[09:14:48.441] [bmv2] [D] [thread 103653] [61.0] [cxt 0] Egress port is 0
[09:14:48.441] [bmv2] [D] [thread 103653] [62.0] [cxt 0] Processing packet received on port 2
[09:14:48.441] [bmv2] [D] [thread 103653] [62.0] [cxt 0] Parser 'parser': start
[09:14:48.441] [bmv2] [D] [thread 103653] [62.0] [cxt 0] Parser 'parser' entering state 'start'
[09:14:48.441] [bmv2] [D] [thread 103653] [62.0] [cxt 0] Extracting header 'ethernet'
[09:14:48.441] [bmv2] [D] [thread 103653] [62.0] [cxt 0] Parser state 'start': key is 86dd
[09:14:48.441] [bmv2] [T] [thread 103653] [62.0] [cxt 0] Bytes parsed: 14
[09:14:48.441] [bmv2] [D] [thread 103653] [62.0] [cxt 0] Parser 'parser': end
[09:14:48.441] [bmv2] [D] [thread 103653] [62.0] [cxt 0] Pipeline 'ingress': start
[09:14:48.441] [bmv2] [T] [thread 103653] [62.0] [cxt 0] switch.p4(116) Condition "hdr.ipv4.isValid()" (node_2) is false
[09:14:48.441] [bmv2] [D] [thread 103653] [62.0] [cxt 0] Pipeline 'ingress': end
[09:14:48.441] [bmv2] [D] [thread 103653] [62.0] [cxt 0] Egress port is 0
[09:14:48.441] [bmv2] [D] [thread 103654] [61.0] [cxt 0] Pipeline 'egress': start
[09:14:48.442] [bmv2] [D] [thread 103654] [61.0] [cxt 0] Pipeline 'egress': end
[09:14:48.442] [bmv2] [D] [thread 103654] [61.0] [cxt 0] Deparser 'deparser': start
[09:14:48.442] [bmv2] [T] [thread 103654] [61.0] [cxt 0] Skipping checksum 'cksum' update because condition not met
[09:14:48.442] [bmv2] [D] [thread 103654] [61.0] [cxt 0] Deparsing header 'ethernet'
[09:14:48.442] [bmv2] [D] [thread 103654] [61.0] [cxt 0] Deparser 'deparser': end
[09:14:48.442] [bmv2] [D] [thread 103654] [62.0] [cxt 0] Pipeline 'egress': start
[09:14:48.442] [bmv2] [D] [thread 103654] [62.0] [cxt 0] Pipeline 'egress': end
[09:14:48.442] [bmv2] [D] [thread 103654] [62.0] [cxt 0] Deparser 'deparser': start
[09:14:48.442] [bmv2] [T] [thread 103654] [62.0] [cxt 0] Skipping checksum 'cksum' update because condition not met
[09:14:48.442] [bmv2] [D] [thread 103654] [62.0] [cxt 0] Deparsing header 'ethernet'
[09:14:48.442] [bmv2] [D] [thread 103654] [62.0] [cxt 0] Deparser 'deparser': end
[09:14:48.444] [bmv2] [D] [thread 103658] [61.0] [cxt 0] Transmitting packet of size 70 out of port 0
[09:14:48.444] [bmv2] [D] [thread 103658] [62.0] [cxt 0] Transmitting packet of size 70 out of port 0
[09:14:48.571] [bmv2] [D] [thread 103653] [63.0] [cxt 0] Processing packet received on port 2
[09:14:48.571] [bmv2] [D] [thread 103653] [63.0] [cxt 0] Parser 'parser': start
[09:14:48.571] [bmv2] [D] [thread 103653] [63.0] [cxt 0] Parser 'parser' entering state 'start'
[09:14:48.571] [bmv2] [D] [thread 103653] [63.0] [cxt 0] Extracting header 'ethernet'
[09:14:48.571] [bmv2] [D] [thread 103653] [63.0] [cxt 0] Parser state 'start': key is 86dd
[09:14:48.571] [bmv2] [T] [thread 103653] [63.0] [cxt 0] Bytes parsed: 14
[09:14:48.571] [bmv2] [D] [thread 103653] [63.0] [cxt 0] Parser 'parser': end
[09:14:48.571] [bmv2] [D] [thread 103653] [63.0] [cxt 0] Pipeline 'ingress': start
[09:14:48.571] [bmv2] [T] [thread 103653] [63.0] [cxt 0] switch.p4(116) Condition "hdr.ipv4.isValid()" (node_2) is false
[09:14:48.571] [bmv2] [D] [thread 103653] [63.0] [cxt 0] Pipeline 'ingress': end
[09:14:48.571] [bmv2] [D] [thread 103653] [63.0] [cxt 0] Egress port is 0
[09:14:48.571] [bmv2] [D] [thread 103654] [63.0] [cxt 0] Pipeline 'egress': start
[09:14:48.571] [bmv2] [D] [thread 103654] [63.0] [cxt 0] Pipeline 'egress': end
[09:14:48.571] [bmv2] [D] [thread 103654] [63.0] [cxt 0] Deparser 'deparser': start
[09:14:48.571] [bmv2] [T] [thread 103654] [63.0] [cxt 0] Skipping checksum 'cksum' update because condition not met
[09:14:48.571] [bmv2] [D] [thread 103654] [63.0] [cxt 0] Deparsing header 'ethernet'
[09:14:48.571] [bmv2] [D] [thread 103654] [63.0] [cxt 0] Deparser 'deparser': end
[09:14:48.571] [bmv2] [D] [thread 103658] [63.0] [cxt 0] Transmitting packet of size 199 out of port 0
[09:14:48.955] [bmv2] [D] [thread 103653] [64.0] [cxt 0] Processing packet received on port 2
[09:14:48.955] [bmv2] [D] [thread 103653] [64.0] [cxt 0] Parser 'parser': start
[09:14:48.955] [bmv2] [D] [thread 103653] [64.0] [cxt 0] Parser 'parser' entering state 'start'
[09:14:48.955] [bmv2] [D] [thread 103653] [64.0] [cxt 0] Extracting header 'ethernet'
[09:14:48.955] [bmv2] [D] [thread 103653] [64.0] [cxt 0] Parser state 'start': key is 86dd
[09:14:48.955] [bmv2] [T] [thread 103653] [64.0] [cxt 0] Bytes parsed: 14
[09:14:48.955] [bmv2] [D] [thread 103653] [64.0] [cxt 0] Parser 'parser': end
[09:14:48.955] [bmv2] [D] [thread 103653] [64.0] [cxt 0] Pipeline 'ingress': start
[09:14:48.955] [bmv2] [T] [thread 103653] [64.0] [cxt 0] switch.p4(116) Condition "hdr.ipv4.isValid()" (node_2) is false
[09:14:48.955] [bmv2] [D] [thread 103653] [64.0] [cxt 0] Pipeline 'ingress': end
[09:14:48.955] [bmv2] [D] [thread 103653] [64.0] [cxt 0] Egress port is 0
[09:14:48.955] [bmv2] [D] [thread 103654] [64.0] [cxt 0] Pipeline 'egress': start
[09:14:48.955] [bmv2] [D] [thread 103654] [64.0] [cxt 0] Pipeline 'egress': end
[09:14:48.955] [bmv2] [D] [thread 103654] [64.0] [cxt 0] Deparser 'deparser': start
[09:14:48.955] [bmv2] [T] [thread 103654] [64.0] [cxt 0] Skipping checksum 'cksum' update because condition not met
[09:14:48.955] [bmv2] [D] [thread 103654] [64.0] [cxt 0] Deparsing header 'ethernet'
[09:14:48.955] [bmv2] [D] [thread 103654] [64.0] [cxt 0] Deparser 'deparser': end
[09:14:48.955] [bmv2] [D] [thread 103658] [64.0] [cxt 0] Transmitting packet of size 70 out of port 0
[09:14:49.052] [bmv2] [D] [thread 103653] [65.0] [cxt 0] Processing packet received on port 1
[09:14:49.052] [bmv2] [D] [thread 103653] [65.0] [cxt 0] Parser 'parser': start
[09:14:49.052] [bmv2] [D] [thread 103653] [65.0] [cxt 0] Parser 'parser' entering state 'start'
[09:14:49.052] [bmv2] [D] [thread 103653] [65.0] [cxt 0] Extracting header 'ethernet'
[09:14:49.052] [bmv2] [D] [thread 103653] [65.0] [cxt 0] Parser state 'start': key is 0800
[09:14:49.052] [bmv2] [T] [thread 103653] [65.0] [cxt 0] Bytes parsed: 14
[09:14:49.052] [bmv2] [D] [thread 103653] [65.0] [cxt 0] Parser 'parser' entering state 'parse_ipv4'
[09:14:49.052] [bmv2] [D] [thread 103653] [65.0] [cxt 0] Extracting header 'ipv4'
[09:14:49.052] [bmv2] [D] [thread 103653] [65.0] [cxt 0] Parser state 'parse_ipv4' has no switch, going to default next state
[09:14:49.052] [bmv2] [T] [thread 103653] [65.0] [cxt 0] Bytes parsed: 34
[09:14:49.052] [bmv2] [D] [thread 103653] [65.0] [cxt 0] Parser 'parser': end
[09:14:49.052] [bmv2] [D] [thread 103653] [65.0] [cxt 0] Pipeline 'ingress': start
[09:14:49.052] [bmv2] [T] [thread 103653] [65.0] [cxt 0] switch.p4(116) Condition "hdr.ipv4.isValid()" (node_2) is true
[09:14:49.052] [bmv2] [T] [thread 103653] [65.0] [cxt 0] Applying table 'MyIngress.ipv4_lpm'
[09:14:49.052] [bmv2] [D] [thread 103653] [65.0] [cxt 0] Looking up key:
* hdr.ipv4.dstAddr    : 0a000202

[09:14:49.052] [bmv2] [D] [thread 103653] [65.0] [cxt 0] Table 'MyIngress.ipv4_lpm': hit with handle 1
[09:14:49.052] [bmv2] [D] [thread 103653] [65.0] [cxt 0] Dumping entry 1
Match key:
* hdr.ipv4.dstAddr    : LPM       0a000202/32
Action entry: MyIngress.ipv4_forward - 80000000300,2,

[09:14:49.052] [bmv2] [D] [thread 103653] [65.0] [cxt 0] Action entry is MyIngress.ipv4_forward - 80000000300,2,
[09:14:49.052] [bmv2] [T] [thread 103653] [65.0] [cxt 0] Action MyIngress.ipv4_forward
[09:14:49.052] [bmv2] [T] [thread 103653] [65.0] [cxt 0] switch.p4(96) Primitive standard_metadata.egress_spec = port
[09:14:49.052] [bmv2] [T] [thread 103653] [65.0] [cxt 0] switch.p4(97) Primitive hdr.ethernet.srcAddr = hdr.ethernet.dstAddr
[09:14:49.052] [bmv2] [T] [thread 103653] [65.0] [cxt 0] switch.p4(98) Primitive hdr.ethernet.dstAddr = dstAddr
[09:14:49.052] [bmv2] [T] [thread 103653] [65.0] [cxt 0] switch.p4(99) Primitive hdr.ipv4.ttl = hdr.ipv4.ttl - 1
[09:14:49.052] [bmv2] [D] [thread 103653] [65.0] [cxt 0] Pipeline 'ingress': end
[09:14:49.052] [bmv2] [D] [thread 103653] [65.0] [cxt 0] Egress port is 2
[09:14:49.052] [bmv2] [D] [thread 103656] [65.0] [cxt 0] Pipeline 'egress': start
[09:14:49.052] [bmv2] [D] [thread 103656] [65.0] [cxt 0] Pipeline 'egress': end
[09:14:49.052] [bmv2] [D] [thread 103656] [65.0] [cxt 0] Deparser 'deparser': start
[09:14:49.052] [bmv2] [D] [thread 103656] [65.0] [cxt 0] Updating checksum 'cksum'
[09:14:49.052] [bmv2] [D] [thread 103656] [65.0] [cxt 0] Deparsing header 'ethernet'
[09:14:49.052] [bmv2] [D] [thread 103656] [65.0] [cxt 0] Deparsing header 'ipv4'
[09:14:49.052] [bmv2] [D] [thread 103656] [65.0] [cxt 0] Deparser 'deparser': end
[09:14:49.052] [bmv2] [D] [thread 103658] [65.0] [cxt 0] Transmitting packet of size 48 out of port 2
[09:14:49.056] [bmv2] [D] [thread 103653] [66.0] [cxt 0] Processing packet received on port 2
[09:14:49.056] [bmv2] [D] [thread 103653] [66.0] [cxt 0] Parser 'parser': start
[09:14:49.056] [bmv2] [D] [thread 103653] [66.0] [cxt 0] Parser 'parser' entering state 'start'
[09:14:49.056] [bmv2] [D] [thread 103653] [66.0] [cxt 0] Extracting header 'ethernet'
[09:14:49.056] [bmv2] [D] [thread 103653] [66.0] [cxt 0] Parser state 'start': key is 0800
[09:14:49.056] [bmv2] [T] [thread 103653] [66.0] [cxt 0] Bytes parsed: 14
[09:14:49.056] [bmv2] [D] [thread 103653] [66.0] [cxt 0] Parser 'parser' entering state 'parse_ipv4'
[09:14:49.056] [bmv2] [D] [thread 103653] [66.0] [cxt 0] Extracting header 'ipv4'
[09:14:49.056] [bmv2] [D] [thread 103653] [66.0] [cxt 0] Parser state 'parse_ipv4' has no switch, going to default next state
[09:14:49.056] [bmv2] [T] [thread 103653] [66.0] [cxt 0] Bytes parsed: 34
[09:14:49.056] [bmv2] [D] [thread 103653] [66.0] [cxt 0] Parser 'parser': end
[09:14:49.056] [bmv2] [D] [thread 103653] [66.0] [cxt 0] Pipeline 'ingress': start
[09:14:49.056] [bmv2] [T] [thread 103653] [66.0] [cxt 0] switch.p4(116) Condition "hdr.ipv4.isValid()" (node_2) is true
[09:14:49.056] [bmv2] [T] [thread 103653] [66.0] [cxt 0] Applying table 'MyIngress.ipv4_lpm'
[09:14:49.056] [bmv2] [D] [thread 103653] [66.0] [cxt 0] Looking up key:
* hdr.ipv4.dstAddr    : 0a000101

[09:14:49.056] [bmv2] [D] [thread 103653] [66.0] [cxt 0] Table 'MyIngress.ipv4_lpm': hit with handle 0
[09:14:49.056] [bmv2] [D] [thread 103653] [66.0] [cxt 0] Dumping entry 0
Match key:
* hdr.ipv4.dstAddr    : LPM       0a000101/32
Action entry: MyIngress.ipv4_forward - 80000000100,1,

[09:14:49.056] [bmv2] [D] [thread 103653] [66.0] [cxt 0] Action entry is MyIngress.ipv4_forward - 80000000100,1,
[09:14:49.056] [bmv2] [T] [thread 103653] [66.0] [cxt 0] Action MyIngress.ipv4_forward
[09:14:49.056] [bmv2] [T] [thread 103653] [66.0] [cxt 0] switch.p4(96) Primitive standard_metadata.egress_spec = port
[09:14:49.056] [bmv2] [T] [thread 103653] [66.0] [cxt 0] switch.p4(97) Primitive hdr.ethernet.srcAddr = hdr.ethernet.dstAddr
[09:14:49.056] [bmv2] [T] [thread 103653] [66.0] [cxt 0] switch.p4(98) Primitive hdr.ethernet.dstAddr = dstAddr
[09:14:49.056] [bmv2] [T] [thread 103653] [66.0] [cxt 0] switch.p4(99) Primitive hdr.ipv4.ttl = hdr.ipv4.ttl - 1
[09:14:49.056] [bmv2] [D] [thread 103653] [66.0] [cxt 0] Pipeline 'ingress': end
[09:14:49.056] [bmv2] [D] [thread 103653] [66.0] [cxt 0] Egress port is 1
[09:14:49.056] [bmv2] [D] [thread 103655] [66.0] [cxt 0] Pipeline 'egress': start
[09:14:49.056] [bmv2] [D] [thread 103655] [66.0] [cxt 0] Pipeline 'egress': end
[09:14:49.056] [bmv2] [D] [thread 103655] [66.0] [cxt 0] Deparser 'deparser': start
[09:14:49.056] [bmv2] [D] [thread 103655] [66.0] [cxt 0] Updating checksum 'cksum'
[09:14:49.056] [bmv2] [D] [thread 103655] [66.0] [cxt 0] Deparsing header 'ethernet'
[09:14:49.056] [bmv2] [D] [thread 103655] [66.0] [cxt 0] Deparsing header 'ipv4'
[09:14:49.056] [bmv2] [D] [thread 103655] [66.0] [cxt 0] Deparser 'deparser': end
[09:14:49.056] [bmv2] [D] [thread 103658] [66.0] [cxt 0] Transmitting packet of size 76 out of port 1
[09:14:49.093] [bmv2] [D] [thread 103653] [67.0] [cxt 0] Processing packet received on port 2
[09:14:49.093] [bmv2] [D] [thread 103653] [67.0] [cxt 0] Parser 'parser': start
[09:14:49.093] [bmv2] [D] [thread 103653] [67.0] [cxt 0] Parser 'parser' entering state 'start'
[09:14:49.093] [bmv2] [D] [thread 103653] [67.0] [cxt 0] Extracting header 'ethernet'
[09:14:49.093] [bmv2] [D] [thread 103653] [67.0] [cxt 0] Parser state 'start': key is 0800
[09:14:49.093] [bmv2] [T] [thread 103653] [67.0] [cxt 0] Bytes parsed: 14
[09:14:49.093] [bmv2] [D] [thread 103653] [67.0] [cxt 0] Parser 'parser' entering state 'parse_ipv4'
[09:14:49.093] [bmv2] [D] [thread 103653] [67.0] [cxt 0] Extracting header 'ipv4'
[09:14:49.093] [bmv2] [D] [thread 103653] [67.0] [cxt 0] Parser state 'parse_ipv4' has no switch, going to default next state
[09:14:49.093] [bmv2] [T] [thread 103653] [67.0] [cxt 0] Bytes parsed: 34
[09:14:49.093] [bmv2] [D] [thread 103653] [67.0] [cxt 0] Parser 'parser': end
[09:14:49.093] [bmv2] [D] [thread 103653] [67.0] [cxt 0] Pipeline 'ingress': start
[09:14:49.093] [bmv2] [T] [thread 103653] [67.0] [cxt 0] switch.p4(116) Condition "hdr.ipv4.isValid()" (node_2) is true
[09:14:49.093] [bmv2] [T] [thread 103653] [67.0] [cxt 0] Applying table 'MyIngress.ipv4_lpm'
[09:14:49.093] [bmv2] [D] [thread 103653] [67.0] [cxt 0] Looking up key:
* hdr.ipv4.dstAddr    : 0a000101

[09:14:49.093] [bmv2] [D] [thread 103653] [67.0] [cxt 0] Table 'MyIngress.ipv4_lpm': hit with handle 0
[09:14:49.093] [bmv2] [D] [thread 103653] [67.0] [cxt 0] Dumping entry 0
Match key:
* hdr.ipv4.dstAddr    : LPM       0a000101/32
Action entry: MyIngress.ipv4_forward - 80000000100,1,

[09:14:49.093] [bmv2] [D] [thread 103653] [67.0] [cxt 0] Action entry is MyIngress.ipv4_forward - 80000000100,1,
[09:14:49.093] [bmv2] [T] [thread 103653] [67.0] [cxt 0] Action MyIngress.ipv4_forward
[09:14:49.093] [bmv2] [T] [thread 103653] [67.0] [cxt 0] switch.p4(96) Primitive standard_metadata.egress_spec = port
[09:14:49.093] [bmv2] [T] [thread 103653] [67.0] [cxt 0] switch.p4(97) Primitive hdr.ethernet.srcAddr = hdr.ethernet.dstAddr
[09:14:49.093] [bmv2] [T] [thread 103653] [67.0] [cxt 0] switch.p4(98) Primitive hdr.ethernet.dstAddr = dstAddr
[09:14:49.093] [bmv2] [T] [thread 103653] [67.0] [cxt 0] switch.p4(99) Primitive hdr.ipv4.ttl = hdr.ipv4.ttl - 1
[09:14:49.093] [bmv2] [D] [thread 103653] [67.0] [cxt 0] Pipeline 'ingress': end
[09:14:49.093] [bmv2] [D] [thread 103653] [67.0] [cxt 0] Egress port is 1
[09:14:49.093] [bmv2] [D] [thread 103655] [67.0] [cxt 0] Pipeline 'egress': start
[09:14:49.093] [bmv2] [D] [thread 103655] [67.0] [cxt 0] Pipeline 'egress': end
[09:14:49.094] [bmv2] [D] [thread 103655] [67.0] [cxt 0] Deparser 'deparser': start
[09:14:49.094] [bmv2] [D] [thread 103655] [67.0] [cxt 0] Updating checksum 'cksum'
[09:14:49.094] [bmv2] [D] [thread 103655] [67.0] [cxt 0] Deparsing header 'ethernet'
[09:14:49.094] [bmv2] [D] [thread 103655] [67.0] [cxt 0] Deparsing header 'ipv4'
[09:14:49.094] [bmv2] [D] [thread 103655] [67.0] [cxt 0] Deparser 'deparser': end
[09:14:49.094] [bmv2] [D] [thread 103658] [67.0] [cxt 0] Transmitting packet of size 308 out of port 1
[09:14:49.096] [bmv2] [D] [thread 103653] [68.0] [cxt 0] Processing packet received on port 1
[09:14:49.096] [bmv2] [D] [thread 103653] [68.0] [cxt 0] Parser 'parser': start
[09:14:49.096] [bmv2] [D] [thread 103653] [68.0] [cxt 0] Parser 'parser' entering state 'start'
[09:14:49.096] [bmv2] [D] [thread 103653] [68.0] [cxt 0] Extracting header 'ethernet'
[09:14:49.096] [bmv2] [D] [thread 103653] [68.0] [cxt 0] Parser state 'start': key is 0800
[09:14:49.096] [bmv2] [T] [thread 103653] [68.0] [cxt 0] Bytes parsed: 14
[09:14:49.096] [bmv2] [D] [thread 103653] [68.0] [cxt 0] Parser 'parser' entering state 'parse_ipv4'
[09:14:49.096] [bmv2] [D] [thread 103653] [68.0] [cxt 0] Extracting header 'ipv4'
[09:14:49.096] [bmv2] [D] [thread 103653] [68.0] [cxt 0] Parser state 'parse_ipv4' has no switch, going to default next state
[09:14:49.096] [bmv2] [T] [thread 103653] [68.0] [cxt 0] Bytes parsed: 34
[09:14:49.096] [bmv2] [D] [thread 103653] [68.0] [cxt 0] Parser 'parser': end
[09:14:49.096] [bmv2] [D] [thread 103653] [68.0] [cxt 0] Pipeline 'ingress': start
[09:14:49.096] [bmv2] [T] [thread 103653] [68.0] [cxt 0] switch.p4(116) Condition "hdr.ipv4.isValid()" (node_2) is true
[09:14:49.096] [bmv2] [T] [thread 103653] [68.0] [cxt 0] Applying table 'MyIngress.ipv4_lpm'
[09:14:49.096] [bmv2] [D] [thread 103653] [68.0] [cxt 0] Looking up key:
* hdr.ipv4.dstAddr    : 0a000202

[09:14:49.096] [bmv2] [D] [thread 103653] [68.0] [cxt 0] Table 'MyIngress.ipv4_lpm': hit with handle 1
[09:14:49.096] [bmv2] [D] [thread 103653] [68.0] [cxt 0] Dumping entry 1
Match key:
* hdr.ipv4.dstAddr    : LPM       0a000202/32
Action entry: MyIngress.ipv4_forward - 80000000300,2,

[09:14:49.096] [bmv2] [D] [thread 103653] [68.0] [cxt 0] Action entry is MyIngress.ipv4_forward - 80000000300,2,
[09:14:49.096] [bmv2] [T] [thread 103653] [68.0] [cxt 0] Action MyIngress.ipv4_forward
[09:14:49.096] [bmv2] [T] [thread 103653] [68.0] [cxt 0] switch.p4(96) Primitive standard_metadata.egress_spec = port
[09:14:49.096] [bmv2] [T] [thread 103653] [68.0] [cxt 0] switch.p4(97) Primitive hdr.ethernet.srcAddr = hdr.ethernet.dstAddr
[09:14:49.096] [bmv2] [T] [thread 103653] [68.0] [cxt 0] switch.p4(98) Primitive hdr.ethernet.dstAddr = dstAddr
[09:14:49.096] [bmv2] [T] [thread 103653] [68.0] [cxt 0] switch.p4(99) Primitive hdr.ipv4.ttl = hdr.ipv4.ttl - 1
[09:14:49.096] [bmv2] [D] [thread 103653] [68.0] [cxt 0] Pipeline 'ingress': end
[09:14:49.096] [bmv2] [D] [thread 103653] [68.0] [cxt 0] Egress port is 2
[09:14:49.096] [bmv2] [D] [thread 103656] [68.0] [cxt 0] Pipeline 'egress': start
[09:14:49.096] [bmv2] [D] [thread 103656] [68.0] [cxt 0] Pipeline 'egress': end
[09:14:49.096] [bmv2] [D] [thread 103656] [68.0] [cxt 0] Deparser 'deparser': start
[09:14:49.096] [bmv2] [D] [thread 103656] [68.0] [cxt 0] Updating checksum 'cksum'
[09:14:49.096] [bmv2] [D] [thread 103656] [68.0] [cxt 0] Deparsing header 'ethernet'
[09:14:49.096] [bmv2] [D] [thread 103656] [68.0] [cxt 0] Deparsing header 'ipv4'
[09:14:49.096] [bmv2] [D] [thread 103656] [68.0] [cxt 0] Deparser 'deparser': end
[09:14:49.096] [bmv2] [D] [thread 103658] [68.0] [cxt 0] Transmitting packet of size 336 out of port 2
[09:14:50.047] [bmv2] [D] [thread 103653] [69.0] [cxt 0] Processing packet received on port 1
[09:14:50.047] [bmv2] [D] [thread 103653] [69.0] [cxt 0] Parser 'parser': start
[09:14:50.047] [bmv2] [D] [thread 103653] [69.0] [cxt 0] Parser 'parser' entering state 'start'
[09:14:50.047] [bmv2] [D] [thread 103653] [69.0] [cxt 0] Extracting header 'ethernet'
[09:14:50.047] [bmv2] [D] [thread 103653] [69.0] [cxt 0] Parser state 'start': key is 0800
[09:14:50.047] [bmv2] [T] [thread 103653] [69.0] [cxt 0] Bytes parsed: 14
[09:14:50.047] [bmv2] [D] [thread 103653] [69.0] [cxt 0] Parser 'parser' entering state 'parse_ipv4'
[09:14:50.047] [bmv2] [D] [thread 103653] [69.0] [cxt 0] Extracting header 'ipv4'
[09:14:50.047] [bmv2] [D] [thread 103653] [69.0] [cxt 0] Parser state 'parse_ipv4' has no switch, going to default next state
[09:14:50.047] [bmv2] [T] [thread 103653] [69.0] [cxt 0] Bytes parsed: 34
[09:14:50.047] [bmv2] [D] [thread 103653] [69.0] [cxt 0] Parser 'parser': end
[09:14:50.047] [bmv2] [D] [thread 103653] [69.0] [cxt 0] Pipeline 'ingress': start
[09:14:50.047] [bmv2] [T] [thread 103653] [69.0] [cxt 0] switch.p4(116) Condition "hdr.ipv4.isValid()" (node_2) is true
[09:14:50.047] [bmv2] [T] [thread 103653] [69.0] [cxt 0] Applying table 'MyIngress.ipv4_lpm'
[09:14:50.047] [bmv2] [D] [thread 103653] [69.0] [cxt 0] Looking up key:
* hdr.ipv4.dstAddr    : 0a000202

[09:14:50.047] [bmv2] [D] [thread 103653] [69.0] [cxt 0] Table 'MyIngress.ipv4_lpm': hit with handle 1
[09:14:50.047] [bmv2] [D] [thread 103653] [69.0] [cxt 0] Dumping entry 1
Match key:
* hdr.ipv4.dstAddr    : LPM       0a000202/32
Action entry: MyIngress.ipv4_forward - 80000000300,2,

[09:14:50.047] [bmv2] [D] [thread 103653] [69.0] [cxt 0] Action entry is MyIngress.ipv4_forward - 80000000300,2,
[09:14:50.047] [bmv2] [T] [thread 103653] [69.0] [cxt 0] Action MyIngress.ipv4_forward
[09:14:50.047] [bmv2] [T] [thread 103653] [69.0] [cxt 0] switch.p4(96) Primitive standard_metadata.egress_spec = port
[09:14:50.047] [bmv2] [T] [thread 103653] [69.0] [cxt 0] switch.p4(97) Primitive hdr.ethernet.srcAddr = hdr.ethernet.dstAddr
[09:14:50.047] [bmv2] [T] [thread 103653] [69.0] [cxt 0] switch.p4(98) Primitive hdr.ethernet.dstAddr = dstAddr
[09:14:50.047] [bmv2] [T] [thread 103653] [69.0] [cxt 0] switch.p4(99) Primitive hdr.ipv4.ttl = hdr.ipv4.ttl - 1
[09:14:50.047] [bmv2] [D] [thread 103653] [69.0] [cxt 0] Pipeline 'ingress': end
[09:14:50.047] [bmv2] [D] [thread 103653] [69.0] [cxt 0] Egress port is 2
[09:14:50.047] [bmv2] [D] [thread 103656] [69.0] [cxt 0] Pipeline 'egress': start
[09:14:50.047] [bmv2] [D] [thread 103656] [69.0] [cxt 0] Pipeline 'egress': end
[09:14:50.047] [bmv2] [D] [thread 103656] [69.0] [cxt 0] Deparser 'deparser': start
[09:14:50.047] [bmv2] [D] [thread 103656] [69.0] [cxt 0] Updating checksum 'cksum'
[09:14:50.047] [bmv2] [D] [thread 103656] [69.0] [cxt 0] Deparsing header 'ethernet'
[09:14:50.047] [bmv2] [D] [thread 103656] [69.0] [cxt 0] Deparsing header 'ipv4'
[09:14:50.047] [bmv2] [D] [thread 103656] [69.0] [cxt 0] Deparser 'deparser': end
[09:14:50.047] [bmv2] [D] [thread 103658] [69.0] [cxt 0] Transmitting packet of size 48 out of port 2
[09:14:50.053] [bmv2] [D] [thread 103653] [70.0] [cxt 0] Processing packet received on port 2
[09:14:50.053] [bmv2] [D] [thread 103653] [70.0] [cxt 0] Parser 'parser': start
[09:14:50.053] [bmv2] [D] [thread 103653] [70.0] [cxt 0] Parser 'parser' entering state 'start'
[09:14:50.053] [bmv2] [D] [thread 103653] [70.0] [cxt 0] Extracting header 'ethernet'
[09:14:50.053] [bmv2] [D] [thread 103653] [70.0] [cxt 0] Parser state 'start': key is 0800
[09:14:50.053] [bmv2] [T] [thread 103653] [70.0] [cxt 0] Bytes parsed: 14
[09:14:50.053] [bmv2] [D] [thread 103653] [70.0] [cxt 0] Parser 'parser' entering state 'parse_ipv4'
[09:14:50.053] [bmv2] [D] [thread 103653] [70.0] [cxt 0] Extracting header 'ipv4'
[09:14:50.053] [bmv2] [D] [thread 103653] [70.0] [cxt 0] Parser state 'parse_ipv4' has no switch, going to default next state
[09:14:50.053] [bmv2] [T] [thread 103653] [70.0] [cxt 0] Bytes parsed: 34
[09:14:50.053] [bmv2] [D] [thread 103653] [70.0] [cxt 0] Parser 'parser': end
[09:14:50.053] [bmv2] [D] [thread 103653] [70.0] [cxt 0] Pipeline 'ingress': start
[09:14:50.053] [bmv2] [T] [thread 103653] [70.0] [cxt 0] switch.p4(116) Condition "hdr.ipv4.isValid()" (node_2) is true
[09:14:50.053] [bmv2] [T] [thread 103653] [70.0] [cxt 0] Applying table 'MyIngress.ipv4_lpm'
[09:14:50.053] [bmv2] [D] [thread 103653] [70.0] [cxt 0] Looking up key:
* hdr.ipv4.dstAddr    : 0a000101

[09:14:50.053] [bmv2] [D] [thread 103653] [70.0] [cxt 0] Table 'MyIngress.ipv4_lpm': hit with handle 0
[09:14:50.053] [bmv2] [D] [thread 103653] [70.0] [cxt 0] Dumping entry 0
Match key:
* hdr.ipv4.dstAddr    : LPM       0a000101/32
Action entry: MyIngress.ipv4_forward - 80000000100,1,

[09:14:50.053] [bmv2] [D] [thread 103653] [70.0] [cxt 0] Action entry is MyIngress.ipv4_forward - 80000000100,1,
[09:14:50.053] [bmv2] [T] [thread 103653] [70.0] [cxt 0] Action MyIngress.ipv4_forward
[09:14:50.053] [bmv2] [T] [thread 103653] [70.0] [cxt 0] switch.p4(96) Primitive standard_metadata.egress_spec = port
[09:14:50.053] [bmv2] [T] [thread 103653] [70.0] [cxt 0] switch.p4(97) Primitive hdr.ethernet.srcAddr = hdr.ethernet.dstAddr
[09:14:50.053] [bmv2] [T] [thread 103653] [70.0] [cxt 0] switch.p4(98) Primitive hdr.ethernet.dstAddr = dstAddr
[09:14:50.053] [bmv2] [T] [thread 103653] [70.0] [cxt 0] switch.p4(99) Primitive hdr.ipv4.ttl = hdr.ipv4.ttl - 1
[09:14:50.053] [bmv2] [D] [thread 103653] [70.0] [cxt 0] Pipeline 'ingress': end
[09:14:50.053] [bmv2] [D] [thread 103653] [70.0] [cxt 0] Egress port is 1
[09:14:50.053] [bmv2] [D] [thread 103655] [70.0] [cxt 0] Pipeline 'egress': start
[09:14:50.053] [bmv2] [D] [thread 103655] [70.0] [cxt 0] Pipeline 'egress': end
[09:14:50.053] [bmv2] [D] [thread 103655] [70.0] [cxt 0] Deparser 'deparser': start
[09:14:50.053] [bmv2] [D] [thread 103655] [70.0] [cxt 0] Updating checksum 'cksum'
[09:14:50.053] [bmv2] [D] [thread 103655] [70.0] [cxt 0] Deparsing header 'ethernet'
[09:14:50.053] [bmv2] [D] [thread 103655] [70.0] [cxt 0] Deparsing header 'ipv4'
[09:14:50.053] [bmv2] [D] [thread 103655] [70.0] [cxt 0] Deparser 'deparser': end
[09:14:50.053] [bmv2] [D] [thread 103658] [70.0] [cxt 0] Transmitting packet of size 76 out of port 1
[09:14:50.092] [bmv2] [D] [thread 103653] [71.0] [cxt 0] Processing packet received on port 2
[09:14:50.092] [bmv2] [D] [thread 103653] [71.0] [cxt 0] Parser 'parser': start
[09:14:50.092] [bmv2] [D] [thread 103653] [71.0] [cxt 0] Parser 'parser' entering state 'start'
[09:14:50.092] [bmv2] [D] [thread 103653] [71.0] [cxt 0] Extracting header 'ethernet'
[09:14:50.092] [bmv2] [D] [thread 103653] [71.0] [cxt 0] Parser state 'start': key is 0800
[09:14:50.092] [bmv2] [T] [thread 103653] [71.0] [cxt 0] Bytes parsed: 14
[09:14:50.092] [bmv2] [D] [thread 103653] [71.0] [cxt 0] Parser 'parser' entering state 'parse_ipv4'
[09:14:50.092] [bmv2] [D] [thread 103653] [71.0] [cxt 0] Extracting header 'ipv4'
[09:14:50.092] [bmv2] [D] [thread 103653] [71.0] [cxt 0] Parser state 'parse_ipv4' has no switch, going to default next state
[09:14:50.092] [bmv2] [T] [thread 103653] [71.0] [cxt 0] Bytes parsed: 34
[09:14:50.092] [bmv2] [D] [thread 103653] [71.0] [cxt 0] Parser 'parser': end
[09:14:50.092] [bmv2] [D] [thread 103653] [71.0] [cxt 0] Pipeline 'ingress': start
[09:14:50.092] [bmv2] [T] [thread 103653] [71.0] [cxt 0] switch.p4(116) Condition "hdr.ipv4.isValid()" (node_2) is true
[09:14:50.092] [bmv2] [T] [thread 103653] [71.0] [cxt 0] Applying table 'MyIngress.ipv4_lpm'
[09:14:50.092] [bmv2] [D] [thread 103653] [71.0] [cxt 0] Looking up key:
* hdr.ipv4.dstAddr    : 0a000101

[09:14:50.092] [bmv2] [D] [thread 103653] [71.0] [cxt 0] Table 'MyIngress.ipv4_lpm': hit with handle 0
[09:14:50.092] [bmv2] [D] [thread 103653] [71.0] [cxt 0] Dumping entry 0
Match key:
* hdr.ipv4.dstAddr    : LPM       0a000101/32
Action entry: MyIngress.ipv4_forward - 80000000100,1,

[09:14:50.092] [bmv2] [D] [thread 103653] [71.0] [cxt 0] Action entry is MyIngress.ipv4_forward - 80000000100,1,
[09:14:50.092] [bmv2] [T] [thread 103653] [71.0] [cxt 0] Action MyIngress.ipv4_forward
[09:14:50.092] [bmv2] [T] [thread 103653] [71.0] [cxt 0] switch.p4(96) Primitive standard_metadata.egress_spec = port
[09:14:50.092] [bmv2] [T] [thread 103653] [71.0] [cxt 0] switch.p4(97) Primitive hdr.ethernet.srcAddr = hdr.ethernet.dstAddr
[09:14:50.092] [bmv2] [T] [thread 103653] [71.0] [cxt 0] switch.p4(98) Primitive hdr.ethernet.dstAddr = dstAddr
[09:14:50.092] [bmv2] [T] [thread 103653] [71.0] [cxt 0] switch.p4(99) Primitive hdr.ipv4.ttl = hdr.ipv4.ttl - 1
[09:14:50.092] [bmv2] [D] [thread 103653] [71.0] [cxt 0] Pipeline 'ingress': end
[09:14:50.092] [bmv2] [D] [thread 103653] [71.0] [cxt 0] Egress port is 1
[09:14:50.092] [bmv2] [D] [thread 103655] [71.0] [cxt 0] Pipeline 'egress': start
[09:14:50.095] [bmv2] [D] [thread 103655] [71.0] [cxt 0] Pipeline 'egress': end
[09:14:50.095] [bmv2] [D] [thread 103655] [71.0] [cxt 0] Deparser 'deparser': start
[09:14:50.095] [bmv2] [D] [thread 103655] [71.0] [cxt 0] Updating checksum 'cksum'
[09:14:50.095] [bmv2] [D] [thread 103655] [71.0] [cxt 0] Deparsing header 'ethernet'
[09:14:50.095] [bmv2] [D] [thread 103655] [71.0] [cxt 0] Deparsing header 'ipv4'
[09:14:50.095] [bmv2] [D] [thread 103655] [71.0] [cxt 0] Deparser 'deparser': end
[09:14:50.095] [bmv2] [D] [thread 103658] [71.0] [cxt 0] Transmitting packet of size 308 out of port 1
[09:14:50.099] [bmv2] [D] [thread 103653] [72.0] [cxt 0] Processing packet received on port 1
[09:14:50.099] [bmv2] [D] [thread 103653] [72.0] [cxt 0] Parser 'parser': start
[09:14:50.099] [bmv2] [D] [thread 103653] [72.0] [cxt 0] Parser 'parser' entering state 'start'
[09:14:50.099] [bmv2] [D] [thread 103653] [72.0] [cxt 0] Extracting header 'ethernet'
[09:14:50.100] [bmv2] [D] [thread 103653] [72.0] [cxt 0] Parser state 'start': key is 0800
[09:14:50.100] [bmv2] [T] [thread 103653] [72.0] [cxt 0] Bytes parsed: 14
[09:14:50.100] [bmv2] [D] [thread 103653] [72.0] [cxt 0] Parser 'parser' entering state 'parse_ipv4'
[09:14:50.100] [bmv2] [D] [thread 103653] [72.0] [cxt 0] Extracting header 'ipv4'
[09:14:50.100] [bmv2] [D] [thread 103653] [72.0] [cxt 0] Parser state 'parse_ipv4' has no switch, going to default next state
[09:14:50.100] [bmv2] [T] [thread 103653] [72.0] [cxt 0] Bytes parsed: 34
[09:14:50.100] [bmv2] [D] [thread 103653] [72.0] [cxt 0] Parser 'parser': end
[09:14:50.100] [bmv2] [D] [thread 103653] [72.0] [cxt 0] Pipeline 'ingress': start
[09:14:50.100] [bmv2] [T] [thread 103653] [72.0] [cxt 0] switch.p4(116) Condition "hdr.ipv4.isValid()" (node_2) is true
[09:14:50.100] [bmv2] [T] [thread 103653] [72.0] [cxt 0] Applying table 'MyIngress.ipv4_lpm'
[09:14:50.100] [bmv2] [D] [thread 103653] [72.0] [cxt 0] Looking up key:
* hdr.ipv4.dstAddr    : 0a000202

[09:14:50.100] [bmv2] [D] [thread 103653] [72.0] [cxt 0] Table 'MyIngress.ipv4_lpm': hit with handle 1
[09:14:50.100] [bmv2] [D] [thread 103653] [72.0] [cxt 0] Dumping entry 1
Match key:
* hdr.ipv4.dstAddr    : LPM       0a000202/32
Action entry: MyIngress.ipv4_forward - 80000000300,2,

[09:14:50.100] [bmv2] [D] [thread 103653] [72.0] [cxt 0] Action entry is MyIngress.ipv4_forward - 80000000300,2,
[09:14:50.100] [bmv2] [T] [thread 103653] [72.0] [cxt 0] Action MyIngress.ipv4_forward
[09:14:50.100] [bmv2] [T] [thread 103653] [72.0] [cxt 0] switch.p4(96) Primitive standard_metadata.egress_spec = port
[09:14:50.100] [bmv2] [T] [thread 103653] [72.0] [cxt 0] switch.p4(97) Primitive hdr.ethernet.srcAddr = hdr.ethernet.dstAddr
[09:14:50.100] [bmv2] [T] [thread 103653] [72.0] [cxt 0] switch.p4(98) Primitive hdr.ethernet.dstAddr = dstAddr
[09:14:50.100] [bmv2] [T] [thread 103653] [72.0] [cxt 0] switch.p4(99) Primitive hdr.ipv4.ttl = hdr.ipv4.ttl - 1
[09:14:50.100] [bmv2] [D] [thread 103653] [72.0] [cxt 0] Pipeline 'ingress': end
[09:14:50.100] [bmv2] [D] [thread 103653] [72.0] [cxt 0] Egress port is 2
[09:14:50.100] [bmv2] [D] [thread 103656] [72.0] [cxt 0] Pipeline 'egress': start
[09:14:50.100] [bmv2] [D] [thread 103656] [72.0] [cxt 0] Pipeline 'egress': end
[09:14:50.100] [bmv2] [D] [thread 103656] [72.0] [cxt 0] Deparser 'deparser': start
[09:14:50.100] [bmv2] [D] [thread 103656] [72.0] [cxt 0] Updating checksum 'cksum'
[09:14:50.100] [bmv2] [D] [thread 103656] [72.0] [cxt 0] Deparsing header 'ethernet'
[09:14:50.100] [bmv2] [D] [thread 103656] [72.0] [cxt 0] Deparsing header 'ipv4'
[09:14:50.100] [bmv2] [D] [thread 103656] [72.0] [cxt 0] Deparser 'deparser': end
[09:14:50.100] [bmv2] [D] [thread 103658] [72.0] [cxt 0] Transmitting packet of size 336 out of port 2
[09:14:50.810] [bmv2] [D] [thread 103653] [73.0] [cxt 0] Processing packet received on port 2
[09:14:50.810] [bmv2] [D] [thread 103653] [73.0] [cxt 0] Parser 'parser': start
[09:14:50.810] [bmv2] [D] [thread 103653] [73.0] [cxt 0] Parser 'parser' entering state 'start'
[09:14:50.810] [bmv2] [D] [thread 103653] [73.0] [cxt 0] Extracting header 'ethernet'
[09:14:50.810] [bmv2] [D] [thread 103653] [73.0] [cxt 0] Parser state 'start': key is 86dd
[09:14:50.810] [bmv2] [T] [thread 103653] [73.0] [cxt 0] Bytes parsed: 14
[09:14:50.810] [bmv2] [D] [thread 103653] [73.0] [cxt 0] Parser 'parser': end
[09:14:50.811] [bmv2] [D] [thread 103653] [73.0] [cxt 0] Pipeline 'ingress': start
[09:14:50.811] [bmv2] [T] [thread 103653] [73.0] [cxt 0] switch.p4(116) Condition "hdr.ipv4.isValid()" (node_2) is false
[09:14:50.811] [bmv2] [D] [thread 103653] [73.0] [cxt 0] Pipeline 'ingress': end
[09:14:50.811] [bmv2] [D] [thread 103653] [73.0] [cxt 0] Egress port is 0
[09:14:50.811] [bmv2] [D] [thread 103654] [73.0] [cxt 0] Pipeline 'egress': start
[09:14:50.811] [bmv2] [D] [thread 103654] [73.0] [cxt 0] Pipeline 'egress': end
[09:14:50.811] [bmv2] [D] [thread 103654] [73.0] [cxt 0] Deparser 'deparser': start
[09:14:50.811] [bmv2] [T] [thread 103654] [73.0] [cxt 0] Skipping checksum 'cksum' update because condition not met
[09:14:50.811] [bmv2] [D] [thread 103654] [73.0] [cxt 0] Deparsing header 'ethernet'
[09:14:50.811] [bmv2] [D] [thread 103654] [73.0] [cxt 0] Deparser 'deparser': end
[09:14:50.811] [bmv2] [D] [thread 103658] [73.0] [cxt 0] Transmitting packet of size 203 out of port 0
[09:14:51.162] [bmv2] [D] [thread 103653] [74.0] [cxt 0] Processing packet received on port 1
[09:14:51.162] [bmv2] [D] [thread 103653] [74.0] [cxt 0] Parser 'parser': start
[09:14:51.162] [bmv2] [D] [thread 103653] [74.0] [cxt 0] Parser 'parser' entering state 'start'
[09:14:51.162] [bmv2] [D] [thread 103653] [74.0] [cxt 0] Extracting header 'ethernet'
[09:14:51.162] [bmv2] [D] [thread 103653] [74.0] [cxt 0] Parser state 'start': key is 86dd
[09:14:51.162] [bmv2] [T] [thread 103653] [74.0] [cxt 0] Bytes parsed: 14
[09:14:51.162] [bmv2] [D] [thread 103653] [74.0] [cxt 0] Parser 'parser': end
[09:14:51.166] [bmv2] [D] [thread 103653] [74.0] [cxt 0] Pipeline 'ingress': start
[09:14:51.166] [bmv2] [T] [thread 103653] [74.0] [cxt 0] switch.p4(116) Condition "hdr.ipv4.isValid()" (node_2) is false
[09:14:51.166] [bmv2] [D] [thread 103653] [74.0] [cxt 0] Pipeline 'ingress': end
[09:14:51.166] [bmv2] [D] [thread 103653] [74.0] [cxt 0] Egress port is 0
[09:14:51.166] [bmv2] [D] [thread 103654] [74.0] [cxt 0] Pipeline 'egress': start
[09:14:51.166] [bmv2] [D] [thread 103654] [74.0] [cxt 0] Pipeline 'egress': end
[09:14:51.166] [bmv2] [D] [thread 103654] [74.0] [cxt 0] Deparser 'deparser': start
[09:14:51.166] [bmv2] [T] [thread 103654] [74.0] [cxt 0] Skipping checksum 'cksum' update because condition not met
[09:14:51.166] [bmv2] [D] [thread 103654] [74.0] [cxt 0] Deparsing header 'ethernet'
[09:14:51.168] [bmv2] [D] [thread 103654] [74.0] [cxt 0] Deparser 'deparser': end
[09:14:51.168] [bmv2] [D] [thread 103658] [74.0] [cxt 0] Transmitting packet of size 203 out of port 0
[09:14:51.520] [bmv2] [D] [thread 103653] [75.0] [cxt 0] Processing packet received on port 2
[09:14:51.520] [bmv2] [D] [thread 103653] [75.0] [cxt 0] Parser 'parser': start
[09:14:51.520] [bmv2] [D] [thread 103653] [75.0] [cxt 0] Parser 'parser' entering state 'start'
[09:14:51.520] [bmv2] [D] [thread 103653] [75.0] [cxt 0] Extracting header 'ethernet'
[09:14:51.520] [bmv2] [D] [thread 103653] [75.0] [cxt 0] Parser state 'start': key is 86dd
[09:14:51.520] [bmv2] [T] [thread 103653] [75.0] [cxt 0] Bytes parsed: 14
[09:14:51.520] [bmv2] [D] [thread 103653] [75.0] [cxt 0] Parser 'parser': end
[09:14:51.520] [bmv2] [D] [thread 103653] [75.0] [cxt 0] Pipeline 'ingress': start
[09:14:51.520] [bmv2] [T] [thread 103653] [75.0] [cxt 0] switch.p4(116) Condition "hdr.ipv4.isValid()" (node_2) is false
[09:14:51.520] [bmv2] [D] [thread 103653] [75.0] [cxt 0] Pipeline 'ingress': end
[09:14:51.520] [bmv2] [D] [thread 103653] [75.0] [cxt 0] Egress port is 0
[09:14:51.526] [bmv2] [D] [thread 103654] [75.0] [cxt 0] Pipeline 'egress': start
[09:14:51.526] [bmv2] [D] [thread 103654] [75.0] [cxt 0] Pipeline 'egress': end
[09:14:51.526] [bmv2] [D] [thread 103654] [75.0] [cxt 0] Deparser 'deparser': start
[09:14:51.526] [bmv2] [T] [thread 103654] [75.0] [cxt 0] Skipping checksum 'cksum' update because condition not met
[09:14:51.526] [bmv2] [D] [thread 103654] [75.0] [cxt 0] Deparsing header 'ethernet'
[09:14:51.526] [bmv2] [D] [thread 103654] [75.0] [cxt 0] Deparser 'deparser': end
[09:14:51.526] [bmv2] [D] [thread 103658] [75.0] [cxt 0] Transmitting packet of size 203 out of port 0
[09:14:51.761] [bmv2] [D] [thread 103653] [76.0] [cxt 0] Processing packet received on port 1
[09:14:51.761] [bmv2] [D] [thread 103653] [76.0] [cxt 0] Parser 'parser': start
[09:14:51.761] [bmv2] [D] [thread 103653] [76.0] [cxt 0] Parser 'parser' entering state 'start'
[09:14:51.761] [bmv2] [D] [thread 103653] [76.0] [cxt 0] Extracting header 'ethernet'
[09:14:51.761] [bmv2] [D] [thread 103653] [76.0] [cxt 0] Parser state 'start': key is 0800
[09:14:51.761] [bmv2] [T] [thread 103653] [76.0] [cxt 0] Bytes parsed: 14
[09:14:51.761] [bmv2] [D] [thread 103653] [76.0] [cxt 0] Parser 'parser' entering state 'parse_ipv4'
[09:14:51.761] [bmv2] [D] [thread 103653] [76.0] [cxt 0] Extracting header 'ipv4'
[09:14:51.761] [bmv2] [D] [thread 103653] [76.0] [cxt 0] Parser state 'parse_ipv4' has no switch, going to default next state
[09:14:51.761] [bmv2] [T] [thread 103653] [76.0] [cxt 0] Bytes parsed: 34
[09:14:51.761] [bmv2] [D] [thread 103653] [76.0] [cxt 0] Parser 'parser': end
[09:14:51.761] [bmv2] [D] [thread 103653] [76.0] [cxt 0] Pipeline 'ingress': start
[09:14:51.761] [bmv2] [T] [thread 103653] [76.0] [cxt 0] switch.p4(116) Condition "hdr.ipv4.isValid()" (node_2) is true
[09:14:51.761] [bmv2] [T] [thread 103653] [76.0] [cxt 0] Applying table 'MyIngress.ipv4_lpm'
[09:14:51.761] [bmv2] [D] [thread 103653] [76.0] [cxt 0] Looking up key:
* hdr.ipv4.dstAddr    : 0a000202

[09:14:51.761] [bmv2] [D] [thread 103653] [76.0] [cxt 0] Table 'MyIngress.ipv4_lpm': hit with handle 1
[09:14:51.761] [bmv2] [D] [thread 103653] [76.0] [cxt 0] Dumping entry 1
Match key:
* hdr.ipv4.dstAddr    : LPM       0a000202/32
Action entry: MyIngress.ipv4_forward - 80000000300,2,

[09:14:51.761] [bmv2] [D] [thread 103653] [76.0] [cxt 0] Action entry is MyIngress.ipv4_forward - 80000000300,2,
[09:14:51.761] [bmv2] [T] [thread 103653] [76.0] [cxt 0] Action MyIngress.ipv4_forward
[09:14:51.761] [bmv2] [T] [thread 103653] [76.0] [cxt 0] switch.p4(96) Primitive standard_metadata.egress_spec = port
[09:14:51.761] [bmv2] [T] [thread 103653] [76.0] [cxt 0] switch.p4(97) Primitive hdr.ethernet.srcAddr = hdr.ethernet.dstAddr
[09:14:51.761] [bmv2] [T] [thread 103653] [76.0] [cxt 0] switch.p4(98) Primitive hdr.ethernet.dstAddr = dstAddr
[09:14:51.761] [bmv2] [T] [thread 103653] [76.0] [cxt 0] switch.p4(99) Primitive hdr.ipv4.ttl = hdr.ipv4.ttl - 1
[09:14:51.761] [bmv2] [D] [thread 103653] [76.0] [cxt 0] Pipeline 'ingress': end
[09:14:51.761] [bmv2] [D] [thread 103653] [76.0] [cxt 0] Egress port is 2
[09:14:51.761] [bmv2] [D] [thread 103656] [76.0] [cxt 0] Pipeline 'egress': start
[09:14:51.761] [bmv2] [D] [thread 103656] [76.0] [cxt 0] Pipeline 'egress': end
[09:14:51.761] [bmv2] [D] [thread 103656] [76.0] [cxt 0] Deparser 'deparser': start
[09:14:51.761] [bmv2] [D] [thread 103656] [76.0] [cxt 0] Updating checksum 'cksum'
[09:14:51.761] [bmv2] [D] [thread 103656] [76.0] [cxt 0] Deparsing header 'ethernet'
[09:14:51.761] [bmv2] [D] [thread 103656] [76.0] [cxt 0] Deparsing header 'ipv4'
[09:14:51.761] [bmv2] [D] [thread 103656] [76.0] [cxt 0] Deparser 'deparser': end
[09:14:51.761] [bmv2] [D] [thread 103658] [76.0] [cxt 0] Transmitting packet of size 48 out of port 2
[09:14:51.761] [bmv2] [D] [thread 103653] [77.0] [cxt 0] Processing packet received on port 2
[09:14:51.761] [bmv2] [D] [thread 103653] [77.0] [cxt 0] Parser 'parser': start
[09:14:51.761] [bmv2] [D] [thread 103653] [77.0] [cxt 0] Parser 'parser' entering state 'start'
[09:14:51.761] [bmv2] [D] [thread 103653] [77.0] [cxt 0] Extracting header 'ethernet'
[09:14:51.761] [bmv2] [D] [thread 103653] [77.0] [cxt 0] Parser state 'start': key is 0800
[09:14:51.761] [bmv2] [T] [thread 103653] [77.0] [cxt 0] Bytes parsed: 14
[09:14:51.761] [bmv2] [D] [thread 103653] [77.0] [cxt 0] Parser 'parser' entering state 'parse_ipv4'
[09:14:51.761] [bmv2] [D] [thread 103653] [77.0] [cxt 0] Extracting header 'ipv4'
[09:14:51.767] [bmv2] [D] [thread 103653] [77.0] [cxt 0] Parser state 'parse_ipv4' has no switch, going to default next state
[09:14:51.767] [bmv2] [T] [thread 103653] [77.0] [cxt 0] Bytes parsed: 34
[09:14:51.767] [bmv2] [D] [thread 103653] [77.0] [cxt 0] Parser 'parser': end
[09:14:51.767] [bmv2] [D] [thread 103653] [77.0] [cxt 0] Pipeline 'ingress': start
[09:14:51.767] [bmv2] [T] [thread 103653] [77.0] [cxt 0] switch.p4(116) Condition "hdr.ipv4.isValid()" (node_2) is true
[09:14:51.767] [bmv2] [T] [thread 103653] [77.0] [cxt 0] Applying table 'MyIngress.ipv4_lpm'
[09:14:51.767] [bmv2] [D] [thread 103653] [77.0] [cxt 0] Looking up key:
* hdr.ipv4.dstAddr    : 0a000101

[09:14:51.767] [bmv2] [D] [thread 103653] [77.0] [cxt 0] Table 'MyIngress.ipv4_lpm': hit with handle 0
[09:14:51.767] [bmv2] [D] [thread 103653] [77.0] [cxt 0] Dumping entry 0
Match key:
* hdr.ipv4.dstAddr    : LPM       0a000101/32
Action entry: MyIngress.ipv4_forward - 80000000100,1,

[09:14:51.767] [bmv2] [D] [thread 103653] [77.0] [cxt 0] Action entry is MyIngress.ipv4_forward - 80000000100,1,
[09:14:51.767] [bmv2] [T] [thread 103653] [77.0] [cxt 0] Action MyIngress.ipv4_forward
[09:14:51.767] [bmv2] [T] [thread 103653] [77.0] [cxt 0] switch.p4(96) Primitive standard_metadata.egress_spec = port
[09:14:51.767] [bmv2] [T] [thread 103653] [77.0] [cxt 0] switch.p4(97) Primitive hdr.ethernet.srcAddr = hdr.ethernet.dstAddr
[09:14:51.767] [bmv2] [T] [thread 103653] [77.0] [cxt 0] switch.p4(98) Primitive hdr.ethernet.dstAddr = dstAddr
[09:14:51.767] [bmv2] [T] [thread 103653] [77.0] [cxt 0] switch.p4(99) Primitive hdr.ipv4.ttl = hdr.ipv4.ttl - 1
[09:14:51.767] [bmv2] [D] [thread 103653] [77.0] [cxt 0] Pipeline 'ingress': end
[09:14:51.767] [bmv2] [D] [thread 103653] [77.0] [cxt 0] Egress port is 1
[09:14:51.767] [bmv2] [D] [thread 103655] [77.0] [cxt 0] Pipeline 'egress': start
[09:14:51.767] [bmv2] [D] [thread 103655] [77.0] [cxt 0] Pipeline 'egress': end
[09:14:51.767] [bmv2] [D] [thread 103655] [77.0] [cxt 0] Deparser 'deparser': start
[09:14:51.767] [bmv2] [D] [thread 103655] [77.0] [cxt 0] Updating checksum 'cksum'
[09:14:51.767] [bmv2] [D] [thread 103655] [77.0] [cxt 0] Deparsing header 'ethernet'
[09:14:51.767] [bmv2] [D] [thread 103655] [77.0] [cxt 0] Deparsing header 'ipv4'
[09:14:51.767] [bmv2] [D] [thread 103655] [77.0] [cxt 0] Deparser 'deparser': end
[09:14:51.767] [bmv2] [D] [thread 103658] [77.0] [cxt 0] Transmitting packet of size 76 out of port 1
[09:14:51.824] [bmv2] [D] [thread 103653] [78.0] [cxt 0] Processing packet received on port 2
[09:14:51.824] [bmv2] [D] [thread 103653] [78.0] [cxt 0] Parser 'parser': start
[09:14:51.824] [bmv2] [D] [thread 103653] [78.0] [cxt 0] Parser 'parser' entering state 'start'
[09:14:51.824] [bmv2] [D] [thread 103653] [78.0] [cxt 0] Extracting header 'ethernet'
[09:14:51.824] [bmv2] [D] [thread 103653] [78.0] [cxt 0] Parser state 'start': key is 0800
[09:14:51.824] [bmv2] [T] [thread 103653] [78.0] [cxt 0] Bytes parsed: 14
[09:14:51.824] [bmv2] [D] [thread 103653] [78.0] [cxt 0] Parser 'parser' entering state 'parse_ipv4'
[09:14:51.824] [bmv2] [D] [thread 103653] [78.0] [cxt 0] Extracting header 'ipv4'
[09:14:51.825] [bmv2] [D] [thread 103653] [78.0] [cxt 0] Parser state 'parse_ipv4' has no switch, going to default next state
[09:14:51.825] [bmv2] [T] [thread 103653] [78.0] [cxt 0] Bytes parsed: 34
[09:14:51.825] [bmv2] [D] [thread 103653] [78.0] [cxt 0] Parser 'parser': end
[09:14:51.825] [bmv2] [D] [thread 103653] [78.0] [cxt 0] Pipeline 'ingress': start
[09:14:51.825] [bmv2] [T] [thread 103653] [78.0] [cxt 0] switch.p4(116) Condition "hdr.ipv4.isValid()" (node_2) is true
[09:14:51.825] [bmv2] [T] [thread 103653] [78.0] [cxt 0] Applying table 'MyIngress.ipv4_lpm'
[09:14:51.825] [bmv2] [D] [thread 103653] [78.0] [cxt 0] Looking up key:
* hdr.ipv4.dstAddr    : 0a000101

[09:14:51.825] [bmv2] [D] [thread 103653] [78.0] [cxt 0] Table 'MyIngress.ipv4_lpm': hit with handle 0
[09:14:51.825] [bmv2] [D] [thread 103653] [78.0] [cxt 0] Dumping entry 0
Match key:
* hdr.ipv4.dstAddr    : LPM       0a000101/32
Action entry: MyIngress.ipv4_forward - 80000000100,1,

[09:14:51.825] [bmv2] [D] [thread 103653] [78.0] [cxt 0] Action entry is MyIngress.ipv4_forward - 80000000100,1,
[09:14:51.825] [bmv2] [T] [thread 103653] [78.0] [cxt 0] Action MyIngress.ipv4_forward
[09:14:51.825] [bmv2] [T] [thread 103653] [78.0] [cxt 0] switch.p4(96) Primitive standard_metadata.egress_spec = port
[09:14:51.825] [bmv2] [T] [thread 103653] [78.0] [cxt 0] switch.p4(97) Primitive hdr.ethernet.srcAddr = hdr.ethernet.dstAddr
[09:14:51.825] [bmv2] [T] [thread 103653] [78.0] [cxt 0] switch.p4(98) Primitive hdr.ethernet.dstAddr = dstAddr
[09:14:51.825] [bmv2] [T] [thread 103653] [78.0] [cxt 0] switch.p4(99) Primitive hdr.ipv4.ttl = hdr.ipv4.ttl - 1
[09:14:51.825] [bmv2] [D] [thread 103653] [78.0] [cxt 0] Pipeline 'ingress': end
[09:14:51.825] [bmv2] [D] [thread 103653] [78.0] [cxt 0] Egress port is 1
[09:14:51.825] [bmv2] [D] [thread 103655] [78.0] [cxt 0] Pipeline 'egress': start
[09:14:51.825] [bmv2] [D] [thread 103655] [78.0] [cxt 0] Pipeline 'egress': end
[09:14:51.825] [bmv2] [D] [thread 103655] [78.0] [cxt 0] Deparser 'deparser': start
[09:14:51.825] [bmv2] [D] [thread 103655] [78.0] [cxt 0] Updating checksum 'cksum'
[09:14:51.825] [bmv2] [D] [thread 103655] [78.0] [cxt 0] Deparsing header 'ethernet'
[09:14:51.825] [bmv2] [D] [thread 103655] [78.0] [cxt 0] Deparsing header 'ipv4'
[09:14:51.825] [bmv2] [D] [thread 103655] [78.0] [cxt 0] Deparser 'deparser': end
[09:14:51.825] [bmv2] [D] [thread 103658] [78.0] [cxt 0] Transmitting packet of size 308 out of port 1
[09:14:51.828] [bmv2] [D] [thread 103653] [79.0] [cxt 0] Processing packet received on port 1
[09:14:51.828] [bmv2] [D] [thread 103653] [79.0] [cxt 0] Parser 'parser': start
[09:14:51.828] [bmv2] [D] [thread 103653] [79.0] [cxt 0] Parser 'parser' entering state 'start'
[09:14:51.828] [bmv2] [D] [thread 103653] [79.0] [cxt 0] Extracting header 'ethernet'
[09:14:51.828] [bmv2] [D] [thread 103653] [79.0] [cxt 0] Parser state 'start': key is 0800
[09:14:51.828] [bmv2] [T] [thread 103653] [79.0] [cxt 0] Bytes parsed: 14
[09:14:51.828] [bmv2] [D] [thread 103653] [79.0] [cxt 0] Parser 'parser' entering state 'parse_ipv4'
[09:14:51.828] [bmv2] [D] [thread 103653] [79.0] [cxt 0] Extracting header 'ipv4'
[09:14:51.828] [bmv2] [D] [thread 103653] [79.0] [cxt 0] Parser state 'parse_ipv4' has no switch, going to default next state
[09:14:51.828] [bmv2] [T] [thread 103653] [79.0] [cxt 0] Bytes parsed: 34
[09:14:51.828] [bmv2] [D] [thread 103653] [79.0] [cxt 0] Parser 'parser': end
[09:14:51.829] [bmv2] [D] [thread 103653] [79.0] [cxt 0] Pipeline 'ingress': start
[09:14:51.829] [bmv2] [T] [thread 103653] [79.0] [cxt 0] switch.p4(116) Condition "hdr.ipv4.isValid()" (node_2) is true
[09:14:51.829] [bmv2] [T] [thread 103653] [79.0] [cxt 0] Applying table 'MyIngress.ipv4_lpm'
[09:14:51.829] [bmv2] [D] [thread 103653] [79.0] [cxt 0] Looking up key:
* hdr.ipv4.dstAddr    : 0a000202

[09:14:51.829] [bmv2] [D] [thread 103653] [79.0] [cxt 0] Table 'MyIngress.ipv4_lpm': hit with handle 1
[09:14:51.829] [bmv2] [D] [thread 103653] [79.0] [cxt 0] Dumping entry 1
Match key:
* hdr.ipv4.dstAddr    : LPM       0a000202/32
Action entry: MyIngress.ipv4_forward - 80000000300,2,

[09:14:51.829] [bmv2] [D] [thread 103653] [79.0] [cxt 0] Action entry is MyIngress.ipv4_forward - 80000000300,2,
[09:14:51.829] [bmv2] [T] [thread 103653] [79.0] [cxt 0] Action MyIngress.ipv4_forward
[09:14:51.829] [bmv2] [T] [thread 103653] [79.0] [cxt 0] switch.p4(96) Primitive standard_metadata.egress_spec = port
[09:14:51.829] [bmv2] [T] [thread 103653] [79.0] [cxt 0] switch.p4(97) Primitive hdr.ethernet.srcAddr = hdr.ethernet.dstAddr
[09:14:51.829] [bmv2] [T] [thread 103653] [79.0] [cxt 0] switch.p4(98) Primitive hdr.ethernet.dstAddr = dstAddr
[09:14:51.829] [bmv2] [T] [thread 103653] [79.0] [cxt 0] switch.p4(99) Primitive hdr.ipv4.ttl = hdr.ipv4.ttl - 1
[09:14:51.829] [bmv2] [D] [thread 103653] [79.0] [cxt 0] Pipeline 'ingress': end
[09:14:51.829] [bmv2] [D] [thread 103653] [79.0] [cxt 0] Egress port is 2
[09:14:51.829] [bmv2] [D] [thread 103656] [79.0] [cxt 0] Pipeline 'egress': start
[09:14:51.829] [bmv2] [D] [thread 103656] [79.0] [cxt 0] Pipeline 'egress': end
[09:14:51.829] [bmv2] [D] [thread 103656] [79.0] [cxt 0] Deparser 'deparser': start
[09:14:51.829] [bmv2] [D] [thread 103656] [79.0] [cxt 0] Updating checksum 'cksum'
[09:14:51.829] [bmv2] [D] [thread 103656] [79.0] [cxt 0] Deparsing header 'ethernet'
[09:14:51.829] [bmv2] [D] [thread 103656] [79.0] [cxt 0] Deparsing header 'ipv4'
[09:14:51.829] [bmv2] [D] [thread 103656] [79.0] [cxt 0] Deparser 'deparser': end
[09:14:51.829] [bmv2] [D] [thread 103658] [79.0] [cxt 0] Transmitting packet of size 336 out of port 2
[09:14:52.687] [bmv2] [D] [thread 103653] [80.0] [cxt 0] Processing packet received on port 1
[09:14:52.687] [bmv2] [D] [thread 103653] [80.0] [cxt 0] Parser 'parser': start
[09:14:52.688] [bmv2] [D] [thread 103653] [80.0] [cxt 0] Parser 'parser' entering state 'start'
[09:14:52.688] [bmv2] [D] [thread 103653] [80.0] [cxt 0] Extracting header 'ethernet'
[09:14:52.688] [bmv2] [D] [thread 103653] [80.0] [cxt 0] Parser state 'start': key is 0800
[09:14:52.688] [bmv2] [T] [thread 103653] [80.0] [cxt 0] Bytes parsed: 14
[09:14:52.688] [bmv2] [D] [thread 103653] [80.0] [cxt 0] Parser 'parser' entering state 'parse_ipv4'
[09:14:52.688] [bmv2] [D] [thread 103653] [80.0] [cxt 0] Extracting header 'ipv4'
[09:14:52.688] [bmv2] [D] [thread 103653] [80.0] [cxt 0] Parser state 'parse_ipv4' has no switch, going to default next state
[09:14:52.688] [bmv2] [T] [thread 103653] [80.0] [cxt 0] Bytes parsed: 34
[09:14:52.688] [bmv2] [D] [thread 103653] [80.0] [cxt 0] Parser 'parser': end
[09:14:52.688] [bmv2] [D] [thread 103653] [80.0] [cxt 0] Pipeline 'ingress': start
[09:14:52.688] [bmv2] [T] [thread 103653] [80.0] [cxt 0] switch.p4(116) Condition "hdr.ipv4.isValid()" (node_2) is true
[09:14:52.688] [bmv2] [T] [thread 103653] [80.0] [cxt 0] Applying table 'MyIngress.ipv4_lpm'
[09:14:52.688] [bmv2] [D] [thread 103653] [80.0] [cxt 0] Looking up key:
* hdr.ipv4.dstAddr    : 0a000202

[09:14:52.688] [bmv2] [D] [thread 103653] [80.0] [cxt 0] Table 'MyIngress.ipv4_lpm': hit with handle 1
[09:14:52.688] [bmv2] [D] [thread 103653] [80.0] [cxt 0] Dumping entry 1
Match key:
* hdr.ipv4.dstAddr    : LPM       0a000202/32
Action entry: MyIngress.ipv4_forward - 80000000300,2,

[09:14:52.688] [bmv2] [D] [thread 103653] [80.0] [cxt 0] Action entry is MyIngress.ipv4_forward - 80000000300,2,
[09:14:52.688] [bmv2] [T] [thread 103653] [80.0] [cxt 0] Action MyIngress.ipv4_forward
[09:14:52.688] [bmv2] [T] [thread 103653] [80.0] [cxt 0] switch.p4(96) Primitive standard_metadata.egress_spec = port
[09:14:52.688] [bmv2] [T] [thread 103653] [80.0] [cxt 0] switch.p4(97) Primitive hdr.ethernet.srcAddr = hdr.ethernet.dstAddr
[09:14:52.688] [bmv2] [T] [thread 103653] [80.0] [cxt 0] switch.p4(98) Primitive hdr.ethernet.dstAddr = dstAddr
[09:14:52.688] [bmv2] [T] [thread 103653] [80.0] [cxt 0] switch.p4(99) Primitive hdr.ipv4.ttl = hdr.ipv4.ttl - 1
[09:14:52.688] [bmv2] [D] [thread 103653] [80.0] [cxt 0] Pipeline 'ingress': end
[09:14:52.688] [bmv2] [D] [thread 103653] [80.0] [cxt 0] Egress port is 2
[09:14:52.688] [bmv2] [D] [thread 103656] [80.0] [cxt 0] Pipeline 'egress': start
[09:14:52.688] [bmv2] [D] [thread 103656] [80.0] [cxt 0] Pipeline 'egress': end
[09:14:52.688] [bmv2] [D] [thread 103656] [80.0] [cxt 0] Deparser 'deparser': start
[09:14:52.688] [bmv2] [D] [thread 103656] [80.0] [cxt 0] Updating checksum 'cksum'
[09:14:52.689] [bmv2] [D] [thread 103656] [80.0] [cxt 0] Deparsing header 'ethernet'
[09:14:52.689] [bmv2] [D] [thread 103656] [80.0] [cxt 0] Deparsing header 'ipv4'
[09:14:52.689] [bmv2] [D] [thread 103656] [80.0] [cxt 0] Deparser 'deparser': end
[09:14:52.689] [bmv2] [D] [thread 103658] [80.0] [cxt 0] Transmitting packet of size 48 out of port 2
[09:14:52.724] [bmv2] [D] [thread 103653] [81.0] [cxt 0] Processing packet received on port 2
[09:14:52.724] [bmv2] [D] [thread 103653] [81.0] [cxt 0] Parser 'parser': start
[09:14:52.724] [bmv2] [D] [thread 103653] [81.0] [cxt 0] Parser 'parser' entering state 'start'
[09:14:52.724] [bmv2] [D] [thread 103653] [81.0] [cxt 0] Extracting header 'ethernet'
[09:14:52.724] [bmv2] [D] [thread 103653] [81.0] [cxt 0] Parser state 'start': key is 0800
[09:14:52.724] [bmv2] [T] [thread 103653] [81.0] [cxt 0] Bytes parsed: 14
[09:14:52.724] [bmv2] [D] [thread 103653] [81.0] [cxt 0] Parser 'parser' entering state 'parse_ipv4'
[09:14:52.724] [bmv2] [D] [thread 103653] [81.0] [cxt 0] Extracting header 'ipv4'
[09:14:52.724] [bmv2] [D] [thread 103653] [81.0] [cxt 0] Parser state 'parse_ipv4' has no switch, going to default next state
[09:14:52.724] [bmv2] [T] [thread 103653] [81.0] [cxt 0] Bytes parsed: 34
[09:14:52.724] [bmv2] [D] [thread 103653] [81.0] [cxt 0] Parser 'parser': end
[09:14:52.724] [bmv2] [D] [thread 103653] [81.0] [cxt 0] Pipeline 'ingress': start
[09:14:52.724] [bmv2] [T] [thread 103653] [81.0] [cxt 0] switch.p4(116) Condition "hdr.ipv4.isValid()" (node_2) is true
[09:14:52.724] [bmv2] [T] [thread 103653] [81.0] [cxt 0] Applying table 'MyIngress.ipv4_lpm'
[09:14:52.724] [bmv2] [D] [thread 103653] [81.0] [cxt 0] Looking up key:
* hdr.ipv4.dstAddr    : 0a000101

[09:14:52.724] [bmv2] [D] [thread 103653] [81.0] [cxt 0] Table 'MyIngress.ipv4_lpm': hit with handle 0
[09:14:52.724] [bmv2] [D] [thread 103653] [81.0] [cxt 0] Dumping entry 0
Match key:
* hdr.ipv4.dstAddr    : LPM       0a000101/32
Action entry: MyIngress.ipv4_forward - 80000000100,1,

[09:14:52.724] [bmv2] [D] [thread 103653] [81.0] [cxt 0] Action entry is MyIngress.ipv4_forward - 80000000100,1,
[09:14:52.724] [bmv2] [T] [thread 103653] [81.0] [cxt 0] Action MyIngress.ipv4_forward
[09:14:52.725] [bmv2] [T] [thread 103653] [81.0] [cxt 0] switch.p4(96) Primitive standard_metadata.egress_spec = port
[09:14:52.725] [bmv2] [T] [thread 103653] [81.0] [cxt 0] switch.p4(97) Primitive hdr.ethernet.srcAddr = hdr.ethernet.dstAddr
[09:14:52.725] [bmv2] [T] [thread 103653] [81.0] [cxt 0] switch.p4(98) Primitive hdr.ethernet.dstAddr = dstAddr
[09:14:52.725] [bmv2] [T] [thread 103653] [81.0] [cxt 0] switch.p4(99) Primitive hdr.ipv4.ttl = hdr.ipv4.ttl - 1
[09:14:52.725] [bmv2] [D] [thread 103653] [81.0] [cxt 0] Pipeline 'ingress': end
[09:14:52.725] [bmv2] [D] [thread 103653] [81.0] [cxt 0] Egress port is 1
[09:14:52.725] [bmv2] [D] [thread 103653] [82.0] [cxt 0] Processing packet received on port 2
[09:14:52.725] [bmv2] [D] [thread 103653] [82.0] [cxt 0] Parser 'parser': start
[09:14:52.725] [bmv2] [D] [thread 103653] [82.0] [cxt 0] Parser 'parser' entering state 'start'
[09:14:52.725] [bmv2] [D] [thread 103653] [82.0] [cxt 0] Extracting header 'ethernet'
[09:14:52.725] [bmv2] [D] [thread 103653] [82.0] [cxt 0] Parser state 'start': key is 0800
[09:14:52.725] [bmv2] [T] [thread 103653] [82.0] [cxt 0] Bytes parsed: 14
[09:14:52.725] [bmv2] [D] [thread 103653] [82.0] [cxt 0] Parser 'parser' entering state 'parse_ipv4'
[09:14:52.725] [bmv2] [D] [thread 103653] [82.0] [cxt 0] Extracting header 'ipv4'
[09:14:52.725] [bmv2] [D] [thread 103653] [82.0] [cxt 0] Parser state 'parse_ipv4' has no switch, going to default next state
[09:14:52.725] [bmv2] [T] [thread 103653] [82.0] [cxt 0] Bytes parsed: 34
[09:14:52.725] [bmv2] [D] [thread 103653] [82.0] [cxt 0] Parser 'parser': end
[09:14:52.725] [bmv2] [D] [thread 103653] [82.0] [cxt 0] Pipeline 'ingress': start
[09:14:52.725] [bmv2] [T] [thread 103653] [82.0] [cxt 0] switch.p4(116) Condition "hdr.ipv4.isValid()" (node_2) is true
[09:14:52.725] [bmv2] [T] [thread 103653] [82.0] [cxt 0] Applying table 'MyIngress.ipv4_lpm'
[09:14:52.725] [bmv2] [D] [thread 103653] [82.0] [cxt 0] Looking up key:
* hdr.ipv4.dstAddr    : 0a000101

[09:14:52.725] [bmv2] [D] [thread 103653] [82.0] [cxt 0] Table 'MyIngress.ipv4_lpm': hit with handle 0
[09:14:52.725] [bmv2] [D] [thread 103653] [82.0] [cxt 0] Dumping entry 0
Match key:
* hdr.ipv4.dstAddr    : LPM       0a000101/32
Action entry: MyIngress.ipv4_forward - 80000000100,1,

[09:14:52.725] [bmv2] [D] [thread 103653] [82.0] [cxt 0] Action entry is MyIngress.ipv4_forward - 80000000100,1,
[09:14:52.725] [bmv2] [T] [thread 103653] [82.0] [cxt 0] Action MyIngress.ipv4_forward
[09:14:52.725] [bmv2] [T] [thread 103653] [82.0] [cxt 0] switch.p4(96) Primitive standard_metadata.egress_spec = port
[09:14:52.725] [bmv2] [T] [thread 103653] [82.0] [cxt 0] switch.p4(97) Primitive hdr.ethernet.srcAddr = hdr.ethernet.dstAddr
[09:14:52.725] [bmv2] [T] [thread 103653] [82.0] [cxt 0] switch.p4(98) Primitive hdr.ethernet.dstAddr = dstAddr
[09:14:52.725] [bmv2] [T] [thread 103653] [82.0] [cxt 0] switch.p4(99) Primitive hdr.ipv4.ttl = hdr.ipv4.ttl - 1
[09:14:52.725] [bmv2] [D] [thread 103653] [82.0] [cxt 0] Pipeline 'ingress': end
[09:14:52.725] [bmv2] [D] [thread 103653] [82.0] [cxt 0] Egress port is 1
[09:14:52.729] [bmv2] [D] [thread 103655] [81.0] [cxt 0] Pipeline 'egress': start
[09:14:52.729] [bmv2] [D] [thread 103655] [81.0] [cxt 0] Pipeline 'egress': end
[09:14:52.729] [bmv2] [D] [thread 103655] [81.0] [cxt 0] Deparser 'deparser': start
[09:14:52.729] [bmv2] [D] [thread 103655] [81.0] [cxt 0] Updating checksum 'cksum'
[09:14:52.729] [bmv2] [D] [thread 103655] [81.0] [cxt 0] Deparsing header 'ethernet'
[09:14:52.729] [bmv2] [D] [thread 103655] [81.0] [cxt 0] Deparsing header 'ipv4'
[09:14:52.729] [bmv2] [D] [thread 103655] [81.0] [cxt 0] Deparser 'deparser': end
[09:14:52.729] [bmv2] [D] [thread 103655] [82.0] [cxt 0] Pipeline 'egress': start
[09:14:52.729] [bmv2] [D] [thread 103655] [82.0] [cxt 0] Pipeline 'egress': end
[09:14:52.729] [bmv2] [D] [thread 103655] [82.0] [cxt 0] Deparser 'deparser': start
[09:14:52.729] [bmv2] [D] [thread 103655] [82.0] [cxt 0] Updating checksum 'cksum'
[09:14:52.729] [bmv2] [D] [thread 103655] [82.0] [cxt 0] Deparsing header 'ethernet'
[09:14:52.729] [bmv2] [D] [thread 103655] [82.0] [cxt 0] Deparsing header 'ipv4'
[09:14:52.729] [bmv2] [D] [thread 103655] [82.0] [cxt 0] Deparser 'deparser': end
[09:14:52.734] [bmv2] [D] [thread 103658] [81.0] [cxt 0] Transmitting packet of size 76 out of port 1
[09:14:52.739] [bmv2] [D] [thread 103658] [82.0] [cxt 0] Transmitting packet of size 308 out of port 1
[09:14:52.755] [bmv2] [D] [thread 103653] [83.0] [cxt 0] Processing packet received on port 1
[09:14:52.755] [bmv2] [D] [thread 103653] [83.0] [cxt 0] Parser 'parser': start
[09:14:52.755] [bmv2] [D] [thread 103653] [83.0] [cxt 0] Parser 'parser' entering state 'start'
[09:14:52.755] [bmv2] [D] [thread 103653] [83.0] [cxt 0] Extracting header 'ethernet'
[09:14:52.755] [bmv2] [D] [thread 103653] [83.0] [cxt 0] Parser state 'start': key is 0800
[09:14:52.755] [bmv2] [T] [thread 103653] [83.0] [cxt 0] Bytes parsed: 14
[09:14:52.755] [bmv2] [D] [thread 103653] [83.0] [cxt 0] Parser 'parser' entering state 'parse_ipv4'
[09:14:52.755] [bmv2] [D] [thread 103653] [83.0] [cxt 0] Extracting header 'ipv4'
[09:14:52.755] [bmv2] [D] [thread 103653] [83.0] [cxt 0] Parser state 'parse_ipv4' has no switch, going to default next state
[09:14:52.755] [bmv2] [T] [thread 103653] [83.0] [cxt 0] Bytes parsed: 34
[09:14:52.755] [bmv2] [D] [thread 103653] [83.0] [cxt 0] Parser 'parser': end
[09:14:52.755] [bmv2] [D] [thread 103653] [83.0] [cxt 0] Pipeline 'ingress': start
[09:14:52.755] [bmv2] [T] [thread 103653] [83.0] [cxt 0] switch.p4(116) Condition "hdr.ipv4.isValid()" (node_2) is true
[09:14:52.755] [bmv2] [T] [thread 103653] [83.0] [cxt 0] Applying table 'MyIngress.ipv4_lpm'
[09:14:52.755] [bmv2] [D] [thread 103653] [83.0] [cxt 0] Looking up key:
* hdr.ipv4.dstAddr    : 0a000202

[09:14:52.755] [bmv2] [D] [thread 103653] [83.0] [cxt 0] Table 'MyIngress.ipv4_lpm': hit with handle 1
[09:14:52.755] [bmv2] [D] [thread 103653] [83.0] [cxt 0] Dumping entry 1
Match key:
* hdr.ipv4.dstAddr    : LPM       0a000202/32
Action entry: MyIngress.ipv4_forward - 80000000300,2,

[09:14:52.755] [bmv2] [D] [thread 103653] [83.0] [cxt 0] Action entry is MyIngress.ipv4_forward - 80000000300,2,
[09:14:52.755] [bmv2] [T] [thread 103653] [83.0] [cxt 0] Action MyIngress.ipv4_forward
[09:14:52.755] [bmv2] [T] [thread 103653] [83.0] [cxt 0] switch.p4(96) Primitive standard_metadata.egress_spec = port
[09:14:52.755] [bmv2] [T] [thread 103653] [83.0] [cxt 0] switch.p4(97) Primitive hdr.ethernet.srcAddr = hdr.ethernet.dstAddr
[09:14:52.755] [bmv2] [T] [thread 103653] [83.0] [cxt 0] switch.p4(98) Primitive hdr.ethernet.dstAddr = dstAddr
[09:14:52.755] [bmv2] [T] [thread 103653] [83.0] [cxt 0] switch.p4(99) Primitive hdr.ipv4.ttl = hdr.ipv4.ttl - 1
[09:14:52.755] [bmv2] [D] [thread 103653] [83.0] [cxt 0] Pipeline 'ingress': end
[09:14:52.755] [bmv2] [D] [thread 103653] [83.0] [cxt 0] Egress port is 2
[09:14:52.755] [bmv2] [D] [thread 103656] [83.0] [cxt 0] Pipeline 'egress': start
[09:14:52.755] [bmv2] [D] [thread 103656] [83.0] [cxt 0] Pipeline 'egress': end
[09:14:52.755] [bmv2] [D] [thread 103656] [83.0] [cxt 0] Deparser 'deparser': start
[09:14:52.755] [bmv2] [D] [thread 103656] [83.0] [cxt 0] Updating checksum 'cksum'
[09:14:52.755] [bmv2] [D] [thread 103656] [83.0] [cxt 0] Deparsing header 'ethernet'
[09:14:52.755] [bmv2] [D] [thread 103656] [83.0] [cxt 0] Deparsing header 'ipv4'
[09:14:52.755] [bmv2] [D] [thread 103656] [83.0] [cxt 0] Deparser 'deparser': end
[09:14:52.755] [bmv2] [D] [thread 103658] [83.0] [cxt 0] Transmitting packet of size 336 out of port 2
[09:14:53.768] [bmv2] [D] [thread 103653] [84.0] [cxt 0] Processing packet received on port 1
[09:14:53.768] [bmv2] [D] [thread 103653] [84.0] [cxt 0] Parser 'parser': start
[09:14:53.768] [bmv2] [D] [thread 103653] [84.0] [cxt 0] Parser 'parser' entering state 'start'
[09:14:53.768] [bmv2] [D] [thread 103653] [84.0] [cxt 0] Extracting header 'ethernet'
[09:14:53.768] [bmv2] [D] [thread 103653] [84.0] [cxt 0] Parser state 'start': key is 0800
[09:14:53.768] [bmv2] [T] [thread 103653] [84.0] [cxt 0] Bytes parsed: 14
[09:14:53.768] [bmv2] [D] [thread 103653] [84.0] [cxt 0] Parser 'parser' entering state 'parse_ipv4'
[09:14:53.768] [bmv2] [D] [thread 103653] [84.0] [cxt 0] Extracting header 'ipv4'
[09:14:53.768] [bmv2] [D] [thread 103653] [84.0] [cxt 0] Parser state 'parse_ipv4' has no switch, going to default next state
[09:14:53.768] [bmv2] [T] [thread 103653] [84.0] [cxt 0] Bytes parsed: 34
[09:14:53.768] [bmv2] [D] [thread 103653] [84.0] [cxt 0] Parser 'parser': end
[09:14:53.768] [bmv2] [D] [thread 103653] [84.0] [cxt 0] Pipeline 'ingress': start
[09:14:53.768] [bmv2] [T] [thread 103653] [84.0] [cxt 0] switch.p4(116) Condition "hdr.ipv4.isValid()" (node_2) is true
[09:14:53.768] [bmv2] [T] [thread 103653] [84.0] [cxt 0] Applying table 'MyIngress.ipv4_lpm'
[09:14:53.768] [bmv2] [D] [thread 103653] [84.0] [cxt 0] Looking up key:
* hdr.ipv4.dstAddr    : 0a000202

[09:14:53.768] [bmv2] [D] [thread 103653] [84.0] [cxt 0] Table 'MyIngress.ipv4_lpm': hit with handle 1
[09:14:53.768] [bmv2] [D] [thread 103653] [84.0] [cxt 0] Dumping entry 1
Match key:
* hdr.ipv4.dstAddr    : LPM       0a000202/32
Action entry: MyIngress.ipv4_forward - 80000000300,2,

[09:14:53.768] [bmv2] [D] [thread 103653] [84.0] [cxt 0] Action entry is MyIngress.ipv4_forward - 80000000300,2,
[09:14:53.768] [bmv2] [T] [thread 103653] [84.0] [cxt 0] Action MyIngress.ipv4_forward
[09:14:53.768] [bmv2] [T] [thread 103653] [84.0] [cxt 0] switch.p4(96) Primitive standard_metadata.egress_spec = port
[09:14:53.768] [bmv2] [T] [thread 103653] [84.0] [cxt 0] switch.p4(97) Primitive hdr.ethernet.srcAddr = hdr.ethernet.dstAddr
[09:14:53.768] [bmv2] [T] [thread 103653] [84.0] [cxt 0] switch.p4(98) Primitive hdr.ethernet.dstAddr = dstAddr
[09:14:53.768] [bmv2] [T] [thread 103653] [84.0] [cxt 0] switch.p4(99) Primitive hdr.ipv4.ttl = hdr.ipv4.ttl - 1
[09:14:53.768] [bmv2] [D] [thread 103653] [84.0] [cxt 0] Pipeline 'ingress': end
[09:14:53.768] [bmv2] [D] [thread 103653] [84.0] [cxt 0] Egress port is 2
[09:14:53.768] [bmv2] [D] [thread 103656] [84.0] [cxt 0] Pipeline 'egress': start
[09:14:53.768] [bmv2] [D] [thread 103656] [84.0] [cxt 0] Pipeline 'egress': end
[09:14:53.768] [bmv2] [D] [thread 103656] [84.0] [cxt 0] Deparser 'deparser': start
[09:14:53.768] [bmv2] [D] [thread 103656] [84.0] [cxt 0] Updating checksum 'cksum'
[09:14:53.768] [bmv2] [D] [thread 103656] [84.0] [cxt 0] Deparsing header 'ethernet'
[09:14:53.768] [bmv2] [D] [thread 103656] [84.0] [cxt 0] Deparsing header 'ipv4'
[09:14:53.768] [bmv2] [D] [thread 103656] [84.0] [cxt 0] Deparser 'deparser': end
[09:14:53.768] [bmv2] [D] [thread 103658] [84.0] [cxt 0] Transmitting packet of size 48 out of port 2
[09:14:53.774] [bmv2] [D] [thread 103653] [85.0] [cxt 0] Processing packet received on port 2
[09:14:53.774] [bmv2] [D] [thread 103653] [85.0] [cxt 0] Parser 'parser': start
[09:14:53.774] [bmv2] [D] [thread 103653] [85.0] [cxt 0] Parser 'parser' entering state 'start'
[09:14:53.774] [bmv2] [D] [thread 103653] [85.0] [cxt 0] Extracting header 'ethernet'
[09:14:53.774] [bmv2] [D] [thread 103653] [85.0] [cxt 0] Parser state 'start': key is 0800
[09:14:53.774] [bmv2] [T] [thread 103653] [85.0] [cxt 0] Bytes parsed: 14
[09:14:53.774] [bmv2] [D] [thread 103653] [85.0] [cxt 0] Parser 'parser' entering state 'parse_ipv4'
[09:14:53.774] [bmv2] [D] [thread 103653] [85.0] [cxt 0] Extracting header 'ipv4'
[09:14:53.774] [bmv2] [D] [thread 103653] [85.0] [cxt 0] Parser state 'parse_ipv4' has no switch, going to default next state
[09:14:53.774] [bmv2] [T] [thread 103653] [85.0] [cxt 0] Bytes parsed: 34
[09:14:53.774] [bmv2] [D] [thread 103653] [85.0] [cxt 0] Parser 'parser': end
[09:14:53.774] [bmv2] [D] [thread 103653] [85.0] [cxt 0] Pipeline 'ingress': start
[09:14:53.774] [bmv2] [T] [thread 103653] [85.0] [cxt 0] switch.p4(116) Condition "hdr.ipv4.isValid()" (node_2) is true
[09:14:53.774] [bmv2] [T] [thread 103653] [85.0] [cxt 0] Applying table 'MyIngress.ipv4_lpm'
[09:14:53.774] [bmv2] [D] [thread 103653] [85.0] [cxt 0] Looking up key:
* hdr.ipv4.dstAddr    : 0a000101

[09:14:53.774] [bmv2] [D] [thread 103653] [85.0] [cxt 0] Table 'MyIngress.ipv4_lpm': hit with handle 0
[09:14:53.774] [bmv2] [D] [thread 103653] [85.0] [cxt 0] Dumping entry 0
Match key:
* hdr.ipv4.dstAddr    : LPM       0a000101/32
Action entry: MyIngress.ipv4_forward - 80000000100,1,

[09:14:53.774] [bmv2] [D] [thread 103653] [85.0] [cxt 0] Action entry is MyIngress.ipv4_forward - 80000000100,1,
[09:14:53.774] [bmv2] [T] [thread 103653] [85.0] [cxt 0] Action MyIngress.ipv4_forward
[09:14:53.774] [bmv2] [T] [thread 103653] [85.0] [cxt 0] switch.p4(96) Primitive standard_metadata.egress_spec = port
[09:14:53.774] [bmv2] [T] [thread 103653] [85.0] [cxt 0] switch.p4(97) Primitive hdr.ethernet.srcAddr = hdr.ethernet.dstAddr
[09:14:53.774] [bmv2] [T] [thread 103653] [85.0] [cxt 0] switch.p4(98) Primitive hdr.ethernet.dstAddr = dstAddr
[09:14:53.774] [bmv2] [T] [thread 103653] [85.0] [cxt 0] switch.p4(99) Primitive hdr.ipv4.ttl = hdr.ipv4.ttl - 1
[09:14:53.774] [bmv2] [D] [thread 103653] [85.0] [cxt 0] Pipeline 'ingress': end
[09:14:53.774] [bmv2] [D] [thread 103653] [85.0] [cxt 0] Egress port is 1
[09:14:53.774] [bmv2] [D] [thread 103655] [85.0] [cxt 0] Pipeline 'egress': start
[09:14:53.774] [bmv2] [D] [thread 103655] [85.0] [cxt 0] Pipeline 'egress': end
[09:14:53.774] [bmv2] [D] [thread 103655] [85.0] [cxt 0] Deparser 'deparser': start
[09:14:53.774] [bmv2] [D] [thread 103655] [85.0] [cxt 0] Updating checksum 'cksum'
[09:14:53.774] [bmv2] [D] [thread 103655] [85.0] [cxt 0] Deparsing header 'ethernet'
[09:14:53.774] [bmv2] [D] [thread 103655] [85.0] [cxt 0] Deparsing header 'ipv4'
[09:14:53.774] [bmv2] [D] [thread 103655] [85.0] [cxt 0] Deparser 'deparser': end
[09:14:53.774] [bmv2] [D] [thread 103658] [85.0] [cxt 0] Transmitting packet of size 76 out of port 1
[09:14:53.791] [bmv2] [D] [thread 103653] [86.0] [cxt 0] Processing packet received on port 2
[09:14:53.791] [bmv2] [D] [thread 103653] [86.0] [cxt 0] Parser 'parser': start
[09:14:53.791] [bmv2] [D] [thread 103653] [86.0] [cxt 0] Parser 'parser' entering state 'start'
[09:14:53.791] [bmv2] [D] [thread 103653] [86.0] [cxt 0] Extracting header 'ethernet'
[09:14:53.791] [bmv2] [D] [thread 103653] [86.0] [cxt 0] Parser state 'start': key is 0800
[09:14:53.791] [bmv2] [T] [thread 103653] [86.0] [cxt 0] Bytes parsed: 14
[09:14:53.791] [bmv2] [D] [thread 103653] [86.0] [cxt 0] Parser 'parser' entering state 'parse_ipv4'
[09:14:53.791] [bmv2] [D] [thread 103653] [86.0] [cxt 0] Extracting header 'ipv4'
[09:14:53.791] [bmv2] [D] [thread 103653] [86.0] [cxt 0] Parser state 'parse_ipv4' has no switch, going to default next state
[09:14:53.791] [bmv2] [T] [thread 103653] [86.0] [cxt 0] Bytes parsed: 34
[09:14:53.791] [bmv2] [D] [thread 103653] [86.0] [cxt 0] Parser 'parser': end
[09:14:53.791] [bmv2] [D] [thread 103653] [86.0] [cxt 0] Pipeline 'ingress': start
[09:14:53.791] [bmv2] [T] [thread 103653] [86.0] [cxt 0] switch.p4(116) Condition "hdr.ipv4.isValid()" (node_2) is true
[09:14:53.791] [bmv2] [T] [thread 103653] [86.0] [cxt 0] Applying table 'MyIngress.ipv4_lpm'
[09:14:53.791] [bmv2] [D] [thread 103653] [86.0] [cxt 0] Looking up key:
* hdr.ipv4.dstAddr    : 0a000101

[09:14:53.791] [bmv2] [D] [thread 103653] [86.0] [cxt 0] Table 'MyIngress.ipv4_lpm': hit with handle 0
[09:14:53.791] [bmv2] [D] [thread 103653] [86.0] [cxt 0] Dumping entry 0
Match key:
* hdr.ipv4.dstAddr    : LPM       0a000101/32
Action entry: MyIngress.ipv4_forward - 80000000100,1,

[09:14:53.791] [bmv2] [D] [thread 103653] [86.0] [cxt 0] Action entry is MyIngress.ipv4_forward - 80000000100,1,
[09:14:53.791] [bmv2] [T] [thread 103653] [86.0] [cxt 0] Action MyIngress.ipv4_forward
[09:14:53.791] [bmv2] [T] [thread 103653] [86.0] [cxt 0] switch.p4(96) Primitive standard_metadata.egress_spec = port
[09:14:53.791] [bmv2] [T] [thread 103653] [86.0] [cxt 0] switch.p4(97) Primitive hdr.ethernet.srcAddr = hdr.ethernet.dstAddr
[09:14:53.791] [bmv2] [T] [thread 103653] [86.0] [cxt 0] switch.p4(98) Primitive hdr.ethernet.dstAddr = dstAddr
[09:14:53.791] [bmv2] [T] [thread 103653] [86.0] [cxt 0] switch.p4(99) Primitive hdr.ipv4.ttl = hdr.ipv4.ttl - 1
[09:14:53.791] [bmv2] [D] [thread 103653] [86.0] [cxt 0] Pipeline 'ingress': end
[09:14:53.791] [bmv2] [D] [thread 103653] [86.0] [cxt 0] Egress port is 1
[09:14:53.791] [bmv2] [D] [thread 103655] [86.0] [cxt 0] Pipeline 'egress': start
[09:14:53.791] [bmv2] [D] [thread 103655] [86.0] [cxt 0] Pipeline 'egress': end
[09:14:53.791] [bmv2] [D] [thread 103655] [86.0] [cxt 0] Deparser 'deparser': start
[09:14:53.791] [bmv2] [D] [thread 103655] [86.0] [cxt 0] Updating checksum 'cksum'
[09:14:53.791] [bmv2] [D] [thread 103655] [86.0] [cxt 0] Deparsing header 'ethernet'
[09:14:53.791] [bmv2] [D] [thread 103655] [86.0] [cxt 0] Deparsing header 'ipv4'
[09:14:53.791] [bmv2] [D] [thread 103655] [86.0] [cxt 0] Deparser 'deparser': end
[09:14:53.791] [bmv2] [D] [thread 103658] [86.0] [cxt 0] Transmitting packet of size 308 out of port 1
[09:14:53.796] [bmv2] [D] [thread 103653] [87.0] [cxt 0] Processing packet received on port 1
[09:14:53.796] [bmv2] [D] [thread 103653] [87.0] [cxt 0] Parser 'parser': start
[09:14:53.796] [bmv2] [D] [thread 103653] [87.0] [cxt 0] Parser 'parser' entering state 'start'
[09:14:53.796] [bmv2] [D] [thread 103653] [87.0] [cxt 0] Extracting header 'ethernet'
[09:14:53.796] [bmv2] [D] [thread 103653] [87.0] [cxt 0] Parser state 'start': key is 0800
[09:14:53.796] [bmv2] [T] [thread 103653] [87.0] [cxt 0] Bytes parsed: 14
[09:14:53.796] [bmv2] [D] [thread 103653] [87.0] [cxt 0] Parser 'parser' entering state 'parse_ipv4'
[09:14:53.796] [bmv2] [D] [thread 103653] [87.0] [cxt 0] Extracting header 'ipv4'
[09:14:53.796] [bmv2] [D] [thread 103653] [87.0] [cxt 0] Parser state 'parse_ipv4' has no switch, going to default next state
[09:14:53.796] [bmv2] [T] [thread 103653] [87.0] [cxt 0] Bytes parsed: 34
[09:14:53.796] [bmv2] [D] [thread 103653] [87.0] [cxt 0] Parser 'parser': end
[09:14:53.796] [bmv2] [D] [thread 103653] [87.0] [cxt 0] Pipeline 'ingress': start
[09:14:53.796] [bmv2] [T] [thread 103653] [87.0] [cxt 0] switch.p4(116) Condition "hdr.ipv4.isValid()" (node_2) is true
[09:14:53.796] [bmv2] [T] [thread 103653] [87.0] [cxt 0] Applying table 'MyIngress.ipv4_lpm'
[09:14:53.796] [bmv2] [D] [thread 103653] [87.0] [cxt 0] Looking up key:
* hdr.ipv4.dstAddr    : 0a000202

[09:14:53.796] [bmv2] [D] [thread 103653] [87.0] [cxt 0] Table 'MyIngress.ipv4_lpm': hit with handle 1
[09:14:53.796] [bmv2] [D] [thread 103653] [87.0] [cxt 0] Dumping entry 1
Match key:
* hdr.ipv4.dstAddr    : LPM       0a000202/32
Action entry: MyIngress.ipv4_forward - 80000000300,2,

[09:14:53.796] [bmv2] [D] [thread 103653] [87.0] [cxt 0] Action entry is MyIngress.ipv4_forward - 80000000300,2,
[09:14:53.796] [bmv2] [T] [thread 103653] [87.0] [cxt 0] Action MyIngress.ipv4_forward
[09:14:53.796] [bmv2] [T] [thread 103653] [87.0] [cxt 0] switch.p4(96) Primitive standard_metadata.egress_spec = port
[09:14:53.796] [bmv2] [T] [thread 103653] [87.0] [cxt 0] switch.p4(97) Primitive hdr.ethernet.srcAddr = hdr.ethernet.dstAddr
[09:14:53.796] [bmv2] [T] [thread 103653] [87.0] [cxt 0] switch.p4(98) Primitive hdr.ethernet.dstAddr = dstAddr
[09:14:53.796] [bmv2] [T] [thread 103653] [87.0] [cxt 0] switch.p4(99) Primitive hdr.ipv4.ttl = hdr.ipv4.ttl - 1
[09:14:53.796] [bmv2] [D] [thread 103653] [87.0] [cxt 0] Pipeline 'ingress': end
[09:14:53.796] [bmv2] [D] [thread 103653] [87.0] [cxt 0] Egress port is 2
[09:14:53.796] [bmv2] [D] [thread 103656] [87.0] [cxt 0] Pipeline 'egress': start
[09:14:53.796] [bmv2] [D] [thread 103656] [87.0] [cxt 0] Pipeline 'egress': end
[09:14:53.796] [bmv2] [D] [thread 103656] [87.0] [cxt 0] Deparser 'deparser': start
[09:14:53.796] [bmv2] [D] [thread 103656] [87.0] [cxt 0] Updating checksum 'cksum'
[09:14:53.796] [bmv2] [D] [thread 103656] [87.0] [cxt 0] Deparsing header 'ethernet'
[09:14:53.796] [bmv2] [D] [thread 103656] [87.0] [cxt 0] Deparsing header 'ipv4'
[09:14:53.796] [bmv2] [D] [thread 103656] [87.0] [cxt 0] Deparser 'deparser': end
[09:14:53.796] [bmv2] [D] [thread 103658] [87.0] [cxt 0] Transmitting packet of size 336 out of port 2
[09:14:54.832] [bmv2] [D] [thread 103653] [88.0] [cxt 0] Processing packet received on port 1
[09:14:54.832] [bmv2] [D] [thread 103653] [88.0] [cxt 0] Parser 'parser': start
[09:14:54.832] [bmv2] [D] [thread 103653] [88.0] [cxt 0] Parser 'parser' entering state 'start'
[09:14:54.832] [bmv2] [D] [thread 103653] [88.0] [cxt 0] Extracting header 'ethernet'
[09:14:54.832] [bmv2] [D] [thread 103653] [88.0] [cxt 0] Parser state 'start': key is 0800
[09:14:54.832] [bmv2] [T] [thread 103653] [88.0] [cxt 0] Bytes parsed: 14
[09:14:54.832] [bmv2] [D] [thread 103653] [88.0] [cxt 0] Parser 'parser' entering state 'parse_ipv4'
[09:14:54.833] [bmv2] [D] [thread 103653] [88.0] [cxt 0] Extracting header 'ipv4'
[09:14:54.833] [bmv2] [D] [thread 103653] [88.0] [cxt 0] Parser state 'parse_ipv4' has no switch, going to default next state
[09:14:54.833] [bmv2] [T] [thread 103653] [88.0] [cxt 0] Bytes parsed: 34
[09:14:54.833] [bmv2] [D] [thread 103653] [88.0] [cxt 0] Parser 'parser': end
[09:14:54.833] [bmv2] [D] [thread 103653] [88.0] [cxt 0] Pipeline 'ingress': start
[09:14:54.833] [bmv2] [T] [thread 103653] [88.0] [cxt 0] switch.p4(116) Condition "hdr.ipv4.isValid()" (node_2) is true
[09:14:54.833] [bmv2] [T] [thread 103653] [88.0] [cxt 0] Applying table 'MyIngress.ipv4_lpm'
[09:14:54.833] [bmv2] [D] [thread 103653] [88.0] [cxt 0] Looking up key:
* hdr.ipv4.dstAddr    : 0a000202

[09:14:54.833] [bmv2] [D] [thread 103653] [88.0] [cxt 0] Table 'MyIngress.ipv4_lpm': hit with handle 1
[09:14:54.833] [bmv2] [D] [thread 103653] [88.0] [cxt 0] Dumping entry 1
Match key:
* hdr.ipv4.dstAddr    : LPM       0a000202/32
Action entry: MyIngress.ipv4_forward - 80000000300,2,

[09:14:54.833] [bmv2] [D] [thread 103653] [88.0] [cxt 0] Action entry is MyIngress.ipv4_forward - 80000000300,2,
[09:14:54.833] [bmv2] [T] [thread 103653] [88.0] [cxt 0] Action MyIngress.ipv4_forward
[09:14:54.833] [bmv2] [T] [thread 103653] [88.0] [cxt 0] switch.p4(96) Primitive standard_metadata.egress_spec = port
[09:14:54.833] [bmv2] [T] [thread 103653] [88.0] [cxt 0] switch.p4(97) Primitive hdr.ethernet.srcAddr = hdr.ethernet.dstAddr
[09:14:54.833] [bmv2] [T] [thread 103653] [88.0] [cxt 0] switch.p4(98) Primitive hdr.ethernet.dstAddr = dstAddr
[09:14:54.833] [bmv2] [T] [thread 103653] [88.0] [cxt 0] switch.p4(99) Primitive hdr.ipv4.ttl = hdr.ipv4.ttl - 1
[09:14:54.833] [bmv2] [D] [thread 103653] [88.0] [cxt 0] Pipeline 'ingress': end
[09:14:54.833] [bmv2] [D] [thread 103653] [88.0] [cxt 0] Egress port is 2
[09:14:54.833] [bmv2] [D] [thread 103656] [88.0] [cxt 0] Pipeline 'egress': start
[09:14:54.833] [bmv2] [D] [thread 103656] [88.0] [cxt 0] Pipeline 'egress': end
[09:14:54.833] [bmv2] [D] [thread 103656] [88.0] [cxt 0] Deparser 'deparser': start
[09:14:54.833] [bmv2] [D] [thread 103656] [88.0] [cxt 0] Updating checksum 'cksum'
[09:14:54.833] [bmv2] [D] [thread 103656] [88.0] [cxt 0] Deparsing header 'ethernet'
[09:14:54.833] [bmv2] [D] [thread 103656] [88.0] [cxt 0] Deparsing header 'ipv4'
[09:14:54.833] [bmv2] [D] [thread 103656] [88.0] [cxt 0] Deparser 'deparser': end
[09:14:54.833] [bmv2] [D] [thread 103658] [88.0] [cxt 0] Transmitting packet of size 48 out of port 2
[09:14:54.836] [bmv2] [D] [thread 103653] [89.0] [cxt 0] Processing packet received on port 2
[09:14:54.836] [bmv2] [D] [thread 103653] [89.0] [cxt 0] Parser 'parser': start
[09:14:54.836] [bmv2] [D] [thread 103653] [89.0] [cxt 0] Parser 'parser' entering state 'start'
[09:14:54.836] [bmv2] [D] [thread 103653] [89.0] [cxt 0] Extracting header 'ethernet'
[09:14:54.836] [bmv2] [D] [thread 103653] [89.0] [cxt 0] Parser state 'start': key is 0800
[09:14:54.836] [bmv2] [T] [thread 103653] [89.0] [cxt 0] Bytes parsed: 14
[09:14:54.836] [bmv2] [D] [thread 103653] [89.0] [cxt 0] Parser 'parser' entering state 'parse_ipv4'
[09:14:54.836] [bmv2] [D] [thread 103653] [89.0] [cxt 0] Extracting header 'ipv4'
[09:14:54.836] [bmv2] [D] [thread 103653] [89.0] [cxt 0] Parser state 'parse_ipv4' has no switch, going to default next state
[09:14:54.836] [bmv2] [T] [thread 103653] [89.0] [cxt 0] Bytes parsed: 34
[09:14:54.836] [bmv2] [D] [thread 103653] [89.0] [cxt 0] Parser 'parser': end
[09:14:54.836] [bmv2] [D] [thread 103653] [89.0] [cxt 0] Pipeline 'ingress': start
[09:14:54.836] [bmv2] [T] [thread 103653] [89.0] [cxt 0] switch.p4(116) Condition "hdr.ipv4.isValid()" (node_2) is true
[09:14:54.836] [bmv2] [T] [thread 103653] [89.0] [cxt 0] Applying table 'MyIngress.ipv4_lpm'
[09:14:54.836] [bmv2] [D] [thread 103653] [89.0] [cxt 0] Looking up key:
* hdr.ipv4.dstAddr    : 0a000101

[09:14:54.836] [bmv2] [D] [thread 103653] [89.0] [cxt 0] Table 'MyIngress.ipv4_lpm': hit with handle 0
[09:14:54.836] [bmv2] [D] [thread 103653] [89.0] [cxt 0] Dumping entry 0
Match key:
* hdr.ipv4.dstAddr    : LPM       0a000101/32
Action entry: MyIngress.ipv4_forward - 80000000100,1,

[09:14:54.836] [bmv2] [D] [thread 103653] [89.0] [cxt 0] Action entry is MyIngress.ipv4_forward - 80000000100,1,
[09:14:54.836] [bmv2] [T] [thread 103653] [89.0] [cxt 0] Action MyIngress.ipv4_forward
[09:14:54.836] [bmv2] [T] [thread 103653] [89.0] [cxt 0] switch.p4(96) Primitive standard_metadata.egress_spec = port
[09:14:54.836] [bmv2] [T] [thread 103653] [89.0] [cxt 0] switch.p4(97) Primitive hdr.ethernet.srcAddr = hdr.ethernet.dstAddr
[09:14:54.836] [bmv2] [T] [thread 103653] [89.0] [cxt 0] switch.p4(98) Primitive hdr.ethernet.dstAddr = dstAddr
[09:14:54.836] [bmv2] [T] [thread 103653] [89.0] [cxt 0] switch.p4(99) Primitive hdr.ipv4.ttl = hdr.ipv4.ttl - 1
[09:14:54.836] [bmv2] [D] [thread 103653] [89.0] [cxt 0] Pipeline 'ingress': end
[09:14:54.836] [bmv2] [D] [thread 103653] [89.0] [cxt 0] Egress port is 1
[09:14:54.837] [bmv2] [D] [thread 103655] [89.0] [cxt 0] Pipeline 'egress': start
[09:14:54.837] [bmv2] [D] [thread 103655] [89.0] [cxt 0] Pipeline 'egress': end
[09:14:54.837] [bmv2] [D] [thread 103655] [89.0] [cxt 0] Deparser 'deparser': start
[09:14:54.837] [bmv2] [D] [thread 103655] [89.0] [cxt 0] Updating checksum 'cksum'
[09:14:54.837] [bmv2] [D] [thread 103655] [89.0] [cxt 0] Deparsing header 'ethernet'
[09:14:54.837] [bmv2] [D] [thread 103655] [89.0] [cxt 0] Deparsing header 'ipv4'
[09:14:54.837] [bmv2] [D] [thread 103655] [89.0] [cxt 0] Deparser 'deparser': end
[09:14:54.837] [bmv2] [D] [thread 103658] [89.0] [cxt 0] Transmitting packet of size 76 out of port 1
[09:14:54.855] [bmv2] [D] [thread 103653] [90.0] [cxt 0] Processing packet received on port 2
[09:14:54.855] [bmv2] [D] [thread 103653] [90.0] [cxt 0] Parser 'parser': start
[09:14:54.855] [bmv2] [D] [thread 103653] [90.0] [cxt 0] Parser 'parser' entering state 'start'
[09:14:54.855] [bmv2] [D] [thread 103653] [90.0] [cxt 0] Extracting header 'ethernet'
[09:14:54.855] [bmv2] [D] [thread 103653] [90.0] [cxt 0] Parser state 'start': key is 0800
[09:14:54.855] [bmv2] [T] [thread 103653] [90.0] [cxt 0] Bytes parsed: 14
[09:14:54.855] [bmv2] [D] [thread 103653] [90.0] [cxt 0] Parser 'parser' entering state 'parse_ipv4'
[09:14:54.855] [bmv2] [D] [thread 103653] [90.0] [cxt 0] Extracting header 'ipv4'
[09:14:54.855] [bmv2] [D] [thread 103653] [90.0] [cxt 0] Parser state 'parse_ipv4' has no switch, going to default next state
[09:14:54.855] [bmv2] [T] [thread 103653] [90.0] [cxt 0] Bytes parsed: 34
[09:14:54.855] [bmv2] [D] [thread 103653] [90.0] [cxt 0] Parser 'parser': end
[09:14:54.855] [bmv2] [D] [thread 103653] [90.0] [cxt 0] Pipeline 'ingress': start
[09:14:54.855] [bmv2] [T] [thread 103653] [90.0] [cxt 0] switch.p4(116) Condition "hdr.ipv4.isValid()" (node_2) is true
[09:14:54.855] [bmv2] [T] [thread 103653] [90.0] [cxt 0] Applying table 'MyIngress.ipv4_lpm'
[09:14:54.855] [bmv2] [D] [thread 103653] [90.0] [cxt 0] Looking up key:
* hdr.ipv4.dstAddr    : 0a000101

[09:14:54.855] [bmv2] [D] [thread 103653] [90.0] [cxt 0] Table 'MyIngress.ipv4_lpm': hit with handle 0
[09:14:54.855] [bmv2] [D] [thread 103653] [90.0] [cxt 0] Dumping entry 0
Match key:
* hdr.ipv4.dstAddr    : LPM       0a000101/32
Action entry: MyIngress.ipv4_forward - 80000000100,1,

[09:14:54.855] [bmv2] [D] [thread 103653] [90.0] [cxt 0] Action entry is MyIngress.ipv4_forward - 80000000100,1,
[09:14:54.855] [bmv2] [T] [thread 103653] [90.0] [cxt 0] Action MyIngress.ipv4_forward
[09:14:54.855] [bmv2] [T] [thread 103653] [90.0] [cxt 0] switch.p4(96) Primitive standard_metadata.egress_spec = port
[09:14:54.855] [bmv2] [T] [thread 103653] [90.0] [cxt 0] switch.p4(97) Primitive hdr.ethernet.srcAddr = hdr.ethernet.dstAddr
[09:14:54.855] [bmv2] [T] [thread 103653] [90.0] [cxt 0] switch.p4(98) Primitive hdr.ethernet.dstAddr = dstAddr
[09:14:54.855] [bmv2] [T] [thread 103653] [90.0] [cxt 0] switch.p4(99) Primitive hdr.ipv4.ttl = hdr.ipv4.ttl - 1
[09:14:54.855] [bmv2] [D] [thread 103653] [90.0] [cxt 0] Pipeline 'ingress': end
[09:14:54.855] [bmv2] [D] [thread 103653] [90.0] [cxt 0] Egress port is 1
[09:14:54.855] [bmv2] [D] [thread 103655] [90.0] [cxt 0] Pipeline 'egress': start
[09:14:54.855] [bmv2] [D] [thread 103655] [90.0] [cxt 0] Pipeline 'egress': end
[09:14:54.855] [bmv2] [D] [thread 103655] [90.0] [cxt 0] Deparser 'deparser': start
[09:14:54.855] [bmv2] [D] [thread 103655] [90.0] [cxt 0] Updating checksum 'cksum'
[09:14:54.855] [bmv2] [D] [thread 103655] [90.0] [cxt 0] Deparsing header 'ethernet'
[09:14:54.855] [bmv2] [D] [thread 103655] [90.0] [cxt 0] Deparsing header 'ipv4'
[09:14:54.855] [bmv2] [D] [thread 103655] [90.0] [cxt 0] Deparser 'deparser': end
[09:14:54.855] [bmv2] [D] [thread 103658] [90.0] [cxt 0] Transmitting packet of size 308 out of port 1
[09:14:54.857] [bmv2] [D] [thread 103653] [91.0] [cxt 0] Processing packet received on port 1
[09:14:54.857] [bmv2] [D] [thread 103653] [91.0] [cxt 0] Parser 'parser': start
[09:14:54.857] [bmv2] [D] [thread 103653] [91.0] [cxt 0] Parser 'parser' entering state 'start'
[09:14:54.857] [bmv2] [D] [thread 103653] [91.0] [cxt 0] Extracting header 'ethernet'
[09:14:54.857] [bmv2] [D] [thread 103653] [91.0] [cxt 0] Parser state 'start': key is 0800
[09:14:54.857] [bmv2] [T] [thread 103653] [91.0] [cxt 0] Bytes parsed: 14
[09:14:54.857] [bmv2] [D] [thread 103653] [91.0] [cxt 0] Parser 'parser' entering state 'parse_ipv4'
[09:14:54.857] [bmv2] [D] [thread 103653] [91.0] [cxt 0] Extracting header 'ipv4'
[09:14:54.857] [bmv2] [D] [thread 103653] [91.0] [cxt 0] Parser state 'parse_ipv4' has no switch, going to default next state
[09:14:54.857] [bmv2] [T] [thread 103653] [91.0] [cxt 0] Bytes parsed: 34
[09:14:54.857] [bmv2] [D] [thread 103653] [91.0] [cxt 0] Parser 'parser': end
[09:14:54.857] [bmv2] [D] [thread 103653] [91.0] [cxt 0] Pipeline 'ingress': start
[09:14:54.857] [bmv2] [T] [thread 103653] [91.0] [cxt 0] switch.p4(116) Condition "hdr.ipv4.isValid()" (node_2) is true
[09:14:54.857] [bmv2] [T] [thread 103653] [91.0] [cxt 0] Applying table 'MyIngress.ipv4_lpm'
[09:14:54.857] [bmv2] [D] [thread 103653] [91.0] [cxt 0] Looking up key:
* hdr.ipv4.dstAddr    : 0a000202

[09:14:54.857] [bmv2] [D] [thread 103653] [91.0] [cxt 0] Table 'MyIngress.ipv4_lpm': hit with handle 1
[09:14:54.857] [bmv2] [D] [thread 103653] [91.0] [cxt 0] Dumping entry 1
Match key:
* hdr.ipv4.dstAddr    : LPM       0a000202/32
Action entry: MyIngress.ipv4_forward - 80000000300,2,

[09:14:54.857] [bmv2] [D] [thread 103653] [91.0] [cxt 0] Action entry is MyIngress.ipv4_forward - 80000000300,2,
[09:14:54.857] [bmv2] [T] [thread 103653] [91.0] [cxt 0] Action MyIngress.ipv4_forward
[09:14:54.857] [bmv2] [T] [thread 103653] [91.0] [cxt 0] switch.p4(96) Primitive standard_metadata.egress_spec = port
[09:14:54.857] [bmv2] [T] [thread 103653] [91.0] [cxt 0] switch.p4(97) Primitive hdr.ethernet.srcAddr = hdr.ethernet.dstAddr
[09:14:54.857] [bmv2] [T] [thread 103653] [91.0] [cxt 0] switch.p4(98) Primitive hdr.ethernet.dstAddr = dstAddr
[09:14:54.857] [bmv2] [T] [thread 103653] [91.0] [cxt 0] switch.p4(99) Primitive hdr.ipv4.ttl = hdr.ipv4.ttl - 1
[09:14:54.857] [bmv2] [D] [thread 103653] [91.0] [cxt 0] Pipeline 'ingress': end
[09:14:54.857] [bmv2] [D] [thread 103653] [91.0] [cxt 0] Egress port is 2
[09:14:54.857] [bmv2] [D] [thread 103656] [91.0] [cxt 0] Pipeline 'egress': start
[09:14:54.857] [bmv2] [D] [thread 103656] [91.0] [cxt 0] Pipeline 'egress': end
[09:14:54.857] [bmv2] [D] [thread 103656] [91.0] [cxt 0] Deparser 'deparser': start
[09:14:54.857] [bmv2] [D] [thread 103656] [91.0] [cxt 0] Updating checksum 'cksum'
[09:14:54.857] [bmv2] [D] [thread 103656] [91.0] [cxt 0] Deparsing header 'ethernet'
[09:14:54.857] [bmv2] [D] [thread 103656] [91.0] [cxt 0] Deparsing header 'ipv4'
[09:14:54.857] [bmv2] [D] [thread 103656] [91.0] [cxt 0] Deparser 'deparser': end
[09:14:54.857] [bmv2] [D] [thread 103658] [91.0] [cxt 0] Transmitting packet of size 336 out of port 2
[09:14:55.699] [bmv2] [D] [thread 103653] [92.0] [cxt 0] Processing packet received on port 1
[09:14:55.699] [bmv2] [D] [thread 103653] [92.0] [cxt 0] Parser 'parser': start
[09:14:55.699] [bmv2] [D] [thread 103653] [92.0] [cxt 0] Parser 'parser' entering state 'start'
[09:14:55.699] [bmv2] [D] [thread 103653] [92.0] [cxt 0] Extracting header 'ethernet'
[09:14:55.699] [bmv2] [D] [thread 103653] [92.0] [cxt 0] Parser state 'start': key is 86dd
[09:14:55.699] [bmv2] [T] [thread 103653] [92.0] [cxt 0] Bytes parsed: 14
[09:14:55.699] [bmv2] [D] [thread 103653] [92.0] [cxt 0] Parser 'parser': end
[09:14:55.699] [bmv2] [D] [thread 103653] [92.0] [cxt 0] Pipeline 'ingress': start
[09:14:55.699] [bmv2] [T] [thread 103653] [92.0] [cxt 0] switch.p4(116) Condition "hdr.ipv4.isValid()" (node_2) is false
[09:14:55.699] [bmv2] [D] [thread 103653] [92.0] [cxt 0] Pipeline 'ingress': end
[09:14:55.699] [bmv2] [D] [thread 103653] [92.0] [cxt 0] Egress port is 0
[09:14:55.699] [bmv2] [D] [thread 103654] [92.0] [cxt 0] Pipeline 'egress': start
[09:14:55.699] [bmv2] [D] [thread 103654] [92.0] [cxt 0] Pipeline 'egress': end
[09:14:55.699] [bmv2] [D] [thread 103654] [92.0] [cxt 0] Deparser 'deparser': start
[09:14:55.699] [bmv2] [T] [thread 103654] [92.0] [cxt 0] Skipping checksum 'cksum' update because condition not met
[09:14:55.699] [bmv2] [D] [thread 103654] [92.0] [cxt 0] Deparsing header 'ethernet'
[09:14:55.699] [bmv2] [D] [thread 103654] [92.0] [cxt 0] Deparser 'deparser': end
[09:14:55.699] [bmv2] [D] [thread 103658] [92.0] [cxt 0] Transmitting packet of size 70 out of port 0
[09:14:55.917] [bmv2] [D] [thread 103653] [93.0] [cxt 0] Processing packet received on port 1
[09:14:55.917] [bmv2] [D] [thread 103653] [93.0] [cxt 0] Parser 'parser': start
[09:14:55.917] [bmv2] [D] [thread 103653] [93.0] [cxt 0] Parser 'parser' entering state 'start'
[09:14:55.917] [bmv2] [D] [thread 103653] [93.0] [cxt 0] Extracting header 'ethernet'
[09:14:55.917] [bmv2] [D] [thread 103653] [93.0] [cxt 0] Parser state 'start': key is 0800
[09:14:55.917] [bmv2] [T] [thread 103653] [93.0] [cxt 0] Bytes parsed: 14
[09:14:55.917] [bmv2] [D] [thread 103653] [93.0] [cxt 0] Parser 'parser' entering state 'parse_ipv4'
[09:14:55.917] [bmv2] [D] [thread 103653] [93.0] [cxt 0] Extracting header 'ipv4'
[09:14:55.917] [bmv2] [D] [thread 103653] [93.0] [cxt 0] Parser state 'parse_ipv4' has no switch, going to default next state
[09:14:55.917] [bmv2] [T] [thread 103653] [93.0] [cxt 0] Bytes parsed: 34
[09:14:55.917] [bmv2] [D] [thread 103653] [93.0] [cxt 0] Parser 'parser': end
[09:14:55.917] [bmv2] [D] [thread 103653] [93.0] [cxt 0] Pipeline 'ingress': start
[09:14:55.917] [bmv2] [T] [thread 103653] [93.0] [cxt 0] switch.p4(116) Condition "hdr.ipv4.isValid()" (node_2) is true
[09:14:55.917] [bmv2] [T] [thread 103653] [93.0] [cxt 0] Applying table 'MyIngress.ipv4_lpm'
[09:14:55.917] [bmv2] [D] [thread 103653] [93.0] [cxt 0] Looking up key:
* hdr.ipv4.dstAddr    : 0a000202

[09:14:55.917] [bmv2] [D] [thread 103653] [93.0] [cxt 0] Table 'MyIngress.ipv4_lpm': hit with handle 1
[09:14:55.917] [bmv2] [D] [thread 103653] [93.0] [cxt 0] Dumping entry 1
Match key:
* hdr.ipv4.dstAddr    : LPM       0a000202/32
Action entry: MyIngress.ipv4_forward - 80000000300,2,

[09:14:55.917] [bmv2] [D] [thread 103653] [93.0] [cxt 0] Action entry is MyIngress.ipv4_forward - 80000000300,2,
[09:14:55.917] [bmv2] [T] [thread 103653] [93.0] [cxt 0] Action MyIngress.ipv4_forward
[09:14:55.917] [bmv2] [T] [thread 103653] [93.0] [cxt 0] switch.p4(96) Primitive standard_metadata.egress_spec = port
[09:14:55.917] [bmv2] [T] [thread 103653] [93.0] [cxt 0] switch.p4(97) Primitive hdr.ethernet.srcAddr = hdr.ethernet.dstAddr
[09:14:55.917] [bmv2] [T] [thread 103653] [93.0] [cxt 0] switch.p4(98) Primitive hdr.ethernet.dstAddr = dstAddr
[09:14:55.917] [bmv2] [T] [thread 103653] [93.0] [cxt 0] switch.p4(99) Primitive hdr.ipv4.ttl = hdr.ipv4.ttl - 1
[09:14:55.917] [bmv2] [D] [thread 103653] [93.0] [cxt 0] Pipeline 'ingress': end
[09:14:55.917] [bmv2] [D] [thread 103653] [93.0] [cxt 0] Egress port is 2
[09:14:55.917] [bmv2] [D] [thread 103656] [93.0] [cxt 0] Pipeline 'egress': start
[09:14:55.917] [bmv2] [D] [thread 103656] [93.0] [cxt 0] Pipeline 'egress': end
[09:14:55.917] [bmv2] [D] [thread 103656] [93.0] [cxt 0] Deparser 'deparser': start
[09:14:55.917] [bmv2] [D] [thread 103656] [93.0] [cxt 0] Updating checksum 'cksum'
[09:14:55.917] [bmv2] [D] [thread 103656] [93.0] [cxt 0] Deparsing header 'ethernet'
[09:14:55.917] [bmv2] [D] [thread 103656] [93.0] [cxt 0] Deparsing header 'ipv4'
[09:14:55.917] [bmv2] [D] [thread 103656] [93.0] [cxt 0] Deparser 'deparser': end
[09:14:55.917] [bmv2] [D] [thread 103658] [93.0] [cxt 0] Transmitting packet of size 48 out of port 2
[09:14:55.923] [bmv2] [D] [thread 103653] [94.0] [cxt 0] Processing packet received on port 2
[09:14:55.923] [bmv2] [D] [thread 103653] [94.0] [cxt 0] Parser 'parser': start
[09:14:55.923] [bmv2] [D] [thread 103653] [94.0] [cxt 0] Parser 'parser' entering state 'start'
[09:14:55.923] [bmv2] [D] [thread 103653] [94.0] [cxt 0] Extracting header 'ethernet'
[09:14:55.923] [bmv2] [D] [thread 103653] [94.0] [cxt 0] Parser state 'start': key is 0800
[09:14:55.923] [bmv2] [T] [thread 103653] [94.0] [cxt 0] Bytes parsed: 14
[09:14:55.923] [bmv2] [D] [thread 103653] [94.0] [cxt 0] Parser 'parser' entering state 'parse_ipv4'
[09:14:55.923] [bmv2] [D] [thread 103653] [94.0] [cxt 0] Extracting header 'ipv4'
[09:14:55.923] [bmv2] [D] [thread 103653] [94.0] [cxt 0] Parser state 'parse_ipv4' has no switch, going to default next state
[09:14:55.923] [bmv2] [T] [thread 103653] [94.0] [cxt 0] Bytes parsed: 34
[09:14:55.923] [bmv2] [D] [thread 103653] [94.0] [cxt 0] Parser 'parser': end
[09:14:55.923] [bmv2] [D] [thread 103653] [94.0] [cxt 0] Pipeline 'ingress': start
[09:14:55.923] [bmv2] [T] [thread 103653] [94.0] [cxt 0] switch.p4(116) Condition "hdr.ipv4.isValid()" (node_2) is true
[09:14:55.923] [bmv2] [T] [thread 103653] [94.0] [cxt 0] Applying table 'MyIngress.ipv4_lpm'
[09:14:55.923] [bmv2] [D] [thread 103653] [94.0] [cxt 0] Looking up key:
* hdr.ipv4.dstAddr    : 0a000101

[09:14:55.923] [bmv2] [D] [thread 103653] [94.0] [cxt 0] Table 'MyIngress.ipv4_lpm': hit with handle 0
[09:14:55.923] [bmv2] [D] [thread 103653] [94.0] [cxt 0] Dumping entry 0
Match key:
* hdr.ipv4.dstAddr    : LPM       0a000101/32
Action entry: MyIngress.ipv4_forward - 80000000100,1,

[09:14:55.923] [bmv2] [D] [thread 103653] [94.0] [cxt 0] Action entry is MyIngress.ipv4_forward - 80000000100,1,
[09:14:55.923] [bmv2] [T] [thread 103653] [94.0] [cxt 0] Action MyIngress.ipv4_forward
[09:14:55.923] [bmv2] [T] [thread 103653] [94.0] [cxt 0] switch.p4(96) Primitive standard_metadata.egress_spec = port
[09:14:55.923] [bmv2] [T] [thread 103653] [94.0] [cxt 0] switch.p4(97) Primitive hdr.ethernet.srcAddr = hdr.ethernet.dstAddr
[09:14:55.923] [bmv2] [T] [thread 103653] [94.0] [cxt 0] switch.p4(98) Primitive hdr.ethernet.dstAddr = dstAddr
[09:14:55.923] [bmv2] [T] [thread 103653] [94.0] [cxt 0] switch.p4(99) Primitive hdr.ipv4.ttl = hdr.ipv4.ttl - 1
[09:14:55.923] [bmv2] [D] [thread 103653] [94.0] [cxt 0] Pipeline 'ingress': end
[09:14:55.923] [bmv2] [D] [thread 103653] [94.0] [cxt 0] Egress port is 1
[09:14:55.923] [bmv2] [D] [thread 103655] [94.0] [cxt 0] Pipeline 'egress': start
[09:14:55.923] [bmv2] [D] [thread 103655] [94.0] [cxt 0] Pipeline 'egress': end
[09:14:55.923] [bmv2] [D] [thread 103655] [94.0] [cxt 0] Deparser 'deparser': start
[09:14:55.923] [bmv2] [D] [thread 103655] [94.0] [cxt 0] Updating checksum 'cksum'
[09:14:55.923] [bmv2] [D] [thread 103655] [94.0] [cxt 0] Deparsing header 'ethernet'
[09:14:55.923] [bmv2] [D] [thread 103655] [94.0] [cxt 0] Deparsing header 'ipv4'
[09:14:55.923] [bmv2] [D] [thread 103655] [94.0] [cxt 0] Deparser 'deparser': end
[09:14:55.923] [bmv2] [D] [thread 103658] [94.0] [cxt 0] Transmitting packet of size 76 out of port 1
[09:14:55.933] [bmv2] [D] [thread 103653] [95.0] [cxt 0] Processing packet received on port 2
[09:14:55.933] [bmv2] [D] [thread 103653] [95.0] [cxt 0] Parser 'parser': start
[09:14:55.933] [bmv2] [D] [thread 103653] [95.0] [cxt 0] Parser 'parser' entering state 'start'
[09:14:55.933] [bmv2] [D] [thread 103653] [95.0] [cxt 0] Extracting header 'ethernet'
[09:14:55.933] [bmv2] [D] [thread 103653] [95.0] [cxt 0] Parser state 'start': key is 0800
[09:14:55.933] [bmv2] [T] [thread 103653] [95.0] [cxt 0] Bytes parsed: 14
[09:14:55.933] [bmv2] [D] [thread 103653] [95.0] [cxt 0] Parser 'parser' entering state 'parse_ipv4'
[09:14:55.933] [bmv2] [D] [thread 103653] [95.0] [cxt 0] Extracting header 'ipv4'
[09:14:55.933] [bmv2] [D] [thread 103653] [95.0] [cxt 0] Parser state 'parse_ipv4' has no switch, going to default next state
[09:14:55.933] [bmv2] [T] [thread 103653] [95.0] [cxt 0] Bytes parsed: 34
[09:14:55.933] [bmv2] [D] [thread 103653] [95.0] [cxt 0] Parser 'parser': end
[09:14:55.933] [bmv2] [D] [thread 103653] [95.0] [cxt 0] Pipeline 'ingress': start
[09:14:55.933] [bmv2] [T] [thread 103653] [95.0] [cxt 0] switch.p4(116) Condition "hdr.ipv4.isValid()" (node_2) is true
[09:14:55.933] [bmv2] [T] [thread 103653] [95.0] [cxt 0] Applying table 'MyIngress.ipv4_lpm'
[09:14:55.933] [bmv2] [D] [thread 103653] [95.0] [cxt 0] Looking up key:
* hdr.ipv4.dstAddr    : 0a000101

[09:14:55.933] [bmv2] [D] [thread 103653] [95.0] [cxt 0] Table 'MyIngress.ipv4_lpm': hit with handle 0
[09:14:55.933] [bmv2] [D] [thread 103653] [95.0] [cxt 0] Dumping entry 0
Match key:
* hdr.ipv4.dstAddr    : LPM       0a000101/32
Action entry: MyIngress.ipv4_forward - 80000000100,1,

[09:14:55.933] [bmv2] [D] [thread 103653] [95.0] [cxt 0] Action entry is MyIngress.ipv4_forward - 80000000100,1,
[09:14:55.933] [bmv2] [T] [thread 103653] [95.0] [cxt 0] Action MyIngress.ipv4_forward
[09:14:55.933] [bmv2] [T] [thread 103653] [95.0] [cxt 0] switch.p4(96) Primitive standard_metadata.egress_spec = port
[09:14:55.933] [bmv2] [T] [thread 103653] [95.0] [cxt 0] switch.p4(97) Primitive hdr.ethernet.srcAddr = hdr.ethernet.dstAddr
[09:14:55.933] [bmv2] [T] [thread 103653] [95.0] [cxt 0] switch.p4(98) Primitive hdr.ethernet.dstAddr = dstAddr
[09:14:55.933] [bmv2] [T] [thread 103653] [95.0] [cxt 0] switch.p4(99) Primitive hdr.ipv4.ttl = hdr.ipv4.ttl - 1
[09:14:55.933] [bmv2] [D] [thread 103653] [95.0] [cxt 0] Pipeline 'ingress': end
[09:14:55.933] [bmv2] [D] [thread 103653] [95.0] [cxt 0] Egress port is 1
[09:14:55.933] [bmv2] [D] [thread 103655] [95.0] [cxt 0] Pipeline 'egress': start
[09:14:55.933] [bmv2] [D] [thread 103655] [95.0] [cxt 0] Pipeline 'egress': end
[09:14:55.933] [bmv2] [D] [thread 103655] [95.0] [cxt 0] Deparser 'deparser': start
[09:14:55.933] [bmv2] [D] [thread 103655] [95.0] [cxt 0] Updating checksum 'cksum'
[09:14:55.933] [bmv2] [D] [thread 103655] [95.0] [cxt 0] Deparsing header 'ethernet'
[09:14:55.933] [bmv2] [D] [thread 103655] [95.0] [cxt 0] Deparsing header 'ipv4'
[09:14:55.933] [bmv2] [D] [thread 103655] [95.0] [cxt 0] Deparser 'deparser': end
[09:14:55.933] [bmv2] [D] [thread 103658] [95.0] [cxt 0] Transmitting packet of size 308 out of port 1
[09:14:55.938] [bmv2] [D] [thread 103653] [96.0] [cxt 0] Processing packet received on port 1
[09:14:55.938] [bmv2] [D] [thread 103653] [96.0] [cxt 0] Parser 'parser': start
[09:14:55.938] [bmv2] [D] [thread 103653] [96.0] [cxt 0] Parser 'parser' entering state 'start'
[09:14:55.938] [bmv2] [D] [thread 103653] [96.0] [cxt 0] Extracting header 'ethernet'
[09:14:55.938] [bmv2] [D] [thread 103653] [96.0] [cxt 0] Parser state 'start': key is 0800
[09:14:55.938] [bmv2] [T] [thread 103653] [96.0] [cxt 0] Bytes parsed: 14
[09:14:55.938] [bmv2] [D] [thread 103653] [96.0] [cxt 0] Parser 'parser' entering state 'parse_ipv4'
[09:14:55.938] [bmv2] [D] [thread 103653] [96.0] [cxt 0] Extracting header 'ipv4'
[09:14:55.938] [bmv2] [D] [thread 103653] [96.0] [cxt 0] Parser state 'parse_ipv4' has no switch, going to default next state
[09:14:55.938] [bmv2] [T] [thread 103653] [96.0] [cxt 0] Bytes parsed: 34
[09:14:55.938] [bmv2] [D] [thread 103653] [96.0] [cxt 0] Parser 'parser': end
[09:14:55.938] [bmv2] [D] [thread 103653] [96.0] [cxt 0] Pipeline 'ingress': start
[09:14:55.938] [bmv2] [T] [thread 103653] [96.0] [cxt 0] switch.p4(116) Condition "hdr.ipv4.isValid()" (node_2) is true
[09:14:55.938] [bmv2] [T] [thread 103653] [96.0] [cxt 0] Applying table 'MyIngress.ipv4_lpm'
[09:14:55.938] [bmv2] [D] [thread 103653] [96.0] [cxt 0] Looking up key:
* hdr.ipv4.dstAddr    : 0a000202

[09:14:55.938] [bmv2] [D] [thread 103653] [96.0] [cxt 0] Table 'MyIngress.ipv4_lpm': hit with handle 1
[09:14:55.938] [bmv2] [D] [thread 103653] [96.0] [cxt 0] Dumping entry 1
Match key:
* hdr.ipv4.dstAddr    : LPM       0a000202/32
Action entry: MyIngress.ipv4_forward - 80000000300,2,

[09:14:55.938] [bmv2] [D] [thread 103653] [96.0] [cxt 0] Action entry is MyIngress.ipv4_forward - 80000000300,2,
[09:14:55.938] [bmv2] [T] [thread 103653] [96.0] [cxt 0] Action MyIngress.ipv4_forward
[09:14:55.938] [bmv2] [T] [thread 103653] [96.0] [cxt 0] switch.p4(96) Primitive standard_metadata.egress_spec = port
[09:14:55.938] [bmv2] [T] [thread 103653] [96.0] [cxt 0] switch.p4(97) Primitive hdr.ethernet.srcAddr = hdr.ethernet.dstAddr
[09:14:55.938] [bmv2] [T] [thread 103653] [96.0] [cxt 0] switch.p4(98) Primitive hdr.ethernet.dstAddr = dstAddr
[09:14:55.938] [bmv2] [T] [thread 103653] [96.0] [cxt 0] switch.p4(99) Primitive hdr.ipv4.ttl = hdr.ipv4.ttl - 1
[09:14:55.938] [bmv2] [D] [thread 103653] [96.0] [cxt 0] Pipeline 'ingress': end
[09:14:55.938] [bmv2] [D] [thread 103653] [96.0] [cxt 0] Egress port is 2
[09:14:55.938] [bmv2] [D] [thread 103656] [96.0] [cxt 0] Pipeline 'egress': start
[09:14:55.938] [bmv2] [D] [thread 103656] [96.0] [cxt 0] Pipeline 'egress': end
[09:14:55.938] [bmv2] [D] [thread 103656] [96.0] [cxt 0] Deparser 'deparser': start
[09:14:55.938] [bmv2] [D] [thread 103656] [96.0] [cxt 0] Updating checksum 'cksum'
[09:14:55.938] [bmv2] [D] [thread 103656] [96.0] [cxt 0] Deparsing header 'ethernet'
[09:14:55.938] [bmv2] [D] [thread 103656] [96.0] [cxt 0] Deparsing header 'ipv4'
[09:14:55.938] [bmv2] [D] [thread 103656] [96.0] [cxt 0] Deparser 'deparser': end
[09:14:55.938] [bmv2] [D] [thread 103658] [96.0] [cxt 0] Transmitting packet of size 336 out of port 2
[09:14:56.981] [bmv2] [D] [thread 103653] [97.0] [cxt 0] Processing packet received on port 1
[09:14:56.981] [bmv2] [D] [thread 103653] [97.0] [cxt 0] Parser 'parser': start
[09:14:56.981] [bmv2] [D] [thread 103653] [97.0] [cxt 0] Parser 'parser' entering state 'start'
[09:14:56.981] [bmv2] [D] [thread 103653] [97.0] [cxt 0] Extracting header 'ethernet'
[09:14:56.981] [bmv2] [D] [thread 103653] [97.0] [cxt 0] Parser state 'start': key is 0800
[09:14:56.981] [bmv2] [T] [thread 103653] [97.0] [cxt 0] Bytes parsed: 14
[09:14:56.981] [bmv2] [D] [thread 103653] [97.0] [cxt 0] Parser 'parser' entering state 'parse_ipv4'
[09:14:56.981] [bmv2] [D] [thread 103653] [97.0] [cxt 0] Extracting header 'ipv4'
[09:14:56.981] [bmv2] [D] [thread 103653] [97.0] [cxt 0] Parser state 'parse_ipv4' has no switch, going to default next state
[09:14:56.981] [bmv2] [T] [thread 103653] [97.0] [cxt 0] Bytes parsed: 34
[09:14:56.981] [bmv2] [D] [thread 103653] [97.0] [cxt 0] Parser 'parser': end
[09:14:56.981] [bmv2] [D] [thread 103653] [97.0] [cxt 0] Pipeline 'ingress': start
[09:14:56.981] [bmv2] [T] [thread 103653] [97.0] [cxt 0] switch.p4(116) Condition "hdr.ipv4.isValid()" (node_2) is true
[09:14:56.981] [bmv2] [T] [thread 103653] [97.0] [cxt 0] Applying table 'MyIngress.ipv4_lpm'
[09:14:56.981] [bmv2] [D] [thread 103653] [97.0] [cxt 0] Looking up key:
* hdr.ipv4.dstAddr    : 0a000202

[09:14:56.981] [bmv2] [D] [thread 103653] [97.0] [cxt 0] Table 'MyIngress.ipv4_lpm': hit with handle 1
[09:14:56.981] [bmv2] [D] [thread 103653] [97.0] [cxt 0] Dumping entry 1
Match key:
* hdr.ipv4.dstAddr    : LPM       0a000202/32
Action entry: MyIngress.ipv4_forward - 80000000300,2,

[09:14:56.981] [bmv2] [D] [thread 103653] [97.0] [cxt 0] Action entry is MyIngress.ipv4_forward - 80000000300,2,
[09:14:56.981] [bmv2] [T] [thread 103653] [97.0] [cxt 0] Action MyIngress.ipv4_forward
[09:14:56.981] [bmv2] [T] [thread 103653] [97.0] [cxt 0] switch.p4(96) Primitive standard_metadata.egress_spec = port
[09:14:56.981] [bmv2] [T] [thread 103653] [97.0] [cxt 0] switch.p4(97) Primitive hdr.ethernet.srcAddr = hdr.ethernet.dstAddr
[09:14:56.981] [bmv2] [T] [thread 103653] [97.0] [cxt 0] switch.p4(98) Primitive hdr.ethernet.dstAddr = dstAddr
[09:14:56.981] [bmv2] [T] [thread 103653] [97.0] [cxt 0] switch.p4(99) Primitive hdr.ipv4.ttl = hdr.ipv4.ttl - 1
[09:14:56.981] [bmv2] [D] [thread 103653] [97.0] [cxt 0] Pipeline 'ingress': end
[09:14:56.981] [bmv2] [D] [thread 103653] [97.0] [cxt 0] Egress port is 2
[09:14:56.981] [bmv2] [D] [thread 103656] [97.0] [cxt 0] Pipeline 'egress': start
[09:14:56.981] [bmv2] [D] [thread 103656] [97.0] [cxt 0] Pipeline 'egress': end
[09:14:56.981] [bmv2] [D] [thread 103656] [97.0] [cxt 0] Deparser 'deparser': start
[09:14:56.981] [bmv2] [D] [thread 103656] [97.0] [cxt 0] Updating checksum 'cksum'
[09:14:56.981] [bmv2] [D] [thread 103656] [97.0] [cxt 0] Deparsing header 'ethernet'
[09:14:56.981] [bmv2] [D] [thread 103656] [97.0] [cxt 0] Deparsing header 'ipv4'
[09:14:56.981] [bmv2] [D] [thread 103656] [97.0] [cxt 0] Deparser 'deparser': end
[09:14:56.981] [bmv2] [D] [thread 103658] [97.0] [cxt 0] Transmitting packet of size 48 out of port 2
[09:14:56.987] [bmv2] [D] [thread 103653] [98.0] [cxt 0] Processing packet received on port 2
[09:14:56.987] [bmv2] [D] [thread 103653] [98.0] [cxt 0] Parser 'parser': start
[09:14:56.987] [bmv2] [D] [thread 103653] [98.0] [cxt 0] Parser 'parser' entering state 'start'
[09:14:56.987] [bmv2] [D] [thread 103653] [98.0] [cxt 0] Extracting header 'ethernet'
[09:14:56.987] [bmv2] [D] [thread 103653] [98.0] [cxt 0] Parser state 'start': key is 0800
[09:14:56.987] [bmv2] [T] [thread 103653] [98.0] [cxt 0] Bytes parsed: 14
[09:14:56.987] [bmv2] [D] [thread 103653] [98.0] [cxt 0] Parser 'parser' entering state 'parse_ipv4'
[09:14:56.987] [bmv2] [D] [thread 103653] [98.0] [cxt 0] Extracting header 'ipv4'
[09:14:56.987] [bmv2] [D] [thread 103653] [98.0] [cxt 0] Parser state 'parse_ipv4' has no switch, going to default next state
[09:14:56.987] [bmv2] [T] [thread 103653] [98.0] [cxt 0] Bytes parsed: 34
[09:14:56.987] [bmv2] [D] [thread 103653] [98.0] [cxt 0] Parser 'parser': end
[09:14:56.987] [bmv2] [D] [thread 103653] [98.0] [cxt 0] Pipeline 'ingress': start
[09:14:56.987] [bmv2] [T] [thread 103653] [98.0] [cxt 0] switch.p4(116) Condition "hdr.ipv4.isValid()" (node_2) is true
[09:14:56.987] [bmv2] [T] [thread 103653] [98.0] [cxt 0] Applying table 'MyIngress.ipv4_lpm'
[09:14:56.987] [bmv2] [D] [thread 103653] [98.0] [cxt 0] Looking up key:
* hdr.ipv4.dstAddr    : 0a000101

[09:14:56.987] [bmv2] [D] [thread 103653] [98.0] [cxt 0] Table 'MyIngress.ipv4_lpm': hit with handle 0
[09:14:56.987] [bmv2] [D] [thread 103653] [98.0] [cxt 0] Dumping entry 0
Match key:
* hdr.ipv4.dstAddr    : LPM       0a000101/32
Action entry: MyIngress.ipv4_forward - 80000000100,1,

[09:14:56.987] [bmv2] [D] [thread 103653] [98.0] [cxt 0] Action entry is MyIngress.ipv4_forward - 80000000100,1,
[09:14:56.987] [bmv2] [T] [thread 103653] [98.0] [cxt 0] Action MyIngress.ipv4_forward
[09:14:56.987] [bmv2] [T] [thread 103653] [98.0] [cxt 0] switch.p4(96) Primitive standard_metadata.egress_spec = port
[09:14:56.987] [bmv2] [T] [thread 103653] [98.0] [cxt 0] switch.p4(97) Primitive hdr.ethernet.srcAddr = hdr.ethernet.dstAddr
[09:14:56.987] [bmv2] [T] [thread 103653] [98.0] [cxt 0] switch.p4(98) Primitive hdr.ethernet.dstAddr = dstAddr
[09:14:56.987] [bmv2] [T] [thread 103653] [98.0] [cxt 0] switch.p4(99) Primitive hdr.ipv4.ttl = hdr.ipv4.ttl - 1
[09:14:56.987] [bmv2] [D] [thread 103653] [98.0] [cxt 0] Pipeline 'ingress': end
[09:14:56.987] [bmv2] [D] [thread 103653] [98.0] [cxt 0] Egress port is 1
[09:14:56.987] [bmv2] [D] [thread 103655] [98.0] [cxt 0] Pipeline 'egress': start
[09:14:56.987] [bmv2] [D] [thread 103655] [98.0] [cxt 0] Pipeline 'egress': end
[09:14:56.987] [bmv2] [D] [thread 103655] [98.0] [cxt 0] Deparser 'deparser': start
[09:14:56.987] [bmv2] [D] [thread 103655] [98.0] [cxt 0] Updating checksum 'cksum'
[09:14:56.987] [bmv2] [D] [thread 103655] [98.0] [cxt 0] Deparsing header 'ethernet'
[09:14:56.987] [bmv2] [D] [thread 103655] [98.0] [cxt 0] Deparsing header 'ipv4'
[09:14:56.987] [bmv2] [D] [thread 103655] [98.0] [cxt 0] Deparser 'deparser': end
[09:14:56.987] [bmv2] [D] [thread 103658] [98.0] [cxt 0] Transmitting packet of size 76 out of port 1
[09:14:57.004] [bmv2] [D] [thread 103653] [99.0] [cxt 0] Processing packet received on port 2
[09:14:57.004] [bmv2] [D] [thread 103653] [99.0] [cxt 0] Parser 'parser': start
[09:14:57.004] [bmv2] [D] [thread 103653] [99.0] [cxt 0] Parser 'parser' entering state 'start'
[09:14:57.004] [bmv2] [D] [thread 103653] [99.0] [cxt 0] Extracting header 'ethernet'
[09:14:57.004] [bmv2] [D] [thread 103653] [99.0] [cxt 0] Parser state 'start': key is 0800
[09:14:57.004] [bmv2] [T] [thread 103653] [99.0] [cxt 0] Bytes parsed: 14
[09:14:57.004] [bmv2] [D] [thread 103653] [99.0] [cxt 0] Parser 'parser' entering state 'parse_ipv4'
[09:14:57.004] [bmv2] [D] [thread 103653] [99.0] [cxt 0] Extracting header 'ipv4'
[09:14:57.004] [bmv2] [D] [thread 103653] [99.0] [cxt 0] Parser state 'parse_ipv4' has no switch, going to default next state
[09:14:57.004] [bmv2] [T] [thread 103653] [99.0] [cxt 0] Bytes parsed: 34
[09:14:57.004] [bmv2] [D] [thread 103653] [99.0] [cxt 0] Parser 'parser': end
[09:14:57.004] [bmv2] [D] [thread 103653] [99.0] [cxt 0] Pipeline 'ingress': start
[09:14:57.004] [bmv2] [T] [thread 103653] [99.0] [cxt 0] switch.p4(116) Condition "hdr.ipv4.isValid()" (node_2) is true
[09:14:57.009] [bmv2] [T] [thread 103653] [99.0] [cxt 0] Applying table 'MyIngress.ipv4_lpm'
[09:14:57.009] [bmv2] [D] [thread 103653] [99.0] [cxt 0] Looking up key:
* hdr.ipv4.dstAddr    : 0a000101

[09:14:57.009] [bmv2] [D] [thread 103653] [99.0] [cxt 0] Table 'MyIngress.ipv4_lpm': hit with handle 0
[09:14:57.009] [bmv2] [D] [thread 103653] [99.0] [cxt 0] Dumping entry 0
Match key:
* hdr.ipv4.dstAddr    : LPM       0a000101/32
Action entry: MyIngress.ipv4_forward - 80000000100,1,

[09:14:57.009] [bmv2] [D] [thread 103653] [99.0] [cxt 0] Action entry is MyIngress.ipv4_forward - 80000000100,1,
[09:14:57.009] [bmv2] [T] [thread 103653] [99.0] [cxt 0] Action MyIngress.ipv4_forward
[09:14:57.009] [bmv2] [T] [thread 103653] [99.0] [cxt 0] switch.p4(96) Primitive standard_metadata.egress_spec = port
[09:14:57.009] [bmv2] [T] [thread 103653] [99.0] [cxt 0] switch.p4(97) Primitive hdr.ethernet.srcAddr = hdr.ethernet.dstAddr
[09:14:57.009] [bmv2] [T] [thread 103653] [99.0] [cxt 0] switch.p4(98) Primitive hdr.ethernet.dstAddr = dstAddr
[09:14:57.009] [bmv2] [T] [thread 103653] [99.0] [cxt 0] switch.p4(99) Primitive hdr.ipv4.ttl = hdr.ipv4.ttl - 1
[09:14:57.009] [bmv2] [D] [thread 103653] [99.0] [cxt 0] Pipeline 'ingress': end
[09:14:57.009] [bmv2] [D] [thread 103653] [99.0] [cxt 0] Egress port is 1
[09:14:57.009] [bmv2] [D] [thread 103655] [99.0] [cxt 0] Pipeline 'egress': start
[09:14:57.009] [bmv2] [D] [thread 103655] [99.0] [cxt 0] Pipeline 'egress': end
[09:14:57.009] [bmv2] [D] [thread 103655] [99.0] [cxt 0] Deparser 'deparser': start
[09:14:57.009] [bmv2] [D] [thread 103655] [99.0] [cxt 0] Updating checksum 'cksum'
[09:14:57.009] [bmv2] [D] [thread 103655] [99.0] [cxt 0] Deparsing header 'ethernet'
[09:14:57.009] [bmv2] [D] [thread 103655] [99.0] [cxt 0] Deparsing header 'ipv4'
[09:14:57.009] [bmv2] [D] [thread 103655] [99.0] [cxt 0] Deparser 'deparser': end
[09:14:57.009] [bmv2] [D] [thread 103658] [99.0] [cxt 0] Transmitting packet of size 308 out of port 1
[09:14:57.013] [bmv2] [D] [thread 103653] [100.0] [cxt 0] Processing packet received on port 1
[09:14:57.013] [bmv2] [D] [thread 103653] [100.0] [cxt 0] Parser 'parser': start
[09:14:57.013] [bmv2] [D] [thread 103653] [100.0] [cxt 0] Parser 'parser' entering state 'start'
[09:14:57.013] [bmv2] [D] [thread 103653] [100.0] [cxt 0] Extracting header 'ethernet'
[09:14:57.013] [bmv2] [D] [thread 103653] [100.0] [cxt 0] Parser state 'start': key is 0800
[09:14:57.013] [bmv2] [T] [thread 103653] [100.0] [cxt 0] Bytes parsed: 14
[09:14:57.013] [bmv2] [D] [thread 103653] [100.0] [cxt 0] Parser 'parser' entering state 'parse_ipv4'
[09:14:57.013] [bmv2] [D] [thread 103653] [100.0] [cxt 0] Extracting header 'ipv4'
[09:14:57.013] [bmv2] [D] [thread 103653] [100.0] [cxt 0] Parser state 'parse_ipv4' has no switch, going to default next state
[09:14:57.013] [bmv2] [T] [thread 103653] [100.0] [cxt 0] Bytes parsed: 34
[09:14:57.013] [bmv2] [D] [thread 103653] [100.0] [cxt 0] Parser 'parser': end
[09:14:57.013] [bmv2] [D] [thread 103653] [100.0] [cxt 0] Pipeline 'ingress': start
[09:14:57.013] [bmv2] [T] [thread 103653] [100.0] [cxt 0] switch.p4(116) Condition "hdr.ipv4.isValid()" (node_2) is true
[09:14:57.013] [bmv2] [T] [thread 103653] [100.0] [cxt 0] Applying table 'MyIngress.ipv4_lpm'
[09:14:57.013] [bmv2] [D] [thread 103653] [100.0] [cxt 0] Looking up key:
* hdr.ipv4.dstAddr    : 0a000202

[09:14:57.013] [bmv2] [D] [thread 103653] [100.0] [cxt 0] Table 'MyIngress.ipv4_lpm': hit with handle 1
[09:14:57.013] [bmv2] [D] [thread 103653] [100.0] [cxt 0] Dumping entry 1
Match key:
* hdr.ipv4.dstAddr    : LPM       0a000202/32
Action entry: MyIngress.ipv4_forward - 80000000300,2,

[09:14:57.013] [bmv2] [D] [thread 103653] [100.0] [cxt 0] Action entry is MyIngress.ipv4_forward - 80000000300,2,
[09:14:57.013] [bmv2] [T] [thread 103653] [100.0] [cxt 0] Action MyIngress.ipv4_forward
[09:14:57.013] [bmv2] [T] [thread 103653] [100.0] [cxt 0] switch.p4(96) Primitive standard_metadata.egress_spec = port
[09:14:57.013] [bmv2] [T] [thread 103653] [100.0] [cxt 0] switch.p4(97) Primitive hdr.ethernet.srcAddr = hdr.ethernet.dstAddr
[09:14:57.013] [bmv2] [T] [thread 103653] [100.0] [cxt 0] switch.p4(98) Primitive hdr.ethernet.dstAddr = dstAddr
[09:14:57.013] [bmv2] [T] [thread 103653] [100.0] [cxt 0] switch.p4(99) Primitive hdr.ipv4.ttl = hdr.ipv4.ttl - 1
[09:14:57.013] [bmv2] [D] [thread 103653] [100.0] [cxt 0] Pipeline 'ingress': end
[09:14:57.013] [bmv2] [D] [thread 103653] [100.0] [cxt 0] Egress port is 2
[09:14:57.013] [bmv2] [D] [thread 103656] [100.0] [cxt 0] Pipeline 'egress': start
[09:14:57.013] [bmv2] [D] [thread 103656] [100.0] [cxt 0] Pipeline 'egress': end
[09:14:57.013] [bmv2] [D] [thread 103656] [100.0] [cxt 0] Deparser 'deparser': start
[09:14:57.013] [bmv2] [D] [thread 103656] [100.0] [cxt 0] Updating checksum 'cksum'
[09:14:57.013] [bmv2] [D] [thread 103656] [100.0] [cxt 0] Deparsing header 'ethernet'
[09:14:57.013] [bmv2] [D] [thread 103656] [100.0] [cxt 0] Deparsing header 'ipv4'
[09:14:57.013] [bmv2] [D] [thread 103656] [100.0] [cxt 0] Deparser 'deparser': end
[09:14:57.013] [bmv2] [D] [thread 103658] [100.0] [cxt 0] Transmitting packet of size 336 out of port 2
[09:14:57.145] [bmv2] [D] [thread 103653] [101.0] [cxt 0] Processing packet received on port 1
[09:14:57.145] [bmv2] [D] [thread 103653] [101.0] [cxt 0] Parser 'parser': start
[09:14:57.145] [bmv2] [D] [thread 103653] [101.0] [cxt 0] Parser 'parser' entering state 'start'
[09:14:57.145] [bmv2] [D] [thread 103653] [101.0] [cxt 0] Extracting header 'ethernet'
[09:14:57.145] [bmv2] [D] [thread 103653] [101.0] [cxt 0] Parser state 'start': key is 86dd
[09:14:57.145] [bmv2] [T] [thread 103653] [101.0] [cxt 0] Bytes parsed: 14
[09:14:57.145] [bmv2] [D] [thread 103653] [101.0] [cxt 0] Parser 'parser': end
[09:14:57.145] [bmv2] [D] [thread 103653] [101.0] [cxt 0] Pipeline 'ingress': start
[09:14:57.145] [bmv2] [T] [thread 103653] [101.0] [cxt 0] switch.p4(116) Condition "hdr.ipv4.isValid()" (node_2) is false
[09:14:57.145] [bmv2] [D] [thread 103653] [101.0] [cxt 0] Pipeline 'ingress': end
[09:14:57.145] [bmv2] [D] [thread 103653] [101.0] [cxt 0] Egress port is 0
[09:14:57.145] [bmv2] [D] [thread 103654] [101.0] [cxt 0] Pipeline 'egress': start
[09:14:57.145] [bmv2] [D] [thread 103654] [101.0] [cxt 0] Pipeline 'egress': end
[09:14:57.145] [bmv2] [D] [thread 103654] [101.0] [cxt 0] Deparser 'deparser': start
[09:14:57.145] [bmv2] [T] [thread 103654] [101.0] [cxt 0] Skipping checksum 'cksum' update because condition not met
[09:14:57.145] [bmv2] [D] [thread 103654] [101.0] [cxt 0] Deparsing header 'ethernet'
[09:14:57.145] [bmv2] [D] [thread 103654] [101.0] [cxt 0] Deparser 'deparser': end
[09:14:57.145] [bmv2] [D] [thread 103658] [101.0] [cxt 0] Transmitting packet of size 70 out of port 0
[09:14:57.657] [bmv2] [D] [thread 103653] [102.0] [cxt 0] Processing packet received on port 2
[09:14:57.657] [bmv2] [D] [thread 103653] [102.0] [cxt 0] Parser 'parser': start
[09:14:57.657] [bmv2] [D] [thread 103653] [102.0] [cxt 0] Parser 'parser' entering state 'start'
[09:14:57.657] [bmv2] [D] [thread 103653] [102.0] [cxt 0] Extracting header 'ethernet'
[09:14:57.657] [bmv2] [D] [thread 103653] [102.0] [cxt 0] Parser state 'start': key is 86dd
[09:14:57.657] [bmv2] [T] [thread 103653] [102.0] [cxt 0] Bytes parsed: 14
[09:14:57.657] [bmv2] [D] [thread 103653] [102.0] [cxt 0] Parser 'parser': end
[09:14:57.657] [bmv2] [D] [thread 103653] [102.0] [cxt 0] Pipeline 'ingress': start
[09:14:57.657] [bmv2] [T] [thread 103653] [102.0] [cxt 0] switch.p4(116) Condition "hdr.ipv4.isValid()" (node_2) is false
[09:14:57.657] [bmv2] [D] [thread 103653] [102.0] [cxt 0] Pipeline 'ingress': end
[09:14:57.657] [bmv2] [D] [thread 103653] [102.0] [cxt 0] Egress port is 0
[09:14:57.657] [bmv2] [D] [thread 103654] [102.0] [cxt 0] Pipeline 'egress': start
[09:14:57.657] [bmv2] [D] [thread 103654] [102.0] [cxt 0] Pipeline 'egress': end
[09:14:57.657] [bmv2] [D] [thread 103654] [102.0] [cxt 0] Deparser 'deparser': start
[09:14:57.657] [bmv2] [T] [thread 103654] [102.0] [cxt 0] Skipping checksum 'cksum' update because condition not met
[09:14:57.657] [bmv2] [D] [thread 103654] [102.0] [cxt 0] Deparsing header 'ethernet'
[09:14:57.657] [bmv2] [D] [thread 103654] [102.0] [cxt 0] Deparser 'deparser': end
[09:14:57.657] [bmv2] [D] [thread 103653] [103.0] [cxt 0] Processing packet received on port 2
[09:14:57.657] [bmv2] [D] [thread 103653] [103.0] [cxt 0] Parser 'parser': start
[09:14:57.657] [bmv2] [D] [thread 103653] [103.0] [cxt 0] Parser 'parser' entering state 'start'
[09:14:57.657] [bmv2] [D] [thread 103653] [103.0] [cxt 0] Extracting header 'ethernet'
[09:14:57.657] [bmv2] [D] [thread 103658] [102.0] [cxt 0] Transmitting packet of size 70 out of port 0
[09:14:57.658] [bmv2] [D] [thread 103653] [103.0] [cxt 0] Parser state 'start': key is 86dd
[09:14:57.658] [bmv2] [T] [thread 103653] [103.0] [cxt 0] Bytes parsed: 14
[09:14:57.658] [bmv2] [D] [thread 103653] [103.0] [cxt 0] Parser 'parser': end
[09:14:57.658] [bmv2] [D] [thread 103653] [103.0] [cxt 0] Pipeline 'ingress': start
[09:14:57.658] [bmv2] [T] [thread 103653] [103.0] [cxt 0] switch.p4(116) Condition "hdr.ipv4.isValid()" (node_2) is false
[09:14:57.658] [bmv2] [D] [thread 103653] [103.0] [cxt 0] Pipeline 'ingress': end
[09:14:57.658] [bmv2] [D] [thread 103653] [103.0] [cxt 0] Egress port is 0
[09:14:57.658] [bmv2] [D] [thread 103654] [103.0] [cxt 0] Pipeline 'egress': start
[09:14:57.658] [bmv2] [D] [thread 103654] [103.0] [cxt 0] Pipeline 'egress': end
[09:14:57.658] [bmv2] [D] [thread 103654] [103.0] [cxt 0] Deparser 'deparser': start
[09:14:57.658] [bmv2] [T] [thread 103654] [103.0] [cxt 0] Skipping checksum 'cksum' update because condition not met
[09:14:57.658] [bmv2] [D] [thread 103654] [103.0] [cxt 0] Deparsing header 'ethernet'
[09:14:57.658] [bmv2] [D] [thread 103654] [103.0] [cxt 0] Deparser 'deparser': end
[09:14:57.658] [bmv2] [D] [thread 103658] [103.0] [cxt 0] Transmitting packet of size 70 out of port 0
[09:14:57.996] [bmv2] [D] [thread 103653] [104.0] [cxt 0] Processing packet received on port 1
[09:14:57.996] [bmv2] [D] [thread 103653] [104.0] [cxt 0] Parser 'parser': start
[09:14:57.996] [bmv2] [D] [thread 103653] [104.0] [cxt 0] Parser 'parser' entering state 'start'
[09:14:57.996] [bmv2] [D] [thread 103653] [104.0] [cxt 0] Extracting header 'ethernet'
[09:14:57.996] [bmv2] [D] [thread 103653] [104.0] [cxt 0] Parser state 'start': key is 0800
[09:14:58.002] [bmv2] [T] [thread 103653] [104.0] [cxt 0] Bytes parsed: 14
[09:14:58.002] [bmv2] [D] [thread 103653] [104.0] [cxt 0] Parser 'parser' entering state 'parse_ipv4'
[09:14:58.002] [bmv2] [D] [thread 103653] [104.0] [cxt 0] Extracting header 'ipv4'
[09:14:58.002] [bmv2] [D] [thread 103653] [104.0] [cxt 0] Parser state 'parse_ipv4' has no switch, going to default next state
[09:14:58.002] [bmv2] [T] [thread 103653] [104.0] [cxt 0] Bytes parsed: 34
[09:14:58.002] [bmv2] [D] [thread 103653] [104.0] [cxt 0] Parser 'parser': end
[09:14:58.002] [bmv2] [D] [thread 103653] [104.0] [cxt 0] Pipeline 'ingress': start
[09:14:58.002] [bmv2] [T] [thread 103653] [104.0] [cxt 0] switch.p4(116) Condition "hdr.ipv4.isValid()" (node_2) is true
[09:14:58.002] [bmv2] [T] [thread 103653] [104.0] [cxt 0] Applying table 'MyIngress.ipv4_lpm'
[09:14:58.002] [bmv2] [D] [thread 103653] [104.0] [cxt 0] Looking up key:
* hdr.ipv4.dstAddr    : 0a000202

[09:14:58.002] [bmv2] [D] [thread 103653] [104.0] [cxt 0] Table 'MyIngress.ipv4_lpm': hit with handle 1
[09:14:58.002] [bmv2] [D] [thread 103653] [104.0] [cxt 0] Dumping entry 1
Match key:
* hdr.ipv4.dstAddr    : LPM       0a000202/32
Action entry: MyIngress.ipv4_forward - 80000000300,2,

[09:14:58.002] [bmv2] [D] [thread 103653] [104.0] [cxt 0] Action entry is MyIngress.ipv4_forward - 80000000300,2,
[09:14:58.002] [bmv2] [T] [thread 103653] [104.0] [cxt 0] Action MyIngress.ipv4_forward
[09:14:58.002] [bmv2] [T] [thread 103653] [104.0] [cxt 0] switch.p4(96) Primitive standard_metadata.egress_spec = port
[09:14:58.002] [bmv2] [T] [thread 103653] [104.0] [cxt 0] switch.p4(97) Primitive hdr.ethernet.srcAddr = hdr.ethernet.dstAddr
[09:14:58.002] [bmv2] [T] [thread 103653] [104.0] [cxt 0] switch.p4(98) Primitive hdr.ethernet.dstAddr = dstAddr
[09:14:58.002] [bmv2] [T] [thread 103653] [104.0] [cxt 0] switch.p4(99) Primitive hdr.ipv4.ttl = hdr.ipv4.ttl - 1
[09:14:58.002] [bmv2] [D] [thread 103653] [104.0] [cxt 0] Pipeline 'ingress': end
[09:14:58.002] [bmv2] [D] [thread 103653] [104.0] [cxt 0] Egress port is 2
[09:14:58.002] [bmv2] [D] [thread 103656] [104.0] [cxt 0] Pipeline 'egress': start
[09:14:58.002] [bmv2] [D] [thread 103656] [104.0] [cxt 0] Pipeline 'egress': end
[09:14:58.002] [bmv2] [D] [thread 103656] [104.0] [cxt 0] Deparser 'deparser': start
[09:14:58.002] [bmv2] [D] [thread 103656] [104.0] [cxt 0] Updating checksum 'cksum'
[09:14:58.002] [bmv2] [D] [thread 103656] [104.0] [cxt 0] Deparsing header 'ethernet'
[09:14:58.002] [bmv2] [D] [thread 103656] [104.0] [cxt 0] Deparsing header 'ipv4'
[09:14:58.002] [bmv2] [D] [thread 103656] [104.0] [cxt 0] Deparser 'deparser': end
[09:14:58.002] [bmv2] [D] [thread 103658] [104.0] [cxt 0] Transmitting packet of size 48 out of port 2
[09:14:58.002] [bmv2] [D] [thread 103653] [105.0] [cxt 0] Processing packet received on port 2
[09:14:58.002] [bmv2] [D] [thread 103653] [105.0] [cxt 0] Parser 'parser': start
[09:14:58.002] [bmv2] [D] [thread 103653] [105.0] [cxt 0] Parser 'parser' entering state 'start'
[09:14:58.002] [bmv2] [D] [thread 103653] [105.0] [cxt 0] Extracting header 'ethernet'
[09:14:58.002] [bmv2] [D] [thread 103653] [105.0] [cxt 0] Parser state 'start': key is 0800
[09:14:58.002] [bmv2] [T] [thread 103653] [105.0] [cxt 0] Bytes parsed: 14
[09:14:58.002] [bmv2] [D] [thread 103653] [105.0] [cxt 0] Parser 'parser' entering state 'parse_ipv4'
[09:14:58.002] [bmv2] [D] [thread 103653] [105.0] [cxt 0] Extracting header 'ipv4'
[09:14:58.002] [bmv2] [D] [thread 103653] [105.0] [cxt 0] Parser state 'parse_ipv4' has no switch, going to default next state
[09:14:58.002] [bmv2] [T] [thread 103653] [105.0] [cxt 0] Bytes parsed: 34
[09:14:58.002] [bmv2] [D] [thread 103653] [105.0] [cxt 0] Parser 'parser': end
[09:14:58.002] [bmv2] [D] [thread 103653] [105.0] [cxt 0] Pipeline 'ingress': start
[09:14:58.002] [bmv2] [T] [thread 103653] [105.0] [cxt 0] switch.p4(116) Condition "hdr.ipv4.isValid()" (node_2) is true
[09:14:58.002] [bmv2] [T] [thread 103653] [105.0] [cxt 0] Applying table 'MyIngress.ipv4_lpm'
[09:14:58.002] [bmv2] [D] [thread 103653] [105.0] [cxt 0] Looking up key:
* hdr.ipv4.dstAddr    : 0a000101

[09:14:58.002] [bmv2] [D] [thread 103653] [105.0] [cxt 0] Table 'MyIngress.ipv4_lpm': hit with handle 0
[09:14:58.002] [bmv2] [D] [thread 103653] [105.0] [cxt 0] Dumping entry 0
Match key:
* hdr.ipv4.dstAddr    : LPM       0a000101/32
Action entry: MyIngress.ipv4_forward - 80000000100,1,

[09:14:58.002] [bmv2] [D] [thread 103653] [105.0] [cxt 0] Action entry is MyIngress.ipv4_forward - 80000000100,1,
[09:14:58.002] [bmv2] [T] [thread 103653] [105.0] [cxt 0] Action MyIngress.ipv4_forward
[09:14:58.002] [bmv2] [T] [thread 103653] [105.0] [cxt 0] switch.p4(96) Primitive standard_metadata.egress_spec = port
[09:14:58.002] [bmv2] [T] [thread 103653] [105.0] [cxt 0] switch.p4(97) Primitive hdr.ethernet.srcAddr = hdr.ethernet.dstAddr
[09:14:58.002] [bmv2] [T] [thread 103653] [105.0] [cxt 0] switch.p4(98) Primitive hdr.ethernet.dstAddr = dstAddr
[09:14:58.002] [bmv2] [T] [thread 103653] [105.0] [cxt 0] switch.p4(99) Primitive hdr.ipv4.ttl = hdr.ipv4.ttl - 1
[09:14:58.002] [bmv2] [D] [thread 103653] [105.0] [cxt 0] Pipeline 'ingress': end
[09:14:58.002] [bmv2] [D] [thread 103653] [105.0] [cxt 0] Egress port is 1
[09:14:58.002] [bmv2] [D] [thread 103655] [105.0] [cxt 0] Pipeline 'egress': start
[09:14:58.002] [bmv2] [D] [thread 103655] [105.0] [cxt 0] Pipeline 'egress': end
[09:14:58.002] [bmv2] [D] [thread 103655] [105.0] [cxt 0] Deparser 'deparser': start
[09:14:58.002] [bmv2] [D] [thread 103655] [105.0] [cxt 0] Updating checksum 'cksum'
[09:14:58.002] [bmv2] [D] [thread 103655] [105.0] [cxt 0] Deparsing header 'ethernet'
[09:14:58.002] [bmv2] [D] [thread 103655] [105.0] [cxt 0] Deparsing header 'ipv4'
[09:14:58.002] [bmv2] [D] [thread 103655] [105.0] [cxt 0] Deparser 'deparser': end
[09:14:58.002] [bmv2] [D] [thread 103658] [105.0] [cxt 0] Transmitting packet of size 76 out of port 1
[09:14:58.012] [bmv2] [D] [thread 103653] [106.0] [cxt 0] Processing packet received on port 2
[09:14:58.012] [bmv2] [D] [thread 103653] [106.0] [cxt 0] Parser 'parser': start
[09:14:58.012] [bmv2] [D] [thread 103653] [106.0] [cxt 0] Parser 'parser' entering state 'start'
[09:14:58.012] [bmv2] [D] [thread 103653] [106.0] [cxt 0] Extracting header 'ethernet'
[09:14:58.012] [bmv2] [D] [thread 103653] [106.0] [cxt 0] Parser state 'start': key is 0800
[09:14:58.012] [bmv2] [T] [thread 103653] [106.0] [cxt 0] Bytes parsed: 14
[09:14:58.012] [bmv2] [D] [thread 103653] [106.0] [cxt 0] Parser 'parser' entering state 'parse_ipv4'
[09:14:58.012] [bmv2] [D] [thread 103653] [106.0] [cxt 0] Extracting header 'ipv4'
[09:14:58.012] [bmv2] [D] [thread 103653] [106.0] [cxt 0] Parser state 'parse_ipv4' has no switch, going to default next state
[09:14:58.012] [bmv2] [T] [thread 103653] [106.0] [cxt 0] Bytes parsed: 34
[09:14:58.012] [bmv2] [D] [thread 103653] [106.0] [cxt 0] Parser 'parser': end
[09:14:58.012] [bmv2] [D] [thread 103653] [106.0] [cxt 0] Pipeline 'ingress': start
[09:14:58.012] [bmv2] [T] [thread 103653] [106.0] [cxt 0] switch.p4(116) Condition "hdr.ipv4.isValid()" (node_2) is true
[09:14:58.012] [bmv2] [T] [thread 103653] [106.0] [cxt 0] Applying table 'MyIngress.ipv4_lpm'
[09:14:58.012] [bmv2] [D] [thread 103653] [106.0] [cxt 0] Looking up key:
* hdr.ipv4.dstAddr    : 0a000101

[09:14:58.012] [bmv2] [D] [thread 103653] [106.0] [cxt 0] Table 'MyIngress.ipv4_lpm': hit with handle 0
[09:14:58.012] [bmv2] [D] [thread 103653] [106.0] [cxt 0] Dumping entry 0
Match key:
* hdr.ipv4.dstAddr    : LPM       0a000101/32
Action entry: MyIngress.ipv4_forward - 80000000100,1,

[09:14:58.012] [bmv2] [D] [thread 103653] [106.0] [cxt 0] Action entry is MyIngress.ipv4_forward - 80000000100,1,
[09:14:58.012] [bmv2] [T] [thread 103653] [106.0] [cxt 0] Action MyIngress.ipv4_forward
[09:14:58.012] [bmv2] [T] [thread 103653] [106.0] [cxt 0] switch.p4(96) Primitive standard_metadata.egress_spec = port
[09:14:58.012] [bmv2] [T] [thread 103653] [106.0] [cxt 0] switch.p4(97) Primitive hdr.ethernet.srcAddr = hdr.ethernet.dstAddr
[09:14:58.012] [bmv2] [T] [thread 103653] [106.0] [cxt 0] switch.p4(98) Primitive hdr.ethernet.dstAddr = dstAddr
[09:14:58.012] [bmv2] [T] [thread 103653] [106.0] [cxt 0] switch.p4(99) Primitive hdr.ipv4.ttl = hdr.ipv4.ttl - 1
[09:14:58.012] [bmv2] [D] [thread 103653] [106.0] [cxt 0] Pipeline 'ingress': end
[09:14:58.012] [bmv2] [D] [thread 103653] [106.0] [cxt 0] Egress port is 1
[09:14:58.012] [bmv2] [D] [thread 103655] [106.0] [cxt 0] Pipeline 'egress': start
[09:14:58.012] [bmv2] [D] [thread 103655] [106.0] [cxt 0] Pipeline 'egress': end
[09:14:58.012] [bmv2] [D] [thread 103655] [106.0] [cxt 0] Deparser 'deparser': start
[09:14:58.012] [bmv2] [D] [thread 103655] [106.0] [cxt 0] Updating checksum 'cksum'
[09:14:58.012] [bmv2] [D] [thread 103655] [106.0] [cxt 0] Deparsing header 'ethernet'
[09:14:58.012] [bmv2] [D] [thread 103655] [106.0] [cxt 0] Deparsing header 'ipv4'
[09:14:58.012] [bmv2] [D] [thread 103655] [106.0] [cxt 0] Deparser 'deparser': end
[09:14:58.012] [bmv2] [D] [thread 103658] [106.0] [cxt 0] Transmitting packet of size 308 out of port 1
[09:14:58.023] [bmv2] [D] [thread 103653] [107.0] [cxt 0] Processing packet received on port 1
[09:14:58.023] [bmv2] [D] [thread 103653] [107.0] [cxt 0] Parser 'parser': start
[09:14:58.023] [bmv2] [D] [thread 103653] [107.0] [cxt 0] Parser 'parser' entering state 'start'
[09:14:58.023] [bmv2] [D] [thread 103653] [107.0] [cxt 0] Extracting header 'ethernet'
[09:14:58.023] [bmv2] [D] [thread 103653] [107.0] [cxt 0] Parser state 'start': key is 0800
[09:14:58.023] [bmv2] [T] [thread 103653] [107.0] [cxt 0] Bytes parsed: 14
[09:14:58.023] [bmv2] [D] [thread 103653] [107.0] [cxt 0] Parser 'parser' entering state 'parse_ipv4'
[09:14:58.023] [bmv2] [D] [thread 103653] [107.0] [cxt 0] Extracting header 'ipv4'
[09:14:58.023] [bmv2] [D] [thread 103653] [107.0] [cxt 0] Parser state 'parse_ipv4' has no switch, going to default next state
[09:14:58.023] [bmv2] [T] [thread 103653] [107.0] [cxt 0] Bytes parsed: 34
[09:14:58.023] [bmv2] [D] [thread 103653] [107.0] [cxt 0] Parser 'parser': end
[09:14:58.023] [bmv2] [D] [thread 103653] [107.0] [cxt 0] Pipeline 'ingress': start
[09:14:58.023] [bmv2] [T] [thread 103653] [107.0] [cxt 0] switch.p4(116) Condition "hdr.ipv4.isValid()" (node_2) is true
[09:14:58.023] [bmv2] [T] [thread 103653] [107.0] [cxt 0] Applying table 'MyIngress.ipv4_lpm'
[09:14:58.023] [bmv2] [D] [thread 103653] [107.0] [cxt 0] Looking up key:
* hdr.ipv4.dstAddr    : 0a000202

[09:14:58.023] [bmv2] [D] [thread 103653] [107.0] [cxt 0] Table 'MyIngress.ipv4_lpm': hit with handle 1
[09:14:58.023] [bmv2] [D] [thread 103653] [107.0] [cxt 0] Dumping entry 1
Match key:
* hdr.ipv4.dstAddr    : LPM       0a000202/32
Action entry: MyIngress.ipv4_forward - 80000000300,2,

[09:14:58.023] [bmv2] [D] [thread 103653] [107.0] [cxt 0] Action entry is MyIngress.ipv4_forward - 80000000300,2,
[09:14:58.023] [bmv2] [T] [thread 103653] [107.0] [cxt 0] Action MyIngress.ipv4_forward
[09:14:58.023] [bmv2] [T] [thread 103653] [107.0] [cxt 0] switch.p4(96) Primitive standard_metadata.egress_spec = port
[09:14:58.023] [bmv2] [T] [thread 103653] [107.0] [cxt 0] switch.p4(97) Primitive hdr.ethernet.srcAddr = hdr.ethernet.dstAddr
[09:14:58.023] [bmv2] [T] [thread 103653] [107.0] [cxt 0] switch.p4(98) Primitive hdr.ethernet.dstAddr = dstAddr
[09:14:58.023] [bmv2] [T] [thread 103653] [107.0] [cxt 0] switch.p4(99) Primitive hdr.ipv4.ttl = hdr.ipv4.ttl - 1
[09:14:58.023] [bmv2] [D] [thread 103653] [107.0] [cxt 0] Pipeline 'ingress': end
[09:14:58.023] [bmv2] [D] [thread 103653] [107.0] [cxt 0] Egress port is 2
[09:14:58.023] [bmv2] [D] [thread 103656] [107.0] [cxt 0] Pipeline 'egress': start
[09:14:58.023] [bmv2] [D] [thread 103656] [107.0] [cxt 0] Pipeline 'egress': end
[09:14:58.023] [bmv2] [D] [thread 103656] [107.0] [cxt 0] Deparser 'deparser': start
[09:14:58.023] [bmv2] [D] [thread 103656] [107.0] [cxt 0] Updating checksum 'cksum'
[09:14:58.023] [bmv2] [D] [thread 103656] [107.0] [cxt 0] Deparsing header 'ethernet'
[09:14:58.023] [bmv2] [D] [thread 103656] [107.0] [cxt 0] Deparsing header 'ipv4'
[09:14:58.023] [bmv2] [D] [thread 103656] [107.0] [cxt 0] Deparser 'deparser': end
[09:14:58.023] [bmv2] [D] [thread 103658] [107.0] [cxt 0] Transmitting packet of size 336 out of port 2
[09:14:58.810] [bmv2] [D] [thread 103653] [108.0] [cxt 0] Processing packet received on port 2
[09:14:58.810] [bmv2] [D] [thread 103653] [108.0] [cxt 0] Parser 'parser': start
[09:14:58.810] [bmv2] [D] [thread 103653] [108.0] [cxt 0] Parser 'parser' entering state 'start'
[09:14:58.810] [bmv2] [D] [thread 103653] [108.0] [cxt 0] Extracting header 'ethernet'
[09:14:58.810] [bmv2] [D] [thread 103653] [108.0] [cxt 0] Parser state 'start': key is 86dd
[09:14:58.810] [bmv2] [T] [thread 103653] [108.0] [cxt 0] Bytes parsed: 14
[09:14:58.810] [bmv2] [D] [thread 103653] [108.0] [cxt 0] Parser 'parser': end
[09:14:58.810] [bmv2] [D] [thread 103653] [108.0] [cxt 0] Pipeline 'ingress': start
[09:14:58.810] [bmv2] [T] [thread 103653] [108.0] [cxt 0] switch.p4(116) Condition "hdr.ipv4.isValid()" (node_2) is false
[09:14:58.810] [bmv2] [D] [thread 103653] [108.0] [cxt 0] Pipeline 'ingress': end
[09:14:58.810] [bmv2] [D] [thread 103653] [108.0] [cxt 0] Egress port is 0
[09:14:58.811] [bmv2] [D] [thread 103654] [108.0] [cxt 0] Pipeline 'egress': start
[09:14:58.811] [bmv2] [D] [thread 103654] [108.0] [cxt 0] Pipeline 'egress': end
[09:14:58.811] [bmv2] [D] [thread 103654] [108.0] [cxt 0] Deparser 'deparser': start
[09:14:58.811] [bmv2] [T] [thread 103654] [108.0] [cxt 0] Skipping checksum 'cksum' update because condition not met
[09:14:58.811] [bmv2] [D] [thread 103654] [108.0] [cxt 0] Deparsing header 'ethernet'
[09:14:58.811] [bmv2] [D] [thread 103654] [108.0] [cxt 0] Deparser 'deparser': end
[09:14:58.811] [bmv2] [D] [thread 103658] [108.0] [cxt 0] Transmitting packet of size 203 out of port 0
[09:14:59.029] [bmv2] [D] [thread 103653] [109.0] [cxt 0] Processing packet received on port 1
[09:14:59.029] [bmv2] [D] [thread 103653] [109.0] [cxt 0] Parser 'parser': start
[09:14:59.029] [bmv2] [D] [thread 103653] [109.0] [cxt 0] Parser 'parser' entering state 'start'
[09:14:59.029] [bmv2] [D] [thread 103653] [109.0] [cxt 0] Extracting header 'ethernet'
[09:14:59.029] [bmv2] [D] [thread 103653] [109.0] [cxt 0] Parser state 'start': key is 0800
[09:14:59.029] [bmv2] [T] [thread 103653] [109.0] [cxt 0] Bytes parsed: 14
[09:14:59.029] [bmv2] [D] [thread 103653] [109.0] [cxt 0] Parser 'parser' entering state 'parse_ipv4'
[09:14:59.029] [bmv2] [D] [thread 103653] [109.0] [cxt 0] Extracting header 'ipv4'
[09:14:59.029] [bmv2] [D] [thread 103653] [109.0] [cxt 0] Parser state 'parse_ipv4' has no switch, going to default next state
[09:14:59.029] [bmv2] [T] [thread 103653] [109.0] [cxt 0] Bytes parsed: 34
[09:14:59.029] [bmv2] [D] [thread 103653] [109.0] [cxt 0] Parser 'parser': end
[09:14:59.029] [bmv2] [D] [thread 103653] [109.0] [cxt 0] Pipeline 'ingress': start
[09:14:59.029] [bmv2] [T] [thread 103653] [109.0] [cxt 0] switch.p4(116) Condition "hdr.ipv4.isValid()" (node_2) is true
[09:14:59.029] [bmv2] [T] [thread 103653] [109.0] [cxt 0] Applying table 'MyIngress.ipv4_lpm'
[09:14:59.029] [bmv2] [D] [thread 103653] [109.0] [cxt 0] Looking up key:
* hdr.ipv4.dstAddr    : 0a000202

[09:14:59.029] [bmv2] [D] [thread 103653] [109.0] [cxt 0] Table 'MyIngress.ipv4_lpm': hit with handle 1
[09:14:59.029] [bmv2] [D] [thread 103653] [109.0] [cxt 0] Dumping entry 1
Match key:
* hdr.ipv4.dstAddr    : LPM       0a000202/32
Action entry: MyIngress.ipv4_forward - 80000000300,2,

[09:14:59.029] [bmv2] [D] [thread 103653] [109.0] [cxt 0] Action entry is MyIngress.ipv4_forward - 80000000300,2,
[09:14:59.029] [bmv2] [T] [thread 103653] [109.0] [cxt 0] Action MyIngress.ipv4_forward
[09:14:59.029] [bmv2] [T] [thread 103653] [109.0] [cxt 0] switch.p4(96) Primitive standard_metadata.egress_spec = port
[09:14:59.029] [bmv2] [T] [thread 103653] [109.0] [cxt 0] switch.p4(97) Primitive hdr.ethernet.srcAddr = hdr.ethernet.dstAddr
[09:14:59.029] [bmv2] [T] [thread 103653] [109.0] [cxt 0] switch.p4(98) Primitive hdr.ethernet.dstAddr = dstAddr
[09:14:59.029] [bmv2] [T] [thread 103653] [109.0] [cxt 0] switch.p4(99) Primitive hdr.ipv4.ttl = hdr.ipv4.ttl - 1
[09:14:59.029] [bmv2] [D] [thread 103653] [109.0] [cxt 0] Pipeline 'ingress': end
[09:14:59.029] [bmv2] [D] [thread 103653] [109.0] [cxt 0] Egress port is 2
[09:14:59.029] [bmv2] [D] [thread 103656] [109.0] [cxt 0] Pipeline 'egress': start
[09:14:59.029] [bmv2] [D] [thread 103656] [109.0] [cxt 0] Pipeline 'egress': end
[09:14:59.029] [bmv2] [D] [thread 103656] [109.0] [cxt 0] Deparser 'deparser': start
[09:14:59.029] [bmv2] [D] [thread 103656] [109.0] [cxt 0] Updating checksum 'cksum'
[09:14:59.029] [bmv2] [D] [thread 103656] [109.0] [cxt 0] Deparsing header 'ethernet'
[09:14:59.029] [bmv2] [D] [thread 103656] [109.0] [cxt 0] Deparsing header 'ipv4'
[09:14:59.029] [bmv2] [D] [thread 103656] [109.0] [cxt 0] Deparser 'deparser': end
[09:14:59.029] [bmv2] [D] [thread 103658] [109.0] [cxt 0] Transmitting packet of size 48 out of port 2
[09:14:59.034] [bmv2] [D] [thread 103653] [110.0] [cxt 0] Processing packet received on port 2
[09:14:59.034] [bmv2] [D] [thread 103653] [110.0] [cxt 0] Parser 'parser': start
[09:14:59.034] [bmv2] [D] [thread 103653] [110.0] [cxt 0] Parser 'parser' entering state 'start'
[09:14:59.034] [bmv2] [D] [thread 103653] [110.0] [cxt 0] Extracting header 'ethernet'
[09:14:59.034] [bmv2] [D] [thread 103653] [110.0] [cxt 0] Parser state 'start': key is 0800
[09:14:59.034] [bmv2] [T] [thread 103653] [110.0] [cxt 0] Bytes parsed: 14
[09:14:59.034] [bmv2] [D] [thread 103653] [110.0] [cxt 0] Parser 'parser' entering state 'parse_ipv4'
[09:14:59.034] [bmv2] [D] [thread 103653] [110.0] [cxt 0] Extracting header 'ipv4'
[09:14:59.034] [bmv2] [D] [thread 103653] [110.0] [cxt 0] Parser state 'parse_ipv4' has no switch, going to default next state
[09:14:59.034] [bmv2] [T] [thread 103653] [110.0] [cxt 0] Bytes parsed: 34
[09:14:59.034] [bmv2] [D] [thread 103653] [110.0] [cxt 0] Parser 'parser': end
[09:14:59.034] [bmv2] [D] [thread 103653] [110.0] [cxt 0] Pipeline 'ingress': start
[09:14:59.034] [bmv2] [T] [thread 103653] [110.0] [cxt 0] switch.p4(116) Condition "hdr.ipv4.isValid()" (node_2) is true
[09:14:59.034] [bmv2] [T] [thread 103653] [110.0] [cxt 0] Applying table 'MyIngress.ipv4_lpm'
[09:14:59.034] [bmv2] [D] [thread 103653] [110.0] [cxt 0] Looking up key:
* hdr.ipv4.dstAddr    : 0a000101

[09:14:59.034] [bmv2] [D] [thread 103653] [110.0] [cxt 0] Table 'MyIngress.ipv4_lpm': hit with handle 0
[09:14:59.034] [bmv2] [D] [thread 103653] [110.0] [cxt 0] Dumping entry 0
Match key:
* hdr.ipv4.dstAddr    : LPM       0a000101/32
Action entry: MyIngress.ipv4_forward - 80000000100,1,

[09:14:59.034] [bmv2] [D] [thread 103653] [110.0] [cxt 0] Action entry is MyIngress.ipv4_forward - 80000000100,1,
[09:14:59.034] [bmv2] [T] [thread 103653] [110.0] [cxt 0] Action MyIngress.ipv4_forward
[09:14:59.034] [bmv2] [T] [thread 103653] [110.0] [cxt 0] switch.p4(96) Primitive standard_metadata.egress_spec = port
[09:14:59.034] [bmv2] [T] [thread 103653] [110.0] [cxt 0] switch.p4(97) Primitive hdr.ethernet.srcAddr = hdr.ethernet.dstAddr
[09:14:59.034] [bmv2] [T] [thread 103653] [110.0] [cxt 0] switch.p4(98) Primitive hdr.ethernet.dstAddr = dstAddr
[09:14:59.034] [bmv2] [T] [thread 103653] [110.0] [cxt 0] switch.p4(99) Primitive hdr.ipv4.ttl = hdr.ipv4.ttl - 1
[09:14:59.034] [bmv2] [D] [thread 103653] [110.0] [cxt 0] Pipeline 'ingress': end
[09:14:59.034] [bmv2] [D] [thread 103653] [110.0] [cxt 0] Egress port is 1
[09:14:59.034] [bmv2] [D] [thread 103655] [110.0] [cxt 0] Pipeline 'egress': start
[09:14:59.034] [bmv2] [D] [thread 103655] [110.0] [cxt 0] Pipeline 'egress': end
[09:14:59.034] [bmv2] [D] [thread 103655] [110.0] [cxt 0] Deparser 'deparser': start
[09:14:59.034] [bmv2] [D] [thread 103655] [110.0] [cxt 0] Updating checksum 'cksum'
[09:14:59.034] [bmv2] [D] [thread 103655] [110.0] [cxt 0] Deparsing header 'ethernet'
[09:14:59.034] [bmv2] [D] [thread 103655] [110.0] [cxt 0] Deparsing header 'ipv4'
[09:14:59.034] [bmv2] [D] [thread 103655] [110.0] [cxt 0] Deparser 'deparser': end
[09:14:59.034] [bmv2] [D] [thread 103658] [110.0] [cxt 0] Transmitting packet of size 76 out of port 1
[09:14:59.053] [bmv2] [D] [thread 103653] [111.0] [cxt 0] Processing packet received on port 2
[09:14:59.053] [bmv2] [D] [thread 103653] [111.0] [cxt 0] Parser 'parser': start
[09:14:59.053] [bmv2] [D] [thread 103653] [111.0] [cxt 0] Parser 'parser' entering state 'start'
[09:14:59.053] [bmv2] [D] [thread 103653] [111.0] [cxt 0] Extracting header 'ethernet'
[09:14:59.053] [bmv2] [D] [thread 103653] [111.0] [cxt 0] Parser state 'start': key is 0800
[09:14:59.053] [bmv2] [T] [thread 103653] [111.0] [cxt 0] Bytes parsed: 14
[09:14:59.053] [bmv2] [D] [thread 103653] [111.0] [cxt 0] Parser 'parser' entering state 'parse_ipv4'
[09:14:59.053] [bmv2] [D] [thread 103653] [111.0] [cxt 0] Extracting header 'ipv4'
[09:14:59.053] [bmv2] [D] [thread 103653] [111.0] [cxt 0] Parser state 'parse_ipv4' has no switch, going to default next state
[09:14:59.053] [bmv2] [T] [thread 103653] [111.0] [cxt 0] Bytes parsed: 34
[09:14:59.053] [bmv2] [D] [thread 103653] [111.0] [cxt 0] Parser 'parser': end
[09:14:59.053] [bmv2] [D] [thread 103653] [111.0] [cxt 0] Pipeline 'ingress': start
[09:14:59.053] [bmv2] [T] [thread 103653] [111.0] [cxt 0] switch.p4(116) Condition "hdr.ipv4.isValid()" (node_2) is true
[09:14:59.053] [bmv2] [T] [thread 103653] [111.0] [cxt 0] Applying table 'MyIngress.ipv4_lpm'
[09:14:59.053] [bmv2] [D] [thread 103653] [111.0] [cxt 0] Looking up key:
* hdr.ipv4.dstAddr    : 0a000101

[09:14:59.053] [bmv2] [D] [thread 103653] [111.0] [cxt 0] Table 'MyIngress.ipv4_lpm': hit with handle 0
[09:14:59.053] [bmv2] [D] [thread 103653] [111.0] [cxt 0] Dumping entry 0
Match key:
* hdr.ipv4.dstAddr    : LPM       0a000101/32
Action entry: MyIngress.ipv4_forward - 80000000100,1,

[09:14:59.053] [bmv2] [D] [thread 103653] [111.0] [cxt 0] Action entry is MyIngress.ipv4_forward - 80000000100,1,
[09:14:59.053] [bmv2] [T] [thread 103653] [111.0] [cxt 0] Action MyIngress.ipv4_forward
[09:14:59.053] [bmv2] [T] [thread 103653] [111.0] [cxt 0] switch.p4(96) Primitive standard_metadata.egress_spec = port
[09:14:59.053] [bmv2] [T] [thread 103653] [111.0] [cxt 0] switch.p4(97) Primitive hdr.ethernet.srcAddr = hdr.ethernet.dstAddr
[09:14:59.053] [bmv2] [T] [thread 103653] [111.0] [cxt 0] switch.p4(98) Primitive hdr.ethernet.dstAddr = dstAddr
[09:14:59.053] [bmv2] [T] [thread 103653] [111.0] [cxt 0] switch.p4(99) Primitive hdr.ipv4.ttl = hdr.ipv4.ttl - 1
[09:14:59.053] [bmv2] [D] [thread 103653] [111.0] [cxt 0] Pipeline 'ingress': end
[09:14:59.053] [bmv2] [D] [thread 103653] [111.0] [cxt 0] Egress port is 1
[09:14:59.053] [bmv2] [D] [thread 103655] [111.0] [cxt 0] Pipeline 'egress': start
[09:14:59.053] [bmv2] [D] [thread 103655] [111.0] [cxt 0] Pipeline 'egress': end
[09:14:59.053] [bmv2] [D] [thread 103655] [111.0] [cxt 0] Deparser 'deparser': start
[09:14:59.053] [bmv2] [D] [thread 103655] [111.0] [cxt 0] Updating checksum 'cksum'
[09:14:59.053] [bmv2] [D] [thread 103655] [111.0] [cxt 0] Deparsing header 'ethernet'
[09:14:59.053] [bmv2] [D] [thread 103655] [111.0] [cxt 0] Deparsing header 'ipv4'
[09:14:59.053] [bmv2] [D] [thread 103655] [111.0] [cxt 0] Deparser 'deparser': end
[09:14:59.053] [bmv2] [D] [thread 103658] [111.0] [cxt 0] Transmitting packet of size 308 out of port 1
[09:14:59.058] [bmv2] [D] [thread 103653] [112.0] [cxt 0] Processing packet received on port 1
[09:14:59.058] [bmv2] [D] [thread 103653] [112.0] [cxt 0] Parser 'parser': start
[09:14:59.058] [bmv2] [D] [thread 103653] [112.0] [cxt 0] Parser 'parser' entering state 'start'
[09:14:59.058] [bmv2] [D] [thread 103653] [112.0] [cxt 0] Extracting header 'ethernet'
[09:14:59.058] [bmv2] [D] [thread 103653] [112.0] [cxt 0] Parser state 'start': key is 0800
[09:14:59.058] [bmv2] [T] [thread 103653] [112.0] [cxt 0] Bytes parsed: 14
[09:14:59.058] [bmv2] [D] [thread 103653] [112.0] [cxt 0] Parser 'parser' entering state 'parse_ipv4'
[09:14:59.058] [bmv2] [D] [thread 103653] [112.0] [cxt 0] Extracting header 'ipv4'
[09:14:59.058] [bmv2] [D] [thread 103653] [112.0] [cxt 0] Parser state 'parse_ipv4' has no switch, going to default next state
[09:14:59.058] [bmv2] [T] [thread 103653] [112.0] [cxt 0] Bytes parsed: 34
[09:14:59.058] [bmv2] [D] [thread 103653] [112.0] [cxt 0] Parser 'parser': end
[09:14:59.058] [bmv2] [D] [thread 103653] [112.0] [cxt 0] Pipeline 'ingress': start
[09:14:59.058] [bmv2] [T] [thread 103653] [112.0] [cxt 0] switch.p4(116) Condition "hdr.ipv4.isValid()" (node_2) is true
[09:14:59.058] [bmv2] [T] [thread 103653] [112.0] [cxt 0] Applying table 'MyIngress.ipv4_lpm'
[09:14:59.058] [bmv2] [D] [thread 103653] [112.0] [cxt 0] Looking up key:
* hdr.ipv4.dstAddr    : 0a000202

[09:14:59.058] [bmv2] [D] [thread 103653] [112.0] [cxt 0] Table 'MyIngress.ipv4_lpm': hit with handle 1
[09:14:59.058] [bmv2] [D] [thread 103653] [112.0] [cxt 0] Dumping entry 1
Match key:
* hdr.ipv4.dstAddr    : LPM       0a000202/32
Action entry: MyIngress.ipv4_forward - 80000000300,2,

[09:14:59.058] [bmv2] [D] [thread 103653] [112.0] [cxt 0] Action entry is MyIngress.ipv4_forward - 80000000300,2,
[09:14:59.058] [bmv2] [T] [thread 103653] [112.0] [cxt 0] Action MyIngress.ipv4_forward
[09:14:59.058] [bmv2] [T] [thread 103653] [112.0] [cxt 0] switch.p4(96) Primitive standard_metadata.egress_spec = port
[09:14:59.058] [bmv2] [T] [thread 103653] [112.0] [cxt 0] switch.p4(97) Primitive hdr.ethernet.srcAddr = hdr.ethernet.dstAddr
[09:14:59.058] [bmv2] [T] [thread 103653] [112.0] [cxt 0] switch.p4(98) Primitive hdr.ethernet.dstAddr = dstAddr
[09:14:59.058] [bmv2] [T] [thread 103653] [112.0] [cxt 0] switch.p4(99) Primitive hdr.ipv4.ttl = hdr.ipv4.ttl - 1
[09:14:59.058] [bmv2] [D] [thread 103653] [112.0] [cxt 0] Pipeline 'ingress': end
[09:14:59.058] [bmv2] [D] [thread 103653] [112.0] [cxt 0] Egress port is 2
[09:14:59.063] [bmv2] [D] [thread 103656] [112.0] [cxt 0] Pipeline 'egress': start
[09:14:59.063] [bmv2] [D] [thread 103656] [112.0] [cxt 0] Pipeline 'egress': end
[09:14:59.063] [bmv2] [D] [thread 103656] [112.0] [cxt 0] Deparser 'deparser': start
[09:14:59.063] [bmv2] [D] [thread 103656] [112.0] [cxt 0] Updating checksum 'cksum'
[09:14:59.063] [bmv2] [D] [thread 103656] [112.0] [cxt 0] Deparsing header 'ethernet'
[09:14:59.063] [bmv2] [D] [thread 103656] [112.0] [cxt 0] Deparsing header 'ipv4'
[09:14:59.063] [bmv2] [D] [thread 103656] [112.0] [cxt 0] Deparser 'deparser': end
[09:14:59.063] [bmv2] [D] [thread 103658] [112.0] [cxt 0] Transmitting packet of size 336 out of port 2
[09:14:59.164] [bmv2] [D] [thread 103653] [113.0] [cxt 0] Processing packet received on port 1
[09:14:59.164] [bmv2] [D] [thread 103653] [113.0] [cxt 0] Parser 'parser': start
[09:14:59.164] [bmv2] [D] [thread 103653] [113.0] [cxt 0] Parser 'parser' entering state 'start'
[09:14:59.164] [bmv2] [D] [thread 103653] [113.0] [cxt 0] Extracting header 'ethernet'
[09:14:59.164] [bmv2] [D] [thread 103653] [113.0] [cxt 0] Parser state 'start': key is 86dd
[09:14:59.164] [bmv2] [T] [thread 103653] [113.0] [cxt 0] Bytes parsed: 14
[09:14:59.164] [bmv2] [D] [thread 103653] [113.0] [cxt 0] Parser 'parser': end
[09:14:59.164] [bmv2] [D] [thread 103653] [113.0] [cxt 0] Pipeline 'ingress': start
[09:14:59.164] [bmv2] [T] [thread 103653] [113.0] [cxt 0] switch.p4(116) Condition "hdr.ipv4.isValid()" (node_2) is false
[09:14:59.164] [bmv2] [D] [thread 103653] [113.0] [cxt 0] Pipeline 'ingress': end
[09:14:59.164] [bmv2] [D] [thread 103653] [113.0] [cxt 0] Egress port is 0
[09:14:59.165] [bmv2] [D] [thread 103654] [113.0] [cxt 0] Pipeline 'egress': start
[09:14:59.165] [bmv2] [D] [thread 103654] [113.0] [cxt 0] Pipeline 'egress': end
[09:14:59.165] [bmv2] [D] [thread 103654] [113.0] [cxt 0] Deparser 'deparser': start
[09:14:59.165] [bmv2] [T] [thread 103654] [113.0] [cxt 0] Skipping checksum 'cksum' update because condition not met
[09:14:59.165] [bmv2] [D] [thread 103654] [113.0] [cxt 0] Deparsing header 'ethernet'
[09:14:59.165] [bmv2] [D] [thread 103654] [113.0] [cxt 0] Deparser 'deparser': end
[09:14:59.165] [bmv2] [D] [thread 103658] [113.0] [cxt 0] Transmitting packet of size 203 out of port 0
[09:14:59.539] [bmv2] [D] [thread 103653] [114.0] [cxt 0] Processing packet received on port 2
[09:14:59.539] [bmv2] [D] [thread 103653] [114.0] [cxt 0] Parser 'parser': start
[09:14:59.539] [bmv2] [D] [thread 103653] [114.0] [cxt 0] Parser 'parser' entering state 'start'
[09:14:59.539] [bmv2] [D] [thread 103653] [114.0] [cxt 0] Extracting header 'ethernet'
[09:14:59.539] [bmv2] [D] [thread 103653] [114.0] [cxt 0] Parser state 'start': key is 86dd
[09:14:59.539] [bmv2] [T] [thread 103653] [114.0] [cxt 0] Bytes parsed: 14
[09:14:59.539] [bmv2] [D] [thread 103653] [114.0] [cxt 0] Parser 'parser': end
[09:14:59.539] [bmv2] [D] [thread 103653] [114.0] [cxt 0] Pipeline 'ingress': start
[09:14:59.539] [bmv2] [T] [thread 103653] [114.0] [cxt 0] switch.p4(116) Condition "hdr.ipv4.isValid()" (node_2) is false
[09:14:59.539] [bmv2] [D] [thread 103653] [114.0] [cxt 0] Pipeline 'ingress': end
[09:14:59.539] [bmv2] [D] [thread 103653] [114.0] [cxt 0] Egress port is 0
[09:14:59.539] [bmv2] [D] [thread 103654] [114.0] [cxt 0] Pipeline 'egress': start
[09:14:59.539] [bmv2] [D] [thread 103654] [114.0] [cxt 0] Pipeline 'egress': end
[09:14:59.539] [bmv2] [D] [thread 103654] [114.0] [cxt 0] Deparser 'deparser': start
[09:14:59.539] [bmv2] [T] [thread 103654] [114.0] [cxt 0] Skipping checksum 'cksum' update because condition not met
[09:14:59.539] [bmv2] [D] [thread 103654] [114.0] [cxt 0] Deparsing header 'ethernet'
[09:14:59.539] [bmv2] [D] [thread 103654] [114.0] [cxt 0] Deparser 'deparser': end
[09:14:59.540] [bmv2] [D] [thread 103658] [114.0] [cxt 0] Transmitting packet of size 203 out of port 0
[09:15:00.085] [bmv2] [D] [thread 103653] [115.0] [cxt 0] Processing packet received on port 1
[09:15:00.085] [bmv2] [D] [thread 103653] [115.0] [cxt 0] Parser 'parser': start
[09:15:00.085] [bmv2] [D] [thread 103653] [115.0] [cxt 0] Parser 'parser' entering state 'start'
[09:15:00.085] [bmv2] [D] [thread 103653] [115.0] [cxt 0] Extracting header 'ethernet'
[09:15:00.085] [bmv2] [D] [thread 103653] [115.0] [cxt 0] Parser state 'start': key is 0800
[09:15:00.085] [bmv2] [T] [thread 103653] [115.0] [cxt 0] Bytes parsed: 14
[09:15:00.085] [bmv2] [D] [thread 103653] [115.0] [cxt 0] Parser 'parser' entering state 'parse_ipv4'
[09:15:00.085] [bmv2] [D] [thread 103653] [115.0] [cxt 0] Extracting header 'ipv4'
[09:15:00.085] [bmv2] [D] [thread 103653] [115.0] [cxt 0] Parser state 'parse_ipv4' has no switch, going to default next state
[09:15:00.085] [bmv2] [T] [thread 103653] [115.0] [cxt 0] Bytes parsed: 34
[09:15:00.085] [bmv2] [D] [thread 103653] [115.0] [cxt 0] Parser 'parser': end
[09:15:00.085] [bmv2] [D] [thread 103653] [115.0] [cxt 0] Pipeline 'ingress': start
[09:15:00.085] [bmv2] [T] [thread 103653] [115.0] [cxt 0] switch.p4(116) Condition "hdr.ipv4.isValid()" (node_2) is true
[09:15:00.085] [bmv2] [T] [thread 103653] [115.0] [cxt 0] Applying table 'MyIngress.ipv4_lpm'
[09:15:00.085] [bmv2] [D] [thread 103653] [115.0] [cxt 0] Looking up key:
* hdr.ipv4.dstAddr    : 0a000202

[09:15:00.085] [bmv2] [D] [thread 103653] [115.0] [cxt 0] Table 'MyIngress.ipv4_lpm': hit with handle 1
[09:15:00.085] [bmv2] [D] [thread 103653] [115.0] [cxt 0] Dumping entry 1
Match key:
* hdr.ipv4.dstAddr    : LPM       0a000202/32
Action entry: MyIngress.ipv4_forward - 80000000300,2,

[09:15:00.085] [bmv2] [D] [thread 103653] [115.0] [cxt 0] Action entry is MyIngress.ipv4_forward - 80000000300,2,
[09:15:00.085] [bmv2] [T] [thread 103653] [115.0] [cxt 0] Action MyIngress.ipv4_forward
[09:15:00.085] [bmv2] [T] [thread 103653] [115.0] [cxt 0] switch.p4(96) Primitive standard_metadata.egress_spec = port
[09:15:00.085] [bmv2] [T] [thread 103653] [115.0] [cxt 0] switch.p4(97) Primitive hdr.ethernet.srcAddr = hdr.ethernet.dstAddr
[09:15:00.085] [bmv2] [T] [thread 103653] [115.0] [cxt 0] switch.p4(98) Primitive hdr.ethernet.dstAddr = dstAddr
[09:15:00.085] [bmv2] [T] [thread 103653] [115.0] [cxt 0] switch.p4(99) Primitive hdr.ipv4.ttl = hdr.ipv4.ttl - 1
[09:15:00.085] [bmv2] [D] [thread 103653] [115.0] [cxt 0] Pipeline 'ingress': end
[09:15:00.085] [bmv2] [D] [thread 103653] [115.0] [cxt 0] Egress port is 2
[09:15:00.085] [bmv2] [D] [thread 103656] [115.0] [cxt 0] Pipeline 'egress': start
[09:15:00.085] [bmv2] [D] [thread 103656] [115.0] [cxt 0] Pipeline 'egress': end
[09:15:00.085] [bmv2] [D] [thread 103656] [115.0] [cxt 0] Deparser 'deparser': start
[09:15:00.085] [bmv2] [D] [thread 103656] [115.0] [cxt 0] Updating checksum 'cksum'
[09:15:00.085] [bmv2] [D] [thread 103656] [115.0] [cxt 0] Deparsing header 'ethernet'
[09:15:00.085] [bmv2] [D] [thread 103656] [115.0] [cxt 0] Deparsing header 'ipv4'
[09:15:00.085] [bmv2] [D] [thread 103656] [115.0] [cxt 0] Deparser 'deparser': end
[09:15:00.092] [bmv2] [D] [thread 103658] [115.0] [cxt 0] Transmitting packet of size 48 out of port 2
[09:15:00.092] [bmv2] [D] [thread 103653] [116.0] [cxt 0] Processing packet received on port 2
[09:15:00.092] [bmv2] [D] [thread 103653] [116.0] [cxt 0] Parser 'parser': start
[09:15:00.092] [bmv2] [D] [thread 103653] [116.0] [cxt 0] Parser 'parser' entering state 'start'
[09:15:00.092] [bmv2] [D] [thread 103653] [116.0] [cxt 0] Extracting header 'ethernet'
[09:15:00.092] [bmv2] [D] [thread 103653] [116.0] [cxt 0] Parser state 'start': key is 0800
[09:15:00.092] [bmv2] [T] [thread 103653] [116.0] [cxt 0] Bytes parsed: 14
[09:15:00.092] [bmv2] [D] [thread 103653] [116.0] [cxt 0] Parser 'parser' entering state 'parse_ipv4'
[09:15:00.092] [bmv2] [D] [thread 103653] [116.0] [cxt 0] Extracting header 'ipv4'
[09:15:00.092] [bmv2] [D] [thread 103653] [116.0] [cxt 0] Parser state 'parse_ipv4' has no switch, going to default next state
[09:15:00.092] [bmv2] [T] [thread 103653] [116.0] [cxt 0] Bytes parsed: 34
[09:15:00.092] [bmv2] [D] [thread 103653] [116.0] [cxt 0] Parser 'parser': end
[09:15:00.092] [bmv2] [D] [thread 103653] [116.0] [cxt 0] Pipeline 'ingress': start
[09:15:00.092] [bmv2] [T] [thread 103653] [116.0] [cxt 0] switch.p4(116) Condition "hdr.ipv4.isValid()" (node_2) is true
[09:15:00.092] [bmv2] [T] [thread 103653] [116.0] [cxt 0] Applying table 'MyIngress.ipv4_lpm'
[09:15:00.092] [bmv2] [D] [thread 103653] [116.0] [cxt 0] Looking up key:
* hdr.ipv4.dstAddr    : 0a000101

[09:15:00.092] [bmv2] [D] [thread 103653] [116.0] [cxt 0] Table 'MyIngress.ipv4_lpm': hit with handle 0
[09:15:00.092] [bmv2] [D] [thread 103653] [116.0] [cxt 0] Dumping entry 0
Match key:
* hdr.ipv4.dstAddr    : LPM       0a000101/32
Action entry: MyIngress.ipv4_forward - 80000000100,1,

[09:15:00.092] [bmv2] [D] [thread 103653] [116.0] [cxt 0] Action entry is MyIngress.ipv4_forward - 80000000100,1,
[09:15:00.092] [bmv2] [T] [thread 103653] [116.0] [cxt 0] Action MyIngress.ipv4_forward
[09:15:00.092] [bmv2] [T] [thread 103653] [116.0] [cxt 0] switch.p4(96) Primitive standard_metadata.egress_spec = port
[09:15:00.092] [bmv2] [T] [thread 103653] [116.0] [cxt 0] switch.p4(97) Primitive hdr.ethernet.srcAddr = hdr.ethernet.dstAddr
[09:15:00.092] [bmv2] [T] [thread 103653] [116.0] [cxt 0] switch.p4(98) Primitive hdr.ethernet.dstAddr = dstAddr
[09:15:00.092] [bmv2] [T] [thread 103653] [116.0] [cxt 0] switch.p4(99) Primitive hdr.ipv4.ttl = hdr.ipv4.ttl - 1
[09:15:00.092] [bmv2] [D] [thread 103653] [116.0] [cxt 0] Pipeline 'ingress': end
[09:15:00.092] [bmv2] [D] [thread 103653] [116.0] [cxt 0] Egress port is 1
[09:15:00.092] [bmv2] [D] [thread 103655] [116.0] [cxt 0] Pipeline 'egress': start
[09:15:00.092] [bmv2] [D] [thread 103655] [116.0] [cxt 0] Pipeline 'egress': end
[09:15:00.092] [bmv2] [D] [thread 103655] [116.0] [cxt 0] Deparser 'deparser': start
[09:15:00.092] [bmv2] [D] [thread 103655] [116.0] [cxt 0] Updating checksum 'cksum'
[09:15:00.092] [bmv2] [D] [thread 103655] [116.0] [cxt 0] Deparsing header 'ethernet'
[09:15:00.092] [bmv2] [D] [thread 103655] [116.0] [cxt 0] Deparsing header 'ipv4'
[09:15:00.092] [bmv2] [D] [thread 103655] [116.0] [cxt 0] Deparser 'deparser': end
[09:15:00.092] [bmv2] [D] [thread 103658] [116.0] [cxt 0] Transmitting packet of size 76 out of port 1
[09:15:00.138] [bmv2] [D] [thread 103653] [117.0] [cxt 0] Processing packet received on port 2
[09:15:00.138] [bmv2] [D] [thread 103653] [117.0] [cxt 0] Parser 'parser': start
[09:15:00.138] [bmv2] [D] [thread 103653] [117.0] [cxt 0] Parser 'parser' entering state 'start'
[09:15:00.138] [bmv2] [D] [thread 103653] [117.0] [cxt 0] Extracting header 'ethernet'
[09:15:00.138] [bmv2] [D] [thread 103653] [117.0] [cxt 0] Parser state 'start': key is 0800
[09:15:00.138] [bmv2] [T] [thread 103653] [117.0] [cxt 0] Bytes parsed: 14
[09:15:00.138] [bmv2] [D] [thread 103653] [117.0] [cxt 0] Parser 'parser' entering state 'parse_ipv4'
[09:15:00.138] [bmv2] [D] [thread 103653] [117.0] [cxt 0] Extracting header 'ipv4'
[09:15:00.138] [bmv2] [D] [thread 103653] [117.0] [cxt 0] Parser state 'parse_ipv4' has no switch, going to default next state
[09:15:00.138] [bmv2] [T] [thread 103653] [117.0] [cxt 0] Bytes parsed: 34
[09:15:00.138] [bmv2] [D] [thread 103653] [117.0] [cxt 0] Parser 'parser': end
[09:15:00.138] [bmv2] [D] [thread 103653] [117.0] [cxt 0] Pipeline 'ingress': start
[09:15:00.138] [bmv2] [T] [thread 103653] [117.0] [cxt 0] switch.p4(116) Condition "hdr.ipv4.isValid()" (node_2) is true
[09:15:00.138] [bmv2] [T] [thread 103653] [117.0] [cxt 0] Applying table 'MyIngress.ipv4_lpm'
[09:15:00.138] [bmv2] [D] [thread 103653] [117.0] [cxt 0] Looking up key:
* hdr.ipv4.dstAddr    : 0a000101

[09:15:00.138] [bmv2] [D] [thread 103653] [117.0] [cxt 0] Table 'MyIngress.ipv4_lpm': hit with handle 0
[09:15:00.138] [bmv2] [D] [thread 103653] [117.0] [cxt 0] Dumping entry 0
Match key:
* hdr.ipv4.dstAddr    : LPM       0a000101/32
Action entry: MyIngress.ipv4_forward - 80000000100,1,

[09:15:00.138] [bmv2] [D] [thread 103653] [117.0] [cxt 0] Action entry is MyIngress.ipv4_forward - 80000000100,1,
[09:15:00.138] [bmv2] [T] [thread 103653] [117.0] [cxt 0] Action MyIngress.ipv4_forward
[09:15:00.138] [bmv2] [T] [thread 103653] [117.0] [cxt 0] switch.p4(96) Primitive standard_metadata.egress_spec = port
[09:15:00.138] [bmv2] [T] [thread 103653] [117.0] [cxt 0] switch.p4(97) Primitive hdr.ethernet.srcAddr = hdr.ethernet.dstAddr
[09:15:00.138] [bmv2] [T] [thread 103653] [117.0] [cxt 0] switch.p4(98) Primitive hdr.ethernet.dstAddr = dstAddr
[09:15:00.138] [bmv2] [T] [thread 103653] [117.0] [cxt 0] switch.p4(99) Primitive hdr.ipv4.ttl = hdr.ipv4.ttl - 1
[09:15:00.138] [bmv2] [D] [thread 103653] [117.0] [cxt 0] Pipeline 'ingress': end
[09:15:00.138] [bmv2] [D] [thread 103653] [117.0] [cxt 0] Egress port is 1
[09:15:00.138] [bmv2] [D] [thread 103655] [117.0] [cxt 0] Pipeline 'egress': start
[09:15:00.138] [bmv2] [D] [thread 103655] [117.0] [cxt 0] Pipeline 'egress': end
[09:15:00.138] [bmv2] [D] [thread 103655] [117.0] [cxt 0] Deparser 'deparser': start
[09:15:00.138] [bmv2] [D] [thread 103655] [117.0] [cxt 0] Updating checksum 'cksum'
[09:15:00.138] [bmv2] [D] [thread 103655] [117.0] [cxt 0] Deparsing header 'ethernet'
[09:15:00.138] [bmv2] [D] [thread 103655] [117.0] [cxt 0] Deparsing header 'ipv4'
[09:15:00.138] [bmv2] [D] [thread 103655] [117.0] [cxt 0] Deparser 'deparser': end
[09:15:00.138] [bmv2] [D] [thread 103658] [117.0] [cxt 0] Transmitting packet of size 308 out of port 1
[09:15:00.143] [bmv2] [D] [thread 103653] [118.0] [cxt 0] Processing packet received on port 1
[09:15:00.143] [bmv2] [D] [thread 103653] [118.0] [cxt 0] Parser 'parser': start
[09:15:00.143] [bmv2] [D] [thread 103653] [118.0] [cxt 0] Parser 'parser' entering state 'start'
[09:15:00.143] [bmv2] [D] [thread 103653] [118.0] [cxt 0] Extracting header 'ethernet'
[09:15:00.143] [bmv2] [D] [thread 103653] [118.0] [cxt 0] Parser state 'start': key is 0800
[09:15:00.143] [bmv2] [T] [thread 103653] [118.0] [cxt 0] Bytes parsed: 14
[09:15:00.143] [bmv2] [D] [thread 103653] [118.0] [cxt 0] Parser 'parser' entering state 'parse_ipv4'
[09:15:00.143] [bmv2] [D] [thread 103653] [118.0] [cxt 0] Extracting header 'ipv4'
[09:15:00.143] [bmv2] [D] [thread 103653] [118.0] [cxt 0] Parser state 'parse_ipv4' has no switch, going to default next state
[09:15:00.143] [bmv2] [T] [thread 103653] [118.0] [cxt 0] Bytes parsed: 34
[09:15:00.143] [bmv2] [D] [thread 103653] [118.0] [cxt 0] Parser 'parser': end
[09:15:00.143] [bmv2] [D] [thread 103653] [118.0] [cxt 0] Pipeline 'ingress': start
[09:15:00.143] [bmv2] [T] [thread 103653] [118.0] [cxt 0] switch.p4(116) Condition "hdr.ipv4.isValid()" (node_2) is true
[09:15:00.143] [bmv2] [T] [thread 103653] [118.0] [cxt 0] Applying table 'MyIngress.ipv4_lpm'
[09:15:00.143] [bmv2] [D] [thread 103653] [118.0] [cxt 0] Looking up key:
* hdr.ipv4.dstAddr    : 0a000202

[09:15:00.143] [bmv2] [D] [thread 103653] [118.0] [cxt 0] Table 'MyIngress.ipv4_lpm': hit with handle 1
[09:15:00.143] [bmv2] [D] [thread 103653] [118.0] [cxt 0] Dumping entry 1
Match key:
* hdr.ipv4.dstAddr    : LPM       0a000202/32
Action entry: MyIngress.ipv4_forward - 80000000300,2,

[09:15:00.143] [bmv2] [D] [thread 103653] [118.0] [cxt 0] Action entry is MyIngress.ipv4_forward - 80000000300,2,
[09:15:00.143] [bmv2] [T] [thread 103653] [118.0] [cxt 0] Action MyIngress.ipv4_forward
[09:15:00.143] [bmv2] [T] [thread 103653] [118.0] [cxt 0] switch.p4(96) Primitive standard_metadata.egress_spec = port
[09:15:00.143] [bmv2] [T] [thread 103653] [118.0] [cxt 0] switch.p4(97) Primitive hdr.ethernet.srcAddr = hdr.ethernet.dstAddr
[09:15:00.143] [bmv2] [T] [thread 103653] [118.0] [cxt 0] switch.p4(98) Primitive hdr.ethernet.dstAddr = dstAddr
[09:15:00.143] [bmv2] [T] [thread 103653] [118.0] [cxt 0] switch.p4(99) Primitive hdr.ipv4.ttl = hdr.ipv4.ttl - 1
[09:15:00.143] [bmv2] [D] [thread 103653] [118.0] [cxt 0] Pipeline 'ingress': end
[09:15:00.143] [bmv2] [D] [thread 103653] [118.0] [cxt 0] Egress port is 2
[09:15:00.143] [bmv2] [D] [thread 103656] [118.0] [cxt 0] Pipeline 'egress': start
[09:15:00.143] [bmv2] [D] [thread 103656] [118.0] [cxt 0] Pipeline 'egress': end
[09:15:00.143] [bmv2] [D] [thread 103656] [118.0] [cxt 0] Deparser 'deparser': start
[09:15:00.143] [bmv2] [D] [thread 103656] [118.0] [cxt 0] Updating checksum 'cksum'
[09:15:00.143] [bmv2] [D] [thread 103656] [118.0] [cxt 0] Deparsing header 'ethernet'
[09:15:00.143] [bmv2] [D] [thread 103656] [118.0] [cxt 0] Deparsing header 'ipv4'
[09:15:00.143] [bmv2] [D] [thread 103656] [118.0] [cxt 0] Deparser 'deparser': end
[09:15:00.143] [bmv2] [D] [thread 103658] [118.0] [cxt 0] Transmitting packet of size 336 out of port 2
[09:15:01.088] [bmv2] [D] [thread 103653] [119.0] [cxt 0] Processing packet received on port 1
[09:15:01.088] [bmv2] [D] [thread 103653] [119.0] [cxt 0] Parser 'parser': start
[09:15:01.088] [bmv2] [D] [thread 103653] [119.0] [cxt 0] Parser 'parser' entering state 'start'
[09:15:01.088] [bmv2] [D] [thread 103653] [119.0] [cxt 0] Extracting header 'ethernet'
[09:15:01.088] [bmv2] [D] [thread 103653] [119.0] [cxt 0] Parser state 'start': key is 0800
[09:15:01.088] [bmv2] [T] [thread 103653] [119.0] [cxt 0] Bytes parsed: 14
[09:15:01.088] [bmv2] [D] [thread 103653] [119.0] [cxt 0] Parser 'parser' entering state 'parse_ipv4'
[09:15:01.088] [bmv2] [D] [thread 103653] [119.0] [cxt 0] Extracting header 'ipv4'
[09:15:01.088] [bmv2] [D] [thread 103653] [119.0] [cxt 0] Parser state 'parse_ipv4' has no switch, going to default next state
[09:15:01.088] [bmv2] [T] [thread 103653] [119.0] [cxt 0] Bytes parsed: 34
[09:15:01.088] [bmv2] [D] [thread 103653] [119.0] [cxt 0] Parser 'parser': end
[09:15:01.088] [bmv2] [D] [thread 103653] [119.0] [cxt 0] Pipeline 'ingress': start
[09:15:01.088] [bmv2] [T] [thread 103653] [119.0] [cxt 0] switch.p4(116) Condition "hdr.ipv4.isValid()" (node_2) is true
[09:15:01.088] [bmv2] [T] [thread 103653] [119.0] [cxt 0] Applying table 'MyIngress.ipv4_lpm'
[09:15:01.088] [bmv2] [D] [thread 103653] [119.0] [cxt 0] Looking up key:
* hdr.ipv4.dstAddr    : 0a000202

[09:15:01.088] [bmv2] [D] [thread 103653] [119.0] [cxt 0] Table 'MyIngress.ipv4_lpm': hit with handle 1
[09:15:01.088] [bmv2] [D] [thread 103653] [119.0] [cxt 0] Dumping entry 1
Match key:
* hdr.ipv4.dstAddr    : LPM       0a000202/32
Action entry: MyIngress.ipv4_forward - 80000000300,2,

[09:15:01.088] [bmv2] [D] [thread 103653] [119.0] [cxt 0] Action entry is MyIngress.ipv4_forward - 80000000300,2,
[09:15:01.088] [bmv2] [T] [thread 103653] [119.0] [cxt 0] Action MyIngress.ipv4_forward
[09:15:01.088] [bmv2] [T] [thread 103653] [119.0] [cxt 0] switch.p4(96) Primitive standard_metadata.egress_spec = port
[09:15:01.088] [bmv2] [T] [thread 103653] [119.0] [cxt 0] switch.p4(97) Primitive hdr.ethernet.srcAddr = hdr.ethernet.dstAddr
[09:15:01.088] [bmv2] [T] [thread 103653] [119.0] [cxt 0] switch.p4(98) Primitive hdr.ethernet.dstAddr = dstAddr
[09:15:01.088] [bmv2] [T] [thread 103653] [119.0] [cxt 0] switch.p4(99) Primitive hdr.ipv4.ttl = hdr.ipv4.ttl - 1
[09:15:01.088] [bmv2] [D] [thread 103653] [119.0] [cxt 0] Pipeline 'ingress': end
[09:15:01.088] [bmv2] [D] [thread 103653] [119.0] [cxt 0] Egress port is 2
[09:15:01.088] [bmv2] [D] [thread 103656] [119.0] [cxt 0] Pipeline 'egress': start
[09:15:01.088] [bmv2] [D] [thread 103656] [119.0] [cxt 0] Pipeline 'egress': end
[09:15:01.088] [bmv2] [D] [thread 103656] [119.0] [cxt 0] Deparser 'deparser': start
[09:15:01.088] [bmv2] [D] [thread 103656] [119.0] [cxt 0] Updating checksum 'cksum'
[09:15:01.088] [bmv2] [D] [thread 103656] [119.0] [cxt 0] Deparsing header 'ethernet'
[09:15:01.088] [bmv2] [D] [thread 103656] [119.0] [cxt 0] Deparsing header 'ipv4'
[09:15:01.088] [bmv2] [D] [thread 103656] [119.0] [cxt 0] Deparser 'deparser': end
[09:15:01.088] [bmv2] [D] [thread 103658] [119.0] [cxt 0] Transmitting packet of size 48 out of port 2
[09:15:01.088] [bmv2] [D] [thread 103653] [120.0] [cxt 0] Processing packet received on port 2
[09:15:01.088] [bmv2] [D] [thread 103653] [120.0] [cxt 0] Parser 'parser': start
[09:15:01.088] [bmv2] [D] [thread 103653] [120.0] [cxt 0] Parser 'parser' entering state 'start'
[09:15:01.088] [bmv2] [D] [thread 103653] [120.0] [cxt 0] Extracting header 'ethernet'
[09:15:01.088] [bmv2] [D] [thread 103653] [120.0] [cxt 0] Parser state 'start': key is 0800
[09:15:01.088] [bmv2] [T] [thread 103653] [120.0] [cxt 0] Bytes parsed: 14
[09:15:01.088] [bmv2] [D] [thread 103653] [120.0] [cxt 0] Parser 'parser' entering state 'parse_ipv4'
[09:15:01.088] [bmv2] [D] [thread 103653] [120.0] [cxt 0] Extracting header 'ipv4'
[09:15:01.088] [bmv2] [D] [thread 103653] [120.0] [cxt 0] Parser state 'parse_ipv4' has no switch, going to default next state
[09:15:01.088] [bmv2] [T] [thread 103653] [120.0] [cxt 0] Bytes parsed: 34
[09:15:01.088] [bmv2] [D] [thread 103653] [120.0] [cxt 0] Parser 'parser': end
[09:15:01.088] [bmv2] [D] [thread 103653] [120.0] [cxt 0] Pipeline 'ingress': start
[09:15:01.088] [bmv2] [T] [thread 103653] [120.0] [cxt 0] switch.p4(116) Condition "hdr.ipv4.isValid()" (node_2) is true
[09:15:01.088] [bmv2] [T] [thread 103653] [120.0] [cxt 0] Applying table 'MyIngress.ipv4_lpm'
[09:15:01.088] [bmv2] [D] [thread 103653] [120.0] [cxt 0] Looking up key:
* hdr.ipv4.dstAddr    : 0a000101

[09:15:01.088] [bmv2] [D] [thread 103653] [120.0] [cxt 0] Table 'MyIngress.ipv4_lpm': hit with handle 0
[09:15:01.088] [bmv2] [D] [thread 103653] [120.0] [cxt 0] Dumping entry 0
Match key:
* hdr.ipv4.dstAddr    : LPM       0a000101/32
Action entry: MyIngress.ipv4_forward - 80000000100,1,

[09:15:01.088] [bmv2] [D] [thread 103653] [120.0] [cxt 0] Action entry is MyIngress.ipv4_forward - 80000000100,1,
[09:15:01.088] [bmv2] [T] [thread 103653] [120.0] [cxt 0] Action MyIngress.ipv4_forward
[09:15:01.088] [bmv2] [T] [thread 103653] [120.0] [cxt 0] switch.p4(96) Primitive standard_metadata.egress_spec = port
[09:15:01.088] [bmv2] [T] [thread 103653] [120.0] [cxt 0] switch.p4(97) Primitive hdr.ethernet.srcAddr = hdr.ethernet.dstAddr
[09:15:01.088] [bmv2] [T] [thread 103653] [120.0] [cxt 0] switch.p4(98) Primitive hdr.ethernet.dstAddr = dstAddr
[09:15:01.088] [bmv2] [T] [thread 103653] [120.0] [cxt 0] switch.p4(99) Primitive hdr.ipv4.ttl = hdr.ipv4.ttl - 1
[09:15:01.088] [bmv2] [D] [thread 103653] [120.0] [cxt 0] Pipeline 'ingress': end
[09:15:01.088] [bmv2] [D] [thread 103653] [120.0] [cxt 0] Egress port is 1
[09:15:01.088] [bmv2] [D] [thread 103655] [120.0] [cxt 0] Pipeline 'egress': start
[09:15:01.088] [bmv2] [D] [thread 103655] [120.0] [cxt 0] Pipeline 'egress': end
[09:15:01.088] [bmv2] [D] [thread 103655] [120.0] [cxt 0] Deparser 'deparser': start
[09:15:01.088] [bmv2] [D] [thread 103655] [120.0] [cxt 0] Updating checksum 'cksum'
[09:15:01.088] [bmv2] [D] [thread 103655] [120.0] [cxt 0] Deparsing header 'ethernet'
[09:15:01.088] [bmv2] [D] [thread 103655] [120.0] [cxt 0] Deparsing header 'ipv4'
[09:15:01.088] [bmv2] [D] [thread 103655] [120.0] [cxt 0] Deparser 'deparser': end
[09:15:01.088] [bmv2] [D] [thread 103658] [120.0] [cxt 0] Transmitting packet of size 76 out of port 1
[09:15:01.138] [bmv2] [D] [thread 103653] [121.0] [cxt 0] Processing packet received on port 2
[09:15:01.138] [bmv2] [D] [thread 103653] [121.0] [cxt 0] Parser 'parser': start
[09:15:01.138] [bmv2] [D] [thread 103653] [121.0] [cxt 0] Parser 'parser' entering state 'start'
[09:15:01.138] [bmv2] [D] [thread 103653] [121.0] [cxt 0] Extracting header 'ethernet'
[09:15:01.138] [bmv2] [D] [thread 103653] [121.0] [cxt 0] Parser state 'start': key is 0800
[09:15:01.138] [bmv2] [T] [thread 103653] [121.0] [cxt 0] Bytes parsed: 14
[09:15:01.138] [bmv2] [D] [thread 103653] [121.0] [cxt 0] Parser 'parser' entering state 'parse_ipv4'
[09:15:01.138] [bmv2] [D] [thread 103653] [121.0] [cxt 0] Extracting header 'ipv4'
[09:15:01.138] [bmv2] [D] [thread 103653] [121.0] [cxt 0] Parser state 'parse_ipv4' has no switch, going to default next state
[09:15:01.138] [bmv2] [T] [thread 103653] [121.0] [cxt 0] Bytes parsed: 34
[09:15:01.138] [bmv2] [D] [thread 103653] [121.0] [cxt 0] Parser 'parser': end
[09:15:01.138] [bmv2] [D] [thread 103653] [121.0] [cxt 0] Pipeline 'ingress': start
[09:15:01.138] [bmv2] [T] [thread 103653] [121.0] [cxt 0] switch.p4(116) Condition "hdr.ipv4.isValid()" (node_2) is true
[09:15:01.138] [bmv2] [T] [thread 103653] [121.0] [cxt 0] Applying table 'MyIngress.ipv4_lpm'
[09:15:01.138] [bmv2] [D] [thread 103653] [121.0] [cxt 0] Looking up key:
* hdr.ipv4.dstAddr    : 0a000101

[09:15:01.138] [bmv2] [D] [thread 103653] [121.0] [cxt 0] Table 'MyIngress.ipv4_lpm': hit with handle 0
[09:15:01.138] [bmv2] [D] [thread 103653] [121.0] [cxt 0] Dumping entry 0
Match key:
* hdr.ipv4.dstAddr    : LPM       0a000101/32
Action entry: MyIngress.ipv4_forward - 80000000100,1,

[09:15:01.138] [bmv2] [D] [thread 103653] [121.0] [cxt 0] Action entry is MyIngress.ipv4_forward - 80000000100,1,
[09:15:01.138] [bmv2] [T] [thread 103653] [121.0] [cxt 0] Action MyIngress.ipv4_forward
[09:15:01.138] [bmv2] [T] [thread 103653] [121.0] [cxt 0] switch.p4(96) Primitive standard_metadata.egress_spec = port
[09:15:01.138] [bmv2] [T] [thread 103653] [121.0] [cxt 0] switch.p4(97) Primitive hdr.ethernet.srcAddr = hdr.ethernet.dstAddr
[09:15:01.138] [bmv2] [T] [thread 103653] [121.0] [cxt 0] switch.p4(98) Primitive hdr.ethernet.dstAddr = dstAddr
[09:15:01.138] [bmv2] [T] [thread 103653] [121.0] [cxt 0] switch.p4(99) Primitive hdr.ipv4.ttl = hdr.ipv4.ttl - 1
[09:15:01.138] [bmv2] [D] [thread 103653] [121.0] [cxt 0] Pipeline 'ingress': end
[09:15:01.138] [bmv2] [D] [thread 103653] [121.0] [cxt 0] Egress port is 1
[09:15:01.138] [bmv2] [D] [thread 103655] [121.0] [cxt 0] Pipeline 'egress': start
[09:15:01.138] [bmv2] [D] [thread 103655] [121.0] [cxt 0] Pipeline 'egress': end
[09:15:01.138] [bmv2] [D] [thread 103655] [121.0] [cxt 0] Deparser 'deparser': start
[09:15:01.138] [bmv2] [D] [thread 103655] [121.0] [cxt 0] Updating checksum 'cksum'
[09:15:01.138] [bmv2] [D] [thread 103655] [121.0] [cxt 0] Deparsing header 'ethernet'
[09:15:01.138] [bmv2] [D] [thread 103655] [121.0] [cxt 0] Deparsing header 'ipv4'
[09:15:01.138] [bmv2] [D] [thread 103655] [121.0] [cxt 0] Deparser 'deparser': end
[09:15:01.138] [bmv2] [D] [thread 103658] [121.0] [cxt 0] Transmitting packet of size 308 out of port 1
[09:15:01.143] [bmv2] [D] [thread 103653] [122.0] [cxt 0] Processing packet received on port 1
[09:15:01.143] [bmv2] [D] [thread 103653] [122.0] [cxt 0] Parser 'parser': start
[09:15:01.143] [bmv2] [D] [thread 103653] [122.0] [cxt 0] Parser 'parser' entering state 'start'
[09:15:01.143] [bmv2] [D] [thread 103653] [122.0] [cxt 0] Extracting header 'ethernet'
[09:15:01.143] [bmv2] [D] [thread 103653] [122.0] [cxt 0] Parser state 'start': key is 0800
[09:15:01.143] [bmv2] [T] [thread 103653] [122.0] [cxt 0] Bytes parsed: 14
[09:15:01.143] [bmv2] [D] [thread 103653] [122.0] [cxt 0] Parser 'parser' entering state 'parse_ipv4'
[09:15:01.143] [bmv2] [D] [thread 103653] [122.0] [cxt 0] Extracting header 'ipv4'
[09:15:01.143] [bmv2] [D] [thread 103653] [122.0] [cxt 0] Parser state 'parse_ipv4' has no switch, going to default next state
[09:15:01.143] [bmv2] [T] [thread 103653] [122.0] [cxt 0] Bytes parsed: 34
[09:15:01.143] [bmv2] [D] [thread 103653] [122.0] [cxt 0] Parser 'parser': end
[09:15:01.143] [bmv2] [D] [thread 103653] [122.0] [cxt 0] Pipeline 'ingress': start
[09:15:01.143] [bmv2] [T] [thread 103653] [122.0] [cxt 0] switch.p4(116) Condition "hdr.ipv4.isValid()" (node_2) is true
[09:15:01.143] [bmv2] [T] [thread 103653] [122.0] [cxt 0] Applying table 'MyIngress.ipv4_lpm'
[09:15:01.143] [bmv2] [D] [thread 103653] [122.0] [cxt 0] Looking up key:
* hdr.ipv4.dstAddr    : 0a000202

[09:15:01.143] [bmv2] [D] [thread 103653] [122.0] [cxt 0] Table 'MyIngress.ipv4_lpm': hit with handle 1
[09:15:01.143] [bmv2] [D] [thread 103653] [122.0] [cxt 0] Dumping entry 1
Match key:
* hdr.ipv4.dstAddr    : LPM       0a000202/32
Action entry: MyIngress.ipv4_forward - 80000000300,2,

[09:15:01.143] [bmv2] [D] [thread 103653] [122.0] [cxt 0] Action entry is MyIngress.ipv4_forward - 80000000300,2,
[09:15:01.143] [bmv2] [T] [thread 103653] [122.0] [cxt 0] Action MyIngress.ipv4_forward
[09:15:01.143] [bmv2] [T] [thread 103653] [122.0] [cxt 0] switch.p4(96) Primitive standard_metadata.egress_spec = port
[09:15:01.143] [bmv2] [T] [thread 103653] [122.0] [cxt 0] switch.p4(97) Primitive hdr.ethernet.srcAddr = hdr.ethernet.dstAddr
[09:15:01.143] [bmv2] [T] [thread 103653] [122.0] [cxt 0] switch.p4(98) Primitive hdr.ethernet.dstAddr = dstAddr
[09:15:01.143] [bmv2] [T] [thread 103653] [122.0] [cxt 0] switch.p4(99) Primitive hdr.ipv4.ttl = hdr.ipv4.ttl - 1
[09:15:01.143] [bmv2] [D] [thread 103653] [122.0] [cxt 0] Pipeline 'ingress': end
[09:15:01.143] [bmv2] [D] [thread 103653] [122.0] [cxt 0] Egress port is 2
[09:15:01.146] [bmv2] [D] [thread 103656] [122.0] [cxt 0] Pipeline 'egress': start
[09:15:01.146] [bmv2] [D] [thread 103656] [122.0] [cxt 0] Pipeline 'egress': end
[09:15:01.146] [bmv2] [D] [thread 103656] [122.0] [cxt 0] Deparser 'deparser': start
[09:15:01.146] [bmv2] [D] [thread 103656] [122.0] [cxt 0] Updating checksum 'cksum'
[09:15:01.146] [bmv2] [D] [thread 103656] [122.0] [cxt 0] Deparsing header 'ethernet'
[09:15:01.146] [bmv2] [D] [thread 103656] [122.0] [cxt 0] Deparsing header 'ipv4'
[09:15:01.146] [bmv2] [D] [thread 103656] [122.0] [cxt 0] Deparser 'deparser': end
[09:15:01.146] [bmv2] [D] [thread 103658] [122.0] [cxt 0] Transmitting packet of size 336 out of port 2
open: No such file or directory
open: No such file or directory
