Calling target program-options parser
[09:19:35.279] [bmv2] [D] [thread 107751] Set default default entry for table 'MyIngress.ipv4_lpm': MyIngress.drop - 
Adding interface s1-eth1 as port 1
[09:19:35.289] [bmv2] [D] [thread 107751] Adding interface s1-eth1 as port 1
Adding interface s1-eth2 as port 2
[09:19:35.302] [bmv2] [D] [thread 107751] Adding interface s1-eth2 as port 2
Server listening on 0.0.0.0:50291
[09:19:35.312] [bmv2] [I] [thread 107751] Starting Thrift server on port 9330
[09:19:35.312] [bmv2] [I] [thread 107751] Thrift server was started
[09:19:35.683] [bmv2] [D] [thread 107767] [0.0] [cxt 0] Processing packet received on port 2
[09:19:35.683] [bmv2] [D] [thread 107767] [0.0] [cxt 0] Parser 'parser': start
[09:19:35.683] [bmv2] [D] [thread 107767] [0.0] [cxt 0] Parser 'parser' entering state 'start'
[09:19:35.683] [bmv2] [D] [thread 107767] [0.0] [cxt 0] Extracting header 'ethernet'
[09:19:35.683] [bmv2] [D] [thread 107767] [0.0] [cxt 0] Parser state 'start': key is 86dd
[09:19:35.683] [bmv2] [T] [thread 107767] [0.0] [cxt 0] Bytes parsed: 14
[09:19:35.683] [bmv2] [D] [thread 107767] [0.0] [cxt 0] Parser 'parser': end
[09:19:35.683] [bmv2] [D] [thread 107767] [0.0] [cxt 0] Pipeline 'ingress': start
[09:19:35.683] [bmv2] [T] [thread 107767] [0.0] [cxt 0] switch.p4(116) Condition "hdr.ipv4.isValid()" (node_2) is false
[09:19:35.683] [bmv2] [D] [thread 107767] [0.0] [cxt 0] Pipeline 'ingress': end
[09:19:35.683] [bmv2] [D] [thread 107767] [0.0] [cxt 0] Egress port is 0
[09:19:35.683] [bmv2] [D] [thread 107768] [0.0] [cxt 0] Pipeline 'egress': start
[09:19:35.683] [bmv2] [D] [thread 107768] [0.0] [cxt 0] Pipeline 'egress': end
[09:19:35.683] [bmv2] [D] [thread 107768] [0.0] [cxt 0] Deparser 'deparser': start
[09:19:35.683] [bmv2] [T] [thread 107768] [0.0] [cxt 0] Skipping checksum 'cksum' update because condition not met
[09:19:35.683] [bmv2] [D] [thread 107768] [0.0] [cxt 0] Deparsing header 'ethernet'
[09:19:35.683] [bmv2] [D] [thread 107768] [0.0] [cxt 0] Deparser 'deparser': end
[09:19:35.683] [bmv2] [D] [thread 107772] [0.0] [cxt 0] Transmitting packet of size 86 out of port 0
[09:19:35.993] [bmv2] [D] [thread 107767] [1.0] [cxt 0] Processing packet received on port 2
[09:19:35.993] [bmv2] [D] [thread 107767] [1.0] [cxt 0] Parser 'parser': start
[09:19:35.993] [bmv2] [D] [thread 107767] [1.0] [cxt 0] Parser 'parser' entering state 'start'
[09:19:35.994] [bmv2] [D] [thread 107767] [1.0] [cxt 0] Extracting header 'ethernet'
[09:19:35.994] [bmv2] [D] [thread 107767] [1.0] [cxt 0] Parser state 'start': key is 86dd
[09:19:35.994] [bmv2] [T] [thread 107767] [1.0] [cxt 0] Bytes parsed: 14
[09:19:35.994] [bmv2] [D] [thread 107767] [1.0] [cxt 0] Parser 'parser': end
[09:19:35.994] [bmv2] [D] [thread 107767] [1.0] [cxt 0] Pipeline 'ingress': start
[09:19:35.994] [bmv2] [T] [thread 107767] [1.0] [cxt 0] switch.p4(116) Condition "hdr.ipv4.isValid()" (node_2) is false
[09:19:35.994] [bmv2] [D] [thread 107767] [1.0] [cxt 0] Pipeline 'ingress': end
[09:19:35.994] [bmv2] [D] [thread 107767] [1.0] [cxt 0] Egress port is 0
[09:19:35.994] [bmv2] [D] [thread 107768] [1.0] [cxt 0] Pipeline 'egress': start
[09:19:35.994] [bmv2] [D] [thread 107768] [1.0] [cxt 0] Pipeline 'egress': end
[09:19:35.994] [bmv2] [D] [thread 107768] [1.0] [cxt 0] Deparser 'deparser': start
[09:19:35.994] [bmv2] [T] [thread 107768] [1.0] [cxt 0] Skipping checksum 'cksum' update because condition not met
[09:19:35.994] [bmv2] [D] [thread 107768] [1.0] [cxt 0] Deparsing header 'ethernet'
[09:19:35.994] [bmv2] [D] [thread 107768] [1.0] [cxt 0] Deparser 'deparser': end
[09:19:35.995] [bmv2] [D] [thread 107772] [1.0] [cxt 0] Transmitting packet of size 86 out of port 0
[09:19:36.057] [bmv2] [D] [thread 107767] [2.0] [cxt 0] Processing packet received on port 1
[09:19:36.057] [bmv2] [D] [thread 107767] [2.0] [cxt 0] Parser 'parser': start
[09:19:36.057] [bmv2] [D] [thread 107767] [2.0] [cxt 0] Parser 'parser' entering state 'start'
[09:19:36.057] [bmv2] [D] [thread 107767] [2.0] [cxt 0] Extracting header 'ethernet'
[09:19:36.057] [bmv2] [D] [thread 107767] [2.0] [cxt 0] Parser state 'start': key is 86dd
[09:19:36.057] [bmv2] [T] [thread 107767] [2.0] [cxt 0] Bytes parsed: 14
[09:19:36.057] [bmv2] [D] [thread 107767] [2.0] [cxt 0] Parser 'parser': end
[09:19:36.057] [bmv2] [D] [thread 107767] [2.0] [cxt 0] Pipeline 'ingress': start
[09:19:36.057] [bmv2] [T] [thread 107767] [2.0] [cxt 0] switch.p4(116) Condition "hdr.ipv4.isValid()" (node_2) is false
[09:19:36.057] [bmv2] [D] [thread 107767] [2.0] [cxt 0] Pipeline 'ingress': end
[09:19:36.057] [bmv2] [D] [thread 107767] [2.0] [cxt 0] Egress port is 0
[09:19:36.058] [bmv2] [D] [thread 107768] [2.0] [cxt 0] Pipeline 'egress': start
[09:19:36.058] [bmv2] [D] [thread 107768] [2.0] [cxt 0] Pipeline 'egress': end
[09:19:36.058] [bmv2] [D] [thread 107768] [2.0] [cxt 0] Deparser 'deparser': start
[09:19:36.058] [bmv2] [T] [thread 107768] [2.0] [cxt 0] Skipping checksum 'cksum' update because condition not met
[09:19:36.058] [bmv2] [D] [thread 107768] [2.0] [cxt 0] Deparsing header 'ethernet'
[09:19:36.058] [bmv2] [D] [thread 107768] [2.0] [cxt 0] Deparser 'deparser': end
[09:19:36.058] [bmv2] [D] [thread 107772] [2.0] [cxt 0] Transmitting packet of size 90 out of port 0
[09:19:36.367] [bmv2] [D] [thread 107767] [3.0] [cxt 0] Processing packet received on port 1
[09:19:36.367] [bmv2] [D] [thread 107767] [3.0] [cxt 0] Parser 'parser': start
[09:19:36.367] [bmv2] [D] [thread 107767] [3.0] [cxt 0] Parser 'parser' entering state 'start'
[09:19:36.367] [bmv2] [D] [thread 107767] [3.0] [cxt 0] Extracting header 'ethernet'
[09:19:36.367] [bmv2] [D] [thread 107767] [3.0] [cxt 0] Parser state 'start': key is 86dd
[09:19:36.367] [bmv2] [T] [thread 107767] [3.0] [cxt 0] Bytes parsed: 14
[09:19:36.367] [bmv2] [D] [thread 107767] [3.0] [cxt 0] Parser 'parser': end
[09:19:36.367] [bmv2] [D] [thread 107767] [3.0] [cxt 0] Pipeline 'ingress': start
[09:19:36.367] [bmv2] [T] [thread 107767] [3.0] [cxt 0] switch.p4(116) Condition "hdr.ipv4.isValid()" (node_2) is false
[09:19:36.367] [bmv2] [D] [thread 107767] [3.0] [cxt 0] Pipeline 'ingress': end
[09:19:36.367] [bmv2] [D] [thread 107767] [3.0] [cxt 0] Egress port is 0
[09:19:36.367] [bmv2] [D] [thread 107767] [4.0] [cxt 0] Processing packet received on port 1
[09:19:36.367] [bmv2] [D] [thread 107767] [4.0] [cxt 0] Parser 'parser': start
[09:19:36.367] [bmv2] [D] [thread 107767] [4.0] [cxt 0] Parser 'parser' entering state 'start'
[09:19:36.367] [bmv2] [D] [thread 107767] [4.0] [cxt 0] Extracting header 'ethernet'
[09:19:36.367] [bmv2] [D] [thread 107767] [4.0] [cxt 0] Parser state 'start': key is 86dd
[09:19:36.367] [bmv2] [T] [thread 107767] [4.0] [cxt 0] Bytes parsed: 14
[09:19:36.367] [bmv2] [D] [thread 107767] [4.0] [cxt 0] Parser 'parser': end
[09:19:36.367] [bmv2] [D] [thread 107767] [4.0] [cxt 0] Pipeline 'ingress': start
[09:19:36.367] [bmv2] [T] [thread 107767] [4.0] [cxt 0] switch.p4(116) Condition "hdr.ipv4.isValid()" (node_2) is false
[09:19:36.367] [bmv2] [D] [thread 107767] [4.0] [cxt 0] Pipeline 'ingress': end
[09:19:36.367] [bmv2] [D] [thread 107767] [4.0] [cxt 0] Egress port is 0
[09:19:36.367] [bmv2] [D] [thread 107767] [5.0] [cxt 0] Processing packet received on port 1
[09:19:36.367] [bmv2] [D] [thread 107767] [5.0] [cxt 0] Parser 'parser': start
[09:19:36.367] [bmv2] [D] [thread 107767] [5.0] [cxt 0] Parser 'parser' entering state 'start'
[09:19:36.367] [bmv2] [D] [thread 107767] [5.0] [cxt 0] Extracting header 'ethernet'
[09:19:36.367] [bmv2] [D] [thread 107767] [5.0] [cxt 0] Parser state 'start': key is 86dd
[09:19:36.367] [bmv2] [T] [thread 107767] [5.0] [cxt 0] Bytes parsed: 14
[09:19:36.367] [bmv2] [D] [thread 107767] [5.0] [cxt 0] Parser 'parser': end
[09:19:36.367] [bmv2] [D] [thread 107767] [5.0] [cxt 0] Pipeline 'ingress': start
[09:19:36.367] [bmv2] [T] [thread 107767] [5.0] [cxt 0] switch.p4(116) Condition "hdr.ipv4.isValid()" (node_2) is false
[09:19:36.367] [bmv2] [D] [thread 107767] [5.0] [cxt 0] Pipeline 'ingress': end
[09:19:36.367] [bmv2] [D] [thread 107767] [5.0] [cxt 0] Egress port is 0
[09:19:36.367] [bmv2] [D] [thread 107768] [3.0] [cxt 0] Pipeline 'egress': start
[09:19:36.367] [bmv2] [D] [thread 107768] [3.0] [cxt 0] Pipeline 'egress': end
[09:19:36.367] [bmv2] [D] [thread 107768] [3.0] [cxt 0] Deparser 'deparser': start
[09:19:36.367] [bmv2] [T] [thread 107768] [3.0] [cxt 0] Skipping checksum 'cksum' update because condition not met
[09:19:36.367] [bmv2] [D] [thread 107768] [3.0] [cxt 0] Deparsing header 'ethernet'
[09:19:36.367] [bmv2] [D] [thread 107768] [3.0] [cxt 0] Deparser 'deparser': end
[09:19:36.367] [bmv2] [D] [thread 107768] [4.0] [cxt 0] Pipeline 'egress': start
[09:19:36.367] [bmv2] [D] [thread 107768] [4.0] [cxt 0] Pipeline 'egress': end
[09:19:36.367] [bmv2] [D] [thread 107768] [4.0] [cxt 0] Deparser 'deparser': start
[09:19:36.367] [bmv2] [T] [thread 107768] [4.0] [cxt 0] Skipping checksum 'cksum' update because condition not met
[09:19:36.367] [bmv2] [D] [thread 107768] [4.0] [cxt 0] Deparsing header 'ethernet'
[09:19:36.367] [bmv2] [D] [thread 107768] [4.0] [cxt 0] Deparser 'deparser': end
[09:19:36.367] [bmv2] [D] [thread 107768] [5.0] [cxt 0] Pipeline 'egress': start
[09:19:36.367] [bmv2] [D] [thread 107768] [5.0] [cxt 0] Pipeline 'egress': end
[09:19:36.367] [bmv2] [D] [thread 107768] [5.0] [cxt 0] Deparser 'deparser': start
[09:19:36.367] [bmv2] [T] [thread 107768] [5.0] [cxt 0] Skipping checksum 'cksum' update because condition not met
[09:19:36.367] [bmv2] [D] [thread 107768] [5.0] [cxt 0] Deparsing header 'ethernet'
[09:19:36.367] [bmv2] [D] [thread 107768] [5.0] [cxt 0] Deparser 'deparser': end
[09:19:36.367] [bmv2] [D] [thread 107772] [3.0] [cxt 0] Transmitting packet of size 90 out of port 0
[09:19:36.367] [bmv2] [D] [thread 107772] [4.0] [cxt 0] Transmitting packet of size 70 out of port 0
[09:19:36.367] [bmv2] [D] [thread 107772] [5.0] [cxt 0] Transmitting packet of size 90 out of port 0
[09:19:36.463] [bmv2] [D] [thread 107767] [6.0] [cxt 0] Processing packet received on port 1
[09:19:36.463] [bmv2] [D] [thread 107767] [6.0] [cxt 0] Parser 'parser': start
[09:19:36.463] [bmv2] [D] [thread 107767] [6.0] [cxt 0] Parser 'parser' entering state 'start'
[09:19:36.463] [bmv2] [D] [thread 107767] [6.0] [cxt 0] Extracting header 'ethernet'
[09:19:36.463] [bmv2] [D] [thread 107767] [6.0] [cxt 0] Parser state 'start': key is 86dd
[09:19:36.463] [bmv2] [T] [thread 107767] [6.0] [cxt 0] Bytes parsed: 14
[09:19:36.463] [bmv2] [D] [thread 107767] [6.0] [cxt 0] Parser 'parser': end
[09:19:36.463] [bmv2] [D] [thread 107767] [6.0] [cxt 0] Pipeline 'ingress': start
[09:19:36.463] [bmv2] [T] [thread 107767] [6.0] [cxt 0] switch.p4(116) Condition "hdr.ipv4.isValid()" (node_2) is false
[09:19:36.463] [bmv2] [D] [thread 107767] [6.0] [cxt 0] Pipeline 'ingress': end
[09:19:36.463] [bmv2] [D] [thread 107767] [6.0] [cxt 0] Egress port is 0
[09:19:36.463] [bmv2] [D] [thread 107768] [6.0] [cxt 0] Pipeline 'egress': start
[09:19:36.463] [bmv2] [D] [thread 107768] [6.0] [cxt 0] Pipeline 'egress': end
[09:19:36.463] [bmv2] [D] [thread 107768] [6.0] [cxt 0] Deparser 'deparser': start
[09:19:36.463] [bmv2] [T] [thread 107768] [6.0] [cxt 0] Skipping checksum 'cksum' update because condition not met
[09:19:36.463] [bmv2] [D] [thread 107768] [6.0] [cxt 0] Deparsing header 'ethernet'
[09:19:36.463] [bmv2] [D] [thread 107768] [6.0] [cxt 0] Deparser 'deparser': end
[09:19:36.463] [bmv2] [D] [thread 107772] [6.0] [cxt 0] Transmitting packet of size 203 out of port 0
[09:19:36.496] [bmv2] [D] [thread 107767] [7.0] [cxt 0] Processing packet received on port 1
[09:19:36.496] [bmv2] [D] [thread 107767] [7.0] [cxt 0] Parser 'parser': start
[09:19:36.496] [bmv2] [D] [thread 107767] [7.0] [cxt 0] Parser 'parser' entering state 'start'
[09:19:36.496] [bmv2] [D] [thread 107767] [7.0] [cxt 0] Extracting header 'ethernet'
[09:19:36.496] [bmv2] [D] [thread 107767] [7.0] [cxt 0] Parser state 'start': key is 86dd
[09:19:36.496] [bmv2] [T] [thread 107767] [7.0] [cxt 0] Bytes parsed: 14
[09:19:36.496] [bmv2] [D] [thread 107767] [7.0] [cxt 0] Parser 'parser': end
[09:19:36.496] [bmv2] [D] [thread 107767] [7.0] [cxt 0] Pipeline 'ingress': start
[09:19:36.496] [bmv2] [T] [thread 107767] [7.0] [cxt 0] switch.p4(116) Condition "hdr.ipv4.isValid()" (node_2) is false
[09:19:36.497] [bmv2] [D] [thread 107767] [7.0] [cxt 0] Pipeline 'ingress': end
[09:19:36.497] [bmv2] [D] [thread 107767] [7.0] [cxt 0] Egress port is 0
[09:19:36.497] [bmv2] [D] [thread 107768] [7.0] [cxt 0] Pipeline 'egress': start
[09:19:36.497] [bmv2] [D] [thread 107768] [7.0] [cxt 0] Pipeline 'egress': end
[09:19:36.497] [bmv2] [D] [thread 107768] [7.0] [cxt 0] Deparser 'deparser': start
[09:19:36.497] [bmv2] [T] [thread 107768] [7.0] [cxt 0] Skipping checksum 'cksum' update because condition not met
[09:19:36.497] [bmv2] [D] [thread 107768] [7.0] [cxt 0] Deparsing header 'ethernet'
[09:19:36.497] [bmv2] [D] [thread 107768] [7.0] [cxt 0] Deparser 'deparser': end
[09:19:36.497] [bmv2] [D] [thread 107772] [7.0] [cxt 0] Transmitting packet of size 211 out of port 0
[09:19:36.635] [bmv2] [D] [thread 107767] [8.0] [cxt 0] Processing packet received on port 2
[09:19:36.635] [bmv2] [D] [thread 107767] [8.0] [cxt 0] Parser 'parser': start
[09:19:36.635] [bmv2] [D] [thread 107767] [8.0] [cxt 0] Parser 'parser' entering state 'start'
[09:19:36.635] [bmv2] [D] [thread 107767] [8.0] [cxt 0] Extracting header 'ethernet'
[09:19:36.636] [bmv2] [D] [thread 107767] [8.0] [cxt 0] Parser state 'start': key is 86dd
[09:19:36.636] [bmv2] [T] [thread 107767] [8.0] [cxt 0] Bytes parsed: 14
[09:19:36.636] [bmv2] [D] [thread 107767] [8.0] [cxt 0] Parser 'parser': end
[09:19:36.636] [bmv2] [D] [thread 107767] [8.0] [cxt 0] Pipeline 'ingress': start
[09:19:36.636] [bmv2] [T] [thread 107767] [8.0] [cxt 0] switch.p4(116) Condition "hdr.ipv4.isValid()" (node_2) is false
[09:19:36.636] [bmv2] [D] [thread 107767] [8.0] [cxt 0] Pipeline 'ingress': end
[09:19:36.636] [bmv2] [D] [thread 107767] [8.0] [cxt 0] Egress port is 0
[09:19:36.636] [bmv2] [D] [thread 107767] [9.0] [cxt 0] Processing packet received on port 2
[09:19:36.636] [bmv2] [D] [thread 107767] [9.0] [cxt 0] Parser 'parser': start
[09:19:36.636] [bmv2] [D] [thread 107767] [9.0] [cxt 0] Parser 'parser' entering state 'start'
[09:19:36.636] [bmv2] [D] [thread 107767] [9.0] [cxt 0] Extracting header 'ethernet'
[09:19:36.636] [bmv2] [D] [thread 107767] [9.0] [cxt 0] Parser state 'start': key is 86dd
[09:19:36.636] [bmv2] [T] [thread 107767] [9.0] [cxt 0] Bytes parsed: 14
[09:19:36.636] [bmv2] [D] [thread 107767] [9.0] [cxt 0] Parser 'parser': end
[09:19:36.636] [bmv2] [D] [thread 107767] [9.0] [cxt 0] Pipeline 'ingress': start
[09:19:36.636] [bmv2] [T] [thread 107767] [9.0] [cxt 0] switch.p4(116) Condition "hdr.ipv4.isValid()" (node_2) is false
[09:19:36.636] [bmv2] [D] [thread 107767] [9.0] [cxt 0] Pipeline 'ingress': end
[09:19:36.636] [bmv2] [D] [thread 107767] [9.0] [cxt 0] Egress port is 0
[09:19:36.636] [bmv2] [D] [thread 107768] [8.0] [cxt 0] Pipeline 'egress': start
[09:19:36.636] [bmv2] [D] [thread 107768] [8.0] [cxt 0] Pipeline 'egress': end
[09:19:36.636] [bmv2] [D] [thread 107768] [8.0] [cxt 0] Deparser 'deparser': start
[09:19:36.636] [bmv2] [T] [thread 107768] [8.0] [cxt 0] Skipping checksum 'cksum' update because condition not met
[09:19:36.637] [bmv2] [D] [thread 107768] [8.0] [cxt 0] Deparsing header 'ethernet'
[09:19:36.637] [bmv2] [D] [thread 107768] [8.0] [cxt 0] Deparser 'deparser': end
[09:19:36.637] [bmv2] [D] [thread 107772] [8.0] [cxt 0] Transmitting packet of size 90 out of port 0
[09:19:36.637] [bmv2] [D] [thread 107768] [9.0] [cxt 0] Pipeline 'egress': start
[09:19:36.637] [bmv2] [D] [thread 107768] [9.0] [cxt 0] Pipeline 'egress': end
[09:19:36.637] [bmv2] [D] [thread 107768] [9.0] [cxt 0] Deparser 'deparser': start
[09:19:36.637] [bmv2] [T] [thread 107768] [9.0] [cxt 0] Skipping checksum 'cksum' update because condition not met
[09:19:36.639] [bmv2] [D] [thread 107768] [9.0] [cxt 0] Deparsing header 'ethernet'
[09:19:36.638] [bmv2] [D] [thread 107767] [10.0] [cxt 0] Processing packet received on port 2
[09:19:36.639] [bmv2] [D] [thread 107767] [10.0] [cxt 0] Parser 'parser': start
[09:19:36.639] [bmv2] [D] [thread 107767] [10.0] [cxt 0] Parser 'parser' entering state 'start'
[09:19:36.639] [bmv2] [D] [thread 107767] [10.0] [cxt 0] Extracting header 'ethernet'
[09:19:36.639] [bmv2] [D] [thread 107767] [10.0] [cxt 0] Parser state 'start': key is 86dd
[09:19:36.640] [bmv2] [T] [thread 107767] [10.0] [cxt 0] Bytes parsed: 14
[09:19:36.640] [bmv2] [D] [thread 107767] [10.0] [cxt 0] Parser 'parser': end
[09:19:36.640] [bmv2] [D] [thread 107767] [10.0] [cxt 0] Pipeline 'ingress': start
[09:19:36.640] [bmv2] [T] [thread 107767] [10.0] [cxt 0] switch.p4(116) Condition "hdr.ipv4.isValid()" (node_2) is false
[09:19:36.640] [bmv2] [D] [thread 107767] [10.0] [cxt 0] Pipeline 'ingress': end
[09:19:36.640] [bmv2] [D] [thread 107767] [10.0] [cxt 0] Egress port is 0
[09:19:36.640] [bmv2] [D] [thread 107768] [9.0] [cxt 0] Deparser 'deparser': end
[09:19:36.640] [bmv2] [D] [thread 107772] [9.0] [cxt 0] Transmitting packet of size 70 out of port 0
[09:19:36.641] [bmv2] [D] [thread 107768] [10.0] [cxt 0] Pipeline 'egress': start
[09:19:36.641] [bmv2] [D] [thread 107768] [10.0] [cxt 0] Pipeline 'egress': end
[09:19:36.641] [bmv2] [D] [thread 107768] [10.0] [cxt 0] Deparser 'deparser': start
[09:19:36.642] [bmv2] [T] [thread 107768] [10.0] [cxt 0] Skipping checksum 'cksum' update because condition not met
[09:19:36.642] [bmv2] [D] [thread 107768] [10.0] [cxt 0] Deparsing header 'ethernet'
[09:19:36.642] [bmv2] [D] [thread 107768] [10.0] [cxt 0] Deparser 'deparser': end
[09:19:36.642] [bmv2] [D] [thread 107772] [10.0] [cxt 0] Transmitting packet of size 90 out of port 0
[09:19:36.733] [bmv2] [D] [thread 107767] [11.0] [cxt 0] Processing packet received on port 2
[09:19:36.733] [bmv2] [D] [thread 107767] [11.0] [cxt 0] Parser 'parser': start
[09:19:36.733] [bmv2] [D] [thread 107767] [11.0] [cxt 0] Parser 'parser' entering state 'start'
[09:19:36.733] [bmv2] [D] [thread 107767] [11.0] [cxt 0] Extracting header 'ethernet'
[09:19:36.733] [bmv2] [D] [thread 107767] [11.0] [cxt 0] Parser state 'start': key is 86dd
[09:19:36.733] [bmv2] [T] [thread 107767] [11.0] [cxt 0] Bytes parsed: 14
[09:19:36.733] [bmv2] [D] [thread 107767] [11.0] [cxt 0] Parser 'parser': end
[09:19:36.733] [bmv2] [D] [thread 107767] [11.0] [cxt 0] Pipeline 'ingress': start
[09:19:36.733] [bmv2] [T] [thread 107767] [11.0] [cxt 0] switch.p4(116) Condition "hdr.ipv4.isValid()" (node_2) is false
[09:19:36.733] [bmv2] [D] [thread 107767] [11.0] [cxt 0] Pipeline 'ingress': end
[09:19:36.734] [bmv2] [D] [thread 107767] [11.0] [cxt 0] Egress port is 0
[09:19:36.734] [bmv2] [D] [thread 107768] [11.0] [cxt 0] Pipeline 'egress': start
[09:19:36.734] [bmv2] [D] [thread 107768] [11.0] [cxt 0] Pipeline 'egress': end
[09:19:36.734] [bmv2] [D] [thread 107768] [11.0] [cxt 0] Deparser 'deparser': start
[09:19:36.734] [bmv2] [T] [thread 107768] [11.0] [cxt 0] Skipping checksum 'cksum' update because condition not met
[09:19:36.734] [bmv2] [D] [thread 107768] [11.0] [cxt 0] Deparsing header 'ethernet'
[09:19:36.734] [bmv2] [D] [thread 107768] [11.0] [cxt 0] Deparser 'deparser': end
[09:19:36.734] [bmv2] [D] [thread 107772] [11.0] [cxt 0] Transmitting packet of size 203 out of port 0
[09:19:36.772] [bmv2] [D] [thread 107767] [12.0] [cxt 0] Processing packet received on port 1
[09:19:36.772] [bmv2] [D] [thread 107767] [12.0] [cxt 0] Parser 'parser': start
[09:19:36.773] [bmv2] [D] [thread 107767] [12.0] [cxt 0] Parser 'parser' entering state 'start'
[09:19:36.773] [bmv2] [D] [thread 107767] [12.0] [cxt 0] Extracting header 'ethernet'
[09:19:36.773] [bmv2] [D] [thread 107767] [12.0] [cxt 0] Parser state 'start': key is 86dd
[09:19:36.773] [bmv2] [T] [thread 107767] [12.0] [cxt 0] Bytes parsed: 14
[09:19:36.773] [bmv2] [D] [thread 107767] [12.0] [cxt 0] Parser 'parser': end
[09:19:36.773] [bmv2] [D] [thread 107767] [12.0] [cxt 0] Pipeline 'ingress': start
[09:19:36.773] [bmv2] [T] [thread 107767] [12.0] [cxt 0] switch.p4(116) Condition "hdr.ipv4.isValid()" (node_2) is false
[09:19:36.773] [bmv2] [D] [thread 107767] [12.0] [cxt 0] Pipeline 'ingress': end
[09:19:36.773] [bmv2] [D] [thread 107767] [12.0] [cxt 0] Egress port is 0
[09:19:36.773] [bmv2] [D] [thread 107767] [13.0] [cxt 0] Processing packet received on port 2
[09:19:36.773] [bmv2] [D] [thread 107767] [13.0] [cxt 0] Parser 'parser': start
[09:19:36.773] [bmv2] [D] [thread 107767] [13.0] [cxt 0] Parser 'parser' entering state 'start'
[09:19:36.773] [bmv2] [D] [thread 107767] [13.0] [cxt 0] Extracting header 'ethernet'
[09:19:36.773] [bmv2] [D] [thread 107767] [13.0] [cxt 0] Parser state 'start': key is 86dd
[09:19:36.773] [bmv2] [T] [thread 107767] [13.0] [cxt 0] Bytes parsed: 14
[09:19:36.773] [bmv2] [D] [thread 107767] [13.0] [cxt 0] Parser 'parser': end
[09:19:36.773] [bmv2] [D] [thread 107767] [13.0] [cxt 0] Pipeline 'ingress': start
[09:19:36.773] [bmv2] [T] [thread 107767] [13.0] [cxt 0] switch.p4(116) Condition "hdr.ipv4.isValid()" (node_2) is false
[09:19:36.773] [bmv2] [D] [thread 107767] [13.0] [cxt 0] Pipeline 'ingress': end
[09:19:36.773] [bmv2] [D] [thread 107767] [13.0] [cxt 0] Egress port is 0
[09:19:36.774] [bmv2] [D] [thread 107768] [12.0] [cxt 0] Pipeline 'egress': start
[09:19:36.774] [bmv2] [D] [thread 107768] [12.0] [cxt 0] Pipeline 'egress': end
[09:19:36.774] [bmv2] [D] [thread 107768] [12.0] [cxt 0] Deparser 'deparser': start
[09:19:36.774] [bmv2] [T] [thread 107768] [12.0] [cxt 0] Skipping checksum 'cksum' update because condition not met
[09:19:36.774] [bmv2] [D] [thread 107768] [12.0] [cxt 0] Deparsing header 'ethernet'
[09:19:36.774] [bmv2] [D] [thread 107768] [12.0] [cxt 0] Deparser 'deparser': end
[09:19:36.774] [bmv2] [D] [thread 107768] [13.0] [cxt 0] Pipeline 'egress': start
[09:19:36.774] [bmv2] [D] [thread 107768] [13.0] [cxt 0] Pipeline 'egress': end
[09:19:36.774] [bmv2] [D] [thread 107768] [13.0] [cxt 0] Deparser 'deparser': start
[09:19:36.774] [bmv2] [T] [thread 107768] [13.0] [cxt 0] Skipping checksum 'cksum' update because condition not met
[09:19:36.774] [bmv2] [D] [thread 107768] [13.0] [cxt 0] Deparsing header 'ethernet'
[09:19:36.774] [bmv2] [D] [thread 107768] [13.0] [cxt 0] Deparser 'deparser': end
[09:19:36.774] [bmv2] [D] [thread 107772] [12.0] [cxt 0] Transmitting packet of size 211 out of port 0
[09:19:36.775] [bmv2] [D] [thread 107772] [13.0] [cxt 0] Transmitting packet of size 211 out of port 0
[09:19:37.018] [bmv2] [D] [thread 107767] [14.0] [cxt 0] Processing packet received on port 2
[09:19:37.019] [bmv2] [D] [thread 107767] [14.0] [cxt 0] Parser 'parser': start
[09:19:37.019] [bmv2] [D] [thread 107767] [14.0] [cxt 0] Parser 'parser' entering state 'start'
[09:19:37.019] [bmv2] [D] [thread 107767] [14.0] [cxt 0] Extracting header 'ethernet'
[09:19:37.019] [bmv2] [D] [thread 107767] [14.0] [cxt 0] Parser state 'start': key is 86dd
[09:19:37.019] [bmv2] [T] [thread 107767] [14.0] [cxt 0] Bytes parsed: 14
[09:19:37.019] [bmv2] [D] [thread 107767] [14.0] [cxt 0] Parser 'parser': end
[09:19:37.019] [bmv2] [D] [thread 107767] [14.0] [cxt 0] Pipeline 'ingress': start
[09:19:37.019] [bmv2] [T] [thread 107767] [14.0] [cxt 0] switch.p4(116) Condition "hdr.ipv4.isValid()" (node_2) is false
[09:19:37.019] [bmv2] [D] [thread 107767] [14.0] [cxt 0] Pipeline 'ingress': end
[09:19:37.019] [bmv2] [D] [thread 107767] [14.0] [cxt 0] Egress port is 0
[09:19:37.019] [bmv2] [D] [thread 107767] [15.0] [cxt 0] Processing packet received on port 2
[09:19:37.019] [bmv2] [D] [thread 107767] [15.0] [cxt 0] Parser 'parser': start
[09:19:37.019] [bmv2] [D] [thread 107767] [15.0] [cxt 0] Parser 'parser' entering state 'start'
[09:19:37.019] [bmv2] [D] [thread 107767] [15.0] [cxt 0] Extracting header 'ethernet'
[09:19:37.019] [bmv2] [D] [thread 107767] [15.0] [cxt 0] Parser state 'start': key is 86dd
[09:19:37.019] [bmv2] [T] [thread 107767] [15.0] [cxt 0] Bytes parsed: 14
[09:19:37.019] [bmv2] [D] [thread 107767] [15.0] [cxt 0] Parser 'parser': end
[09:19:37.019] [bmv2] [D] [thread 107767] [15.0] [cxt 0] Pipeline 'ingress': start
[09:19:37.019] [bmv2] [T] [thread 107767] [15.0] [cxt 0] switch.p4(116) Condition "hdr.ipv4.isValid()" (node_2) is false
[09:19:37.019] [bmv2] [D] [thread 107767] [15.0] [cxt 0] Pipeline 'ingress': end
[09:19:37.019] [bmv2] [D] [thread 107767] [15.0] [cxt 0] Egress port is 0
[09:19:37.019] [bmv2] [D] [thread 107768] [14.0] [cxt 0] Pipeline 'egress': start
[09:19:37.019] [bmv2] [D] [thread 107768] [14.0] [cxt 0] Pipeline 'egress': end
[09:19:37.019] [bmv2] [D] [thread 107768] [14.0] [cxt 0] Deparser 'deparser': start
[09:19:37.019] [bmv2] [T] [thread 107768] [14.0] [cxt 0] Skipping checksum 'cksum' update because condition not met
[09:19:37.019] [bmv2] [D] [thread 107768] [14.0] [cxt 0] Deparsing header 'ethernet'
[09:19:37.019] [bmv2] [D] [thread 107768] [14.0] [cxt 0] Deparser 'deparser': end
[09:19:37.019] [bmv2] [D] [thread 107768] [15.0] [cxt 0] Pipeline 'egress': start
[09:19:37.019] [bmv2] [D] [thread 107768] [15.0] [cxt 0] Pipeline 'egress': end
[09:19:37.019] [bmv2] [D] [thread 107768] [15.0] [cxt 0] Deparser 'deparser': start
[09:19:37.019] [bmv2] [T] [thread 107768] [15.0] [cxt 0] Skipping checksum 'cksum' update because condition not met
[09:19:37.019] [bmv2] [D] [thread 107768] [15.0] [cxt 0] Deparsing header 'ethernet'
[09:19:37.019] [bmv2] [D] [thread 107768] [15.0] [cxt 0] Deparser 'deparser': end
[09:19:37.019] [bmv2] [D] [thread 107772] [14.0] [cxt 0] Transmitting packet of size 90 out of port 0
[09:19:37.019] [bmv2] [D] [thread 107772] [15.0] [cxt 0] Transmitting packet of size 70 out of port 0
[09:19:37.022] [bmv2] [D] [thread 107767] [16.0] [cxt 0] Processing packet received on port 2
[09:19:37.022] [bmv2] [D] [thread 107767] [16.0] [cxt 0] Parser 'parser': start
[09:19:37.022] [bmv2] [D] [thread 107767] [16.0] [cxt 0] Parser 'parser' entering state 'start'
[09:19:37.022] [bmv2] [D] [thread 107767] [16.0] [cxt 0] Extracting header 'ethernet'
[09:19:37.022] [bmv2] [D] [thread 107767] [16.0] [cxt 0] Parser state 'start': key is 86dd
[09:19:37.022] [bmv2] [T] [thread 107767] [16.0] [cxt 0] Bytes parsed: 14
[09:19:37.022] [bmv2] [D] [thread 107767] [16.0] [cxt 0] Parser 'parser': end
[09:19:37.022] [bmv2] [D] [thread 107767] [16.0] [cxt 0] Pipeline 'ingress': start
[09:19:37.022] [bmv2] [T] [thread 107767] [16.0] [cxt 0] switch.p4(116) Condition "hdr.ipv4.isValid()" (node_2) is false
[09:19:37.022] [bmv2] [D] [thread 107767] [16.0] [cxt 0] Pipeline 'ingress': end
[09:19:37.022] [bmv2] [D] [thread 107767] [16.0] [cxt 0] Egress port is 0
[09:19:37.022] [bmv2] [D] [thread 107768] [16.0] [cxt 0] Pipeline 'egress': start
[09:19:37.022] [bmv2] [D] [thread 107768] [16.0] [cxt 0] Pipeline 'egress': end
[09:19:37.022] [bmv2] [D] [thread 107768] [16.0] [cxt 0] Deparser 'deparser': start
[09:19:37.022] [bmv2] [T] [thread 107768] [16.0] [cxt 0] Skipping checksum 'cksum' update because condition not met
[09:19:37.022] [bmv2] [D] [thread 107768] [16.0] [cxt 0] Deparsing header 'ethernet'
[09:19:37.022] [bmv2] [D] [thread 107768] [16.0] [cxt 0] Deparser 'deparser': end
[09:19:37.022] [bmv2] [D] [thread 107772] [16.0] [cxt 0] Transmitting packet of size 90 out of port 0
[09:19:37.024] [bmv2] [D] [thread 107767] [17.0] [cxt 0] Processing packet received on port 1
[09:19:37.024] [bmv2] [D] [thread 107767] [17.0] [cxt 0] Parser 'parser': start
[09:19:37.024] [bmv2] [D] [thread 107767] [17.0] [cxt 0] Parser 'parser' entering state 'start'
[09:19:37.024] [bmv2] [D] [thread 107767] [17.0] [cxt 0] Extracting header 'ethernet'
[09:19:37.024] [bmv2] [D] [thread 107767] [17.0] [cxt 0] Parser state 'start': key is 86dd
[09:19:37.024] [bmv2] [T] [thread 107767] [17.0] [cxt 0] Bytes parsed: 14
[09:19:37.024] [bmv2] [D] [thread 107767] [17.0] [cxt 0] Parser 'parser': end
[09:19:37.024] [bmv2] [D] [thread 107767] [17.0] [cxt 0] Pipeline 'ingress': start
[09:19:37.024] [bmv2] [T] [thread 107767] [17.0] [cxt 0] switch.p4(116) Condition "hdr.ipv4.isValid()" (node_2) is false
[09:19:37.024] [bmv2] [D] [thread 107767] [17.0] [cxt 0] Pipeline 'ingress': end
[09:19:37.024] [bmv2] [D] [thread 107767] [17.0] [cxt 0] Egress port is 0
[09:19:37.024] [bmv2] [D] [thread 107767] [18.0] [cxt 0] Processing packet received on port 2
[09:19:37.024] [bmv2] [D] [thread 107767] [18.0] [cxt 0] Parser 'parser': start
[09:19:37.024] [bmv2] [D] [thread 107767] [18.0] [cxt 0] Parser 'parser' entering state 'start'
[09:19:37.024] [bmv2] [D] [thread 107767] [18.0] [cxt 0] Extracting header 'ethernet'
[09:19:37.024] [bmv2] [D] [thread 107767] [18.0] [cxt 0] Parser state 'start': key is 86dd
[09:19:37.024] [bmv2] [T] [thread 107767] [18.0] [cxt 0] Bytes parsed: 14
[09:19:37.024] [bmv2] [D] [thread 107767] [18.0] [cxt 0] Parser 'parser': end
[09:19:37.024] [bmv2] [D] [thread 107767] [18.0] [cxt 0] Pipeline 'ingress': start
[09:19:37.024] [bmv2] [T] [thread 107767] [18.0] [cxt 0] switch.p4(116) Condition "hdr.ipv4.isValid()" (node_2) is false
[09:19:37.024] [bmv2] [D] [thread 107767] [18.0] [cxt 0] Pipeline 'ingress': end
[09:19:37.024] [bmv2] [D] [thread 107767] [18.0] [cxt 0] Egress port is 0
[09:19:37.024] [bmv2] [D] [thread 107768] [17.0] [cxt 0] Pipeline 'egress': start
[09:19:37.024] [bmv2] [D] [thread 107768] [17.0] [cxt 0] Pipeline 'egress': end
[09:19:37.024] [bmv2] [D] [thread 107768] [17.0] [cxt 0] Deparser 'deparser': start
[09:19:37.024] [bmv2] [T] [thread 107768] [17.0] [cxt 0] Skipping checksum 'cksum' update because condition not met
[09:19:37.024] [bmv2] [D] [thread 107768] [17.0] [cxt 0] Deparsing header 'ethernet'
[09:19:37.024] [bmv2] [D] [thread 107768] [17.0] [cxt 0] Deparser 'deparser': end
[09:19:37.024] [bmv2] [D] [thread 107768] [18.0] [cxt 0] Pipeline 'egress': start
[09:19:37.024] [bmv2] [D] [thread 107768] [18.0] [cxt 0] Pipeline 'egress': end
[09:19:37.024] [bmv2] [D] [thread 107768] [18.0] [cxt 0] Deparser 'deparser': start
[09:19:37.024] [bmv2] [T] [thread 107768] [18.0] [cxt 0] Skipping checksum 'cksum' update because condition not met
[09:19:37.024] [bmv2] [D] [thread 107768] [18.0] [cxt 0] Deparsing header 'ethernet'
[09:19:37.024] [bmv2] [D] [thread 107768] [18.0] [cxt 0] Deparser 'deparser': end
[09:19:37.024] [bmv2] [D] [thread 107772] [17.0] [cxt 0] Transmitting packet of size 211 out of port 0
[09:19:37.024] [bmv2] [D] [thread 107772] [18.0] [cxt 0] Transmitting packet of size 211 out of port 0
[09:19:37.126] [bmv2] [D] [thread 107767] [19.0] [cxt 0] Processing packet received on port 2
[09:19:37.126] [bmv2] [D] [thread 107767] [19.0] [cxt 0] Parser 'parser': start
[09:19:37.126] [bmv2] [D] [thread 107767] [19.0] [cxt 0] Parser 'parser' entering state 'start'
[09:19:37.126] [bmv2] [D] [thread 107767] [19.0] [cxt 0] Extracting header 'ethernet'
[09:19:37.126] [bmv2] [D] [thread 107767] [19.0] [cxt 0] Parser state 'start': key is 86dd
[09:19:37.126] [bmv2] [T] [thread 107767] [19.0] [cxt 0] Bytes parsed: 14
[09:19:37.126] [bmv2] [D] [thread 107767] [19.0] [cxt 0] Parser 'parser': end
[09:19:37.126] [bmv2] [D] [thread 107767] [19.0] [cxt 0] Pipeline 'ingress': start
[09:19:37.126] [bmv2] [T] [thread 107767] [19.0] [cxt 0] switch.p4(116) Condition "hdr.ipv4.isValid()" (node_2) is false
[09:19:37.126] [bmv2] [D] [thread 107767] [19.0] [cxt 0] Pipeline 'ingress': end
[09:19:37.126] [bmv2] [D] [thread 107767] [19.0] [cxt 0] Egress port is 0
[09:19:37.126] [bmv2] [D] [thread 107768] [19.0] [cxt 0] Pipeline 'egress': start
[09:19:37.126] [bmv2] [D] [thread 107768] [19.0] [cxt 0] Pipeline 'egress': end
[09:19:37.126] [bmv2] [D] [thread 107768] [19.0] [cxt 0] Deparser 'deparser': start
[09:19:37.126] [bmv2] [T] [thread 107768] [19.0] [cxt 0] Skipping checksum 'cksum' update because condition not met
[09:19:37.126] [bmv2] [D] [thread 107768] [19.0] [cxt 0] Deparsing header 'ethernet'
[09:19:37.126] [bmv2] [D] [thread 107768] [19.0] [cxt 0] Deparser 'deparser': end
[09:19:37.126] [bmv2] [D] [thread 107772] [19.0] [cxt 0] Transmitting packet of size 203 out of port 0
[09:19:37.209] [bmv2] [D] [thread 107767] [20.0] [cxt 0] Processing packet received on port 1
[09:19:37.209] [bmv2] [D] [thread 107767] [20.0] [cxt 0] Parser 'parser': start
[09:19:37.209] [bmv2] [D] [thread 107767] [20.0] [cxt 0] Parser 'parser' entering state 'start'
[09:19:37.209] [bmv2] [D] [thread 107767] [20.0] [cxt 0] Extracting header 'ethernet'
[09:19:37.209] [bmv2] [D] [thread 107767] [20.0] [cxt 0] Parser state 'start': key is 86dd
[09:19:37.209] [bmv2] [T] [thread 107767] [20.0] [cxt 0] Bytes parsed: 14
[09:19:37.209] [bmv2] [D] [thread 107767] [20.0] [cxt 0] Parser 'parser': end
[09:19:37.209] [bmv2] [D] [thread 107767] [20.0] [cxt 0] Pipeline 'ingress': start
[09:19:37.209] [bmv2] [T] [thread 107767] [20.0] [cxt 0] switch.p4(116) Condition "hdr.ipv4.isValid()" (node_2) is false
[09:19:37.209] [bmv2] [D] [thread 107767] [20.0] [cxt 0] Pipeline 'ingress': end
[09:19:37.209] [bmv2] [D] [thread 107767] [20.0] [cxt 0] Egress port is 0
[09:19:37.209] [bmv2] [D] [thread 107767] [21.0] [cxt 0] Processing packet received on port 2
[09:19:37.209] [bmv2] [D] [thread 107767] [21.0] [cxt 0] Parser 'parser': start
[09:19:37.209] [bmv2] [D] [thread 107767] [21.0] [cxt 0] Parser 'parser' entering state 'start'
[09:19:37.209] [bmv2] [D] [thread 107767] [21.0] [cxt 0] Extracting header 'ethernet'
[09:19:37.209] [bmv2] [D] [thread 107767] [21.0] [cxt 0] Parser state 'start': key is 86dd
[09:19:37.209] [bmv2] [T] [thread 107767] [21.0] [cxt 0] Bytes parsed: 14
[09:19:37.209] [bmv2] [D] [thread 107767] [21.0] [cxt 0] Parser 'parser': end
[09:19:37.209] [bmv2] [D] [thread 107767] [21.0] [cxt 0] Pipeline 'ingress': start
[09:19:37.209] [bmv2] [T] [thread 107767] [21.0] [cxt 0] switch.p4(116) Condition "hdr.ipv4.isValid()" (node_2) is false
[09:19:37.209] [bmv2] [D] [thread 107767] [21.0] [cxt 0] Pipeline 'ingress': end
[09:19:37.209] [bmv2] [D] [thread 107767] [21.0] [cxt 0] Egress port is 0
[09:19:37.209] [bmv2] [D] [thread 107767] [22.0] [cxt 0] Processing packet received on port 2
[09:19:37.209] [bmv2] [D] [thread 107767] [22.0] [cxt 0] Parser 'parser': start
[09:19:37.209] [bmv2] [D] [thread 107767] [22.0] [cxt 0] Parser 'parser' entering state 'start'
[09:19:37.209] [bmv2] [D] [thread 107767] [22.0] [cxt 0] Extracting header 'ethernet'
[09:19:37.209] [bmv2] [D] [thread 107767] [22.0] [cxt 0] Parser state 'start': key is 86dd
[09:19:37.209] [bmv2] [T] [thread 107767] [22.0] [cxt 0] Bytes parsed: 14
[09:19:37.209] [bmv2] [D] [thread 107767] [22.0] [cxt 0] Parser 'parser': end
[09:19:37.209] [bmv2] [D] [thread 107768] [20.0] [cxt 0] Pipeline 'egress': start
[09:19:37.209] [bmv2] [D] [thread 107767] [22.0] [cxt 0] Pipeline 'ingress': start
[09:19:37.209] [bmv2] [T] [thread 107767] [22.0] [cxt 0] switch.p4(116) Condition "hdr.ipv4.isValid()" (node_2) is false
[09:19:37.209] [bmv2] [D] [thread 107767] [22.0] [cxt 0] Pipeline 'ingress': end
[09:19:37.209] [bmv2] [D] [thread 107767] [22.0] [cxt 0] Egress port is 0
[09:19:37.209] [bmv2] [D] [thread 107768] [20.0] [cxt 0] Pipeline 'egress': end
[09:19:37.209] [bmv2] [D] [thread 107768] [20.0] [cxt 0] Deparser 'deparser': start
[09:19:37.209] [bmv2] [T] [thread 107768] [20.0] [cxt 0] Skipping checksum 'cksum' update because condition not met
[09:19:37.209] [bmv2] [D] [thread 107768] [20.0] [cxt 0] Deparsing header 'ethernet'
[09:19:37.209] [bmv2] [D] [thread 107768] [20.0] [cxt 0] Deparser 'deparser': end
[09:19:37.209] [bmv2] [D] [thread 107768] [21.0] [cxt 0] Pipeline 'egress': start
[09:19:37.209] [bmv2] [D] [thread 107768] [21.0] [cxt 0] Pipeline 'egress': end
[09:19:37.209] [bmv2] [D] [thread 107768] [21.0] [cxt 0] Deparser 'deparser': start
[09:19:37.209] [bmv2] [T] [thread 107768] [21.0] [cxt 0] Skipping checksum 'cksum' update because condition not met
[09:19:37.209] [bmv2] [D] [thread 107768] [21.0] [cxt 0] Deparsing header 'ethernet'
[09:19:37.209] [bmv2] [D] [thread 107768] [21.0] [cxt 0] Deparser 'deparser': end
[09:19:37.209] [bmv2] [D] [thread 107768] [22.0] [cxt 0] Pipeline 'egress': start
[09:19:37.209] [bmv2] [D] [thread 107768] [22.0] [cxt 0] Pipeline 'egress': end
[09:19:37.209] [bmv2] [D] [thread 107768] [22.0] [cxt 0] Deparser 'deparser': start
[09:19:37.209] [bmv2] [T] [thread 107768] [22.0] [cxt 0] Skipping checksum 'cksum' update because condition not met
[09:19:37.209] [bmv2] [D] [thread 107768] [22.0] [cxt 0] Deparsing header 'ethernet'
[09:19:37.209] [bmv2] [D] [thread 107768] [22.0] [cxt 0] Deparser 'deparser': end
[09:19:37.209] [bmv2] [D] [thread 107772] [20.0] [cxt 0] Transmitting packet of size 90 out of port 0
[09:19:37.209] [bmv2] [D] [thread 107772] [21.0] [cxt 0] Transmitting packet of size 110 out of port 0
[09:19:37.209] [bmv2] [D] [thread 107772] [22.0] [cxt 0] Transmitting packet of size 211 out of port 0
[09:19:37.228] [bmv2] [D] [thread 107767] [23.0] [cxt 0] Processing packet received on port 1
[09:19:37.228] [bmv2] [D] [thread 107767] [23.0] [cxt 0] Parser 'parser': start
[09:19:37.228] [bmv2] [D] [thread 107767] [23.0] [cxt 0] Parser 'parser' entering state 'start'
[09:19:37.228] [bmv2] [D] [thread 107767] [23.0] [cxt 0] Extracting header 'ethernet'
[09:19:37.228] [bmv2] [D] [thread 107767] [23.0] [cxt 0] Parser state 'start': key is 86dd
[09:19:37.228] [bmv2] [T] [thread 107767] [23.0] [cxt 0] Bytes parsed: 14
[09:19:37.228] [bmv2] [D] [thread 107767] [23.0] [cxt 0] Parser 'parser': end
[09:19:37.228] [bmv2] [D] [thread 107767] [23.0] [cxt 0] Pipeline 'ingress': start
[09:19:37.228] [bmv2] [T] [thread 107767] [23.0] [cxt 0] switch.p4(116) Condition "hdr.ipv4.isValid()" (node_2) is false
[09:19:37.228] [bmv2] [D] [thread 107767] [23.0] [cxt 0] Pipeline 'ingress': end
[09:19:37.228] [bmv2] [D] [thread 107767] [23.0] [cxt 0] Egress port is 0
[09:19:37.228] [bmv2] [D] [thread 107768] [23.0] [cxt 0] Pipeline 'egress': start
[09:19:37.228] [bmv2] [D] [thread 107768] [23.0] [cxt 0] Pipeline 'egress': end
[09:19:37.228] [bmv2] [D] [thread 107768] [23.0] [cxt 0] Deparser 'deparser': start
[09:19:37.228] [bmv2] [T] [thread 107768] [23.0] [cxt 0] Skipping checksum 'cksum' update because condition not met
[09:19:37.228] [bmv2] [D] [thread 107768] [23.0] [cxt 0] Deparsing header 'ethernet'
[09:19:37.228] [bmv2] [D] [thread 107768] [23.0] [cxt 0] Deparser 'deparser': end
[09:19:37.228] [bmv2] [D] [thread 107772] [23.0] [cxt 0] Transmitting packet of size 199 out of port 0
[09:19:37.234] [bmv2] [D] [thread 107767] [24.0] [cxt 0] Processing packet received on port 2
[09:19:37.234] [bmv2] [D] [thread 107767] [24.0] [cxt 0] Parser 'parser': start
[09:19:37.234] [bmv2] [D] [thread 107767] [24.0] [cxt 0] Parser 'parser' entering state 'start'
[09:19:37.234] [bmv2] [D] [thread 107767] [24.0] [cxt 0] Extracting header 'ethernet'
[09:19:37.234] [bmv2] [D] [thread 107767] [24.0] [cxt 0] Parser state 'start': key is 86dd
[09:19:37.234] [bmv2] [T] [thread 107767] [24.0] [cxt 0] Bytes parsed: 14
[09:19:37.234] [bmv2] [D] [thread 107767] [24.0] [cxt 0] Parser 'parser': end
[09:19:37.234] [bmv2] [D] [thread 107767] [24.0] [cxt 0] Pipeline 'ingress': start
[09:19:37.234] [bmv2] [T] [thread 107767] [24.0] [cxt 0] switch.p4(116) Condition "hdr.ipv4.isValid()" (node_2) is false
[09:19:37.234] [bmv2] [D] [thread 107767] [24.0] [cxt 0] Pipeline 'ingress': end
[09:19:37.234] [bmv2] [D] [thread 107767] [24.0] [cxt 0] Egress port is 0
[09:19:37.234] [bmv2] [D] [thread 107768] [24.0] [cxt 0] Pipeline 'egress': start
[09:19:37.234] [bmv2] [D] [thread 107768] [24.0] [cxt 0] Pipeline 'egress': end
[09:19:37.234] [bmv2] [D] [thread 107768] [24.0] [cxt 0] Deparser 'deparser': start
[09:19:37.234] [bmv2] [T] [thread 107768] [24.0] [cxt 0] Skipping checksum 'cksum' update because condition not met
[09:19:37.234] [bmv2] [D] [thread 107768] [24.0] [cxt 0] Deparsing header 'ethernet'
[09:19:37.234] [bmv2] [D] [thread 107768] [24.0] [cxt 0] Deparser 'deparser': end
[09:19:37.234] [bmv2] [D] [thread 107772] [24.0] [cxt 0] Transmitting packet of size 90 out of port 0
[09:19:37.288] [bmv2] [D] [thread 107767] [25.0] [cxt 0] Processing packet received on port 2
[09:19:37.288] [bmv2] [D] [thread 107767] [25.0] [cxt 0] Parser 'parser': start
[09:19:37.288] [bmv2] [D] [thread 107767] [25.0] [cxt 0] Parser 'parser' entering state 'start'
[09:19:37.288] [bmv2] [D] [thread 107767] [25.0] [cxt 0] Extracting header 'ethernet'
[09:19:37.288] [bmv2] [D] [thread 107767] [25.0] [cxt 0] Parser state 'start': key is 86dd
[09:19:37.288] [bmv2] [T] [thread 107767] [25.0] [cxt 0] Bytes parsed: 14
[09:19:37.288] [bmv2] [D] [thread 107767] [25.0] [cxt 0] Parser 'parser': end
[09:19:37.288] [bmv2] [D] [thread 107767] [25.0] [cxt 0] Pipeline 'ingress': start
[09:19:37.288] [bmv2] [T] [thread 107767] [25.0] [cxt 0] switch.p4(116) Condition "hdr.ipv4.isValid()" (node_2) is false
[09:19:37.288] [bmv2] [D] [thread 107767] [25.0] [cxt 0] Pipeline 'ingress': end
[09:19:37.288] [bmv2] [D] [thread 107767] [25.0] [cxt 0] Egress port is 0
[09:19:37.288] [bmv2] [D] [thread 107768] [25.0] [cxt 0] Pipeline 'egress': start
[09:19:37.288] [bmv2] [D] [thread 107768] [25.0] [cxt 0] Pipeline 'egress': end
[09:19:37.288] [bmv2] [D] [thread 107768] [25.0] [cxt 0] Deparser 'deparser': start
[09:19:37.288] [bmv2] [T] [thread 107768] [25.0] [cxt 0] Skipping checksum 'cksum' update because condition not met
[09:19:37.288] [bmv2] [D] [thread 107768] [25.0] [cxt 0] Deparsing header 'ethernet'
[09:19:37.288] [bmv2] [D] [thread 107768] [25.0] [cxt 0] Deparser 'deparser': end
[09:19:37.288] [bmv2] [D] [thread 107772] [25.0] [cxt 0] Transmitting packet of size 211 out of port 0
[09:19:37.365] [bmv2] [D] [thread 107767] [26.0] [cxt 0] Processing packet received on port 1
[09:19:37.365] [bmv2] [D] [thread 107767] [26.0] [cxt 0] Parser 'parser': start
[09:19:37.365] [bmv2] [D] [thread 107767] [26.0] [cxt 0] Parser 'parser' entering state 'start'
[09:19:37.365] [bmv2] [D] [thread 107767] [26.0] [cxt 0] Extracting header 'ethernet'
[09:19:37.365] [bmv2] [D] [thread 107767] [26.0] [cxt 0] Parser state 'start': key is 86dd
[09:19:37.365] [bmv2] [T] [thread 107767] [26.0] [cxt 0] Bytes parsed: 14
[09:19:37.365] [bmv2] [D] [thread 107767] [26.0] [cxt 0] Parser 'parser': end
[09:19:37.365] [bmv2] [D] [thread 107767] [26.0] [cxt 0] Pipeline 'ingress': start
[09:19:37.365] [bmv2] [T] [thread 107767] [26.0] [cxt 0] switch.p4(116) Condition "hdr.ipv4.isValid()" (node_2) is false
[09:19:37.365] [bmv2] [D] [thread 107767] [26.0] [cxt 0] Pipeline 'ingress': end
[09:19:37.365] [bmv2] [D] [thread 107767] [26.0] [cxt 0] Egress port is 0
[09:19:37.365] [bmv2] [D] [thread 107767] [27.0] [cxt 0] Processing packet received on port 2
[09:19:37.365] [bmv2] [D] [thread 107767] [27.0] [cxt 0] Parser 'parser': start
[09:19:37.365] [bmv2] [D] [thread 107767] [27.0] [cxt 0] Parser 'parser' entering state 'start'
[09:19:37.365] [bmv2] [D] [thread 107767] [27.0] [cxt 0] Extracting header 'ethernet'
[09:19:37.365] [bmv2] [D] [thread 107767] [27.0] [cxt 0] Parser state 'start': key is 86dd
[09:19:37.365] [bmv2] [T] [thread 107767] [27.0] [cxt 0] Bytes parsed: 14
[09:19:37.365] [bmv2] [D] [thread 107767] [27.0] [cxt 0] Parser 'parser': end
[09:19:37.365] [bmv2] [D] [thread 107767] [27.0] [cxt 0] Pipeline 'ingress': start
[09:19:37.365] [bmv2] [T] [thread 107767] [27.0] [cxt 0] switch.p4(116) Condition "hdr.ipv4.isValid()" (node_2) is false
[09:19:37.365] [bmv2] [D] [thread 107767] [27.0] [cxt 0] Pipeline 'ingress': end
[09:19:37.365] [bmv2] [D] [thread 107767] [27.0] [cxt 0] Egress port is 0
[09:19:37.365] [bmv2] [D] [thread 107767] [28.0] [cxt 0] Processing packet received on port 2
[09:19:37.365] [bmv2] [D] [thread 107767] [28.0] [cxt 0] Parser 'parser': start
[09:19:37.365] [bmv2] [D] [thread 107767] [28.0] [cxt 0] Parser 'parser' entering state 'start'
[09:19:37.365] [bmv2] [D] [thread 107767] [28.0] [cxt 0] Extracting header 'ethernet'
[09:19:37.365] [bmv2] [D] [thread 107767] [28.0] [cxt 0] Parser state 'start': key is 86dd
[09:19:37.365] [bmv2] [T] [thread 107767] [28.0] [cxt 0] Bytes parsed: 14
[09:19:37.365] [bmv2] [D] [thread 107767] [28.0] [cxt 0] Parser 'parser': end
[09:19:37.365] [bmv2] [D] [thread 107767] [28.0] [cxt 0] Pipeline 'ingress': start
[09:19:37.365] [bmv2] [T] [thread 107767] [28.0] [cxt 0] switch.p4(116) Condition "hdr.ipv4.isValid()" (node_2) is false
[09:19:37.365] [bmv2] [D] [thread 107767] [28.0] [cxt 0] Pipeline 'ingress': end
[09:19:37.365] [bmv2] [D] [thread 107767] [28.0] [cxt 0] Egress port is 0
[09:19:37.365] [bmv2] [D] [thread 107768] [26.0] [cxt 0] Pipeline 'egress': start
[09:19:37.365] [bmv2] [D] [thread 107768] [26.0] [cxt 0] Pipeline 'egress': end
[09:19:37.365] [bmv2] [D] [thread 107768] [26.0] [cxt 0] Deparser 'deparser': start
[09:19:37.365] [bmv2] [T] [thread 107768] [26.0] [cxt 0] Skipping checksum 'cksum' update because condition not met
[09:19:37.365] [bmv2] [D] [thread 107768] [26.0] [cxt 0] Deparsing header 'ethernet'
[09:19:37.365] [bmv2] [D] [thread 107768] [26.0] [cxt 0] Deparser 'deparser': end
[09:19:37.365] [bmv2] [D] [thread 107768] [27.0] [cxt 0] Pipeline 'egress': start
[09:19:37.365] [bmv2] [D] [thread 107768] [27.0] [cxt 0] Pipeline 'egress': end
[09:19:37.365] [bmv2] [D] [thread 107768] [27.0] [cxt 0] Deparser 'deparser': start
[09:19:37.365] [bmv2] [T] [thread 107768] [27.0] [cxt 0] Skipping checksum 'cksum' update because condition not met
[09:19:37.365] [bmv2] [D] [thread 107768] [27.0] [cxt 0] Deparsing header 'ethernet'
[09:19:37.365] [bmv2] [D] [thread 107768] [27.0] [cxt 0] Deparser 'deparser': end
[09:19:37.365] [bmv2] [D] [thread 107768] [28.0] [cxt 0] Pipeline 'egress': start
[09:19:37.365] [bmv2] [D] [thread 107768] [28.0] [cxt 0] Pipeline 'egress': end
[09:19:37.365] [bmv2] [D] [thread 107768] [28.0] [cxt 0] Deparser 'deparser': start
[09:19:37.365] [bmv2] [T] [thread 107768] [28.0] [cxt 0] Skipping checksum 'cksum' update because condition not met
[09:19:37.365] [bmv2] [D] [thread 107768] [28.0] [cxt 0] Deparsing header 'ethernet'
[09:19:37.365] [bmv2] [D] [thread 107768] [28.0] [cxt 0] Deparser 'deparser': end
[09:19:37.365] [bmv2] [D] [thread 107772] [26.0] [cxt 0] Transmitting packet of size 110 out of port 0
[09:19:37.365] [bmv2] [D] [thread 107772] [27.0] [cxt 0] Transmitting packet of size 110 out of port 0
[09:19:37.365] [bmv2] [D] [thread 107772] [28.0] [cxt 0] Transmitting packet of size 90 out of port 0
[09:19:37.428] [bmv2] [D] [thread 107767] [29.0] [cxt 0] Processing packet received on port 2
[09:19:37.428] [bmv2] [D] [thread 107767] [29.0] [cxt 0] Parser 'parser': start
[09:19:37.428] [bmv2] [D] [thread 107767] [29.0] [cxt 0] Parser 'parser' entering state 'start'
[09:19:37.428] [bmv2] [D] [thread 107767] [29.0] [cxt 0] Extracting header 'ethernet'
[09:19:37.428] [bmv2] [D] [thread 107767] [29.0] [cxt 0] Parser state 'start': key is 86dd
[09:19:37.428] [bmv2] [T] [thread 107767] [29.0] [cxt 0] Bytes parsed: 14
[09:19:37.428] [bmv2] [D] [thread 107767] [29.0] [cxt 0] Parser 'parser': end
[09:19:37.428] [bmv2] [D] [thread 107767] [29.0] [cxt 0] Pipeline 'ingress': start
[09:19:37.428] [bmv2] [T] [thread 107767] [29.0] [cxt 0] switch.p4(116) Condition "hdr.ipv4.isValid()" (node_2) is false
[09:19:37.428] [bmv2] [D] [thread 107767] [29.0] [cxt 0] Pipeline 'ingress': end
[09:19:37.428] [bmv2] [D] [thread 107767] [29.0] [cxt 0] Egress port is 0
[09:19:37.428] [bmv2] [D] [thread 107768] [29.0] [cxt 0] Pipeline 'egress': start
[09:19:37.428] [bmv2] [D] [thread 107768] [29.0] [cxt 0] Pipeline 'egress': end
[09:19:37.428] [bmv2] [D] [thread 107768] [29.0] [cxt 0] Deparser 'deparser': start
[09:19:37.428] [bmv2] [T] [thread 107768] [29.0] [cxt 0] Skipping checksum 'cksum' update because condition not met
[09:19:37.428] [bmv2] [D] [thread 107768] [29.0] [cxt 0] Deparsing header 'ethernet'
[09:19:37.428] [bmv2] [D] [thread 107768] [29.0] [cxt 0] Deparser 'deparser': end
[09:19:37.428] [bmv2] [D] [thread 107772] [29.0] [cxt 0] Transmitting packet of size 211 out of port 0
[09:19:37.489] [bmv2] [D] [thread 107767] [30.0] [cxt 0] Processing packet received on port 1
[09:19:37.489] [bmv2] [D] [thread 107767] [30.0] [cxt 0] Parser 'parser': start
[09:19:37.489] [bmv2] [D] [thread 107767] [30.0] [cxt 0] Parser 'parser' entering state 'start'
[09:19:37.489] [bmv2] [D] [thread 107767] [30.0] [cxt 0] Extracting header 'ethernet'
[09:19:37.489] [bmv2] [D] [thread 107767] [30.0] [cxt 0] Parser state 'start': key is 86dd
[09:19:37.489] [bmv2] [T] [thread 107767] [30.0] [cxt 0] Bytes parsed: 14
[09:19:37.489] [bmv2] [D] [thread 107767] [30.0] [cxt 0] Parser 'parser': end
[09:19:37.489] [bmv2] [D] [thread 107767] [30.0] [cxt 0] Pipeline 'ingress': start
[09:19:37.489] [bmv2] [T] [thread 107767] [30.0] [cxt 0] switch.p4(116) Condition "hdr.ipv4.isValid()" (node_2) is false
[09:19:37.489] [bmv2] [D] [thread 107767] [30.0] [cxt 0] Pipeline 'ingress': end
[09:19:37.489] [bmv2] [D] [thread 107767] [30.0] [cxt 0] Egress port is 0
[09:19:37.489] [bmv2] [D] [thread 107767] [31.0] [cxt 0] Processing packet received on port 2
[09:19:37.489] [bmv2] [D] [thread 107767] [31.0] [cxt 0] Parser 'parser': start
[09:19:37.489] [bmv2] [D] [thread 107767] [31.0] [cxt 0] Parser 'parser' entering state 'start'
[09:19:37.489] [bmv2] [D] [thread 107767] [31.0] [cxt 0] Extracting header 'ethernet'
[09:19:37.489] [bmv2] [D] [thread 107767] [31.0] [cxt 0] Parser state 'start': key is 86dd
[09:19:37.489] [bmv2] [T] [thread 107767] [31.0] [cxt 0] Bytes parsed: 14
[09:19:37.489] [bmv2] [D] [thread 107767] [31.0] [cxt 0] Parser 'parser': end
[09:19:37.489] [bmv2] [D] [thread 107767] [31.0] [cxt 0] Pipeline 'ingress': start
[09:19:37.489] [bmv2] [T] [thread 107767] [31.0] [cxt 0] switch.p4(116) Condition "hdr.ipv4.isValid()" (node_2) is false
[09:19:37.489] [bmv2] [D] [thread 107768] [30.0] [cxt 0] Pipeline 'egress': start
[09:19:37.489] [bmv2] [D] [thread 107768] [30.0] [cxt 0] Pipeline 'egress': end
[09:19:37.489] [bmv2] [D] [thread 107768] [30.0] [cxt 0] Deparser 'deparser': start
[09:19:37.489] [bmv2] [T] [thread 107768] [30.0] [cxt 0] Skipping checksum 'cksum' update because condition not met
[09:19:37.489] [bmv2] [D] [thread 107768] [30.0] [cxt 0] Deparsing header 'ethernet'
[09:19:37.489] [bmv2] [D] [thread 107768] [30.0] [cxt 0] Deparser 'deparser': end
[09:19:37.489] [bmv2] [D] [thread 107772] [30.0] [cxt 0] Transmitting packet of size 203 out of port 0
[09:19:37.489] [bmv2] [D] [thread 107767] [31.0] [cxt 0] Pipeline 'ingress': end
[09:19:37.497] [bmv2] [D] [thread 107767] [31.0] [cxt 0] Egress port is 0
[09:19:37.497] [bmv2] [D] [thread 107768] [31.0] [cxt 0] Pipeline 'egress': start
[09:19:37.497] [bmv2] [D] [thread 107768] [31.0] [cxt 0] Pipeline 'egress': end
[09:19:37.497] [bmv2] [D] [thread 107768] [31.0] [cxt 0] Deparser 'deparser': start
[09:19:37.497] [bmv2] [T] [thread 107768] [31.0] [cxt 0] Skipping checksum 'cksum' update because condition not met
[09:19:37.497] [bmv2] [D] [thread 107768] [31.0] [cxt 0] Deparsing header 'ethernet'
[09:19:37.497] [bmv2] [D] [thread 107768] [31.0] [cxt 0] Deparser 'deparser': end
[09:19:37.497] [bmv2] [D] [thread 107772] [31.0] [cxt 0] Transmitting packet of size 199 out of port 0
[09:19:37.695] [bmv2] [D] [thread 107767] [32.0] [cxt 0] Processing packet received on port 2
[09:19:37.695] [bmv2] [D] [thread 107767] [32.0] [cxt 0] Parser 'parser': start
[09:19:37.695] [bmv2] [D] [thread 107767] [32.0] [cxt 0] Parser 'parser' entering state 'start'
[09:19:37.695] [bmv2] [D] [thread 107767] [32.0] [cxt 0] Extracting header 'ethernet'
[09:19:37.695] [bmv2] [D] [thread 107767] [32.0] [cxt 0] Parser state 'start': key is 86dd
[09:19:37.695] [bmv2] [T] [thread 107767] [32.0] [cxt 0] Bytes parsed: 14
[09:19:37.695] [bmv2] [D] [thread 107767] [32.0] [cxt 0] Parser 'parser': end
[09:19:37.695] [bmv2] [D] [thread 107767] [32.0] [cxt 0] Pipeline 'ingress': start
[09:19:37.695] [bmv2] [T] [thread 107767] [32.0] [cxt 0] switch.p4(116) Condition "hdr.ipv4.isValid()" (node_2) is false
[09:19:37.695] [bmv2] [D] [thread 107767] [32.0] [cxt 0] Pipeline 'ingress': end
[09:19:37.695] [bmv2] [D] [thread 107767] [32.0] [cxt 0] Egress port is 0
[09:19:37.695] [bmv2] [D] [thread 107768] [32.0] [cxt 0] Pipeline 'egress': start
[09:19:37.695] [bmv2] [D] [thread 107768] [32.0] [cxt 0] Pipeline 'egress': end
[09:19:37.695] [bmv2] [D] [thread 107768] [32.0] [cxt 0] Deparser 'deparser': start
[09:19:37.695] [bmv2] [T] [thread 107768] [32.0] [cxt 0] Skipping checksum 'cksum' update because condition not met
[09:19:37.695] [bmv2] [D] [thread 107768] [32.0] [cxt 0] Deparsing header 'ethernet'
[09:19:37.695] [bmv2] [D] [thread 107768] [32.0] [cxt 0] Deparser 'deparser': end
[09:19:37.695] [bmv2] [D] [thread 107772] [32.0] [cxt 0] Transmitting packet of size 211 out of port 0
[09:19:37.755] [bmv2] [D] [thread 107767] [33.0] [cxt 0] Processing packet received on port 2
[09:19:37.755] [bmv2] [D] [thread 107767] [33.0] [cxt 0] Parser 'parser': start
[09:19:37.755] [bmv2] [D] [thread 107767] [33.0] [cxt 0] Parser 'parser' entering state 'start'
[09:19:37.755] [bmv2] [D] [thread 107767] [33.0] [cxt 0] Extracting header 'ethernet'
[09:19:37.755] [bmv2] [D] [thread 107767] [33.0] [cxt 0] Parser state 'start': key is 86dd
[09:19:37.755] [bmv2] [T] [thread 107767] [33.0] [cxt 0] Bytes parsed: 14
[09:19:37.755] [bmv2] [D] [thread 107767] [33.0] [cxt 0] Parser 'parser': end
[09:19:37.755] [bmv2] [D] [thread 107767] [33.0] [cxt 0] Pipeline 'ingress': start
[09:19:37.755] [bmv2] [T] [thread 107767] [33.0] [cxt 0] switch.p4(116) Condition "hdr.ipv4.isValid()" (node_2) is false
[09:19:37.755] [bmv2] [D] [thread 107767] [33.0] [cxt 0] Pipeline 'ingress': end
[09:19:37.755] [bmv2] [D] [thread 107767] [33.0] [cxt 0] Egress port is 0
[09:19:37.755] [bmv2] [D] [thread 107768] [33.0] [cxt 0] Pipeline 'egress': start
[09:19:37.755] [bmv2] [D] [thread 107768] [33.0] [cxt 0] Pipeline 'egress': end
[09:19:37.755] [bmv2] [D] [thread 107768] [33.0] [cxt 0] Deparser 'deparser': start
[09:19:37.755] [bmv2] [T] [thread 107768] [33.0] [cxt 0] Skipping checksum 'cksum' update because condition not met
[09:19:37.755] [bmv2] [D] [thread 107768] [33.0] [cxt 0] Deparsing header 'ethernet'
[09:19:37.755] [bmv2] [D] [thread 107768] [33.0] [cxt 0] Deparser 'deparser': end
[09:19:37.755] [bmv2] [D] [thread 107772] [33.0] [cxt 0] Transmitting packet of size 203 out of port 0
[09:19:37.877] [bmv2] [D] [thread 107767] [34.0] [cxt 0] Processing packet received on port 2
[09:19:37.877] [bmv2] [D] [thread 107767] [34.0] [cxt 0] Parser 'parser': start
[09:19:37.877] [bmv2] [D] [thread 107767] [34.0] [cxt 0] Parser 'parser' entering state 'start'
[09:19:37.877] [bmv2] [D] [thread 107767] [34.0] [cxt 0] Extracting header 'ethernet'
[09:19:37.877] [bmv2] [D] [thread 107767] [34.0] [cxt 0] Parser state 'start': key is 86dd
[09:19:37.877] [bmv2] [T] [thread 107767] [34.0] [cxt 0] Bytes parsed: 14
[09:19:37.877] [bmv2] [D] [thread 107767] [34.0] [cxt 0] Parser 'parser': end
[09:19:37.877] [bmv2] [D] [thread 107767] [34.0] [cxt 0] Pipeline 'ingress': start
[09:19:37.877] [bmv2] [T] [thread 107767] [34.0] [cxt 0] switch.p4(116) Condition "hdr.ipv4.isValid()" (node_2) is false
[09:19:37.877] [bmv2] [D] [thread 107767] [34.0] [cxt 0] Pipeline 'ingress': end
[09:19:37.877] [bmv2] [D] [thread 107767] [34.0] [cxt 0] Egress port is 0
[09:19:37.877] [bmv2] [D] [thread 107768] [34.0] [cxt 0] Pipeline 'egress': start
[09:19:37.877] [bmv2] [D] [thread 107768] [34.0] [cxt 0] Pipeline 'egress': end
[09:19:37.877] [bmv2] [D] [thread 107768] [34.0] [cxt 0] Deparser 'deparser': start
[09:19:37.877] [bmv2] [T] [thread 107768] [34.0] [cxt 0] Skipping checksum 'cksum' update because condition not met
[09:19:37.877] [bmv2] [D] [thread 107768] [34.0] [cxt 0] Deparsing header 'ethernet'
[09:19:37.877] [bmv2] [D] [thread 107768] [34.0] [cxt 0] Deparser 'deparser': end
[09:19:37.878] [bmv2] [D] [thread 107772] [34.0] [cxt 0] Transmitting packet of size 199 out of port 0
[09:19:38.046] [bmv2] [W] [thread 107825] [P4Runtime] p4::tmp::P4DeviceConfig is deprecated
[09:19:38.051] [bmv2] [D] [thread 107825] Set default default entry for table 'MyIngress.ipv4_lpm': MyIngress.drop - 
[09:19:38.051] [bmv2] [D] [thread 107825] simple_switch target has been notified of a config swap
[09:19:38.056] [bmv2] [D] [thread 107825] Set default entry for table 'MyIngress.ipv4_lpm': MyIngress.drop - 
[09:19:38.056] [bmv2] [D] [thread 107826] Entry 0 added to table 'MyIngress.ipv4_lpm'
[09:19:38.056] [bmv2] [D] [thread 107826] Dumping entry 0
Match key:
* hdr.ipv4.dstAddr    : LPM       0a000101/32
Action entry: MyIngress.ipv4_forward - 80000000111,1,

[09:19:38.056] [bmv2] [D] [thread 107825] Entry 1 added to table 'MyIngress.ipv4_lpm'
[09:19:38.056] [bmv2] [D] [thread 107825] Dumping entry 1
Match key:
* hdr.ipv4.dstAddr    : LPM       0a000202/32
Action entry: MyIngress.ipv4_forward - 80000000200,2,

[09:19:38.132] [bmv2] [D] [thread 107767] [35.0] [cxt 0] Processing packet received on port 2
[09:19:38.132] [bmv2] [D] [thread 107767] [35.0] [cxt 0] Parser 'parser': start
[09:19:38.132] [bmv2] [D] [thread 107767] [35.0] [cxt 0] Parser 'parser' entering state 'start'
[09:19:38.132] [bmv2] [D] [thread 107767] [35.0] [cxt 0] Extracting header 'ethernet'
[09:19:38.132] [bmv2] [D] [thread 107767] [35.0] [cxt 0] Parser state 'start': key is 86dd
[09:19:38.132] [bmv2] [T] [thread 107767] [35.0] [cxt 0] Bytes parsed: 14
[09:19:38.132] [bmv2] [D] [thread 107767] [35.0] [cxt 0] Parser 'parser': end
[09:19:38.132] [bmv2] [D] [thread 107767] [35.0] [cxt 0] Pipeline 'ingress': start
[09:19:38.132] [bmv2] [T] [thread 107767] [35.0] [cxt 0] switch.p4(116) Condition "hdr.ipv4.isValid()" (node_2) is false
[09:19:38.132] [bmv2] [D] [thread 107767] [35.0] [cxt 0] Pipeline 'ingress': end
[09:19:38.132] [bmv2] [D] [thread 107767] [35.0] [cxt 0] Egress port is 0
[09:19:38.132] [bmv2] [D] [thread 107768] [35.0] [cxt 0] Pipeline 'egress': start
[09:19:38.132] [bmv2] [D] [thread 107768] [35.0] [cxt 0] Pipeline 'egress': end
[09:19:38.132] [bmv2] [D] [thread 107768] [35.0] [cxt 0] Deparser 'deparser': start
[09:19:38.132] [bmv2] [T] [thread 107768] [35.0] [cxt 0] Skipping checksum 'cksum' update because condition not met
[09:19:38.132] [bmv2] [D] [thread 107768] [35.0] [cxt 0] Deparsing header 'ethernet'
[09:19:38.132] [bmv2] [D] [thread 107768] [35.0] [cxt 0] Deparser 'deparser': end
[09:19:38.132] [bmv2] [D] [thread 107772] [35.0] [cxt 0] Transmitting packet of size 203 out of port 0
[09:19:38.370] [bmv2] [D] [thread 107767] [36.0] [cxt 0] Processing packet received on port 1
[09:19:38.370] [bmv2] [D] [thread 107767] [36.0] [cxt 0] Parser 'parser': start
[09:19:38.370] [bmv2] [D] [thread 107767] [36.0] [cxt 0] Parser 'parser' entering state 'start'
[09:19:38.370] [bmv2] [D] [thread 107767] [36.0] [cxt 0] Extracting header 'ethernet'
[09:19:38.370] [bmv2] [D] [thread 107767] [36.0] [cxt 0] Parser state 'start': key is 86dd
[09:19:38.370] [bmv2] [T] [thread 107767] [36.0] [cxt 0] Bytes parsed: 14
[09:19:38.370] [bmv2] [D] [thread 107767] [36.0] [cxt 0] Parser 'parser': end
[09:19:38.370] [bmv2] [D] [thread 107767] [36.0] [cxt 0] Pipeline 'ingress': start
[09:19:38.370] [bmv2] [T] [thread 107767] [36.0] [cxt 0] switch.p4(116) Condition "hdr.ipv4.isValid()" (node_2) is false
[09:19:38.370] [bmv2] [D] [thread 107767] [36.0] [cxt 0] Pipeline 'ingress': end
[09:19:38.370] [bmv2] [D] [thread 107767] [36.0] [cxt 0] Egress port is 0
[09:19:38.370] [bmv2] [D] [thread 107768] [36.0] [cxt 0] Pipeline 'egress': start
[09:19:38.370] [bmv2] [D] [thread 107768] [36.0] [cxt 0] Pipeline 'egress': end
[09:19:38.370] [bmv2] [D] [thread 107768] [36.0] [cxt 0] Deparser 'deparser': start
[09:19:38.370] [bmv2] [T] [thread 107768] [36.0] [cxt 0] Skipping checksum 'cksum' update because condition not met
[09:19:38.371] [bmv2] [D] [thread 107768] [36.0] [cxt 0] Deparsing header 'ethernet'
[09:19:38.371] [bmv2] [D] [thread 107768] [36.0] [cxt 0] Deparser 'deparser': end
[09:19:38.371] [bmv2] [D] [thread 107772] [36.0] [cxt 0] Transmitting packet of size 199 out of port 0
[09:19:38.579] [bmv2] [D] [thread 107767] [37.0] [cxt 0] Processing packet received on port 2
[09:19:38.579] [bmv2] [D] [thread 107767] [37.0] [cxt 0] Parser 'parser': start
[09:19:38.579] [bmv2] [D] [thread 107767] [37.0] [cxt 0] Parser 'parser' entering state 'start'
[09:19:38.579] [bmv2] [D] [thread 107767] [37.0] [cxt 0] Extracting header 'ethernet'
[09:19:38.579] [bmv2] [D] [thread 107767] [37.0] [cxt 0] Parser state 'start': key is 86dd
[09:19:38.579] [bmv2] [T] [thread 107767] [37.0] [cxt 0] Bytes parsed: 14
[09:19:38.579] [bmv2] [D] [thread 107767] [37.0] [cxt 0] Parser 'parser': end
[09:19:38.579] [bmv2] [D] [thread 107767] [37.0] [cxt 0] Pipeline 'ingress': start
[09:19:38.579] [bmv2] [T] [thread 107767] [37.0] [cxt 0] switch.p4(116) Condition "hdr.ipv4.isValid()" (node_2) is false
[09:19:38.579] [bmv2] [D] [thread 107767] [37.0] [cxt 0] Pipeline 'ingress': end
[09:19:38.579] [bmv2] [D] [thread 107767] [37.0] [cxt 0] Egress port is 0
[09:19:38.579] [bmv2] [D] [thread 107768] [37.0] [cxt 0] Pipeline 'egress': start
[09:19:38.579] [bmv2] [D] [thread 107768] [37.0] [cxt 0] Pipeline 'egress': end
[09:19:38.579] [bmv2] [D] [thread 107768] [37.0] [cxt 0] Deparser 'deparser': start
[09:19:38.579] [bmv2] [T] [thread 107768] [37.0] [cxt 0] Skipping checksum 'cksum' update because condition not met
[09:19:38.579] [bmv2] [D] [thread 107768] [37.0] [cxt 0] Deparsing header 'ethernet'
[09:19:38.579] [bmv2] [D] [thread 107768] [37.0] [cxt 0] Deparser 'deparser': end
[09:19:38.579] [bmv2] [D] [thread 107772] [37.0] [cxt 0] Transmitting packet of size 199 out of port 0
[09:19:38.960] [bmv2] [D] [thread 107767] [38.0] [cxt 0] Processing packet received on port 2
[09:19:38.960] [bmv2] [D] [thread 107767] [38.0] [cxt 0] Parser 'parser': start
[09:19:38.960] [bmv2] [D] [thread 107767] [38.0] [cxt 0] Parser 'parser' entering state 'start'
[09:19:38.960] [bmv2] [D] [thread 107767] [38.0] [cxt 0] Extracting header 'ethernet'
[09:19:38.960] [bmv2] [D] [thread 107767] [38.0] [cxt 0] Parser state 'start': key is 86dd
[09:19:38.960] [bmv2] [T] [thread 107767] [38.0] [cxt 0] Bytes parsed: 14
[09:19:38.960] [bmv2] [D] [thread 107767] [38.0] [cxt 0] Parser 'parser': end
[09:19:38.960] [bmv2] [D] [thread 107767] [38.0] [cxt 0] Pipeline 'ingress': start
[09:19:38.960] [bmv2] [T] [thread 107767] [38.0] [cxt 0] switch.p4(116) Condition "hdr.ipv4.isValid()" (node_2) is false
[09:19:38.960] [bmv2] [D] [thread 107767] [38.0] [cxt 0] Pipeline 'ingress': end
[09:19:38.960] [bmv2] [D] [thread 107767] [38.0] [cxt 0] Egress port is 0
[09:19:38.960] [bmv2] [D] [thread 107768] [38.0] [cxt 0] Pipeline 'egress': start
[09:19:38.960] [bmv2] [D] [thread 107768] [38.0] [cxt 0] Pipeline 'egress': end
[09:19:38.960] [bmv2] [D] [thread 107768] [38.0] [cxt 0] Deparser 'deparser': start
[09:19:38.960] [bmv2] [T] [thread 107768] [38.0] [cxt 0] Skipping checksum 'cksum' update because condition not met
[09:19:38.960] [bmv2] [D] [thread 107768] [38.0] [cxt 0] Deparsing header 'ethernet'
[09:19:38.960] [bmv2] [D] [thread 107768] [38.0] [cxt 0] Deparser 'deparser': end
[09:19:38.960] [bmv2] [D] [thread 107772] [38.0] [cxt 0] Transmitting packet of size 199 out of port 0
[09:19:39.467] [bmv2] [D] [thread 107767] [39.0] [cxt 0] Processing packet received on port 1
[09:19:39.467] [bmv2] [D] [thread 107767] [39.0] [cxt 0] Parser 'parser': start
[09:19:39.467] [bmv2] [D] [thread 107767] [39.0] [cxt 0] Parser 'parser' entering state 'start'
[09:19:39.467] [bmv2] [D] [thread 107767] [39.0] [cxt 0] Extracting header 'ethernet'
[09:19:39.467] [bmv2] [D] [thread 107767] [39.0] [cxt 0] Parser state 'start': key is 86dd
[09:19:39.467] [bmv2] [T] [thread 107767] [39.0] [cxt 0] Bytes parsed: 14
[09:19:39.467] [bmv2] [D] [thread 107767] [39.0] [cxt 0] Parser 'parser': end
[09:19:39.467] [bmv2] [D] [thread 107767] [39.0] [cxt 0] Pipeline 'ingress': start
[09:19:39.467] [bmv2] [T] [thread 107767] [39.0] [cxt 0] switch.p4(116) Condition "hdr.ipv4.isValid()" (node_2) is false
[09:19:39.467] [bmv2] [D] [thread 107767] [39.0] [cxt 0] Pipeline 'ingress': end
[09:19:39.467] [bmv2] [D] [thread 107767] [39.0] [cxt 0] Egress port is 0
[09:19:39.467] [bmv2] [D] [thread 107768] [39.0] [cxt 0] Pipeline 'egress': start
[09:19:39.467] [bmv2] [D] [thread 107768] [39.0] [cxt 0] Pipeline 'egress': end
[09:19:39.467] [bmv2] [D] [thread 107768] [39.0] [cxt 0] Deparser 'deparser': start
[09:19:39.467] [bmv2] [T] [thread 107768] [39.0] [cxt 0] Skipping checksum 'cksum' update because condition not met
[09:19:39.467] [bmv2] [D] [thread 107768] [39.0] [cxt 0] Deparsing header 'ethernet'
[09:19:39.467] [bmv2] [D] [thread 107768] [39.0] [cxt 0] Deparser 'deparser': end
[09:19:39.467] [bmv2] [D] [thread 107772] [39.0] [cxt 0] Transmitting packet of size 203 out of port 0
[09:19:39.748] [bmv2] [D] [thread 107767] [40.0] [cxt 0] Processing packet received on port 2
[09:19:39.748] [bmv2] [D] [thread 107767] [40.0] [cxt 0] Parser 'parser': start
[09:19:39.748] [bmv2] [D] [thread 107767] [40.0] [cxt 0] Parser 'parser' entering state 'start'
[09:19:39.748] [bmv2] [D] [thread 107767] [40.0] [cxt 0] Extracting header 'ethernet'
[09:19:39.748] [bmv2] [D] [thread 107767] [40.0] [cxt 0] Parser state 'start': key is 86dd
[09:19:39.748] [bmv2] [T] [thread 107767] [40.0] [cxt 0] Bytes parsed: 14
[09:19:39.748] [bmv2] [D] [thread 107767] [40.0] [cxt 0] Parser 'parser': end
[09:19:39.748] [bmv2] [D] [thread 107767] [40.0] [cxt 0] Pipeline 'ingress': start
[09:19:39.748] [bmv2] [T] [thread 107767] [40.0] [cxt 0] switch.p4(116) Condition "hdr.ipv4.isValid()" (node_2) is false
[09:19:39.748] [bmv2] [D] [thread 107767] [40.0] [cxt 0] Pipeline 'ingress': end
[09:19:39.748] [bmv2] [D] [thread 107767] [40.0] [cxt 0] Egress port is 0
[09:19:39.748] [bmv2] [D] [thread 107768] [40.0] [cxt 0] Pipeline 'egress': start
[09:19:39.748] [bmv2] [D] [thread 107768] [40.0] [cxt 0] Pipeline 'egress': end
[09:19:39.748] [bmv2] [D] [thread 107768] [40.0] [cxt 0] Deparser 'deparser': start
[09:19:39.748] [bmv2] [T] [thread 107768] [40.0] [cxt 0] Skipping checksum 'cksum' update because condition not met
[09:19:39.748] [bmv2] [D] [thread 107768] [40.0] [cxt 0] Deparsing header 'ethernet'
[09:19:39.748] [bmv2] [D] [thread 107768] [40.0] [cxt 0] Deparser 'deparser': end
[09:19:39.748] [bmv2] [D] [thread 107772] [40.0] [cxt 0] Transmitting packet of size 203 out of port 0
[09:19:40.159] [bmv2] [D] [thread 107767] [41.0] [cxt 0] Processing packet received on port 2
[09:19:40.159] [bmv2] [D] [thread 107767] [41.0] [cxt 0] Parser 'parser': start
[09:19:40.159] [bmv2] [D] [thread 107767] [41.0] [cxt 0] Parser 'parser' entering state 'start'
[09:19:40.159] [bmv2] [D] [thread 107767] [41.0] [cxt 0] Extracting header 'ethernet'
[09:19:40.159] [bmv2] [D] [thread 107767] [41.0] [cxt 0] Parser state 'start': key is 86dd
[09:19:40.159] [bmv2] [T] [thread 107767] [41.0] [cxt 0] Bytes parsed: 14
[09:19:40.159] [bmv2] [D] [thread 107767] [41.0] [cxt 0] Parser 'parser': end
[09:19:40.159] [bmv2] [D] [thread 107767] [41.0] [cxt 0] Pipeline 'ingress': start
[09:19:40.159] [bmv2] [T] [thread 107767] [41.0] [cxt 0] switch.p4(116) Condition "hdr.ipv4.isValid()" (node_2) is false
[09:19:40.159] [bmv2] [D] [thread 107767] [41.0] [cxt 0] Pipeline 'ingress': end
[09:19:40.159] [bmv2] [D] [thread 107767] [41.0] [cxt 0] Egress port is 0
[09:19:40.159] [bmv2] [D] [thread 107768] [41.0] [cxt 0] Pipeline 'egress': start
[09:19:40.159] [bmv2] [D] [thread 107768] [41.0] [cxt 0] Pipeline 'egress': end
[09:19:40.159] [bmv2] [D] [thread 107768] [41.0] [cxt 0] Deparser 'deparser': start
[09:19:40.159] [bmv2] [T] [thread 107768] [41.0] [cxt 0] Skipping checksum 'cksum' update because condition not met
[09:19:40.159] [bmv2] [D] [thread 107768] [41.0] [cxt 0] Deparsing header 'ethernet'
[09:19:40.159] [bmv2] [D] [thread 107768] [41.0] [cxt 0] Deparser 'deparser': end
[09:19:40.159] [bmv2] [D] [thread 107772] [41.0] [cxt 0] Transmitting packet of size 203 out of port 0
[09:19:40.470] [bmv2] [D] [thread 107767] [42.0] [cxt 0] Processing packet received on port 1
[09:19:40.470] [bmv2] [D] [thread 107767] [42.0] [cxt 0] Parser 'parser': start
[09:19:40.470] [bmv2] [D] [thread 107767] [42.0] [cxt 0] Parser 'parser' entering state 'start'
[09:19:40.470] [bmv2] [D] [thread 107767] [42.0] [cxt 0] Extracting header 'ethernet'
[09:19:40.470] [bmv2] [D] [thread 107767] [42.0] [cxt 0] Parser state 'start': key is 86dd
[09:19:40.470] [bmv2] [T] [thread 107767] [42.0] [cxt 0] Bytes parsed: 14
[09:19:40.470] [bmv2] [D] [thread 107767] [42.0] [cxt 0] Parser 'parser': end
[09:19:40.470] [bmv2] [D] [thread 107767] [42.0] [cxt 0] Pipeline 'ingress': start
[09:19:40.470] [bmv2] [T] [thread 107767] [42.0] [cxt 0] switch.p4(116) Condition "hdr.ipv4.isValid()" (node_2) is false
[09:19:40.470] [bmv2] [D] [thread 107767] [42.0] [cxt 0] Pipeline 'ingress': end
[09:19:40.470] [bmv2] [D] [thread 107767] [42.0] [cxt 0] Egress port is 0
[09:19:40.470] [bmv2] [D] [thread 107768] [42.0] [cxt 0] Pipeline 'egress': start
[09:19:40.470] [bmv2] [D] [thread 107768] [42.0] [cxt 0] Pipeline 'egress': end
[09:19:40.470] [bmv2] [D] [thread 107768] [42.0] [cxt 0] Deparser 'deparser': start
[09:19:40.470] [bmv2] [T] [thread 107768] [42.0] [cxt 0] Skipping checksum 'cksum' update because condition not met
[09:19:40.470] [bmv2] [D] [thread 107768] [42.0] [cxt 0] Deparsing header 'ethernet'
[09:19:40.470] [bmv2] [D] [thread 107768] [42.0] [cxt 0] Deparser 'deparser': end
[09:19:40.470] [bmv2] [D] [thread 107772] [42.0] [cxt 0] Transmitting packet of size 199 out of port 0
[09:19:40.600] [bmv2] [D] [thread 107767] [43.0] [cxt 0] Processing packet received on port 2
[09:19:40.600] [bmv2] [D] [thread 107767] [43.0] [cxt 0] Parser 'parser': start
[09:19:40.600] [bmv2] [D] [thread 107767] [43.0] [cxt 0] Parser 'parser' entering state 'start'
[09:19:40.600] [bmv2] [D] [thread 107767] [43.0] [cxt 0] Extracting header 'ethernet'
[09:19:40.600] [bmv2] [D] [thread 107767] [43.0] [cxt 0] Parser state 'start': key is 86dd
[09:19:40.600] [bmv2] [T] [thread 107767] [43.0] [cxt 0] Bytes parsed: 14
[09:19:40.600] [bmv2] [D] [thread 107767] [43.0] [cxt 0] Parser 'parser': end
[09:19:40.600] [bmv2] [D] [thread 107767] [43.0] [cxt 0] Pipeline 'ingress': start
[09:19:40.600] [bmv2] [T] [thread 107767] [43.0] [cxt 0] switch.p4(116) Condition "hdr.ipv4.isValid()" (node_2) is false
[09:19:40.600] [bmv2] [D] [thread 107767] [43.0] [cxt 0] Pipeline 'ingress': end
[09:19:40.600] [bmv2] [D] [thread 107767] [43.0] [cxt 0] Egress port is 0
[09:19:40.600] [bmv2] [D] [thread 107768] [43.0] [cxt 0] Pipeline 'egress': start
[09:19:40.600] [bmv2] [D] [thread 107768] [43.0] [cxt 0] Pipeline 'egress': end
[09:19:40.600] [bmv2] [D] [thread 107768] [43.0] [cxt 0] Deparser 'deparser': start
[09:19:40.600] [bmv2] [T] [thread 107768] [43.0] [cxt 0] Skipping checksum 'cksum' update because condition not met
[09:19:40.600] [bmv2] [D] [thread 107768] [43.0] [cxt 0] Deparsing header 'ethernet'
[09:19:40.600] [bmv2] [D] [thread 107768] [43.0] [cxt 0] Deparser 'deparser': end
[09:19:40.600] [bmv2] [D] [thread 107772] [43.0] [cxt 0] Transmitting packet of size 70 out of port 0
[09:19:40.664] [bmv2] [D] [thread 107767] [44.0] [cxt 0] Processing packet received on port 2
[09:19:40.664] [bmv2] [D] [thread 107767] [44.0] [cxt 0] Parser 'parser': start
[09:19:40.664] [bmv2] [D] [thread 107767] [44.0] [cxt 0] Parser 'parser' entering state 'start'
[09:19:40.664] [bmv2] [D] [thread 107767] [44.0] [cxt 0] Extracting header 'ethernet'
[09:19:40.664] [bmv2] [D] [thread 107767] [44.0] [cxt 0] Parser state 'start': key is 86dd
[09:19:40.664] [bmv2] [T] [thread 107767] [44.0] [cxt 0] Bytes parsed: 14
[09:19:40.664] [bmv2] [D] [thread 107767] [44.0] [cxt 0] Parser 'parser': end
[09:19:40.664] [bmv2] [D] [thread 107767] [44.0] [cxt 0] Pipeline 'ingress': start
[09:19:40.664] [bmv2] [T] [thread 107767] [44.0] [cxt 0] switch.p4(116) Condition "hdr.ipv4.isValid()" (node_2) is false
[09:19:40.664] [bmv2] [D] [thread 107767] [44.0] [cxt 0] Pipeline 'ingress': end
[09:19:40.664] [bmv2] [D] [thread 107767] [44.0] [cxt 0] Egress port is 0
[09:19:40.664] [bmv2] [D] [thread 107767] [45.0] [cxt 0] Processing packet received on port 2
[09:19:40.664] [bmv2] [D] [thread 107767] [45.0] [cxt 0] Parser 'parser': start
[09:19:40.664] [bmv2] [D] [thread 107767] [45.0] [cxt 0] Parser 'parser' entering state 'start'
[09:19:40.664] [bmv2] [D] [thread 107767] [45.0] [cxt 0] Extracting header 'ethernet'
[09:19:40.664] [bmv2] [D] [thread 107767] [45.0] [cxt 0] Parser state 'start': key is 86dd
[09:19:40.664] [bmv2] [T] [thread 107767] [45.0] [cxt 0] Bytes parsed: 14
[09:19:40.664] [bmv2] [D] [thread 107767] [45.0] [cxt 0] Parser 'parser': end
[09:19:40.664] [bmv2] [D] [thread 107767] [45.0] [cxt 0] Pipeline 'ingress': start
[09:19:40.664] [bmv2] [T] [thread 107767] [45.0] [cxt 0] switch.p4(116) Condition "hdr.ipv4.isValid()" (node_2) is false
[09:19:40.664] [bmv2] [D] [thread 107767] [45.0] [cxt 0] Pipeline 'ingress': end
[09:19:40.664] [bmv2] [D] [thread 107767] [45.0] [cxt 0] Egress port is 0
[09:19:40.664] [bmv2] [D] [thread 107768] [44.0] [cxt 0] Pipeline 'egress': start
[09:19:40.664] [bmv2] [D] [thread 107768] [44.0] [cxt 0] Pipeline 'egress': end
[09:19:40.664] [bmv2] [D] [thread 107768] [44.0] [cxt 0] Deparser 'deparser': start
[09:19:40.664] [bmv2] [T] [thread 107768] [44.0] [cxt 0] Skipping checksum 'cksum' update because condition not met
[09:19:40.664] [bmv2] [D] [thread 107768] [44.0] [cxt 0] Deparsing header 'ethernet'
[09:19:40.664] [bmv2] [D] [thread 107768] [44.0] [cxt 0] Deparser 'deparser': end
[09:19:40.664] [bmv2] [D] [thread 107768] [45.0] [cxt 0] Pipeline 'egress': start
[09:19:40.664] [bmv2] [D] [thread 107768] [45.0] [cxt 0] Pipeline 'egress': end
[09:19:40.664] [bmv2] [D] [thread 107768] [45.0] [cxt 0] Deparser 'deparser': start
[09:19:40.664] [bmv2] [T] [thread 107768] [45.0] [cxt 0] Skipping checksum 'cksum' update because condition not met
[09:19:40.664] [bmv2] [D] [thread 107768] [45.0] [cxt 0] Deparsing header 'ethernet'
[09:19:40.664] [bmv2] [D] [thread 107768] [45.0] [cxt 0] Deparser 'deparser': end
[09:19:40.664] [bmv2] [D] [thread 107772] [44.0] [cxt 0] Transmitting packet of size 70 out of port 0
[09:19:40.664] [bmv2] [D] [thread 107772] [45.0] [cxt 0] Transmitting packet of size 199 out of port 0
[09:19:40.803] [bmv2] [D] [thread 107767] [46.0] [cxt 0] Processing packet received on port 1
[09:19:40.803] [bmv2] [D] [thread 107767] [46.0] [cxt 0] Parser 'parser': start
[09:19:40.803] [bmv2] [D] [thread 107767] [46.0] [cxt 0] Parser 'parser' entering state 'start'
[09:19:40.803] [bmv2] [D] [thread 107767] [46.0] [cxt 0] Extracting header 'ethernet'
[09:19:40.803] [bmv2] [D] [thread 107767] [46.0] [cxt 0] Parser state 'start': key is 86dd
[09:19:40.803] [bmv2] [T] [thread 107767] [46.0] [cxt 0] Bytes parsed: 14
[09:19:40.803] [bmv2] [D] [thread 107767] [46.0] [cxt 0] Parser 'parser': end
[09:19:40.803] [bmv2] [D] [thread 107767] [46.0] [cxt 0] Pipeline 'ingress': start
[09:19:40.803] [bmv2] [T] [thread 107767] [46.0] [cxt 0] switch.p4(116) Condition "hdr.ipv4.isValid()" (node_2) is false
[09:19:40.803] [bmv2] [D] [thread 107767] [46.0] [cxt 0] Pipeline 'ingress': end
[09:19:40.803] [bmv2] [D] [thread 107767] [46.0] [cxt 0] Egress port is 0
[09:19:40.803] [bmv2] [D] [thread 107768] [46.0] [cxt 0] Pipeline 'egress': start
[09:19:40.803] [bmv2] [D] [thread 107768] [46.0] [cxt 0] Pipeline 'egress': end
[09:19:40.803] [bmv2] [D] [thread 107768] [46.0] [cxt 0] Deparser 'deparser': start
[09:19:40.803] [bmv2] [T] [thread 107768] [46.0] [cxt 0] Skipping checksum 'cksum' update because condition not met
[09:19:40.803] [bmv2] [D] [thread 107768] [46.0] [cxt 0] Deparsing header 'ethernet'
[09:19:40.803] [bmv2] [D] [thread 107768] [46.0] [cxt 0] Deparser 'deparser': end
[09:19:40.803] [bmv2] [D] [thread 107772] [46.0] [cxt 0] Transmitting packet of size 70 out of port 0
[09:19:41.051] [bmv2] [D] [thread 107767] [47.0] [cxt 0] Processing packet received on port 2
[09:19:41.051] [bmv2] [D] [thread 107767] [47.0] [cxt 0] Parser 'parser': start
[09:19:41.051] [bmv2] [D] [thread 107767] [47.0] [cxt 0] Parser 'parser' entering state 'start'
[09:19:41.051] [bmv2] [D] [thread 107767] [47.0] [cxt 0] Extracting header 'ethernet'
[09:19:41.051] [bmv2] [D] [thread 107767] [47.0] [cxt 0] Parser state 'start': key is 86dd
[09:19:41.051] [bmv2] [T] [thread 107767] [47.0] [cxt 0] Bytes parsed: 14
[09:19:41.051] [bmv2] [D] [thread 107767] [47.0] [cxt 0] Parser 'parser': end
[09:19:41.051] [bmv2] [D] [thread 107767] [47.0] [cxt 0] Pipeline 'ingress': start
[09:19:41.051] [bmv2] [T] [thread 107767] [47.0] [cxt 0] switch.p4(116) Condition "hdr.ipv4.isValid()" (node_2) is false
[09:19:41.051] [bmv2] [D] [thread 107767] [47.0] [cxt 0] Pipeline 'ingress': end
[09:19:41.051] [bmv2] [D] [thread 107767] [47.0] [cxt 0] Egress port is 0
[09:19:41.051] [bmv2] [D] [thread 107768] [47.0] [cxt 0] Pipeline 'egress': start
[09:19:41.051] [bmv2] [D] [thread 107768] [47.0] [cxt 0] Pipeline 'egress': end
[09:19:41.051] [bmv2] [D] [thread 107768] [47.0] [cxt 0] Deparser 'deparser': start
[09:19:41.051] [bmv2] [T] [thread 107768] [47.0] [cxt 0] Skipping checksum 'cksum' update because condition not met
[09:19:41.051] [bmv2] [D] [thread 107768] [47.0] [cxt 0] Deparsing header 'ethernet'
[09:19:41.051] [bmv2] [D] [thread 107768] [47.0] [cxt 0] Deparser 'deparser': end
[09:19:41.051] [bmv2] [D] [thread 107772] [47.0] [cxt 0] Transmitting packet of size 199 out of port 0
[09:19:41.091] [bmv2] [D] [thread 107767] [48.0] [cxt 0] Processing packet received on port 1
[09:19:41.091] [bmv2] [D] [thread 107767] [48.0] [cxt 0] Parser 'parser': start
[09:19:41.091] [bmv2] [D] [thread 107767] [48.0] [cxt 0] Parser 'parser' entering state 'start'
[09:19:41.091] [bmv2] [D] [thread 107767] [48.0] [cxt 0] Extracting header 'ethernet'
[09:19:41.091] [bmv2] [D] [thread 107767] [48.0] [cxt 0] Parser state 'start': key is 0800
[09:19:41.091] [bmv2] [T] [thread 107767] [48.0] [cxt 0] Bytes parsed: 14
[09:19:41.091] [bmv2] [D] [thread 107767] [48.0] [cxt 0] Parser 'parser' entering state 'parse_ipv4'
[09:19:41.091] [bmv2] [D] [thread 107767] [48.0] [cxt 0] Extracting header 'ipv4'
[09:19:41.091] [bmv2] [D] [thread 107767] [48.0] [cxt 0] Parser state 'parse_ipv4' has no switch, going to default next state
[09:19:41.091] [bmv2] [T] [thread 107767] [48.0] [cxt 0] Bytes parsed: 34
[09:19:41.091] [bmv2] [D] [thread 107767] [48.0] [cxt 0] Parser 'parser': end
[09:19:41.091] [bmv2] [D] [thread 107767] [48.0] [cxt 0] Pipeline 'ingress': start
[09:19:41.091] [bmv2] [T] [thread 107767] [48.0] [cxt 0] switch.p4(116) Condition "hdr.ipv4.isValid()" (node_2) is true
[09:19:41.091] [bmv2] [T] [thread 107767] [48.0] [cxt 0] Applying table 'MyIngress.ipv4_lpm'
[09:19:41.091] [bmv2] [D] [thread 107767] [48.0] [cxt 0] Looking up key:
* hdr.ipv4.dstAddr    : 0a000202

[09:19:41.091] [bmv2] [D] [thread 107767] [48.0] [cxt 0] Table 'MyIngress.ipv4_lpm': hit with handle 1
[09:19:41.091] [bmv2] [D] [thread 107767] [48.0] [cxt 0] Dumping entry 1
Match key:
* hdr.ipv4.dstAddr    : LPM       0a000202/32
Action entry: MyIngress.ipv4_forward - 80000000200,2,

[09:19:41.091] [bmv2] [D] [thread 107767] [48.0] [cxt 0] Action entry is MyIngress.ipv4_forward - 80000000200,2,
[09:19:41.091] [bmv2] [T] [thread 107767] [48.0] [cxt 0] Action MyIngress.ipv4_forward
[09:19:41.091] [bmv2] [T] [thread 107767] [48.0] [cxt 0] switch.p4(96) Primitive standard_metadata.egress_spec = port
[09:19:41.091] [bmv2] [T] [thread 107767] [48.0] [cxt 0] switch.p4(97) Primitive hdr.ethernet.srcAddr = hdr.ethernet.dstAddr
[09:19:41.091] [bmv2] [T] [thread 107767] [48.0] [cxt 0] switch.p4(98) Primitive hdr.ethernet.dstAddr = dstAddr
[09:19:41.091] [bmv2] [T] [thread 107767] [48.0] [cxt 0] switch.p4(99) Primitive hdr.ipv4.ttl = hdr.ipv4.ttl - 1
[09:19:41.091] [bmv2] [D] [thread 107767] [48.0] [cxt 0] Pipeline 'ingress': end
[09:19:41.091] [bmv2] [D] [thread 107767] [48.0] [cxt 0] Egress port is 2
[09:19:41.091] [bmv2] [D] [thread 107770] [48.0] [cxt 0] Pipeline 'egress': start
[09:19:41.091] [bmv2] [D] [thread 107770] [48.0] [cxt 0] Pipeline 'egress': end
[09:19:41.091] [bmv2] [D] [thread 107770] [48.0] [cxt 0] Deparser 'deparser': start
[09:19:41.091] [bmv2] [D] [thread 107770] [48.0] [cxt 0] Updating checksum 'cksum'
[09:19:41.091] [bmv2] [D] [thread 107770] [48.0] [cxt 0] Deparsing header 'ethernet'
[09:19:41.091] [bmv2] [D] [thread 107770] [48.0] [cxt 0] Deparsing header 'ipv4'
[09:19:41.091] [bmv2] [D] [thread 107770] [48.0] [cxt 0] Deparser 'deparser': end
[09:19:41.091] [bmv2] [D] [thread 107772] [48.0] [cxt 0] Transmitting packet of size 48 out of port 2
[09:19:41.096] [bmv2] [D] [thread 107767] [49.0] [cxt 0] Processing packet received on port 2
[09:19:41.096] [bmv2] [D] [thread 107767] [49.0] [cxt 0] Parser 'parser': start
[09:19:41.096] [bmv2] [D] [thread 107767] [49.0] [cxt 0] Parser 'parser' entering state 'start'
[09:19:41.096] [bmv2] [D] [thread 107767] [49.0] [cxt 0] Extracting header 'ethernet'
[09:19:41.096] [bmv2] [D] [thread 107767] [49.0] [cxt 0] Parser state 'start': key is 0800
[09:19:41.096] [bmv2] [T] [thread 107767] [49.0] [cxt 0] Bytes parsed: 14
[09:19:41.096] [bmv2] [D] [thread 107767] [49.0] [cxt 0] Parser 'parser' entering state 'parse_ipv4'
[09:19:41.096] [bmv2] [D] [thread 107767] [49.0] [cxt 0] Extracting header 'ipv4'
[09:19:41.096] [bmv2] [D] [thread 107767] [49.0] [cxt 0] Parser state 'parse_ipv4' has no switch, going to default next state
[09:19:41.096] [bmv2] [T] [thread 107767] [49.0] [cxt 0] Bytes parsed: 34
[09:19:41.096] [bmv2] [D] [thread 107767] [49.0] [cxt 0] Parser 'parser': end
[09:19:41.096] [bmv2] [D] [thread 107767] [49.0] [cxt 0] Pipeline 'ingress': start
[09:19:41.096] [bmv2] [T] [thread 107767] [49.0] [cxt 0] switch.p4(116) Condition "hdr.ipv4.isValid()" (node_2) is true
[09:19:41.096] [bmv2] [T] [thread 107767] [49.0] [cxt 0] Applying table 'MyIngress.ipv4_lpm'
[09:19:41.096] [bmv2] [D] [thread 107767] [49.0] [cxt 0] Looking up key:
* hdr.ipv4.dstAddr    : 0a000101

[09:19:41.096] [bmv2] [D] [thread 107767] [49.0] [cxt 0] Table 'MyIngress.ipv4_lpm': hit with handle 0
[09:19:41.096] [bmv2] [D] [thread 107767] [49.0] [cxt 0] Dumping entry 0
Match key:
* hdr.ipv4.dstAddr    : LPM       0a000101/32
Action entry: MyIngress.ipv4_forward - 80000000111,1,

[09:19:41.096] [bmv2] [D] [thread 107767] [49.0] [cxt 0] Action entry is MyIngress.ipv4_forward - 80000000111,1,
[09:19:41.096] [bmv2] [T] [thread 107767] [49.0] [cxt 0] Action MyIngress.ipv4_forward
[09:19:41.096] [bmv2] [T] [thread 107767] [49.0] [cxt 0] switch.p4(96) Primitive standard_metadata.egress_spec = port
[09:19:41.096] [bmv2] [T] [thread 107767] [49.0] [cxt 0] switch.p4(97) Primitive hdr.ethernet.srcAddr = hdr.ethernet.dstAddr
[09:19:41.096] [bmv2] [T] [thread 107767] [49.0] [cxt 0] switch.p4(98) Primitive hdr.ethernet.dstAddr = dstAddr
[09:19:41.096] [bmv2] [T] [thread 107767] [49.0] [cxt 0] switch.p4(99) Primitive hdr.ipv4.ttl = hdr.ipv4.ttl - 1
[09:19:41.096] [bmv2] [D] [thread 107767] [49.0] [cxt 0] Pipeline 'ingress': end
[09:19:41.096] [bmv2] [D] [thread 107767] [49.0] [cxt 0] Egress port is 1
[09:19:41.096] [bmv2] [D] [thread 107769] [49.0] [cxt 0] Pipeline 'egress': start
[09:19:41.096] [bmv2] [D] [thread 107769] [49.0] [cxt 0] Pipeline 'egress': end
[09:19:41.096] [bmv2] [D] [thread 107769] [49.0] [cxt 0] Deparser 'deparser': start
[09:19:41.096] [bmv2] [D] [thread 107769] [49.0] [cxt 0] Updating checksum 'cksum'
[09:19:41.096] [bmv2] [D] [thread 107769] [49.0] [cxt 0] Deparsing header 'ethernet'
[09:19:41.096] [bmv2] [D] [thread 107769] [49.0] [cxt 0] Deparsing header 'ipv4'
[09:19:41.096] [bmv2] [D] [thread 107769] [49.0] [cxt 0] Deparser 'deparser': end
[09:19:41.096] [bmv2] [D] [thread 107772] [49.0] [cxt 0] Transmitting packet of size 76 out of port 1
[09:19:41.105] [bmv2] [D] [thread 107767] [50.0] [cxt 0] Processing packet received on port 2
[09:19:41.105] [bmv2] [D] [thread 107767] [50.0] [cxt 0] Parser 'parser': start
[09:19:41.105] [bmv2] [D] [thread 107767] [50.0] [cxt 0] Parser 'parser' entering state 'start'
[09:19:41.105] [bmv2] [D] [thread 107767] [50.0] [cxt 0] Extracting header 'ethernet'
[09:19:41.105] [bmv2] [D] [thread 107767] [50.0] [cxt 0] Parser state 'start': key is 0800
[09:19:41.105] [bmv2] [T] [thread 107767] [50.0] [cxt 0] Bytes parsed: 14
[09:19:41.105] [bmv2] [D] [thread 107767] [50.0] [cxt 0] Parser 'parser' entering state 'parse_ipv4'
[09:19:41.105] [bmv2] [D] [thread 107767] [50.0] [cxt 0] Extracting header 'ipv4'
[09:19:41.105] [bmv2] [D] [thread 107767] [50.0] [cxt 0] Parser state 'parse_ipv4' has no switch, going to default next state
[09:19:41.105] [bmv2] [T] [thread 107767] [50.0] [cxt 0] Bytes parsed: 34
[09:19:41.105] [bmv2] [D] [thread 107767] [50.0] [cxt 0] Parser 'parser': end
[09:19:41.105] [bmv2] [D] [thread 107767] [50.0] [cxt 0] Pipeline 'ingress': start
[09:19:41.105] [bmv2] [T] [thread 107767] [50.0] [cxt 0] switch.p4(116) Condition "hdr.ipv4.isValid()" (node_2) is true
[09:19:41.105] [bmv2] [T] [thread 107767] [50.0] [cxt 0] Applying table 'MyIngress.ipv4_lpm'
[09:19:41.105] [bmv2] [D] [thread 107767] [50.0] [cxt 0] Looking up key:
* hdr.ipv4.dstAddr    : 0a000101

[09:19:41.105] [bmv2] [D] [thread 107767] [50.0] [cxt 0] Table 'MyIngress.ipv4_lpm': hit with handle 0
[09:19:41.105] [bmv2] [D] [thread 107767] [50.0] [cxt 0] Dumping entry 0
Match key:
* hdr.ipv4.dstAddr    : LPM       0a000101/32
Action entry: MyIngress.ipv4_forward - 80000000111,1,

[09:19:41.105] [bmv2] [D] [thread 107767] [50.0] [cxt 0] Action entry is MyIngress.ipv4_forward - 80000000111,1,
[09:19:41.105] [bmv2] [T] [thread 107767] [50.0] [cxt 0] Action MyIngress.ipv4_forward
[09:19:41.105] [bmv2] [T] [thread 107767] [50.0] [cxt 0] switch.p4(96) Primitive standard_metadata.egress_spec = port
[09:19:41.105] [bmv2] [T] [thread 107767] [50.0] [cxt 0] switch.p4(97) Primitive hdr.ethernet.srcAddr = hdr.ethernet.dstAddr
[09:19:41.105] [bmv2] [T] [thread 107767] [50.0] [cxt 0] switch.p4(98) Primitive hdr.ethernet.dstAddr = dstAddr
[09:19:41.105] [bmv2] [T] [thread 107767] [50.0] [cxt 0] switch.p4(99) Primitive hdr.ipv4.ttl = hdr.ipv4.ttl - 1
[09:19:41.105] [bmv2] [D] [thread 107767] [50.0] [cxt 0] Pipeline 'ingress': end
[09:19:41.105] [bmv2] [D] [thread 107767] [50.0] [cxt 0] Egress port is 1
[09:19:41.105] [bmv2] [D] [thread 107769] [50.0] [cxt 0] Pipeline 'egress': start
[09:19:41.105] [bmv2] [D] [thread 107769] [50.0] [cxt 0] Pipeline 'egress': end
[09:19:41.105] [bmv2] [D] [thread 107769] [50.0] [cxt 0] Deparser 'deparser': start
[09:19:41.105] [bmv2] [D] [thread 107769] [50.0] [cxt 0] Updating checksum 'cksum'
[09:19:41.105] [bmv2] [D] [thread 107769] [50.0] [cxt 0] Deparsing header 'ethernet'
[09:19:41.105] [bmv2] [D] [thread 107769] [50.0] [cxt 0] Deparsing header 'ipv4'
[09:19:41.105] [bmv2] [D] [thread 107769] [50.0] [cxt 0] Deparser 'deparser': end
[09:19:41.105] [bmv2] [D] [thread 107772] [50.0] [cxt 0] Transmitting packet of size 308 out of port 1
[09:19:41.105] [bmv2] [D] [thread 107767] [51.0] [cxt 0] Processing packet received on port 1
[09:19:41.105] [bmv2] [D] [thread 107767] [51.0] [cxt 0] Parser 'parser': start
[09:19:41.105] [bmv2] [D] [thread 107767] [51.0] [cxt 0] Parser 'parser' entering state 'start'
[09:19:41.105] [bmv2] [D] [thread 107767] [51.0] [cxt 0] Extracting header 'ethernet'
[09:19:41.105] [bmv2] [D] [thread 107767] [51.0] [cxt 0] Parser state 'start': key is 0800
[09:19:41.105] [bmv2] [T] [thread 107767] [51.0] [cxt 0] Bytes parsed: 14
[09:19:41.105] [bmv2] [D] [thread 107767] [51.0] [cxt 0] Parser 'parser' entering state 'parse_ipv4'
[09:19:41.105] [bmv2] [D] [thread 107767] [51.0] [cxt 0] Extracting header 'ipv4'
[09:19:41.105] [bmv2] [D] [thread 107767] [51.0] [cxt 0] Parser state 'parse_ipv4' has no switch, going to default next state
[09:19:41.105] [bmv2] [T] [thread 107767] [51.0] [cxt 0] Bytes parsed: 34
[09:19:41.105] [bmv2] [D] [thread 107767] [51.0] [cxt 0] Parser 'parser': end
[09:19:41.105] [bmv2] [D] [thread 107767] [51.0] [cxt 0] Pipeline 'ingress': start
[09:19:41.105] [bmv2] [T] [thread 107767] [51.0] [cxt 0] switch.p4(116) Condition "hdr.ipv4.isValid()" (node_2) is true
[09:19:41.105] [bmv2] [T] [thread 107767] [51.0] [cxt 0] Applying table 'MyIngress.ipv4_lpm'
[09:19:41.105] [bmv2] [D] [thread 107767] [51.0] [cxt 0] Looking up key:
* hdr.ipv4.dstAddr    : 0a000202

[09:19:41.105] [bmv2] [D] [thread 107767] [51.0] [cxt 0] Table 'MyIngress.ipv4_lpm': hit with handle 1
[09:19:41.105] [bmv2] [D] [thread 107767] [51.0] [cxt 0] Dumping entry 1
Match key:
* hdr.ipv4.dstAddr    : LPM       0a000202/32
Action entry: MyIngress.ipv4_forward - 80000000200,2,

[09:19:41.110] [bmv2] [D] [thread 107767] [51.0] [cxt 0] Action entry is MyIngress.ipv4_forward - 80000000200,2,
[09:19:41.110] [bmv2] [T] [thread 107767] [51.0] [cxt 0] Action MyIngress.ipv4_forward
[09:19:41.110] [bmv2] [T] [thread 107767] [51.0] [cxt 0] switch.p4(96) Primitive standard_metadata.egress_spec = port
[09:19:41.110] [bmv2] [T] [thread 107767] [51.0] [cxt 0] switch.p4(97) Primitive hdr.ethernet.srcAddr = hdr.ethernet.dstAddr
[09:19:41.110] [bmv2] [T] [thread 107767] [51.0] [cxt 0] switch.p4(98) Primitive hdr.ethernet.dstAddr = dstAddr
[09:19:41.110] [bmv2] [T] [thread 107767] [51.0] [cxt 0] switch.p4(99) Primitive hdr.ipv4.ttl = hdr.ipv4.ttl - 1
[09:19:41.110] [bmv2] [D] [thread 107767] [51.0] [cxt 0] Pipeline 'ingress': end
[09:19:41.110] [bmv2] [D] [thread 107767] [51.0] [cxt 0] Egress port is 2
[09:19:41.110] [bmv2] [D] [thread 107770] [51.0] [cxt 0] Pipeline 'egress': start
[09:19:41.110] [bmv2] [D] [thread 107770] [51.0] [cxt 0] Pipeline 'egress': end
[09:19:41.110] [bmv2] [D] [thread 107770] [51.0] [cxt 0] Deparser 'deparser': start
[09:19:41.110] [bmv2] [D] [thread 107770] [51.0] [cxt 0] Updating checksum 'cksum'
[09:19:41.110] [bmv2] [D] [thread 107770] [51.0] [cxt 0] Deparsing header 'ethernet'
[09:19:41.110] [bmv2] [D] [thread 107770] [51.0] [cxt 0] Deparsing header 'ipv4'
[09:19:41.110] [bmv2] [D] [thread 107770] [51.0] [cxt 0] Deparser 'deparser': end
[09:19:41.110] [bmv2] [D] [thread 107772] [51.0] [cxt 0] Transmitting packet of size 336 out of port 2
[09:19:41.877] [bmv2] [D] [thread 107767] [52.0] [cxt 0] Processing packet received on port 1
[09:19:41.877] [bmv2] [D] [thread 107767] [52.0] [cxt 0] Parser 'parser': start
[09:19:41.877] [bmv2] [D] [thread 107767] [52.0] [cxt 0] Parser 'parser' entering state 'start'
[09:19:41.877] [bmv2] [D] [thread 107767] [52.0] [cxt 0] Extracting header 'ethernet'
[09:19:41.877] [bmv2] [D] [thread 107767] [52.0] [cxt 0] Parser state 'start': key is 0800
[09:19:41.877] [bmv2] [T] [thread 107767] [52.0] [cxt 0] Bytes parsed: 14
[09:19:41.877] [bmv2] [D] [thread 107767] [52.0] [cxt 0] Parser 'parser' entering state 'parse_ipv4'
[09:19:41.877] [bmv2] [D] [thread 107767] [52.0] [cxt 0] Extracting header 'ipv4'
[09:19:41.877] [bmv2] [D] [thread 107767] [52.0] [cxt 0] Parser state 'parse_ipv4' has no switch, going to default next state
[09:19:41.877] [bmv2] [T] [thread 107767] [52.0] [cxt 0] Bytes parsed: 34
[09:19:41.877] [bmv2] [D] [thread 107767] [52.0] [cxt 0] Parser 'parser': end
[09:19:41.877] [bmv2] [D] [thread 107767] [52.0] [cxt 0] Pipeline 'ingress': start
[09:19:41.877] [bmv2] [T] [thread 107767] [52.0] [cxt 0] switch.p4(116) Condition "hdr.ipv4.isValid()" (node_2) is true
[09:19:41.877] [bmv2] [T] [thread 107767] [52.0] [cxt 0] Applying table 'MyIngress.ipv4_lpm'
[09:19:41.877] [bmv2] [D] [thread 107767] [52.0] [cxt 0] Looking up key:
* hdr.ipv4.dstAddr    : 0a000202

[09:19:41.877] [bmv2] [D] [thread 107767] [52.0] [cxt 0] Table 'MyIngress.ipv4_lpm': hit with handle 1
[09:19:41.877] [bmv2] [D] [thread 107767] [52.0] [cxt 0] Dumping entry 1
Match key:
* hdr.ipv4.dstAddr    : LPM       0a000202/32
Action entry: MyIngress.ipv4_forward - 80000000200,2,

[09:19:41.877] [bmv2] [D] [thread 107767] [52.0] [cxt 0] Action entry is MyIngress.ipv4_forward - 80000000200,2,
[09:19:41.877] [bmv2] [T] [thread 107767] [52.0] [cxt 0] Action MyIngress.ipv4_forward
[09:19:41.877] [bmv2] [T] [thread 107767] [52.0] [cxt 0] switch.p4(96) Primitive standard_metadata.egress_spec = port
[09:19:41.877] [bmv2] [T] [thread 107767] [52.0] [cxt 0] switch.p4(97) Primitive hdr.ethernet.srcAddr = hdr.ethernet.dstAddr
[09:19:41.877] [bmv2] [T] [thread 107767] [52.0] [cxt 0] switch.p4(98) Primitive hdr.ethernet.dstAddr = dstAddr
[09:19:41.877] [bmv2] [T] [thread 107767] [52.0] [cxt 0] switch.p4(99) Primitive hdr.ipv4.ttl = hdr.ipv4.ttl - 1
[09:19:41.877] [bmv2] [D] [thread 107767] [52.0] [cxt 0] Pipeline 'ingress': end
[09:19:41.877] [bmv2] [D] [thread 107767] [52.0] [cxt 0] Egress port is 2
[09:19:41.877] [bmv2] [D] [thread 107770] [52.0] [cxt 0] Pipeline 'egress': start
[09:19:41.878] [bmv2] [D] [thread 107770] [52.0] [cxt 0] Pipeline 'egress': end
[09:19:41.878] [bmv2] [D] [thread 107770] [52.0] [cxt 0] Deparser 'deparser': start
[09:19:41.878] [bmv2] [D] [thread 107770] [52.0] [cxt 0] Updating checksum 'cksum'
[09:19:41.878] [bmv2] [D] [thread 107770] [52.0] [cxt 0] Deparsing header 'ethernet'
[09:19:41.878] [bmv2] [D] [thread 107770] [52.0] [cxt 0] Deparsing header 'ipv4'
[09:19:41.878] [bmv2] [D] [thread 107770] [52.0] [cxt 0] Deparser 'deparser': end
[09:19:41.878] [bmv2] [D] [thread 107772] [52.0] [cxt 0] Transmitting packet of size 48 out of port 2
[09:19:41.886] [bmv2] [D] [thread 107767] [53.0] [cxt 0] Processing packet received on port 2
[09:19:41.886] [bmv2] [D] [thread 107767] [53.0] [cxt 0] Parser 'parser': start
[09:19:41.886] [bmv2] [D] [thread 107767] [53.0] [cxt 0] Parser 'parser' entering state 'start'
[09:19:41.886] [bmv2] [D] [thread 107767] [53.0] [cxt 0] Extracting header 'ethernet'
[09:19:41.886] [bmv2] [D] [thread 107767] [53.0] [cxt 0] Parser state 'start': key is 0800
[09:19:41.886] [bmv2] [T] [thread 107767] [53.0] [cxt 0] Bytes parsed: 14
[09:19:41.886] [bmv2] [D] [thread 107767] [53.0] [cxt 0] Parser 'parser' entering state 'parse_ipv4'
[09:19:41.886] [bmv2] [D] [thread 107767] [53.0] [cxt 0] Extracting header 'ipv4'
[09:19:41.886] [bmv2] [D] [thread 107767] [53.0] [cxt 0] Parser state 'parse_ipv4' has no switch, going to default next state
[09:19:41.886] [bmv2] [T] [thread 107767] [53.0] [cxt 0] Bytes parsed: 34
[09:19:41.886] [bmv2] [D] [thread 107767] [53.0] [cxt 0] Parser 'parser': end
[09:19:41.886] [bmv2] [D] [thread 107767] [53.0] [cxt 0] Pipeline 'ingress': start
[09:19:41.886] [bmv2] [T] [thread 107767] [53.0] [cxt 0] switch.p4(116) Condition "hdr.ipv4.isValid()" (node_2) is true
[09:19:41.886] [bmv2] [T] [thread 107767] [53.0] [cxt 0] Applying table 'MyIngress.ipv4_lpm'
[09:19:41.886] [bmv2] [D] [thread 107767] [53.0] [cxt 0] Looking up key:
* hdr.ipv4.dstAddr    : 0a000101

[09:19:41.886] [bmv2] [D] [thread 107767] [53.0] [cxt 0] Table 'MyIngress.ipv4_lpm': hit with handle 0
[09:19:41.887] [bmv2] [D] [thread 107767] [53.0] [cxt 0] Dumping entry 0
Match key:
* hdr.ipv4.dstAddr    : LPM       0a000101/32
Action entry: MyIngress.ipv4_forward - 80000000111,1,

[09:19:41.887] [bmv2] [D] [thread 107767] [53.0] [cxt 0] Action entry is MyIngress.ipv4_forward - 80000000111,1,
[09:19:41.887] [bmv2] [T] [thread 107767] [53.0] [cxt 0] Action MyIngress.ipv4_forward
[09:19:41.887] [bmv2] [T] [thread 107767] [53.0] [cxt 0] switch.p4(96) Primitive standard_metadata.egress_spec = port
[09:19:41.887] [bmv2] [T] [thread 107767] [53.0] [cxt 0] switch.p4(97) Primitive hdr.ethernet.srcAddr = hdr.ethernet.dstAddr
[09:19:41.887] [bmv2] [T] [thread 107767] [53.0] [cxt 0] switch.p4(98) Primitive hdr.ethernet.dstAddr = dstAddr
[09:19:41.887] [bmv2] [T] [thread 107767] [53.0] [cxt 0] switch.p4(99) Primitive hdr.ipv4.ttl = hdr.ipv4.ttl - 1
[09:19:41.887] [bmv2] [D] [thread 107767] [53.0] [cxt 0] Pipeline 'ingress': end
[09:19:41.887] [bmv2] [D] [thread 107767] [53.0] [cxt 0] Egress port is 1
[09:19:41.887] [bmv2] [D] [thread 107769] [53.0] [cxt 0] Pipeline 'egress': start
[09:19:41.887] [bmv2] [D] [thread 107769] [53.0] [cxt 0] Pipeline 'egress': end
[09:19:41.887] [bmv2] [D] [thread 107769] [53.0] [cxt 0] Deparser 'deparser': start
[09:19:41.887] [bmv2] [D] [thread 107769] [53.0] [cxt 0] Updating checksum 'cksum'
[09:19:41.887] [bmv2] [D] [thread 107769] [53.0] [cxt 0] Deparsing header 'ethernet'
[09:19:41.887] [bmv2] [D] [thread 107769] [53.0] [cxt 0] Deparsing header 'ipv4'
[09:19:41.887] [bmv2] [D] [thread 107769] [53.0] [cxt 0] Deparser 'deparser': end
[09:19:41.887] [bmv2] [D] [thread 107772] [53.0] [cxt 0] Transmitting packet of size 76 out of port 1
[09:19:41.894] [bmv2] [D] [thread 107767] [54.0] [cxt 0] Processing packet received on port 2
[09:19:41.895] [bmv2] [D] [thread 107767] [54.0] [cxt 0] Parser 'parser': start
[09:19:41.895] [bmv2] [D] [thread 107767] [54.0] [cxt 0] Parser 'parser' entering state 'start'
[09:19:41.895] [bmv2] [D] [thread 107767] [54.0] [cxt 0] Extracting header 'ethernet'
[09:19:41.895] [bmv2] [D] [thread 107767] [54.0] [cxt 0] Parser state 'start': key is 0800
[09:19:41.895] [bmv2] [T] [thread 107767] [54.0] [cxt 0] Bytes parsed: 14
[09:19:41.895] [bmv2] [D] [thread 107767] [54.0] [cxt 0] Parser 'parser' entering state 'parse_ipv4'
[09:19:41.895] [bmv2] [D] [thread 107767] [54.0] [cxt 0] Extracting header 'ipv4'
[09:19:41.895] [bmv2] [D] [thread 107767] [54.0] [cxt 0] Parser state 'parse_ipv4' has no switch, going to default next state
[09:19:41.895] [bmv2] [T] [thread 107767] [54.0] [cxt 0] Bytes parsed: 34
[09:19:41.895] [bmv2] [D] [thread 107767] [54.0] [cxt 0] Parser 'parser': end
[09:19:41.895] [bmv2] [D] [thread 107767] [54.0] [cxt 0] Pipeline 'ingress': start
[09:19:41.895] [bmv2] [T] [thread 107767] [54.0] [cxt 0] switch.p4(116) Condition "hdr.ipv4.isValid()" (node_2) is true
[09:19:41.895] [bmv2] [T] [thread 107767] [54.0] [cxt 0] Applying table 'MyIngress.ipv4_lpm'
[09:19:41.895] [bmv2] [D] [thread 107767] [54.0] [cxt 0] Looking up key:
* hdr.ipv4.dstAddr    : 0a000101

[09:19:41.895] [bmv2] [D] [thread 107767] [54.0] [cxt 0] Table 'MyIngress.ipv4_lpm': hit with handle 0
[09:19:41.895] [bmv2] [D] [thread 107767] [54.0] [cxt 0] Dumping entry 0
Match key:
* hdr.ipv4.dstAddr    : LPM       0a000101/32
Action entry: MyIngress.ipv4_forward - 80000000111,1,

[09:19:41.895] [bmv2] [D] [thread 107767] [54.0] [cxt 0] Action entry is MyIngress.ipv4_forward - 80000000111,1,
[09:19:41.895] [bmv2] [T] [thread 107767] [54.0] [cxt 0] Action MyIngress.ipv4_forward
[09:19:41.895] [bmv2] [T] [thread 107767] [54.0] [cxt 0] switch.p4(96) Primitive standard_metadata.egress_spec = port
[09:19:41.895] [bmv2] [T] [thread 107767] [54.0] [cxt 0] switch.p4(97) Primitive hdr.ethernet.srcAddr = hdr.ethernet.dstAddr
[09:19:41.895] [bmv2] [T] [thread 107767] [54.0] [cxt 0] switch.p4(98) Primitive hdr.ethernet.dstAddr = dstAddr
[09:19:41.895] [bmv2] [T] [thread 107767] [54.0] [cxt 0] switch.p4(99) Primitive hdr.ipv4.ttl = hdr.ipv4.ttl - 1
[09:19:41.895] [bmv2] [D] [thread 107767] [54.0] [cxt 0] Pipeline 'ingress': end
[09:19:41.895] [bmv2] [D] [thread 107767] [54.0] [cxt 0] Egress port is 1
[09:19:41.895] [bmv2] [D] [thread 107769] [54.0] [cxt 0] Pipeline 'egress': start
[09:19:41.895] [bmv2] [D] [thread 107769] [54.0] [cxt 0] Pipeline 'egress': end
[09:19:41.895] [bmv2] [D] [thread 107769] [54.0] [cxt 0] Deparser 'deparser': start
[09:19:41.895] [bmv2] [D] [thread 107769] [54.0] [cxt 0] Updating checksum 'cksum'
[09:19:41.895] [bmv2] [D] [thread 107769] [54.0] [cxt 0] Deparsing header 'ethernet'
[09:19:41.895] [bmv2] [D] [thread 107769] [54.0] [cxt 0] Deparsing header 'ipv4'
[09:19:41.895] [bmv2] [D] [thread 107769] [54.0] [cxt 0] Deparser 'deparser': end
[09:19:41.895] [bmv2] [D] [thread 107772] [54.0] [cxt 0] Transmitting packet of size 308 out of port 1
[09:19:41.895] [bmv2] [D] [thread 107767] [55.0] [cxt 0] Processing packet received on port 1
[09:19:41.895] [bmv2] [D] [thread 107767] [55.0] [cxt 0] Parser 'parser': start
[09:19:41.895] [bmv2] [D] [thread 107767] [55.0] [cxt 0] Parser 'parser' entering state 'start'
[09:19:41.895] [bmv2] [D] [thread 107767] [55.0] [cxt 0] Extracting header 'ethernet'
[09:19:41.895] [bmv2] [D] [thread 107767] [55.0] [cxt 0] Parser state 'start': key is 0800
[09:19:41.895] [bmv2] [T] [thread 107767] [55.0] [cxt 0] Bytes parsed: 14
[09:19:41.895] [bmv2] [D] [thread 107767] [55.0] [cxt 0] Parser 'parser' entering state 'parse_ipv4'
[09:19:41.895] [bmv2] [D] [thread 107767] [55.0] [cxt 0] Extracting header 'ipv4'
[09:19:41.895] [bmv2] [D] [thread 107767] [55.0] [cxt 0] Parser state 'parse_ipv4' has no switch, going to default next state
[09:19:41.895] [bmv2] [T] [thread 107767] [55.0] [cxt 0] Bytes parsed: 34
[09:19:41.895] [bmv2] [D] [thread 107767] [55.0] [cxt 0] Parser 'parser': end
[09:19:41.895] [bmv2] [D] [thread 107767] [55.0] [cxt 0] Pipeline 'ingress': start
[09:19:41.895] [bmv2] [T] [thread 107767] [55.0] [cxt 0] switch.p4(116) Condition "hdr.ipv4.isValid()" (node_2) is true
[09:19:41.895] [bmv2] [T] [thread 107767] [55.0] [cxt 0] Applying table 'MyIngress.ipv4_lpm'
[09:19:41.895] [bmv2] [D] [thread 107767] [55.0] [cxt 0] Looking up key:
* hdr.ipv4.dstAddr    : 0a000202

[09:19:41.895] [bmv2] [D] [thread 107767] [55.0] [cxt 0] Table 'MyIngress.ipv4_lpm': hit with handle 1
[09:19:41.895] [bmv2] [D] [thread 107767] [55.0] [cxt 0] Dumping entry 1
Match key:
* hdr.ipv4.dstAddr    : LPM       0a000202/32
Action entry: MyIngress.ipv4_forward - 80000000200,2,

[09:19:41.895] [bmv2] [D] [thread 107767] [55.0] [cxt 0] Action entry is MyIngress.ipv4_forward - 80000000200,2,
[09:19:41.895] [bmv2] [T] [thread 107767] [55.0] [cxt 0] Action MyIngress.ipv4_forward
[09:19:41.895] [bmv2] [T] [thread 107767] [55.0] [cxt 0] switch.p4(96) Primitive standard_metadata.egress_spec = port
[09:19:41.895] [bmv2] [T] [thread 107767] [55.0] [cxt 0] switch.p4(97) Primitive hdr.ethernet.srcAddr = hdr.ethernet.dstAddr
[09:19:41.895] [bmv2] [T] [thread 107767] [55.0] [cxt 0] switch.p4(98) Primitive hdr.ethernet.dstAddr = dstAddr
[09:19:41.895] [bmv2] [T] [thread 107767] [55.0] [cxt 0] switch.p4(99) Primitive hdr.ipv4.ttl = hdr.ipv4.ttl - 1
[09:19:41.895] [bmv2] [D] [thread 107767] [55.0] [cxt 0] Pipeline 'ingress': end
[09:19:41.895] [bmv2] [D] [thread 107767] [55.0] [cxt 0] Egress port is 2
[09:19:41.895] [bmv2] [D] [thread 107770] [55.0] [cxt 0] Pipeline 'egress': start
[09:19:41.895] [bmv2] [D] [thread 107770] [55.0] [cxt 0] Pipeline 'egress': end
[09:19:41.895] [bmv2] [D] [thread 107770] [55.0] [cxt 0] Deparser 'deparser': start
[09:19:41.895] [bmv2] [D] [thread 107770] [55.0] [cxt 0] Updating checksum 'cksum'
[09:19:41.895] [bmv2] [D] [thread 107770] [55.0] [cxt 0] Deparsing header 'ethernet'
[09:19:41.895] [bmv2] [D] [thread 107770] [55.0] [cxt 0] Deparsing header 'ipv4'
[09:19:41.895] [bmv2] [D] [thread 107770] [55.0] [cxt 0] Deparser 'deparser': end
[09:19:41.895] [bmv2] [D] [thread 107772] [55.0] [cxt 0] Transmitting packet of size 336 out of port 2
[09:19:43.005] [bmv2] [D] [thread 107767] [56.0] [cxt 0] Processing packet received on port 1
[09:19:43.005] [bmv2] [D] [thread 107767] [56.0] [cxt 0] Parser 'parser': start
[09:19:43.005] [bmv2] [D] [thread 107767] [56.0] [cxt 0] Parser 'parser' entering state 'start'
[09:19:43.005] [bmv2] [D] [thread 107767] [56.0] [cxt 0] Extracting header 'ethernet'
[09:19:43.005] [bmv2] [D] [thread 107767] [56.0] [cxt 0] Parser state 'start': key is 0800
[09:19:43.005] [bmv2] [T] [thread 107767] [56.0] [cxt 0] Bytes parsed: 14
[09:19:43.005] [bmv2] [D] [thread 107767] [56.0] [cxt 0] Parser 'parser' entering state 'parse_ipv4'
[09:19:43.005] [bmv2] [D] [thread 107767] [56.0] [cxt 0] Extracting header 'ipv4'
[09:19:43.005] [bmv2] [D] [thread 107767] [56.0] [cxt 0] Parser state 'parse_ipv4' has no switch, going to default next state
[09:19:43.005] [bmv2] [T] [thread 107767] [56.0] [cxt 0] Bytes parsed: 34
[09:19:43.005] [bmv2] [D] [thread 107767] [56.0] [cxt 0] Parser 'parser': end
[09:19:43.005] [bmv2] [D] [thread 107767] [56.0] [cxt 0] Pipeline 'ingress': start
[09:19:43.005] [bmv2] [T] [thread 107767] [56.0] [cxt 0] switch.p4(116) Condition "hdr.ipv4.isValid()" (node_2) is true
[09:19:43.005] [bmv2] [T] [thread 107767] [56.0] [cxt 0] Applying table 'MyIngress.ipv4_lpm'
[09:19:43.005] [bmv2] [D] [thread 107767] [56.0] [cxt 0] Looking up key:
* hdr.ipv4.dstAddr    : 0a000202

[09:19:43.005] [bmv2] [D] [thread 107767] [56.0] [cxt 0] Table 'MyIngress.ipv4_lpm': hit with handle 1
[09:19:43.005] [bmv2] [D] [thread 107767] [56.0] [cxt 0] Dumping entry 1
Match key:
* hdr.ipv4.dstAddr    : LPM       0a000202/32
Action entry: MyIngress.ipv4_forward - 80000000200,2,

[09:19:43.005] [bmv2] [D] [thread 107767] [56.0] [cxt 0] Action entry is MyIngress.ipv4_forward - 80000000200,2,
[09:19:43.005] [bmv2] [T] [thread 107767] [56.0] [cxt 0] Action MyIngress.ipv4_forward
[09:19:43.005] [bmv2] [T] [thread 107767] [56.0] [cxt 0] switch.p4(96) Primitive standard_metadata.egress_spec = port
[09:19:43.005] [bmv2] [T] [thread 107767] [56.0] [cxt 0] switch.p4(97) Primitive hdr.ethernet.srcAddr = hdr.ethernet.dstAddr
[09:19:43.005] [bmv2] [T] [thread 107767] [56.0] [cxt 0] switch.p4(98) Primitive hdr.ethernet.dstAddr = dstAddr
[09:19:43.005] [bmv2] [T] [thread 107767] [56.0] [cxt 0] switch.p4(99) Primitive hdr.ipv4.ttl = hdr.ipv4.ttl - 1
[09:19:43.005] [bmv2] [D] [thread 107767] [56.0] [cxt 0] Pipeline 'ingress': end
[09:19:43.005] [bmv2] [D] [thread 107767] [56.0] [cxt 0] Egress port is 2
[09:19:43.005] [bmv2] [D] [thread 107770] [56.0] [cxt 0] Pipeline 'egress': start
[09:19:43.005] [bmv2] [D] [thread 107770] [56.0] [cxt 0] Pipeline 'egress': end
[09:19:43.005] [bmv2] [D] [thread 107770] [56.0] [cxt 0] Deparser 'deparser': start
[09:19:43.005] [bmv2] [D] [thread 107770] [56.0] [cxt 0] Updating checksum 'cksum'
[09:19:43.005] [bmv2] [D] [thread 107770] [56.0] [cxt 0] Deparsing header 'ethernet'
[09:19:43.005] [bmv2] [D] [thread 107770] [56.0] [cxt 0] Deparsing header 'ipv4'
[09:19:43.005] [bmv2] [D] [thread 107770] [56.0] [cxt 0] Deparser 'deparser': end
[09:19:43.005] [bmv2] [D] [thread 107772] [56.0] [cxt 0] Transmitting packet of size 48 out of port 2
[09:19:43.007] [bmv2] [D] [thread 107767] [57.0] [cxt 0] Processing packet received on port 2
[09:19:43.013] [bmv2] [D] [thread 107767] [57.0] [cxt 0] Parser 'parser': start
[09:19:43.013] [bmv2] [D] [thread 107767] [57.0] [cxt 0] Parser 'parser' entering state 'start'
[09:19:43.013] [bmv2] [D] [thread 107767] [57.0] [cxt 0] Extracting header 'ethernet'
[09:19:43.013] [bmv2] [D] [thread 107767] [57.0] [cxt 0] Parser state 'start': key is 0800
[09:19:43.013] [bmv2] [T] [thread 107767] [57.0] [cxt 0] Bytes parsed: 14
[09:19:43.013] [bmv2] [D] [thread 107767] [57.0] [cxt 0] Parser 'parser' entering state 'parse_ipv4'
[09:19:43.013] [bmv2] [D] [thread 107767] [57.0] [cxt 0] Extracting header 'ipv4'
[09:19:43.013] [bmv2] [D] [thread 107767] [57.0] [cxt 0] Parser state 'parse_ipv4' has no switch, going to default next state
[09:19:43.013] [bmv2] [T] [thread 107767] [57.0] [cxt 0] Bytes parsed: 34
[09:19:43.013] [bmv2] [D] [thread 107767] [57.0] [cxt 0] Parser 'parser': end
[09:19:43.013] [bmv2] [D] [thread 107767] [57.0] [cxt 0] Pipeline 'ingress': start
[09:19:43.013] [bmv2] [T] [thread 107767] [57.0] [cxt 0] switch.p4(116) Condition "hdr.ipv4.isValid()" (node_2) is true
[09:19:43.013] [bmv2] [T] [thread 107767] [57.0] [cxt 0] Applying table 'MyIngress.ipv4_lpm'
[09:19:43.013] [bmv2] [D] [thread 107767] [57.0] [cxt 0] Looking up key:
* hdr.ipv4.dstAddr    : 0a000101

[09:19:43.013] [bmv2] [D] [thread 107767] [57.0] [cxt 0] Table 'MyIngress.ipv4_lpm': hit with handle 0
[09:19:43.013] [bmv2] [D] [thread 107767] [57.0] [cxt 0] Dumping entry 0
Match key:
* hdr.ipv4.dstAddr    : LPM       0a000101/32
Action entry: MyIngress.ipv4_forward - 80000000111,1,

[09:19:43.013] [bmv2] [D] [thread 107767] [57.0] [cxt 0] Action entry is MyIngress.ipv4_forward - 80000000111,1,
[09:19:43.013] [bmv2] [T] [thread 107767] [57.0] [cxt 0] Action MyIngress.ipv4_forward
[09:19:43.013] [bmv2] [T] [thread 107767] [57.0] [cxt 0] switch.p4(96) Primitive standard_metadata.egress_spec = port
[09:19:43.013] [bmv2] [T] [thread 107767] [57.0] [cxt 0] switch.p4(97) Primitive hdr.ethernet.srcAddr = hdr.ethernet.dstAddr
[09:19:43.013] [bmv2] [T] [thread 107767] [57.0] [cxt 0] switch.p4(98) Primitive hdr.ethernet.dstAddr = dstAddr
[09:19:43.013] [bmv2] [T] [thread 107767] [57.0] [cxt 0] switch.p4(99) Primitive hdr.ipv4.ttl = hdr.ipv4.ttl - 1
[09:19:43.013] [bmv2] [D] [thread 107767] [57.0] [cxt 0] Pipeline 'ingress': end
[09:19:43.013] [bmv2] [D] [thread 107767] [57.0] [cxt 0] Egress port is 1
[09:19:43.013] [bmv2] [D] [thread 107769] [57.0] [cxt 0] Pipeline 'egress': start
[09:19:43.013] [bmv2] [D] [thread 107769] [57.0] [cxt 0] Pipeline 'egress': end
[09:19:43.013] [bmv2] [D] [thread 107769] [57.0] [cxt 0] Deparser 'deparser': start
[09:19:43.013] [bmv2] [D] [thread 107769] [57.0] [cxt 0] Updating checksum 'cksum'
[09:19:43.013] [bmv2] [D] [thread 107769] [57.0] [cxt 0] Deparsing header 'ethernet'
[09:19:43.013] [bmv2] [D] [thread 107769] [57.0] [cxt 0] Deparsing header 'ipv4'
[09:19:43.013] [bmv2] [D] [thread 107769] [57.0] [cxt 0] Deparser 'deparser': end
[09:19:43.013] [bmv2] [D] [thread 107772] [57.0] [cxt 0] Transmitting packet of size 76 out of port 1
[09:19:43.035] [bmv2] [D] [thread 107767] [58.0] [cxt 0] Processing packet received on port 2
[09:19:43.035] [bmv2] [D] [thread 107767] [58.0] [cxt 0] Parser 'parser': start
[09:19:43.035] [bmv2] [D] [thread 107767] [58.0] [cxt 0] Parser 'parser' entering state 'start'
[09:19:43.035] [bmv2] [D] [thread 107767] [58.0] [cxt 0] Extracting header 'ethernet'
[09:19:43.035] [bmv2] [D] [thread 107767] [58.0] [cxt 0] Parser state 'start': key is 0800
[09:19:43.035] [bmv2] [T] [thread 107767] [58.0] [cxt 0] Bytes parsed: 14
[09:19:43.035] [bmv2] [D] [thread 107767] [58.0] [cxt 0] Parser 'parser' entering state 'parse_ipv4'
[09:19:43.035] [bmv2] [D] [thread 107767] [58.0] [cxt 0] Extracting header 'ipv4'
[09:19:43.035] [bmv2] [D] [thread 107767] [58.0] [cxt 0] Parser state 'parse_ipv4' has no switch, going to default next state
[09:19:43.035] [bmv2] [T] [thread 107767] [58.0] [cxt 0] Bytes parsed: 34
[09:19:43.035] [bmv2] [D] [thread 107767] [58.0] [cxt 0] Parser 'parser': end
[09:19:43.035] [bmv2] [D] [thread 107767] [58.0] [cxt 0] Pipeline 'ingress': start
[09:19:43.035] [bmv2] [T] [thread 107767] [58.0] [cxt 0] switch.p4(116) Condition "hdr.ipv4.isValid()" (node_2) is true
[09:19:43.035] [bmv2] [T] [thread 107767] [58.0] [cxt 0] Applying table 'MyIngress.ipv4_lpm'
[09:19:43.035] [bmv2] [D] [thread 107767] [58.0] [cxt 0] Looking up key:
* hdr.ipv4.dstAddr    : 0a000101

[09:19:43.035] [bmv2] [D] [thread 107767] [58.0] [cxt 0] Table 'MyIngress.ipv4_lpm': hit with handle 0
[09:19:43.035] [bmv2] [D] [thread 107767] [58.0] [cxt 0] Dumping entry 0
Match key:
* hdr.ipv4.dstAddr    : LPM       0a000101/32
Action entry: MyIngress.ipv4_forward - 80000000111,1,

[09:19:43.035] [bmv2] [D] [thread 107767] [58.0] [cxt 0] Action entry is MyIngress.ipv4_forward - 80000000111,1,
[09:19:43.035] [bmv2] [T] [thread 107767] [58.0] [cxt 0] Action MyIngress.ipv4_forward
[09:19:43.035] [bmv2] [T] [thread 107767] [58.0] [cxt 0] switch.p4(96) Primitive standard_metadata.egress_spec = port
[09:19:43.035] [bmv2] [T] [thread 107767] [58.0] [cxt 0] switch.p4(97) Primitive hdr.ethernet.srcAddr = hdr.ethernet.dstAddr
[09:19:43.035] [bmv2] [T] [thread 107767] [58.0] [cxt 0] switch.p4(98) Primitive hdr.ethernet.dstAddr = dstAddr
[09:19:43.035] [bmv2] [T] [thread 107767] [58.0] [cxt 0] switch.p4(99) Primitive hdr.ipv4.ttl = hdr.ipv4.ttl - 1
[09:19:43.035] [bmv2] [D] [thread 107767] [58.0] [cxt 0] Pipeline 'ingress': end
[09:19:43.035] [bmv2] [D] [thread 107767] [58.0] [cxt 0] Egress port is 1
[09:19:43.035] [bmv2] [D] [thread 107769] [58.0] [cxt 0] Pipeline 'egress': start
[09:19:43.035] [bmv2] [D] [thread 107769] [58.0] [cxt 0] Pipeline 'egress': end
[09:19:43.035] [bmv2] [D] [thread 107769] [58.0] [cxt 0] Deparser 'deparser': start
[09:19:43.035] [bmv2] [D] [thread 107769] [58.0] [cxt 0] Updating checksum 'cksum'
[09:19:43.035] [bmv2] [D] [thread 107769] [58.0] [cxt 0] Deparsing header 'ethernet'
[09:19:43.035] [bmv2] [D] [thread 107769] [58.0] [cxt 0] Deparsing header 'ipv4'
[09:19:43.035] [bmv2] [D] [thread 107769] [58.0] [cxt 0] Deparser 'deparser': end
[09:19:43.035] [bmv2] [D] [thread 107772] [58.0] [cxt 0] Transmitting packet of size 308 out of port 1
[09:19:43.035] [bmv2] [D] [thread 107767] [59.0] [cxt 0] Processing packet received on port 1
[09:19:43.035] [bmv2] [D] [thread 107767] [59.0] [cxt 0] Parser 'parser': start
[09:19:43.035] [bmv2] [D] [thread 107767] [59.0] [cxt 0] Parser 'parser' entering state 'start'
[09:19:43.035] [bmv2] [D] [thread 107767] [59.0] [cxt 0] Extracting header 'ethernet'
[09:19:43.035] [bmv2] [D] [thread 107767] [59.0] [cxt 0] Parser state 'start': key is 0800
[09:19:43.035] [bmv2] [T] [thread 107767] [59.0] [cxt 0] Bytes parsed: 14
[09:19:43.035] [bmv2] [D] [thread 107767] [59.0] [cxt 0] Parser 'parser' entering state 'parse_ipv4'
[09:19:43.035] [bmv2] [D] [thread 107767] [59.0] [cxt 0] Extracting header 'ipv4'
[09:19:43.035] [bmv2] [D] [thread 107767] [59.0] [cxt 0] Parser state 'parse_ipv4' has no switch, going to default next state
[09:19:43.035] [bmv2] [T] [thread 107767] [59.0] [cxt 0] Bytes parsed: 34
[09:19:43.035] [bmv2] [D] [thread 107767] [59.0] [cxt 0] Parser 'parser': end
[09:19:43.035] [bmv2] [D] [thread 107767] [59.0] [cxt 0] Pipeline 'ingress': start
[09:19:43.035] [bmv2] [T] [thread 107767] [59.0] [cxt 0] switch.p4(116) Condition "hdr.ipv4.isValid()" (node_2) is true
[09:19:43.035] [bmv2] [T] [thread 107767] [59.0] [cxt 0] Applying table 'MyIngress.ipv4_lpm'
[09:19:43.035] [bmv2] [D] [thread 107767] [59.0] [cxt 0] Looking up key:
* hdr.ipv4.dstAddr    : 0a000202

[09:19:43.035] [bmv2] [D] [thread 107767] [59.0] [cxt 0] Table 'MyIngress.ipv4_lpm': hit with handle 1
[09:19:43.035] [bmv2] [D] [thread 107767] [59.0] [cxt 0] Dumping entry 1
Match key:
* hdr.ipv4.dstAddr    : LPM       0a000202/32
Action entry: MyIngress.ipv4_forward - 80000000200,2,

[09:19:43.035] [bmv2] [D] [thread 107767] [59.0] [cxt 0] Action entry is MyIngress.ipv4_forward - 80000000200,2,
[09:19:43.035] [bmv2] [T] [thread 107767] [59.0] [cxt 0] Action MyIngress.ipv4_forward
[09:19:43.035] [bmv2] [T] [thread 107767] [59.0] [cxt 0] switch.p4(96) Primitive standard_metadata.egress_spec = port
[09:19:43.035] [bmv2] [T] [thread 107767] [59.0] [cxt 0] switch.p4(97) Primitive hdr.ethernet.srcAddr = hdr.ethernet.dstAddr
[09:19:43.035] [bmv2] [T] [thread 107767] [59.0] [cxt 0] switch.p4(98) Primitive hdr.ethernet.dstAddr = dstAddr
[09:19:43.035] [bmv2] [T] [thread 107767] [59.0] [cxt 0] switch.p4(99) Primitive hdr.ipv4.ttl = hdr.ipv4.ttl - 1
[09:19:43.035] [bmv2] [D] [thread 107767] [59.0] [cxt 0] Pipeline 'ingress': end
[09:19:43.035] [bmv2] [D] [thread 107767] [59.0] [cxt 0] Egress port is 2
[09:19:43.035] [bmv2] [D] [thread 107770] [59.0] [cxt 0] Pipeline 'egress': start
[09:19:43.035] [bmv2] [D] [thread 107770] [59.0] [cxt 0] Pipeline 'egress': end
[09:19:43.035] [bmv2] [D] [thread 107770] [59.0] [cxt 0] Deparser 'deparser': start
[09:19:43.035] [bmv2] [D] [thread 107770] [59.0] [cxt 0] Updating checksum 'cksum'
[09:19:43.035] [bmv2] [D] [thread 107770] [59.0] [cxt 0] Deparsing header 'ethernet'
[09:19:43.035] [bmv2] [D] [thread 107770] [59.0] [cxt 0] Deparsing header 'ipv4'
[09:19:43.035] [bmv2] [D] [thread 107770] [59.0] [cxt 0] Deparser 'deparser': end
[09:19:43.035] [bmv2] [D] [thread 107772] [59.0] [cxt 0] Transmitting packet of size 336 out of port 2
[09:19:43.471] [bmv2] [D] [thread 107767] [60.0] [cxt 0] Processing packet received on port 1
[09:19:43.471] [bmv2] [D] [thread 107767] [60.0] [cxt 0] Parser 'parser': start
[09:19:43.471] [bmv2] [D] [thread 107767] [60.0] [cxt 0] Parser 'parser' entering state 'start'
[09:19:43.471] [bmv2] [D] [thread 107767] [60.0] [cxt 0] Extracting header 'ethernet'
[09:19:43.471] [bmv2] [D] [thread 107767] [60.0] [cxt 0] Parser state 'start': key is 86dd
[09:19:43.471] [bmv2] [T] [thread 107767] [60.0] [cxt 0] Bytes parsed: 14
[09:19:43.471] [bmv2] [D] [thread 107767] [60.0] [cxt 0] Parser 'parser': end
[09:19:43.471] [bmv2] [D] [thread 107767] [60.0] [cxt 0] Pipeline 'ingress': start
[09:19:43.471] [bmv2] [T] [thread 107767] [60.0] [cxt 0] switch.p4(116) Condition "hdr.ipv4.isValid()" (node_2) is false
[09:19:43.471] [bmv2] [D] [thread 107767] [60.0] [cxt 0] Pipeline 'ingress': end
[09:19:43.471] [bmv2] [D] [thread 107767] [60.0] [cxt 0] Egress port is 0
[09:19:43.472] [bmv2] [D] [thread 107768] [60.0] [cxt 0] Pipeline 'egress': start
[09:19:43.472] [bmv2] [D] [thread 107768] [60.0] [cxt 0] Pipeline 'egress': end
[09:19:43.472] [bmv2] [D] [thread 107768] [60.0] [cxt 0] Deparser 'deparser': start
[09:19:43.472] [bmv2] [T] [thread 107768] [60.0] [cxt 0] Skipping checksum 'cksum' update because condition not met
[09:19:43.472] [bmv2] [D] [thread 107768] [60.0] [cxt 0] Deparsing header 'ethernet'
[09:19:43.472] [bmv2] [D] [thread 107768] [60.0] [cxt 0] Deparser 'deparser': end
[09:19:43.472] [bmv2] [D] [thread 107772] [60.0] [cxt 0] Transmitting packet of size 203 out of port 0
[09:19:43.750] [bmv2] [D] [thread 107767] [61.0] [cxt 0] Processing packet received on port 2
[09:19:43.750] [bmv2] [D] [thread 107767] [61.0] [cxt 0] Parser 'parser': start
[09:19:43.750] [bmv2] [D] [thread 107767] [61.0] [cxt 0] Parser 'parser' entering state 'start'
[09:19:43.750] [bmv2] [D] [thread 107767] [61.0] [cxt 0] Extracting header 'ethernet'
[09:19:43.750] [bmv2] [D] [thread 107767] [61.0] [cxt 0] Parser state 'start': key is 86dd
[09:19:43.750] [bmv2] [T] [thread 107767] [61.0] [cxt 0] Bytes parsed: 14
[09:19:43.750] [bmv2] [D] [thread 107767] [61.0] [cxt 0] Parser 'parser': end
[09:19:43.750] [bmv2] [D] [thread 107767] [61.0] [cxt 0] Pipeline 'ingress': start
[09:19:43.750] [bmv2] [T] [thread 107767] [61.0] [cxt 0] switch.p4(116) Condition "hdr.ipv4.isValid()" (node_2) is false
[09:19:43.750] [bmv2] [D] [thread 107767] [61.0] [cxt 0] Pipeline 'ingress': end
[09:19:43.750] [bmv2] [D] [thread 107767] [61.0] [cxt 0] Egress port is 0
[09:19:43.750] [bmv2] [D] [thread 107768] [61.0] [cxt 0] Pipeline 'egress': start
[09:19:43.750] [bmv2] [D] [thread 107768] [61.0] [cxt 0] Pipeline 'egress': end
[09:19:43.750] [bmv2] [D] [thread 107768] [61.0] [cxt 0] Deparser 'deparser': start
[09:19:43.750] [bmv2] [T] [thread 107768] [61.0] [cxt 0] Skipping checksum 'cksum' update because condition not met
[09:19:43.750] [bmv2] [D] [thread 107768] [61.0] [cxt 0] Deparsing header 'ethernet'
[09:19:43.750] [bmv2] [D] [thread 107768] [61.0] [cxt 0] Deparser 'deparser': end
[09:19:43.750] [bmv2] [D] [thread 107772] [61.0] [cxt 0] Transmitting packet of size 203 out of port 0
[09:19:44.174] [bmv2] [D] [thread 107767] [62.0] [cxt 0] Processing packet received on port 2
[09:19:44.174] [bmv2] [D] [thread 107767] [62.0] [cxt 0] Parser 'parser': start
[09:19:44.174] [bmv2] [D] [thread 107767] [62.0] [cxt 0] Parser 'parser' entering state 'start'
[09:19:44.174] [bmv2] [D] [thread 107767] [62.0] [cxt 0] Extracting header 'ethernet'
[09:19:44.174] [bmv2] [D] [thread 107767] [62.0] [cxt 0] Parser state 'start': key is 86dd
[09:19:44.174] [bmv2] [T] [thread 107767] [62.0] [cxt 0] Bytes parsed: 14
[09:19:44.174] [bmv2] [D] [thread 107767] [62.0] [cxt 0] Parser 'parser': end
[09:19:44.174] [bmv2] [D] [thread 107767] [62.0] [cxt 0] Pipeline 'ingress': start
[09:19:44.174] [bmv2] [T] [thread 107767] [62.0] [cxt 0] switch.p4(116) Condition "hdr.ipv4.isValid()" (node_2) is false
[09:19:44.174] [bmv2] [D] [thread 107767] [62.0] [cxt 0] Pipeline 'ingress': end
[09:19:44.174] [bmv2] [D] [thread 107767] [62.0] [cxt 0] Egress port is 0
[09:19:44.174] [bmv2] [D] [thread 107768] [62.0] [cxt 0] Pipeline 'egress': start
[09:19:44.174] [bmv2] [D] [thread 107768] [62.0] [cxt 0] Pipeline 'egress': end
[09:19:44.174] [bmv2] [D] [thread 107768] [62.0] [cxt 0] Deparser 'deparser': start
[09:19:44.174] [bmv2] [T] [thread 107768] [62.0] [cxt 0] Skipping checksum 'cksum' update because condition not met
[09:19:44.174] [bmv2] [D] [thread 107768] [62.0] [cxt 0] Deparsing header 'ethernet'
[09:19:44.174] [bmv2] [D] [thread 107768] [62.0] [cxt 0] Deparser 'deparser': end
[09:19:44.174] [bmv2] [D] [thread 107772] [62.0] [cxt 0] Transmitting packet of size 203 out of port 0
[09:19:44.599] [bmv2] [D] [thread 107767] [63.0] [cxt 0] Processing packet received on port 1
[09:19:44.599] [bmv2] [D] [thread 107767] [63.0] [cxt 0] Parser 'parser': start
[09:19:44.599] [bmv2] [D] [thread 107767] [63.0] [cxt 0] Parser 'parser' entering state 'start'
[09:19:44.599] [bmv2] [D] [thread 107767] [63.0] [cxt 0] Extracting header 'ethernet'
[09:19:44.599] [bmv2] [D] [thread 107767] [63.0] [cxt 0] Parser state 'start': key is 0800
[09:19:44.599] [bmv2] [T] [thread 107767] [63.0] [cxt 0] Bytes parsed: 14
[09:19:44.599] [bmv2] [D] [thread 107767] [63.0] [cxt 0] Parser 'parser' entering state 'parse_ipv4'
[09:19:44.599] [bmv2] [D] [thread 107767] [63.0] [cxt 0] Extracting header 'ipv4'
[09:19:44.599] [bmv2] [D] [thread 107767] [63.0] [cxt 0] Parser state 'parse_ipv4' has no switch, going to default next state
[09:19:44.599] [bmv2] [T] [thread 107767] [63.0] [cxt 0] Bytes parsed: 34
[09:19:44.599] [bmv2] [D] [thread 107767] [63.0] [cxt 0] Parser 'parser': end
[09:19:44.599] [bmv2] [D] [thread 107767] [63.0] [cxt 0] Pipeline 'ingress': start
[09:19:44.599] [bmv2] [T] [thread 107767] [63.0] [cxt 0] switch.p4(116) Condition "hdr.ipv4.isValid()" (node_2) is true
[09:19:44.599] [bmv2] [T] [thread 107767] [63.0] [cxt 0] Applying table 'MyIngress.ipv4_lpm'
[09:19:44.599] [bmv2] [D] [thread 107767] [63.0] [cxt 0] Looking up key:
* hdr.ipv4.dstAddr    : 0a000202

[09:19:44.599] [bmv2] [D] [thread 107767] [63.0] [cxt 0] Table 'MyIngress.ipv4_lpm': hit with handle 1
[09:19:44.599] [bmv2] [D] [thread 107767] [63.0] [cxt 0] Dumping entry 1
Match key:
* hdr.ipv4.dstAddr    : LPM       0a000202/32
Action entry: MyIngress.ipv4_forward - 80000000200,2,

[09:19:44.599] [bmv2] [D] [thread 107767] [63.0] [cxt 0] Action entry is MyIngress.ipv4_forward - 80000000200,2,
[09:19:44.599] [bmv2] [T] [thread 107767] [63.0] [cxt 0] Action MyIngress.ipv4_forward
[09:19:44.599] [bmv2] [T] [thread 107767] [63.0] [cxt 0] switch.p4(96) Primitive standard_metadata.egress_spec = port
[09:19:44.599] [bmv2] [T] [thread 107767] [63.0] [cxt 0] switch.p4(97) Primitive hdr.ethernet.srcAddr = hdr.ethernet.dstAddr
[09:19:44.599] [bmv2] [T] [thread 107767] [63.0] [cxt 0] switch.p4(98) Primitive hdr.ethernet.dstAddr = dstAddr
[09:19:44.599] [bmv2] [T] [thread 107767] [63.0] [cxt 0] switch.p4(99) Primitive hdr.ipv4.ttl = hdr.ipv4.ttl - 1
[09:19:44.599] [bmv2] [D] [thread 107767] [63.0] [cxt 0] Pipeline 'ingress': end
[09:19:44.599] [bmv2] [D] [thread 107767] [63.0] [cxt 0] Egress port is 2
[09:19:44.599] [bmv2] [D] [thread 107770] [63.0] [cxt 0] Pipeline 'egress': start
[09:19:44.600] [bmv2] [D] [thread 107770] [63.0] [cxt 0] Pipeline 'egress': end
[09:19:44.600] [bmv2] [D] [thread 107770] [63.0] [cxt 0] Deparser 'deparser': start
[09:19:44.600] [bmv2] [D] [thread 107770] [63.0] [cxt 0] Updating checksum 'cksum'
[09:19:44.600] [bmv2] [D] [thread 107770] [63.0] [cxt 0] Deparsing header 'ethernet'
[09:19:44.600] [bmv2] [D] [thread 107770] [63.0] [cxt 0] Deparsing header 'ipv4'
[09:19:44.600] [bmv2] [D] [thread 107770] [63.0] [cxt 0] Deparser 'deparser': end
[09:19:44.600] [bmv2] [D] [thread 107772] [63.0] [cxt 0] Transmitting packet of size 48 out of port 2
[09:19:44.607] [bmv2] [D] [thread 107767] [64.0] [cxt 0] Processing packet received on port 2
[09:19:44.607] [bmv2] [D] [thread 107767] [64.0] [cxt 0] Parser 'parser': start
[09:19:44.607] [bmv2] [D] [thread 107767] [64.0] [cxt 0] Parser 'parser' entering state 'start'
[09:19:44.607] [bmv2] [D] [thread 107767] [64.0] [cxt 0] Extracting header 'ethernet'
[09:19:44.607] [bmv2] [D] [thread 107767] [64.0] [cxt 0] Parser state 'start': key is 0800
[09:19:44.607] [bmv2] [T] [thread 107767] [64.0] [cxt 0] Bytes parsed: 14
[09:19:44.607] [bmv2] [D] [thread 107767] [64.0] [cxt 0] Parser 'parser' entering state 'parse_ipv4'
[09:19:44.607] [bmv2] [D] [thread 107767] [64.0] [cxt 0] Extracting header 'ipv4'
[09:19:44.607] [bmv2] [D] [thread 107767] [64.0] [cxt 0] Parser state 'parse_ipv4' has no switch, going to default next state
[09:19:44.607] [bmv2] [T] [thread 107767] [64.0] [cxt 0] Bytes parsed: 34
[09:19:44.607] [bmv2] [D] [thread 107767] [64.0] [cxt 0] Parser 'parser': end
[09:19:44.607] [bmv2] [D] [thread 107767] [64.0] [cxt 0] Pipeline 'ingress': start
[09:19:44.607] [bmv2] [T] [thread 107767] [64.0] [cxt 0] switch.p4(116) Condition "hdr.ipv4.isValid()" (node_2) is true
[09:19:44.607] [bmv2] [T] [thread 107767] [64.0] [cxt 0] Applying table 'MyIngress.ipv4_lpm'
[09:19:44.607] [bmv2] [D] [thread 107767] [64.0] [cxt 0] Looking up key:
* hdr.ipv4.dstAddr    : 0a000101

[09:19:44.607] [bmv2] [D] [thread 107767] [64.0] [cxt 0] Table 'MyIngress.ipv4_lpm': hit with handle 0
[09:19:44.607] [bmv2] [D] [thread 107767] [64.0] [cxt 0] Dumping entry 0
Match key:
* hdr.ipv4.dstAddr    : LPM       0a000101/32
Action entry: MyIngress.ipv4_forward - 80000000111,1,

[09:19:44.607] [bmv2] [D] [thread 107767] [64.0] [cxt 0] Action entry is MyIngress.ipv4_forward - 80000000111,1,
[09:19:44.607] [bmv2] [T] [thread 107767] [64.0] [cxt 0] Action MyIngress.ipv4_forward
[09:19:44.607] [bmv2] [T] [thread 107767] [64.0] [cxt 0] switch.p4(96) Primitive standard_metadata.egress_spec = port
[09:19:44.607] [bmv2] [T] [thread 107767] [64.0] [cxt 0] switch.p4(97) Primitive hdr.ethernet.srcAddr = hdr.ethernet.dstAddr
[09:19:44.607] [bmv2] [T] [thread 107767] [64.0] [cxt 0] switch.p4(98) Primitive hdr.ethernet.dstAddr = dstAddr
[09:19:44.607] [bmv2] [T] [thread 107767] [64.0] [cxt 0] switch.p4(99) Primitive hdr.ipv4.ttl = hdr.ipv4.ttl - 1
[09:19:44.607] [bmv2] [D] [thread 107767] [64.0] [cxt 0] Pipeline 'ingress': end
[09:19:44.607] [bmv2] [D] [thread 107767] [64.0] [cxt 0] Egress port is 1
[09:19:44.608] [bmv2] [D] [thread 107769] [64.0] [cxt 0] Pipeline 'egress': start
[09:19:44.608] [bmv2] [D] [thread 107769] [64.0] [cxt 0] Pipeline 'egress': end
[09:19:44.608] [bmv2] [D] [thread 107769] [64.0] [cxt 0] Deparser 'deparser': start
[09:19:44.608] [bmv2] [D] [thread 107769] [64.0] [cxt 0] Updating checksum 'cksum'
[09:19:44.608] [bmv2] [D] [thread 107769] [64.0] [cxt 0] Deparsing header 'ethernet'
[09:19:44.608] [bmv2] [D] [thread 107769] [64.0] [cxt 0] Deparsing header 'ipv4'
[09:19:44.608] [bmv2] [D] [thread 107769] [64.0] [cxt 0] Deparser 'deparser': end
[09:19:44.608] [bmv2] [D] [thread 107772] [64.0] [cxt 0] Transmitting packet of size 76 out of port 1
[09:19:44.632] [bmv2] [D] [thread 107767] [65.0] [cxt 0] Processing packet received on port 2
[09:19:44.632] [bmv2] [D] [thread 107767] [65.0] [cxt 0] Parser 'parser': start
[09:19:44.632] [bmv2] [D] [thread 107767] [65.0] [cxt 0] Parser 'parser' entering state 'start'
[09:19:44.632] [bmv2] [D] [thread 107767] [65.0] [cxt 0] Extracting header 'ethernet'
[09:19:44.632] [bmv2] [D] [thread 107767] [65.0] [cxt 0] Parser state 'start': key is 0800
[09:19:44.632] [bmv2] [T] [thread 107767] [65.0] [cxt 0] Bytes parsed: 14
[09:19:44.632] [bmv2] [D] [thread 107767] [65.0] [cxt 0] Parser 'parser' entering state 'parse_ipv4'
[09:19:44.632] [bmv2] [D] [thread 107767] [65.0] [cxt 0] Extracting header 'ipv4'
[09:19:44.632] [bmv2] [D] [thread 107767] [65.0] [cxt 0] Parser state 'parse_ipv4' has no switch, going to default next state
[09:19:44.632] [bmv2] [T] [thread 107767] [65.0] [cxt 0] Bytes parsed: 34
[09:19:44.632] [bmv2] [D] [thread 107767] [65.0] [cxt 0] Parser 'parser': end
[09:19:44.632] [bmv2] [D] [thread 107767] [65.0] [cxt 0] Pipeline 'ingress': start
[09:19:44.632] [bmv2] [T] [thread 107767] [65.0] [cxt 0] switch.p4(116) Condition "hdr.ipv4.isValid()" (node_2) is true
[09:19:44.632] [bmv2] [T] [thread 107767] [65.0] [cxt 0] Applying table 'MyIngress.ipv4_lpm'
[09:19:44.632] [bmv2] [D] [thread 107767] [65.0] [cxt 0] Looking up key:
* hdr.ipv4.dstAddr    : 0a000101

[09:19:44.632] [bmv2] [D] [thread 107767] [65.0] [cxt 0] Table 'MyIngress.ipv4_lpm': hit with handle 0
[09:19:44.632] [bmv2] [D] [thread 107767] [65.0] [cxt 0] Dumping entry 0
Match key:
* hdr.ipv4.dstAddr    : LPM       0a000101/32
Action entry: MyIngress.ipv4_forward - 80000000111,1,

[09:19:44.632] [bmv2] [D] [thread 107767] [65.0] [cxt 0] Action entry is MyIngress.ipv4_forward - 80000000111,1,
[09:19:44.632] [bmv2] [T] [thread 107767] [65.0] [cxt 0] Action MyIngress.ipv4_forward
[09:19:44.632] [bmv2] [T] [thread 107767] [65.0] [cxt 0] switch.p4(96) Primitive standard_metadata.egress_spec = port
[09:19:44.632] [bmv2] [T] [thread 107767] [65.0] [cxt 0] switch.p4(97) Primitive hdr.ethernet.srcAddr = hdr.ethernet.dstAddr
[09:19:44.632] [bmv2] [T] [thread 107767] [65.0] [cxt 0] switch.p4(98) Primitive hdr.ethernet.dstAddr = dstAddr
[09:19:44.632] [bmv2] [T] [thread 107767] [65.0] [cxt 0] switch.p4(99) Primitive hdr.ipv4.ttl = hdr.ipv4.ttl - 1
[09:19:44.632] [bmv2] [D] [thread 107767] [65.0] [cxt 0] Pipeline 'ingress': end
[09:19:44.632] [bmv2] [D] [thread 107767] [65.0] [cxt 0] Egress port is 1
[09:19:44.632] [bmv2] [D] [thread 107769] [65.0] [cxt 0] Pipeline 'egress': start
[09:19:44.632] [bmv2] [D] [thread 107769] [65.0] [cxt 0] Pipeline 'egress': end
[09:19:44.632] [bmv2] [D] [thread 107769] [65.0] [cxt 0] Deparser 'deparser': start
[09:19:44.632] [bmv2] [D] [thread 107769] [65.0] [cxt 0] Updating checksum 'cksum'
[09:19:44.632] [bmv2] [D] [thread 107769] [65.0] [cxt 0] Deparsing header 'ethernet'
[09:19:44.632] [bmv2] [D] [thread 107769] [65.0] [cxt 0] Deparsing header 'ipv4'
[09:19:44.632] [bmv2] [D] [thread 107769] [65.0] [cxt 0] Deparser 'deparser': end
[09:19:44.632] [bmv2] [D] [thread 107772] [65.0] [cxt 0] Transmitting packet of size 308 out of port 1
[09:19:44.632] [bmv2] [D] [thread 107767] [66.0] [cxt 0] Processing packet received on port 1
[09:19:44.632] [bmv2] [D] [thread 107767] [66.0] [cxt 0] Parser 'parser': start
[09:19:44.632] [bmv2] [D] [thread 107767] [66.0] [cxt 0] Parser 'parser' entering state 'start'
[09:19:44.632] [bmv2] [D] [thread 107767] [66.0] [cxt 0] Extracting header 'ethernet'
[09:19:44.632] [bmv2] [D] [thread 107767] [66.0] [cxt 0] Parser state 'start': key is 0800
[09:19:44.632] [bmv2] [T] [thread 107767] [66.0] [cxt 0] Bytes parsed: 14
[09:19:44.632] [bmv2] [D] [thread 107767] [66.0] [cxt 0] Parser 'parser' entering state 'parse_ipv4'
[09:19:44.632] [bmv2] [D] [thread 107767] [66.0] [cxt 0] Extracting header 'ipv4'
[09:19:44.632] [bmv2] [D] [thread 107767] [66.0] [cxt 0] Parser state 'parse_ipv4' has no switch, going to default next state
[09:19:44.632] [bmv2] [T] [thread 107767] [66.0] [cxt 0] Bytes parsed: 34
[09:19:44.632] [bmv2] [D] [thread 107767] [66.0] [cxt 0] Parser 'parser': end
[09:19:44.632] [bmv2] [D] [thread 107767] [66.0] [cxt 0] Pipeline 'ingress': start
[09:19:44.632] [bmv2] [T] [thread 107767] [66.0] [cxt 0] switch.p4(116) Condition "hdr.ipv4.isValid()" (node_2) is true
[09:19:44.632] [bmv2] [T] [thread 107767] [66.0] [cxt 0] Applying table 'MyIngress.ipv4_lpm'
[09:19:44.632] [bmv2] [D] [thread 107767] [66.0] [cxt 0] Looking up key:
* hdr.ipv4.dstAddr    : 0a000202

[09:19:44.632] [bmv2] [D] [thread 107767] [66.0] [cxt 0] Table 'MyIngress.ipv4_lpm': hit with handle 1
[09:19:44.632] [bmv2] [D] [thread 107767] [66.0] [cxt 0] Dumping entry 1
Match key:
* hdr.ipv4.dstAddr    : LPM       0a000202/32
Action entry: MyIngress.ipv4_forward - 80000000200,2,

[09:19:44.632] [bmv2] [D] [thread 107767] [66.0] [cxt 0] Action entry is MyIngress.ipv4_forward - 80000000200,2,
[09:19:44.632] [bmv2] [T] [thread 107767] [66.0] [cxt 0] Action MyIngress.ipv4_forward
[09:19:44.632] [bmv2] [T] [thread 107767] [66.0] [cxt 0] switch.p4(96) Primitive standard_metadata.egress_spec = port
[09:19:44.632] [bmv2] [T] [thread 107767] [66.0] [cxt 0] switch.p4(97) Primitive hdr.ethernet.srcAddr = hdr.ethernet.dstAddr
[09:19:44.632] [bmv2] [T] [thread 107767] [66.0] [cxt 0] switch.p4(98) Primitive hdr.ethernet.dstAddr = dstAddr
[09:19:44.632] [bmv2] [T] [thread 107767] [66.0] [cxt 0] switch.p4(99) Primitive hdr.ipv4.ttl = hdr.ipv4.ttl - 1
[09:19:44.632] [bmv2] [D] [thread 107767] [66.0] [cxt 0] Pipeline 'ingress': end
[09:19:44.632] [bmv2] [D] [thread 107767] [66.0] [cxt 0] Egress port is 2
[09:19:44.632] [bmv2] [D] [thread 107770] [66.0] [cxt 0] Pipeline 'egress': start
[09:19:44.632] [bmv2] [D] [thread 107770] [66.0] [cxt 0] Pipeline 'egress': end
[09:19:44.632] [bmv2] [D] [thread 107770] [66.0] [cxt 0] Deparser 'deparser': start
[09:19:44.632] [bmv2] [D] [thread 107770] [66.0] [cxt 0] Updating checksum 'cksum'
[09:19:44.632] [bmv2] [D] [thread 107770] [66.0] [cxt 0] Deparsing header 'ethernet'
[09:19:44.632] [bmv2] [D] [thread 107770] [66.0] [cxt 0] Deparsing header 'ipv4'
[09:19:44.632] [bmv2] [D] [thread 107770] [66.0] [cxt 0] Deparser 'deparser': end
[09:19:44.632] [bmv2] [D] [thread 107772] [66.0] [cxt 0] Transmitting packet of size 336 out of port 2
[09:19:45.463] [bmv2] [D] [thread 107767] [67.0] [cxt 0] Processing packet received on port 1
[09:19:45.463] [bmv2] [D] [thread 107767] [67.0] [cxt 0] Parser 'parser': start
[09:19:45.463] [bmv2] [D] [thread 107767] [67.0] [cxt 0] Parser 'parser' entering state 'start'
[09:19:45.463] [bmv2] [D] [thread 107767] [67.0] [cxt 0] Extracting header 'ethernet'
[09:19:45.463] [bmv2] [D] [thread 107767] [67.0] [cxt 0] Parser state 'start': key is 0800
[09:19:45.463] [bmv2] [T] [thread 107767] [67.0] [cxt 0] Bytes parsed: 14
[09:19:45.463] [bmv2] [D] [thread 107767] [67.0] [cxt 0] Parser 'parser' entering state 'parse_ipv4'
[09:19:45.463] [bmv2] [D] [thread 107767] [67.0] [cxt 0] Extracting header 'ipv4'
[09:19:45.463] [bmv2] [D] [thread 107767] [67.0] [cxt 0] Parser state 'parse_ipv4' has no switch, going to default next state
[09:19:45.463] [bmv2] [T] [thread 107767] [67.0] [cxt 0] Bytes parsed: 34
[09:19:45.463] [bmv2] [D] [thread 107767] [67.0] [cxt 0] Parser 'parser': end
[09:19:45.463] [bmv2] [D] [thread 107767] [67.0] [cxt 0] Pipeline 'ingress': start
[09:19:45.463] [bmv2] [T] [thread 107767] [67.0] [cxt 0] switch.p4(116) Condition "hdr.ipv4.isValid()" (node_2) is true
[09:19:45.463] [bmv2] [T] [thread 107767] [67.0] [cxt 0] Applying table 'MyIngress.ipv4_lpm'
[09:19:45.463] [bmv2] [D] [thread 107767] [67.0] [cxt 0] Looking up key:
* hdr.ipv4.dstAddr    : 0a000202

[09:19:45.463] [bmv2] [D] [thread 107767] [67.0] [cxt 0] Table 'MyIngress.ipv4_lpm': hit with handle 1
[09:19:45.463] [bmv2] [D] [thread 107767] [67.0] [cxt 0] Dumping entry 1
Match key:
* hdr.ipv4.dstAddr    : LPM       0a000202/32
Action entry: MyIngress.ipv4_forward - 80000000200,2,

[09:19:45.463] [bmv2] [D] [thread 107767] [67.0] [cxt 0] Action entry is MyIngress.ipv4_forward - 80000000200,2,
[09:19:45.463] [bmv2] [T] [thread 107767] [67.0] [cxt 0] Action MyIngress.ipv4_forward
[09:19:45.463] [bmv2] [T] [thread 107767] [67.0] [cxt 0] switch.p4(96) Primitive standard_metadata.egress_spec = port
[09:19:45.463] [bmv2] [T] [thread 107767] [67.0] [cxt 0] switch.p4(97) Primitive hdr.ethernet.srcAddr = hdr.ethernet.dstAddr
[09:19:45.463] [bmv2] [T] [thread 107767] [67.0] [cxt 0] switch.p4(98) Primitive hdr.ethernet.dstAddr = dstAddr
[09:19:45.463] [bmv2] [T] [thread 107767] [67.0] [cxt 0] switch.p4(99) Primitive hdr.ipv4.ttl = hdr.ipv4.ttl - 1
[09:19:45.463] [bmv2] [D] [thread 107767] [67.0] [cxt 0] Pipeline 'ingress': end
[09:19:45.463] [bmv2] [D] [thread 107767] [67.0] [cxt 0] Egress port is 2
[09:19:45.463] [bmv2] [D] [thread 107770] [67.0] [cxt 0] Pipeline 'egress': start
[09:19:45.463] [bmv2] [D] [thread 107770] [67.0] [cxt 0] Pipeline 'egress': end
[09:19:45.463] [bmv2] [D] [thread 107770] [67.0] [cxt 0] Deparser 'deparser': start
[09:19:45.463] [bmv2] [D] [thread 107770] [67.0] [cxt 0] Updating checksum 'cksum'
[09:19:45.463] [bmv2] [D] [thread 107770] [67.0] [cxt 0] Deparsing header 'ethernet'
[09:19:45.463] [bmv2] [D] [thread 107770] [67.0] [cxt 0] Deparsing header 'ipv4'
[09:19:45.463] [bmv2] [D] [thread 107770] [67.0] [cxt 0] Deparser 'deparser': end
[09:19:45.463] [bmv2] [D] [thread 107772] [67.0] [cxt 0] Transmitting packet of size 48 out of port 2
[09:19:45.468] [bmv2] [D] [thread 107767] [68.0] [cxt 0] Processing packet received on port 2
[09:19:45.468] [bmv2] [D] [thread 107767] [68.0] [cxt 0] Parser 'parser': start
[09:19:45.468] [bmv2] [D] [thread 107767] [68.0] [cxt 0] Parser 'parser' entering state 'start'
[09:19:45.468] [bmv2] [D] [thread 107767] [68.0] [cxt 0] Extracting header 'ethernet'
[09:19:45.468] [bmv2] [D] [thread 107767] [68.0] [cxt 0] Parser state 'start': key is 0800
[09:19:45.468] [bmv2] [T] [thread 107767] [68.0] [cxt 0] Bytes parsed: 14
[09:19:45.468] [bmv2] [D] [thread 107767] [68.0] [cxt 0] Parser 'parser' entering state 'parse_ipv4'
[09:19:45.468] [bmv2] [D] [thread 107767] [68.0] [cxt 0] Extracting header 'ipv4'
[09:19:45.468] [bmv2] [D] [thread 107767] [68.0] [cxt 0] Parser state 'parse_ipv4' has no switch, going to default next state
[09:19:45.468] [bmv2] [T] [thread 107767] [68.0] [cxt 0] Bytes parsed: 34
[09:19:45.468] [bmv2] [D] [thread 107767] [68.0] [cxt 0] Parser 'parser': end
[09:19:45.468] [bmv2] [D] [thread 107767] [68.0] [cxt 0] Pipeline 'ingress': start
[09:19:45.468] [bmv2] [T] [thread 107767] [68.0] [cxt 0] switch.p4(116) Condition "hdr.ipv4.isValid()" (node_2) is true
[09:19:45.468] [bmv2] [T] [thread 107767] [68.0] [cxt 0] Applying table 'MyIngress.ipv4_lpm'
[09:19:45.468] [bmv2] [D] [thread 107767] [68.0] [cxt 0] Looking up key:
* hdr.ipv4.dstAddr    : 0a000101

[09:19:45.468] [bmv2] [D] [thread 107767] [68.0] [cxt 0] Table 'MyIngress.ipv4_lpm': hit with handle 0
[09:19:45.468] [bmv2] [D] [thread 107767] [68.0] [cxt 0] Dumping entry 0
Match key:
* hdr.ipv4.dstAddr    : LPM       0a000101/32
Action entry: MyIngress.ipv4_forward - 80000000111,1,

[09:19:45.468] [bmv2] [D] [thread 107767] [68.0] [cxt 0] Action entry is MyIngress.ipv4_forward - 80000000111,1,
[09:19:45.468] [bmv2] [T] [thread 107767] [68.0] [cxt 0] Action MyIngress.ipv4_forward
[09:19:45.468] [bmv2] [T] [thread 107767] [68.0] [cxt 0] switch.p4(96) Primitive standard_metadata.egress_spec = port
[09:19:45.468] [bmv2] [T] [thread 107767] [68.0] [cxt 0] switch.p4(97) Primitive hdr.ethernet.srcAddr = hdr.ethernet.dstAddr
[09:19:45.468] [bmv2] [T] [thread 107767] [68.0] [cxt 0] switch.p4(98) Primitive hdr.ethernet.dstAddr = dstAddr
[09:19:45.468] [bmv2] [T] [thread 107767] [68.0] [cxt 0] switch.p4(99) Primitive hdr.ipv4.ttl = hdr.ipv4.ttl - 1
[09:19:45.468] [bmv2] [D] [thread 107767] [68.0] [cxt 0] Pipeline 'ingress': end
[09:19:45.468] [bmv2] [D] [thread 107767] [68.0] [cxt 0] Egress port is 1
[09:19:45.468] [bmv2] [D] [thread 107769] [68.0] [cxt 0] Pipeline 'egress': start
[09:19:45.468] [bmv2] [D] [thread 107769] [68.0] [cxt 0] Pipeline 'egress': end
[09:19:45.468] [bmv2] [D] [thread 107769] [68.0] [cxt 0] Deparser 'deparser': start
[09:19:45.468] [bmv2] [D] [thread 107769] [68.0] [cxt 0] Updating checksum 'cksum'
[09:19:45.468] [bmv2] [D] [thread 107769] [68.0] [cxt 0] Deparsing header 'ethernet'
[09:19:45.468] [bmv2] [D] [thread 107769] [68.0] [cxt 0] Deparsing header 'ipv4'
[09:19:45.468] [bmv2] [D] [thread 107769] [68.0] [cxt 0] Deparser 'deparser': end
[09:19:45.468] [bmv2] [D] [thread 107772] [68.0] [cxt 0] Transmitting packet of size 76 out of port 1
[09:19:45.512] [bmv2] [D] [thread 107767] [69.0] [cxt 0] Processing packet received on port 2
[09:19:45.512] [bmv2] [D] [thread 107767] [69.0] [cxt 0] Parser 'parser': start
[09:19:45.512] [bmv2] [D] [thread 107767] [69.0] [cxt 0] Parser 'parser' entering state 'start'
[09:19:45.512] [bmv2] [D] [thread 107767] [69.0] [cxt 0] Extracting header 'ethernet'
[09:19:45.512] [bmv2] [D] [thread 107767] [69.0] [cxt 0] Parser state 'start': key is 0800
[09:19:45.512] [bmv2] [T] [thread 107767] [69.0] [cxt 0] Bytes parsed: 14
[09:19:45.512] [bmv2] [D] [thread 107767] [69.0] [cxt 0] Parser 'parser' entering state 'parse_ipv4'
[09:19:45.512] [bmv2] [D] [thread 107767] [69.0] [cxt 0] Extracting header 'ipv4'
[09:19:45.512] [bmv2] [D] [thread 107767] [69.0] [cxt 0] Parser state 'parse_ipv4' has no switch, going to default next state
[09:19:45.512] [bmv2] [T] [thread 107767] [69.0] [cxt 0] Bytes parsed: 34
[09:19:45.512] [bmv2] [D] [thread 107767] [69.0] [cxt 0] Parser 'parser': end
[09:19:45.512] [bmv2] [D] [thread 107767] [69.0] [cxt 0] Pipeline 'ingress': start
[09:19:45.512] [bmv2] [T] [thread 107767] [69.0] [cxt 0] switch.p4(116) Condition "hdr.ipv4.isValid()" (node_2) is true
[09:19:45.512] [bmv2] [T] [thread 107767] [69.0] [cxt 0] Applying table 'MyIngress.ipv4_lpm'
[09:19:45.512] [bmv2] [D] [thread 107767] [69.0] [cxt 0] Looking up key:
* hdr.ipv4.dstAddr    : 0a000101

[09:19:45.512] [bmv2] [D] [thread 107767] [69.0] [cxt 0] Table 'MyIngress.ipv4_lpm': hit with handle 0
[09:19:45.512] [bmv2] [D] [thread 107767] [69.0] [cxt 0] Dumping entry 0
Match key:
* hdr.ipv4.dstAddr    : LPM       0a000101/32
Action entry: MyIngress.ipv4_forward - 80000000111,1,

[09:19:45.512] [bmv2] [D] [thread 107767] [69.0] [cxt 0] Action entry is MyIngress.ipv4_forward - 80000000111,1,
[09:19:45.512] [bmv2] [T] [thread 107767] [69.0] [cxt 0] Action MyIngress.ipv4_forward
[09:19:45.512] [bmv2] [T] [thread 107767] [69.0] [cxt 0] switch.p4(96) Primitive standard_metadata.egress_spec = port
[09:19:45.512] [bmv2] [T] [thread 107767] [69.0] [cxt 0] switch.p4(97) Primitive hdr.ethernet.srcAddr = hdr.ethernet.dstAddr
[09:19:45.512] [bmv2] [T] [thread 107767] [69.0] [cxt 0] switch.p4(98) Primitive hdr.ethernet.dstAddr = dstAddr
[09:19:45.512] [bmv2] [T] [thread 107767] [69.0] [cxt 0] switch.p4(99) Primitive hdr.ipv4.ttl = hdr.ipv4.ttl - 1
[09:19:45.512] [bmv2] [D] [thread 107767] [69.0] [cxt 0] Pipeline 'ingress': end
[09:19:45.512] [bmv2] [D] [thread 107767] [69.0] [cxt 0] Egress port is 1
[09:19:45.512] [bmv2] [D] [thread 107769] [69.0] [cxt 0] Pipeline 'egress': start
[09:19:45.514] [bmv2] [D] [thread 107769] [69.0] [cxt 0] Pipeline 'egress': end
[09:19:45.514] [bmv2] [D] [thread 107769] [69.0] [cxt 0] Deparser 'deparser': start
[09:19:45.514] [bmv2] [D] [thread 107769] [69.0] [cxt 0] Updating checksum 'cksum'
[09:19:45.514] [bmv2] [D] [thread 107769] [69.0] [cxt 0] Deparsing header 'ethernet'
[09:19:45.514] [bmv2] [D] [thread 107769] [69.0] [cxt 0] Deparsing header 'ipv4'
[09:19:45.514] [bmv2] [D] [thread 107769] [69.0] [cxt 0] Deparser 'deparser': end
[09:19:45.514] [bmv2] [D] [thread 107772] [69.0] [cxt 0] Transmitting packet of size 308 out of port 1
[09:19:45.514] [bmv2] [D] [thread 107767] [70.0] [cxt 0] Processing packet received on port 1
[09:19:45.514] [bmv2] [D] [thread 107767] [70.0] [cxt 0] Parser 'parser': start
[09:19:45.514] [bmv2] [D] [thread 107767] [70.0] [cxt 0] Parser 'parser' entering state 'start'
[09:19:45.514] [bmv2] [D] [thread 107767] [70.0] [cxt 0] Extracting header 'ethernet'
[09:19:45.514] [bmv2] [D] [thread 107767] [70.0] [cxt 0] Parser state 'start': key is 0800
[09:19:45.514] [bmv2] [T] [thread 107767] [70.0] [cxt 0] Bytes parsed: 14
[09:19:45.514] [bmv2] [D] [thread 107767] [70.0] [cxt 0] Parser 'parser' entering state 'parse_ipv4'
[09:19:45.514] [bmv2] [D] [thread 107767] [70.0] [cxt 0] Extracting header 'ipv4'
[09:19:45.514] [bmv2] [D] [thread 107767] [70.0] [cxt 0] Parser state 'parse_ipv4' has no switch, going to default next state
[09:19:45.514] [bmv2] [T] [thread 107767] [70.0] [cxt 0] Bytes parsed: 34
[09:19:45.514] [bmv2] [D] [thread 107767] [70.0] [cxt 0] Parser 'parser': end
[09:19:45.514] [bmv2] [D] [thread 107767] [70.0] [cxt 0] Pipeline 'ingress': start
[09:19:45.514] [bmv2] [T] [thread 107767] [70.0] [cxt 0] switch.p4(116) Condition "hdr.ipv4.isValid()" (node_2) is true
[09:19:45.514] [bmv2] [T] [thread 107767] [70.0] [cxt 0] Applying table 'MyIngress.ipv4_lpm'
[09:19:45.514] [bmv2] [D] [thread 107767] [70.0] [cxt 0] Looking up key:
* hdr.ipv4.dstAddr    : 0a000202

[09:19:45.514] [bmv2] [D] [thread 107767] [70.0] [cxt 0] Table 'MyIngress.ipv4_lpm': hit with handle 1
[09:19:45.514] [bmv2] [D] [thread 107767] [70.0] [cxt 0] Dumping entry 1
Match key:
* hdr.ipv4.dstAddr    : LPM       0a000202/32
Action entry: MyIngress.ipv4_forward - 80000000200,2,

[09:19:45.514] [bmv2] [D] [thread 107767] [70.0] [cxt 0] Action entry is MyIngress.ipv4_forward - 80000000200,2,
[09:19:45.514] [bmv2] [T] [thread 107767] [70.0] [cxt 0] Action MyIngress.ipv4_forward
[09:19:45.514] [bmv2] [T] [thread 107767] [70.0] [cxt 0] switch.p4(96) Primitive standard_metadata.egress_spec = port
[09:19:45.514] [bmv2] [T] [thread 107767] [70.0] [cxt 0] switch.p4(97) Primitive hdr.ethernet.srcAddr = hdr.ethernet.dstAddr
[09:19:45.514] [bmv2] [T] [thread 107767] [70.0] [cxt 0] switch.p4(98) Primitive hdr.ethernet.dstAddr = dstAddr
[09:19:45.514] [bmv2] [T] [thread 107767] [70.0] [cxt 0] switch.p4(99) Primitive hdr.ipv4.ttl = hdr.ipv4.ttl - 1
[09:19:45.514] [bmv2] [D] [thread 107767] [70.0] [cxt 0] Pipeline 'ingress': end
[09:19:45.514] [bmv2] [D] [thread 107767] [70.0] [cxt 0] Egress port is 2
[09:19:45.514] [bmv2] [D] [thread 107770] [70.0] [cxt 0] Pipeline 'egress': start
[09:19:45.516] [bmv2] [D] [thread 107770] [70.0] [cxt 0] Pipeline 'egress': end
[09:19:45.516] [bmv2] [D] [thread 107770] [70.0] [cxt 0] Deparser 'deparser': start
[09:19:45.516] [bmv2] [D] [thread 107770] [70.0] [cxt 0] Updating checksum 'cksum'
[09:19:45.516] [bmv2] [D] [thread 107770] [70.0] [cxt 0] Deparsing header 'ethernet'
[09:19:45.516] [bmv2] [D] [thread 107770] [70.0] [cxt 0] Deparsing header 'ipv4'
[09:19:45.516] [bmv2] [D] [thread 107770] [70.0] [cxt 0] Deparser 'deparser': end
[09:19:45.516] [bmv2] [D] [thread 107772] [70.0] [cxt 0] Transmitting packet of size 336 out of port 2
[09:19:46.444] [bmv2] [D] [thread 107767] [71.0] [cxt 0] Processing packet received on port 1
[09:19:46.444] [bmv2] [D] [thread 107767] [71.0] [cxt 0] Parser 'parser': start
[09:19:46.444] [bmv2] [D] [thread 107767] [71.0] [cxt 0] Parser 'parser' entering state 'start'
[09:19:46.444] [bmv2] [D] [thread 107767] [71.0] [cxt 0] Extracting header 'ethernet'
[09:19:46.444] [bmv2] [D] [thread 107767] [71.0] [cxt 0] Parser state 'start': key is 0800
[09:19:46.444] [bmv2] [T] [thread 107767] [71.0] [cxt 0] Bytes parsed: 14
[09:19:46.444] [bmv2] [D] [thread 107767] [71.0] [cxt 0] Parser 'parser' entering state 'parse_ipv4'
[09:19:46.444] [bmv2] [D] [thread 107767] [71.0] [cxt 0] Extracting header 'ipv4'
[09:19:46.444] [bmv2] [D] [thread 107767] [71.0] [cxt 0] Parser state 'parse_ipv4' has no switch, going to default next state
[09:19:46.444] [bmv2] [T] [thread 107767] [71.0] [cxt 0] Bytes parsed: 34
[09:19:46.444] [bmv2] [D] [thread 107767] [71.0] [cxt 0] Parser 'parser': end
[09:19:46.444] [bmv2] [D] [thread 107767] [71.0] [cxt 0] Pipeline 'ingress': start
[09:19:46.444] [bmv2] [T] [thread 107767] [71.0] [cxt 0] switch.p4(116) Condition "hdr.ipv4.isValid()" (node_2) is true
[09:19:46.444] [bmv2] [T] [thread 107767] [71.0] [cxt 0] Applying table 'MyIngress.ipv4_lpm'
[09:19:46.444] [bmv2] [D] [thread 107767] [71.0] [cxt 0] Looking up key:
* hdr.ipv4.dstAddr    : 0a000202

[09:19:46.444] [bmv2] [D] [thread 107767] [71.0] [cxt 0] Table 'MyIngress.ipv4_lpm': hit with handle 1
[09:19:46.444] [bmv2] [D] [thread 107767] [71.0] [cxt 0] Dumping entry 1
Match key:
* hdr.ipv4.dstAddr    : LPM       0a000202/32
Action entry: MyIngress.ipv4_forward - 80000000200,2,

[09:19:46.444] [bmv2] [D] [thread 107767] [71.0] [cxt 0] Action entry is MyIngress.ipv4_forward - 80000000200,2,
[09:19:46.444] [bmv2] [T] [thread 107767] [71.0] [cxt 0] Action MyIngress.ipv4_forward
[09:19:46.444] [bmv2] [T] [thread 107767] [71.0] [cxt 0] switch.p4(96) Primitive standard_metadata.egress_spec = port
[09:19:46.444] [bmv2] [T] [thread 107767] [71.0] [cxt 0] switch.p4(97) Primitive hdr.ethernet.srcAddr = hdr.ethernet.dstAddr
[09:19:46.444] [bmv2] [T] [thread 107767] [71.0] [cxt 0] switch.p4(98) Primitive hdr.ethernet.dstAddr = dstAddr
[09:19:46.444] [bmv2] [T] [thread 107767] [71.0] [cxt 0] switch.p4(99) Primitive hdr.ipv4.ttl = hdr.ipv4.ttl - 1
[09:19:46.444] [bmv2] [D] [thread 107767] [71.0] [cxt 0] Pipeline 'ingress': end
[09:19:46.444] [bmv2] [D] [thread 107767] [71.0] [cxt 0] Egress port is 2
[09:19:46.444] [bmv2] [D] [thread 107770] [71.0] [cxt 0] Pipeline 'egress': start
[09:19:46.444] [bmv2] [D] [thread 107770] [71.0] [cxt 0] Pipeline 'egress': end
[09:19:46.444] [bmv2] [D] [thread 107770] [71.0] [cxt 0] Deparser 'deparser': start
[09:19:46.444] [bmv2] [D] [thread 107770] [71.0] [cxt 0] Updating checksum 'cksum'
[09:19:46.444] [bmv2] [D] [thread 107770] [71.0] [cxt 0] Deparsing header 'ethernet'
[09:19:46.444] [bmv2] [D] [thread 107770] [71.0] [cxt 0] Deparsing header 'ipv4'
[09:19:46.444] [bmv2] [D] [thread 107770] [71.0] [cxt 0] Deparser 'deparser': end
[09:19:46.444] [bmv2] [D] [thread 107772] [71.0] [cxt 0] Transmitting packet of size 48 out of port 2
[09:19:46.452] [bmv2] [D] [thread 107767] [72.0] [cxt 0] Processing packet received on port 2
[09:19:46.452] [bmv2] [D] [thread 107767] [72.0] [cxt 0] Parser 'parser': start
[09:19:46.452] [bmv2] [D] [thread 107767] [72.0] [cxt 0] Parser 'parser' entering state 'start'
[09:19:46.452] [bmv2] [D] [thread 107767] [72.0] [cxt 0] Extracting header 'ethernet'
[09:19:46.452] [bmv2] [D] [thread 107767] [72.0] [cxt 0] Parser state 'start': key is 0800
[09:19:46.452] [bmv2] [T] [thread 107767] [72.0] [cxt 0] Bytes parsed: 14
[09:19:46.452] [bmv2] [D] [thread 107767] [72.0] [cxt 0] Parser 'parser' entering state 'parse_ipv4'
[09:19:46.452] [bmv2] [D] [thread 107767] [72.0] [cxt 0] Extracting header 'ipv4'
[09:19:46.452] [bmv2] [D] [thread 107767] [72.0] [cxt 0] Parser state 'parse_ipv4' has no switch, going to default next state
[09:19:46.452] [bmv2] [T] [thread 107767] [72.0] [cxt 0] Bytes parsed: 34
[09:19:46.452] [bmv2] [D] [thread 107767] [72.0] [cxt 0] Parser 'parser': end
[09:19:46.452] [bmv2] [D] [thread 107767] [72.0] [cxt 0] Pipeline 'ingress': start
[09:19:46.452] [bmv2] [T] [thread 107767] [72.0] [cxt 0] switch.p4(116) Condition "hdr.ipv4.isValid()" (node_2) is true
[09:19:46.452] [bmv2] [T] [thread 107767] [72.0] [cxt 0] Applying table 'MyIngress.ipv4_lpm'
[09:19:46.452] [bmv2] [D] [thread 107767] [72.0] [cxt 0] Looking up key:
* hdr.ipv4.dstAddr    : 0a000101

[09:19:46.452] [bmv2] [D] [thread 107767] [72.0] [cxt 0] Table 'MyIngress.ipv4_lpm': hit with handle 0
[09:19:46.452] [bmv2] [D] [thread 107767] [72.0] [cxt 0] Dumping entry 0
Match key:
* hdr.ipv4.dstAddr    : LPM       0a000101/32
Action entry: MyIngress.ipv4_forward - 80000000111,1,

[09:19:46.452] [bmv2] [D] [thread 107767] [72.0] [cxt 0] Action entry is MyIngress.ipv4_forward - 80000000111,1,
[09:19:46.452] [bmv2] [T] [thread 107767] [72.0] [cxt 0] Action MyIngress.ipv4_forward
[09:19:46.452] [bmv2] [T] [thread 107767] [72.0] [cxt 0] switch.p4(96) Primitive standard_metadata.egress_spec = port
[09:19:46.452] [bmv2] [T] [thread 107767] [72.0] [cxt 0] switch.p4(97) Primitive hdr.ethernet.srcAddr = hdr.ethernet.dstAddr
[09:19:46.452] [bmv2] [T] [thread 107767] [72.0] [cxt 0] switch.p4(98) Primitive hdr.ethernet.dstAddr = dstAddr
[09:19:46.452] [bmv2] [T] [thread 107767] [72.0] [cxt 0] switch.p4(99) Primitive hdr.ipv4.ttl = hdr.ipv4.ttl - 1
[09:19:46.452] [bmv2] [D] [thread 107767] [72.0] [cxt 0] Pipeline 'ingress': end
[09:19:46.452] [bmv2] [D] [thread 107767] [72.0] [cxt 0] Egress port is 1
[09:19:46.452] [bmv2] [D] [thread 107769] [72.0] [cxt 0] Pipeline 'egress': start
[09:19:46.452] [bmv2] [D] [thread 107769] [72.0] [cxt 0] Pipeline 'egress': end
[09:19:46.452] [bmv2] [D] [thread 107769] [72.0] [cxt 0] Deparser 'deparser': start
[09:19:46.452] [bmv2] [D] [thread 107769] [72.0] [cxt 0] Updating checksum 'cksum'
[09:19:46.452] [bmv2] [D] [thread 107769] [72.0] [cxt 0] Deparsing header 'ethernet'
[09:19:46.452] [bmv2] [D] [thread 107769] [72.0] [cxt 0] Deparsing header 'ipv4'
[09:19:46.452] [bmv2] [D] [thread 107769] [72.0] [cxt 0] Deparser 'deparser': end
[09:19:46.452] [bmv2] [D] [thread 107772] [72.0] [cxt 0] Transmitting packet of size 76 out of port 1
[09:19:46.468] [bmv2] [D] [thread 107767] [73.0] [cxt 0] Processing packet received on port 2
[09:19:46.468] [bmv2] [D] [thread 107767] [73.0] [cxt 0] Parser 'parser': start
[09:19:46.468] [bmv2] [D] [thread 107767] [73.0] [cxt 0] Parser 'parser' entering state 'start'
[09:19:46.468] [bmv2] [D] [thread 107767] [73.0] [cxt 0] Extracting header 'ethernet'
[09:19:46.468] [bmv2] [D] [thread 107767] [73.0] [cxt 0] Parser state 'start': key is 0800
[09:19:46.468] [bmv2] [T] [thread 107767] [73.0] [cxt 0] Bytes parsed: 14
[09:19:46.468] [bmv2] [D] [thread 107767] [73.0] [cxt 0] Parser 'parser' entering state 'parse_ipv4'
[09:19:46.468] [bmv2] [D] [thread 107767] [73.0] [cxt 0] Extracting header 'ipv4'
[09:19:46.468] [bmv2] [D] [thread 107767] [73.0] [cxt 0] Parser state 'parse_ipv4' has no switch, going to default next state
[09:19:46.468] [bmv2] [T] [thread 107767] [73.0] [cxt 0] Bytes parsed: 34
[09:19:46.468] [bmv2] [D] [thread 107767] [73.0] [cxt 0] Parser 'parser': end
[09:19:46.468] [bmv2] [D] [thread 107767] [73.0] [cxt 0] Pipeline 'ingress': start
[09:19:46.468] [bmv2] [T] [thread 107767] [73.0] [cxt 0] switch.p4(116) Condition "hdr.ipv4.isValid()" (node_2) is true
[09:19:46.468] [bmv2] [T] [thread 107767] [73.0] [cxt 0] Applying table 'MyIngress.ipv4_lpm'
[09:19:46.468] [bmv2] [D] [thread 107767] [73.0] [cxt 0] Looking up key:
* hdr.ipv4.dstAddr    : 0a000101

[09:19:46.468] [bmv2] [D] [thread 107767] [73.0] [cxt 0] Table 'MyIngress.ipv4_lpm': hit with handle 0
[09:19:46.468] [bmv2] [D] [thread 107767] [73.0] [cxt 0] Dumping entry 0
Match key:
* hdr.ipv4.dstAddr    : LPM       0a000101/32
Action entry: MyIngress.ipv4_forward - 80000000111,1,

[09:19:46.468] [bmv2] [D] [thread 107767] [73.0] [cxt 0] Action entry is MyIngress.ipv4_forward - 80000000111,1,
[09:19:46.468] [bmv2] [T] [thread 107767] [73.0] [cxt 0] Action MyIngress.ipv4_forward
[09:19:46.468] [bmv2] [T] [thread 107767] [73.0] [cxt 0] switch.p4(96) Primitive standard_metadata.egress_spec = port
[09:19:46.468] [bmv2] [T] [thread 107767] [73.0] [cxt 0] switch.p4(97) Primitive hdr.ethernet.srcAddr = hdr.ethernet.dstAddr
[09:19:46.468] [bmv2] [T] [thread 107767] [73.0] [cxt 0] switch.p4(98) Primitive hdr.ethernet.dstAddr = dstAddr
[09:19:46.468] [bmv2] [T] [thread 107767] [73.0] [cxt 0] switch.p4(99) Primitive hdr.ipv4.ttl = hdr.ipv4.ttl - 1
[09:19:46.468] [bmv2] [D] [thread 107767] [73.0] [cxt 0] Pipeline 'ingress': end
[09:19:46.468] [bmv2] [D] [thread 107767] [73.0] [cxt 0] Egress port is 1
[09:19:46.468] [bmv2] [D] [thread 107769] [73.0] [cxt 0] Pipeline 'egress': start
[09:19:46.468] [bmv2] [D] [thread 107769] [73.0] [cxt 0] Pipeline 'egress': end
[09:19:46.468] [bmv2] [D] [thread 107769] [73.0] [cxt 0] Deparser 'deparser': start
[09:19:46.468] [bmv2] [D] [thread 107769] [73.0] [cxt 0] Updating checksum 'cksum'
[09:19:46.468] [bmv2] [D] [thread 107769] [73.0] [cxt 0] Deparsing header 'ethernet'
[09:19:46.468] [bmv2] [D] [thread 107769] [73.0] [cxt 0] Deparsing header 'ipv4'
[09:19:46.468] [bmv2] [D] [thread 107769] [73.0] [cxt 0] Deparser 'deparser': end
[09:19:46.468] [bmv2] [D] [thread 107772] [73.0] [cxt 0] Transmitting packet of size 308 out of port 1
[09:19:46.476] [bmv2] [D] [thread 107767] [74.0] [cxt 0] Processing packet received on port 1
[09:19:46.476] [bmv2] [D] [thread 107767] [74.0] [cxt 0] Parser 'parser': start
[09:19:46.476] [bmv2] [D] [thread 107767] [74.0] [cxt 0] Parser 'parser' entering state 'start'
[09:19:46.476] [bmv2] [D] [thread 107767] [74.0] [cxt 0] Extracting header 'ethernet'
[09:19:46.476] [bmv2] [D] [thread 107767] [74.0] [cxt 0] Parser state 'start': key is 0800
[09:19:46.476] [bmv2] [T] [thread 107767] [74.0] [cxt 0] Bytes parsed: 14
[09:19:46.476] [bmv2] [D] [thread 107767] [74.0] [cxt 0] Parser 'parser' entering state 'parse_ipv4'
[09:19:46.476] [bmv2] [D] [thread 107767] [74.0] [cxt 0] Extracting header 'ipv4'
[09:19:46.476] [bmv2] [D] [thread 107767] [74.0] [cxt 0] Parser state 'parse_ipv4' has no switch, going to default next state
[09:19:46.476] [bmv2] [T] [thread 107767] [74.0] [cxt 0] Bytes parsed: 34
[09:19:46.476] [bmv2] [D] [thread 107767] [74.0] [cxt 0] Parser 'parser': end
[09:19:46.476] [bmv2] [D] [thread 107767] [74.0] [cxt 0] Pipeline 'ingress': start
[09:19:46.476] [bmv2] [T] [thread 107767] [74.0] [cxt 0] switch.p4(116) Condition "hdr.ipv4.isValid()" (node_2) is true
[09:19:46.476] [bmv2] [T] [thread 107767] [74.0] [cxt 0] Applying table 'MyIngress.ipv4_lpm'
[09:19:46.476] [bmv2] [D] [thread 107767] [74.0] [cxt 0] Looking up key:
* hdr.ipv4.dstAddr    : 0a000202

[09:19:46.476] [bmv2] [D] [thread 107767] [74.0] [cxt 0] Table 'MyIngress.ipv4_lpm': hit with handle 1
[09:19:46.476] [bmv2] [D] [thread 107767] [74.0] [cxt 0] Dumping entry 1
Match key:
* hdr.ipv4.dstAddr    : LPM       0a000202/32
Action entry: MyIngress.ipv4_forward - 80000000200,2,

[09:19:46.476] [bmv2] [D] [thread 107767] [74.0] [cxt 0] Action entry is MyIngress.ipv4_forward - 80000000200,2,
[09:19:46.476] [bmv2] [T] [thread 107767] [74.0] [cxt 0] Action MyIngress.ipv4_forward
[09:19:46.476] [bmv2] [T] [thread 107767] [74.0] [cxt 0] switch.p4(96) Primitive standard_metadata.egress_spec = port
[09:19:46.476] [bmv2] [T] [thread 107767] [74.0] [cxt 0] switch.p4(97) Primitive hdr.ethernet.srcAddr = hdr.ethernet.dstAddr
[09:19:46.476] [bmv2] [T] [thread 107767] [74.0] [cxt 0] switch.p4(98) Primitive hdr.ethernet.dstAddr = dstAddr
[09:19:46.476] [bmv2] [T] [thread 107767] [74.0] [cxt 0] switch.p4(99) Primitive hdr.ipv4.ttl = hdr.ipv4.ttl - 1
[09:19:46.476] [bmv2] [D] [thread 107767] [74.0] [cxt 0] Pipeline 'ingress': end
[09:19:46.476] [bmv2] [D] [thread 107767] [74.0] [cxt 0] Egress port is 2
[09:19:46.476] [bmv2] [D] [thread 107770] [74.0] [cxt 0] Pipeline 'egress': start
[09:19:46.476] [bmv2] [D] [thread 107770] [74.0] [cxt 0] Pipeline 'egress': end
[09:19:46.476] [bmv2] [D] [thread 107770] [74.0] [cxt 0] Deparser 'deparser': start
[09:19:46.476] [bmv2] [D] [thread 107770] [74.0] [cxt 0] Updating checksum 'cksum'
[09:19:46.476] [bmv2] [D] [thread 107770] [74.0] [cxt 0] Deparsing header 'ethernet'
[09:19:46.476] [bmv2] [D] [thread 107770] [74.0] [cxt 0] Deparsing header 'ipv4'
[09:19:46.476] [bmv2] [D] [thread 107770] [74.0] [cxt 0] Deparser 'deparser': end
[09:19:46.476] [bmv2] [D] [thread 107772] [74.0] [cxt 0] Transmitting packet of size 336 out of port 2
[09:19:47.502] [bmv2] [D] [thread 107767] [75.0] [cxt 0] Processing packet received on port 1
[09:19:47.502] [bmv2] [D] [thread 107767] [75.0] [cxt 0] Parser 'parser': start
[09:19:47.502] [bmv2] [D] [thread 107767] [75.0] [cxt 0] Parser 'parser' entering state 'start'
[09:19:47.502] [bmv2] [D] [thread 107767] [75.0] [cxt 0] Extracting header 'ethernet'
[09:19:47.502] [bmv2] [D] [thread 107767] [75.0] [cxt 0] Parser state 'start': key is 0800
[09:19:47.502] [bmv2] [T] [thread 107767] [75.0] [cxt 0] Bytes parsed: 14
[09:19:47.502] [bmv2] [D] [thread 107767] [75.0] [cxt 0] Parser 'parser' entering state 'parse_ipv4'
[09:19:47.502] [bmv2] [D] [thread 107767] [75.0] [cxt 0] Extracting header 'ipv4'
[09:19:47.502] [bmv2] [D] [thread 107767] [75.0] [cxt 0] Parser state 'parse_ipv4' has no switch, going to default next state
[09:19:47.502] [bmv2] [T] [thread 107767] [75.0] [cxt 0] Bytes parsed: 34
[09:19:47.502] [bmv2] [D] [thread 107767] [75.0] [cxt 0] Parser 'parser': end
[09:19:47.502] [bmv2] [D] [thread 107767] [75.0] [cxt 0] Pipeline 'ingress': start
[09:19:47.502] [bmv2] [T] [thread 107767] [75.0] [cxt 0] switch.p4(116) Condition "hdr.ipv4.isValid()" (node_2) is true
[09:19:47.502] [bmv2] [T] [thread 107767] [75.0] [cxt 0] Applying table 'MyIngress.ipv4_lpm'
[09:19:47.502] [bmv2] [D] [thread 107767] [75.0] [cxt 0] Looking up key:
* hdr.ipv4.dstAddr    : 0a000202

[09:19:47.502] [bmv2] [D] [thread 107767] [75.0] [cxt 0] Table 'MyIngress.ipv4_lpm': hit with handle 1
[09:19:47.502] [bmv2] [D] [thread 107767] [75.0] [cxt 0] Dumping entry 1
Match key:
* hdr.ipv4.dstAddr    : LPM       0a000202/32
Action entry: MyIngress.ipv4_forward - 80000000200,2,

[09:19:47.502] [bmv2] [D] [thread 107767] [75.0] [cxt 0] Action entry is MyIngress.ipv4_forward - 80000000200,2,
[09:19:47.502] [bmv2] [T] [thread 107767] [75.0] [cxt 0] Action MyIngress.ipv4_forward
[09:19:47.502] [bmv2] [T] [thread 107767] [75.0] [cxt 0] switch.p4(96) Primitive standard_metadata.egress_spec = port
[09:19:47.502] [bmv2] [T] [thread 107767] [75.0] [cxt 0] switch.p4(97) Primitive hdr.ethernet.srcAddr = hdr.ethernet.dstAddr
[09:19:47.502] [bmv2] [T] [thread 107767] [75.0] [cxt 0] switch.p4(98) Primitive hdr.ethernet.dstAddr = dstAddr
[09:19:47.502] [bmv2] [T] [thread 107767] [75.0] [cxt 0] switch.p4(99) Primitive hdr.ipv4.ttl = hdr.ipv4.ttl - 1
[09:19:47.502] [bmv2] [D] [thread 107767] [75.0] [cxt 0] Pipeline 'ingress': end
[09:19:47.502] [bmv2] [D] [thread 107767] [75.0] [cxt 0] Egress port is 2
[09:19:47.502] [bmv2] [D] [thread 107770] [75.0] [cxt 0] Pipeline 'egress': start
[09:19:47.502] [bmv2] [D] [thread 107770] [75.0] [cxt 0] Pipeline 'egress': end
[09:19:47.503] [bmv2] [D] [thread 107770] [75.0] [cxt 0] Deparser 'deparser': start
[09:19:47.503] [bmv2] [D] [thread 107770] [75.0] [cxt 0] Updating checksum 'cksum'
[09:19:47.503] [bmv2] [D] [thread 107770] [75.0] [cxt 0] Deparsing header 'ethernet'
[09:19:47.503] [bmv2] [D] [thread 107770] [75.0] [cxt 0] Deparsing header 'ipv4'
[09:19:47.503] [bmv2] [D] [thread 107770] [75.0] [cxt 0] Deparser 'deparser': end
[09:19:47.503] [bmv2] [D] [thread 107772] [75.0] [cxt 0] Transmitting packet of size 48 out of port 2
[09:19:47.504] [bmv2] [D] [thread 107767] [76.0] [cxt 0] Processing packet received on port 2
[09:19:47.504] [bmv2] [D] [thread 107767] [76.0] [cxt 0] Parser 'parser': start
[09:19:47.504] [bmv2] [D] [thread 107767] [76.0] [cxt 0] Parser 'parser' entering state 'start'
[09:19:47.504] [bmv2] [D] [thread 107767] [76.0] [cxt 0] Extracting header 'ethernet'
[09:19:47.504] [bmv2] [D] [thread 107767] [76.0] [cxt 0] Parser state 'start': key is 0800
[09:19:47.504] [bmv2] [T] [thread 107767] [76.0] [cxt 0] Bytes parsed: 14
[09:19:47.504] [bmv2] [D] [thread 107767] [76.0] [cxt 0] Parser 'parser' entering state 'parse_ipv4'
[09:19:47.504] [bmv2] [D] [thread 107767] [76.0] [cxt 0] Extracting header 'ipv4'
[09:19:47.504] [bmv2] [D] [thread 107767] [76.0] [cxt 0] Parser state 'parse_ipv4' has no switch, going to default next state
[09:19:47.504] [bmv2] [T] [thread 107767] [76.0] [cxt 0] Bytes parsed: 34
[09:19:47.504] [bmv2] [D] [thread 107767] [76.0] [cxt 0] Parser 'parser': end
[09:19:47.504] [bmv2] [D] [thread 107767] [76.0] [cxt 0] Pipeline 'ingress': start
[09:19:47.504] [bmv2] [T] [thread 107767] [76.0] [cxt 0] switch.p4(116) Condition "hdr.ipv4.isValid()" (node_2) is true
[09:19:47.504] [bmv2] [T] [thread 107767] [76.0] [cxt 0] Applying table 'MyIngress.ipv4_lpm'
[09:19:47.504] [bmv2] [D] [thread 107767] [76.0] [cxt 0] Looking up key:
* hdr.ipv4.dstAddr    : 0a000101

[09:19:47.504] [bmv2] [D] [thread 107767] [76.0] [cxt 0] Table 'MyIngress.ipv4_lpm': hit with handle 0
[09:19:47.504] [bmv2] [D] [thread 107767] [76.0] [cxt 0] Dumping entry 0
Match key:
* hdr.ipv4.dstAddr    : LPM       0a000101/32
Action entry: MyIngress.ipv4_forward - 80000000111,1,

[09:19:47.504] [bmv2] [D] [thread 107767] [76.0] [cxt 0] Action entry is MyIngress.ipv4_forward - 80000000111,1,
[09:19:47.504] [bmv2] [T] [thread 107767] [76.0] [cxt 0] Action MyIngress.ipv4_forward
[09:19:47.504] [bmv2] [T] [thread 107767] [76.0] [cxt 0] switch.p4(96) Primitive standard_metadata.egress_spec = port
[09:19:47.504] [bmv2] [T] [thread 107767] [76.0] [cxt 0] switch.p4(97) Primitive hdr.ethernet.srcAddr = hdr.ethernet.dstAddr
[09:19:47.504] [bmv2] [T] [thread 107767] [76.0] [cxt 0] switch.p4(98) Primitive hdr.ethernet.dstAddr = dstAddr
[09:19:47.504] [bmv2] [T] [thread 107767] [76.0] [cxt 0] switch.p4(99) Primitive hdr.ipv4.ttl = hdr.ipv4.ttl - 1
[09:19:47.504] [bmv2] [D] [thread 107767] [76.0] [cxt 0] Pipeline 'ingress': end
[09:19:47.504] [bmv2] [D] [thread 107767] [76.0] [cxt 0] Egress port is 1
[09:19:47.509] [bmv2] [D] [thread 107769] [76.0] [cxt 0] Pipeline 'egress': start
[09:19:47.509] [bmv2] [D] [thread 107769] [76.0] [cxt 0] Pipeline 'egress': end
[09:19:47.509] [bmv2] [D] [thread 107769] [76.0] [cxt 0] Deparser 'deparser': start
[09:19:47.509] [bmv2] [D] [thread 107769] [76.0] [cxt 0] Updating checksum 'cksum'
[09:19:47.509] [bmv2] [D] [thread 107769] [76.0] [cxt 0] Deparsing header 'ethernet'
[09:19:47.509] [bmv2] [D] [thread 107769] [76.0] [cxt 0] Deparsing header 'ipv4'
[09:19:47.509] [bmv2] [D] [thread 107769] [76.0] [cxt 0] Deparser 'deparser': end
[09:19:47.509] [bmv2] [D] [thread 107772] [76.0] [cxt 0] Transmitting packet of size 76 out of port 1
[09:19:47.530] [bmv2] [D] [thread 107767] [77.0] [cxt 0] Processing packet received on port 2
[09:19:47.530] [bmv2] [D] [thread 107767] [77.0] [cxt 0] Parser 'parser': start
[09:19:47.530] [bmv2] [D] [thread 107767] [77.0] [cxt 0] Parser 'parser' entering state 'start'
[09:19:47.530] [bmv2] [D] [thread 107767] [77.0] [cxt 0] Extracting header 'ethernet'
[09:19:47.530] [bmv2] [D] [thread 107767] [77.0] [cxt 0] Parser state 'start': key is 0800
[09:19:47.530] [bmv2] [T] [thread 107767] [77.0] [cxt 0] Bytes parsed: 14
[09:19:47.530] [bmv2] [D] [thread 107767] [77.0] [cxt 0] Parser 'parser' entering state 'parse_ipv4'
[09:19:47.530] [bmv2] [D] [thread 107767] [77.0] [cxt 0] Extracting header 'ipv4'
[09:19:47.530] [bmv2] [D] [thread 107767] [77.0] [cxt 0] Parser state 'parse_ipv4' has no switch, going to default next state
[09:19:47.530] [bmv2] [T] [thread 107767] [77.0] [cxt 0] Bytes parsed: 34
[09:19:47.530] [bmv2] [D] [thread 107767] [77.0] [cxt 0] Parser 'parser': end
[09:19:47.530] [bmv2] [D] [thread 107767] [77.0] [cxt 0] Pipeline 'ingress': start
[09:19:47.530] [bmv2] [T] [thread 107767] [77.0] [cxt 0] switch.p4(116) Condition "hdr.ipv4.isValid()" (node_2) is true
[09:19:47.530] [bmv2] [T] [thread 107767] [77.0] [cxt 0] Applying table 'MyIngress.ipv4_lpm'
[09:19:47.530] [bmv2] [D] [thread 107767] [77.0] [cxt 0] Looking up key:
* hdr.ipv4.dstAddr    : 0a000101

[09:19:47.530] [bmv2] [D] [thread 107767] [77.0] [cxt 0] Table 'MyIngress.ipv4_lpm': hit with handle 0
[09:19:47.530] [bmv2] [D] [thread 107767] [77.0] [cxt 0] Dumping entry 0
Match key:
* hdr.ipv4.dstAddr    : LPM       0a000101/32
Action entry: MyIngress.ipv4_forward - 80000000111,1,

[09:19:47.530] [bmv2] [D] [thread 107767] [77.0] [cxt 0] Action entry is MyIngress.ipv4_forward - 80000000111,1,
[09:19:47.530] [bmv2] [T] [thread 107767] [77.0] [cxt 0] Action MyIngress.ipv4_forward
[09:19:47.530] [bmv2] [T] [thread 107767] [77.0] [cxt 0] switch.p4(96) Primitive standard_metadata.egress_spec = port
[09:19:47.530] [bmv2] [T] [thread 107767] [77.0] [cxt 0] switch.p4(97) Primitive hdr.ethernet.srcAddr = hdr.ethernet.dstAddr
[09:19:47.530] [bmv2] [T] [thread 107767] [77.0] [cxt 0] switch.p4(98) Primitive hdr.ethernet.dstAddr = dstAddr
[09:19:47.530] [bmv2] [T] [thread 107767] [77.0] [cxt 0] switch.p4(99) Primitive hdr.ipv4.ttl = hdr.ipv4.ttl - 1
[09:19:47.530] [bmv2] [D] [thread 107767] [77.0] [cxt 0] Pipeline 'ingress': end
[09:19:47.530] [bmv2] [D] [thread 107767] [77.0] [cxt 0] Egress port is 1
[09:19:47.530] [bmv2] [D] [thread 107769] [77.0] [cxt 0] Pipeline 'egress': start
[09:19:47.530] [bmv2] [D] [thread 107769] [77.0] [cxt 0] Pipeline 'egress': end
[09:19:47.530] [bmv2] [D] [thread 107769] [77.0] [cxt 0] Deparser 'deparser': start
[09:19:47.530] [bmv2] [D] [thread 107769] [77.0] [cxt 0] Updating checksum 'cksum'
[09:19:47.530] [bmv2] [D] [thread 107769] [77.0] [cxt 0] Deparsing header 'ethernet'
[09:19:47.530] [bmv2] [D] [thread 107769] [77.0] [cxt 0] Deparsing header 'ipv4'
[09:19:47.530] [bmv2] [D] [thread 107769] [77.0] [cxt 0] Deparser 'deparser': end
[09:19:47.530] [bmv2] [D] [thread 107772] [77.0] [cxt 0] Transmitting packet of size 308 out of port 1
[09:19:47.530] [bmv2] [D] [thread 107767] [78.0] [cxt 0] Processing packet received on port 1
[09:19:47.530] [bmv2] [D] [thread 107767] [78.0] [cxt 0] Parser 'parser': start
[09:19:47.530] [bmv2] [D] [thread 107767] [78.0] [cxt 0] Parser 'parser' entering state 'start'
[09:19:47.530] [bmv2] [D] [thread 107767] [78.0] [cxt 0] Extracting header 'ethernet'
[09:19:47.530] [bmv2] [D] [thread 107767] [78.0] [cxt 0] Parser state 'start': key is 0800
[09:19:47.530] [bmv2] [T] [thread 107767] [78.0] [cxt 0] Bytes parsed: 14
[09:19:47.530] [bmv2] [D] [thread 107767] [78.0] [cxt 0] Parser 'parser' entering state 'parse_ipv4'
[09:19:47.530] [bmv2] [D] [thread 107767] [78.0] [cxt 0] Extracting header 'ipv4'
[09:19:47.530] [bmv2] [D] [thread 107767] [78.0] [cxt 0] Parser state 'parse_ipv4' has no switch, going to default next state
[09:19:47.530] [bmv2] [T] [thread 107767] [78.0] [cxt 0] Bytes parsed: 34
[09:19:47.530] [bmv2] [D] [thread 107767] [78.0] [cxt 0] Parser 'parser': end
[09:19:47.530] [bmv2] [D] [thread 107767] [78.0] [cxt 0] Pipeline 'ingress': start
[09:19:47.530] [bmv2] [T] [thread 107767] [78.0] [cxt 0] switch.p4(116) Condition "hdr.ipv4.isValid()" (node_2) is true
[09:19:47.530] [bmv2] [T] [thread 107767] [78.0] [cxt 0] Applying table 'MyIngress.ipv4_lpm'
[09:19:47.530] [bmv2] [D] [thread 107767] [78.0] [cxt 0] Looking up key:
* hdr.ipv4.dstAddr    : 0a000202

[09:19:47.530] [bmv2] [D] [thread 107767] [78.0] [cxt 0] Table 'MyIngress.ipv4_lpm': hit with handle 1
[09:19:47.530] [bmv2] [D] [thread 107767] [78.0] [cxt 0] Dumping entry 1
Match key:
* hdr.ipv4.dstAddr    : LPM       0a000202/32
Action entry: MyIngress.ipv4_forward - 80000000200,2,

[09:19:47.530] [bmv2] [D] [thread 107767] [78.0] [cxt 0] Action entry is MyIngress.ipv4_forward - 80000000200,2,
[09:19:47.530] [bmv2] [T] [thread 107767] [78.0] [cxt 0] Action MyIngress.ipv4_forward
[09:19:47.530] [bmv2] [T] [thread 107767] [78.0] [cxt 0] switch.p4(96) Primitive standard_metadata.egress_spec = port
[09:19:47.530] [bmv2] [T] [thread 107767] [78.0] [cxt 0] switch.p4(97) Primitive hdr.ethernet.srcAddr = hdr.ethernet.dstAddr
[09:19:47.530] [bmv2] [T] [thread 107767] [78.0] [cxt 0] switch.p4(98) Primitive hdr.ethernet.dstAddr = dstAddr
[09:19:47.530] [bmv2] [T] [thread 107767] [78.0] [cxt 0] switch.p4(99) Primitive hdr.ipv4.ttl = hdr.ipv4.ttl - 1
[09:19:47.530] [bmv2] [D] [thread 107767] [78.0] [cxt 0] Pipeline 'ingress': end
[09:19:47.530] [bmv2] [D] [thread 107767] [78.0] [cxt 0] Egress port is 2
[09:19:47.530] [bmv2] [D] [thread 107770] [78.0] [cxt 0] Pipeline 'egress': start
[09:19:47.530] [bmv2] [D] [thread 107770] [78.0] [cxt 0] Pipeline 'egress': end
[09:19:47.530] [bmv2] [D] [thread 107770] [78.0] [cxt 0] Deparser 'deparser': start
[09:19:47.530] [bmv2] [D] [thread 107770] [78.0] [cxt 0] Updating checksum 'cksum'
[09:19:47.530] [bmv2] [D] [thread 107770] [78.0] [cxt 0] Deparsing header 'ethernet'
[09:19:47.530] [bmv2] [D] [thread 107770] [78.0] [cxt 0] Deparsing header 'ipv4'
[09:19:47.530] [bmv2] [D] [thread 107770] [78.0] [cxt 0] Deparser 'deparser': end
[09:19:47.530] [bmv2] [D] [thread 107772] [78.0] [cxt 0] Transmitting packet of size 336 out of port 2
[09:19:47.969] [bmv2] [D] [thread 107767] [79.0] [cxt 0] Processing packet received on port 2
[09:19:47.969] [bmv2] [D] [thread 107767] [79.0] [cxt 0] Parser 'parser': start
[09:19:47.969] [bmv2] [D] [thread 107767] [79.0] [cxt 0] Parser 'parser' entering state 'start'
[09:19:47.969] [bmv2] [D] [thread 107767] [79.0] [cxt 0] Extracting header 'ethernet'
[09:19:47.969] [bmv2] [D] [thread 107767] [79.0] [cxt 0] Parser state 'start': key is 86dd
[09:19:47.969] [bmv2] [T] [thread 107767] [79.0] [cxt 0] Bytes parsed: 14
[09:19:47.969] [bmv2] [D] [thread 107767] [79.0] [cxt 0] Parser 'parser': end
[09:19:47.969] [bmv2] [D] [thread 107767] [79.0] [cxt 0] Pipeline 'ingress': start
[09:19:47.969] [bmv2] [T] [thread 107767] [79.0] [cxt 0] switch.p4(116) Condition "hdr.ipv4.isValid()" (node_2) is false
[09:19:47.969] [bmv2] [D] [thread 107767] [79.0] [cxt 0] Pipeline 'ingress': end
[09:19:47.969] [bmv2] [D] [thread 107767] [79.0] [cxt 0] Egress port is 0
[09:19:47.969] [bmv2] [D] [thread 107768] [79.0] [cxt 0] Pipeline 'egress': start
[09:19:47.969] [bmv2] [D] [thread 107768] [79.0] [cxt 0] Pipeline 'egress': end
[09:19:47.969] [bmv2] [D] [thread 107768] [79.0] [cxt 0] Deparser 'deparser': start
[09:19:47.969] [bmv2] [T] [thread 107768] [79.0] [cxt 0] Skipping checksum 'cksum' update because condition not met
[09:19:47.969] [bmv2] [D] [thread 107768] [79.0] [cxt 0] Deparsing header 'ethernet'
[09:19:47.969] [bmv2] [D] [thread 107768] [79.0] [cxt 0] Deparser 'deparser': end
[09:19:47.969] [bmv2] [D] [thread 107772] [79.0] [cxt 0] Transmitting packet of size 70 out of port 0
[09:19:48.493] [bmv2] [D] [thread 107767] [80.0] [cxt 0] Processing packet received on port 1
[09:19:48.493] [bmv2] [D] [thread 107767] [80.0] [cxt 0] Parser 'parser': start
[09:19:48.493] [bmv2] [D] [thread 107767] [80.0] [cxt 0] Parser 'parser' entering state 'start'
[09:19:48.493] [bmv2] [D] [thread 107767] [80.0] [cxt 0] Extracting header 'ethernet'
[09:19:48.493] [bmv2] [D] [thread 107767] [80.0] [cxt 0] Parser state 'start': key is 0800
[09:19:48.493] [bmv2] [T] [thread 107767] [80.0] [cxt 0] Bytes parsed: 14
[09:19:48.493] [bmv2] [D] [thread 107767] [80.0] [cxt 0] Parser 'parser' entering state 'parse_ipv4'
[09:19:48.493] [bmv2] [D] [thread 107767] [80.0] [cxt 0] Extracting header 'ipv4'
[09:19:48.493] [bmv2] [D] [thread 107767] [80.0] [cxt 0] Parser state 'parse_ipv4' has no switch, going to default next state
[09:19:48.493] [bmv2] [T] [thread 107767] [80.0] [cxt 0] Bytes parsed: 34
[09:19:48.493] [bmv2] [D] [thread 107767] [80.0] [cxt 0] Parser 'parser': end
[09:19:48.493] [bmv2] [D] [thread 107767] [80.0] [cxt 0] Pipeline 'ingress': start
[09:19:48.493] [bmv2] [T] [thread 107767] [80.0] [cxt 0] switch.p4(116) Condition "hdr.ipv4.isValid()" (node_2) is true
[09:19:48.493] [bmv2] [T] [thread 107767] [80.0] [cxt 0] Applying table 'MyIngress.ipv4_lpm'
[09:19:48.493] [bmv2] [D] [thread 107767] [80.0] [cxt 0] Looking up key:
* hdr.ipv4.dstAddr    : 0a000202

[09:19:48.493] [bmv2] [D] [thread 107767] [80.0] [cxt 0] Table 'MyIngress.ipv4_lpm': hit with handle 1
[09:19:48.493] [bmv2] [D] [thread 107767] [80.0] [cxt 0] Dumping entry 1
Match key:
* hdr.ipv4.dstAddr    : LPM       0a000202/32
Action entry: MyIngress.ipv4_forward - 80000000200,2,

[09:19:48.493] [bmv2] [D] [thread 107767] [80.0] [cxt 0] Action entry is MyIngress.ipv4_forward - 80000000200,2,
[09:19:48.493] [bmv2] [T] [thread 107767] [80.0] [cxt 0] Action MyIngress.ipv4_forward
[09:19:48.493] [bmv2] [T] [thread 107767] [80.0] [cxt 0] switch.p4(96) Primitive standard_metadata.egress_spec = port
[09:19:48.493] [bmv2] [T] [thread 107767] [80.0] [cxt 0] switch.p4(97) Primitive hdr.ethernet.srcAddr = hdr.ethernet.dstAddr
[09:19:48.493] [bmv2] [T] [thread 107767] [80.0] [cxt 0] switch.p4(98) Primitive hdr.ethernet.dstAddr = dstAddr
[09:19:48.493] [bmv2] [T] [thread 107767] [80.0] [cxt 0] switch.p4(99) Primitive hdr.ipv4.ttl = hdr.ipv4.ttl - 1
[09:19:48.493] [bmv2] [D] [thread 107767] [80.0] [cxt 0] Pipeline 'ingress': end
[09:19:48.493] [bmv2] [D] [thread 107767] [80.0] [cxt 0] Egress port is 2
[09:19:48.493] [bmv2] [D] [thread 107770] [80.0] [cxt 0] Pipeline 'egress': start
[09:19:48.493] [bmv2] [D] [thread 107770] [80.0] [cxt 0] Pipeline 'egress': end
[09:19:48.493] [bmv2] [D] [thread 107770] [80.0] [cxt 0] Deparser 'deparser': start
[09:19:48.493] [bmv2] [D] [thread 107770] [80.0] [cxt 0] Updating checksum 'cksum'
[09:19:48.493] [bmv2] [D] [thread 107770] [80.0] [cxt 0] Deparsing header 'ethernet'
[09:19:48.493] [bmv2] [D] [thread 107770] [80.0] [cxt 0] Deparsing header 'ipv4'
[09:19:48.493] [bmv2] [D] [thread 107770] [80.0] [cxt 0] Deparser 'deparser': end
[09:19:48.493] [bmv2] [D] [thread 107772] [80.0] [cxt 0] Transmitting packet of size 48 out of port 2
[09:19:48.504] [bmv2] [D] [thread 107767] [81.0] [cxt 0] Processing packet received on port 2
[09:19:48.504] [bmv2] [D] [thread 107767] [81.0] [cxt 0] Parser 'parser': start
[09:19:48.504] [bmv2] [D] [thread 107767] [81.0] [cxt 0] Parser 'parser' entering state 'start'
[09:19:48.504] [bmv2] [D] [thread 107767] [81.0] [cxt 0] Extracting header 'ethernet'
[09:19:48.504] [bmv2] [D] [thread 107767] [81.0] [cxt 0] Parser state 'start': key is 0800
[09:19:48.504] [bmv2] [T] [thread 107767] [81.0] [cxt 0] Bytes parsed: 14
[09:19:48.504] [bmv2] [D] [thread 107767] [81.0] [cxt 0] Parser 'parser' entering state 'parse_ipv4'
[09:19:48.504] [bmv2] [D] [thread 107767] [81.0] [cxt 0] Extracting header 'ipv4'
[09:19:48.504] [bmv2] [D] [thread 107767] [81.0] [cxt 0] Parser state 'parse_ipv4' has no switch, going to default next state
[09:19:48.504] [bmv2] [T] [thread 107767] [81.0] [cxt 0] Bytes parsed: 34
[09:19:48.504] [bmv2] [D] [thread 107767] [81.0] [cxt 0] Parser 'parser': end
[09:19:48.504] [bmv2] [D] [thread 107767] [81.0] [cxt 0] Pipeline 'ingress': start
[09:19:48.504] [bmv2] [T] [thread 107767] [81.0] [cxt 0] switch.p4(116) Condition "hdr.ipv4.isValid()" (node_2) is true
[09:19:48.504] [bmv2] [T] [thread 107767] [81.0] [cxt 0] Applying table 'MyIngress.ipv4_lpm'
[09:19:48.504] [bmv2] [D] [thread 107767] [81.0] [cxt 0] Looking up key:
* hdr.ipv4.dstAddr    : 0a000101

[09:19:48.504] [bmv2] [D] [thread 107767] [81.0] [cxt 0] Table 'MyIngress.ipv4_lpm': hit with handle 0
[09:19:48.504] [bmv2] [D] [thread 107767] [81.0] [cxt 0] Dumping entry 0
Match key:
* hdr.ipv4.dstAddr    : LPM       0a000101/32
Action entry: MyIngress.ipv4_forward - 80000000111,1,

[09:19:48.504] [bmv2] [D] [thread 107767] [81.0] [cxt 0] Action entry is MyIngress.ipv4_forward - 80000000111,1,
[09:19:48.504] [bmv2] [T] [thread 107767] [81.0] [cxt 0] Action MyIngress.ipv4_forward
[09:19:48.504] [bmv2] [T] [thread 107767] [81.0] [cxt 0] switch.p4(96) Primitive standard_metadata.egress_spec = port
[09:19:48.504] [bmv2] [T] [thread 107767] [81.0] [cxt 0] switch.p4(97) Primitive hdr.ethernet.srcAddr = hdr.ethernet.dstAddr
[09:19:48.504] [bmv2] [T] [thread 107767] [81.0] [cxt 0] switch.p4(98) Primitive hdr.ethernet.dstAddr = dstAddr
[09:19:48.504] [bmv2] [T] [thread 107767] [81.0] [cxt 0] switch.p4(99) Primitive hdr.ipv4.ttl = hdr.ipv4.ttl - 1
[09:19:48.504] [bmv2] [D] [thread 107767] [81.0] [cxt 0] Pipeline 'ingress': end
[09:19:48.504] [bmv2] [D] [thread 107767] [81.0] [cxt 0] Egress port is 1
[09:19:48.505] [bmv2] [D] [thread 107769] [81.0] [cxt 0] Pipeline 'egress': start
[09:19:48.505] [bmv2] [D] [thread 107769] [81.0] [cxt 0] Pipeline 'egress': end
[09:19:48.505] [bmv2] [D] [thread 107769] [81.0] [cxt 0] Deparser 'deparser': start
[09:19:48.505] [bmv2] [D] [thread 107769] [81.0] [cxt 0] Updating checksum 'cksum'
[09:19:48.505] [bmv2] [D] [thread 107769] [81.0] [cxt 0] Deparsing header 'ethernet'
[09:19:48.505] [bmv2] [D] [thread 107769] [81.0] [cxt 0] Deparsing header 'ipv4'
[09:19:48.505] [bmv2] [D] [thread 107769] [81.0] [cxt 0] Deparser 'deparser': end
[09:19:48.507] [bmv2] [D] [thread 107772] [81.0] [cxt 0] Transmitting packet of size 76 out of port 1
[09:19:48.509] [bmv2] [D] [thread 107767] [82.0] [cxt 0] Processing packet received on port 2
[09:19:48.509] [bmv2] [D] [thread 107767] [82.0] [cxt 0] Parser 'parser': start
[09:19:48.509] [bmv2] [D] [thread 107767] [82.0] [cxt 0] Parser 'parser' entering state 'start'
[09:19:48.509] [bmv2] [D] [thread 107767] [82.0] [cxt 0] Extracting header 'ethernet'
[09:19:48.509] [bmv2] [D] [thread 107767] [82.0] [cxt 0] Parser state 'start': key is 0800
[09:19:48.509] [bmv2] [T] [thread 107767] [82.0] [cxt 0] Bytes parsed: 14
[09:19:48.509] [bmv2] [D] [thread 107767] [82.0] [cxt 0] Parser 'parser' entering state 'parse_ipv4'
[09:19:48.509] [bmv2] [D] [thread 107767] [82.0] [cxt 0] Extracting header 'ipv4'
[09:19:48.509] [bmv2] [D] [thread 107767] [82.0] [cxt 0] Parser state 'parse_ipv4' has no switch, going to default next state
[09:19:48.509] [bmv2] [T] [thread 107767] [82.0] [cxt 0] Bytes parsed: 34
[09:19:48.509] [bmv2] [D] [thread 107767] [82.0] [cxt 0] Parser 'parser': end
[09:19:48.509] [bmv2] [D] [thread 107767] [82.0] [cxt 0] Pipeline 'ingress': start
[09:19:48.509] [bmv2] [T] [thread 107767] [82.0] [cxt 0] switch.p4(116) Condition "hdr.ipv4.isValid()" (node_2) is true
[09:19:48.509] [bmv2] [T] [thread 107767] [82.0] [cxt 0] Applying table 'MyIngress.ipv4_lpm'
[09:19:48.509] [bmv2] [D] [thread 107767] [82.0] [cxt 0] Looking up key:
* hdr.ipv4.dstAddr    : 0a000101

[09:19:48.509] [bmv2] [D] [thread 107767] [82.0] [cxt 0] Table 'MyIngress.ipv4_lpm': hit with handle 0
[09:19:48.509] [bmv2] [D] [thread 107767] [82.0] [cxt 0] Dumping entry 0
Match key:
* hdr.ipv4.dstAddr    : LPM       0a000101/32
Action entry: MyIngress.ipv4_forward - 80000000111,1,

[09:19:48.509] [bmv2] [D] [thread 107767] [82.0] [cxt 0] Action entry is MyIngress.ipv4_forward - 80000000111,1,
[09:19:48.509] [bmv2] [T] [thread 107767] [82.0] [cxt 0] Action MyIngress.ipv4_forward
[09:19:48.509] [bmv2] [T] [thread 107767] [82.0] [cxt 0] switch.p4(96) Primitive standard_metadata.egress_spec = port
[09:19:48.509] [bmv2] [T] [thread 107767] [82.0] [cxt 0] switch.p4(97) Primitive hdr.ethernet.srcAddr = hdr.ethernet.dstAddr
[09:19:48.509] [bmv2] [T] [thread 107767] [82.0] [cxt 0] switch.p4(98) Primitive hdr.ethernet.dstAddr = dstAddr
[09:19:48.509] [bmv2] [T] [thread 107767] [82.0] [cxt 0] switch.p4(99) Primitive hdr.ipv4.ttl = hdr.ipv4.ttl - 1
[09:19:48.509] [bmv2] [D] [thread 107767] [82.0] [cxt 0] Pipeline 'ingress': end
[09:19:48.509] [bmv2] [D] [thread 107767] [82.0] [cxt 0] Egress port is 1
[09:19:48.509] [bmv2] [D] [thread 107769] [82.0] [cxt 0] Pipeline 'egress': start
[09:19:48.509] [bmv2] [D] [thread 107769] [82.0] [cxt 0] Pipeline 'egress': end
[09:19:48.509] [bmv2] [D] [thread 107769] [82.0] [cxt 0] Deparser 'deparser': start
[09:19:48.509] [bmv2] [D] [thread 107769] [82.0] [cxt 0] Updating checksum 'cksum'
[09:19:48.509] [bmv2] [D] [thread 107769] [82.0] [cxt 0] Deparsing header 'ethernet'
[09:19:48.509] [bmv2] [D] [thread 107769] [82.0] [cxt 0] Deparsing header 'ipv4'
[09:19:48.509] [bmv2] [D] [thread 107769] [82.0] [cxt 0] Deparser 'deparser': end
[09:19:48.509] [bmv2] [D] [thread 107772] [82.0] [cxt 0] Transmitting packet of size 308 out of port 1
[09:19:48.513] [bmv2] [D] [thread 107767] [83.0] [cxt 0] Processing packet received on port 1
[09:19:48.513] [bmv2] [D] [thread 107767] [83.0] [cxt 0] Parser 'parser': start
[09:19:48.513] [bmv2] [D] [thread 107767] [83.0] [cxt 0] Parser 'parser' entering state 'start'
[09:19:48.513] [bmv2] [D] [thread 107767] [83.0] [cxt 0] Extracting header 'ethernet'
[09:19:48.513] [bmv2] [D] [thread 107767] [83.0] [cxt 0] Parser state 'start': key is 0800
[09:19:48.513] [bmv2] [T] [thread 107767] [83.0] [cxt 0] Bytes parsed: 14
[09:19:48.513] [bmv2] [D] [thread 107767] [83.0] [cxt 0] Parser 'parser' entering state 'parse_ipv4'
[09:19:48.513] [bmv2] [D] [thread 107767] [83.0] [cxt 0] Extracting header 'ipv4'
[09:19:48.513] [bmv2] [D] [thread 107767] [83.0] [cxt 0] Parser state 'parse_ipv4' has no switch, going to default next state
[09:19:48.513] [bmv2] [T] [thread 107767] [83.0] [cxt 0] Bytes parsed: 34
[09:19:48.513] [bmv2] [D] [thread 107767] [83.0] [cxt 0] Parser 'parser': end
[09:19:48.513] [bmv2] [D] [thread 107767] [83.0] [cxt 0] Pipeline 'ingress': start
[09:19:48.513] [bmv2] [T] [thread 107767] [83.0] [cxt 0] switch.p4(116) Condition "hdr.ipv4.isValid()" (node_2) is true
[09:19:48.513] [bmv2] [T] [thread 107767] [83.0] [cxt 0] Applying table 'MyIngress.ipv4_lpm'
[09:19:48.513] [bmv2] [D] [thread 107767] [83.0] [cxt 0] Looking up key:
* hdr.ipv4.dstAddr    : 0a000202

[09:19:48.513] [bmv2] [D] [thread 107767] [83.0] [cxt 0] Table 'MyIngress.ipv4_lpm': hit with handle 1
[09:19:48.513] [bmv2] [D] [thread 107767] [83.0] [cxt 0] Dumping entry 1
Match key:
* hdr.ipv4.dstAddr    : LPM       0a000202/32
Action entry: MyIngress.ipv4_forward - 80000000200,2,

[09:19:48.513] [bmv2] [D] [thread 107767] [83.0] [cxt 0] Action entry is MyIngress.ipv4_forward - 80000000200,2,
[09:19:48.513] [bmv2] [T] [thread 107767] [83.0] [cxt 0] Action MyIngress.ipv4_forward
[09:19:48.513] [bmv2] [T] [thread 107767] [83.0] [cxt 0] switch.p4(96) Primitive standard_metadata.egress_spec = port
[09:19:48.513] [bmv2] [T] [thread 107767] [83.0] [cxt 0] switch.p4(97) Primitive hdr.ethernet.srcAddr = hdr.ethernet.dstAddr
[09:19:48.513] [bmv2] [T] [thread 107767] [83.0] [cxt 0] switch.p4(98) Primitive hdr.ethernet.dstAddr = dstAddr
[09:19:48.513] [bmv2] [T] [thread 107767] [83.0] [cxt 0] switch.p4(99) Primitive hdr.ipv4.ttl = hdr.ipv4.ttl - 1
[09:19:48.513] [bmv2] [D] [thread 107767] [83.0] [cxt 0] Pipeline 'ingress': end
[09:19:48.513] [bmv2] [D] [thread 107767] [83.0] [cxt 0] Egress port is 2
[09:19:48.513] [bmv2] [D] [thread 107770] [83.0] [cxt 0] Pipeline 'egress': start
[09:19:48.513] [bmv2] [D] [thread 107770] [83.0] [cxt 0] Pipeline 'egress': end
[09:19:48.513] [bmv2] [D] [thread 107770] [83.0] [cxt 0] Deparser 'deparser': start
[09:19:48.513] [bmv2] [D] [thread 107770] [83.0] [cxt 0] Updating checksum 'cksum'
[09:19:48.513] [bmv2] [D] [thread 107770] [83.0] [cxt 0] Deparsing header 'ethernet'
[09:19:48.513] [bmv2] [D] [thread 107770] [83.0] [cxt 0] Deparsing header 'ipv4'
[09:19:48.513] [bmv2] [D] [thread 107770] [83.0] [cxt 0] Deparser 'deparser': end
[09:19:48.513] [bmv2] [D] [thread 107772] [83.0] [cxt 0] Transmitting packet of size 336 out of port 2
[09:19:48.997] [bmv2] [D] [thread 107767] [84.0] [cxt 0] Processing packet received on port 2
[09:19:48.997] [bmv2] [D] [thread 107767] [84.0] [cxt 0] Parser 'parser': start
[09:19:48.997] [bmv2] [D] [thread 107767] [84.0] [cxt 0] Parser 'parser' entering state 'start'
[09:19:48.997] [bmv2] [D] [thread 107767] [84.0] [cxt 0] Extracting header 'ethernet'
[09:19:48.998] [bmv2] [D] [thread 107767] [84.0] [cxt 0] Parser state 'start': key is 86dd
[09:19:48.998] [bmv2] [T] [thread 107767] [84.0] [cxt 0] Bytes parsed: 14
[09:19:48.998] [bmv2] [D] [thread 107767] [84.0] [cxt 0] Parser 'parser': end
[09:19:48.998] [bmv2] [D] [thread 107767] [84.0] [cxt 0] Pipeline 'ingress': start
[09:19:48.998] [bmv2] [T] [thread 107767] [84.0] [cxt 0] switch.p4(116) Condition "hdr.ipv4.isValid()" (node_2) is false
[09:19:48.998] [bmv2] [D] [thread 107767] [84.0] [cxt 0] Pipeline 'ingress': end
[09:19:48.998] [bmv2] [D] [thread 107767] [84.0] [cxt 0] Egress port is 0
[09:19:48.998] [bmv2] [D] [thread 107768] [84.0] [cxt 0] Pipeline 'egress': start
[09:19:48.998] [bmv2] [D] [thread 107768] [84.0] [cxt 0] Pipeline 'egress': end
[09:19:48.998] [bmv2] [D] [thread 107768] [84.0] [cxt 0] Deparser 'deparser': start
[09:19:48.998] [bmv2] [T] [thread 107768] [84.0] [cxt 0] Skipping checksum 'cksum' update because condition not met
[09:19:48.998] [bmv2] [D] [thread 107768] [84.0] [cxt 0] Deparsing header 'ethernet'
[09:19:48.998] [bmv2] [D] [thread 107768] [84.0] [cxt 0] Deparser 'deparser': end
[09:19:48.998] [bmv2] [D] [thread 107772] [84.0] [cxt 0] Transmitting packet of size 70 out of port 0
[09:19:49.496] [bmv2] [D] [thread 107767] [85.0] [cxt 0] Processing packet received on port 1
[09:19:49.496] [bmv2] [D] [thread 107767] [85.0] [cxt 0] Parser 'parser': start
[09:19:49.496] [bmv2] [D] [thread 107767] [85.0] [cxt 0] Parser 'parser' entering state 'start'
[09:19:49.496] [bmv2] [D] [thread 107767] [85.0] [cxt 0] Extracting header 'ethernet'
[09:19:49.496] [bmv2] [D] [thread 107767] [85.0] [cxt 0] Parser state 'start': key is 86dd
[09:19:49.496] [bmv2] [T] [thread 107767] [85.0] [cxt 0] Bytes parsed: 14
[09:19:49.496] [bmv2] [D] [thread 107767] [85.0] [cxt 0] Parser 'parser': end
[09:19:49.496] [bmv2] [D] [thread 107767] [85.0] [cxt 0] Pipeline 'ingress': start
[09:19:49.496] [bmv2] [T] [thread 107767] [85.0] [cxt 0] switch.p4(116) Condition "hdr.ipv4.isValid()" (node_2) is false
[09:19:49.496] [bmv2] [D] [thread 107767] [85.0] [cxt 0] Pipeline 'ingress': end
[09:19:49.496] [bmv2] [D] [thread 107767] [85.0] [cxt 0] Egress port is 0
[09:19:49.497] [bmv2] [D] [thread 107768] [85.0] [cxt 0] Pipeline 'egress': start
[09:19:49.497] [bmv2] [D] [thread 107768] [85.0] [cxt 0] Pipeline 'egress': end
[09:19:49.497] [bmv2] [D] [thread 107768] [85.0] [cxt 0] Deparser 'deparser': start
[09:19:49.497] [bmv2] [T] [thread 107768] [85.0] [cxt 0] Skipping checksum 'cksum' update because condition not met
[09:19:49.497] [bmv2] [D] [thread 107768] [85.0] [cxt 0] Deparsing header 'ethernet'
[09:19:49.497] [bmv2] [D] [thread 107768] [85.0] [cxt 0] Deparser 'deparser': end
[09:19:49.497] [bmv2] [D] [thread 107772] [85.0] [cxt 0] Transmitting packet of size 70 out of port 0
[09:19:49.581] [bmv2] [D] [thread 107767] [86.0] [cxt 0] Processing packet received on port 1
[09:19:49.581] [bmv2] [D] [thread 107767] [86.0] [cxt 0] Parser 'parser': start
[09:19:49.581] [bmv2] [D] [thread 107767] [86.0] [cxt 0] Parser 'parser' entering state 'start'
[09:19:49.581] [bmv2] [D] [thread 107767] [86.0] [cxt 0] Extracting header 'ethernet'
[09:19:49.581] [bmv2] [D] [thread 107767] [86.0] [cxt 0] Parser state 'start': key is 0800
[09:19:49.581] [bmv2] [T] [thread 107767] [86.0] [cxt 0] Bytes parsed: 14
[09:19:49.581] [bmv2] [D] [thread 107767] [86.0] [cxt 0] Parser 'parser' entering state 'parse_ipv4'
[09:19:49.581] [bmv2] [D] [thread 107767] [86.0] [cxt 0] Extracting header 'ipv4'
[09:19:49.581] [bmv2] [D] [thread 107767] [86.0] [cxt 0] Parser state 'parse_ipv4' has no switch, going to default next state
[09:19:49.581] [bmv2] [T] [thread 107767] [86.0] [cxt 0] Bytes parsed: 34
[09:19:49.581] [bmv2] [D] [thread 107767] [86.0] [cxt 0] Parser 'parser': end
[09:19:49.581] [bmv2] [D] [thread 107767] [86.0] [cxt 0] Pipeline 'ingress': start
[09:19:49.581] [bmv2] [T] [thread 107767] [86.0] [cxt 0] switch.p4(116) Condition "hdr.ipv4.isValid()" (node_2) is true
[09:19:49.581] [bmv2] [T] [thread 107767] [86.0] [cxt 0] Applying table 'MyIngress.ipv4_lpm'
[09:19:49.581] [bmv2] [D] [thread 107767] [86.0] [cxt 0] Looking up key:
* hdr.ipv4.dstAddr    : 0a000202

[09:19:49.581] [bmv2] [D] [thread 107767] [86.0] [cxt 0] Table 'MyIngress.ipv4_lpm': hit with handle 1
[09:19:49.581] [bmv2] [D] [thread 107767] [86.0] [cxt 0] Dumping entry 1
Match key:
* hdr.ipv4.dstAddr    : LPM       0a000202/32
Action entry: MyIngress.ipv4_forward - 80000000200,2,

[09:19:49.581] [bmv2] [D] [thread 107767] [86.0] [cxt 0] Action entry is MyIngress.ipv4_forward - 80000000200,2,
[09:19:49.581] [bmv2] [T] [thread 107767] [86.0] [cxt 0] Action MyIngress.ipv4_forward
[09:19:49.581] [bmv2] [T] [thread 107767] [86.0] [cxt 0] switch.p4(96) Primitive standard_metadata.egress_spec = port
[09:19:49.581] [bmv2] [T] [thread 107767] [86.0] [cxt 0] switch.p4(97) Primitive hdr.ethernet.srcAddr = hdr.ethernet.dstAddr
[09:19:49.581] [bmv2] [T] [thread 107767] [86.0] [cxt 0] switch.p4(98) Primitive hdr.ethernet.dstAddr = dstAddr
[09:19:49.581] [bmv2] [T] [thread 107767] [86.0] [cxt 0] switch.p4(99) Primitive hdr.ipv4.ttl = hdr.ipv4.ttl - 1
[09:19:49.581] [bmv2] [D] [thread 107767] [86.0] [cxt 0] Pipeline 'ingress': end
[09:19:49.581] [bmv2] [D] [thread 107767] [86.0] [cxt 0] Egress port is 2
[09:19:49.581] [bmv2] [D] [thread 107770] [86.0] [cxt 0] Pipeline 'egress': start
[09:19:49.581] [bmv2] [D] [thread 107770] [86.0] [cxt 0] Pipeline 'egress': end
[09:19:49.581] [bmv2] [D] [thread 107770] [86.0] [cxt 0] Deparser 'deparser': start
[09:19:49.581] [bmv2] [D] [thread 107770] [86.0] [cxt 0] Updating checksum 'cksum'
[09:19:49.581] [bmv2] [D] [thread 107770] [86.0] [cxt 0] Deparsing header 'ethernet'
[09:19:49.581] [bmv2] [D] [thread 107770] [86.0] [cxt 0] Deparsing header 'ipv4'
[09:19:49.581] [bmv2] [D] [thread 107770] [86.0] [cxt 0] Deparser 'deparser': end
[09:19:49.581] [bmv2] [D] [thread 107772] [86.0] [cxt 0] Transmitting packet of size 48 out of port 2
[09:19:49.585] [bmv2] [D] [thread 107767] [87.0] [cxt 0] Processing packet received on port 2
[09:19:49.585] [bmv2] [D] [thread 107767] [87.0] [cxt 0] Parser 'parser': start
[09:19:49.585] [bmv2] [D] [thread 107767] [87.0] [cxt 0] Parser 'parser' entering state 'start'
[09:19:49.585] [bmv2] [D] [thread 107767] [87.0] [cxt 0] Extracting header 'ethernet'
[09:19:49.585] [bmv2] [D] [thread 107767] [87.0] [cxt 0] Parser state 'start': key is 0800
[09:19:49.585] [bmv2] [T] [thread 107767] [87.0] [cxt 0] Bytes parsed: 14
[09:19:49.585] [bmv2] [D] [thread 107767] [87.0] [cxt 0] Parser 'parser' entering state 'parse_ipv4'
[09:19:49.585] [bmv2] [D] [thread 107767] [87.0] [cxt 0] Extracting header 'ipv4'
[09:19:49.585] [bmv2] [D] [thread 107767] [87.0] [cxt 0] Parser state 'parse_ipv4' has no switch, going to default next state
[09:19:49.585] [bmv2] [T] [thread 107767] [87.0] [cxt 0] Bytes parsed: 34
[09:19:49.585] [bmv2] [D] [thread 107767] [87.0] [cxt 0] Parser 'parser': end
[09:19:49.585] [bmv2] [D] [thread 107767] [87.0] [cxt 0] Pipeline 'ingress': start
[09:19:49.585] [bmv2] [T] [thread 107767] [87.0] [cxt 0] switch.p4(116) Condition "hdr.ipv4.isValid()" (node_2) is true
[09:19:49.585] [bmv2] [T] [thread 107767] [87.0] [cxt 0] Applying table 'MyIngress.ipv4_lpm'
[09:19:49.585] [bmv2] [D] [thread 107767] [87.0] [cxt 0] Looking up key:
* hdr.ipv4.dstAddr    : 0a000101

[09:19:49.585] [bmv2] [D] [thread 107767] [87.0] [cxt 0] Table 'MyIngress.ipv4_lpm': hit with handle 0
[09:19:49.585] [bmv2] [D] [thread 107767] [87.0] [cxt 0] Dumping entry 0
Match key:
* hdr.ipv4.dstAddr    : LPM       0a000101/32
Action entry: MyIngress.ipv4_forward - 80000000111,1,

[09:19:49.585] [bmv2] [D] [thread 107767] [87.0] [cxt 0] Action entry is MyIngress.ipv4_forward - 80000000111,1,
[09:19:49.585] [bmv2] [T] [thread 107767] [87.0] [cxt 0] Action MyIngress.ipv4_forward
[09:19:49.585] [bmv2] [T] [thread 107767] [87.0] [cxt 0] switch.p4(96) Primitive standard_metadata.egress_spec = port
[09:19:49.585] [bmv2] [T] [thread 107767] [87.0] [cxt 0] switch.p4(97) Primitive hdr.ethernet.srcAddr = hdr.ethernet.dstAddr
[09:19:49.585] [bmv2] [T] [thread 107767] [87.0] [cxt 0] switch.p4(98) Primitive hdr.ethernet.dstAddr = dstAddr
[09:19:49.585] [bmv2] [T] [thread 107767] [87.0] [cxt 0] switch.p4(99) Primitive hdr.ipv4.ttl = hdr.ipv4.ttl - 1
[09:19:49.585] [bmv2] [D] [thread 107767] [87.0] [cxt 0] Pipeline 'ingress': end
[09:19:49.585] [bmv2] [D] [thread 107767] [87.0] [cxt 0] Egress port is 1
[09:19:49.586] [bmv2] [D] [thread 107769] [87.0] [cxt 0] Pipeline 'egress': start
[09:19:49.586] [bmv2] [D] [thread 107769] [87.0] [cxt 0] Pipeline 'egress': end
[09:19:49.586] [bmv2] [D] [thread 107769] [87.0] [cxt 0] Deparser 'deparser': start
[09:19:49.586] [bmv2] [D] [thread 107769] [87.0] [cxt 0] Updating checksum 'cksum'
[09:19:49.586] [bmv2] [D] [thread 107769] [87.0] [cxt 0] Deparsing header 'ethernet'
[09:19:49.586] [bmv2] [D] [thread 107769] [87.0] [cxt 0] Deparsing header 'ipv4'
[09:19:49.586] [bmv2] [D] [thread 107769] [87.0] [cxt 0] Deparser 'deparser': end
[09:19:49.586] [bmv2] [D] [thread 107772] [87.0] [cxt 0] Transmitting packet of size 76 out of port 1
[09:19:49.682] [bmv2] [D] [thread 107767] [88.0] [cxt 0] Processing packet received on port 2
[09:19:49.682] [bmv2] [D] [thread 107767] [88.0] [cxt 0] Parser 'parser': start
[09:19:49.682] [bmv2] [D] [thread 107767] [88.0] [cxt 0] Parser 'parser' entering state 'start'
[09:19:49.682] [bmv2] [D] [thread 107767] [88.0] [cxt 0] Extracting header 'ethernet'
[09:19:49.682] [bmv2] [D] [thread 107767] [88.0] [cxt 0] Parser state 'start': key is 0800
[09:19:49.682] [bmv2] [T] [thread 107767] [88.0] [cxt 0] Bytes parsed: 14
[09:19:49.682] [bmv2] [D] [thread 107767] [88.0] [cxt 0] Parser 'parser' entering state 'parse_ipv4'
[09:19:49.682] [bmv2] [D] [thread 107767] [88.0] [cxt 0] Extracting header 'ipv4'
[09:19:49.682] [bmv2] [D] [thread 107767] [88.0] [cxt 0] Parser state 'parse_ipv4' has no switch, going to default next state
[09:19:49.682] [bmv2] [T] [thread 107767] [88.0] [cxt 0] Bytes parsed: 34
[09:19:49.682] [bmv2] [D] [thread 107767] [88.0] [cxt 0] Parser 'parser': end
[09:19:49.682] [bmv2] [D] [thread 107767] [88.0] [cxt 0] Pipeline 'ingress': start
[09:19:49.682] [bmv2] [T] [thread 107767] [88.0] [cxt 0] switch.p4(116) Condition "hdr.ipv4.isValid()" (node_2) is true
[09:19:49.682] [bmv2] [T] [thread 107767] [88.0] [cxt 0] Applying table 'MyIngress.ipv4_lpm'
[09:19:49.682] [bmv2] [D] [thread 107767] [88.0] [cxt 0] Looking up key:
* hdr.ipv4.dstAddr    : 0a000101

[09:19:49.682] [bmv2] [D] [thread 107767] [88.0] [cxt 0] Table 'MyIngress.ipv4_lpm': hit with handle 0
[09:19:49.682] [bmv2] [D] [thread 107767] [88.0] [cxt 0] Dumping entry 0
Match key:
* hdr.ipv4.dstAddr    : LPM       0a000101/32
Action entry: MyIngress.ipv4_forward - 80000000111,1,

[09:19:49.682] [bmv2] [D] [thread 107767] [88.0] [cxt 0] Action entry is MyIngress.ipv4_forward - 80000000111,1,
[09:19:49.682] [bmv2] [T] [thread 107767] [88.0] [cxt 0] Action MyIngress.ipv4_forward
[09:19:49.682] [bmv2] [T] [thread 107767] [88.0] [cxt 0] switch.p4(96) Primitive standard_metadata.egress_spec = port
[09:19:49.682] [bmv2] [T] [thread 107767] [88.0] [cxt 0] switch.p4(97) Primitive hdr.ethernet.srcAddr = hdr.ethernet.dstAddr
[09:19:49.682] [bmv2] [T] [thread 107767] [88.0] [cxt 0] switch.p4(98) Primitive hdr.ethernet.dstAddr = dstAddr
[09:19:49.682] [bmv2] [T] [thread 107767] [88.0] [cxt 0] switch.p4(99) Primitive hdr.ipv4.ttl = hdr.ipv4.ttl - 1
[09:19:49.682] [bmv2] [D] [thread 107767] [88.0] [cxt 0] Pipeline 'ingress': end
[09:19:49.682] [bmv2] [D] [thread 107767] [88.0] [cxt 0] Egress port is 1
[09:19:49.682] [bmv2] [D] [thread 107769] [88.0] [cxt 0] Pipeline 'egress': start
[09:19:49.682] [bmv2] [D] [thread 107769] [88.0] [cxt 0] Pipeline 'egress': end
[09:19:49.682] [bmv2] [D] [thread 107769] [88.0] [cxt 0] Deparser 'deparser': start
[09:19:49.682] [bmv2] [D] [thread 107769] [88.0] [cxt 0] Updating checksum 'cksum'
[09:19:49.682] [bmv2] [D] [thread 107769] [88.0] [cxt 0] Deparsing header 'ethernet'
[09:19:49.682] [bmv2] [D] [thread 107769] [88.0] [cxt 0] Deparsing header 'ipv4'
[09:19:49.682] [bmv2] [D] [thread 107769] [88.0] [cxt 0] Deparser 'deparser': end
[09:19:49.682] [bmv2] [D] [thread 107772] [88.0] [cxt 0] Transmitting packet of size 308 out of port 1
[09:19:49.682] [bmv2] [D] [thread 107767] [89.0] [cxt 0] Processing packet received on port 1
[09:19:49.682] [bmv2] [D] [thread 107767] [89.0] [cxt 0] Parser 'parser': start
[09:19:49.682] [bmv2] [D] [thread 107767] [89.0] [cxt 0] Parser 'parser' entering state 'start'
[09:19:49.682] [bmv2] [D] [thread 107767] [89.0] [cxt 0] Extracting header 'ethernet'
[09:19:49.682] [bmv2] [D] [thread 107767] [89.0] [cxt 0] Parser state 'start': key is 0800
[09:19:49.682] [bmv2] [T] [thread 107767] [89.0] [cxt 0] Bytes parsed: 14
[09:19:49.682] [bmv2] [D] [thread 107767] [89.0] [cxt 0] Parser 'parser' entering state 'parse_ipv4'
[09:19:49.682] [bmv2] [D] [thread 107767] [89.0] [cxt 0] Extracting header 'ipv4'
[09:19:49.682] [bmv2] [D] [thread 107767] [89.0] [cxt 0] Parser state 'parse_ipv4' has no switch, going to default next state
[09:19:49.682] [bmv2] [T] [thread 107767] [89.0] [cxt 0] Bytes parsed: 34
[09:19:49.682] [bmv2] [D] [thread 107767] [89.0] [cxt 0] Parser 'parser': end
[09:19:49.682] [bmv2] [D] [thread 107767] [89.0] [cxt 0] Pipeline 'ingress': start
[09:19:49.682] [bmv2] [T] [thread 107767] [89.0] [cxt 0] switch.p4(116) Condition "hdr.ipv4.isValid()" (node_2) is true
[09:19:49.682] [bmv2] [T] [thread 107767] [89.0] [cxt 0] Applying table 'MyIngress.ipv4_lpm'
[09:19:49.682] [bmv2] [D] [thread 107767] [89.0] [cxt 0] Looking up key:
* hdr.ipv4.dstAddr    : 0a000202

[09:19:49.682] [bmv2] [D] [thread 107767] [89.0] [cxt 0] Table 'MyIngress.ipv4_lpm': hit with handle 1
[09:19:49.682] [bmv2] [D] [thread 107767] [89.0] [cxt 0] Dumping entry 1
Match key:
* hdr.ipv4.dstAddr    : LPM       0a000202/32
Action entry: MyIngress.ipv4_forward - 80000000200,2,

[09:19:49.682] [bmv2] [D] [thread 107767] [89.0] [cxt 0] Action entry is MyIngress.ipv4_forward - 80000000200,2,
[09:19:49.682] [bmv2] [T] [thread 107767] [89.0] [cxt 0] Action MyIngress.ipv4_forward
[09:19:49.682] [bmv2] [T] [thread 107767] [89.0] [cxt 0] switch.p4(96) Primitive standard_metadata.egress_spec = port
[09:19:49.682] [bmv2] [T] [thread 107767] [89.0] [cxt 0] switch.p4(97) Primitive hdr.ethernet.srcAddr = hdr.ethernet.dstAddr
[09:19:49.682] [bmv2] [T] [thread 107767] [89.0] [cxt 0] switch.p4(98) Primitive hdr.ethernet.dstAddr = dstAddr
[09:19:49.682] [bmv2] [T] [thread 107767] [89.0] [cxt 0] switch.p4(99) Primitive hdr.ipv4.ttl = hdr.ipv4.ttl - 1
[09:19:49.682] [bmv2] [D] [thread 107767] [89.0] [cxt 0] Pipeline 'ingress': end
[09:19:49.682] [bmv2] [D] [thread 107767] [89.0] [cxt 0] Egress port is 2
[09:19:49.685] [bmv2] [D] [thread 107770] [89.0] [cxt 0] Pipeline 'egress': start
[09:19:49.685] [bmv2] [D] [thread 107770] [89.0] [cxt 0] Pipeline 'egress': end
[09:19:49.685] [bmv2] [D] [thread 107770] [89.0] [cxt 0] Deparser 'deparser': start
[09:19:49.685] [bmv2] [D] [thread 107770] [89.0] [cxt 0] Updating checksum 'cksum'
[09:19:49.685] [bmv2] [D] [thread 107770] [89.0] [cxt 0] Deparsing header 'ethernet'
[09:19:49.685] [bmv2] [D] [thread 107770] [89.0] [cxt 0] Deparsing header 'ipv4'
[09:19:49.685] [bmv2] [D] [thread 107770] [89.0] [cxt 0] Deparser 'deparser': end
[09:19:49.685] [bmv2] [D] [thread 107772] [89.0] [cxt 0] Transmitting packet of size 336 out of port 2
[09:19:50.576] [bmv2] [D] [thread 107767] [90.0] [cxt 0] Processing packet received on port 1
[09:19:50.576] [bmv2] [D] [thread 107767] [90.0] [cxt 0] Parser 'parser': start
[09:19:50.576] [bmv2] [D] [thread 107767] [90.0] [cxt 0] Parser 'parser' entering state 'start'
[09:19:50.576] [bmv2] [D] [thread 107767] [90.0] [cxt 0] Extracting header 'ethernet'
[09:19:50.576] [bmv2] [D] [thread 107767] [90.0] [cxt 0] Parser state 'start': key is 0800
[09:19:50.576] [bmv2] [T] [thread 107767] [90.0] [cxt 0] Bytes parsed: 14
[09:19:50.576] [bmv2] [D] [thread 107767] [90.0] [cxt 0] Parser 'parser' entering state 'parse_ipv4'
[09:19:50.576] [bmv2] [D] [thread 107767] [90.0] [cxt 0] Extracting header 'ipv4'
[09:19:50.576] [bmv2] [D] [thread 107767] [90.0] [cxt 0] Parser state 'parse_ipv4' has no switch, going to default next state
[09:19:50.576] [bmv2] [T] [thread 107767] [90.0] [cxt 0] Bytes parsed: 34
[09:19:50.576] [bmv2] [D] [thread 107767] [90.0] [cxt 0] Parser 'parser': end
[09:19:50.576] [bmv2] [D] [thread 107767] [90.0] [cxt 0] Pipeline 'ingress': start
[09:19:50.576] [bmv2] [T] [thread 107767] [90.0] [cxt 0] switch.p4(116) Condition "hdr.ipv4.isValid()" (node_2) is true
[09:19:50.576] [bmv2] [T] [thread 107767] [90.0] [cxt 0] Applying table 'MyIngress.ipv4_lpm'
[09:19:50.576] [bmv2] [D] [thread 107767] [90.0] [cxt 0] Looking up key:
* hdr.ipv4.dstAddr    : 0a000202

[09:19:50.576] [bmv2] [D] [thread 107767] [90.0] [cxt 0] Table 'MyIngress.ipv4_lpm': hit with handle 1
[09:19:50.576] [bmv2] [D] [thread 107767] [90.0] [cxt 0] Dumping entry 1
Match key:
* hdr.ipv4.dstAddr    : LPM       0a000202/32
Action entry: MyIngress.ipv4_forward - 80000000200,2,

[09:19:50.576] [bmv2] [D] [thread 107767] [90.0] [cxt 0] Action entry is MyIngress.ipv4_forward - 80000000200,2,
[09:19:50.576] [bmv2] [T] [thread 107767] [90.0] [cxt 0] Action MyIngress.ipv4_forward
[09:19:50.576] [bmv2] [T] [thread 107767] [90.0] [cxt 0] switch.p4(96) Primitive standard_metadata.egress_spec = port
[09:19:50.576] [bmv2] [T] [thread 107767] [90.0] [cxt 0] switch.p4(97) Primitive hdr.ethernet.srcAddr = hdr.ethernet.dstAddr
[09:19:50.576] [bmv2] [T] [thread 107767] [90.0] [cxt 0] switch.p4(98) Primitive hdr.ethernet.dstAddr = dstAddr
[09:19:50.576] [bmv2] [T] [thread 107767] [90.0] [cxt 0] switch.p4(99) Primitive hdr.ipv4.ttl = hdr.ipv4.ttl - 1
[09:19:50.576] [bmv2] [D] [thread 107767] [90.0] [cxt 0] Pipeline 'ingress': end
[09:19:50.576] [bmv2] [D] [thread 107767] [90.0] [cxt 0] Egress port is 2
[09:19:50.576] [bmv2] [D] [thread 107770] [90.0] [cxt 0] Pipeline 'egress': start
[09:19:50.576] [bmv2] [D] [thread 107770] [90.0] [cxt 0] Pipeline 'egress': end
[09:19:50.576] [bmv2] [D] [thread 107770] [90.0] [cxt 0] Deparser 'deparser': start
[09:19:50.576] [bmv2] [D] [thread 107770] [90.0] [cxt 0] Updating checksum 'cksum'
[09:19:50.576] [bmv2] [D] [thread 107770] [90.0] [cxt 0] Deparsing header 'ethernet'
[09:19:50.576] [bmv2] [D] [thread 107770] [90.0] [cxt 0] Deparsing header 'ipv4'
[09:19:50.576] [bmv2] [D] [thread 107770] [90.0] [cxt 0] Deparser 'deparser': end
[09:19:50.576] [bmv2] [D] [thread 107772] [90.0] [cxt 0] Transmitting packet of size 48 out of port 2
[09:19:50.588] [bmv2] [D] [thread 107767] [91.0] [cxt 0] Processing packet received on port 2
[09:19:50.588] [bmv2] [D] [thread 107767] [91.0] [cxt 0] Parser 'parser': start
[09:19:50.588] [bmv2] [D] [thread 107767] [91.0] [cxt 0] Parser 'parser' entering state 'start'
[09:19:50.588] [bmv2] [D] [thread 107767] [91.0] [cxt 0] Extracting header 'ethernet'
[09:19:50.588] [bmv2] [D] [thread 107767] [91.0] [cxt 0] Parser state 'start': key is 0800
[09:19:50.588] [bmv2] [T] [thread 107767] [91.0] [cxt 0] Bytes parsed: 14
[09:19:50.588] [bmv2] [D] [thread 107767] [91.0] [cxt 0] Parser 'parser' entering state 'parse_ipv4'
[09:19:50.588] [bmv2] [D] [thread 107767] [91.0] [cxt 0] Extracting header 'ipv4'
[09:19:50.588] [bmv2] [D] [thread 107767] [91.0] [cxt 0] Parser state 'parse_ipv4' has no switch, going to default next state
[09:19:50.588] [bmv2] [T] [thread 107767] [91.0] [cxt 0] Bytes parsed: 34
[09:19:50.588] [bmv2] [D] [thread 107767] [91.0] [cxt 0] Parser 'parser': end
[09:19:50.588] [bmv2] [D] [thread 107767] [91.0] [cxt 0] Pipeline 'ingress': start
[09:19:50.588] [bmv2] [T] [thread 107767] [91.0] [cxt 0] switch.p4(116) Condition "hdr.ipv4.isValid()" (node_2) is true
[09:19:50.588] [bmv2] [T] [thread 107767] [91.0] [cxt 0] Applying table 'MyIngress.ipv4_lpm'
[09:19:50.588] [bmv2] [D] [thread 107767] [91.0] [cxt 0] Looking up key:
* hdr.ipv4.dstAddr    : 0a000101

[09:19:50.589] [bmv2] [D] [thread 107767] [91.0] [cxt 0] Table 'MyIngress.ipv4_lpm': hit with handle 0
[09:19:50.589] [bmv2] [D] [thread 107767] [91.0] [cxt 0] Dumping entry 0
Match key:
* hdr.ipv4.dstAddr    : LPM       0a000101/32
Action entry: MyIngress.ipv4_forward - 80000000111,1,

[09:19:50.589] [bmv2] [D] [thread 107767] [91.0] [cxt 0] Action entry is MyIngress.ipv4_forward - 80000000111,1,
[09:19:50.589] [bmv2] [T] [thread 107767] [91.0] [cxt 0] Action MyIngress.ipv4_forward
[09:19:50.589] [bmv2] [T] [thread 107767] [91.0] [cxt 0] switch.p4(96) Primitive standard_metadata.egress_spec = port
[09:19:50.589] [bmv2] [T] [thread 107767] [91.0] [cxt 0] switch.p4(97) Primitive hdr.ethernet.srcAddr = hdr.ethernet.dstAddr
[09:19:50.589] [bmv2] [T] [thread 107767] [91.0] [cxt 0] switch.p4(98) Primitive hdr.ethernet.dstAddr = dstAddr
[09:19:50.589] [bmv2] [T] [thread 107767] [91.0] [cxt 0] switch.p4(99) Primitive hdr.ipv4.ttl = hdr.ipv4.ttl - 1
[09:19:50.589] [bmv2] [D] [thread 107767] [91.0] [cxt 0] Pipeline 'ingress': end
[09:19:50.589] [bmv2] [D] [thread 107767] [91.0] [cxt 0] Egress port is 1
[09:19:50.589] [bmv2] [D] [thread 107769] [91.0] [cxt 0] Pipeline 'egress': start
[09:19:50.589] [bmv2] [D] [thread 107769] [91.0] [cxt 0] Pipeline 'egress': end
[09:19:50.589] [bmv2] [D] [thread 107769] [91.0] [cxt 0] Deparser 'deparser': start
[09:19:50.589] [bmv2] [D] [thread 107769] [91.0] [cxt 0] Updating checksum 'cksum'
[09:19:50.589] [bmv2] [D] [thread 107769] [91.0] [cxt 0] Deparsing header 'ethernet'
[09:19:50.589] [bmv2] [D] [thread 107769] [91.0] [cxt 0] Deparsing header 'ipv4'
[09:19:50.589] [bmv2] [D] [thread 107769] [91.0] [cxt 0] Deparser 'deparser': end
[09:19:50.589] [bmv2] [D] [thread 107772] [91.0] [cxt 0] Transmitting packet of size 76 out of port 1
[09:19:50.595] [bmv2] [D] [thread 107767] [92.0] [cxt 0] Processing packet received on port 2
[09:19:50.595] [bmv2] [D] [thread 107767] [92.0] [cxt 0] Parser 'parser': start
[09:19:50.595] [bmv2] [D] [thread 107767] [92.0] [cxt 0] Parser 'parser' entering state 'start'
[09:19:50.595] [bmv2] [D] [thread 107767] [92.0] [cxt 0] Extracting header 'ethernet'
[09:19:50.595] [bmv2] [D] [thread 107767] [92.0] [cxt 0] Parser state 'start': key is 0800
[09:19:50.595] [bmv2] [T] [thread 107767] [92.0] [cxt 0] Bytes parsed: 14
[09:19:50.595] [bmv2] [D] [thread 107767] [92.0] [cxt 0] Parser 'parser' entering state 'parse_ipv4'
[09:19:50.595] [bmv2] [D] [thread 107767] [92.0] [cxt 0] Extracting header 'ipv4'
[09:19:50.595] [bmv2] [D] [thread 107767] [92.0] [cxt 0] Parser state 'parse_ipv4' has no switch, going to default next state
[09:19:50.595] [bmv2] [T] [thread 107767] [92.0] [cxt 0] Bytes parsed: 34
[09:19:50.595] [bmv2] [D] [thread 107767] [92.0] [cxt 0] Parser 'parser': end
[09:19:50.595] [bmv2] [D] [thread 107767] [92.0] [cxt 0] Pipeline 'ingress': start
[09:19:50.595] [bmv2] [T] [thread 107767] [92.0] [cxt 0] switch.p4(116) Condition "hdr.ipv4.isValid()" (node_2) is true
[09:19:50.595] [bmv2] [T] [thread 107767] [92.0] [cxt 0] Applying table 'MyIngress.ipv4_lpm'
[09:19:50.596] [bmv2] [D] [thread 107767] [92.0] [cxt 0] Looking up key:
* hdr.ipv4.dstAddr    : 0a000101

[09:19:50.596] [bmv2] [D] [thread 107767] [92.0] [cxt 0] Table 'MyIngress.ipv4_lpm': hit with handle 0
[09:19:50.596] [bmv2] [D] [thread 107767] [92.0] [cxt 0] Dumping entry 0
Match key:
* hdr.ipv4.dstAddr    : LPM       0a000101/32
Action entry: MyIngress.ipv4_forward - 80000000111,1,

[09:19:50.596] [bmv2] [D] [thread 107767] [92.0] [cxt 0] Action entry is MyIngress.ipv4_forward - 80000000111,1,
[09:19:50.597] [bmv2] [T] [thread 107767] [92.0] [cxt 0] Action MyIngress.ipv4_forward
[09:19:50.597] [bmv2] [T] [thread 107767] [92.0] [cxt 0] switch.p4(96) Primitive standard_metadata.egress_spec = port
[09:19:50.597] [bmv2] [T] [thread 107767] [92.0] [cxt 0] switch.p4(97) Primitive hdr.ethernet.srcAddr = hdr.ethernet.dstAddr
[09:19:50.597] [bmv2] [T] [thread 107767] [92.0] [cxt 0] switch.p4(98) Primitive hdr.ethernet.dstAddr = dstAddr
[09:19:50.597] [bmv2] [T] [thread 107767] [92.0] [cxt 0] switch.p4(99) Primitive hdr.ipv4.ttl = hdr.ipv4.ttl - 1
[09:19:50.597] [bmv2] [D] [thread 107767] [92.0] [cxt 0] Pipeline 'ingress': end
[09:19:50.597] [bmv2] [D] [thread 107767] [92.0] [cxt 0] Egress port is 1
[09:19:50.597] [bmv2] [D] [thread 107769] [92.0] [cxt 0] Pipeline 'egress': start
[09:19:50.597] [bmv2] [D] [thread 107769] [92.0] [cxt 0] Pipeline 'egress': end
[09:19:50.597] [bmv2] [D] [thread 107769] [92.0] [cxt 0] Deparser 'deparser': start
[09:19:50.597] [bmv2] [D] [thread 107769] [92.0] [cxt 0] Updating checksum 'cksum'
[09:19:50.597] [bmv2] [D] [thread 107769] [92.0] [cxt 0] Deparsing header 'ethernet'
[09:19:50.597] [bmv2] [D] [thread 107769] [92.0] [cxt 0] Deparsing header 'ipv4'
[09:19:50.597] [bmv2] [D] [thread 107769] [92.0] [cxt 0] Deparser 'deparser': end
[09:19:50.597] [bmv2] [D] [thread 107772] [92.0] [cxt 0] Transmitting packet of size 308 out of port 1
[09:19:50.597] [bmv2] [D] [thread 107767] [93.0] [cxt 0] Processing packet received on port 1
[09:19:50.597] [bmv2] [D] [thread 107767] [93.0] [cxt 0] Parser 'parser': start
[09:19:50.597] [bmv2] [D] [thread 107767] [93.0] [cxt 0] Parser 'parser' entering state 'start'
[09:19:50.597] [bmv2] [D] [thread 107767] [93.0] [cxt 0] Extracting header 'ethernet'
[09:19:50.597] [bmv2] [D] [thread 107767] [93.0] [cxt 0] Parser state 'start': key is 0800
[09:19:50.597] [bmv2] [T] [thread 107767] [93.0] [cxt 0] Bytes parsed: 14
[09:19:50.597] [bmv2] [D] [thread 107767] [93.0] [cxt 0] Parser 'parser' entering state 'parse_ipv4'
[09:19:50.597] [bmv2] [D] [thread 107767] [93.0] [cxt 0] Extracting header 'ipv4'
[09:19:50.598] [bmv2] [D] [thread 107767] [93.0] [cxt 0] Parser state 'parse_ipv4' has no switch, going to default next state
[09:19:50.598] [bmv2] [T] [thread 107767] [93.0] [cxt 0] Bytes parsed: 34
[09:19:50.598] [bmv2] [D] [thread 107767] [93.0] [cxt 0] Parser 'parser': end
[09:19:50.598] [bmv2] [D] [thread 107767] [93.0] [cxt 0] Pipeline 'ingress': start
[09:19:50.598] [bmv2] [T] [thread 107767] [93.0] [cxt 0] switch.p4(116) Condition "hdr.ipv4.isValid()" (node_2) is true
[09:19:50.598] [bmv2] [T] [thread 107767] [93.0] [cxt 0] Applying table 'MyIngress.ipv4_lpm'
[09:19:50.598] [bmv2] [D] [thread 107767] [93.0] [cxt 0] Looking up key:
* hdr.ipv4.dstAddr    : 0a000202

[09:19:50.598] [bmv2] [D] [thread 107767] [93.0] [cxt 0] Table 'MyIngress.ipv4_lpm': hit with handle 1
[09:19:50.598] [bmv2] [D] [thread 107767] [93.0] [cxt 0] Dumping entry 1
Match key:
* hdr.ipv4.dstAddr    : LPM       0a000202/32
Action entry: MyIngress.ipv4_forward - 80000000200,2,

[09:19:50.598] [bmv2] [D] [thread 107767] [93.0] [cxt 0] Action entry is MyIngress.ipv4_forward - 80000000200,2,
[09:19:50.598] [bmv2] [T] [thread 107767] [93.0] [cxt 0] Action MyIngress.ipv4_forward
[09:19:50.598] [bmv2] [T] [thread 107767] [93.0] [cxt 0] switch.p4(96) Primitive standard_metadata.egress_spec = port
[09:19:50.598] [bmv2] [T] [thread 107767] [93.0] [cxt 0] switch.p4(97) Primitive hdr.ethernet.srcAddr = hdr.ethernet.dstAddr
[09:19:50.598] [bmv2] [T] [thread 107767] [93.0] [cxt 0] switch.p4(98) Primitive hdr.ethernet.dstAddr = dstAddr
[09:19:50.598] [bmv2] [T] [thread 107767] [93.0] [cxt 0] switch.p4(99) Primitive hdr.ipv4.ttl = hdr.ipv4.ttl - 1
[09:19:50.598] [bmv2] [D] [thread 107767] [93.0] [cxt 0] Pipeline 'ingress': end
[09:19:50.598] [bmv2] [D] [thread 107767] [93.0] [cxt 0] Egress port is 2
[09:19:50.598] [bmv2] [D] [thread 107770] [93.0] [cxt 0] Pipeline 'egress': start
[09:19:50.598] [bmv2] [D] [thread 107770] [93.0] [cxt 0] Pipeline 'egress': end
[09:19:50.598] [bmv2] [D] [thread 107770] [93.0] [cxt 0] Deparser 'deparser': start
[09:19:50.598] [bmv2] [D] [thread 107770] [93.0] [cxt 0] Updating checksum 'cksum'
[09:19:50.598] [bmv2] [D] [thread 107770] [93.0] [cxt 0] Deparsing header 'ethernet'
[09:19:50.598] [bmv2] [D] [thread 107770] [93.0] [cxt 0] Deparsing header 'ipv4'
[09:19:50.598] [bmv2] [D] [thread 107770] [93.0] [cxt 0] Deparser 'deparser': end
[09:19:50.598] [bmv2] [D] [thread 107772] [93.0] [cxt 0] Transmitting packet of size 336 out of port 2
[09:19:51.514] [bmv2] [D] [thread 107767] [94.0] [cxt 0] Processing packet received on port 1
[09:19:51.514] [bmv2] [D] [thread 107767] [94.0] [cxt 0] Parser 'parser': start
[09:19:51.514] [bmv2] [D] [thread 107767] [94.0] [cxt 0] Parser 'parser' entering state 'start'
[09:19:51.514] [bmv2] [D] [thread 107767] [94.0] [cxt 0] Extracting header 'ethernet'
[09:19:51.514] [bmv2] [D] [thread 107767] [94.0] [cxt 0] Parser state 'start': key is 86dd
[09:19:51.514] [bmv2] [T] [thread 107767] [94.0] [cxt 0] Bytes parsed: 14
[09:19:51.514] [bmv2] [D] [thread 107767] [94.0] [cxt 0] Parser 'parser': end
[09:19:51.514] [bmv2] [D] [thread 107767] [94.0] [cxt 0] Pipeline 'ingress': start
[09:19:51.514] [bmv2] [T] [thread 107767] [94.0] [cxt 0] switch.p4(116) Condition "hdr.ipv4.isValid()" (node_2) is false
[09:19:51.514] [bmv2] [D] [thread 107767] [94.0] [cxt 0] Pipeline 'ingress': end
[09:19:51.514] [bmv2] [D] [thread 107767] [94.0] [cxt 0] Egress port is 0
[09:19:51.514] [bmv2] [D] [thread 107768] [94.0] [cxt 0] Pipeline 'egress': start
[09:19:51.514] [bmv2] [D] [thread 107768] [94.0] [cxt 0] Pipeline 'egress': end
[09:19:51.514] [bmv2] [D] [thread 107768] [94.0] [cxt 0] Deparser 'deparser': start
[09:19:51.514] [bmv2] [T] [thread 107768] [94.0] [cxt 0] Skipping checksum 'cksum' update because condition not met
[09:19:51.514] [bmv2] [D] [thread 107768] [94.0] [cxt 0] Deparsing header 'ethernet'
[09:19:51.514] [bmv2] [D] [thread 107768] [94.0] [cxt 0] Deparser 'deparser': end
[09:19:51.514] [bmv2] [D] [thread 107772] [94.0] [cxt 0] Transmitting packet of size 203 out of port 0
[09:19:51.606] [bmv2] [D] [thread 107767] [95.0] [cxt 0] Processing packet received on port 1
[09:19:51.606] [bmv2] [D] [thread 107767] [95.0] [cxt 0] Parser 'parser': start
[09:19:51.606] [bmv2] [D] [thread 107767] [95.0] [cxt 0] Parser 'parser' entering state 'start'
[09:19:51.606] [bmv2] [D] [thread 107767] [95.0] [cxt 0] Extracting header 'ethernet'
[09:19:51.606] [bmv2] [D] [thread 107767] [95.0] [cxt 0] Parser state 'start': key is 0800
[09:19:51.606] [bmv2] [T] [thread 107767] [95.0] [cxt 0] Bytes parsed: 14
[09:19:51.606] [bmv2] [D] [thread 107767] [95.0] [cxt 0] Parser 'parser' entering state 'parse_ipv4'
[09:19:51.606] [bmv2] [D] [thread 107767] [95.0] [cxt 0] Extracting header 'ipv4'
[09:19:51.606] [bmv2] [D] [thread 107767] [95.0] [cxt 0] Parser state 'parse_ipv4' has no switch, going to default next state
[09:19:51.606] [bmv2] [T] [thread 107767] [95.0] [cxt 0] Bytes parsed: 34
[09:19:51.606] [bmv2] [D] [thread 107767] [95.0] [cxt 0] Parser 'parser': end
[09:19:51.606] [bmv2] [D] [thread 107767] [95.0] [cxt 0] Pipeline 'ingress': start
[09:19:51.606] [bmv2] [T] [thread 107767] [95.0] [cxt 0] switch.p4(116) Condition "hdr.ipv4.isValid()" (node_2) is true
[09:19:51.606] [bmv2] [T] [thread 107767] [95.0] [cxt 0] Applying table 'MyIngress.ipv4_lpm'
[09:19:51.606] [bmv2] [D] [thread 107767] [95.0] [cxt 0] Looking up key:
* hdr.ipv4.dstAddr    : 0a000202

[09:19:51.606] [bmv2] [D] [thread 107767] [95.0] [cxt 0] Table 'MyIngress.ipv4_lpm': hit with handle 1
[09:19:51.606] [bmv2] [D] [thread 107767] [95.0] [cxt 0] Dumping entry 1
Match key:
* hdr.ipv4.dstAddr    : LPM       0a000202/32
Action entry: MyIngress.ipv4_forward - 80000000200,2,

[09:19:51.606] [bmv2] [D] [thread 107767] [95.0] [cxt 0] Action entry is MyIngress.ipv4_forward - 80000000200,2,
[09:19:51.606] [bmv2] [T] [thread 107767] [95.0] [cxt 0] Action MyIngress.ipv4_forward
[09:19:51.606] [bmv2] [T] [thread 107767] [95.0] [cxt 0] switch.p4(96) Primitive standard_metadata.egress_spec = port
[09:19:51.606] [bmv2] [T] [thread 107767] [95.0] [cxt 0] switch.p4(97) Primitive hdr.ethernet.srcAddr = hdr.ethernet.dstAddr
[09:19:51.606] [bmv2] [T] [thread 107767] [95.0] [cxt 0] switch.p4(98) Primitive hdr.ethernet.dstAddr = dstAddr
[09:19:51.606] [bmv2] [T] [thread 107767] [95.0] [cxt 0] switch.p4(99) Primitive hdr.ipv4.ttl = hdr.ipv4.ttl - 1
[09:19:51.606] [bmv2] [D] [thread 107767] [95.0] [cxt 0] Pipeline 'ingress': end
[09:19:51.606] [bmv2] [D] [thread 107767] [95.0] [cxt 0] Egress port is 2
[09:19:51.606] [bmv2] [D] [thread 107770] [95.0] [cxt 0] Pipeline 'egress': start
[09:19:51.606] [bmv2] [D] [thread 107770] [95.0] [cxt 0] Pipeline 'egress': end
[09:19:51.606] [bmv2] [D] [thread 107770] [95.0] [cxt 0] Deparser 'deparser': start
[09:19:51.606] [bmv2] [D] [thread 107770] [95.0] [cxt 0] Updating checksum 'cksum'
[09:19:51.606] [bmv2] [D] [thread 107770] [95.0] [cxt 0] Deparsing header 'ethernet'
[09:19:51.606] [bmv2] [D] [thread 107770] [95.0] [cxt 0] Deparsing header 'ipv4'
[09:19:51.606] [bmv2] [D] [thread 107770] [95.0] [cxt 0] Deparser 'deparser': end
[09:19:51.606] [bmv2] [D] [thread 107772] [95.0] [cxt 0] Transmitting packet of size 48 out of port 2
[09:19:51.611] [bmv2] [D] [thread 107767] [96.0] [cxt 0] Processing packet received on port 2
[09:19:51.611] [bmv2] [D] [thread 107767] [96.0] [cxt 0] Parser 'parser': start
[09:19:51.611] [bmv2] [D] [thread 107767] [96.0] [cxt 0] Parser 'parser' entering state 'start'
[09:19:51.611] [bmv2] [D] [thread 107767] [96.0] [cxt 0] Extracting header 'ethernet'
[09:19:51.611] [bmv2] [D] [thread 107767] [96.0] [cxt 0] Parser state 'start': key is 0800
[09:19:51.611] [bmv2] [T] [thread 107767] [96.0] [cxt 0] Bytes parsed: 14
[09:19:51.611] [bmv2] [D] [thread 107767] [96.0] [cxt 0] Parser 'parser' entering state 'parse_ipv4'
[09:19:51.611] [bmv2] [D] [thread 107767] [96.0] [cxt 0] Extracting header 'ipv4'
[09:19:51.611] [bmv2] [D] [thread 107767] [96.0] [cxt 0] Parser state 'parse_ipv4' has no switch, going to default next state
[09:19:51.611] [bmv2] [T] [thread 107767] [96.0] [cxt 0] Bytes parsed: 34
[09:19:51.611] [bmv2] [D] [thread 107767] [96.0] [cxt 0] Parser 'parser': end
[09:19:51.611] [bmv2] [D] [thread 107767] [96.0] [cxt 0] Pipeline 'ingress': start
[09:19:51.611] [bmv2] [T] [thread 107767] [96.0] [cxt 0] switch.p4(116) Condition "hdr.ipv4.isValid()" (node_2) is true
[09:19:51.611] [bmv2] [T] [thread 107767] [96.0] [cxt 0] Applying table 'MyIngress.ipv4_lpm'
[09:19:51.611] [bmv2] [D] [thread 107767] [96.0] [cxt 0] Looking up key:
* hdr.ipv4.dstAddr    : 0a000101

[09:19:51.611] [bmv2] [D] [thread 107767] [96.0] [cxt 0] Table 'MyIngress.ipv4_lpm': hit with handle 0
[09:19:51.611] [bmv2] [D] [thread 107767] [96.0] [cxt 0] Dumping entry 0
Match key:
* hdr.ipv4.dstAddr    : LPM       0a000101/32
Action entry: MyIngress.ipv4_forward - 80000000111,1,

[09:19:51.611] [bmv2] [D] [thread 107767] [96.0] [cxt 0] Action entry is MyIngress.ipv4_forward - 80000000111,1,
[09:19:51.611] [bmv2] [T] [thread 107767] [96.0] [cxt 0] Action MyIngress.ipv4_forward
[09:19:51.611] [bmv2] [T] [thread 107767] [96.0] [cxt 0] switch.p4(96) Primitive standard_metadata.egress_spec = port
[09:19:51.611] [bmv2] [T] [thread 107767] [96.0] [cxt 0] switch.p4(97) Primitive hdr.ethernet.srcAddr = hdr.ethernet.dstAddr
[09:19:51.611] [bmv2] [T] [thread 107767] [96.0] [cxt 0] switch.p4(98) Primitive hdr.ethernet.dstAddr = dstAddr
[09:19:51.611] [bmv2] [T] [thread 107767] [96.0] [cxt 0] switch.p4(99) Primitive hdr.ipv4.ttl = hdr.ipv4.ttl - 1
[09:19:51.611] [bmv2] [D] [thread 107767] [96.0] [cxt 0] Pipeline 'ingress': end
[09:19:51.611] [bmv2] [D] [thread 107767] [96.0] [cxt 0] Egress port is 1
[09:19:51.611] [bmv2] [D] [thread 107769] [96.0] [cxt 0] Pipeline 'egress': start
[09:19:51.611] [bmv2] [D] [thread 107769] [96.0] [cxt 0] Pipeline 'egress': end
[09:19:51.611] [bmv2] [D] [thread 107769] [96.0] [cxt 0] Deparser 'deparser': start
[09:19:51.611] [bmv2] [D] [thread 107769] [96.0] [cxt 0] Updating checksum 'cksum'
[09:19:51.611] [bmv2] [D] [thread 107769] [96.0] [cxt 0] Deparsing header 'ethernet'
[09:19:51.611] [bmv2] [D] [thread 107769] [96.0] [cxt 0] Deparsing header 'ipv4'
[09:19:51.611] [bmv2] [D] [thread 107769] [96.0] [cxt 0] Deparser 'deparser': end
[09:19:51.611] [bmv2] [D] [thread 107772] [96.0] [cxt 0] Transmitting packet of size 76 out of port 1
[09:19:51.620] [bmv2] [D] [thread 107767] [97.0] [cxt 0] Processing packet received on port 2
[09:19:51.620] [bmv2] [D] [thread 107767] [97.0] [cxt 0] Parser 'parser': start
[09:19:51.620] [bmv2] [D] [thread 107767] [97.0] [cxt 0] Parser 'parser' entering state 'start'
[09:19:51.620] [bmv2] [D] [thread 107767] [97.0] [cxt 0] Extracting header 'ethernet'
[09:19:51.620] [bmv2] [D] [thread 107767] [97.0] [cxt 0] Parser state 'start': key is 0800
[09:19:51.620] [bmv2] [T] [thread 107767] [97.0] [cxt 0] Bytes parsed: 14
[09:19:51.620] [bmv2] [D] [thread 107767] [97.0] [cxt 0] Parser 'parser' entering state 'parse_ipv4'
[09:19:51.620] [bmv2] [D] [thread 107767] [97.0] [cxt 0] Extracting header 'ipv4'
[09:19:51.620] [bmv2] [D] [thread 107767] [97.0] [cxt 0] Parser state 'parse_ipv4' has no switch, going to default next state
[09:19:51.620] [bmv2] [T] [thread 107767] [97.0] [cxt 0] Bytes parsed: 34
[09:19:51.620] [bmv2] [D] [thread 107767] [97.0] [cxt 0] Parser 'parser': end
[09:19:51.620] [bmv2] [D] [thread 107767] [97.0] [cxt 0] Pipeline 'ingress': start
[09:19:51.620] [bmv2] [T] [thread 107767] [97.0] [cxt 0] switch.p4(116) Condition "hdr.ipv4.isValid()" (node_2) is true
[09:19:51.620] [bmv2] [T] [thread 107767] [97.0] [cxt 0] Applying table 'MyIngress.ipv4_lpm'
[09:19:51.620] [bmv2] [D] [thread 107767] [97.0] [cxt 0] Looking up key:
* hdr.ipv4.dstAddr    : 0a000101

[09:19:51.621] [bmv2] [D] [thread 107767] [97.0] [cxt 0] Table 'MyIngress.ipv4_lpm': hit with handle 0
[09:19:51.621] [bmv2] [D] [thread 107767] [97.0] [cxt 0] Dumping entry 0
Match key:
* hdr.ipv4.dstAddr    : LPM       0a000101/32
Action entry: MyIngress.ipv4_forward - 80000000111,1,

[09:19:51.621] [bmv2] [D] [thread 107767] [97.0] [cxt 0] Action entry is MyIngress.ipv4_forward - 80000000111,1,
[09:19:51.621] [bmv2] [T] [thread 107767] [97.0] [cxt 0] Action MyIngress.ipv4_forward
[09:19:51.621] [bmv2] [T] [thread 107767] [97.0] [cxt 0] switch.p4(96) Primitive standard_metadata.egress_spec = port
[09:19:51.621] [bmv2] [T] [thread 107767] [97.0] [cxt 0] switch.p4(97) Primitive hdr.ethernet.srcAddr = hdr.ethernet.dstAddr
[09:19:51.621] [bmv2] [T] [thread 107767] [97.0] [cxt 0] switch.p4(98) Primitive hdr.ethernet.dstAddr = dstAddr
[09:19:51.621] [bmv2] [T] [thread 107767] [97.0] [cxt 0] switch.p4(99) Primitive hdr.ipv4.ttl = hdr.ipv4.ttl - 1
[09:19:51.621] [bmv2] [D] [thread 107767] [97.0] [cxt 0] Pipeline 'ingress': end
[09:19:51.621] [bmv2] [D] [thread 107767] [97.0] [cxt 0] Egress port is 1
[09:19:51.621] [bmv2] [D] [thread 107769] [97.0] [cxt 0] Pipeline 'egress': start
[09:19:51.621] [bmv2] [D] [thread 107769] [97.0] [cxt 0] Pipeline 'egress': end
[09:19:51.621] [bmv2] [D] [thread 107769] [97.0] [cxt 0] Deparser 'deparser': start
[09:19:51.621] [bmv2] [D] [thread 107769] [97.0] [cxt 0] Updating checksum 'cksum'
[09:19:51.621] [bmv2] [D] [thread 107769] [97.0] [cxt 0] Deparsing header 'ethernet'
[09:19:51.621] [bmv2] [D] [thread 107769] [97.0] [cxt 0] Deparsing header 'ipv4'
[09:19:51.621] [bmv2] [D] [thread 107769] [97.0] [cxt 0] Deparser 'deparser': end
[09:19:51.621] [bmv2] [D] [thread 107772] [97.0] [cxt 0] Transmitting packet of size 308 out of port 1
[09:19:51.621] [bmv2] [D] [thread 107767] [98.0] [cxt 0] Processing packet received on port 1
[09:19:51.621] [bmv2] [D] [thread 107767] [98.0] [cxt 0] Parser 'parser': start
[09:19:51.621] [bmv2] [D] [thread 107767] [98.0] [cxt 0] Parser 'parser' entering state 'start'
[09:19:51.621] [bmv2] [D] [thread 107767] [98.0] [cxt 0] Extracting header 'ethernet'
[09:19:51.621] [bmv2] [D] [thread 107767] [98.0] [cxt 0] Parser state 'start': key is 0800
[09:19:51.621] [bmv2] [T] [thread 107767] [98.0] [cxt 0] Bytes parsed: 14
[09:19:51.621] [bmv2] [D] [thread 107767] [98.0] [cxt 0] Parser 'parser' entering state 'parse_ipv4'
[09:19:51.621] [bmv2] [D] [thread 107767] [98.0] [cxt 0] Extracting header 'ipv4'
[09:19:51.621] [bmv2] [D] [thread 107767] [98.0] [cxt 0] Parser state 'parse_ipv4' has no switch, going to default next state
[09:19:51.621] [bmv2] [T] [thread 107767] [98.0] [cxt 0] Bytes parsed: 34
[09:19:51.621] [bmv2] [D] [thread 107767] [98.0] [cxt 0] Parser 'parser': end
[09:19:51.621] [bmv2] [D] [thread 107767] [98.0] [cxt 0] Pipeline 'ingress': start
[09:19:51.621] [bmv2] [T] [thread 107767] [98.0] [cxt 0] switch.p4(116) Condition "hdr.ipv4.isValid()" (node_2) is true
[09:19:51.621] [bmv2] [T] [thread 107767] [98.0] [cxt 0] Applying table 'MyIngress.ipv4_lpm'
[09:19:51.621] [bmv2] [D] [thread 107767] [98.0] [cxt 0] Looking up key:
* hdr.ipv4.dstAddr    : 0a000202

[09:19:51.621] [bmv2] [D] [thread 107767] [98.0] [cxt 0] Table 'MyIngress.ipv4_lpm': hit with handle 1
[09:19:51.621] [bmv2] [D] [thread 107767] [98.0] [cxt 0] Dumping entry 1
Match key:
* hdr.ipv4.dstAddr    : LPM       0a000202/32
Action entry: MyIngress.ipv4_forward - 80000000200,2,

[09:19:51.621] [bmv2] [D] [thread 107767] [98.0] [cxt 0] Action entry is MyIngress.ipv4_forward - 80000000200,2,
[09:19:51.621] [bmv2] [T] [thread 107767] [98.0] [cxt 0] Action MyIngress.ipv4_forward
[09:19:51.621] [bmv2] [T] [thread 107767] [98.0] [cxt 0] switch.p4(96) Primitive standard_metadata.egress_spec = port
[09:19:51.621] [bmv2] [T] [thread 107767] [98.0] [cxt 0] switch.p4(97) Primitive hdr.ethernet.srcAddr = hdr.ethernet.dstAddr
[09:19:51.621] [bmv2] [T] [thread 107767] [98.0] [cxt 0] switch.p4(98) Primitive hdr.ethernet.dstAddr = dstAddr
[09:19:51.621] [bmv2] [T] [thread 107767] [98.0] [cxt 0] switch.p4(99) Primitive hdr.ipv4.ttl = hdr.ipv4.ttl - 1
[09:19:51.621] [bmv2] [D] [thread 107767] [98.0] [cxt 0] Pipeline 'ingress': end
[09:19:51.621] [bmv2] [D] [thread 107767] [98.0] [cxt 0] Egress port is 2
[09:19:51.623] [bmv2] [D] [thread 107770] [98.0] [cxt 0] Pipeline 'egress': start
[09:19:51.623] [bmv2] [D] [thread 107770] [98.0] [cxt 0] Pipeline 'egress': end
[09:19:51.623] [bmv2] [D] [thread 107770] [98.0] [cxt 0] Deparser 'deparser': start
[09:19:51.623] [bmv2] [D] [thread 107770] [98.0] [cxt 0] Updating checksum 'cksum'
[09:19:51.623] [bmv2] [D] [thread 107770] [98.0] [cxt 0] Deparsing header 'ethernet'
[09:19:51.623] [bmv2] [D] [thread 107770] [98.0] [cxt 0] Deparsing header 'ipv4'
[09:19:51.623] [bmv2] [D] [thread 107770] [98.0] [cxt 0] Deparser 'deparser': end
[09:19:51.623] [bmv2] [D] [thread 107772] [98.0] [cxt 0] Transmitting packet of size 336 out of port 2
[09:19:51.749] [bmv2] [D] [thread 107767] [99.0] [cxt 0] Processing packet received on port 2
[09:19:51.749] [bmv2] [D] [thread 107767] [99.0] [cxt 0] Parser 'parser': start
[09:19:51.749] [bmv2] [D] [thread 107767] [99.0] [cxt 0] Parser 'parser' entering state 'start'
[09:19:51.749] [bmv2] [D] [thread 107767] [99.0] [cxt 0] Extracting header 'ethernet'
[09:19:51.749] [bmv2] [D] [thread 107767] [99.0] [cxt 0] Parser state 'start': key is 86dd
[09:19:51.749] [bmv2] [T] [thread 107767] [99.0] [cxt 0] Bytes parsed: 14
[09:19:51.749] [bmv2] [D] [thread 107767] [99.0] [cxt 0] Parser 'parser': end
[09:19:51.749] [bmv2] [D] [thread 107767] [99.0] [cxt 0] Pipeline 'ingress': start
[09:19:51.750] [bmv2] [T] [thread 107767] [99.0] [cxt 0] switch.p4(116) Condition "hdr.ipv4.isValid()" (node_2) is false
[09:19:51.750] [bmv2] [D] [thread 107767] [99.0] [cxt 0] Pipeline 'ingress': end
[09:19:51.750] [bmv2] [D] [thread 107767] [99.0] [cxt 0] Egress port is 0
[09:19:51.750] [bmv2] [D] [thread 107768] [99.0] [cxt 0] Pipeline 'egress': start
[09:19:51.750] [bmv2] [D] [thread 107768] [99.0] [cxt 0] Pipeline 'egress': end
[09:19:51.750] [bmv2] [D] [thread 107768] [99.0] [cxt 0] Deparser 'deparser': start
[09:19:51.750] [bmv2] [T] [thread 107768] [99.0] [cxt 0] Skipping checksum 'cksum' update because condition not met
[09:19:51.750] [bmv2] [D] [thread 107768] [99.0] [cxt 0] Deparsing header 'ethernet'
[09:19:51.750] [bmv2] [D] [thread 107768] [99.0] [cxt 0] Deparser 'deparser': end
[09:19:51.750] [bmv2] [D] [thread 107772] [99.0] [cxt 0] Transmitting packet of size 203 out of port 0
[09:19:52.149] [bmv2] [D] [thread 107767] [100.0] [cxt 0] Processing packet received on port 2
[09:19:52.149] [bmv2] [D] [thread 107767] [100.0] [cxt 0] Parser 'parser': start
[09:19:52.149] [bmv2] [D] [thread 107767] [100.0] [cxt 0] Parser 'parser' entering state 'start'
[09:19:52.149] [bmv2] [D] [thread 107767] [100.0] [cxt 0] Extracting header 'ethernet'
[09:19:52.149] [bmv2] [D] [thread 107767] [100.0] [cxt 0] Parser state 'start': key is 86dd
[09:19:52.149] [bmv2] [T] [thread 107767] [100.0] [cxt 0] Bytes parsed: 14
[09:19:52.149] [bmv2] [D] [thread 107767] [100.0] [cxt 0] Parser 'parser': end
[09:19:52.149] [bmv2] [D] [thread 107767] [100.0] [cxt 0] Pipeline 'ingress': start
[09:19:52.149] [bmv2] [T] [thread 107767] [100.0] [cxt 0] switch.p4(116) Condition "hdr.ipv4.isValid()" (node_2) is false
[09:19:52.149] [bmv2] [D] [thread 107767] [100.0] [cxt 0] Pipeline 'ingress': end
[09:19:52.149] [bmv2] [D] [thread 107767] [100.0] [cxt 0] Egress port is 0
[09:19:52.149] [bmv2] [D] [thread 107768] [100.0] [cxt 0] Pipeline 'egress': start
[09:19:52.149] [bmv2] [D] [thread 107768] [100.0] [cxt 0] Pipeline 'egress': end
[09:19:52.149] [bmv2] [D] [thread 107768] [100.0] [cxt 0] Deparser 'deparser': start
[09:19:52.149] [bmv2] [T] [thread 107768] [100.0] [cxt 0] Skipping checksum 'cksum' update because condition not met
[09:19:52.149] [bmv2] [D] [thread 107768] [100.0] [cxt 0] Deparsing header 'ethernet'
[09:19:52.149] [bmv2] [D] [thread 107768] [100.0] [cxt 0] Deparser 'deparser': end
[09:19:52.149] [bmv2] [D] [thread 107772] [100.0] [cxt 0] Transmitting packet of size 203 out of port 0
[09:19:52.957] [bmv2] [D] [thread 107767] [101.0] [cxt 0] Processing packet received on port 1
[09:19:52.961] [bmv2] [D] [thread 107767] [101.0] [cxt 0] Parser 'parser': start
[09:19:52.961] [bmv2] [D] [thread 107767] [101.0] [cxt 0] Parser 'parser' entering state 'start'
[09:19:52.961] [bmv2] [D] [thread 107767] [101.0] [cxt 0] Extracting header 'ethernet'
[09:19:52.961] [bmv2] [D] [thread 107767] [101.0] [cxt 0] Parser state 'start': key is 0800
[09:19:52.961] [bmv2] [T] [thread 107767] [101.0] [cxt 0] Bytes parsed: 14
[09:19:52.961] [bmv2] [D] [thread 107767] [101.0] [cxt 0] Parser 'parser' entering state 'parse_ipv4'
[09:19:52.961] [bmv2] [D] [thread 107767] [101.0] [cxt 0] Extracting header 'ipv4'
[09:19:52.961] [bmv2] [D] [thread 107767] [101.0] [cxt 0] Parser state 'parse_ipv4' has no switch, going to default next state
[09:19:52.961] [bmv2] [T] [thread 107767] [101.0] [cxt 0] Bytes parsed: 34
[09:19:52.961] [bmv2] [D] [thread 107767] [101.0] [cxt 0] Parser 'parser': end
[09:19:52.961] [bmv2] [D] [thread 107767] [101.0] [cxt 0] Pipeline 'ingress': start
[09:19:52.961] [bmv2] [T] [thread 107767] [101.0] [cxt 0] switch.p4(116) Condition "hdr.ipv4.isValid()" (node_2) is true
[09:19:52.961] [bmv2] [T] [thread 107767] [101.0] [cxt 0] Applying table 'MyIngress.ipv4_lpm'
[09:19:52.961] [bmv2] [D] [thread 107767] [101.0] [cxt 0] Looking up key:
* hdr.ipv4.dstAddr    : 0a000202

[09:19:52.961] [bmv2] [D] [thread 107767] [101.0] [cxt 0] Table 'MyIngress.ipv4_lpm': hit with handle 1
[09:19:52.961] [bmv2] [D] [thread 107767] [101.0] [cxt 0] Dumping entry 1
Match key:
* hdr.ipv4.dstAddr    : LPM       0a000202/32
Action entry: MyIngress.ipv4_forward - 80000000200,2,

[09:19:52.961] [bmv2] [D] [thread 107767] [101.0] [cxt 0] Action entry is MyIngress.ipv4_forward - 80000000200,2,
[09:19:52.961] [bmv2] [T] [thread 107767] [101.0] [cxt 0] Action MyIngress.ipv4_forward
[09:19:52.961] [bmv2] [T] [thread 107767] [101.0] [cxt 0] switch.p4(96) Primitive standard_metadata.egress_spec = port
[09:19:52.961] [bmv2] [T] [thread 107767] [101.0] [cxt 0] switch.p4(97) Primitive hdr.ethernet.srcAddr = hdr.ethernet.dstAddr
[09:19:52.961] [bmv2] [T] [thread 107767] [101.0] [cxt 0] switch.p4(98) Primitive hdr.ethernet.dstAddr = dstAddr
[09:19:52.961] [bmv2] [T] [thread 107767] [101.0] [cxt 0] switch.p4(99) Primitive hdr.ipv4.ttl = hdr.ipv4.ttl - 1
[09:19:52.961] [bmv2] [D] [thread 107767] [101.0] [cxt 0] Pipeline 'ingress': end
[09:19:52.961] [bmv2] [D] [thread 107767] [101.0] [cxt 0] Egress port is 2
[09:19:52.961] [bmv2] [D] [thread 107770] [101.0] [cxt 0] Pipeline 'egress': start
[09:19:52.961] [bmv2] [D] [thread 107770] [101.0] [cxt 0] Pipeline 'egress': end
[09:19:52.961] [bmv2] [D] [thread 107770] [101.0] [cxt 0] Deparser 'deparser': start
[09:19:52.961] [bmv2] [D] [thread 107770] [101.0] [cxt 0] Updating checksum 'cksum'
[09:19:52.961] [bmv2] [D] [thread 107770] [101.0] [cxt 0] Deparsing header 'ethernet'
[09:19:52.961] [bmv2] [D] [thread 107770] [101.0] [cxt 0] Deparsing header 'ipv4'
[09:19:52.961] [bmv2] [D] [thread 107770] [101.0] [cxt 0] Deparser 'deparser': end
[09:19:52.961] [bmv2] [D] [thread 107772] [101.0] [cxt 0] Transmitting packet of size 48 out of port 2
[09:19:52.969] [bmv2] [D] [thread 107767] [102.0] [cxt 0] Processing packet received on port 2
[09:19:52.969] [bmv2] [D] [thread 107767] [102.0] [cxt 0] Parser 'parser': start
[09:19:52.969] [bmv2] [D] [thread 107767] [102.0] [cxt 0] Parser 'parser' entering state 'start'
[09:19:52.969] [bmv2] [D] [thread 107767] [102.0] [cxt 0] Extracting header 'ethernet'
[09:19:52.969] [bmv2] [D] [thread 107767] [102.0] [cxt 0] Parser state 'start': key is 0800
[09:19:52.969] [bmv2] [T] [thread 107767] [102.0] [cxt 0] Bytes parsed: 14
[09:19:52.969] [bmv2] [D] [thread 107767] [102.0] [cxt 0] Parser 'parser' entering state 'parse_ipv4'
[09:19:52.969] [bmv2] [D] [thread 107767] [102.0] [cxt 0] Extracting header 'ipv4'
[09:19:52.969] [bmv2] [D] [thread 107767] [102.0] [cxt 0] Parser state 'parse_ipv4' has no switch, going to default next state
[09:19:52.969] [bmv2] [T] [thread 107767] [102.0] [cxt 0] Bytes parsed: 34
[09:19:52.969] [bmv2] [D] [thread 107767] [102.0] [cxt 0] Parser 'parser': end
[09:19:52.969] [bmv2] [D] [thread 107767] [102.0] [cxt 0] Pipeline 'ingress': start
[09:19:52.969] [bmv2] [T] [thread 107767] [102.0] [cxt 0] switch.p4(116) Condition "hdr.ipv4.isValid()" (node_2) is true
[09:19:52.969] [bmv2] [T] [thread 107767] [102.0] [cxt 0] Applying table 'MyIngress.ipv4_lpm'
[09:19:52.969] [bmv2] [D] [thread 107767] [102.0] [cxt 0] Looking up key:
* hdr.ipv4.dstAddr    : 0a000101

[09:19:52.969] [bmv2] [D] [thread 107767] [102.0] [cxt 0] Table 'MyIngress.ipv4_lpm': hit with handle 0
[09:19:52.969] [bmv2] [D] [thread 107767] [102.0] [cxt 0] Dumping entry 0
Match key:
* hdr.ipv4.dstAddr    : LPM       0a000101/32
Action entry: MyIngress.ipv4_forward - 80000000111,1,

[09:19:52.969] [bmv2] [D] [thread 107767] [102.0] [cxt 0] Action entry is MyIngress.ipv4_forward - 80000000111,1,
[09:19:52.969] [bmv2] [T] [thread 107767] [102.0] [cxt 0] Action MyIngress.ipv4_forward
[09:19:52.969] [bmv2] [T] [thread 107767] [102.0] [cxt 0] switch.p4(96) Primitive standard_metadata.egress_spec = port
[09:19:52.969] [bmv2] [T] [thread 107767] [102.0] [cxt 0] switch.p4(97) Primitive hdr.ethernet.srcAddr = hdr.ethernet.dstAddr
[09:19:52.969] [bmv2] [T] [thread 107767] [102.0] [cxt 0] switch.p4(98) Primitive hdr.ethernet.dstAddr = dstAddr
[09:19:52.969] [bmv2] [T] [thread 107767] [102.0] [cxt 0] switch.p4(99) Primitive hdr.ipv4.ttl = hdr.ipv4.ttl - 1
[09:19:52.969] [bmv2] [D] [thread 107767] [102.0] [cxt 0] Pipeline 'ingress': end
[09:19:52.969] [bmv2] [D] [thread 107767] [102.0] [cxt 0] Egress port is 1
[09:19:52.969] [bmv2] [D] [thread 107769] [102.0] [cxt 0] Pipeline 'egress': start
[09:19:52.969] [bmv2] [D] [thread 107769] [102.0] [cxt 0] Pipeline 'egress': end
[09:19:52.970] [bmv2] [D] [thread 107769] [102.0] [cxt 0] Deparser 'deparser': start
[09:19:52.970] [bmv2] [D] [thread 107769] [102.0] [cxt 0] Updating checksum 'cksum'
[09:19:52.970] [bmv2] [D] [thread 107769] [102.0] [cxt 0] Deparsing header 'ethernet'
[09:19:52.970] [bmv2] [D] [thread 107769] [102.0] [cxt 0] Deparsing header 'ipv4'
[09:19:52.970] [bmv2] [D] [thread 107769] [102.0] [cxt 0] Deparser 'deparser': end
[09:19:52.970] [bmv2] [D] [thread 107772] [102.0] [cxt 0] Transmitting packet of size 76 out of port 1
[09:19:52.991] [bmv2] [D] [thread 107767] [103.0] [cxt 0] Processing packet received on port 2
[09:19:52.991] [bmv2] [D] [thread 107767] [103.0] [cxt 0] Parser 'parser': start
[09:19:52.991] [bmv2] [D] [thread 107767] [103.0] [cxt 0] Parser 'parser' entering state 'start'
[09:19:52.991] [bmv2] [D] [thread 107767] [103.0] [cxt 0] Extracting header 'ethernet'
[09:19:52.991] [bmv2] [D] [thread 107767] [103.0] [cxt 0] Parser state 'start': key is 0800
[09:19:52.991] [bmv2] [T] [thread 107767] [103.0] [cxt 0] Bytes parsed: 14
[09:19:52.991] [bmv2] [D] [thread 107767] [103.0] [cxt 0] Parser 'parser' entering state 'parse_ipv4'
[09:19:52.991] [bmv2] [D] [thread 107767] [103.0] [cxt 0] Extracting header 'ipv4'
[09:19:52.991] [bmv2] [D] [thread 107767] [103.0] [cxt 0] Parser state 'parse_ipv4' has no switch, going to default next state
[09:19:52.991] [bmv2] [T] [thread 107767] [103.0] [cxt 0] Bytes parsed: 34
[09:19:52.991] [bmv2] [D] [thread 107767] [103.0] [cxt 0] Parser 'parser': end
[09:19:52.991] [bmv2] [D] [thread 107767] [103.0] [cxt 0] Pipeline 'ingress': start
[09:19:52.991] [bmv2] [T] [thread 107767] [103.0] [cxt 0] switch.p4(116) Condition "hdr.ipv4.isValid()" (node_2) is true
[09:19:52.991] [bmv2] [T] [thread 107767] [103.0] [cxt 0] Applying table 'MyIngress.ipv4_lpm'
[09:19:52.991] [bmv2] [D] [thread 107767] [103.0] [cxt 0] Looking up key:
* hdr.ipv4.dstAddr    : 0a000101

[09:19:52.991] [bmv2] [D] [thread 107767] [103.0] [cxt 0] Table 'MyIngress.ipv4_lpm': hit with handle 0
[09:19:52.991] [bmv2] [D] [thread 107767] [103.0] [cxt 0] Dumping entry 0
Match key:
* hdr.ipv4.dstAddr    : LPM       0a000101/32
Action entry: MyIngress.ipv4_forward - 80000000111,1,

[09:19:52.991] [bmv2] [D] [thread 107767] [103.0] [cxt 0] Action entry is MyIngress.ipv4_forward - 80000000111,1,
[09:19:52.991] [bmv2] [T] [thread 107767] [103.0] [cxt 0] Action MyIngress.ipv4_forward
[09:19:52.991] [bmv2] [T] [thread 107767] [103.0] [cxt 0] switch.p4(96) Primitive standard_metadata.egress_spec = port
[09:19:52.991] [bmv2] [T] [thread 107767] [103.0] [cxt 0] switch.p4(97) Primitive hdr.ethernet.srcAddr = hdr.ethernet.dstAddr
[09:19:52.991] [bmv2] [T] [thread 107767] [103.0] [cxt 0] switch.p4(98) Primitive hdr.ethernet.dstAddr = dstAddr
[09:19:52.991] [bmv2] [T] [thread 107767] [103.0] [cxt 0] switch.p4(99) Primitive hdr.ipv4.ttl = hdr.ipv4.ttl - 1
[09:19:52.991] [bmv2] [D] [thread 107767] [103.0] [cxt 0] Pipeline 'ingress': end
[09:19:52.991] [bmv2] [D] [thread 107767] [103.0] [cxt 0] Egress port is 1
[09:19:52.991] [bmv2] [D] [thread 107769] [103.0] [cxt 0] Pipeline 'egress': start
[09:19:52.991] [bmv2] [D] [thread 107769] [103.0] [cxt 0] Pipeline 'egress': end
[09:19:52.991] [bmv2] [D] [thread 107769] [103.0] [cxt 0] Deparser 'deparser': start
[09:19:52.991] [bmv2] [D] [thread 107769] [103.0] [cxt 0] Updating checksum 'cksum'
[09:19:52.991] [bmv2] [D] [thread 107769] [103.0] [cxt 0] Deparsing header 'ethernet'
[09:19:52.991] [bmv2] [D] [thread 107769] [103.0] [cxt 0] Deparsing header 'ipv4'
[09:19:52.991] [bmv2] [D] [thread 107769] [103.0] [cxt 0] Deparser 'deparser': end
[09:19:52.991] [bmv2] [D] [thread 107772] [103.0] [cxt 0] Transmitting packet of size 308 out of port 1
[09:19:52.991] [bmv2] [D] [thread 107767] [104.0] [cxt 0] Processing packet received on port 1
[09:19:52.991] [bmv2] [D] [thread 107767] [104.0] [cxt 0] Parser 'parser': start
[09:19:52.991] [bmv2] [D] [thread 107767] [104.0] [cxt 0] Parser 'parser' entering state 'start'
[09:19:52.991] [bmv2] [D] [thread 107767] [104.0] [cxt 0] Extracting header 'ethernet'
[09:19:52.991] [bmv2] [D] [thread 107767] [104.0] [cxt 0] Parser state 'start': key is 0800
[09:19:52.991] [bmv2] [T] [thread 107767] [104.0] [cxt 0] Bytes parsed: 14
[09:19:52.991] [bmv2] [D] [thread 107767] [104.0] [cxt 0] Parser 'parser' entering state 'parse_ipv4'
[09:19:52.991] [bmv2] [D] [thread 107767] [104.0] [cxt 0] Extracting header 'ipv4'
[09:19:52.991] [bmv2] [D] [thread 107767] [104.0] [cxt 0] Parser state 'parse_ipv4' has no switch, going to default next state
[09:19:52.991] [bmv2] [T] [thread 107767] [104.0] [cxt 0] Bytes parsed: 34
[09:19:52.991] [bmv2] [D] [thread 107767] [104.0] [cxt 0] Parser 'parser': end
[09:19:52.991] [bmv2] [D] [thread 107767] [104.0] [cxt 0] Pipeline 'ingress': start
[09:19:52.991] [bmv2] [T] [thread 107767] [104.0] [cxt 0] switch.p4(116) Condition "hdr.ipv4.isValid()" (node_2) is true
[09:19:52.991] [bmv2] [T] [thread 107767] [104.0] [cxt 0] Applying table 'MyIngress.ipv4_lpm'
[09:19:52.991] [bmv2] [D] [thread 107767] [104.0] [cxt 0] Looking up key:
* hdr.ipv4.dstAddr    : 0a000202

[09:19:52.991] [bmv2] [D] [thread 107767] [104.0] [cxt 0] Table 'MyIngress.ipv4_lpm': hit with handle 1
[09:19:52.991] [bmv2] [D] [thread 107767] [104.0] [cxt 0] Dumping entry 1
Match key:
* hdr.ipv4.dstAddr    : LPM       0a000202/32
Action entry: MyIngress.ipv4_forward - 80000000200,2,

[09:19:52.991] [bmv2] [D] [thread 107767] [104.0] [cxt 0] Action entry is MyIngress.ipv4_forward - 80000000200,2,
[09:19:52.991] [bmv2] [T] [thread 107767] [104.0] [cxt 0] Action MyIngress.ipv4_forward
[09:19:52.991] [bmv2] [T] [thread 107767] [104.0] [cxt 0] switch.p4(96) Primitive standard_metadata.egress_spec = port
[09:19:52.991] [bmv2] [T] [thread 107767] [104.0] [cxt 0] switch.p4(97) Primitive hdr.ethernet.srcAddr = hdr.ethernet.dstAddr
[09:19:52.991] [bmv2] [T] [thread 107767] [104.0] [cxt 0] switch.p4(98) Primitive hdr.ethernet.dstAddr = dstAddr
[09:19:52.991] [bmv2] [T] [thread 107767] [104.0] [cxt 0] switch.p4(99) Primitive hdr.ipv4.ttl = hdr.ipv4.ttl - 1
[09:19:52.991] [bmv2] [D] [thread 107767] [104.0] [cxt 0] Pipeline 'ingress': end
[09:19:52.991] [bmv2] [D] [thread 107767] [104.0] [cxt 0] Egress port is 2
[09:19:52.991] [bmv2] [D] [thread 107770] [104.0] [cxt 0] Pipeline 'egress': start
[09:19:52.991] [bmv2] [D] [thread 107770] [104.0] [cxt 0] Pipeline 'egress': end
[09:19:52.991] [bmv2] [D] [thread 107770] [104.0] [cxt 0] Deparser 'deparser': start
[09:19:52.991] [bmv2] [D] [thread 107770] [104.0] [cxt 0] Updating checksum 'cksum'
[09:19:52.991] [bmv2] [D] [thread 107770] [104.0] [cxt 0] Deparsing header 'ethernet'
[09:19:52.991] [bmv2] [D] [thread 107770] [104.0] [cxt 0] Deparsing header 'ipv4'
[09:19:52.991] [bmv2] [D] [thread 107770] [104.0] [cxt 0] Deparser 'deparser': end
[09:19:52.991] [bmv2] [D] [thread 107772] [104.0] [cxt 0] Transmitting packet of size 336 out of port 2
[09:19:53.749] [bmv2] [D] [thread 107767] [105.0] [cxt 0] Processing packet received on port 1
[09:19:53.749] [bmv2] [D] [thread 107767] [105.0] [cxt 0] Parser 'parser': start
[09:19:53.749] [bmv2] [D] [thread 107767] [105.0] [cxt 0] Parser 'parser' entering state 'start'
[09:19:53.749] [bmv2] [D] [thread 107767] [105.0] [cxt 0] Extracting header 'ethernet'
[09:19:53.749] [bmv2] [D] [thread 107767] [105.0] [cxt 0] Parser state 'start': key is 0800
[09:19:53.749] [bmv2] [T] [thread 107767] [105.0] [cxt 0] Bytes parsed: 14
[09:19:53.749] [bmv2] [D] [thread 107767] [105.0] [cxt 0] Parser 'parser' entering state 'parse_ipv4'
[09:19:53.749] [bmv2] [D] [thread 107767] [105.0] [cxt 0] Extracting header 'ipv4'
[09:19:53.749] [bmv2] [D] [thread 107767] [105.0] [cxt 0] Parser state 'parse_ipv4' has no switch, going to default next state
[09:19:53.749] [bmv2] [T] [thread 107767] [105.0] [cxt 0] Bytes parsed: 34
[09:19:53.749] [bmv2] [D] [thread 107767] [105.0] [cxt 0] Parser 'parser': end
[09:19:53.749] [bmv2] [D] [thread 107767] [105.0] [cxt 0] Pipeline 'ingress': start
[09:19:53.749] [bmv2] [T] [thread 107767] [105.0] [cxt 0] switch.p4(116) Condition "hdr.ipv4.isValid()" (node_2) is true
[09:19:53.749] [bmv2] [T] [thread 107767] [105.0] [cxt 0] Applying table 'MyIngress.ipv4_lpm'
[09:19:53.749] [bmv2] [D] [thread 107767] [105.0] [cxt 0] Looking up key:
* hdr.ipv4.dstAddr    : 0a000202

[09:19:53.749] [bmv2] [D] [thread 107767] [105.0] [cxt 0] Table 'MyIngress.ipv4_lpm': hit with handle 1
[09:19:53.749] [bmv2] [D] [thread 107767] [105.0] [cxt 0] Dumping entry 1
Match key:
* hdr.ipv4.dstAddr    : LPM       0a000202/32
Action entry: MyIngress.ipv4_forward - 80000000200,2,

[09:19:53.749] [bmv2] [D] [thread 107767] [105.0] [cxt 0] Action entry is MyIngress.ipv4_forward - 80000000200,2,
[09:19:53.749] [bmv2] [T] [thread 107767] [105.0] [cxt 0] Action MyIngress.ipv4_forward
[09:19:53.749] [bmv2] [T] [thread 107767] [105.0] [cxt 0] switch.p4(96) Primitive standard_metadata.egress_spec = port
[09:19:53.749] [bmv2] [T] [thread 107767] [105.0] [cxt 0] switch.p4(97) Primitive hdr.ethernet.srcAddr = hdr.ethernet.dstAddr
[09:19:53.749] [bmv2] [T] [thread 107767] [105.0] [cxt 0] switch.p4(98) Primitive hdr.ethernet.dstAddr = dstAddr
[09:19:53.749] [bmv2] [T] [thread 107767] [105.0] [cxt 0] switch.p4(99) Primitive hdr.ipv4.ttl = hdr.ipv4.ttl - 1
[09:19:53.749] [bmv2] [D] [thread 107767] [105.0] [cxt 0] Pipeline 'ingress': end
[09:19:53.749] [bmv2] [D] [thread 107767] [105.0] [cxt 0] Egress port is 2
[09:19:53.749] [bmv2] [D] [thread 107770] [105.0] [cxt 0] Pipeline 'egress': start
[09:19:53.749] [bmv2] [D] [thread 107770] [105.0] [cxt 0] Pipeline 'egress': end
[09:19:53.749] [bmv2] [D] [thread 107770] [105.0] [cxt 0] Deparser 'deparser': start
[09:19:53.749] [bmv2] [D] [thread 107770] [105.0] [cxt 0] Updating checksum 'cksum'
[09:19:53.749] [bmv2] [D] [thread 107770] [105.0] [cxt 0] Deparsing header 'ethernet'
[09:19:53.749] [bmv2] [D] [thread 107770] [105.0] [cxt 0] Deparsing header 'ipv4'
[09:19:53.749] [bmv2] [D] [thread 107770] [105.0] [cxt 0] Deparser 'deparser': end
[09:19:53.749] [bmv2] [D] [thread 107772] [105.0] [cxt 0] Transmitting packet of size 48 out of port 2
[09:19:53.753] [bmv2] [D] [thread 107767] [106.0] [cxt 0] Processing packet received on port 2
[09:19:53.753] [bmv2] [D] [thread 107767] [106.0] [cxt 0] Parser 'parser': start
[09:19:53.753] [bmv2] [D] [thread 107767] [106.0] [cxt 0] Parser 'parser' entering state 'start'
[09:19:53.753] [bmv2] [D] [thread 107767] [106.0] [cxt 0] Extracting header 'ethernet'
[09:19:53.753] [bmv2] [D] [thread 107767] [106.0] [cxt 0] Parser state 'start': key is 0800
[09:19:53.753] [bmv2] [T] [thread 107767] [106.0] [cxt 0] Bytes parsed: 14
[09:19:53.753] [bmv2] [D] [thread 107767] [106.0] [cxt 0] Parser 'parser' entering state 'parse_ipv4'
[09:19:53.753] [bmv2] [D] [thread 107767] [106.0] [cxt 0] Extracting header 'ipv4'
[09:19:53.753] [bmv2] [D] [thread 107767] [106.0] [cxt 0] Parser state 'parse_ipv4' has no switch, going to default next state
[09:19:53.753] [bmv2] [T] [thread 107767] [106.0] [cxt 0] Bytes parsed: 34
[09:19:53.753] [bmv2] [D] [thread 107767] [106.0] [cxt 0] Parser 'parser': end
[09:19:53.753] [bmv2] [D] [thread 107767] [106.0] [cxt 0] Pipeline 'ingress': start
[09:19:53.753] [bmv2] [T] [thread 107767] [106.0] [cxt 0] switch.p4(116) Condition "hdr.ipv4.isValid()" (node_2) is true
[09:19:53.753] [bmv2] [T] [thread 107767] [106.0] [cxt 0] Applying table 'MyIngress.ipv4_lpm'
[09:19:53.753] [bmv2] [D] [thread 107767] [106.0] [cxt 0] Looking up key:
* hdr.ipv4.dstAddr    : 0a000101

[09:19:53.753] [bmv2] [D] [thread 107767] [106.0] [cxt 0] Table 'MyIngress.ipv4_lpm': hit with handle 0
[09:19:53.753] [bmv2] [D] [thread 107767] [106.0] [cxt 0] Dumping entry 0
Match key:
* hdr.ipv4.dstAddr    : LPM       0a000101/32
Action entry: MyIngress.ipv4_forward - 80000000111,1,

[09:19:53.753] [bmv2] [D] [thread 107767] [106.0] [cxt 0] Action entry is MyIngress.ipv4_forward - 80000000111,1,
[09:19:53.753] [bmv2] [T] [thread 107767] [106.0] [cxt 0] Action MyIngress.ipv4_forward
[09:19:53.753] [bmv2] [T] [thread 107767] [106.0] [cxt 0] switch.p4(96) Primitive standard_metadata.egress_spec = port
[09:19:53.753] [bmv2] [T] [thread 107767] [106.0] [cxt 0] switch.p4(97) Primitive hdr.ethernet.srcAddr = hdr.ethernet.dstAddr
[09:19:53.753] [bmv2] [T] [thread 107767] [106.0] [cxt 0] switch.p4(98) Primitive hdr.ethernet.dstAddr = dstAddr
[09:19:53.753] [bmv2] [T] [thread 107767] [106.0] [cxt 0] switch.p4(99) Primitive hdr.ipv4.ttl = hdr.ipv4.ttl - 1
[09:19:53.753] [bmv2] [D] [thread 107767] [106.0] [cxt 0] Pipeline 'ingress': end
[09:19:53.753] [bmv2] [D] [thread 107767] [106.0] [cxt 0] Egress port is 1
[09:19:53.753] [bmv2] [D] [thread 107769] [106.0] [cxt 0] Pipeline 'egress': start
[09:19:53.753] [bmv2] [D] [thread 107769] [106.0] [cxt 0] Pipeline 'egress': end
[09:19:53.753] [bmv2] [D] [thread 107769] [106.0] [cxt 0] Deparser 'deparser': start
[09:19:53.753] [bmv2] [D] [thread 107769] [106.0] [cxt 0] Updating checksum 'cksum'
[09:19:53.753] [bmv2] [D] [thread 107769] [106.0] [cxt 0] Deparsing header 'ethernet'
[09:19:53.753] [bmv2] [D] [thread 107769] [106.0] [cxt 0] Deparsing header 'ipv4'
[09:19:53.753] [bmv2] [D] [thread 107769] [106.0] [cxt 0] Deparser 'deparser': end
[09:19:53.753] [bmv2] [D] [thread 107772] [106.0] [cxt 0] Transmitting packet of size 76 out of port 1
[09:19:53.782] [bmv2] [D] [thread 107767] [107.0] [cxt 0] Processing packet received on port 2
[09:19:53.782] [bmv2] [D] [thread 107767] [107.0] [cxt 0] Parser 'parser': start
[09:19:53.782] [bmv2] [D] [thread 107767] [107.0] [cxt 0] Parser 'parser' entering state 'start'
[09:19:53.782] [bmv2] [D] [thread 107767] [107.0] [cxt 0] Extracting header 'ethernet'
[09:19:53.782] [bmv2] [D] [thread 107767] [107.0] [cxt 0] Parser state 'start': key is 0800
[09:19:53.782] [bmv2] [T] [thread 107767] [107.0] [cxt 0] Bytes parsed: 14
[09:19:53.782] [bmv2] [D] [thread 107767] [107.0] [cxt 0] Parser 'parser' entering state 'parse_ipv4'
[09:19:53.782] [bmv2] [D] [thread 107767] [107.0] [cxt 0] Extracting header 'ipv4'
[09:19:53.782] [bmv2] [D] [thread 107767] [107.0] [cxt 0] Parser state 'parse_ipv4' has no switch, going to default next state
[09:19:53.782] [bmv2] [T] [thread 107767] [107.0] [cxt 0] Bytes parsed: 34
[09:19:53.782] [bmv2] [D] [thread 107767] [107.0] [cxt 0] Parser 'parser': end
[09:19:53.782] [bmv2] [D] [thread 107767] [107.0] [cxt 0] Pipeline 'ingress': start
[09:19:53.782] [bmv2] [T] [thread 107767] [107.0] [cxt 0] switch.p4(116) Condition "hdr.ipv4.isValid()" (node_2) is true
[09:19:53.782] [bmv2] [T] [thread 107767] [107.0] [cxt 0] Applying table 'MyIngress.ipv4_lpm'
[09:19:53.782] [bmv2] [D] [thread 107767] [107.0] [cxt 0] Looking up key:
* hdr.ipv4.dstAddr    : 0a000101

[09:19:53.782] [bmv2] [D] [thread 107767] [107.0] [cxt 0] Table 'MyIngress.ipv4_lpm': hit with handle 0
[09:19:53.782] [bmv2] [D] [thread 107767] [107.0] [cxt 0] Dumping entry 0
Match key:
* hdr.ipv4.dstAddr    : LPM       0a000101/32
Action entry: MyIngress.ipv4_forward - 80000000111,1,

[09:19:53.782] [bmv2] [D] [thread 107767] [107.0] [cxt 0] Action entry is MyIngress.ipv4_forward - 80000000111,1,
[09:19:53.782] [bmv2] [T] [thread 107767] [107.0] [cxt 0] Action MyIngress.ipv4_forward
[09:19:53.782] [bmv2] [T] [thread 107767] [107.0] [cxt 0] switch.p4(96) Primitive standard_metadata.egress_spec = port
[09:19:53.782] [bmv2] [T] [thread 107767] [107.0] [cxt 0] switch.p4(97) Primitive hdr.ethernet.srcAddr = hdr.ethernet.dstAddr
[09:19:53.782] [bmv2] [T] [thread 107767] [107.0] [cxt 0] switch.p4(98) Primitive hdr.ethernet.dstAddr = dstAddr
[09:19:53.782] [bmv2] [T] [thread 107767] [107.0] [cxt 0] switch.p4(99) Primitive hdr.ipv4.ttl = hdr.ipv4.ttl - 1
[09:19:53.782] [bmv2] [D] [thread 107767] [107.0] [cxt 0] Pipeline 'ingress': end
[09:19:53.782] [bmv2] [D] [thread 107767] [107.0] [cxt 0] Egress port is 1
[09:19:53.782] [bmv2] [D] [thread 107769] [107.0] [cxt 0] Pipeline 'egress': start
[09:19:53.782] [bmv2] [D] [thread 107769] [107.0] [cxt 0] Pipeline 'egress': end
[09:19:53.782] [bmv2] [D] [thread 107769] [107.0] [cxt 0] Deparser 'deparser': start
[09:19:53.782] [bmv2] [D] [thread 107769] [107.0] [cxt 0] Updating checksum 'cksum'
[09:19:53.782] [bmv2] [D] [thread 107769] [107.0] [cxt 0] Deparsing header 'ethernet'
[09:19:53.782] [bmv2] [D] [thread 107769] [107.0] [cxt 0] Deparsing header 'ipv4'
[09:19:53.782] [bmv2] [D] [thread 107769] [107.0] [cxt 0] Deparser 'deparser': end
[09:19:53.782] [bmv2] [D] [thread 107772] [107.0] [cxt 0] Transmitting packet of size 308 out of port 1
[09:19:53.782] [bmv2] [D] [thread 107767] [108.0] [cxt 0] Processing packet received on port 1
[09:19:53.782] [bmv2] [D] [thread 107767] [108.0] [cxt 0] Parser 'parser': start
[09:19:53.782] [bmv2] [D] [thread 107767] [108.0] [cxt 0] Parser 'parser' entering state 'start'
[09:19:53.782] [bmv2] [D] [thread 107767] [108.0] [cxt 0] Extracting header 'ethernet'
[09:19:53.782] [bmv2] [D] [thread 107767] [108.0] [cxt 0] Parser state 'start': key is 0800
[09:19:53.782] [bmv2] [T] [thread 107767] [108.0] [cxt 0] Bytes parsed: 14
[09:19:53.782] [bmv2] [D] [thread 107767] [108.0] [cxt 0] Parser 'parser' entering state 'parse_ipv4'
[09:19:53.782] [bmv2] [D] [thread 107767] [108.0] [cxt 0] Extracting header 'ipv4'
[09:19:53.782] [bmv2] [D] [thread 107767] [108.0] [cxt 0] Parser state 'parse_ipv4' has no switch, going to default next state
[09:19:53.782] [bmv2] [T] [thread 107767] [108.0] [cxt 0] Bytes parsed: 34
[09:19:53.782] [bmv2] [D] [thread 107767] [108.0] [cxt 0] Parser 'parser': end
[09:19:53.782] [bmv2] [D] [thread 107767] [108.0] [cxt 0] Pipeline 'ingress': start
[09:19:53.782] [bmv2] [T] [thread 107767] [108.0] [cxt 0] switch.p4(116) Condition "hdr.ipv4.isValid()" (node_2) is true
[09:19:53.782] [bmv2] [T] [thread 107767] [108.0] [cxt 0] Applying table 'MyIngress.ipv4_lpm'
[09:19:53.782] [bmv2] [D] [thread 107767] [108.0] [cxt 0] Looking up key:
* hdr.ipv4.dstAddr    : 0a000202

[09:19:53.782] [bmv2] [D] [thread 107767] [108.0] [cxt 0] Table 'MyIngress.ipv4_lpm': hit with handle 1
[09:19:53.782] [bmv2] [D] [thread 107767] [108.0] [cxt 0] Dumping entry 1
Match key:
* hdr.ipv4.dstAddr    : LPM       0a000202/32
Action entry: MyIngress.ipv4_forward - 80000000200,2,

[09:19:53.782] [bmv2] [D] [thread 107767] [108.0] [cxt 0] Action entry is MyIngress.ipv4_forward - 80000000200,2,
[09:19:53.782] [bmv2] [T] [thread 107767] [108.0] [cxt 0] Action MyIngress.ipv4_forward
[09:19:53.782] [bmv2] [T] [thread 107767] [108.0] [cxt 0] switch.p4(96) Primitive standard_metadata.egress_spec = port
[09:19:53.782] [bmv2] [T] [thread 107767] [108.0] [cxt 0] switch.p4(97) Primitive hdr.ethernet.srcAddr = hdr.ethernet.dstAddr
[09:19:53.782] [bmv2] [T] [thread 107767] [108.0] [cxt 0] switch.p4(98) Primitive hdr.ethernet.dstAddr = dstAddr
[09:19:53.782] [bmv2] [T] [thread 107767] [108.0] [cxt 0] switch.p4(99) Primitive hdr.ipv4.ttl = hdr.ipv4.ttl - 1
[09:19:53.782] [bmv2] [D] [thread 107767] [108.0] [cxt 0] Pipeline 'ingress': end
[09:19:53.782] [bmv2] [D] [thread 107767] [108.0] [cxt 0] Egress port is 2
[09:19:53.782] [bmv2] [D] [thread 107770] [108.0] [cxt 0] Pipeline 'egress': start
[09:19:53.782] [bmv2] [D] [thread 107770] [108.0] [cxt 0] Pipeline 'egress': end
[09:19:53.782] [bmv2] [D] [thread 107770] [108.0] [cxt 0] Deparser 'deparser': start
[09:19:53.782] [bmv2] [D] [thread 107770] [108.0] [cxt 0] Updating checksum 'cksum'
[09:19:53.782] [bmv2] [D] [thread 107770] [108.0] [cxt 0] Deparsing header 'ethernet'
[09:19:53.782] [bmv2] [D] [thread 107770] [108.0] [cxt 0] Deparsing header 'ipv4'
[09:19:53.782] [bmv2] [D] [thread 107770] [108.0] [cxt 0] Deparser 'deparser': end
[09:19:53.782] [bmv2] [D] [thread 107772] [108.0] [cxt 0] Transmitting packet of size 336 out of port 2
open: No such file or directory
open: No such file or directory
