Calling target program-options parser
[09:13:16.167] [bmv2] [D] [thread 102387] Set default default entry for table 'MyIngress.ipv4_lpm': MyIngress.drop - 
Adding interface s1-eth1 as port 1
[09:13:16.167] [bmv2] [D] [thread 102387] Adding interface s1-eth1 as port 1
Adding interface s1-eth2 as port 2
[09:13:16.200] [bmv2] [D] [thread 102387] Adding interface s1-eth2 as port 2
Server listening on 0.0.0.0:50237
[09:13:16.212] [bmv2] [I] [thread 102387] Starting Thrift server on port 9276
[09:13:16.212] [bmv2] [I] [thread 102387] Thrift server was started
[09:13:16.324] [bmv2] [D] [thread 102402] [0.0] [cxt 0] Processing packet received on port 2
[09:13:16.324] [bmv2] [D] [thread 102402] [0.0] [cxt 0] Parser 'parser': start
[09:13:16.335] [bmv2] [D] [thread 102402] [0.0] [cxt 0] Parser 'parser' entering state 'start'
[09:13:16.335] [bmv2] [D] [thread 102402] [0.0] [cxt 0] Extracting header 'ethernet'
[09:13:16.335] [bmv2] [D] [thread 102402] [0.0] [cxt 0] Parser state 'start': key is 86dd
[09:13:16.335] [bmv2] [T] [thread 102402] [0.0] [cxt 0] Bytes parsed: 14
[09:13:16.335] [bmv2] [D] [thread 102402] [0.0] [cxt 0] Parser 'parser': end
[09:13:16.335] [bmv2] [D] [thread 102402] [0.0] [cxt 0] Pipeline 'ingress': start
[09:13:16.335] [bmv2] [T] [thread 102402] [0.0] [cxt 0] switch.p4(116) Condition "hdr.ipv4.isValid()" (node_2) is false
[09:13:16.335] [bmv2] [D] [thread 102402] [0.0] [cxt 0] Pipeline 'ingress': end
[09:13:16.336] [bmv2] [D] [thread 102402] [0.0] [cxt 0] Egress port is 0
[09:13:16.337] [bmv2] [D] [thread 102403] [0.0] [cxt 0] Pipeline 'egress': start
[09:13:16.337] [bmv2] [D] [thread 102403] [0.0] [cxt 0] Pipeline 'egress': end
[09:13:16.338] [bmv2] [D] [thread 102403] [0.0] [cxt 0] Deparser 'deparser': start
[09:13:16.338] [bmv2] [T] [thread 102403] [0.0] [cxt 0] Skipping checksum 'cksum' update because condition not met
[09:13:16.338] [bmv2] [D] [thread 102403] [0.0] [cxt 0] Deparsing header 'ethernet'
[09:13:16.339] [bmv2] [D] [thread 102403] [0.0] [cxt 0] Deparser 'deparser': end
[09:13:16.339] [bmv2] [D] [thread 102407] [0.0] [cxt 0] Transmitting packet of size 86 out of port 0
[09:13:16.433] [bmv2] [D] [thread 102402] [1.0] [cxt 0] Processing packet received on port 1
[09:13:16.433] [bmv2] [D] [thread 102402] [1.0] [cxt 0] Parser 'parser': start
[09:13:16.433] [bmv2] [D] [thread 102402] [1.0] [cxt 0] Parser 'parser' entering state 'start'
[09:13:16.433] [bmv2] [D] [thread 102402] [1.0] [cxt 0] Extracting header 'ethernet'
[09:13:16.433] [bmv2] [D] [thread 102402] [1.0] [cxt 0] Parser state 'start': key is 86dd
[09:13:16.433] [bmv2] [T] [thread 102402] [1.0] [cxt 0] Bytes parsed: 14
[09:13:16.433] [bmv2] [D] [thread 102402] [1.0] [cxt 0] Parser 'parser': end
[09:13:16.433] [bmv2] [D] [thread 102402] [1.0] [cxt 0] Pipeline 'ingress': start
[09:13:16.433] [bmv2] [T] [thread 102402] [1.0] [cxt 0] switch.p4(116) Condition "hdr.ipv4.isValid()" (node_2) is false
[09:13:16.433] [bmv2] [D] [thread 102402] [1.0] [cxt 0] Pipeline 'ingress': end
[09:13:16.433] [bmv2] [D] [thread 102402] [1.0] [cxt 0] Egress port is 0
[09:13:16.433] [bmv2] [D] [thread 102403] [1.0] [cxt 0] Pipeline 'egress': start
[09:13:16.433] [bmv2] [D] [thread 102403] [1.0] [cxt 0] Pipeline 'egress': end
[09:13:16.433] [bmv2] [D] [thread 102403] [1.0] [cxt 0] Deparser 'deparser': start
[09:13:16.433] [bmv2] [T] [thread 102403] [1.0] [cxt 0] Skipping checksum 'cksum' update because condition not met
[09:13:16.433] [bmv2] [D] [thread 102403] [1.0] [cxt 0] Deparsing header 'ethernet'
[09:13:16.433] [bmv2] [D] [thread 102403] [1.0] [cxt 0] Deparser 'deparser': end
[09:13:16.433] [bmv2] [D] [thread 102407] [1.0] [cxt 0] Transmitting packet of size 90 out of port 0
[09:13:16.616] [bmv2] [D] [thread 102402] [2.0] [cxt 0] Processing packet received on port 2
[09:13:16.616] [bmv2] [D] [thread 102402] [2.0] [cxt 0] Parser 'parser': start
[09:13:16.616] [bmv2] [D] [thread 102402] [2.0] [cxt 0] Parser 'parser' entering state 'start'
[09:13:16.616] [bmv2] [D] [thread 102402] [2.0] [cxt 0] Extracting header 'ethernet'
[09:13:16.616] [bmv2] [D] [thread 102402] [2.0] [cxt 0] Parser state 'start': key is 86dd
[09:13:16.616] [bmv2] [T] [thread 102402] [2.0] [cxt 0] Bytes parsed: 14
[09:13:16.616] [bmv2] [D] [thread 102402] [2.0] [cxt 0] Parser 'parser': end
[09:13:16.616] [bmv2] [D] [thread 102402] [2.0] [cxt 0] Pipeline 'ingress': start
[09:13:16.616] [bmv2] [T] [thread 102402] [2.0] [cxt 0] switch.p4(116) Condition "hdr.ipv4.isValid()" (node_2) is false
[09:13:16.616] [bmv2] [D] [thread 102402] [2.0] [cxt 0] Pipeline 'ingress': end
[09:13:16.621] [bmv2] [D] [thread 102402] [2.0] [cxt 0] Egress port is 0
[09:13:16.621] [bmv2] [D] [thread 102403] [2.0] [cxt 0] Pipeline 'egress': start
[09:13:16.626] [bmv2] [D] [thread 102403] [2.0] [cxt 0] Pipeline 'egress': end
[09:13:16.626] [bmv2] [D] [thread 102403] [2.0] [cxt 0] Deparser 'deparser': start
[09:13:16.626] [bmv2] [T] [thread 102403] [2.0] [cxt 0] Skipping checksum 'cksum' update because condition not met
[09:13:16.626] [bmv2] [D] [thread 102403] [2.0] [cxt 0] Deparsing header 'ethernet'
[09:13:16.626] [bmv2] [D] [thread 102403] [2.0] [cxt 0] Deparser 'deparser': end
[09:13:16.626] [bmv2] [D] [thread 102407] [2.0] [cxt 0] Transmitting packet of size 90 out of port 0
[09:13:16.675] [bmv2] [D] [thread 102402] [3.0] [cxt 0] Processing packet received on port 2
[09:13:16.675] [bmv2] [D] [thread 102402] [3.0] [cxt 0] Parser 'parser': start
[09:13:16.675] [bmv2] [D] [thread 102402] [3.0] [cxt 0] Parser 'parser' entering state 'start'
[09:13:16.675] [bmv2] [D] [thread 102402] [3.0] [cxt 0] Extracting header 'ethernet'
[09:13:16.680] [bmv2] [D] [thread 102402] [3.0] [cxt 0] Parser state 'start': key is 86dd
[09:13:16.680] [bmv2] [T] [thread 102402] [3.0] [cxt 0] Bytes parsed: 14
[09:13:16.680] [bmv2] [D] [thread 102402] [3.0] [cxt 0] Parser 'parser': end
[09:13:16.685] [bmv2] [D] [thread 102402] [3.0] [cxt 0] Pipeline 'ingress': start
[09:13:16.685] [bmv2] [T] [thread 102402] [3.0] [cxt 0] switch.p4(116) Condition "hdr.ipv4.isValid()" (node_2) is false
[09:13:16.690] [bmv2] [D] [thread 102402] [3.0] [cxt 0] Pipeline 'ingress': end
[09:13:16.695] [bmv2] [D] [thread 102402] [3.0] [cxt 0] Egress port is 0
[09:13:16.695] [bmv2] [D] [thread 102403] [3.0] [cxt 0] Pipeline 'egress': start
[09:13:16.695] [bmv2] [D] [thread 102403] [3.0] [cxt 0] Pipeline 'egress': end
[09:13:16.695] [bmv2] [D] [thread 102403] [3.0] [cxt 0] Deparser 'deparser': start
[09:13:16.695] [bmv2] [T] [thread 102403] [3.0] [cxt 0] Skipping checksum 'cksum' update because condition not met
[09:13:16.695] [bmv2] [D] [thread 102403] [3.0] [cxt 0] Deparsing header 'ethernet'
[09:13:16.695] [bmv2] [D] [thread 102403] [3.0] [cxt 0] Deparser 'deparser': end
[09:13:16.695] [bmv2] [D] [thread 102407] [3.0] [cxt 0] Transmitting packet of size 90 out of port 0
[09:13:17.050] [bmv2] [D] [thread 102402] [4.0] [cxt 0] Processing packet received on port 2
[09:13:17.050] [bmv2] [D] [thread 102402] [4.0] [cxt 0] Parser 'parser': start
[09:13:17.050] [bmv2] [D] [thread 102402] [4.0] [cxt 0] Parser 'parser' entering state 'start'
[09:13:17.050] [bmv2] [D] [thread 102402] [4.0] [cxt 0] Extracting header 'ethernet'
[09:13:17.050] [bmv2] [D] [thread 102402] [4.0] [cxt 0] Parser state 'start': key is 86dd
[09:13:17.050] [bmv2] [T] [thread 102402] [4.0] [cxt 0] Bytes parsed: 14
[09:13:17.050] [bmv2] [D] [thread 102402] [4.0] [cxt 0] Parser 'parser': end
[09:13:17.050] [bmv2] [D] [thread 102402] [4.0] [cxt 0] Pipeline 'ingress': start
[09:13:17.050] [bmv2] [T] [thread 102402] [4.0] [cxt 0] switch.p4(116) Condition "hdr.ipv4.isValid()" (node_2) is false
[09:13:17.050] [bmv2] [D] [thread 102402] [4.0] [cxt 0] Pipeline 'ingress': end
[09:13:17.050] [bmv2] [D] [thread 102402] [4.0] [cxt 0] Egress port is 0
[09:13:17.050] [bmv2] [D] [thread 102403] [4.0] [cxt 0] Pipeline 'egress': start
[09:13:17.050] [bmv2] [D] [thread 102403] [4.0] [cxt 0] Pipeline 'egress': end
[09:13:17.050] [bmv2] [D] [thread 102403] [4.0] [cxt 0] Deparser 'deparser': start
[09:13:17.050] [bmv2] [T] [thread 102403] [4.0] [cxt 0] Skipping checksum 'cksum' update because condition not met
[09:13:17.050] [bmv2] [D] [thread 102403] [4.0] [cxt 0] Deparsing header 'ethernet'
[09:13:17.050] [bmv2] [D] [thread 102403] [4.0] [cxt 0] Deparser 'deparser': end
[09:13:17.050] [bmv2] [D] [thread 102407] [4.0] [cxt 0] Transmitting packet of size 110 out of port 0
[09:13:17.050] [bmv2] [D] [thread 102402] [5.0] [cxt 0] Processing packet received on port 2
[09:13:17.050] [bmv2] [D] [thread 102402] [5.0] [cxt 0] Parser 'parser': start
[09:13:17.050] [bmv2] [D] [thread 102402] [5.0] [cxt 0] Parser 'parser' entering state 'start'
[09:13:17.050] [bmv2] [D] [thread 102402] [5.0] [cxt 0] Extracting header 'ethernet'
[09:13:17.050] [bmv2] [D] [thread 102402] [5.0] [cxt 0] Parser state 'start': key is 86dd
[09:13:17.050] [bmv2] [T] [thread 102402] [5.0] [cxt 0] Bytes parsed: 14
[09:13:17.050] [bmv2] [D] [thread 102402] [5.0] [cxt 0] Parser 'parser': end
[09:13:17.050] [bmv2] [D] [thread 102402] [5.0] [cxt 0] Pipeline 'ingress': start
[09:13:17.050] [bmv2] [T] [thread 102402] [5.0] [cxt 0] switch.p4(116) Condition "hdr.ipv4.isValid()" (node_2) is false
[09:13:17.050] [bmv2] [D] [thread 102402] [5.0] [cxt 0] Pipeline 'ingress': end
[09:13:17.050] [bmv2] [D] [thread 102402] [5.0] [cxt 0] Egress port is 0
[09:13:17.050] [bmv2] [D] [thread 102403] [5.0] [cxt 0] Pipeline 'egress': start
[09:13:17.050] [bmv2] [D] [thread 102403] [5.0] [cxt 0] Pipeline 'egress': end
[09:13:17.050] [bmv2] [D] [thread 102403] [5.0] [cxt 0] Deparser 'deparser': start
[09:13:17.050] [bmv2] [T] [thread 102403] [5.0] [cxt 0] Skipping checksum 'cksum' update because condition not met
[09:13:17.050] [bmv2] [D] [thread 102403] [5.0] [cxt 0] Deparsing header 'ethernet'
[09:13:17.050] [bmv2] [D] [thread 102403] [5.0] [cxt 0] Deparser 'deparser': end
[09:13:17.050] [bmv2] [D] [thread 102407] [5.0] [cxt 0] Transmitting packet of size 70 out of port 0
[09:13:17.056] [bmv2] [D] [thread 102402] [6.0] [cxt 0] Processing packet received on port 2
[09:13:17.056] [bmv2] [D] [thread 102402] [6.0] [cxt 0] Parser 'parser': start
[09:13:17.056] [bmv2] [D] [thread 102402] [6.0] [cxt 0] Parser 'parser' entering state 'start'
[09:13:17.056] [bmv2] [D] [thread 102402] [6.0] [cxt 0] Extracting header 'ethernet'
[09:13:17.056] [bmv2] [D] [thread 102402] [6.0] [cxt 0] Parser state 'start': key is 86dd
[09:13:17.056] [bmv2] [T] [thread 102402] [6.0] [cxt 0] Bytes parsed: 14
[09:13:17.056] [bmv2] [D] [thread 102402] [6.0] [cxt 0] Parser 'parser': end
[09:13:17.056] [bmv2] [D] [thread 102402] [6.0] [cxt 0] Pipeline 'ingress': start
[09:13:17.056] [bmv2] [T] [thread 102402] [6.0] [cxt 0] switch.p4(116) Condition "hdr.ipv4.isValid()" (node_2) is false
[09:13:17.056] [bmv2] [D] [thread 102402] [6.0] [cxt 0] Pipeline 'ingress': end
[09:13:17.056] [bmv2] [D] [thread 102402] [6.0] [cxt 0] Egress port is 0
[09:13:17.056] [bmv2] [D] [thread 102403] [6.0] [cxt 0] Pipeline 'egress': start
[09:13:17.056] [bmv2] [D] [thread 102403] [6.0] [cxt 0] Pipeline 'egress': end
[09:13:17.056] [bmv2] [D] [thread 102403] [6.0] [cxt 0] Deparser 'deparser': start
[09:13:17.056] [bmv2] [T] [thread 102403] [6.0] [cxt 0] Skipping checksum 'cksum' update because condition not met
[09:13:17.056] [bmv2] [D] [thread 102403] [6.0] [cxt 0] Deparsing header 'ethernet'
[09:13:17.056] [bmv2] [D] [thread 102403] [6.0] [cxt 0] Deparser 'deparser': end
[09:13:17.056] [bmv2] [D] [thread 102407] [6.0] [cxt 0] Transmitting packet of size 90 out of port 0
[09:13:17.094] [bmv2] [D] [thread 102402] [7.0] [cxt 0] Processing packet received on port 2
[09:13:17.094] [bmv2] [D] [thread 102402] [7.0] [cxt 0] Parser 'parser': start
[09:13:17.094] [bmv2] [D] [thread 102402] [7.0] [cxt 0] Parser 'parser' entering state 'start'
[09:13:17.094] [bmv2] [D] [thread 102402] [7.0] [cxt 0] Extracting header 'ethernet'
[09:13:17.094] [bmv2] [D] [thread 102402] [7.0] [cxt 0] Parser state 'start': key is 86dd
[09:13:17.094] [bmv2] [T] [thread 102402] [7.0] [cxt 0] Bytes parsed: 14
[09:13:17.096] [bmv2] [D] [thread 102402] [7.0] [cxt 0] Parser 'parser': end
[09:13:17.096] [bmv2] [D] [thread 102402] [7.0] [cxt 0] Pipeline 'ingress': start
[09:13:17.096] [bmv2] [T] [thread 102402] [7.0] [cxt 0] switch.p4(116) Condition "hdr.ipv4.isValid()" (node_2) is false
[09:13:17.096] [bmv2] [D] [thread 102402] [7.0] [cxt 0] Pipeline 'ingress': end
[09:13:17.096] [bmv2] [D] [thread 102402] [7.0] [cxt 0] Egress port is 0
[09:13:17.096] [bmv2] [D] [thread 102403] [7.0] [cxt 0] Pipeline 'egress': start
[09:13:17.096] [bmv2] [D] [thread 102403] [7.0] [cxt 0] Pipeline 'egress': end
[09:13:17.096] [bmv2] [D] [thread 102403] [7.0] [cxt 0] Deparser 'deparser': start
[09:13:17.096] [bmv2] [T] [thread 102403] [7.0] [cxt 0] Skipping checksum 'cksum' update because condition not met
[09:13:17.096] [bmv2] [D] [thread 102403] [7.0] [cxt 0] Deparsing header 'ethernet'
[09:13:17.096] [bmv2] [D] [thread 102403] [7.0] [cxt 0] Deparser 'deparser': end
[09:13:17.096] [bmv2] [D] [thread 102407] [7.0] [cxt 0] Transmitting packet of size 90 out of port 0
[09:13:17.121] [bmv2] [D] [thread 102402] [8.0] [cxt 0] Processing packet received on port 1
[09:13:17.121] [bmv2] [D] [thread 102402] [8.0] [cxt 0] Parser 'parser': start
[09:13:17.121] [bmv2] [D] [thread 102402] [8.0] [cxt 0] Parser 'parser' entering state 'start'
[09:13:17.121] [bmv2] [D] [thread 102402] [8.0] [cxt 0] Extracting header 'ethernet'
[09:13:17.121] [bmv2] [D] [thread 102402] [8.0] [cxt 0] Parser state 'start': key is 86dd
[09:13:17.121] [bmv2] [T] [thread 102402] [8.0] [cxt 0] Bytes parsed: 14
[09:13:17.121] [bmv2] [D] [thread 102402] [8.0] [cxt 0] Parser 'parser': end
[09:13:17.121] [bmv2] [D] [thread 102402] [8.0] [cxt 0] Pipeline 'ingress': start
[09:13:17.121] [bmv2] [T] [thread 102402] [8.0] [cxt 0] switch.p4(116) Condition "hdr.ipv4.isValid()" (node_2) is false
[09:13:17.121] [bmv2] [D] [thread 102402] [8.0] [cxt 0] Pipeline 'ingress': end
[09:13:17.121] [bmv2] [D] [thread 102402] [8.0] [cxt 0] Egress port is 0
[09:13:17.127] [bmv2] [D] [thread 102402] [9.0] [cxt 0] Processing packet received on port 1
[09:13:17.127] [bmv2] [D] [thread 102402] [9.0] [cxt 0] Parser 'parser': start
[09:13:17.127] [bmv2] [D] [thread 102402] [9.0] [cxt 0] Parser 'parser' entering state 'start'
[09:13:17.127] [bmv2] [D] [thread 102402] [9.0] [cxt 0] Extracting header 'ethernet'
[09:13:17.127] [bmv2] [D] [thread 102402] [9.0] [cxt 0] Parser state 'start': key is 86dd
[09:13:17.127] [bmv2] [T] [thread 102402] [9.0] [cxt 0] Bytes parsed: 14
[09:13:17.127] [bmv2] [D] [thread 102402] [9.0] [cxt 0] Parser 'parser': end
[09:13:17.127] [bmv2] [D] [thread 102402] [9.0] [cxt 0] Pipeline 'ingress': start
[09:13:17.127] [bmv2] [T] [thread 102402] [9.0] [cxt 0] switch.p4(116) Condition "hdr.ipv4.isValid()" (node_2) is false
[09:13:17.127] [bmv2] [D] [thread 102402] [9.0] [cxt 0] Pipeline 'ingress': end
[09:13:17.127] [bmv2] [D] [thread 102402] [9.0] [cxt 0] Egress port is 0
[09:13:17.127] [bmv2] [D] [thread 102402] [10.0] [cxt 0] Processing packet received on port 1
[09:13:17.127] [bmv2] [D] [thread 102402] [10.0] [cxt 0] Parser 'parser': start
[09:13:17.127] [bmv2] [D] [thread 102402] [10.0] [cxt 0] Parser 'parser' entering state 'start'
[09:13:17.127] [bmv2] [D] [thread 102402] [10.0] [cxt 0] Extracting header 'ethernet'
[09:13:17.127] [bmv2] [D] [thread 102402] [10.0] [cxt 0] Parser state 'start': key is 86dd
[09:13:17.127] [bmv2] [T] [thread 102402] [10.0] [cxt 0] Bytes parsed: 14
[09:13:17.127] [bmv2] [D] [thread 102402] [10.0] [cxt 0] Parser 'parser': end
[09:13:17.127] [bmv2] [D] [thread 102402] [10.0] [cxt 0] Pipeline 'ingress': start
[09:13:17.127] [bmv2] [T] [thread 102402] [10.0] [cxt 0] switch.p4(116) Condition "hdr.ipv4.isValid()" (node_2) is false
[09:13:17.127] [bmv2] [D] [thread 102402] [10.0] [cxt 0] Pipeline 'ingress': end
[09:13:17.127] [bmv2] [D] [thread 102402] [10.0] [cxt 0] Egress port is 0
[09:13:17.127] [bmv2] [D] [thread 102403] [8.0] [cxt 0] Pipeline 'egress': start
[09:13:17.127] [bmv2] [D] [thread 102403] [8.0] [cxt 0] Pipeline 'egress': end
[09:13:17.127] [bmv2] [D] [thread 102403] [8.0] [cxt 0] Deparser 'deparser': start
[09:13:17.127] [bmv2] [T] [thread 102403] [8.0] [cxt 0] Skipping checksum 'cksum' update because condition not met
[09:13:17.127] [bmv2] [D] [thread 102403] [8.0] [cxt 0] Deparsing header 'ethernet'
[09:13:17.127] [bmv2] [D] [thread 102403] [8.0] [cxt 0] Deparser 'deparser': end
[09:13:17.127] [bmv2] [D] [thread 102407] [8.0] [cxt 0] Transmitting packet of size 90 out of port 0
[09:13:17.127] [bmv2] [D] [thread 102403] [9.0] [cxt 0] Pipeline 'egress': start
[09:13:17.127] [bmv2] [D] [thread 102403] [9.0] [cxt 0] Pipeline 'egress': end
[09:13:17.127] [bmv2] [D] [thread 102403] [9.0] [cxt 0] Deparser 'deparser': start
[09:13:17.127] [bmv2] [T] [thread 102403] [9.0] [cxt 0] Skipping checksum 'cksum' update because condition not met
[09:13:17.127] [bmv2] [D] [thread 102403] [9.0] [cxt 0] Deparsing header 'ethernet'
[09:13:17.127] [bmv2] [D] [thread 102403] [9.0] [cxt 0] Deparser 'deparser': end
[09:13:17.127] [bmv2] [D] [thread 102407] [9.0] [cxt 0] Transmitting packet of size 70 out of port 0
[09:13:17.127] [bmv2] [D] [thread 102403] [10.0] [cxt 0] Pipeline 'egress': start
[09:13:17.127] [bmv2] [D] [thread 102403] [10.0] [cxt 0] Pipeline 'egress': end
[09:13:17.127] [bmv2] [D] [thread 102403] [10.0] [cxt 0] Deparser 'deparser': start
[09:13:17.127] [bmv2] [T] [thread 102403] [10.0] [cxt 0] Skipping checksum 'cksum' update because condition not met
[09:13:17.127] [bmv2] [D] [thread 102403] [10.0] [cxt 0] Deparsing header 'ethernet'
[09:13:17.127] [bmv2] [D] [thread 102403] [10.0] [cxt 0] Deparser 'deparser': end
[09:13:17.127] [bmv2] [D] [thread 102407] [10.0] [cxt 0] Transmitting packet of size 90 out of port 0
[09:13:17.151] [bmv2] [D] [thread 102402] [11.0] [cxt 0] Processing packet received on port 2
[09:13:17.151] [bmv2] [D] [thread 102402] [11.0] [cxt 0] Parser 'parser': start
[09:13:17.151] [bmv2] [D] [thread 102402] [11.0] [cxt 0] Parser 'parser' entering state 'start'
[09:13:17.151] [bmv2] [D] [thread 102402] [11.0] [cxt 0] Extracting header 'ethernet'
[09:13:17.151] [bmv2] [D] [thread 102402] [11.0] [cxt 0] Parser state 'start': key is 86dd
[09:13:17.151] [bmv2] [T] [thread 102402] [11.0] [cxt 0] Bytes parsed: 14
[09:13:17.151] [bmv2] [D] [thread 102402] [11.0] [cxt 0] Parser 'parser': end
[09:13:17.151] [bmv2] [D] [thread 102402] [11.0] [cxt 0] Pipeline 'ingress': start
[09:13:17.151] [bmv2] [T] [thread 102402] [11.0] [cxt 0] switch.p4(116) Condition "hdr.ipv4.isValid()" (node_2) is false
[09:13:17.151] [bmv2] [D] [thread 102402] [11.0] [cxt 0] Pipeline 'ingress': end
[09:13:17.151] [bmv2] [D] [thread 102402] [11.0] [cxt 0] Egress port is 0
[09:13:17.151] [bmv2] [D] [thread 102403] [11.0] [cxt 0] Pipeline 'egress': start
[09:13:17.151] [bmv2] [D] [thread 102403] [11.0] [cxt 0] Pipeline 'egress': end
[09:13:17.151] [bmv2] [D] [thread 102403] [11.0] [cxt 0] Deparser 'deparser': start
[09:13:17.151] [bmv2] [T] [thread 102403] [11.0] [cxt 0] Skipping checksum 'cksum' update because condition not met
[09:13:17.151] [bmv2] [D] [thread 102403] [11.0] [cxt 0] Deparsing header 'ethernet'
[09:13:17.151] [bmv2] [D] [thread 102403] [11.0] [cxt 0] Deparser 'deparser': end
[09:13:17.151] [bmv2] [D] [thread 102407] [11.0] [cxt 0] Transmitting packet of size 203 out of port 0
[09:13:17.222] [bmv2] [D] [thread 102402] [12.0] [cxt 0] Processing packet received on port 1
[09:13:17.223] [bmv2] [D] [thread 102402] [12.0] [cxt 0] Parser 'parser': start
[09:13:17.223] [bmv2] [D] [thread 102402] [12.0] [cxt 0] Parser 'parser' entering state 'start'
[09:13:17.223] [bmv2] [D] [thread 102402] [12.0] [cxt 0] Extracting header 'ethernet'
[09:13:17.223] [bmv2] [D] [thread 102402] [12.0] [cxt 0] Parser state 'start': key is 86dd
[09:13:17.223] [bmv2] [T] [thread 102402] [12.0] [cxt 0] Bytes parsed: 14
[09:13:17.223] [bmv2] [D] [thread 102402] [12.0] [cxt 0] Parser 'parser': end
[09:13:17.223] [bmv2] [D] [thread 102402] [12.0] [cxt 0] Pipeline 'ingress': start
[09:13:17.223] [bmv2] [T] [thread 102402] [12.0] [cxt 0] switch.p4(116) Condition "hdr.ipv4.isValid()" (node_2) is false
[09:13:17.223] [bmv2] [D] [thread 102402] [12.0] [cxt 0] Pipeline 'ingress': end
[09:13:17.223] [bmv2] [D] [thread 102402] [12.0] [cxt 0] Egress port is 0
[09:13:17.223] [bmv2] [D] [thread 102403] [12.0] [cxt 0] Pipeline 'egress': start
[09:13:17.223] [bmv2] [D] [thread 102403] [12.0] [cxt 0] Pipeline 'egress': end
[09:13:17.223] [bmv2] [D] [thread 102403] [12.0] [cxt 0] Deparser 'deparser': start
[09:13:17.223] [bmv2] [T] [thread 102403] [12.0] [cxt 0] Skipping checksum 'cksum' update because condition not met
[09:13:17.223] [bmv2] [D] [thread 102403] [12.0] [cxt 0] Deparsing header 'ethernet'
[09:13:17.223] [bmv2] [D] [thread 102403] [12.0] [cxt 0] Deparser 'deparser': end
[09:13:17.223] [bmv2] [D] [thread 102407] [12.0] [cxt 0] Transmitting packet of size 203 out of port 0
[09:13:17.309] [bmv2] [D] [thread 102402] [13.0] [cxt 0] Processing packet received on port 2
[09:13:17.309] [bmv2] [D] [thread 102402] [13.0] [cxt 0] Parser 'parser': start
[09:13:17.309] [bmv2] [D] [thread 102402] [13.0] [cxt 0] Parser 'parser' entering state 'start'
[09:13:17.309] [bmv2] [D] [thread 102402] [13.0] [cxt 0] Extracting header 'ethernet'
[09:13:17.309] [bmv2] [D] [thread 102402] [13.0] [cxt 0] Parser state 'start': key is 86dd
[09:13:17.309] [bmv2] [T] [thread 102402] [13.0] [cxt 0] Bytes parsed: 14
[09:13:17.309] [bmv2] [D] [thread 102402] [13.0] [cxt 0] Parser 'parser': end
[09:13:17.309] [bmv2] [D] [thread 102402] [13.0] [cxt 0] Pipeline 'ingress': start
[09:13:17.309] [bmv2] [T] [thread 102402] [13.0] [cxt 0] switch.p4(116) Condition "hdr.ipv4.isValid()" (node_2) is false
[09:13:17.309] [bmv2] [D] [thread 102402] [13.0] [cxt 0] Pipeline 'ingress': end
[09:13:17.309] [bmv2] [D] [thread 102402] [13.0] [cxt 0] Egress port is 0
[09:13:17.309] [bmv2] [D] [thread 102403] [13.0] [cxt 0] Pipeline 'egress': start
[09:13:17.309] [bmv2] [D] [thread 102403] [13.0] [cxt 0] Pipeline 'egress': end
[09:13:17.309] [bmv2] [D] [thread 102403] [13.0] [cxt 0] Deparser 'deparser': start
[09:13:17.309] [bmv2] [T] [thread 102403] [13.0] [cxt 0] Skipping checksum 'cksum' update because condition not met
[09:13:17.309] [bmv2] [D] [thread 102403] [13.0] [cxt 0] Deparsing header 'ethernet'
[09:13:17.309] [bmv2] [D] [thread 102403] [13.0] [cxt 0] Deparser 'deparser': end
[09:13:17.309] [bmv2] [D] [thread 102407] [13.0] [cxt 0] Transmitting packet of size 211 out of port 0
[09:13:17.369] [bmv2] [D] [thread 102402] [14.0] [cxt 0] Processing packet received on port 1
[09:13:17.369] [bmv2] [D] [thread 102402] [14.0] [cxt 0] Parser 'parser': start
[09:13:17.369] [bmv2] [D] [thread 102402] [14.0] [cxt 0] Parser 'parser' entering state 'start'
[09:13:17.369] [bmv2] [D] [thread 102402] [14.0] [cxt 0] Extracting header 'ethernet'
[09:13:17.369] [bmv2] [D] [thread 102402] [14.0] [cxt 0] Parser state 'start': key is 86dd
[09:13:17.369] [bmv2] [T] [thread 102402] [14.0] [cxt 0] Bytes parsed: 14
[09:13:17.369] [bmv2] [D] [thread 102402] [14.0] [cxt 0] Parser 'parser': end
[09:13:17.369] [bmv2] [D] [thread 102402] [14.0] [cxt 0] Pipeline 'ingress': start
[09:13:17.369] [bmv2] [T] [thread 102402] [14.0] [cxt 0] switch.p4(116) Condition "hdr.ipv4.isValid()" (node_2) is false
[09:13:17.369] [bmv2] [D] [thread 102402] [14.0] [cxt 0] Pipeline 'ingress': end
[09:13:17.369] [bmv2] [D] [thread 102402] [14.0] [cxt 0] Egress port is 0
[09:13:17.369] [bmv2] [D] [thread 102402] [15.0] [cxt 0] Processing packet received on port 2
[09:13:17.369] [bmv2] [D] [thread 102402] [15.0] [cxt 0] Parser 'parser': start
[09:13:17.369] [bmv2] [D] [thread 102402] [15.0] [cxt 0] Parser 'parser' entering state 'start'
[09:13:17.369] [bmv2] [D] [thread 102402] [15.0] [cxt 0] Extracting header 'ethernet'
[09:13:17.369] [bmv2] [D] [thread 102402] [15.0] [cxt 0] Parser state 'start': key is 86dd
[09:13:17.369] [bmv2] [T] [thread 102402] [15.0] [cxt 0] Bytes parsed: 14
[09:13:17.369] [bmv2] [D] [thread 102402] [15.0] [cxt 0] Parser 'parser': end
[09:13:17.369] [bmv2] [D] [thread 102402] [15.0] [cxt 0] Pipeline 'ingress': start
[09:13:17.370] [bmv2] [T] [thread 102402] [15.0] [cxt 0] switch.p4(116) Condition "hdr.ipv4.isValid()" (node_2) is false
[09:13:17.370] [bmv2] [D] [thread 102402] [15.0] [cxt 0] Pipeline 'ingress': end
[09:13:17.370] [bmv2] [D] [thread 102402] [15.0] [cxt 0] Egress port is 0
[09:13:17.370] [bmv2] [D] [thread 102402] [16.0] [cxt 0] Processing packet received on port 2
[09:13:17.370] [bmv2] [D] [thread 102402] [16.0] [cxt 0] Parser 'parser': start
[09:13:17.370] [bmv2] [D] [thread 102402] [16.0] [cxt 0] Parser 'parser' entering state 'start'
[09:13:17.370] [bmv2] [D] [thread 102402] [16.0] [cxt 0] Extracting header 'ethernet'
[09:13:17.370] [bmv2] [D] [thread 102402] [16.0] [cxt 0] Parser state 'start': key is 86dd
[09:13:17.370] [bmv2] [T] [thread 102402] [16.0] [cxt 0] Bytes parsed: 14
[09:13:17.370] [bmv2] [D] [thread 102402] [16.0] [cxt 0] Parser 'parser': end
[09:13:17.370] [bmv2] [D] [thread 102402] [16.0] [cxt 0] Pipeline 'ingress': start
[09:13:17.370] [bmv2] [T] [thread 102402] [16.0] [cxt 0] switch.p4(116) Condition "hdr.ipv4.isValid()" (node_2) is false
[09:13:17.370] [bmv2] [D] [thread 102402] [16.0] [cxt 0] Pipeline 'ingress': end
[09:13:17.370] [bmv2] [D] [thread 102402] [16.0] [cxt 0] Egress port is 0
[09:13:17.371] [bmv2] [D] [thread 102403] [14.0] [cxt 0] Pipeline 'egress': start
[09:13:17.371] [bmv2] [D] [thread 102403] [14.0] [cxt 0] Pipeline 'egress': end
[09:13:17.371] [bmv2] [D] [thread 102403] [14.0] [cxt 0] Deparser 'deparser': start
[09:13:17.371] [bmv2] [T] [thread 102403] [14.0] [cxt 0] Skipping checksum 'cksum' update because condition not met
[09:13:17.372] [bmv2] [D] [thread 102403] [14.0] [cxt 0] Deparsing header 'ethernet'
[09:13:17.372] [bmv2] [D] [thread 102403] [14.0] [cxt 0] Deparser 'deparser': end
[09:13:17.372] [bmv2] [D] [thread 102407] [14.0] [cxt 0] Transmitting packet of size 211 out of port 0
[09:13:17.372] [bmv2] [D] [thread 102402] [17.0] [cxt 0] Processing packet received on port 2
[09:13:17.373] [bmv2] [D] [thread 102402] [17.0] [cxt 0] Parser 'parser': start
[09:13:17.373] [bmv2] [D] [thread 102402] [17.0] [cxt 0] Parser 'parser' entering state 'start'
[09:13:17.373] [bmv2] [D] [thread 102402] [17.0] [cxt 0] Extracting header 'ethernet'
[09:13:17.373] [bmv2] [D] [thread 102402] [17.0] [cxt 0] Parser state 'start': key is 86dd
[09:13:17.373] [bmv2] [T] [thread 102402] [17.0] [cxt 0] Bytes parsed: 14
[09:13:17.373] [bmv2] [D] [thread 102402] [17.0] [cxt 0] Parser 'parser': end
[09:13:17.373] [bmv2] [D] [thread 102402] [17.0] [cxt 0] Pipeline 'ingress': start
[09:13:17.373] [bmv2] [T] [thread 102402] [17.0] [cxt 0] switch.p4(116) Condition "hdr.ipv4.isValid()" (node_2) is false
[09:13:17.373] [bmv2] [D] [thread 102402] [17.0] [cxt 0] Pipeline 'ingress': end
[09:13:17.373] [bmv2] [D] [thread 102402] [17.0] [cxt 0] Egress port is 0
[09:13:17.372] [bmv2] [D] [thread 102403] [15.0] [cxt 0] Pipeline 'egress': start
[09:13:17.373] [bmv2] [D] [thread 102403] [15.0] [cxt 0] Pipeline 'egress': end
[09:13:17.373] [bmv2] [D] [thread 102403] [15.0] [cxt 0] Deparser 'deparser': start
[09:13:17.373] [bmv2] [T] [thread 102403] [15.0] [cxt 0] Skipping checksum 'cksum' update because condition not met
[09:13:17.373] [bmv2] [D] [thread 102403] [15.0] [cxt 0] Deparsing header 'ethernet'
[09:13:17.373] [bmv2] [D] [thread 102403] [15.0] [cxt 0] Deparser 'deparser': end
[09:13:17.374] [bmv2] [D] [thread 102407] [15.0] [cxt 0] Transmitting packet of size 90 out of port 0
[09:13:17.374] [bmv2] [D] [thread 102403] [16.0] [cxt 0] Pipeline 'egress': start
[09:13:17.374] [bmv2] [D] [thread 102403] [16.0] [cxt 0] Pipeline 'egress': end
[09:13:17.374] [bmv2] [D] [thread 102403] [16.0] [cxt 0] Deparser 'deparser': start
[09:13:17.374] [bmv2] [T] [thread 102403] [16.0] [cxt 0] Skipping checksum 'cksum' update because condition not met
[09:13:17.374] [bmv2] [D] [thread 102403] [16.0] [cxt 0] Deparsing header 'ethernet'
[09:13:17.374] [bmv2] [D] [thread 102403] [16.0] [cxt 0] Deparser 'deparser': end
[09:13:17.374] [bmv2] [D] [thread 102407] [16.0] [cxt 0] Transmitting packet of size 70 out of port 0
[09:13:17.375] [bmv2] [D] [thread 102403] [17.0] [cxt 0] Pipeline 'egress': start
[09:13:17.375] [bmv2] [D] [thread 102403] [17.0] [cxt 0] Pipeline 'egress': end
[09:13:17.375] [bmv2] [D] [thread 102403] [17.0] [cxt 0] Deparser 'deparser': start
[09:13:17.375] [bmv2] [T] [thread 102403] [17.0] [cxt 0] Skipping checksum 'cksum' update because condition not met
[09:13:17.375] [bmv2] [D] [thread 102403] [17.0] [cxt 0] Deparsing header 'ethernet'
[09:13:17.375] [bmv2] [D] [thread 102403] [17.0] [cxt 0] Deparser 'deparser': end
[09:13:17.375] [bmv2] [D] [thread 102407] [17.0] [cxt 0] Transmitting packet of size 90 out of port 0
[09:13:17.469] [bmv2] [D] [thread 102402] [18.0] [cxt 0] Processing packet received on port 2
[09:13:17.469] [bmv2] [D] [thread 102402] [18.0] [cxt 0] Parser 'parser': start
[09:13:17.469] [bmv2] [D] [thread 102402] [18.0] [cxt 0] Parser 'parser' entering state 'start'
[09:13:17.469] [bmv2] [D] [thread 102402] [18.0] [cxt 0] Extracting header 'ethernet'
[09:13:17.469] [bmv2] [D] [thread 102402] [18.0] [cxt 0] Parser state 'start': key is 86dd
[09:13:17.469] [bmv2] [T] [thread 102402] [18.0] [cxt 0] Bytes parsed: 14
[09:13:17.469] [bmv2] [D] [thread 102402] [18.0] [cxt 0] Parser 'parser': end
[09:13:17.469] [bmv2] [D] [thread 102402] [18.0] [cxt 0] Pipeline 'ingress': start
[09:13:17.470] [bmv2] [T] [thread 102402] [18.0] [cxt 0] switch.p4(116) Condition "hdr.ipv4.isValid()" (node_2) is false
[09:13:17.470] [bmv2] [D] [thread 102402] [18.0] [cxt 0] Pipeline 'ingress': end
[09:13:17.470] [bmv2] [D] [thread 102402] [18.0] [cxt 0] Egress port is 0
[09:13:17.470] [bmv2] [D] [thread 102403] [18.0] [cxt 0] Pipeline 'egress': start
[09:13:17.470] [bmv2] [D] [thread 102403] [18.0] [cxt 0] Pipeline 'egress': end
[09:13:17.470] [bmv2] [D] [thread 102403] [18.0] [cxt 0] Deparser 'deparser': start
[09:13:17.470] [bmv2] [T] [thread 102403] [18.0] [cxt 0] Skipping checksum 'cksum' update because condition not met
[09:13:17.470] [bmv2] [D] [thread 102403] [18.0] [cxt 0] Deparsing header 'ethernet'
[09:13:17.470] [bmv2] [D] [thread 102403] [18.0] [cxt 0] Deparser 'deparser': end
[09:13:17.470] [bmv2] [D] [thread 102407] [18.0] [cxt 0] Transmitting packet of size 203 out of port 0
[09:13:17.480] [bmv2] [D] [thread 102402] [19.0] [cxt 0] Processing packet received on port 2
[09:13:17.480] [bmv2] [D] [thread 102402] [19.0] [cxt 0] Parser 'parser': start
[09:13:17.480] [bmv2] [D] [thread 102402] [19.0] [cxt 0] Parser 'parser' entering state 'start'
[09:13:17.480] [bmv2] [D] [thread 102402] [19.0] [cxt 0] Extracting header 'ethernet'
[09:13:17.480] [bmv2] [D] [thread 102402] [19.0] [cxt 0] Parser state 'start': key is 86dd
[09:13:17.480] [bmv2] [T] [thread 102402] [19.0] [cxt 0] Bytes parsed: 14
[09:13:17.480] [bmv2] [D] [thread 102402] [19.0] [cxt 0] Parser 'parser': end
[09:13:17.480] [bmv2] [D] [thread 102402] [19.0] [cxt 0] Pipeline 'ingress': start
[09:13:17.480] [bmv2] [T] [thread 102402] [19.0] [cxt 0] switch.p4(116) Condition "hdr.ipv4.isValid()" (node_2) is false
[09:13:17.480] [bmv2] [D] [thread 102402] [19.0] [cxt 0] Pipeline 'ingress': end
[09:13:17.480] [bmv2] [D] [thread 102402] [19.0] [cxt 0] Egress port is 0
[09:13:17.480] [bmv2] [D] [thread 102403] [19.0] [cxt 0] Pipeline 'egress': start
[09:13:17.480] [bmv2] [D] [thread 102403] [19.0] [cxt 0] Pipeline 'egress': end
[09:13:17.480] [bmv2] [D] [thread 102403] [19.0] [cxt 0] Deparser 'deparser': start
[09:13:17.480] [bmv2] [T] [thread 102403] [19.0] [cxt 0] Skipping checksum 'cksum' update because condition not met
[09:13:17.480] [bmv2] [D] [thread 102403] [19.0] [cxt 0] Deparsing header 'ethernet'
[09:13:17.480] [bmv2] [D] [thread 102403] [19.0] [cxt 0] Deparser 'deparser': end
[09:13:17.480] [bmv2] [D] [thread 102407] [19.0] [cxt 0] Transmitting packet of size 110 out of port 0
[09:13:17.566] [bmv2] [D] [thread 102402] [20.0] [cxt 0] Processing packet received on port 2
[09:13:17.566] [bmv2] [D] [thread 102402] [20.0] [cxt 0] Parser 'parser': start
[09:13:17.566] [bmv2] [D] [thread 102402] [20.0] [cxt 0] Parser 'parser' entering state 'start'
[09:13:17.566] [bmv2] [D] [thread 102402] [20.0] [cxt 0] Extracting header 'ethernet'
[09:13:17.566] [bmv2] [D] [thread 102402] [20.0] [cxt 0] Parser state 'start': key is 86dd
[09:13:17.566] [bmv2] [T] [thread 102402] [20.0] [cxt 0] Bytes parsed: 14
[09:13:17.566] [bmv2] [D] [thread 102402] [20.0] [cxt 0] Parser 'parser': end
[09:13:17.566] [bmv2] [D] [thread 102402] [20.0] [cxt 0] Pipeline 'ingress': start
[09:13:17.566] [bmv2] [T] [thread 102402] [20.0] [cxt 0] switch.p4(116) Condition "hdr.ipv4.isValid()" (node_2) is false
[09:13:17.566] [bmv2] [D] [thread 102402] [20.0] [cxt 0] Pipeline 'ingress': end
[09:13:17.566] [bmv2] [D] [thread 102402] [20.0] [cxt 0] Egress port is 0
[09:13:17.566] [bmv2] [D] [thread 102403] [20.0] [cxt 0] Pipeline 'egress': start
[09:13:17.566] [bmv2] [D] [thread 102403] [20.0] [cxt 0] Pipeline 'egress': end
[09:13:17.566] [bmv2] [D] [thread 102403] [20.0] [cxt 0] Deparser 'deparser': start
[09:13:17.566] [bmv2] [T] [thread 102403] [20.0] [cxt 0] Skipping checksum 'cksum' update because condition not met
[09:13:17.566] [bmv2] [D] [thread 102403] [20.0] [cxt 0] Deparsing header 'ethernet'
[09:13:17.566] [bmv2] [D] [thread 102403] [20.0] [cxt 0] Deparser 'deparser': end
[09:13:17.566] [bmv2] [D] [thread 102407] [20.0] [cxt 0] Transmitting packet of size 211 out of port 0
[09:13:17.584] [bmv2] [D] [thread 102402] [21.0] [cxt 0] Processing packet received on port 1
[09:13:17.584] [bmv2] [D] [thread 102402] [21.0] [cxt 0] Parser 'parser': start
[09:13:17.584] [bmv2] [D] [thread 102402] [21.0] [cxt 0] Parser 'parser' entering state 'start'
[09:13:17.585] [bmv2] [D] [thread 102402] [21.0] [cxt 0] Extracting header 'ethernet'
[09:13:17.585] [bmv2] [D] [thread 102402] [21.0] [cxt 0] Parser state 'start': key is 86dd
[09:13:17.585] [bmv2] [T] [thread 102402] [21.0] [cxt 0] Bytes parsed: 14
[09:13:17.585] [bmv2] [D] [thread 102402] [21.0] [cxt 0] Parser 'parser': end
[09:13:17.585] [bmv2] [D] [thread 102402] [21.0] [cxt 0] Pipeline 'ingress': start
[09:13:17.585] [bmv2] [T] [thread 102402] [21.0] [cxt 0] switch.p4(116) Condition "hdr.ipv4.isValid()" (node_2) is false
[09:13:17.585] [bmv2] [D] [thread 102402] [21.0] [cxt 0] Pipeline 'ingress': end
[09:13:17.585] [bmv2] [D] [thread 102402] [21.0] [cxt 0] Egress port is 0
[09:13:17.585] [bmv2] [D] [thread 102403] [21.0] [cxt 0] Pipeline 'egress': start
[09:13:17.585] [bmv2] [D] [thread 102403] [21.0] [cxt 0] Pipeline 'egress': end
[09:13:17.586] [bmv2] [D] [thread 102403] [21.0] [cxt 0] Deparser 'deparser': start
[09:13:17.586] [bmv2] [T] [thread 102403] [21.0] [cxt 0] Skipping checksum 'cksum' update because condition not met
[09:13:17.586] [bmv2] [D] [thread 102403] [21.0] [cxt 0] Deparsing header 'ethernet'
[09:13:17.586] [bmv2] [D] [thread 102403] [21.0] [cxt 0] Deparser 'deparser': end
[09:13:17.586] [bmv2] [D] [thread 102407] [21.0] [cxt 0] Transmitting packet of size 110 out of port 0
[09:13:17.666] [bmv2] [D] [thread 102402] [22.0] [cxt 0] Processing packet received on port 1
[09:13:17.666] [bmv2] [D] [thread 102402] [22.0] [cxt 0] Parser 'parser': start
[09:13:17.666] [bmv2] [D] [thread 102402] [22.0] [cxt 0] Parser 'parser' entering state 'start'
[09:13:17.666] [bmv2] [D] [thread 102402] [22.0] [cxt 0] Extracting header 'ethernet'
[09:13:17.666] [bmv2] [D] [thread 102402] [22.0] [cxt 0] Parser state 'start': key is 86dd
[09:13:17.666] [bmv2] [T] [thread 102402] [22.0] [cxt 0] Bytes parsed: 14
[09:13:17.666] [bmv2] [D] [thread 102402] [22.0] [cxt 0] Parser 'parser': end
[09:13:17.666] [bmv2] [D] [thread 102402] [22.0] [cxt 0] Pipeline 'ingress': start
[09:13:17.666] [bmv2] [T] [thread 102402] [22.0] [cxt 0] switch.p4(116) Condition "hdr.ipv4.isValid()" (node_2) is false
[09:13:17.666] [bmv2] [D] [thread 102402] [22.0] [cxt 0] Pipeline 'ingress': end
[09:13:17.666] [bmv2] [D] [thread 102402] [22.0] [cxt 0] Egress port is 0
[09:13:17.666] [bmv2] [D] [thread 102402] [23.0] [cxt 0] Processing packet received on port 2
[09:13:17.667] [bmv2] [D] [thread 102402] [23.0] [cxt 0] Parser 'parser': start
[09:13:17.667] [bmv2] [D] [thread 102402] [23.0] [cxt 0] Parser 'parser' entering state 'start'
[09:13:17.667] [bmv2] [D] [thread 102402] [23.0] [cxt 0] Extracting header 'ethernet'
[09:13:17.667] [bmv2] [D] [thread 102402] [23.0] [cxt 0] Parser state 'start': key is 86dd
[09:13:17.667] [bmv2] [T] [thread 102402] [23.0] [cxt 0] Bytes parsed: 14
[09:13:17.667] [bmv2] [D] [thread 102402] [23.0] [cxt 0] Parser 'parser': end
[09:13:17.667] [bmv2] [D] [thread 102402] [23.0] [cxt 0] Pipeline 'ingress': start
[09:13:17.667] [bmv2] [T] [thread 102402] [23.0] [cxt 0] switch.p4(116) Condition "hdr.ipv4.isValid()" (node_2) is false
[09:13:17.667] [bmv2] [D] [thread 102402] [23.0] [cxt 0] Pipeline 'ingress': end
[09:13:17.667] [bmv2] [D] [thread 102402] [23.0] [cxt 0] Egress port is 0
[09:13:17.667] [bmv2] [D] [thread 102402] [24.0] [cxt 0] Processing packet received on port 1
[09:13:17.667] [bmv2] [D] [thread 102402] [24.0] [cxt 0] Parser 'parser': start
[09:13:17.667] [bmv2] [D] [thread 102402] [24.0] [cxt 0] Parser 'parser' entering state 'start'
[09:13:17.667] [bmv2] [D] [thread 102402] [24.0] [cxt 0] Extracting header 'ethernet'
[09:13:17.667] [bmv2] [D] [thread 102402] [24.0] [cxt 0] Parser state 'start': key is 86dd
[09:13:17.667] [bmv2] [T] [thread 102402] [24.0] [cxt 0] Bytes parsed: 14
[09:13:17.667] [bmv2] [D] [thread 102402] [24.0] [cxt 0] Parser 'parser': end
[09:13:17.667] [bmv2] [D] [thread 102402] [24.0] [cxt 0] Pipeline 'ingress': start
[09:13:17.667] [bmv2] [T] [thread 102402] [24.0] [cxt 0] switch.p4(116) Condition "hdr.ipv4.isValid()" (node_2) is false
[09:13:17.667] [bmv2] [D] [thread 102402] [24.0] [cxt 0] Pipeline 'ingress': end
[09:13:17.667] [bmv2] [D] [thread 102402] [24.0] [cxt 0] Egress port is 0
[09:13:17.668] [bmv2] [D] [thread 102403] [22.0] [cxt 0] Pipeline 'egress': start
[09:13:17.668] [bmv2] [D] [thread 102403] [22.0] [cxt 0] Pipeline 'egress': end
[09:13:17.668] [bmv2] [D] [thread 102403] [22.0] [cxt 0] Deparser 'deparser': start
[09:13:17.668] [bmv2] [T] [thread 102403] [22.0] [cxt 0] Skipping checksum 'cksum' update because condition not met
[09:13:17.668] [bmv2] [D] [thread 102403] [22.0] [cxt 0] Deparsing header 'ethernet'
[09:13:17.668] [bmv2] [D] [thread 102403] [22.0] [cxt 0] Deparser 'deparser': end
[09:13:17.668] [bmv2] [D] [thread 102403] [23.0] [cxt 0] Pipeline 'egress': start
[09:13:17.668] [bmv2] [D] [thread 102403] [23.0] [cxt 0] Pipeline 'egress': end
[09:13:17.668] [bmv2] [D] [thread 102403] [23.0] [cxt 0] Deparser 'deparser': start
[09:13:17.668] [bmv2] [T] [thread 102403] [23.0] [cxt 0] Skipping checksum 'cksum' update because condition not met
[09:13:17.668] [bmv2] [D] [thread 102403] [23.0] [cxt 0] Deparsing header 'ethernet'
[09:13:17.668] [bmv2] [D] [thread 102403] [23.0] [cxt 0] Deparser 'deparser': end
[09:13:17.668] [bmv2] [D] [thread 102403] [24.0] [cxt 0] Pipeline 'egress': start
[09:13:17.668] [bmv2] [D] [thread 102403] [24.0] [cxt 0] Pipeline 'egress': end
[09:13:17.668] [bmv2] [D] [thread 102403] [24.0] [cxt 0] Deparser 'deparser': start
[09:13:17.668] [bmv2] [T] [thread 102403] [24.0] [cxt 0] Skipping checksum 'cksum' update because condition not met
[09:13:17.668] [bmv2] [D] [thread 102403] [24.0] [cxt 0] Deparsing header 'ethernet'
[09:13:17.668] [bmv2] [D] [thread 102403] [24.0] [cxt 0] Deparser 'deparser': end
[09:13:17.670] [bmv2] [D] [thread 102407] [22.0] [cxt 0] Transmitting packet of size 211 out of port 0
[09:13:17.670] [bmv2] [D] [thread 102407] [23.0] [cxt 0] Transmitting packet of size 211 out of port 0
[09:13:17.670] [bmv2] [D] [thread 102407] [24.0] [cxt 0] Transmitting packet of size 90 out of port 0
[09:13:17.749] [bmv2] [D] [thread 102402] [25.0] [cxt 0] Processing packet received on port 2
[09:13:17.749] [bmv2] [D] [thread 102402] [25.0] [cxt 0] Parser 'parser': start
[09:13:17.749] [bmv2] [D] [thread 102402] [25.0] [cxt 0] Parser 'parser' entering state 'start'
[09:13:17.749] [bmv2] [D] [thread 102402] [25.0] [cxt 0] Extracting header 'ethernet'
[09:13:17.749] [bmv2] [D] [thread 102402] [25.0] [cxt 0] Parser state 'start': key is 86dd
[09:13:17.749] [bmv2] [T] [thread 102402] [25.0] [cxt 0] Bytes parsed: 14
[09:13:17.749] [bmv2] [D] [thread 102402] [25.0] [cxt 0] Parser 'parser': end
[09:13:17.749] [bmv2] [D] [thread 102402] [25.0] [cxt 0] Pipeline 'ingress': start
[09:13:17.749] [bmv2] [T] [thread 102402] [25.0] [cxt 0] switch.p4(116) Condition "hdr.ipv4.isValid()" (node_2) is false
[09:13:17.749] [bmv2] [D] [thread 102402] [25.0] [cxt 0] Pipeline 'ingress': end
[09:13:17.749] [bmv2] [D] [thread 102402] [25.0] [cxt 0] Egress port is 0
[09:13:17.749] [bmv2] [D] [thread 102403] [25.0] [cxt 0] Pipeline 'egress': start
[09:13:17.749] [bmv2] [D] [thread 102403] [25.0] [cxt 0] Pipeline 'egress': end
[09:13:17.749] [bmv2] [D] [thread 102403] [25.0] [cxt 0] Deparser 'deparser': start
[09:13:17.749] [bmv2] [T] [thread 102403] [25.0] [cxt 0] Skipping checksum 'cksum' update because condition not met
[09:13:17.749] [bmv2] [D] [thread 102403] [25.0] [cxt 0] Deparsing header 'ethernet'
[09:13:17.749] [bmv2] [D] [thread 102403] [25.0] [cxt 0] Deparser 'deparser': end
[09:13:17.749] [bmv2] [D] [thread 102407] [25.0] [cxt 0] Transmitting packet of size 110 out of port 0
[09:13:17.822] [bmv2] [D] [thread 102402] [26.0] [cxt 0] Processing packet received on port 2
[09:13:17.822] [bmv2] [D] [thread 102402] [26.0] [cxt 0] Parser 'parser': start
[09:13:17.822] [bmv2] [D] [thread 102402] [26.0] [cxt 0] Parser 'parser' entering state 'start'
[09:13:17.822] [bmv2] [D] [thread 102402] [26.0] [cxt 0] Extracting header 'ethernet'
[09:13:17.822] [bmv2] [D] [thread 102402] [26.0] [cxt 0] Parser state 'start': key is 86dd
[09:13:17.822] [bmv2] [T] [thread 102402] [26.0] [cxt 0] Bytes parsed: 14
[09:13:17.822] [bmv2] [D] [thread 102402] [26.0] [cxt 0] Parser 'parser': end
[09:13:17.822] [bmv2] [D] [thread 102402] [26.0] [cxt 0] Pipeline 'ingress': start
[09:13:17.822] [bmv2] [T] [thread 102402] [26.0] [cxt 0] switch.p4(116) Condition "hdr.ipv4.isValid()" (node_2) is false
[09:13:17.822] [bmv2] [D] [thread 102402] [26.0] [cxt 0] Pipeline 'ingress': end
[09:13:17.822] [bmv2] [D] [thread 102402] [26.0] [cxt 0] Egress port is 0
[09:13:17.828] [bmv2] [D] [thread 102403] [26.0] [cxt 0] Pipeline 'egress': start
[09:13:17.834] [bmv2] [D] [thread 102403] [26.0] [cxt 0] Pipeline 'egress': end
[09:13:17.834] [bmv2] [D] [thread 102403] [26.0] [cxt 0] Deparser 'deparser': start
[09:13:17.834] [bmv2] [T] [thread 102403] [26.0] [cxt 0] Skipping checksum 'cksum' update because condition not met
[09:13:17.834] [bmv2] [D] [thread 102403] [26.0] [cxt 0] Deparsing header 'ethernet'
[09:13:17.834] [bmv2] [D] [thread 102403] [26.0] [cxt 0] Deparser 'deparser': end
[09:13:17.834] [bmv2] [D] [thread 102407] [26.0] [cxt 0] Transmitting packet of size 211 out of port 0
[09:13:17.866] [bmv2] [D] [thread 102402] [27.0] [cxt 0] Processing packet received on port 2
[09:13:17.866] [bmv2] [D] [thread 102402] [27.0] [cxt 0] Parser 'parser': start
[09:13:17.866] [bmv2] [D] [thread 102402] [27.0] [cxt 0] Parser 'parser' entering state 'start'
[09:13:17.866] [bmv2] [D] [thread 102402] [27.0] [cxt 0] Extracting header 'ethernet'
[09:13:17.866] [bmv2] [D] [thread 102402] [27.0] [cxt 0] Parser state 'start': key is 86dd
[09:13:17.866] [bmv2] [T] [thread 102402] [27.0] [cxt 0] Bytes parsed: 14
[09:13:17.866] [bmv2] [D] [thread 102402] [27.0] [cxt 0] Parser 'parser': end
[09:13:17.866] [bmv2] [D] [thread 102402] [27.0] [cxt 0] Pipeline 'ingress': start
[09:13:17.866] [bmv2] [T] [thread 102402] [27.0] [cxt 0] switch.p4(116) Condition "hdr.ipv4.isValid()" (node_2) is false
[09:13:17.866] [bmv2] [D] [thread 102402] [27.0] [cxt 0] Pipeline 'ingress': end
[09:13:17.866] [bmv2] [D] [thread 102402] [27.0] [cxt 0] Egress port is 0
[09:13:17.866] [bmv2] [D] [thread 102403] [27.0] [cxt 0] Pipeline 'egress': start
[09:13:17.866] [bmv2] [D] [thread 102403] [27.0] [cxt 0] Pipeline 'egress': end
[09:13:17.866] [bmv2] [D] [thread 102403] [27.0] [cxt 0] Deparser 'deparser': start
[09:13:17.866] [bmv2] [T] [thread 102403] [27.0] [cxt 0] Skipping checksum 'cksum' update because condition not met
[09:13:17.866] [bmv2] [D] [thread 102403] [27.0] [cxt 0] Deparsing header 'ethernet'
[09:13:17.866] [bmv2] [D] [thread 102403] [27.0] [cxt 0] Deparser 'deparser': end
[09:13:17.866] [bmv2] [D] [thread 102407] [27.0] [cxt 0] Transmitting packet of size 90 out of port 0
[09:13:17.876] [bmv2] [D] [thread 102402] [28.0] [cxt 0] Processing packet received on port 1
[09:13:17.876] [bmv2] [D] [thread 102402] [28.0] [cxt 0] Parser 'parser': start
[09:13:17.876] [bmv2] [D] [thread 102402] [28.0] [cxt 0] Parser 'parser' entering state 'start'
[09:13:17.876] [bmv2] [D] [thread 102402] [28.0] [cxt 0] Extracting header 'ethernet'
[09:13:17.876] [bmv2] [D] [thread 102402] [28.0] [cxt 0] Parser state 'start': key is 86dd
[09:13:17.876] [bmv2] [T] [thread 102402] [28.0] [cxt 0] Bytes parsed: 14
[09:13:17.876] [bmv2] [D] [thread 102402] [28.0] [cxt 0] Parser 'parser': end
[09:13:17.876] [bmv2] [D] [thread 102402] [28.0] [cxt 0] Pipeline 'ingress': start
[09:13:17.876] [bmv2] [T] [thread 102402] [28.0] [cxt 0] switch.p4(116) Condition "hdr.ipv4.isValid()" (node_2) is false
[09:13:17.876] [bmv2] [D] [thread 102402] [28.0] [cxt 0] Pipeline 'ingress': end
[09:13:17.876] [bmv2] [D] [thread 102402] [28.0] [cxt 0] Egress port is 0
[09:13:17.876] [bmv2] [D] [thread 102402] [29.0] [cxt 0] Processing packet received on port 2
[09:13:17.876] [bmv2] [D] [thread 102402] [29.0] [cxt 0] Parser 'parser': start
[09:13:17.876] [bmv2] [D] [thread 102402] [29.0] [cxt 0] Parser 'parser' entering state 'start'
[09:13:17.876] [bmv2] [D] [thread 102402] [29.0] [cxt 0] Extracting header 'ethernet'
[09:13:17.876] [bmv2] [D] [thread 102402] [29.0] [cxt 0] Parser state 'start': key is 86dd
[09:13:17.876] [bmv2] [T] [thread 102402] [29.0] [cxt 0] Bytes parsed: 14
[09:13:17.876] [bmv2] [D] [thread 102402] [29.0] [cxt 0] Parser 'parser': end
[09:13:17.876] [bmv2] [D] [thread 102402] [29.0] [cxt 0] Pipeline 'ingress': start
[09:13:17.876] [bmv2] [T] [thread 102402] [29.0] [cxt 0] switch.p4(116) Condition "hdr.ipv4.isValid()" (node_2) is false
[09:13:17.876] [bmv2] [D] [thread 102402] [29.0] [cxt 0] Pipeline 'ingress': end
[09:13:17.876] [bmv2] [D] [thread 102402] [29.0] [cxt 0] Egress port is 0
[09:13:17.876] [bmv2] [D] [thread 102403] [28.0] [cxt 0] Pipeline 'egress': start
[09:13:17.876] [bmv2] [D] [thread 102403] [28.0] [cxt 0] Pipeline 'egress': end
[09:13:17.876] [bmv2] [D] [thread 102403] [28.0] [cxt 0] Deparser 'deparser': start
[09:13:17.876] [bmv2] [T] [thread 102403] [28.0] [cxt 0] Skipping checksum 'cksum' update because condition not met
[09:13:17.876] [bmv2] [D] [thread 102403] [28.0] [cxt 0] Deparsing header 'ethernet'
[09:13:17.876] [bmv2] [D] [thread 102403] [28.0] [cxt 0] Deparser 'deparser': end
[09:13:17.876] [bmv2] [D] [thread 102407] [28.0] [cxt 0] Transmitting packet of size 211 out of port 0
[09:13:17.876] [bmv2] [D] [thread 102403] [29.0] [cxt 0] Pipeline 'egress': start
[09:13:17.876] [bmv2] [D] [thread 102403] [29.0] [cxt 0] Pipeline 'egress': end
[09:13:17.876] [bmv2] [D] [thread 102403] [29.0] [cxt 0] Deparser 'deparser': start
[09:13:17.876] [bmv2] [T] [thread 102403] [29.0] [cxt 0] Skipping checksum 'cksum' update because condition not met
[09:13:17.876] [bmv2] [D] [thread 102403] [29.0] [cxt 0] Deparsing header 'ethernet'
[09:13:17.876] [bmv2] [D] [thread 102403] [29.0] [cxt 0] Deparser 'deparser': end
[09:13:17.876] [bmv2] [D] [thread 102407] [29.0] [cxt 0] Transmitting packet of size 211 out of port 0
[09:13:18.032] [bmv2] [D] [thread 102402] [30.0] [cxt 0] Processing packet received on port 2
[09:13:18.032] [bmv2] [D] [thread 102402] [30.0] [cxt 0] Parser 'parser': start
[09:13:18.032] [bmv2] [D] [thread 102402] [30.0] [cxt 0] Parser 'parser' entering state 'start'
[09:13:18.032] [bmv2] [D] [thread 102402] [30.0] [cxt 0] Extracting header 'ethernet'
[09:13:18.032] [bmv2] [D] [thread 102402] [30.0] [cxt 0] Parser state 'start': key is 86dd
[09:13:18.032] [bmv2] [T] [thread 102402] [30.0] [cxt 0] Bytes parsed: 14
[09:13:18.032] [bmv2] [D] [thread 102402] [30.0] [cxt 0] Parser 'parser': end
[09:13:18.032] [bmv2] [D] [thread 102402] [30.0] [cxt 0] Pipeline 'ingress': start
[09:13:18.032] [bmv2] [T] [thread 102402] [30.0] [cxt 0] switch.p4(116) Condition "hdr.ipv4.isValid()" (node_2) is false
[09:13:18.032] [bmv2] [D] [thread 102402] [30.0] [cxt 0] Pipeline 'ingress': end
[09:13:18.032] [bmv2] [D] [thread 102402] [30.0] [cxt 0] Egress port is 0
[09:13:18.032] [bmv2] [D] [thread 102403] [30.0] [cxt 0] Pipeline 'egress': start
[09:13:18.032] [bmv2] [D] [thread 102403] [30.0] [cxt 0] Pipeline 'egress': end
[09:13:18.033] [bmv2] [D] [thread 102403] [30.0] [cxt 0] Deparser 'deparser': start
[09:13:18.033] [bmv2] [T] [thread 102403] [30.0] [cxt 0] Skipping checksum 'cksum' update because condition not met
[09:13:18.033] [bmv2] [D] [thread 102403] [30.0] [cxt 0] Deparsing header 'ethernet'
[09:13:18.033] [bmv2] [D] [thread 102403] [30.0] [cxt 0] Deparser 'deparser': end
[09:13:18.033] [bmv2] [D] [thread 102407] [30.0] [cxt 0] Transmitting packet of size 199 out of port 0
[09:13:18.073] [bmv2] [D] [thread 102402] [31.0] [cxt 0] Processing packet received on port 1
[09:13:18.073] [bmv2] [D] [thread 102402] [31.0] [cxt 0] Parser 'parser': start
[09:13:18.073] [bmv2] [D] [thread 102402] [31.0] [cxt 0] Parser 'parser' entering state 'start'
[09:13:18.073] [bmv2] [D] [thread 102402] [31.0] [cxt 0] Extracting header 'ethernet'
[09:13:18.073] [bmv2] [D] [thread 102402] [31.0] [cxt 0] Parser state 'start': key is 86dd
[09:13:18.073] [bmv2] [T] [thread 102402] [31.0] [cxt 0] Bytes parsed: 14
[09:13:18.073] [bmv2] [D] [thread 102402] [31.0] [cxt 0] Parser 'parser': end
[09:13:18.073] [bmv2] [D] [thread 102402] [31.0] [cxt 0] Pipeline 'ingress': start
[09:13:18.073] [bmv2] [T] [thread 102402] [31.0] [cxt 0] switch.p4(116) Condition "hdr.ipv4.isValid()" (node_2) is false
[09:13:18.073] [bmv2] [D] [thread 102402] [31.0] [cxt 0] Pipeline 'ingress': end
[09:13:18.073] [bmv2] [D] [thread 102402] [31.0] [cxt 0] Egress port is 0
[09:13:18.073] [bmv2] [D] [thread 102403] [31.0] [cxt 0] Pipeline 'egress': start
[09:13:18.073] [bmv2] [D] [thread 102403] [31.0] [cxt 0] Pipeline 'egress': end
[09:13:18.073] [bmv2] [D] [thread 102403] [31.0] [cxt 0] Deparser 'deparser': start
[09:13:18.073] [bmv2] [T] [thread 102403] [31.0] [cxt 0] Skipping checksum 'cksum' update because condition not met
[09:13:18.073] [bmv2] [D] [thread 102403] [31.0] [cxt 0] Deparsing header 'ethernet'
[09:13:18.073] [bmv2] [D] [thread 102403] [31.0] [cxt 0] Deparser 'deparser': end
[09:13:18.073] [bmv2] [D] [thread 102407] [31.0] [cxt 0] Transmitting packet of size 199 out of port 0
[09:13:18.125] [bmv2] [D] [thread 102402] [32.0] [cxt 0] Processing packet received on port 2
[09:13:18.125] [bmv2] [D] [thread 102402] [32.0] [cxt 0] Parser 'parser': start
[09:13:18.125] [bmv2] [D] [thread 102402] [32.0] [cxt 0] Parser 'parser' entering state 'start'
[09:13:18.125] [bmv2] [D] [thread 102402] [32.0] [cxt 0] Extracting header 'ethernet'
[09:13:18.125] [bmv2] [D] [thread 102402] [32.0] [cxt 0] Parser state 'start': key is 86dd
[09:13:18.125] [bmv2] [T] [thread 102402] [32.0] [cxt 0] Bytes parsed: 14
[09:13:18.125] [bmv2] [D] [thread 102402] [32.0] [cxt 0] Parser 'parser': end
[09:13:18.125] [bmv2] [D] [thread 102402] [32.0] [cxt 0] Pipeline 'ingress': start
[09:13:18.125] [bmv2] [T] [thread 102402] [32.0] [cxt 0] switch.p4(116) Condition "hdr.ipv4.isValid()" (node_2) is false
[09:13:18.125] [bmv2] [D] [thread 102402] [32.0] [cxt 0] Pipeline 'ingress': end
[09:13:18.125] [bmv2] [D] [thread 102402] [32.0] [cxt 0] Egress port is 0
[09:13:18.125] [bmv2] [D] [thread 102403] [32.0] [cxt 0] Pipeline 'egress': start
[09:13:18.125] [bmv2] [D] [thread 102403] [32.0] [cxt 0] Pipeline 'egress': end
[09:13:18.125] [bmv2] [D] [thread 102403] [32.0] [cxt 0] Deparser 'deparser': start
[09:13:18.125] [bmv2] [T] [thread 102403] [32.0] [cxt 0] Skipping checksum 'cksum' update because condition not met
[09:13:18.125] [bmv2] [D] [thread 102403] [32.0] [cxt 0] Deparsing header 'ethernet'
[09:13:18.125] [bmv2] [D] [thread 102403] [32.0] [cxt 0] Deparser 'deparser': end
[09:13:18.125] [bmv2] [D] [thread 102407] [32.0] [cxt 0] Transmitting packet of size 211 out of port 0
[09:13:18.169] [bmv2] [D] [thread 102402] [33.0] [cxt 0] Processing packet received on port 2
[09:13:18.169] [bmv2] [D] [thread 102402] [33.0] [cxt 0] Parser 'parser': start
[09:13:18.169] [bmv2] [D] [thread 102402] [33.0] [cxt 0] Parser 'parser' entering state 'start'
[09:13:18.169] [bmv2] [D] [thread 102402] [33.0] [cxt 0] Extracting header 'ethernet'
[09:13:18.169] [bmv2] [D] [thread 102402] [33.0] [cxt 0] Parser state 'start': key is 86dd
[09:13:18.169] [bmv2] [T] [thread 102402] [33.0] [cxt 0] Bytes parsed: 14
[09:13:18.169] [bmv2] [D] [thread 102402] [33.0] [cxt 0] Parser 'parser': end
[09:13:18.169] [bmv2] [D] [thread 102402] [33.0] [cxt 0] Pipeline 'ingress': start
[09:13:18.169] [bmv2] [T] [thread 102402] [33.0] [cxt 0] switch.p4(116) Condition "hdr.ipv4.isValid()" (node_2) is false
[09:13:18.169] [bmv2] [D] [thread 102402] [33.0] [cxt 0] Pipeline 'ingress': end
[09:13:18.169] [bmv2] [D] [thread 102402] [33.0] [cxt 0] Egress port is 0
[09:13:18.169] [bmv2] [D] [thread 102403] [33.0] [cxt 0] Pipeline 'egress': start
[09:13:18.169] [bmv2] [D] [thread 102403] [33.0] [cxt 0] Pipeline 'egress': end
[09:13:18.169] [bmv2] [D] [thread 102403] [33.0] [cxt 0] Deparser 'deparser': start
[09:13:18.169] [bmv2] [T] [thread 102403] [33.0] [cxt 0] Skipping checksum 'cksum' update because condition not met
[09:13:18.169] [bmv2] [D] [thread 102403] [33.0] [cxt 0] Deparsing header 'ethernet'
[09:13:18.169] [bmv2] [D] [thread 102403] [33.0] [cxt 0] Deparser 'deparser': end
[09:13:18.169] [bmv2] [D] [thread 102407] [33.0] [cxt 0] Transmitting packet of size 203 out of port 0
[09:13:18.233] [bmv2] [D] [thread 102402] [34.0] [cxt 0] Processing packet received on port 1
[09:13:18.233] [bmv2] [D] [thread 102402] [34.0] [cxt 0] Parser 'parser': start
[09:13:18.233] [bmv2] [D] [thread 102402] [34.0] [cxt 0] Parser 'parser' entering state 'start'
[09:13:18.233] [bmv2] [D] [thread 102402] [34.0] [cxt 0] Extracting header 'ethernet'
[09:13:18.233] [bmv2] [D] [thread 102402] [34.0] [cxt 0] Parser state 'start': key is 86dd
[09:13:18.233] [bmv2] [T] [thread 102402] [34.0] [cxt 0] Bytes parsed: 14
[09:13:18.233] [bmv2] [D] [thread 102402] [34.0] [cxt 0] Parser 'parser': end
[09:13:18.233] [bmv2] [D] [thread 102402] [34.0] [cxt 0] Pipeline 'ingress': start
[09:13:18.233] [bmv2] [T] [thread 102402] [34.0] [cxt 0] switch.p4(116) Condition "hdr.ipv4.isValid()" (node_2) is false
[09:13:18.233] [bmv2] [D] [thread 102402] [34.0] [cxt 0] Pipeline 'ingress': end
[09:13:18.233] [bmv2] [D] [thread 102402] [34.0] [cxt 0] Egress port is 0
[09:13:18.233] [bmv2] [D] [thread 102403] [34.0] [cxt 0] Pipeline 'egress': start
[09:13:18.233] [bmv2] [D] [thread 102403] [34.0] [cxt 0] Pipeline 'egress': end
[09:13:18.233] [bmv2] [D] [thread 102403] [34.0] [cxt 0] Deparser 'deparser': start
[09:13:18.233] [bmv2] [T] [thread 102403] [34.0] [cxt 0] Skipping checksum 'cksum' update because condition not met
[09:13:18.233] [bmv2] [D] [thread 102403] [34.0] [cxt 0] Deparsing header 'ethernet'
[09:13:18.233] [bmv2] [D] [thread 102403] [34.0] [cxt 0] Deparser 'deparser': end
[09:13:18.233] [bmv2] [D] [thread 102407] [34.0] [cxt 0] Transmitting packet of size 203 out of port 0
[09:13:18.332] [bmv2] [D] [thread 102402] [35.0] [cxt 0] Processing packet received on port 2
[09:13:18.332] [bmv2] [D] [thread 102402] [35.0] [cxt 0] Parser 'parser': start
[09:13:18.332] [bmv2] [D] [thread 102402] [35.0] [cxt 0] Parser 'parser' entering state 'start'
[09:13:18.332] [bmv2] [D] [thread 102402] [35.0] [cxt 0] Extracting header 'ethernet'
[09:13:18.332] [bmv2] [D] [thread 102402] [35.0] [cxt 0] Parser state 'start': key is 86dd
[09:13:18.332] [bmv2] [T] [thread 102402] [35.0] [cxt 0] Bytes parsed: 14
[09:13:18.332] [bmv2] [D] [thread 102402] [35.0] [cxt 0] Parser 'parser': end
[09:13:18.332] [bmv2] [D] [thread 102402] [35.0] [cxt 0] Pipeline 'ingress': start
[09:13:18.332] [bmv2] [T] [thread 102402] [35.0] [cxt 0] switch.p4(116) Condition "hdr.ipv4.isValid()" (node_2) is false
[09:13:18.332] [bmv2] [D] [thread 102402] [35.0] [cxt 0] Pipeline 'ingress': end
[09:13:18.333] [bmv2] [D] [thread 102402] [35.0] [cxt 0] Egress port is 0
[09:13:18.333] [bmv2] [D] [thread 102403] [35.0] [cxt 0] Pipeline 'egress': start
[09:13:18.333] [bmv2] [D] [thread 102403] [35.0] [cxt 0] Pipeline 'egress': end
[09:13:18.333] [bmv2] [D] [thread 102403] [35.0] [cxt 0] Deparser 'deparser': start
[09:13:18.333] [bmv2] [T] [thread 102403] [35.0] [cxt 0] Skipping checksum 'cksum' update because condition not met
[09:13:18.333] [bmv2] [D] [thread 102403] [35.0] [cxt 0] Deparsing header 'ethernet'
[09:13:18.333] [bmv2] [D] [thread 102403] [35.0] [cxt 0] Deparser 'deparser': end
[09:13:18.333] [bmv2] [D] [thread 102407] [35.0] [cxt 0] Transmitting packet of size 199 out of port 0
[09:13:18.505] [bmv2] [D] [thread 102402] [36.0] [cxt 0] Processing packet received on port 2
[09:13:18.505] [bmv2] [D] [thread 102402] [36.0] [cxt 0] Parser 'parser': start
[09:13:18.505] [bmv2] [D] [thread 102402] [36.0] [cxt 0] Parser 'parser' entering state 'start'
[09:13:18.505] [bmv2] [D] [thread 102402] [36.0] [cxt 0] Extracting header 'ethernet'
[09:13:18.505] [bmv2] [D] [thread 102402] [36.0] [cxt 0] Parser state 'start': key is 86dd
[09:13:18.505] [bmv2] [T] [thread 102402] [36.0] [cxt 0] Bytes parsed: 14
[09:13:18.505] [bmv2] [D] [thread 102402] [36.0] [cxt 0] Parser 'parser': end
[09:13:18.505] [bmv2] [D] [thread 102402] [36.0] [cxt 0] Pipeline 'ingress': start
[09:13:18.505] [bmv2] [T] [thread 102402] [36.0] [cxt 0] switch.p4(116) Condition "hdr.ipv4.isValid()" (node_2) is false
[09:13:18.505] [bmv2] [D] [thread 102402] [36.0] [cxt 0] Pipeline 'ingress': end
[09:13:18.505] [bmv2] [D] [thread 102402] [36.0] [cxt 0] Egress port is 0
[09:13:18.506] [bmv2] [D] [thread 102403] [36.0] [cxt 0] Pipeline 'egress': start
[09:13:18.506] [bmv2] [D] [thread 102403] [36.0] [cxt 0] Pipeline 'egress': end
[09:13:18.506] [bmv2] [D] [thread 102403] [36.0] [cxt 0] Deparser 'deparser': start
[09:13:18.506] [bmv2] [T] [thread 102403] [36.0] [cxt 0] Skipping checksum 'cksum' update because condition not met
[09:13:18.506] [bmv2] [D] [thread 102403] [36.0] [cxt 0] Deparsing header 'ethernet'
[09:13:18.506] [bmv2] [D] [thread 102403] [36.0] [cxt 0] Deparser 'deparser': end
[09:13:18.506] [bmv2] [D] [thread 102407] [36.0] [cxt 0] Transmitting packet of size 203 out of port 0
[09:13:18.866] [bmv2] [W] [thread 102465] [P4Runtime] p4::tmp::P4DeviceConfig is deprecated
[09:13:18.866] [bmv2] [D] [thread 102465] Set default default entry for table 'MyIngress.ipv4_lpm': MyIngress.drop - 
[09:13:18.866] [bmv2] [D] [thread 102465] simple_switch target has been notified of a config swap
[09:13:18.878] [bmv2] [D] [thread 102465] Set default entry for table 'MyIngress.ipv4_lpm': MyIngress.drop - 
[09:13:18.878] [bmv2] [D] [thread 102466] Entry 0 added to table 'MyIngress.ipv4_lpm'
[09:13:18.878] [bmv2] [D] [thread 102466] Dumping entry 0
Match key:
* hdr.ipv4.dstAddr    : LPM       0a000101/32
Action entry: MyIngress.ipv4_forward - 80000000111,1,

[09:13:18.886] [bmv2] [D] [thread 102466] Entry 1 added to table 'MyIngress.ipv4_lpm'
[09:13:18.886] [bmv2] [D] [thread 102466] Dumping entry 1
Match key:
* hdr.ipv4.dstAddr    : LPM       0a000202/32
Action entry: MyIngress.ipv4_forward - 80000000200,2,

[09:13:19.227] [bmv2] [D] [thread 102402] [37.0] [cxt 0] Processing packet received on port 2
[09:13:19.227] [bmv2] [D] [thread 102402] [37.0] [cxt 0] Parser 'parser': start
[09:13:19.227] [bmv2] [D] [thread 102402] [37.0] [cxt 0] Parser 'parser' entering state 'start'
[09:13:19.227] [bmv2] [D] [thread 102402] [37.0] [cxt 0] Extracting header 'ethernet'
[09:13:19.227] [bmv2] [D] [thread 102402] [37.0] [cxt 0] Parser state 'start': key is 86dd
[09:13:19.227] [bmv2] [T] [thread 102402] [37.0] [cxt 0] Bytes parsed: 14
[09:13:19.227] [bmv2] [D] [thread 102402] [37.0] [cxt 0] Parser 'parser': end
[09:13:19.227] [bmv2] [D] [thread 102402] [37.0] [cxt 0] Pipeline 'ingress': start
[09:13:19.227] [bmv2] [T] [thread 102402] [37.0] [cxt 0] switch.p4(116) Condition "hdr.ipv4.isValid()" (node_2) is false
[09:13:19.227] [bmv2] [D] [thread 102402] [37.0] [cxt 0] Pipeline 'ingress': end
[09:13:19.227] [bmv2] [D] [thread 102402] [37.0] [cxt 0] Egress port is 0
[09:13:19.227] [bmv2] [D] [thread 102403] [37.0] [cxt 0] Pipeline 'egress': start
[09:13:19.227] [bmv2] [D] [thread 102403] [37.0] [cxt 0] Pipeline 'egress': end
[09:13:19.227] [bmv2] [D] [thread 102403] [37.0] [cxt 0] Deparser 'deparser': start
[09:13:19.227] [bmv2] [T] [thread 102403] [37.0] [cxt 0] Skipping checksum 'cksum' update because condition not met
[09:13:19.227] [bmv2] [D] [thread 102403] [37.0] [cxt 0] Deparsing header 'ethernet'
[09:13:19.227] [bmv2] [D] [thread 102403] [37.0] [cxt 0] Deparser 'deparser': end
[09:13:19.227] [bmv2] [D] [thread 102407] [37.0] [cxt 0] Transmitting packet of size 199 out of port 0
[09:13:19.272] [bmv2] [D] [thread 102402] [38.0] [cxt 0] Processing packet received on port 1
[09:13:19.272] [bmv2] [D] [thread 102402] [38.0] [cxt 0] Parser 'parser': start
[09:13:19.272] [bmv2] [D] [thread 102402] [38.0] [cxt 0] Parser 'parser' entering state 'start'
[09:13:19.272] [bmv2] [D] [thread 102402] [38.0] [cxt 0] Extracting header 'ethernet'
[09:13:19.272] [bmv2] [D] [thread 102402] [38.0] [cxt 0] Parser state 'start': key is 86dd
[09:13:19.272] [bmv2] [T] [thread 102402] [38.0] [cxt 0] Bytes parsed: 14
[09:13:19.272] [bmv2] [D] [thread 102402] [38.0] [cxt 0] Parser 'parser': end
[09:13:19.272] [bmv2] [D] [thread 102402] [38.0] [cxt 0] Pipeline 'ingress': start
[09:13:19.272] [bmv2] [T] [thread 102402] [38.0] [cxt 0] switch.p4(116) Condition "hdr.ipv4.isValid()" (node_2) is false
[09:13:19.272] [bmv2] [D] [thread 102402] [38.0] [cxt 0] Pipeline 'ingress': end
[09:13:19.272] [bmv2] [D] [thread 102402] [38.0] [cxt 0] Egress port is 0
[09:13:19.272] [bmv2] [D] [thread 102403] [38.0] [cxt 0] Pipeline 'egress': start
[09:13:19.272] [bmv2] [D] [thread 102403] [38.0] [cxt 0] Pipeline 'egress': end
[09:13:19.272] [bmv2] [D] [thread 102403] [38.0] [cxt 0] Deparser 'deparser': start
[09:13:19.272] [bmv2] [T] [thread 102403] [38.0] [cxt 0] Skipping checksum 'cksum' update because condition not met
[09:13:19.272] [bmv2] [D] [thread 102403] [38.0] [cxt 0] Deparsing header 'ethernet'
[09:13:19.272] [bmv2] [D] [thread 102403] [38.0] [cxt 0] Deparser 'deparser': end
[09:13:19.272] [bmv2] [D] [thread 102407] [38.0] [cxt 0] Transmitting packet of size 199 out of port 0
[09:13:19.534] [bmv2] [D] [thread 102402] [39.0] [cxt 0] Processing packet received on port 2
[09:13:19.534] [bmv2] [D] [thread 102402] [39.0] [cxt 0] Parser 'parser': start
[09:13:19.534] [bmv2] [D] [thread 102402] [39.0] [cxt 0] Parser 'parser' entering state 'start'
[09:13:19.534] [bmv2] [D] [thread 102402] [39.0] [cxt 0] Extracting header 'ethernet'
[09:13:19.534] [bmv2] [D] [thread 102402] [39.0] [cxt 0] Parser state 'start': key is 86dd
[09:13:19.534] [bmv2] [T] [thread 102402] [39.0] [cxt 0] Bytes parsed: 14
[09:13:19.534] [bmv2] [D] [thread 102402] [39.0] [cxt 0] Parser 'parser': end
[09:13:19.534] [bmv2] [D] [thread 102402] [39.0] [cxt 0] Pipeline 'ingress': start
[09:13:19.534] [bmv2] [T] [thread 102402] [39.0] [cxt 0] switch.p4(116) Condition "hdr.ipv4.isValid()" (node_2) is false
[09:13:19.534] [bmv2] [D] [thread 102402] [39.0] [cxt 0] Pipeline 'ingress': end
[09:13:19.534] [bmv2] [D] [thread 102402] [39.0] [cxt 0] Egress port is 0
[09:13:19.534] [bmv2] [D] [thread 102403] [39.0] [cxt 0] Pipeline 'egress': start
[09:13:19.534] [bmv2] [D] [thread 102403] [39.0] [cxt 0] Pipeline 'egress': end
[09:13:19.534] [bmv2] [D] [thread 102403] [39.0] [cxt 0] Deparser 'deparser': start
[09:13:19.536] [bmv2] [T] [thread 102403] [39.0] [cxt 0] Skipping checksum 'cksum' update because condition not met
[09:13:19.536] [bmv2] [D] [thread 102403] [39.0] [cxt 0] Deparsing header 'ethernet'
[09:13:19.536] [bmv2] [D] [thread 102403] [39.0] [cxt 0] Deparser 'deparser': end
[09:13:19.536] [bmv2] [D] [thread 102407] [39.0] [cxt 0] Transmitting packet of size 199 out of port 0
[09:13:20.177] [bmv2] [D] [thread 102402] [40.0] [cxt 0] Processing packet received on port 2
[09:13:20.183] [bmv2] [D] [thread 102402] [40.0] [cxt 0] Parser 'parser': start
[09:13:20.183] [bmv2] [D] [thread 102402] [40.0] [cxt 0] Parser 'parser' entering state 'start'
[09:13:20.183] [bmv2] [D] [thread 102402] [40.0] [cxt 0] Extracting header 'ethernet'
[09:13:20.183] [bmv2] [D] [thread 102402] [40.0] [cxt 0] Parser state 'start': key is 86dd
[09:13:20.183] [bmv2] [T] [thread 102402] [40.0] [cxt 0] Bytes parsed: 14
[09:13:20.183] [bmv2] [D] [thread 102402] [40.0] [cxt 0] Parser 'parser': end
[09:13:20.183] [bmv2] [D] [thread 102402] [40.0] [cxt 0] Pipeline 'ingress': start
[09:13:20.183] [bmv2] [T] [thread 102402] [40.0] [cxt 0] switch.p4(116) Condition "hdr.ipv4.isValid()" (node_2) is false
[09:13:20.183] [bmv2] [D] [thread 102402] [40.0] [cxt 0] Pipeline 'ingress': end
[09:13:20.183] [bmv2] [D] [thread 102402] [40.0] [cxt 0] Egress port is 0
[09:13:20.183] [bmv2] [D] [thread 102403] [40.0] [cxt 0] Pipeline 'egress': start
[09:13:20.183] [bmv2] [D] [thread 102403] [40.0] [cxt 0] Pipeline 'egress': end
[09:13:20.183] [bmv2] [D] [thread 102403] [40.0] [cxt 0] Deparser 'deparser': start
[09:13:20.183] [bmv2] [T] [thread 102403] [40.0] [cxt 0] Skipping checksum 'cksum' update because condition not met
[09:13:20.183] [bmv2] [D] [thread 102403] [40.0] [cxt 0] Deparsing header 'ethernet'
[09:13:20.183] [bmv2] [D] [thread 102403] [40.0] [cxt 0] Deparser 'deparser': end
[09:13:20.183] [bmv2] [D] [thread 102407] [40.0] [cxt 0] Transmitting packet of size 203 out of port 0
[09:13:20.234] [bmv2] [D] [thread 102402] [41.0] [cxt 0] Processing packet received on port 1
[09:13:20.234] [bmv2] [D] [thread 102402] [41.0] [cxt 0] Parser 'parser': start
[09:13:20.234] [bmv2] [D] [thread 102402] [41.0] [cxt 0] Parser 'parser' entering state 'start'
[09:13:20.234] [bmv2] [D] [thread 102402] [41.0] [cxt 0] Extracting header 'ethernet'
[09:13:20.234] [bmv2] [D] [thread 102402] [41.0] [cxt 0] Parser state 'start': key is 86dd
[09:13:20.234] [bmv2] [T] [thread 102402] [41.0] [cxt 0] Bytes parsed: 14
[09:13:20.234] [bmv2] [D] [thread 102402] [41.0] [cxt 0] Parser 'parser': end
[09:13:20.234] [bmv2] [D] [thread 102402] [41.0] [cxt 0] Pipeline 'ingress': start
[09:13:20.234] [bmv2] [T] [thread 102402] [41.0] [cxt 0] switch.p4(116) Condition "hdr.ipv4.isValid()" (node_2) is false
[09:13:20.234] [bmv2] [D] [thread 102402] [41.0] [cxt 0] Pipeline 'ingress': end
[09:13:20.234] [bmv2] [D] [thread 102402] [41.0] [cxt 0] Egress port is 0
[09:13:20.234] [bmv2] [D] [thread 102403] [41.0] [cxt 0] Pipeline 'egress': start
[09:13:20.234] [bmv2] [D] [thread 102403] [41.0] [cxt 0] Pipeline 'egress': end
[09:13:20.235] [bmv2] [D] [thread 102403] [41.0] [cxt 0] Deparser 'deparser': start
[09:13:20.235] [bmv2] [T] [thread 102403] [41.0] [cxt 0] Skipping checksum 'cksum' update because condition not met
[09:13:20.235] [bmv2] [D] [thread 102403] [41.0] [cxt 0] Deparsing header 'ethernet'
[09:13:20.235] [bmv2] [D] [thread 102403] [41.0] [cxt 0] Deparser 'deparser': end
[09:13:20.235] [bmv2] [D] [thread 102407] [41.0] [cxt 0] Transmitting packet of size 203 out of port 0
[09:13:20.477] [bmv2] [D] [thread 102402] [42.0] [cxt 0] Processing packet received on port 2
[09:13:20.477] [bmv2] [D] [thread 102402] [42.0] [cxt 0] Parser 'parser': start
[09:13:20.477] [bmv2] [D] [thread 102402] [42.0] [cxt 0] Parser 'parser' entering state 'start'
[09:13:20.477] [bmv2] [D] [thread 102402] [42.0] [cxt 0] Extracting header 'ethernet'
[09:13:20.477] [bmv2] [D] [thread 102402] [42.0] [cxt 0] Parser state 'start': key is 86dd
[09:13:20.477] [bmv2] [T] [thread 102402] [42.0] [cxt 0] Bytes parsed: 14
[09:13:20.477] [bmv2] [D] [thread 102402] [42.0] [cxt 0] Parser 'parser': end
[09:13:20.477] [bmv2] [D] [thread 102402] [42.0] [cxt 0] Pipeline 'ingress': start
[09:13:20.483] [bmv2] [T] [thread 102402] [42.0] [cxt 0] switch.p4(116) Condition "hdr.ipv4.isValid()" (node_2) is false
[09:13:20.483] [bmv2] [D] [thread 102402] [42.0] [cxt 0] Pipeline 'ingress': end
[09:13:20.483] [bmv2] [D] [thread 102402] [42.0] [cxt 0] Egress port is 0
[09:13:20.483] [bmv2] [D] [thread 102403] [42.0] [cxt 0] Pipeline 'egress': start
[09:13:20.483] [bmv2] [D] [thread 102403] [42.0] [cxt 0] Pipeline 'egress': end
[09:13:20.483] [bmv2] [D] [thread 102403] [42.0] [cxt 0] Deparser 'deparser': start
[09:13:20.483] [bmv2] [T] [thread 102403] [42.0] [cxt 0] Skipping checksum 'cksum' update because condition not met
[09:13:20.483] [bmv2] [D] [thread 102403] [42.0] [cxt 0] Deparsing header 'ethernet'
[09:13:20.483] [bmv2] [D] [thread 102403] [42.0] [cxt 0] Deparser 'deparser': end
[09:13:20.488] [bmv2] [D] [thread 102407] [42.0] [cxt 0] Transmitting packet of size 203 out of port 0
[09:13:20.761] [bmv2] [D] [thread 102402] [43.0] [cxt 0] Processing packet received on port 2
[09:13:20.761] [bmv2] [D] [thread 102402] [43.0] [cxt 0] Parser 'parser': start
[09:13:20.761] [bmv2] [D] [thread 102402] [43.0] [cxt 0] Parser 'parser' entering state 'start'
[09:13:20.761] [bmv2] [D] [thread 102402] [43.0] [cxt 0] Extracting header 'ethernet'
[09:13:20.761] [bmv2] [D] [thread 102402] [43.0] [cxt 0] Parser state 'start': key is 86dd
[09:13:20.761] [bmv2] [T] [thread 102402] [43.0] [cxt 0] Bytes parsed: 14
[09:13:20.761] [bmv2] [D] [thread 102402] [43.0] [cxt 0] Parser 'parser': end
[09:13:20.761] [bmv2] [D] [thread 102402] [43.0] [cxt 0] Pipeline 'ingress': start
[09:13:20.761] [bmv2] [T] [thread 102402] [43.0] [cxt 0] switch.p4(116) Condition "hdr.ipv4.isValid()" (node_2) is false
[09:13:20.761] [bmv2] [D] [thread 102402] [43.0] [cxt 0] Pipeline 'ingress': end
[09:13:20.761] [bmv2] [D] [thread 102402] [43.0] [cxt 0] Egress port is 0
[09:13:20.762] [bmv2] [D] [thread 102403] [43.0] [cxt 0] Pipeline 'egress': start
[09:13:20.762] [bmv2] [D] [thread 102403] [43.0] [cxt 0] Pipeline 'egress': end
[09:13:20.762] [bmv2] [D] [thread 102403] [43.0] [cxt 0] Deparser 'deparser': start
[09:13:20.762] [bmv2] [T] [thread 102403] [43.0] [cxt 0] Skipping checksum 'cksum' update because condition not met
[09:13:20.762] [bmv2] [D] [thread 102403] [43.0] [cxt 0] Deparsing header 'ethernet'
[09:13:20.762] [bmv2] [D] [thread 102403] [43.0] [cxt 0] Deparser 'deparser': end
[09:13:20.762] [bmv2] [D] [thread 102407] [43.0] [cxt 0] Transmitting packet of size 70 out of port 0
[09:13:21.212] [bmv2] [D] [thread 102402] [44.0] [cxt 0] Processing packet received on port 2
[09:13:21.212] [bmv2] [D] [thread 102402] [44.0] [cxt 0] Parser 'parser': start
[09:13:21.212] [bmv2] [D] [thread 102402] [44.0] [cxt 0] Parser 'parser' entering state 'start'
[09:13:21.212] [bmv2] [D] [thread 102402] [44.0] [cxt 0] Extracting header 'ethernet'
[09:13:21.212] [bmv2] [D] [thread 102402] [44.0] [cxt 0] Parser state 'start': key is 86dd
[09:13:21.212] [bmv2] [T] [thread 102402] [44.0] [cxt 0] Bytes parsed: 14
[09:13:21.212] [bmv2] [D] [thread 102402] [44.0] [cxt 0] Parser 'parser': end
[09:13:21.212] [bmv2] [D] [thread 102402] [44.0] [cxt 0] Pipeline 'ingress': start
[09:13:21.212] [bmv2] [T] [thread 102402] [44.0] [cxt 0] switch.p4(116) Condition "hdr.ipv4.isValid()" (node_2) is false
[09:13:21.212] [bmv2] [D] [thread 102402] [44.0] [cxt 0] Pipeline 'ingress': end
[09:13:21.212] [bmv2] [D] [thread 102402] [44.0] [cxt 0] Egress port is 0
[09:13:21.212] [bmv2] [D] [thread 102403] [44.0] [cxt 0] Pipeline 'egress': start
[09:13:21.212] [bmv2] [D] [thread 102403] [44.0] [cxt 0] Pipeline 'egress': end
[09:13:21.212] [bmv2] [D] [thread 102403] [44.0] [cxt 0] Deparser 'deparser': start
[09:13:21.212] [bmv2] [T] [thread 102403] [44.0] [cxt 0] Skipping checksum 'cksum' update because condition not met
[09:13:21.212] [bmv2] [D] [thread 102403] [44.0] [cxt 0] Deparsing header 'ethernet'
[09:13:21.212] [bmv2] [D] [thread 102403] [44.0] [cxt 0] Deparser 'deparser': end
[09:13:21.212] [bmv2] [D] [thread 102407] [44.0] [cxt 0] Transmitting packet of size 70 out of port 0
[09:13:21.448] [bmv2] [D] [thread 102402] [45.0] [cxt 0] Processing packet received on port 2
[09:13:21.448] [bmv2] [D] [thread 102402] [45.0] [cxt 0] Parser 'parser': start
[09:13:21.448] [bmv2] [D] [thread 102402] [45.0] [cxt 0] Parser 'parser' entering state 'start'
[09:13:21.448] [bmv2] [D] [thread 102402] [45.0] [cxt 0] Extracting header 'ethernet'
[09:13:21.448] [bmv2] [D] [thread 102402] [45.0] [cxt 0] Parser state 'start': key is 86dd
[09:13:21.448] [bmv2] [T] [thread 102402] [45.0] [cxt 0] Bytes parsed: 14
[09:13:21.448] [bmv2] [D] [thread 102402] [45.0] [cxt 0] Parser 'parser': end
[09:13:21.448] [bmv2] [D] [thread 102402] [45.0] [cxt 0] Pipeline 'ingress': start
[09:13:21.448] [bmv2] [T] [thread 102402] [45.0] [cxt 0] switch.p4(116) Condition "hdr.ipv4.isValid()" (node_2) is false
[09:13:21.448] [bmv2] [D] [thread 102402] [45.0] [cxt 0] Pipeline 'ingress': end
[09:13:21.448] [bmv2] [D] [thread 102402] [45.0] [cxt 0] Egress port is 0
[09:13:21.448] [bmv2] [D] [thread 102403] [45.0] [cxt 0] Pipeline 'egress': start
[09:13:21.448] [bmv2] [D] [thread 102403] [45.0] [cxt 0] Pipeline 'egress': end
[09:13:21.448] [bmv2] [D] [thread 102403] [45.0] [cxt 0] Deparser 'deparser': start
[09:13:21.448] [bmv2] [T] [thread 102403] [45.0] [cxt 0] Skipping checksum 'cksum' update because condition not met
[09:13:21.448] [bmv2] [D] [thread 102403] [45.0] [cxt 0] Deparsing header 'ethernet'
[09:13:21.448] [bmv2] [D] [thread 102403] [45.0] [cxt 0] Deparser 'deparser': end
[09:13:21.448] [bmv2] [D] [thread 102407] [45.0] [cxt 0] Transmitting packet of size 199 out of port 0
[09:13:21.477] [bmv2] [D] [thread 102402] [46.0] [cxt 0] Processing packet received on port 1
[09:13:21.477] [bmv2] [D] [thread 102402] [46.0] [cxt 0] Parser 'parser': start
[09:13:21.477] [bmv2] [D] [thread 102402] [46.0] [cxt 0] Parser 'parser' entering state 'start'
[09:13:21.477] [bmv2] [D] [thread 102402] [46.0] [cxt 0] Extracting header 'ethernet'
[09:13:21.477] [bmv2] [D] [thread 102402] [46.0] [cxt 0] Parser state 'start': key is 86dd
[09:13:21.477] [bmv2] [T] [thread 102402] [46.0] [cxt 0] Bytes parsed: 14
[09:13:21.477] [bmv2] [D] [thread 102402] [46.0] [cxt 0] Parser 'parser': end
[09:13:21.477] [bmv2] [D] [thread 102402] [46.0] [cxt 0] Pipeline 'ingress': start
[09:13:21.477] [bmv2] [T] [thread 102402] [46.0] [cxt 0] switch.p4(116) Condition "hdr.ipv4.isValid()" (node_2) is false
[09:13:21.477] [bmv2] [D] [thread 102402] [46.0] [cxt 0] Pipeline 'ingress': end
[09:13:21.477] [bmv2] [D] [thread 102402] [46.0] [cxt 0] Egress port is 0
[09:13:21.477] [bmv2] [D] [thread 102403] [46.0] [cxt 0] Pipeline 'egress': start
[09:13:21.477] [bmv2] [D] [thread 102403] [46.0] [cxt 0] Pipeline 'egress': end
[09:13:21.477] [bmv2] [D] [thread 102403] [46.0] [cxt 0] Deparser 'deparser': start
[09:13:21.477] [bmv2] [T] [thread 102403] [46.0] [cxt 0] Skipping checksum 'cksum' update because condition not met
[09:13:21.477] [bmv2] [D] [thread 102403] [46.0] [cxt 0] Deparsing header 'ethernet'
[09:13:21.477] [bmv2] [D] [thread 102403] [46.0] [cxt 0] Deparser 'deparser': end
[09:13:21.477] [bmv2] [D] [thread 102407] [46.0] [cxt 0] Transmitting packet of size 199 out of port 0
[09:13:21.732] [bmv2] [D] [thread 102402] [47.0] [cxt 0] Processing packet received on port 2
[09:13:21.732] [bmv2] [D] [thread 102402] [47.0] [cxt 0] Parser 'parser': start
[09:13:21.732] [bmv2] [D] [thread 102402] [47.0] [cxt 0] Parser 'parser' entering state 'start'
[09:13:21.732] [bmv2] [D] [thread 102402] [47.0] [cxt 0] Extracting header 'ethernet'
[09:13:21.732] [bmv2] [D] [thread 102402] [47.0] [cxt 0] Parser state 'start': key is 86dd
[09:13:21.732] [bmv2] [T] [thread 102402] [47.0] [cxt 0] Bytes parsed: 14
[09:13:21.732] [bmv2] [D] [thread 102402] [47.0] [cxt 0] Parser 'parser': end
[09:13:21.732] [bmv2] [D] [thread 102402] [47.0] [cxt 0] Pipeline 'ingress': start
[09:13:21.732] [bmv2] [T] [thread 102402] [47.0] [cxt 0] switch.p4(116) Condition "hdr.ipv4.isValid()" (node_2) is false
[09:13:21.732] [bmv2] [D] [thread 102402] [47.0] [cxt 0] Pipeline 'ingress': end
[09:13:21.732] [bmv2] [D] [thread 102402] [47.0] [cxt 0] Egress port is 0
[09:13:21.732] [bmv2] [D] [thread 102403] [47.0] [cxt 0] Pipeline 'egress': start
[09:13:21.732] [bmv2] [D] [thread 102403] [47.0] [cxt 0] Pipeline 'egress': end
[09:13:21.732] [bmv2] [D] [thread 102403] [47.0] [cxt 0] Deparser 'deparser': start
[09:13:21.732] [bmv2] [T] [thread 102403] [47.0] [cxt 0] Skipping checksum 'cksum' update because condition not met
[09:13:21.732] [bmv2] [D] [thread 102403] [47.0] [cxt 0] Deparsing header 'ethernet'
[09:13:21.732] [bmv2] [D] [thread 102403] [47.0] [cxt 0] Deparser 'deparser': end
[09:13:21.732] [bmv2] [D] [thread 102407] [47.0] [cxt 0] Transmitting packet of size 199 out of port 0
[09:13:21.915] [bmv2] [D] [thread 102402] [48.0] [cxt 0] Processing packet received on port 1
[09:13:21.915] [bmv2] [D] [thread 102402] [48.0] [cxt 0] Parser 'parser': start
[09:13:21.915] [bmv2] [D] [thread 102402] [48.0] [cxt 0] Parser 'parser' entering state 'start'
[09:13:21.915] [bmv2] [D] [thread 102402] [48.0] [cxt 0] Extracting header 'ethernet'
[09:13:21.915] [bmv2] [D] [thread 102402] [48.0] [cxt 0] Parser state 'start': key is 86dd
[09:13:21.915] [bmv2] [T] [thread 102402] [48.0] [cxt 0] Bytes parsed: 14
[09:13:21.915] [bmv2] [D] [thread 102402] [48.0] [cxt 0] Parser 'parser': end
[09:13:21.915] [bmv2] [D] [thread 102402] [48.0] [cxt 0] Pipeline 'ingress': start
[09:13:21.915] [bmv2] [T] [thread 102402] [48.0] [cxt 0] switch.p4(116) Condition "hdr.ipv4.isValid()" (node_2) is false
[09:13:21.915] [bmv2] [D] [thread 102402] [48.0] [cxt 0] Pipeline 'ingress': end
[09:13:21.915] [bmv2] [D] [thread 102402] [48.0] [cxt 0] Egress port is 0
[09:13:21.915] [bmv2] [D] [thread 102403] [48.0] [cxt 0] Pipeline 'egress': start
[09:13:21.915] [bmv2] [D] [thread 102403] [48.0] [cxt 0] Pipeline 'egress': end
[09:13:21.915] [bmv2] [D] [thread 102403] [48.0] [cxt 0] Deparser 'deparser': start
[09:13:21.915] [bmv2] [T] [thread 102403] [48.0] [cxt 0] Skipping checksum 'cksum' update because condition not met
[09:13:21.915] [bmv2] [D] [thread 102403] [48.0] [cxt 0] Deparsing header 'ethernet'
[09:13:21.915] [bmv2] [D] [thread 102403] [48.0] [cxt 0] Deparser 'deparser': end
[09:13:21.915] [bmv2] [D] [thread 102407] [48.0] [cxt 0] Transmitting packet of size 70 out of port 0
[09:13:22.209] [bmv2] [D] [thread 102402] [49.0] [cxt 0] Processing packet received on port 1
[09:13:22.209] [bmv2] [D] [thread 102402] [49.0] [cxt 0] Parser 'parser': start
[09:13:22.209] [bmv2] [D] [thread 102402] [49.0] [cxt 0] Parser 'parser' entering state 'start'
[09:13:22.209] [bmv2] [D] [thread 102402] [49.0] [cxt 0] Extracting header 'ethernet'
[09:13:22.209] [bmv2] [D] [thread 102402] [49.0] [cxt 0] Parser state 'start': key is 0800
[09:13:22.209] [bmv2] [T] [thread 102402] [49.0] [cxt 0] Bytes parsed: 14
[09:13:22.209] [bmv2] [D] [thread 102402] [49.0] [cxt 0] Parser 'parser' entering state 'parse_ipv4'
[09:13:22.209] [bmv2] [D] [thread 102402] [49.0] [cxt 0] Extracting header 'ipv4'
[09:13:22.209] [bmv2] [D] [thread 102402] [49.0] [cxt 0] Parser state 'parse_ipv4' has no switch, going to default next state
[09:13:22.209] [bmv2] [T] [thread 102402] [49.0] [cxt 0] Bytes parsed: 34
[09:13:22.209] [bmv2] [D] [thread 102402] [49.0] [cxt 0] Parser 'parser': end
[09:13:22.209] [bmv2] [D] [thread 102402] [49.0] [cxt 0] Pipeline 'ingress': start
[09:13:22.209] [bmv2] [T] [thread 102402] [49.0] [cxt 0] switch.p4(116) Condition "hdr.ipv4.isValid()" (node_2) is true
[09:13:22.209] [bmv2] [T] [thread 102402] [49.0] [cxt 0] Applying table 'MyIngress.ipv4_lpm'
[09:13:22.209] [bmv2] [D] [thread 102402] [49.0] [cxt 0] Looking up key:
* hdr.ipv4.dstAddr    : 0a000202

[09:13:22.209] [bmv2] [D] [thread 102402] [49.0] [cxt 0] Table 'MyIngress.ipv4_lpm': hit with handle 1
[09:13:22.209] [bmv2] [D] [thread 102402] [49.0] [cxt 0] Dumping entry 1
Match key:
* hdr.ipv4.dstAddr    : LPM       0a000202/32
Action entry: MyIngress.ipv4_forward - 80000000200,2,

[09:13:22.209] [bmv2] [D] [thread 102402] [49.0] [cxt 0] Action entry is MyIngress.ipv4_forward - 80000000200,2,
[09:13:22.209] [bmv2] [T] [thread 102402] [49.0] [cxt 0] Action MyIngress.ipv4_forward
[09:13:22.209] [bmv2] [T] [thread 102402] [49.0] [cxt 0] switch.p4(96) Primitive standard_metadata.egress_spec = port
[09:13:22.209] [bmv2] [T] [thread 102402] [49.0] [cxt 0] switch.p4(97) Primitive hdr.ethernet.srcAddr = hdr.ethernet.dstAddr
[09:13:22.209] [bmv2] [T] [thread 102402] [49.0] [cxt 0] switch.p4(98) Primitive hdr.ethernet.dstAddr = dstAddr
[09:13:22.209] [bmv2] [T] [thread 102402] [49.0] [cxt 0] switch.p4(99) Primitive hdr.ipv4.ttl = hdr.ipv4.ttl - 1
[09:13:22.209] [bmv2] [D] [thread 102402] [49.0] [cxt 0] Pipeline 'ingress': end
[09:13:22.209] [bmv2] [D] [thread 102402] [49.0] [cxt 0] Egress port is 2
[09:13:22.209] [bmv2] [D] [thread 102405] [49.0] [cxt 0] Pipeline 'egress': start
[09:13:22.209] [bmv2] [D] [thread 102405] [49.0] [cxt 0] Pipeline 'egress': end
[09:13:22.209] [bmv2] [D] [thread 102405] [49.0] [cxt 0] Deparser 'deparser': start
[09:13:22.209] [bmv2] [D] [thread 102405] [49.0] [cxt 0] Updating checksum 'cksum'
[09:13:22.209] [bmv2] [D] [thread 102405] [49.0] [cxt 0] Deparsing header 'ethernet'
[09:13:22.209] [bmv2] [D] [thread 102405] [49.0] [cxt 0] Deparsing header 'ipv4'
[09:13:22.209] [bmv2] [D] [thread 102405] [49.0] [cxt 0] Deparser 'deparser': end
[09:13:22.209] [bmv2] [D] [thread 102407] [49.0] [cxt 0] Transmitting packet of size 48 out of port 2
[09:13:22.241] [bmv2] [D] [thread 102402] [50.0] [cxt 0] Processing packet received on port 2
[09:13:22.241] [bmv2] [D] [thread 102402] [50.0] [cxt 0] Parser 'parser': start
[09:13:22.241] [bmv2] [D] [thread 102402] [50.0] [cxt 0] Parser 'parser' entering state 'start'
[09:13:22.241] [bmv2] [D] [thread 102402] [50.0] [cxt 0] Extracting header 'ethernet'
[09:13:22.241] [bmv2] [D] [thread 102402] [50.0] [cxt 0] Parser state 'start': key is 0800
[09:13:22.241] [bmv2] [T] [thread 102402] [50.0] [cxt 0] Bytes parsed: 14
[09:13:22.241] [bmv2] [D] [thread 102402] [50.0] [cxt 0] Parser 'parser' entering state 'parse_ipv4'
[09:13:22.241] [bmv2] [D] [thread 102402] [50.0] [cxt 0] Extracting header 'ipv4'
[09:13:22.241] [bmv2] [D] [thread 102402] [50.0] [cxt 0] Parser state 'parse_ipv4' has no switch, going to default next state
[09:13:22.241] [bmv2] [T] [thread 102402] [50.0] [cxt 0] Bytes parsed: 34
[09:13:22.241] [bmv2] [D] [thread 102402] [50.0] [cxt 0] Parser 'parser': end
[09:13:22.241] [bmv2] [D] [thread 102402] [50.0] [cxt 0] Pipeline 'ingress': start
[09:13:22.241] [bmv2] [T] [thread 102402] [50.0] [cxt 0] switch.p4(116) Condition "hdr.ipv4.isValid()" (node_2) is true
[09:13:22.241] [bmv2] [T] [thread 102402] [50.0] [cxt 0] Applying table 'MyIngress.ipv4_lpm'
[09:13:22.241] [bmv2] [D] [thread 102402] [50.0] [cxt 0] Looking up key:
* hdr.ipv4.dstAddr    : 0a000101

[09:13:22.241] [bmv2] [D] [thread 102402] [50.0] [cxt 0] Table 'MyIngress.ipv4_lpm': hit with handle 0
[09:13:22.241] [bmv2] [D] [thread 102402] [50.0] [cxt 0] Dumping entry 0
Match key:
* hdr.ipv4.dstAddr    : LPM       0a000101/32
Action entry: MyIngress.ipv4_forward - 80000000111,1,

[09:13:22.241] [bmv2] [D] [thread 102402] [50.0] [cxt 0] Action entry is MyIngress.ipv4_forward - 80000000111,1,
[09:13:22.241] [bmv2] [T] [thread 102402] [50.0] [cxt 0] Action MyIngress.ipv4_forward
[09:13:22.241] [bmv2] [T] [thread 102402] [50.0] [cxt 0] switch.p4(96) Primitive standard_metadata.egress_spec = port
[09:13:22.241] [bmv2] [T] [thread 102402] [50.0] [cxt 0] switch.p4(97) Primitive hdr.ethernet.srcAddr = hdr.ethernet.dstAddr
[09:13:22.241] [bmv2] [T] [thread 102402] [50.0] [cxt 0] switch.p4(98) Primitive hdr.ethernet.dstAddr = dstAddr
[09:13:22.241] [bmv2] [T] [thread 102402] [50.0] [cxt 0] switch.p4(99) Primitive hdr.ipv4.ttl = hdr.ipv4.ttl - 1
[09:13:22.241] [bmv2] [D] [thread 102402] [50.0] [cxt 0] Pipeline 'ingress': end
[09:13:22.241] [bmv2] [D] [thread 102402] [50.0] [cxt 0] Egress port is 1
[09:13:22.241] [bmv2] [D] [thread 102404] [50.0] [cxt 0] Pipeline 'egress': start
[09:13:22.241] [bmv2] [D] [thread 102404] [50.0] [cxt 0] Pipeline 'egress': end
[09:13:22.241] [bmv2] [D] [thread 102404] [50.0] [cxt 0] Deparser 'deparser': start
[09:13:22.241] [bmv2] [D] [thread 102404] [50.0] [cxt 0] Updating checksum 'cksum'
[09:13:22.241] [bmv2] [D] [thread 102404] [50.0] [cxt 0] Deparsing header 'ethernet'
[09:13:22.241] [bmv2] [D] [thread 102404] [50.0] [cxt 0] Deparsing header 'ipv4'
[09:13:22.241] [bmv2] [D] [thread 102404] [50.0] [cxt 0] Deparser 'deparser': end
[09:13:22.241] [bmv2] [D] [thread 102407] [50.0] [cxt 0] Transmitting packet of size 76 out of port 1
[09:13:22.241] [bmv2] [D] [thread 102402] [51.0] [cxt 0] Processing packet received on port 2
[09:13:22.241] [bmv2] [D] [thread 102402] [51.0] [cxt 0] Parser 'parser': start
[09:13:22.241] [bmv2] [D] [thread 102402] [51.0] [cxt 0] Parser 'parser' entering state 'start'
[09:13:22.241] [bmv2] [D] [thread 102402] [51.0] [cxt 0] Extracting header 'ethernet'
[09:13:22.241] [bmv2] [D] [thread 102402] [51.0] [cxt 0] Parser state 'start': key is 0800
[09:13:22.241] [bmv2] [T] [thread 102402] [51.0] [cxt 0] Bytes parsed: 14
[09:13:22.241] [bmv2] [D] [thread 102402] [51.0] [cxt 0] Parser 'parser' entering state 'parse_ipv4'
[09:13:22.241] [bmv2] [D] [thread 102402] [51.0] [cxt 0] Extracting header 'ipv4'
[09:13:22.241] [bmv2] [D] [thread 102402] [51.0] [cxt 0] Parser state 'parse_ipv4' has no switch, going to default next state
[09:13:22.241] [bmv2] [T] [thread 102402] [51.0] [cxt 0] Bytes parsed: 34
[09:13:22.241] [bmv2] [D] [thread 102402] [51.0] [cxt 0] Parser 'parser': end
[09:13:22.241] [bmv2] [D] [thread 102402] [51.0] [cxt 0] Pipeline 'ingress': start
[09:13:22.241] [bmv2] [T] [thread 102402] [51.0] [cxt 0] switch.p4(116) Condition "hdr.ipv4.isValid()" (node_2) is true
[09:13:22.241] [bmv2] [T] [thread 102402] [51.0] [cxt 0] Applying table 'MyIngress.ipv4_lpm'
[09:13:22.241] [bmv2] [D] [thread 102402] [51.0] [cxt 0] Looking up key:
* hdr.ipv4.dstAddr    : 0a000101

[09:13:22.241] [bmv2] [D] [thread 102402] [51.0] [cxt 0] Table 'MyIngress.ipv4_lpm': hit with handle 0
[09:13:22.241] [bmv2] [D] [thread 102402] [51.0] [cxt 0] Dumping entry 0
Match key:
* hdr.ipv4.dstAddr    : LPM       0a000101/32
Action entry: MyIngress.ipv4_forward - 80000000111,1,

[09:13:22.241] [bmv2] [D] [thread 102402] [51.0] [cxt 0] Action entry is MyIngress.ipv4_forward - 80000000111,1,
[09:13:22.241] [bmv2] [T] [thread 102402] [51.0] [cxt 0] Action MyIngress.ipv4_forward
[09:13:22.241] [bmv2] [T] [thread 102402] [51.0] [cxt 0] switch.p4(96) Primitive standard_metadata.egress_spec = port
[09:13:22.241] [bmv2] [T] [thread 102402] [51.0] [cxt 0] switch.p4(97) Primitive hdr.ethernet.srcAddr = hdr.ethernet.dstAddr
[09:13:22.241] [bmv2] [T] [thread 102402] [51.0] [cxt 0] switch.p4(98) Primitive hdr.ethernet.dstAddr = dstAddr
[09:13:22.241] [bmv2] [T] [thread 102402] [51.0] [cxt 0] switch.p4(99) Primitive hdr.ipv4.ttl = hdr.ipv4.ttl - 1
[09:13:22.241] [bmv2] [D] [thread 102402] [51.0] [cxt 0] Pipeline 'ingress': end
[09:13:22.241] [bmv2] [D] [thread 102402] [51.0] [cxt 0] Egress port is 1
[09:13:22.241] [bmv2] [D] [thread 102404] [51.0] [cxt 0] Pipeline 'egress': start
[09:13:22.241] [bmv2] [D] [thread 102404] [51.0] [cxt 0] Pipeline 'egress': end
[09:13:22.241] [bmv2] [D] [thread 102404] [51.0] [cxt 0] Deparser 'deparser': start
[09:13:22.241] [bmv2] [D] [thread 102404] [51.0] [cxt 0] Updating checksum 'cksum'
[09:13:22.241] [bmv2] [D] [thread 102404] [51.0] [cxt 0] Deparsing header 'ethernet'
[09:13:22.241] [bmv2] [D] [thread 102404] [51.0] [cxt 0] Deparsing header 'ipv4'
[09:13:22.241] [bmv2] [D] [thread 102404] [51.0] [cxt 0] Deparser 'deparser': end
[09:13:22.246] [bmv2] [D] [thread 102407] [51.0] [cxt 0] Transmitting packet of size 308 out of port 1
[09:13:22.246] [bmv2] [D] [thread 102402] [52.0] [cxt 0] Processing packet received on port 1
[09:13:22.246] [bmv2] [D] [thread 102402] [52.0] [cxt 0] Parser 'parser': start
[09:13:22.246] [bmv2] [D] [thread 102402] [52.0] [cxt 0] Parser 'parser' entering state 'start'
[09:13:22.246] [bmv2] [D] [thread 102402] [52.0] [cxt 0] Extracting header 'ethernet'
[09:13:22.246] [bmv2] [D] [thread 102402] [52.0] [cxt 0] Parser state 'start': key is 0800
[09:13:22.246] [bmv2] [T] [thread 102402] [52.0] [cxt 0] Bytes parsed: 14
[09:13:22.246] [bmv2] [D] [thread 102402] [52.0] [cxt 0] Parser 'parser' entering state 'parse_ipv4'
[09:13:22.246] [bmv2] [D] [thread 102402] [52.0] [cxt 0] Extracting header 'ipv4'
[09:13:22.246] [bmv2] [D] [thread 102402] [52.0] [cxt 0] Parser state 'parse_ipv4' has no switch, going to default next state
[09:13:22.246] [bmv2] [T] [thread 102402] [52.0] [cxt 0] Bytes parsed: 34
[09:13:22.246] [bmv2] [D] [thread 102402] [52.0] [cxt 0] Parser 'parser': end
[09:13:22.246] [bmv2] [D] [thread 102402] [52.0] [cxt 0] Pipeline 'ingress': start
[09:13:22.246] [bmv2] [T] [thread 102402] [52.0] [cxt 0] switch.p4(116) Condition "hdr.ipv4.isValid()" (node_2) is true
[09:13:22.246] [bmv2] [T] [thread 102402] [52.0] [cxt 0] Applying table 'MyIngress.ipv4_lpm'
[09:13:22.246] [bmv2] [D] [thread 102402] [52.0] [cxt 0] Looking up key:
* hdr.ipv4.dstAddr    : 0a000202

[09:13:22.246] [bmv2] [D] [thread 102402] [52.0] [cxt 0] Table 'MyIngress.ipv4_lpm': hit with handle 1
[09:13:22.246] [bmv2] [D] [thread 102402] [52.0] [cxt 0] Dumping entry 1
Match key:
* hdr.ipv4.dstAddr    : LPM       0a000202/32
Action entry: MyIngress.ipv4_forward - 80000000200,2,

[09:13:22.246] [bmv2] [D] [thread 102402] [52.0] [cxt 0] Action entry is MyIngress.ipv4_forward - 80000000200,2,
[09:13:22.246] [bmv2] [T] [thread 102402] [52.0] [cxt 0] Action MyIngress.ipv4_forward
[09:13:22.246] [bmv2] [T] [thread 102402] [52.0] [cxt 0] switch.p4(96) Primitive standard_metadata.egress_spec = port
[09:13:22.246] [bmv2] [T] [thread 102402] [52.0] [cxt 0] switch.p4(97) Primitive hdr.ethernet.srcAddr = hdr.ethernet.dstAddr
[09:13:22.246] [bmv2] [T] [thread 102402] [52.0] [cxt 0] switch.p4(98) Primitive hdr.ethernet.dstAddr = dstAddr
[09:13:22.246] [bmv2] [T] [thread 102402] [52.0] [cxt 0] switch.p4(99) Primitive hdr.ipv4.ttl = hdr.ipv4.ttl - 1
[09:13:22.246] [bmv2] [D] [thread 102402] [52.0] [cxt 0] Pipeline 'ingress': end
[09:13:22.246] [bmv2] [D] [thread 102402] [52.0] [cxt 0] Egress port is 2
[09:13:22.246] [bmv2] [D] [thread 102405] [52.0] [cxt 0] Pipeline 'egress': start
[09:13:22.246] [bmv2] [D] [thread 102405] [52.0] [cxt 0] Pipeline 'egress': end
[09:13:22.246] [bmv2] [D] [thread 102405] [52.0] [cxt 0] Deparser 'deparser': start
[09:13:22.246] [bmv2] [D] [thread 102405] [52.0] [cxt 0] Updating checksum 'cksum'
[09:13:22.246] [bmv2] [D] [thread 102405] [52.0] [cxt 0] Deparsing header 'ethernet'
[09:13:22.246] [bmv2] [D] [thread 102405] [52.0] [cxt 0] Deparsing header 'ipv4'
[09:13:22.246] [bmv2] [D] [thread 102405] [52.0] [cxt 0] Deparser 'deparser': end
[09:13:22.246] [bmv2] [D] [thread 102407] [52.0] [cxt 0] Transmitting packet of size 336 out of port 2
[09:13:23.043] [bmv2] [D] [thread 102402] [53.0] [cxt 0] Processing packet received on port 1
[09:13:23.043] [bmv2] [D] [thread 102402] [53.0] [cxt 0] Parser 'parser': start
[09:13:23.043] [bmv2] [D] [thread 102402] [53.0] [cxt 0] Parser 'parser' entering state 'start'
[09:13:23.043] [bmv2] [D] [thread 102402] [53.0] [cxt 0] Extracting header 'ethernet'
[09:13:23.043] [bmv2] [D] [thread 102402] [53.0] [cxt 0] Parser state 'start': key is 0800
[09:13:23.043] [bmv2] [T] [thread 102402] [53.0] [cxt 0] Bytes parsed: 14
[09:13:23.043] [bmv2] [D] [thread 102402] [53.0] [cxt 0] Parser 'parser' entering state 'parse_ipv4'
[09:13:23.043] [bmv2] [D] [thread 102402] [53.0] [cxt 0] Extracting header 'ipv4'
[09:13:23.043] [bmv2] [D] [thread 102402] [53.0] [cxt 0] Parser state 'parse_ipv4' has no switch, going to default next state
[09:13:23.043] [bmv2] [T] [thread 102402] [53.0] [cxt 0] Bytes parsed: 34
[09:13:23.043] [bmv2] [D] [thread 102402] [53.0] [cxt 0] Parser 'parser': end
[09:13:23.043] [bmv2] [D] [thread 102402] [53.0] [cxt 0] Pipeline 'ingress': start
[09:13:23.043] [bmv2] [T] [thread 102402] [53.0] [cxt 0] switch.p4(116) Condition "hdr.ipv4.isValid()" (node_2) is true
[09:13:23.043] [bmv2] [T] [thread 102402] [53.0] [cxt 0] Applying table 'MyIngress.ipv4_lpm'
[09:13:23.043] [bmv2] [D] [thread 102402] [53.0] [cxt 0] Looking up key:
* hdr.ipv4.dstAddr    : 0a000202

[09:13:23.043] [bmv2] [D] [thread 102402] [53.0] [cxt 0] Table 'MyIngress.ipv4_lpm': hit with handle 1
[09:13:23.043] [bmv2] [D] [thread 102402] [53.0] [cxt 0] Dumping entry 1
Match key:
* hdr.ipv4.dstAddr    : LPM       0a000202/32
Action entry: MyIngress.ipv4_forward - 80000000200,2,

[09:13:23.043] [bmv2] [D] [thread 102402] [53.0] [cxt 0] Action entry is MyIngress.ipv4_forward - 80000000200,2,
[09:13:23.043] [bmv2] [T] [thread 102402] [53.0] [cxt 0] Action MyIngress.ipv4_forward
[09:13:23.043] [bmv2] [T] [thread 102402] [53.0] [cxt 0] switch.p4(96) Primitive standard_metadata.egress_spec = port
[09:13:23.043] [bmv2] [T] [thread 102402] [53.0] [cxt 0] switch.p4(97) Primitive hdr.ethernet.srcAddr = hdr.ethernet.dstAddr
[09:13:23.043] [bmv2] [T] [thread 102402] [53.0] [cxt 0] switch.p4(98) Primitive hdr.ethernet.dstAddr = dstAddr
[09:13:23.043] [bmv2] [T] [thread 102402] [53.0] [cxt 0] switch.p4(99) Primitive hdr.ipv4.ttl = hdr.ipv4.ttl - 1
[09:13:23.043] [bmv2] [D] [thread 102402] [53.0] [cxt 0] Pipeline 'ingress': end
[09:13:23.043] [bmv2] [D] [thread 102402] [53.0] [cxt 0] Egress port is 2
[09:13:23.043] [bmv2] [D] [thread 102405] [53.0] [cxt 0] Pipeline 'egress': start
[09:13:23.043] [bmv2] [D] [thread 102405] [53.0] [cxt 0] Pipeline 'egress': end
[09:13:23.043] [bmv2] [D] [thread 102405] [53.0] [cxt 0] Deparser 'deparser': start
[09:13:23.043] [bmv2] [D] [thread 102405] [53.0] [cxt 0] Updating checksum 'cksum'
[09:13:23.043] [bmv2] [D] [thread 102405] [53.0] [cxt 0] Deparsing header 'ethernet'
[09:13:23.043] [bmv2] [D] [thread 102405] [53.0] [cxt 0] Deparsing header 'ipv4'
[09:13:23.043] [bmv2] [D] [thread 102405] [53.0] [cxt 0] Deparser 'deparser': end
[09:13:23.067] [bmv2] [D] [thread 102407] [53.0] [cxt 0] Transmitting packet of size 48 out of port 2
[09:13:23.067] [bmv2] [D] [thread 102402] [54.0] [cxt 0] Processing packet received on port 2
[09:13:23.067] [bmv2] [D] [thread 102402] [54.0] [cxt 0] Parser 'parser': start
[09:13:23.067] [bmv2] [D] [thread 102402] [54.0] [cxt 0] Parser 'parser' entering state 'start'
[09:13:23.067] [bmv2] [D] [thread 102402] [54.0] [cxt 0] Extracting header 'ethernet'
[09:13:23.067] [bmv2] [D] [thread 102402] [54.0] [cxt 0] Parser state 'start': key is 0800
[09:13:23.067] [bmv2] [T] [thread 102402] [54.0] [cxt 0] Bytes parsed: 14
[09:13:23.067] [bmv2] [D] [thread 102402] [54.0] [cxt 0] Parser 'parser' entering state 'parse_ipv4'
[09:13:23.067] [bmv2] [D] [thread 102402] [54.0] [cxt 0] Extracting header 'ipv4'
[09:13:23.067] [bmv2] [D] [thread 102402] [54.0] [cxt 0] Parser state 'parse_ipv4' has no switch, going to default next state
[09:13:23.067] [bmv2] [T] [thread 102402] [54.0] [cxt 0] Bytes parsed: 34
[09:13:23.067] [bmv2] [D] [thread 102402] [54.0] [cxt 0] Parser 'parser': end
[09:13:23.067] [bmv2] [D] [thread 102402] [54.0] [cxt 0] Pipeline 'ingress': start
[09:13:23.067] [bmv2] [T] [thread 102402] [54.0] [cxt 0] switch.p4(116) Condition "hdr.ipv4.isValid()" (node_2) is true
[09:13:23.067] [bmv2] [T] [thread 102402] [54.0] [cxt 0] Applying table 'MyIngress.ipv4_lpm'
[09:13:23.067] [bmv2] [D] [thread 102402] [54.0] [cxt 0] Looking up key:
* hdr.ipv4.dstAddr    : 0a000101

[09:13:23.067] [bmv2] [D] [thread 102402] [54.0] [cxt 0] Table 'MyIngress.ipv4_lpm': hit with handle 0
[09:13:23.067] [bmv2] [D] [thread 102402] [54.0] [cxt 0] Dumping entry 0
Match key:
* hdr.ipv4.dstAddr    : LPM       0a000101/32
Action entry: MyIngress.ipv4_forward - 80000000111,1,

[09:13:23.067] [bmv2] [D] [thread 102402] [54.0] [cxt 0] Action entry is MyIngress.ipv4_forward - 80000000111,1,
[09:13:23.067] [bmv2] [T] [thread 102402] [54.0] [cxt 0] Action MyIngress.ipv4_forward
[09:13:23.067] [bmv2] [T] [thread 102402] [54.0] [cxt 0] switch.p4(96) Primitive standard_metadata.egress_spec = port
[09:13:23.067] [bmv2] [T] [thread 102402] [54.0] [cxt 0] switch.p4(97) Primitive hdr.ethernet.srcAddr = hdr.ethernet.dstAddr
[09:13:23.067] [bmv2] [T] [thread 102402] [54.0] [cxt 0] switch.p4(98) Primitive hdr.ethernet.dstAddr = dstAddr
[09:13:23.067] [bmv2] [T] [thread 102402] [54.0] [cxt 0] switch.p4(99) Primitive hdr.ipv4.ttl = hdr.ipv4.ttl - 1
[09:13:23.067] [bmv2] [D] [thread 102402] [54.0] [cxt 0] Pipeline 'ingress': end
[09:13:23.067] [bmv2] [D] [thread 102402] [54.0] [cxt 0] Egress port is 1
[09:13:23.067] [bmv2] [D] [thread 102404] [54.0] [cxt 0] Pipeline 'egress': start
[09:13:23.067] [bmv2] [D] [thread 102404] [54.0] [cxt 0] Pipeline 'egress': end
[09:13:23.067] [bmv2] [D] [thread 102404] [54.0] [cxt 0] Deparser 'deparser': start
[09:13:23.067] [bmv2] [D] [thread 102404] [54.0] [cxt 0] Updating checksum 'cksum'
[09:13:23.067] [bmv2] [D] [thread 102404] [54.0] [cxt 0] Deparsing header 'ethernet'
[09:13:23.067] [bmv2] [D] [thread 102404] [54.0] [cxt 0] Deparsing header 'ipv4'
[09:13:23.067] [bmv2] [D] [thread 102404] [54.0] [cxt 0] Deparser 'deparser': end
[09:13:23.067] [bmv2] [D] [thread 102407] [54.0] [cxt 0] Transmitting packet of size 76 out of port 1
[09:13:23.120] [bmv2] [D] [thread 102402] [55.0] [cxt 0] Processing packet received on port 2
[09:13:23.120] [bmv2] [D] [thread 102402] [55.0] [cxt 0] Parser 'parser': start
[09:13:23.120] [bmv2] [D] [thread 102402] [55.0] [cxt 0] Parser 'parser' entering state 'start'
[09:13:23.120] [bmv2] [D] [thread 102402] [55.0] [cxt 0] Extracting header 'ethernet'
[09:13:23.120] [bmv2] [D] [thread 102402] [55.0] [cxt 0] Parser state 'start': key is 0800
[09:13:23.120] [bmv2] [T] [thread 102402] [55.0] [cxt 0] Bytes parsed: 14
[09:13:23.120] [bmv2] [D] [thread 102402] [55.0] [cxt 0] Parser 'parser' entering state 'parse_ipv4'
[09:13:23.120] [bmv2] [D] [thread 102402] [55.0] [cxt 0] Extracting header 'ipv4'
[09:13:23.120] [bmv2] [D] [thread 102402] [55.0] [cxt 0] Parser state 'parse_ipv4' has no switch, going to default next state
[09:13:23.120] [bmv2] [T] [thread 102402] [55.0] [cxt 0] Bytes parsed: 34
[09:13:23.120] [bmv2] [D] [thread 102402] [55.0] [cxt 0] Parser 'parser': end
[09:13:23.120] [bmv2] [D] [thread 102402] [55.0] [cxt 0] Pipeline 'ingress': start
[09:13:23.120] [bmv2] [T] [thread 102402] [55.0] [cxt 0] switch.p4(116) Condition "hdr.ipv4.isValid()" (node_2) is true
[09:13:23.120] [bmv2] [T] [thread 102402] [55.0] [cxt 0] Applying table 'MyIngress.ipv4_lpm'
[09:13:23.120] [bmv2] [D] [thread 102402] [55.0] [cxt 0] Looking up key:
* hdr.ipv4.dstAddr    : 0a000101

[09:13:23.120] [bmv2] [D] [thread 102402] [55.0] [cxt 0] Table 'MyIngress.ipv4_lpm': hit with handle 0
[09:13:23.120] [bmv2] [D] [thread 102402] [55.0] [cxt 0] Dumping entry 0
Match key:
* hdr.ipv4.dstAddr    : LPM       0a000101/32
Action entry: MyIngress.ipv4_forward - 80000000111,1,

[09:13:23.120] [bmv2] [D] [thread 102402] [55.0] [cxt 0] Action entry is MyIngress.ipv4_forward - 80000000111,1,
[09:13:23.120] [bmv2] [T] [thread 102402] [55.0] [cxt 0] Action MyIngress.ipv4_forward
[09:13:23.120] [bmv2] [T] [thread 102402] [55.0] [cxt 0] switch.p4(96) Primitive standard_metadata.egress_spec = port
[09:13:23.120] [bmv2] [T] [thread 102402] [55.0] [cxt 0] switch.p4(97) Primitive hdr.ethernet.srcAddr = hdr.ethernet.dstAddr
[09:13:23.120] [bmv2] [T] [thread 102402] [55.0] [cxt 0] switch.p4(98) Primitive hdr.ethernet.dstAddr = dstAddr
[09:13:23.120] [bmv2] [T] [thread 102402] [55.0] [cxt 0] switch.p4(99) Primitive hdr.ipv4.ttl = hdr.ipv4.ttl - 1
[09:13:23.120] [bmv2] [D] [thread 102402] [55.0] [cxt 0] Pipeline 'ingress': end
[09:13:23.120] [bmv2] [D] [thread 102402] [55.0] [cxt 0] Egress port is 1
[09:13:23.120] [bmv2] [D] [thread 102404] [55.0] [cxt 0] Pipeline 'egress': start
[09:13:23.120] [bmv2] [D] [thread 102404] [55.0] [cxt 0] Pipeline 'egress': end
[09:13:23.120] [bmv2] [D] [thread 102404] [55.0] [cxt 0] Deparser 'deparser': start
[09:13:23.120] [bmv2] [D] [thread 102404] [55.0] [cxt 0] Updating checksum 'cksum'
[09:13:23.120] [bmv2] [D] [thread 102404] [55.0] [cxt 0] Deparsing header 'ethernet'
[09:13:23.120] [bmv2] [D] [thread 102404] [55.0] [cxt 0] Deparsing header 'ipv4'
[09:13:23.120] [bmv2] [D] [thread 102404] [55.0] [cxt 0] Deparser 'deparser': end
[09:13:23.120] [bmv2] [D] [thread 102407] [55.0] [cxt 0] Transmitting packet of size 308 out of port 1
[09:13:23.120] [bmv2] [D] [thread 102402] [56.0] [cxt 0] Processing packet received on port 1
[09:13:23.120] [bmv2] [D] [thread 102402] [56.0] [cxt 0] Parser 'parser': start
[09:13:23.120] [bmv2] [D] [thread 102402] [56.0] [cxt 0] Parser 'parser' entering state 'start'
[09:13:23.120] [bmv2] [D] [thread 102402] [56.0] [cxt 0] Extracting header 'ethernet'
[09:13:23.120] [bmv2] [D] [thread 102402] [56.0] [cxt 0] Parser state 'start': key is 0800
[09:13:23.120] [bmv2] [T] [thread 102402] [56.0] [cxt 0] Bytes parsed: 14
[09:13:23.120] [bmv2] [D] [thread 102402] [56.0] [cxt 0] Parser 'parser' entering state 'parse_ipv4'
[09:13:23.120] [bmv2] [D] [thread 102402] [56.0] [cxt 0] Extracting header 'ipv4'
[09:13:23.120] [bmv2] [D] [thread 102402] [56.0] [cxt 0] Parser state 'parse_ipv4' has no switch, going to default next state
[09:13:23.120] [bmv2] [T] [thread 102402] [56.0] [cxt 0] Bytes parsed: 34
[09:13:23.120] [bmv2] [D] [thread 102402] [56.0] [cxt 0] Parser 'parser': end
[09:13:23.120] [bmv2] [D] [thread 102402] [56.0] [cxt 0] Pipeline 'ingress': start
[09:13:23.120] [bmv2] [T] [thread 102402] [56.0] [cxt 0] switch.p4(116) Condition "hdr.ipv4.isValid()" (node_2) is true
[09:13:23.120] [bmv2] [T] [thread 102402] [56.0] [cxt 0] Applying table 'MyIngress.ipv4_lpm'
[09:13:23.120] [bmv2] [D] [thread 102402] [56.0] [cxt 0] Looking up key:
* hdr.ipv4.dstAddr    : 0a000202

[09:13:23.120] [bmv2] [D] [thread 102402] [56.0] [cxt 0] Table 'MyIngress.ipv4_lpm': hit with handle 1
[09:13:23.120] [bmv2] [D] [thread 102402] [56.0] [cxt 0] Dumping entry 1
Match key:
* hdr.ipv4.dstAddr    : LPM       0a000202/32
Action entry: MyIngress.ipv4_forward - 80000000200,2,

[09:13:23.120] [bmv2] [D] [thread 102402] [56.0] [cxt 0] Action entry is MyIngress.ipv4_forward - 80000000200,2,
[09:13:23.120] [bmv2] [T] [thread 102402] [56.0] [cxt 0] Action MyIngress.ipv4_forward
[09:13:23.120] [bmv2] [T] [thread 102402] [56.0] [cxt 0] switch.p4(96) Primitive standard_metadata.egress_spec = port
[09:13:23.120] [bmv2] [T] [thread 102402] [56.0] [cxt 0] switch.p4(97) Primitive hdr.ethernet.srcAddr = hdr.ethernet.dstAddr
[09:13:23.120] [bmv2] [T] [thread 102402] [56.0] [cxt 0] switch.p4(98) Primitive hdr.ethernet.dstAddr = dstAddr
[09:13:23.120] [bmv2] [T] [thread 102402] [56.0] [cxt 0] switch.p4(99) Primitive hdr.ipv4.ttl = hdr.ipv4.ttl - 1
[09:13:23.120] [bmv2] [D] [thread 102402] [56.0] [cxt 0] Pipeline 'ingress': end
[09:13:23.120] [bmv2] [D] [thread 102402] [56.0] [cxt 0] Egress port is 2
[09:13:23.120] [bmv2] [D] [thread 102405] [56.0] [cxt 0] Pipeline 'egress': start
[09:13:23.120] [bmv2] [D] [thread 102405] [56.0] [cxt 0] Pipeline 'egress': end
[09:13:23.120] [bmv2] [D] [thread 102405] [56.0] [cxt 0] Deparser 'deparser': start
[09:13:23.120] [bmv2] [D] [thread 102405] [56.0] [cxt 0] Updating checksum 'cksum'
[09:13:23.120] [bmv2] [D] [thread 102405] [56.0] [cxt 0] Deparsing header 'ethernet'
[09:13:23.120] [bmv2] [D] [thread 102405] [56.0] [cxt 0] Deparsing header 'ipv4'
[09:13:23.120] [bmv2] [D] [thread 102405] [56.0] [cxt 0] Deparser 'deparser': end
[09:13:23.120] [bmv2] [D] [thread 102407] [56.0] [cxt 0] Transmitting packet of size 336 out of port 2
[09:13:24.051] [bmv2] [D] [thread 102402] [57.0] [cxt 0] Processing packet received on port 1
[09:13:24.051] [bmv2] [D] [thread 102402] [57.0] [cxt 0] Parser 'parser': start
[09:13:24.051] [bmv2] [D] [thread 102402] [57.0] [cxt 0] Parser 'parser' entering state 'start'
[09:13:24.051] [bmv2] [D] [thread 102402] [57.0] [cxt 0] Extracting header 'ethernet'
[09:13:24.051] [bmv2] [D] [thread 102402] [57.0] [cxt 0] Parser state 'start': key is 0800
[09:13:24.057] [bmv2] [T] [thread 102402] [57.0] [cxt 0] Bytes parsed: 14
[09:13:24.057] [bmv2] [D] [thread 102402] [57.0] [cxt 0] Parser 'parser' entering state 'parse_ipv4'
[09:13:24.057] [bmv2] [D] [thread 102402] [57.0] [cxt 0] Extracting header 'ipv4'
[09:13:24.057] [bmv2] [D] [thread 102402] [57.0] [cxt 0] Parser state 'parse_ipv4' has no switch, going to default next state
[09:13:24.057] [bmv2] [T] [thread 102402] [57.0] [cxt 0] Bytes parsed: 34
[09:13:24.057] [bmv2] [D] [thread 102402] [57.0] [cxt 0] Parser 'parser': end
[09:13:24.057] [bmv2] [D] [thread 102402] [57.0] [cxt 0] Pipeline 'ingress': start
[09:13:24.057] [bmv2] [T] [thread 102402] [57.0] [cxt 0] switch.p4(116) Condition "hdr.ipv4.isValid()" (node_2) is true
[09:13:24.057] [bmv2] [T] [thread 102402] [57.0] [cxt 0] Applying table 'MyIngress.ipv4_lpm'
[09:13:24.057] [bmv2] [D] [thread 102402] [57.0] [cxt 0] Looking up key:
* hdr.ipv4.dstAddr    : 0a000202

[09:13:24.057] [bmv2] [D] [thread 102402] [57.0] [cxt 0] Table 'MyIngress.ipv4_lpm': hit with handle 1
[09:13:24.057] [bmv2] [D] [thread 102402] [57.0] [cxt 0] Dumping entry 1
Match key:
* hdr.ipv4.dstAddr    : LPM       0a000202/32
Action entry: MyIngress.ipv4_forward - 80000000200,2,

[09:13:24.057] [bmv2] [D] [thread 102402] [57.0] [cxt 0] Action entry is MyIngress.ipv4_forward - 80000000200,2,
[09:13:24.057] [bmv2] [T] [thread 102402] [57.0] [cxt 0] Action MyIngress.ipv4_forward
[09:13:24.057] [bmv2] [T] [thread 102402] [57.0] [cxt 0] switch.p4(96) Primitive standard_metadata.egress_spec = port
[09:13:24.057] [bmv2] [T] [thread 102402] [57.0] [cxt 0] switch.p4(97) Primitive hdr.ethernet.srcAddr = hdr.ethernet.dstAddr
[09:13:24.057] [bmv2] [T] [thread 102402] [57.0] [cxt 0] switch.p4(98) Primitive hdr.ethernet.dstAddr = dstAddr
[09:13:24.057] [bmv2] [T] [thread 102402] [57.0] [cxt 0] switch.p4(99) Primitive hdr.ipv4.ttl = hdr.ipv4.ttl - 1
[09:13:24.057] [bmv2] [D] [thread 102402] [57.0] [cxt 0] Pipeline 'ingress': end
[09:13:24.057] [bmv2] [D] [thread 102402] [57.0] [cxt 0] Egress port is 2
[09:13:24.057] [bmv2] [D] [thread 102405] [57.0] [cxt 0] Pipeline 'egress': start
[09:13:24.057] [bmv2] [D] [thread 102405] [57.0] [cxt 0] Pipeline 'egress': end
[09:13:24.057] [bmv2] [D] [thread 102405] [57.0] [cxt 0] Deparser 'deparser': start
[09:13:24.057] [bmv2] [D] [thread 102405] [57.0] [cxt 0] Updating checksum 'cksum'
[09:13:24.057] [bmv2] [D] [thread 102405] [57.0] [cxt 0] Deparsing header 'ethernet'
[09:13:24.057] [bmv2] [D] [thread 102405] [57.0] [cxt 0] Deparsing header 'ipv4'
[09:13:24.057] [bmv2] [D] [thread 102405] [57.0] [cxt 0] Deparser 'deparser': end
[09:13:24.057] [bmv2] [D] [thread 102407] [57.0] [cxt 0] Transmitting packet of size 48 out of port 2
[09:13:24.057] [bmv2] [D] [thread 102402] [58.0] [cxt 0] Processing packet received on port 2
[09:13:24.057] [bmv2] [D] [thread 102402] [58.0] [cxt 0] Parser 'parser': start
[09:13:24.057] [bmv2] [D] [thread 102402] [58.0] [cxt 0] Parser 'parser' entering state 'start'
[09:13:24.057] [bmv2] [D] [thread 102402] [58.0] [cxt 0] Extracting header 'ethernet'
[09:13:24.057] [bmv2] [D] [thread 102402] [58.0] [cxt 0] Parser state 'start': key is 0800
[09:13:24.057] [bmv2] [T] [thread 102402] [58.0] [cxt 0] Bytes parsed: 14
[09:13:24.057] [bmv2] [D] [thread 102402] [58.0] [cxt 0] Parser 'parser' entering state 'parse_ipv4'
[09:13:24.057] [bmv2] [D] [thread 102402] [58.0] [cxt 0] Extracting header 'ipv4'
[09:13:24.057] [bmv2] [D] [thread 102402] [58.0] [cxt 0] Parser state 'parse_ipv4' has no switch, going to default next state
[09:13:24.057] [bmv2] [T] [thread 102402] [58.0] [cxt 0] Bytes parsed: 34
[09:13:24.057] [bmv2] [D] [thread 102402] [58.0] [cxt 0] Parser 'parser': end
[09:13:24.057] [bmv2] [D] [thread 102402] [58.0] [cxt 0] Pipeline 'ingress': start
[09:13:24.057] [bmv2] [T] [thread 102402] [58.0] [cxt 0] switch.p4(116) Condition "hdr.ipv4.isValid()" (node_2) is true
[09:13:24.057] [bmv2] [T] [thread 102402] [58.0] [cxt 0] Applying table 'MyIngress.ipv4_lpm'
[09:13:24.057] [bmv2] [D] [thread 102402] [58.0] [cxt 0] Looking up key:
* hdr.ipv4.dstAddr    : 0a000101

[09:13:24.057] [bmv2] [D] [thread 102402] [58.0] [cxt 0] Table 'MyIngress.ipv4_lpm': hit with handle 0
[09:13:24.057] [bmv2] [D] [thread 102402] [58.0] [cxt 0] Dumping entry 0
Match key:
* hdr.ipv4.dstAddr    : LPM       0a000101/32
Action entry: MyIngress.ipv4_forward - 80000000111,1,

[09:13:24.057] [bmv2] [D] [thread 102402] [58.0] [cxt 0] Action entry is MyIngress.ipv4_forward - 80000000111,1,
[09:13:24.057] [bmv2] [T] [thread 102402] [58.0] [cxt 0] Action MyIngress.ipv4_forward
[09:13:24.057] [bmv2] [T] [thread 102402] [58.0] [cxt 0] switch.p4(96) Primitive standard_metadata.egress_spec = port
[09:13:24.057] [bmv2] [T] [thread 102402] [58.0] [cxt 0] switch.p4(97) Primitive hdr.ethernet.srcAddr = hdr.ethernet.dstAddr
[09:13:24.057] [bmv2] [T] [thread 102402] [58.0] [cxt 0] switch.p4(98) Primitive hdr.ethernet.dstAddr = dstAddr
[09:13:24.057] [bmv2] [T] [thread 102402] [58.0] [cxt 0] switch.p4(99) Primitive hdr.ipv4.ttl = hdr.ipv4.ttl - 1
[09:13:24.057] [bmv2] [D] [thread 102402] [58.0] [cxt 0] Pipeline 'ingress': end
[09:13:24.057] [bmv2] [D] [thread 102402] [58.0] [cxt 0] Egress port is 1
[09:13:24.057] [bmv2] [D] [thread 102404] [58.0] [cxt 0] Pipeline 'egress': start
[09:13:24.057] [bmv2] [D] [thread 102404] [58.0] [cxt 0] Pipeline 'egress': end
[09:13:24.057] [bmv2] [D] [thread 102404] [58.0] [cxt 0] Deparser 'deparser': start
[09:13:24.057] [bmv2] [D] [thread 102404] [58.0] [cxt 0] Updating checksum 'cksum'
[09:13:24.057] [bmv2] [D] [thread 102404] [58.0] [cxt 0] Deparsing header 'ethernet'
[09:13:24.057] [bmv2] [D] [thread 102404] [58.0] [cxt 0] Deparsing header 'ipv4'
[09:13:24.057] [bmv2] [D] [thread 102404] [58.0] [cxt 0] Deparser 'deparser': end
[09:13:24.057] [bmv2] [D] [thread 102407] [58.0] [cxt 0] Transmitting packet of size 76 out of port 1
[09:13:24.106] [bmv2] [D] [thread 102402] [59.0] [cxt 0] Processing packet received on port 2
[09:13:24.106] [bmv2] [D] [thread 102402] [59.0] [cxt 0] Parser 'parser': start
[09:13:24.106] [bmv2] [D] [thread 102402] [59.0] [cxt 0] Parser 'parser' entering state 'start'
[09:13:24.106] [bmv2] [D] [thread 102402] [59.0] [cxt 0] Extracting header 'ethernet'
[09:13:24.106] [bmv2] [D] [thread 102402] [59.0] [cxt 0] Parser state 'start': key is 0800
[09:13:24.106] [bmv2] [T] [thread 102402] [59.0] [cxt 0] Bytes parsed: 14
[09:13:24.106] [bmv2] [D] [thread 102402] [59.0] [cxt 0] Parser 'parser' entering state 'parse_ipv4'
[09:13:24.106] [bmv2] [D] [thread 102402] [59.0] [cxt 0] Extracting header 'ipv4'
[09:13:24.106] [bmv2] [D] [thread 102402] [59.0] [cxt 0] Parser state 'parse_ipv4' has no switch, going to default next state
[09:13:24.106] [bmv2] [T] [thread 102402] [59.0] [cxt 0] Bytes parsed: 34
[09:13:24.106] [bmv2] [D] [thread 102402] [59.0] [cxt 0] Parser 'parser': end
[09:13:24.106] [bmv2] [D] [thread 102402] [59.0] [cxt 0] Pipeline 'ingress': start
[09:13:24.106] [bmv2] [T] [thread 102402] [59.0] [cxt 0] switch.p4(116) Condition "hdr.ipv4.isValid()" (node_2) is true
[09:13:24.106] [bmv2] [T] [thread 102402] [59.0] [cxt 0] Applying table 'MyIngress.ipv4_lpm'
[09:13:24.106] [bmv2] [D] [thread 102402] [59.0] [cxt 0] Looking up key:
* hdr.ipv4.dstAddr    : 0a000101

[09:13:24.106] [bmv2] [D] [thread 102402] [59.0] [cxt 0] Table 'MyIngress.ipv4_lpm': hit with handle 0
[09:13:24.106] [bmv2] [D] [thread 102402] [59.0] [cxt 0] Dumping entry 0
Match key:
* hdr.ipv4.dstAddr    : LPM       0a000101/32
Action entry: MyIngress.ipv4_forward - 80000000111,1,

[09:13:24.106] [bmv2] [D] [thread 102402] [59.0] [cxt 0] Action entry is MyIngress.ipv4_forward - 80000000111,1,
[09:13:24.106] [bmv2] [T] [thread 102402] [59.0] [cxt 0] Action MyIngress.ipv4_forward
[09:13:24.106] [bmv2] [T] [thread 102402] [59.0] [cxt 0] switch.p4(96) Primitive standard_metadata.egress_spec = port
[09:13:24.106] [bmv2] [T] [thread 102402] [59.0] [cxt 0] switch.p4(97) Primitive hdr.ethernet.srcAddr = hdr.ethernet.dstAddr
[09:13:24.106] [bmv2] [T] [thread 102402] [59.0] [cxt 0] switch.p4(98) Primitive hdr.ethernet.dstAddr = dstAddr
[09:13:24.106] [bmv2] [T] [thread 102402] [59.0] [cxt 0] switch.p4(99) Primitive hdr.ipv4.ttl = hdr.ipv4.ttl - 1
[09:13:24.106] [bmv2] [D] [thread 102402] [59.0] [cxt 0] Pipeline 'ingress': end
[09:13:24.106] [bmv2] [D] [thread 102402] [59.0] [cxt 0] Egress port is 1
[09:13:24.106] [bmv2] [D] [thread 102404] [59.0] [cxt 0] Pipeline 'egress': start
[09:13:24.106] [bmv2] [D] [thread 102404] [59.0] [cxt 0] Pipeline 'egress': end
[09:13:24.106] [bmv2] [D] [thread 102404] [59.0] [cxt 0] Deparser 'deparser': start
[09:13:24.106] [bmv2] [D] [thread 102404] [59.0] [cxt 0] Updating checksum 'cksum'
[09:13:24.106] [bmv2] [D] [thread 102404] [59.0] [cxt 0] Deparsing header 'ethernet'
[09:13:24.106] [bmv2] [D] [thread 102404] [59.0] [cxt 0] Deparsing header 'ipv4'
[09:13:24.106] [bmv2] [D] [thread 102404] [59.0] [cxt 0] Deparser 'deparser': end
[09:13:24.106] [bmv2] [D] [thread 102407] [59.0] [cxt 0] Transmitting packet of size 308 out of port 1
[09:13:24.106] [bmv2] [D] [thread 102402] [60.0] [cxt 0] Processing packet received on port 1
[09:13:24.106] [bmv2] [D] [thread 102402] [60.0] [cxt 0] Parser 'parser': start
[09:13:24.106] [bmv2] [D] [thread 102402] [60.0] [cxt 0] Parser 'parser' entering state 'start'
[09:13:24.106] [bmv2] [D] [thread 102402] [60.0] [cxt 0] Extracting header 'ethernet'
[09:13:24.106] [bmv2] [D] [thread 102402] [60.0] [cxt 0] Parser state 'start': key is 0800
[09:13:24.106] [bmv2] [T] [thread 102402] [60.0] [cxt 0] Bytes parsed: 14
[09:13:24.106] [bmv2] [D] [thread 102402] [60.0] [cxt 0] Parser 'parser' entering state 'parse_ipv4'
[09:13:24.106] [bmv2] [D] [thread 102402] [60.0] [cxt 0] Extracting header 'ipv4'
[09:13:24.106] [bmv2] [D] [thread 102402] [60.0] [cxt 0] Parser state 'parse_ipv4' has no switch, going to default next state
[09:13:24.106] [bmv2] [T] [thread 102402] [60.0] [cxt 0] Bytes parsed: 34
[09:13:24.106] [bmv2] [D] [thread 102402] [60.0] [cxt 0] Parser 'parser': end
[09:13:24.106] [bmv2] [D] [thread 102402] [60.0] [cxt 0] Pipeline 'ingress': start
[09:13:24.106] [bmv2] [T] [thread 102402] [60.0] [cxt 0] switch.p4(116) Condition "hdr.ipv4.isValid()" (node_2) is true
[09:13:24.106] [bmv2] [T] [thread 102402] [60.0] [cxt 0] Applying table 'MyIngress.ipv4_lpm'
[09:13:24.106] [bmv2] [D] [thread 102402] [60.0] [cxt 0] Looking up key:
* hdr.ipv4.dstAddr    : 0a000202

[09:13:24.106] [bmv2] [D] [thread 102402] [60.0] [cxt 0] Table 'MyIngress.ipv4_lpm': hit with handle 1
[09:13:24.106] [bmv2] [D] [thread 102402] [60.0] [cxt 0] Dumping entry 1
Match key:
* hdr.ipv4.dstAddr    : LPM       0a000202/32
Action entry: MyIngress.ipv4_forward - 80000000200,2,

[09:13:24.106] [bmv2] [D] [thread 102402] [60.0] [cxt 0] Action entry is MyIngress.ipv4_forward - 80000000200,2,
[09:13:24.106] [bmv2] [T] [thread 102402] [60.0] [cxt 0] Action MyIngress.ipv4_forward
[09:13:24.106] [bmv2] [T] [thread 102402] [60.0] [cxt 0] switch.p4(96) Primitive standard_metadata.egress_spec = port
[09:13:24.106] [bmv2] [T] [thread 102402] [60.0] [cxt 0] switch.p4(97) Primitive hdr.ethernet.srcAddr = hdr.ethernet.dstAddr
[09:13:24.106] [bmv2] [T] [thread 102402] [60.0] [cxt 0] switch.p4(98) Primitive hdr.ethernet.dstAddr = dstAddr
[09:13:24.106] [bmv2] [T] [thread 102402] [60.0] [cxt 0] switch.p4(99) Primitive hdr.ipv4.ttl = hdr.ipv4.ttl - 1
[09:13:24.106] [bmv2] [D] [thread 102402] [60.0] [cxt 0] Pipeline 'ingress': end
[09:13:24.106] [bmv2] [D] [thread 102402] [60.0] [cxt 0] Egress port is 2
[09:13:24.106] [bmv2] [D] [thread 102405] [60.0] [cxt 0] Pipeline 'egress': start
[09:13:24.106] [bmv2] [D] [thread 102405] [60.0] [cxt 0] Pipeline 'egress': end
[09:13:24.106] [bmv2] [D] [thread 102405] [60.0] [cxt 0] Deparser 'deparser': start
[09:13:24.106] [bmv2] [D] [thread 102405] [60.0] [cxt 0] Updating checksum 'cksum'
[09:13:24.106] [bmv2] [D] [thread 102405] [60.0] [cxt 0] Deparsing header 'ethernet'
[09:13:24.106] [bmv2] [D] [thread 102405] [60.0] [cxt 0] Deparsing header 'ipv4'
[09:13:24.106] [bmv2] [D] [thread 102405] [60.0] [cxt 0] Deparser 'deparser': end
[09:13:24.106] [bmv2] [D] [thread 102407] [60.0] [cxt 0] Transmitting packet of size 336 out of port 2
[09:13:24.174] [bmv2] [D] [thread 102402] [61.0] [cxt 0] Processing packet received on port 2
[09:13:24.174] [bmv2] [D] [thread 102402] [61.0] [cxt 0] Parser 'parser': start
[09:13:24.174] [bmv2] [D] [thread 102402] [61.0] [cxt 0] Parser 'parser' entering state 'start'
[09:13:24.174] [bmv2] [D] [thread 102402] [61.0] [cxt 0] Extracting header 'ethernet'
[09:13:24.174] [bmv2] [D] [thread 102402] [61.0] [cxt 0] Parser state 'start': key is 86dd
[09:13:24.174] [bmv2] [T] [thread 102402] [61.0] [cxt 0] Bytes parsed: 14
[09:13:24.174] [bmv2] [D] [thread 102402] [61.0] [cxt 0] Parser 'parser': end
[09:13:24.174] [bmv2] [D] [thread 102402] [61.0] [cxt 0] Pipeline 'ingress': start
[09:13:24.174] [bmv2] [T] [thread 102402] [61.0] [cxt 0] switch.p4(116) Condition "hdr.ipv4.isValid()" (node_2) is false
[09:13:24.174] [bmv2] [D] [thread 102402] [61.0] [cxt 0] Pipeline 'ingress': end
[09:13:24.174] [bmv2] [D] [thread 102402] [61.0] [cxt 0] Egress port is 0
[09:13:24.174] [bmv2] [D] [thread 102403] [61.0] [cxt 0] Pipeline 'egress': start
[09:13:24.174] [bmv2] [D] [thread 102403] [61.0] [cxt 0] Pipeline 'egress': end
[09:13:24.174] [bmv2] [D] [thread 102403] [61.0] [cxt 0] Deparser 'deparser': start
[09:13:24.174] [bmv2] [T] [thread 102403] [61.0] [cxt 0] Skipping checksum 'cksum' update because condition not met
[09:13:24.174] [bmv2] [D] [thread 102403] [61.0] [cxt 0] Deparsing header 'ethernet'
[09:13:24.174] [bmv2] [D] [thread 102403] [61.0] [cxt 0] Deparser 'deparser': end
[09:13:24.174] [bmv2] [D] [thread 102407] [61.0] [cxt 0] Transmitting packet of size 203 out of port 0
[09:13:24.236] [bmv2] [D] [thread 102402] [62.0] [cxt 0] Processing packet received on port 1
[09:13:24.236] [bmv2] [D] [thread 102402] [62.0] [cxt 0] Parser 'parser': start
[09:13:24.236] [bmv2] [D] [thread 102402] [62.0] [cxt 0] Parser 'parser' entering state 'start'
[09:13:24.236] [bmv2] [D] [thread 102402] [62.0] [cxt 0] Extracting header 'ethernet'
[09:13:24.236] [bmv2] [D] [thread 102402] [62.0] [cxt 0] Parser state 'start': key is 86dd
[09:13:24.236] [bmv2] [T] [thread 102402] [62.0] [cxt 0] Bytes parsed: 14
[09:13:24.236] [bmv2] [D] [thread 102402] [62.0] [cxt 0] Parser 'parser': end
[09:13:24.236] [bmv2] [D] [thread 102402] [62.0] [cxt 0] Pipeline 'ingress': start
[09:13:24.236] [bmv2] [T] [thread 102402] [62.0] [cxt 0] switch.p4(116) Condition "hdr.ipv4.isValid()" (node_2) is false
[09:13:24.236] [bmv2] [D] [thread 102402] [62.0] [cxt 0] Pipeline 'ingress': end
[09:13:24.236] [bmv2] [D] [thread 102402] [62.0] [cxt 0] Egress port is 0
[09:13:24.236] [bmv2] [D] [thread 102403] [62.0] [cxt 0] Pipeline 'egress': start
[09:13:24.236] [bmv2] [D] [thread 102403] [62.0] [cxt 0] Pipeline 'egress': end
[09:13:24.236] [bmv2] [D] [thread 102403] [62.0] [cxt 0] Deparser 'deparser': start
[09:13:24.236] [bmv2] [T] [thread 102403] [62.0] [cxt 0] Skipping checksum 'cksum' update because condition not met
[09:13:24.236] [bmv2] [D] [thread 102403] [62.0] [cxt 0] Deparsing header 'ethernet'
[09:13:24.236] [bmv2] [D] [thread 102403] [62.0] [cxt 0] Deparser 'deparser': end
[09:13:24.236] [bmv2] [D] [thread 102407] [62.0] [cxt 0] Transmitting packet of size 203 out of port 0
[09:13:24.478] [bmv2] [D] [thread 102402] [63.0] [cxt 0] Processing packet received on port 2
[09:13:24.478] [bmv2] [D] [thread 102402] [63.0] [cxt 0] Parser 'parser': start
[09:13:24.478] [bmv2] [D] [thread 102402] [63.0] [cxt 0] Parser 'parser' entering state 'start'
[09:13:24.478] [bmv2] [D] [thread 102402] [63.0] [cxt 0] Extracting header 'ethernet'
[09:13:24.478] [bmv2] [D] [thread 102402] [63.0] [cxt 0] Parser state 'start': key is 86dd
[09:13:24.478] [bmv2] [T] [thread 102402] [63.0] [cxt 0] Bytes parsed: 14
[09:13:24.478] [bmv2] [D] [thread 102402] [63.0] [cxt 0] Parser 'parser': end
[09:13:24.478] [bmv2] [D] [thread 102402] [63.0] [cxt 0] Pipeline 'ingress': start
[09:13:24.478] [bmv2] [T] [thread 102402] [63.0] [cxt 0] switch.p4(116) Condition "hdr.ipv4.isValid()" (node_2) is false
[09:13:24.479] [bmv2] [D] [thread 102402] [63.0] [cxt 0] Pipeline 'ingress': end
[09:13:24.479] [bmv2] [D] [thread 102402] [63.0] [cxt 0] Egress port is 0
[09:13:24.484] [bmv2] [D] [thread 102403] [63.0] [cxt 0] Pipeline 'egress': start
[09:13:24.484] [bmv2] [D] [thread 102403] [63.0] [cxt 0] Pipeline 'egress': end
[09:13:24.484] [bmv2] [D] [thread 102403] [63.0] [cxt 0] Deparser 'deparser': start
[09:13:24.484] [bmv2] [T] [thread 102403] [63.0] [cxt 0] Skipping checksum 'cksum' update because condition not met
[09:13:24.485] [bmv2] [D] [thread 102403] [63.0] [cxt 0] Deparsing header 'ethernet'
[09:13:24.485] [bmv2] [D] [thread 102403] [63.0] [cxt 0] Deparser 'deparser': end
[09:13:24.489] [bmv2] [D] [thread 102407] [63.0] [cxt 0] Transmitting packet of size 203 out of port 0
[09:13:25.646] [bmv2] [D] [thread 102402] [64.0] [cxt 0] Processing packet received on port 1
[09:13:25.646] [bmv2] [D] [thread 102402] [64.0] [cxt 0] Parser 'parser': start
[09:13:25.646] [bmv2] [D] [thread 102402] [64.0] [cxt 0] Parser 'parser' entering state 'start'
[09:13:25.646] [bmv2] [D] [thread 102402] [64.0] [cxt 0] Extracting header 'ethernet'
[09:13:25.646] [bmv2] [D] [thread 102402] [64.0] [cxt 0] Parser state 'start': key is 0800
[09:13:25.646] [bmv2] [T] [thread 102402] [64.0] [cxt 0] Bytes parsed: 14
[09:13:25.646] [bmv2] [D] [thread 102402] [64.0] [cxt 0] Parser 'parser' entering state 'parse_ipv4'
[09:13:25.646] [bmv2] [D] [thread 102402] [64.0] [cxt 0] Extracting header 'ipv4'
[09:13:25.646] [bmv2] [D] [thread 102402] [64.0] [cxt 0] Parser state 'parse_ipv4' has no switch, going to default next state
[09:13:25.646] [bmv2] [T] [thread 102402] [64.0] [cxt 0] Bytes parsed: 34
[09:13:25.646] [bmv2] [D] [thread 102402] [64.0] [cxt 0] Parser 'parser': end
[09:13:25.646] [bmv2] [D] [thread 102402] [64.0] [cxt 0] Pipeline 'ingress': start
[09:13:25.646] [bmv2] [T] [thread 102402] [64.0] [cxt 0] switch.p4(116) Condition "hdr.ipv4.isValid()" (node_2) is true
[09:13:25.646] [bmv2] [T] [thread 102402] [64.0] [cxt 0] Applying table 'MyIngress.ipv4_lpm'
[09:13:25.646] [bmv2] [D] [thread 102402] [64.0] [cxt 0] Looking up key:
* hdr.ipv4.dstAddr    : 0a000202

[09:13:25.646] [bmv2] [D] [thread 102402] [64.0] [cxt 0] Table 'MyIngress.ipv4_lpm': hit with handle 1
[09:13:25.646] [bmv2] [D] [thread 102402] [64.0] [cxt 0] Dumping entry 1
Match key:
* hdr.ipv4.dstAddr    : LPM       0a000202/32
Action entry: MyIngress.ipv4_forward - 80000000200,2,

[09:13:25.646] [bmv2] [D] [thread 102402] [64.0] [cxt 0] Action entry is MyIngress.ipv4_forward - 80000000200,2,
[09:13:25.646] [bmv2] [T] [thread 102402] [64.0] [cxt 0] Action MyIngress.ipv4_forward
[09:13:25.646] [bmv2] [T] [thread 102402] [64.0] [cxt 0] switch.p4(96) Primitive standard_metadata.egress_spec = port
[09:13:25.646] [bmv2] [T] [thread 102402] [64.0] [cxt 0] switch.p4(97) Primitive hdr.ethernet.srcAddr = hdr.ethernet.dstAddr
[09:13:25.646] [bmv2] [T] [thread 102402] [64.0] [cxt 0] switch.p4(98) Primitive hdr.ethernet.dstAddr = dstAddr
[09:13:25.646] [bmv2] [T] [thread 102402] [64.0] [cxt 0] switch.p4(99) Primitive hdr.ipv4.ttl = hdr.ipv4.ttl - 1
[09:13:25.646] [bmv2] [D] [thread 102402] [64.0] [cxt 0] Pipeline 'ingress': end
[09:13:25.646] [bmv2] [D] [thread 102402] [64.0] [cxt 0] Egress port is 2
[09:13:25.646] [bmv2] [D] [thread 102405] [64.0] [cxt 0] Pipeline 'egress': start
[09:13:25.647] [bmv2] [D] [thread 102405] [64.0] [cxt 0] Pipeline 'egress': end
[09:13:25.647] [bmv2] [D] [thread 102405] [64.0] [cxt 0] Deparser 'deparser': start
[09:13:25.647] [bmv2] [D] [thread 102405] [64.0] [cxt 0] Updating checksum 'cksum'
[09:13:25.647] [bmv2] [D] [thread 102405] [64.0] [cxt 0] Deparsing header 'ethernet'
[09:13:25.647] [bmv2] [D] [thread 102405] [64.0] [cxt 0] Deparsing header 'ipv4'
[09:13:25.647] [bmv2] [D] [thread 102405] [64.0] [cxt 0] Deparser 'deparser': end
[09:13:25.647] [bmv2] [D] [thread 102407] [64.0] [cxt 0] Transmitting packet of size 48 out of port 2
[09:13:25.652] [bmv2] [D] [thread 102402] [65.0] [cxt 0] Processing packet received on port 2
[09:13:25.652] [bmv2] [D] [thread 102402] [65.0] [cxt 0] Parser 'parser': start
[09:13:25.652] [bmv2] [D] [thread 102402] [65.0] [cxt 0] Parser 'parser' entering state 'start'
[09:13:25.652] [bmv2] [D] [thread 102402] [65.0] [cxt 0] Extracting header 'ethernet'
[09:13:25.652] [bmv2] [D] [thread 102402] [65.0] [cxt 0] Parser state 'start': key is 0800
[09:13:25.652] [bmv2] [T] [thread 102402] [65.0] [cxt 0] Bytes parsed: 14
[09:13:25.652] [bmv2] [D] [thread 102402] [65.0] [cxt 0] Parser 'parser' entering state 'parse_ipv4'
[09:13:25.652] [bmv2] [D] [thread 102402] [65.0] [cxt 0] Extracting header 'ipv4'
[09:13:25.652] [bmv2] [D] [thread 102402] [65.0] [cxt 0] Parser state 'parse_ipv4' has no switch, going to default next state
[09:13:25.652] [bmv2] [T] [thread 102402] [65.0] [cxt 0] Bytes parsed: 34
[09:13:25.652] [bmv2] [D] [thread 102402] [65.0] [cxt 0] Parser 'parser': end
[09:13:25.652] [bmv2] [D] [thread 102402] [65.0] [cxt 0] Pipeline 'ingress': start
[09:13:25.652] [bmv2] [T] [thread 102402] [65.0] [cxt 0] switch.p4(116) Condition "hdr.ipv4.isValid()" (node_2) is true
[09:13:25.652] [bmv2] [T] [thread 102402] [65.0] [cxt 0] Applying table 'MyIngress.ipv4_lpm'
[09:13:25.652] [bmv2] [D] [thread 102402] [65.0] [cxt 0] Looking up key:
* hdr.ipv4.dstAddr    : 0a000101

[09:13:25.652] [bmv2] [D] [thread 102402] [65.0] [cxt 0] Table 'MyIngress.ipv4_lpm': hit with handle 0
[09:13:25.652] [bmv2] [D] [thread 102402] [65.0] [cxt 0] Dumping entry 0
Match key:
* hdr.ipv4.dstAddr    : LPM       0a000101/32
Action entry: MyIngress.ipv4_forward - 80000000111,1,

[09:13:25.652] [bmv2] [D] [thread 102402] [65.0] [cxt 0] Action entry is MyIngress.ipv4_forward - 80000000111,1,
[09:13:25.652] [bmv2] [T] [thread 102402] [65.0] [cxt 0] Action MyIngress.ipv4_forward
[09:13:25.652] [bmv2] [T] [thread 102402] [65.0] [cxt 0] switch.p4(96) Primitive standard_metadata.egress_spec = port
[09:13:25.652] [bmv2] [T] [thread 102402] [65.0] [cxt 0] switch.p4(97) Primitive hdr.ethernet.srcAddr = hdr.ethernet.dstAddr
[09:13:25.652] [bmv2] [T] [thread 102402] [65.0] [cxt 0] switch.p4(98) Primitive hdr.ethernet.dstAddr = dstAddr
[09:13:25.652] [bmv2] [T] [thread 102402] [65.0] [cxt 0] switch.p4(99) Primitive hdr.ipv4.ttl = hdr.ipv4.ttl - 1
[09:13:25.652] [bmv2] [D] [thread 102402] [65.0] [cxt 0] Pipeline 'ingress': end
[09:13:25.652] [bmv2] [D] [thread 102402] [65.0] [cxt 0] Egress port is 1
[09:13:25.652] [bmv2] [D] [thread 102404] [65.0] [cxt 0] Pipeline 'egress': start
[09:13:25.653] [bmv2] [D] [thread 102404] [65.0] [cxt 0] Pipeline 'egress': end
[09:13:25.653] [bmv2] [D] [thread 102404] [65.0] [cxt 0] Deparser 'deparser': start
[09:13:25.653] [bmv2] [D] [thread 102404] [65.0] [cxt 0] Updating checksum 'cksum'
[09:13:25.653] [bmv2] [D] [thread 102404] [65.0] [cxt 0] Deparsing header 'ethernet'
[09:13:25.653] [bmv2] [D] [thread 102404] [65.0] [cxt 0] Deparsing header 'ipv4'
[09:13:25.653] [bmv2] [D] [thread 102404] [65.0] [cxt 0] Deparser 'deparser': end
[09:13:25.653] [bmv2] [D] [thread 102407] [65.0] [cxt 0] Transmitting packet of size 76 out of port 1
[09:13:25.694] [bmv2] [D] [thread 102402] [66.0] [cxt 0] Processing packet received on port 2
[09:13:25.694] [bmv2] [D] [thread 102402] [66.0] [cxt 0] Parser 'parser': start
[09:13:25.694] [bmv2] [D] [thread 102402] [66.0] [cxt 0] Parser 'parser' entering state 'start'
[09:13:25.694] [bmv2] [D] [thread 102402] [66.0] [cxt 0] Extracting header 'ethernet'
[09:13:25.694] [bmv2] [D] [thread 102402] [66.0] [cxt 0] Parser state 'start': key is 0800
[09:13:25.694] [bmv2] [T] [thread 102402] [66.0] [cxt 0] Bytes parsed: 14
[09:13:25.694] [bmv2] [D] [thread 102402] [66.0] [cxt 0] Parser 'parser' entering state 'parse_ipv4'
[09:13:25.694] [bmv2] [D] [thread 102402] [66.0] [cxt 0] Extracting header 'ipv4'
[09:13:25.694] [bmv2] [D] [thread 102402] [66.0] [cxt 0] Parser state 'parse_ipv4' has no switch, going to default next state
[09:13:25.694] [bmv2] [T] [thread 102402] [66.0] [cxt 0] Bytes parsed: 34
[09:13:25.694] [bmv2] [D] [thread 102402] [66.0] [cxt 0] Parser 'parser': end
[09:13:25.694] [bmv2] [D] [thread 102402] [66.0] [cxt 0] Pipeline 'ingress': start
[09:13:25.694] [bmv2] [T] [thread 102402] [66.0] [cxt 0] switch.p4(116) Condition "hdr.ipv4.isValid()" (node_2) is true
[09:13:25.694] [bmv2] [T] [thread 102402] [66.0] [cxt 0] Applying table 'MyIngress.ipv4_lpm'
[09:13:25.694] [bmv2] [D] [thread 102402] [66.0] [cxt 0] Looking up key:
* hdr.ipv4.dstAddr    : 0a000101

[09:13:25.694] [bmv2] [D] [thread 102402] [66.0] [cxt 0] Table 'MyIngress.ipv4_lpm': hit with handle 0
[09:13:25.694] [bmv2] [D] [thread 102402] [66.0] [cxt 0] Dumping entry 0
Match key:
* hdr.ipv4.dstAddr    : LPM       0a000101/32
Action entry: MyIngress.ipv4_forward - 80000000111,1,

[09:13:25.694] [bmv2] [D] [thread 102402] [66.0] [cxt 0] Action entry is MyIngress.ipv4_forward - 80000000111,1,
[09:13:25.694] [bmv2] [T] [thread 102402] [66.0] [cxt 0] Action MyIngress.ipv4_forward
[09:13:25.694] [bmv2] [T] [thread 102402] [66.0] [cxt 0] switch.p4(96) Primitive standard_metadata.egress_spec = port
[09:13:25.694] [bmv2] [T] [thread 102402] [66.0] [cxt 0] switch.p4(97) Primitive hdr.ethernet.srcAddr = hdr.ethernet.dstAddr
[09:13:25.694] [bmv2] [T] [thread 102402] [66.0] [cxt 0] switch.p4(98) Primitive hdr.ethernet.dstAddr = dstAddr
[09:13:25.694] [bmv2] [T] [thread 102402] [66.0] [cxt 0] switch.p4(99) Primitive hdr.ipv4.ttl = hdr.ipv4.ttl - 1
[09:13:25.694] [bmv2] [D] [thread 102402] [66.0] [cxt 0] Pipeline 'ingress': end
[09:13:25.694] [bmv2] [D] [thread 102402] [66.0] [cxt 0] Egress port is 1
[09:13:25.694] [bmv2] [D] [thread 102404] [66.0] [cxt 0] Pipeline 'egress': start
[09:13:25.694] [bmv2] [D] [thread 102404] [66.0] [cxt 0] Pipeline 'egress': end
[09:13:25.694] [bmv2] [D] [thread 102404] [66.0] [cxt 0] Deparser 'deparser': start
[09:13:25.694] [bmv2] [D] [thread 102404] [66.0] [cxt 0] Updating checksum 'cksum'
[09:13:25.694] [bmv2] [D] [thread 102404] [66.0] [cxt 0] Deparsing header 'ethernet'
[09:13:25.694] [bmv2] [D] [thread 102404] [66.0] [cxt 0] Deparsing header 'ipv4'
[09:13:25.694] [bmv2] [D] [thread 102404] [66.0] [cxt 0] Deparser 'deparser': end
[09:13:25.694] [bmv2] [D] [thread 102407] [66.0] [cxt 0] Transmitting packet of size 308 out of port 1
[09:13:25.694] [bmv2] [D] [thread 102402] [67.0] [cxt 0] Processing packet received on port 1
[09:13:25.694] [bmv2] [D] [thread 102402] [67.0] [cxt 0] Parser 'parser': start
[09:13:25.694] [bmv2] [D] [thread 102402] [67.0] [cxt 0] Parser 'parser' entering state 'start'
[09:13:25.694] [bmv2] [D] [thread 102402] [67.0] [cxt 0] Extracting header 'ethernet'
[09:13:25.694] [bmv2] [D] [thread 102402] [67.0] [cxt 0] Parser state 'start': key is 0800
[09:13:25.694] [bmv2] [T] [thread 102402] [67.0] [cxt 0] Bytes parsed: 14
[09:13:25.694] [bmv2] [D] [thread 102402] [67.0] [cxt 0] Parser 'parser' entering state 'parse_ipv4'
[09:13:25.694] [bmv2] [D] [thread 102402] [67.0] [cxt 0] Extracting header 'ipv4'
[09:13:25.694] [bmv2] [D] [thread 102402] [67.0] [cxt 0] Parser state 'parse_ipv4' has no switch, going to default next state
[09:13:25.694] [bmv2] [T] [thread 102402] [67.0] [cxt 0] Bytes parsed: 34
[09:13:25.694] [bmv2] [D] [thread 102402] [67.0] [cxt 0] Parser 'parser': end
[09:13:25.694] [bmv2] [D] [thread 102402] [67.0] [cxt 0] Pipeline 'ingress': start
[09:13:25.694] [bmv2] [T] [thread 102402] [67.0] [cxt 0] switch.p4(116) Condition "hdr.ipv4.isValid()" (node_2) is true
[09:13:25.694] [bmv2] [T] [thread 102402] [67.0] [cxt 0] Applying table 'MyIngress.ipv4_lpm'
[09:13:25.694] [bmv2] [D] [thread 102402] [67.0] [cxt 0] Looking up key:
* hdr.ipv4.dstAddr    : 0a000202

[09:13:25.694] [bmv2] [D] [thread 102402] [67.0] [cxt 0] Table 'MyIngress.ipv4_lpm': hit with handle 1
[09:13:25.694] [bmv2] [D] [thread 102402] [67.0] [cxt 0] Dumping entry 1
Match key:
* hdr.ipv4.dstAddr    : LPM       0a000202/32
Action entry: MyIngress.ipv4_forward - 80000000200,2,

[09:13:25.694] [bmv2] [D] [thread 102402] [67.0] [cxt 0] Action entry is MyIngress.ipv4_forward - 80000000200,2,
[09:13:25.694] [bmv2] [T] [thread 102402] [67.0] [cxt 0] Action MyIngress.ipv4_forward
[09:13:25.694] [bmv2] [T] [thread 102402] [67.0] [cxt 0] switch.p4(96) Primitive standard_metadata.egress_spec = port
[09:13:25.694] [bmv2] [T] [thread 102402] [67.0] [cxt 0] switch.p4(97) Primitive hdr.ethernet.srcAddr = hdr.ethernet.dstAddr
[09:13:25.694] [bmv2] [T] [thread 102402] [67.0] [cxt 0] switch.p4(98) Primitive hdr.ethernet.dstAddr = dstAddr
[09:13:25.694] [bmv2] [T] [thread 102402] [67.0] [cxt 0] switch.p4(99) Primitive hdr.ipv4.ttl = hdr.ipv4.ttl - 1
[09:13:25.694] [bmv2] [D] [thread 102402] [67.0] [cxt 0] Pipeline 'ingress': end
[09:13:25.694] [bmv2] [D] [thread 102402] [67.0] [cxt 0] Egress port is 2
[09:13:25.700] [bmv2] [D] [thread 102405] [67.0] [cxt 0] Pipeline 'egress': start
[09:13:25.700] [bmv2] [D] [thread 102405] [67.0] [cxt 0] Pipeline 'egress': end
[09:13:25.700] [bmv2] [D] [thread 102405] [67.0] [cxt 0] Deparser 'deparser': start
[09:13:25.700] [bmv2] [D] [thread 102405] [67.0] [cxt 0] Updating checksum 'cksum'
[09:13:25.700] [bmv2] [D] [thread 102405] [67.0] [cxt 0] Deparsing header 'ethernet'
[09:13:25.700] [bmv2] [D] [thread 102405] [67.0] [cxt 0] Deparsing header 'ipv4'
[09:13:25.700] [bmv2] [D] [thread 102405] [67.0] [cxt 0] Deparser 'deparser': end
[09:13:25.700] [bmv2] [D] [thread 102407] [67.0] [cxt 0] Transmitting packet of size 336 out of port 2
[09:13:26.634] [bmv2] [D] [thread 102402] [68.0] [cxt 0] Processing packet received on port 1
[09:13:26.634] [bmv2] [D] [thread 102402] [68.0] [cxt 0] Parser 'parser': start
[09:13:26.634] [bmv2] [D] [thread 102402] [68.0] [cxt 0] Parser 'parser' entering state 'start'
[09:13:26.634] [bmv2] [D] [thread 102402] [68.0] [cxt 0] Extracting header 'ethernet'
[09:13:26.634] [bmv2] [D] [thread 102402] [68.0] [cxt 0] Parser state 'start': key is 0800
[09:13:26.634] [bmv2] [T] [thread 102402] [68.0] [cxt 0] Bytes parsed: 14
[09:13:26.634] [bmv2] [D] [thread 102402] [68.0] [cxt 0] Parser 'parser' entering state 'parse_ipv4'
[09:13:26.634] [bmv2] [D] [thread 102402] [68.0] [cxt 0] Extracting header 'ipv4'
[09:13:26.634] [bmv2] [D] [thread 102402] [68.0] [cxt 0] Parser state 'parse_ipv4' has no switch, going to default next state
[09:13:26.634] [bmv2] [T] [thread 102402] [68.0] [cxt 0] Bytes parsed: 34
[09:13:26.634] [bmv2] [D] [thread 102402] [68.0] [cxt 0] Parser 'parser': end
[09:13:26.634] [bmv2] [D] [thread 102402] [68.0] [cxt 0] Pipeline 'ingress': start
[09:13:26.634] [bmv2] [T] [thread 102402] [68.0] [cxt 0] switch.p4(116) Condition "hdr.ipv4.isValid()" (node_2) is true
[09:13:26.634] [bmv2] [T] [thread 102402] [68.0] [cxt 0] Applying table 'MyIngress.ipv4_lpm'
[09:13:26.634] [bmv2] [D] [thread 102402] [68.0] [cxt 0] Looking up key:
* hdr.ipv4.dstAddr    : 0a000202

[09:13:26.634] [bmv2] [D] [thread 102402] [68.0] [cxt 0] Table 'MyIngress.ipv4_lpm': hit with handle 1
[09:13:26.634] [bmv2] [D] [thread 102402] [68.0] [cxt 0] Dumping entry 1
Match key:
* hdr.ipv4.dstAddr    : LPM       0a000202/32
Action entry: MyIngress.ipv4_forward - 80000000200,2,

[09:13:26.634] [bmv2] [D] [thread 102402] [68.0] [cxt 0] Action entry is MyIngress.ipv4_forward - 80000000200,2,
[09:13:26.634] [bmv2] [T] [thread 102402] [68.0] [cxt 0] Action MyIngress.ipv4_forward
[09:13:26.634] [bmv2] [T] [thread 102402] [68.0] [cxt 0] switch.p4(96) Primitive standard_metadata.egress_spec = port
[09:13:26.634] [bmv2] [T] [thread 102402] [68.0] [cxt 0] switch.p4(97) Primitive hdr.ethernet.srcAddr = hdr.ethernet.dstAddr
[09:13:26.634] [bmv2] [T] [thread 102402] [68.0] [cxt 0] switch.p4(98) Primitive hdr.ethernet.dstAddr = dstAddr
[09:13:26.634] [bmv2] [T] [thread 102402] [68.0] [cxt 0] switch.p4(99) Primitive hdr.ipv4.ttl = hdr.ipv4.ttl - 1
[09:13:26.634] [bmv2] [D] [thread 102402] [68.0] [cxt 0] Pipeline 'ingress': end
[09:13:26.634] [bmv2] [D] [thread 102402] [68.0] [cxt 0] Egress port is 2
[09:13:26.640] [bmv2] [D] [thread 102405] [68.0] [cxt 0] Pipeline 'egress': start
[09:13:26.640] [bmv2] [D] [thread 102405] [68.0] [cxt 0] Pipeline 'egress': end
[09:13:26.640] [bmv2] [D] [thread 102405] [68.0] [cxt 0] Deparser 'deparser': start
[09:13:26.640] [bmv2] [D] [thread 102405] [68.0] [cxt 0] Updating checksum 'cksum'
[09:13:26.640] [bmv2] [D] [thread 102405] [68.0] [cxt 0] Deparsing header 'ethernet'
[09:13:26.640] [bmv2] [D] [thread 102405] [68.0] [cxt 0] Deparsing header 'ipv4'
[09:13:26.640] [bmv2] [D] [thread 102405] [68.0] [cxt 0] Deparser 'deparser': end
[09:13:26.640] [bmv2] [D] [thread 102407] [68.0] [cxt 0] Transmitting packet of size 48 out of port 2
[09:13:26.693] [bmv2] [D] [thread 102402] [69.0] [cxt 0] Processing packet received on port 2
[09:13:26.693] [bmv2] [D] [thread 102402] [69.0] [cxt 0] Parser 'parser': start
[09:13:26.693] [bmv2] [D] [thread 102402] [69.0] [cxt 0] Parser 'parser' entering state 'start'
[09:13:26.701] [bmv2] [D] [thread 102402] [69.0] [cxt 0] Extracting header 'ethernet'
[09:13:26.701] [bmv2] [D] [thread 102402] [69.0] [cxt 0] Parser state 'start': key is 0800
[09:13:26.701] [bmv2] [T] [thread 102402] [69.0] [cxt 0] Bytes parsed: 14
[09:13:26.701] [bmv2] [D] [thread 102402] [69.0] [cxt 0] Parser 'parser' entering state 'parse_ipv4'
[09:13:26.701] [bmv2] [D] [thread 102402] [69.0] [cxt 0] Extracting header 'ipv4'
[09:13:26.701] [bmv2] [D] [thread 102402] [69.0] [cxt 0] Parser state 'parse_ipv4' has no switch, going to default next state
[09:13:26.701] [bmv2] [T] [thread 102402] [69.0] [cxt 0] Bytes parsed: 34
[09:13:26.701] [bmv2] [D] [thread 102402] [69.0] [cxt 0] Parser 'parser': end
[09:13:26.701] [bmv2] [D] [thread 102402] [69.0] [cxt 0] Pipeline 'ingress': start
[09:13:26.701] [bmv2] [T] [thread 102402] [69.0] [cxt 0] switch.p4(116) Condition "hdr.ipv4.isValid()" (node_2) is true
[09:13:26.701] [bmv2] [T] [thread 102402] [69.0] [cxt 0] Applying table 'MyIngress.ipv4_lpm'
[09:13:26.701] [bmv2] [D] [thread 102402] [69.0] [cxt 0] Looking up key:
* hdr.ipv4.dstAddr    : 0a000101

[09:13:26.701] [bmv2] [D] [thread 102402] [69.0] [cxt 0] Table 'MyIngress.ipv4_lpm': hit with handle 0
[09:13:26.701] [bmv2] [D] [thread 102402] [69.0] [cxt 0] Dumping entry 0
Match key:
* hdr.ipv4.dstAddr    : LPM       0a000101/32
Action entry: MyIngress.ipv4_forward - 80000000111,1,

[09:13:26.701] [bmv2] [D] [thread 102402] [69.0] [cxt 0] Action entry is MyIngress.ipv4_forward - 80000000111,1,
[09:13:26.701] [bmv2] [T] [thread 102402] [69.0] [cxt 0] Action MyIngress.ipv4_forward
[09:13:26.701] [bmv2] [T] [thread 102402] [69.0] [cxt 0] switch.p4(96) Primitive standard_metadata.egress_spec = port
[09:13:26.701] [bmv2] [T] [thread 102402] [69.0] [cxt 0] switch.p4(97) Primitive hdr.ethernet.srcAddr = hdr.ethernet.dstAddr
[09:13:26.701] [bmv2] [T] [thread 102402] [69.0] [cxt 0] switch.p4(98) Primitive hdr.ethernet.dstAddr = dstAddr
[09:13:26.701] [bmv2] [T] [thread 102402] [69.0] [cxt 0] switch.p4(99) Primitive hdr.ipv4.ttl = hdr.ipv4.ttl - 1
[09:13:26.701] [bmv2] [D] [thread 102402] [69.0] [cxt 0] Pipeline 'ingress': end
[09:13:26.701] [bmv2] [D] [thread 102402] [69.0] [cxt 0] Egress port is 1
[09:13:26.701] [bmv2] [D] [thread 102402] [70.0] [cxt 0] Processing packet received on port 2
[09:13:26.701] [bmv2] [D] [thread 102402] [70.0] [cxt 0] Parser 'parser': start
[09:13:26.701] [bmv2] [D] [thread 102402] [70.0] [cxt 0] Parser 'parser' entering state 'start'
[09:13:26.701] [bmv2] [D] [thread 102402] [70.0] [cxt 0] Extracting header 'ethernet'
[09:13:26.701] [bmv2] [D] [thread 102402] [70.0] [cxt 0] Parser state 'start': key is 0800
[09:13:26.701] [bmv2] [T] [thread 102402] [70.0] [cxt 0] Bytes parsed: 14
[09:13:26.701] [bmv2] [D] [thread 102402] [70.0] [cxt 0] Parser 'parser' entering state 'parse_ipv4'
[09:13:26.701] [bmv2] [D] [thread 102402] [70.0] [cxt 0] Extracting header 'ipv4'
[09:13:26.701] [bmv2] [D] [thread 102402] [70.0] [cxt 0] Parser state 'parse_ipv4' has no switch, going to default next state
[09:13:26.701] [bmv2] [T] [thread 102402] [70.0] [cxt 0] Bytes parsed: 34
[09:13:26.701] [bmv2] [D] [thread 102402] [70.0] [cxt 0] Parser 'parser': end
[09:13:26.701] [bmv2] [D] [thread 102402] [70.0] [cxt 0] Pipeline 'ingress': start
[09:13:26.701] [bmv2] [T] [thread 102402] [70.0] [cxt 0] switch.p4(116) Condition "hdr.ipv4.isValid()" (node_2) is true
[09:13:26.701] [bmv2] [T] [thread 102402] [70.0] [cxt 0] Applying table 'MyIngress.ipv4_lpm'
[09:13:26.701] [bmv2] [D] [thread 102402] [70.0] [cxt 0] Looking up key:
* hdr.ipv4.dstAddr    : 0a000101

[09:13:26.701] [bmv2] [D] [thread 102402] [70.0] [cxt 0] Table 'MyIngress.ipv4_lpm': hit with handle 0
[09:13:26.701] [bmv2] [D] [thread 102402] [70.0] [cxt 0] Dumping entry 0
Match key:
* hdr.ipv4.dstAddr    : LPM       0a000101/32
Action entry: MyIngress.ipv4_forward - 80000000111,1,

[09:13:26.701] [bmv2] [D] [thread 102402] [70.0] [cxt 0] Action entry is MyIngress.ipv4_forward - 80000000111,1,
[09:13:26.701] [bmv2] [T] [thread 102402] [70.0] [cxt 0] Action MyIngress.ipv4_forward
[09:13:26.701] [bmv2] [T] [thread 102402] [70.0] [cxt 0] switch.p4(96) Primitive standard_metadata.egress_spec = port
[09:13:26.701] [bmv2] [T] [thread 102402] [70.0] [cxt 0] switch.p4(97) Primitive hdr.ethernet.srcAddr = hdr.ethernet.dstAddr
[09:13:26.701] [bmv2] [T] [thread 102402] [70.0] [cxt 0] switch.p4(98) Primitive hdr.ethernet.dstAddr = dstAddr
[09:13:26.701] [bmv2] [T] [thread 102402] [70.0] [cxt 0] switch.p4(99) Primitive hdr.ipv4.ttl = hdr.ipv4.ttl - 1
[09:13:26.701] [bmv2] [D] [thread 102402] [70.0] [cxt 0] Pipeline 'ingress': end
[09:13:26.701] [bmv2] [D] [thread 102402] [70.0] [cxt 0] Egress port is 1
[09:13:26.701] [bmv2] [D] [thread 102404] [69.0] [cxt 0] Pipeline 'egress': start
[09:13:26.706] [bmv2] [D] [thread 102404] [69.0] [cxt 0] Pipeline 'egress': end
[09:13:26.706] [bmv2] [D] [thread 102404] [69.0] [cxt 0] Deparser 'deparser': start
[09:13:26.707] [bmv2] [D] [thread 102404] [69.0] [cxt 0] Updating checksum 'cksum'
[09:13:26.710] [bmv2] [D] [thread 102404] [69.0] [cxt 0] Deparsing header 'ethernet'
[09:13:26.710] [bmv2] [D] [thread 102404] [69.0] [cxt 0] Deparsing header 'ipv4'
[09:13:26.710] [bmv2] [D] [thread 102404] [69.0] [cxt 0] Deparser 'deparser': end
[09:13:26.710] [bmv2] [D] [thread 102404] [70.0] [cxt 0] Pipeline 'egress': start
[09:13:26.710] [bmv2] [D] [thread 102404] [70.0] [cxt 0] Pipeline 'egress': end
[09:13:26.710] [bmv2] [D] [thread 102404] [70.0] [cxt 0] Deparser 'deparser': start
[09:13:26.711] [bmv2] [D] [thread 102404] [70.0] [cxt 0] Updating checksum 'cksum'
[09:13:26.711] [bmv2] [D] [thread 102404] [70.0] [cxt 0] Deparsing header 'ethernet'
[09:13:26.711] [bmv2] [D] [thread 102404] [70.0] [cxt 0] Deparsing header 'ipv4'
[09:13:26.711] [bmv2] [D] [thread 102404] [70.0] [cxt 0] Deparser 'deparser': end
[09:13:26.710] [bmv2] [D] [thread 102407] [69.0] [cxt 0] Transmitting packet of size 76 out of port 1
[09:13:26.711] [bmv2] [D] [thread 102407] [70.0] [cxt 0] Transmitting packet of size 308 out of port 1
[09:13:26.712] [bmv2] [D] [thread 102402] [71.0] [cxt 0] Processing packet received on port 1
[09:13:26.712] [bmv2] [D] [thread 102402] [71.0] [cxt 0] Parser 'parser': start
[09:13:26.712] [bmv2] [D] [thread 102402] [71.0] [cxt 0] Parser 'parser' entering state 'start'
[09:13:26.712] [bmv2] [D] [thread 102402] [71.0] [cxt 0] Extracting header 'ethernet'
[09:13:26.712] [bmv2] [D] [thread 102402] [71.0] [cxt 0] Parser state 'start': key is 0800
[09:13:26.712] [bmv2] [T] [thread 102402] [71.0] [cxt 0] Bytes parsed: 14
[09:13:26.712] [bmv2] [D] [thread 102402] [71.0] [cxt 0] Parser 'parser' entering state 'parse_ipv4'
[09:13:26.712] [bmv2] [D] [thread 102402] [71.0] [cxt 0] Extracting header 'ipv4'
[09:13:26.712] [bmv2] [D] [thread 102402] [71.0] [cxt 0] Parser state 'parse_ipv4' has no switch, going to default next state
[09:13:26.712] [bmv2] [T] [thread 102402] [71.0] [cxt 0] Bytes parsed: 34
[09:13:26.712] [bmv2] [D] [thread 102402] [71.0] [cxt 0] Parser 'parser': end
[09:13:26.712] [bmv2] [D] [thread 102402] [71.0] [cxt 0] Pipeline 'ingress': start
[09:13:26.712] [bmv2] [T] [thread 102402] [71.0] [cxt 0] switch.p4(116) Condition "hdr.ipv4.isValid()" (node_2) is true
[09:13:26.712] [bmv2] [T] [thread 102402] [71.0] [cxt 0] Applying table 'MyIngress.ipv4_lpm'
[09:13:26.712] [bmv2] [D] [thread 102402] [71.0] [cxt 0] Looking up key:
* hdr.ipv4.dstAddr    : 0a000202

[09:13:26.712] [bmv2] [D] [thread 102402] [71.0] [cxt 0] Table 'MyIngress.ipv4_lpm': hit with handle 1
[09:13:26.712] [bmv2] [D] [thread 102402] [71.0] [cxt 0] Dumping entry 1
Match key:
* hdr.ipv4.dstAddr    : LPM       0a000202/32
Action entry: MyIngress.ipv4_forward - 80000000200,2,

[09:13:26.712] [bmv2] [D] [thread 102402] [71.0] [cxt 0] Action entry is MyIngress.ipv4_forward - 80000000200,2,
[09:13:26.712] [bmv2] [T] [thread 102402] [71.0] [cxt 0] Action MyIngress.ipv4_forward
[09:13:26.712] [bmv2] [T] [thread 102402] [71.0] [cxt 0] switch.p4(96) Primitive standard_metadata.egress_spec = port
[09:13:26.712] [bmv2] [T] [thread 102402] [71.0] [cxt 0] switch.p4(97) Primitive hdr.ethernet.srcAddr = hdr.ethernet.dstAddr
[09:13:26.712] [bmv2] [T] [thread 102402] [71.0] [cxt 0] switch.p4(98) Primitive hdr.ethernet.dstAddr = dstAddr
[09:13:26.712] [bmv2] [T] [thread 102402] [71.0] [cxt 0] switch.p4(99) Primitive hdr.ipv4.ttl = hdr.ipv4.ttl - 1
[09:13:26.712] [bmv2] [D] [thread 102402] [71.0] [cxt 0] Pipeline 'ingress': end
[09:13:26.712] [bmv2] [D] [thread 102402] [71.0] [cxt 0] Egress port is 2
[09:13:26.712] [bmv2] [D] [thread 102405] [71.0] [cxt 0] Pipeline 'egress': start
[09:13:26.712] [bmv2] [D] [thread 102405] [71.0] [cxt 0] Pipeline 'egress': end
[09:13:26.712] [bmv2] [D] [thread 102405] [71.0] [cxt 0] Deparser 'deparser': start
[09:13:26.712] [bmv2] [D] [thread 102405] [71.0] [cxt 0] Updating checksum 'cksum'
[09:13:26.712] [bmv2] [D] [thread 102405] [71.0] [cxt 0] Deparsing header 'ethernet'
[09:13:26.712] [bmv2] [D] [thread 102405] [71.0] [cxt 0] Deparsing header 'ipv4'
[09:13:26.712] [bmv2] [D] [thread 102405] [71.0] [cxt 0] Deparser 'deparser': end
[09:13:26.712] [bmv2] [D] [thread 102407] [71.0] [cxt 0] Transmitting packet of size 336 out of port 2
[09:13:27.671] [bmv2] [D] [thread 102402] [72.0] [cxt 0] Processing packet received on port 1
[09:13:27.671] [bmv2] [D] [thread 102402] [72.0] [cxt 0] Parser 'parser': start
[09:13:27.671] [bmv2] [D] [thread 102402] [72.0] [cxt 0] Parser 'parser' entering state 'start'
[09:13:27.671] [bmv2] [D] [thread 102402] [72.0] [cxt 0] Extracting header 'ethernet'
[09:13:27.671] [bmv2] [D] [thread 102402] [72.0] [cxt 0] Parser state 'start': key is 0800
[09:13:27.671] [bmv2] [T] [thread 102402] [72.0] [cxt 0] Bytes parsed: 14
[09:13:27.671] [bmv2] [D] [thread 102402] [72.0] [cxt 0] Parser 'parser' entering state 'parse_ipv4'
[09:13:27.671] [bmv2] [D] [thread 102402] [72.0] [cxt 0] Extracting header 'ipv4'
[09:13:27.671] [bmv2] [D] [thread 102402] [72.0] [cxt 0] Parser state 'parse_ipv4' has no switch, going to default next state
[09:13:27.671] [bmv2] [T] [thread 102402] [72.0] [cxt 0] Bytes parsed: 34
[09:13:27.671] [bmv2] [D] [thread 102402] [72.0] [cxt 0] Parser 'parser': end
[09:13:27.671] [bmv2] [D] [thread 102402] [72.0] [cxt 0] Pipeline 'ingress': start
[09:13:27.671] [bmv2] [T] [thread 102402] [72.0] [cxt 0] switch.p4(116) Condition "hdr.ipv4.isValid()" (node_2) is true
[09:13:27.671] [bmv2] [T] [thread 102402] [72.0] [cxt 0] Applying table 'MyIngress.ipv4_lpm'
[09:13:27.671] [bmv2] [D] [thread 102402] [72.0] [cxt 0] Looking up key:
* hdr.ipv4.dstAddr    : 0a000202

[09:13:27.671] [bmv2] [D] [thread 102402] [72.0] [cxt 0] Table 'MyIngress.ipv4_lpm': hit with handle 1
[09:13:27.671] [bmv2] [D] [thread 102402] [72.0] [cxt 0] Dumping entry 1
Match key:
* hdr.ipv4.dstAddr    : LPM       0a000202/32
Action entry: MyIngress.ipv4_forward - 80000000200,2,

[09:13:27.671] [bmv2] [D] [thread 102402] [72.0] [cxt 0] Action entry is MyIngress.ipv4_forward - 80000000200,2,
[09:13:27.671] [bmv2] [T] [thread 102402] [72.0] [cxt 0] Action MyIngress.ipv4_forward
[09:13:27.671] [bmv2] [T] [thread 102402] [72.0] [cxt 0] switch.p4(96) Primitive standard_metadata.egress_spec = port
[09:13:27.671] [bmv2] [T] [thread 102402] [72.0] [cxt 0] switch.p4(97) Primitive hdr.ethernet.srcAddr = hdr.ethernet.dstAddr
[09:13:27.671] [bmv2] [T] [thread 102402] [72.0] [cxt 0] switch.p4(98) Primitive hdr.ethernet.dstAddr = dstAddr
[09:13:27.671] [bmv2] [T] [thread 102402] [72.0] [cxt 0] switch.p4(99) Primitive hdr.ipv4.ttl = hdr.ipv4.ttl - 1
[09:13:27.671] [bmv2] [D] [thread 102402] [72.0] [cxt 0] Pipeline 'ingress': end
[09:13:27.671] [bmv2] [D] [thread 102402] [72.0] [cxt 0] Egress port is 2
[09:13:27.671] [bmv2] [D] [thread 102405] [72.0] [cxt 0] Pipeline 'egress': start
[09:13:27.671] [bmv2] [D] [thread 102405] [72.0] [cxt 0] Pipeline 'egress': end
[09:13:27.671] [bmv2] [D] [thread 102405] [72.0] [cxt 0] Deparser 'deparser': start
[09:13:27.671] [bmv2] [D] [thread 102405] [72.0] [cxt 0] Updating checksum 'cksum'
[09:13:27.671] [bmv2] [D] [thread 102405] [72.0] [cxt 0] Deparsing header 'ethernet'
[09:13:27.671] [bmv2] [D] [thread 102405] [72.0] [cxt 0] Deparsing header 'ipv4'
[09:13:27.671] [bmv2] [D] [thread 102405] [72.0] [cxt 0] Deparser 'deparser': end
[09:13:27.671] [bmv2] [D] [thread 102407] [72.0] [cxt 0] Transmitting packet of size 48 out of port 2
[09:13:27.683] [bmv2] [D] [thread 102402] [73.0] [cxt 0] Processing packet received on port 2
[09:13:27.683] [bmv2] [D] [thread 102402] [73.0] [cxt 0] Parser 'parser': start
[09:13:27.683] [bmv2] [D] [thread 102402] [73.0] [cxt 0] Parser 'parser' entering state 'start'
[09:13:27.683] [bmv2] [D] [thread 102402] [73.0] [cxt 0] Extracting header 'ethernet'
[09:13:27.683] [bmv2] [D] [thread 102402] [73.0] [cxt 0] Parser state 'start': key is 0800
[09:13:27.683] [bmv2] [T] [thread 102402] [73.0] [cxt 0] Bytes parsed: 14
[09:13:27.683] [bmv2] [D] [thread 102402] [73.0] [cxt 0] Parser 'parser' entering state 'parse_ipv4'
[09:13:27.683] [bmv2] [D] [thread 102402] [73.0] [cxt 0] Extracting header 'ipv4'
[09:13:27.683] [bmv2] [D] [thread 102402] [73.0] [cxt 0] Parser state 'parse_ipv4' has no switch, going to default next state
[09:13:27.683] [bmv2] [T] [thread 102402] [73.0] [cxt 0] Bytes parsed: 34
[09:13:27.683] [bmv2] [D] [thread 102402] [73.0] [cxt 0] Parser 'parser': end
[09:13:27.683] [bmv2] [D] [thread 102402] [73.0] [cxt 0] Pipeline 'ingress': start
[09:13:27.683] [bmv2] [T] [thread 102402] [73.0] [cxt 0] switch.p4(116) Condition "hdr.ipv4.isValid()" (node_2) is true
[09:13:27.683] [bmv2] [T] [thread 102402] [73.0] [cxt 0] Applying table 'MyIngress.ipv4_lpm'
[09:13:27.683] [bmv2] [D] [thread 102402] [73.0] [cxt 0] Looking up key:
* hdr.ipv4.dstAddr    : 0a000101

[09:13:27.683] [bmv2] [D] [thread 102402] [73.0] [cxt 0] Table 'MyIngress.ipv4_lpm': hit with handle 0
[09:13:27.684] [bmv2] [D] [thread 102402] [73.0] [cxt 0] Dumping entry 0
Match key:
* hdr.ipv4.dstAddr    : LPM       0a000101/32
Action entry: MyIngress.ipv4_forward - 80000000111,1,

[09:13:27.684] [bmv2] [D] [thread 102402] [73.0] [cxt 0] Action entry is MyIngress.ipv4_forward - 80000000111,1,
[09:13:27.684] [bmv2] [T] [thread 102402] [73.0] [cxt 0] Action MyIngress.ipv4_forward
[09:13:27.684] [bmv2] [T] [thread 102402] [73.0] [cxt 0] switch.p4(96) Primitive standard_metadata.egress_spec = port
[09:13:27.684] [bmv2] [T] [thread 102402] [73.0] [cxt 0] switch.p4(97) Primitive hdr.ethernet.srcAddr = hdr.ethernet.dstAddr
[09:13:27.684] [bmv2] [T] [thread 102402] [73.0] [cxt 0] switch.p4(98) Primitive hdr.ethernet.dstAddr = dstAddr
[09:13:27.684] [bmv2] [T] [thread 102402] [73.0] [cxt 0] switch.p4(99) Primitive hdr.ipv4.ttl = hdr.ipv4.ttl - 1
[09:13:27.684] [bmv2] [D] [thread 102402] [73.0] [cxt 0] Pipeline 'ingress': end
[09:13:27.684] [bmv2] [D] [thread 102402] [73.0] [cxt 0] Egress port is 1
[09:13:27.685] [bmv2] [D] [thread 102404] [73.0] [cxt 0] Pipeline 'egress': start
[09:13:27.685] [bmv2] [D] [thread 102404] [73.0] [cxt 0] Pipeline 'egress': end
[09:13:27.685] [bmv2] [D] [thread 102404] [73.0] [cxt 0] Deparser 'deparser': start
[09:13:27.685] [bmv2] [D] [thread 102404] [73.0] [cxt 0] Updating checksum 'cksum'
[09:13:27.685] [bmv2] [D] [thread 102404] [73.0] [cxt 0] Deparsing header 'ethernet'
[09:13:27.685] [bmv2] [D] [thread 102404] [73.0] [cxt 0] Deparsing header 'ipv4'
[09:13:27.685] [bmv2] [D] [thread 102404] [73.0] [cxt 0] Deparser 'deparser': end
[09:13:27.685] [bmv2] [D] [thread 102407] [73.0] [cxt 0] Transmitting packet of size 76 out of port 1
[09:13:27.689] [bmv2] [D] [thread 102402] [74.0] [cxt 0] Processing packet received on port 2
[09:13:27.689] [bmv2] [D] [thread 102402] [74.0] [cxt 0] Parser 'parser': start
[09:13:27.689] [bmv2] [D] [thread 102402] [74.0] [cxt 0] Parser 'parser' entering state 'start'
[09:13:27.689] [bmv2] [D] [thread 102402] [74.0] [cxt 0] Extracting header 'ethernet'
[09:13:27.689] [bmv2] [D] [thread 102402] [74.0] [cxt 0] Parser state 'start': key is 0800
[09:13:27.689] [bmv2] [T] [thread 102402] [74.0] [cxt 0] Bytes parsed: 14
[09:13:27.689] [bmv2] [D] [thread 102402] [74.0] [cxt 0] Parser 'parser' entering state 'parse_ipv4'
[09:13:27.689] [bmv2] [D] [thread 102402] [74.0] [cxt 0] Extracting header 'ipv4'
[09:13:27.689] [bmv2] [D] [thread 102402] [74.0] [cxt 0] Parser state 'parse_ipv4' has no switch, going to default next state
[09:13:27.689] [bmv2] [T] [thread 102402] [74.0] [cxt 0] Bytes parsed: 34
[09:13:27.689] [bmv2] [D] [thread 102402] [74.0] [cxt 0] Parser 'parser': end
[09:13:27.689] [bmv2] [D] [thread 102402] [74.0] [cxt 0] Pipeline 'ingress': start
[09:13:27.689] [bmv2] [T] [thread 102402] [74.0] [cxt 0] switch.p4(116) Condition "hdr.ipv4.isValid()" (node_2) is true
[09:13:27.689] [bmv2] [T] [thread 102402] [74.0] [cxt 0] Applying table 'MyIngress.ipv4_lpm'
[09:13:27.689] [bmv2] [D] [thread 102402] [74.0] [cxt 0] Looking up key:
* hdr.ipv4.dstAddr    : 0a000101

[09:13:27.689] [bmv2] [D] [thread 102402] [74.0] [cxt 0] Table 'MyIngress.ipv4_lpm': hit with handle 0
[09:13:27.689] [bmv2] [D] [thread 102402] [74.0] [cxt 0] Dumping entry 0
Match key:
* hdr.ipv4.dstAddr    : LPM       0a000101/32
Action entry: MyIngress.ipv4_forward - 80000000111,1,

[09:13:27.689] [bmv2] [D] [thread 102402] [74.0] [cxt 0] Action entry is MyIngress.ipv4_forward - 80000000111,1,
[09:13:27.689] [bmv2] [T] [thread 102402] [74.0] [cxt 0] Action MyIngress.ipv4_forward
[09:13:27.689] [bmv2] [T] [thread 102402] [74.0] [cxt 0] switch.p4(96) Primitive standard_metadata.egress_spec = port
[09:13:27.689] [bmv2] [T] [thread 102402] [74.0] [cxt 0] switch.p4(97) Primitive hdr.ethernet.srcAddr = hdr.ethernet.dstAddr
[09:13:27.689] [bmv2] [T] [thread 102402] [74.0] [cxt 0] switch.p4(98) Primitive hdr.ethernet.dstAddr = dstAddr
[09:13:27.689] [bmv2] [T] [thread 102402] [74.0] [cxt 0] switch.p4(99) Primitive hdr.ipv4.ttl = hdr.ipv4.ttl - 1
[09:13:27.689] [bmv2] [D] [thread 102402] [74.0] [cxt 0] Pipeline 'ingress': end
[09:13:27.689] [bmv2] [D] [thread 102402] [74.0] [cxt 0] Egress port is 1
[09:13:27.689] [bmv2] [D] [thread 102404] [74.0] [cxt 0] Pipeline 'egress': start
[09:13:27.689] [bmv2] [D] [thread 102404] [74.0] [cxt 0] Pipeline 'egress': end
[09:13:27.689] [bmv2] [D] [thread 102404] [74.0] [cxt 0] Deparser 'deparser': start
[09:13:27.689] [bmv2] [D] [thread 102404] [74.0] [cxt 0] Updating checksum 'cksum'
[09:13:27.689] [bmv2] [D] [thread 102404] [74.0] [cxt 0] Deparsing header 'ethernet'
[09:13:27.689] [bmv2] [D] [thread 102404] [74.0] [cxt 0] Deparsing header 'ipv4'
[09:13:27.689] [bmv2] [D] [thread 102404] [74.0] [cxt 0] Deparser 'deparser': end
[09:13:27.689] [bmv2] [D] [thread 102407] [74.0] [cxt 0] Transmitting packet of size 308 out of port 1
[09:13:27.690] [bmv2] [D] [thread 102402] [75.0] [cxt 0] Processing packet received on port 1
[09:13:27.690] [bmv2] [D] [thread 102402] [75.0] [cxt 0] Parser 'parser': start
[09:13:27.690] [bmv2] [D] [thread 102402] [75.0] [cxt 0] Parser 'parser' entering state 'start'
[09:13:27.690] [bmv2] [D] [thread 102402] [75.0] [cxt 0] Extracting header 'ethernet'
[09:13:27.690] [bmv2] [D] [thread 102402] [75.0] [cxt 0] Parser state 'start': key is 0800
[09:13:27.690] [bmv2] [T] [thread 102402] [75.0] [cxt 0] Bytes parsed: 14
[09:13:27.690] [bmv2] [D] [thread 102402] [75.0] [cxt 0] Parser 'parser' entering state 'parse_ipv4'
[09:13:27.690] [bmv2] [D] [thread 102402] [75.0] [cxt 0] Extracting header 'ipv4'
[09:13:27.690] [bmv2] [D] [thread 102402] [75.0] [cxt 0] Parser state 'parse_ipv4' has no switch, going to default next state
[09:13:27.690] [bmv2] [T] [thread 102402] [75.0] [cxt 0] Bytes parsed: 34
[09:13:27.690] [bmv2] [D] [thread 102402] [75.0] [cxt 0] Parser 'parser': end
[09:13:27.690] [bmv2] [D] [thread 102402] [75.0] [cxt 0] Pipeline 'ingress': start
[09:13:27.690] [bmv2] [T] [thread 102402] [75.0] [cxt 0] switch.p4(116) Condition "hdr.ipv4.isValid()" (node_2) is true
[09:13:27.690] [bmv2] [T] [thread 102402] [75.0] [cxt 0] Applying table 'MyIngress.ipv4_lpm'
[09:13:27.690] [bmv2] [D] [thread 102402] [75.0] [cxt 0] Looking up key:
* hdr.ipv4.dstAddr    : 0a000202

[09:13:27.690] [bmv2] [D] [thread 102402] [75.0] [cxt 0] Table 'MyIngress.ipv4_lpm': hit with handle 1
[09:13:27.690] [bmv2] [D] [thread 102402] [75.0] [cxt 0] Dumping entry 1
Match key:
* hdr.ipv4.dstAddr    : LPM       0a000202/32
Action entry: MyIngress.ipv4_forward - 80000000200,2,

[09:13:27.690] [bmv2] [D] [thread 102402] [75.0] [cxt 0] Action entry is MyIngress.ipv4_forward - 80000000200,2,
[09:13:27.690] [bmv2] [T] [thread 102402] [75.0] [cxt 0] Action MyIngress.ipv4_forward
[09:13:27.690] [bmv2] [T] [thread 102402] [75.0] [cxt 0] switch.p4(96) Primitive standard_metadata.egress_spec = port
[09:13:27.690] [bmv2] [T] [thread 102402] [75.0] [cxt 0] switch.p4(97) Primitive hdr.ethernet.srcAddr = hdr.ethernet.dstAddr
[09:13:27.690] [bmv2] [T] [thread 102402] [75.0] [cxt 0] switch.p4(98) Primitive hdr.ethernet.dstAddr = dstAddr
[09:13:27.690] [bmv2] [T] [thread 102402] [75.0] [cxt 0] switch.p4(99) Primitive hdr.ipv4.ttl = hdr.ipv4.ttl - 1
[09:13:27.690] [bmv2] [D] [thread 102402] [75.0] [cxt 0] Pipeline 'ingress': end
[09:13:27.690] [bmv2] [D] [thread 102402] [75.0] [cxt 0] Egress port is 2
[09:13:27.690] [bmv2] [D] [thread 102405] [75.0] [cxt 0] Pipeline 'egress': start
[09:13:27.690] [bmv2] [D] [thread 102405] [75.0] [cxt 0] Pipeline 'egress': end
[09:13:27.690] [bmv2] [D] [thread 102405] [75.0] [cxt 0] Deparser 'deparser': start
[09:13:27.690] [bmv2] [D] [thread 102405] [75.0] [cxt 0] Updating checksum 'cksum'
[09:13:27.690] [bmv2] [D] [thread 102405] [75.0] [cxt 0] Deparsing header 'ethernet'
[09:13:27.690] [bmv2] [D] [thread 102405] [75.0] [cxt 0] Deparsing header 'ipv4'
[09:13:27.690] [bmv2] [D] [thread 102405] [75.0] [cxt 0] Deparser 'deparser': end
[09:13:27.691] [bmv2] [D] [thread 102407] [75.0] [cxt 0] Transmitting packet of size 336 out of port 2
[09:13:28.059] [bmv2] [D] [thread 102402] [76.0] [cxt 0] Processing packet received on port 2
[09:13:28.060] [bmv2] [D] [thread 102402] [76.0] [cxt 0] Parser 'parser': start
[09:13:28.060] [bmv2] [D] [thread 102402] [76.0] [cxt 0] Parser 'parser' entering state 'start'
[09:13:28.060] [bmv2] [D] [thread 102402] [76.0] [cxt 0] Extracting header 'ethernet'
[09:13:28.060] [bmv2] [D] [thread 102402] [76.0] [cxt 0] Parser state 'start': key is 86dd
[09:13:28.060] [bmv2] [T] [thread 102402] [76.0] [cxt 0] Bytes parsed: 14
[09:13:28.060] [bmv2] [D] [thread 102402] [76.0] [cxt 0] Parser 'parser': end
[09:13:28.060] [bmv2] [D] [thread 102402] [76.0] [cxt 0] Pipeline 'ingress': start
[09:13:28.060] [bmv2] [T] [thread 102402] [76.0] [cxt 0] switch.p4(116) Condition "hdr.ipv4.isValid()" (node_2) is false
[09:13:28.060] [bmv2] [D] [thread 102402] [76.0] [cxt 0] Pipeline 'ingress': end
[09:13:28.060] [bmv2] [D] [thread 102402] [76.0] [cxt 0] Egress port is 0
[09:13:28.060] [bmv2] [D] [thread 102403] [76.0] [cxt 0] Pipeline 'egress': start
[09:13:28.060] [bmv2] [D] [thread 102403] [76.0] [cxt 0] Pipeline 'egress': end
[09:13:28.060] [bmv2] [D] [thread 102403] [76.0] [cxt 0] Deparser 'deparser': start
[09:13:28.060] [bmv2] [T] [thread 102403] [76.0] [cxt 0] Skipping checksum 'cksum' update because condition not met
[09:13:28.060] [bmv2] [D] [thread 102403] [76.0] [cxt 0] Deparsing header 'ethernet'
[09:13:28.060] [bmv2] [D] [thread 102403] [76.0] [cxt 0] Deparser 'deparser': end
[09:13:28.060] [bmv2] [D] [thread 102407] [76.0] [cxt 0] Transmitting packet of size 70 out of port 0
[09:13:28.672] [bmv2] [D] [thread 102402] [77.0] [cxt 0] Processing packet received on port 1
[09:13:28.672] [bmv2] [D] [thread 102402] [77.0] [cxt 0] Parser 'parser': start
[09:13:28.672] [bmv2] [D] [thread 102402] [77.0] [cxt 0] Parser 'parser' entering state 'start'
[09:13:28.672] [bmv2] [D] [thread 102402] [77.0] [cxt 0] Extracting header 'ethernet'
[09:13:28.676] [bmv2] [D] [thread 102402] [77.0] [cxt 0] Parser state 'start': key is 0800
[09:13:28.676] [bmv2] [T] [thread 102402] [77.0] [cxt 0] Bytes parsed: 14
[09:13:28.676] [bmv2] [D] [thread 102402] [77.0] [cxt 0] Parser 'parser' entering state 'parse_ipv4'
[09:13:28.676] [bmv2] [D] [thread 102402] [77.0] [cxt 0] Extracting header 'ipv4'
[09:13:28.676] [bmv2] [D] [thread 102402] [77.0] [cxt 0] Parser state 'parse_ipv4' has no switch, going to default next state
[09:13:28.676] [bmv2] [T] [thread 102402] [77.0] [cxt 0] Bytes parsed: 34
[09:13:28.676] [bmv2] [D] [thread 102402] [77.0] [cxt 0] Parser 'parser': end
[09:13:28.676] [bmv2] [D] [thread 102402] [77.0] [cxt 0] Pipeline 'ingress': start
[09:13:28.676] [bmv2] [T] [thread 102402] [77.0] [cxt 0] switch.p4(116) Condition "hdr.ipv4.isValid()" (node_2) is true
[09:13:28.676] [bmv2] [T] [thread 102402] [77.0] [cxt 0] Applying table 'MyIngress.ipv4_lpm'
[09:13:28.676] [bmv2] [D] [thread 102402] [77.0] [cxt 0] Looking up key:
* hdr.ipv4.dstAddr    : 0a000202

[09:13:28.676] [bmv2] [D] [thread 102402] [77.0] [cxt 0] Table 'MyIngress.ipv4_lpm': hit with handle 1
[09:13:28.676] [bmv2] [D] [thread 102402] [77.0] [cxt 0] Dumping entry 1
Match key:
* hdr.ipv4.dstAddr    : LPM       0a000202/32
Action entry: MyIngress.ipv4_forward - 80000000200,2,

[09:13:28.676] [bmv2] [D] [thread 102402] [77.0] [cxt 0] Action entry is MyIngress.ipv4_forward - 80000000200,2,
[09:13:28.676] [bmv2] [T] [thread 102402] [77.0] [cxt 0] Action MyIngress.ipv4_forward
[09:13:28.676] [bmv2] [T] [thread 102402] [77.0] [cxt 0] switch.p4(96) Primitive standard_metadata.egress_spec = port
[09:13:28.676] [bmv2] [T] [thread 102402] [77.0] [cxt 0] switch.p4(97) Primitive hdr.ethernet.srcAddr = hdr.ethernet.dstAddr
[09:13:28.676] [bmv2] [T] [thread 102402] [77.0] [cxt 0] switch.p4(98) Primitive hdr.ethernet.dstAddr = dstAddr
[09:13:28.676] [bmv2] [T] [thread 102402] [77.0] [cxt 0] switch.p4(99) Primitive hdr.ipv4.ttl = hdr.ipv4.ttl - 1
[09:13:28.676] [bmv2] [D] [thread 102402] [77.0] [cxt 0] Pipeline 'ingress': end
[09:13:28.676] [bmv2] [D] [thread 102402] [77.0] [cxt 0] Egress port is 2
[09:13:28.677] [bmv2] [D] [thread 102405] [77.0] [cxt 0] Pipeline 'egress': start
[09:13:28.677] [bmv2] [D] [thread 102405] [77.0] [cxt 0] Pipeline 'egress': end
[09:13:28.677] [bmv2] [D] [thread 102405] [77.0] [cxt 0] Deparser 'deparser': start
[09:13:28.677] [bmv2] [D] [thread 102405] [77.0] [cxt 0] Updating checksum 'cksum'
[09:13:28.677] [bmv2] [D] [thread 102405] [77.0] [cxt 0] Deparsing header 'ethernet'
[09:13:28.677] [bmv2] [D] [thread 102405] [77.0] [cxt 0] Deparsing header 'ipv4'
[09:13:28.677] [bmv2] [D] [thread 102405] [77.0] [cxt 0] Deparser 'deparser': end
[09:13:28.677] [bmv2] [D] [thread 102407] [77.0] [cxt 0] Transmitting packet of size 48 out of port 2
[09:13:28.721] [bmv2] [D] [thread 102402] [78.0] [cxt 0] Processing packet received on port 2
[09:13:28.721] [bmv2] [D] [thread 102402] [78.0] [cxt 0] Parser 'parser': start
[09:13:28.721] [bmv2] [D] [thread 102402] [78.0] [cxt 0] Parser 'parser' entering state 'start'
[09:13:28.721] [bmv2] [D] [thread 102402] [78.0] [cxt 0] Extracting header 'ethernet'
[09:13:28.721] [bmv2] [D] [thread 102402] [78.0] [cxt 0] Parser state 'start': key is 0800
[09:13:28.721] [bmv2] [T] [thread 102402] [78.0] [cxt 0] Bytes parsed: 14
[09:13:28.721] [bmv2] [D] [thread 102402] [78.0] [cxt 0] Parser 'parser' entering state 'parse_ipv4'
[09:13:28.721] [bmv2] [D] [thread 102402] [78.0] [cxt 0] Extracting header 'ipv4'
[09:13:28.721] [bmv2] [D] [thread 102402] [78.0] [cxt 0] Parser state 'parse_ipv4' has no switch, going to default next state
[09:13:28.721] [bmv2] [T] [thread 102402] [78.0] [cxt 0] Bytes parsed: 34
[09:13:28.721] [bmv2] [D] [thread 102402] [78.0] [cxt 0] Parser 'parser': end
[09:13:28.721] [bmv2] [D] [thread 102402] [78.0] [cxt 0] Pipeline 'ingress': start
[09:13:28.721] [bmv2] [T] [thread 102402] [78.0] [cxt 0] switch.p4(116) Condition "hdr.ipv4.isValid()" (node_2) is true
[09:13:28.721] [bmv2] [T] [thread 102402] [78.0] [cxt 0] Applying table 'MyIngress.ipv4_lpm'
[09:13:28.721] [bmv2] [D] [thread 102402] [78.0] [cxt 0] Looking up key:
* hdr.ipv4.dstAddr    : 0a000101

[09:13:28.721] [bmv2] [D] [thread 102402] [78.0] [cxt 0] Table 'MyIngress.ipv4_lpm': hit with handle 0
[09:13:28.721] [bmv2] [D] [thread 102402] [78.0] [cxt 0] Dumping entry 0
Match key:
* hdr.ipv4.dstAddr    : LPM       0a000101/32
Action entry: MyIngress.ipv4_forward - 80000000111,1,

[09:13:28.721] [bmv2] [D] [thread 102402] [78.0] [cxt 0] Action entry is MyIngress.ipv4_forward - 80000000111,1,
[09:13:28.721] [bmv2] [T] [thread 102402] [78.0] [cxt 0] Action MyIngress.ipv4_forward
[09:13:28.721] [bmv2] [T] [thread 102402] [78.0] [cxt 0] switch.p4(96) Primitive standard_metadata.egress_spec = port
[09:13:28.721] [bmv2] [T] [thread 102402] [78.0] [cxt 0] switch.p4(97) Primitive hdr.ethernet.srcAddr = hdr.ethernet.dstAddr
[09:13:28.721] [bmv2] [T] [thread 102402] [78.0] [cxt 0] switch.p4(98) Primitive hdr.ethernet.dstAddr = dstAddr
[09:13:28.721] [bmv2] [T] [thread 102402] [78.0] [cxt 0] switch.p4(99) Primitive hdr.ipv4.ttl = hdr.ipv4.ttl - 1
[09:13:28.721] [bmv2] [D] [thread 102402] [78.0] [cxt 0] Pipeline 'ingress': end
[09:13:28.721] [bmv2] [D] [thread 102402] [78.0] [cxt 0] Egress port is 1
[09:13:28.721] [bmv2] [D] [thread 102404] [78.0] [cxt 0] Pipeline 'egress': start
[09:13:28.721] [bmv2] [D] [thread 102404] [78.0] [cxt 0] Pipeline 'egress': end
[09:13:28.721] [bmv2] [D] [thread 102404] [78.0] [cxt 0] Deparser 'deparser': start
[09:13:28.721] [bmv2] [D] [thread 102404] [78.0] [cxt 0] Updating checksum 'cksum'
[09:13:28.721] [bmv2] [D] [thread 102404] [78.0] [cxt 0] Deparsing header 'ethernet'
[09:13:28.721] [bmv2] [D] [thread 102404] [78.0] [cxt 0] Deparsing header 'ipv4'
[09:13:28.721] [bmv2] [D] [thread 102404] [78.0] [cxt 0] Deparser 'deparser': end
[09:13:28.721] [bmv2] [D] [thread 102407] [78.0] [cxt 0] Transmitting packet of size 76 out of port 1
[09:13:28.725] [bmv2] [D] [thread 102402] [79.0] [cxt 0] Processing packet received on port 2
[09:13:28.725] [bmv2] [D] [thread 102402] [79.0] [cxt 0] Parser 'parser': start
[09:13:28.725] [bmv2] [D] [thread 102402] [79.0] [cxt 0] Parser 'parser' entering state 'start'
[09:13:28.725] [bmv2] [D] [thread 102402] [79.0] [cxt 0] Extracting header 'ethernet'
[09:13:28.725] [bmv2] [D] [thread 102402] [79.0] [cxt 0] Parser state 'start': key is 0800
[09:13:28.725] [bmv2] [T] [thread 102402] [79.0] [cxt 0] Bytes parsed: 14
[09:13:28.725] [bmv2] [D] [thread 102402] [79.0] [cxt 0] Parser 'parser' entering state 'parse_ipv4'
[09:13:28.725] [bmv2] [D] [thread 102402] [79.0] [cxt 0] Extracting header 'ipv4'
[09:13:28.725] [bmv2] [D] [thread 102402] [79.0] [cxt 0] Parser state 'parse_ipv4' has no switch, going to default next state
[09:13:28.725] [bmv2] [T] [thread 102402] [79.0] [cxt 0] Bytes parsed: 34
[09:13:28.725] [bmv2] [D] [thread 102402] [79.0] [cxt 0] Parser 'parser': end
[09:13:28.725] [bmv2] [D] [thread 102402] [79.0] [cxt 0] Pipeline 'ingress': start
[09:13:28.725] [bmv2] [T] [thread 102402] [79.0] [cxt 0] switch.p4(116) Condition "hdr.ipv4.isValid()" (node_2) is true
[09:13:28.725] [bmv2] [T] [thread 102402] [79.0] [cxt 0] Applying table 'MyIngress.ipv4_lpm'
[09:13:28.725] [bmv2] [D] [thread 102402] [79.0] [cxt 0] Looking up key:
* hdr.ipv4.dstAddr    : 0a000101

[09:13:28.725] [bmv2] [D] [thread 102402] [79.0] [cxt 0] Table 'MyIngress.ipv4_lpm': hit with handle 0
[09:13:28.725] [bmv2] [D] [thread 102402] [79.0] [cxt 0] Dumping entry 0
Match key:
* hdr.ipv4.dstAddr    : LPM       0a000101/32
Action entry: MyIngress.ipv4_forward - 80000000111,1,

[09:13:28.725] [bmv2] [D] [thread 102402] [79.0] [cxt 0] Action entry is MyIngress.ipv4_forward - 80000000111,1,
[09:13:28.725] [bmv2] [T] [thread 102402] [79.0] [cxt 0] Action MyIngress.ipv4_forward
[09:13:28.725] [bmv2] [T] [thread 102402] [79.0] [cxt 0] switch.p4(96) Primitive standard_metadata.egress_spec = port
[09:13:28.725] [bmv2] [T] [thread 102402] [79.0] [cxt 0] switch.p4(97) Primitive hdr.ethernet.srcAddr = hdr.ethernet.dstAddr
[09:13:28.725] [bmv2] [T] [thread 102402] [79.0] [cxt 0] switch.p4(98) Primitive hdr.ethernet.dstAddr = dstAddr
[09:13:28.725] [bmv2] [T] [thread 102402] [79.0] [cxt 0] switch.p4(99) Primitive hdr.ipv4.ttl = hdr.ipv4.ttl - 1
[09:13:28.725] [bmv2] [D] [thread 102402] [79.0] [cxt 0] Pipeline 'ingress': end
[09:13:28.725] [bmv2] [D] [thread 102402] [79.0] [cxt 0] Egress port is 1
[09:13:28.725] [bmv2] [D] [thread 102404] [79.0] [cxt 0] Pipeline 'egress': start
[09:13:28.725] [bmv2] [D] [thread 102404] [79.0] [cxt 0] Pipeline 'egress': end
[09:13:28.725] [bmv2] [D] [thread 102404] [79.0] [cxt 0] Deparser 'deparser': start
[09:13:28.725] [bmv2] [D] [thread 102404] [79.0] [cxt 0] Updating checksum 'cksum'
[09:13:28.725] [bmv2] [D] [thread 102404] [79.0] [cxt 0] Deparsing header 'ethernet'
[09:13:28.725] [bmv2] [D] [thread 102404] [79.0] [cxt 0] Deparsing header 'ipv4'
[09:13:28.725] [bmv2] [D] [thread 102404] [79.0] [cxt 0] Deparser 'deparser': end
[09:13:28.725] [bmv2] [D] [thread 102407] [79.0] [cxt 0] Transmitting packet of size 308 out of port 1
[09:13:28.725] [bmv2] [D] [thread 102402] [80.0] [cxt 0] Processing packet received on port 1
[09:13:28.725] [bmv2] [D] [thread 102402] [80.0] [cxt 0] Parser 'parser': start
[09:13:28.726] [bmv2] [D] [thread 102402] [80.0] [cxt 0] Parser 'parser' entering state 'start'
[09:13:28.726] [bmv2] [D] [thread 102402] [80.0] [cxt 0] Extracting header 'ethernet'
[09:13:28.726] [bmv2] [D] [thread 102402] [80.0] [cxt 0] Parser state 'start': key is 0800
[09:13:28.726] [bmv2] [T] [thread 102402] [80.0] [cxt 0] Bytes parsed: 14
[09:13:28.727] [bmv2] [D] [thread 102402] [80.0] [cxt 0] Parser 'parser' entering state 'parse_ipv4'
[09:13:28.727] [bmv2] [D] [thread 102402] [80.0] [cxt 0] Extracting header 'ipv4'
[09:13:28.727] [bmv2] [D] [thread 102402] [80.0] [cxt 0] Parser state 'parse_ipv4' has no switch, going to default next state
[09:13:28.727] [bmv2] [T] [thread 102402] [80.0] [cxt 0] Bytes parsed: 34
[09:13:28.727] [bmv2] [D] [thread 102402] [80.0] [cxt 0] Parser 'parser': end
[09:13:28.727] [bmv2] [D] [thread 102402] [80.0] [cxt 0] Pipeline 'ingress': start
[09:13:28.727] [bmv2] [T] [thread 102402] [80.0] [cxt 0] switch.p4(116) Condition "hdr.ipv4.isValid()" (node_2) is true
[09:13:28.727] [bmv2] [T] [thread 102402] [80.0] [cxt 0] Applying table 'MyIngress.ipv4_lpm'
[09:13:28.728] [bmv2] [D] [thread 102402] [80.0] [cxt 0] Looking up key:
* hdr.ipv4.dstAddr    : 0a000202

[09:13:28.728] [bmv2] [D] [thread 102402] [80.0] [cxt 0] Table 'MyIngress.ipv4_lpm': hit with handle 1
[09:13:28.728] [bmv2] [D] [thread 102402] [80.0] [cxt 0] Dumping entry 1
Match key:
* hdr.ipv4.dstAddr    : LPM       0a000202/32
Action entry: MyIngress.ipv4_forward - 80000000200,2,

[09:13:28.728] [bmv2] [D] [thread 102402] [80.0] [cxt 0] Action entry is MyIngress.ipv4_forward - 80000000200,2,
[09:13:28.728] [bmv2] [T] [thread 102402] [80.0] [cxt 0] Action MyIngress.ipv4_forward
[09:13:28.729] [bmv2] [T] [thread 102402] [80.0] [cxt 0] switch.p4(96) Primitive standard_metadata.egress_spec = port
[09:13:28.729] [bmv2] [T] [thread 102402] [80.0] [cxt 0] switch.p4(97) Primitive hdr.ethernet.srcAddr = hdr.ethernet.dstAddr
[09:13:28.729] [bmv2] [T] [thread 102402] [80.0] [cxt 0] switch.p4(98) Primitive hdr.ethernet.dstAddr = dstAddr
[09:13:28.729] [bmv2] [T] [thread 102402] [80.0] [cxt 0] switch.p4(99) Primitive hdr.ipv4.ttl = hdr.ipv4.ttl - 1
[09:13:28.729] [bmv2] [D] [thread 102402] [80.0] [cxt 0] Pipeline 'ingress': end
[09:13:28.729] [bmv2] [D] [thread 102402] [80.0] [cxt 0] Egress port is 2
[09:13:28.729] [bmv2] [D] [thread 102405] [80.0] [cxt 0] Pipeline 'egress': start
[09:13:28.729] [bmv2] [D] [thread 102405] [80.0] [cxt 0] Pipeline 'egress': end
[09:13:28.729] [bmv2] [D] [thread 102405] [80.0] [cxt 0] Deparser 'deparser': start
[09:13:28.729] [bmv2] [D] [thread 102405] [80.0] [cxt 0] Updating checksum 'cksum'
[09:13:28.729] [bmv2] [D] [thread 102405] [80.0] [cxt 0] Deparsing header 'ethernet'
[09:13:28.729] [bmv2] [D] [thread 102405] [80.0] [cxt 0] Deparsing header 'ipv4'
[09:13:28.729] [bmv2] [D] [thread 102405] [80.0] [cxt 0] Deparser 'deparser': end
[09:13:28.729] [bmv2] [D] [thread 102407] [80.0] [cxt 0] Transmitting packet of size 336 out of port 2
[09:13:29.597] [bmv2] [D] [thread 102402] [81.0] [cxt 0] Processing packet received on port 2
[09:13:29.597] [bmv2] [D] [thread 102402] [81.0] [cxt 0] Parser 'parser': start
[09:13:29.597] [bmv2] [D] [thread 102402] [81.0] [cxt 0] Parser 'parser' entering state 'start'
[09:13:29.597] [bmv2] [D] [thread 102402] [81.0] [cxt 0] Extracting header 'ethernet'
[09:13:29.597] [bmv2] [D] [thread 102402] [81.0] [cxt 0] Parser state 'start': key is 86dd
[09:13:29.597] [bmv2] [T] [thread 102402] [81.0] [cxt 0] Bytes parsed: 14
[09:13:29.597] [bmv2] [D] [thread 102402] [81.0] [cxt 0] Parser 'parser': end
[09:13:29.597] [bmv2] [D] [thread 102402] [81.0] [cxt 0] Pipeline 'ingress': start
[09:13:29.597] [bmv2] [T] [thread 102402] [81.0] [cxt 0] switch.p4(116) Condition "hdr.ipv4.isValid()" (node_2) is false
[09:13:29.597] [bmv2] [D] [thread 102402] [81.0] [cxt 0] Pipeline 'ingress': end
[09:13:29.597] [bmv2] [D] [thread 102402] [81.0] [cxt 0] Egress port is 0
[09:13:29.597] [bmv2] [D] [thread 102403] [81.0] [cxt 0] Pipeline 'egress': start
[09:13:29.597] [bmv2] [D] [thread 102403] [81.0] [cxt 0] Pipeline 'egress': end
[09:13:29.597] [bmv2] [D] [thread 102403] [81.0] [cxt 0] Deparser 'deparser': start
[09:13:29.597] [bmv2] [T] [thread 102403] [81.0] [cxt 0] Skipping checksum 'cksum' update because condition not met
[09:13:29.597] [bmv2] [D] [thread 102403] [81.0] [cxt 0] Deparsing header 'ethernet'
[09:13:29.597] [bmv2] [D] [thread 102403] [81.0] [cxt 0] Deparser 'deparser': end
[09:13:29.597] [bmv2] [D] [thread 102407] [81.0] [cxt 0] Transmitting packet of size 70 out of port 0
[09:13:29.782] [bmv2] [D] [thread 102402] [82.0] [cxt 0] Processing packet received on port 1
[09:13:29.782] [bmv2] [D] [thread 102402] [82.0] [cxt 0] Parser 'parser': start
[09:13:29.782] [bmv2] [D] [thread 102402] [82.0] [cxt 0] Parser 'parser' entering state 'start'
[09:13:29.782] [bmv2] [D] [thread 102402] [82.0] [cxt 0] Extracting header 'ethernet'
[09:13:29.782] [bmv2] [D] [thread 102402] [82.0] [cxt 0] Parser state 'start': key is 0800
[09:13:29.782] [bmv2] [T] [thread 102402] [82.0] [cxt 0] Bytes parsed: 14
[09:13:29.782] [bmv2] [D] [thread 102402] [82.0] [cxt 0] Parser 'parser' entering state 'parse_ipv4'
[09:13:29.782] [bmv2] [D] [thread 102402] [82.0] [cxt 0] Extracting header 'ipv4'
[09:13:29.782] [bmv2] [D] [thread 102402] [82.0] [cxt 0] Parser state 'parse_ipv4' has no switch, going to default next state
[09:13:29.782] [bmv2] [T] [thread 102402] [82.0] [cxt 0] Bytes parsed: 34
[09:13:29.782] [bmv2] [D] [thread 102402] [82.0] [cxt 0] Parser 'parser': end
[09:13:29.782] [bmv2] [D] [thread 102402] [82.0] [cxt 0] Pipeline 'ingress': start
[09:13:29.782] [bmv2] [T] [thread 102402] [82.0] [cxt 0] switch.p4(116) Condition "hdr.ipv4.isValid()" (node_2) is true
[09:13:29.782] [bmv2] [T] [thread 102402] [82.0] [cxt 0] Applying table 'MyIngress.ipv4_lpm'
[09:13:29.782] [bmv2] [D] [thread 102402] [82.0] [cxt 0] Looking up key:
* hdr.ipv4.dstAddr    : 0a000202

[09:13:29.782] [bmv2] [D] [thread 102402] [82.0] [cxt 0] Table 'MyIngress.ipv4_lpm': hit with handle 1
[09:13:29.782] [bmv2] [D] [thread 102402] [82.0] [cxt 0] Dumping entry 1
Match key:
* hdr.ipv4.dstAddr    : LPM       0a000202/32
Action entry: MyIngress.ipv4_forward - 80000000200,2,

[09:13:29.782] [bmv2] [D] [thread 102402] [82.0] [cxt 0] Action entry is MyIngress.ipv4_forward - 80000000200,2,
[09:13:29.782] [bmv2] [T] [thread 102402] [82.0] [cxt 0] Action MyIngress.ipv4_forward
[09:13:29.782] [bmv2] [T] [thread 102402] [82.0] [cxt 0] switch.p4(96) Primitive standard_metadata.egress_spec = port
[09:13:29.782] [bmv2] [T] [thread 102402] [82.0] [cxt 0] switch.p4(97) Primitive hdr.ethernet.srcAddr = hdr.ethernet.dstAddr
[09:13:29.782] [bmv2] [T] [thread 102402] [82.0] [cxt 0] switch.p4(98) Primitive hdr.ethernet.dstAddr = dstAddr
[09:13:29.782] [bmv2] [T] [thread 102402] [82.0] [cxt 0] switch.p4(99) Primitive hdr.ipv4.ttl = hdr.ipv4.ttl - 1
[09:13:29.782] [bmv2] [D] [thread 102402] [82.0] [cxt 0] Pipeline 'ingress': end
[09:13:29.782] [bmv2] [D] [thread 102402] [82.0] [cxt 0] Egress port is 2
[09:13:29.783] [bmv2] [D] [thread 102405] [82.0] [cxt 0] Pipeline 'egress': start
[09:13:29.783] [bmv2] [D] [thread 102405] [82.0] [cxt 0] Pipeline 'egress': end
[09:13:29.783] [bmv2] [D] [thread 102405] [82.0] [cxt 0] Deparser 'deparser': start
[09:13:29.783] [bmv2] [D] [thread 102405] [82.0] [cxt 0] Updating checksum 'cksum'
[09:13:29.783] [bmv2] [D] [thread 102405] [82.0] [cxt 0] Deparsing header 'ethernet'
[09:13:29.783] [bmv2] [D] [thread 102405] [82.0] [cxt 0] Deparsing header 'ipv4'
[09:13:29.783] [bmv2] [D] [thread 102405] [82.0] [cxt 0] Deparser 'deparser': end
[09:13:29.783] [bmv2] [D] [thread 102407] [82.0] [cxt 0] Transmitting packet of size 48 out of port 2
[09:13:29.792] [bmv2] [D] [thread 102402] [83.0] [cxt 0] Processing packet received on port 2
[09:13:29.792] [bmv2] [D] [thread 102402] [83.0] [cxt 0] Parser 'parser': start
[09:13:29.792] [bmv2] [D] [thread 102402] [83.0] [cxt 0] Parser 'parser' entering state 'start'
[09:13:29.793] [bmv2] [D] [thread 102402] [83.0] [cxt 0] Extracting header 'ethernet'
[09:13:29.793] [bmv2] [D] [thread 102402] [83.0] [cxt 0] Parser state 'start': key is 0800
[09:13:29.793] [bmv2] [T] [thread 102402] [83.0] [cxt 0] Bytes parsed: 14
[09:13:29.793] [bmv2] [D] [thread 102402] [83.0] [cxt 0] Parser 'parser' entering state 'parse_ipv4'
[09:13:29.793] [bmv2] [D] [thread 102402] [83.0] [cxt 0] Extracting header 'ipv4'
[09:13:29.793] [bmv2] [D] [thread 102402] [83.0] [cxt 0] Parser state 'parse_ipv4' has no switch, going to default next state
[09:13:29.793] [bmv2] [T] [thread 102402] [83.0] [cxt 0] Bytes parsed: 34
[09:13:29.793] [bmv2] [D] [thread 102402] [83.0] [cxt 0] Parser 'parser': end
[09:13:29.793] [bmv2] [D] [thread 102402] [83.0] [cxt 0] Pipeline 'ingress': start
[09:13:29.793] [bmv2] [T] [thread 102402] [83.0] [cxt 0] switch.p4(116) Condition "hdr.ipv4.isValid()" (node_2) is true
[09:13:29.793] [bmv2] [T] [thread 102402] [83.0] [cxt 0] Applying table 'MyIngress.ipv4_lpm'
[09:13:29.793] [bmv2] [D] [thread 102402] [83.0] [cxt 0] Looking up key:
* hdr.ipv4.dstAddr    : 0a000101

[09:13:29.793] [bmv2] [D] [thread 102402] [83.0] [cxt 0] Table 'MyIngress.ipv4_lpm': hit with handle 0
[09:13:29.793] [bmv2] [D] [thread 102402] [83.0] [cxt 0] Dumping entry 0
Match key:
* hdr.ipv4.dstAddr    : LPM       0a000101/32
Action entry: MyIngress.ipv4_forward - 80000000111,1,

[09:13:29.793] [bmv2] [D] [thread 102402] [83.0] [cxt 0] Action entry is MyIngress.ipv4_forward - 80000000111,1,
[09:13:29.793] [bmv2] [T] [thread 102402] [83.0] [cxt 0] Action MyIngress.ipv4_forward
[09:13:29.793] [bmv2] [T] [thread 102402] [83.0] [cxt 0] switch.p4(96) Primitive standard_metadata.egress_spec = port
[09:13:29.793] [bmv2] [T] [thread 102402] [83.0] [cxt 0] switch.p4(97) Primitive hdr.ethernet.srcAddr = hdr.ethernet.dstAddr
[09:13:29.793] [bmv2] [T] [thread 102402] [83.0] [cxt 0] switch.p4(98) Primitive hdr.ethernet.dstAddr = dstAddr
[09:13:29.793] [bmv2] [T] [thread 102402] [83.0] [cxt 0] switch.p4(99) Primitive hdr.ipv4.ttl = hdr.ipv4.ttl - 1
[09:13:29.793] [bmv2] [D] [thread 102402] [83.0] [cxt 0] Pipeline 'ingress': end
[09:13:29.793] [bmv2] [D] [thread 102402] [83.0] [cxt 0] Egress port is 1
[09:13:29.793] [bmv2] [D] [thread 102404] [83.0] [cxt 0] Pipeline 'egress': start
[09:13:29.793] [bmv2] [D] [thread 102404] [83.0] [cxt 0] Pipeline 'egress': end
[09:13:29.793] [bmv2] [D] [thread 102404] [83.0] [cxt 0] Deparser 'deparser': start
[09:13:29.793] [bmv2] [D] [thread 102404] [83.0] [cxt 0] Updating checksum 'cksum'
[09:13:29.793] [bmv2] [D] [thread 102404] [83.0] [cxt 0] Deparsing header 'ethernet'
[09:13:29.793] [bmv2] [D] [thread 102404] [83.0] [cxt 0] Deparsing header 'ipv4'
[09:13:29.793] [bmv2] [D] [thread 102404] [83.0] [cxt 0] Deparser 'deparser': end
[09:13:29.793] [bmv2] [D] [thread 102407] [83.0] [cxt 0] Transmitting packet of size 76 out of port 1
[09:13:29.798] [bmv2] [D] [thread 102402] [84.0] [cxt 0] Processing packet received on port 2
[09:13:29.800] [bmv2] [D] [thread 102402] [84.0] [cxt 0] Parser 'parser': start
[09:13:29.800] [bmv2] [D] [thread 102402] [84.0] [cxt 0] Parser 'parser' entering state 'start'
[09:13:29.800] [bmv2] [D] [thread 102402] [84.0] [cxt 0] Extracting header 'ethernet'
[09:13:29.800] [bmv2] [D] [thread 102402] [84.0] [cxt 0] Parser state 'start': key is 0800
[09:13:29.800] [bmv2] [T] [thread 102402] [84.0] [cxt 0] Bytes parsed: 14
[09:13:29.800] [bmv2] [D] [thread 102402] [84.0] [cxt 0] Parser 'parser' entering state 'parse_ipv4'
[09:13:29.800] [bmv2] [D] [thread 102402] [84.0] [cxt 0] Extracting header 'ipv4'
[09:13:29.800] [bmv2] [D] [thread 102402] [84.0] [cxt 0] Parser state 'parse_ipv4' has no switch, going to default next state
[09:13:29.800] [bmv2] [T] [thread 102402] [84.0] [cxt 0] Bytes parsed: 34
[09:13:29.800] [bmv2] [D] [thread 102402] [84.0] [cxt 0] Parser 'parser': end
[09:13:29.800] [bmv2] [D] [thread 102402] [84.0] [cxt 0] Pipeline 'ingress': start
[09:13:29.800] [bmv2] [T] [thread 102402] [84.0] [cxt 0] switch.p4(116) Condition "hdr.ipv4.isValid()" (node_2) is true
[09:13:29.800] [bmv2] [T] [thread 102402] [84.0] [cxt 0] Applying table 'MyIngress.ipv4_lpm'
[09:13:29.800] [bmv2] [D] [thread 102402] [84.0] [cxt 0] Looking up key:
* hdr.ipv4.dstAddr    : 0a000101

[09:13:29.800] [bmv2] [D] [thread 102402] [84.0] [cxt 0] Table 'MyIngress.ipv4_lpm': hit with handle 0
[09:13:29.800] [bmv2] [D] [thread 102402] [84.0] [cxt 0] Dumping entry 0
Match key:
* hdr.ipv4.dstAddr    : LPM       0a000101/32
Action entry: MyIngress.ipv4_forward - 80000000111,1,

[09:13:29.800] [bmv2] [D] [thread 102402] [84.0] [cxt 0] Action entry is MyIngress.ipv4_forward - 80000000111,1,
[09:13:29.800] [bmv2] [T] [thread 102402] [84.0] [cxt 0] Action MyIngress.ipv4_forward
[09:13:29.800] [bmv2] [T] [thread 102402] [84.0] [cxt 0] switch.p4(96) Primitive standard_metadata.egress_spec = port
[09:13:29.800] [bmv2] [T] [thread 102402] [84.0] [cxt 0] switch.p4(97) Primitive hdr.ethernet.srcAddr = hdr.ethernet.dstAddr
[09:13:29.800] [bmv2] [T] [thread 102402] [84.0] [cxt 0] switch.p4(98) Primitive hdr.ethernet.dstAddr = dstAddr
[09:13:29.800] [bmv2] [T] [thread 102402] [84.0] [cxt 0] switch.p4(99) Primitive hdr.ipv4.ttl = hdr.ipv4.ttl - 1
[09:13:29.800] [bmv2] [D] [thread 102402] [84.0] [cxt 0] Pipeline 'ingress': end
[09:13:29.800] [bmv2] [D] [thread 102402] [84.0] [cxt 0] Egress port is 1
[09:13:29.800] [bmv2] [D] [thread 102404] [84.0] [cxt 0] Pipeline 'egress': start
[09:13:29.800] [bmv2] [D] [thread 102404] [84.0] [cxt 0] Pipeline 'egress': end
[09:13:29.800] [bmv2] [D] [thread 102404] [84.0] [cxt 0] Deparser 'deparser': start
[09:13:29.800] [bmv2] [D] [thread 102404] [84.0] [cxt 0] Updating checksum 'cksum'
[09:13:29.800] [bmv2] [D] [thread 102404] [84.0] [cxt 0] Deparsing header 'ethernet'
[09:13:29.800] [bmv2] [D] [thread 102404] [84.0] [cxt 0] Deparsing header 'ipv4'
[09:13:29.800] [bmv2] [D] [thread 102404] [84.0] [cxt 0] Deparser 'deparser': end
[09:13:29.800] [bmv2] [D] [thread 102407] [84.0] [cxt 0] Transmitting packet of size 308 out of port 1
[09:13:29.801] [bmv2] [D] [thread 102402] [85.0] [cxt 0] Processing packet received on port 1
[09:13:29.801] [bmv2] [D] [thread 102402] [85.0] [cxt 0] Parser 'parser': start
[09:13:29.801] [bmv2] [D] [thread 102402] [85.0] [cxt 0] Parser 'parser' entering state 'start'
[09:13:29.801] [bmv2] [D] [thread 102402] [85.0] [cxt 0] Extracting header 'ethernet'
[09:13:29.801] [bmv2] [D] [thread 102402] [85.0] [cxt 0] Parser state 'start': key is 0800
[09:13:29.801] [bmv2] [T] [thread 102402] [85.0] [cxt 0] Bytes parsed: 14
[09:13:29.801] [bmv2] [D] [thread 102402] [85.0] [cxt 0] Parser 'parser' entering state 'parse_ipv4'
[09:13:29.801] [bmv2] [D] [thread 102402] [85.0] [cxt 0] Extracting header 'ipv4'
[09:13:29.801] [bmv2] [D] [thread 102402] [85.0] [cxt 0] Parser state 'parse_ipv4' has no switch, going to default next state
[09:13:29.801] [bmv2] [T] [thread 102402] [85.0] [cxt 0] Bytes parsed: 34
[09:13:29.801] [bmv2] [D] [thread 102402] [85.0] [cxt 0] Parser 'parser': end
[09:13:29.801] [bmv2] [D] [thread 102402] [85.0] [cxt 0] Pipeline 'ingress': start
[09:13:29.801] [bmv2] [T] [thread 102402] [85.0] [cxt 0] switch.p4(116) Condition "hdr.ipv4.isValid()" (node_2) is true
[09:13:29.801] [bmv2] [T] [thread 102402] [85.0] [cxt 0] Applying table 'MyIngress.ipv4_lpm'
[09:13:29.802] [bmv2] [D] [thread 102402] [85.0] [cxt 0] Looking up key:
* hdr.ipv4.dstAddr    : 0a000202

[09:13:29.802] [bmv2] [D] [thread 102402] [85.0] [cxt 0] Table 'MyIngress.ipv4_lpm': hit with handle 1
[09:13:29.802] [bmv2] [D] [thread 102402] [85.0] [cxt 0] Dumping entry 1
Match key:
* hdr.ipv4.dstAddr    : LPM       0a000202/32
Action entry: MyIngress.ipv4_forward - 80000000200,2,

[09:13:29.802] [bmv2] [D] [thread 102402] [85.0] [cxt 0] Action entry is MyIngress.ipv4_forward - 80000000200,2,
[09:13:29.802] [bmv2] [T] [thread 102402] [85.0] [cxt 0] Action MyIngress.ipv4_forward
[09:13:29.802] [bmv2] [T] [thread 102402] [85.0] [cxt 0] switch.p4(96) Primitive standard_metadata.egress_spec = port
[09:13:29.802] [bmv2] [T] [thread 102402] [85.0] [cxt 0] switch.p4(97) Primitive hdr.ethernet.srcAddr = hdr.ethernet.dstAddr
[09:13:29.802] [bmv2] [T] [thread 102402] [85.0] [cxt 0] switch.p4(98) Primitive hdr.ethernet.dstAddr = dstAddr
[09:13:29.802] [bmv2] [T] [thread 102402] [85.0] [cxt 0] switch.p4(99) Primitive hdr.ipv4.ttl = hdr.ipv4.ttl - 1
[09:13:29.802] [bmv2] [D] [thread 102402] [85.0] [cxt 0] Pipeline 'ingress': end
[09:13:29.802] [bmv2] [D] [thread 102402] [85.0] [cxt 0] Egress port is 2
[09:13:29.802] [bmv2] [D] [thread 102405] [85.0] [cxt 0] Pipeline 'egress': start
[09:13:29.802] [bmv2] [D] [thread 102405] [85.0] [cxt 0] Pipeline 'egress': end
[09:13:29.802] [bmv2] [D] [thread 102405] [85.0] [cxt 0] Deparser 'deparser': start
[09:13:29.802] [bmv2] [D] [thread 102405] [85.0] [cxt 0] Updating checksum 'cksum'
[09:13:29.802] [bmv2] [D] [thread 102405] [85.0] [cxt 0] Deparsing header 'ethernet'
[09:13:29.802] [bmv2] [D] [thread 102405] [85.0] [cxt 0] Deparsing header 'ipv4'
[09:13:29.803] [bmv2] [D] [thread 102405] [85.0] [cxt 0] Deparser 'deparser': end
[09:13:29.803] [bmv2] [D] [thread 102407] [85.0] [cxt 0] Transmitting packet of size 336 out of port 2
[09:13:30.825] [bmv2] [D] [thread 102402] [86.0] [cxt 0] Processing packet received on port 1
[09:13:30.825] [bmv2] [D] [thread 102402] [86.0] [cxt 0] Parser 'parser': start
[09:13:30.825] [bmv2] [D] [thread 102402] [86.0] [cxt 0] Parser 'parser' entering state 'start'
[09:13:30.825] [bmv2] [D] [thread 102402] [86.0] [cxt 0] Extracting header 'ethernet'
[09:13:30.825] [bmv2] [D] [thread 102402] [86.0] [cxt 0] Parser state 'start': key is 0800
[09:13:30.825] [bmv2] [T] [thread 102402] [86.0] [cxt 0] Bytes parsed: 14
[09:13:30.825] [bmv2] [D] [thread 102402] [86.0] [cxt 0] Parser 'parser' entering state 'parse_ipv4'
[09:13:30.825] [bmv2] [D] [thread 102402] [86.0] [cxt 0] Extracting header 'ipv4'
[09:13:30.825] [bmv2] [D] [thread 102402] [86.0] [cxt 0] Parser state 'parse_ipv4' has no switch, going to default next state
[09:13:30.825] [bmv2] [T] [thread 102402] [86.0] [cxt 0] Bytes parsed: 34
[09:13:30.825] [bmv2] [D] [thread 102402] [86.0] [cxt 0] Parser 'parser': end
[09:13:30.825] [bmv2] [D] [thread 102402] [86.0] [cxt 0] Pipeline 'ingress': start
[09:13:30.826] [bmv2] [T] [thread 102402] [86.0] [cxt 0] switch.p4(116) Condition "hdr.ipv4.isValid()" (node_2) is true
[09:13:30.826] [bmv2] [T] [thread 102402] [86.0] [cxt 0] Applying table 'MyIngress.ipv4_lpm'
[09:13:30.826] [bmv2] [D] [thread 102402] [86.0] [cxt 0] Looking up key:
* hdr.ipv4.dstAddr    : 0a000202

[09:13:30.826] [bmv2] [D] [thread 102402] [86.0] [cxt 0] Table 'MyIngress.ipv4_lpm': hit with handle 1
[09:13:30.826] [bmv2] [D] [thread 102402] [86.0] [cxt 0] Dumping entry 1
Match key:
* hdr.ipv4.dstAddr    : LPM       0a000202/32
Action entry: MyIngress.ipv4_forward - 80000000200,2,

[09:13:30.826] [bmv2] [D] [thread 102402] [86.0] [cxt 0] Action entry is MyIngress.ipv4_forward - 80000000200,2,
[09:13:30.826] [bmv2] [T] [thread 102402] [86.0] [cxt 0] Action MyIngress.ipv4_forward
[09:13:30.826] [bmv2] [T] [thread 102402] [86.0] [cxt 0] switch.p4(96) Primitive standard_metadata.egress_spec = port
[09:13:30.826] [bmv2] [T] [thread 102402] [86.0] [cxt 0] switch.p4(97) Primitive hdr.ethernet.srcAddr = hdr.ethernet.dstAddr
[09:13:30.826] [bmv2] [T] [thread 102402] [86.0] [cxt 0] switch.p4(98) Primitive hdr.ethernet.dstAddr = dstAddr
[09:13:30.826] [bmv2] [T] [thread 102402] [86.0] [cxt 0] switch.p4(99) Primitive hdr.ipv4.ttl = hdr.ipv4.ttl - 1
[09:13:30.826] [bmv2] [D] [thread 102402] [86.0] [cxt 0] Pipeline 'ingress': end
[09:13:30.826] [bmv2] [D] [thread 102402] [86.0] [cxt 0] Egress port is 2
[09:13:30.826] [bmv2] [D] [thread 102405] [86.0] [cxt 0] Pipeline 'egress': start
[09:13:30.826] [bmv2] [D] [thread 102405] [86.0] [cxt 0] Pipeline 'egress': end
[09:13:30.826] [bmv2] [D] [thread 102405] [86.0] [cxt 0] Deparser 'deparser': start
[09:13:30.826] [bmv2] [D] [thread 102405] [86.0] [cxt 0] Updating checksum 'cksum'
[09:13:30.826] [bmv2] [D] [thread 102405] [86.0] [cxt 0] Deparsing header 'ethernet'
[09:13:30.826] [bmv2] [D] [thread 102405] [86.0] [cxt 0] Deparsing header 'ipv4'
[09:13:30.826] [bmv2] [D] [thread 102405] [86.0] [cxt 0] Deparser 'deparser': end
[09:13:30.826] [bmv2] [D] [thread 102407] [86.0] [cxt 0] Transmitting packet of size 48 out of port 2
[09:13:30.831] [bmv2] [D] [thread 102402] [87.0] [cxt 0] Processing packet received on port 2
[09:13:30.831] [bmv2] [D] [thread 102402] [87.0] [cxt 0] Parser 'parser': start
[09:13:30.831] [bmv2] [D] [thread 102402] [87.0] [cxt 0] Parser 'parser' entering state 'start'
[09:13:30.831] [bmv2] [D] [thread 102402] [87.0] [cxt 0] Extracting header 'ethernet'
[09:13:30.831] [bmv2] [D] [thread 102402] [87.0] [cxt 0] Parser state 'start': key is 0800
[09:13:30.831] [bmv2] [T] [thread 102402] [87.0] [cxt 0] Bytes parsed: 14
[09:13:30.831] [bmv2] [D] [thread 102402] [87.0] [cxt 0] Parser 'parser' entering state 'parse_ipv4'
[09:13:30.831] [bmv2] [D] [thread 102402] [87.0] [cxt 0] Extracting header 'ipv4'
[09:13:30.831] [bmv2] [D] [thread 102402] [87.0] [cxt 0] Parser state 'parse_ipv4' has no switch, going to default next state
[09:13:30.831] [bmv2] [T] [thread 102402] [87.0] [cxt 0] Bytes parsed: 34
[09:13:30.831] [bmv2] [D] [thread 102402] [87.0] [cxt 0] Parser 'parser': end
[09:13:30.831] [bmv2] [D] [thread 102402] [87.0] [cxt 0] Pipeline 'ingress': start
[09:13:30.831] [bmv2] [T] [thread 102402] [87.0] [cxt 0] switch.p4(116) Condition "hdr.ipv4.isValid()" (node_2) is true
[09:13:30.831] [bmv2] [T] [thread 102402] [87.0] [cxt 0] Applying table 'MyIngress.ipv4_lpm'
[09:13:30.831] [bmv2] [D] [thread 102402] [87.0] [cxt 0] Looking up key:
* hdr.ipv4.dstAddr    : 0a000101

[09:13:30.831] [bmv2] [D] [thread 102402] [87.0] [cxt 0] Table 'MyIngress.ipv4_lpm': hit with handle 0
[09:13:30.831] [bmv2] [D] [thread 102402] [87.0] [cxt 0] Dumping entry 0
Match key:
* hdr.ipv4.dstAddr    : LPM       0a000101/32
Action entry: MyIngress.ipv4_forward - 80000000111,1,

[09:13:30.831] [bmv2] [D] [thread 102402] [87.0] [cxt 0] Action entry is MyIngress.ipv4_forward - 80000000111,1,
[09:13:30.831] [bmv2] [T] [thread 102402] [87.0] [cxt 0] Action MyIngress.ipv4_forward
[09:13:30.831] [bmv2] [T] [thread 102402] [87.0] [cxt 0] switch.p4(96) Primitive standard_metadata.egress_spec = port
[09:13:30.831] [bmv2] [T] [thread 102402] [87.0] [cxt 0] switch.p4(97) Primitive hdr.ethernet.srcAddr = hdr.ethernet.dstAddr
[09:13:30.831] [bmv2] [T] [thread 102402] [87.0] [cxt 0] switch.p4(98) Primitive hdr.ethernet.dstAddr = dstAddr
[09:13:30.831] [bmv2] [T] [thread 102402] [87.0] [cxt 0] switch.p4(99) Primitive hdr.ipv4.ttl = hdr.ipv4.ttl - 1
[09:13:30.831] [bmv2] [D] [thread 102402] [87.0] [cxt 0] Pipeline 'ingress': end
[09:13:30.831] [bmv2] [D] [thread 102402] [87.0] [cxt 0] Egress port is 1
[09:13:30.831] [bmv2] [D] [thread 102404] [87.0] [cxt 0] Pipeline 'egress': start
[09:13:30.831] [bmv2] [D] [thread 102404] [87.0] [cxt 0] Pipeline 'egress': end
[09:13:30.831] [bmv2] [D] [thread 102404] [87.0] [cxt 0] Deparser 'deparser': start
[09:13:30.831] [bmv2] [D] [thread 102404] [87.0] [cxt 0] Updating checksum 'cksum'
[09:13:30.831] [bmv2] [D] [thread 102404] [87.0] [cxt 0] Deparsing header 'ethernet'
[09:13:30.831] [bmv2] [D] [thread 102404] [87.0] [cxt 0] Deparsing header 'ipv4'
[09:13:30.831] [bmv2] [D] [thread 102404] [87.0] [cxt 0] Deparser 'deparser': end
[09:13:30.833] [bmv2] [D] [thread 102407] [87.0] [cxt 0] Transmitting packet of size 76 out of port 1
[09:13:30.844] [bmv2] [D] [thread 102402] [88.0] [cxt 0] Processing packet received on port 2
[09:13:30.844] [bmv2] [D] [thread 102402] [88.0] [cxt 0] Parser 'parser': start
[09:13:30.844] [bmv2] [D] [thread 102402] [88.0] [cxt 0] Parser 'parser' entering state 'start'
[09:13:30.844] [bmv2] [D] [thread 102402] [88.0] [cxt 0] Extracting header 'ethernet'
[09:13:30.844] [bmv2] [D] [thread 102402] [88.0] [cxt 0] Parser state 'start': key is 0800
[09:13:30.844] [bmv2] [T] [thread 102402] [88.0] [cxt 0] Bytes parsed: 14
[09:13:30.844] [bmv2] [D] [thread 102402] [88.0] [cxt 0] Parser 'parser' entering state 'parse_ipv4'
[09:13:30.844] [bmv2] [D] [thread 102402] [88.0] [cxt 0] Extracting header 'ipv4'
[09:13:30.844] [bmv2] [D] [thread 102402] [88.0] [cxt 0] Parser state 'parse_ipv4' has no switch, going to default next state
[09:13:30.844] [bmv2] [T] [thread 102402] [88.0] [cxt 0] Bytes parsed: 34
[09:13:30.844] [bmv2] [D] [thread 102402] [88.0] [cxt 0] Parser 'parser': end
[09:13:30.844] [bmv2] [D] [thread 102402] [88.0] [cxt 0] Pipeline 'ingress': start
[09:13:30.844] [bmv2] [T] [thread 102402] [88.0] [cxt 0] switch.p4(116) Condition "hdr.ipv4.isValid()" (node_2) is true
[09:13:30.844] [bmv2] [T] [thread 102402] [88.0] [cxt 0] Applying table 'MyIngress.ipv4_lpm'
[09:13:30.844] [bmv2] [D] [thread 102402] [88.0] [cxt 0] Looking up key:
* hdr.ipv4.dstAddr    : 0a000101

[09:13:30.844] [bmv2] [D] [thread 102402] [88.0] [cxt 0] Table 'MyIngress.ipv4_lpm': hit with handle 0
[09:13:30.844] [bmv2] [D] [thread 102402] [88.0] [cxt 0] Dumping entry 0
Match key:
* hdr.ipv4.dstAddr    : LPM       0a000101/32
Action entry: MyIngress.ipv4_forward - 80000000111,1,

[09:13:30.844] [bmv2] [D] [thread 102402] [88.0] [cxt 0] Action entry is MyIngress.ipv4_forward - 80000000111,1,
[09:13:30.844] [bmv2] [T] [thread 102402] [88.0] [cxt 0] Action MyIngress.ipv4_forward
[09:13:30.844] [bmv2] [T] [thread 102402] [88.0] [cxt 0] switch.p4(96) Primitive standard_metadata.egress_spec = port
[09:13:30.844] [bmv2] [T] [thread 102402] [88.0] [cxt 0] switch.p4(97) Primitive hdr.ethernet.srcAddr = hdr.ethernet.dstAddr
[09:13:30.844] [bmv2] [T] [thread 102402] [88.0] [cxt 0] switch.p4(98) Primitive hdr.ethernet.dstAddr = dstAddr
[09:13:30.844] [bmv2] [T] [thread 102402] [88.0] [cxt 0] switch.p4(99) Primitive hdr.ipv4.ttl = hdr.ipv4.ttl - 1
[09:13:30.844] [bmv2] [D] [thread 102402] [88.0] [cxt 0] Pipeline 'ingress': end
[09:13:30.844] [bmv2] [D] [thread 102402] [88.0] [cxt 0] Egress port is 1
[09:13:30.845] [bmv2] [D] [thread 102404] [88.0] [cxt 0] Pipeline 'egress': start
[09:13:30.845] [bmv2] [D] [thread 102404] [88.0] [cxt 0] Pipeline 'egress': end
[09:13:30.845] [bmv2] [D] [thread 102404] [88.0] [cxt 0] Deparser 'deparser': start
[09:13:30.845] [bmv2] [D] [thread 102404] [88.0] [cxt 0] Updating checksum 'cksum'
[09:13:30.845] [bmv2] [D] [thread 102404] [88.0] [cxt 0] Deparsing header 'ethernet'
[09:13:30.845] [bmv2] [D] [thread 102404] [88.0] [cxt 0] Deparsing header 'ipv4'
[09:13:30.845] [bmv2] [D] [thread 102404] [88.0] [cxt 0] Deparser 'deparser': end
[09:13:30.845] [bmv2] [D] [thread 102407] [88.0] [cxt 0] Transmitting packet of size 308 out of port 1
[09:13:30.845] [bmv2] [D] [thread 102402] [89.0] [cxt 0] Processing packet received on port 1
[09:13:30.845] [bmv2] [D] [thread 102402] [89.0] [cxt 0] Parser 'parser': start
[09:13:30.845] [bmv2] [D] [thread 102402] [89.0] [cxt 0] Parser 'parser' entering state 'start'
[09:13:30.845] [bmv2] [D] [thread 102402] [89.0] [cxt 0] Extracting header 'ethernet'
[09:13:30.845] [bmv2] [D] [thread 102402] [89.0] [cxt 0] Parser state 'start': key is 0800
[09:13:30.845] [bmv2] [T] [thread 102402] [89.0] [cxt 0] Bytes parsed: 14
[09:13:30.845] [bmv2] [D] [thread 102402] [89.0] [cxt 0] Parser 'parser' entering state 'parse_ipv4'
[09:13:30.845] [bmv2] [D] [thread 102402] [89.0] [cxt 0] Extracting header 'ipv4'
[09:13:30.845] [bmv2] [D] [thread 102402] [89.0] [cxt 0] Parser state 'parse_ipv4' has no switch, going to default next state
[09:13:30.845] [bmv2] [T] [thread 102402] [89.0] [cxt 0] Bytes parsed: 34
[09:13:30.845] [bmv2] [D] [thread 102402] [89.0] [cxt 0] Parser 'parser': end
[09:13:30.845] [bmv2] [D] [thread 102402] [89.0] [cxt 0] Pipeline 'ingress': start
[09:13:30.845] [bmv2] [T] [thread 102402] [89.0] [cxt 0] switch.p4(116) Condition "hdr.ipv4.isValid()" (node_2) is true
[09:13:30.845] [bmv2] [T] [thread 102402] [89.0] [cxt 0] Applying table 'MyIngress.ipv4_lpm'
[09:13:30.845] [bmv2] [D] [thread 102402] [89.0] [cxt 0] Looking up key:
* hdr.ipv4.dstAddr    : 0a000202

[09:13:30.845] [bmv2] [D] [thread 102402] [89.0] [cxt 0] Table 'MyIngress.ipv4_lpm': hit with handle 1
[09:13:30.845] [bmv2] [D] [thread 102402] [89.0] [cxt 0] Dumping entry 1
Match key:
* hdr.ipv4.dstAddr    : LPM       0a000202/32
Action entry: MyIngress.ipv4_forward - 80000000200,2,

[09:13:30.845] [bmv2] [D] [thread 102402] [89.0] [cxt 0] Action entry is MyIngress.ipv4_forward - 80000000200,2,
[09:13:30.845] [bmv2] [T] [thread 102402] [89.0] [cxt 0] Action MyIngress.ipv4_forward
[09:13:30.845] [bmv2] [T] [thread 102402] [89.0] [cxt 0] switch.p4(96) Primitive standard_metadata.egress_spec = port
[09:13:30.845] [bmv2] [T] [thread 102402] [89.0] [cxt 0] switch.p4(97) Primitive hdr.ethernet.srcAddr = hdr.ethernet.dstAddr
[09:13:30.845] [bmv2] [T] [thread 102402] [89.0] [cxt 0] switch.p4(98) Primitive hdr.ethernet.dstAddr = dstAddr
[09:13:30.845] [bmv2] [T] [thread 102402] [89.0] [cxt 0] switch.p4(99) Primitive hdr.ipv4.ttl = hdr.ipv4.ttl - 1
[09:13:30.845] [bmv2] [D] [thread 102402] [89.0] [cxt 0] Pipeline 'ingress': end
[09:13:30.845] [bmv2] [D] [thread 102402] [89.0] [cxt 0] Egress port is 2
[09:13:30.847] [bmv2] [D] [thread 102405] [89.0] [cxt 0] Pipeline 'egress': start
[09:13:30.847] [bmv2] [D] [thread 102405] [89.0] [cxt 0] Pipeline 'egress': end
[09:13:30.847] [bmv2] [D] [thread 102405] [89.0] [cxt 0] Deparser 'deparser': start
[09:13:30.847] [bmv2] [D] [thread 102405] [89.0] [cxt 0] Updating checksum 'cksum'
[09:13:30.847] [bmv2] [D] [thread 102405] [89.0] [cxt 0] Deparsing header 'ethernet'
[09:13:30.847] [bmv2] [D] [thread 102405] [89.0] [cxt 0] Deparsing header 'ipv4'
[09:13:30.847] [bmv2] [D] [thread 102405] [89.0] [cxt 0] Deparser 'deparser': end
[09:13:30.847] [bmv2] [D] [thread 102407] [89.0] [cxt 0] Transmitting packet of size 336 out of port 2
[09:13:31.128] [bmv2] [D] [thread 102402] [90.0] [cxt 0] Processing packet received on port 1
[09:13:31.128] [bmv2] [D] [thread 102402] [90.0] [cxt 0] Parser 'parser': start
[09:13:31.128] [bmv2] [D] [thread 102402] [90.0] [cxt 0] Parser 'parser' entering state 'start'
[09:13:31.128] [bmv2] [D] [thread 102402] [90.0] [cxt 0] Extracting header 'ethernet'
[09:13:31.128] [bmv2] [D] [thread 102402] [90.0] [cxt 0] Parser state 'start': key is 86dd
[09:13:31.128] [bmv2] [T] [thread 102402] [90.0] [cxt 0] Bytes parsed: 14
[09:13:31.128] [bmv2] [D] [thread 102402] [90.0] [cxt 0] Parser 'parser': end
[09:13:31.128] [bmv2] [D] [thread 102402] [90.0] [cxt 0] Pipeline 'ingress': start
[09:13:31.128] [bmv2] [T] [thread 102402] [90.0] [cxt 0] switch.p4(116) Condition "hdr.ipv4.isValid()" (node_2) is false
[09:13:31.128] [bmv2] [D] [thread 102402] [90.0] [cxt 0] Pipeline 'ingress': end
[09:13:31.128] [bmv2] [D] [thread 102402] [90.0] [cxt 0] Egress port is 0
[09:13:31.129] [bmv2] [D] [thread 102403] [90.0] [cxt 0] Pipeline 'egress': start
[09:13:31.129] [bmv2] [D] [thread 102403] [90.0] [cxt 0] Pipeline 'egress': end
[09:13:31.129] [bmv2] [D] [thread 102403] [90.0] [cxt 0] Deparser 'deparser': start
[09:13:31.129] [bmv2] [T] [thread 102403] [90.0] [cxt 0] Skipping checksum 'cksum' update because condition not met
[09:13:31.129] [bmv2] [D] [thread 102403] [90.0] [cxt 0] Deparsing header 'ethernet'
[09:13:31.129] [bmv2] [D] [thread 102403] [90.0] [cxt 0] Deparser 'deparser': end
[09:13:31.129] [bmv2] [D] [thread 102407] [90.0] [cxt 0] Transmitting packet of size 70 out of port 0
[09:13:31.929] [bmv2] [D] [thread 102402] [91.0] [cxt 0] Processing packet received on port 1
[09:13:31.929] [bmv2] [D] [thread 102402] [91.0] [cxt 0] Parser 'parser': start
[09:13:31.929] [bmv2] [D] [thread 102402] [91.0] [cxt 0] Parser 'parser' entering state 'start'
[09:13:31.929] [bmv2] [D] [thread 102402] [91.0] [cxt 0] Extracting header 'ethernet'
[09:13:31.929] [bmv2] [D] [thread 102402] [91.0] [cxt 0] Parser state 'start': key is 0800
[09:13:31.929] [bmv2] [T] [thread 102402] [91.0] [cxt 0] Bytes parsed: 14
[09:13:31.929] [bmv2] [D] [thread 102402] [91.0] [cxt 0] Parser 'parser' entering state 'parse_ipv4'
[09:13:31.929] [bmv2] [D] [thread 102402] [91.0] [cxt 0] Extracting header 'ipv4'
[09:13:31.929] [bmv2] [D] [thread 102402] [91.0] [cxt 0] Parser state 'parse_ipv4' has no switch, going to default next state
[09:13:31.929] [bmv2] [T] [thread 102402] [91.0] [cxt 0] Bytes parsed: 34
[09:13:31.929] [bmv2] [D] [thread 102402] [91.0] [cxt 0] Parser 'parser': end
[09:13:31.929] [bmv2] [D] [thread 102402] [91.0] [cxt 0] Pipeline 'ingress': start
[09:13:31.929] [bmv2] [T] [thread 102402] [91.0] [cxt 0] switch.p4(116) Condition "hdr.ipv4.isValid()" (node_2) is true
[09:13:31.929] [bmv2] [T] [thread 102402] [91.0] [cxt 0] Applying table 'MyIngress.ipv4_lpm'
[09:13:31.929] [bmv2] [D] [thread 102402] [91.0] [cxt 0] Looking up key:
* hdr.ipv4.dstAddr    : 0a000202

[09:13:31.929] [bmv2] [D] [thread 102402] [91.0] [cxt 0] Table 'MyIngress.ipv4_lpm': hit with handle 1
[09:13:31.935] [bmv2] [D] [thread 102402] [91.0] [cxt 0] Dumping entry 1
Match key:
* hdr.ipv4.dstAddr    : LPM       0a000202/32
Action entry: MyIngress.ipv4_forward - 80000000200,2,

[09:13:31.935] [bmv2] [D] [thread 102402] [91.0] [cxt 0] Action entry is MyIngress.ipv4_forward - 80000000200,2,
[09:13:31.935] [bmv2] [T] [thread 102402] [91.0] [cxt 0] Action MyIngress.ipv4_forward
[09:13:31.935] [bmv2] [T] [thread 102402] [91.0] [cxt 0] switch.p4(96) Primitive standard_metadata.egress_spec = port
[09:13:31.935] [bmv2] [T] [thread 102402] [91.0] [cxt 0] switch.p4(97) Primitive hdr.ethernet.srcAddr = hdr.ethernet.dstAddr
[09:13:31.935] [bmv2] [T] [thread 102402] [91.0] [cxt 0] switch.p4(98) Primitive hdr.ethernet.dstAddr = dstAddr
[09:13:31.935] [bmv2] [T] [thread 102402] [91.0] [cxt 0] switch.p4(99) Primitive hdr.ipv4.ttl = hdr.ipv4.ttl - 1
[09:13:31.935] [bmv2] [D] [thread 102402] [91.0] [cxt 0] Pipeline 'ingress': end
[09:13:31.935] [bmv2] [D] [thread 102402] [91.0] [cxt 0] Egress port is 2
[09:13:31.935] [bmv2] [D] [thread 102405] [91.0] [cxt 0] Pipeline 'egress': start
[09:13:31.935] [bmv2] [D] [thread 102405] [91.0] [cxt 0] Pipeline 'egress': end
[09:13:31.935] [bmv2] [D] [thread 102405] [91.0] [cxt 0] Deparser 'deparser': start
[09:13:31.935] [bmv2] [D] [thread 102405] [91.0] [cxt 0] Updating checksum 'cksum'
[09:13:31.935] [bmv2] [D] [thread 102405] [91.0] [cxt 0] Deparsing header 'ethernet'
[09:13:31.935] [bmv2] [D] [thread 102405] [91.0] [cxt 0] Deparsing header 'ipv4'
[09:13:31.935] [bmv2] [D] [thread 102405] [91.0] [cxt 0] Deparser 'deparser': end
[09:13:31.935] [bmv2] [D] [thread 102407] [91.0] [cxt 0] Transmitting packet of size 48 out of port 2
[09:13:31.940] [bmv2] [D] [thread 102402] [92.0] [cxt 0] Processing packet received on port 2
[09:13:31.940] [bmv2] [D] [thread 102402] [92.0] [cxt 0] Parser 'parser': start
[09:13:31.940] [bmv2] [D] [thread 102402] [92.0] [cxt 0] Parser 'parser' entering state 'start'
[09:13:31.940] [bmv2] [D] [thread 102402] [92.0] [cxt 0] Extracting header 'ethernet'
[09:13:31.940] [bmv2] [D] [thread 102402] [92.0] [cxt 0] Parser state 'start': key is 0800
[09:13:31.940] [bmv2] [T] [thread 102402] [92.0] [cxt 0] Bytes parsed: 14
[09:13:31.940] [bmv2] [D] [thread 102402] [92.0] [cxt 0] Parser 'parser' entering state 'parse_ipv4'
[09:13:31.940] [bmv2] [D] [thread 102402] [92.0] [cxt 0] Extracting header 'ipv4'
[09:13:31.940] [bmv2] [D] [thread 102402] [92.0] [cxt 0] Parser state 'parse_ipv4' has no switch, going to default next state
[09:13:31.940] [bmv2] [T] [thread 102402] [92.0] [cxt 0] Bytes parsed: 34
[09:13:31.940] [bmv2] [D] [thread 102402] [92.0] [cxt 0] Parser 'parser': end
[09:13:31.940] [bmv2] [D] [thread 102402] [92.0] [cxt 0] Pipeline 'ingress': start
[09:13:31.940] [bmv2] [T] [thread 102402] [92.0] [cxt 0] switch.p4(116) Condition "hdr.ipv4.isValid()" (node_2) is true
[09:13:31.940] [bmv2] [T] [thread 102402] [92.0] [cxt 0] Applying table 'MyIngress.ipv4_lpm'
[09:13:31.940] [bmv2] [D] [thread 102402] [92.0] [cxt 0] Looking up key:
* hdr.ipv4.dstAddr    : 0a000101

[09:13:31.940] [bmv2] [D] [thread 102402] [92.0] [cxt 0] Table 'MyIngress.ipv4_lpm': hit with handle 0
[09:13:31.940] [bmv2] [D] [thread 102402] [92.0] [cxt 0] Dumping entry 0
Match key:
* hdr.ipv4.dstAddr    : LPM       0a000101/32
Action entry: MyIngress.ipv4_forward - 80000000111,1,

[09:13:31.940] [bmv2] [D] [thread 102402] [92.0] [cxt 0] Action entry is MyIngress.ipv4_forward - 80000000111,1,
[09:13:31.940] [bmv2] [T] [thread 102402] [92.0] [cxt 0] Action MyIngress.ipv4_forward
[09:13:31.940] [bmv2] [T] [thread 102402] [92.0] [cxt 0] switch.p4(96) Primitive standard_metadata.egress_spec = port
[09:13:31.940] [bmv2] [T] [thread 102402] [92.0] [cxt 0] switch.p4(97) Primitive hdr.ethernet.srcAddr = hdr.ethernet.dstAddr
[09:13:31.940] [bmv2] [T] [thread 102402] [92.0] [cxt 0] switch.p4(98) Primitive hdr.ethernet.dstAddr = dstAddr
[09:13:31.940] [bmv2] [T] [thread 102402] [92.0] [cxt 0] switch.p4(99) Primitive hdr.ipv4.ttl = hdr.ipv4.ttl - 1
[09:13:31.940] [bmv2] [D] [thread 102402] [92.0] [cxt 0] Pipeline 'ingress': end
[09:13:31.940] [bmv2] [D] [thread 102402] [92.0] [cxt 0] Egress port is 1
[09:13:31.940] [bmv2] [D] [thread 102404] [92.0] [cxt 0] Pipeline 'egress': start
[09:13:31.940] [bmv2] [D] [thread 102404] [92.0] [cxt 0] Pipeline 'egress': end
[09:13:31.942] [bmv2] [D] [thread 102404] [92.0] [cxt 0] Deparser 'deparser': start
[09:13:31.942] [bmv2] [D] [thread 102404] [92.0] [cxt 0] Updating checksum 'cksum'
[09:13:31.942] [bmv2] [D] [thread 102404] [92.0] [cxt 0] Deparsing header 'ethernet'
[09:13:31.942] [bmv2] [D] [thread 102404] [92.0] [cxt 0] Deparsing header 'ipv4'
[09:13:31.942] [bmv2] [D] [thread 102404] [92.0] [cxt 0] Deparser 'deparser': end
[09:13:31.942] [bmv2] [D] [thread 102407] [92.0] [cxt 0] Transmitting packet of size 76 out of port 1
[09:13:31.957] [bmv2] [D] [thread 102402] [93.0] [cxt 0] Processing packet received on port 2
[09:13:31.957] [bmv2] [D] [thread 102402] [93.0] [cxt 0] Parser 'parser': start
[09:13:31.957] [bmv2] [D] [thread 102402] [93.0] [cxt 0] Parser 'parser' entering state 'start'
[09:13:31.957] [bmv2] [D] [thread 102402] [93.0] [cxt 0] Extracting header 'ethernet'
[09:13:31.957] [bmv2] [D] [thread 102402] [93.0] [cxt 0] Parser state 'start': key is 0800
[09:13:31.957] [bmv2] [T] [thread 102402] [93.0] [cxt 0] Bytes parsed: 14
[09:13:31.957] [bmv2] [D] [thread 102402] [93.0] [cxt 0] Parser 'parser' entering state 'parse_ipv4'
[09:13:31.957] [bmv2] [D] [thread 102402] [93.0] [cxt 0] Extracting header 'ipv4'
[09:13:31.957] [bmv2] [D] [thread 102402] [93.0] [cxt 0] Parser state 'parse_ipv4' has no switch, going to default next state
[09:13:31.957] [bmv2] [T] [thread 102402] [93.0] [cxt 0] Bytes parsed: 34
[09:13:31.957] [bmv2] [D] [thread 102402] [93.0] [cxt 0] Parser 'parser': end
[09:13:31.957] [bmv2] [D] [thread 102402] [93.0] [cxt 0] Pipeline 'ingress': start
[09:13:31.957] [bmv2] [T] [thread 102402] [93.0] [cxt 0] switch.p4(116) Condition "hdr.ipv4.isValid()" (node_2) is true
[09:13:31.957] [bmv2] [T] [thread 102402] [93.0] [cxt 0] Applying table 'MyIngress.ipv4_lpm'
[09:13:31.957] [bmv2] [D] [thread 102402] [93.0] [cxt 0] Looking up key:
* hdr.ipv4.dstAddr    : 0a000101

[09:13:31.957] [bmv2] [D] [thread 102402] [93.0] [cxt 0] Table 'MyIngress.ipv4_lpm': hit with handle 0
[09:13:31.957] [bmv2] [D] [thread 102402] [93.0] [cxt 0] Dumping entry 0
Match key:
* hdr.ipv4.dstAddr    : LPM       0a000101/32
Action entry: MyIngress.ipv4_forward - 80000000111,1,

[09:13:31.957] [bmv2] [D] [thread 102402] [93.0] [cxt 0] Action entry is MyIngress.ipv4_forward - 80000000111,1,
[09:13:31.957] [bmv2] [T] [thread 102402] [93.0] [cxt 0] Action MyIngress.ipv4_forward
[09:13:31.957] [bmv2] [T] [thread 102402] [93.0] [cxt 0] switch.p4(96) Primitive standard_metadata.egress_spec = port
[09:13:31.957] [bmv2] [T] [thread 102402] [93.0] [cxt 0] switch.p4(97) Primitive hdr.ethernet.srcAddr = hdr.ethernet.dstAddr
[09:13:31.957] [bmv2] [T] [thread 102402] [93.0] [cxt 0] switch.p4(98) Primitive hdr.ethernet.dstAddr = dstAddr
[09:13:31.957] [bmv2] [T] [thread 102402] [93.0] [cxt 0] switch.p4(99) Primitive hdr.ipv4.ttl = hdr.ipv4.ttl - 1
[09:13:31.957] [bmv2] [D] [thread 102402] [93.0] [cxt 0] Pipeline 'ingress': end
[09:13:31.957] [bmv2] [D] [thread 102402] [93.0] [cxt 0] Egress port is 1
[09:13:31.964] [bmv2] [D] [thread 102404] [93.0] [cxt 0] Pipeline 'egress': start
[09:13:31.964] [bmv2] [D] [thread 102404] [93.0] [cxt 0] Pipeline 'egress': end
[09:13:31.964] [bmv2] [D] [thread 102404] [93.0] [cxt 0] Deparser 'deparser': start
[09:13:31.964] [bmv2] [D] [thread 102404] [93.0] [cxt 0] Updating checksum 'cksum'
[09:13:31.964] [bmv2] [D] [thread 102404] [93.0] [cxt 0] Deparsing header 'ethernet'
[09:13:31.964] [bmv2] [D] [thread 102404] [93.0] [cxt 0] Deparsing header 'ipv4'
[09:13:31.964] [bmv2] [D] [thread 102404] [93.0] [cxt 0] Deparser 'deparser': end
[09:13:31.964] [bmv2] [D] [thread 102407] [93.0] [cxt 0] Transmitting packet of size 308 out of port 1
[09:13:31.965] [bmv2] [D] [thread 102402] [94.0] [cxt 0] Processing packet received on port 1
[09:13:31.965] [bmv2] [D] [thread 102402] [94.0] [cxt 0] Parser 'parser': start
[09:13:31.965] [bmv2] [D] [thread 102402] [94.0] [cxt 0] Parser 'parser' entering state 'start'
[09:13:31.965] [bmv2] [D] [thread 102402] [94.0] [cxt 0] Extracting header 'ethernet'
[09:13:31.965] [bmv2] [D] [thread 102402] [94.0] [cxt 0] Parser state 'start': key is 0800
[09:13:31.965] [bmv2] [T] [thread 102402] [94.0] [cxt 0] Bytes parsed: 14
[09:13:31.965] [bmv2] [D] [thread 102402] [94.0] [cxt 0] Parser 'parser' entering state 'parse_ipv4'
[09:13:31.965] [bmv2] [D] [thread 102402] [94.0] [cxt 0] Extracting header 'ipv4'
[09:13:31.965] [bmv2] [D] [thread 102402] [94.0] [cxt 0] Parser state 'parse_ipv4' has no switch, going to default next state
[09:13:31.965] [bmv2] [T] [thread 102402] [94.0] [cxt 0] Bytes parsed: 34
[09:13:31.965] [bmv2] [D] [thread 102402] [94.0] [cxt 0] Parser 'parser': end
[09:13:31.965] [bmv2] [D] [thread 102402] [94.0] [cxt 0] Pipeline 'ingress': start
[09:13:31.965] [bmv2] [T] [thread 102402] [94.0] [cxt 0] switch.p4(116) Condition "hdr.ipv4.isValid()" (node_2) is true
[09:13:31.965] [bmv2] [T] [thread 102402] [94.0] [cxt 0] Applying table 'MyIngress.ipv4_lpm'
[09:13:31.965] [bmv2] [D] [thread 102402] [94.0] [cxt 0] Looking up key:
* hdr.ipv4.dstAddr    : 0a000202

[09:13:31.965] [bmv2] [D] [thread 102402] [94.0] [cxt 0] Table 'MyIngress.ipv4_lpm': hit with handle 1
[09:13:31.965] [bmv2] [D] [thread 102402] [94.0] [cxt 0] Dumping entry 1
Match key:
* hdr.ipv4.dstAddr    : LPM       0a000202/32
Action entry: MyIngress.ipv4_forward - 80000000200,2,

[09:13:31.965] [bmv2] [D] [thread 102402] [94.0] [cxt 0] Action entry is MyIngress.ipv4_forward - 80000000200,2,
[09:13:31.965] [bmv2] [T] [thread 102402] [94.0] [cxt 0] Action MyIngress.ipv4_forward
[09:13:31.965] [bmv2] [T] [thread 102402] [94.0] [cxt 0] switch.p4(96) Primitive standard_metadata.egress_spec = port
[09:13:31.965] [bmv2] [T] [thread 102402] [94.0] [cxt 0] switch.p4(97) Primitive hdr.ethernet.srcAddr = hdr.ethernet.dstAddr
[09:13:31.965] [bmv2] [T] [thread 102402] [94.0] [cxt 0] switch.p4(98) Primitive hdr.ethernet.dstAddr = dstAddr
[09:13:31.965] [bmv2] [T] [thread 102402] [94.0] [cxt 0] switch.p4(99) Primitive hdr.ipv4.ttl = hdr.ipv4.ttl - 1
[09:13:31.965] [bmv2] [D] [thread 102402] [94.0] [cxt 0] Pipeline 'ingress': end
[09:13:31.965] [bmv2] [D] [thread 102402] [94.0] [cxt 0] Egress port is 2
[09:13:31.965] [bmv2] [D] [thread 102405] [94.0] [cxt 0] Pipeline 'egress': start
[09:13:31.965] [bmv2] [D] [thread 102405] [94.0] [cxt 0] Pipeline 'egress': end
[09:13:31.965] [bmv2] [D] [thread 102405] [94.0] [cxt 0] Deparser 'deparser': start
[09:13:31.965] [bmv2] [D] [thread 102405] [94.0] [cxt 0] Updating checksum 'cksum'
[09:13:31.965] [bmv2] [D] [thread 102405] [94.0] [cxt 0] Deparsing header 'ethernet'
[09:13:31.966] [bmv2] [D] [thread 102405] [94.0] [cxt 0] Deparsing header 'ipv4'
[09:13:31.966] [bmv2] [D] [thread 102405] [94.0] [cxt 0] Deparser 'deparser': end
[09:13:31.966] [bmv2] [D] [thread 102407] [94.0] [cxt 0] Transmitting packet of size 336 out of port 2
[09:13:32.187] [bmv2] [D] [thread 102402] [95.0] [cxt 0] Processing packet received on port 2
[09:13:32.187] [bmv2] [D] [thread 102402] [95.0] [cxt 0] Parser 'parser': start
[09:13:32.187] [bmv2] [D] [thread 102402] [95.0] [cxt 0] Parser 'parser' entering state 'start'
[09:13:32.187] [bmv2] [D] [thread 102402] [95.0] [cxt 0] Extracting header 'ethernet'
[09:13:32.187] [bmv2] [D] [thread 102402] [95.0] [cxt 0] Parser state 'start': key is 86dd
[09:13:32.187] [bmv2] [T] [thread 102402] [95.0] [cxt 0] Bytes parsed: 14
[09:13:32.189] [bmv2] [D] [thread 102402] [95.0] [cxt 0] Parser 'parser': end
[09:13:32.189] [bmv2] [D] [thread 102402] [95.0] [cxt 0] Pipeline 'ingress': start
[09:13:32.189] [bmv2] [T] [thread 102402] [95.0] [cxt 0] switch.p4(116) Condition "hdr.ipv4.isValid()" (node_2) is false
[09:13:32.189] [bmv2] [D] [thread 102402] [95.0] [cxt 0] Pipeline 'ingress': end
[09:13:32.189] [bmv2] [D] [thread 102402] [95.0] [cxt 0] Egress port is 0
[09:13:32.189] [bmv2] [D] [thread 102403] [95.0] [cxt 0] Pipeline 'egress': start
[09:13:32.189] [bmv2] [D] [thread 102403] [95.0] [cxt 0] Pipeline 'egress': end
[09:13:32.189] [bmv2] [D] [thread 102403] [95.0] [cxt 0] Deparser 'deparser': start
[09:13:32.189] [bmv2] [T] [thread 102403] [95.0] [cxt 0] Skipping checksum 'cksum' update because condition not met
[09:13:32.189] [bmv2] [D] [thread 102403] [95.0] [cxt 0] Deparsing header 'ethernet'
[09:13:32.189] [bmv2] [D] [thread 102403] [95.0] [cxt 0] Deparser 'deparser': end
[09:13:32.189] [bmv2] [D] [thread 102407] [95.0] [cxt 0] Transmitting packet of size 203 out of port 0
[09:13:32.236] [bmv2] [D] [thread 102402] [96.0] [cxt 0] Processing packet received on port 1
[09:13:32.236] [bmv2] [D] [thread 102402] [96.0] [cxt 0] Parser 'parser': start
[09:13:32.236] [bmv2] [D] [thread 102402] [96.0] [cxt 0] Parser 'parser' entering state 'start'
[09:13:32.236] [bmv2] [D] [thread 102402] [96.0] [cxt 0] Extracting header 'ethernet'
[09:13:32.236] [bmv2] [D] [thread 102402] [96.0] [cxt 0] Parser state 'start': key is 86dd
[09:13:32.236] [bmv2] [T] [thread 102402] [96.0] [cxt 0] Bytes parsed: 14
[09:13:32.236] [bmv2] [D] [thread 102402] [96.0] [cxt 0] Parser 'parser': end
[09:13:32.236] [bmv2] [D] [thread 102402] [96.0] [cxt 0] Pipeline 'ingress': start
[09:13:32.236] [bmv2] [T] [thread 102402] [96.0] [cxt 0] switch.p4(116) Condition "hdr.ipv4.isValid()" (node_2) is false
[09:13:32.236] [bmv2] [D] [thread 102402] [96.0] [cxt 0] Pipeline 'ingress': end
[09:13:32.236] [bmv2] [D] [thread 102402] [96.0] [cxt 0] Egress port is 0
[09:13:32.236] [bmv2] [D] [thread 102403] [96.0] [cxt 0] Pipeline 'egress': start
[09:13:32.236] [bmv2] [D] [thread 102403] [96.0] [cxt 0] Pipeline 'egress': end
[09:13:32.236] [bmv2] [D] [thread 102403] [96.0] [cxt 0] Deparser 'deparser': start
[09:13:32.236] [bmv2] [T] [thread 102403] [96.0] [cxt 0] Skipping checksum 'cksum' update because condition not met
[09:13:32.236] [bmv2] [D] [thread 102403] [96.0] [cxt 0] Deparsing header 'ethernet'
[09:13:32.236] [bmv2] [D] [thread 102403] [96.0] [cxt 0] Deparser 'deparser': end
[09:13:32.236] [bmv2] [D] [thread 102407] [96.0] [cxt 0] Transmitting packet of size 203 out of port 0
[09:13:32.478] [bmv2] [D] [thread 102402] [97.0] [cxt 0] Processing packet received on port 2
[09:13:32.480] [bmv2] [D] [thread 102402] [97.0] [cxt 0] Parser 'parser': start
[09:13:32.480] [bmv2] [D] [thread 102402] [97.0] [cxt 0] Parser 'parser' entering state 'start'
[09:13:32.480] [bmv2] [D] [thread 102402] [97.0] [cxt 0] Extracting header 'ethernet'
[09:13:32.481] [bmv2] [D] [thread 102402] [97.0] [cxt 0] Parser state 'start': key is 86dd
[09:13:32.482] [bmv2] [T] [thread 102402] [97.0] [cxt 0] Bytes parsed: 14
[09:13:32.482] [bmv2] [D] [thread 102402] [97.0] [cxt 0] Parser 'parser': end
[09:13:32.482] [bmv2] [D] [thread 102402] [97.0] [cxt 0] Pipeline 'ingress': start
[09:13:32.482] [bmv2] [T] [thread 102402] [97.0] [cxt 0] switch.p4(116) Condition "hdr.ipv4.isValid()" (node_2) is false
[09:13:32.483] [bmv2] [D] [thread 102402] [97.0] [cxt 0] Pipeline 'ingress': end
[09:13:32.483] [bmv2] [D] [thread 102402] [97.0] [cxt 0] Egress port is 0
[09:13:32.483] [bmv2] [D] [thread 102403] [97.0] [cxt 0] Pipeline 'egress': start
[09:13:32.484] [bmv2] [D] [thread 102403] [97.0] [cxt 0] Pipeline 'egress': end
[09:13:32.484] [bmv2] [D] [thread 102403] [97.0] [cxt 0] Deparser 'deparser': start
[09:13:32.484] [bmv2] [T] [thread 102403] [97.0] [cxt 0] Skipping checksum 'cksum' update because condition not met
[09:13:32.485] [bmv2] [D] [thread 102403] [97.0] [cxt 0] Deparsing header 'ethernet'
[09:13:32.485] [bmv2] [D] [thread 102403] [97.0] [cxt 0] Deparser 'deparser': end
[09:13:32.485] [bmv2] [D] [thread 102407] [97.0] [cxt 0] Transmitting packet of size 203 out of port 0
[09:13:32.926] [bmv2] [D] [thread 102402] [98.0] [cxt 0] Processing packet received on port 1
[09:13:32.926] [bmv2] [D] [thread 102402] [98.0] [cxt 0] Parser 'parser': start
[09:13:32.926] [bmv2] [D] [thread 102402] [98.0] [cxt 0] Parser 'parser' entering state 'start'
[09:13:32.926] [bmv2] [D] [thread 102402] [98.0] [cxt 0] Extracting header 'ethernet'
[09:13:32.926] [bmv2] [D] [thread 102402] [98.0] [cxt 0] Parser state 'start': key is 0800
[09:13:32.926] [bmv2] [T] [thread 102402] [98.0] [cxt 0] Bytes parsed: 14
[09:13:32.926] [bmv2] [D] [thread 102402] [98.0] [cxt 0] Parser 'parser' entering state 'parse_ipv4'
[09:13:32.926] [bmv2] [D] [thread 102402] [98.0] [cxt 0] Extracting header 'ipv4'
[09:13:32.926] [bmv2] [D] [thread 102402] [98.0] [cxt 0] Parser state 'parse_ipv4' has no switch, going to default next state
[09:13:32.926] [bmv2] [T] [thread 102402] [98.0] [cxt 0] Bytes parsed: 34
[09:13:32.926] [bmv2] [D] [thread 102402] [98.0] [cxt 0] Parser 'parser': end
[09:13:32.926] [bmv2] [D] [thread 102402] [98.0] [cxt 0] Pipeline 'ingress': start
[09:13:32.926] [bmv2] [T] [thread 102402] [98.0] [cxt 0] switch.p4(116) Condition "hdr.ipv4.isValid()" (node_2) is true
[09:13:32.926] [bmv2] [T] [thread 102402] [98.0] [cxt 0] Applying table 'MyIngress.ipv4_lpm'
[09:13:32.926] [bmv2] [D] [thread 102402] [98.0] [cxt 0] Looking up key:
* hdr.ipv4.dstAddr    : 0a000202

[09:13:32.926] [bmv2] [D] [thread 102402] [98.0] [cxt 0] Table 'MyIngress.ipv4_lpm': hit with handle 1
[09:13:32.926] [bmv2] [D] [thread 102402] [98.0] [cxt 0] Dumping entry 1
Match key:
* hdr.ipv4.dstAddr    : LPM       0a000202/32
Action entry: MyIngress.ipv4_forward - 80000000200,2,

[09:13:32.926] [bmv2] [D] [thread 102402] [98.0] [cxt 0] Action entry is MyIngress.ipv4_forward - 80000000200,2,
[09:13:32.926] [bmv2] [T] [thread 102402] [98.0] [cxt 0] Action MyIngress.ipv4_forward
[09:13:32.926] [bmv2] [T] [thread 102402] [98.0] [cxt 0] switch.p4(96) Primitive standard_metadata.egress_spec = port
[09:13:32.926] [bmv2] [T] [thread 102402] [98.0] [cxt 0] switch.p4(97) Primitive hdr.ethernet.srcAddr = hdr.ethernet.dstAddr
[09:13:32.926] [bmv2] [T] [thread 102402] [98.0] [cxt 0] switch.p4(98) Primitive hdr.ethernet.dstAddr = dstAddr
[09:13:32.926] [bmv2] [T] [thread 102402] [98.0] [cxt 0] switch.p4(99) Primitive hdr.ipv4.ttl = hdr.ipv4.ttl - 1
[09:13:32.926] [bmv2] [D] [thread 102402] [98.0] [cxt 0] Pipeline 'ingress': end
[09:13:32.926] [bmv2] [D] [thread 102402] [98.0] [cxt 0] Egress port is 2
[09:13:32.926] [bmv2] [D] [thread 102405] [98.0] [cxt 0] Pipeline 'egress': start
[09:13:32.926] [bmv2] [D] [thread 102405] [98.0] [cxt 0] Pipeline 'egress': end
[09:13:32.926] [bmv2] [D] [thread 102405] [98.0] [cxt 0] Deparser 'deparser': start
[09:13:32.926] [bmv2] [D] [thread 102405] [98.0] [cxt 0] Updating checksum 'cksum'
[09:13:32.926] [bmv2] [D] [thread 102405] [98.0] [cxt 0] Deparsing header 'ethernet'
[09:13:32.926] [bmv2] [D] [thread 102405] [98.0] [cxt 0] Deparsing header 'ipv4'
[09:13:32.926] [bmv2] [D] [thread 102405] [98.0] [cxt 0] Deparser 'deparser': end
[09:13:32.926] [bmv2] [D] [thread 102407] [98.0] [cxt 0] Transmitting packet of size 48 out of port 2
[09:13:32.943] [bmv2] [D] [thread 102402] [99.0] [cxt 0] Processing packet received on port 2
[09:13:32.945] [bmv2] [D] [thread 102402] [99.0] [cxt 0] Parser 'parser': start
[09:13:32.945] [bmv2] [D] [thread 102402] [99.0] [cxt 0] Parser 'parser' entering state 'start'
[09:13:32.945] [bmv2] [D] [thread 102402] [99.0] [cxt 0] Extracting header 'ethernet'
[09:13:32.945] [bmv2] [D] [thread 102402] [99.0] [cxt 0] Parser state 'start': key is 0800
[09:13:32.945] [bmv2] [T] [thread 102402] [99.0] [cxt 0] Bytes parsed: 14
[09:13:32.945] [bmv2] [D] [thread 102402] [99.0] [cxt 0] Parser 'parser' entering state 'parse_ipv4'
[09:13:32.945] [bmv2] [D] [thread 102402] [99.0] [cxt 0] Extracting header 'ipv4'
[09:13:32.945] [bmv2] [D] [thread 102402] [99.0] [cxt 0] Parser state 'parse_ipv4' has no switch, going to default next state
[09:13:32.945] [bmv2] [T] [thread 102402] [99.0] [cxt 0] Bytes parsed: 34
[09:13:32.945] [bmv2] [D] [thread 102402] [99.0] [cxt 0] Parser 'parser': end
[09:13:32.945] [bmv2] [D] [thread 102402] [99.0] [cxt 0] Pipeline 'ingress': start
[09:13:32.945] [bmv2] [T] [thread 102402] [99.0] [cxt 0] switch.p4(116) Condition "hdr.ipv4.isValid()" (node_2) is true
[09:13:32.945] [bmv2] [T] [thread 102402] [99.0] [cxt 0] Applying table 'MyIngress.ipv4_lpm'
[09:13:32.945] [bmv2] [D] [thread 102402] [99.0] [cxt 0] Looking up key:
* hdr.ipv4.dstAddr    : 0a000101

[09:13:32.945] [bmv2] [D] [thread 102402] [99.0] [cxt 0] Table 'MyIngress.ipv4_lpm': hit with handle 0
[09:13:32.945] [bmv2] [D] [thread 102402] [99.0] [cxt 0] Dumping entry 0
Match key:
* hdr.ipv4.dstAddr    : LPM       0a000101/32
Action entry: MyIngress.ipv4_forward - 80000000111,1,

[09:13:32.945] [bmv2] [D] [thread 102402] [99.0] [cxt 0] Action entry is MyIngress.ipv4_forward - 80000000111,1,
[09:13:32.945] [bmv2] [T] [thread 102402] [99.0] [cxt 0] Action MyIngress.ipv4_forward
[09:13:32.945] [bmv2] [T] [thread 102402] [99.0] [cxt 0] switch.p4(96) Primitive standard_metadata.egress_spec = port
[09:13:32.945] [bmv2] [T] [thread 102402] [99.0] [cxt 0] switch.p4(97) Primitive hdr.ethernet.srcAddr = hdr.ethernet.dstAddr
[09:13:32.945] [bmv2] [T] [thread 102402] [99.0] [cxt 0] switch.p4(98) Primitive hdr.ethernet.dstAddr = dstAddr
[09:13:32.945] [bmv2] [T] [thread 102402] [99.0] [cxt 0] switch.p4(99) Primitive hdr.ipv4.ttl = hdr.ipv4.ttl - 1
[09:13:32.945] [bmv2] [D] [thread 102402] [99.0] [cxt 0] Pipeline 'ingress': end
[09:13:32.945] [bmv2] [D] [thread 102402] [99.0] [cxt 0] Egress port is 1
[09:13:32.945] [bmv2] [D] [thread 102404] [99.0] [cxt 0] Pipeline 'egress': start
[09:13:32.945] [bmv2] [D] [thread 102404] [99.0] [cxt 0] Pipeline 'egress': end
[09:13:32.945] [bmv2] [D] [thread 102404] [99.0] [cxt 0] Deparser 'deparser': start
[09:13:32.945] [bmv2] [D] [thread 102404] [99.0] [cxt 0] Updating checksum 'cksum'
[09:13:32.945] [bmv2] [D] [thread 102404] [99.0] [cxt 0] Deparsing header 'ethernet'
[09:13:32.945] [bmv2] [D] [thread 102404] [99.0] [cxt 0] Deparsing header 'ipv4'
[09:13:32.945] [bmv2] [D] [thread 102404] [99.0] [cxt 0] Deparser 'deparser': end
[09:13:32.945] [bmv2] [D] [thread 102407] [99.0] [cxt 0] Transmitting packet of size 76 out of port 1
[09:13:32.966] [bmv2] [D] [thread 102402] [100.0] [cxt 0] Processing packet received on port 2
[09:13:32.966] [bmv2] [D] [thread 102402] [100.0] [cxt 0] Parser 'parser': start
[09:13:32.966] [bmv2] [D] [thread 102402] [100.0] [cxt 0] Parser 'parser' entering state 'start'
[09:13:32.966] [bmv2] [D] [thread 102402] [100.0] [cxt 0] Extracting header 'ethernet'
[09:13:32.966] [bmv2] [D] [thread 102402] [100.0] [cxt 0] Parser state 'start': key is 0800
[09:13:32.966] [bmv2] [T] [thread 102402] [100.0] [cxt 0] Bytes parsed: 14
[09:13:32.966] [bmv2] [D] [thread 102402] [100.0] [cxt 0] Parser 'parser' entering state 'parse_ipv4'
[09:13:32.966] [bmv2] [D] [thread 102402] [100.0] [cxt 0] Extracting header 'ipv4'
[09:13:32.966] [bmv2] [D] [thread 102402] [100.0] [cxt 0] Parser state 'parse_ipv4' has no switch, going to default next state
[09:13:32.966] [bmv2] [T] [thread 102402] [100.0] [cxt 0] Bytes parsed: 34
[09:13:32.966] [bmv2] [D] [thread 102402] [100.0] [cxt 0] Parser 'parser': end
[09:13:32.966] [bmv2] [D] [thread 102402] [100.0] [cxt 0] Pipeline 'ingress': start
[09:13:32.966] [bmv2] [T] [thread 102402] [100.0] [cxt 0] switch.p4(116) Condition "hdr.ipv4.isValid()" (node_2) is true
[09:13:32.966] [bmv2] [T] [thread 102402] [100.0] [cxt 0] Applying table 'MyIngress.ipv4_lpm'
[09:13:32.966] [bmv2] [D] [thread 102402] [100.0] [cxt 0] Looking up key:
* hdr.ipv4.dstAddr    : 0a000101

[09:13:32.966] [bmv2] [D] [thread 102402] [100.0] [cxt 0] Table 'MyIngress.ipv4_lpm': hit with handle 0
[09:13:32.966] [bmv2] [D] [thread 102402] [100.0] [cxt 0] Dumping entry 0
Match key:
* hdr.ipv4.dstAddr    : LPM       0a000101/32
Action entry: MyIngress.ipv4_forward - 80000000111,1,

[09:13:32.966] [bmv2] [D] [thread 102402] [100.0] [cxt 0] Action entry is MyIngress.ipv4_forward - 80000000111,1,
[09:13:32.966] [bmv2] [T] [thread 102402] [100.0] [cxt 0] Action MyIngress.ipv4_forward
[09:13:32.966] [bmv2] [T] [thread 102402] [100.0] [cxt 0] switch.p4(96) Primitive standard_metadata.egress_spec = port
[09:13:32.966] [bmv2] [T] [thread 102402] [100.0] [cxt 0] switch.p4(97) Primitive hdr.ethernet.srcAddr = hdr.ethernet.dstAddr
[09:13:32.966] [bmv2] [T] [thread 102402] [100.0] [cxt 0] switch.p4(98) Primitive hdr.ethernet.dstAddr = dstAddr
[09:13:32.966] [bmv2] [T] [thread 102402] [100.0] [cxt 0] switch.p4(99) Primitive hdr.ipv4.ttl = hdr.ipv4.ttl - 1
[09:13:32.966] [bmv2] [D] [thread 102402] [100.0] [cxt 0] Pipeline 'ingress': end
[09:13:32.966] [bmv2] [D] [thread 102402] [100.0] [cxt 0] Egress port is 1
[09:13:32.966] [bmv2] [D] [thread 102404] [100.0] [cxt 0] Pipeline 'egress': start
[09:13:32.966] [bmv2] [D] [thread 102404] [100.0] [cxt 0] Pipeline 'egress': end
[09:13:32.966] [bmv2] [D] [thread 102404] [100.0] [cxt 0] Deparser 'deparser': start
[09:13:32.966] [bmv2] [D] [thread 102404] [100.0] [cxt 0] Updating checksum 'cksum'
[09:13:32.966] [bmv2] [D] [thread 102404] [100.0] [cxt 0] Deparsing header 'ethernet'
[09:13:32.966] [bmv2] [D] [thread 102404] [100.0] [cxt 0] Deparsing header 'ipv4'
[09:13:32.966] [bmv2] [D] [thread 102404] [100.0] [cxt 0] Deparser 'deparser': end
[09:13:32.966] [bmv2] [D] [thread 102407] [100.0] [cxt 0] Transmitting packet of size 308 out of port 1
[09:13:32.970] [bmv2] [D] [thread 102402] [101.0] [cxt 0] Processing packet received on port 1
[09:13:32.970] [bmv2] [D] [thread 102402] [101.0] [cxt 0] Parser 'parser': start
[09:13:32.970] [bmv2] [D] [thread 102402] [101.0] [cxt 0] Parser 'parser' entering state 'start'
[09:13:32.970] [bmv2] [D] [thread 102402] [101.0] [cxt 0] Extracting header 'ethernet'
[09:13:32.970] [bmv2] [D] [thread 102402] [101.0] [cxt 0] Parser state 'start': key is 0800
[09:13:32.970] [bmv2] [T] [thread 102402] [101.0] [cxt 0] Bytes parsed: 14
[09:13:32.970] [bmv2] [D] [thread 102402] [101.0] [cxt 0] Parser 'parser' entering state 'parse_ipv4'
[09:13:32.970] [bmv2] [D] [thread 102402] [101.0] [cxt 0] Extracting header 'ipv4'
[09:13:32.970] [bmv2] [D] [thread 102402] [101.0] [cxt 0] Parser state 'parse_ipv4' has no switch, going to default next state
[09:13:32.970] [bmv2] [T] [thread 102402] [101.0] [cxt 0] Bytes parsed: 34
[09:13:32.970] [bmv2] [D] [thread 102402] [101.0] [cxt 0] Parser 'parser': end
[09:13:32.970] [bmv2] [D] [thread 102402] [101.0] [cxt 0] Pipeline 'ingress': start
[09:13:32.970] [bmv2] [T] [thread 102402] [101.0] [cxt 0] switch.p4(116) Condition "hdr.ipv4.isValid()" (node_2) is true
[09:13:32.970] [bmv2] [T] [thread 102402] [101.0] [cxt 0] Applying table 'MyIngress.ipv4_lpm'
[09:13:32.970] [bmv2] [D] [thread 102402] [101.0] [cxt 0] Looking up key:
* hdr.ipv4.dstAddr    : 0a000202

[09:13:32.970] [bmv2] [D] [thread 102402] [101.0] [cxt 0] Table 'MyIngress.ipv4_lpm': hit with handle 1
[09:13:32.970] [bmv2] [D] [thread 102402] [101.0] [cxt 0] Dumping entry 1
Match key:
* hdr.ipv4.dstAddr    : LPM       0a000202/32
Action entry: MyIngress.ipv4_forward - 80000000200,2,

[09:13:32.970] [bmv2] [D] [thread 102402] [101.0] [cxt 0] Action entry is MyIngress.ipv4_forward - 80000000200,2,
[09:13:32.970] [bmv2] [T] [thread 102402] [101.0] [cxt 0] Action MyIngress.ipv4_forward
[09:13:32.970] [bmv2] [T] [thread 102402] [101.0] [cxt 0] switch.p4(96) Primitive standard_metadata.egress_spec = port
[09:13:32.970] [bmv2] [T] [thread 102402] [101.0] [cxt 0] switch.p4(97) Primitive hdr.ethernet.srcAddr = hdr.ethernet.dstAddr
[09:13:32.970] [bmv2] [T] [thread 102402] [101.0] [cxt 0] switch.p4(98) Primitive hdr.ethernet.dstAddr = dstAddr
[09:13:32.970] [bmv2] [T] [thread 102402] [101.0] [cxt 0] switch.p4(99) Primitive hdr.ipv4.ttl = hdr.ipv4.ttl - 1
[09:13:32.970] [bmv2] [D] [thread 102402] [101.0] [cxt 0] Pipeline 'ingress': end
[09:13:32.970] [bmv2] [D] [thread 102402] [101.0] [cxt 0] Egress port is 2
[09:13:32.970] [bmv2] [D] [thread 102405] [101.0] [cxt 0] Pipeline 'egress': start
[09:13:32.970] [bmv2] [D] [thread 102405] [101.0] [cxt 0] Pipeline 'egress': end
[09:13:32.970] [bmv2] [D] [thread 102405] [101.0] [cxt 0] Deparser 'deparser': start
[09:13:32.970] [bmv2] [D] [thread 102405] [101.0] [cxt 0] Updating checksum 'cksum'
[09:13:32.970] [bmv2] [D] [thread 102405] [101.0] [cxt 0] Deparsing header 'ethernet'
[09:13:32.970] [bmv2] [D] [thread 102405] [101.0] [cxt 0] Deparsing header 'ipv4'
[09:13:32.970] [bmv2] [D] [thread 102405] [101.0] [cxt 0] Deparser 'deparser': end
[09:13:32.970] [bmv2] [D] [thread 102407] [101.0] [cxt 0] Transmitting packet of size 336 out of port 2
[09:13:33.936] [bmv2] [D] [thread 102402] [102.0] [cxt 0] Processing packet received on port 1
[09:13:33.937] [bmv2] [D] [thread 102402] [102.0] [cxt 0] Parser 'parser': start
[09:13:33.937] [bmv2] [D] [thread 102402] [102.0] [cxt 0] Parser 'parser' entering state 'start'
[09:13:33.937] [bmv2] [D] [thread 102402] [102.0] [cxt 0] Extracting header 'ethernet'
[09:13:33.937] [bmv2] [D] [thread 102402] [102.0] [cxt 0] Parser state 'start': key is 0800
[09:13:33.937] [bmv2] [T] [thread 102402] [102.0] [cxt 0] Bytes parsed: 14
[09:13:33.937] [bmv2] [D] [thread 102402] [102.0] [cxt 0] Parser 'parser' entering state 'parse_ipv4'
[09:13:33.937] [bmv2] [D] [thread 102402] [102.0] [cxt 0] Extracting header 'ipv4'
[09:13:33.937] [bmv2] [D] [thread 102402] [102.0] [cxt 0] Parser state 'parse_ipv4' has no switch, going to default next state
[09:13:33.937] [bmv2] [T] [thread 102402] [102.0] [cxt 0] Bytes parsed: 34
[09:13:33.937] [bmv2] [D] [thread 102402] [102.0] [cxt 0] Parser 'parser': end
[09:13:33.937] [bmv2] [D] [thread 102402] [102.0] [cxt 0] Pipeline 'ingress': start
[09:13:33.937] [bmv2] [T] [thread 102402] [102.0] [cxt 0] switch.p4(116) Condition "hdr.ipv4.isValid()" (node_2) is true
[09:13:33.937] [bmv2] [T] [thread 102402] [102.0] [cxt 0] Applying table 'MyIngress.ipv4_lpm'
[09:13:33.937] [bmv2] [D] [thread 102402] [102.0] [cxt 0] Looking up key:
* hdr.ipv4.dstAddr    : 0a000202

[09:13:33.937] [bmv2] [D] [thread 102402] [102.0] [cxt 0] Table 'MyIngress.ipv4_lpm': hit with handle 1
[09:13:33.937] [bmv2] [D] [thread 102402] [102.0] [cxt 0] Dumping entry 1
Match key:
* hdr.ipv4.dstAddr    : LPM       0a000202/32
Action entry: MyIngress.ipv4_forward - 80000000200,2,

[09:13:33.937] [bmv2] [D] [thread 102402] [102.0] [cxt 0] Action entry is MyIngress.ipv4_forward - 80000000200,2,
[09:13:33.937] [bmv2] [T] [thread 102402] [102.0] [cxt 0] Action MyIngress.ipv4_forward
[09:13:33.937] [bmv2] [T] [thread 102402] [102.0] [cxt 0] switch.p4(96) Primitive standard_metadata.egress_spec = port
[09:13:33.937] [bmv2] [T] [thread 102402] [102.0] [cxt 0] switch.p4(97) Primitive hdr.ethernet.srcAddr = hdr.ethernet.dstAddr
[09:13:33.937] [bmv2] [T] [thread 102402] [102.0] [cxt 0] switch.p4(98) Primitive hdr.ethernet.dstAddr = dstAddr
[09:13:33.937] [bmv2] [T] [thread 102402] [102.0] [cxt 0] switch.p4(99) Primitive hdr.ipv4.ttl = hdr.ipv4.ttl - 1
[09:13:33.937] [bmv2] [D] [thread 102402] [102.0] [cxt 0] Pipeline 'ingress': end
[09:13:33.937] [bmv2] [D] [thread 102402] [102.0] [cxt 0] Egress port is 2
[09:13:33.938] [bmv2] [D] [thread 102405] [102.0] [cxt 0] Pipeline 'egress': start
[09:13:33.938] [bmv2] [D] [thread 102405] [102.0] [cxt 0] Pipeline 'egress': end
[09:13:33.938] [bmv2] [D] [thread 102405] [102.0] [cxt 0] Deparser 'deparser': start
[09:13:33.938] [bmv2] [D] [thread 102405] [102.0] [cxt 0] Updating checksum 'cksum'
[09:13:33.938] [bmv2] [D] [thread 102405] [102.0] [cxt 0] Deparsing header 'ethernet'
[09:13:33.938] [bmv2] [D] [thread 102405] [102.0] [cxt 0] Deparsing header 'ipv4'
[09:13:33.938] [bmv2] [D] [thread 102405] [102.0] [cxt 0] Deparser 'deparser': end
[09:13:33.939] [bmv2] [D] [thread 102407] [102.0] [cxt 0] Transmitting packet of size 48 out of port 2
[09:13:33.948] [bmv2] [D] [thread 102402] [103.0] [cxt 0] Processing packet received on port 2
[09:13:33.948] [bmv2] [D] [thread 102402] [103.0] [cxt 0] Parser 'parser': start
[09:13:33.948] [bmv2] [D] [thread 102402] [103.0] [cxt 0] Parser 'parser' entering state 'start'
[09:13:33.948] [bmv2] [D] [thread 102402] [103.0] [cxt 0] Extracting header 'ethernet'
[09:13:33.948] [bmv2] [D] [thread 102402] [103.0] [cxt 0] Parser state 'start': key is 0800
[09:13:33.948] [bmv2] [T] [thread 102402] [103.0] [cxt 0] Bytes parsed: 14
[09:13:33.948] [bmv2] [D] [thread 102402] [103.0] [cxt 0] Parser 'parser' entering state 'parse_ipv4'
[09:13:33.948] [bmv2] [D] [thread 102402] [103.0] [cxt 0] Extracting header 'ipv4'
[09:13:33.948] [bmv2] [D] [thread 102402] [103.0] [cxt 0] Parser state 'parse_ipv4' has no switch, going to default next state
[09:13:33.948] [bmv2] [T] [thread 102402] [103.0] [cxt 0] Bytes parsed: 34
[09:13:33.948] [bmv2] [D] [thread 102402] [103.0] [cxt 0] Parser 'parser': end
[09:13:33.948] [bmv2] [D] [thread 102402] [103.0] [cxt 0] Pipeline 'ingress': start
[09:13:33.948] [bmv2] [T] [thread 102402] [103.0] [cxt 0] switch.p4(116) Condition "hdr.ipv4.isValid()" (node_2) is true
[09:13:33.948] [bmv2] [T] [thread 102402] [103.0] [cxt 0] Applying table 'MyIngress.ipv4_lpm'
[09:13:33.948] [bmv2] [D] [thread 102402] [103.0] [cxt 0] Looking up key:
* hdr.ipv4.dstAddr    : 0a000101

[09:13:33.948] [bmv2] [D] [thread 102402] [103.0] [cxt 0] Table 'MyIngress.ipv4_lpm': hit with handle 0
[09:13:33.948] [bmv2] [D] [thread 102402] [103.0] [cxt 0] Dumping entry 0
Match key:
* hdr.ipv4.dstAddr    : LPM       0a000101/32
Action entry: MyIngress.ipv4_forward - 80000000111,1,

[09:13:33.948] [bmv2] [D] [thread 102402] [103.0] [cxt 0] Action entry is MyIngress.ipv4_forward - 80000000111,1,
[09:13:33.948] [bmv2] [T] [thread 102402] [103.0] [cxt 0] Action MyIngress.ipv4_forward
[09:13:33.948] [bmv2] [T] [thread 102402] [103.0] [cxt 0] switch.p4(96) Primitive standard_metadata.egress_spec = port
[09:13:33.948] [bmv2] [T] [thread 102402] [103.0] [cxt 0] switch.p4(97) Primitive hdr.ethernet.srcAddr = hdr.ethernet.dstAddr
[09:13:33.948] [bmv2] [T] [thread 102402] [103.0] [cxt 0] switch.p4(98) Primitive hdr.ethernet.dstAddr = dstAddr
[09:13:33.948] [bmv2] [T] [thread 102402] [103.0] [cxt 0] switch.p4(99) Primitive hdr.ipv4.ttl = hdr.ipv4.ttl - 1
[09:13:33.948] [bmv2] [D] [thread 102402] [103.0] [cxt 0] Pipeline 'ingress': end
[09:13:33.948] [bmv2] [D] [thread 102402] [103.0] [cxt 0] Egress port is 1
[09:13:33.948] [bmv2] [D] [thread 102404] [103.0] [cxt 0] Pipeline 'egress': start
[09:13:33.948] [bmv2] [D] [thread 102404] [103.0] [cxt 0] Pipeline 'egress': end
[09:13:33.948] [bmv2] [D] [thread 102404] [103.0] [cxt 0] Deparser 'deparser': start
[09:13:33.948] [bmv2] [D] [thread 102404] [103.0] [cxt 0] Updating checksum 'cksum'
[09:13:33.948] [bmv2] [D] [thread 102404] [103.0] [cxt 0] Deparsing header 'ethernet'
[09:13:33.948] [bmv2] [D] [thread 102404] [103.0] [cxt 0] Deparsing header 'ipv4'
[09:13:33.948] [bmv2] [D] [thread 102404] [103.0] [cxt 0] Deparser 'deparser': end
[09:13:33.949] [bmv2] [D] [thread 102407] [103.0] [cxt 0] Transmitting packet of size 76 out of port 1
[09:13:33.961] [bmv2] [D] [thread 102402] [104.0] [cxt 0] Processing packet received on port 2
[09:13:33.961] [bmv2] [D] [thread 102402] [104.0] [cxt 0] Parser 'parser': start
[09:13:33.961] [bmv2] [D] [thread 102402] [104.0] [cxt 0] Parser 'parser' entering state 'start'
[09:13:33.961] [bmv2] [D] [thread 102402] [104.0] [cxt 0] Extracting header 'ethernet'
[09:13:33.961] [bmv2] [D] [thread 102402] [104.0] [cxt 0] Parser state 'start': key is 0800
[09:13:33.961] [bmv2] [T] [thread 102402] [104.0] [cxt 0] Bytes parsed: 14
[09:13:33.961] [bmv2] [D] [thread 102402] [104.0] [cxt 0] Parser 'parser' entering state 'parse_ipv4'
[09:13:33.961] [bmv2] [D] [thread 102402] [104.0] [cxt 0] Extracting header 'ipv4'
[09:13:33.961] [bmv2] [D] [thread 102402] [104.0] [cxt 0] Parser state 'parse_ipv4' has no switch, going to default next state
[09:13:33.961] [bmv2] [T] [thread 102402] [104.0] [cxt 0] Bytes parsed: 34
[09:13:33.961] [bmv2] [D] [thread 102402] [104.0] [cxt 0] Parser 'parser': end
[09:13:33.961] [bmv2] [D] [thread 102402] [104.0] [cxt 0] Pipeline 'ingress': start
[09:13:33.961] [bmv2] [T] [thread 102402] [104.0] [cxt 0] switch.p4(116) Condition "hdr.ipv4.isValid()" (node_2) is true
[09:13:33.961] [bmv2] [T] [thread 102402] [104.0] [cxt 0] Applying table 'MyIngress.ipv4_lpm'
[09:13:33.961] [bmv2] [D] [thread 102402] [104.0] [cxt 0] Looking up key:
* hdr.ipv4.dstAddr    : 0a000101

[09:13:33.961] [bmv2] [D] [thread 102402] [104.0] [cxt 0] Table 'MyIngress.ipv4_lpm': hit with handle 0
[09:13:33.961] [bmv2] [D] [thread 102402] [104.0] [cxt 0] Dumping entry 0
Match key:
* hdr.ipv4.dstAddr    : LPM       0a000101/32
Action entry: MyIngress.ipv4_forward - 80000000111,1,

[09:13:33.961] [bmv2] [D] [thread 102402] [104.0] [cxt 0] Action entry is MyIngress.ipv4_forward - 80000000111,1,
[09:13:33.961] [bmv2] [T] [thread 102402] [104.0] [cxt 0] Action MyIngress.ipv4_forward
[09:13:33.961] [bmv2] [T] [thread 102402] [104.0] [cxt 0] switch.p4(96) Primitive standard_metadata.egress_spec = port
[09:13:33.961] [bmv2] [T] [thread 102402] [104.0] [cxt 0] switch.p4(97) Primitive hdr.ethernet.srcAddr = hdr.ethernet.dstAddr
[09:13:33.961] [bmv2] [T] [thread 102402] [104.0] [cxt 0] switch.p4(98) Primitive hdr.ethernet.dstAddr = dstAddr
[09:13:33.961] [bmv2] [T] [thread 102402] [104.0] [cxt 0] switch.p4(99) Primitive hdr.ipv4.ttl = hdr.ipv4.ttl - 1
[09:13:33.961] [bmv2] [D] [thread 102402] [104.0] [cxt 0] Pipeline 'ingress': end
[09:13:33.961] [bmv2] [D] [thread 102402] [104.0] [cxt 0] Egress port is 1
[09:13:33.962] [bmv2] [D] [thread 102404] [104.0] [cxt 0] Pipeline 'egress': start
[09:13:33.962] [bmv2] [D] [thread 102404] [104.0] [cxt 0] Pipeline 'egress': end
[09:13:33.962] [bmv2] [D] [thread 102404] [104.0] [cxt 0] Deparser 'deparser': start
[09:13:33.962] [bmv2] [D] [thread 102404] [104.0] [cxt 0] Updating checksum 'cksum'
[09:13:33.962] [bmv2] [D] [thread 102404] [104.0] [cxt 0] Deparsing header 'ethernet'
[09:13:33.962] [bmv2] [D] [thread 102404] [104.0] [cxt 0] Deparsing header 'ipv4'
[09:13:33.962] [bmv2] [D] [thread 102404] [104.0] [cxt 0] Deparser 'deparser': end
[09:13:33.962] [bmv2] [D] [thread 102407] [104.0] [cxt 0] Transmitting packet of size 308 out of port 1
[09:13:33.964] [bmv2] [D] [thread 102402] [105.0] [cxt 0] Processing packet received on port 1
[09:13:33.964] [bmv2] [D] [thread 102402] [105.0] [cxt 0] Parser 'parser': start
[09:13:33.964] [bmv2] [D] [thread 102402] [105.0] [cxt 0] Parser 'parser' entering state 'start'
[09:13:33.964] [bmv2] [D] [thread 102402] [105.0] [cxt 0] Extracting header 'ethernet'
[09:13:33.964] [bmv2] [D] [thread 102402] [105.0] [cxt 0] Parser state 'start': key is 0800
[09:13:33.964] [bmv2] [T] [thread 102402] [105.0] [cxt 0] Bytes parsed: 14
[09:13:33.964] [bmv2] [D] [thread 102402] [105.0] [cxt 0] Parser 'parser' entering state 'parse_ipv4'
[09:13:33.964] [bmv2] [D] [thread 102402] [105.0] [cxt 0] Extracting header 'ipv4'
[09:13:33.964] [bmv2] [D] [thread 102402] [105.0] [cxt 0] Parser state 'parse_ipv4' has no switch, going to default next state
[09:13:33.964] [bmv2] [T] [thread 102402] [105.0] [cxt 0] Bytes parsed: 34
[09:13:33.964] [bmv2] [D] [thread 102402] [105.0] [cxt 0] Parser 'parser': end
[09:13:33.964] [bmv2] [D] [thread 102402] [105.0] [cxt 0] Pipeline 'ingress': start
[09:13:33.964] [bmv2] [T] [thread 102402] [105.0] [cxt 0] switch.p4(116) Condition "hdr.ipv4.isValid()" (node_2) is true
[09:13:33.964] [bmv2] [T] [thread 102402] [105.0] [cxt 0] Applying table 'MyIngress.ipv4_lpm'
[09:13:33.964] [bmv2] [D] [thread 102402] [105.0] [cxt 0] Looking up key:
* hdr.ipv4.dstAddr    : 0a000202

[09:13:33.964] [bmv2] [D] [thread 102402] [105.0] [cxt 0] Table 'MyIngress.ipv4_lpm': hit with handle 1
[09:13:33.964] [bmv2] [D] [thread 102402] [105.0] [cxt 0] Dumping entry 1
Match key:
* hdr.ipv4.dstAddr    : LPM       0a000202/32
Action entry: MyIngress.ipv4_forward - 80000000200,2,

[09:13:33.964] [bmv2] [D] [thread 102402] [105.0] [cxt 0] Action entry is MyIngress.ipv4_forward - 80000000200,2,
[09:13:33.964] [bmv2] [T] [thread 102402] [105.0] [cxt 0] Action MyIngress.ipv4_forward
[09:13:33.964] [bmv2] [T] [thread 102402] [105.0] [cxt 0] switch.p4(96) Primitive standard_metadata.egress_spec = port
[09:13:33.964] [bmv2] [T] [thread 102402] [105.0] [cxt 0] switch.p4(97) Primitive hdr.ethernet.srcAddr = hdr.ethernet.dstAddr
[09:13:33.964] [bmv2] [T] [thread 102402] [105.0] [cxt 0] switch.p4(98) Primitive hdr.ethernet.dstAddr = dstAddr
[09:13:33.964] [bmv2] [T] [thread 102402] [105.0] [cxt 0] switch.p4(99) Primitive hdr.ipv4.ttl = hdr.ipv4.ttl - 1
[09:13:33.964] [bmv2] [D] [thread 102402] [105.0] [cxt 0] Pipeline 'ingress': end
[09:13:33.964] [bmv2] [D] [thread 102402] [105.0] [cxt 0] Egress port is 2
[09:13:33.964] [bmv2] [D] [thread 102405] [105.0] [cxt 0] Pipeline 'egress': start
[09:13:33.964] [bmv2] [D] [thread 102405] [105.0] [cxt 0] Pipeline 'egress': end
[09:13:33.964] [bmv2] [D] [thread 102405] [105.0] [cxt 0] Deparser 'deparser': start
[09:13:33.964] [bmv2] [D] [thread 102405] [105.0] [cxt 0] Updating checksum 'cksum'
[09:13:33.964] [bmv2] [D] [thread 102405] [105.0] [cxt 0] Deparsing header 'ethernet'
[09:13:33.964] [bmv2] [D] [thread 102405] [105.0] [cxt 0] Deparsing header 'ipv4'
[09:13:33.964] [bmv2] [D] [thread 102405] [105.0] [cxt 0] Deparser 'deparser': end
[09:13:33.964] [bmv2] [D] [thread 102407] [105.0] [cxt 0] Transmitting packet of size 336 out of port 2
[09:13:34.924] [bmv2] [D] [thread 102402] [106.0] [cxt 0] Processing packet received on port 1
[09:13:34.924] [bmv2] [D] [thread 102402] [106.0] [cxt 0] Parser 'parser': start
[09:13:34.924] [bmv2] [D] [thread 102402] [106.0] [cxt 0] Parser 'parser' entering state 'start'
[09:13:34.924] [bmv2] [D] [thread 102402] [106.0] [cxt 0] Extracting header 'ethernet'
[09:13:34.924] [bmv2] [D] [thread 102402] [106.0] [cxt 0] Parser state 'start': key is 0800
[09:13:34.924] [bmv2] [T] [thread 102402] [106.0] [cxt 0] Bytes parsed: 14
[09:13:34.924] [bmv2] [D] [thread 102402] [106.0] [cxt 0] Parser 'parser' entering state 'parse_ipv4'
[09:13:34.924] [bmv2] [D] [thread 102402] [106.0] [cxt 0] Extracting header 'ipv4'
[09:13:34.924] [bmv2] [D] [thread 102402] [106.0] [cxt 0] Parser state 'parse_ipv4' has no switch, going to default next state
[09:13:34.924] [bmv2] [T] [thread 102402] [106.0] [cxt 0] Bytes parsed: 34
[09:13:34.924] [bmv2] [D] [thread 102402] [106.0] [cxt 0] Parser 'parser': end
[09:13:34.924] [bmv2] [D] [thread 102402] [106.0] [cxt 0] Pipeline 'ingress': start
[09:13:34.924] [bmv2] [T] [thread 102402] [106.0] [cxt 0] switch.p4(116) Condition "hdr.ipv4.isValid()" (node_2) is true
[09:13:34.924] [bmv2] [T] [thread 102402] [106.0] [cxt 0] Applying table 'MyIngress.ipv4_lpm'
[09:13:34.924] [bmv2] [D] [thread 102402] [106.0] [cxt 0] Looking up key:
* hdr.ipv4.dstAddr    : 0a000202

[09:13:34.924] [bmv2] [D] [thread 102402] [106.0] [cxt 0] Table 'MyIngress.ipv4_lpm': hit with handle 1
[09:13:34.924] [bmv2] [D] [thread 102402] [106.0] [cxt 0] Dumping entry 1
Match key:
* hdr.ipv4.dstAddr    : LPM       0a000202/32
Action entry: MyIngress.ipv4_forward - 80000000200,2,

[09:13:34.924] [bmv2] [D] [thread 102402] [106.0] [cxt 0] Action entry is MyIngress.ipv4_forward - 80000000200,2,
[09:13:34.924] [bmv2] [T] [thread 102402] [106.0] [cxt 0] Action MyIngress.ipv4_forward
[09:13:34.924] [bmv2] [T] [thread 102402] [106.0] [cxt 0] switch.p4(96) Primitive standard_metadata.egress_spec = port
[09:13:34.924] [bmv2] [T] [thread 102402] [106.0] [cxt 0] switch.p4(97) Primitive hdr.ethernet.srcAddr = hdr.ethernet.dstAddr
[09:13:34.924] [bmv2] [T] [thread 102402] [106.0] [cxt 0] switch.p4(98) Primitive hdr.ethernet.dstAddr = dstAddr
[09:13:34.924] [bmv2] [T] [thread 102402] [106.0] [cxt 0] switch.p4(99) Primitive hdr.ipv4.ttl = hdr.ipv4.ttl - 1
[09:13:34.924] [bmv2] [D] [thread 102402] [106.0] [cxt 0] Pipeline 'ingress': end
[09:13:34.924] [bmv2] [D] [thread 102402] [106.0] [cxt 0] Egress port is 2
[09:13:34.924] [bmv2] [D] [thread 102405] [106.0] [cxt 0] Pipeline 'egress': start
[09:13:34.924] [bmv2] [D] [thread 102405] [106.0] [cxt 0] Pipeline 'egress': end
[09:13:34.924] [bmv2] [D] [thread 102405] [106.0] [cxt 0] Deparser 'deparser': start
[09:13:34.924] [bmv2] [D] [thread 102405] [106.0] [cxt 0] Updating checksum 'cksum'
[09:13:34.924] [bmv2] [D] [thread 102405] [106.0] [cxt 0] Deparsing header 'ethernet'
[09:13:34.924] [bmv2] [D] [thread 102405] [106.0] [cxt 0] Deparsing header 'ipv4'
[09:13:34.924] [bmv2] [D] [thread 102405] [106.0] [cxt 0] Deparser 'deparser': end
[09:13:34.924] [bmv2] [D] [thread 102407] [106.0] [cxt 0] Transmitting packet of size 48 out of port 2
[09:13:34.931] [bmv2] [D] [thread 102402] [107.0] [cxt 0] Processing packet received on port 2
[09:13:34.931] [bmv2] [D] [thread 102402] [107.0] [cxt 0] Parser 'parser': start
[09:13:34.931] [bmv2] [D] [thread 102402] [107.0] [cxt 0] Parser 'parser' entering state 'start'
[09:13:34.931] [bmv2] [D] [thread 102402] [107.0] [cxt 0] Extracting header 'ethernet'
[09:13:34.931] [bmv2] [D] [thread 102402] [107.0] [cxt 0] Parser state 'start': key is 0800
[09:13:34.931] [bmv2] [T] [thread 102402] [107.0] [cxt 0] Bytes parsed: 14
[09:13:34.931] [bmv2] [D] [thread 102402] [107.0] [cxt 0] Parser 'parser' entering state 'parse_ipv4'
[09:13:34.931] [bmv2] [D] [thread 102402] [107.0] [cxt 0] Extracting header 'ipv4'
[09:13:34.931] [bmv2] [D] [thread 102402] [107.0] [cxt 0] Parser state 'parse_ipv4' has no switch, going to default next state
[09:13:34.931] [bmv2] [T] [thread 102402] [107.0] [cxt 0] Bytes parsed: 34
[09:13:34.931] [bmv2] [D] [thread 102402] [107.0] [cxt 0] Parser 'parser': end
[09:13:34.931] [bmv2] [D] [thread 102402] [107.0] [cxt 0] Pipeline 'ingress': start
[09:13:34.931] [bmv2] [T] [thread 102402] [107.0] [cxt 0] switch.p4(116) Condition "hdr.ipv4.isValid()" (node_2) is true
[09:13:34.931] [bmv2] [T] [thread 102402] [107.0] [cxt 0] Applying table 'MyIngress.ipv4_lpm'
[09:13:34.931] [bmv2] [D] [thread 102402] [107.0] [cxt 0] Looking up key:
* hdr.ipv4.dstAddr    : 0a000101

[09:13:34.931] [bmv2] [D] [thread 102402] [107.0] [cxt 0] Table 'MyIngress.ipv4_lpm': hit with handle 0
[09:13:34.931] [bmv2] [D] [thread 102402] [107.0] [cxt 0] Dumping entry 0
Match key:
* hdr.ipv4.dstAddr    : LPM       0a000101/32
Action entry: MyIngress.ipv4_forward - 80000000111,1,

[09:13:34.931] [bmv2] [D] [thread 102402] [107.0] [cxt 0] Action entry is MyIngress.ipv4_forward - 80000000111,1,
[09:13:34.931] [bmv2] [T] [thread 102402] [107.0] [cxt 0] Action MyIngress.ipv4_forward
[09:13:34.931] [bmv2] [T] [thread 102402] [107.0] [cxt 0] switch.p4(96) Primitive standard_metadata.egress_spec = port
[09:13:34.931] [bmv2] [T] [thread 102402] [107.0] [cxt 0] switch.p4(97) Primitive hdr.ethernet.srcAddr = hdr.ethernet.dstAddr
[09:13:34.931] [bmv2] [T] [thread 102402] [107.0] [cxt 0] switch.p4(98) Primitive hdr.ethernet.dstAddr = dstAddr
[09:13:34.931] [bmv2] [T] [thread 102402] [107.0] [cxt 0] switch.p4(99) Primitive hdr.ipv4.ttl = hdr.ipv4.ttl - 1
[09:13:34.931] [bmv2] [D] [thread 102402] [107.0] [cxt 0] Pipeline 'ingress': end
[09:13:34.931] [bmv2] [D] [thread 102402] [107.0] [cxt 0] Egress port is 1
[09:13:34.931] [bmv2] [D] [thread 102404] [107.0] [cxt 0] Pipeline 'egress': start
[09:13:34.931] [bmv2] [D] [thread 102404] [107.0] [cxt 0] Pipeline 'egress': end
[09:13:34.931] [bmv2] [D] [thread 102404] [107.0] [cxt 0] Deparser 'deparser': start
[09:13:34.931] [bmv2] [D] [thread 102404] [107.0] [cxt 0] Updating checksum 'cksum'
[09:13:34.931] [bmv2] [D] [thread 102404] [107.0] [cxt 0] Deparsing header 'ethernet'
[09:13:34.931] [bmv2] [D] [thread 102404] [107.0] [cxt 0] Deparsing header 'ipv4'
[09:13:34.931] [bmv2] [D] [thread 102404] [107.0] [cxt 0] Deparser 'deparser': end
[09:13:34.931] [bmv2] [D] [thread 102407] [107.0] [cxt 0] Transmitting packet of size 76 out of port 1
[09:13:34.953] [bmv2] [D] [thread 102402] [108.0] [cxt 0] Processing packet received on port 2
[09:13:34.953] [bmv2] [D] [thread 102402] [108.0] [cxt 0] Parser 'parser': start
[09:13:34.953] [bmv2] [D] [thread 102402] [108.0] [cxt 0] Parser 'parser' entering state 'start'
[09:13:34.953] [bmv2] [D] [thread 102402] [108.0] [cxt 0] Extracting header 'ethernet'
[09:13:34.953] [bmv2] [D] [thread 102402] [108.0] [cxt 0] Parser state 'start': key is 0800
[09:13:34.953] [bmv2] [T] [thread 102402] [108.0] [cxt 0] Bytes parsed: 14
[09:13:34.953] [bmv2] [D] [thread 102402] [108.0] [cxt 0] Parser 'parser' entering state 'parse_ipv4'
[09:13:34.953] [bmv2] [D] [thread 102402] [108.0] [cxt 0] Extracting header 'ipv4'
[09:13:34.953] [bmv2] [D] [thread 102402] [108.0] [cxt 0] Parser state 'parse_ipv4' has no switch, going to default next state
[09:13:34.953] [bmv2] [T] [thread 102402] [108.0] [cxt 0] Bytes parsed: 34
[09:13:34.953] [bmv2] [D] [thread 102402] [108.0] [cxt 0] Parser 'parser': end
[09:13:34.953] [bmv2] [D] [thread 102402] [108.0] [cxt 0] Pipeline 'ingress': start
[09:13:34.953] [bmv2] [T] [thread 102402] [108.0] [cxt 0] switch.p4(116) Condition "hdr.ipv4.isValid()" (node_2) is true
[09:13:34.953] [bmv2] [T] [thread 102402] [108.0] [cxt 0] Applying table 'MyIngress.ipv4_lpm'
[09:13:34.953] [bmv2] [D] [thread 102402] [108.0] [cxt 0] Looking up key:
* hdr.ipv4.dstAddr    : 0a000101

[09:13:34.953] [bmv2] [D] [thread 102402] [108.0] [cxt 0] Table 'MyIngress.ipv4_lpm': hit with handle 0
[09:13:34.953] [bmv2] [D] [thread 102402] [108.0] [cxt 0] Dumping entry 0
Match key:
* hdr.ipv4.dstAddr    : LPM       0a000101/32
Action entry: MyIngress.ipv4_forward - 80000000111,1,

[09:13:34.953] [bmv2] [D] [thread 102402] [108.0] [cxt 0] Action entry is MyIngress.ipv4_forward - 80000000111,1,
[09:13:34.953] [bmv2] [T] [thread 102402] [108.0] [cxt 0] Action MyIngress.ipv4_forward
[09:13:34.953] [bmv2] [T] [thread 102402] [108.0] [cxt 0] switch.p4(96) Primitive standard_metadata.egress_spec = port
[09:13:34.953] [bmv2] [T] [thread 102402] [108.0] [cxt 0] switch.p4(97) Primitive hdr.ethernet.srcAddr = hdr.ethernet.dstAddr
[09:13:34.953] [bmv2] [T] [thread 102402] [108.0] [cxt 0] switch.p4(98) Primitive hdr.ethernet.dstAddr = dstAddr
[09:13:34.953] [bmv2] [T] [thread 102402] [108.0] [cxt 0] switch.p4(99) Primitive hdr.ipv4.ttl = hdr.ipv4.ttl - 1
[09:13:34.953] [bmv2] [D] [thread 102402] [108.0] [cxt 0] Pipeline 'ingress': end
[09:13:34.954] [bmv2] [D] [thread 102402] [108.0] [cxt 0] Egress port is 1
[09:13:34.954] [bmv2] [D] [thread 102404] [108.0] [cxt 0] Pipeline 'egress': start
[09:13:34.954] [bmv2] [D] [thread 102404] [108.0] [cxt 0] Pipeline 'egress': end
[09:13:34.954] [bmv2] [D] [thread 102404] [108.0] [cxt 0] Deparser 'deparser': start
[09:13:34.954] [bmv2] [D] [thread 102404] [108.0] [cxt 0] Updating checksum 'cksum'
[09:13:34.954] [bmv2] [D] [thread 102404] [108.0] [cxt 0] Deparsing header 'ethernet'
[09:13:34.954] [bmv2] [D] [thread 102404] [108.0] [cxt 0] Deparsing header 'ipv4'
[09:13:34.954] [bmv2] [D] [thread 102404] [108.0] [cxt 0] Deparser 'deparser': end
[09:13:34.954] [bmv2] [D] [thread 102407] [108.0] [cxt 0] Transmitting packet of size 308 out of port 1
[09:13:34.954] [bmv2] [D] [thread 102402] [109.0] [cxt 0] Processing packet received on port 1
[09:13:34.954] [bmv2] [D] [thread 102402] [109.0] [cxt 0] Parser 'parser': start
[09:13:34.954] [bmv2] [D] [thread 102402] [109.0] [cxt 0] Parser 'parser' entering state 'start'
[09:13:34.954] [bmv2] [D] [thread 102402] [109.0] [cxt 0] Extracting header 'ethernet'
[09:13:34.954] [bmv2] [D] [thread 102402] [109.0] [cxt 0] Parser state 'start': key is 0800
[09:13:34.954] [bmv2] [T] [thread 102402] [109.0] [cxt 0] Bytes parsed: 14
[09:13:34.954] [bmv2] [D] [thread 102402] [109.0] [cxt 0] Parser 'parser' entering state 'parse_ipv4'
[09:13:34.954] [bmv2] [D] [thread 102402] [109.0] [cxt 0] Extracting header 'ipv4'
[09:13:34.954] [bmv2] [D] [thread 102402] [109.0] [cxt 0] Parser state 'parse_ipv4' has no switch, going to default next state
[09:13:34.954] [bmv2] [T] [thread 102402] [109.0] [cxt 0] Bytes parsed: 34
[09:13:34.954] [bmv2] [D] [thread 102402] [109.0] [cxt 0] Parser 'parser': end
[09:13:34.954] [bmv2] [D] [thread 102402] [109.0] [cxt 0] Pipeline 'ingress': start
[09:13:34.954] [bmv2] [T] [thread 102402] [109.0] [cxt 0] switch.p4(116) Condition "hdr.ipv4.isValid()" (node_2) is true
[09:13:34.954] [bmv2] [T] [thread 102402] [109.0] [cxt 0] Applying table 'MyIngress.ipv4_lpm'
[09:13:34.954] [bmv2] [D] [thread 102402] [109.0] [cxt 0] Looking up key:
* hdr.ipv4.dstAddr    : 0a000202

[09:13:34.954] [bmv2] [D] [thread 102402] [109.0] [cxt 0] Table 'MyIngress.ipv4_lpm': hit with handle 1
[09:13:34.954] [bmv2] [D] [thread 102402] [109.0] [cxt 0] Dumping entry 1
Match key:
* hdr.ipv4.dstAddr    : LPM       0a000202/32
Action entry: MyIngress.ipv4_forward - 80000000200,2,

[09:13:34.954] [bmv2] [D] [thread 102402] [109.0] [cxt 0] Action entry is MyIngress.ipv4_forward - 80000000200,2,
[09:13:34.954] [bmv2] [T] [thread 102402] [109.0] [cxt 0] Action MyIngress.ipv4_forward
[09:13:34.954] [bmv2] [T] [thread 102402] [109.0] [cxt 0] switch.p4(96) Primitive standard_metadata.egress_spec = port
[09:13:34.954] [bmv2] [T] [thread 102402] [109.0] [cxt 0] switch.p4(97) Primitive hdr.ethernet.srcAddr = hdr.ethernet.dstAddr
[09:13:34.954] [bmv2] [T] [thread 102402] [109.0] [cxt 0] switch.p4(98) Primitive hdr.ethernet.dstAddr = dstAddr
[09:13:34.954] [bmv2] [T] [thread 102402] [109.0] [cxt 0] switch.p4(99) Primitive hdr.ipv4.ttl = hdr.ipv4.ttl - 1
[09:13:34.954] [bmv2] [D] [thread 102402] [109.0] [cxt 0] Pipeline 'ingress': end
[09:13:34.954] [bmv2] [D] [thread 102402] [109.0] [cxt 0] Egress port is 2
[09:13:34.954] [bmv2] [D] [thread 102405] [109.0] [cxt 0] Pipeline 'egress': start
[09:13:34.954] [bmv2] [D] [thread 102405] [109.0] [cxt 0] Pipeline 'egress': end
[09:13:34.954] [bmv2] [D] [thread 102405] [109.0] [cxt 0] Deparser 'deparser': start
[09:13:34.954] [bmv2] [D] [thread 102405] [109.0] [cxt 0] Updating checksum 'cksum'
[09:13:34.954] [bmv2] [D] [thread 102405] [109.0] [cxt 0] Deparsing header 'ethernet'
[09:13:34.954] [bmv2] [D] [thread 102405] [109.0] [cxt 0] Deparsing header 'ipv4'
[09:13:34.954] [bmv2] [D] [thread 102405] [109.0] [cxt 0] Deparser 'deparser': end
[09:13:34.954] [bmv2] [D] [thread 102407] [109.0] [cxt 0] Transmitting packet of size 336 out of port 2
open: No such file or directory
